scheme_code,level,provider_key,provider_id,provider_code,parent_provider_key,name,extension_names,status
GHN_ADMIN_2025,1,1000000,1000000,,,"Hà Nội","[""hà nội"",""tp.hà nội"",""tp. hà nội"",""tp hà nội"",""thành phố hà nội"",""hanoi"",""hn"",""ha noi""]",ACTIVE
GHN_ADMIN_2025,1,1000001,1000001,,,"Hồ Chí Minh","[""hồ chí minh"",""tp.hồ chí minh"",""tp. hồ chí minh"",""tp hồ chí minh"",""thành phố hồ chí minh"",""hcm"",""hcm"",""hcm"",""ho chi minh"",""thanh pho ho chi minh""]",ACTIVE
GHN_ADMIN_2025,1,1000002,1000002,,,Huế,"[""thừa thiên huế"",""thừa thiên - huế"",""tỉnh thừa thiên - huế"",""t.thừa thiên - huế"",""t thừa thiên - huế"",""hue"",""thuathienhue"",""tỉnh thừa thiên huế"",""thanh pho hue"",""thành phố huế"",""tp huế""]",ACTIVE
GHN_ADMIN_2025,1,1000003,1000003,,,"Đà Nẵng","[""đà nẵng"",""tp.đà nẵng"",""tp. đà nẵng"",""tp đà nẵng"",""thành phố đà nẵng"",""da nang"",""thanh pho da nang""]",ACTIVE
GHN_ADMIN_2025,1,1000004,1000004,,,"Hải Phòng","[""hải phòng"",""tp.hải phòng"",""tp. hải phòng"",""tp hải phòng"",""thành phố hải phòng"",""hai phong"",""thanh pho hai phong""]",ACTIVE
GHN_ADMIN_2025,1,1000005,1000005,,,"Cần Thơ","[""cần thơ"",""tp.cần thơ"",""tp. cần thơ"",""tp cần thơ"",""thành phố cần thơ"",""can tho"",""thanh pho can tho""]",ACTIVE
GHN_ADMIN_2025,1,1000006,1000006,,,"Đồng Nai","[""đồng nai"",""tỉnh đồng nai"",""t.đồng nai"",""t đồng nai"",""dong nai"",""tinh dong nai""]",ACTIVE
GHN_ADMIN_2025,1,1000007,1000007,,,"Gia Lai","[""gia lai"",""tỉnh gia lai"",""t.gia lai"",""t gia lai"",""tinh gia lai""]",ACTIVE
GHN_ADMIN_2025,1,1000008,1000008,,,"Khánh Hòa","[""khánh hòa"",""tỉnh khánh hòa"",""t.khánh hòa"",""t khánh hòa"",""khanh hoa"",""tinh khanh hoa""]",ACTIVE
GHN_ADMIN_2025,1,1000009,1000009,,,"Lâm Đồng","[""lâm đồng"",""tỉnh lâm đồng"",""t.lâm đồng"",""t lâm đồng"",""lam dong"",""tinh lam dong""]",ACTIVE
GHN_ADMIN_2025,1,1000010,1000010,,,"Đắk Lắk","[""đắk lắk"",""tỉnh đắk lắk"",""t.đắk lắk"",""t đắk lắk"",""dak lak"",""tinh dak lak"",""daklak"",""daklak"",""tinh daklak"",""tinh daklak""]",ACTIVE
GHN_ADMIN_2025,1,1000011,1000011,,,"Vĩnh Long","[""vĩnh long"",""tỉnh vĩnh long"",""t.vĩnh long"",""t vĩnh long"",""vinh long"",""tinh vinh long""]",ACTIVE
GHN_ADMIN_2025,1,1000012,1000012,,,"Đồng Tháp","[""đồng tháp"",""tỉnh đồng tháp"",""t.đồng tháp"",""t đồng tháp"",""dong thap"",""tinh dong thap""]",ACTIVE
GHN_ADMIN_2025,1,1000013,1000013,,,"An Giang","[""an giang"",""tỉnh an giang"",""t.an giang"",""t an giang"",""tinh an giang""]",ACTIVE
GHN_ADMIN_2025,1,1000014,1000014,,,"Tuyên Quang","[""tuyên quang"",""tỉnh tuyên quang"",""t.tuyên quang"",""t tuyên quang"",""tuyen quang"",""tinh tuyen quang""]",ACTIVE
GHN_ADMIN_2025,1,1000015,1000015,,,"Phú Thọ","[""phú thọ"",""tỉnh phú thọ"",""t.phú thọ"",""t phú thọ"",""phu tho"",""tinh phu tho""]",ACTIVE
GHN_ADMIN_2025,1,1000016,1000016,,,"Ninh Bình","[""ninh bình"",""tỉnh ninh bình"",""t.ninh bình"",""t ninh bình"",""ninh binh"",""tinh ninh binh""]",ACTIVE
GHN_ADMIN_2025,1,1000017,1000017,,,"Quảng Trị","[""quảng trị"",""tỉnh quảng trị"",""t.quảng trị"",""t quảng trị"",""quang tri"",""tinh quang tri""]",ACTIVE
GHN_ADMIN_2025,1,1000018,1000018,,,"Tây Ninh","[""tây ninh"",""tỉnh tây ninh"",""t.tây ninh"",""t tây ninh"",""tay ninh"",""tinh tay ninh""]",ACTIVE
GHN_ADMIN_2025,1,1000019,1000019,,,"Quảng Ngãi","[""quảng ngãi"",""tỉnh quảng ngãi"",""t.quảng ngãi"",""t quảng ngãi"",""quang ngai"",""tinh quang ngai""]",ACTIVE
GHN_ADMIN_2025,1,1000020,1000020,,,"Thái Nguyên","[""thái nguyên"",""tỉnh thái nguyên"",""t.thái nguyên"",""t thái nguyên"",""thai nguyen"",""tinh thai nguyen""]",ACTIVE
GHN_ADMIN_2025,1,1000021,1000021,,,"Bắc Ninh","[""bắc ninh"",""tỉnh bắc ninh"",""t.bắc ninh"",""t bắc ninh"",""bac ninh"",""tinh bac ninh""]",ACTIVE
GHN_ADMIN_2025,1,1000022,1000022,,,"Cà Mau","[""cà mau"",""tỉnh cà mau"",""t.cà mau"",""t cà mau"",""ca mau"",""ca mau"",""cà mau"",""cà mau"",""tinh ca mau""]",ACTIVE
GHN_ADMIN_2025,1,1000023,1000023,,,"Hưng Yên","[""hưng yên"",""tỉnh hưng yên"",""t.hưng yên"",""t hưng yên"",""hung yen"",""tinh hung yen""]",ACTIVE
GHN_ADMIN_2025,1,1000024,1000024,,,"Lào Cai","[""lào cai"",""tỉnh lào cai"",""t.lào cai"",""t lào cai"",""lao cai"",""tinh lao cai""]",ACTIVE
GHN_ADMIN_2025,1,1000025,1000025,,,"Lai Châu","[""lai châu"",""tỉnh lai châu"",""t.lai châu"",""t lai châu"",""laichau""]",ACTIVE
GHN_ADMIN_2025,1,1000026,1000026,,,"Điện Biên","[""điện biên"",""tỉnh điện biên"",""t.điện biên"",""t điện biên"",""dienbien""]",ACTIVE
GHN_ADMIN_2025,1,1000027,1000027,,,"Sơn La","[""sơn la"",""tỉnh sơn la"",""t.sơn la"",""t sơn la"",""sonla""]",ACTIVE
GHN_ADMIN_2025,1,1000028,1000028,,,"Quảng Ninh","[""quảng ninh"",""tỉnh quảng ninh"",""t.quảng ninh"",""t quảng ninh"",""quangninh""]",ACTIVE
GHN_ADMIN_2025,1,1000029,1000029,,,"Hà Tĩnh","[""hà tĩnh"",""tỉnh hà tĩnh"",""t.hà tĩnh"",""t hà tĩnh"",""hatinh""]",ACTIVE
GHN_ADMIN_2025,1,1000030,1000030,,,"Thanh Hóa","[""thanh hóa"",""tỉnh thanh hóa"",""t.thanh hóa"",""t thanh hóa"",""thanhhoa""]",ACTIVE
GHN_ADMIN_2025,1,1000031,1000031,,,"Nghệ An","[""nghệ an"",""tỉnh nghệ an"",""t.nghệ an"",""t nghệ an"",""nghean""]",ACTIVE
GHN_ADMIN_2025,1,1000032,1000032,,,"Cao Bằng","[""cao bằng"",""tỉnh cao bằng"",""t.cao bằng"",""t cao bằng"",""caobang""]",ACTIVE
GHN_ADMIN_2025,1,1000033,1000033,,,"Lạng Sơn","[""lạng sơn"",""tỉnh lạng sơn"",""t.lạng sơn"",""t lạng sơn"",""langson""]",ACTIVE
GHN_ADMIN_2025,2,1003354,1003354,,1000000,"Xã Ba Vì","[""xã ba vì"",""x.ba vì"",""x ba vì"",""ba vì"",""ba vi"",""xa ba vi"",""xabavi"",""bavi""]",ACTIVE
GHN_ADMIN_2025,2,1003355,1003355,,1000000,"Xã Bất Bạt","[""xã bất bạt"",""x.bất bạt"",""x bất bạt"",""bất bạt"",""bat bat"",""xa bat bat"",""xabatbat"",""batbat""]",ACTIVE
GHN_ADMIN_2025,2,1003356,1003356,,1000000,"Xã Cổ Đô","[""xã cổ đô"",""x.cổ đô"",""x cổ đô"",""cổ đô"",""co do"",""xa co do"",""xacodo"",""codo""]",ACTIVE
GHN_ADMIN_2025,2,1003357,1003357,,1000000,"Xã Minh Châu","[""xã minh châu"",""x.minh châu"",""x minh châu"",""minh châu"",""minh chau"",""xa minh chau"",""xaminhchau"",""minhchau""]",ACTIVE
GHN_ADMIN_2025,2,1003358,1003358,,1000000,"Xã Quảng Oai","[""xã quảng oai"",""x.quảng oai"",""x quảng oai"",""quảng oai"",""quang oai"",""xa quang oai"",""xaquangoai"",""quangoai""]",ACTIVE
GHN_ADMIN_2025,2,1003359,1003359,,1000000,"Xã Suối Hai","[""xã suối hai"",""x.suối hai"",""x suối hai"",""suối hai"",""suoi hai"",""xa suoi hai"",""xasuoihai"",""suoihai""]",ACTIVE
GHN_ADMIN_2025,2,1003360,1003360,,1000000,"Xã Vật Lại","[""xã vật lại"",""x.vật lại"",""x vật lại"",""vật lại"",""vat lai"",""xa vat lai"",""xavatlai"",""vatlai""]",ACTIVE
GHN_ADMIN_2025,2,1003361,1003361,,1000000,"Xã Yên Bài","[""xã yên bài"",""x.yên bài"",""x yên bài"",""yên bài"",""yen bai"",""xa yen bai"",""xayenbai"",""yenbai""]",ACTIVE
GHN_ADMIN_2025,2,1003362,1003362,,1000000,"Phường Chương Mỹ","[""phường chương mỹ"",""p.chương mỹ"",""p chương mỹ"",""chương mỹ"",""chuong my"",""phuong chuong my"",""phuongchuongmy"",""chuongmy""]",ACTIVE
GHN_ADMIN_2025,2,1003363,1003363,,1000000,"Xã Hòa Phú","[""xã hòa phú"",""x.hòa phú"",""x hòa phú"",""hòa phú"",""hoa phu"",""xa hoa phu"",""xahoaphu"",""hoaphu""]",ACTIVE
GHN_ADMIN_2025,2,1003364,1003364,,1000000,"Xã Phú Nghĩa","[""xã phú nghĩa"",""x.phú nghĩa"",""x phú nghĩa"",""phú nghĩa"",""phu nghia"",""xa phu nghia"",""xaphunghia"",""phunghia""]",ACTIVE
GHN_ADMIN_2025,2,1003365,1003365,,1000000,"Xã Quảng Bị","[""xã quảng bị"",""x.quảng bị"",""x quảng bị"",""quảng bị"",""quang bi"",""xa quang bi"",""xaquangbi"",""quangbi""]",ACTIVE
GHN_ADMIN_2025,2,1003366,1003366,,1000000,"Xã Trần Phú","[""xã trần phú"",""x.trần phú"",""x trần phú"",""trần phú"",""tran phu"",""xa tran phu"",""xatranphu"",""tranphu""]",ACTIVE
GHN_ADMIN_2025,2,1003367,1003367,,1000000,"Xã Xuân Mai","[""xã xuân mai"",""x.xuân mai"",""x xuân mai"",""xuân mai"",""xuan mai"",""xa xuan mai"",""xaxuanmai"",""xuanmai""]",ACTIVE
GHN_ADMIN_2025,2,1003368,1003368,,1000000,"Xã Bát Tràng","[""xã bát tràng"",""x.bát tràng"",""x bát tràng"",""bát tràng"",""bat trang"",""xa bat trang"",""xabattrang"",""battrang""]",ACTIVE
GHN_ADMIN_2025,2,1003369,1003369,,1000000,"Xã Gia Lâm","[""xã gia lâm"",""x.gia lâm"",""x gia lâm"",""gia lâm"",""gia lam"",""xa gia lam"",""xagialam"",""gialam""]",ACTIVE
GHN_ADMIN_2025,2,1003370,1003370,,1000000,"Xã Phù Đổng","[""xã phù đổng"",""x.phù đổng"",""x phù đổng"",""phù đổng"",""phu dong"",""xa phu dong"",""xaphudong"",""phudong""]",ACTIVE
GHN_ADMIN_2025,2,1003371,1003371,,1000000,"Xã Thuận An","[""xã thuận an"",""x.thuận an"",""x thuận an"",""thuận an"",""thuan an"",""xa thuan an"",""xathuanan"",""thuanan""]",ACTIVE
GHN_ADMIN_2025,2,1003372,1003372,,1000000,"Xã An Khánh","[""xã an khánh"",""x.an khánh"",""x an khánh"",""an khánh"",""an khanh"",""xa an khanh"",""xaankhanh"",""ankhanh""]",ACTIVE
GHN_ADMIN_2025,2,1003373,1003373,,1000000,"Xã Dương Hòa","[""xã dương hòa"",""x.dương hòa"",""x dương hòa"",""dương hòa"",""duong hoa"",""xa duong hoa"",""xaduonghoa"",""duonghoa""]",ACTIVE
GHN_ADMIN_2025,2,1003374,1003374,,1000000,"Xã Hoài Đức","[""xã hoài đức"",""x.hoài đức"",""x hoài đức"",""hoài đức"",""hoai duc"",""xa hoai duc"",""xahoaiduc"",""hoaiduc""]",ACTIVE
GHN_ADMIN_2025,2,1003375,1003375,,1000000,"Xã Sơn Đồng","[""xã sơn đồng"",""x.sơn đồng"",""x sơn đồng"",""sơn đồng"",""son dong"",""xa son dong"",""xasondong"",""sondong""]",ACTIVE
GHN_ADMIN_2025,2,1003376,1003376,,1000000,"Xã Mê Linh","[""xã mê linh"",""x.mê linh"",""x mê linh"",""mê linh"",""me linh"",""xa me linh"",""xamelinh"",""melinh""]",ACTIVE
GHN_ADMIN_2025,2,1003377,1003377,,1000000,"Xã Quang Minh","[""xã quang minh"",""x.quang minh"",""x quang minh"",""quang minh"",""xa quang minh"",""xaquangminh"",""quangminh""]",ACTIVE
GHN_ADMIN_2025,2,1003378,1003378,,1000000,"Xã Tiến Thắng","[""xã tiến thắng"",""x.tiến thắng"",""x tiến thắng"",""tiến thắng"",""tien thang"",""xa tien thang"",""xatienthang"",""tienthang""]",ACTIVE
GHN_ADMIN_2025,2,1003379,1003379,,1000000,"Xã Yên Lãng","[""xã yên lãng"",""x.yên lãng"",""x yên lãng"",""yên lãng"",""yen lang"",""xa yen lang"",""xayenlang"",""yenlang""]",ACTIVE
GHN_ADMIN_2025,2,1003380,1003380,,1000000,"Xã Hương Sơn","[""xã hương sơn"",""x.hương sơn"",""x hương sơn"",""hương sơn"",""huong son"",""xa huong son"",""xahuongson"",""huongson""]",ACTIVE
GHN_ADMIN_2025,2,1003381,1003381,,1000000,"Xã Hồng Sơn","[""xã hồng sơn"",""x.hồng sơn"",""x hồng sơn"",""hồng sơn"",""hong son"",""xa hong son"",""xahongson"",""hongson""]",ACTIVE
GHN_ADMIN_2025,2,1003382,1003382,,1000000,"Xã Mỹ Đức","[""xã mỹ đức"",""x.mỹ đức"",""x mỹ đức"",""mỹ đức"",""my duc"",""xa my duc"",""xamyduc"",""myduc""]",ACTIVE
GHN_ADMIN_2025,2,1003383,1003383,,1000000,"Xã Phúc Sơn","[""xã phúc sơn"",""x.phúc sơn"",""x phúc sơn"",""phúc sơn"",""phuc son"",""xa phuc son"",""xaphucson"",""phucson""]",ACTIVE
GHN_ADMIN_2025,2,1003384,1003384,,1000000,"Xã Chuyên Mỹ","[""xã chuyên mỹ"",""x.chuyên mỹ"",""x chuyên mỹ"",""chuyên mỹ"",""chuyen my"",""xa chuyen my"",""xachuyenmy"",""chuyenmy""]",ACTIVE
GHN_ADMIN_2025,2,1003385,1003385,,1000000,"Xã Phú Xuyên","[""xã phú xuyên"",""x.phú xuyên"",""x phú xuyên"",""phú xuyên"",""phu xuyen"",""xa phu xuyen"",""xaphuxuyen"",""phuxuyen""]",ACTIVE
GHN_ADMIN_2025,2,1003386,1003386,,1000000,"Xã Phượng Dực","[""xã phượng dực"",""x.phượng dực"",""x phượng dực"",""phượng dực"",""phuong duc"",""xa phuong duc"",""xaphuongduc"",""phuongduc""]",ACTIVE
GHN_ADMIN_2025,2,1003387,1003387,,1000000,"Xã Đại Xuyên","[""xã đại xuyên"",""x.đại xuyên"",""x đại xuyên"",""đại xuyên"",""dai xuyen"",""xa dai xuyen"",""xadaixuyen"",""daixuyen""]",ACTIVE
GHN_ADMIN_2025,2,1003388,1003388,,1000000,"Xã Hát Môn","[""xã hát môn"",""x.hát môn"",""x hát môn"",""hát môn"",""hat mon"",""xa hat mon"",""xahatmon"",""hatmon""]",ACTIVE
GHN_ADMIN_2025,2,1003389,1003389,,1000000,"Xã Phúc Lộc","[""xã phúc lộc"",""x.phúc lộc"",""x phúc lộc"",""phúc lộc"",""phuc loc"",""xa phuc loc"",""xaphucloc"",""phucloc""]",ACTIVE
GHN_ADMIN_2025,2,1003390,1003390,,1000000,"Xã Phúc Thọ","[""xã phúc thọ"",""x.phúc thọ"",""x phúc thọ"",""phúc thọ"",""phuc tho"",""xa phuc tho"",""xaphuctho"",""phuctho""]",ACTIVE
GHN_ADMIN_2025,2,1003391,1003391,,1000000,"Xã Hưng Đạo","[""xã hưng đạo"",""x.hưng đạo"",""x hưng đạo"",""hưng đạo"",""hung dao"",""xa hung dao"",""xahungdao"",""hungdao""]",ACTIVE
GHN_ADMIN_2025,2,1003392,1003392,,1000000,"Xã Kiều Phú","[""xã kiều phú"",""x.kiều phú"",""x kiều phú"",""kiều phú"",""kieu phu"",""xa kieu phu"",""xakieuphu"",""kieuphu""]",ACTIVE
GHN_ADMIN_2025,2,1003393,1003393,,1000000,"Xã Phú Cát","[""xã phú cát"",""x.phú cát"",""x phú cát"",""phú cát"",""phu cat"",""xa phu cat"",""xaphucat"",""phucat""]",ACTIVE
GHN_ADMIN_2025,2,1003394,1003394,,1000000,"Xã Quốc Oai","[""xã quốc oai"",""x.quốc oai"",""x quốc oai"",""quốc oai"",""quoc oai"",""xa quoc oai"",""xaquocoai"",""quocoai""]",ACTIVE
GHN_ADMIN_2025,2,1003395,1003395,,1000000,"Xã Kim Anh","[""xã kim anh"",""x.kim anh"",""x kim anh"",""kim anh"",""xa kim anh"",""xakimanh"",""kimanh""]",ACTIVE
GHN_ADMIN_2025,2,1003396,1003396,,1000000,"Xã Nội Bài","[""xã nội bài"",""x.nội bài"",""x nội bài"",""nội bài"",""noi bai"",""xa noi bai"",""xanoibai"",""noibai""]",ACTIVE
GHN_ADMIN_2025,2,1003397,1003397,,1000000,"Xã Sóc Sơn","[""xã sóc sơn"",""x.sóc sơn"",""x sóc sơn"",""sóc sơn"",""soc son"",""xa soc son"",""xasocson"",""socson""]",ACTIVE
GHN_ADMIN_2025,2,1003398,1003398,,1000000,"Xã Trung Giã","[""xã trung giã"",""x.trung giã"",""x trung giã"",""trung giã"",""trung gia"",""xa trung gia"",""xatrunggia"",""trunggia""]",ACTIVE
GHN_ADMIN_2025,2,1003399,1003399,,1000000,"Xã Đa Phúc","[""xã đa phúc"",""x.đa phúc"",""x đa phúc"",""đa phúc"",""da phuc"",""xa da phuc"",""xadaphuc"",""daphuc""]",ACTIVE
GHN_ADMIN_2025,2,1003400,1003400,,1000000,"Xã Bình Minh","[""xã bình minh"",""x.bình minh"",""x bình minh"",""bình minh"",""binh minh"",""xa binh minh"",""xabinhminh"",""binhminh""]",ACTIVE
GHN_ADMIN_2025,2,1003401,1003401,,1000000,"Xã Dân Hòa","[""xã dân hòa"",""x.dân hòa"",""x dân hòa"",""dân hòa"",""dan hoa"",""xa dan hoa"",""xadanhoa"",""danhoa""]",ACTIVE
GHN_ADMIN_2025,2,1003402,1003402,,1000000,"Xã Tam Hưng","[""xã tam hưng"",""x.tam hưng"",""x tam hưng"",""tam hưng"",""tam hung"",""xa tam hung"",""xatamhung"",""tamhung""]",ACTIVE
GHN_ADMIN_2025,2,1003403,1003403,,1000000,"Xã Thanh Oai","[""xã thanh oai"",""x.thanh oai"",""x thanh oai"",""thanh oai"",""xa thanh oai"",""xathanhoai"",""thanhoai""]",ACTIVE
GHN_ADMIN_2025,2,1003404,1003404,,1000000,"Phường Thanh Liệt","[""phường thanh liệt"",""p.thanh liệt"",""p thanh liệt"",""thanh liệt"",""thanh liet"",""phuong thanh liet"",""phuongthanhliet"",""thanhliet""]",ACTIVE
GHN_ADMIN_2025,2,1003405,1003405,,1000000,"Xã Nam Phù","[""xã nam phù"",""x.nam phù"",""x nam phù"",""nam phù"",""nam phu"",""xa nam phu"",""xanamphu"",""namphu""]",ACTIVE
GHN_ADMIN_2025,2,1003406,1003406,,1000000,"Xã Ngọc Hồi","[""xã ngọc hồi"",""x.ngọc hồi"",""x ngọc hồi"",""ngọc hồi"",""ngoc hoi"",""xa ngoc hoi"",""xangochoi"",""ngochoi""]",ACTIVE
GHN_ADMIN_2025,2,1003407,1003407,,1000000,"Xã Thanh Trì","[""xã thanh trì"",""x.thanh trì"",""x thanh trì"",""thanh trì"",""thanh tri"",""xa thanh tri"",""xathanhtri"",""thanhtri""]",ACTIVE
GHN_ADMIN_2025,2,1003408,1003408,,1000000,"Xã Đại Thanh","[""xã đại thanh"",""x.đại thanh"",""x đại thanh"",""đại thanh"",""dai thanh"",""xa dai thanh"",""xadaithanh"",""daithanh""]",ACTIVE
GHN_ADMIN_2025,2,1003409,1003409,,1000000,"Xã Chương Dương","[""xã chương dương"",""x.chương dương"",""x chương dương"",""chương dương"",""chuong duong"",""xa chuong duong"",""xachuongduong"",""chuongduong""]",ACTIVE
GHN_ADMIN_2025,2,1003410,1003410,,1000000,"Xã Hồng Vân","[""xã hồng vân"",""x.hồng vân"",""x hồng vân"",""hồng vân"",""hong van"",""xa hong van"",""xahongvan"",""hongvan""]",ACTIVE
GHN_ADMIN_2025,2,1003411,1003411,,1000000,"Xã Thường Tín","[""xã thường tín"",""x.thường tín"",""x thường tín"",""thường tín"",""thuong tin"",""xa thuong tin"",""xathuongtin"",""thuongtin""]",ACTIVE
GHN_ADMIN_2025,2,1003412,1003412,,1000000,"Xã Thượng Phúc","[""xã thượng phúc"",""x.thượng phúc"",""x thượng phúc"",""thượng phúc"",""thuong phuc"",""xa thuong phuc"",""xathuongphuc"",""thuongphuc""]",ACTIVE
GHN_ADMIN_2025,2,1003413,1003413,,1000000,"Xã Hòa Lạc","[""xã hòa lạc"",""x.hòa lạc"",""x hòa lạc"",""hòa lạc"",""hoa lac"",""xa hoa lac"",""xahoalac"",""hoalac""]",ACTIVE
GHN_ADMIN_2025,2,1003414,1003414,,1000000,"Xã Hạ Bằng","[""xã hạ bằng"",""x.hạ bằng"",""x hạ bằng"",""hạ bằng"",""ha bang"",""xa ha bang"",""xahabang"",""habang""]",ACTIVE
GHN_ADMIN_2025,2,1003415,1003415,,1000000,"Xã Thạch Thất","[""xã thạch thất"",""x.thạch thất"",""x thạch thất"",""thạch thất"",""thach that"",""xa thach that"",""xathachthat"",""thachthat""]",ACTIVE
GHN_ADMIN_2025,2,1003416,1003416,,1000000,"Xã Tây Phương","[""xã tây phương"",""x.tây phương"",""x tây phương"",""tây phương"",""tay phuong"",""xa tay phuong"",""xatayphuong"",""tayphuong""]",ACTIVE
GHN_ADMIN_2025,2,1003417,1003417,,1000000,"Xã Yên Xuân","[""xã yên xuân"",""x.yên xuân"",""x yên xuân"",""yên xuân"",""yen xuan"",""xa yen xuan"",""xayenxuan"",""yenxuan""]",ACTIVE
GHN_ADMIN_2025,2,1003418,1003418,,1000000,"Xã Liên Minh","[""xã liên minh"",""x.liên minh"",""x liên minh"",""liên minh"",""lien minh"",""xa lien minh"",""xalienminh"",""lienminh""]",ACTIVE
GHN_ADMIN_2025,2,1003419,1003419,,1000000,"Xã Ô Diên","[""xã ô diên"",""x.ô diên"",""x ô diên"",""ô diên"",""o dien"",""xa o dien"",""xaodien"",""odien""]",ACTIVE
GHN_ADMIN_2025,2,1003420,1003420,,1000000,"Xã Đan Phượng","[""xã đan phượng"",""x.đan phượng"",""x đan phượng"",""đan phượng"",""dan phuong"",""xa dan phuong"",""xadanphuong"",""danphuong""]",ACTIVE
GHN_ADMIN_2025,2,1003421,1003421,,1000000,"Xã Phúc Thịnh","[""xã phúc thịnh"",""x.phúc thịnh"",""x phúc thịnh"",""phúc thịnh"",""phuc thinh"",""xa phuc thinh"",""xaphucthinh"",""phucthinh""]",ACTIVE
GHN_ADMIN_2025,2,1003422,1003422,,1000000,"Xã Thiên Lộc","[""xã thiên lộc"",""x.thiên lộc"",""x thiên lộc"",""thiên lộc"",""thien loc"",""xa thien loc"",""xathienloc"",""thienloc""]",ACTIVE
GHN_ADMIN_2025,2,1003423,1003423,,1000000,"Xã Thư Lâm","[""xã thư lâm"",""x.thư lâm"",""x thư lâm"",""thư lâm"",""thu lam"",""xa thu lam"",""xathulam"",""thulam""]",ACTIVE
GHN_ADMIN_2025,2,1003424,1003424,,1000000,"Xã Vĩnh Thanh","[""xã vĩnh thanh"",""x.vĩnh thanh"",""x vĩnh thanh"",""vĩnh thanh"",""vinh thanh"",""xa vinh thanh"",""xavinhthanh"",""vinhthanh""]",ACTIVE
GHN_ADMIN_2025,2,1003425,1003425,,1000000,"Xã Đông Anh","[""xã đông anh"",""x.đông anh"",""x đông anh"",""đông anh"",""dong anh"",""xa dong anh"",""xadonganh"",""donganh""]",ACTIVE
GHN_ADMIN_2025,2,1003426,1003426,,1000000,"Xã Hòa Xá","[""xã hòa xá"",""x.hòa xá"",""x hòa xá"",""hòa xá"",""hoa xa"",""xa hoa xa"",""xahoaxa"",""hoaxa""]",ACTIVE
GHN_ADMIN_2025,2,1003427,1003427,,1000000,"Xã Vân Đình","[""xã vân đình"",""x.vân đình"",""x vân đình"",""vân đình"",""van dinh"",""xa van dinh"",""xavandinh"",""vandinh""]",ACTIVE
GHN_ADMIN_2025,2,1003428,1003428,,1000000,"Xã Ứng Hòa","[""xã ứng hòa"",""x.ứng hòa"",""x ứng hòa"",""ứng hòa"",""ung hoa"",""xa ung hoa"",""xaunghoa"",""unghoa""]",ACTIVE
GHN_ADMIN_2025,2,1003429,1003429,,1000000,"Xã Ứng Thiên","[""xã ứng thiên"",""x.ứng thiên"",""x ứng thiên"",""ứng thiên"",""ung thien"",""xa ung thien"",""xaungthien"",""ungthien""]",ACTIVE
GHN_ADMIN_2025,2,1003430,1003430,,1000000,"Phường Ba Đình","[""phường ba đình"",""p.ba đình"",""p ba đình"",""ba đình"",""ba dinh"",""phuong ba dinh"",""phuongbadinh"",""badinh""]",ACTIVE
GHN_ADMIN_2025,2,1003431,1003431,,1000000,"Phường Giảng Võ","[""phường giảng võ"",""p.giảng võ"",""p giảng võ"",""giảng võ"",""giang vo"",""phuong giang vo"",""phuonggiangvo"",""giangvo""]",ACTIVE
GHN_ADMIN_2025,2,1003432,1003432,,1000000,"Phường Ngọc Hà","[""phường ngọc hà"",""p.ngọc hà"",""p ngọc hà"",""ngọc hà"",""ngoc ha"",""phuong ngoc ha"",""phuongngocha"",""ngocha""]",ACTIVE
GHN_ADMIN_2025,2,1003433,1003433,,1000000,"Phường Phú Diễn","[""phường phú diễn"",""p.phú diễn"",""p phú diễn"",""phú diễn"",""phu dien"",""phuong phu dien"",""phuongphudien"",""phudien""]",ACTIVE
GHN_ADMIN_2025,2,1003434,1003434,,1000000,"Phường Thượng Cát","[""phường thượng cát"",""p.thượng cát"",""p thượng cát"",""thượng cát"",""thuong cat"",""phuong thuong cat"",""phuongthuongcat"",""thuongcat""]",ACTIVE
GHN_ADMIN_2025,2,1003435,1003435,,1000000,"Phường Tây Tựu","[""phường tây tựu"",""p.tây tựu"",""p tây tựu"",""tây tựu"",""tay tuu"",""phuong tay tuu"",""phuongtaytuu"",""taytuu""]",ACTIVE
GHN_ADMIN_2025,2,1003436,1003436,,1000000,"Phường Xuân Đỉnh","[""phường xuân đỉnh"",""p.xuân đỉnh"",""p xuân đỉnh"",""xuân đỉnh"",""xuan dinh"",""phuong xuan dinh"",""phuongxuandinh"",""xuandinh""]",ACTIVE
GHN_ADMIN_2025,2,1003437,1003437,,1000000,"Phường Đông Ngạc","[""phường đông ngạc"",""p.đông ngạc"",""p đông ngạc"",""đông ngạc"",""dong ngac"",""phuong dong ngac"",""phuongdongngac"",""dongngac""]",ACTIVE
GHN_ADMIN_2025,2,1003438,1003438,,1000000,"Phường Cầu Giấy","[""phường cầu giấy"",""p.cầu giấy"",""p cầu giấy"",""cầu giấy"",""cau giay"",""phuong cau giay"",""phuongcaugiay"",""caugiay""]",ACTIVE
GHN_ADMIN_2025,2,1003439,1003439,,1000000,"Phường Nghĩa Đô","[""phường nghĩa đô"",""p.nghĩa đô"",""p nghĩa đô"",""nghĩa đô"",""nghia do"",""phuong nghia do"",""phuongnghiado"",""nghiado""]",ACTIVE
GHN_ADMIN_2025,2,1003440,1003440,,1000000,"Phường Yên Hòa","[""phường yên hòa"",""p.yên hòa"",""p yên hòa"",""yên hòa"",""yen hoa"",""phuong yen hoa"",""phuongyenhoa"",""yenhoa""]",ACTIVE
GHN_ADMIN_2025,2,1003441,1003441,,1000000,"Phường Bạch Mai","[""phường bạch mai"",""p.bạch mai"",""p bạch mai"",""bạch mai"",""bach mai"",""phuong bach mai"",""phuongbachmai"",""bachmai""]",ACTIVE
GHN_ADMIN_2025,2,1003442,1003442,,1000000,"Phường Hai Bà Trưng","[""phường hai bà trưng"",""p.hai bà trưng"",""p hai bà trưng"",""hai bà trưng"",""hai ba trung"",""phuong hai ba trung"",""phuonghaibatrung"",""haibatrung""]",ACTIVE
GHN_ADMIN_2025,2,1003443,1003443,,1000000,"Phường Vĩnh Tuy","[""phường vĩnh tuy"",""p.vĩnh tuy"",""p vĩnh tuy"",""vĩnh tuy"",""vinh tuy"",""phuong vinh tuy"",""phuongvinhtuy"",""vinhtuy""]",ACTIVE
GHN_ADMIN_2025,2,1003444,1003444,,1000000,"Phường Cửa Nam","[""phường cửa nam"",""p.cửa nam"",""p cửa nam"",""cửa nam"",""cua nam"",""phuong cua nam"",""phuongcuanam"",""cuanam""]",ACTIVE
GHN_ADMIN_2025,2,1003445,1003445,,1000000,"Phường Hoàn Kiếm","[""phường hoàn kiếm"",""p.hoàn kiếm"",""p hoàn kiếm"",""hoàn kiếm"",""hoan kiem"",""phuong hoan kiem"",""phuonghoankiem"",""hoankiem""]",ACTIVE
GHN_ADMIN_2025,2,1003446,1003446,,1000000,"Phường Hồng Hà","[""phường hồng hà"",""p.hồng hà"",""p hồng hà"",""hồng hà"",""hong ha"",""phuong hong ha"",""phuonghongha"",""hongha""]",ACTIVE
GHN_ADMIN_2025,2,1003447,1003447,,1000000,"Phường Hoàng Liệt","[""phường hoàng liệt"",""p.hoàng liệt"",""p hoàng liệt"",""hoàng liệt"",""hoang liet"",""phuong hoang liet"",""phuonghoangliet"",""hoangliet""]",ACTIVE
GHN_ADMIN_2025,2,1003448,1003448,,1000000,"Phường Hoàng Mai","[""phường hoàng mai"",""p.hoàng mai"",""p hoàng mai"",""hoàng mai"",""hoang mai"",""phuong hoang mai"",""phuonghoangmai"",""hoangmai""]",ACTIVE
GHN_ADMIN_2025,2,1003449,1003449,,1000000,"Phường Lĩnh Nam","[""phường lĩnh nam"",""p.lĩnh nam"",""p lĩnh nam"",""lĩnh nam"",""linh nam"",""phuong linh nam"",""phuonglinhnam"",""linhnam""]",ACTIVE
GHN_ADMIN_2025,2,1003450,1003450,,1000000,"Phường Tương Mai","[""phường tương mai"",""p.tương mai"",""p tương mai"",""tương mai"",""tuong mai"",""phuong tuong mai"",""phuongtuongmai"",""tuongmai""]",ACTIVE
GHN_ADMIN_2025,2,1003451,1003451,,1000000,"Phường Vĩnh Hưng","[""phường vĩnh hưng"",""p.vĩnh hưng"",""p vĩnh hưng"",""vĩnh hưng"",""vinh hung"",""phuong vinh hung"",""phuongvinhhung"",""vinhhung""]",ACTIVE
GHN_ADMIN_2025,2,1003452,1003452,,1000000,"Phường Yên Sở","[""phường yên sở"",""p.yên sở"",""p yên sở"",""yên sở"",""yen so"",""phuong yen so"",""phuongyenso"",""yenso""]",ACTIVE
GHN_ADMIN_2025,2,1003453,1003453,,1000000,"Phường Định Công","[""phường định công"",""p.định công"",""p định công"",""định công"",""dinh cong"",""phuong dinh cong"",""phuongdinhcong"",""dinhcong""]",ACTIVE
GHN_ADMIN_2025,2,1003454,1003454,,1000000,"Phường Dương Nội","[""phường dương nội"",""p.dương nội"",""p dương nội"",""dương nội"",""duong noi"",""phuong duong noi"",""phuongduongnoi"",""duongnoi""]",ACTIVE
GHN_ADMIN_2025,2,1003455,1003455,,1000000,"Phường Hà Đông","[""phường hà đông"",""p.hà đông"",""p hà đông"",""hà đông"",""ha dong"",""phuong ha dong"",""phuonghadong"",""hadong""]",ACTIVE
GHN_ADMIN_2025,2,1003456,1003456,,1000000,"Phường Kiến Hưng","[""phường kiến hưng"",""p.kiến hưng"",""p kiến hưng"",""kiến hưng"",""kien hung"",""phuong kien hung"",""phuongkienhung"",""kienhung""]",ACTIVE
GHN_ADMIN_2025,2,1003457,1003457,,1000000,"Phường Phú Lương","[""phường phú lương"",""p.phú lương"",""p phú lương"",""phú lương"",""phu luong"",""phuong phu luong"",""phuongphuluong"",""phuluong""]",ACTIVE
GHN_ADMIN_2025,2,1003458,1003458,,1000000,"Phường Yên Nghĩa","[""phường yên nghĩa"",""p.yên nghĩa"",""p yên nghĩa"",""yên nghĩa"",""yen nghia"",""phuong yen nghia"",""phuongyennghia"",""yennghia""]",ACTIVE
GHN_ADMIN_2025,2,1003459,1003459,,1000000,"Phường Bồ Đề","[""phường bồ đề"",""p.bồ đề"",""p bồ đề"",""bồ đề"",""bo de"",""phuong bo de"",""phuongbode"",""bode""]",ACTIVE
GHN_ADMIN_2025,2,1003460,1003460,,1000000,"Phường Long Biên","[""phường long biên"",""p.long biên"",""p long biên"",""long biên"",""long bien"",""phuong long bien"",""phuonglongbien"",""longbien""]",ACTIVE
GHN_ADMIN_2025,2,1003461,1003461,,1000000,"Phường Phúc Lợi","[""phường phúc lợi"",""p.phúc lợi"",""p phúc lợi"",""phúc lợi"",""phuc loi"",""phuong phuc loi"",""phuongphucloi"",""phucloi""]",ACTIVE
GHN_ADMIN_2025,2,1003462,1003462,,1000000,"Phường Việt Hưng","[""phường việt hưng"",""p.việt hưng"",""p việt hưng"",""việt hưng"",""viet hung"",""phuong viet hung"",""phuongviethung"",""viethung""]",ACTIVE
GHN_ADMIN_2025,2,1003463,1003463,,1000000,"Phường Tây Mỗ","[""phường tây mỗ"",""p.tây mỗ"",""p tây mỗ"",""tây mỗ"",""tay mo"",""phuong tay mo"",""phuongtaymo"",""taymo""]",ACTIVE
GHN_ADMIN_2025,2,1003464,1003464,,1000000,"Phường Từ Liêm","[""phường từ liêm"",""p.từ liêm"",""p từ liêm"",""từ liêm"",""tu liem"",""phuong tu liem"",""phuongtuliem"",""tuliem""]",ACTIVE
GHN_ADMIN_2025,2,1003465,1003465,,1000000,"Phường Xuân Phương","[""phường xuân phương"",""p.xuân phương"",""p xuân phương"",""xuân phương"",""xuan phuong"",""phuong xuan phuong"",""phuongxuanphuong"",""xuanphuong""]",ACTIVE
GHN_ADMIN_2025,2,1003466,1003466,,1000000,"Phường Đại Mỗ","[""phường đại mỗ"",""p.đại mỗ"",""p đại mỗ"",""đại mỗ"",""dai mo"",""phuong dai mo"",""phuongdaimo"",""daimo""]",ACTIVE
GHN_ADMIN_2025,2,1003467,1003467,,1000000,"Phường Khương Đình","[""phường khương đình"",""p.khương đình"",""p khương đình"",""khương đình"",""khuong dinh"",""phuong khuong dinh"",""phuongkhuongdinh"",""khuongdinh""]",ACTIVE
GHN_ADMIN_2025,2,1003468,1003468,,1000000,"Phường Phương Liệt","[""phường phương liệt"",""p.phương liệt"",""p phương liệt"",""phương liệt"",""phuong liet"",""phuong phuong liet"",""phuongphuongliet"",""phuongliet""]",ACTIVE
GHN_ADMIN_2025,2,1003469,1003469,,1000000,"Phường Thanh Xuân","[""phường thanh xuân"",""p.thanh xuân"",""p thanh xuân"",""thanh xuân"",""thanh xuan"",""phuong thanh xuan"",""phuongthanhxuan"",""thanhxuan""]",ACTIVE
GHN_ADMIN_2025,2,1003470,1003470,,1000000,"Phường Phú Thượng","[""phường phú thượng"",""p.phú thượng"",""p phú thượng"",""phú thượng"",""phu thuong"",""phuong phu thuong"",""phuongphuthuong"",""phuthuong""]",ACTIVE
GHN_ADMIN_2025,2,1003471,1003471,,1000000,"Phường Tây Hồ","[""phường tây hồ"",""p.tây hồ"",""p tây hồ"",""tây hồ"",""tay ho"",""phuong tay ho"",""phuongtayho"",""tayho""]",ACTIVE
GHN_ADMIN_2025,2,1003472,1003472,,1000000,"Phường Kim Liên","[""phường kim liên"",""p.kim liên"",""p kim liên"",""kim liên"",""kim lien"",""phuong kim lien"",""phuongkimlien"",""kimlien""]",ACTIVE
GHN_ADMIN_2025,2,1003473,1003473,,1000000,"Phường Láng","[""phường láng"",""p.láng"",""p láng"",""láng"",""lang"",""phuong lang"",""phuonglang"",""lang""]",ACTIVE
GHN_ADMIN_2025,2,1003474,1003474,,1000000,"Phường Văn Miếu - Quốc Tử Giám","[""phường văn miếu - quốc tử giám"",""p.văn miếu - quốc tử giám"",""p văn miếu - quốc tử giám"",""văn miếu - quốc tử giám"",""van mieu - quoc tu giam"",""phuong van mieu - quoc tu giam"",""phuongvanmieuquoctugiam"",""vanmieu-quoctugiam""]",ACTIVE
GHN_ADMIN_2025,2,1003475,1003475,,1000000,"Phường Ô Chợ Dừa","[""phường ô chợ dừa"",""p.ô chợ dừa"",""p ô chợ dừa"",""ô chợ dừa"",""o cho dua"",""phuong o cho dua"",""phuongochodua"",""ochodua""]",ACTIVE
GHN_ADMIN_2025,2,1003476,1003476,,1000000,"Phường Đống Đa","[""phường đống đa"",""p.đống đa"",""p đống đa"",""đống đa"",""dong da"",""phuong dong da"",""phuongdongda"",""dongda""]",ACTIVE
GHN_ADMIN_2025,2,1003477,1003477,,1000000,"Phường Sơn Tây","[""phường sơn tây"",""p.sơn tây"",""p sơn tây"",""sơn tây"",""son tay"",""phuong son tay"",""phuongsontay"",""sontay""]",ACTIVE
GHN_ADMIN_2025,2,1003478,1003478,,1000000,"Phường Tùng Thiện","[""phường tùng thiện"",""p.tùng thiện"",""p tùng thiện"",""tùng thiện"",""tung thien"",""phuong tung thien"",""phuongtungthien"",""tungthien""]",ACTIVE
GHN_ADMIN_2025,2,1003479,1003479,,1000000,"Xã Đoài Phương","[""xã đoài phương"",""x.đoài phương"",""x đoài phương"",""đoài phương"",""doai phuong"",""xa doai phuong"",""xadoaiphuong"",""doaiphuong""]",ACTIVE
GHN_ADMIN_2025,2,1003480,1003480,,1000001,"Xã Bình Chánh","[""xã bình chánh"",""x.bình chánh"",""x bình chánh"",""bình chánh"",""binh chanh"",""xa binh chanh"",""xabinhchanh"",""binhchanh""]",ACTIVE
GHN_ADMIN_2025,2,1003481,1003481,,1000001,"Xã Bình Hưng","[""xã bình hưng"",""x.bình hưng"",""x bình hưng"",""bình hưng"",""binh hung"",""xa binh hung"",""xabinhhung"",""binhhung""]",ACTIVE
GHN_ADMIN_2025,2,1003482,1003482,,1000001,"Xã Bình Lợi","[""xã bình lợi"",""x.bình lợi"",""x bình lợi"",""bình lợi"",""binh loi"",""xa binh loi"",""xabinhloi"",""binhloi""]",ACTIVE
GHN_ADMIN_2025,2,1003483,1003483,,1000001,"Xã Hưng Long","[""xã hưng long"",""x.hưng long"",""x hưng long"",""hưng long"",""hung long"",""xa hung long"",""xahunglong"",""hunglong""]",ACTIVE
GHN_ADMIN_2025,2,1003484,1003484,,1000001,"Xã Tân Nhựt","[""xã tân nhựt"",""x.tân nhựt"",""x tân nhựt"",""tân nhựt"",""tan nhut"",""xa tan nhut"",""xatannhut"",""tannhut""]",ACTIVE
GHN_ADMIN_2025,2,1003485,1003485,,1000001,"Xã Tân Vĩnh Lộc","[""xã tân vĩnh lộc"",""x.tân vĩnh lộc"",""x tân vĩnh lộc"",""tân vĩnh lộc"",""tan vinh loc"",""xa tan vinh loc"",""xatanvinhloc"",""tanvinhloc""]",ACTIVE
GHN_ADMIN_2025,2,1003486,1003486,,1000001,"Xã Vĩnh Lộc","[""xã vĩnh lộc"",""x.vĩnh lộc"",""x vĩnh lộc"",""vĩnh lộc"",""vinh loc"",""xa vinh loc"",""xavinhloc"",""vinhloc""]",ACTIVE
GHN_ADMIN_2025,2,1003487,1003487,,1000001,"Xã An Thới Đông","[""xã an thới đông"",""x.an thới đông"",""x an thới đông"",""an thới đông"",""an thoi dong"",""xa an thoi dong"",""xaanthoidong"",""anthoidong""]",ACTIVE
GHN_ADMIN_2025,2,1003488,1003488,,1000001,"Xã Bình Khánh","[""xã bình khánh"",""x.bình khánh"",""x bình khánh"",""bình khánh"",""binh khanh"",""xa binh khanh"",""xabinhkhanh"",""binhkhanh""]",ACTIVE
GHN_ADMIN_2025,2,1003489,1003489,,1000001,"Xã Cần Giờ","[""xã cần giờ"",""x.cần giờ"",""x cần giờ"",""cần giờ"",""can gio"",""xa can gio"",""xacangio"",""cangio""]",ACTIVE
GHN_ADMIN_2025,2,1003490,1003490,,1000001,"Xã Thạnh An","[""xã thạnh an"",""x.thạnh an"",""x thạnh an"",""thạnh an"",""thanh an"",""xa thanh an"",""xathanhan"",""thanhan""]",ACTIVE
GHN_ADMIN_2025,2,1003491,1003491,,1000001,"Xã An Nhơn Tây","[""xã an nhơn tây"",""x.an nhơn tây"",""x an nhơn tây"",""an nhơn tây"",""an nhon tay"",""xa an nhon tay"",""xaannhontay"",""annhontay""]",ACTIVE
GHN_ADMIN_2025,2,1003492,1003492,,1000001,"Xã Bình Mỹ","[""xã bình mỹ"",""x.bình mỹ"",""x bình mỹ"",""bình mỹ"",""binh my"",""xa binh my"",""xabinhmy"",""binhmy""]",ACTIVE
GHN_ADMIN_2025,2,1003493,1003493,,1000001,"Xã Củ Chi","[""xã củ chi"",""x.củ chi"",""x củ chi"",""củ chi"",""cu chi"",""xa cu chi"",""xacuchi"",""cuchi""]",ACTIVE
GHN_ADMIN_2025,2,1003494,1003494,,1000001,"Xã Nhuận Đức","[""xã nhuận đức"",""x.nhuận đức"",""x nhuận đức"",""nhuận đức"",""nhuan duc"",""xa nhuan duc"",""xanhuanduc"",""nhuanduc""]",ACTIVE
GHN_ADMIN_2025,2,1003495,1003495,,1000001,"Xã Phú Hòa Đông","[""xã phú hòa đông"",""x.phú hòa đông"",""x phú hòa đông"",""phú hòa đông"",""phu hoa dong"",""xa phu hoa dong"",""xaphuhoadong"",""phuhoadong""]",ACTIVE
GHN_ADMIN_2025,2,1003496,1003496,,1000001,"Xã Thái Mỹ","[""xã thái mỹ"",""x.thái mỹ"",""x thái mỹ"",""thái mỹ"",""thai my"",""xa thai my"",""xathaimy"",""thaimy""]",ACTIVE
GHN_ADMIN_2025,2,1003497,1003497,,1000001,"Xã Tân An Hội","[""xã tân an hội"",""x.tân an hội"",""x tân an hội"",""tân an hội"",""tan an hoi"",""xa tan an hoi"",""xatananhoi"",""tananhoi""]",ACTIVE
GHN_ADMIN_2025,2,1003498,1003498,,1000001,"Xã Bà Điểm","[""xã bà điểm"",""x.bà điểm"",""x bà điểm"",""bà điểm"",""ba diem"",""xa ba diem"",""xabadiem"",""badiem""]",ACTIVE
GHN_ADMIN_2025,2,1003499,1003499,,1000001,"Xã Hóc Môn","[""xã hóc môn"",""x.hóc môn"",""x hóc môn"",""hóc môn"",""hoc mon"",""xa hoc mon"",""xahocmon"",""hocmon""]",ACTIVE
GHN_ADMIN_2025,2,1003500,1003500,,1000001,"Xã Xuân Thới Sơn","[""xã xuân thới sơn"",""x.xuân thới sơn"",""x xuân thới sơn"",""xuân thới sơn"",""xuan thoi son"",""xa xuan thoi son"",""xaxuanthoison"",""xuanthoison""]",ACTIVE
GHN_ADMIN_2025,2,1003501,1003501,,1000001,"Xã Đông Thạnh","[""xã đông thạnh"",""x.đông thạnh"",""x đông thạnh"",""đông thạnh"",""dong thanh"",""xa dong thanh"",""xadongthanh"",""dongthanh""]",ACTIVE
GHN_ADMIN_2025,2,1003502,1003502,,1000001,"Xã Hiệp Phước","[""xã hiệp phước"",""x.hiệp phước"",""x hiệp phước"",""hiệp phước"",""hiep phuoc"",""xa hiep phuoc"",""xahiepphuoc"",""hiepphuoc""]",ACTIVE
GHN_ADMIN_2025,2,1003503,1003503,,1000001,"Xã Nhà Bè","[""xã nhà bè"",""x.nhà bè"",""x nhà bè"",""nhà bè"",""nha be"",""xa nha be"",""xanhabe"",""nhabe""]",ACTIVE
GHN_ADMIN_2025,2,1003504,1003504,,1000001,"Phường Bến Thành","[""phường bến thành"",""p.bến thành"",""p bến thành"",""bến thành"",""ben thanh"",""phuong ben thanh"",""phuongbenthanh"",""benthanh""]",ACTIVE
GHN_ADMIN_2025,2,1003505,1003505,,1000001,"Phường Cầu Ông Lãnh","[""phường cầu ông lãnh"",""p.cầu ông lãnh"",""p cầu ông lãnh"",""cầu ông lãnh"",""cau ong lanh"",""phuong cau ong lanh"",""phuongcauonglanh"",""cauonglanh""]",ACTIVE
GHN_ADMIN_2025,2,1003506,1003506,,1000001,"Phường Sài Gòn","[""phường sài gòn"",""p.sài gòn"",""p sài gòn"",""sài gòn"",""sai gon"",""phuong sai gon"",""phuongsaigon"",""saigon""]",ACTIVE
GHN_ADMIN_2025,2,1003507,1003507,,1000001,"Phường Tân Định","[""phường tân định"",""p.tân định"",""p tân định"",""tân định"",""tan dinh"",""phuong tan dinh"",""phuongtandinh"",""tandinh""]",ACTIVE
GHN_ADMIN_2025,2,1003508,1003508,,1000001,"Phường Diên Hồng","[""phường diên hồng"",""p.diên hồng"",""p diên hồng"",""diên hồng"",""dien hong"",""phuong dien hong"",""phuongdienhong"",""dienhong""]",ACTIVE
GHN_ADMIN_2025,2,1003509,1003509,,1000001,"Phường Hòa Hưng","[""phường hòa hưng"",""p.hòa hưng"",""p hòa hưng"",""hòa hưng"",""hoa hung"",""phuong hoa hung"",""phuonghoahung"",""hoahung""]",ACTIVE
GHN_ADMIN_2025,2,1003510,1003510,,1000001,"Phường Vườn Lài","[""phường vườn lài"",""p.vườn lài"",""p vườn lài"",""vườn lài"",""vuon lai"",""phuong vuon lai"",""phuongvuonlai"",""vuonlai""]",ACTIVE
GHN_ADMIN_2025,2,1003511,1003511,,1000001,"Phường Bình Thới","[""phường bình thới"",""p.bình thới"",""p bình thới"",""bình thới"",""binh thoi"",""phuong binh thoi"",""phuongbinhthoi"",""binhthoi""]",ACTIVE
GHN_ADMIN_2025,2,1003512,1003512,,1000001,"Phường Hòa Bình","[""phường hòa bình"",""p.hòa bình"",""p hòa bình"",""hòa bình"",""hoa binh"",""phuong hoa binh"",""phuonghoabinh"",""hoabinh""]",ACTIVE
GHN_ADMIN_2025,2,1003513,1003513,,1000001,"Phường Minh Phụng","[""phường minh phụng"",""p.minh phụng"",""p minh phụng"",""minh phụng"",""minh phung"",""phuong minh phung"",""phuongminhphung"",""minhphung""]",ACTIVE
GHN_ADMIN_2025,2,1003514,1003514,,1000001,"Phường Phú Thọ","[""phường phú thọ"",""p.phú thọ"",""p phú thọ"",""phú thọ"",""phu tho"",""phuong phu tho"",""phuongphutho"",""phutho""]",ACTIVE
GHN_ADMIN_2025,2,1003515,1003515,,1000001,"Phường An Phú Đông","[""phường an phú đông"",""p.an phú đông"",""p an phú đông"",""an phú đông"",""an phu dong"",""phuong an phu dong"",""phuonganphudong"",""anphudong""]",ACTIVE
GHN_ADMIN_2025,2,1003516,1003516,,1000001,"Phường Thới An","[""phường thới an"",""p.thới an"",""p thới an"",""thới an"",""thoi an"",""phuong thoi an"",""phuongthoian"",""thoian""]",ACTIVE
GHN_ADMIN_2025,2,1003517,1003517,,1000001,"Phường Trung Mỹ Tây","[""phường trung mỹ tây"",""p.trung mỹ tây"",""p trung mỹ tây"",""trung mỹ tây"",""trung my tay"",""phuong trung my tay"",""phuongtrungmytay"",""trungmytay""]",ACTIVE
GHN_ADMIN_2025,2,1003518,1003518,,1000001,"Phường Tân Thới Hiệp","[""phường tân thới hiệp"",""p.tân thới hiệp"",""p tân thới hiệp"",""tân thới hiệp"",""tan thoi hiep"",""phuong tan thoi hiep"",""phuongtanthoihiep"",""tanthoihiep""]",ACTIVE
GHN_ADMIN_2025,2,1003519,1003519,,1000001,"Phường Đông Hưng Thuận","[""phường đông hưng thuận"",""p.đông hưng thuận"",""p đông hưng thuận"",""đông hưng thuận"",""dong hung thuan"",""phuong dong hung thuan"",""phuongdonghungthuan"",""donghungthuan""]",ACTIVE
GHN_ADMIN_2025,2,1003520,1003520,,1000001,"Phường Bàn Cờ","[""phường bàn cờ"",""p.bàn cờ"",""p bàn cờ"",""bàn cờ"",""ban co"",""phuong ban co"",""phuongbanco"",""banco""]",ACTIVE
GHN_ADMIN_2025,2,1003521,1003521,,1000001,"Phường Nhiêu Lộc","[""phường nhiêu lộc"",""p.nhiêu lộc"",""p nhiêu lộc"",""nhiêu lộc"",""nhieu loc"",""phuong nhieu loc"",""phuongnhieuloc"",""nhieuloc""]",ACTIVE
GHN_ADMIN_2025,2,1003522,1003522,,1000001,"Phường Xuân Hòa","[""phường xuân hòa"",""p.xuân hòa"",""p xuân hòa"",""xuân hòa"",""xuan hoa"",""phuong xuan hoa"",""phuongxuanhoa"",""xuanhoa""]",ACTIVE
GHN_ADMIN_2025,2,1003523,1003523,,1000001,"Phường Khánh Hội","[""phường khánh hội"",""p.khánh hội"",""p khánh hội"",""khánh hội"",""khanh hoi"",""phuong khanh hoi"",""phuongkhanhhoi"",""khanhhoi""]",ACTIVE
GHN_ADMIN_2025,2,1003524,1003524,,1000001,"Phường Vĩnh Hội","[""phường vĩnh hội"",""p.vĩnh hội"",""p vĩnh hội"",""vĩnh hội"",""vinh hoi"",""phuong vinh hoi"",""phuongvinhhoi"",""vinhhoi""]",ACTIVE
GHN_ADMIN_2025,2,1003525,1003525,,1000001,"Phường Xóm Chiếu","[""phường xóm chiếu"",""p.xóm chiếu"",""p xóm chiếu"",""xóm chiếu"",""xom chieu"",""phuong xom chieu"",""phuongxomchieu"",""xomchieu""]",ACTIVE
GHN_ADMIN_2025,2,1003526,1003526,,1000001,"Phường An Đông","[""phường an đông"",""p.an đông"",""p an đông"",""an đông"",""an dong"",""phuong an dong"",""phuongandong"",""andong""]",ACTIVE
GHN_ADMIN_2025,2,1003527,1003527,,1000001,"Phường Chợ Lớn","[""phường chợ lớn"",""p.chợ lớn"",""p chợ lớn"",""chợ lớn"",""cho lon"",""phuong cho lon"",""phuongcholon"",""cholon""]",ACTIVE
GHN_ADMIN_2025,2,1003528,1003528,,1000001,"Phường Chợ Quán","[""phường chợ quán"",""p.chợ quán"",""p chợ quán"",""chợ quán"",""cho quan"",""phuong cho quan"",""phuongchoquan"",""choquan""]",ACTIVE
GHN_ADMIN_2025,2,1003529,1003529,,1000001,"Phường Bình Phú","[""phường bình phú"",""p.bình phú"",""p bình phú"",""bình phú"",""binh phu"",""phuong binh phu"",""phuongbinhphu"",""binhphu""]",ACTIVE
GHN_ADMIN_2025,2,1003530,1003530,,1000001,"Phường Bình Tiên","[""phường bình tiên"",""p.bình tiên"",""p bình tiên"",""bình tiên"",""binh tien"",""phuong binh tien"",""phuongbinhtien"",""binhtien""]",ACTIVE
GHN_ADMIN_2025,2,1003531,1003531,,1000001,"Phường Bình Tây","[""phường bình tây"",""p.bình tây"",""p bình tây"",""bình tây"",""binh tay"",""phuong binh tay"",""phuongbinhtay"",""binhtay""]",ACTIVE
GHN_ADMIN_2025,2,1003532,1003532,,1000001,"Phường Phú Lâm","[""phường phú lâm"",""p.phú lâm"",""p phú lâm"",""phú lâm"",""phu lam"",""phuong phu lam"",""phuongphulam"",""phulam""]",ACTIVE
GHN_ADMIN_2025,2,1003533,1003533,,1000001,"Phường Phú Thuận","[""phường phú thuận"",""p.phú thuận"",""p phú thuận"",""phú thuận"",""phu thuan"",""phuong phu thuan"",""phuongphuthuan"",""phuthuan""]",ACTIVE
GHN_ADMIN_2025,2,1003534,1003534,,1000001,"Phường Tân Hưng","[""phường tân hưng"",""p.tân hưng"",""p tân hưng"",""tân hưng"",""tan hung"",""phuong tan hung"",""phuongtanhung"",""tanhung""]",ACTIVE
GHN_ADMIN_2025,2,1003535,1003535,,1000001,"Phường Tân Mỹ","[""phường tân mỹ"",""p.tân mỹ"",""p tân mỹ"",""tân mỹ"",""tan my"",""phuong tan my"",""phuongtanmy"",""tanmy""]",ACTIVE
GHN_ADMIN_2025,2,1003536,1003536,,1000001,"Phường Tân Thuận","[""phường tân thuận"",""p.tân thuận"",""p tân thuận"",""tân thuận"",""tan thuan"",""phuong tan thuan"",""phuongtanthuan"",""tanthuan""]",ACTIVE
GHN_ADMIN_2025,2,1003537,1003537,,1000001,"Phường Bình Đông","[""phường bình đông"",""p.bình đông"",""p bình đông"",""bình đông"",""binh dong"",""phuong binh dong"",""phuongbinhdong"",""binhdong""]",ACTIVE
GHN_ADMIN_2025,2,1003538,1003538,,1000001,"Phường Chánh Hưng","[""phường chánh hưng"",""p.chánh hưng"",""p chánh hưng"",""chánh hưng"",""chanh hung"",""phuong chanh hung"",""phuongchanhhung"",""chanhhung""]",ACTIVE
GHN_ADMIN_2025,2,1003539,1003539,,1000001,"Phường Phú Định","[""phường phú định"",""p.phú định"",""p phú định"",""phú định"",""phu dinh"",""phuong phu dinh"",""phuongphudinh"",""phudinh""]",ACTIVE
GHN_ADMIN_2025,2,1003540,1003540,,1000001,"Phường Bình Lợi Trung","[""phường bình lợi trung"",""p.bình lợi trung"",""p bình lợi trung"",""bình lợi trung"",""binh loi trung"",""phuong binh loi trung"",""phuongbinhloitrung"",""binhloitrung""]",ACTIVE
GHN_ADMIN_2025,2,1003541,1003541,,1000001,"Phường Bình Quới","[""phường bình quới"",""p.bình quới"",""p bình quới"",""bình quới"",""binh quoi"",""phuong binh quoi"",""phuongbinhquoi"",""binhquoi""]",ACTIVE
GHN_ADMIN_2025,2,1003542,1003542,,1000001,"Phường Bình Thạnh","[""phường bình thạnh"",""p.bình thạnh"",""p bình thạnh"",""bình thạnh"",""binh thanh"",""phuong binh thanh"",""phuongbinhthanh"",""binhthanh""]",ACTIVE
GHN_ADMIN_2025,2,1003543,1003543,,1000001,"Phường Gia Định","[""phường gia định"",""p.gia định"",""p gia định"",""gia định"",""gia dinh"",""phuong gia dinh"",""phuonggiadinh"",""giadinh""]",ACTIVE
GHN_ADMIN_2025,2,1003544,1003544,,1000001,"Phường Thạnh Mỹ Tây","[""phường thạnh mỹ tây"",""p.thạnh mỹ tây"",""p thạnh mỹ tây"",""thạnh mỹ tây"",""thanh my tay"",""phuong thanh my tay"",""phuongthanhmytay"",""thanhmytay""]",ACTIVE
GHN_ADMIN_2025,2,1003545,1003545,,1000001,"Phường An Lạc","[""phường an lạc"",""p.an lạc"",""p an lạc"",""an lạc"",""an lac"",""phuong an lac"",""phuonganlac"",""anlac""]",ACTIVE
GHN_ADMIN_2025,2,1003546,1003546,,1000001,"Phường Bình Hưng Hòa","[""phường bình hưng hòa"",""p.bình hưng hòa"",""p bình hưng hòa"",""bình hưng hòa"",""binh hung hoa"",""phuong binh hung hoa"",""phuongbinhhunghoa"",""binhhunghoa""]",ACTIVE
GHN_ADMIN_2025,2,1003547,1003547,,1000001,"Phường Bình Trị Đông","[""phường bình trị đông"",""p.bình trị đông"",""p bình trị đông"",""bình trị đông"",""binh tri dong"",""phuong binh tri dong"",""phuongbinhtridong"",""binhtridong""]",ACTIVE
GHN_ADMIN_2025,2,1003548,1003548,,1000001,"Phường Bình Tân","[""phường bình tân"",""p.bình tân"",""p bình tân"",""bình tân"",""binh tan"",""phuong binh tan"",""phuongbinhtan"",""binhtan""]",ACTIVE
GHN_ADMIN_2025,2,1003549,1003549,,1000001,"Phường Tân Tạo","[""phường tân tạo"",""p.tân tạo"",""p tân tạo"",""tân tạo"",""tan tao"",""phuong tan tao"",""phuongtantao"",""tantao""]",ACTIVE
GHN_ADMIN_2025,2,1003550,1003550,,1000001,"Phường An Hội Tây","[""phường an hội tây"",""p.an hội tây"",""p an hội tây"",""an hội tây"",""an hoi tay"",""phuong an hoi tay"",""phuonganhoitay"",""anhoitay""]",ACTIVE
GHN_ADMIN_2025,2,1003551,1003551,,1000001,"Phường An Hội Đông","[""phường an hội đông"",""p.an hội đông"",""p an hội đông"",""an hội đông"",""an hoi dong"",""phuong an hoi dong"",""phuonganhoidong"",""anhoidong""]",ACTIVE
GHN_ADMIN_2025,2,1003552,1003552,,1000001,"Phường An Nhơn","[""phường an nhơn"",""p.an nhơn"",""p an nhơn"",""an nhơn"",""an nhon"",""phuong an nhon"",""phuongannhon"",""annhon""]",ACTIVE
GHN_ADMIN_2025,2,1003553,1003553,,1000001,"Phường Gò Vấp","[""phường gò vấp"",""p.gò vấp"",""p gò vấp"",""gò vấp"",""go vap"",""phuong go vap"",""phuonggovap"",""govap""]",ACTIVE
GHN_ADMIN_2025,2,1003554,1003554,,1000001,"Phường Hạnh Thông","[""phường hạnh thông"",""p.hạnh thông"",""p hạnh thông"",""hạnh thông"",""hanh thong"",""phuong hanh thong"",""phuonghanhthong"",""hanhthong""]",ACTIVE
GHN_ADMIN_2025,2,1003555,1003555,,1000001,"Phường Thông Tây Hội","[""phường thông tây hội"",""p.thông tây hội"",""p thông tây hội"",""thông tây hội"",""thong tay hoi"",""phuong thong tay hoi"",""phuongthongtayhoi"",""thongtayhoi""]",ACTIVE
GHN_ADMIN_2025,2,1003556,1003556,,1000001,"Phường Cầu Kiệu","[""phường cầu kiệu"",""p.cầu kiệu"",""p cầu kiệu"",""cầu kiệu"",""cau kieu"",""phuong cau kieu"",""phuongcaukieu"",""caukieu""]",ACTIVE
GHN_ADMIN_2025,2,1003557,1003557,,1000001,"Phường Phú Nhuận","[""phường phú nhuận"",""p.phú nhuận"",""p phú nhuận"",""phú nhuận"",""phu nhuan"",""phuong phu nhuan"",""phuongphunhuan"",""phunhuan""]",ACTIVE
GHN_ADMIN_2025,2,1003558,1003558,,1000001,"Phường Đức Nhuận","[""phường đức nhuận"",""p.đức nhuận"",""p đức nhuận"",""đức nhuận"",""duc nhuan"",""phuong duc nhuan"",""phuongducnhuan"",""ducnhuan""]",ACTIVE
GHN_ADMIN_2025,2,1003559,1003559,,1000001,"Phường Bảy Hiền","[""phường bảy hiền"",""p.bảy hiền"",""p bảy hiền"",""bảy hiền"",""bay hien"",""phuong bay hien"",""phuongbayhien"",""bayhien""]",ACTIVE
GHN_ADMIN_2025,2,1003560,1003560,,1000001,"Phường Tân Bình","[""phường tân bình"",""p.tân bình"",""p tân bình"",""tân bình"",""tan binh"",""phuong tan binh"",""phuongtanbinh"",""tanbinh""]",ACTIVE
GHN_ADMIN_2025,2,1003561,1003561,,1000001,"Phường Tân Hòa","[""phường tân hòa"",""p.tân hòa"",""p tân hòa"",""tân hòa"",""tan hoa"",""phuong tan hoa"",""phuongtanhoa"",""tanhoa""]",ACTIVE
GHN_ADMIN_2025,2,1003562,1003562,,1000001,"Phường Tân Sơn","[""phường tân sơn"",""p.tân sơn"",""p tân sơn"",""tân sơn"",""tan son"",""phuong tan son"",""phuongtanson"",""tanson""]",ACTIVE
GHN_ADMIN_2025,2,1003563,1003563,,1000001,"Phường Tân Sơn Hòa","[""phường tân sơn hòa"",""p.tân sơn hòa"",""p tân sơn hòa"",""tân sơn hòa"",""tan son hoa"",""phuong tan son hoa"",""phuongtansonhoa"",""tansonhoa""]",ACTIVE
GHN_ADMIN_2025,2,1003564,1003564,,1000001,"Phường Tân Sơn Nhất","[""phường tân sơn nhất"",""p.tân sơn nhất"",""p tân sơn nhất"",""tân sơn nhất"",""tan son nhat"",""phuong tan son nhat"",""phuongtansonnhat"",""tansonnhat""]",ACTIVE
GHN_ADMIN_2025,2,1003565,1003565,,1000001,"Phường Phú Thạnh","[""phường phú thạnh"",""p.phú thạnh"",""p phú thạnh"",""phú thạnh"",""phu thanh"",""phuong phu thanh"",""phuongphuthanh"",""phuthanh""]",ACTIVE
GHN_ADMIN_2025,2,1003566,1003566,,1000001,"Phường Phú Thọ Hòa","[""phường phú thọ hòa"",""p.phú thọ hòa"",""p phú thọ hòa"",""phú thọ hòa"",""phu tho hoa"",""phuong phu tho hoa"",""phuongphuthohoa"",""phuthohoa""]",ACTIVE
GHN_ADMIN_2025,2,1003567,1003567,,1000001,"Phường Tân Phú","[""phường tân phú"",""p.tân phú"",""p tân phú"",""tân phú"",""tan phu"",""phuong tan phu"",""phuongtanphu"",""tanphu""]",ACTIVE
GHN_ADMIN_2025,2,1003568,1003568,,1000001,"Phường Tân Sơn Nhì","[""phường tân sơn nhì"",""p.tân sơn nhì"",""p tân sơn nhì"",""tân sơn nhì"",""tan son nhi"",""phuong tan son nhi"",""phuongtansonnhi"",""tansonnhi""]",ACTIVE
GHN_ADMIN_2025,2,1003569,1003569,,1000001,"Phường Tây Thạnh","[""phường tây thạnh"",""p.tây thạnh"",""p tây thạnh"",""tây thạnh"",""tay thanh"",""phuong tay thanh"",""phuongtaythanh"",""taythanh""]",ACTIVE
GHN_ADMIN_2025,2,1003570,1003570,,1000001,"Phường An Khánh","[""phường an khánh"",""p.an khánh"",""p an khánh"",""an khánh"",""an khanh"",""phuong an khanh"",""phuongankhanh"",""ankhanh""]",ACTIVE
GHN_ADMIN_2025,2,1003571,1003571,,1000001,"Phường Bình Trưng","[""phường bình trưng"",""p.bình trưng"",""p bình trưng"",""bình trưng"",""binh trung"",""phuong binh trung"",""phuongbinhtrung"",""binhtrung""]",ACTIVE
GHN_ADMIN_2025,2,1003572,1003572,,1000001,"Phường Cát Lái","[""phường cát lái"",""p.cát lái"",""p cát lái"",""cát lái"",""cat lai"",""phuong cat lai"",""phuongcatlai"",""catlai""]",ACTIVE
GHN_ADMIN_2025,2,1003573,1003573,,1000001,"Phường Hiệp Bình","[""phường hiệp bình"",""p.hiệp bình"",""p hiệp bình"",""hiệp bình"",""hiep binh"",""phuong hiep binh"",""phuonghiepbinh"",""hiepbinh""]",ACTIVE
GHN_ADMIN_2025,2,1003574,1003574,,1000001,"Phường Linh Xuân","[""phường linh xuân"",""p.linh xuân"",""p linh xuân"",""linh xuân"",""linh xuan"",""phuong linh xuan"",""phuonglinhxuan"",""linhxuan""]",ACTIVE
GHN_ADMIN_2025,2,1003575,1003575,,1000001,"Phường Long Bình","[""phường long bình"",""p.long bình"",""p long bình"",""long bình"",""long binh"",""phuong long binh"",""phuonglongbinh"",""longbinh""]",ACTIVE
GHN_ADMIN_2025,2,1003576,1003576,,1000001,"Phường Long Phước","[""phường long phước"",""p.long phước"",""p long phước"",""long phước"",""long phuoc"",""phuong long phuoc"",""phuonglongphuoc"",""longphuoc""]",ACTIVE
GHN_ADMIN_2025,2,1003577,1003577,,1000001,"Phường Long Trường","[""phường long trường"",""p.long trường"",""p long trường"",""long trường"",""long truong"",""phuong long truong"",""phuonglongtruong"",""longtruong""]",ACTIVE
GHN_ADMIN_2025,2,1003578,1003578,,1000001,"Phường Phước Long","[""phường phước long"",""p.phước long"",""p phước long"",""phước long"",""phuoc long"",""phuong phuoc long"",""phuongphuoclong"",""phuoclong""]",ACTIVE
GHN_ADMIN_2025,2,1003579,1003579,,1000001,"Phường Tam Bình","[""phường tam bình"",""p.tam bình"",""p tam bình"",""tam bình"",""tam binh"",""phuong tam binh"",""phuongtambinh"",""tambinh""]",ACTIVE
GHN_ADMIN_2025,2,1003580,1003580,,1000001,"Phường Thủ Đức","[""phường thủ đức"",""p.thủ đức"",""p thủ đức"",""thủ đức"",""thu duc"",""phuong thu duc"",""phuongthuduc"",""thuduc""]",ACTIVE
GHN_ADMIN_2025,2,1003581,1003581,,1000001,"Phường Tăng Nhơn Phú","[""phường tăng nhơn phú"",""p.tăng nhơn phú"",""p tăng nhơn phú"",""tăng nhơn phú"",""tang nhon phu"",""phuong tang nhon phu"",""phuongtangnhonphu"",""tangnhonphu""]",ACTIVE
GHN_ADMIN_2025,2,1003582,1003582,,1000001,"Xã Bàu Bàng","[""xã bàu bàng"",""x.bàu bàng"",""x bàu bàng"",""bàu bàng"",""bau bang"",""xa bau bang"",""xabaubang"",""baubang""]",ACTIVE
GHN_ADMIN_2025,2,1003583,1003583,,1000001,"Xã Trừ Văn Thố","[""xã trừ văn thố"",""x.trừ văn thố"",""x trừ văn thố"",""trừ văn thố"",""tru van tho"",""xa tru van tho"",""xatruvantho"",""truvantho""]",ACTIVE
GHN_ADMIN_2025,2,1003584,1003584,,1000001,"Xã Bắc Tân Uyên","[""xã bắc tân uyên"",""x.bắc tân uyên"",""x bắc tân uyên"",""bắc tân uyên"",""bac tan uyen"",""xa bac tan uyen"",""xabactanuyen"",""bactanuyen""]",ACTIVE
GHN_ADMIN_2025,2,1003585,1003585,,1000001,"Xã Thường Tân","[""xã thường tân"",""x.thường tân"",""x thường tân"",""thường tân"",""thuong tan"",""xa thuong tan"",""xathuongtan"",""thuongtan""]",ACTIVE
GHN_ADMIN_2025,2,1003586,1003586,,1000001,"Xã Dầu Tiếng","[""xã dầu tiếng"",""x.dầu tiếng"",""x dầu tiếng"",""dầu tiếng"",""dau tieng"",""xa dau tieng"",""xadautieng"",""dautieng""]",ACTIVE
GHN_ADMIN_2025,2,1003587,1003587,,1000001,"Xã Long Hòa","[""xã long hòa"",""x.long hòa"",""x long hòa"",""long hòa"",""long hoa"",""xa long hoa"",""xalonghoa"",""longhoa""]",ACTIVE
GHN_ADMIN_2025,2,1003588,1003588,,1000001,"Xã Minh Thạnh","[""xã minh thạnh"",""x.minh thạnh"",""x minh thạnh"",""minh thạnh"",""minh thanh"",""xa minh thanh"",""xaminhthanh"",""minhthanh""]",ACTIVE
GHN_ADMIN_2025,2,1003589,1003589,,1000001,"Xã Thanh An","[""xã thanh an"",""x.thanh an"",""x thanh an"",""thanh an"",""xa thanh an"",""xathanhan"",""thanhan""]",ACTIVE
GHN_ADMIN_2025,2,1003590,1003590,,1000001,"Xã An Long","[""xã an long"",""x.an long"",""x an long"",""an long"",""xa an long"",""xaanlong"",""anlong""]",ACTIVE
GHN_ADMIN_2025,2,1003591,1003591,,1000001,"Xã Phú Giáo","[""xã phú giáo"",""x.phú giáo"",""x phú giáo"",""phú giáo"",""phu giao"",""xa phu giao"",""xaphugiao"",""phugiao""]",ACTIVE
GHN_ADMIN_2025,2,1003592,1003592,,1000001,"Xã Phước Hòa","[""xã phước hòa"",""x.phước hòa"",""x phước hòa"",""phước hòa"",""phuoc hoa"",""xa phuoc hoa"",""xaphuochoa"",""phuochoa""]",ACTIVE
GHN_ADMIN_2025,2,1003593,1003593,,1000001,"Xã Phước Thành","[""xã phước thành"",""x.phước thành"",""x phước thành"",""phước thành"",""phuoc thanh"",""xa phuoc thanh"",""xaphuocthanh"",""phuocthanh""]",ACTIVE
GHN_ADMIN_2025,2,1003594,1003594,,1000001,"Phường Dĩ An","[""phường dĩ an"",""p.dĩ an"",""p dĩ an"",""dĩ an"",""di an"",""phuong di an"",""phuongdian"",""dian""]",ACTIVE
GHN_ADMIN_2025,2,1003595,1003595,,1000001,"Phường Tân Đông Hiệp","[""phường tân đông hiệp"",""p.tân đông hiệp"",""p tân đông hiệp"",""tân đông hiệp"",""tan dong hiep"",""phuong tan dong hiep"",""phuongtandonghiep"",""tandonghiep""]",ACTIVE
GHN_ADMIN_2025,2,1003596,1003596,,1000001,"Phường Đông Hòa","[""phường đông hòa"",""p.đông hòa"",""p đông hòa"",""đông hòa"",""dong hoa"",""phuong dong hoa"",""phuongdonghoa"",""donghoa""]",ACTIVE
GHN_ADMIN_2025,2,1003597,1003597,,1000001,"Phường An Phú","[""phường an phú"",""p.an phú"",""p an phú"",""an phú"",""an phu"",""phuong an phu"",""phuonganphu"",""anphu""]",ACTIVE
GHN_ADMIN_2025,2,1003598,1003598,,1000001,"Phường Bình Hòa","[""phường bình hòa"",""p.bình hòa"",""p bình hòa"",""bình hòa"",""binh hoa"",""phuong binh hoa"",""phuongbinhhoa"",""binhhoa""]",ACTIVE
GHN_ADMIN_2025,2,1003599,1003599,,1000001,"Phường Lái Thiêu","[""phường lái thiêu"",""p.lái thiêu"",""p lái thiêu"",""lái thiêu"",""lai thieu"",""phuong lai thieu"",""phuonglaithieu"",""laithieu""]",ACTIVE
GHN_ADMIN_2025,2,1003600,1003600,,1000001,"Phường Thuận An","[""phường thuận an"",""p.thuận an"",""p thuận an"",""thuận an"",""thuan an"",""phuong thuan an"",""phuongthuanan"",""thuanan""]",ACTIVE
GHN_ADMIN_2025,2,1003601,1003601,,1000001,"Phường Thuận Giao","[""phường thuận giao"",""p.thuận giao"",""p thuận giao"",""thuận giao"",""thuan giao"",""phuong thuan giao"",""phuongthuangiao"",""thuangiao""]",ACTIVE
GHN_ADMIN_2025,2,1003602,1003602,,1000001,"Phường Bình Dương","[""phường bình dương"",""p.bình dương"",""p bình dương"",""bình dương"",""binh duong"",""phuong binh duong"",""phuongbinhduong"",""binhduong""]",ACTIVE
GHN_ADMIN_2025,2,1003603,1003603,,1000001,"Phường Chánh Hiệp","[""phường chánh hiệp"",""p.chánh hiệp"",""p chánh hiệp"",""chánh hiệp"",""chanh hiep"",""phuong chanh hiep"",""phuongchanhhiep"",""chanhhiep""]",ACTIVE
GHN_ADMIN_2025,2,1003604,1003604,,1000001,"Phường Phú Lợi","[""phường phú lợi"",""p.phú lợi"",""p phú lợi"",""phú lợi"",""phu loi"",""phuong phu loi"",""phuongphuloi"",""phuloi""]",ACTIVE
GHN_ADMIN_2025,2,1003605,1003605,,1000001,"Phường Thủ Dầu Một","[""phường thủ dầu một"",""p.thủ dầu một"",""p thủ dầu một"",""thủ dầu một"",""thu dau mot"",""phuong thu dau mot"",""phuongthudaumot"",""thudaumot""]",ACTIVE
GHN_ADMIN_2025,2,1003606,1003606,,1000001,"Phường Bình Cơ","[""phường bình cơ"",""p.bình cơ"",""p bình cơ"",""bình cơ"",""binh co"",""phuong binh co"",""phuongbinhco"",""binhco""]",ACTIVE
GHN_ADMIN_2025,2,1003607,1003607,,1000001,"Phường Tân Hiệp","[""phường tân hiệp"",""p.tân hiệp"",""p tân hiệp"",""tân hiệp"",""tan hiep"",""phuong tan hiep"",""phuongtanhiep"",""tanhiep""]",ACTIVE
GHN_ADMIN_2025,2,1003608,1003608,,1000001,"Phường Tân Khánh","[""phường tân khánh"",""p.tân khánh"",""p tân khánh"",""tân khánh"",""tan khanh"",""phuong tan khanh"",""phuongtankhanh"",""tankhanh""]",ACTIVE
GHN_ADMIN_2025,2,1003609,1003609,,1000001,"Phường Tân Uyên","[""phường tân uyên"",""p.tân uyên"",""p tân uyên"",""tân uyên"",""tan uyen"",""phuong tan uyen"",""phuongtanuyen"",""tanuyen""]",ACTIVE
GHN_ADMIN_2025,2,1003610,1003610,,1000001,"Phường Vĩnh Tân","[""phường vĩnh tân"",""p.vĩnh tân"",""p vĩnh tân"",""vĩnh tân"",""vinh tan"",""phuong vinh tan"",""phuongvinhtan"",""vinhtan""]",ACTIVE
GHN_ADMIN_2025,2,1003611,1003611,,1000001,"Phường Bến Cát","[""phường bến cát"",""p.bến cát"",""p bến cát"",""bến cát"",""ben cat"",""phuong ben cat"",""phuongbencat"",""bencat""]",ACTIVE
GHN_ADMIN_2025,2,1003612,1003612,,1000001,"Phường Chánh Phú Hòa","[""phường chánh phú hòa"",""p.chánh phú hòa"",""p chánh phú hòa"",""chánh phú hòa"",""chanh phu hoa"",""phuong chanh phu hoa"",""phuongchanhphuhoa"",""chanhphuhoa""]",ACTIVE
GHN_ADMIN_2025,2,1003613,1003613,,1000001,"Phường Hòa Lợi","[""phường hòa lợi"",""p.hòa lợi"",""p hòa lợi"",""hòa lợi"",""hoa loi"",""phuong hoa loi"",""phuonghoaloi"",""hoaloi""]",ACTIVE
GHN_ADMIN_2025,2,1003614,1003614,,1000001,"Phường Long Nguyên","[""phường long nguyên"",""p.long nguyên"",""p long nguyên"",""long nguyên"",""long nguyen"",""phuong long nguyen"",""phuonglongnguyen"",""longnguyen""]",ACTIVE
GHN_ADMIN_2025,2,1003615,1003615,,1000001,"Phường Phú An","[""phường phú an"",""p.phú an"",""p phú an"",""phú an"",""phu an"",""phuong phu an"",""phuongphuan"",""phuan""]",ACTIVE
GHN_ADMIN_2025,2,1003616,1003616,,1000001,"Phường Thới Hòa","[""phường thới hòa"",""p.thới hòa"",""p thới hòa"",""thới hòa"",""thoi hoa"",""phuong thoi hoa"",""phuongthoihoa"",""thoihoa""]",ACTIVE
GHN_ADMIN_2025,2,1003617,1003617,,1000001,"Phường Tây Nam","[""phường tây nam"",""p.tây nam"",""p tây nam"",""tây nam"",""tay nam"",""phuong tay nam"",""phuongtaynam"",""taynam""]",ACTIVE
GHN_ADMIN_2025,2,1003618,1003618,,1000001,"Xã Bình Giã","[""xã bình giã"",""x.bình giã"",""x bình giã"",""bình giã"",""binh gia"",""xa binh gia"",""xabinhgia"",""binhgia""]",ACTIVE
GHN_ADMIN_2025,2,1003619,1003619,,1000001,"Xã Châu Đức","[""xã châu đức"",""x.châu đức"",""x châu đức"",""châu đức"",""chau duc"",""xa chau duc"",""xachauduc"",""chauduc""]",ACTIVE
GHN_ADMIN_2025,2,1003620,1003620,,1000001,"Xã Kim Long","[""xã kim long"",""x.kim long"",""x kim long"",""kim long"",""xa kim long"",""xakimlong"",""kimlong""]",ACTIVE
GHN_ADMIN_2025,2,1003621,1003621,,1000001,"Xã Nghĩa Thành","[""xã nghĩa thành"",""x.nghĩa thành"",""x nghĩa thành"",""nghĩa thành"",""nghia thanh"",""xa nghia thanh"",""xanghiathanh"",""nghiathanh""]",ACTIVE
GHN_ADMIN_2025,2,1003622,1003622,,1000001,"Xã Ngãi Giao","[""xã ngãi giao"",""x.ngãi giao"",""x ngãi giao"",""ngãi giao"",""ngai giao"",""xa ngai giao"",""xangaigiao"",""ngaigiao""]",ACTIVE
GHN_ADMIN_2025,2,1003623,1003623,,1000001,"Xã Xuân Sơn","[""xã xuân sơn"",""x.xuân sơn"",""x xuân sơn"",""xuân sơn"",""xuan son"",""xa xuan son"",""xaxuanson"",""xuanson""]",ACTIVE
GHN_ADMIN_2025,2,1003624,1003624,,1000001,"Đặc khu Côn Đảo","[""đặc khu côn đảo"",""ä.khu côn đảo"",""ä khu côn đảo"",""khu côn đảo"",""khu con dao"",""dac khu con dao"",""dackhucondao"",""khucondao""]",ACTIVE
GHN_ADMIN_2025,2,1003625,1003625,,1000001,"Xã Long Hải","[""xã long hải"",""x.long hải"",""x long hải"",""long hải"",""long hai"",""xa long hai"",""xalonghai"",""longhai""]",ACTIVE
GHN_ADMIN_2025,2,1003626,1003626,,1000001,"Xã Long Điền","[""xã long điền"",""x.long điền"",""x long điền"",""long điền"",""long dien"",""xa long dien"",""xalongdien"",""longdien""]",ACTIVE
GHN_ADMIN_2025,2,1003627,1003627,,1000001,"Xã Phước Hải","[""xã phước hải"",""x.phước hải"",""x phước hải"",""phước hải"",""phuoc hai"",""xa phuoc hai"",""xaphuochai"",""phuochai""]",ACTIVE
GHN_ADMIN_2025,2,1003628,1003628,,1000001,"Xã Đất Đỏ","[""xã đất đỏ"",""x.đất đỏ"",""x đất đỏ"",""đất đỏ"",""dat do"",""xa dat do"",""xadatdo"",""datdo""]",ACTIVE
GHN_ADMIN_2025,2,1003629,1003629,,1000001,"Xã Bàu Lâm","[""xã bàu lâm"",""x.bàu lâm"",""x bàu lâm"",""bàu lâm"",""bau lam"",""xa bau lam"",""xabaulam"",""baulam""]",ACTIVE
GHN_ADMIN_2025,2,1003630,1003630,,1000001,"Xã Bình Châu","[""xã bình châu"",""x.bình châu"",""x bình châu"",""bình châu"",""binh chau"",""xa binh chau"",""xabinhchau"",""binhchau""]",ACTIVE
GHN_ADMIN_2025,2,1003631,1003631,,1000001,"Xã Hòa Hiệp","[""xã hòa hiệp"",""x.hòa hiệp"",""x hòa hiệp"",""hòa hiệp"",""hoa hiep"",""xa hoa hiep"",""xahoahiep"",""hoahiep""]",ACTIVE
GHN_ADMIN_2025,2,1003632,1003632,,1000001,"Xã Hòa Hội","[""xã hòa hội"",""x.hòa hội"",""x hòa hội"",""hòa hội"",""hoa hoi"",""xa hoa hoi"",""xahoahoi"",""hoahoi""]",ACTIVE
GHN_ADMIN_2025,2,1003633,1003633,,1000001,"Xã Hồ Tràm","[""xã hồ tràm"",""x.hồ tràm"",""x hồ tràm"",""hồ tràm"",""ho tram"",""xa ho tram"",""xahotram"",""hotram""]",ACTIVE
GHN_ADMIN_2025,2,1003634,1003634,,1000001,"Xã Xuyên Mộc","[""xã xuyên mộc"",""x.xuyên mộc"",""x xuyên mộc"",""xuyên mộc"",""xuyen moc"",""xa xuyen moc"",""xaxuyenmoc"",""xuyenmoc""]",ACTIVE
GHN_ADMIN_2025,2,1003635,1003635,,1000001,"Phường Bà Rịa","[""phường bà rịa"",""p.bà rịa"",""p bà rịa"",""bà rịa"",""ba ria"",""phuong ba ria"",""phuongbaria"",""baria""]",ACTIVE
GHN_ADMIN_2025,2,1003636,1003636,,1000001,"Phường Long Hương","[""phường long hương"",""p.long hương"",""p long hương"",""long hương"",""long huong"",""phuong long huong"",""phuonglonghuong"",""longhuong""]",ACTIVE
GHN_ADMIN_2025,2,1003637,1003637,,1000001,"Phường Tam Long","[""phường tam long"",""p.tam long"",""p tam long"",""tam long"",""phuong tam long"",""phuongtamlong"",""tamlong""]",ACTIVE
GHN_ADMIN_2025,2,1003638,1003638,,1000001,"Phường Phú Mỹ","[""phường phú mỹ"",""p.phú mỹ"",""p phú mỹ"",""phú mỹ"",""phu my"",""phuong phu my"",""phuongphumy"",""phumy""]",ACTIVE
GHN_ADMIN_2025,2,1003639,1003639,,1000001,"Phường Tân Hải","[""phường tân hải"",""p.tân hải"",""p tân hải"",""tân hải"",""tan hai"",""phuong tan hai"",""phuongtanhai"",""tanhai""]",ACTIVE
GHN_ADMIN_2025,2,1003640,1003640,,1000001,"Phường Tân Phước","[""phường tân phước"",""p.tân phước"",""p tân phước"",""tân phước"",""tan phuoc"",""phuong tan phuoc"",""phuongtanphuoc"",""tanphuoc""]",ACTIVE
GHN_ADMIN_2025,2,1003641,1003641,,1000001,"Phường Tân Thành","[""phường tân thành"",""p.tân thành"",""p tân thành"",""tân thành"",""tan thanh"",""phuong tan thanh"",""phuongtanthanh"",""tanthanh""]",ACTIVE
GHN_ADMIN_2025,2,1003642,1003642,,1000001,"Xã Châu Pha","[""xã châu pha"",""x.châu pha"",""x châu pha"",""châu pha"",""chau pha"",""xa chau pha"",""xachaupha"",""chaupha""]",ACTIVE
GHN_ADMIN_2025,2,1003643,1003643,,1000001,"Phường Phước Thắng","[""phường phước thắng"",""p.phước thắng"",""p phước thắng"",""phước thắng"",""phuoc thang"",""phuong phuoc thang"",""phuongphuocthang"",""phuocthang""]",ACTIVE
GHN_ADMIN_2025,2,1003644,1003644,,1000001,"Phường Rạch Dừa","[""phường rạch dừa"",""p.rạch dừa"",""p rạch dừa"",""rạch dừa"",""rach dua"",""phuong rach dua"",""phuongrachdua"",""rachdua""]",ACTIVE
GHN_ADMIN_2025,2,1003645,1003645,,1000001,"Phường Tam Thắng","[""phường tam thắng"",""p.tam thắng"",""p tam thắng"",""tam thắng"",""tam thang"",""phuong tam thang"",""phuongtamthang"",""tamthang""]",ACTIVE
GHN_ADMIN_2025,2,1003646,1003646,,1000001,"Phường Vũng Tàu","[""phường vũng tàu"",""p.vũng tàu"",""p vũng tàu"",""vũng tàu"",""vung tau"",""phuong vung tau"",""phuongvungtau"",""vungtau""]",ACTIVE
GHN_ADMIN_2025,2,1003647,1003647,,1000001,"Xã Long Sơn","[""xã long sơn"",""x.long sơn"",""x long sơn"",""long sơn"",""long son"",""xa long son"",""xalongson"",""longson""]",ACTIVE
GHN_ADMIN_2025,2,1003648,1003648,,1000004,"Xã An Hưng","[""xã an hưng"",""x.an hưng"",""x an hưng"",""an hưng"",""an hung"",""xa an hung"",""xaanhung"",""anhung""]",ACTIVE
GHN_ADMIN_2025,2,1003649,1003649,,1000004,"Xã An Khánh","[""xã an khánh"",""x.an khánh"",""x an khánh"",""an khánh"",""an khanh"",""xa an khanh"",""xaankhanh"",""ankhanh""]",ACTIVE
GHN_ADMIN_2025,2,1003650,1003650,,1000004,"Xã An Lão","[""xã an lão"",""x.an lão"",""x an lão"",""an lão"",""an lao"",""xa an lao"",""xaanlao"",""anlao""]",ACTIVE
GHN_ADMIN_2025,2,1003651,1003651,,1000004,"Xã An Quang","[""xã an quang"",""x.an quang"",""x an quang"",""an quang"",""xa an quang"",""xaanquang"",""anquang""]",ACTIVE
GHN_ADMIN_2025,2,1003652,1003652,,1000004,"Xã An Trường","[""xã an trường"",""x.an trường"",""x an trường"",""an trường"",""an truong"",""xa an truong"",""xaantruong"",""antruong""]",ACTIVE
GHN_ADMIN_2025,2,1003653,1003653,,1000004,"Xã Kiến Hưng","[""xã kiến hưng"",""x.kiến hưng"",""x kiến hưng"",""kiến hưng"",""kien hung"",""xa kien hung"",""xakienhung"",""kienhung""]",ACTIVE
GHN_ADMIN_2025,2,1003654,1003654,,1000004,"Xã Kiến Hải","[""xã kiến hải"",""x.kiến hải"",""x kiến hải"",""kiến hải"",""kien hai"",""xa kien hai"",""xakienhai"",""kienhai""]",ACTIVE
GHN_ADMIN_2025,2,1003655,1003655,,1000004,"Xã Kiến Minh","[""xã kiến minh"",""x.kiến minh"",""x kiến minh"",""kiến minh"",""kien minh"",""xa kien minh"",""xakienminh"",""kienminh""]",ACTIVE
GHN_ADMIN_2025,2,1003656,1003656,,1000004,"Xã Kiến Thụy","[""xã kiến thụy"",""x.kiến thụy"",""x kiến thụy"",""kiến thụy"",""kien thuy"",""xa kien thuy"",""xakienthuy"",""kienthuy""]",ACTIVE
GHN_ADMIN_2025,2,1003657,1003657,,1000004,"Xã Nghi Dương","[""xã nghi dương"",""x.nghi dương"",""x nghi dương"",""nghi dương"",""nghi duong"",""xa nghi duong"",""xanghiduong"",""nghiduong""]",ACTIVE
GHN_ADMIN_2025,2,1003658,1003658,,1000004,"Xã Chấn Hưng","[""xã chấn hưng"",""x.chấn hưng"",""x chấn hưng"",""chấn hưng"",""chan hung"",""xa chan hung"",""xachanhung"",""chanhung""]",ACTIVE
GHN_ADMIN_2025,2,1003659,1003659,,1000004,"Xã Hùng Thắng","[""xã hùng thắng"",""x.hùng thắng"",""x hùng thắng"",""hùng thắng"",""hung thang"",""xa hung thang"",""xahungthang"",""hungthang""]",ACTIVE
GHN_ADMIN_2025,2,1003660,1003660,,1000004,"Xã Quyết Thắng","[""xã quyết thắng"",""x.quyết thắng"",""x quyết thắng"",""quyết thắng"",""quyet thang"",""xa quyet thang"",""xaquyetthang"",""quyetthang""]",ACTIVE
GHN_ADMIN_2025,2,1003661,1003661,,1000004,"Xã Tiên Lãng","[""xã tiên lãng"",""x.tiên lãng"",""x tiên lãng"",""tiên lãng"",""tien lang"",""xa tien lang"",""xatienlang"",""tienlang""]",ACTIVE
GHN_ADMIN_2025,2,1003662,1003662,,1000004,"Xã Tiên Minh","[""xã tiên minh"",""x.tiên minh"",""x tiên minh"",""tiên minh"",""tien minh"",""xa tien minh"",""xatienminh"",""tienminh""]",ACTIVE
GHN_ADMIN_2025,2,1003663,1003663,,1000004,"Xã Tân Minh","[""xã tân minh"",""x.tân minh"",""x tân minh"",""tân minh"",""tan minh"",""xa tan minh"",""xatanminh"",""tanminh""]",ACTIVE
GHN_ADMIN_2025,2,1003664,1003664,,1000004,"Xã Nguyễn Bỉnh Khiêm","[""xã nguyễn bỉnh khiêm"",""x.nguyễn bỉnh khiêm"",""x nguyễn bỉnh khiêm"",""nguyễn bỉnh khiêm"",""nguyen binh khiem"",""xa nguyen binh khiem"",""xanguyenbinhkhiem"",""nguyenbinhkhiem""]",ACTIVE
GHN_ADMIN_2025,2,1003665,1003665,,1000004,"Xã Vĩnh Am","[""xã vĩnh am"",""x.vĩnh am"",""x vĩnh am"",""vĩnh am"",""vinh am"",""xa vinh am"",""xavinham"",""vinham""]",ACTIVE
GHN_ADMIN_2025,2,1003666,1003666,,1000004,"Xã Vĩnh Bảo","[""xã vĩnh bảo"",""x.vĩnh bảo"",""x vĩnh bảo"",""vĩnh bảo"",""vinh bao"",""xa vinh bao"",""xavinhbao"",""vinhbao""]",ACTIVE
GHN_ADMIN_2025,2,1003667,1003667,,1000004,"Xã Vĩnh Hòa","[""xã vĩnh hòa"",""x.vĩnh hòa"",""x vĩnh hòa"",""vĩnh hòa"",""vinh hoa"",""xa vinh hoa"",""xavinhhoa"",""vinhhoa""]",ACTIVE
GHN_ADMIN_2025,2,1003668,1003668,,1000004,"Xã Vĩnh Hải","[""xã vĩnh hải"",""x.vĩnh hải"",""x vĩnh hải"",""vĩnh hải"",""vinh hai"",""xa vinh hai"",""xavinhhai"",""vinhhai""]",ACTIVE
GHN_ADMIN_2025,2,1003669,1003669,,1000004,"Xã Vĩnh Thuận","[""xã vĩnh thuận"",""x.vĩnh thuận"",""x vĩnh thuận"",""vĩnh thuận"",""vinh thuan"",""xa vinh thuan"",""xavinhthuan"",""vinhthuan""]",ACTIVE
GHN_ADMIN_2025,2,1003670,1003670,,1000004,"Xã Vĩnh Thịnh","[""xã vĩnh thịnh"",""x.vĩnh thịnh"",""x vĩnh thịnh"",""vĩnh thịnh"",""vinh thinh"",""xa vinh thinh"",""xavinhthinh"",""vinhthinh""]",ACTIVE
GHN_ADMIN_2025,2,1003671,1003671,,1000004,"Đặc khu Bạch Long Vĩ","[""đặc khu bạch long vĩ"",""ä.khu bạch long vĩ"",""ä khu bạch long vĩ"",""khu bạch long vĩ"",""khu bach long vi"",""dac khu bach long vi"",""dackhubachlongvi"",""khubachlongvi""]",ACTIVE
GHN_ADMIN_2025,2,1003672,1003672,,1000004,"Đặc khu Cát Hải","[""đặc khu cát hải"",""ä.khu cát hải"",""ä khu cát hải"",""khu cát hải"",""khu cat hai"",""dac khu cat hai"",""dackhucathai"",""khucathai""]",ACTIVE
GHN_ADMIN_2025,2,1003673,1003673,,1000004,"Phường An Dương","[""phường an dương"",""p.an dương"",""p an dương"",""an dương"",""an duong"",""phuong an duong"",""phuonganduong"",""anduong""]",ACTIVE
GHN_ADMIN_2025,2,1003674,1003674,,1000004,"Phường An Hải","[""phường an hải"",""p.an hải"",""p an hải"",""an hải"",""an hai"",""phuong an hai"",""phuonganhai"",""anhai""]",ACTIVE
GHN_ADMIN_2025,2,1003675,1003675,,1000004,"Phường An Phong","[""phường an phong"",""p.an phong"",""p an phong"",""an phong"",""phuong an phong"",""phuonganphong"",""anphong""]",ACTIVE
GHN_ADMIN_2025,2,1003676,1003676,,1000004,"Phường Dương Kinh","[""phường dương kinh"",""p.dương kinh"",""p dương kinh"",""dương kinh"",""duong kinh"",""phuong duong kinh"",""phuongduongkinh"",""duongkinh""]",ACTIVE
GHN_ADMIN_2025,2,1003677,1003677,,1000004,"Phường Hưng Đạo","[""phường hưng đạo"",""p.hưng đạo"",""p hưng đạo"",""hưng đạo"",""hung dao"",""phuong hung dao"",""phuonghungdao"",""hungdao""]",ACTIVE
GHN_ADMIN_2025,2,1003678,1003678,,1000004,"Phường Hải An","[""phường hải an"",""p.hải an"",""p hải an"",""hải an"",""hai an"",""phuong hai an"",""phuonghaian"",""haian""]",ACTIVE
GHN_ADMIN_2025,2,1003679,1003679,,1000004,"Phường Đông Hải","[""phường đông hải"",""p.đông hải"",""p đông hải"",""đông hải"",""dong hai"",""phuong dong hai"",""phuongdonghai"",""donghai""]",ACTIVE
GHN_ADMIN_2025,2,1003680,1003680,,1000004,"Phường Hồng An","[""phường hồng an"",""p.hồng an"",""p hồng an"",""hồng an"",""hong an"",""phuong hong an"",""phuonghongan"",""hongan""]",ACTIVE
GHN_ADMIN_2025,2,1003681,1003681,,1000004,"Phường Hồng Bàng","[""phường hồng bàng"",""p.hồng bàng"",""p hồng bàng"",""hồng bàng"",""hong bang"",""phuong hong bang"",""phuonghongbang"",""hongbang""]",ACTIVE
GHN_ADMIN_2025,2,1003682,1003682,,1000004,"Phường Kiến An","[""phường kiến an"",""p.kiến an"",""p kiến an"",""kiến an"",""kien an"",""phuong kien an"",""phuongkienan"",""kienan""]",ACTIVE
GHN_ADMIN_2025,2,1003683,1003683,,1000004,"Phường Phù Liễn","[""phường phù liễn"",""p.phù liễn"",""p phù liễn"",""phù liễn"",""phu lien"",""phuong phu lien"",""phuongphulien"",""phulien""]",ACTIVE
GHN_ADMIN_2025,2,1003684,1003684,,1000004,"Phường An Biên","[""phường an biên"",""p.an biên"",""p an biên"",""an biên"",""an bien"",""phuong an bien"",""phuonganbien"",""anbien""]",ACTIVE
GHN_ADMIN_2025,2,1003685,1003685,,1000004,"Phường Lê Chân","[""phường lê chân"",""p.lê chân"",""p lê chân"",""lê chân"",""le chan"",""phuong le chan"",""phuonglechan"",""lechan""]",ACTIVE
GHN_ADMIN_2025,2,1003686,1003686,,1000004,"Phường Gia Viên","[""phường gia viên"",""p.gia viên"",""p gia viên"",""gia viên"",""gia vien"",""phuong gia vien"",""phuonggiavien"",""giavien""]",ACTIVE
GHN_ADMIN_2025,2,1003687,1003687,,1000004,"Phường Ngô Quyền","[""phường ngô quyền"",""p.ngô quyền"",""p ngô quyền"",""ngô quyền"",""ngo quyen"",""phuong ngo quyen"",""phuongngoquyen"",""ngoquyen""]",ACTIVE
GHN_ADMIN_2025,2,1003688,1003688,,1000004,"Phường Nam Đồ Sơn","[""phường nam đồ sơn"",""p.nam đồ sơn"",""p nam đồ sơn"",""nam đồ sơn"",""nam do son"",""phuong nam do son"",""phuongnamdoson"",""namdoson""]",ACTIVE
GHN_ADMIN_2025,2,1003689,1003689,,1000004,"Phường Đồ Sơn","[""phường đồ sơn"",""p.đồ sơn"",""p đồ sơn"",""đồ sơn"",""do son"",""phuong do son"",""phuongdoson"",""doson""]",ACTIVE
GHN_ADMIN_2025,2,1003690,1003690,,1000004,"Phường Bạch Đằng","[""phường bạch đằng"",""p.bạch đằng"",""p bạch đằng"",""bạch đằng"",""bach dang"",""phuong bach dang"",""phuongbachdang"",""bachdang""]",ACTIVE
GHN_ADMIN_2025,2,1003691,1003691,,1000004,"Phường Hòa Bình","[""phường hòa bình"",""p.hòa bình"",""p hòa bình"",""hòa bình"",""hoa binh"",""phuong hoa binh"",""phuonghoabinh"",""hoabinh""]",ACTIVE
GHN_ADMIN_2025,2,1003692,1003692,,1000004,"Phường Lê Ích Mộc","[""phường lê ích mộc"",""p.lê ích mộc"",""p lê ích mộc"",""lê ích mộc"",""le ich moc"",""phuong le ich moc"",""phuongleichmoc"",""leichmoc""]",ACTIVE
GHN_ADMIN_2025,2,1003693,1003693,,1000004,"Phường Lưu Kiếm","[""phường lưu kiếm"",""p.lưu kiếm"",""p lưu kiếm"",""lưu kiếm"",""luu kiem"",""phuong luu kiem"",""phuongluukiem"",""luukiem""]",ACTIVE
GHN_ADMIN_2025,2,1003694,1003694,,1000004,"Phường Nam Triệu","[""phường nam triệu"",""p.nam triệu"",""p nam triệu"",""nam triệu"",""nam trieu"",""phuong nam trieu"",""phuongnamtrieu"",""namtrieu""]",ACTIVE
GHN_ADMIN_2025,2,1003695,1003695,,1000004,"Phường Thiên Hương","[""phường thiên hương"",""p.thiên hương"",""p thiên hương"",""thiên hương"",""thien huong"",""phuong thien huong"",""phuongthienhuong"",""thienhuong""]",ACTIVE
GHN_ADMIN_2025,2,1003696,1003696,,1000004,"Phường Thủy Nguyên","[""phường thủy nguyên"",""p.thủy nguyên"",""p thủy nguyên"",""thủy nguyên"",""thuy nguyen"",""phuong thuy nguyen"",""phuongthuynguyen"",""thuynguyen""]",ACTIVE
GHN_ADMIN_2025,2,1003697,1003697,,1000004,"Xã Việt Khê","[""xã việt khê"",""x.việt khê"",""x việt khê"",""việt khê"",""viet khe"",""xa viet khe"",""xavietkhe"",""vietkhe""]",ACTIVE
GHN_ADMIN_2025,2,1003698,1003698,,1000004,"Xã Bình Giang","[""xã bình giang"",""x.bình giang"",""x bình giang"",""bình giang"",""binh giang"",""xa binh giang"",""xabinhgiang"",""binhgiang""]",ACTIVE
GHN_ADMIN_2025,2,1003699,1003699,,1000004,"Xã Kẻ Sặt","[""xã kẻ sặt"",""x.kẻ sặt"",""x kẻ sặt"",""kẻ sặt"",""ke sat"",""xa ke sat"",""xakesat"",""kesat""]",ACTIVE
GHN_ADMIN_2025,2,1003700,1003700,,1000004,"Xã Thượng Hồng","[""xã thượng hồng"",""x.thượng hồng"",""x thượng hồng"",""thượng hồng"",""thuong hong"",""xa thuong hong"",""xathuonghong"",""thuonghong""]",ACTIVE
GHN_ADMIN_2025,2,1003701,1003701,,1000004,"Xã Đường An","[""xã đường an"",""x.đường an"",""x đường an"",""đường an"",""duong an"",""xa duong an"",""xaduongan"",""duongan""]",ACTIVE
GHN_ADMIN_2025,2,1003702,1003702,,1000004,"Xã Cẩm Giang","[""xã cẩm giang"",""x.cẩm giang"",""x cẩm giang"",""cẩm giang"",""cam giang"",""xa cam giang"",""xacamgiang"",""camgiang""]",ACTIVE
GHN_ADMIN_2025,2,1003703,1003703,,1000004,"Xã Cẩm Giàng","[""xã cẩm giàng"",""x.cẩm giàng"",""x cẩm giàng"",""cẩm giàng"",""cam giang"",""xa cam giang"",""xacamgiang"",""camgiang""]",ACTIVE
GHN_ADMIN_2025,2,1003704,1003704,,1000004,"Xã Mao Điền","[""xã mao điền"",""x.mao điền"",""x mao điền"",""mao điền"",""mao dien"",""xa mao dien"",""xamaodien"",""maodien""]",ACTIVE
GHN_ADMIN_2025,2,1003705,1003705,,1000004,"Xã Tuệ Tĩnh","[""xã tuệ tĩnh"",""x.tuệ tĩnh"",""x tuệ tĩnh"",""tuệ tĩnh"",""tue tinh"",""xa tue tinh"",""xatuetinh"",""tuetinh""]",ACTIVE
GHN_ADMIN_2025,2,1003706,1003706,,1000004,"Xã Gia Lộc","[""xã gia lộc"",""x.gia lộc"",""x gia lộc"",""gia lộc"",""gia loc"",""xa gia loc"",""xagialoc"",""gialoc""]",ACTIVE
GHN_ADMIN_2025,2,1003707,1003707,,1000004,"Xã Gia Phúc","[""xã gia phúc"",""x.gia phúc"",""x gia phúc"",""gia phúc"",""gia phuc"",""xa gia phuc"",""xagiaphuc"",""giaphuc""]",ACTIVE
GHN_ADMIN_2025,2,1003708,1003708,,1000004,"Xã Trường Tân","[""xã trường tân"",""x.trường tân"",""x trường tân"",""trường tân"",""truong tan"",""xa truong tan"",""xatruongtan"",""truongtan""]",ACTIVE
GHN_ADMIN_2025,2,1003709,1003709,,1000004,"Xã Yết Kiêu","[""xã yết kiêu"",""x.yết kiêu"",""x yết kiêu"",""yết kiêu"",""yet kieu"",""xa yet kieu"",""xayetkieu"",""yetkieu""]",ACTIVE
GHN_ADMIN_2025,2,1003710,1003710,,1000004,"Xã An Thành","[""xã an thành"",""x.an thành"",""x an thành"",""an thành"",""an thanh"",""xa an thanh"",""xaanthanh"",""anthanh""]",ACTIVE
GHN_ADMIN_2025,2,1003711,1003711,,1000004,"Xã Kim Thành","[""xã kim thành"",""x.kim thành"",""x kim thành"",""kim thành"",""kim thanh"",""xa kim thanh"",""xakimthanh"",""kimthanh""]",ACTIVE
GHN_ADMIN_2025,2,1003712,1003712,,1000004,"Xã Lai Khê","[""xã lai khê"",""x.lai khê"",""x lai khê"",""lai khê"",""lai khe"",""xa lai khe"",""xalaikhe"",""laikhe""]",ACTIVE
GHN_ADMIN_2025,2,1003713,1003713,,1000004,"Xã Phú Thái","[""xã phú thái"",""x.phú thái"",""x phú thái"",""phú thái"",""phu thai"",""xa phu thai"",""xaphuthai"",""phuthai""]",ACTIVE
GHN_ADMIN_2025,2,1003714,1003714,,1000004,"Xã An Phú","[""xã an phú"",""x.an phú"",""x an phú"",""an phú"",""an phu"",""xa an phu"",""xaanphu"",""anphu""]",ACTIVE
GHN_ADMIN_2025,2,1003715,1003715,,1000004,"Xã Hợp Tiến","[""xã hợp tiến"",""x.hợp tiến"",""x hợp tiến"",""hợp tiến"",""hop tien"",""xa hop tien"",""xahoptien"",""hoptien""]",ACTIVE
GHN_ADMIN_2025,2,1003716,1003716,,1000004,"Xã Nam Sách","[""xã nam sách"",""x.nam sách"",""x nam sách"",""nam sách"",""nam sach"",""xa nam sach"",""xanamsach"",""namsach""]",ACTIVE
GHN_ADMIN_2025,2,1003717,1003717,,1000004,"Xã Thái Tân","[""xã thái tân"",""x.thái tân"",""x thái tân"",""thái tân"",""thai tan"",""xa thai tan"",""xathaitan"",""thaitan""]",ACTIVE
GHN_ADMIN_2025,2,1003718,1003718,,1000004,"Xã Trần Phú","[""xã trần phú"",""x.trần phú"",""x trần phú"",""trần phú"",""tran phu"",""xa tran phu"",""xatranphu"",""tranphu""]",ACTIVE
GHN_ADMIN_2025,2,1003719,1003719,,1000004,"Xã Hồng Châu","[""xã hồng châu"",""x.hồng châu"",""x hồng châu"",""hồng châu"",""hong chau"",""xa hong chau"",""xahongchau"",""hongchau""]",ACTIVE
GHN_ADMIN_2025,2,1003720,1003720,,1000004,"Xã Khúc Thừa Dụ","[""xã khúc thừa dụ"",""x.khúc thừa dụ"",""x khúc thừa dụ"",""khúc thừa dụ"",""khuc thua du"",""xa khuc thua du"",""xakhucthuadu"",""khucthuadu""]",ACTIVE
GHN_ADMIN_2025,2,1003721,1003721,,1000004,"Xã Ninh Giang","[""xã ninh giang"",""x.ninh giang"",""x ninh giang"",""ninh giang"",""xa ninh giang"",""xaninhgiang"",""ninhgiang""]",ACTIVE
GHN_ADMIN_2025,2,1003722,1003722,,1000004,"Xã Tân An","[""xã tân an"",""x.tân an"",""x tân an"",""tân an"",""tan an"",""xa tan an"",""xatanan"",""tanan""]",ACTIVE
GHN_ADMIN_2025,2,1003723,1003723,,1000004,"Xã Vĩnh Lại","[""xã vĩnh lại"",""x.vĩnh lại"",""x vĩnh lại"",""vĩnh lại"",""vinh lai"",""xa vinh lai"",""xavinhlai"",""vinhlai""]",ACTIVE
GHN_ADMIN_2025,2,1003724,1003724,,1000004,"Xã Hà Bắc","[""xã hà bắc"",""x.hà bắc"",""x hà bắc"",""hà bắc"",""ha bac"",""xa ha bac"",""xahabac"",""habac""]",ACTIVE
GHN_ADMIN_2025,2,1003725,1003725,,1000004,"Xã Hà Nam","[""xã hà nam"",""x.hà nam"",""x hà nam"",""hà nam"",""ha nam"",""xa ha nam"",""xahanam"",""hanam""]",ACTIVE
GHN_ADMIN_2025,2,1003726,1003726,,1000004,"Xã Hà Tây","[""xã hà tây"",""x.hà tây"",""x hà tây"",""hà tây"",""ha tay"",""xa ha tay"",""xahatay"",""hatay""]",ACTIVE
GHN_ADMIN_2025,2,1003727,1003727,,1000004,"Xã Hà Đông","[""xã hà đông"",""x.hà đông"",""x hà đông"",""hà đông"",""ha dong"",""xa ha dong"",""xahadong"",""hadong""]",ACTIVE
GHN_ADMIN_2025,2,1003728,1003728,,1000004,"Xã Thanh Hà","[""xã thanh hà"",""x.thanh hà"",""x thanh hà"",""thanh hà"",""thanh ha"",""xa thanh ha"",""xathanhha"",""thanhha""]",ACTIVE
GHN_ADMIN_2025,2,1003729,1003729,,1000004,"Xã Bắc Thanh Miện","[""xã bắc thanh miện"",""x.bắc thanh miện"",""x bắc thanh miện"",""bắc thanh miện"",""bac thanh mien"",""xa bac thanh mien"",""xabacthanhmien"",""bacthanhmien""]",ACTIVE
GHN_ADMIN_2025,2,1003730,1003730,,1000004,"Xã Hải Hưng","[""xã hải hưng"",""x.hải hưng"",""x hải hưng"",""hải hưng"",""hai hung"",""xa hai hung"",""xahaihung"",""haihung""]",ACTIVE
GHN_ADMIN_2025,2,1003731,1003731,,1000004,"Xã Nam Thanh Miện","[""xã nam thanh miện"",""x.nam thanh miện"",""x nam thanh miện"",""nam thanh miện"",""nam thanh mien"",""xa nam thanh mien"",""xanamthanhmien"",""namthanhmien""]",ACTIVE
GHN_ADMIN_2025,2,1003732,1003732,,1000004,"Xã Nguyễn Lương Bằng","[""xã nguyễn lương bằng"",""x.nguyễn lương bằng"",""x nguyễn lương bằng"",""nguyễn lương bằng"",""nguyen luong bang"",""xa nguyen luong bang"",""xanguyenluongbang"",""nguyenluongbang""]",ACTIVE
GHN_ADMIN_2025,2,1003733,1003733,,1000004,"Xã Thanh Miện","[""xã thanh miện"",""x.thanh miện"",""x thanh miện"",""thanh miện"",""thanh mien"",""xa thanh mien"",""xathanhmien"",""thanhmien""]",ACTIVE
GHN_ADMIN_2025,2,1003734,1003734,,1000004,"Xã Chí Minh","[""xã chí minh"",""x.chí minh"",""x chí minh"",""chí minh"",""chi minh"",""xa chi minh"",""xachiminh"",""chiminh""]",ACTIVE
GHN_ADMIN_2025,2,1003735,1003735,,1000004,"Xã Lạc Phượng","[""xã lạc phượng"",""x.lạc phượng"",""x lạc phượng"",""lạc phượng"",""lac phuong"",""xa lac phuong"",""xalacphuong"",""lacphuong""]",ACTIVE
GHN_ADMIN_2025,2,1003736,1003736,,1000004,"Xã Nguyên Giáp","[""xã nguyên giáp"",""x.nguyên giáp"",""x nguyên giáp"",""nguyên giáp"",""nguyen giap"",""xa nguyen giap"",""xanguyengiap"",""nguyengiap""]",ACTIVE
GHN_ADMIN_2025,2,1003737,1003737,,1000004,"Xã Tân Kỳ","[""xã tân kỳ"",""x.tân kỳ"",""x tân kỳ"",""tân kỳ"",""tan ky"",""xa tan ky"",""xatanky"",""tanky""]",ACTIVE
GHN_ADMIN_2025,2,1003738,1003738,,1000004,"Xã Tứ Kỳ","[""xã tứ kỳ"",""x.tứ kỳ"",""x tứ kỳ"",""tứ kỳ"",""tu ky"",""xa tu ky"",""xatuky"",""tuky""]",ACTIVE
GHN_ADMIN_2025,2,1003739,1003739,,1000004,"Xã Đại Sơn","[""xã đại sơn"",""x.đại sơn"",""x đại sơn"",""đại sơn"",""dai son"",""xa dai son"",""xadaison"",""daison""]",ACTIVE
GHN_ADMIN_2025,2,1003740,1003740,,1000004,"Phường Chu Văn An","[""phường chu văn an"",""p.chu văn an"",""p chu văn an"",""chu văn an"",""chu van an"",""phuong chu van an"",""phuongchuvanan"",""chuvanan""]",ACTIVE
GHN_ADMIN_2025,2,1003741,1003741,,1000004,"Phường Chí Linh","[""phường chí linh"",""p.chí linh"",""p chí linh"",""chí linh"",""chi linh"",""phuong chi linh"",""phuongchilinh"",""chilinh""]",ACTIVE
GHN_ADMIN_2025,2,1003742,1003742,,1000004,"Phường Lê Đại Hành","[""phường lê đại hành"",""p.lê đại hành"",""p lê đại hành"",""lê đại hành"",""le dai hanh"",""phuong le dai hanh"",""phuongledaihanh"",""ledaihanh""]",ACTIVE
GHN_ADMIN_2025,2,1003743,1003743,,1000004,"Phường Nguyễn Trãi","[""phường nguyễn trãi"",""p.nguyễn trãi"",""p nguyễn trãi"",""nguyễn trãi"",""nguyen trai"",""phuong nguyen trai"",""phuongnguyentrai"",""nguyentrai""]",ACTIVE
GHN_ADMIN_2025,2,1003744,1003744,,1000004,"Phường Trần Hưng Đạo","[""phường trần hưng đạo"",""p.trần hưng đạo"",""p trần hưng đạo"",""trần hưng đạo"",""tran hung dao"",""phuong tran hung dao"",""phuongtranhungdao"",""tranhungdao""]",ACTIVE
GHN_ADMIN_2025,2,1003745,1003745,,1000004,"Phường Trần Nhân Tông","[""phường trần nhân tông"",""p.trần nhân tông"",""p trần nhân tông"",""trần nhân tông"",""tran nhan tong"",""phuong tran nhan tong"",""phuongtrannhantong"",""trannhantong""]",ACTIVE
GHN_ADMIN_2025,2,1003746,1003746,,1000004,"Phường Hải Dương","[""phường hải dương"",""p.hải dương"",""p hải dương"",""hải dương"",""hai duong"",""phuong hai duong"",""phuonghaiduong"",""haiduong""]",ACTIVE
GHN_ADMIN_2025,2,1003747,1003747,,1000004,"Phường Lê Thanh Nghị","[""phường lê thanh nghị"",""p.lê thanh nghị"",""p lê thanh nghị"",""lê thanh nghị"",""le thanh nghi"",""phuong le thanh nghi"",""phuonglethanhnghi"",""lethanhnghi""]",ACTIVE
GHN_ADMIN_2025,2,1003748,1003748,,1000004,"Phường Nam Đồng","[""phường nam đồng"",""p.nam đồng"",""p nam đồng"",""nam đồng"",""nam dong"",""phuong nam dong"",""phuongnamdong"",""namdong""]",ACTIVE
GHN_ADMIN_2025,2,1003749,1003749,,1000004,"Phường Thành Đông","[""phường thành đông"",""p.thành đông"",""p thành đông"",""thành đông"",""thanh dong"",""phuong thanh dong"",""phuongthanhdong"",""thanhdong""]",ACTIVE
GHN_ADMIN_2025,2,1003750,1003750,,1000004,"Phường Thạch Khôi","[""phường thạch khôi"",""p.thạch khôi"",""p thạch khôi"",""thạch khôi"",""thach khoi"",""phuong thach khoi"",""phuongthachkhoi"",""thachkhoi""]",ACTIVE
GHN_ADMIN_2025,2,1003751,1003751,,1000004,"Phường Tân Hưng","[""phường tân hưng"",""p.tân hưng"",""p tân hưng"",""tân hưng"",""tan hung"",""phuong tan hung"",""phuongtanhung"",""tanhung""]",ACTIVE
GHN_ADMIN_2025,2,1003752,1003752,,1000004,"Phường Tứ Minh","[""phường tứ minh"",""p.tứ minh"",""p tứ minh"",""tứ minh"",""tu minh"",""phuong tu minh"",""phuongtuminh"",""tuminh""]",ACTIVE
GHN_ADMIN_2025,2,1003753,1003753,,1000004,"Phường Việt Hòa","[""phường việt hòa"",""p.việt hòa"",""p việt hòa"",""việt hòa"",""viet hoa"",""phuong viet hoa"",""phuongviethoa"",""viethoa""]",ACTIVE
GHN_ADMIN_2025,2,1003754,1003754,,1000004,"Phường Ái Quốc","[""phường ái quốc"",""p.ái quốc"",""p ái quốc"",""ái quốc"",""ai quoc"",""phuong ai quoc"",""phuongaiquoc"",""aiquoc""]",ACTIVE
GHN_ADMIN_2025,2,1003755,1003755,,1000004,"Phường Bắc An Phụ","[""phường bắc an phụ"",""p.bắc an phụ"",""p bắc an phụ"",""bắc an phụ"",""bac an phu"",""phuong bac an phu"",""phuongbacanphu"",""bacanphu""]",ACTIVE
GHN_ADMIN_2025,2,1003756,1003756,,1000004,"Phường Kinh Môn","[""phường kinh môn"",""p.kinh môn"",""p kinh môn"",""kinh môn"",""kinh mon"",""phuong kinh mon"",""phuongkinhmon"",""kinhmon""]",ACTIVE
GHN_ADMIN_2025,2,1003757,1003757,,1000004,"Phường Nguyễn Đại Năng","[""phường nguyễn đại năng"",""p.nguyễn đại năng"",""p nguyễn đại năng"",""nguyễn đại năng"",""nguyen dai nang"",""phuong nguyen dai nang"",""phuongnguyendainang"",""nguyendainang""]",ACTIVE
GHN_ADMIN_2025,2,1003758,1003758,,1000004,"Phường Nhị Chiểu","[""phường nhị chiểu"",""p.nhị chiểu"",""p nhị chiểu"",""nhị chiểu"",""nhi chieu"",""phuong nhi chieu"",""phuongnhichieu"",""nhichieu""]",ACTIVE
GHN_ADMIN_2025,2,1003759,1003759,,1000004,"Phường Phạm Sư Mạnh","[""phường phạm sư mạnh"",""p.phạm sư mạnh"",""p phạm sư mạnh"",""phạm sư mạnh"",""pham su manh"",""phuong pham su manh"",""phuongphamsumanh"",""phamsumanh""]",ACTIVE
GHN_ADMIN_2025,2,1003760,1003760,,1000004,"Phường Trần Liễu","[""phường trần liễu"",""p.trần liễu"",""p trần liễu"",""trần liễu"",""tran lieu"",""phuong tran lieu"",""phuongtranlieu"",""tranlieu""]",ACTIVE
GHN_ADMIN_2025,2,1003761,1003761,,1000004,"Xã Nam An Phụ","[""xã nam an phụ"",""x.nam an phụ"",""x nam an phụ"",""nam an phụ"",""nam an phu"",""xa nam an phu"",""xanamanphu"",""namanphu""]",ACTIVE
GHN_ADMIN_2025,2,1003762,1003762,,1000002,"Xã A Lưới 1","[""xã a lưới 1"",""x.a lưới 1"",""x a lưới 1"",""a lưới 1"",""a luoi 1"",""xa a luoi 1"",""xaaluoi"",""aluoi1""]",ACTIVE
GHN_ADMIN_2025,2,1003763,1003763,,1000002,"Xã A Lưới 2","[""xã a lưới 2"",""x.a lưới 2"",""x a lưới 2"",""a lưới 2"",""a luoi 2"",""xa a luoi 2"",""xaaluoi"",""aluoi2""]",ACTIVE
GHN_ADMIN_2025,2,1003764,1003764,,1000002,"Xã A Lưới 3","[""xã a lưới 3"",""x.a lưới 3"",""x a lưới 3"",""a lưới 3"",""a luoi 3"",""xa a luoi 3"",""xaaluoi"",""aluoi3""]",ACTIVE
GHN_ADMIN_2025,2,1003765,1003765,,1000002,"Xã A Lưới 4","[""xã a lưới 4"",""x.a lưới 4"",""x a lưới 4"",""a lưới 4"",""a luoi 4"",""xa a luoi 4"",""xaaluoi"",""aluoi4""]",ACTIVE
GHN_ADMIN_2025,2,1003766,1003766,,1000002,"Xã A Lưới 5","[""xã a lưới 5"",""x.a lưới 5"",""x a lưới 5"",""a lưới 5"",""a luoi 5"",""xa a luoi 5"",""xaaluoi"",""aluoi5""]",ACTIVE
GHN_ADMIN_2025,2,1003767,1003767,,1000002,"Xã Chân Mây - Lăng Cô","[""xã chân mây - lăng cô"",""x.chân mây - lăng cô"",""x chân mây - lăng cô"",""chân mây - lăng cô"",""chan may - lang co"",""xa chan may - lang co"",""xachanmaylangco"",""chanmay-langco""]",ACTIVE
GHN_ADMIN_2025,2,1003768,1003768,,1000002,"Xã Hưng Lộc","[""xã hưng lộc"",""x.hưng lộc"",""x hưng lộc"",""hưng lộc"",""hung loc"",""xa hung loc"",""xahungloc"",""hungloc""]",ACTIVE
GHN_ADMIN_2025,2,1003769,1003769,,1000002,"Xã Khe Tre","[""xã khe tre"",""x.khe tre"",""x khe tre"",""khe tre"",""xa khe tre"",""xakhetre"",""khetre""]",ACTIVE
GHN_ADMIN_2025,2,1003770,1003770,,1000002,"Xã Long Quảng","[""xã long quảng"",""x.long quảng"",""x long quảng"",""long quảng"",""long quang"",""xa long quang"",""xalongquang"",""longquang""]",ACTIVE
GHN_ADMIN_2025,2,1003771,1003771,,1000002,"Xã Lộc An","[""xã lộc an"",""x.lộc an"",""x lộc an"",""lộc an"",""loc an"",""xa loc an"",""xalocan"",""locan""]",ACTIVE
GHN_ADMIN_2025,2,1003772,1003772,,1000002,"Xã Nam Đông","[""xã nam đông"",""x.nam đông"",""x nam đông"",""nam đông"",""nam dong"",""xa nam dong"",""xanamdong"",""namdong""]",ACTIVE
GHN_ADMIN_2025,2,1003773,1003773,,1000002,"Xã Phú Lộc","[""xã phú lộc"",""x.phú lộc"",""x phú lộc"",""phú lộc"",""phu loc"",""xa phu loc"",""xaphuloc"",""phuloc""]",ACTIVE
GHN_ADMIN_2025,2,1003774,1003774,,1000002,"Xã Vinh Lộc","[""xã vinh lộc"",""x.vinh lộc"",""x vinh lộc"",""vinh lộc"",""vinh loc"",""xa vinh loc"",""xavinhloc"",""vinhloc""]",ACTIVE
GHN_ADMIN_2025,2,1003775,1003775,,1000002,"Xã Phú Hồ","[""xã phú hồ"",""x.phú hồ"",""x phú hồ"",""phú hồ"",""phu ho"",""xa phu ho"",""xaphuho"",""phuho""]",ACTIVE
GHN_ADMIN_2025,2,1003776,1003776,,1000002,"Xã Phú Vang","[""xã phú vang"",""x.phú vang"",""x phú vang"",""phú vang"",""phu vang"",""xa phu vang"",""xaphuvang"",""phuvang""]",ACTIVE
GHN_ADMIN_2025,2,1003777,1003777,,1000002,"Xã Phú Vinh","[""xã phú vinh"",""x.phú vinh"",""x phú vinh"",""phú vinh"",""phu vinh"",""xa phu vinh"",""xaphuvinh"",""phuvinh""]",ACTIVE
GHN_ADMIN_2025,2,1003778,1003778,,1000002,"Xã Quảng Điền","[""xã quảng điền"",""x.quảng điền"",""x quảng điền"",""quảng điền"",""quang dien"",""xa quang dien"",""xaquangdien"",""quangdien""]",ACTIVE
GHN_ADMIN_2025,2,1003779,1003779,,1000002,"Xã Đan Điền","[""xã đan điền"",""x.đan điền"",""x đan điền"",""đan điền"",""dan dien"",""xa dan dien"",""xadandien"",""dandien""]",ACTIVE
GHN_ADMIN_2025,2,1003780,1003780,,1000002,"Phường Hương An","[""phường hương an"",""p.hương an"",""p hương an"",""hương an"",""huong an"",""phuong huong an"",""phuonghuongan"",""huongan""]",ACTIVE
GHN_ADMIN_2025,2,1003781,1003781,,1000002,"Phường Kim Long","[""phường kim long"",""p.kim long"",""p kim long"",""kim long"",""phuong kim long"",""phuongkimlong"",""kimlong""]",ACTIVE
GHN_ADMIN_2025,2,1003782,1003782,,1000002,"Phường Phú Xuân","[""phường phú xuân"",""p.phú xuân"",""p phú xuân"",""phú xuân"",""phu xuan"",""phuong phu xuan"",""phuongphuxuan"",""phuxuan""]",ACTIVE
GHN_ADMIN_2025,2,1003783,1003783,,1000002,"Phường An Cựu","[""phường an cựu"",""p.an cựu"",""p an cựu"",""an cựu"",""an cuu"",""phuong an cuu"",""phuongancuu"",""ancuu""]",ACTIVE
GHN_ADMIN_2025,2,1003784,1003784,,1000002,"Phường Dương Nỗ","[""phường dương nỗ"",""p.dương nỗ"",""p dương nỗ"",""dương nỗ"",""duong no"",""phuong duong no"",""phuongduongno"",""duongno""]",ACTIVE
GHN_ADMIN_2025,2,1003785,1003785,,1000002,"Phường Hóa Châu","[""phường hóa châu"",""p.hóa châu"",""p hóa châu"",""hóa châu"",""hoa chau"",""phuong hoa chau"",""phuonghoachau"",""hoachau""]",ACTIVE
GHN_ADMIN_2025,2,1003786,1003786,,1000002,"Phường Mỹ Thượng","[""phường mỹ thượng"",""p.mỹ thượng"",""p mỹ thượng"",""mỹ thượng"",""my thuong"",""phuong my thuong"",""phuongmythuong"",""mythuong""]",ACTIVE
GHN_ADMIN_2025,2,1003787,1003787,,1000002,"Phường Thuận An","[""phường thuận an"",""p.thuận an"",""p thuận an"",""thuận an"",""thuan an"",""phuong thuan an"",""phuongthuanan"",""thuanan""]",ACTIVE
GHN_ADMIN_2025,2,1003788,1003788,,1000002,"Phường Thuận Hóa","[""phường thuận hóa"",""p.thuận hóa"",""p thuận hóa"",""thuận hóa"",""thuan hoa"",""phuong thuan hoa"",""phuongthuanhoa"",""thuanhoa""]",ACTIVE
GHN_ADMIN_2025,2,1003789,1003789,,1000002,"Phường Thủy Xuân","[""phường thủy xuân"",""p.thủy xuân"",""p thủy xuân"",""thủy xuân"",""thuy xuan"",""phuong thuy xuan"",""phuongthuyxuan"",""thuyxuan""]",ACTIVE
GHN_ADMIN_2025,2,1003790,1003790,,1000002,"Phường Vỹ Dạ","[""phường vỹ dạ"",""p.vỹ dạ"",""p vỹ dạ"",""vỹ dạ"",""vy da"",""phuong vy da"",""phuongvyda"",""vyda""]",ACTIVE
GHN_ADMIN_2025,2,1003791,1003791,,1000002,"Phường Hương Thủy","[""phường hương thủy"",""p.hương thủy"",""p hương thủy"",""hương thủy"",""huong thuy"",""phuong huong thuy"",""phuonghuongthuy"",""huongthuy""]",ACTIVE
GHN_ADMIN_2025,2,1003792,1003792,,1000002,"Phường Phú Bài","[""phường phú bài"",""p.phú bài"",""p phú bài"",""phú bài"",""phu bai"",""phuong phu bai"",""phuongphubai"",""phubai""]",ACTIVE
GHN_ADMIN_2025,2,1003793,1003793,,1000002,"Phường Thanh Thủy","[""phường thanh thủy"",""p.thanh thủy"",""p thanh thủy"",""thanh thủy"",""thanh thuy"",""phuong thanh thuy"",""phuongthanhthuy"",""thanhthuy""]",ACTIVE
GHN_ADMIN_2025,2,1003794,1003794,,1000002,"Phường Hương Trà","[""phường hương trà"",""p.hương trà"",""p hương trà"",""hương trà"",""huong tra"",""phuong huong tra"",""phuonghuongtra"",""huongtra""]",ACTIVE
GHN_ADMIN_2025,2,1003795,1003795,,1000002,"Phường Kim Trà","[""phường kim trà"",""p.kim trà"",""p kim trà"",""kim trà"",""kim tra"",""phuong kim tra"",""phuongkimtra"",""kimtra""]",ACTIVE
GHN_ADMIN_2025,2,1003796,1003796,,1000002,"Xã Bình Điền","[""xã bình điền"",""x.bình điền"",""x bình điền"",""bình điền"",""binh dien"",""xa binh dien"",""xabinhdien"",""binhdien""]",ACTIVE
GHN_ADMIN_2025,2,1003797,1003797,,1000002,"Phường Phong Dinh","[""phường phong dinh"",""p.phong dinh"",""p phong dinh"",""phong dinh"",""phuong phong dinh"",""phuongphongdinh"",""phongdinh""]",ACTIVE
GHN_ADMIN_2025,2,1003798,1003798,,1000002,"Phường Phong Phú","[""phường phong phú"",""p.phong phú"",""p phong phú"",""phong phú"",""phong phu"",""phuong phong phu"",""phuongphongphu"",""phongphu""]",ACTIVE
GHN_ADMIN_2025,2,1003799,1003799,,1000002,"Phường Phong Quảng","[""phường phong quảng"",""p.phong quảng"",""p phong quảng"",""phong quảng"",""phong quang"",""phuong phong quang"",""phuongphongquang"",""phongquang""]",ACTIVE
GHN_ADMIN_2025,2,1003800,1003800,,1000002,"Phường Phong Thái","[""phường phong thái"",""p.phong thái"",""p phong thái"",""phong thái"",""phong thai"",""phuong phong thai"",""phuongphongthai"",""phongthai""]",ACTIVE
GHN_ADMIN_2025,2,1003801,1003801,,1000002,"Phường Phong Điền","[""phường phong điền"",""p.phong điền"",""p phong điền"",""phong điền"",""phong dien"",""phuong phong dien"",""phuongphongdien"",""phongdien""]",ACTIVE
GHN_ADMIN_2025,2,1003802,1003802,,1000003,"Xã Bà Nà","[""xã bà nà"",""x.bà nà"",""x bà nà"",""bà nà"",""ba na"",""xa ba na"",""xabana"",""bana""]",ACTIVE
GHN_ADMIN_2025,2,1003803,1003803,,1000003,"Xã Hòa Tiến","[""xã hòa tiến"",""x.hòa tiến"",""x hòa tiến"",""hòa tiến"",""hoa tien"",""xa hoa tien"",""xahoatien"",""hoatien""]",ACTIVE
GHN_ADMIN_2025,2,1003804,1003804,,1000003,"Xã Hòa Vang","[""xã hòa vang"",""x.hòa vang"",""x hòa vang"",""hòa vang"",""hoa vang"",""xa hoa vang"",""xahoavang"",""hoavang""]",ACTIVE
GHN_ADMIN_2025,2,1003805,1003805,,1000003,"Đặc khu Hoàng Sa","[""đặc khu hoàng sa"",""ä.khu hoàng sa"",""ä khu hoàng sa"",""khu hoàng sa"",""khu hoang sa"",""dac khu hoang sa"",""dackhuhoangsa"",""khuhoangsa""]",ACTIVE
GHN_ADMIN_2025,2,1003806,1003806,,1000003,"Phường Cẩm Lệ","[""phường cẩm lệ"",""p.cẩm lệ"",""p cẩm lệ"",""cẩm lệ"",""cam le"",""phuong cam le"",""phuongcamle"",""camle""]",ACTIVE
GHN_ADMIN_2025,2,1003807,1003807,,1000003,"Phường Hòa Xuân","[""phường hòa xuân"",""p.hòa xuân"",""p hòa xuân"",""hòa xuân"",""hoa xuan"",""phuong hoa xuan"",""phuonghoaxuan"",""hoaxuan""]",ACTIVE
GHN_ADMIN_2025,2,1003808,1003808,,1000003,"Phường Hòa Cường","[""phường hòa cường"",""p.hòa cường"",""p hòa cường"",""hòa cường"",""hoa cuong"",""phuong hoa cuong"",""phuonghoacuong"",""hoacuong""]",ACTIVE
GHN_ADMIN_2025,2,1003809,1003809,,1000003,"Phường Hải Châu","[""phường hải châu"",""p.hải châu"",""p hải châu"",""hải châu"",""hai chau"",""phuong hai chau"",""phuonghaichau"",""haichau""]",ACTIVE
GHN_ADMIN_2025,2,1003810,1003810,,1000003,"Phường Hòa Khánh","[""phường hòa khánh"",""p.hòa khánh"",""p hòa khánh"",""hòa khánh"",""hoa khanh"",""phuong hoa khanh"",""phuonghoakhanh"",""hoakhanh""]",ACTIVE
GHN_ADMIN_2025,2,1003811,1003811,,1000003,"Phường Hải Vân","[""phường hải vân"",""p.hải vân"",""p hải vân"",""hải vân"",""hai van"",""phuong hai van"",""phuonghaivan"",""haivan""]",ACTIVE
GHN_ADMIN_2025,2,1003812,1003812,,1000003,"Phường Liên Chiểu","[""phường liên chiểu"",""p.liên chiểu"",""p liên chiểu"",""liên chiểu"",""lien chieu"",""phuong lien chieu"",""phuonglienchieu"",""lienchieu""]",ACTIVE
GHN_ADMIN_2025,2,1003813,1003813,,1000003,"Phường Ngũ Hành Sơn","[""phường ngũ hành sơn"",""p.ngũ hành sơn"",""p ngũ hành sơn"",""ngũ hành sơn"",""ngu hanh son"",""phuong ngu hanh son"",""phuongnguhanhson"",""nguhanhson""]",ACTIVE
GHN_ADMIN_2025,2,1003814,1003814,,1000003,"Phường An Hải","[""phường an hải"",""p.an hải"",""p an hải"",""an hải"",""an hai"",""phuong an hai"",""phuonganhai"",""anhai""]",ACTIVE
GHN_ADMIN_2025,2,1003815,1003815,,1000003,"Phường Sơn Trà","[""phường sơn trà"",""p.sơn trà"",""p sơn trà"",""sơn trà"",""son tra"",""phuong son tra"",""phuongsontra"",""sontra""]",ACTIVE
GHN_ADMIN_2025,2,1003816,1003816,,1000003,"Phường An Khê","[""phường an khê"",""p.an khê"",""p an khê"",""an khê"",""an khe"",""phuong an khe"",""phuongankhe"",""ankhe""]",ACTIVE
GHN_ADMIN_2025,2,1003817,1003817,,1000003,"Phường Thanh Khê","[""phường thanh khê"",""p.thanh khê"",""p thanh khê"",""thanh khê"",""thanh khe"",""phuong thanh khe"",""phuongthanhkhe"",""thanhkhe""]",ACTIVE
GHN_ADMIN_2025,2,1003818,1003818,,1000003,"Xã Trà Giáp","[""xã trà giáp"",""x.trà giáp"",""x trà giáp"",""trà giáp"",""tra giap"",""xa tra giap"",""xatragiap"",""tragiap""]",ACTIVE
GHN_ADMIN_2025,2,1003819,1003819,,1000003,"Xã Trà Liên","[""xã trà liên"",""x.trà liên"",""x trà liên"",""trà liên"",""tra lien"",""xa tra lien"",""xatralien"",""tralien""]",ACTIVE
GHN_ADMIN_2025,2,1003820,1003820,,1000003,"Xã Trà My","[""xã trà my"",""x.trà my"",""x trà my"",""trà my"",""tra my"",""xa tra my"",""xatramy"",""tramy""]",ACTIVE
GHN_ADMIN_2025,2,1003821,1003821,,1000003,"Xã Trà Tân","[""xã trà tân"",""x.trà tân"",""x trà tân"",""trà tân"",""tra tan"",""xa tra tan"",""xatratan"",""tratan""]",ACTIVE
GHN_ADMIN_2025,2,1003822,1003822,,1000003,"Xã Trà Đốc","[""xã trà đốc"",""x.trà đốc"",""x trà đốc"",""trà đốc"",""tra doc"",""xa tra doc"",""xatradoc"",""tradoc""]",ACTIVE
GHN_ADMIN_2025,2,1003823,1003823,,1000003,"Xã Duy Nghĩa","[""xã duy nghĩa"",""x.duy nghĩa"",""x duy nghĩa"",""duy nghĩa"",""duy nghia"",""xa duy nghia"",""xaduynghia"",""duynghia""]",ACTIVE
GHN_ADMIN_2025,2,1003824,1003824,,1000003,"Xã Duy Xuyên","[""xã duy xuyên"",""x.duy xuyên"",""x duy xuyên"",""duy xuyên"",""duy xuyen"",""xa duy xuyen"",""xaduyxuyen"",""duyxuyen""]",ACTIVE
GHN_ADMIN_2025,2,1003825,1003825,,1000003,"Xã Nam Phước","[""xã nam phước"",""x.nam phước"",""x nam phước"",""nam phước"",""nam phuoc"",""xa nam phuoc"",""xanamphuoc"",""namphuoc""]",ACTIVE
GHN_ADMIN_2025,2,1003826,1003826,,1000003,"Xã Thu Bồn","[""xã thu bồn"",""x.thu bồn"",""x thu bồn"",""thu bồn"",""thu bon"",""xa thu bon"",""xathubon"",""thubon""]",ACTIVE
GHN_ADMIN_2025,2,1003827,1003827,,1000003,"Xã Hiệp Đức","[""xã hiệp đức"",""x.hiệp đức"",""x hiệp đức"",""hiệp đức"",""hiep duc"",""xa hiep duc"",""xahiepduc"",""hiepduc""]",ACTIVE
GHN_ADMIN_2025,2,1003828,1003828,,1000003,"Xã Phước Trà","[""xã phước trà"",""x.phước trà"",""x phước trà"",""phước trà"",""phuoc tra"",""xa phuoc tra"",""xaphuoctra"",""phuoctra""]",ACTIVE
GHN_ADMIN_2025,2,1003829,1003829,,1000003,"Xã Việt An","[""xã việt an"",""x.việt an"",""x việt an"",""việt an"",""viet an"",""xa viet an"",""xavietan"",""vietan""]",ACTIVE
GHN_ADMIN_2025,2,1003830,1003830,,1000003,"Xã Bến Giằng","[""xã bến giằng"",""x.bến giằng"",""x bến giằng"",""bến giằng"",""ben giang"",""xa ben giang"",""xabengiang"",""bengiang""]",ACTIVE
GHN_ADMIN_2025,2,1003831,1003831,,1000003,"Xã La Dêê","[""xã la dêê"",""x.la dêê"",""x la dêê"",""la dêê"",""la dee"",""xa la dee"",""xaladee"",""ladee""]",ACTIVE
GHN_ADMIN_2025,2,1003832,1003832,,1000003,"Xã La Êê","[""xã la êê"",""x.la êê"",""x la êê"",""la êê"",""la ee"",""xa la ee"",""xalaee"",""laee""]",ACTIVE
GHN_ADMIN_2025,2,1003833,1003833,,1000003,"Xã Nam Giang","[""xã nam giang"",""x.nam giang"",""x nam giang"",""nam giang"",""xa nam giang"",""xanamgiang"",""namgiang""]",ACTIVE
GHN_ADMIN_2025,2,1003834,1003834,,1000003,"Xã Thạnh Mỹ","[""xã thạnh mỹ"",""x.thạnh mỹ"",""x thạnh mỹ"",""thạnh mỹ"",""thanh my"",""xa thanh my"",""xathanhmy"",""thanhmy""]",ACTIVE
GHN_ADMIN_2025,2,1003835,1003835,,1000003,"Xã Đắc Pring","[""xã đắc pring"",""x.đắc pring"",""x đắc pring"",""đắc pring"",""dac pring"",""xa dac pring"",""xadacpring"",""dacpring""]",ACTIVE
GHN_ADMIN_2025,2,1003836,1003836,,1000003,"Xã Nam Trà My","[""xã nam trà my"",""x.nam trà my"",""x nam trà my"",""nam trà my"",""nam tra my"",""xa nam tra my"",""xanamtramy"",""namtramy""]",ACTIVE
GHN_ADMIN_2025,2,1003837,1003837,,1000003,"Xã Trà Leng","[""xã trà leng"",""x.trà leng"",""x trà leng"",""trà leng"",""tra leng"",""xa tra leng"",""xatraleng"",""traleng""]",ACTIVE
GHN_ADMIN_2025,2,1003838,1003838,,1000003,"Xã Trà Linh","[""xã trà linh"",""x.trà linh"",""x trà linh"",""trà linh"",""tra linh"",""xa tra linh"",""xatralinh"",""tralinh""]",ACTIVE
GHN_ADMIN_2025,2,1003839,1003839,,1000003,"Xã Trà Tập","[""xã trà tập"",""x.trà tập"",""x trà tập"",""trà tập"",""tra tap"",""xa tra tap"",""xatratap"",""tratap""]",ACTIVE
GHN_ADMIN_2025,2,1003840,1003840,,1000003,"Xã Trà Vân","[""xã trà vân"",""x.trà vân"",""x trà vân"",""trà vân"",""tra van"",""xa tra van"",""xatravan"",""travan""]",ACTIVE
GHN_ADMIN_2025,2,1003841,1003841,,1000003,"Xã Núi Thành","[""xã núi thành"",""x.núi thành"",""x núi thành"",""núi thành"",""nui thanh"",""xa nui thanh"",""xanuithanh"",""nuithanh""]",ACTIVE
GHN_ADMIN_2025,2,1003842,1003842,,1000003,"Xã Tam Anh","[""xã tam anh"",""x.tam anh"",""x tam anh"",""tam anh"",""xa tam anh"",""xatamanh"",""tamanh""]",ACTIVE
GHN_ADMIN_2025,2,1003843,1003843,,1000003,"Xã Tam Hải","[""xã tam hải"",""x.tam hải"",""x tam hải"",""tam hải"",""tam hai"",""xa tam hai"",""xatamhai"",""tamhai""]",ACTIVE
GHN_ADMIN_2025,2,1003844,1003844,,1000003,"Xã Tam Mỹ","[""xã tam mỹ"",""x.tam mỹ"",""x tam mỹ"",""tam mỹ"",""tam my"",""xa tam my"",""xatammy"",""tammy""]",ACTIVE
GHN_ADMIN_2025,2,1003845,1003845,,1000003,"Xã Tam Xuân","[""xã tam xuân"",""x.tam xuân"",""x tam xuân"",""tam xuân"",""tam xuan"",""xa tam xuan"",""xatamxuan"",""tamxuan""]",ACTIVE
GHN_ADMIN_2025,2,1003846,1003846,,1000003,"Xã Đức Phú","[""xã đức phú"",""x.đức phú"",""x đức phú"",""đức phú"",""duc phu"",""xa duc phu"",""xaducphu"",""ducphu""]",ACTIVE
GHN_ADMIN_2025,2,1003847,1003847,,1000003,"Xã Chiên Đàn","[""xã chiên đàn"",""x.chiên đàn"",""x chiên đàn"",""chiên đàn"",""chien dan"",""xa chien dan"",""xachiendan"",""chiendan""]",ACTIVE
GHN_ADMIN_2025,2,1003848,1003848,,1000003,"Xã Phú Ninh","[""xã phú ninh"",""x.phú ninh"",""x phú ninh"",""phú ninh"",""phu ninh"",""xa phu ninh"",""xaphuninh"",""phuninh""]",ACTIVE
GHN_ADMIN_2025,2,1003849,1003849,,1000003,"Xã Tây Hồ","[""xã tây hồ"",""x.tây hồ"",""x tây hồ"",""tây hồ"",""tay ho"",""xa tay ho"",""xatayho"",""tayho""]",ACTIVE
GHN_ADMIN_2025,2,1003850,1003850,,1000003,"Xã Khâm Đức","[""xã khâm đức"",""x.khâm đức"",""x khâm đức"",""khâm đức"",""kham duc"",""xa kham duc"",""xakhamduc"",""khamduc""]",ACTIVE
GHN_ADMIN_2025,2,1003851,1003851,,1000003,"Xã Phước Chánh","[""xã phước chánh"",""x.phước chánh"",""x phước chánh"",""phước chánh"",""phuoc chanh"",""xa phuoc chanh"",""xaphuocchanh"",""phuocchanh""]",ACTIVE
GHN_ADMIN_2025,2,1003852,1003852,,1000003,"Xã Phước Hiệp","[""xã phước hiệp"",""x.phước hiệp"",""x phước hiệp"",""phước hiệp"",""phuoc hiep"",""xa phuoc hiep"",""xaphuochiep"",""phuochiep""]",ACTIVE
GHN_ADMIN_2025,2,1003853,1003853,,1000003,"Xã Phước Năng","[""xã phước năng"",""x.phước năng"",""x phước năng"",""phước năng"",""phuoc nang"",""xa phuoc nang"",""xaphuocnang"",""phuocnang""]",ACTIVE
GHN_ADMIN_2025,2,1003854,1003854,,1000003,"Xã Phước Thành","[""xã phước thành"",""x.phước thành"",""x phước thành"",""phước thành"",""phuoc thanh"",""xa phuoc thanh"",""xaphuocthanh"",""phuocthanh""]",ACTIVE
GHN_ADMIN_2025,2,1003855,1003855,,1000003,"Xã Nông Sơn","[""xã nông sơn"",""x.nông sơn"",""x nông sơn"",""nông sơn"",""nong son"",""xa nong son"",""xanongson"",""nongson""]",ACTIVE
GHN_ADMIN_2025,2,1003856,1003856,,1000003,"Xã Quế Phước","[""xã quế phước"",""x.quế phước"",""x quế phước"",""quế phước"",""que phuoc"",""xa que phuoc"",""xaquephuoc"",""quephuoc""]",ACTIVE
GHN_ADMIN_2025,2,1003857,1003857,,1000003,"Xã Quế Sơn","[""xã quế sơn"",""x.quế sơn"",""x quế sơn"",""quế sơn"",""que son"",""xa que son"",""xaqueson"",""queson""]",ACTIVE
GHN_ADMIN_2025,2,1003858,1003858,,1000003,"Xã Quế Sơn Trung","[""xã quế sơn trung"",""x.quế sơn trung"",""x quế sơn trung"",""quế sơn trung"",""que son trung"",""xa que son trung"",""xaquesontrung"",""quesontrung""]",ACTIVE
GHN_ADMIN_2025,2,1003859,1003859,,1000003,"Xã Xuân Phú","[""xã xuân phú"",""x.xuân phú"",""x xuân phú"",""xuân phú"",""xuan phu"",""xa xuan phu"",""xaxuanphu"",""xuanphu""]",ACTIVE
GHN_ADMIN_2025,2,1003860,1003860,,1000003,"Xã Thăng An","[""xã thăng an"",""x.thăng an"",""x thăng an"",""thăng an"",""thang an"",""xa thang an"",""xathangan"",""thangan""]",ACTIVE
GHN_ADMIN_2025,2,1003861,1003861,,1000003,"Xã Thăng Bình","[""xã thăng bình"",""x.thăng bình"",""x thăng bình"",""thăng bình"",""thang binh"",""xa thang binh"",""xathangbinh"",""thangbinh""]",ACTIVE
GHN_ADMIN_2025,2,1003862,1003862,,1000003,"Xã Thăng Phú","[""xã thăng phú"",""x.thăng phú"",""x thăng phú"",""thăng phú"",""thang phu"",""xa thang phu"",""xathangphu"",""thangphu""]",ACTIVE
GHN_ADMIN_2025,2,1003863,1003863,,1000003,"Xã Thăng Trường","[""xã thăng trường"",""x.thăng trường"",""x thăng trường"",""thăng trường"",""thang truong"",""xa thang truong"",""xathangtruong"",""thangtruong""]",ACTIVE
GHN_ADMIN_2025,2,1003864,1003864,,1000003,"Xã Thăng Điền","[""xã thăng điền"",""x.thăng điền"",""x thăng điền"",""thăng điền"",""thang dien"",""xa thang dien"",""xathangdien"",""thangdien""]",ACTIVE
GHN_ADMIN_2025,2,1003865,1003865,,1000003,"Xã Đồng Dương","[""xã đồng dương"",""x.đồng dương"",""x đồng dương"",""đồng dương"",""dong duong"",""xa dong duong"",""xadongduong"",""dongduong""]",ACTIVE
GHN_ADMIN_2025,2,1003866,1003866,,1000003,"Xã Lãnh Ngọc","[""xã lãnh ngọc"",""x.lãnh ngọc"",""x lãnh ngọc"",""lãnh ngọc"",""lanh ngoc"",""xa lanh ngoc"",""xalanhngoc"",""lanhngoc""]",ACTIVE
GHN_ADMIN_2025,2,1003867,1003867,,1000003,"Xã Sơn Cẩm Hà","[""xã sơn cẩm hà"",""x.sơn cẩm hà"",""x sơn cẩm hà"",""sơn cẩm hà"",""son cam ha"",""xa son cam ha"",""xasoncamha"",""soncamha""]",ACTIVE
GHN_ADMIN_2025,2,1003868,1003868,,1000003,"Xã Thạnh Bình","[""xã thạnh bình"",""x.thạnh bình"",""x thạnh bình"",""thạnh bình"",""thanh binh"",""xa thanh binh"",""xathanhbinh"",""thanhbinh""]",ACTIVE
GHN_ADMIN_2025,2,1003869,1003869,,1000003,"Xã Tiên Phước","[""xã tiên phước"",""x.tiên phước"",""x tiên phước"",""tiên phước"",""tien phuoc"",""xa tien phuoc"",""xatienphuoc"",""tienphuoc""]",ACTIVE
GHN_ADMIN_2025,2,1003870,1003870,,1000003,"Xã Avương","[""xã avương"",""x.avương"",""x avương"",""avương"",""avuong"",""xa avuong"",""xaavuong"",""avuong""]",ACTIVE
GHN_ADMIN_2025,2,1003871,1003871,,1000003,"Xã Hùng Sơn","[""xã hùng sơn"",""x.hùng sơn"",""x hùng sơn"",""hùng sơn"",""hung son"",""xa hung son"",""xahungson"",""hungson""]",ACTIVE
GHN_ADMIN_2025,2,1003872,1003872,,1000003,"Xã Tây Giang","[""xã tây giang"",""x.tây giang"",""x tây giang"",""tây giang"",""tay giang"",""xa tay giang"",""xataygiang"",""taygiang""]",ACTIVE
GHN_ADMIN_2025,2,1003873,1003873,,1000003,"Xã Bến Hiên","[""xã bến hiên"",""x.bến hiên"",""x bến hiên"",""bến hiên"",""ben hien"",""xa ben hien"",""xabenhien"",""benhien""]",ACTIVE
GHN_ADMIN_2025,2,1003874,1003874,,1000003,"Xã Sông Kôn","[""xã sông kôn"",""x.sông kôn"",""x sông kôn"",""sông kôn"",""song kon"",""xa song kon"",""xasongkon"",""songkon""]",ACTIVE
GHN_ADMIN_2025,2,1003875,1003875,,1000003,"Xã Sông Vàng","[""xã sông vàng"",""x.sông vàng"",""x sông vàng"",""sông vàng"",""song vang"",""xa song vang"",""xasongvang"",""songvang""]",ACTIVE
GHN_ADMIN_2025,2,1003876,1003876,,1000003,"Xã Đông Giang","[""xã đông giang"",""x.đông giang"",""x đông giang"",""đông giang"",""dong giang"",""xa dong giang"",""xadonggiang"",""donggiang""]",ACTIVE
GHN_ADMIN_2025,2,1003877,1003877,,1000003,"Xã Hà Nha","[""xã hà nha"",""x.hà nha"",""x hà nha"",""hà nha"",""ha nha"",""xa ha nha"",""xahanha"",""hanha""]",ACTIVE
GHN_ADMIN_2025,2,1003878,1003878,,1000003,"Xã Phú Thuận","[""xã phú thuận"",""x.phú thuận"",""x phú thuận"",""phú thuận"",""phu thuan"",""xa phu thuan"",""xaphuthuan"",""phuthuan""]",ACTIVE
GHN_ADMIN_2025,2,1003879,1003879,,1000003,"Xã Thượng Đức","[""xã thượng đức"",""x.thượng đức"",""x thượng đức"",""thượng đức"",""thuong duc"",""xa thuong duc"",""xathuongduc"",""thuongduc""]",ACTIVE
GHN_ADMIN_2025,2,1003880,1003880,,1000003,"Xã Vu Gia","[""xã vu gia"",""x.vu gia"",""x vu gia"",""vu gia"",""xa vu gia"",""xavugia"",""vugia""]",ACTIVE
GHN_ADMIN_2025,2,1003881,1003881,,1000003,"Xã Đại Lộc","[""xã đại lộc"",""x.đại lộc"",""x đại lộc"",""đại lộc"",""dai loc"",""xa dai loc"",""xadailoc"",""dailoc""]",ACTIVE
GHN_ADMIN_2025,2,1003882,1003882,,1000003,"Phường Hội An","[""phường hội an"",""p.hội an"",""p hội an"",""hội an"",""hoi an"",""phuong hoi an"",""phuonghoian"",""hoian""]",ACTIVE
GHN_ADMIN_2025,2,1003883,1003883,,1000003,"Phường Hội An Tây","[""phường hội an tây"",""p.hội an tây"",""p hội an tây"",""hội an tây"",""hoi an tay"",""phuong hoi an tay"",""phuonghoiantay"",""hoiantay""]",ACTIVE
GHN_ADMIN_2025,2,1003884,1003884,,1000003,"Phường Hội An Đông","[""phường hội an đông"",""p.hội an đông"",""p hội an đông"",""hội an đông"",""hoi an dong"",""phuong hoi an dong"",""phuonghoiandong"",""hoiandong""]",ACTIVE
GHN_ADMIN_2025,2,1003885,1003885,,1000003,"Xã Tân Hiệp","[""xã tân hiệp"",""x.tân hiệp"",""x tân hiệp"",""tân hiệp"",""tan hiep"",""xa tan hiep"",""xatanhiep"",""tanhiep""]",ACTIVE
GHN_ADMIN_2025,2,1003886,1003886,,1000003,"Phường Bàn Thạch","[""phường bàn thạch"",""p.bàn thạch"",""p bàn thạch"",""bàn thạch"",""ban thach"",""phuong ban thach"",""phuongbanthach"",""banthach""]",ACTIVE
GHN_ADMIN_2025,2,1003887,1003887,,1000003,"Phường Hương Trà","[""phường hương trà"",""p.hương trà"",""p hương trà"",""hương trà"",""huong tra"",""phuong huong tra"",""phuonghuongtra"",""huongtra""]",ACTIVE
GHN_ADMIN_2025,2,1003888,1003888,,1000003,"Phường Quảng Phú","[""phường quảng phú"",""p.quảng phú"",""p quảng phú"",""quảng phú"",""quang phu"",""phuong quang phu"",""phuongquangphu"",""quangphu""]",ACTIVE
GHN_ADMIN_2025,2,1003889,1003889,,1000003,"Phường Tam Kỳ","[""phường tam kỳ"",""p.tam kỳ"",""p tam kỳ"",""tam kỳ"",""tam ky"",""phuong tam ky"",""phuongtamky"",""tamky""]",ACTIVE
GHN_ADMIN_2025,2,1003890,1003890,,1000003,"Phường An Thắng","[""phường an thắng"",""p.an thắng"",""p an thắng"",""an thắng"",""an thang"",""phuong an thang"",""phuonganthang"",""anthang""]",ACTIVE
GHN_ADMIN_2025,2,1003891,1003891,,1000003,"Phường Điện Bàn","[""phường điện bàn"",""p.điện bàn"",""p điện bàn"",""điện bàn"",""dien ban"",""phuong dien ban"",""phuongdienban"",""dienban""]",ACTIVE
GHN_ADMIN_2025,2,1003892,1003892,,1000003,"Phường Điện Bàn Bắc","[""phường điện bàn bắc"",""p.điện bàn bắc"",""p điện bàn bắc"",""điện bàn bắc"",""dien ban bac"",""phuong dien ban bac"",""phuongdienbanbac"",""dienbanbac""]",ACTIVE
GHN_ADMIN_2025,2,1003893,1003893,,1000003,"Phường Điện Bàn Đông","[""phường điện bàn đông"",""p.điện bàn đông"",""p điện bàn đông"",""điện bàn đông"",""dien ban dong"",""phuong dien ban dong"",""phuongdienbandong"",""dienbandong""]",ACTIVE
GHN_ADMIN_2025,2,1003894,1003894,,1000003,"Xã Gò Nổi","[""xã gò nổi"",""x.gò nổi"",""x gò nổi"",""gò nổi"",""go noi"",""xa go noi"",""xagonoi"",""gonoi""]",ACTIVE
GHN_ADMIN_2025,2,1003895,1003895,,1000003,"Xã Điện Bàn Tây","[""xã điện bàn tây"",""x.điện bàn tây"",""x điện bàn tây"",""điện bàn tây"",""dien ban tay"",""xa dien ban tay"",""xadienbantay"",""dienbantay""]",ACTIVE
GHN_ADMIN_2025,2,1003896,1003896,,1000005,"Xã Cờ Đỏ","[""xã cờ đỏ"",""x.cờ đỏ"",""x cờ đỏ"",""cờ đỏ"",""co do"",""xa co do"",""xacodo"",""codo""]",ACTIVE
GHN_ADMIN_2025,2,1003897,1003897,,1000005,"Xã Thạnh Phú","[""xã thạnh phú"",""x.thạnh phú"",""x thạnh phú"",""thạnh phú"",""thanh phu"",""xa thanh phu"",""xathanhphu"",""thanhphu""]",ACTIVE
GHN_ADMIN_2025,2,1003898,1003898,,1000005,"Xã Thới Hưng","[""xã thới hưng"",""x.thới hưng"",""x thới hưng"",""thới hưng"",""thoi hung"",""xa thoi hung"",""xathoihung"",""thoihung""]",ACTIVE
GHN_ADMIN_2025,2,1003899,1003899,,1000005,"Xã Trung Hưng","[""xã trung hưng"",""x.trung hưng"",""x trung hưng"",""trung hưng"",""trung hung"",""xa trung hung"",""xatrunghung"",""trunghung""]",ACTIVE
GHN_ADMIN_2025,2,1003900,1003900,,1000005,"Xã Đông Hiệp","[""xã đông hiệp"",""x.đông hiệp"",""x đông hiệp"",""đông hiệp"",""dong hiep"",""xa dong hiep"",""xadonghiep"",""donghiep""]",ACTIVE
GHN_ADMIN_2025,2,1003901,1003901,,1000005,"Xã Nhơn Ái","[""xã nhơn ái"",""x.nhơn ái"",""x nhơn ái"",""nhơn ái"",""nhon ai"",""xa nhon ai"",""xanhonai"",""nhonai""]",ACTIVE
GHN_ADMIN_2025,2,1003902,1003902,,1000005,"Xã Phong Điền","[""xã phong điền"",""x.phong điền"",""x phong điền"",""phong điền"",""phong dien"",""xa phong dien"",""xaphongdien"",""phongdien""]",ACTIVE
GHN_ADMIN_2025,2,1003903,1003903,,1000005,"Xã Trường Long","[""xã trường long"",""x.trường long"",""x trường long"",""trường long"",""truong long"",""xa truong long"",""xatruonglong"",""truonglong""]",ACTIVE
GHN_ADMIN_2025,2,1003904,1003904,,1000005,"Xã Thới Lai","[""xã thới lai"",""x.thới lai"",""x thới lai"",""thới lai"",""thoi lai"",""xa thoi lai"",""xathoilai"",""thoilai""]",ACTIVE
GHN_ADMIN_2025,2,1003905,1003905,,1000005,"Xã Trường Thành","[""xã trường thành"",""x.trường thành"",""x trường thành"",""trường thành"",""truong thanh"",""xa truong thanh"",""xatruongthanh"",""truongthanh""]",ACTIVE
GHN_ADMIN_2025,2,1003906,1003906,,1000005,"Xã Trường Xuân","[""xã trường xuân"",""x.trường xuân"",""x trường xuân"",""trường xuân"",""truong xuan"",""xa truong xuan"",""xatruongxuan"",""truongxuan""]",ACTIVE
GHN_ADMIN_2025,2,1003907,1003907,,1000005,"Xã Đông Thuận","[""xã đông thuận"",""x.đông thuận"",""x đông thuận"",""đông thuận"",""dong thuan"",""xa dong thuan"",""xadongthuan"",""dongthuan""]",ACTIVE
GHN_ADMIN_2025,2,1003908,1003908,,1000005,"Xã Thạnh An","[""xã thạnh an"",""x.thạnh an"",""x thạnh an"",""thạnh an"",""thanh an"",""xa thanh an"",""xathanhan"",""thanhan""]",ACTIVE
GHN_ADMIN_2025,2,1003909,1003909,,1000005,"Xã Thạnh Quới","[""xã thạnh quới"",""x.thạnh quới"",""x thạnh quới"",""thạnh quới"",""thanh quoi"",""xa thanh quoi"",""xathanhquoi"",""thanhquoi""]",ACTIVE
GHN_ADMIN_2025,2,1003910,1003910,,1000005,"Xã Vĩnh Thạnh","[""xã vĩnh thạnh"",""x.vĩnh thạnh"",""x vĩnh thạnh"",""vĩnh thạnh"",""vinh thanh"",""xa vinh thanh"",""xavinhthanh"",""vinhthanh""]",ACTIVE
GHN_ADMIN_2025,2,1003911,1003911,,1000005,"Xã Vĩnh Trinh","[""xã vĩnh trinh"",""x.vĩnh trinh"",""x vĩnh trinh"",""vĩnh trinh"",""vinh trinh"",""xa vinh trinh"",""xavinhtrinh"",""vinhtrinh""]",ACTIVE
GHN_ADMIN_2025,2,1003912,1003912,,1000005,"Phường Bình Thủy","[""phường bình thủy"",""p.bình thủy"",""p bình thủy"",""bình thủy"",""binh thuy"",""phuong binh thuy"",""phuongbinhthuy"",""binhthuy""]",ACTIVE
GHN_ADMIN_2025,2,1003913,1003913,,1000005,"Phường Long Tuyền","[""phường long tuyền"",""p.long tuyền"",""p long tuyền"",""long tuyền"",""long tuyen"",""phuong long tuyen"",""phuonglongtuyen"",""longtuyen""]",ACTIVE
GHN_ADMIN_2025,2,1003914,1003914,,1000005,"Phường Thới An Đông","[""phường thới an đông"",""p.thới an đông"",""p thới an đông"",""thới an đông"",""thoi an dong"",""phuong thoi an dong"",""phuongthoiandong"",""thoiandong""]",ACTIVE
GHN_ADMIN_2025,2,1003915,1003915,,1000005,"Phường Cái Răng","[""phường cái răng"",""p.cái răng"",""p cái răng"",""cái răng"",""cai rang"",""phuong cai rang"",""phuongcairang"",""cairang""]",ACTIVE
GHN_ADMIN_2025,2,1003916,1003916,,1000005,"Phường Hưng Phú","[""phường hưng phú"",""p.hưng phú"",""p hưng phú"",""hưng phú"",""hung phu"",""phuong hung phu"",""phuonghungphu"",""hungphu""]",ACTIVE
GHN_ADMIN_2025,2,1003917,1003917,,1000005,"Phường An Bình","[""phường an bình"",""p.an bình"",""p an bình"",""an bình"",""an binh"",""phuong an binh"",""phuonganbinh"",""anbinh""]",ACTIVE
GHN_ADMIN_2025,2,1003918,1003918,,1000005,"Phường Cái Khế","[""phường cái khế"",""p.cái khế"",""p cái khế"",""cái khế"",""cai khe"",""phuong cai khe"",""phuongcaikhe"",""caikhe""]",ACTIVE
GHN_ADMIN_2025,2,1003919,1003919,,1000005,"Phường Ninh Kiều","[""phường ninh kiều"",""p.ninh kiều"",""p ninh kiều"",""ninh kiều"",""ninh kieu"",""phuong ninh kieu"",""phuongninhkieu"",""ninhkieu""]",ACTIVE
GHN_ADMIN_2025,2,1003920,1003920,,1000005,"Phường Tân An","[""phường tân an"",""p.tân an"",""p tân an"",""tân an"",""tan an"",""phuong tan an"",""phuongtanan"",""tanan""]",ACTIVE
GHN_ADMIN_2025,2,1003921,1003921,,1000005,"Phường Thuận Hưng","[""phường thuận hưng"",""p.thuận hưng"",""p thuận hưng"",""thuận hưng"",""thuan hung"",""phuong thuan hung"",""phuongthuanhung"",""thuanhung""]",ACTIVE
GHN_ADMIN_2025,2,1003922,1003922,,1000005,"Phường Thốt Nốt","[""phường thốt nốt"",""p.thốt nốt"",""p thốt nốt"",""thốt nốt"",""thot not"",""phuong thot not"",""phuongthotnot"",""thotnot""]",ACTIVE
GHN_ADMIN_2025,2,1003923,1003923,,1000005,"Phường Trung Nhứt","[""phường trung nhứt"",""p.trung nhứt"",""p trung nhứt"",""trung nhứt"",""trung nhut"",""phuong trung nhut"",""phuongtrungnhut"",""trungnhut""]",ACTIVE
GHN_ADMIN_2025,2,1003924,1003924,,1000005,"Phường Tân Lộc","[""phường tân lộc"",""p.tân lộc"",""p tân lộc"",""tân lộc"",""tan loc"",""phuong tan loc"",""phuongtanloc"",""tanloc""]",ACTIVE
GHN_ADMIN_2025,2,1003925,1003925,,1000005,"Phường Phước Thới","[""phường phước thới"",""p.phước thới"",""p phước thới"",""phước thới"",""phuoc thoi"",""phuong phuoc thoi"",""phuongphuocthoi"",""phuocthoi""]",ACTIVE
GHN_ADMIN_2025,2,1003926,1003926,,1000005,"Phường Thới Long","[""phường thới long"",""p.thới long"",""p thới long"",""thới long"",""thoi long"",""phuong thoi long"",""phuongthoilong"",""thoilong""]",ACTIVE
GHN_ADMIN_2025,2,1003927,1003927,,1000005,"Phường Ô Môn","[""phường ô môn"",""p.ô môn"",""p ô môn"",""ô môn"",""o mon"",""phuong o mon"",""phuongomon"",""omon""]",ACTIVE
GHN_ADMIN_2025,2,1003928,1003928,,1000005,"Xã An Ninh","[""xã an ninh"",""x.an ninh"",""x an ninh"",""an ninh"",""xa an ninh"",""xaanninh"",""anninh""]",ACTIVE
GHN_ADMIN_2025,2,1003929,1003929,,1000005,"Xã Hồ Đắc Kiện","[""xã hồ đắc kiện"",""x.hồ đắc kiện"",""x hồ đắc kiện"",""hồ đắc kiện"",""ho dac kien"",""xa ho dac kien"",""xahodackien"",""hodackien""]",ACTIVE
GHN_ADMIN_2025,2,1003930,1003930,,1000005,"Xã Phú Tâm","[""xã phú tâm"",""x.phú tâm"",""x phú tâm"",""phú tâm"",""phu tam"",""xa phu tam"",""xaphutam"",""phutam""]",ACTIVE
GHN_ADMIN_2025,2,1003931,1003931,,1000005,"Xã Thuận Hòa","[""xã thuận hòa"",""x.thuận hòa"",""x thuận hòa"",""thuận hòa"",""thuan hoa"",""xa thuan hoa"",""xathuanhoa"",""thuanhoa""]",ACTIVE
GHN_ADMIN_2025,2,1003932,1003932,,1000005,"Xã An Thạnh","[""xã an thạnh"",""x.an thạnh"",""x an thạnh"",""an thạnh"",""an thanh"",""xa an thanh"",""xaanthanh"",""anthanh""]",ACTIVE
GHN_ADMIN_2025,2,1003933,1003933,,1000005,"Xã Cù Lao Dung","[""xã cù lao dung"",""x.cù lao dung"",""x cù lao dung"",""cù lao dung"",""cu lao dung"",""xa cu lao dung"",""xaculaodung"",""culaodung""]",ACTIVE
GHN_ADMIN_2025,2,1003934,1003934,,1000005,"Xã An Lạc Thôn","[""xã an lạc thôn"",""x.an lạc thôn"",""x an lạc thôn"",""an lạc thôn"",""an lac thon"",""xa an lac thon"",""xaanlacthon"",""anlacthon""]",ACTIVE
GHN_ADMIN_2025,2,1003935,1003935,,1000005,"Xã Kế Sách","[""xã kế sách"",""x.kế sách"",""x kế sách"",""kế sách"",""ke sach"",""xa ke sach"",""xakesach"",""kesach""]",ACTIVE
GHN_ADMIN_2025,2,1003936,1003936,,1000005,"Xã Nhơn Mỹ","[""xã nhơn mỹ"",""x.nhơn mỹ"",""x nhơn mỹ"",""nhơn mỹ"",""nhon my"",""xa nhon my"",""xanhonmy"",""nhonmy""]",ACTIVE
GHN_ADMIN_2025,2,1003937,1003937,,1000005,"Xã Phong Nẫm","[""xã phong nẫm"",""x.phong nẫm"",""x phong nẫm"",""phong nẫm"",""phong nam"",""xa phong nam"",""xaphongnam"",""phongnam""]",ACTIVE
GHN_ADMIN_2025,2,1003938,1003938,,1000005,"Xã Thới An Hội","[""xã thới an hội"",""x.thới an hội"",""x thới an hội"",""thới an hội"",""thoi an hoi"",""xa thoi an hoi"",""xathoianhoi"",""thoianhoi""]",ACTIVE
GHN_ADMIN_2025,2,1003939,1003939,,1000005,"Xã Đại Hải","[""xã đại hải"",""x.đại hải"",""x đại hải"",""đại hải"",""dai hai"",""xa dai hai"",""xadaihai"",""daihai""]",ACTIVE
GHN_ADMIN_2025,2,1003940,1003940,,1000005,"Xã Long Phú","[""xã long phú"",""x.long phú"",""x long phú"",""long phú"",""long phu"",""xa long phu"",""xalongphu"",""longphu""]",ACTIVE
GHN_ADMIN_2025,2,1003941,1003941,,1000005,"Xã Trường Khánh","[""xã trường khánh"",""x.trường khánh"",""x trường khánh"",""trường khánh"",""truong khanh"",""xa truong khanh"",""xatruongkhanh"",""truongkhanh""]",ACTIVE
GHN_ADMIN_2025,2,1003942,1003942,,1000005,"Xã Tân Thạnh","[""xã tân thạnh"",""x.tân thạnh"",""x tân thạnh"",""tân thạnh"",""tan thanh"",""xa tan thanh"",""xatanthanh"",""tanthanh""]",ACTIVE
GHN_ADMIN_2025,2,1003943,1003943,,1000005,"Xã Đại Ngãi","[""xã đại ngãi"",""x.đại ngãi"",""x đại ngãi"",""đại ngãi"",""dai ngai"",""xa dai ngai"",""xadaingai"",""daingai""]",ACTIVE
GHN_ADMIN_2025,2,1003944,1003944,,1000005,"Xã Long Hưng","[""xã long hưng"",""x.long hưng"",""x long hưng"",""long hưng"",""long hung"",""xa long hung"",""xalonghung"",""longhung""]",ACTIVE
GHN_ADMIN_2025,2,1003945,1003945,,1000005,"Xã Mỹ Hương","[""xã mỹ hương"",""x.mỹ hương"",""x mỹ hương"",""mỹ hương"",""my huong"",""xa my huong"",""xamyhuong"",""myhuong""]",ACTIVE
GHN_ADMIN_2025,2,1003946,1003946,,1000005,"Xã Mỹ Phước","[""xã mỹ phước"",""x.mỹ phước"",""x mỹ phước"",""mỹ phước"",""my phuoc"",""xa my phuoc"",""xamyphuoc"",""myphuoc""]",ACTIVE
GHN_ADMIN_2025,2,1003947,1003947,,1000005,"Xã Mỹ Tú","[""xã mỹ tú"",""x.mỹ tú"",""x mỹ tú"",""mỹ tú"",""my tu"",""xa my tu"",""xamytu"",""mytu""]",ACTIVE
GHN_ADMIN_2025,2,1003948,1003948,,1000005,"Xã Gia Hòa","[""xã gia hòa"",""x.gia hòa"",""x gia hòa"",""gia hòa"",""gia hoa"",""xa gia hoa"",""xagiahoa"",""giahoa""]",ACTIVE
GHN_ADMIN_2025,2,1003949,1003949,,1000005,"Xã Hòa Tú","[""xã hòa tú"",""x.hòa tú"",""x hòa tú"",""hòa tú"",""hoa tu"",""xa hoa tu"",""xahoatu"",""hoatu""]",ACTIVE
GHN_ADMIN_2025,2,1003950,1003950,,1000005,"Xã Ngọc Tố","[""xã ngọc tố"",""x.ngọc tố"",""x ngọc tố"",""ngọc tố"",""ngoc to"",""xa ngoc to"",""xangocto"",""ngocto""]",ACTIVE
GHN_ADMIN_2025,2,1003951,1003951,,1000005,"Xã Nhu Gia","[""xã nhu gia"",""x.nhu gia"",""x nhu gia"",""nhu gia"",""xa nhu gia"",""xanhugia"",""nhugia""]",ACTIVE
GHN_ADMIN_2025,2,1003952,1003952,,1000005,"Xã Lâm Tân","[""xã lâm tân"",""x.lâm tân"",""x lâm tân"",""lâm tân"",""lam tan"",""xa lam tan"",""xalamtan"",""lamtan""]",ACTIVE
GHN_ADMIN_2025,2,1003953,1003953,,1000005,"Xã Phú Lộc","[""xã phú lộc"",""x.phú lộc"",""x phú lộc"",""phú lộc"",""phu loc"",""xa phu loc"",""xaphuloc"",""phuloc""]",ACTIVE
GHN_ADMIN_2025,2,1003954,1003954,,1000005,"Xã Vĩnh Lợi","[""xã vĩnh lợi"",""x.vĩnh lợi"",""x vĩnh lợi"",""vĩnh lợi"",""vinh loi"",""xa vinh loi"",""xavinhloi"",""vinhloi""]",ACTIVE
GHN_ADMIN_2025,2,1003955,1003955,,1000005,"Xã Liêu Tú","[""xã liêu tú"",""x.liêu tú"",""x liêu tú"",""liêu tú"",""lieu tu"",""xa lieu tu"",""xalieutu"",""lieutu""]",ACTIVE
GHN_ADMIN_2025,2,1003956,1003956,,1000005,"Xã Lịch Hội Thượng","[""xã lịch hội thượng"",""x.lịch hội thượng"",""x lịch hội thượng"",""lịch hội thượng"",""lich hoi thuong"",""xa lich hoi thuong"",""xalichhoithuong"",""lichhoithuong""]",ACTIVE
GHN_ADMIN_2025,2,1003957,1003957,,1000005,"Xã Thạnh Thới An","[""xã thạnh thới an"",""x.thạnh thới an"",""x thạnh thới an"",""thạnh thới an"",""thanh thoi an"",""xa thanh thoi an"",""xathanhthoian"",""thanhthoian""]",ACTIVE
GHN_ADMIN_2025,2,1003958,1003958,,1000005,"Xã Trần Đề","[""xã trần đề"",""x.trần đề"",""x trần đề"",""trần đề"",""tran de"",""xa tran de"",""xatrande"",""trande""]",ACTIVE
GHN_ADMIN_2025,2,1003959,1003959,,1000005,"Xã Tài Văn","[""xã tài văn"",""x.tài văn"",""x tài văn"",""tài văn"",""tai van"",""xa tai van"",""xataivan"",""taivan""]",ACTIVE
GHN_ADMIN_2025,2,1003960,1003960,,1000005,"Phường Mỹ Xuyên","[""phường mỹ xuyên"",""p.mỹ xuyên"",""p mỹ xuyên"",""mỹ xuyên"",""my xuyen"",""phuong my xuyen"",""phuongmyxuyen"",""myxuyen""]",ACTIVE
GHN_ADMIN_2025,2,1003961,1003961,,1000005,"Phường Phú Lợi","[""phường phú lợi"",""p.phú lợi"",""p phú lợi"",""phú lợi"",""phu loi"",""phuong phu loi"",""phuongphuloi"",""phuloi""]",ACTIVE
GHN_ADMIN_2025,2,1003962,1003962,,1000005,"Phường Sóc Trăng","[""phường sóc trăng"",""p.sóc trăng"",""p sóc trăng"",""sóc trăng"",""soc trang"",""phuong soc trang"",""phuongsoctrang"",""soctrang""]",ACTIVE
GHN_ADMIN_2025,2,1003963,1003963,,1000005,"Phường Mỹ Quới","[""phường mỹ quới"",""p.mỹ quới"",""p mỹ quới"",""mỹ quới"",""my quoi"",""phuong my quoi"",""phuongmyquoi"",""myquoi""]",ACTIVE
GHN_ADMIN_2025,2,1003964,1003964,,1000005,"Phường Ngã Năm","[""phường ngã năm"",""p.ngã năm"",""p ngã năm"",""ngã năm"",""nga nam"",""phuong nga nam"",""phuongnganam"",""nganam""]",ACTIVE
GHN_ADMIN_2025,2,1003965,1003965,,1000005,"Xã Tân Long","[""xã tân long"",""x.tân long"",""x tân long"",""tân long"",""tan long"",""xa tan long"",""xatanlong"",""tanlong""]",ACTIVE
GHN_ADMIN_2025,2,1003966,1003966,,1000005,"Phường Khánh Hòa","[""phường khánh hòa"",""p.khánh hòa"",""p khánh hòa"",""khánh hòa"",""khanh hoa"",""phuong khanh hoa"",""phuongkhanhhoa"",""khanhhoa""]",ACTIVE
GHN_ADMIN_2025,2,1003967,1003967,,1000005,"Phường Vĩnh Châu","[""phường vĩnh châu"",""p.vĩnh châu"",""p vĩnh châu"",""vĩnh châu"",""vinh chau"",""phuong vinh chau"",""phuongvinhchau"",""vinhchau""]",ACTIVE
GHN_ADMIN_2025,2,1003968,1003968,,1000005,"Phường Vĩnh Phước","[""phường vĩnh phước"",""p.vĩnh phước"",""p vĩnh phước"",""vĩnh phước"",""vinh phuoc"",""phuong vinh phuoc"",""phuongvinhphuoc"",""vinhphuoc""]",ACTIVE
GHN_ADMIN_2025,2,1003969,1003969,,1000005,"Xã Lai Hòa","[""xã lai hòa"",""x.lai hòa"",""x lai hòa"",""lai hòa"",""lai hoa"",""xa lai hoa"",""xalaihoa"",""laihoa""]",ACTIVE
GHN_ADMIN_2025,2,1003970,1003970,,1000005,"Xã Vĩnh Hải","[""xã vĩnh hải"",""x.vĩnh hải"",""x vĩnh hải"",""vĩnh hải"",""vinh hai"",""xa vinh hai"",""xavinhhai"",""vinhhai""]",ACTIVE
GHN_ADMIN_2025,2,1003971,1003971,,1000005,"Xã Châu Thành","[""xã châu thành"",""x.châu thành"",""x châu thành"",""châu thành"",""chau thanh"",""xa chau thanh"",""xachauthanh"",""chauthanh""]",ACTIVE
GHN_ADMIN_2025,2,1003972,1003972,,1000005,"Xã Phú Hữu","[""xã phú hữu"",""x.phú hữu"",""x phú hữu"",""phú hữu"",""phu huu"",""xa phu huu"",""xaphuhuu"",""phuhuu""]",ACTIVE
GHN_ADMIN_2025,2,1003973,1003973,,1000005,"Xã Đông Phước","[""xã đông phước"",""x.đông phước"",""x đông phước"",""đông phước"",""dong phuoc"",""xa dong phuoc"",""xadongphuoc"",""dongphuoc""]",ACTIVE
GHN_ADMIN_2025,2,1003974,1003974,,1000005,"Xã Thạnh Xuân","[""xã thạnh xuân"",""x.thạnh xuân"",""x thạnh xuân"",""thạnh xuân"",""thanh xuan"",""xa thanh xuan"",""xathanhxuan"",""thanhxuan""]",ACTIVE
GHN_ADMIN_2025,2,1003975,1003975,,1000005,"Xã Trường Long Tây","[""xã trường long tây"",""x.trường long tây"",""x trường long tây"",""trường long tây"",""truong long tay"",""xa truong long tay"",""xatruonglongtay"",""truonglongtay""]",ACTIVE
GHN_ADMIN_2025,2,1003976,1003976,,1000005,"Xã Tân Hòa","[""xã tân hòa"",""x.tân hòa"",""x tân hòa"",""tân hòa"",""tan hoa"",""xa tan hoa"",""xatanhoa"",""tanhoa""]",ACTIVE
GHN_ADMIN_2025,2,1003977,1003977,,1000005,"Xã Lương Tâm","[""xã lương tâm"",""x.lương tâm"",""x lương tâm"",""lương tâm"",""luong tam"",""xa luong tam"",""xaluongtam"",""luongtam""]",ACTIVE
GHN_ADMIN_2025,2,1003978,1003978,,1000005,"Xã Vĩnh Thuận Đông","[""xã vĩnh thuận đông"",""x.vĩnh thuận đông"",""x vĩnh thuận đông"",""vĩnh thuận đông"",""vinh thuan dong"",""xa vinh thuan dong"",""xavinhthuandong"",""vinhthuandong""]",ACTIVE
GHN_ADMIN_2025,2,1003979,1003979,,1000005,"Xã Vĩnh Viễn","[""xã vĩnh viễn"",""x.vĩnh viễn"",""x vĩnh viễn"",""vĩnh viễn"",""vinh vien"",""xa vinh vien"",""xavinhvien"",""vinhvien""]",ACTIVE
GHN_ADMIN_2025,2,1003980,1003980,,1000005,"Xã Xà Phiên","[""xã xà phiên"",""x.xà phiên"",""x xà phiên"",""xà phiên"",""xa phien"",""xa xa phien"",""xaxaphien"",""xaphien""]",ACTIVE
GHN_ADMIN_2025,2,1003981,1003981,,1000005,"Xã Hiệp Hưng","[""xã hiệp hưng"",""x.hiệp hưng"",""x hiệp hưng"",""hiệp hưng"",""hiep hung"",""xa hiep hung"",""xahiephung"",""hiephung""]",ACTIVE
GHN_ADMIN_2025,2,1003982,1003982,,1000005,"Xã Hòa An","[""xã hòa an"",""x.hòa an"",""x hòa an"",""hòa an"",""hoa an"",""xa hoa an"",""xahoaan"",""hoaan""]",ACTIVE
GHN_ADMIN_2025,2,1003983,1003983,,1000005,"Xã Phương Bình","[""xã phương bình"",""x.phương bình"",""x phương bình"",""phương bình"",""phuong binh"",""xa phuong binh"",""xaphuongbinh"",""phuongbinh""]",ACTIVE
GHN_ADMIN_2025,2,1003984,1003984,,1000005,"Xã Phụng Hiệp","[""xã phụng hiệp"",""x.phụng hiệp"",""x phụng hiệp"",""phụng hiệp"",""phung hiep"",""xa phung hiep"",""xaphunghiep"",""phunghiep""]",ACTIVE
GHN_ADMIN_2025,2,1003985,1003985,,1000005,"Xã Thạnh Hòa","[""xã thạnh hòa"",""x.thạnh hòa"",""x thạnh hòa"",""thạnh hòa"",""thanh hoa"",""xa thanh hoa"",""xathanhhoa"",""thanhhoa""]",ACTIVE
GHN_ADMIN_2025,2,1003986,1003986,,1000005,"Xã Tân Bình","[""xã tân bình"",""x.tân bình"",""x tân bình"",""tân bình"",""tan binh"",""xa tan binh"",""xatanbinh"",""tanbinh""]",ACTIVE
GHN_ADMIN_2025,2,1003987,1003987,,1000005,"Xã Tân Phước Hưng","[""xã tân phước hưng"",""x.tân phước hưng"",""x tân phước hưng"",""tân phước hưng"",""tan phuoc hung"",""xa tan phuoc hung"",""xatanphuochung"",""tanphuochung""]",ACTIVE
GHN_ADMIN_2025,2,1003988,1003988,,1000005,"Xã Vĩnh Tường","[""xã vĩnh tường"",""x.vĩnh tường"",""x vĩnh tường"",""vĩnh tường"",""vinh tuong"",""xa vinh tuong"",""xavinhtuong"",""vinhtuong""]",ACTIVE
GHN_ADMIN_2025,2,1003989,1003989,,1000005,"Xã Vị Thanh 1","[""xã vị thanh 1"",""x.vị thanh 1"",""x vị thanh 1"",""vị thanh 1"",""vi thanh 1"",""xa vi thanh 1"",""xavithanh"",""vithanh1""]",ACTIVE
GHN_ADMIN_2025,2,1003990,1003990,,1000005,"Xã Vị Thủy","[""xã vị thủy"",""x.vị thủy"",""x vị thủy"",""vị thủy"",""vi thuy"",""xa vi thuy"",""xavithuy"",""vithuy""]",ACTIVE
GHN_ADMIN_2025,2,1003991,1003991,,1000005,"Phường Ngã Bảy","[""phường ngã bảy"",""p.ngã bảy"",""p ngã bảy"",""ngã bảy"",""nga bay"",""phuong nga bay"",""phuongngabay"",""ngabay""]",ACTIVE
GHN_ADMIN_2025,2,1003992,1003992,,1000005,"Phường Đại Thành","[""phường đại thành"",""p.đại thành"",""p đại thành"",""đại thành"",""dai thanh"",""phuong dai thanh"",""phuongdaithanh"",""daithanh""]",ACTIVE
GHN_ADMIN_2025,2,1003993,1003993,,1000005,"Phường Vị Thanh","[""phường vị thanh"",""p.vị thanh"",""p vị thanh"",""vị thanh"",""vi thanh"",""phuong vi thanh"",""phuongvithanh"",""vithanh""]",ACTIVE
GHN_ADMIN_2025,2,1003994,1003994,,1000005,"Phường Vị Tân","[""phường vị tân"",""p.vị tân"",""p vị tân"",""vị tân"",""vi tan"",""phuong vi tan"",""phuongvitan"",""vitan""]",ACTIVE
GHN_ADMIN_2025,2,1003995,1003995,,1000005,"Xã Hỏa Lựu","[""xã hỏa lựu"",""x.hỏa lựu"",""x hỏa lựu"",""hỏa lựu"",""hoa luu"",""xa hoa luu"",""xahoaluu"",""hoaluu""]",ACTIVE
GHN_ADMIN_2025,2,1003996,1003996,,1000005,"Phường Long Bình","[""phường long bình"",""p.long bình"",""p long bình"",""long bình"",""long binh"",""phuong long binh"",""phuonglongbinh"",""longbinh""]",ACTIVE
GHN_ADMIN_2025,2,1003997,1003997,,1000005,"Phường Long Mỹ","[""phường long mỹ"",""p.long mỹ"",""p long mỹ"",""long mỹ"",""long my"",""phuong long my"",""phuonglongmy"",""longmy""]",ACTIVE
GHN_ADMIN_2025,2,1003998,1003998,,1000005,"Phường Long Phú 1","[""phường long phú 1"",""p.long phú 1"",""p long phú 1"",""long phú 1"",""long phu 1"",""phuong long phu 1"",""phuonglongphu"",""longphu1""]",ACTIVE
GHN_ADMIN_2025,2,1003999,1003999,,1000032,"Xã Bảo Lâm","[""xã bảo lâm"",""x.bảo lâm"",""x bảo lâm"",""bảo lâm"",""bao lam"",""xa bao lam"",""xabaolam"",""baolam""]",ACTIVE
GHN_ADMIN_2025,2,1004000,1004000,,1000032,"Xã Cốc Pàng","[""xã cốc pàng"",""x.cốc pàng"",""x cốc pàng"",""cốc pàng"",""coc pang"",""xa coc pang"",""xacocpang"",""cocpang""]",ACTIVE
GHN_ADMIN_2025,2,1004001,1004001,,1000032,"Xã Lý Bôn","[""xã lý bôn"",""x.lý bôn"",""x lý bôn"",""lý bôn"",""ly bon"",""xa ly bon"",""xalybon"",""lybon""]",ACTIVE
GHN_ADMIN_2025,2,1004002,1004002,,1000032,"Xã Nam Quang","[""xã nam quang"",""x.nam quang"",""x nam quang"",""nam quang"",""xa nam quang"",""xanamquang"",""namquang""]",ACTIVE
GHN_ADMIN_2025,2,1004003,1004003,,1000032,"Xã Quảng Lâm","[""xã quảng lâm"",""x.quảng lâm"",""x quảng lâm"",""quảng lâm"",""quang lam"",""xa quang lam"",""xaquanglam"",""quanglam""]",ACTIVE
GHN_ADMIN_2025,2,1004004,1004004,,1000032,"Xã Yên Thổ","[""xã yên thổ"",""x.yên thổ"",""x yên thổ"",""yên thổ"",""yen tho"",""xa yen tho"",""xayentho"",""yentho""]",ACTIVE
GHN_ADMIN_2025,2,1004005,1004005,,1000032,"Xã Bảo Lạc","[""xã bảo lạc"",""x.bảo lạc"",""x bảo lạc"",""bảo lạc"",""bao lac"",""xa bao lac"",""xabaolac"",""baolac""]",ACTIVE
GHN_ADMIN_2025,2,1004006,1004006,,1000032,"Xã Cô Ba","[""xã cô ba"",""x.cô ba"",""x cô ba"",""cô ba"",""co ba"",""xa co ba"",""xacoba"",""coba""]",ACTIVE
GHN_ADMIN_2025,2,1004007,1004007,,1000032,"Xã Huy Giáp","[""xã huy giáp"",""x.huy giáp"",""x huy giáp"",""huy giáp"",""huy giap"",""xa huy giap"",""xahuygiap"",""huygiap""]",ACTIVE
GHN_ADMIN_2025,2,1004008,1004008,,1000032,"Xã Hưng Đạo","[""xã hưng đạo"",""x.hưng đạo"",""x hưng đạo"",""hưng đạo"",""hung dao"",""xa hung dao"",""xahungdao"",""hungdao""]",ACTIVE
GHN_ADMIN_2025,2,1004009,1004009,,1000032,"Xã Khánh Xuân","[""xã khánh xuân"",""x.khánh xuân"",""x khánh xuân"",""khánh xuân"",""khanh xuan"",""xa khanh xuan"",""xakhanhxuan"",""khanhxuan""]",ACTIVE
GHN_ADMIN_2025,2,1004010,1004010,,1000032,"Xã Sơn Lộ","[""xã sơn lộ"",""x.sơn lộ"",""x sơn lộ"",""sơn lộ"",""son lo"",""xa son lo"",""xasonlo"",""sonlo""]",ACTIVE
GHN_ADMIN_2025,2,1004011,1004011,,1000032,"Xã Xuân Trường","[""xã xuân trường"",""x.xuân trường"",""x xuân trường"",""xuân trường"",""xuan truong"",""xa xuan truong"",""xaxuantruong"",""xuantruong""]",ACTIVE
GHN_ADMIN_2025,2,1004012,1004012,,1000032,"Xã Cần Yên","[""xã cần yên"",""x.cần yên"",""x cần yên"",""cần yên"",""can yen"",""xa can yen"",""xacanyen"",""canyen""]",ACTIVE
GHN_ADMIN_2025,2,1004013,1004013,,1000032,"Xã Hà Quảng","[""xã hà quảng"",""x.hà quảng"",""x hà quảng"",""hà quảng"",""ha quang"",""xa ha quang"",""xahaquang"",""haquang""]",ACTIVE
GHN_ADMIN_2025,2,1004014,1004014,,1000032,"Xã Lũng Nặm","[""xã lũng nặm"",""x.lũng nặm"",""x lũng nặm"",""lũng nặm"",""lung nam"",""xa lung nam"",""xalungnam"",""lungnam""]",ACTIVE
GHN_ADMIN_2025,2,1004015,1004015,,1000032,"Xã Thanh Long","[""xã thanh long"",""x.thanh long"",""x thanh long"",""thanh long"",""xa thanh long"",""xathanhlong"",""thanhlong""]",ACTIVE
GHN_ADMIN_2025,2,1004016,1004016,,1000032,"Xã Thông Nông","[""xã thông nông"",""x.thông nông"",""x thông nông"",""thông nông"",""thong nong"",""xa thong nong"",""xathongnong"",""thongnong""]",ACTIVE
GHN_ADMIN_2025,2,1004017,1004017,,1000032,"Xã Trường Hà","[""xã trường hà"",""x.trường hà"",""x trường hà"",""trường hà"",""truong ha"",""xa truong ha"",""xatruongha"",""truongha""]",ACTIVE
GHN_ADMIN_2025,2,1004018,1004018,,1000032,"Xã Tổng Cọt","[""xã tổng cọt"",""x.tổng cọt"",""x tổng cọt"",""tổng cọt"",""tong cot"",""xa tong cot"",""xatongcot"",""tongcot""]",ACTIVE
GHN_ADMIN_2025,2,1004019,1004019,,1000032,"Xã Hòa An","[""xã hòa an"",""x.hòa an"",""x hòa an"",""hòa an"",""hoa an"",""xa hoa an"",""xahoaan"",""hoaan""]",ACTIVE
GHN_ADMIN_2025,2,1004020,1004020,,1000032,"Xã Kim Đồng","[""xã kim đồng"",""x.kim đồng"",""x kim đồng"",""kim đồng"",""kim dong"",""xa kim dong"",""xakimdong"",""kimdong""]",ACTIVE
GHN_ADMIN_2025,2,1004021,1004021,,1000032,"Xã Nam Tuấn","[""xã nam tuấn"",""x.nam tuấn"",""x nam tuấn"",""nam tuấn"",""nam tuan"",""xa nam tuan"",""xanamtuan"",""namtuan""]",ACTIVE
GHN_ADMIN_2025,2,1004022,1004022,,1000032,"Xã Nguyễn Huệ","[""xã nguyễn huệ"",""x.nguyễn huệ"",""x nguyễn huệ"",""nguyễn huệ"",""nguyen hue"",""xa nguyen hue"",""xanguyenhue"",""nguyenhue""]",ACTIVE
GHN_ADMIN_2025,2,1004023,1004023,,1000032,"Xã Hạ Lang","[""xã hạ lang"",""x.hạ lang"",""x hạ lang"",""hạ lang"",""ha lang"",""xa ha lang"",""xahalang"",""halang""]",ACTIVE
GHN_ADMIN_2025,2,1004024,1004024,,1000032,"Xã Lý Quốc","[""xã lý quốc"",""x.lý quốc"",""x lý quốc"",""lý quốc"",""ly quoc"",""xa ly quoc"",""xalyquoc"",""lyquoc""]",ACTIVE
GHN_ADMIN_2025,2,1004025,1004025,,1000032,"Xã Quang Long","[""xã quang long"",""x.quang long"",""x quang long"",""quang long"",""xa quang long"",""xaquanglong"",""quanglong""]",ACTIVE
GHN_ADMIN_2025,2,1004026,1004026,,1000032,"Xã Vinh Quý","[""xã vinh quý"",""x.vinh quý"",""x vinh quý"",""vinh quý"",""vinh quy"",""xa vinh quy"",""xavinhquy"",""vinhquy""]",ACTIVE
GHN_ADMIN_2025,2,1004027,1004027,,1000032,"Xã Bạch Đằng","[""xã bạch đằng"",""x.bạch đằng"",""x bạch đằng"",""bạch đằng"",""bach dang"",""xa bach dang"",""xabachdang"",""bachdang""]",ACTIVE
GHN_ADMIN_2025,2,1004028,1004028,,1000032,"Xã Ca Thành","[""xã ca thành"",""x.ca thành"",""x ca thành"",""ca thành"",""ca thanh"",""xa ca thanh"",""xacathanh"",""cathanh""]",ACTIVE
GHN_ADMIN_2025,2,1004029,1004029,,1000032,"Xã Minh Tâm","[""xã minh tâm"",""x.minh tâm"",""x minh tâm"",""minh tâm"",""minh tam"",""xa minh tam"",""xaminhtam"",""minhtam""]",ACTIVE
GHN_ADMIN_2025,2,1004030,1004030,,1000032,"Xã Nguyên Bình","[""xã nguyên bình"",""x.nguyên bình"",""x nguyên bình"",""nguyên bình"",""nguyen binh"",""xa nguyen binh"",""xanguyenbinh"",""nguyenbinh""]",ACTIVE
GHN_ADMIN_2025,2,1004031,1004031,,1000032,"Xã Phan Thanh","[""xã phan thanh"",""x.phan thanh"",""x phan thanh"",""phan thanh"",""xa phan thanh"",""xaphanthanh"",""phanthanh""]",ACTIVE
GHN_ADMIN_2025,2,1004032,1004032,,1000032,"Xã Tam Kim","[""xã tam kim"",""x.tam kim"",""x tam kim"",""tam kim"",""xa tam kim"",""xatamkim"",""tamkim""]",ACTIVE
GHN_ADMIN_2025,2,1004033,1004033,,1000032,"Xã Thành Công","[""xã thành công"",""x.thành công"",""x thành công"",""thành công"",""thanh cong"",""xa thanh cong"",""xathanhcong"",""thanhcong""]",ACTIVE
GHN_ADMIN_2025,2,1004034,1004034,,1000032,"Xã Tĩnh Túc","[""xã tĩnh túc"",""x.tĩnh túc"",""x tĩnh túc"",""tĩnh túc"",""tinh tuc"",""xa tinh tuc"",""xatinhtuc"",""tinhtuc""]",ACTIVE
GHN_ADMIN_2025,2,1004035,1004035,,1000032,"Xã Bế Văn Đàn","[""xã bế văn đàn"",""x.bế văn đàn"",""x bế văn đàn"",""bế văn đàn"",""be van dan"",""xa be van dan"",""xabevandan"",""bevandan""]",ACTIVE
GHN_ADMIN_2025,2,1004036,1004036,,1000032,"Xã Hạnh Phúc","[""xã hạnh phúc"",""x.hạnh phúc"",""x hạnh phúc"",""hạnh phúc"",""hanh phuc"",""xa hanh phuc"",""xahanhphuc"",""hanhphuc""]",ACTIVE
GHN_ADMIN_2025,2,1004037,1004037,,1000032,"Xã Phục Hòa","[""xã phục hòa"",""x.phục hòa"",""x phục hòa"",""phục hòa"",""phuc hoa"",""xa phuc hoa"",""xaphuchoa"",""phuchoa""]",ACTIVE
GHN_ADMIN_2025,2,1004038,1004038,,1000032,"Xã Quảng Uyên","[""xã quảng uyên"",""x.quảng uyên"",""x quảng uyên"",""quảng uyên"",""quang uyen"",""xa quang uyen"",""xaquanguyen"",""quanguyen""]",ACTIVE
GHN_ADMIN_2025,2,1004039,1004039,,1000032,"Xã Trà Lĩnh","[""xã trà lĩnh"",""x.trà lĩnh"",""x trà lĩnh"",""trà lĩnh"",""tra linh"",""xa tra linh"",""xatralinh"",""tralinh""]",ACTIVE
GHN_ADMIN_2025,2,1004040,1004040,,1000032,"Xã Độc Lập","[""xã độc lập"",""x.độc lập"",""x độc lập"",""độc lập"",""doc lap"",""xa doc lap"",""xadoclap"",""doclap""]",ACTIVE
GHN_ADMIN_2025,2,1004041,1004041,,1000032,"Xã Canh Tân","[""xã canh tân"",""x.canh tân"",""x canh tân"",""canh tân"",""canh tan"",""xa canh tan"",""xacanhtan"",""canhtan""]",ACTIVE
GHN_ADMIN_2025,2,1004042,1004042,,1000032,"Xã Minh Khai","[""xã minh khai"",""x.minh khai"",""x minh khai"",""minh khai"",""xa minh khai"",""xaminhkhai"",""minhkhai""]",ACTIVE
GHN_ADMIN_2025,2,1004043,1004043,,1000032,"Xã Thạch An","[""xã thạch an"",""x.thạch an"",""x thạch an"",""thạch an"",""thach an"",""xa thach an"",""xathachan"",""thachan""]",ACTIVE
GHN_ADMIN_2025,2,1004044,1004044,,1000032,"Xã Đông Khê","[""xã đông khê"",""x.đông khê"",""x đông khê"",""đông khê"",""dong khe"",""xa dong khe"",""xadongkhe"",""dongkhe""]",ACTIVE
GHN_ADMIN_2025,2,1004045,1004045,,1000032,"Xã Đức Long","[""xã đức long"",""x.đức long"",""x đức long"",""đức long"",""duc long"",""xa duc long"",""xaduclong"",""duclong""]",ACTIVE
GHN_ADMIN_2025,2,1004046,1004046,,1000032,"Xã Quang Hán","[""xã quang hán"",""x.quang hán"",""x quang hán"",""quang hán"",""quang han"",""xa quang han"",""xaquanghan"",""quanghan""]",ACTIVE
GHN_ADMIN_2025,2,1004047,1004047,,1000032,"Xã Quang Trung","[""xã quang trung"",""x.quang trung"",""x quang trung"",""quang trung"",""xa quang trung"",""xaquangtrung"",""quangtrung""]",ACTIVE
GHN_ADMIN_2025,2,1004048,1004048,,1000032,"Xã Trùng Khánh","[""xã trùng khánh"",""x.trùng khánh"",""x trùng khánh"",""trùng khánh"",""trung khanh"",""xa trung khanh"",""xatrungkhanh"",""trungkhanh""]",ACTIVE
GHN_ADMIN_2025,2,1004049,1004049,,1000032,"Xã Đoài Dương","[""xã đoài dương"",""x.đoài dương"",""x đoài dương"",""đoài dương"",""doai duong"",""xa doai duong"",""xadoaiduong"",""doaiduong""]",ACTIVE
GHN_ADMIN_2025,2,1004050,1004050,,1000032,"Xã Đàm Thủy","[""xã đàm thủy"",""x.đàm thủy"",""x đàm thủy"",""đàm thủy"",""dam thuy"",""xa dam thuy"",""xadamthuy"",""damthuy""]",ACTIVE
GHN_ADMIN_2025,2,1004051,1004051,,1000032,"Xã Đình Phong","[""xã đình phong"",""x.đình phong"",""x đình phong"",""đình phong"",""dinh phong"",""xa dinh phong"",""xadinhphong"",""dinhphong""]",ACTIVE
GHN_ADMIN_2025,2,1004052,1004052,,1000032,"Phường Nùng Trí Cao","[""phường nùng trí cao"",""p.nùng trí cao"",""p nùng trí cao"",""nùng trí cao"",""nung tri cao"",""phuong nung tri cao"",""phuongnungtricao"",""nungtricao""]",ACTIVE
GHN_ADMIN_2025,2,1004053,1004053,,1000032,"Phường Thục Phán","[""phường thục phán"",""p.thục phán"",""p thục phán"",""thục phán"",""thuc phan"",""phuong thuc phan"",""phuongthucphan"",""thucphan""]",ACTIVE
GHN_ADMIN_2025,2,1004054,1004054,,1000032,"Phường Tân Giang","[""phường tân giang"",""p.tân giang"",""p tân giang"",""tân giang"",""tan giang"",""phuong tan giang"",""phuongtangiang"",""tangiang""]",ACTIVE
GHN_ADMIN_2025,2,1004055,1004055,,1000033,"Xã Bình Gia","[""xã bình gia"",""x.bình gia"",""x bình gia"",""bình gia"",""binh gia"",""xa binh gia"",""xabinhgia"",""binhgia""]",ACTIVE
GHN_ADMIN_2025,2,1004056,1004056,,1000033,"Xã Hoa Thám","[""xã hoa thám"",""x.hoa thám"",""x hoa thám"",""hoa thám"",""hoa tham"",""xa hoa tham"",""xahoatham"",""hoatham""]",ACTIVE
GHN_ADMIN_2025,2,1004057,1004057,,1000033,"Xã Hồng Phong","[""xã hồng phong"",""x.hồng phong"",""x hồng phong"",""hồng phong"",""hong phong"",""xa hong phong"",""xahongphong"",""hongphong""]",ACTIVE
GHN_ADMIN_2025,2,1004058,1004058,,1000033,"Xã Quý Hoà","[""xã quý hoà"",""x.quý hoà"",""x quý hoà"",""quý hoà"",""quy hoa"",""xa quy hoa"",""xaquyhoa"",""quyhoa""]",ACTIVE
GHN_ADMIN_2025,2,1004059,1004059,,1000033,"Xã Thiện Hoà","[""xã thiện hoà"",""x.thiện hoà"",""x thiện hoà"",""thiện hoà"",""thien hoa"",""xa thien hoa"",""xathienhoa"",""thienhoa""]",ACTIVE
GHN_ADMIN_2025,2,1004060,1004060,,1000033,"Xã Thiện Long","[""xã thiện long"",""x.thiện long"",""x thiện long"",""thiện long"",""thien long"",""xa thien long"",""xathienlong"",""thienlong""]",ACTIVE
GHN_ADMIN_2025,2,1004061,1004061,,1000033,"Xã Thiện Thuật","[""xã thiện thuật"",""x.thiện thuật"",""x thiện thuật"",""thiện thuật"",""thien thuat"",""xa thien thuat"",""xathienthuat"",""thienthuat""]",ACTIVE
GHN_ADMIN_2025,2,1004062,1004062,,1000033,"Xã Tân Văn","[""xã tân văn"",""x.tân văn"",""x tân văn"",""tân văn"",""tan van"",""xa tan van"",""xatanvan"",""tanvan""]",ACTIVE
GHN_ADMIN_2025,2,1004063,1004063,,1000033,"Xã Bắc Sơn","[""xã bắc sơn"",""x.bắc sơn"",""x bắc sơn"",""bắc sơn"",""bac son"",""xa bac son"",""xabacson"",""bacson""]",ACTIVE
GHN_ADMIN_2025,2,1004064,1004064,,1000033,"Xã Hưng Vũ","[""xã hưng vũ"",""x.hưng vũ"",""x hưng vũ"",""hưng vũ"",""hung vu"",""xa hung vu"",""xahungvu"",""hungvu""]",ACTIVE
GHN_ADMIN_2025,2,1004065,1004065,,1000033,"Xã Nhất Hoà","[""xã nhất hoà"",""x.nhất hoà"",""x nhất hoà"",""nhất hoà"",""nhat hoa"",""xa nhat hoa"",""xanhathoa"",""nhathoa""]",ACTIVE
GHN_ADMIN_2025,2,1004066,1004066,,1000033,"Xã Tân Tri","[""xã tân tri"",""x.tân tri"",""x tân tri"",""tân tri"",""tan tri"",""xa tan tri"",""xatantri"",""tantri""]",ACTIVE
GHN_ADMIN_2025,2,1004067,1004067,,1000033,"Xã Vũ Lăng","[""xã vũ lăng"",""x.vũ lăng"",""x vũ lăng"",""vũ lăng"",""vu lang"",""xa vu lang"",""xavulang"",""vulang""]",ACTIVE
GHN_ADMIN_2025,2,1004068,1004068,,1000033,"Xã Vũ Lễ","[""xã vũ lễ"",""x.vũ lễ"",""x vũ lễ"",""vũ lễ"",""vu le"",""xa vu le"",""xavule"",""vule""]",ACTIVE
GHN_ADMIN_2025,2,1004069,1004069,,1000033,"Xã Ba Sơn","[""xã ba sơn"",""x.ba sơn"",""x ba sơn"",""ba sơn"",""ba son"",""xa ba son"",""xabason"",""bason""]",ACTIVE
GHN_ADMIN_2025,2,1004070,1004070,,1000033,"Xã Cao Lộc","[""xã cao lộc"",""x.cao lộc"",""x cao lộc"",""cao lộc"",""cao loc"",""xa cao loc"",""xacaoloc"",""caoloc""]",ACTIVE
GHN_ADMIN_2025,2,1004071,1004071,,1000033,"Xã Công Sơn","[""xã công sơn"",""x.công sơn"",""x công sơn"",""công sơn"",""cong son"",""xa cong son"",""xacongson"",""congson""]",ACTIVE
GHN_ADMIN_2025,2,1004072,1004072,,1000033,"Xã Đồng Đăng","[""xã đồng đăng"",""x.đồng đăng"",""x đồng đăng"",""đồng đăng"",""dong dang"",""xa dong dang"",""xadongdang"",""dongdang""]",ACTIVE
GHN_ADMIN_2025,2,1004073,1004073,,1000033,"Xã Bằng Mạc","[""xã bằng mạc"",""x.bằng mạc"",""x bằng mạc"",""bằng mạc"",""bang mac"",""xa bang mac"",""xabangmac"",""bangmac""]",ACTIVE
GHN_ADMIN_2025,2,1004074,1004074,,1000033,"Xã Chi Lăng","[""xã chi lăng"",""x.chi lăng"",""x chi lăng"",""chi lăng"",""chi lang"",""xa chi lang"",""xachilang"",""chilang""]",ACTIVE
GHN_ADMIN_2025,2,1004075,1004075,,1000033,"Xã Chiến Thắng","[""xã chiến thắng"",""x.chiến thắng"",""x chiến thắng"",""chiến thắng"",""chien thang"",""xa chien thang"",""xachienthang"",""chienthang""]",ACTIVE
GHN_ADMIN_2025,2,1004076,1004076,,1000033,"Xã Nhân Lý","[""xã nhân lý"",""x.nhân lý"",""x nhân lý"",""nhân lý"",""nhan ly"",""xa nhan ly"",""xanhanly"",""nhanly""]",ACTIVE
GHN_ADMIN_2025,2,1004077,1004077,,1000033,"Xã Quan Sơn","[""xã quan sơn"",""x.quan sơn"",""x quan sơn"",""quan sơn"",""quan son"",""xa quan son"",""xaquanson"",""quanson""]",ACTIVE
GHN_ADMIN_2025,2,1004078,1004078,,1000033,"Xã Vạn Linh","[""xã vạn linh"",""x.vạn linh"",""x vạn linh"",""vạn linh"",""van linh"",""xa van linh"",""xavanlinh"",""vanlinh""]",ACTIVE
GHN_ADMIN_2025,2,1004079,1004079,,1000033,"Xã Cai Kinh","[""xã cai kinh"",""x.cai kinh"",""x cai kinh"",""cai kinh"",""xa cai kinh"",""xacaikinh"",""caikinh""]",ACTIVE
GHN_ADMIN_2025,2,1004080,1004080,,1000033,"Xã Hữu Liên","[""xã hữu liên"",""x.hữu liên"",""x hữu liên"",""hữu liên"",""huu lien"",""xa huu lien"",""xahuulien"",""huulien""]",ACTIVE
GHN_ADMIN_2025,2,1004081,1004081,,1000033,"Xã Hữu Lũng","[""xã hữu lũng"",""x.hữu lũng"",""x hữu lũng"",""hữu lũng"",""huu lung"",""xa huu lung"",""xahuulung"",""huulung""]",ACTIVE
GHN_ADMIN_2025,2,1004082,1004082,,1000033,"Xã Thiện Tân","[""xã thiện tân"",""x.thiện tân"",""x thiện tân"",""thiện tân"",""thien tan"",""xa thien tan"",""xathientan"",""thientan""]",ACTIVE
GHN_ADMIN_2025,2,1004083,1004083,,1000033,"Xã Tuấn Sơn","[""xã tuấn sơn"",""x.tuấn sơn"",""x tuấn sơn"",""tuấn sơn"",""tuan son"",""xa tuan son"",""xatuanson"",""tuanson""]",ACTIVE
GHN_ADMIN_2025,2,1004084,1004084,,1000033,"Xã Tân Thành","[""xã tân thành"",""x.tân thành"",""x tân thành"",""tân thành"",""tan thanh"",""xa tan thanh"",""xatanthanh"",""tanthanh""]",ACTIVE
GHN_ADMIN_2025,2,1004085,1004085,,1000033,"Xã Vân Nham","[""xã vân nham"",""x.vân nham"",""x vân nham"",""vân nham"",""van nham"",""xa van nham"",""xavannham"",""vannham""]",ACTIVE
GHN_ADMIN_2025,2,1004086,1004086,,1000033,"Xã Yên Bình","[""xã yên bình"",""x.yên bình"",""x yên bình"",""yên bình"",""yen binh"",""xa yen binh"",""xayenbinh"",""yenbinh""]",ACTIVE
GHN_ADMIN_2025,2,1004087,1004087,,1000033,"Xã Khuất Xá","[""xã khuất xá"",""x.khuất xá"",""x khuất xá"",""khuất xá"",""khuat xa"",""xa khuat xa"",""xakhuatxa"",""khuatxa""]",ACTIVE
GHN_ADMIN_2025,2,1004088,1004088,,1000033,"Xã Lộc Bình","[""xã lộc bình"",""x.lộc bình"",""x lộc bình"",""lộc bình"",""loc binh"",""xa loc binh"",""xalocbinh"",""locbinh""]",ACTIVE
GHN_ADMIN_2025,2,1004089,1004089,,1000033,"Xã Lợi Bác","[""xã lợi bác"",""x.lợi bác"",""x lợi bác"",""lợi bác"",""loi bac"",""xa loi bac"",""xaloibac"",""loibac""]",ACTIVE
GHN_ADMIN_2025,2,1004090,1004090,,1000033,"Xã Mẫu Sơn","[""xã mẫu sơn"",""x.mẫu sơn"",""x mẫu sơn"",""mẫu sơn"",""mau son"",""xa mau son"",""xamauson"",""mauson""]",ACTIVE
GHN_ADMIN_2025,2,1004091,1004091,,1000033,"Xã Na Dương","[""xã na dương"",""x.na dương"",""x na dương"",""na dương"",""na duong"",""xa na duong"",""xanaduong"",""naduong""]",ACTIVE
GHN_ADMIN_2025,2,1004092,1004092,,1000033,"Xã Thống Nhất","[""xã thống nhất"",""x.thống nhất"",""x thống nhất"",""thống nhất"",""thong nhat"",""xa thong nhat"",""xathongnhat"",""thongnhat""]",ACTIVE
GHN_ADMIN_2025,2,1004093,1004093,,1000033,"Xã Xuân Dương","[""xã xuân dương"",""x.xuân dương"",""x xuân dương"",""xuân dương"",""xuan duong"",""xa xuan duong"",""xaxuanduong"",""xuanduong""]",ACTIVE
GHN_ADMIN_2025,2,1004094,1004094,,1000033,"Xã Kháng Chiến","[""xã kháng chiến"",""x.kháng chiến"",""x kháng chiến"",""kháng chiến"",""khang chien"",""xa khang chien"",""xakhangchien"",""khangchien""]",ACTIVE
GHN_ADMIN_2025,2,1004095,1004095,,1000033,"Xã Quốc Khánh","[""xã quốc khánh"",""x.quốc khánh"",""x quốc khánh"",""quốc khánh"",""quoc khanh"",""xa quoc khanh"",""xaquockhanh"",""quockhanh""]",ACTIVE
GHN_ADMIN_2025,2,1004096,1004096,,1000033,"Xã Quốc Việt","[""xã quốc việt"",""x.quốc việt"",""x quốc việt"",""quốc việt"",""quoc viet"",""xa quoc viet"",""xaquocviet"",""quocviet""]",ACTIVE
GHN_ADMIN_2025,2,1004097,1004097,,1000033,"Xã Thất Khê","[""xã thất khê"",""x.thất khê"",""x thất khê"",""thất khê"",""that khe"",""xa that khe"",""xathatkhe"",""thatkhe""]",ACTIVE
GHN_ADMIN_2025,2,1004098,1004098,,1000033,"Xã Tràng Định","[""xã tràng định"",""x.tràng định"",""x tràng định"",""tràng định"",""trang dinh"",""xa trang dinh"",""xatrangdinh"",""trangdinh""]",ACTIVE
GHN_ADMIN_2025,2,1004099,1004099,,1000033,"Xã Tân Tiến","[""xã tân tiến"",""x.tân tiến"",""x tân tiến"",""tân tiến"",""tan tien"",""xa tan tien"",""xatantien"",""tantien""]",ACTIVE
GHN_ADMIN_2025,2,1004100,1004100,,1000033,"Xã Đoàn Kết","[""xã đoàn kết"",""x.đoàn kết"",""x đoàn kết"",""đoàn kết"",""doan ket"",""xa doan ket"",""xadoanket"",""doanket""]",ACTIVE
GHN_ADMIN_2025,2,1004101,1004101,,1000033,"Xã Hội Hoan","[""xã hội hoan"",""x.hội hoan"",""x hội hoan"",""hội hoan"",""hoi hoan"",""xa hoi hoan"",""xahoihoan"",""hoihoan""]",ACTIVE
GHN_ADMIN_2025,2,1004102,1004102,,1000033,"Xã Na Sầm","[""xã na sầm"",""x.na sầm"",""x na sầm"",""na sầm"",""na sam"",""xa na sam"",""xanasam"",""nasam""]",ACTIVE
GHN_ADMIN_2025,2,1004103,1004103,,1000033,"Xã Thuỵ Hùng","[""xã thuỵ hùng"",""x.thuỵ hùng"",""x thuỵ hùng"",""thuỵ hùng"",""thuy hung"",""xa thuy hung"",""xathuyhung"",""thuyhung""]",ACTIVE
GHN_ADMIN_2025,2,1004104,1004104,,1000033,"Xã Tân Thanh","[""xã tân thanh"",""x.tân thanh"",""x tân thanh"",""tân thanh"",""tan thanh"",""xa tan thanh"",""xatanthanh"",""tanthanh""]",ACTIVE
GHN_ADMIN_2025,2,1004105,1004105,,1000033,"Xã Văn Lãng","[""xã văn lãng"",""x.văn lãng"",""x văn lãng"",""văn lãng"",""van lang"",""xa van lang"",""xavanlang"",""vanlang""]",ACTIVE
GHN_ADMIN_2025,2,1004106,1004106,,1000033,"Xã Khánh Khê","[""xã khánh khê"",""x.khánh khê"",""x khánh khê"",""khánh khê"",""khanh khe"",""xa khanh khe"",""xakhanhkhe"",""khanhkhe""]",ACTIVE
GHN_ADMIN_2025,2,1004107,1004107,,1000033,"Xã Tri Lễ","[""xã tri lễ"",""x.tri lễ"",""x tri lễ"",""tri lễ"",""tri le"",""xa tri le"",""xatrile"",""trile""]",ACTIVE
GHN_ADMIN_2025,2,1004108,1004108,,1000033,"Xã Tân Đoàn","[""xã tân đoàn"",""x.tân đoàn"",""x tân đoàn"",""tân đoàn"",""tan doan"",""xa tan doan"",""xatandoan"",""tandoan""]",ACTIVE
GHN_ADMIN_2025,2,1004109,1004109,,1000033,"Xã Văn Quan","[""xã văn quan"",""x.văn quan"",""x văn quan"",""văn quan"",""van quan"",""xa van quan"",""xavanquan"",""vanquan""]",ACTIVE
GHN_ADMIN_2025,2,1004110,1004110,,1000033,"Xã Yên Phúc","[""xã yên phúc"",""x.yên phúc"",""x yên phúc"",""yên phúc"",""yen phuc"",""xa yen phuc"",""xayenphuc"",""yenphuc""]",ACTIVE
GHN_ADMIN_2025,2,1004111,1004111,,1000033,"Xã Điềm He","[""xã điềm he"",""x.điềm he"",""x điềm he"",""điềm he"",""diem he"",""xa diem he"",""xadiemhe"",""diemhe""]",ACTIVE
GHN_ADMIN_2025,2,1004112,1004112,,1000033,"Xã Châu Sơn","[""xã châu sơn"",""x.châu sơn"",""x châu sơn"",""châu sơn"",""chau son"",""xa chau son"",""xachauson"",""chauson""]",ACTIVE
GHN_ADMIN_2025,2,1004113,1004113,,1000033,"Xã Kiên Mộc","[""xã kiên mộc"",""x.kiên mộc"",""x kiên mộc"",""kiên mộc"",""kien moc"",""xa kien moc"",""xakienmoc"",""kienmoc""]",ACTIVE
GHN_ADMIN_2025,2,1004114,1004114,,1000033,"Xã Thái Bình","[""xã thái bình"",""x.thái bình"",""x thái bình"",""thái bình"",""thai binh"",""xa thai binh"",""xathaibinh"",""thaibinh""]",ACTIVE
GHN_ADMIN_2025,2,1004115,1004115,,1000033,"Xã Đình Lập","[""xã đình lập"",""x.đình lập"",""x đình lập"",""đình lập"",""dinh lap"",""xa dinh lap"",""xadinhlap"",""dinhlap""]",ACTIVE
GHN_ADMIN_2025,2,1004116,1004116,,1000033,"Phường Hoàng Văn Thụ","[""phường hoàng văn thụ"",""p.hoàng văn thụ"",""p hoàng văn thụ"",""hoàng văn thụ"",""hoang van thu"",""phuong hoang van thu"",""phuonghoangvanthu"",""hoangvanthu""]",ACTIVE
GHN_ADMIN_2025,2,1004117,1004117,,1000033,"Phường Lương Văn Tri","[""phường lương văn tri"",""p.lương văn tri"",""p lương văn tri"",""lương văn tri"",""luong van tri"",""phuong luong van tri"",""phuongluongvantri"",""luongvantri""]",ACTIVE
GHN_ADMIN_2025,2,1004118,1004118,,1000033,"Phường Tam Thanh","[""phường tam thanh"",""p.tam thanh"",""p tam thanh"",""tam thanh"",""phuong tam thanh"",""phuongtamthanh"",""tamthanh""]",ACTIVE
GHN_ADMIN_2025,2,1004119,1004119,,1000033,"Phường Đông Kinh","[""phường đông kinh"",""p.đông kinh"",""p đông kinh"",""đông kinh"",""dong kinh"",""phuong dong kinh"",""phuongdongkinh"",""dongkinh""]",ACTIVE
GHN_ADMIN_2025,2,1004120,1004120,,1000025,"Xã Bum Nưa","[""xã bum nưa"",""x.bum nưa"",""x bum nưa"",""bum nưa"",""bum nua"",""xa bum nua"",""xabumnua"",""bumnua""]",ACTIVE
GHN_ADMIN_2025,2,1004121,1004121,,1000025,"Xã Bum Tở","[""xã bum tở"",""x.bum tở"",""x bum tở"",""bum tở"",""bum to"",""xa bum to"",""xabumto"",""bumto""]",ACTIVE
GHN_ADMIN_2025,2,1004122,1004122,,1000025,"Xã Mù Cả","[""xã mù cả"",""x.mù cả"",""x mù cả"",""mù cả"",""mu ca"",""xa mu ca"",""xamuca"",""muca""]",ACTIVE
GHN_ADMIN_2025,2,1004123,1004123,,1000025,"Xã Mường Tè","[""xã mường tè"",""x.mường tè"",""x mường tè"",""mường tè"",""muong te"",""xa muong te"",""xamuongte"",""muongte""]",ACTIVE
GHN_ADMIN_2025,2,1004124,1004124,,1000025,"Xã Pa Ủ","[""xã pa ủ"",""x.pa ủ"",""x pa ủ"",""pa ủ"",""pa u"",""xa pa u"",""xapau"",""pau""]",ACTIVE
GHN_ADMIN_2025,2,1004125,1004125,,1000025,"Xã Thu Lũm","[""xã thu lũm"",""x.thu lũm"",""x thu lũm"",""thu lũm"",""thu lum"",""xa thu lum"",""xathulum"",""thulum""]",ACTIVE
GHN_ADMIN_2025,2,1004126,1004126,,1000025,"Xã Tà Tổng","[""xã tà tổng"",""x.tà tổng"",""x tà tổng"",""tà tổng"",""ta tong"",""xa ta tong"",""xatatong"",""tatong""]",ACTIVE
GHN_ADMIN_2025,2,1004127,1004127,,1000025,"Xã Hua Bum","[""xã hua bum"",""x.hua bum"",""x hua bum"",""hua bum"",""xa hua bum"",""xahuabum"",""huabum""]",ACTIVE
GHN_ADMIN_2025,2,1004128,1004128,,1000025,"Xã Lê Lợi","[""xã lê lợi"",""x.lê lợi"",""x lê lợi"",""lê lợi"",""le loi"",""xa le loi"",""xaleloi"",""leloi""]",ACTIVE
GHN_ADMIN_2025,2,1004129,1004129,,1000025,"Xã Mường Mô","[""xã mường mô"",""x.mường mô"",""x mường mô"",""mường mô"",""muong mo"",""xa muong mo"",""xamuongmo"",""muongmo""]",ACTIVE
GHN_ADMIN_2025,2,1004130,1004130,,1000025,"Xã Nậm Hàng","[""xã nậm hàng"",""x.nậm hàng"",""x nậm hàng"",""nậm hàng"",""nam hang"",""xa nam hang"",""xanamhang"",""namhang""]",ACTIVE
GHN_ADMIN_2025,2,1004131,1004131,,1000025,"Xã Dào San","[""xã dào san"",""x.dào san"",""x dào san"",""dào san"",""dao san"",""xa dao san"",""xadaosan"",""daosan""]",ACTIVE
GHN_ADMIN_2025,2,1004132,1004132,,1000025,"Xã Khổng Lào","[""xã khổng lào"",""x.khổng lào"",""x khổng lào"",""khổng lào"",""khong lao"",""xa khong lao"",""xakhonglao"",""khonglao""]",ACTIVE
GHN_ADMIN_2025,2,1004133,1004133,,1000025,"Xã Phong Thổ","[""xã phong thổ"",""x.phong thổ"",""x phong thổ"",""phong thổ"",""phong tho"",""xa phong tho"",""xaphongtho"",""phongtho""]",ACTIVE
GHN_ADMIN_2025,2,1004134,1004134,,1000025,"Xã Sin Suối Hồ","[""xã sin suối hồ"",""x.sin suối hồ"",""x sin suối hồ"",""sin suối hồ"",""sin suoi ho"",""xa sin suoi ho"",""xasinsuoiho"",""sinsuoiho""]",ACTIVE
GHN_ADMIN_2025,2,1004135,1004135,,1000025,"Xã Sì Lở Lầu","[""xã sì lở lầu"",""x.sì lở lầu"",""x sì lở lầu"",""sì lở lầu"",""si lo lau"",""xa si lo lau"",""xasilolau"",""silolau""]",ACTIVE
GHN_ADMIN_2025,2,1004136,1004136,,1000025,"Xã Hồng Thu","[""xã hồng thu"",""x.hồng thu"",""x hồng thu"",""hồng thu"",""hong thu"",""xa hong thu"",""xahongthu"",""hongthu""]",ACTIVE
GHN_ADMIN_2025,2,1004137,1004137,,1000025,"Xã Nậm Cuổi","[""xã nậm cuổi"",""x.nậm cuổi"",""x nậm cuổi"",""nậm cuổi"",""nam cuoi"",""xa nam cuoi"",""xanamcuoi"",""namcuoi""]",ACTIVE
GHN_ADMIN_2025,2,1004138,1004138,,1000025,"Xã Nậm Mạ","[""xã nậm mạ"",""x.nậm mạ"",""x nậm mạ"",""nậm mạ"",""nam ma"",""xa nam ma"",""xanamma"",""namma""]",ACTIVE
GHN_ADMIN_2025,2,1004139,1004139,,1000025,"Xã Nậm Tăm","[""xã nậm tăm"",""x.nậm tăm"",""x nậm tăm"",""nậm tăm"",""nam tam"",""xa nam tam"",""xanamtam"",""namtam""]",ACTIVE
GHN_ADMIN_2025,2,1004140,1004140,,1000025,"Xã Pa Tần","[""xã pa tần"",""x.pa tần"",""x pa tần"",""pa tần"",""pa tan"",""xa pa tan"",""xapatan"",""patan""]",ACTIVE
GHN_ADMIN_2025,2,1004141,1004141,,1000025,"Xã Pu Sam Cáp","[""xã pu sam cáp"",""x.pu sam cáp"",""x pu sam cáp"",""pu sam cáp"",""pu sam cap"",""xa pu sam cap"",""xapusamcap"",""pusamcap""]",ACTIVE
GHN_ADMIN_2025,2,1004142,1004142,,1000025,"Xã Sìn Hồ","[""xã sìn hồ"",""x.sìn hồ"",""x sìn hồ"",""sìn hồ"",""sin ho"",""xa sin ho"",""xasinho"",""sinho""]",ACTIVE
GHN_ADMIN_2025,2,1004143,1004143,,1000025,"Xã Tủa Sín Chải","[""xã tủa sín chải"",""x.tủa sín chải"",""x tủa sín chải"",""tủa sín chải"",""tua sin chai"",""xa tua sin chai"",""xatuasinchai"",""tuasinchai""]",ACTIVE
GHN_ADMIN_2025,2,1004144,1004144,,1000025,"Xã Bình Lư","[""xã bình lư"",""x.bình lư"",""x bình lư"",""bình lư"",""binh lu"",""xa binh lu"",""xabinhlu"",""binhlu""]",ACTIVE
GHN_ADMIN_2025,2,1004145,1004145,,1000025,"Xã Bản Bo","[""xã bản bo"",""x.bản bo"",""x bản bo"",""bản bo"",""ban bo"",""xa ban bo"",""xabanbo"",""banbo""]",ACTIVE
GHN_ADMIN_2025,2,1004146,1004146,,1000025,"Xã Khun Há","[""xã khun há"",""x.khun há"",""x khun há"",""khun há"",""khun ha"",""xa khun ha"",""xakhunha"",""khunha""]",ACTIVE
GHN_ADMIN_2025,2,1004147,1004147,,1000025,"Xã Tả Lèng","[""xã tả lèng"",""x.tả lèng"",""x tả lèng"",""tả lèng"",""ta leng"",""xa ta leng"",""xataleng"",""taleng""]",ACTIVE
GHN_ADMIN_2025,2,1004148,1004148,,1000025,"Xã Khoen On","[""xã khoen on"",""x.khoen on"",""x khoen on"",""khoen on"",""xa khoen on"",""xakhoenon"",""khoenon""]",ACTIVE
GHN_ADMIN_2025,2,1004149,1004149,,1000025,"Xã Mường Kim","[""xã mường kim"",""x.mường kim"",""x mường kim"",""mường kim"",""muong kim"",""xa muong kim"",""xamuongkim"",""muongkim""]",ACTIVE
GHN_ADMIN_2025,2,1004150,1004150,,1000025,"Xã Mường Than","[""xã mường than"",""x.mường than"",""x mường than"",""mường than"",""muong than"",""xa muong than"",""xamuongthan"",""muongthan""]",ACTIVE
GHN_ADMIN_2025,2,1004151,1004151,,1000025,"Xã Than Uyên","[""xã than uyên"",""x.than uyên"",""x than uyên"",""than uyên"",""than uyen"",""xa than uyen"",""xathanuyen"",""thanuyen""]",ACTIVE
GHN_ADMIN_2025,2,1004152,1004152,,1000025,"Xã Mường Khoa","[""xã mường khoa"",""x.mường khoa"",""x mường khoa"",""mường khoa"",""muong khoa"",""xa muong khoa"",""xamuongkhoa"",""muongkhoa""]",ACTIVE
GHN_ADMIN_2025,2,1004153,1004153,,1000025,"Xã Nậm Sỏ","[""xã nậm sỏ"",""x.nậm sỏ"",""x nậm sỏ"",""nậm sỏ"",""nam so"",""xa nam so"",""xanamso"",""namso""]",ACTIVE
GHN_ADMIN_2025,2,1004154,1004154,,1000025,"Xã Pắc Ta","[""xã pắc ta"",""x.pắc ta"",""x pắc ta"",""pắc ta"",""pac ta"",""xa pac ta"",""xapacta"",""pacta""]",ACTIVE
GHN_ADMIN_2025,2,1004155,1004155,,1000025,"Xã Tân Uyên","[""xã tân uyên"",""x.tân uyên"",""x tân uyên"",""tân uyên"",""tan uyen"",""xa tan uyen"",""xatanuyen"",""tanuyen""]",ACTIVE
GHN_ADMIN_2025,2,1004156,1004156,,1000025,"Phường Tân Phong","[""phường tân phong"",""p.tân phong"",""p tân phong"",""tân phong"",""tan phong"",""phuong tan phong"",""phuongtanphong"",""tanphong""]",ACTIVE
GHN_ADMIN_2025,2,1004157,1004157,,1000025,"Phường Đoàn Kết","[""phường đoàn kết"",""p.đoàn kết"",""p đoàn kết"",""đoàn kết"",""doan ket"",""phuong doan ket"",""phuongdoanket"",""doanket""]",ACTIVE
GHN_ADMIN_2025,2,1004158,1004158,,1000026,"Xã Mường Pồn","[""xã mường pồn"",""x.mường pồn"",""x mường pồn"",""mường pồn"",""muong pon"",""xa muong pon"",""xamuongpon"",""muongpon""]",ACTIVE
GHN_ADMIN_2025,2,1004159,1004159,,1000026,"Xã Mường Tùng","[""xã mường tùng"",""x.mường tùng"",""x mường tùng"",""mường tùng"",""muong tung"",""xa muong tung"",""xamuongtung"",""muongtung""]",ACTIVE
GHN_ADMIN_2025,2,1004160,1004160,,1000026,"Xã Na Sang","[""xã na sang"",""x.na sang"",""x na sang"",""na sang"",""xa na sang"",""xanasang"",""nasang""]",ACTIVE
GHN_ADMIN_2025,2,1004161,1004161,,1000026,"Xã Nậm Nèn","[""xã nậm nèn"",""x.nậm nèn"",""x nậm nèn"",""nậm nèn"",""nam nen"",""xa nam nen"",""xanamnen"",""namnen""]",ACTIVE
GHN_ADMIN_2025,2,1004162,1004162,,1000026,"Xã Pa Ham","[""xã pa ham"",""x.pa ham"",""x pa ham"",""pa ham"",""xa pa ham"",""xapaham"",""paham""]",ACTIVE
GHN_ADMIN_2025,2,1004163,1004163,,1000026,"Xã Mường Nhé","[""xã mường nhé"",""x.mường nhé"",""x mường nhé"",""mường nhé"",""muong nhe"",""xa muong nhe"",""xamuongnhe"",""muongnhe""]",ACTIVE
GHN_ADMIN_2025,2,1004164,1004164,,1000026,"Xã Mường Toong","[""xã mường toong"",""x.mường toong"",""x mường toong"",""mường toong"",""muong toong"",""xa muong toong"",""xamuongtoong"",""muongtoong""]",ACTIVE
GHN_ADMIN_2025,2,1004165,1004165,,1000026,"Xã Nậm Kè","[""xã nậm kè"",""x.nậm kè"",""x nậm kè"",""nậm kè"",""nam ke"",""xa nam ke"",""xanamke"",""namke""]",ACTIVE
GHN_ADMIN_2025,2,1004166,1004166,,1000026,"Xã Quảng Lâm","[""xã quảng lâm"",""x.quảng lâm"",""x quảng lâm"",""quảng lâm"",""quang lam"",""xa quang lam"",""xaquanglam"",""quanglam""]",ACTIVE
GHN_ADMIN_2025,2,1004167,1004167,,1000026,"Xã Sín Thầu","[""xã sín thầu"",""x.sín thầu"",""x sín thầu"",""sín thầu"",""sin thau"",""xa sin thau"",""xasinthau"",""sinthau""]",ACTIVE
GHN_ADMIN_2025,2,1004168,1004168,,1000026,"Xã Búng Lao","[""xã búng lao"",""x.búng lao"",""x búng lao"",""búng lao"",""bung lao"",""xa bung lao"",""xabunglao"",""bunglao""]",ACTIVE
GHN_ADMIN_2025,2,1004169,1004169,,1000026,"Xã Mường Lạn","[""xã mường lạn"",""x.mường lạn"",""x mường lạn"",""mường lạn"",""muong lan"",""xa muong lan"",""xamuonglan"",""muonglan""]",ACTIVE
GHN_ADMIN_2025,2,1004170,1004170,,1000026,"Xã Mường Ảng","[""xã mường ảng"",""x.mường ảng"",""x mường ảng"",""mường ảng"",""muong ang"",""xa muong ang"",""xamuongang"",""muongang""]",ACTIVE
GHN_ADMIN_2025,2,1004171,1004171,,1000026,"Xã Nà Tấu","[""xã nà tấu"",""x.nà tấu"",""x nà tấu"",""nà tấu"",""na tau"",""xa na tau"",""xanatau"",""natau""]",ACTIVE
GHN_ADMIN_2025,2,1004172,1004172,,1000026,"Xã Chà Tở","[""xã chà tở"",""x.chà tở"",""x chà tở"",""chà tở"",""cha to"",""xa cha to"",""xachato"",""chato""]",ACTIVE
GHN_ADMIN_2025,2,1004173,1004173,,1000026,"Xã Mường Chà","[""xã mường chà"",""x.mường chà"",""x mường chà"",""mường chà"",""muong cha"",""xa muong cha"",""xamuongcha"",""muongcha""]",ACTIVE
GHN_ADMIN_2025,2,1004174,1004174,,1000026,"Xã Nà Bủng","[""xã nà bủng"",""x.nà bủng"",""x nà bủng"",""nà bủng"",""na bung"",""xa na bung"",""xanabung"",""nabung""]",ACTIVE
GHN_ADMIN_2025,2,1004175,1004175,,1000026,"Xã Nà Hỳ","[""xã nà hỳ"",""x.nà hỳ"",""x nà hỳ"",""nà hỳ"",""na hy"",""xa na hy"",""xanahy"",""nahy""]",ACTIVE
GHN_ADMIN_2025,2,1004176,1004176,,1000026,"Xã Si Pa Phìn","[""xã si pa phìn"",""x.si pa phìn"",""x si pa phìn"",""si pa phìn"",""si pa phin"",""xa si pa phin"",""xasipaphin"",""sipaphin""]",ACTIVE
GHN_ADMIN_2025,2,1004177,1004177,,1000026,"Xã Chiềng Sinh","[""xã chiềng sinh"",""x.chiềng sinh"",""x chiềng sinh"",""chiềng sinh"",""chieng sinh"",""xa chieng sinh"",""xachiengsinh"",""chiengsinh""]",ACTIVE
GHN_ADMIN_2025,2,1004178,1004178,,1000026,"Xã Mường Mùn","[""xã mường mùn"",""x.mường mùn"",""x mường mùn"",""mường mùn"",""muong mun"",""xa muong mun"",""xamuongmun"",""muongmun""]",ACTIVE
GHN_ADMIN_2025,2,1004179,1004179,,1000026,"Xã Pú Nhung","[""xã pú nhung"",""x.pú nhung"",""x pú nhung"",""pú nhung"",""pu nhung"",""xa pu nhung"",""xapunhung"",""punhung""]",ACTIVE
GHN_ADMIN_2025,2,1004180,1004180,,1000026,"Xã Quài Tở","[""xã quài tở"",""x.quài tở"",""x quài tở"",""quài tở"",""quai to"",""xa quai to"",""xaquaito"",""quaito""]",ACTIVE
GHN_ADMIN_2025,2,1004181,1004181,,1000026,"Xã Tuần Giáo","[""xã tuần giáo"",""x.tuần giáo"",""x tuần giáo"",""tuần giáo"",""tuan giao"",""xa tuan giao"",""xatuangiao"",""tuangiao""]",ACTIVE
GHN_ADMIN_2025,2,1004182,1004182,,1000026,"Xã Sín Chải","[""xã sín chải"",""x.sín chải"",""x sín chải"",""sín chải"",""sin chai"",""xa sin chai"",""xasinchai"",""sinchai""]",ACTIVE
GHN_ADMIN_2025,2,1004183,1004183,,1000026,"Xã Sính Phình","[""xã sính phình"",""x.sính phình"",""x sính phình"",""sính phình"",""sinh phinh"",""xa sinh phinh"",""xasinhphinh"",""sinhphinh""]",ACTIVE
GHN_ADMIN_2025,2,1004184,1004184,,1000026,"Xã Tủa Chùa","[""xã tủa chùa"",""x.tủa chùa"",""x tủa chùa"",""tủa chùa"",""tua chua"",""xa tua chua"",""xatuachua"",""tuachua""]",ACTIVE
GHN_ADMIN_2025,2,1004185,1004185,,1000026,"Xã Tủa Thàng","[""xã tủa thàng"",""x.tủa thàng"",""x tủa thàng"",""tủa thàng"",""tua thang"",""xa tua thang"",""xatuathang"",""tuathang""]",ACTIVE
GHN_ADMIN_2025,2,1004186,1004186,,1000026,"Xã Xá Nhè","[""xã xá nhè"",""x.xá nhè"",""x xá nhè"",""xá nhè"",""xa nhe"",""xa xa nhe"",""xaxanhe"",""xanhe""]",ACTIVE
GHN_ADMIN_2025,2,1004187,1004187,,1000026,"Phường Mường Thanh","[""phường mường thanh"",""p.mường thanh"",""p mường thanh"",""mường thanh"",""muong thanh"",""phuong muong thanh"",""phuongmuongthanh"",""muongthanh""]",ACTIVE
GHN_ADMIN_2025,2,1004188,1004188,,1000026,"Xã Mường Nhà","[""xã mường nhà"",""x.mường nhà"",""x mường nhà"",""mường nhà"",""muong nha"",""xa muong nha"",""xamuongnha"",""muongnha""]",ACTIVE
GHN_ADMIN_2025,2,1004189,1004189,,1000026,"Xã Núa Ngam","[""xã núa ngam"",""x.núa ngam"",""x núa ngam"",""núa ngam"",""nua ngam"",""xa nua ngam"",""xanuangam"",""nuangam""]",ACTIVE
GHN_ADMIN_2025,2,1004190,1004190,,1000026,"Xã Sam Mứn","[""xã sam mứn"",""x.sam mứn"",""x sam mứn"",""sam mứn"",""sam mun"",""xa sam mun"",""xasammun"",""sammun""]",ACTIVE
GHN_ADMIN_2025,2,1004191,1004191,,1000026,"Xã Thanh An","[""xã thanh an"",""x.thanh an"",""x thanh an"",""thanh an"",""xa thanh an"",""xathanhan"",""thanhan""]",ACTIVE
GHN_ADMIN_2025,2,1004192,1004192,,1000026,"Xã Thanh Nưa","[""xã thanh nưa"",""x.thanh nưa"",""x thanh nưa"",""thanh nưa"",""thanh nua"",""xa thanh nua"",""xathanhnua"",""thanhnua""]",ACTIVE
GHN_ADMIN_2025,2,1004193,1004193,,1000026,"Xã Thanh Yên","[""xã thanh yên"",""x.thanh yên"",""x thanh yên"",""thanh yên"",""thanh yen"",""xa thanh yen"",""xathanhyen"",""thanhyen""]",ACTIVE
GHN_ADMIN_2025,2,1004194,1004194,,1000026,"Xã Mường Luân","[""xã mường luân"",""x.mường luân"",""x mường luân"",""mường luân"",""muong luan"",""xa muong luan"",""xamuongluan"",""muongluan""]",ACTIVE
GHN_ADMIN_2025,2,1004195,1004195,,1000026,"Xã Na Son","[""xã na son"",""x.na son"",""x na son"",""na son"",""xa na son"",""xanason"",""nason""]",ACTIVE
GHN_ADMIN_2025,2,1004196,1004196,,1000026,"Xã Phình Giàng","[""xã phình giàng"",""x.phình giàng"",""x phình giàng"",""phình giàng"",""phinh giang"",""xa phinh giang"",""xaphinhgiang"",""phinhgiang""]",ACTIVE
GHN_ADMIN_2025,2,1004197,1004197,,1000026,"Xã Pu Nhi","[""xã pu nhi"",""x.pu nhi"",""x pu nhi"",""pu nhi"",""xa pu nhi"",""xapunhi"",""punhi""]",ACTIVE
GHN_ADMIN_2025,2,1004198,1004198,,1000026,"Xã Tìa Dình","[""xã tìa dình"",""x.tìa dình"",""x tìa dình"",""tìa dình"",""tia dinh"",""xa tia dinh"",""xatiadinh"",""tiadinh""]",ACTIVE
GHN_ADMIN_2025,2,1004199,1004199,,1000026,"Xã Xa Dung","[""xã xa dung"",""x.xa dung"",""x xa dung"",""xa dung"",""xa xa dung"",""xaxadung"",""xadung""]",ACTIVE
GHN_ADMIN_2025,2,1004200,1004200,,1000026,"Phường Điện Biên Phủ","[""phường điện biên phủ"",""p.điện biên phủ"",""p điện biên phủ"",""điện biên phủ"",""dien bien phu"",""phuong dien bien phu"",""phuongdienbienphu"",""dienbienphu""]",ACTIVE
GHN_ADMIN_2025,2,1004201,1004201,,1000026,"Xã Mường Phăng","[""xã mường phăng"",""x.mường phăng"",""x mường phăng"",""mường phăng"",""muong phang"",""xa muong phang"",""xamuongphang"",""muongphang""]",ACTIVE
GHN_ADMIN_2025,2,1004202,1004202,,1000026,"Phường Mường Lay","[""phường mường lay"",""p.mường lay"",""p mường lay"",""mường lay"",""muong lay"",""phuong muong lay"",""phuongmuonglay"",""muonglay""]",ACTIVE
GHN_ADMIN_2025,2,1004203,1004203,,1000027,"Xã Bắc Yên","[""xã bắc yên"",""x.bắc yên"",""x bắc yên"",""bắc yên"",""bac yen"",""xa bac yen"",""xabacyen"",""bacyen""]",ACTIVE
GHN_ADMIN_2025,2,1004204,1004204,,1000027,"Xã Chiềng Sại","[""xã chiềng sại"",""x.chiềng sại"",""x chiềng sại"",""chiềng sại"",""chieng sai"",""xa chieng sai"",""xachiengsai"",""chiengsai""]",ACTIVE
GHN_ADMIN_2025,2,1004205,1004205,,1000027,"Xã Pắc Ngà","[""xã pắc ngà"",""x.pắc ngà"",""x pắc ngà"",""pắc ngà"",""pac nga"",""xa pac nga"",""xapacnga"",""pacnga""]",ACTIVE
GHN_ADMIN_2025,2,1004206,1004206,,1000027,"Xã Tà Xùa","[""xã tà xùa"",""x.tà xùa"",""x tà xùa"",""tà xùa"",""ta xua"",""xa ta xua"",""xataxua"",""taxua""]",ACTIVE
GHN_ADMIN_2025,2,1004207,1004207,,1000027,"Xã Tạ Khoa","[""xã tạ khoa"",""x.tạ khoa"",""x tạ khoa"",""tạ khoa"",""ta khoa"",""xa ta khoa"",""xatakhoa"",""takhoa""]",ACTIVE
GHN_ADMIN_2025,2,1004208,1004208,,1000027,"Xã Xím Vàng","[""xã xím vàng"",""x.xím vàng"",""x xím vàng"",""xím vàng"",""xim vang"",""xa xim vang"",""xaximvang"",""ximvang""]",ACTIVE
GHN_ADMIN_2025,2,1004209,1004209,,1000027,"Xã Chiềng Mai","[""xã chiềng mai"",""x.chiềng mai"",""x chiềng mai"",""chiềng mai"",""chieng mai"",""xa chieng mai"",""xachiengmai"",""chiengmai""]",ACTIVE
GHN_ADMIN_2025,2,1004210,1004210,,1000027,"Xã Chiềng Mung","[""xã chiềng mung"",""x.chiềng mung"",""x chiềng mung"",""chiềng mung"",""chieng mung"",""xa chieng mung"",""xachiengmung"",""chiengmung""]",ACTIVE
GHN_ADMIN_2025,2,1004211,1004211,,1000027,"Xã Chiềng Sung","[""xã chiềng sung"",""x.chiềng sung"",""x chiềng sung"",""chiềng sung"",""chieng sung"",""xa chieng sung"",""xachiengsung"",""chiengsung""]",ACTIVE
GHN_ADMIN_2025,2,1004212,1004212,,1000027,"Xã Mai Sơn","[""xã mai sơn"",""x.mai sơn"",""x mai sơn"",""mai sơn"",""mai son"",""xa mai son"",""xamaison"",""maison""]",ACTIVE
GHN_ADMIN_2025,2,1004213,1004213,,1000027,"Xã Mường Chanh","[""xã mường chanh"",""x.mường chanh"",""x mường chanh"",""mường chanh"",""muong chanh"",""xa muong chanh"",""xamuongchanh"",""muongchanh""]",ACTIVE
GHN_ADMIN_2025,2,1004214,1004214,,1000027,"Xã Phiêng Cằm","[""xã phiêng cằm"",""x.phiêng cằm"",""x phiêng cằm"",""phiêng cằm"",""phieng cam"",""xa phieng cam"",""xaphiengcam"",""phiengcam""]",ACTIVE
GHN_ADMIN_2025,2,1004215,1004215,,1000027,"Xã Phiêng Pằn","[""xã phiêng pằn"",""x.phiêng pằn"",""x phiêng pằn"",""phiêng pằn"",""phieng pan"",""xa phieng pan"",""xaphiengpan"",""phiengpan""]",ACTIVE
GHN_ADMIN_2025,2,1004216,1004216,,1000027,"Xã Tà Hộc","[""xã tà hộc"",""x.tà hộc"",""x tà hộc"",""tà hộc"",""ta hoc"",""xa ta hoc"",""xatahoc"",""tahoc""]",ACTIVE
GHN_ADMIN_2025,2,1004217,1004217,,1000027,"Xã Chiềng Hoa","[""xã chiềng hoa"",""x.chiềng hoa"",""x chiềng hoa"",""chiềng hoa"",""chieng hoa"",""xa chieng hoa"",""xachienghoa"",""chienghoa""]",ACTIVE
GHN_ADMIN_2025,2,1004218,1004218,,1000027,"Xã Chiềng Lao","[""xã chiềng lao"",""x.chiềng lao"",""x chiềng lao"",""chiềng lao"",""chieng lao"",""xa chieng lao"",""xachienglao"",""chienglao""]",ACTIVE
GHN_ADMIN_2025,2,1004219,1004219,,1000027,"Xã Mường Bú","[""xã mường bú"",""x.mường bú"",""x mường bú"",""mường bú"",""muong bu"",""xa muong bu"",""xamuongbu"",""muongbu""]",ACTIVE
GHN_ADMIN_2025,2,1004220,1004220,,1000027,"Xã Mường La","[""xã mường la"",""x.mường la"",""x mường la"",""mường la"",""muong la"",""xa muong la"",""xamuongla"",""muongla""]",ACTIVE
GHN_ADMIN_2025,2,1004221,1004221,,1000027,"Xã Ngọc Chiến","[""xã ngọc chiến"",""x.ngọc chiến"",""x ngọc chiến"",""ngọc chiến"",""ngoc chien"",""xa ngoc chien"",""xangocchien"",""ngocchien""]",ACTIVE
GHN_ADMIN_2025,2,1004222,1004222,,1000027,"Xã Gia Phù","[""xã gia phù"",""x.gia phù"",""x gia phù"",""gia phù"",""gia phu"",""xa gia phu"",""xagiaphu"",""giaphu""]",ACTIVE
GHN_ADMIN_2025,2,1004223,1004223,,1000027,"Xã Kim Bon","[""xã kim bon"",""x.kim bon"",""x kim bon"",""kim bon"",""xa kim bon"",""xakimbon"",""kimbon""]",ACTIVE
GHN_ADMIN_2025,2,1004224,1004224,,1000027,"Xã Mường Bang","[""xã mường bang"",""x.mường bang"",""x mường bang"",""mường bang"",""muong bang"",""xa muong bang"",""xamuongbang"",""muongbang""]",ACTIVE
GHN_ADMIN_2025,2,1004225,1004225,,1000027,"Xã Mường Cơi","[""xã mường cơi"",""x.mường cơi"",""x mường cơi"",""mường cơi"",""muong coi"",""xa muong coi"",""xamuongcoi"",""muongcoi""]",ACTIVE
GHN_ADMIN_2025,2,1004226,1004226,,1000027,"Xã Phù Yên","[""xã phù yên"",""x.phù yên"",""x phù yên"",""phù yên"",""phu yen"",""xa phu yen"",""xaphuyen"",""phuyen""]",ACTIVE
GHN_ADMIN_2025,2,1004227,1004227,,1000027,"Xã Suối Tọ","[""xã suối tọ"",""x.suối tọ"",""x suối tọ"",""suối tọ"",""suoi to"",""xa suoi to"",""xasuoito"",""suoito""]",ACTIVE
GHN_ADMIN_2025,2,1004228,1004228,,1000027,"Xã Tân Phong","[""xã tân phong"",""x.tân phong"",""x tân phong"",""tân phong"",""tan phong"",""xa tan phong"",""xatanphong"",""tanphong""]",ACTIVE
GHN_ADMIN_2025,2,1004229,1004229,,1000027,"Xã Tường Hạ","[""xã tường hạ"",""x.tường hạ"",""x tường hạ"",""tường hạ"",""tuong ha"",""xa tuong ha"",""xatuongha"",""tuongha""]",ACTIVE
GHN_ADMIN_2025,2,1004230,1004230,,1000027,"Xã Mường Chiên","[""xã mường chiên"",""x.mường chiên"",""x mường chiên"",""mường chiên"",""muong chien"",""xa muong chien"",""xamuongchien"",""muongchien""]",ACTIVE
GHN_ADMIN_2025,2,1004231,1004231,,1000027,"Xã Mường Giôn","[""xã mường giôn"",""x.mường giôn"",""x mường giôn"",""mường giôn"",""muong gion"",""xa muong gion"",""xamuonggion"",""muonggion""]",ACTIVE
GHN_ADMIN_2025,2,1004232,1004232,,1000027,"Xã Mường Sại","[""xã mường sại"",""x.mường sại"",""x mường sại"",""mường sại"",""muong sai"",""xa muong sai"",""xamuongsai"",""muongsai""]",ACTIVE
GHN_ADMIN_2025,2,1004233,1004233,,1000027,"Xã Quỳnh Nhai","[""xã quỳnh nhai"",""x.quỳnh nhai"",""x quỳnh nhai"",""quỳnh nhai"",""quynh nhai"",""xa quynh nhai"",""xaquynhnhai"",""quynhnhai""]",ACTIVE
GHN_ADMIN_2025,2,1004234,1004234,,1000027,"Xã Bó Sinh","[""xã bó sinh"",""x.bó sinh"",""x bó sinh"",""bó sinh"",""bo sinh"",""xa bo sinh"",""xabosinh"",""bosinh""]",ACTIVE
GHN_ADMIN_2025,2,1004235,1004235,,1000027,"Xã Chiềng Khoong","[""xã chiềng khoong"",""x.chiềng khoong"",""x chiềng khoong"",""chiềng khoong"",""chieng khoong"",""xa chieng khoong"",""xachiengkhoong"",""chiengkhoong""]",ACTIVE
GHN_ADMIN_2025,2,1004236,1004236,,1000027,"Xã Chiềng Khương","[""xã chiềng khương"",""x.chiềng khương"",""x chiềng khương"",""chiềng khương"",""chieng khuong"",""xa chieng khuong"",""xachiengkhuong"",""chiengkhuong""]",ACTIVE
GHN_ADMIN_2025,2,1004237,1004237,,1000027,"Xã Chiềng Sơ","[""xã chiềng sơ"",""x.chiềng sơ"",""x chiềng sơ"",""chiềng sơ"",""chieng so"",""xa chieng so"",""xachiengso"",""chiengso""]",ACTIVE
GHN_ADMIN_2025,2,1004238,1004238,,1000027,"Xã Huổi Một","[""xã huổi một"",""x.huổi một"",""x huổi một"",""huổi một"",""huoi mot"",""xa huoi mot"",""xahuoimot"",""huoimot""]",ACTIVE
GHN_ADMIN_2025,2,1004239,1004239,,1000027,"Xã Mường Hung","[""xã mường hung"",""x.mường hung"",""x mường hung"",""mường hung"",""muong hung"",""xa muong hung"",""xamuonghung"",""muonghung""]",ACTIVE
GHN_ADMIN_2025,2,1004240,1004240,,1000027,"Xã Mường Lầm","[""xã mường lầm"",""x.mường lầm"",""x mường lầm"",""mường lầm"",""muong lam"",""xa muong lam"",""xamuonglam"",""muonglam""]",ACTIVE
GHN_ADMIN_2025,2,1004241,1004241,,1000027,"Xã Nậm Ty","[""xã nậm ty"",""x.nậm ty"",""x nậm ty"",""nậm ty"",""nam ty"",""xa nam ty"",""xanamty"",""namty""]",ACTIVE
GHN_ADMIN_2025,2,1004242,1004242,,1000027,"Xã Sông Mã","[""xã sông mã"",""x.sông mã"",""x sông mã"",""sông mã"",""song ma"",""xa song ma"",""xasongma"",""songma""]",ACTIVE
GHN_ADMIN_2025,2,1004243,1004243,,1000027,"Xã Mường Lèo","[""xã mường lèo"",""x.mường lèo"",""x mường lèo"",""mường lèo"",""muong leo"",""xa muong leo"",""xamuongleo"",""muongleo""]",ACTIVE
GHN_ADMIN_2025,2,1004244,1004244,,1000027,"Xã Mường Lạn","[""xã mường lạn"",""x.mường lạn"",""x mường lạn"",""mường lạn"",""muong lan"",""xa muong lan"",""xamuonglan"",""muonglan""]",ACTIVE
GHN_ADMIN_2025,2,1004245,1004245,,1000027,"Xã Púng Bánh","[""xã púng bánh"",""x.púng bánh"",""x púng bánh"",""púng bánh"",""pung banh"",""xa pung banh"",""xapungbanh"",""pungbanh""]",ACTIVE
GHN_ADMIN_2025,2,1004246,1004246,,1000027,"Xã Sốp Cộp","[""xã sốp cộp"",""x.sốp cộp"",""x sốp cộp"",""sốp cộp"",""sop cop"",""xa sop cop"",""xasopcop"",""sopcop""]",ACTIVE
GHN_ADMIN_2025,2,1004247,1004247,,1000027,"Xã Bình Thuận","[""xã bình thuận"",""x.bình thuận"",""x bình thuận"",""bình thuận"",""binh thuan"",""xa binh thuan"",""xabinhthuan"",""binhthuan""]",ACTIVE
GHN_ADMIN_2025,2,1004248,1004248,,1000027,"Xã Chiềng La","[""xã chiềng la"",""x.chiềng la"",""x chiềng la"",""chiềng la"",""chieng la"",""xa chieng la"",""xachiengla"",""chiengla""]",ACTIVE
GHN_ADMIN_2025,2,1004249,1004249,,1000027,"Xã Co Mạ","[""xã co mạ"",""x.co mạ"",""x co mạ"",""co mạ"",""co ma"",""xa co ma"",""xacoma"",""coma""]",ACTIVE
GHN_ADMIN_2025,2,1004250,1004250,,1000027,"Xã Long Hẹ","[""xã long hẹ"",""x.long hẹ"",""x long hẹ"",""long hẹ"",""long he"",""xa long he"",""xalonghe"",""longhe""]",ACTIVE
GHN_ADMIN_2025,2,1004251,1004251,,1000027,"Xã Muổi Nọi","[""xã muổi nọi"",""x.muổi nọi"",""x muổi nọi"",""muổi nọi"",""muoi noi"",""xa muoi noi"",""xamuoinoi"",""muoinoi""]",ACTIVE
GHN_ADMIN_2025,2,1004252,1004252,,1000027,"Xã Mường Bám","[""xã mường bám"",""x.mường bám"",""x mường bám"",""mường bám"",""muong bam"",""xa muong bam"",""xamuongbam"",""muongbam""]",ACTIVE
GHN_ADMIN_2025,2,1004253,1004253,,1000027,"Xã Mường Khiêng","[""xã mường khiêng"",""x.mường khiêng"",""x mường khiêng"",""mường khiêng"",""muong khieng"",""xa muong khieng"",""xamuongkhieng"",""muongkhieng""]",ACTIVE
GHN_ADMIN_2025,2,1004254,1004254,,1000027,"Xã Mường É","[""xã mường é"",""x.mường é"",""x mường é"",""mường é"",""muong e"",""xa muong e"",""xamuonge"",""muonge""]",ACTIVE
GHN_ADMIN_2025,2,1004255,1004255,,1000027,"Xã Nậm Lầu","[""xã nậm lầu"",""x.nậm lầu"",""x nậm lầu"",""nậm lầu"",""nam lau"",""xa nam lau"",""xanamlau"",""namlau""]",ACTIVE
GHN_ADMIN_2025,2,1004256,1004256,,1000027,"Xã Thuận Châu","[""xã thuận châu"",""x.thuận châu"",""x thuận châu"",""thuận châu"",""thuan chau"",""xa thuan chau"",""xathuanchau"",""thuanchau""]",ACTIVE
GHN_ADMIN_2025,2,1004257,1004257,,1000027,"Xã Song Khủa","[""xã song khủa"",""x.song khủa"",""x song khủa"",""song khủa"",""song khua"",""xa song khua"",""xasongkhua"",""songkhua""]",ACTIVE
GHN_ADMIN_2025,2,1004258,1004258,,1000027,"Xã Tô Múa","[""xã tô múa"",""x.tô múa"",""x tô múa"",""tô múa"",""to mua"",""xa to mua"",""xatomua"",""tomua""]",ACTIVE
GHN_ADMIN_2025,2,1004259,1004259,,1000027,"Xã Vân Hồ","[""xã vân hồ"",""x.vân hồ"",""x vân hồ"",""vân hồ"",""van ho"",""xa van ho"",""xavanho"",""vanho""]",ACTIVE
GHN_ADMIN_2025,2,1004260,1004260,,1000027,"Xã Xuân Nha","[""xã xuân nha"",""x.xuân nha"",""x xuân nha"",""xuân nha"",""xuan nha"",""xa xuan nha"",""xaxuannha"",""xuannha""]",ACTIVE
GHN_ADMIN_2025,2,1004261,1004261,,1000027,"Xã Chiềng Hặc","[""xã chiềng hặc"",""x.chiềng hặc"",""x chiềng hặc"",""chiềng hặc"",""chieng hac"",""xa chieng hac"",""xachienghac"",""chienghac""]",ACTIVE
GHN_ADMIN_2025,2,1004262,1004262,,1000027,"Xã Lóng Phiêng","[""xã lóng phiêng"",""x.lóng phiêng"",""x lóng phiêng"",""lóng phiêng"",""long phieng"",""xa long phieng"",""xalongphieng"",""longphieng""]",ACTIVE
GHN_ADMIN_2025,2,1004263,1004263,,1000027,"Xã Phiêng Khoài","[""xã phiêng khoài"",""x.phiêng khoài"",""x phiêng khoài"",""phiêng khoài"",""phieng khoai"",""xa phieng khoai"",""xaphiengkhoai"",""phiengkhoai""]",ACTIVE
GHN_ADMIN_2025,2,1004264,1004264,,1000027,"Xã Yên Châu","[""xã yên châu"",""x.yên châu"",""x yên châu"",""yên châu"",""yen chau"",""xa yen chau"",""xayenchau"",""yenchau""]",ACTIVE
GHN_ADMIN_2025,2,1004265,1004265,,1000027,"Xã Yên Sơn","[""xã yên sơn"",""x.yên sơn"",""x yên sơn"",""yên sơn"",""yen son"",""xa yen son"",""xayenson"",""yenson""]",ACTIVE
GHN_ADMIN_2025,2,1004266,1004266,,1000027,"Phường Chiềng An","[""phường chiềng an"",""p.chiềng an"",""p chiềng an"",""chiềng an"",""chieng an"",""phuong chieng an"",""phuongchiengan"",""chiengan""]",ACTIVE
GHN_ADMIN_2025,2,1004267,1004267,,1000027,"Phường Chiềng Cơi","[""phường chiềng cơi"",""p.chiềng cơi"",""p chiềng cơi"",""chiềng cơi"",""chieng coi"",""phuong chieng coi"",""phuongchiengcoi"",""chiengcoi""]",ACTIVE
GHN_ADMIN_2025,2,1004268,1004268,,1000027,"Phường Chiềng Sinh","[""phường chiềng sinh"",""p.chiềng sinh"",""p chiềng sinh"",""chiềng sinh"",""chieng sinh"",""phuong chieng sinh"",""phuongchiengsinh"",""chiengsinh""]",ACTIVE
GHN_ADMIN_2025,2,1004269,1004269,,1000027,"Phường Tô Hiệu","[""phường tô hiệu"",""p.tô hiệu"",""p tô hiệu"",""tô hiệu"",""to hieu"",""phuong to hieu"",""phuongtohieu"",""tohieu""]",ACTIVE
GHN_ADMIN_2025,2,1004270,1004270,,1000027,"Phường Mộc Châu","[""phường mộc châu"",""p.mộc châu"",""p mộc châu"",""mộc châu"",""moc chau"",""phuong moc chau"",""phuongmocchau"",""mocchau""]",ACTIVE
GHN_ADMIN_2025,2,1004271,1004271,,1000027,"Phường Mộc Sơn","[""phường mộc sơn"",""p.mộc sơn"",""p mộc sơn"",""mộc sơn"",""moc son"",""phuong moc son"",""phuongmocson"",""mocson""]",ACTIVE
GHN_ADMIN_2025,2,1004272,1004272,,1000027,"Phường Thảo Nguyên","[""phường thảo nguyên"",""p.thảo nguyên"",""p thảo nguyên"",""thảo nguyên"",""thao nguyen"",""phuong thao nguyen"",""phuongthaonguyen"",""thaonguyen""]",ACTIVE
GHN_ADMIN_2025,2,1004273,1004273,,1000027,"Phường Vân Sơn","[""phường vân sơn"",""p.vân sơn"",""p vân sơn"",""vân sơn"",""van son"",""phuong van son"",""phuongvanson"",""vanson""]",ACTIVE
GHN_ADMIN_2025,2,1004274,1004274,,1000027,"Xã Chiềng Sơn","[""xã chiềng sơn"",""x.chiềng sơn"",""x chiềng sơn"",""chiềng sơn"",""chieng son"",""xa chieng son"",""xachiengson"",""chiengson""]",ACTIVE
GHN_ADMIN_2025,2,1004275,1004275,,1000027,"Xã Lóng Sập","[""xã lóng sập"",""x.lóng sập"",""x lóng sập"",""lóng sập"",""long sap"",""xa long sap"",""xalongsap"",""longsap""]",ACTIVE
GHN_ADMIN_2025,2,1004276,1004276,,1000027,"Xã Tân Yên","[""xã tân yên"",""x.tân yên"",""x tân yên"",""tân yên"",""tan yen"",""xa tan yen"",""xatanyen"",""tanyen""]",ACTIVE
GHN_ADMIN_2025,2,1004277,1004277,,1000027,"Xã Đoàn Kết","[""xã đoàn kết"",""x.đoàn kết"",""x đoàn kết"",""đoàn kết"",""doan ket"",""xa doan ket"",""xadoanket"",""doanket""]",ACTIVE
GHN_ADMIN_2025,2,1004278,1004278,,1000028,"Xã Ba Chẽ","[""xã ba chẽ"",""x.ba chẽ"",""x ba chẽ"",""ba chẽ"",""ba che"",""xa ba che"",""xabache"",""bache""]",ACTIVE
GHN_ADMIN_2025,2,1004279,1004279,,1000028,"Xã Bình Liêu","[""xã bình liêu"",""x.bình liêu"",""x bình liêu"",""bình liêu"",""binh lieu"",""xa binh lieu"",""xabinhlieu"",""binhlieu""]",ACTIVE
GHN_ADMIN_2025,2,1004280,1004280,,1000028,"Xã Hoành Mô","[""xã hoành mô"",""x.hoành mô"",""x hoành mô"",""hoành mô"",""hoanh mo"",""xa hoanh mo"",""xahoanhmo"",""hoanhmo""]",ACTIVE
GHN_ADMIN_2025,2,1004281,1004281,,1000028,"Xã Lục Hồn","[""xã lục hồn"",""x.lục hồn"",""x lục hồn"",""lục hồn"",""luc hon"",""xa luc hon"",""xaluchon"",""luchon""]",ACTIVE
GHN_ADMIN_2025,2,1004282,1004282,,1000028,"Xã Cái Chiên","[""xã cái chiên"",""x.cái chiên"",""x cái chiên"",""cái chiên"",""cai chien"",""xa cai chien"",""xacaichien"",""caichien""]",ACTIVE
GHN_ADMIN_2025,2,1004283,1004283,,1000028,"Xã Quảng Hà","[""xã quảng hà"",""x.quảng hà"",""x quảng hà"",""quảng hà"",""quang ha"",""xa quang ha"",""xaquangha"",""quangha""]",ACTIVE
GHN_ADMIN_2025,2,1004284,1004284,,1000028,"Xã Quảng Đức","[""xã quảng đức"",""x.quảng đức"",""x quảng đức"",""quảng đức"",""quang duc"",""xa quang duc"",""xaquangduc"",""quangduc""]",ACTIVE
GHN_ADMIN_2025,2,1004285,1004285,,1000028,"Xã Đường Hoa","[""xã đường hoa"",""x.đường hoa"",""x đường hoa"",""đường hoa"",""duong hoa"",""xa duong hoa"",""xaduonghoa"",""duonghoa""]",ACTIVE
GHN_ADMIN_2025,2,1004286,1004286,,1000028,"Xã Hải Lạng","[""xã hải lạng"",""x.hải lạng"",""x hải lạng"",""hải lạng"",""hai lang"",""xa hai lang"",""xahailang"",""hailang""]",ACTIVE
GHN_ADMIN_2025,2,1004287,1004287,,1000028,"Xã Tiên Yên","[""xã tiên yên"",""x.tiên yên"",""x tiên yên"",""tiên yên"",""tien yen"",""xa tien yen"",""xatienyen"",""tienyen""]",ACTIVE
GHN_ADMIN_2025,2,1004288,1004288,,1000028,"Xã Điền Xá","[""xã điền xá"",""x.điền xá"",""x điền xá"",""điền xá"",""dien xa"",""xa dien xa"",""xadienxa"",""dienxa""]",ACTIVE
GHN_ADMIN_2025,2,1004289,1004289,,1000028,"Xã Đông Ngũ","[""xã đông ngũ"",""x.đông ngũ"",""x đông ngũ"",""đông ngũ"",""dong ngu"",""xa dong ngu"",""xadongngu"",""dongngu""]",ACTIVE
GHN_ADMIN_2025,2,1004290,1004290,,1000028,"Xã Quảng Tân","[""xã quảng tân"",""x.quảng tân"",""x quảng tân"",""quảng tân"",""quang tan"",""xa quang tan"",""xaquangtan"",""quangtan""]",ACTIVE
GHN_ADMIN_2025,2,1004291,1004291,,1000028,"Xã Đầm Hà","[""xã đầm hà"",""x.đầm hà"",""x đầm hà"",""đầm hà"",""dam ha"",""xa dam ha"",""xadamha"",""damha""]",ACTIVE
GHN_ADMIN_2025,2,1004292,1004292,,1000028,"Đặc khu Cô Tô","[""đặc khu cô tô"",""ä.khu cô tô"",""ä khu cô tô"",""khu cô tô"",""khu co to"",""dac khu co to"",""dackhucoto"",""khucoto""]",ACTIVE
GHN_ADMIN_2025,2,1004293,1004293,,1000028,"Đặc khu Vân Đồn","[""đặc khu vân đồn"",""ä.khu vân đồn"",""ä khu vân đồn"",""khu vân đồn"",""khu van don"",""dac khu van don"",""dackhuvandon"",""khuvandon""]",ACTIVE
GHN_ADMIN_2025,2,1004294,1004294,,1000028,"Phường Cẩm Phả","[""phường cẩm phả"",""p.cẩm phả"",""p cẩm phả"",""cẩm phả"",""cam pha"",""phuong cam pha"",""phuongcampha"",""campha""]",ACTIVE
GHN_ADMIN_2025,2,1004295,1004295,,1000028,"Phường Cửa Ông","[""phường cửa ông"",""p.cửa ông"",""p cửa ông"",""cửa ông"",""cua ong"",""phuong cua ong"",""phuongcuaong"",""cuaong""]",ACTIVE
GHN_ADMIN_2025,2,1004296,1004296,,1000028,"Phường Mông Dương","[""phường mông dương"",""p.mông dương"",""p mông dương"",""mông dương"",""mong duong"",""phuong mong duong"",""phuongmongduong"",""mongduong""]",ACTIVE
GHN_ADMIN_2025,2,1004297,1004297,,1000028,"Phường Quang Hanh","[""phường quang hanh"",""p.quang hanh"",""p quang hanh"",""quang hanh"",""phuong quang hanh"",""phuongquanghanh"",""quanghanh""]",ACTIVE
GHN_ADMIN_2025,2,1004298,1004298,,1000028,"Xã Hải Hòa","[""xã hải hòa"",""x.hải hòa"",""x hải hòa"",""hải hòa"",""hai hoa"",""xa hai hoa"",""xahaihoa"",""haihoa""]",ACTIVE
GHN_ADMIN_2025,2,1004299,1004299,,1000028,"Phường Bãi Cháy","[""phường bãi cháy"",""p.bãi cháy"",""p bãi cháy"",""bãi cháy"",""bai chay"",""phuong bai chay"",""phuongbaichay"",""baichay""]",ACTIVE
GHN_ADMIN_2025,2,1004300,1004300,,1000028,"Phường Cao Xanh","[""phường cao xanh"",""p.cao xanh"",""p cao xanh"",""cao xanh"",""phuong cao xanh"",""phuongcaoxanh"",""caoxanh""]",ACTIVE
GHN_ADMIN_2025,2,1004301,1004301,,1000028,"Phường Hoành Bồ","[""phường hoành bồ"",""p.hoành bồ"",""p hoành bồ"",""hoành bồ"",""hoanh bo"",""phuong hoanh bo"",""phuonghoanhbo"",""hoanhbo""]",ACTIVE
GHN_ADMIN_2025,2,1004302,1004302,,1000028,"Phường Hà Lầm","[""phường hà lầm"",""p.hà lầm"",""p hà lầm"",""hà lầm"",""ha lam"",""phuong ha lam"",""phuonghalam"",""halam""]",ACTIVE
GHN_ADMIN_2025,2,1004303,1004303,,1000028,"Phường Hà Tu","[""phường hà tu"",""p.hà tu"",""p hà tu"",""hà tu"",""ha tu"",""phuong ha tu"",""phuonghatu"",""hatu""]",ACTIVE
GHN_ADMIN_2025,2,1004304,1004304,,1000028,"Phường Hạ Long","[""phường hạ long"",""p.hạ long"",""p hạ long"",""hạ long"",""ha long"",""phuong ha long"",""phuonghalong"",""halong""]",ACTIVE
GHN_ADMIN_2025,2,1004305,1004305,,1000028,"Phường Hồng Gai","[""phường hồng gai"",""p.hồng gai"",""p hồng gai"",""hồng gai"",""hong gai"",""phuong hong gai"",""phuonghonggai"",""honggai""]",ACTIVE
GHN_ADMIN_2025,2,1004306,1004306,,1000028,"Phường Tuần Châu","[""phường tuần châu"",""p.tuần châu"",""p tuần châu"",""tuần châu"",""tuan chau"",""phuong tuan chau"",""phuongtuanchau"",""tuanchau""]",ACTIVE
GHN_ADMIN_2025,2,1004307,1004307,,1000028,"Phường Việt Hưng","[""phường việt hưng"",""p.việt hưng"",""p việt hưng"",""việt hưng"",""viet hung"",""phuong viet hung"",""phuongviethung"",""viethung""]",ACTIVE
GHN_ADMIN_2025,2,1004308,1004308,,1000028,"Xã Kỳ Thượng","[""xã kỳ thượng"",""x.kỳ thượng"",""x kỳ thượng"",""kỳ thượng"",""ky thuong"",""xa ky thuong"",""xakythuong"",""kythuong""]",ACTIVE
GHN_ADMIN_2025,2,1004309,1004309,,1000028,"Xã Lương Minh","[""xã lương minh"",""x.lương minh"",""x lương minh"",""lương minh"",""luong minh"",""xa luong minh"",""xaluongminh"",""luongminh""]",ACTIVE
GHN_ADMIN_2025,2,1004310,1004310,,1000028,"Xã Quảng La","[""xã quảng la"",""x.quảng la"",""x quảng la"",""quảng la"",""quang la"",""xa quang la"",""xaquangla"",""quangla""]",ACTIVE
GHN_ADMIN_2025,2,1004311,1004311,,1000028,"Xã Thống Nhất","[""xã thống nhất"",""x.thống nhất"",""x thống nhất"",""thống nhất"",""thong nhat"",""xa thong nhat"",""xathongnhat"",""thongnhat""]",ACTIVE
GHN_ADMIN_2025,2,1004312,1004312,,1000028,"Phường Móng Cái 1","[""phường móng cái 1"",""p.móng cái 1"",""p móng cái 1"",""móng cái 1"",""mong cai 1"",""phuong mong cai 1"",""phuongmongcai"",""mongcai1""]",ACTIVE
GHN_ADMIN_2025,2,1004313,1004313,,1000028,"Phường Móng Cái 2","[""phường móng cái 2"",""p.móng cái 2"",""p móng cái 2"",""móng cái 2"",""mong cai 2"",""phuong mong cai 2"",""phuongmongcai"",""mongcai2""]",ACTIVE
GHN_ADMIN_2025,2,1004314,1004314,,1000028,"Phường Móng Cái 3","[""phường móng cái 3"",""p.móng cái 3"",""p móng cái 3"",""móng cái 3"",""mong cai 3"",""phuong mong cai 3"",""phuongmongcai"",""mongcai3""]",ACTIVE
GHN_ADMIN_2025,2,1004315,1004315,,1000028,"Xã Hải Ninh","[""xã hải ninh"",""x.hải ninh"",""x hải ninh"",""hải ninh"",""hai ninh"",""xa hai ninh"",""xahaininh"",""haininh""]",ACTIVE
GHN_ADMIN_2025,2,1004316,1004316,,1000028,"Xã Hải Sơn","[""xã hải sơn"",""x.hải sơn"",""x hải sơn"",""hải sơn"",""hai son"",""xa hai son"",""xahaison"",""haison""]",ACTIVE
GHN_ADMIN_2025,2,1004317,1004317,,1000028,"Xã Vĩnh Thực","[""xã vĩnh thực"",""x.vĩnh thực"",""x vĩnh thực"",""vĩnh thực"",""vinh thuc"",""xa vinh thuc"",""xavinhthuc"",""vinhthuc""]",ACTIVE
GHN_ADMIN_2025,2,1004318,1004318,,1000028,"Phường Uông Bí","[""phường uông bí"",""p.uông bí"",""p uông bí"",""uông bí"",""uong bi"",""phuong uong bi"",""phuonguongbi"",""uongbi""]",ACTIVE
GHN_ADMIN_2025,2,1004319,1004319,,1000028,"Phường Vàng Danh","[""phường vàng danh"",""p.vàng danh"",""p vàng danh"",""vàng danh"",""vang danh"",""phuong vang danh"",""phuongvangdanh"",""vangdanh""]",ACTIVE
GHN_ADMIN_2025,2,1004320,1004320,,1000028,"Phường Yên Tử","[""phường yên tử"",""p.yên tử"",""p yên tử"",""yên tử"",""yen tu"",""phuong yen tu"",""phuongyentu"",""yentu""]",ACTIVE
GHN_ADMIN_2025,2,1004321,1004321,,1000028,"Phường An Sinh","[""phường an sinh"",""p.an sinh"",""p an sinh"",""an sinh"",""phuong an sinh"",""phuongansinh"",""ansinh""]",ACTIVE
GHN_ADMIN_2025,2,1004322,1004322,,1000028,"Phường Bình Khê","[""phường bình khê"",""p.bình khê"",""p bình khê"",""bình khê"",""binh khe"",""phuong binh khe"",""phuongbinhkhe"",""binhkhe""]",ACTIVE
GHN_ADMIN_2025,2,1004323,1004323,,1000028,"Phường Hoàng Quế","[""phường hoàng quế"",""p.hoàng quế"",""p hoàng quế"",""hoàng quế"",""hoang que"",""phuong hoang que"",""phuonghoangque"",""hoangque""]",ACTIVE
GHN_ADMIN_2025,2,1004324,1004324,,1000028,"Phường Mạo Khê","[""phường mạo khê"",""p.mạo khê"",""p mạo khê"",""mạo khê"",""mao khe"",""phuong mao khe"",""phuongmaokhe"",""maokhe""]",ACTIVE
GHN_ADMIN_2025,2,1004325,1004325,,1000028,"Phường Đông Triều","[""phường đông triều"",""p.đông triều"",""p đông triều"",""đông triều"",""dong trieu"",""phuong dong trieu"",""phuongdongtrieu"",""dongtrieu""]",ACTIVE
GHN_ADMIN_2025,2,1004326,1004326,,1000028,"Phường Hiệp Hòa","[""phường hiệp hòa"",""p.hiệp hòa"",""p hiệp hòa"",""hiệp hòa"",""hiep hoa"",""phuong hiep hoa"",""phuonghiephoa"",""hiephoa""]",ACTIVE
GHN_ADMIN_2025,2,1004327,1004327,,1000028,"Phường Hà An","[""phường hà an"",""p.hà an"",""p hà an"",""hà an"",""ha an"",""phuong ha an"",""phuonghaan"",""haan""]",ACTIVE
GHN_ADMIN_2025,2,1004328,1004328,,1000028,"Phường Liên Hòa","[""phường liên hòa"",""p.liên hòa"",""p liên hòa"",""liên hòa"",""lien hoa"",""phuong lien hoa"",""phuonglienhoa"",""lienhoa""]",ACTIVE
GHN_ADMIN_2025,2,1004329,1004329,,1000028,"Phường Phong Cốc","[""phường phong cốc"",""p.phong cốc"",""p phong cốc"",""phong cốc"",""phong coc"",""phuong phong coc"",""phuongphongcoc"",""phongcoc""]",ACTIVE
GHN_ADMIN_2025,2,1004330,1004330,,1000028,"Phường Quảng Yên","[""phường quảng yên"",""p.quảng yên"",""p quảng yên"",""quảng yên"",""quang yen"",""phuong quang yen"",""phuongquangyen"",""quangyen""]",ACTIVE
GHN_ADMIN_2025,2,1004331,1004331,,1000028,"Phường Đông Mai","[""phường đông mai"",""p.đông mai"",""p đông mai"",""đông mai"",""dong mai"",""phuong dong mai"",""phuongdongmai"",""dongmai""]",ACTIVE
GHN_ADMIN_2025,2,1004332,1004332,,1000030,"Xã Bá Thước","[""xã bá thước"",""x.bá thước"",""x bá thước"",""bá thước"",""ba thuoc"",""xa ba thuoc"",""xabathuoc"",""bathuoc""]",ACTIVE
GHN_ADMIN_2025,2,1004333,1004333,,1000030,"Xã Cổ Lũng","[""xã cổ lũng"",""x.cổ lũng"",""x cổ lũng"",""cổ lũng"",""co lung"",""xa co lung"",""xacolung"",""colung""]",ACTIVE
GHN_ADMIN_2025,2,1004334,1004334,,1000030,"Xã Pù Luông","[""xã pù luông"",""x.pù luông"",""x pù luông"",""pù luông"",""pu luong"",""xa pu luong"",""xapuluong"",""puluong""]",ACTIVE
GHN_ADMIN_2025,2,1004335,1004335,,1000030,"Xã Quý Lương","[""xã quý lương"",""x.quý lương"",""x quý lương"",""quý lương"",""quy luong"",""xa quy luong"",""xaquyluong"",""quyluong""]",ACTIVE
GHN_ADMIN_2025,2,1004336,1004336,,1000030,"Xã Thiết Ống","[""xã thiết ống"",""x.thiết ống"",""x thiết ống"",""thiết ống"",""thiet ong"",""xa thiet ong"",""xathietong"",""thietong""]",ACTIVE
GHN_ADMIN_2025,2,1004337,1004337,,1000030,"Xã Văn Nho","[""xã văn nho"",""x.văn nho"",""x văn nho"",""văn nho"",""van nho"",""xa van nho"",""xavannho"",""vannho""]",ACTIVE
GHN_ADMIN_2025,2,1004338,1004338,,1000030,"Xã Điền Lư","[""xã điền lư"",""x.điền lư"",""x điền lư"",""điền lư"",""dien lu"",""xa dien lu"",""xadienlu"",""dienlu""]",ACTIVE
GHN_ADMIN_2025,2,1004339,1004339,,1000030,"Xã Điền Quang","[""xã điền quang"",""x.điền quang"",""x điền quang"",""điền quang"",""dien quang"",""xa dien quang"",""xadienquang"",""dienquang""]",ACTIVE
GHN_ADMIN_2025,2,1004340,1004340,,1000030,"Xã Cẩm Thạch","[""xã cẩm thạch"",""x.cẩm thạch"",""x cẩm thạch"",""cẩm thạch"",""cam thach"",""xa cam thach"",""xacamthach"",""camthach""]",ACTIVE
GHN_ADMIN_2025,2,1004341,1004341,,1000030,"Xã Cẩm Thủy","[""xã cẩm thủy"",""x.cẩm thủy"",""x cẩm thủy"",""cẩm thủy"",""cam thuy"",""xa cam thuy"",""xacamthuy"",""camthuy""]",ACTIVE
GHN_ADMIN_2025,2,1004342,1004342,,1000030,"Xã Cẩm Tân","[""xã cẩm tân"",""x.cẩm tân"",""x cẩm tân"",""cẩm tân"",""cam tan"",""xa cam tan"",""xacamtan"",""camtan""]",ACTIVE
GHN_ADMIN_2025,2,1004343,1004343,,1000030,"Xã Cẩm Tú","[""xã cẩm tú"",""x.cẩm tú"",""x cẩm tú"",""cẩm tú"",""cam tu"",""xa cam tu"",""xacamtu"",""camtu""]",ACTIVE
GHN_ADMIN_2025,2,1004344,1004344,,1000030,"Xã Cẩm Vân","[""xã cẩm vân"",""x.cẩm vân"",""x cẩm vân"",""cẩm vân"",""cam van"",""xa cam van"",""xacamvan"",""camvan""]",ACTIVE
GHN_ADMIN_2025,2,1004345,1004345,,1000030,"Xã Hoằng Châu","[""xã hoằng châu"",""x.hoằng châu"",""x hoằng châu"",""hoằng châu"",""hoang chau"",""xa hoang chau"",""xahoangchau"",""hoangchau""]",ACTIVE
GHN_ADMIN_2025,2,1004346,1004346,,1000030,"Xã Hoằng Giang","[""xã hoằng giang"",""x.hoằng giang"",""x hoằng giang"",""hoằng giang"",""hoang giang"",""xa hoang giang"",""xahoanggiang"",""hoanggiang""]",ACTIVE
GHN_ADMIN_2025,2,1004347,1004347,,1000030,"Xã Hoằng Hóa","[""xã hoằng hóa"",""x.hoằng hóa"",""x hoằng hóa"",""hoằng hóa"",""hoang hoa"",""xa hoang hoa"",""xahoanghoa"",""hoanghoa""]",ACTIVE
GHN_ADMIN_2025,2,1004348,1004348,,1000030,"Xã Hoằng Lộc","[""xã hoằng lộc"",""x.hoằng lộc"",""x hoằng lộc"",""hoằng lộc"",""hoang loc"",""xa hoang loc"",""xahoangloc"",""hoangloc""]",ACTIVE
GHN_ADMIN_2025,2,1004349,1004349,,1000030,"Xã Hoằng Phú","[""xã hoằng phú"",""x.hoằng phú"",""x hoằng phú"",""hoằng phú"",""hoang phu"",""xa hoang phu"",""xahoangphu"",""hoangphu""]",ACTIVE
GHN_ADMIN_2025,2,1004350,1004350,,1000030,"Xã Hoằng Sơn","[""xã hoằng sơn"",""x.hoằng sơn"",""x hoằng sơn"",""hoằng sơn"",""hoang son"",""xa hoang son"",""xahoangson"",""hoangson""]",ACTIVE
GHN_ADMIN_2025,2,1004351,1004351,,1000030,"Xã Hoằng Thanh","[""xã hoằng thanh"",""x.hoằng thanh"",""x hoằng thanh"",""hoằng thanh"",""hoang thanh"",""xa hoang thanh"",""xahoangthanh"",""hoangthanh""]",ACTIVE
GHN_ADMIN_2025,2,1004352,1004352,,1000030,"Xã Hoằng Tiến","[""xã hoằng tiến"",""x.hoằng tiến"",""x hoằng tiến"",""hoằng tiến"",""hoang tien"",""xa hoang tien"",""xahoangtien"",""hoangtien""]",ACTIVE
GHN_ADMIN_2025,2,1004353,1004353,,1000030,"Xã Hoạt Giang","[""xã hoạt giang"",""x.hoạt giang"",""x hoạt giang"",""hoạt giang"",""hoat giang"",""xa hoat giang"",""xahoatgiang"",""hoatgiang""]",ACTIVE
GHN_ADMIN_2025,2,1004354,1004354,,1000030,"Xã Hà Long","[""xã hà long"",""x.hà long"",""x hà long"",""hà long"",""ha long"",""xa ha long"",""xahalong"",""halong""]",ACTIVE
GHN_ADMIN_2025,2,1004355,1004355,,1000030,"Xã Hà Trung","[""xã hà trung"",""x.hà trung"",""x hà trung"",""hà trung"",""ha trung"",""xa ha trung"",""xahatrung"",""hatrung""]",ACTIVE
GHN_ADMIN_2025,2,1004356,1004356,,1000030,"Xã Lĩnh Toại","[""xã lĩnh toại"",""x.lĩnh toại"",""x lĩnh toại"",""lĩnh toại"",""linh toai"",""xa linh toai"",""xalinhtoai"",""linhtoai""]",ACTIVE
GHN_ADMIN_2025,2,1004357,1004357,,1000030,"Xã Tống Sơn","[""xã tống sơn"",""x.tống sơn"",""x tống sơn"",""tống sơn"",""tong son"",""xa tong son"",""xatongson"",""tongson""]",ACTIVE
GHN_ADMIN_2025,2,1004358,1004358,,1000030,"Xã Hoa Lộc","[""xã hoa lộc"",""x.hoa lộc"",""x hoa lộc"",""hoa lộc"",""hoa loc"",""xa hoa loc"",""xahoaloc"",""hoaloc""]",ACTIVE
GHN_ADMIN_2025,2,1004359,1004359,,1000030,"Xã Hậu Lộc","[""xã hậu lộc"",""x.hậu lộc"",""x hậu lộc"",""hậu lộc"",""hau loc"",""xa hau loc"",""xahauloc"",""hauloc""]",ACTIVE
GHN_ADMIN_2025,2,1004360,1004360,,1000030,"Xã Triệu Lộc","[""xã triệu lộc"",""x.triệu lộc"",""x triệu lộc"",""triệu lộc"",""trieu loc"",""xa trieu loc"",""xatrieuloc"",""trieuloc""]",ACTIVE
GHN_ADMIN_2025,2,1004361,1004361,,1000030,"Xã Vạn Lộc","[""xã vạn lộc"",""x.vạn lộc"",""x vạn lộc"",""vạn lộc"",""van loc"",""xa van loc"",""xavanloc"",""vanloc""]",ACTIVE
GHN_ADMIN_2025,2,1004362,1004362,,1000030,"Xã Đông Thành","[""xã đông thành"",""x.đông thành"",""x đông thành"",""đông thành"",""dong thanh"",""xa dong thanh"",""xadongthanh"",""dongthanh""]",ACTIVE
GHN_ADMIN_2025,2,1004363,1004363,,1000030,"Xã Giao An","[""xã giao an"",""x.giao an"",""x giao an"",""giao an"",""xa giao an"",""xagiaoan"",""giaoan""]",ACTIVE
GHN_ADMIN_2025,2,1004364,1004364,,1000030,"Xã Linh Sơn","[""xã linh sơn"",""x.linh sơn"",""x linh sơn"",""linh sơn"",""linh son"",""xa linh son"",""xalinhson"",""linhson""]",ACTIVE
GHN_ADMIN_2025,2,1004365,1004365,,1000030,"Xã Văn Phú","[""xã văn phú"",""x.văn phú"",""x văn phú"",""văn phú"",""van phu"",""xa van phu"",""xavanphu"",""vanphu""]",ACTIVE
GHN_ADMIN_2025,2,1004366,1004366,,1000030,"Xã Yên Khương","[""xã yên khương"",""x.yên khương"",""x yên khương"",""yên khương"",""yen khuong"",""xa yen khuong"",""xayenkhuong"",""yenkhuong""]",ACTIVE
GHN_ADMIN_2025,2,1004367,1004367,,1000030,"Xã Yên Thắng","[""xã yên thắng"",""x.yên thắng"",""x yên thắng"",""yên thắng"",""yen thang"",""xa yen thang"",""xayenthang"",""yenthang""]",ACTIVE
GHN_ADMIN_2025,2,1004368,1004368,,1000030,"Xã Đồng Lương","[""xã đồng lương"",""x.đồng lương"",""x đồng lương"",""đồng lương"",""dong luong"",""xa dong luong"",""xadongluong"",""dongluong""]",ACTIVE
GHN_ADMIN_2025,2,1004369,1004369,,1000030,"Xã Mường Chanh","[""xã mường chanh"",""x.mường chanh"",""x mường chanh"",""mường chanh"",""muong chanh"",""xa muong chanh"",""xamuongchanh"",""muongchanh""]",ACTIVE
GHN_ADMIN_2025,2,1004370,1004370,,1000030,"Xã Mường Lát","[""xã mường lát"",""x.mường lát"",""x mường lát"",""mường lát"",""muong lat"",""xa muong lat"",""xamuonglat"",""muonglat""]",ACTIVE
GHN_ADMIN_2025,2,1004371,1004371,,1000030,"Xã Mường Lý","[""xã mường lý"",""x.mường lý"",""x mường lý"",""mường lý"",""muong ly"",""xa muong ly"",""xamuongly"",""muongly""]",ACTIVE
GHN_ADMIN_2025,2,1004372,1004372,,1000030,"Xã Nhi Sơn","[""xã nhi sơn"",""x.nhi sơn"",""x nhi sơn"",""nhi sơn"",""nhi son"",""xa nhi son"",""xanhison"",""nhison""]",ACTIVE
GHN_ADMIN_2025,2,1004373,1004373,,1000030,"Xã Pù Nhi","[""xã pù nhi"",""x.pù nhi"",""x pù nhi"",""pù nhi"",""pu nhi"",""xa pu nhi"",""xapunhi"",""punhi""]",ACTIVE
GHN_ADMIN_2025,2,1004374,1004374,,1000030,"Xã Quang Chiểu","[""xã quang chiểu"",""x.quang chiểu"",""x quang chiểu"",""quang chiểu"",""quang chieu"",""xa quang chieu"",""xaquangchieu"",""quangchieu""]",ACTIVE
GHN_ADMIN_2025,2,1004375,1004375,,1000030,"Xã Tam Chung","[""xã tam chung"",""x.tam chung"",""x tam chung"",""tam chung"",""xa tam chung"",""xatamchung"",""tamchung""]",ACTIVE
GHN_ADMIN_2025,2,1004376,1004376,,1000030,"Xã Trung Lý","[""xã trung lý"",""x.trung lý"",""x trung lý"",""trung lý"",""trung ly"",""xa trung ly"",""xatrungly"",""trungly""]",ACTIVE
GHN_ADMIN_2025,2,1004377,1004377,,1000030,"Xã Ba Đình","[""xã ba đình"",""x.ba đình"",""x ba đình"",""ba đình"",""ba dinh"",""xa ba dinh"",""xabadinh"",""badinh""]",ACTIVE
GHN_ADMIN_2025,2,1004378,1004378,,1000030,"Xã Hồ Vương","[""xã hồ vương"",""x.hồ vương"",""x hồ vương"",""hồ vương"",""ho vuong"",""xa ho vuong"",""xahovuong"",""hovuong""]",ACTIVE
GHN_ADMIN_2025,2,1004379,1004379,,1000030,"Xã Nga An","[""xã nga an"",""x.nga an"",""x nga an"",""nga an"",""xa nga an"",""xangaan"",""ngaan""]",ACTIVE
GHN_ADMIN_2025,2,1004380,1004380,,1000030,"Xã Nga Sơn","[""xã nga sơn"",""x.nga sơn"",""x nga sơn"",""nga sơn"",""nga son"",""xa nga son"",""xangason"",""ngason""]",ACTIVE
GHN_ADMIN_2025,2,1004381,1004381,,1000030,"Xã Nga Thắng","[""xã nga thắng"",""x.nga thắng"",""x nga thắng"",""nga thắng"",""nga thang"",""xa nga thang"",""xangathang"",""ngathang""]",ACTIVE
GHN_ADMIN_2025,2,1004382,1004382,,1000030,"Xã Tân Tiến","[""xã tân tiến"",""x.tân tiến"",""x tân tiến"",""tân tiến"",""tan tien"",""xa tan tien"",""xatantien"",""tantien""]",ACTIVE
GHN_ADMIN_2025,2,1004383,1004383,,1000030,"Xã Kiên Thọ","[""xã kiên thọ"",""x.kiên thọ"",""x kiên thọ"",""kiên thọ"",""kien tho"",""xa kien tho"",""xakientho"",""kientho""]",ACTIVE
GHN_ADMIN_2025,2,1004384,1004384,,1000030,"Xã Minh Sơn","[""xã minh sơn"",""x.minh sơn"",""x minh sơn"",""minh sơn"",""minh son"",""xa minh son"",""xaminhson"",""minhson""]",ACTIVE
GHN_ADMIN_2025,2,1004385,1004385,,1000030,"Xã Nguyệt Ấn","[""xã nguyệt ấn"",""x.nguyệt ấn"",""x nguyệt ấn"",""nguyệt ấn"",""nguyet an"",""xa nguyet an"",""xanguyetan"",""nguyetan""]",ACTIVE
GHN_ADMIN_2025,2,1004386,1004386,,1000030,"Xã Ngọc Liên","[""xã ngọc liên"",""x.ngọc liên"",""x ngọc liên"",""ngọc liên"",""ngoc lien"",""xa ngoc lien"",""xangoclien"",""ngoclien""]",ACTIVE
GHN_ADMIN_2025,2,1004387,1004387,,1000030,"Xã Ngọc Lặc","[""xã ngọc lặc"",""x.ngọc lặc"",""x ngọc lặc"",""ngọc lặc"",""ngoc lac"",""xa ngoc lac"",""xangoclac"",""ngoclac""]",ACTIVE
GHN_ADMIN_2025,2,1004388,1004388,,1000030,"Xã Thạch Lập","[""xã thạch lập"",""x.thạch lập"",""x thạch lập"",""thạch lập"",""thach lap"",""xa thach lap"",""xathachlap"",""thachlap""]",ACTIVE
GHN_ADMIN_2025,2,1004389,1004389,,1000030,"Xã Mậu Lâm","[""xã mậu lâm"",""x.mậu lâm"",""x mậu lâm"",""mậu lâm"",""mau lam"",""xa mau lam"",""xamaulam"",""maulam""]",ACTIVE
GHN_ADMIN_2025,2,1004390,1004390,,1000030,"Xã Như Thanh","[""xã như thanh"",""x.như thanh"",""x như thanh"",""như thanh"",""nhu thanh"",""xa nhu thanh"",""xanhuthanh"",""nhuthanh""]",ACTIVE
GHN_ADMIN_2025,2,1004391,1004391,,1000030,"Xã Thanh Kỳ","[""xã thanh kỳ"",""x.thanh kỳ"",""x thanh kỳ"",""thanh kỳ"",""thanh ky"",""xa thanh ky"",""xathanhky"",""thanhky""]",ACTIVE
GHN_ADMIN_2025,2,1004392,1004392,,1000030,"Xã Xuân Du","[""xã xuân du"",""x.xuân du"",""x xuân du"",""xuân du"",""xuan du"",""xa xuan du"",""xaxuandu"",""xuandu""]",ACTIVE
GHN_ADMIN_2025,2,1004393,1004393,,1000030,"Xã Xuân Thái","[""xã xuân thái"",""x.xuân thái"",""x xuân thái"",""xuân thái"",""xuan thai"",""xa xuan thai"",""xaxuanthai"",""xuanthai""]",ACTIVE
GHN_ADMIN_2025,2,1004394,1004394,,1000030,"Xã Yên Thọ","[""xã yên thọ"",""x.yên thọ"",""x yên thọ"",""yên thọ"",""yen tho"",""xa yen tho"",""xayentho"",""yentho""]",ACTIVE
GHN_ADMIN_2025,2,1004395,1004395,,1000030,"Xã Hóa Quỳ","[""xã hóa quỳ"",""x.hóa quỳ"",""x hóa quỳ"",""hóa quỳ"",""hoa quy"",""xa hoa quy"",""xahoaquy"",""hoaquy""]",ACTIVE
GHN_ADMIN_2025,2,1004396,1004396,,1000030,"Xã Như Xuân","[""xã như xuân"",""x.như xuân"",""x như xuân"",""như xuân"",""nhu xuan"",""xa nhu xuan"",""xanhuxuan"",""nhuxuan""]",ACTIVE
GHN_ADMIN_2025,2,1004397,1004397,,1000030,"Xã Thanh Phong","[""xã thanh phong"",""x.thanh phong"",""x thanh phong"",""thanh phong"",""xa thanh phong"",""xathanhphong"",""thanhphong""]",ACTIVE
GHN_ADMIN_2025,2,1004398,1004398,,1000030,"Xã Thanh Quân","[""xã thanh quân"",""x.thanh quân"",""x thanh quân"",""thanh quân"",""thanh quan"",""xa thanh quan"",""xathanhquan"",""thanhquan""]",ACTIVE
GHN_ADMIN_2025,2,1004399,1004399,,1000030,"Xã Thượng Ninh","[""xã thượng ninh"",""x.thượng ninh"",""x thượng ninh"",""thượng ninh"",""thuong ninh"",""xa thuong ninh"",""xathuongninh"",""thuongninh""]",ACTIVE
GHN_ADMIN_2025,2,1004400,1004400,,1000030,"Xã Xuân Bình","[""xã xuân bình"",""x.xuân bình"",""x xuân bình"",""xuân bình"",""xuan binh"",""xa xuan binh"",""xaxuanbinh"",""xuanbinh""]",ACTIVE
GHN_ADMIN_2025,2,1004401,1004401,,1000030,"Xã Công Chính","[""xã công chính"",""x.công chính"",""x công chính"",""công chính"",""cong chinh"",""xa cong chinh"",""xacongchinh"",""congchinh""]",ACTIVE
GHN_ADMIN_2025,2,1004402,1004402,,1000030,"Xã Nông Cống","[""xã nông cống"",""x.nông cống"",""x nông cống"",""nông cống"",""nong cong"",""xa nong cong"",""xanongcong"",""nongcong""]",ACTIVE
GHN_ADMIN_2025,2,1004403,1004403,,1000030,"Xã Thăng Bình","[""xã thăng bình"",""x.thăng bình"",""x thăng bình"",""thăng bình"",""thang binh"",""xa thang binh"",""xathangbinh"",""thangbinh""]",ACTIVE
GHN_ADMIN_2025,2,1004404,1004404,,1000030,"Xã Thắng Lợi","[""xã thắng lợi"",""x.thắng lợi"",""x thắng lợi"",""thắng lợi"",""thang loi"",""xa thang loi"",""xathangloi"",""thangloi""]",ACTIVE
GHN_ADMIN_2025,2,1004405,1004405,,1000030,"Xã Trung Chính","[""xã trung chính"",""x.trung chính"",""x trung chính"",""trung chính"",""trung chinh"",""xa trung chinh"",""xatrungchinh"",""trungchinh""]",ACTIVE
GHN_ADMIN_2025,2,1004406,1004406,,1000030,"Xã Trường Văn","[""xã trường văn"",""x.trường văn"",""x trường văn"",""trường văn"",""truong van"",""xa truong van"",""xatruongvan"",""truongvan""]",ACTIVE
GHN_ADMIN_2025,2,1004407,1004407,,1000030,"Xã Tượng Lĩnh","[""xã tượng lĩnh"",""x.tượng lĩnh"",""x tượng lĩnh"",""tượng lĩnh"",""tuong linh"",""xa tuong linh"",""xatuonglinh"",""tuonglinh""]",ACTIVE
GHN_ADMIN_2025,2,1004408,1004408,,1000030,"Xã Hiền Kiệt","[""xã hiền kiệt"",""x.hiền kiệt"",""x hiền kiệt"",""hiền kiệt"",""hien kiet"",""xa hien kiet"",""xahienkiet"",""hienkiet""]",ACTIVE
GHN_ADMIN_2025,2,1004409,1004409,,1000030,"Xã Hồi Xuân","[""xã hồi xuân"",""x.hồi xuân"",""x hồi xuân"",""hồi xuân"",""hoi xuan"",""xa hoi xuan"",""xahoixuan"",""hoixuan""]",ACTIVE
GHN_ADMIN_2025,2,1004410,1004410,,1000030,"Xã Nam Xuân","[""xã nam xuân"",""x.nam xuân"",""x nam xuân"",""nam xuân"",""nam xuan"",""xa nam xuan"",""xanamxuan"",""namxuan""]",ACTIVE
GHN_ADMIN_2025,2,1004411,1004411,,1000030,"Xã Phú Lệ","[""xã phú lệ"",""x.phú lệ"",""x phú lệ"",""phú lệ"",""phu le"",""xa phu le"",""xaphule"",""phule""]",ACTIVE
GHN_ADMIN_2025,2,1004412,1004412,,1000030,"Xã Phú Xuân","[""xã phú xuân"",""x.phú xuân"",""x phú xuân"",""phú xuân"",""phu xuan"",""xa phu xuan"",""xaphuxuan"",""phuxuan""]",ACTIVE
GHN_ADMIN_2025,2,1004413,1004413,,1000030,"Xã Thiên Phủ","[""xã thiên phủ"",""x.thiên phủ"",""x thiên phủ"",""thiên phủ"",""thien phu"",""xa thien phu"",""xathienphu"",""thienphu""]",ACTIVE
GHN_ADMIN_2025,2,1004414,1004414,,1000030,"Xã Trung Sơn","[""xã trung sơn"",""x.trung sơn"",""x trung sơn"",""trung sơn"",""trung son"",""xa trung son"",""xatrungson"",""trungson""]",ACTIVE
GHN_ADMIN_2025,2,1004415,1004415,,1000030,"Xã Trung Thành","[""xã trung thành"",""x.trung thành"",""x trung thành"",""trung thành"",""trung thanh"",""xa trung thanh"",""xatrungthanh"",""trungthanh""]",ACTIVE
GHN_ADMIN_2025,2,1004416,1004416,,1000030,"Xã Mường Mìn","[""xã mường mìn"",""x.mường mìn"",""x mường mìn"",""mường mìn"",""muong min"",""xa muong min"",""xamuongmin"",""muongmin""]",ACTIVE
GHN_ADMIN_2025,2,1004417,1004417,,1000030,"Xã Na Mèo","[""xã na mèo"",""x.na mèo"",""x na mèo"",""na mèo"",""na meo"",""xa na meo"",""xanameo"",""nameo""]",ACTIVE
GHN_ADMIN_2025,2,1004418,1004418,,1000030,"Xã Quan Sơn","[""xã quan sơn"",""x.quan sơn"",""x quan sơn"",""quan sơn"",""quan son"",""xa quan son"",""xaquanson"",""quanson""]",ACTIVE
GHN_ADMIN_2025,2,1004419,1004419,,1000030,"Xã Sơn Thủy","[""xã sơn thủy"",""x.sơn thủy"",""x sơn thủy"",""sơn thủy"",""son thuy"",""xa son thuy"",""xasonthuy"",""sonthuy""]",ACTIVE
GHN_ADMIN_2025,2,1004420,1004420,,1000030,"Xã Sơn Điện","[""xã sơn điện"",""x.sơn điện"",""x sơn điện"",""sơn điện"",""son dien"",""xa son dien"",""xasondien"",""sondien""]",ACTIVE
GHN_ADMIN_2025,2,1004421,1004421,,1000030,"Xã Tam Lư","[""xã tam lư"",""x.tam lư"",""x tam lư"",""tam lư"",""tam lu"",""xa tam lu"",""xatamlu"",""tamlu""]",ACTIVE
GHN_ADMIN_2025,2,1004422,1004422,,1000030,"Xã Tam Thanh","[""xã tam thanh"",""x.tam thanh"",""x tam thanh"",""tam thanh"",""xa tam thanh"",""xatamthanh"",""tamthanh""]",ACTIVE
GHN_ADMIN_2025,2,1004423,1004423,,1000030,"Xã Trung Hạ","[""xã trung hạ"",""x.trung hạ"",""x trung hạ"",""trung hạ"",""trung ha"",""xa trung ha"",""xatrungha"",""trungha""]",ACTIVE
GHN_ADMIN_2025,2,1004424,1004424,,1000030,"Xã Lưu Vệ","[""xã lưu vệ"",""x.lưu vệ"",""x lưu vệ"",""lưu vệ"",""luu ve"",""xa luu ve"",""xaluuve"",""luuve""]",ACTIVE
GHN_ADMIN_2025,2,1004425,1004425,,1000030,"Xã Quảng Bình","[""xã quảng bình"",""x.quảng bình"",""x quảng bình"",""quảng bình"",""quang binh"",""xa quang binh"",""xaquangbinh"",""quangbinh""]",ACTIVE
GHN_ADMIN_2025,2,1004426,1004426,,1000030,"Xã Quảng Chính","[""xã quảng chính"",""x.quảng chính"",""x quảng chính"",""quảng chính"",""quang chinh"",""xa quang chinh"",""xaquangchinh"",""quangchinh""]",ACTIVE
GHN_ADMIN_2025,2,1004427,1004427,,1000030,"Xã Quảng Ngọc","[""xã quảng ngọc"",""x.quảng ngọc"",""x quảng ngọc"",""quảng ngọc"",""quang ngoc"",""xa quang ngoc"",""xaquangngoc"",""quangngoc""]",ACTIVE
GHN_ADMIN_2025,2,1004428,1004428,,1000030,"Xã Quảng Ninh","[""xã quảng ninh"",""x.quảng ninh"",""x quảng ninh"",""quảng ninh"",""quang ninh"",""xa quang ninh"",""xaquangninh"",""quangninh""]",ACTIVE
GHN_ADMIN_2025,2,1004429,1004429,,1000030,"Xã Quảng Yên","[""xã quảng yên"",""x.quảng yên"",""x quảng yên"",""quảng yên"",""quang yen"",""xa quang yen"",""xaquangyen"",""quangyen""]",ACTIVE
GHN_ADMIN_2025,2,1004430,1004430,,1000030,"Xã Tiên Trang","[""xã tiên trang"",""x.tiên trang"",""x tiên trang"",""tiên trang"",""tien trang"",""xa tien trang"",""xatientrang"",""tientrang""]",ACTIVE
GHN_ADMIN_2025,2,1004431,1004431,,1000030,"Xã Thiệu Hóa","[""xã thiệu hóa"",""x.thiệu hóa"",""x thiệu hóa"",""thiệu hóa"",""thieu hoa"",""xa thieu hoa"",""xathieuhoa"",""thieuhoa""]",ACTIVE
GHN_ADMIN_2025,2,1004432,1004432,,1000030,"Xã Thiệu Quang","[""xã thiệu quang"",""x.thiệu quang"",""x thiệu quang"",""thiệu quang"",""thieu quang"",""xa thieu quang"",""xathieuquang"",""thieuquang""]",ACTIVE
GHN_ADMIN_2025,2,1004433,1004433,,1000030,"Xã Thiệu Tiến","[""xã thiệu tiến"",""x.thiệu tiến"",""x thiệu tiến"",""thiệu tiến"",""thieu tien"",""xa thieu tien"",""xathieutien"",""thieutien""]",ACTIVE
GHN_ADMIN_2025,2,1004434,1004434,,1000030,"Xã Thiệu Toán","[""xã thiệu toán"",""x.thiệu toán"",""x thiệu toán"",""thiệu toán"",""thieu toan"",""xa thieu toan"",""xathieutoan"",""thieutoan""]",ACTIVE
GHN_ADMIN_2025,2,1004435,1004435,,1000030,"Xã Thiệu Trung","[""xã thiệu trung"",""x.thiệu trung"",""x thiệu trung"",""thiệu trung"",""thieu trung"",""xa thieu trung"",""xathieutrung"",""thieutrung""]",ACTIVE
GHN_ADMIN_2025,2,1004436,1004436,,1000030,"Xã Bát Mọt","[""xã bát mọt"",""x.bát mọt"",""x bát mọt"",""bát mọt"",""bat mot"",""xa bat mot"",""xabatmot"",""batmot""]",ACTIVE
GHN_ADMIN_2025,2,1004437,1004437,,1000030,"Xã Luận Thành","[""xã luận thành"",""x.luận thành"",""x luận thành"",""luận thành"",""luan thanh"",""xa luan thanh"",""xaluanthanh"",""luanthanh""]",ACTIVE
GHN_ADMIN_2025,2,1004438,1004438,,1000030,"Xã Lương Sơn","[""xã lương sơn"",""x.lương sơn"",""x lương sơn"",""lương sơn"",""luong son"",""xa luong son"",""xaluongson"",""luongson""]",ACTIVE
GHN_ADMIN_2025,2,1004439,1004439,,1000030,"Xã Thường Xuân","[""xã thường xuân"",""x.thường xuân"",""x thường xuân"",""thường xuân"",""thuong xuan"",""xa thuong xuan"",""xathuongxuan"",""thuongxuan""]",ACTIVE
GHN_ADMIN_2025,2,1004440,1004440,,1000030,"Xã Thắng Lộc","[""xã thắng lộc"",""x.thắng lộc"",""x thắng lộc"",""thắng lộc"",""thang loc"",""xa thang loc"",""xathangloc"",""thangloc""]",ACTIVE
GHN_ADMIN_2025,2,1004441,1004441,,1000030,"Xã Tân Thành","[""xã tân thành"",""x.tân thành"",""x tân thành"",""tân thành"",""tan thanh"",""xa tan thanh"",""xatanthanh"",""tanthanh""]",ACTIVE
GHN_ADMIN_2025,2,1004442,1004442,,1000030,"Xã Vạn Xuân","[""xã vạn xuân"",""x.vạn xuân"",""x vạn xuân"",""vạn xuân"",""van xuan"",""xa van xuan"",""xavanxuan"",""vanxuan""]",ACTIVE
GHN_ADMIN_2025,2,1004443,1004443,,1000030,"Xã Xuân Chinh","[""xã xuân chinh"",""x.xuân chinh"",""x xuân chinh"",""xuân chinh"",""xuan chinh"",""xa xuan chinh"",""xaxuanchinh"",""xuanchinh""]",ACTIVE
GHN_ADMIN_2025,2,1004444,1004444,,1000030,"Xã Yên Nhân","[""xã yên nhân"",""x.yên nhân"",""x yên nhân"",""yên nhân"",""yen nhan"",""xa yen nhan"",""xayennhan"",""yennhan""]",ACTIVE
GHN_ADMIN_2025,2,1004445,1004445,,1000030,"Xã Kim Tân","[""xã kim tân"",""x.kim tân"",""x kim tân"",""kim tân"",""kim tan"",""xa kim tan"",""xakimtan"",""kimtan""]",ACTIVE
GHN_ADMIN_2025,2,1004446,1004446,,1000030,"Xã Ngọc Trạo","[""xã ngọc trạo"",""x.ngọc trạo"",""x ngọc trạo"",""ngọc trạo"",""ngoc trao"",""xa ngoc trao"",""xangoctrao"",""ngoctrao""]",ACTIVE
GHN_ADMIN_2025,2,1004447,1004447,,1000030,"Xã Thành Vinh","[""xã thành vinh"",""x.thành vinh"",""x thành vinh"",""thành vinh"",""thanh vinh"",""xa thanh vinh"",""xathanhvinh"",""thanhvinh""]",ACTIVE
GHN_ADMIN_2025,2,1004448,1004448,,1000030,"Xã Thạch Bình","[""xã thạch bình"",""x.thạch bình"",""x thạch bình"",""thạch bình"",""thach binh"",""xa thach binh"",""xathachbinh"",""thachbinh""]",ACTIVE
GHN_ADMIN_2025,2,1004449,1004449,,1000030,"Xã Thạch Quảng","[""xã thạch quảng"",""x.thạch quảng"",""x thạch quảng"",""thạch quảng"",""thach quang"",""xa thach quang"",""xathachquang"",""thachquang""]",ACTIVE
GHN_ADMIN_2025,2,1004450,1004450,,1000030,"Xã Vân Du","[""xã vân du"",""x.vân du"",""x vân du"",""vân du"",""van du"",""xa van du"",""xavandu"",""vandu""]",ACTIVE
GHN_ADMIN_2025,2,1004451,1004451,,1000030,"Xã Lam Sơn","[""xã lam sơn"",""x.lam sơn"",""x lam sơn"",""lam sơn"",""lam son"",""xa lam son"",""xalamson"",""lamson""]",ACTIVE
GHN_ADMIN_2025,2,1004452,1004452,,1000030,"Xã Sao Vàng","[""xã sao vàng"",""x.sao vàng"",""x sao vàng"",""sao vàng"",""sao vang"",""xa sao vang"",""xasaovang"",""saovang""]",ACTIVE
GHN_ADMIN_2025,2,1004453,1004453,,1000030,"Xã Thọ Long","[""xã thọ long"",""x.thọ long"",""x thọ long"",""thọ long"",""tho long"",""xa tho long"",""xatholong"",""tholong""]",ACTIVE
GHN_ADMIN_2025,2,1004454,1004454,,1000030,"Xã Thọ Lập","[""xã thọ lập"",""x.thọ lập"",""x thọ lập"",""thọ lập"",""tho lap"",""xa tho lap"",""xatholap"",""tholap""]",ACTIVE
GHN_ADMIN_2025,2,1004455,1004455,,1000030,"Xã Thọ Xuân","[""xã thọ xuân"",""x.thọ xuân"",""x thọ xuân"",""thọ xuân"",""tho xuan"",""xa tho xuan"",""xathoxuan"",""thoxuan""]",ACTIVE
GHN_ADMIN_2025,2,1004456,1004456,,1000030,"Xã Xuân Hòa","[""xã xuân hòa"",""x.xuân hòa"",""x xuân hòa"",""xuân hòa"",""xuan hoa"",""xa xuan hoa"",""xaxuanhoa"",""xuanhoa""]",ACTIVE
GHN_ADMIN_2025,2,1004457,1004457,,1000030,"Xã Xuân Lập","[""xã xuân lập"",""x.xuân lập"",""x xuân lập"",""xuân lập"",""xuan lap"",""xa xuan lap"",""xaxuanlap"",""xuanlap""]",ACTIVE
GHN_ADMIN_2025,2,1004458,1004458,,1000030,"Xã Xuân Tín","[""xã xuân tín"",""x.xuân tín"",""x xuân tín"",""xuân tín"",""xuan tin"",""xa xuan tin"",""xaxuantin"",""xuantin""]",ACTIVE
GHN_ADMIN_2025,2,1004459,1004459,,1000030,"Xã An Nông","[""xã an nông"",""x.an nông"",""x an nông"",""an nông"",""an nong"",""xa an nong"",""xaannong"",""annong""]",ACTIVE
GHN_ADMIN_2025,2,1004460,1004460,,1000030,"Xã Hợp Tiến","[""xã hợp tiến"",""x.hợp tiến"",""x hợp tiến"",""hợp tiến"",""hop tien"",""xa hop tien"",""xahoptien"",""hoptien""]",ACTIVE
GHN_ADMIN_2025,2,1004461,1004461,,1000030,"Xã Thọ Bình","[""xã thọ bình"",""x.thọ bình"",""x thọ bình"",""thọ bình"",""tho binh"",""xa tho binh"",""xathobinh"",""thobinh""]",ACTIVE
GHN_ADMIN_2025,2,1004462,1004462,,1000030,"Xã Thọ Ngọc","[""xã thọ ngọc"",""x.thọ ngọc"",""x thọ ngọc"",""thọ ngọc"",""tho ngoc"",""xa tho ngoc"",""xathongoc"",""thongoc""]",ACTIVE
GHN_ADMIN_2025,2,1004463,1004463,,1000030,"Xã Thọ Phú","[""xã thọ phú"",""x.thọ phú"",""x thọ phú"",""thọ phú"",""tho phu"",""xa tho phu"",""xathophu"",""thophu""]",ACTIVE
GHN_ADMIN_2025,2,1004464,1004464,,1000030,"Xã Triệu Sơn","[""xã triệu sơn"",""x.triệu sơn"",""x triệu sơn"",""triệu sơn"",""trieu son"",""xa trieu son"",""xatrieuson"",""trieuson""]",ACTIVE
GHN_ADMIN_2025,2,1004465,1004465,,1000030,"Xã Tân Ninh","[""xã tân ninh"",""x.tân ninh"",""x tân ninh"",""tân ninh"",""tan ninh"",""xa tan ninh"",""xatanninh"",""tanninh""]",ACTIVE
GHN_ADMIN_2025,2,1004466,1004466,,1000030,"Xã Đồng Tiến","[""xã đồng tiến"",""x.đồng tiến"",""x đồng tiến"",""đồng tiến"",""dong tien"",""xa dong tien"",""xadongtien"",""dongtien""]",ACTIVE
GHN_ADMIN_2025,2,1004467,1004467,,1000030,"Xã Biện Thượng","[""xã biện thượng"",""x.biện thượng"",""x biện thượng"",""biện thượng"",""bien thuong"",""xa bien thuong"",""xabienthuong"",""bienthuong""]",ACTIVE
GHN_ADMIN_2025,2,1004468,1004468,,1000030,"Xã Tây Đô","[""xã tây đô"",""x.tây đô"",""x tây đô"",""tây đô"",""tay do"",""xa tay do"",""xataydo"",""taydo""]",ACTIVE
GHN_ADMIN_2025,2,1004469,1004469,,1000030,"Xã Vĩnh Lộc","[""xã vĩnh lộc"",""x.vĩnh lộc"",""x vĩnh lộc"",""vĩnh lộc"",""vinh loc"",""xa vinh loc"",""xavinhloc"",""vinhloc""]",ACTIVE
GHN_ADMIN_2025,2,1004470,1004470,,1000030,"Xã Quý Lộc","[""xã quý lộc"",""x.quý lộc"",""x quý lộc"",""quý lộc"",""quy loc"",""xa quy loc"",""xaquyloc"",""quyloc""]",ACTIVE
GHN_ADMIN_2025,2,1004471,1004471,,1000030,"Xã Yên Ninh","[""xã yên ninh"",""x.yên ninh"",""x yên ninh"",""yên ninh"",""yen ninh"",""xa yen ninh"",""xayenninh"",""yenninh""]",ACTIVE
GHN_ADMIN_2025,2,1004472,1004472,,1000030,"Xã Yên Phú","[""xã yên phú"",""x.yên phú"",""x yên phú"",""yên phú"",""yen phu"",""xa yen phu"",""xayenphu"",""yenphu""]",ACTIVE
GHN_ADMIN_2025,2,1004473,1004473,,1000030,"Xã Yên Trường","[""xã yên trường"",""x.yên trường"",""x yên trường"",""yên trường"",""yen truong"",""xa yen truong"",""xayentruong"",""yentruong""]",ACTIVE
GHN_ADMIN_2025,2,1004474,1004474,,1000030,"Xã Yên Định","[""xã yên định"",""x.yên định"",""x yên định"",""yên định"",""yen dinh"",""xa yen dinh"",""xayendinh"",""yendinh""]",ACTIVE
GHN_ADMIN_2025,2,1004475,1004475,,1000030,"Xã Định Hoà","[""xã định hoà"",""x.định hoà"",""x định hoà"",""định hoà"",""dinh hoa"",""xa dinh hoa"",""xadinhhoa"",""dinhhoa""]",ACTIVE
GHN_ADMIN_2025,2,1004476,1004476,,1000030,"Xã Định Tân","[""xã định tân"",""x.định tân"",""x định tân"",""định tân"",""dinh tan"",""xa dinh tan"",""xadinhtan"",""dinhtan""]",ACTIVE
GHN_ADMIN_2025,2,1004477,1004477,,1000030,"Phường Nam Sầm Sơn","[""phường nam sầm sơn"",""p.nam sầm sơn"",""p nam sầm sơn"",""nam sầm sơn"",""nam sam son"",""phuong nam sam son"",""phuongnamsamson"",""namsamson""]",ACTIVE
GHN_ADMIN_2025,2,1004478,1004478,,1000030,"Phường Sầm Sơn","[""phường sầm sơn"",""p.sầm sơn"",""p sầm sơn"",""sầm sơn"",""sam son"",""phuong sam son"",""phuongsamson"",""samson""]",ACTIVE
GHN_ADMIN_2025,2,1004479,1004479,,1000030,"Phường Hàm Rồng","[""phường hàm rồng"",""p.hàm rồng"",""p hàm rồng"",""hàm rồng"",""ham rong"",""phuong ham rong"",""phuonghamrong"",""hamrong""]",ACTIVE
GHN_ADMIN_2025,2,1004480,1004480,,1000030,"Phường Hạc Thành","[""phường hạc thành"",""p.hạc thành"",""p hạc thành"",""hạc thành"",""hac thanh"",""phuong hac thanh"",""phuonghacthanh"",""hacthanh""]",ACTIVE
GHN_ADMIN_2025,2,1004481,1004481,,1000030,"Phường Nguyệt Viên","[""phường nguyệt viên"",""p.nguyệt viên"",""p nguyệt viên"",""nguyệt viên"",""nguyet vien"",""phuong nguyet vien"",""phuongnguyetvien"",""nguyetvien""]",ACTIVE
GHN_ADMIN_2025,2,1004482,1004482,,1000030,"Phường Quảng Phú","[""phường quảng phú"",""p.quảng phú"",""p quảng phú"",""quảng phú"",""quang phu"",""phuong quang phu"",""phuongquangphu"",""quangphu""]",ACTIVE
GHN_ADMIN_2025,2,1004483,1004483,,1000030,"Phường Đông Quang","[""phường đông quang"",""p.đông quang"",""p đông quang"",""đông quang"",""dong quang"",""phuong dong quang"",""phuongdongquang"",""dongquang""]",ACTIVE
GHN_ADMIN_2025,2,1004484,1004484,,1000030,"Phường Đông Sơn","[""phường đông sơn"",""p.đông sơn"",""p đông sơn"",""đông sơn"",""dong son"",""phuong dong son"",""phuongdongson"",""dongson""]",ACTIVE
GHN_ADMIN_2025,2,1004485,1004485,,1000030,"Phường Đông Tiến","[""phường đông tiến"",""p.đông tiến"",""p đông tiến"",""đông tiến"",""dong tien"",""phuong dong tien"",""phuongdongtien"",""dongtien""]",ACTIVE
GHN_ADMIN_2025,2,1004486,1004486,,1000030,"Phường Bỉm Sơn","[""phường bỉm sơn"",""p.bỉm sơn"",""p bỉm sơn"",""bỉm sơn"",""bim son"",""phuong bim son"",""phuongbimson"",""bimson""]",ACTIVE
GHN_ADMIN_2025,2,1004487,1004487,,1000030,"Phường Quang Trung","[""phường quang trung"",""p.quang trung"",""p quang trung"",""quang trung"",""phuong quang trung"",""phuongquangtrung"",""quangtrung""]",ACTIVE
GHN_ADMIN_2025,2,1004488,1004488,,1000030,"Phường Hải Bình","[""phường hải bình"",""p.hải bình"",""p hải bình"",""hải bình"",""hai binh"",""phuong hai binh"",""phuonghaibinh"",""haibinh""]",ACTIVE
GHN_ADMIN_2025,2,1004489,1004489,,1000030,"Phường Hải Lĩnh","[""phường hải lĩnh"",""p.hải lĩnh"",""p hải lĩnh"",""hải lĩnh"",""hai linh"",""phuong hai linh"",""phuonghailinh"",""hailinh""]",ACTIVE
GHN_ADMIN_2025,2,1004490,1004490,,1000030,"Phường Nghi Sơn","[""phường nghi sơn"",""p.nghi sơn"",""p nghi sơn"",""nghi sơn"",""nghi son"",""phuong nghi son"",""phuongnghison"",""nghison""]",ACTIVE
GHN_ADMIN_2025,2,1004491,1004491,,1000030,"Phường Ngọc Sơn","[""phường ngọc sơn"",""p.ngọc sơn"",""p ngọc sơn"",""ngọc sơn"",""ngoc son"",""phuong ngoc son"",""phuongngocson"",""ngocson""]",ACTIVE
GHN_ADMIN_2025,2,1004492,1004492,,1000030,"Phường Trúc Lâm","[""phường trúc lâm"",""p.trúc lâm"",""p trúc lâm"",""trúc lâm"",""truc lam"",""phuong truc lam"",""phuongtruclam"",""truclam""]",ACTIVE
GHN_ADMIN_2025,2,1004493,1004493,,1000030,"Phường Tân Dân","[""phường tân dân"",""p.tân dân"",""p tân dân"",""tân dân"",""tan dan"",""phuong tan dan"",""phuongtandan"",""tandan""]",ACTIVE
GHN_ADMIN_2025,2,1004494,1004494,,1000030,"Phường Tĩnh Gia","[""phường tĩnh gia"",""p.tĩnh gia"",""p tĩnh gia"",""tĩnh gia"",""tinh gia"",""phuong tinh gia"",""phuongtinhgia"",""tinhgia""]",ACTIVE
GHN_ADMIN_2025,2,1004495,1004495,,1000030,"Phường Đào Duy Từ","[""phường đào duy từ"",""p.đào duy từ"",""p đào duy từ"",""đào duy từ"",""dao duy tu"",""phuong dao duy tu"",""phuongdaoduytu"",""daoduytu""]",ACTIVE
GHN_ADMIN_2025,2,1004496,1004496,,1000030,"Xã Các Sơn","[""xã các sơn"",""x.các sơn"",""x các sơn"",""các sơn"",""cac son"",""xa cac son"",""xacacson"",""cacson""]",ACTIVE
GHN_ADMIN_2025,2,1004497,1004497,,1000030,"Xã Trường Lâm","[""xã trường lâm"",""x.trường lâm"",""x trường lâm"",""trường lâm"",""truong lam"",""xa truong lam"",""xatruonglam"",""truonglam""]",ACTIVE
GHN_ADMIN_2025,2,1004498,1004498,,1000031,"Xã Anh Sơn","[""xã anh sơn"",""x.anh sơn"",""x anh sơn"",""anh sơn"",""anh son"",""xa anh son"",""xaanhson"",""anhson""]",ACTIVE
GHN_ADMIN_2025,2,1004499,1004499,,1000031,"Xã Anh Sơn Đông","[""xã anh sơn đông"",""x.anh sơn đông"",""x anh sơn đông"",""anh sơn đông"",""anh son dong"",""xa anh son dong"",""xaanhsondong"",""anhsondong""]",ACTIVE
GHN_ADMIN_2025,2,1004500,1004500,,1000031,"Xã Nhân Hòa","[""xã nhân hòa"",""x.nhân hòa"",""x nhân hòa"",""nhân hòa"",""nhan hoa"",""xa nhan hoa"",""xanhanhoa"",""nhanhoa""]",ACTIVE
GHN_ADMIN_2025,2,1004501,1004501,,1000031,"Xã Thành Bình Thọ","[""xã thành bình thọ"",""x.thành bình thọ"",""x thành bình thọ"",""thành bình thọ"",""thanh binh tho"",""xa thanh binh tho"",""xathanhbinhtho"",""thanhbinhtho""]",ACTIVE
GHN_ADMIN_2025,2,1004502,1004502,,1000031,"Xã Vĩnh Tường","[""xã vĩnh tường"",""x.vĩnh tường"",""x vĩnh tường"",""vĩnh tường"",""vinh tuong"",""xa vinh tuong"",""xavinhtuong"",""vinhtuong""]",ACTIVE
GHN_ADMIN_2025,2,1004503,1004503,,1000031,"Xã Yên Xuân","[""xã yên xuân"",""x.yên xuân"",""x yên xuân"",""yên xuân"",""yen xuan"",""xa yen xuan"",""xayenxuan"",""yenxuan""]",ACTIVE
GHN_ADMIN_2025,2,1004504,1004504,,1000031,"Xã Bình Chuẩn","[""xã bình chuẩn"",""x.bình chuẩn"",""x bình chuẩn"",""bình chuẩn"",""binh chuan"",""xa binh chuan"",""xabinhchuan"",""binhchuan""]",ACTIVE
GHN_ADMIN_2025,2,1004505,1004505,,1000031,"Xã Cam Phục","[""xã cam phục"",""x.cam phục"",""x cam phục"",""cam phục"",""cam phuc"",""xa cam phuc"",""xacamphuc"",""camphuc""]",ACTIVE
GHN_ADMIN_2025,2,1004506,1004506,,1000031,"Xã Châu Khê","[""xã châu khê"",""x.châu khê"",""x châu khê"",""châu khê"",""chau khe"",""xa chau khe"",""xachaukhe"",""chaukhe""]",ACTIVE
GHN_ADMIN_2025,2,1004507,1004507,,1000031,"Xã Con Cuông","[""xã con cuông"",""x.con cuông"",""x con cuông"",""con cuông"",""con cuong"",""xa con cuong"",""xaconcuong"",""concuong""]",ACTIVE
GHN_ADMIN_2025,2,1004508,1004508,,1000031,"Xã Môn Sơn","[""xã môn sơn"",""x.môn sơn"",""x môn sơn"",""môn sơn"",""mon son"",""xa mon son"",""xamonson"",""monson""]",ACTIVE
GHN_ADMIN_2025,2,1004509,1004509,,1000031,"Xã Mậu Thạch","[""xã mậu thạch"",""x.mậu thạch"",""x mậu thạch"",""mậu thạch"",""mau thach"",""xa mau thach"",""xamauthach"",""mauthach""]",ACTIVE
GHN_ADMIN_2025,2,1004510,1004510,,1000031,"Xã An Châu","[""xã an châu"",""x.an châu"",""x an châu"",""an châu"",""an chau"",""xa an chau"",""xaanchau"",""anchau""]",ACTIVE
GHN_ADMIN_2025,2,1004511,1004511,,1000031,"Xã Diễn Châu","[""xã diễn châu"",""x.diễn châu"",""x diễn châu"",""diễn châu"",""dien chau"",""xa dien chau"",""xadienchau"",""dienchau""]",ACTIVE
GHN_ADMIN_2025,2,1004512,1004512,,1000031,"Xã Hùng Châu","[""xã hùng châu"",""x.hùng châu"",""x hùng châu"",""hùng châu"",""hung chau"",""xa hung chau"",""xahungchau"",""hungchau""]",ACTIVE
GHN_ADMIN_2025,2,1004513,1004513,,1000031,"Xã Hải Châu","[""xã hải châu"",""x.hải châu"",""x hải châu"",""hải châu"",""hai chau"",""xa hai chau"",""xahaichau"",""haichau""]",ACTIVE
GHN_ADMIN_2025,2,1004514,1004514,,1000031,"Xã Minh Châu","[""xã minh châu"",""x.minh châu"",""x minh châu"",""minh châu"",""minh chau"",""xa minh chau"",""xaminhchau"",""minhchau""]",ACTIVE
GHN_ADMIN_2025,2,1004515,1004515,,1000031,"Xã Quảng Châu","[""xã quảng châu"",""x.quảng châu"",""x quảng châu"",""quảng châu"",""quang chau"",""xa quang chau"",""xaquangchau"",""quangchau""]",ACTIVE
GHN_ADMIN_2025,2,1004516,1004516,,1000031,"Xã Tân Châu","[""xã tân châu"",""x.tân châu"",""x tân châu"",""tân châu"",""tan chau"",""xa tan chau"",""xatanchau"",""tanchau""]",ACTIVE
GHN_ADMIN_2025,2,1004517,1004517,,1000031,"Xã Đức Châu","[""xã đức châu"",""x.đức châu"",""x đức châu"",""đức châu"",""duc chau"",""xa duc chau"",""xaducchau"",""ducchau""]",ACTIVE
GHN_ADMIN_2025,2,1004518,1004518,,1000031,"Xã Hưng Nguyên","[""xã hưng nguyên"",""x.hưng nguyên"",""x hưng nguyên"",""hưng nguyên"",""hung nguyen"",""xa hung nguyen"",""xahungnguyen"",""hungnguyen""]",ACTIVE
GHN_ADMIN_2025,2,1004519,1004519,,1000031,"Xã Hưng Nguyên Nam","[""xã hưng nguyên nam"",""x.hưng nguyên nam"",""x hưng nguyên nam"",""hưng nguyên nam"",""hung nguyen nam"",""xa hung nguyen nam"",""xahungnguyennam"",""hungnguyennam""]",ACTIVE
GHN_ADMIN_2025,2,1004520,1004520,,1000031,"Xã Lam Thành","[""xã lam thành"",""x.lam thành"",""x lam thành"",""lam thành"",""lam thanh"",""xa lam thanh"",""xalamthanh"",""lamthanh""]",ACTIVE
GHN_ADMIN_2025,2,1004521,1004521,,1000031,"Xã Yên Trung","[""xã yên trung"",""x.yên trung"",""x yên trung"",""yên trung"",""yen trung"",""xa yen trung"",""xayentrung"",""yentrung""]",ACTIVE
GHN_ADMIN_2025,2,1004522,1004522,,1000031,"Xã Bắc Lý","[""xã bắc lý"",""x.bắc lý"",""x bắc lý"",""bắc lý"",""bac ly"",""xa bac ly"",""xabacly"",""bacly""]",ACTIVE
GHN_ADMIN_2025,2,1004523,1004523,,1000031,"Xã Chiêu Lưu","[""xã chiêu lưu"",""x.chiêu lưu"",""x chiêu lưu"",""chiêu lưu"",""chieu luu"",""xa chieu luu"",""xachieuluu"",""chieuluu""]",ACTIVE
GHN_ADMIN_2025,2,1004524,1004524,,1000031,"Xã Huồi Tụ","[""xã huồi tụ"",""x.huồi tụ"",""x huồi tụ"",""huồi tụ"",""huoi tu"",""xa huoi tu"",""xahuoitu"",""huoitu""]",ACTIVE
GHN_ADMIN_2025,2,1004525,1004525,,1000031,"Xã Hữu Kiệm","[""xã hữu kiệm"",""x.hữu kiệm"",""x hữu kiệm"",""hữu kiệm"",""huu kiem"",""xa huu kiem"",""xahuukiem"",""huukiem""]",ACTIVE
GHN_ADMIN_2025,2,1004526,1004526,,1000031,"Xã Keng Đu","[""xã keng đu"",""x.keng đu"",""x keng đu"",""keng đu"",""keng du"",""xa keng du"",""xakengdu"",""kengdu""]",ACTIVE
GHN_ADMIN_2025,2,1004527,1004527,,1000031,"Xã Mường Lống","[""xã mường lống"",""x.mường lống"",""x mường lống"",""mường lống"",""muong long"",""xa muong long"",""xamuonglong"",""muonglong""]",ACTIVE
GHN_ADMIN_2025,2,1004528,1004528,,1000031,"Xã Mường Típ","[""xã mường típ"",""x.mường típ"",""x mường típ"",""mường típ"",""muong tip"",""xa muong tip"",""xamuongtip"",""muongtip""]",ACTIVE
GHN_ADMIN_2025,2,1004529,1004529,,1000031,"Xã Mường Xén","[""xã mường xén"",""x.mường xén"",""x mường xén"",""mường xén"",""muong xen"",""xa muong xen"",""xamuongxen"",""muongxen""]",ACTIVE
GHN_ADMIN_2025,2,1004530,1004530,,1000031,"Xã Mỹ Lý","[""xã mỹ lý"",""x.mỹ lý"",""x mỹ lý"",""mỹ lý"",""my ly"",""xa my ly"",""xamyly"",""myly""]",ACTIVE
GHN_ADMIN_2025,2,1004531,1004531,,1000031,"Xã Na Loi","[""xã na loi"",""x.na loi"",""x na loi"",""na loi"",""xa na loi"",""xanaloi"",""naloi""]",ACTIVE
GHN_ADMIN_2025,2,1004532,1004532,,1000031,"Xã Na Ngoi","[""xã na ngoi"",""x.na ngoi"",""x na ngoi"",""na ngoi"",""xa na ngoi"",""xanangoi"",""nangoi""]",ACTIVE
GHN_ADMIN_2025,2,1004533,1004533,,1000031,"Xã Nậm Cắn","[""xã nậm cắn"",""x.nậm cắn"",""x nậm cắn"",""nậm cắn"",""nam can"",""xa nam can"",""xanamcan"",""namcan""]",ACTIVE
GHN_ADMIN_2025,2,1004534,1004534,,1000031,"Xã Kim Liên","[""xã kim liên"",""x.kim liên"",""x kim liên"",""kim liên"",""kim lien"",""xa kim lien"",""xakimlien"",""kimlien""]",ACTIVE
GHN_ADMIN_2025,2,1004535,1004535,,1000031,"Xã Nam Đàn","[""xã nam đàn"",""x.nam đàn"",""x nam đàn"",""nam đàn"",""nam dan"",""xa nam dan"",""xanamdan"",""namdan""]",ACTIVE
GHN_ADMIN_2025,2,1004536,1004536,,1000031,"Xã Thiên Nhẫn","[""xã thiên nhẫn"",""x.thiên nhẫn"",""x thiên nhẫn"",""thiên nhẫn"",""thien nhan"",""xa thien nhan"",""xathiennhan"",""thiennhan""]",ACTIVE
GHN_ADMIN_2025,2,1004537,1004537,,1000031,"Xã Vạn An","[""xã vạn an"",""x.vạn an"",""x vạn an"",""vạn an"",""van an"",""xa van an"",""xavanan"",""vanan""]",ACTIVE
GHN_ADMIN_2025,2,1004538,1004538,,1000031,"Xã Đại Huệ","[""xã đại huệ"",""x.đại huệ"",""x đại huệ"",""đại huệ"",""dai hue"",""xa dai hue"",""xadaihue"",""daihue""]",ACTIVE
GHN_ADMIN_2025,2,1004539,1004539,,1000031,"Xã Hải Lộc","[""xã hải lộc"",""x.hải lộc"",""x hải lộc"",""hải lộc"",""hai loc"",""xa hai loc"",""xahailoc"",""hailoc""]",ACTIVE
GHN_ADMIN_2025,2,1004540,1004540,,1000031,"Xã Nghi Lộc","[""xã nghi lộc"",""x.nghi lộc"",""x nghi lộc"",""nghi lộc"",""nghi loc"",""xa nghi loc"",""xanghiloc"",""nghiloc""]",ACTIVE
GHN_ADMIN_2025,2,1004541,1004541,,1000031,"Xã Phúc Lộc","[""xã phúc lộc"",""x.phúc lộc"",""x phúc lộc"",""phúc lộc"",""phuc loc"",""xa phuc loc"",""xaphucloc"",""phucloc""]",ACTIVE
GHN_ADMIN_2025,2,1004542,1004542,,1000031,"Xã Thần Lĩnh","[""xã thần lĩnh"",""x.thần lĩnh"",""x thần lĩnh"",""thần lĩnh"",""than linh"",""xa than linh"",""xathanlinh"",""thanlinh""]",ACTIVE
GHN_ADMIN_2025,2,1004543,1004543,,1000031,"Xã Trung Lộc","[""xã trung lộc"",""x.trung lộc"",""x trung lộc"",""trung lộc"",""trung loc"",""xa trung loc"",""xatrungloc"",""trungloc""]",ACTIVE
GHN_ADMIN_2025,2,1004544,1004544,,1000031,"Xã Văn Kiều","[""xã văn kiều"",""x.văn kiều"",""x văn kiều"",""văn kiều"",""van kieu"",""xa van kieu"",""xavankieu"",""vankieu""]",ACTIVE
GHN_ADMIN_2025,2,1004545,1004545,,1000031,"Xã Đông Lộc","[""xã đông lộc"",""x.đông lộc"",""x đông lộc"",""đông lộc"",""dong loc"",""xa dong loc"",""xadongloc"",""dongloc""]",ACTIVE
GHN_ADMIN_2025,2,1004546,1004546,,1000031,"Xã Nghĩa Hưng","[""xã nghĩa hưng"",""x.nghĩa hưng"",""x nghĩa hưng"",""nghĩa hưng"",""nghia hung"",""xa nghia hung"",""xanghiahung"",""nghiahung""]",ACTIVE
GHN_ADMIN_2025,2,1004547,1004547,,1000031,"Xã Nghĩa Khánh","[""xã nghĩa khánh"",""x.nghĩa khánh"",""x nghĩa khánh"",""nghĩa khánh"",""nghia khanh"",""xa nghia khanh"",""xanghiakhanh"",""nghiakhanh""]",ACTIVE
GHN_ADMIN_2025,2,1004548,1004548,,1000031,"Xã Nghĩa Lâm","[""xã nghĩa lâm"",""x.nghĩa lâm"",""x nghĩa lâm"",""nghĩa lâm"",""nghia lam"",""xa nghia lam"",""xanghialam"",""nghialam""]",ACTIVE
GHN_ADMIN_2025,2,1004549,1004549,,1000031,"Xã Nghĩa Lộc","[""xã nghĩa lộc"",""x.nghĩa lộc"",""x nghĩa lộc"",""nghĩa lộc"",""nghia loc"",""xa nghia loc"",""xanghialoc"",""nghialoc""]",ACTIVE
GHN_ADMIN_2025,2,1004550,1004550,,1000031,"Xã Nghĩa Mai","[""xã nghĩa mai"",""x.nghĩa mai"",""x nghĩa mai"",""nghĩa mai"",""nghia mai"",""xa nghia mai"",""xanghiamai"",""nghiamai""]",ACTIVE
GHN_ADMIN_2025,2,1004551,1004551,,1000031,"Xã Nghĩa Thọ","[""xã nghĩa thọ"",""x.nghĩa thọ"",""x nghĩa thọ"",""nghĩa thọ"",""nghia tho"",""xa nghia tho"",""xanghiatho"",""nghiatho""]",ACTIVE
GHN_ADMIN_2025,2,1004552,1004552,,1000031,"Xã Nghĩa Đàn","[""xã nghĩa đàn"",""x.nghĩa đàn"",""x nghĩa đàn"",""nghĩa đàn"",""nghia dan"",""xa nghia dan"",""xanghiadan"",""nghiadan""]",ACTIVE
GHN_ADMIN_2025,2,1004553,1004553,,1000031,"Xã Mường Quàng","[""xã mường quàng"",""x.mường quàng"",""x mường quàng"",""mường quàng"",""muong quang"",""xa muong quang"",""xamuongquang"",""muongquang""]",ACTIVE
GHN_ADMIN_2025,2,1004554,1004554,,1000031,"Xã Quế Phong","[""xã quế phong"",""x.quế phong"",""x quế phong"",""quế phong"",""que phong"",""xa que phong"",""xaquephong"",""quephong""]",ACTIVE
GHN_ADMIN_2025,2,1004555,1004555,,1000031,"Xã Thông Thụ","[""xã thông thụ"",""x.thông thụ"",""x thông thụ"",""thông thụ"",""thong thu"",""xa thong thu"",""xathongthu"",""thongthu""]",ACTIVE
GHN_ADMIN_2025,2,1004556,1004556,,1000031,"Xã Tiền Phong","[""xã tiền phong"",""x.tiền phong"",""x tiền phong"",""tiền phong"",""tien phong"",""xa tien phong"",""xatienphong"",""tienphong""]",ACTIVE
GHN_ADMIN_2025,2,1004557,1004557,,1000031,"Xã Tri Lễ","[""xã tri lễ"",""x.tri lễ"",""x tri lễ"",""tri lễ"",""tri le"",""xa tri le"",""xatrile"",""trile""]",ACTIVE
GHN_ADMIN_2025,2,1004558,1004558,,1000031,"Xã Châu Bình","[""xã châu bình"",""x.châu bình"",""x châu bình"",""châu bình"",""chau binh"",""xa chau binh"",""xachaubinh"",""chaubinh""]",ACTIVE
GHN_ADMIN_2025,2,1004559,1004559,,1000031,"Xã Châu Tiến","[""xã châu tiến"",""x.châu tiến"",""x châu tiến"",""châu tiến"",""chau tien"",""xa chau tien"",""xachautien"",""chautien""]",ACTIVE
GHN_ADMIN_2025,2,1004560,1004560,,1000031,"Xã Hùng Chân","[""xã hùng chân"",""x.hùng chân"",""x hùng chân"",""hùng chân"",""hung chan"",""xa hung chan"",""xahungchan"",""hungchan""]",ACTIVE
GHN_ADMIN_2025,2,1004561,1004561,,1000031,"Xã Quỳ Châu","[""xã quỳ châu"",""x.quỳ châu"",""x quỳ châu"",""quỳ châu"",""quy chau"",""xa quy chau"",""xaquychau"",""quychau""]",ACTIVE
GHN_ADMIN_2025,2,1004562,1004562,,1000031,"Xã Châu Hồng","[""xã châu hồng"",""x.châu hồng"",""x châu hồng"",""châu hồng"",""chau hong"",""xa chau hong"",""xachauhong"",""chauhong""]",ACTIVE
GHN_ADMIN_2025,2,1004563,1004563,,1000031,"Xã Châu Lộc","[""xã châu lộc"",""x.châu lộc"",""x châu lộc"",""châu lộc"",""chau loc"",""xa chau loc"",""xachauloc"",""chauloc""]",ACTIVE
GHN_ADMIN_2025,2,1004564,1004564,,1000031,"Xã Minh Hợp","[""xã minh hợp"",""x.minh hợp"",""x minh hợp"",""minh hợp"",""minh hop"",""xa minh hop"",""xaminhhop"",""minhhop""]",ACTIVE
GHN_ADMIN_2025,2,1004565,1004565,,1000031,"Xã Mường Chọng","[""xã mường chọng"",""x.mường chọng"",""x mường chọng"",""mường chọng"",""muong chong"",""xa muong chong"",""xamuongchong"",""muongchong""]",ACTIVE
GHN_ADMIN_2025,2,1004566,1004566,,1000031,"Xã Mường Ham","[""xã mường ham"",""x.mường ham"",""x mường ham"",""mường ham"",""muong ham"",""xa muong ham"",""xamuongham"",""muongham""]",ACTIVE
GHN_ADMIN_2025,2,1004567,1004567,,1000031,"Xã Quỳ Hợp","[""xã quỳ hợp"",""x.quỳ hợp"",""x quỳ hợp"",""quỳ hợp"",""quy hop"",""xa quy hop"",""xaquyhop"",""quyhop""]",ACTIVE
GHN_ADMIN_2025,2,1004568,1004568,,1000031,"Xã Tam Hợp","[""xã tam hợp"",""x.tam hợp"",""x tam hợp"",""tam hợp"",""tam hop"",""xa tam hop"",""xatamhop"",""tamhop""]",ACTIVE
GHN_ADMIN_2025,2,1004569,1004569,,1000031,"Xã Quỳnh Anh","[""xã quỳnh anh"",""x.quỳnh anh"",""x quỳnh anh"",""quỳnh anh"",""quynh anh"",""xa quynh anh"",""xaquynhanh"",""quynhanh""]",ACTIVE
GHN_ADMIN_2025,2,1004570,1004570,,1000031,"Xã Quỳnh Lưu","[""xã quỳnh lưu"",""x.quỳnh lưu"",""x quỳnh lưu"",""quỳnh lưu"",""quynh luu"",""xa quynh luu"",""xaquynhluu"",""quynhluu""]",ACTIVE
GHN_ADMIN_2025,2,1004571,1004571,,1000031,"Xã Quỳnh Phú","[""xã quỳnh phú"",""x.quỳnh phú"",""x quỳnh phú"",""quỳnh phú"",""quynh phu"",""xa quynh phu"",""xaquynhphu"",""quynhphu""]",ACTIVE
GHN_ADMIN_2025,2,1004572,1004572,,1000031,"Xã Quỳnh Sơn","[""xã quỳnh sơn"",""x.quỳnh sơn"",""x quỳnh sơn"",""quỳnh sơn"",""quynh son"",""xa quynh son"",""xaquynhson"",""quynhson""]",ACTIVE
GHN_ADMIN_2025,2,1004573,1004573,,1000031,"Xã Quỳnh Tam","[""xã quỳnh tam"",""x.quỳnh tam"",""x quỳnh tam"",""quỳnh tam"",""quynh tam"",""xa quynh tam"",""xaquynhtam"",""quynhtam""]",ACTIVE
GHN_ADMIN_2025,2,1004574,1004574,,1000031,"Xã Quỳnh Thắng","[""xã quỳnh thắng"",""x.quỳnh thắng"",""x quỳnh thắng"",""quỳnh thắng"",""quynh thang"",""xa quynh thang"",""xaquynhthang"",""quynhthang""]",ACTIVE
GHN_ADMIN_2025,2,1004575,1004575,,1000031,"Xã Quỳnh Văn","[""xã quỳnh văn"",""x.quỳnh văn"",""x quỳnh văn"",""quỳnh văn"",""quynh van"",""xa quynh van"",""xaquynhvan"",""quynhvan""]",ACTIVE
GHN_ADMIN_2025,2,1004576,1004576,,1000031,"Xã Bích Hào","[""xã bích hào"",""x.bích hào"",""x bích hào"",""bích hào"",""bich hao"",""xa bich hao"",""xabichhao"",""bichhao""]",ACTIVE
GHN_ADMIN_2025,2,1004577,1004577,,1000031,"Xã Cát Ngạn","[""xã cát ngạn"",""x.cát ngạn"",""x cát ngạn"",""cát ngạn"",""cat ngan"",""xa cat ngan"",""xacatngan"",""catngan""]",ACTIVE
GHN_ADMIN_2025,2,1004578,1004578,,1000031,"Xã Hoa Quân","[""xã hoa quân"",""x.hoa quân"",""x hoa quân"",""hoa quân"",""hoa quan"",""xa hoa quan"",""xahoaquan"",""hoaquan""]",ACTIVE
GHN_ADMIN_2025,2,1004579,1004579,,1000031,"Xã Hạnh Lâm","[""xã hạnh lâm"",""x.hạnh lâm"",""x hạnh lâm"",""hạnh lâm"",""hanh lam"",""xa hanh lam"",""xahanhlam"",""hanhlam""]",ACTIVE
GHN_ADMIN_2025,2,1004580,1004580,,1000031,"Xã Kim Bảng","[""xã kim bảng"",""x.kim bảng"",""x kim bảng"",""kim bảng"",""kim bang"",""xa kim bang"",""xakimbang"",""kimbang""]",ACTIVE
GHN_ADMIN_2025,2,1004581,1004581,,1000031,"Xã Sơn Lâm","[""xã sơn lâm"",""x.sơn lâm"",""x sơn lâm"",""sơn lâm"",""son lam"",""xa son lam"",""xasonlam"",""sonlam""]",ACTIVE
GHN_ADMIN_2025,2,1004582,1004582,,1000031,"Xã Tam Đồng","[""xã tam đồng"",""x.tam đồng"",""x tam đồng"",""tam đồng"",""tam dong"",""xa tam dong"",""xatamdong"",""tamdong""]",ACTIVE
GHN_ADMIN_2025,2,1004583,1004583,,1000031,"Xã Xuân Lâm","[""xã xuân lâm"",""x.xuân lâm"",""x xuân lâm"",""xuân lâm"",""xuan lam"",""xa xuan lam"",""xaxuanlam"",""xuanlam""]",ACTIVE
GHN_ADMIN_2025,2,1004584,1004584,,1000031,"Xã Đại Đồng","[""xã đại đồng"",""x.đại đồng"",""x đại đồng"",""đại đồng"",""dai dong"",""xa dai dong"",""xadaidong"",""daidong""]",ACTIVE
GHN_ADMIN_2025,2,1004585,1004585,,1000031,"Xã Giai Xuân","[""xã giai xuân"",""x.giai xuân"",""x giai xuân"",""giai xuân"",""giai xuan"",""xa giai xuan"",""xagiaixuan"",""giaixuan""]",ACTIVE
GHN_ADMIN_2025,2,1004586,1004586,,1000031,"Xã Nghĩa Hành","[""xã nghĩa hành"",""x.nghĩa hành"",""x nghĩa hành"",""nghĩa hành"",""nghia hanh"",""xa nghia hanh"",""xanghiahanh"",""nghiahanh""]",ACTIVE
GHN_ADMIN_2025,2,1004587,1004587,,1000031,"Xã Nghĩa Đồng","[""xã nghĩa đồng"",""x.nghĩa đồng"",""x nghĩa đồng"",""nghĩa đồng"",""nghia dong"",""xa nghia dong"",""xanghiadong"",""nghiadong""]",ACTIVE
GHN_ADMIN_2025,2,1004588,1004588,,1000031,"Xã Tiên Đồng","[""xã tiên đồng"",""x.tiên đồng"",""x tiên đồng"",""tiên đồng"",""tien dong"",""xa tien dong"",""xatiendong"",""tiendong""]",ACTIVE
GHN_ADMIN_2025,2,1004589,1004589,,1000031,"Xã Tân An","[""xã tân an"",""x.tân an"",""x tân an"",""tân an"",""tan an"",""xa tan an"",""xatanan"",""tanan""]",ACTIVE
GHN_ADMIN_2025,2,1004590,1004590,,1000031,"Xã Tân Kỳ","[""xã tân kỳ"",""x.tân kỳ"",""x tân kỳ"",""tân kỳ"",""tan ky"",""xa tan ky"",""xatanky"",""tanky""]",ACTIVE
GHN_ADMIN_2025,2,1004591,1004591,,1000031,"Xã Tân Phú","[""xã tân phú"",""x.tân phú"",""x tân phú"",""tân phú"",""tan phu"",""xa tan phu"",""xatanphu"",""tanphu""]",ACTIVE
GHN_ADMIN_2025,2,1004592,1004592,,1000031,"Xã Hữu Khuông","[""xã hữu khuông"",""x.hữu khuông"",""x hữu khuông"",""hữu khuông"",""huu khuong"",""xa huu khuong"",""xahuukhuong"",""huukhuong""]",ACTIVE
GHN_ADMIN_2025,2,1004593,1004593,,1000031,"Xã Lượng Minh","[""xã lượng minh"",""x.lượng minh"",""x lượng minh"",""lượng minh"",""luong minh"",""xa luong minh"",""xaluongminh"",""luongminh""]",ACTIVE
GHN_ADMIN_2025,2,1004594,1004594,,1000031,"Xã Nga My","[""xã nga my"",""x.nga my"",""x nga my"",""nga my"",""xa nga my"",""xangamy"",""ngamy""]",ACTIVE
GHN_ADMIN_2025,2,1004595,1004595,,1000031,"Xã Nhôn Mai","[""xã nhôn mai"",""x.nhôn mai"",""x nhôn mai"",""nhôn mai"",""nhon mai"",""xa nhon mai"",""xanhonmai"",""nhonmai""]",ACTIVE
GHN_ADMIN_2025,2,1004596,1004596,,1000031,"Xã Tam Quang","[""xã tam quang"",""x.tam quang"",""x tam quang"",""tam quang"",""xa tam quang"",""xatamquang"",""tamquang""]",ACTIVE
GHN_ADMIN_2025,2,1004597,1004597,,1000031,"Xã Tam Thái","[""xã tam thái"",""x.tam thái"",""x tam thái"",""tam thái"",""tam thai"",""xa tam thai"",""xatamthai"",""tamthai""]",ACTIVE
GHN_ADMIN_2025,2,1004598,1004598,,1000031,"Xã Tương Dương","[""xã tương dương"",""x.tương dương"",""x tương dương"",""tương dương"",""tuong duong"",""xa tuong duong"",""xatuongduong"",""tuongduong""]",ACTIVE
GHN_ADMIN_2025,2,1004599,1004599,,1000031,"Xã Yên Hòa","[""xã yên hòa"",""x.yên hòa"",""x yên hòa"",""yên hòa"",""yen hoa"",""xa yen hoa"",""xayenhoa"",""yenhoa""]",ACTIVE
GHN_ADMIN_2025,2,1004600,1004600,,1000031,"Xã Yên Na","[""xã yên na"",""x.yên na"",""x yên na"",""yên na"",""yen na"",""xa yen na"",""xayenna"",""yenna""]",ACTIVE
GHN_ADMIN_2025,2,1004601,1004601,,1000031,"Xã Bình Minh","[""xã bình minh"",""x.bình minh"",""x bình minh"",""bình minh"",""binh minh"",""xa binh minh"",""xabinhminh"",""binhminh""]",ACTIVE
GHN_ADMIN_2025,2,1004602,1004602,,1000031,"Xã Giai Lạc","[""xã giai lạc"",""x.giai lạc"",""x giai lạc"",""giai lạc"",""giai lac"",""xa giai lac"",""xagiailac"",""giailac""]",ACTIVE
GHN_ADMIN_2025,2,1004603,1004603,,1000031,"Xã Hợp Minh","[""xã hợp minh"",""x.hợp minh"",""x hợp minh"",""hợp minh"",""hop minh"",""xa hop minh"",""xahopminh"",""hopminh""]",ACTIVE
GHN_ADMIN_2025,2,1004604,1004604,,1000031,"Xã Quan Thành","[""xã quan thành"",""x.quan thành"",""x quan thành"",""quan thành"",""quan thanh"",""xa quan thanh"",""xaquanthanh"",""quanthanh""]",ACTIVE
GHN_ADMIN_2025,2,1004605,1004605,,1000031,"Xã Quang Đồng","[""xã quang đồng"",""x.quang đồng"",""x quang đồng"",""quang đồng"",""quang dong"",""xa quang dong"",""xaquangdong"",""quangdong""]",ACTIVE
GHN_ADMIN_2025,2,1004606,1004606,,1000031,"Xã Vân Du","[""xã vân du"",""x.vân du"",""x vân du"",""vân du"",""van du"",""xa van du"",""xavandu"",""vandu""]",ACTIVE
GHN_ADMIN_2025,2,1004607,1004607,,1000031,"Xã Vân Tụ","[""xã vân tụ"",""x.vân tụ"",""x vân tụ"",""vân tụ"",""van tu"",""xa van tu"",""xavantu"",""vantu""]",ACTIVE
GHN_ADMIN_2025,2,1004608,1004608,,1000031,"Xã Yên Thành","[""xã yên thành"",""x.yên thành"",""x yên thành"",""yên thành"",""yen thanh"",""xa yen thanh"",""xayenthanh"",""yenthanh""]",ACTIVE
GHN_ADMIN_2025,2,1004609,1004609,,1000031,"Xã Đông Thành","[""xã đông thành"",""x.đông thành"",""x đông thành"",""đông thành"",""dong thanh"",""xa dong thanh"",""xadongthanh"",""dongthanh""]",ACTIVE
GHN_ADMIN_2025,2,1004610,1004610,,1000031,"Xã Bạch Hà","[""xã bạch hà"",""x.bạch hà"",""x bạch hà"",""bạch hà"",""bach ha"",""xa bach ha"",""xabachha"",""bachha""]",ACTIVE
GHN_ADMIN_2025,2,1004611,1004611,,1000031,"Xã Bạch Ngọc","[""xã bạch ngọc"",""x.bạch ngọc"",""x bạch ngọc"",""bạch ngọc"",""bach ngoc"",""xa bach ngoc"",""xabachngoc"",""bachngoc""]",ACTIVE
GHN_ADMIN_2025,2,1004612,1004612,,1000031,"Xã Lương Sơn","[""xã lương sơn"",""x.lương sơn"",""x lương sơn"",""lương sơn"",""luong son"",""xa luong son"",""xaluongson"",""luongson""]",ACTIVE
GHN_ADMIN_2025,2,1004613,1004613,,1000031,"Xã Thuần Trung","[""xã thuần trung"",""x.thuần trung"",""x thuần trung"",""thuần trung"",""thuan trung"",""xa thuan trung"",""xathuantrung"",""thuantrung""]",ACTIVE
GHN_ADMIN_2025,2,1004614,1004614,,1000031,"Xã Văn Hiến","[""xã văn hiến"",""x.văn hiến"",""x văn hiến"",""văn hiến"",""van hien"",""xa van hien"",""xavanhien"",""vanhien""]",ACTIVE
GHN_ADMIN_2025,2,1004615,1004615,,1000031,"Xã Đô Lương","[""xã đô lương"",""x.đô lương"",""x đô lương"",""đô lương"",""do luong"",""xa do luong"",""xadoluong"",""doluong""]",ACTIVE
GHN_ADMIN_2025,2,1004616,1004616,,1000031,"Phường Cửa Lò","[""phường cửa lò"",""p.cửa lò"",""p cửa lò"",""cửa lò"",""cua lo"",""phuong cua lo"",""phuongcualo"",""cualo""]",ACTIVE
GHN_ADMIN_2025,2,1004617,1004617,,1000031,"Phường Thành Vinh","[""phường thành vinh"",""p.thành vinh"",""p thành vinh"",""thành vinh"",""thanh vinh"",""phuong thanh vinh"",""phuongthanhvinh"",""thanhvinh""]",ACTIVE
GHN_ADMIN_2025,2,1004618,1004618,,1000031,"Phường Trường Vinh","[""phường trường vinh"",""p.trường vinh"",""p trường vinh"",""trường vinh"",""truong vinh"",""phuong truong vinh"",""phuongtruongvinh"",""truongvinh""]",ACTIVE
GHN_ADMIN_2025,2,1004619,1004619,,1000031,"Phường Vinh Hưng","[""phường vinh hưng"",""p.vinh hưng"",""p vinh hưng"",""vinh hưng"",""vinh hung"",""phuong vinh hung"",""phuongvinhhung"",""vinhhung""]",ACTIVE
GHN_ADMIN_2025,2,1004620,1004620,,1000031,"Phường Vinh Lộc","[""phường vinh lộc"",""p.vinh lộc"",""p vinh lộc"",""vinh lộc"",""vinh loc"",""phuong vinh loc"",""phuongvinhloc"",""vinhloc""]",ACTIVE
GHN_ADMIN_2025,2,1004621,1004621,,1000031,"Phường Vinh Phú","[""phường vinh phú"",""p.vinh phú"",""p vinh phú"",""vinh phú"",""vinh phu"",""phuong vinh phu"",""phuongvinhphu"",""vinhphu""]",ACTIVE
GHN_ADMIN_2025,2,1004622,1004622,,1000031,"Phường Hoàng Mai","[""phường hoàng mai"",""p.hoàng mai"",""p hoàng mai"",""hoàng mai"",""hoang mai"",""phuong hoang mai"",""phuonghoangmai"",""hoangmai""]",ACTIVE
GHN_ADMIN_2025,2,1004623,1004623,,1000031,"Phường Quỳnh Mai","[""phường quỳnh mai"",""p.quỳnh mai"",""p quỳnh mai"",""quỳnh mai"",""quynh mai"",""phuong quynh mai"",""phuongquynhmai"",""quynhmai""]",ACTIVE
GHN_ADMIN_2025,2,1004624,1004624,,1000031,"Phường Tân Mai","[""phường tân mai"",""p.tân mai"",""p tân mai"",""tân mai"",""tan mai"",""phuong tan mai"",""phuongtanmai"",""tanmai""]",ACTIVE
GHN_ADMIN_2025,2,1004625,1004625,,1000031,"Phường Thái Hòa","[""phường thái hòa"",""p.thái hòa"",""p thái hòa"",""thái hòa"",""thai hoa"",""phuong thai hoa"",""phuongthaihoa"",""thaihoa""]",ACTIVE
GHN_ADMIN_2025,2,1004626,1004626,,1000031,"Phường Tây Hiếu","[""phường tây hiếu"",""p.tây hiếu"",""p tây hiếu"",""tây hiếu"",""tay hieu"",""phuong tay hieu"",""phuongtayhieu"",""tayhieu""]",ACTIVE
GHN_ADMIN_2025,2,1004627,1004627,,1000031,"Xã Đông Hiếu","[""xã đông hiếu"",""x.đông hiếu"",""x đông hiếu"",""đông hiếu"",""dong hieu"",""xa dong hieu"",""xadonghieu"",""donghieu""]",ACTIVE
GHN_ADMIN_2025,2,1004628,1004628,,1000029,"Xã Can Lộc","[""xã can lộc"",""x.can lộc"",""x can lộc"",""can lộc"",""can loc"",""xa can loc"",""xacanloc"",""canloc""]",ACTIVE
GHN_ADMIN_2025,2,1004629,1004629,,1000029,"Xã Gia Hanh","[""xã gia hanh"",""x.gia hanh"",""x gia hanh"",""gia hanh"",""xa gia hanh"",""xagiahanh"",""giahanh""]",ACTIVE
GHN_ADMIN_2025,2,1004630,1004630,,1000029,"Xã Trường Lưu","[""xã trường lưu"",""x.trường lưu"",""x trường lưu"",""trường lưu"",""truong luu"",""xa truong luu"",""xatruongluu"",""truongluu""]",ACTIVE
GHN_ADMIN_2025,2,1004631,1004631,,1000029,"Xã Tùng Lộc","[""xã tùng lộc"",""x.tùng lộc"",""x tùng lộc"",""tùng lộc"",""tung loc"",""xa tung loc"",""xatungloc"",""tungloc""]",ACTIVE
GHN_ADMIN_2025,2,1004632,1004632,,1000029,"Xã Xuân Lộc","[""xã xuân lộc"",""x.xuân lộc"",""x xuân lộc"",""xuân lộc"",""xuan loc"",""xa xuan loc"",""xaxuanloc"",""xuanloc""]",ACTIVE
GHN_ADMIN_2025,2,1004633,1004633,,1000029,"Xã Đồng Lộc","[""xã đồng lộc"",""x.đồng lộc"",""x đồng lộc"",""đồng lộc"",""dong loc"",""xa dong loc"",""xadongloc"",""dongloc""]",ACTIVE
GHN_ADMIN_2025,2,1004634,1004634,,1000029,"Xã Cẩm Duệ","[""xã cẩm duệ"",""x.cẩm duệ"",""x cẩm duệ"",""cẩm duệ"",""cam due"",""xa cam due"",""xacamdue"",""camdue""]",ACTIVE
GHN_ADMIN_2025,2,1004635,1004635,,1000029,"Xã Cẩm Hưng","[""xã cẩm hưng"",""x.cẩm hưng"",""x cẩm hưng"",""cẩm hưng"",""cam hung"",""xa cam hung"",""xacamhung"",""camhung""]",ACTIVE
GHN_ADMIN_2025,2,1004636,1004636,,1000029,"Xã Cẩm Lạc","[""xã cẩm lạc"",""x.cẩm lạc"",""x cẩm lạc"",""cẩm lạc"",""cam lac"",""xa cam lac"",""xacamlac"",""camlac""]",ACTIVE
GHN_ADMIN_2025,2,1004637,1004637,,1000029,"Xã Cẩm Trung","[""xã cẩm trung"",""x.cẩm trung"",""x cẩm trung"",""cẩm trung"",""cam trung"",""xa cam trung"",""xacamtrung"",""camtrung""]",ACTIVE
GHN_ADMIN_2025,2,1004638,1004638,,1000029,"Xã Cẩm Xuyên","[""xã cẩm xuyên"",""x.cẩm xuyên"",""x cẩm xuyên"",""cẩm xuyên"",""cam xuyen"",""xa cam xuyen"",""xacamxuyen"",""camxuyen""]",ACTIVE
GHN_ADMIN_2025,2,1004639,1004639,,1000029,"Xã Thiên Cầm","[""xã thiên cầm"",""x.thiên cầm"",""x thiên cầm"",""thiên cầm"",""thien cam"",""xa thien cam"",""xathiencam"",""thiencam""]",ACTIVE
GHN_ADMIN_2025,2,1004640,1004640,,1000029,"Xã Yên Hòa","[""xã yên hòa"",""x.yên hòa"",""x yên hòa"",""yên hòa"",""yen hoa"",""xa yen hoa"",""xayenhoa"",""yenhoa""]",ACTIVE
GHN_ADMIN_2025,2,1004641,1004641,,1000029,"Xã Hà Linh","[""xã hà linh"",""x.hà linh"",""x hà linh"",""hà linh"",""ha linh"",""xa ha linh"",""xahalinh"",""halinh""]",ACTIVE
GHN_ADMIN_2025,2,1004642,1004642,,1000029,"Xã Hương Bình","[""xã hương bình"",""x.hương bình"",""x hương bình"",""hương bình"",""huong binh"",""xa huong binh"",""xahuongbinh"",""huongbinh""]",ACTIVE
GHN_ADMIN_2025,2,1004643,1004643,,1000029,"Xã Hương Khê","[""xã hương khê"",""x.hương khê"",""x hương khê"",""hương khê"",""huong khe"",""xa huong khe"",""xahuongkhe"",""huongkhe""]",ACTIVE
GHN_ADMIN_2025,2,1004644,1004644,,1000029,"Xã Hương Phố","[""xã hương phố"",""x.hương phố"",""x hương phố"",""hương phố"",""huong pho"",""xa huong pho"",""xahuongpho"",""huongpho""]",ACTIVE
GHN_ADMIN_2025,2,1004645,1004645,,1000029,"Xã Hương Xuân","[""xã hương xuân"",""x.hương xuân"",""x hương xuân"",""hương xuân"",""huong xuan"",""xa huong xuan"",""xahuongxuan"",""huongxuan""]",ACTIVE
GHN_ADMIN_2025,2,1004646,1004646,,1000029,"Xã Hương Đô","[""xã hương đô"",""x.hương đô"",""x hương đô"",""hương đô"",""huong do"",""xa huong do"",""xahuongdo"",""huongdo""]",ACTIVE
GHN_ADMIN_2025,2,1004647,1004647,,1000029,"Xã Phúc Trạch","[""xã phúc trạch"",""x.phúc trạch"",""x phúc trạch"",""phúc trạch"",""phuc trach"",""xa phuc trach"",""xaphuctrach"",""phuctrach""]",ACTIVE
GHN_ADMIN_2025,2,1004648,1004648,,1000029,"Xã Hương Sơn","[""xã hương sơn"",""x.hương sơn"",""x hương sơn"",""hương sơn"",""huong son"",""xa huong son"",""xahuongson"",""huongson""]",ACTIVE
GHN_ADMIN_2025,2,1004649,1004649,,1000029,"Xã Kim Hoa","[""xã kim hoa"",""x.kim hoa"",""x kim hoa"",""kim hoa"",""xa kim hoa"",""xakimhoa"",""kimhoa""]",ACTIVE
GHN_ADMIN_2025,2,1004650,1004650,,1000029,"Xã Sơn Giang","[""xã sơn giang"",""x.sơn giang"",""x sơn giang"",""sơn giang"",""son giang"",""xa son giang"",""xasongiang"",""songiang""]",ACTIVE
GHN_ADMIN_2025,2,1004651,1004651,,1000029,"Xã Sơn Hồng","[""xã sơn hồng"",""x.sơn hồng"",""x sơn hồng"",""sơn hồng"",""son hong"",""xa son hong"",""xasonhong"",""sonhong""]",ACTIVE
GHN_ADMIN_2025,2,1004652,1004652,,1000029,"Xã Sơn Kim 1","[""xã sơn kim 1"",""x.sơn kim 1"",""x sơn kim 1"",""sơn kim 1"",""son kim 1"",""xa son kim 1"",""xasonkim"",""sonkim1""]",ACTIVE
GHN_ADMIN_2025,2,1004653,1004653,,1000029,"Xã Sơn Kim 2","[""xã sơn kim 2"",""x.sơn kim 2"",""x sơn kim 2"",""sơn kim 2"",""son kim 2"",""xa son kim 2"",""xasonkim"",""sonkim2""]",ACTIVE
GHN_ADMIN_2025,2,1004654,1004654,,1000029,"Xã Sơn Tiến","[""xã sơn tiến"",""x.sơn tiến"",""x sơn tiến"",""sơn tiến"",""son tien"",""xa son tien"",""xasontien"",""sontien""]",ACTIVE
GHN_ADMIN_2025,2,1004655,1004655,,1000029,"Xã Sơn Tây","[""xã sơn tây"",""x.sơn tây"",""x sơn tây"",""sơn tây"",""son tay"",""xa son tay"",""xasontay"",""sontay""]",ACTIVE
GHN_ADMIN_2025,2,1004656,1004656,,1000029,"Xã Tứ Mỹ","[""xã tứ mỹ"",""x.tứ mỹ"",""x tứ mỹ"",""tứ mỹ"",""tu my"",""xa tu my"",""xatumy"",""tumy""]",ACTIVE
GHN_ADMIN_2025,2,1004657,1004657,,1000029,"Xã Kỳ Anh","[""xã kỳ anh"",""x.kỳ anh"",""x kỳ anh"",""kỳ anh"",""ky anh"",""xa ky anh"",""xakyanh"",""kyanh""]",ACTIVE
GHN_ADMIN_2025,2,1004658,1004658,,1000029,"Xã Kỳ Hoa","[""xã kỳ hoa"",""x.kỳ hoa"",""x kỳ hoa"",""kỳ hoa"",""ky hoa"",""xa ky hoa"",""xakyhoa"",""kyhoa""]",ACTIVE
GHN_ADMIN_2025,2,1004659,1004659,,1000029,"Xã Kỳ Khang","[""xã kỳ khang"",""x.kỳ khang"",""x kỳ khang"",""kỳ khang"",""ky khang"",""xa ky khang"",""xakykhang"",""kykhang""]",ACTIVE
GHN_ADMIN_2025,2,1004660,1004660,,1000029,"Xã Kỳ Lạc","[""xã kỳ lạc"",""x.kỳ lạc"",""x kỳ lạc"",""kỳ lạc"",""ky lac"",""xa ky lac"",""xakylac"",""kylac""]",ACTIVE
GHN_ADMIN_2025,2,1004661,1004661,,1000029,"Xã Kỳ Thượng","[""xã kỳ thượng"",""x.kỳ thượng"",""x kỳ thượng"",""kỳ thượng"",""ky thuong"",""xa ky thuong"",""xakythuong"",""kythuong""]",ACTIVE
GHN_ADMIN_2025,2,1004662,1004662,,1000029,"Xã Kỳ Văn","[""xã kỳ văn"",""x.kỳ văn"",""x kỳ văn"",""kỳ văn"",""ky van"",""xa ky van"",""xakyvan"",""kyvan""]",ACTIVE
GHN_ADMIN_2025,2,1004663,1004663,,1000029,"Xã Kỳ Xuân","[""xã kỳ xuân"",""x.kỳ xuân"",""x kỳ xuân"",""kỳ xuân"",""ky xuan"",""xa ky xuan"",""xakyxuan"",""kyxuan""]",ACTIVE
GHN_ADMIN_2025,2,1004664,1004664,,1000029,"Xã Cổ Đạm","[""xã cổ đạm"",""x.cổ đạm"",""x cổ đạm"",""cổ đạm"",""co dam"",""xa co dam"",""xacodam"",""codam""]",ACTIVE
GHN_ADMIN_2025,2,1004665,1004665,,1000029,"Xã Nghi Xuân","[""xã nghi xuân"",""x.nghi xuân"",""x nghi xuân"",""nghi xuân"",""nghi xuan"",""xa nghi xuan"",""xanghixuan"",""nghixuan""]",ACTIVE
GHN_ADMIN_2025,2,1004666,1004666,,1000029,"Xã Tiên Điền","[""xã tiên điền"",""x.tiên điền"",""x tiên điền"",""tiên điền"",""tien dien"",""xa tien dien"",""xatiendien"",""tiendien""]",ACTIVE
GHN_ADMIN_2025,2,1004667,1004667,,1000029,"Xã Đan Hải","[""xã đan hải"",""x.đan hải"",""x đan hải"",""đan hải"",""dan hai"",""xa dan hai"",""xadanhai"",""danhai""]",ACTIVE
GHN_ADMIN_2025,2,1004668,1004668,,1000029,"Xã Hồng Lộc","[""xã hồng lộc"",""x.hồng lộc"",""x hồng lộc"",""hồng lộc"",""hong loc"",""xa hong loc"",""xahongloc"",""hongloc""]",ACTIVE
GHN_ADMIN_2025,2,1004669,1004669,,1000029,"Xã Lộc Hà","[""xã lộc hà"",""x.lộc hà"",""x lộc hà"",""lộc hà"",""loc ha"",""xa loc ha"",""xalocha"",""locha""]",ACTIVE
GHN_ADMIN_2025,2,1004670,1004670,,1000029,"Xã Mai Phụ","[""xã mai phụ"",""x.mai phụ"",""x mai phụ"",""mai phụ"",""mai phu"",""xa mai phu"",""xamaiphu"",""maiphu""]",ACTIVE
GHN_ADMIN_2025,2,1004671,1004671,,1000029,"Xã Thạch Hà","[""xã thạch hà"",""x.thạch hà"",""x thạch hà"",""thạch hà"",""thach ha"",""xa thach ha"",""xathachha"",""thachha""]",ACTIVE
GHN_ADMIN_2025,2,1004672,1004672,,1000029,"Xã Thạch Xuân","[""xã thạch xuân"",""x.thạch xuân"",""x thạch xuân"",""thạch xuân"",""thach xuan"",""xa thach xuan"",""xathachxuan"",""thachxuan""]",ACTIVE
GHN_ADMIN_2025,2,1004673,1004673,,1000029,"Xã Toàn Lưu","[""xã toàn lưu"",""x.toàn lưu"",""x toàn lưu"",""toàn lưu"",""toan luu"",""xa toan luu"",""xatoanluu"",""toanluu""]",ACTIVE
GHN_ADMIN_2025,2,1004674,1004674,,1000029,"Xã Việt Xuyên","[""xã việt xuyên"",""x.việt xuyên"",""x việt xuyên"",""việt xuyên"",""viet xuyen"",""xa viet xuyen"",""xavietxuyen"",""vietxuyen""]",ACTIVE
GHN_ADMIN_2025,2,1004675,1004675,,1000029,"Xã Đông Kinh","[""xã đông kinh"",""x.đông kinh"",""x đông kinh"",""đông kinh"",""dong kinh"",""xa dong kinh"",""xadongkinh"",""dongkinh""]",ACTIVE
GHN_ADMIN_2025,2,1004676,1004676,,1000029,"Xã Mai Hoa","[""xã mai hoa"",""x.mai hoa"",""x mai hoa"",""mai hoa"",""xa mai hoa"",""xamaihoa"",""maihoa""]",ACTIVE
GHN_ADMIN_2025,2,1004677,1004677,,1000029,"Xã Thượng Đức","[""xã thượng đức"",""x.thượng đức"",""x thượng đức"",""thượng đức"",""thuong duc"",""xa thuong duc"",""xathuongduc"",""thuongduc""]",ACTIVE
GHN_ADMIN_2025,2,1004678,1004678,,1000029,"Xã Vũ Quang","[""xã vũ quang"",""x.vũ quang"",""x vũ quang"",""vũ quang"",""vu quang"",""xa vu quang"",""xavuquang"",""vuquang""]",ACTIVE
GHN_ADMIN_2025,2,1004679,1004679,,1000029,"Xã Đức Minh","[""xã đức minh"",""x.đức minh"",""x đức minh"",""đức minh"",""duc minh"",""xa duc minh"",""xaducminh"",""ducminh""]",ACTIVE
GHN_ADMIN_2025,2,1004680,1004680,,1000029,"Xã Đức Quang","[""xã đức quang"",""x.đức quang"",""x đức quang"",""đức quang"",""duc quang"",""xa duc quang"",""xaducquang"",""ducquang""]",ACTIVE
GHN_ADMIN_2025,2,1004681,1004681,,1000029,"Xã Đức Thịnh","[""xã đức thịnh"",""x.đức thịnh"",""x đức thịnh"",""đức thịnh"",""duc thinh"",""xa duc thinh"",""xaducthinh"",""ducthinh""]",ACTIVE
GHN_ADMIN_2025,2,1004682,1004682,,1000029,"Xã Đức Thọ","[""xã đức thọ"",""x.đức thọ"",""x đức thọ"",""đức thọ"",""duc tho"",""xa duc tho"",""xaductho"",""ductho""]",ACTIVE
GHN_ADMIN_2025,2,1004683,1004683,,1000029,"Xã Đức Đồng","[""xã đức đồng"",""x.đức đồng"",""x đức đồng"",""đức đồng"",""duc dong"",""xa duc dong"",""xaducdong"",""ducdong""]",ACTIVE
GHN_ADMIN_2025,2,1004684,1004684,,1000029,"Phường Hà Huy Tập","[""phường hà huy tập"",""p.hà huy tập"",""p hà huy tập"",""hà huy tập"",""ha huy tap"",""phuong ha huy tap"",""phuonghahuytap"",""hahuytap""]",ACTIVE
GHN_ADMIN_2025,2,1004685,1004685,,1000029,"Phường Thành Sen","[""phường thành sen"",""p.thành sen"",""p thành sen"",""thành sen"",""thanh sen"",""phuong thanh sen"",""phuongthanhsen"",""thanhsen""]",ACTIVE
GHN_ADMIN_2025,2,1004686,1004686,,1000029,"Phường Trần Phú","[""phường trần phú"",""p.trần phú"",""p trần phú"",""trần phú"",""tran phu"",""phuong tran phu"",""phuongtranphu"",""tranphu""]",ACTIVE
GHN_ADMIN_2025,2,1004687,1004687,,1000029,"Xã Cẩm Bình","[""xã cẩm bình"",""x.cẩm bình"",""x cẩm bình"",""cẩm bình"",""cam binh"",""xa cam binh"",""xacambinh"",""cambinh""]",ACTIVE
GHN_ADMIN_2025,2,1004688,1004688,,1000029,"Xã Thạch Khê","[""xã thạch khê"",""x.thạch khê"",""x thạch khê"",""thạch khê"",""thach khe"",""xa thach khe"",""xathachkhe"",""thachkhe""]",ACTIVE
GHN_ADMIN_2025,2,1004689,1004689,,1000029,"Xã Thạch Lạc","[""xã thạch lạc"",""x.thạch lạc"",""x thạch lạc"",""thạch lạc"",""thach lac"",""xa thach lac"",""xathachlac"",""thachlac""]",ACTIVE
GHN_ADMIN_2025,2,1004690,1004690,,1000029,"Xã Đồng Tiến","[""xã đồng tiến"",""x.đồng tiến"",""x đồng tiến"",""đồng tiến"",""dong tien"",""xa dong tien"",""xadongtien"",""dongtien""]",ACTIVE
GHN_ADMIN_2025,2,1004691,1004691,,1000029,"Phường Bắc Hồng Lĩnh","[""phường bắc hồng lĩnh"",""p.bắc hồng lĩnh"",""p bắc hồng lĩnh"",""bắc hồng lĩnh"",""bac hong linh"",""phuong bac hong linh"",""phuongbachonglinh"",""bachonglinh""]",ACTIVE
GHN_ADMIN_2025,2,1004692,1004692,,1000029,"Phường Nam Hồng Lĩnh","[""phường nam hồng lĩnh"",""p.nam hồng lĩnh"",""p nam hồng lĩnh"",""nam hồng lĩnh"",""nam hong linh"",""phuong nam hong linh"",""phuongnamhonglinh"",""namhonglinh""]",ACTIVE
GHN_ADMIN_2025,2,1004693,1004693,,1000029,"Phường Hoành Sơn","[""phường hoành sơn"",""p.hoành sơn"",""p hoành sơn"",""hoành sơn"",""hoanh son"",""phuong hoanh son"",""phuonghoanhson"",""hoanhson""]",ACTIVE
GHN_ADMIN_2025,2,1004694,1004694,,1000029,"Phường Hải Ninh","[""phường hải ninh"",""p.hải ninh"",""p hải ninh"",""hải ninh"",""hai ninh"",""phuong hai ninh"",""phuonghaininh"",""haininh""]",ACTIVE
GHN_ADMIN_2025,2,1004695,1004695,,1000029,"Phường Sông Trí","[""phường sông trí"",""p.sông trí"",""p sông trí"",""sông trí"",""song tri"",""phuong song tri"",""phuongsongtri"",""songtri""]",ACTIVE
GHN_ADMIN_2025,2,1004696,1004696,,1000029,"Phường Vũng Áng","[""phường vũng áng"",""p.vũng áng"",""p vũng áng"",""vũng áng"",""vung ang"",""phuong vung ang"",""phuongvungang"",""vungang""]",ACTIVE
GHN_ADMIN_2025,2,1004697,1004697,,1000014,"Xã Chiêm Hoá","[""xã chiêm hoá"",""x.chiêm hoá"",""x chiêm hoá"",""chiêm hoá"",""chiem hoa"",""xa chiem hoa"",""xachiemhoa"",""chiemhoa""]",ACTIVE
GHN_ADMIN_2025,2,1004698,1004698,,1000014,"Xã Hòa An","[""xã hòa an"",""x.hòa an"",""x hòa an"",""hòa an"",""hoa an"",""xa hoa an"",""xahoaan"",""hoaan""]",ACTIVE
GHN_ADMIN_2025,2,1004699,1004699,,1000014,"Xã Kim Bình","[""xã kim bình"",""x.kim bình"",""x kim bình"",""kim bình"",""kim binh"",""xa kim binh"",""xakimbinh"",""kimbinh""]",ACTIVE
GHN_ADMIN_2025,2,1004700,1004700,,1000014,"Xã Kiên Đài","[""xã kiên đài"",""x.kiên đài"",""x kiên đài"",""kiên đài"",""kien dai"",""xa kien dai"",""xakiendai"",""kiendai""]",ACTIVE
GHN_ADMIN_2025,2,1004701,1004701,,1000014,"Xã Tri Phú","[""xã tri phú"",""x.tri phú"",""x tri phú"",""tri phú"",""tri phu"",""xa tri phu"",""xatriphu"",""triphu""]",ACTIVE
GHN_ADMIN_2025,2,1004702,1004702,,1000014,"Xã Trung Hà","[""xã trung hà"",""x.trung hà"",""x trung hà"",""trung hà"",""trung ha"",""xa trung ha"",""xatrungha"",""trungha""]",ACTIVE
GHN_ADMIN_2025,2,1004703,1004703,,1000014,"Xã Tân An","[""xã tân an"",""x.tân an"",""x tân an"",""tân an"",""tan an"",""xa tan an"",""xatanan"",""tanan""]",ACTIVE
GHN_ADMIN_2025,2,1004704,1004704,,1000014,"Xã Tân Mỹ","[""xã tân mỹ"",""x.tân mỹ"",""x tân mỹ"",""tân mỹ"",""tan my"",""xa tan my"",""xatanmy"",""tanmy""]",ACTIVE
GHN_ADMIN_2025,2,1004705,1004705,,1000014,"Xã Yên Lập","[""xã yên lập"",""x.yên lập"",""x yên lập"",""yên lập"",""yen lap"",""xa yen lap"",""xayenlap"",""yenlap""]",ACTIVE
GHN_ADMIN_2025,2,1004706,1004706,,1000014,"Xã Yên Nguyên","[""xã yên nguyên"",""x.yên nguyên"",""x yên nguyên"",""yên nguyên"",""yen nguyen"",""xa yen nguyen"",""xayennguyen"",""yennguyen""]",ACTIVE
GHN_ADMIN_2025,2,1004707,1004707,,1000014,"Xã Bình Xa","[""xã bình xa"",""x.bình xa"",""x bình xa"",""bình xa"",""binh xa"",""xa binh xa"",""xabinhxa"",""binhxa""]",ACTIVE
GHN_ADMIN_2025,2,1004708,1004708,,1000014,"Xã Bạch Xa","[""xã bạch xa"",""x.bạch xa"",""x bạch xa"",""bạch xa"",""bach xa"",""xa bach xa"",""xabachxa"",""bachxa""]",ACTIVE
GHN_ADMIN_2025,2,1004709,1004709,,1000014,"Xã Hàm Yên","[""xã hàm yên"",""x.hàm yên"",""x hàm yên"",""hàm yên"",""ham yen"",""xa ham yen"",""xahamyen"",""hamyen""]",ACTIVE
GHN_ADMIN_2025,2,1004710,1004710,,1000014,"Xã Hùng Đức","[""xã hùng đức"",""x.hùng đức"",""x hùng đức"",""hùng đức"",""hung duc"",""xa hung duc"",""xahungduc"",""hungduc""]",ACTIVE
GHN_ADMIN_2025,2,1004711,1004711,,1000014,"Xã Phù Lưu","[""xã phù lưu"",""x.phù lưu"",""x phù lưu"",""phù lưu"",""phu luu"",""xa phu luu"",""xaphuluu"",""phuluu""]",ACTIVE
GHN_ADMIN_2025,2,1004712,1004712,,1000014,"Xã Thái Hòa","[""xã thái hòa"",""x.thái hòa"",""x thái hòa"",""thái hòa"",""thai hoa"",""xa thai hoa"",""xathaihoa"",""thaihoa""]",ACTIVE
GHN_ADMIN_2025,2,1004713,1004713,,1000014,"Xã Thái Sơn","[""xã thái sơn"",""x.thái sơn"",""x thái sơn"",""thái sơn"",""thai son"",""xa thai son"",""xathaison"",""thaison""]",ACTIVE
GHN_ADMIN_2025,2,1004714,1004714,,1000014,"Xã Yên Phú","[""xã yên phú"",""x.yên phú"",""x yên phú"",""yên phú"",""yen phu"",""xa yen phu"",""xayenphu"",""yenphu""]",ACTIVE
GHN_ADMIN_2025,2,1004715,1004715,,1000014,"Xã Bình An","[""xã bình an"",""x.bình an"",""x bình an"",""bình an"",""binh an"",""xa binh an"",""xabinhan"",""binhan""]",ACTIVE
GHN_ADMIN_2025,2,1004716,1004716,,1000014,"Xã Lâm Bình","[""xã lâm bình"",""x.lâm bình"",""x lâm bình"",""lâm bình"",""lam binh"",""xa lam binh"",""xalambinh"",""lambinh""]",ACTIVE
GHN_ADMIN_2025,2,1004717,1004717,,1000014,"Xã Minh Quang","[""xã minh quang"",""x.minh quang"",""x minh quang"",""minh quang"",""xa minh quang"",""xaminhquang"",""minhquang""]",ACTIVE
GHN_ADMIN_2025,2,1004718,1004718,,1000014,"Xã Thượng Lâm","[""xã thượng lâm"",""x.thượng lâm"",""x thượng lâm"",""thượng lâm"",""thuong lam"",""xa thuong lam"",""xathuonglam"",""thuonglam""]",ACTIVE
GHN_ADMIN_2025,2,1004719,1004719,,1000014,"Xã Côn Lôn","[""xã côn lôn"",""x.côn lôn"",""x côn lôn"",""côn lôn"",""con lon"",""xa con lon"",""xaconlon"",""conlon""]",ACTIVE
GHN_ADMIN_2025,2,1004720,1004720,,1000014,"Xã Hồng Thái","[""xã hồng thái"",""x.hồng thái"",""x hồng thái"",""hồng thái"",""hong thai"",""xa hong thai"",""xahongthai"",""hongthai""]",ACTIVE
GHN_ADMIN_2025,2,1004721,1004721,,1000014,"Xã Nà Hang","[""xã nà hang"",""x.nà hang"",""x nà hang"",""nà hang"",""na hang"",""xa na hang"",""xanahang"",""nahang""]",ACTIVE
GHN_ADMIN_2025,2,1004722,1004722,,1000014,"Xã Thượng Nông","[""xã thượng nông"",""x.thượng nông"",""x thượng nông"",""thượng nông"",""thuong nong"",""xa thuong nong"",""xathuongnong"",""thuongnong""]",ACTIVE
GHN_ADMIN_2025,2,1004723,1004723,,1000014,"Xã Yên Hoa","[""xã yên hoa"",""x.yên hoa"",""x yên hoa"",""yên hoa"",""yen hoa"",""xa yen hoa"",""xayenhoa"",""yenhoa""]",ACTIVE
GHN_ADMIN_2025,2,1004724,1004724,,1000014,"Xã Bình Ca","[""xã bình ca"",""x.bình ca"",""x bình ca"",""bình ca"",""binh ca"",""xa binh ca"",""xabinhca"",""binhca""]",ACTIVE
GHN_ADMIN_2025,2,1004725,1004725,,1000014,"Xã Hồng Sơn","[""xã hồng sơn"",""x.hồng sơn"",""x hồng sơn"",""hồng sơn"",""hong son"",""xa hong son"",""xahongson"",""hongson""]",ACTIVE
GHN_ADMIN_2025,2,1004726,1004726,,1000014,"Xã Minh Thanh","[""xã minh thanh"",""x.minh thanh"",""x minh thanh"",""minh thanh"",""xa minh thanh"",""xaminhthanh"",""minhthanh""]",ACTIVE
GHN_ADMIN_2025,2,1004727,1004727,,1000014,"Xã Phú Lương","[""xã phú lương"",""x.phú lương"",""x phú lương"",""phú lương"",""phu luong"",""xa phu luong"",""xaphuluong"",""phuluong""]",ACTIVE
GHN_ADMIN_2025,2,1004728,1004728,,1000014,"Xã Sơn Dương","[""xã sơn dương"",""x.sơn dương"",""x sơn dương"",""sơn dương"",""son duong"",""xa son duong"",""xasonduong"",""sonduong""]",ACTIVE
GHN_ADMIN_2025,2,1004729,1004729,,1000014,"Xã Sơn Thuỷ","[""xã sơn thuỷ"",""x.sơn thuỷ"",""x sơn thuỷ"",""sơn thuỷ"",""son thuy"",""xa son thuy"",""xasonthuy"",""sonthuy""]",ACTIVE
GHN_ADMIN_2025,2,1004730,1004730,,1000014,"Xã Trường Sinh","[""xã trường sinh"",""x.trường sinh"",""x trường sinh"",""trường sinh"",""truong sinh"",""xa truong sinh"",""xatruongsinh"",""truongsinh""]",ACTIVE
GHN_ADMIN_2025,2,1004731,1004731,,1000014,"Xã Tân Thanh","[""xã tân thanh"",""x.tân thanh"",""x tân thanh"",""tân thanh"",""tan thanh"",""xa tan thanh"",""xatanthanh"",""tanthanh""]",ACTIVE
GHN_ADMIN_2025,2,1004732,1004732,,1000014,"Xã Tân Trào","[""xã tân trào"",""x.tân trào"",""x tân trào"",""tân trào"",""tan trao"",""xa tan trao"",""xatantrao"",""tantrao""]",ACTIVE
GHN_ADMIN_2025,2,1004733,1004733,,1000014,"Xã Đông Thọ","[""xã đông thọ"",""x.đông thọ"",""x đông thọ"",""đông thọ"",""dong tho"",""xa dong tho"",""xadongtho"",""dongtho""]",ACTIVE
GHN_ADMIN_2025,2,1004734,1004734,,1000014,"Xã Hùng Lợi","[""xã hùng lợi"",""x.hùng lợi"",""x hùng lợi"",""hùng lợi"",""hung loi"",""xa hung loi"",""xahungloi"",""hungloi""]",ACTIVE
GHN_ADMIN_2025,2,1004735,1004735,,1000014,"Xã Kiến Thiết","[""xã kiến thiết"",""x.kiến thiết"",""x kiến thiết"",""kiến thiết"",""kien thiet"",""xa kien thiet"",""xakienthiet"",""kienthiet""]",ACTIVE
GHN_ADMIN_2025,2,1004736,1004736,,1000014,"Xã Lực Hành","[""xã lực hành"",""x.lực hành"",""x lực hành"",""lực hành"",""luc hanh"",""xa luc hanh"",""xaluchanh"",""luchanh""]",ACTIVE
GHN_ADMIN_2025,2,1004737,1004737,,1000014,"Xã Nhữ Khê","[""xã nhữ khê"",""x.nhữ khê"",""x nhữ khê"",""nhữ khê"",""nhu khe"",""xa nhu khe"",""xanhukhe"",""nhukhe""]",ACTIVE
GHN_ADMIN_2025,2,1004738,1004738,,1000014,"Xã Thái Bình","[""xã thái bình"",""x.thái bình"",""x thái bình"",""thái bình"",""thai binh"",""xa thai binh"",""xathaibinh"",""thaibinh""]",ACTIVE
GHN_ADMIN_2025,2,1004739,1004739,,1000014,"Xã Trung Sơn","[""xã trung sơn"",""x.trung sơn"",""x trung sơn"",""trung sơn"",""trung son"",""xa trung son"",""xatrungson"",""trungson""]",ACTIVE
GHN_ADMIN_2025,2,1004740,1004740,,1000014,"Xã Tân Long","[""xã tân long"",""x.tân long"",""x tân long"",""tân long"",""tan long"",""xa tan long"",""xatanlong"",""tanlong""]",ACTIVE
GHN_ADMIN_2025,2,1004741,1004741,,1000014,"Xã Xuân Vân","[""xã xuân vân"",""x.xuân vân"",""x xuân vân"",""xuân vân"",""xuan van"",""xa xuan van"",""xaxuanvan"",""xuanvan""]",ACTIVE
GHN_ADMIN_2025,2,1004742,1004742,,1000014,"Xã Yên Sơn","[""xã yên sơn"",""x.yên sơn"",""x yên sơn"",""yên sơn"",""yen son"",""xa yen son"",""xayenson"",""yenson""]",ACTIVE
GHN_ADMIN_2025,2,1004743,1004743,,1000014,"Phường An Tường","[""phường an tường"",""p.an tường"",""p an tường"",""an tường"",""an tuong"",""phuong an tuong"",""phuongantuong"",""antuong""]",ACTIVE
GHN_ADMIN_2025,2,1004744,1004744,,1000014,"Phường Bình Thuận","[""phường bình thuận"",""p.bình thuận"",""p bình thuận"",""bình thuận"",""binh thuan"",""phuong binh thuan"",""phuongbinhthuan"",""binhthuan""]",ACTIVE
GHN_ADMIN_2025,2,1004745,1004745,,1000014,"Phường Minh Xuân","[""phường minh xuân"",""p.minh xuân"",""p minh xuân"",""minh xuân"",""minh xuan"",""phuong minh xuan"",""phuongminhxuan"",""minhxuan""]",ACTIVE
GHN_ADMIN_2025,2,1004746,1004746,,1000014,"Phường Mỹ Lâm","[""phường mỹ lâm"",""p.mỹ lâm"",""p mỹ lâm"",""mỹ lâm"",""my lam"",""phuong my lam"",""phuongmylam"",""mylam""]",ACTIVE
GHN_ADMIN_2025,2,1004747,1004747,,1000014,"Phường Nông Tiến","[""phường nông tiến"",""p.nông tiến"",""p nông tiến"",""nông tiến"",""nong tien"",""phuong nong tien"",""phuongnongtien"",""nongtien""]",ACTIVE
GHN_ADMIN_2025,2,1004748,1004748,,1000014,"Xã Bắc Mê","[""xã bắc mê"",""x.bắc mê"",""x bắc mê"",""bắc mê"",""bac me"",""xa bac me"",""xabacme"",""bacme""]",ACTIVE
GHN_ADMIN_2025,2,1004749,1004749,,1000014,"Xã Giáp Trung","[""xã giáp trung"",""x.giáp trung"",""x giáp trung"",""giáp trung"",""giap trung"",""xa giap trung"",""xagiaptrung"",""giaptrung""]",ACTIVE
GHN_ADMIN_2025,2,1004750,1004750,,1000014,"Xã Minh Ngọc","[""xã minh ngọc"",""x.minh ngọc"",""x minh ngọc"",""minh ngọc"",""minh ngoc"",""xa minh ngoc"",""xaminhngoc"",""minhngoc""]",ACTIVE
GHN_ADMIN_2025,2,1004751,1004751,,1000014,"Xã Minh Sơn","[""xã minh sơn"",""x.minh sơn"",""x minh sơn"",""minh sơn"",""minh son"",""xa minh son"",""xaminhson"",""minhson""]",ACTIVE
GHN_ADMIN_2025,2,1004752,1004752,,1000014,"Xã Yên Cường","[""xã yên cường"",""x.yên cường"",""x yên cường"",""yên cường"",""yen cuong"",""xa yen cuong"",""xayencuong"",""yencuong""]",ACTIVE
GHN_ADMIN_2025,2,1004753,1004753,,1000014,"Xã Đường Hồng","[""xã đường hồng"",""x.đường hồng"",""x đường hồng"",""đường hồng"",""duong hong"",""xa duong hong"",""xaduonghong"",""duonghong""]",ACTIVE
GHN_ADMIN_2025,2,1004754,1004754,,1000014,"Xã Bắc Quang","[""xã bắc quang"",""x.bắc quang"",""x bắc quang"",""bắc quang"",""bac quang"",""xa bac quang"",""xabacquang"",""bacquang""]",ACTIVE
GHN_ADMIN_2025,2,1004755,1004755,,1000014,"Xã Bằng Hành","[""xã bằng hành"",""x.bằng hành"",""x bằng hành"",""bằng hành"",""bang hanh"",""xa bang hanh"",""xabanghanh"",""banghanh""]",ACTIVE
GHN_ADMIN_2025,2,1004756,1004756,,1000014,"Xã Hùng An","[""xã hùng an"",""x.hùng an"",""x hùng an"",""hùng an"",""hung an"",""xa hung an"",""xahungan"",""hungan""]",ACTIVE
GHN_ADMIN_2025,2,1004757,1004757,,1000014,"Xã Liên Hiệp","[""xã liên hiệp"",""x.liên hiệp"",""x liên hiệp"",""liên hiệp"",""lien hiep"",""xa lien hiep"",""xalienhiep"",""lienhiep""]",ACTIVE
GHN_ADMIN_2025,2,1004758,1004758,,1000014,"Xã Tân Quang","[""xã tân quang"",""x.tân quang"",""x tân quang"",""tân quang"",""tan quang"",""xa tan quang"",""xatanquang"",""tanquang""]",ACTIVE
GHN_ADMIN_2025,2,1004759,1004759,,1000014,"Xã Vĩnh Tuy","[""xã vĩnh tuy"",""x.vĩnh tuy"",""x vĩnh tuy"",""vĩnh tuy"",""vinh tuy"",""xa vinh tuy"",""xavinhtuy"",""vinhtuy""]",ACTIVE
GHN_ADMIN_2025,2,1004760,1004760,,1000014,"Xã Đồng Tâm","[""xã đồng tâm"",""x.đồng tâm"",""x đồng tâm"",""đồng tâm"",""dong tam"",""xa dong tam"",""xadongtam"",""dongtam""]",ACTIVE
GHN_ADMIN_2025,2,1004761,1004761,,1000014,"Xã Đồng Yên","[""xã đồng yên"",""x.đồng yên"",""x đồng yên"",""đồng yên"",""dong yen"",""xa dong yen"",""xadongyen"",""dongyen""]",ACTIVE
GHN_ADMIN_2025,2,1004762,1004762,,1000014,"Xã Bản Máy","[""xã bản máy"",""x.bản máy"",""x bản máy"",""bản máy"",""ban may"",""xa ban may"",""xabanmay"",""banmay""]",ACTIVE
GHN_ADMIN_2025,2,1004763,1004763,,1000014,"Xã Hoàng Su Phì","[""xã hoàng su phì"",""x.hoàng su phì"",""x hoàng su phì"",""hoàng su phì"",""hoang su phi"",""xa hoang su phi"",""xahoangsuphi"",""hoangsuphi""]",ACTIVE
GHN_ADMIN_2025,2,1004764,1004764,,1000014,"Xã Hồ Thầu","[""xã hồ thầu"",""x.hồ thầu"",""x hồ thầu"",""hồ thầu"",""ho thau"",""xa ho thau"",""xahothau"",""hothau""]",ACTIVE
GHN_ADMIN_2025,2,1004765,1004765,,1000014,"Xã Nậm Dịch","[""xã nậm dịch"",""x.nậm dịch"",""x nậm dịch"",""nậm dịch"",""nam dich"",""xa nam dich"",""xanamdich"",""namdich""]",ACTIVE
GHN_ADMIN_2025,2,1004766,1004766,,1000014,"Xã Pờ Ly Ngài","[""xã pờ ly ngài"",""x.pờ ly ngài"",""x pờ ly ngài"",""pờ ly ngài"",""po ly ngai"",""xa po ly ngai"",""xapolyngai"",""polyngai""]",ACTIVE
GHN_ADMIN_2025,2,1004767,1004767,,1000014,"Xã Thàng Tín","[""xã thàng tín"",""x.thàng tín"",""x thàng tín"",""thàng tín"",""thang tin"",""xa thang tin"",""xathangtin"",""thangtin""]",ACTIVE
GHN_ADMIN_2025,2,1004768,1004768,,1000014,"Xã Thông Nguyên","[""xã thông nguyên"",""x.thông nguyên"",""x thông nguyên"",""thông nguyên"",""thong nguyen"",""xa thong nguyen"",""xathongnguyen"",""thongnguyen""]",ACTIVE
GHN_ADMIN_2025,2,1004769,1004769,,1000014,"Xã Tân Tiến","[""xã tân tiến"",""x.tân tiến"",""x tân tiến"",""tân tiến"",""tan tien"",""xa tan tien"",""xatantien"",""tantien""]",ACTIVE
GHN_ADMIN_2025,2,1004770,1004770,,1000014,"Xã Khâu Vai","[""xã khâu vai"",""x.khâu vai"",""x khâu vai"",""khâu vai"",""khau vai"",""xa khau vai"",""xakhauvai"",""khauvai""]",ACTIVE
GHN_ADMIN_2025,2,1004771,1004771,,1000014,"Xã Mèo Vạc","[""xã mèo vạc"",""x.mèo vạc"",""x mèo vạc"",""mèo vạc"",""meo vac"",""xa meo vac"",""xameovac"",""meovac""]",ACTIVE
GHN_ADMIN_2025,2,1004772,1004772,,1000014,"Xã Niêm Sơn","[""xã niêm sơn"",""x.niêm sơn"",""x niêm sơn"",""niêm sơn"",""niem son"",""xa niem son"",""xaniemson"",""niemson""]",ACTIVE
GHN_ADMIN_2025,2,1004773,1004773,,1000014,"Xã Sơn Vĩ","[""xã sơn vĩ"",""x.sơn vĩ"",""x sơn vĩ"",""sơn vĩ"",""son vi"",""xa son vi"",""xasonvi"",""sonvi""]",ACTIVE
GHN_ADMIN_2025,2,1004774,1004774,,1000014,"Xã Sủng Máng","[""xã sủng máng"",""x.sủng máng"",""x sủng máng"",""sủng máng"",""sung mang"",""xa sung mang"",""xasungmang"",""sungmang""]",ACTIVE
GHN_ADMIN_2025,2,1004775,1004775,,1000014,"Xã Tát Ngà","[""xã tát ngà"",""x.tát ngà"",""x tát ngà"",""tát ngà"",""tat nga"",""xa tat nga"",""xatatnga"",""tatnga""]",ACTIVE
GHN_ADMIN_2025,2,1004776,1004776,,1000014,"Xã Bằng Lang","[""xã bằng lang"",""x.bằng lang"",""x bằng lang"",""bằng lang"",""bang lang"",""xa bang lang"",""xabanglang"",""banglang""]",ACTIVE
GHN_ADMIN_2025,2,1004777,1004777,,1000014,"Xã Quang Bình","[""xã quang bình"",""x.quang bình"",""x quang bình"",""quang bình"",""quang binh"",""xa quang binh"",""xaquangbinh"",""quangbinh""]",ACTIVE
GHN_ADMIN_2025,2,1004778,1004778,,1000014,"Xã Tiên Nguyên","[""xã tiên nguyên"",""x.tiên nguyên"",""x tiên nguyên"",""tiên nguyên"",""tien nguyen"",""xa tien nguyen"",""xatiennguyen"",""tiennguyen""]",ACTIVE
GHN_ADMIN_2025,2,1004779,1004779,,1000014,"Xã Tiên Yên","[""xã tiên yên"",""x.tiên yên"",""x tiên yên"",""tiên yên"",""tien yen"",""xa tien yen"",""xatienyen"",""tienyen""]",ACTIVE
GHN_ADMIN_2025,2,1004780,1004780,,1000014,"Xã Tân Trịnh","[""xã tân trịnh"",""x.tân trịnh"",""x tân trịnh"",""tân trịnh"",""tan trinh"",""xa tan trinh"",""xatantrinh"",""tantrinh""]",ACTIVE
GHN_ADMIN_2025,2,1004781,1004781,,1000014,"Xã Xuân Giang","[""xã xuân giang"",""x.xuân giang"",""x xuân giang"",""xuân giang"",""xuan giang"",""xa xuan giang"",""xaxuangiang"",""xuangiang""]",ACTIVE
GHN_ADMIN_2025,2,1004782,1004782,,1000014,"Xã Yên Thành","[""xã yên thành"",""x.yên thành"",""x yên thành"",""yên thành"",""yen thanh"",""xa yen thanh"",""xayenthanh"",""yenthanh""]",ACTIVE
GHN_ADMIN_2025,2,1004783,1004783,,1000014,"Xã Cán Tỷ","[""xã cán tỷ"",""x.cán tỷ"",""x cán tỷ"",""cán tỷ"",""can ty"",""xa can ty"",""xacanty"",""canty""]",ACTIVE
GHN_ADMIN_2025,2,1004784,1004784,,1000014,"Xã Lùng Tám","[""xã lùng tám"",""x.lùng tám"",""x lùng tám"",""lùng tám"",""lung tam"",""xa lung tam"",""xalungtam"",""lungtam""]",ACTIVE
GHN_ADMIN_2025,2,1004785,1004785,,1000014,"Xã Nghĩa Thuận","[""xã nghĩa thuận"",""x.nghĩa thuận"",""x nghĩa thuận"",""nghĩa thuận"",""nghia thuan"",""xa nghia thuan"",""xanghiathuan"",""nghiathuan""]",ACTIVE
GHN_ADMIN_2025,2,1004786,1004786,,1000014,"Xã Quản Bạ","[""xã quản bạ"",""x.quản bạ"",""x quản bạ"",""quản bạ"",""quan ba"",""xa quan ba"",""xaquanba"",""quanba""]",ACTIVE
GHN_ADMIN_2025,2,1004787,1004787,,1000014,"Xã Tùng Vài","[""xã tùng vài"",""x.tùng vài"",""x tùng vài"",""tùng vài"",""tung vai"",""xa tung vai"",""xatungvai"",""tungvai""]",ACTIVE
GHN_ADMIN_2025,2,1004788,1004788,,1000014,"Xã Bạch Ngọc","[""xã bạch ngọc"",""x.bạch ngọc"",""x bạch ngọc"",""bạch ngọc"",""bach ngoc"",""xa bach ngoc"",""xabachngoc"",""bachngoc""]",ACTIVE
GHN_ADMIN_2025,2,1004789,1004789,,1000014,"Xã Cao Bồ","[""xã cao bồ"",""x.cao bồ"",""x cao bồ"",""cao bồ"",""cao bo"",""xa cao bo"",""xacaobo"",""caobo""]",ACTIVE
GHN_ADMIN_2025,2,1004790,1004790,,1000014,"Xã Lao Chải","[""xã lao chải"",""x.lao chải"",""x lao chải"",""lao chải"",""lao chai"",""xa lao chai"",""xalaochai"",""laochai""]",ACTIVE
GHN_ADMIN_2025,2,1004791,1004791,,1000014,"Xã Linh Hồ","[""xã linh hồ"",""x.linh hồ"",""x linh hồ"",""linh hồ"",""linh ho"",""xa linh ho"",""xalinhho"",""linhho""]",ACTIVE
GHN_ADMIN_2025,2,1004792,1004792,,1000014,"Xã Minh Tân","[""xã minh tân"",""x.minh tân"",""x minh tân"",""minh tân"",""minh tan"",""xa minh tan"",""xaminhtan"",""minhtan""]",ACTIVE
GHN_ADMIN_2025,2,1004793,1004793,,1000014,"Xã Phú Linh","[""xã phú linh"",""x.phú linh"",""x phú linh"",""phú linh"",""phu linh"",""xa phu linh"",""xaphulinh"",""phulinh""]",ACTIVE
GHN_ADMIN_2025,2,1004794,1004794,,1000014,"Xã Thanh Thủy","[""xã thanh thủy"",""x.thanh thủy"",""x thanh thủy"",""thanh thủy"",""thanh thuy"",""xa thanh thuy"",""xathanhthuy"",""thanhthuy""]",ACTIVE
GHN_ADMIN_2025,2,1004795,1004795,,1000014,"Xã Thuận Hòa","[""xã thuận hòa"",""x.thuận hòa"",""x thuận hòa"",""thuận hòa"",""thuan hoa"",""xa thuan hoa"",""xathuanhoa"",""thuanhoa""]",ACTIVE
GHN_ADMIN_2025,2,1004796,1004796,,1000014,"Xã Thượng Sơn","[""xã thượng sơn"",""x.thượng sơn"",""x thượng sơn"",""thượng sơn"",""thuong son"",""xa thuong son"",""xathuongson"",""thuongson""]",ACTIVE
GHN_ADMIN_2025,2,1004797,1004797,,1000014,"Xã Tùng Bá","[""xã tùng bá"",""x.tùng bá"",""x tùng bá"",""tùng bá"",""tung ba"",""xa tung ba"",""xatungba"",""tungba""]",ACTIVE
GHN_ADMIN_2025,2,1004798,1004798,,1000014,"Xã Việt Lâm","[""xã việt lâm"",""x.việt lâm"",""x việt lâm"",""việt lâm"",""viet lam"",""xa viet lam"",""xavietlam"",""vietlam""]",ACTIVE
GHN_ADMIN_2025,2,1004799,1004799,,1000014,"Xã Vị Xuyên","[""xã vị xuyên"",""x.vị xuyên"",""x vị xuyên"",""vị xuyên"",""vi xuyen"",""xa vi xuyen"",""xavixuyen"",""vixuyen""]",ACTIVE
GHN_ADMIN_2025,2,1004800,1004800,,1000014,"Xã Khuôn Lùng","[""xã khuôn lùng"",""x.khuôn lùng"",""x khuôn lùng"",""khuôn lùng"",""khuon lung"",""xa khuon lung"",""xakhuonlung"",""khuonlung""]",ACTIVE
GHN_ADMIN_2025,2,1004801,1004801,,1000014,"Xã Nấm Dẩn","[""xã nấm dẩn"",""x.nấm dẩn"",""x nấm dẩn"",""nấm dẩn"",""nam dan"",""xa nam dan"",""xanamdan"",""namdan""]",ACTIVE
GHN_ADMIN_2025,2,1004802,1004802,,1000014,"Xã Pà Vầy Sủ","[""xã pà vầy sủ"",""x.pà vầy sủ"",""x pà vầy sủ"",""pà vầy sủ"",""pa vay su"",""xa pa vay su"",""xapavaysu"",""pavaysu""]",ACTIVE
GHN_ADMIN_2025,2,1004803,1004803,,1000014,"Xã Quảng Nguyên","[""xã quảng nguyên"",""x.quảng nguyên"",""x quảng nguyên"",""quảng nguyên"",""quang nguyen"",""xa quang nguyen"",""xaquangnguyen"",""quangnguyen""]",ACTIVE
GHN_ADMIN_2025,2,1004804,1004804,,1000014,"Xã Trung Thịnh","[""xã trung thịnh"",""x.trung thịnh"",""x trung thịnh"",""trung thịnh"",""trung thinh"",""xa trung thinh"",""xatrungthinh"",""trungthinh""]",ACTIVE
GHN_ADMIN_2025,2,1004805,1004805,,1000014,"Xã Xín Mần","[""xã xín mần"",""x.xín mần"",""x xín mần"",""xín mần"",""xin man"",""xa xin man"",""xaxinman"",""xinman""]",ACTIVE
GHN_ADMIN_2025,2,1004806,1004806,,1000014,"Xã Bạch Đích","[""xã bạch đích"",""x.bạch đích"",""x bạch đích"",""bạch đích"",""bach dich"",""xa bach dich"",""xabachdich"",""bachdich""]",ACTIVE
GHN_ADMIN_2025,2,1004807,1004807,,1000014,"Xã Du Già","[""xã du già"",""x.du già"",""x du già"",""du già"",""du gia"",""xa du gia"",""xadugia"",""dugia""]",ACTIVE
GHN_ADMIN_2025,2,1004808,1004808,,1000014,"Xã Mậu Duệ","[""xã mậu duệ"",""x.mậu duệ"",""x mậu duệ"",""mậu duệ"",""mau due"",""xa mau due"",""xamaudue"",""maudue""]",ACTIVE
GHN_ADMIN_2025,2,1004809,1004809,,1000014,"Xã Ngọc Long","[""xã ngọc long"",""x.ngọc long"",""x ngọc long"",""ngọc long"",""ngoc long"",""xa ngoc long"",""xangoclong"",""ngoclong""]",ACTIVE
GHN_ADMIN_2025,2,1004810,1004810,,1000014,"Xã Thắng Mố","[""xã thắng mố"",""x.thắng mố"",""x thắng mố"",""thắng mố"",""thang mo"",""xa thang mo"",""xathangmo"",""thangmo""]",ACTIVE
GHN_ADMIN_2025,2,1004811,1004811,,1000014,"Xã Yên Minh","[""xã yên minh"",""x.yên minh"",""x yên minh"",""yên minh"",""yen minh"",""xa yen minh"",""xayenminh"",""yenminh""]",ACTIVE
GHN_ADMIN_2025,2,1004812,1004812,,1000014,"Xã Đường Thượng","[""xã đường thượng"",""x.đường thượng"",""x đường thượng"",""đường thượng"",""duong thuong"",""xa duong thuong"",""xaduongthuong"",""duongthuong""]",ACTIVE
GHN_ADMIN_2025,2,1004813,1004813,,1000014,"Xã Lũng Cú","[""xã lũng cú"",""x.lũng cú"",""x lũng cú"",""lũng cú"",""lung cu"",""xa lung cu"",""xalungcu"",""lungcu""]",ACTIVE
GHN_ADMIN_2025,2,1004814,1004814,,1000014,"Xã Lũng Phìn","[""xã lũng phìn"",""x.lũng phìn"",""x lũng phìn"",""lũng phìn"",""lung phin"",""xa lung phin"",""xalungphin"",""lungphin""]",ACTIVE
GHN_ADMIN_2025,2,1004815,1004815,,1000014,"Xã Phố Bảng","[""xã phố bảng"",""x.phố bảng"",""x phố bảng"",""phố bảng"",""pho bang"",""xa pho bang"",""xaphobang"",""phobang""]",ACTIVE
GHN_ADMIN_2025,2,1004816,1004816,,1000014,"Xã Sà Phìn","[""xã sà phìn"",""x.sà phìn"",""x sà phìn"",""sà phìn"",""sa phin"",""xa sa phin"",""xasaphin"",""saphin""]",ACTIVE
GHN_ADMIN_2025,2,1004817,1004817,,1000014,"Xã Đồng Văn","[""xã đồng văn"",""x.đồng văn"",""x đồng văn"",""đồng văn"",""dong van"",""xa dong van"",""xadongvan"",""dongvan""]",ACTIVE
GHN_ADMIN_2025,2,1004818,1004818,,1000014,"Phường Hà Giang 1","[""phường hà giang 1"",""p.hà giang 1"",""p hà giang 1"",""hà giang 1"",""ha giang 1"",""phuong ha giang 1"",""phuonghagiang"",""hagiang1""]",ACTIVE
GHN_ADMIN_2025,2,1004819,1004819,,1000014,"Phường Hà Giang 2","[""phường hà giang 2"",""p.hà giang 2"",""p hà giang 2"",""hà giang 2"",""ha giang 2"",""phuong ha giang 2"",""phuonghagiang"",""hagiang2""]",ACTIVE
GHN_ADMIN_2025,2,1004820,1004820,,1000014,"Xã Ngọc Đường","[""xã ngọc đường"",""x.ngọc đường"",""x ngọc đường"",""ngọc đường"",""ngoc duong"",""xa ngoc duong"",""xangocduong"",""ngocduong""]",ACTIVE
GHN_ADMIN_2025,2,1004821,1004821,,1000024,"Xã A Mú Sung","[""xã a mú sung"",""x.a mú sung"",""x a mú sung"",""a mú sung"",""a mu sung"",""xa a mu sung"",""xaamusung"",""amusung""]",ACTIVE
GHN_ADMIN_2025,2,1004822,1004822,,1000024,"Xã Bát Xát","[""xã bát xát"",""x.bát xát"",""x bát xát"",""bát xát"",""bat xat"",""xa bat xat"",""xabatxat"",""batxat""]",ACTIVE
GHN_ADMIN_2025,2,1004823,1004823,,1000024,"Xã Bản Xèo","[""xã bản xèo"",""x.bản xèo"",""x bản xèo"",""bản xèo"",""ban xeo"",""xa ban xeo"",""xabanxeo"",""banxeo""]",ACTIVE
GHN_ADMIN_2025,2,1004824,1004824,,1000024,"Xã Dền Sáng","[""xã dền sáng"",""x.dền sáng"",""x dền sáng"",""dền sáng"",""den sang"",""xa den sang"",""xadensang"",""densang""]",ACTIVE
GHN_ADMIN_2025,2,1004825,1004825,,1000024,"Xã Mường Hum","[""xã mường hum"",""x.mường hum"",""x mường hum"",""mường hum"",""muong hum"",""xa muong hum"",""xamuonghum"",""muonghum""]",ACTIVE
GHN_ADMIN_2025,2,1004826,1004826,,1000024,"Xã Trịnh Tường","[""xã trịnh tường"",""x.trịnh tường"",""x trịnh tường"",""trịnh tường"",""trinh tuong"",""xa trinh tuong"",""xatrinhtuong"",""trinhtuong""]",ACTIVE
GHN_ADMIN_2025,2,1004827,1004827,,1000024,"Xã Y Tý","[""xã y tý"",""x.y tý"",""x y tý"",""y tý"",""y ty"",""xa y ty"",""xayty"",""yty""]",ACTIVE
GHN_ADMIN_2025,2,1004828,1004828,,1000024,"Xã Bảo Thắng","[""xã bảo thắng"",""x.bảo thắng"",""x bảo thắng"",""bảo thắng"",""bao thang"",""xa bao thang"",""xabaothang"",""baothang""]",ACTIVE
GHN_ADMIN_2025,2,1004829,1004829,,1000024,"Xã Gia Phú","[""xã gia phú"",""x.gia phú"",""x gia phú"",""gia phú"",""gia phu"",""xa gia phu"",""xagiaphu"",""giaphu""]",ACTIVE
GHN_ADMIN_2025,2,1004830,1004830,,1000024,"Xã Phong Hải","[""xã phong hải"",""x.phong hải"",""x phong hải"",""phong hải"",""phong hai"",""xa phong hai"",""xaphonghai"",""phonghai""]",ACTIVE
GHN_ADMIN_2025,2,1004831,1004831,,1000024,"Xã Tằng Loỏng","[""xã tằng loỏng"",""x.tằng loỏng"",""x tằng loỏng"",""tằng loỏng"",""tang loong"",""xa tang loong"",""xatangloong"",""tangloong""]",ACTIVE
GHN_ADMIN_2025,2,1004832,1004832,,1000024,"Xã Xuân Quang","[""xã xuân quang"",""x.xuân quang"",""x xuân quang"",""xuân quang"",""xuan quang"",""xa xuan quang"",""xaxuanquang"",""xuanquang""]",ACTIVE
GHN_ADMIN_2025,2,1004833,1004833,,1000024,"Xã Bảo Hà","[""xã bảo hà"",""x.bảo hà"",""x bảo hà"",""bảo hà"",""bao ha"",""xa bao ha"",""xabaoha"",""baoha""]",ACTIVE
GHN_ADMIN_2025,2,1004834,1004834,,1000024,"Xã Bảo Yên","[""xã bảo yên"",""x.bảo yên"",""x bảo yên"",""bảo yên"",""bao yen"",""xa bao yen"",""xabaoyen"",""baoyen""]",ACTIVE
GHN_ADMIN_2025,2,1004835,1004835,,1000024,"Xã Nghĩa Đô","[""xã nghĩa đô"",""x.nghĩa đô"",""x nghĩa đô"",""nghĩa đô"",""nghia do"",""xa nghia do"",""xanghiado"",""nghiado""]",ACTIVE
GHN_ADMIN_2025,2,1004836,1004836,,1000024,"Xã Phúc Khánh","[""xã phúc khánh"",""x.phúc khánh"",""x phúc khánh"",""phúc khánh"",""phuc khanh"",""xa phuc khanh"",""xaphuckhanh"",""phuckhanh""]",ACTIVE
GHN_ADMIN_2025,2,1004837,1004837,,1000024,"Xã Thượng Hà","[""xã thượng hà"",""x.thượng hà"",""x thượng hà"",""thượng hà"",""thuong ha"",""xa thuong ha"",""xathuongha"",""thuongha""]",ACTIVE
GHN_ADMIN_2025,2,1004838,1004838,,1000024,"Xã Xuân Hòa","[""xã xuân hòa"",""x.xuân hòa"",""x xuân hòa"",""xuân hòa"",""xuan hoa"",""xa xuan hoa"",""xaxuanhoa"",""xuanhoa""]",ACTIVE
GHN_ADMIN_2025,2,1004839,1004839,,1000024,"Xã Bản Liền","[""xã bản liền"",""x.bản liền"",""x bản liền"",""bản liền"",""ban lien"",""xa ban lien"",""xabanlien"",""banlien""]",ACTIVE
GHN_ADMIN_2025,2,1004840,1004840,,1000024,"Xã Bảo Nhai","[""xã bảo nhai"",""x.bảo nhai"",""x bảo nhai"",""bảo nhai"",""bao nhai"",""xa bao nhai"",""xabaonhai"",""baonhai""]",ACTIVE
GHN_ADMIN_2025,2,1004841,1004841,,1000024,"Xã Bắc Hà","[""xã bắc hà"",""x.bắc hà"",""x bắc hà"",""bắc hà"",""bac ha"",""xa bac ha"",""xabacha"",""bacha""]",ACTIVE
GHN_ADMIN_2025,2,1004842,1004842,,1000024,"Xã Cốc Lầu","[""xã cốc lầu"",""x.cốc lầu"",""x cốc lầu"",""cốc lầu"",""coc lau"",""xa coc lau"",""xacoclau"",""coclau""]",ACTIVE
GHN_ADMIN_2025,2,1004843,1004843,,1000024,"Xã Lùng Phình","[""xã lùng phình"",""x.lùng phình"",""x lùng phình"",""lùng phình"",""lung phinh"",""xa lung phinh"",""xalungphinh"",""lungphinh""]",ACTIVE
GHN_ADMIN_2025,2,1004844,1004844,,1000024,"Xã Tả Củ Tỷ","[""xã tả củ tỷ"",""x.tả củ tỷ"",""x tả củ tỷ"",""tả củ tỷ"",""ta cu ty"",""xa ta cu ty"",""xatacuty"",""tacuty""]",ACTIVE
GHN_ADMIN_2025,2,1004845,1004845,,1000024,"Xã Bản Lầu","[""xã bản lầu"",""x.bản lầu"",""x bản lầu"",""bản lầu"",""ban lau"",""xa ban lau"",""xabanlau"",""banlau""]",ACTIVE
GHN_ADMIN_2025,2,1004846,1004846,,1000024,"Xã Cao Sơn","[""xã cao sơn"",""x.cao sơn"",""x cao sơn"",""cao sơn"",""cao son"",""xa cao son"",""xacaoson"",""caoson""]",ACTIVE
GHN_ADMIN_2025,2,1004847,1004847,,1000024,"Xã Mường Khương","[""xã mường khương"",""x.mường khương"",""x mường khương"",""mường khương"",""muong khuong"",""xa muong khuong"",""xamuongkhuong"",""muongkhuong""]",ACTIVE
GHN_ADMIN_2025,2,1004848,1004848,,1000024,"Xã Pha Long","[""xã pha long"",""x.pha long"",""x pha long"",""pha long"",""xa pha long"",""xaphalong"",""phalong""]",ACTIVE
GHN_ADMIN_2025,2,1004849,1004849,,1000024,"Xã Si Ma Cai","[""xã si ma cai"",""x.si ma cai"",""x si ma cai"",""si ma cai"",""xa si ma cai"",""xasimacai"",""simacai""]",ACTIVE
GHN_ADMIN_2025,2,1004850,1004850,,1000024,"Xã Sín Chéng","[""xã sín chéng"",""x.sín chéng"",""x sín chéng"",""sín chéng"",""sin cheng"",""xa sin cheng"",""xasincheng"",""sincheng""]",ACTIVE
GHN_ADMIN_2025,2,1004851,1004851,,1000024,"Xã Chiềng Ken","[""xã chiềng ken"",""x.chiềng ken"",""x chiềng ken"",""chiềng ken"",""chieng ken"",""xa chieng ken"",""xachiengken"",""chiengken""]",ACTIVE
GHN_ADMIN_2025,2,1004852,1004852,,1000024,"Xã Dương Quỳ","[""xã dương quỳ"",""x.dương quỳ"",""x dương quỳ"",""dương quỳ"",""duong quy"",""xa duong quy"",""xaduongquy"",""duongquy""]",ACTIVE
GHN_ADMIN_2025,2,1004853,1004853,,1000024,"Xã Khánh Yên","[""xã khánh yên"",""x.khánh yên"",""x khánh yên"",""khánh yên"",""khanh yen"",""xa khanh yen"",""xakhanhyen"",""khanhyen""]",ACTIVE
GHN_ADMIN_2025,2,1004854,1004854,,1000024,"Xã Minh Lương","[""xã minh lương"",""x.minh lương"",""x minh lương"",""minh lương"",""minh luong"",""xa minh luong"",""xaminhluong"",""minhluong""]",ACTIVE
GHN_ADMIN_2025,2,1004855,1004855,,1000024,"Xã Nậm Chày","[""xã nậm chày"",""x.nậm chày"",""x nậm chày"",""nậm chày"",""nam chay"",""xa nam chay"",""xanamchay"",""namchay""]",ACTIVE
GHN_ADMIN_2025,2,1004856,1004856,,1000024,"Xã Nậm Xé","[""xã nậm xé"",""x.nậm xé"",""x nậm xé"",""nậm xé"",""nam xe"",""xa nam xe"",""xanamxe"",""namxe""]",ACTIVE
GHN_ADMIN_2025,2,1004857,1004857,,1000024,"Xã Võ Lao","[""xã võ lao"",""x.võ lao"",""x võ lao"",""võ lao"",""vo lao"",""xa vo lao"",""xavolao"",""volao""]",ACTIVE
GHN_ADMIN_2025,2,1004858,1004858,,1000024,"Xã Văn Bàn","[""xã văn bàn"",""x.văn bàn"",""x văn bàn"",""văn bàn"",""van ban"",""xa van ban"",""xavanban"",""vanban""]",ACTIVE
GHN_ADMIN_2025,2,1004859,1004859,,1000024,"Phường Cam Đường","[""phường cam đường"",""p.cam đường"",""p cam đường"",""cam đường"",""cam duong"",""phuong cam duong"",""phuongcamduong"",""camduong""]",ACTIVE
GHN_ADMIN_2025,2,1004860,1004860,,1000024,"Phường Lào Cai","[""phường lào cai"",""p.lào cai"",""p lào cai"",""lào cai"",""lao cai"",""phuong lao cai"",""phuonglaocai"",""laocai""]",ACTIVE
GHN_ADMIN_2025,2,1004861,1004861,,1000024,"Xã Cốc San","[""xã cốc san"",""x.cốc san"",""x cốc san"",""cốc san"",""coc san"",""xa coc san"",""xacocsan"",""cocsan""]",ACTIVE
GHN_ADMIN_2025,2,1004862,1004862,,1000024,"Xã Hợp Thành","[""xã hợp thành"",""x.hợp thành"",""x hợp thành"",""hợp thành"",""hop thanh"",""xa hop thanh"",""xahopthanh"",""hopthanh""]",ACTIVE
GHN_ADMIN_2025,2,1004863,1004863,,1000024,"Phường Sa Pa","[""phường sa pa"",""p.sa pa"",""p sa pa"",""sa pa"",""phuong sa pa"",""phuongsapa"",""sapa""]",ACTIVE
GHN_ADMIN_2025,2,1004864,1004864,,1000024,"Xã Bản Hồ","[""xã bản hồ"",""x.bản hồ"",""x bản hồ"",""bản hồ"",""ban ho"",""xa ban ho"",""xabanho"",""banho""]",ACTIVE
GHN_ADMIN_2025,2,1004865,1004865,,1000024,"Xã Mường Bo","[""xã mường bo"",""x.mường bo"",""x mường bo"",""mường bo"",""muong bo"",""xa muong bo"",""xamuongbo"",""muongbo""]",ACTIVE
GHN_ADMIN_2025,2,1004866,1004866,,1000024,"Xã Ngũ Chỉ Sơn","[""xã ngũ chỉ sơn"",""x.ngũ chỉ sơn"",""x ngũ chỉ sơn"",""ngũ chỉ sơn"",""ngu chi son"",""xa ngu chi son"",""xanguchison"",""nguchison""]",ACTIVE
GHN_ADMIN_2025,2,1004867,1004867,,1000024,"Xã Tả Phìn","[""xã tả phìn"",""x.tả phìn"",""x tả phìn"",""tả phìn"",""ta phin"",""xa ta phin"",""xataphin"",""taphin""]",ACTIVE
GHN_ADMIN_2025,2,1004868,1004868,,1000024,"Xã Tả Van","[""xã tả van"",""x.tả van"",""x tả van"",""tả van"",""ta van"",""xa ta van"",""xatavan"",""tavan""]",ACTIVE
GHN_ADMIN_2025,2,1004869,1004869,,1000024,"Xã Khánh Hòa","[""xã khánh hòa"",""x.khánh hòa"",""x khánh hòa"",""khánh hòa"",""khanh hoa"",""xa khanh hoa"",""xakhanhhoa"",""khanhhoa""]",ACTIVE
GHN_ADMIN_2025,2,1004870,1004870,,1000024,"Xã Lâm Thượng","[""xã lâm thượng"",""x.lâm thượng"",""x lâm thượng"",""lâm thượng"",""lam thuong"",""xa lam thuong"",""xalamthuong"",""lamthuong""]",ACTIVE
GHN_ADMIN_2025,2,1004871,1004871,,1000024,"Xã Lục Yên","[""xã lục yên"",""x.lục yên"",""x lục yên"",""lục yên"",""luc yen"",""xa luc yen"",""xalucyen"",""lucyen""]",ACTIVE
GHN_ADMIN_2025,2,1004872,1004872,,1000024,"Xã Mường Lai","[""xã mường lai"",""x.mường lai"",""x mường lai"",""mường lai"",""muong lai"",""xa muong lai"",""xamuonglai"",""muonglai""]",ACTIVE
GHN_ADMIN_2025,2,1004873,1004873,,1000024,"Xã Phúc Lợi","[""xã phúc lợi"",""x.phúc lợi"",""x phúc lợi"",""phúc lợi"",""phuc loi"",""xa phuc loi"",""xaphucloi"",""phucloi""]",ACTIVE
GHN_ADMIN_2025,2,1004874,1004874,,1000024,"Xã Tân Lĩnh","[""xã tân lĩnh"",""x.tân lĩnh"",""x tân lĩnh"",""tân lĩnh"",""tan linh"",""xa tan linh"",""xatanlinh"",""tanlinh""]",ACTIVE
GHN_ADMIN_2025,2,1004875,1004875,,1000024,"Xã Chế Tạo","[""xã chế tạo"",""x.chế tạo"",""x chế tạo"",""chế tạo"",""che tao"",""xa che tao"",""xachetao"",""chetao""]",ACTIVE
GHN_ADMIN_2025,2,1004876,1004876,,1000024,"Xã Khao Mang","[""xã khao mang"",""x.khao mang"",""x khao mang"",""khao mang"",""xa khao mang"",""xakhaomang"",""khaomang""]",ACTIVE
GHN_ADMIN_2025,2,1004877,1004877,,1000024,"Xã Lao Chải","[""xã lao chải"",""x.lao chải"",""x lao chải"",""lao chải"",""lao chai"",""xa lao chai"",""xalaochai"",""laochai""]",ACTIVE
GHN_ADMIN_2025,2,1004878,1004878,,1000024,"Xã Mù Cang Chải","[""xã mù cang chải"",""x.mù cang chải"",""x mù cang chải"",""mù cang chải"",""mu cang chai"",""xa mu cang chai"",""xamucangchai"",""mucangchai""]",ACTIVE
GHN_ADMIN_2025,2,1004879,1004879,,1000024,"Xã Nậm Có","[""xã nậm có"",""x.nậm có"",""x nậm có"",""nậm có"",""nam co"",""xa nam co"",""xanamco"",""namco""]",ACTIVE
GHN_ADMIN_2025,2,1004880,1004880,,1000024,"Xã Púng Luông","[""xã púng luông"",""x.púng luông"",""x púng luông"",""púng luông"",""pung luong"",""xa pung luong"",""xapungluong"",""pungluong""]",ACTIVE
GHN_ADMIN_2025,2,1004881,1004881,,1000024,"Xã Tú Lệ","[""xã tú lệ"",""x.tú lệ"",""x tú lệ"",""tú lệ"",""tu le"",""xa tu le"",""xatule"",""tule""]",ACTIVE
GHN_ADMIN_2025,2,1004882,1004882,,1000024,"Xã Hạnh Phúc","[""xã hạnh phúc"",""x.hạnh phúc"",""x hạnh phúc"",""hạnh phúc"",""hanh phuc"",""xa hanh phuc"",""xahanhphuc"",""hanhphuc""]",ACTIVE
GHN_ADMIN_2025,2,1004883,1004883,,1000024,"Xã Phình Hồ","[""xã phình hồ"",""x.phình hồ"",""x phình hồ"",""phình hồ"",""phinh ho"",""xa phinh ho"",""xaphinhho"",""phinhho""]",ACTIVE
GHN_ADMIN_2025,2,1004884,1004884,,1000024,"Xã Trạm Tấu","[""xã trạm tấu"",""x.trạm tấu"",""x trạm tấu"",""trạm tấu"",""tram tau"",""xa tram tau"",""xatramtau"",""tramtau""]",ACTIVE
GHN_ADMIN_2025,2,1004885,1004885,,1000024,"Xã Tà Si Láng","[""xã tà si láng"",""x.tà si láng"",""x tà si láng"",""tà si láng"",""ta si lang"",""xa ta si lang"",""xatasilang"",""tasilang""]",ACTIVE
GHN_ADMIN_2025,2,1004886,1004886,,1000024,"Xã Hưng Khánh","[""xã hưng khánh"",""x.hưng khánh"",""x hưng khánh"",""hưng khánh"",""hung khanh"",""xa hung khanh"",""xahungkhanh"",""hungkhanh""]",ACTIVE
GHN_ADMIN_2025,2,1004887,1004887,,1000024,"Xã Lương Thịnh","[""xã lương thịnh"",""x.lương thịnh"",""x lương thịnh"",""lương thịnh"",""luong thinh"",""xa luong thinh"",""xaluongthinh"",""luongthinh""]",ACTIVE
GHN_ADMIN_2025,2,1004888,1004888,,1000024,"Xã Quy Mông","[""xã quy mông"",""x.quy mông"",""x quy mông"",""quy mông"",""quy mong"",""xa quy mong"",""xaquymong"",""quymong""]",ACTIVE
GHN_ADMIN_2025,2,1004889,1004889,,1000024,"Xã Trấn Yên","[""xã trấn yên"",""x.trấn yên"",""x trấn yên"",""trấn yên"",""tran yen"",""xa tran yen"",""xatranyen"",""tranyen""]",ACTIVE
GHN_ADMIN_2025,2,1004890,1004890,,1000024,"Xã Việt Hồng","[""xã việt hồng"",""x.việt hồng"",""x việt hồng"",""việt hồng"",""viet hong"",""xa viet hong"",""xaviethong"",""viethong""]",ACTIVE
GHN_ADMIN_2025,2,1004891,1004891,,1000024,"Xã Chấn Thịnh","[""xã chấn thịnh"",""x.chấn thịnh"",""x chấn thịnh"",""chấn thịnh"",""chan thinh"",""xa chan thinh"",""xachanthinh"",""chanthinh""]",ACTIVE
GHN_ADMIN_2025,2,1004892,1004892,,1000024,"Xã Cát Thịnh","[""xã cát thịnh"",""x.cát thịnh"",""x cát thịnh"",""cát thịnh"",""cat thinh"",""xa cat thinh"",""xacatthinh"",""catthinh""]",ACTIVE
GHN_ADMIN_2025,2,1004893,1004893,,1000024,"Xã Gia Hội","[""xã gia hội"",""x.gia hội"",""x gia hội"",""gia hội"",""gia hoi"",""xa gia hoi"",""xagiahoi"",""giahoi""]",ACTIVE
GHN_ADMIN_2025,2,1004894,1004894,,1000024,"Xã Nghĩa Tâm","[""xã nghĩa tâm"",""x.nghĩa tâm"",""x nghĩa tâm"",""nghĩa tâm"",""nghia tam"",""xa nghia tam"",""xanghiatam"",""nghiatam""]",ACTIVE
GHN_ADMIN_2025,2,1004895,1004895,,1000024,"Xã Sơn Lương","[""xã sơn lương"",""x.sơn lương"",""x sơn lương"",""sơn lương"",""son luong"",""xa son luong"",""xasonluong"",""sonluong""]",ACTIVE
GHN_ADMIN_2025,2,1004896,1004896,,1000024,"Xã Thượng Bằng La","[""xã thượng bằng la"",""x.thượng bằng la"",""x thượng bằng la"",""thượng bằng la"",""thuong bang la"",""xa thuong bang la"",""xathuongbangla"",""thuongbangla""]",ACTIVE
GHN_ADMIN_2025,2,1004897,1004897,,1000024,"Xã Văn Chấn","[""xã văn chấn"",""x.văn chấn"",""x văn chấn"",""văn chấn"",""van chan"",""xa van chan"",""xavanchan"",""vanchan""]",ACTIVE
GHN_ADMIN_2025,2,1004898,1004898,,1000024,"Xã Châu Quế","[""xã châu quế"",""x.châu quế"",""x châu quế"",""châu quế"",""chau que"",""xa chau que"",""xachauque"",""chauque""]",ACTIVE
GHN_ADMIN_2025,2,1004899,1004899,,1000024,"Xã Lâm Giang","[""xã lâm giang"",""x.lâm giang"",""x lâm giang"",""lâm giang"",""lam giang"",""xa lam giang"",""xalamgiang"",""lamgiang""]",ACTIVE
GHN_ADMIN_2025,2,1004900,1004900,,1000024,"Xã Mậu A","[""xã mậu a"",""x.mậu a"",""x mậu a"",""mậu a"",""mau a"",""xa mau a"",""xamaua"",""maua""]",ACTIVE
GHN_ADMIN_2025,2,1004901,1004901,,1000024,"Xã Mỏ Vàng","[""xã mỏ vàng"",""x.mỏ vàng"",""x mỏ vàng"",""mỏ vàng"",""mo vang"",""xa mo vang"",""xamovang"",""movang""]",ACTIVE
GHN_ADMIN_2025,2,1004902,1004902,,1000024,"Xã Phong Dụ Hạ","[""xã phong dụ hạ"",""x.phong dụ hạ"",""x phong dụ hạ"",""phong dụ hạ"",""phong du ha"",""xa phong du ha"",""xaphongduha"",""phongduha""]",ACTIVE
GHN_ADMIN_2025,2,1004903,1004903,,1000024,"Xã Phong Dụ Thượng","[""xã phong dụ thượng"",""x.phong dụ thượng"",""x phong dụ thượng"",""phong dụ thượng"",""phong du thuong"",""xa phong du thuong"",""xaphongduthuong"",""phongduthuong""]",ACTIVE
GHN_ADMIN_2025,2,1004904,1004904,,1000024,"Xã Tân Hợp","[""xã tân hợp"",""x.tân hợp"",""x tân hợp"",""tân hợp"",""tan hop"",""xa tan hop"",""xatanhop"",""tanhop""]",ACTIVE
GHN_ADMIN_2025,2,1004905,1004905,,1000024,"Xã Xuân Ái","[""xã xuân ái"",""x.xuân ái"",""x xuân ái"",""xuân ái"",""xuan ai"",""xa xuan ai"",""xaxuanai"",""xuanai""]",ACTIVE
GHN_ADMIN_2025,2,1004906,1004906,,1000024,"Xã Đông Cuông","[""xã đông cuông"",""x.đông cuông"",""x đông cuông"",""đông cuông"",""dong cuong"",""xa dong cuong"",""xadongcuong"",""dongcuong""]",ACTIVE
GHN_ADMIN_2025,2,1004907,1004907,,1000024,"Xã Bảo Ái","[""xã bảo ái"",""x.bảo ái"",""x bảo ái"",""bảo ái"",""bao ai"",""xa bao ai"",""xabaoai"",""baoai""]",ACTIVE
GHN_ADMIN_2025,2,1004908,1004908,,1000024,"Xã Cảm Nhân","[""xã cảm nhân"",""x.cảm nhân"",""x cảm nhân"",""cảm nhân"",""cam nhan"",""xa cam nhan"",""xacamnhan"",""camnhan""]",ACTIVE
GHN_ADMIN_2025,2,1004909,1004909,,1000024,"Xã Thác Bà","[""xã thác bà"",""x.thác bà"",""x thác bà"",""thác bà"",""thac ba"",""xa thac ba"",""xathacba"",""thacba""]",ACTIVE
GHN_ADMIN_2025,2,1004910,1004910,,1000024,"Xã Yên Bình","[""xã yên bình"",""x.yên bình"",""x yên bình"",""yên bình"",""yen binh"",""xa yen binh"",""xayenbinh"",""yenbinh""]",ACTIVE
GHN_ADMIN_2025,2,1004911,1004911,,1000024,"Xã Yên Thành","[""xã yên thành"",""x.yên thành"",""x yên thành"",""yên thành"",""yen thanh"",""xa yen thanh"",""xayenthanh"",""yenthanh""]",ACTIVE
GHN_ADMIN_2025,2,1004912,1004912,,1000024,"Phường Nam Cường","[""phường nam cường"",""p.nam cường"",""p nam cường"",""nam cường"",""nam cuong"",""phuong nam cuong"",""phuongnamcuong"",""namcuong""]",ACTIVE
GHN_ADMIN_2025,2,1004913,1004913,,1000024,"Phường Văn Phú","[""phường văn phú"",""p.văn phú"",""p văn phú"",""văn phú"",""van phu"",""phuong van phu"",""phuongvanphu"",""vanphu""]",ACTIVE
GHN_ADMIN_2025,2,1004914,1004914,,1000024,"Phường Yên Bái","[""phường yên bái"",""p.yên bái"",""p yên bái"",""yên bái"",""yen bai"",""phuong yen bai"",""phuongyenbai"",""yenbai""]",ACTIVE
GHN_ADMIN_2025,2,1004915,1004915,,1000024,"Phường Âu Lâu","[""phường âu lâu"",""p.âu lâu"",""p âu lâu"",""âu lâu"",""au lau"",""phuong au lau"",""phuongaulau"",""aulau""]",ACTIVE
GHN_ADMIN_2025,2,1004916,1004916,,1000024,"Phường Cầu Thia","[""phường cầu thia"",""p.cầu thia"",""p cầu thia"",""cầu thia"",""cau thia"",""phuong cau thia"",""phuongcauthia"",""cauthia""]",ACTIVE
GHN_ADMIN_2025,2,1004917,1004917,,1000024,"Phường Nghĩa Lộ","[""phường nghĩa lộ"",""p.nghĩa lộ"",""p nghĩa lộ"",""nghĩa lộ"",""nghia lo"",""phuong nghia lo"",""phuongnghialo"",""nghialo""]",ACTIVE
GHN_ADMIN_2025,2,1004918,1004918,,1000024,"Phường Trung Tâm","[""phường trung tâm"",""p.trung tâm"",""p trung tâm"",""trung tâm"",""trung tam"",""phuong trung tam"",""phuongtrungtam"",""trungtam""]",ACTIVE
GHN_ADMIN_2025,2,1004919,1004919,,1000024,"Xã Liên Sơn","[""xã liên sơn"",""x.liên sơn"",""x liên sơn"",""liên sơn"",""lien son"",""xa lien son"",""xalienson"",""lienson""]",ACTIVE
GHN_ADMIN_2025,2,1004920,1004920,,1000020,"Xã Kha Sơn","[""xã kha sơn"",""x.kha sơn"",""x kha sơn"",""kha sơn"",""kha son"",""xa kha son"",""xakhason"",""khason""]",ACTIVE
GHN_ADMIN_2025,2,1004921,1004921,,1000020,"Xã Phú Bình","[""xã phú bình"",""x.phú bình"",""x phú bình"",""phú bình"",""phu binh"",""xa phu binh"",""xaphubinh"",""phubinh""]",ACTIVE
GHN_ADMIN_2025,2,1004922,1004922,,1000020,"Xã Tân Khánh","[""xã tân khánh"",""x.tân khánh"",""x tân khánh"",""tân khánh"",""tan khanh"",""xa tan khanh"",""xatankhanh"",""tankhanh""]",ACTIVE
GHN_ADMIN_2025,2,1004923,1004923,,1000020,"Xã Tân Thành","[""xã tân thành"",""x.tân thành"",""x tân thành"",""tân thành"",""tan thanh"",""xa tan thanh"",""xatanthanh"",""tanthanh""]",ACTIVE
GHN_ADMIN_2025,2,1004924,1004924,,1000020,"Xã Điềm Thụy","[""xã điềm thụy"",""x.điềm thụy"",""x điềm thụy"",""điềm thụy"",""diem thuy"",""xa diem thuy"",""xadiemthuy"",""diemthuy""]",ACTIVE
GHN_ADMIN_2025,2,1004925,1004925,,1000020,"Xã Hợp Thành","[""xã hợp thành"",""x.hợp thành"",""x hợp thành"",""hợp thành"",""hop thanh"",""xa hop thanh"",""xahopthanh"",""hopthanh""]",ACTIVE
GHN_ADMIN_2025,2,1004926,1004926,,1000020,"Xã Phú Lương","[""xã phú lương"",""x.phú lương"",""x phú lương"",""phú lương"",""phu luong"",""xa phu luong"",""xaphuluong"",""phuluong""]",ACTIVE
GHN_ADMIN_2025,2,1004927,1004927,,1000020,"Xã Vô Tranh","[""xã vô tranh"",""x.vô tranh"",""x vô tranh"",""vô tranh"",""vo tranh"",""xa vo tranh"",""xavotranh"",""votranh""]",ACTIVE
GHN_ADMIN_2025,2,1004928,1004928,,1000020,"Xã Yên Trạch","[""xã yên trạch"",""x.yên trạch"",""x yên trạch"",""yên trạch"",""yen trach"",""xa yen trach"",""xayentrach"",""yentrach""]",ACTIVE
GHN_ADMIN_2025,2,1004929,1004929,,1000020,"Xã Dân Tiến","[""xã dân tiến"",""x.dân tiến"",""x dân tiến"",""dân tiến"",""dan tien"",""xa dan tien"",""xadantien"",""dantien""]",ACTIVE
GHN_ADMIN_2025,2,1004930,1004930,,1000020,"Xã La Hiên","[""xã la hiên"",""x.la hiên"",""x la hiên"",""la hiên"",""la hien"",""xa la hien"",""xalahien"",""lahien""]",ACTIVE
GHN_ADMIN_2025,2,1004931,1004931,,1000020,"Xã Nghinh Tường","[""xã nghinh tường"",""x.nghinh tường"",""x nghinh tường"",""nghinh tường"",""nghinh tuong"",""xa nghinh tuong"",""xanghinhtuong"",""nghinhtuong""]",ACTIVE
GHN_ADMIN_2025,2,1004932,1004932,,1000020,"Xã Sảng Mộc","[""xã sảng mộc"",""x.sảng mộc"",""x sảng mộc"",""sảng mộc"",""sang moc"",""xa sang moc"",""xasangmoc"",""sangmoc""]",ACTIVE
GHN_ADMIN_2025,2,1004933,1004933,,1000020,"Xã Thần Sa","[""xã thần sa"",""x.thần sa"",""x thần sa"",""thần sa"",""than sa"",""xa than sa"",""xathansa"",""thansa""]",ACTIVE
GHN_ADMIN_2025,2,1004934,1004934,,1000020,"Xã Tràng Xá","[""xã tràng xá"",""x.tràng xá"",""x tràng xá"",""tràng xá"",""trang xa"",""xa trang xa"",""xatrangxa"",""trangxa""]",ACTIVE
GHN_ADMIN_2025,2,1004935,1004935,,1000020,"Xã Võ Nhai","[""xã võ nhai"",""x.võ nhai"",""x võ nhai"",""võ nhai"",""vo nhai"",""xa vo nhai"",""xavonhai"",""vonhai""]",ACTIVE
GHN_ADMIN_2025,2,1004936,1004936,,1000020,"Xã An Khánh","[""xã an khánh"",""x.an khánh"",""x an khánh"",""an khánh"",""an khanh"",""xa an khanh"",""xaankhanh"",""ankhanh""]",ACTIVE
GHN_ADMIN_2025,2,1004937,1004937,,1000020,"Xã La Bằng","[""xã la bằng"",""x.la bằng"",""x la bằng"",""la bằng"",""la bang"",""xa la bang"",""xalabang"",""labang""]",ACTIVE
GHN_ADMIN_2025,2,1004938,1004938,,1000020,"Xã Phú Lạc","[""xã phú lạc"",""x.phú lạc"",""x phú lạc"",""phú lạc"",""phu lac"",""xa phu lac"",""xaphulac"",""phulac""]",ACTIVE
GHN_ADMIN_2025,2,1004939,1004939,,1000020,"Xã Phú Thịnh","[""xã phú thịnh"",""x.phú thịnh"",""x phú thịnh"",""phú thịnh"",""phu thinh"",""xa phu thinh"",""xaphuthinh"",""phuthinh""]",ACTIVE
GHN_ADMIN_2025,2,1004940,1004940,,1000020,"Xã Phú Xuyên","[""xã phú xuyên"",""x.phú xuyên"",""x phú xuyên"",""phú xuyên"",""phu xuyen"",""xa phu xuyen"",""xaphuxuyen"",""phuxuyen""]",ACTIVE
GHN_ADMIN_2025,2,1004941,1004941,,1000020,"Xã Quân Chu","[""xã quân chu"",""x.quân chu"",""x quân chu"",""quân chu"",""quan chu"",""xa quan chu"",""xaquanchu"",""quanchu""]",ACTIVE
GHN_ADMIN_2025,2,1004942,1004942,,1000020,"Xã Vạn Phú","[""xã vạn phú"",""x.vạn phú"",""x vạn phú"",""vạn phú"",""van phu"",""xa van phu"",""xavanphu"",""vanphu""]",ACTIVE
GHN_ADMIN_2025,2,1004943,1004943,,1000020,"Xã Đại Từ","[""xã đại từ"",""x.đại từ"",""x đại từ"",""đại từ"",""dai tu"",""xa dai tu"",""xadaitu"",""daitu""]",ACTIVE
GHN_ADMIN_2025,2,1004944,1004944,,1000020,"Xã Đức Lương","[""xã đức lương"",""x.đức lương"",""x đức lương"",""đức lương"",""duc luong"",""xa duc luong"",""xaducluong"",""ducluong""]",ACTIVE
GHN_ADMIN_2025,2,1004945,1004945,,1000020,"Xã Bình Thành","[""xã bình thành"",""x.bình thành"",""x bình thành"",""bình thành"",""binh thanh"",""xa binh thanh"",""xabinhthanh"",""binhthanh""]",ACTIVE
GHN_ADMIN_2025,2,1004946,1004946,,1000020,"Xã Bình Yên","[""xã bình yên"",""x.bình yên"",""x bình yên"",""bình yên"",""binh yen"",""xa binh yen"",""xabinhyen"",""binhyen""]",ACTIVE
GHN_ADMIN_2025,2,1004947,1004947,,1000020,"Xã Kim Phượng","[""xã kim phượng"",""x.kim phượng"",""x kim phượng"",""kim phượng"",""kim phuong"",""xa kim phuong"",""xakimphuong"",""kimphuong""]",ACTIVE
GHN_ADMIN_2025,2,1004948,1004948,,1000020,"Xã Lam Vỹ","[""xã lam vỹ"",""x.lam vỹ"",""x lam vỹ"",""lam vỹ"",""lam vy"",""xa lam vy"",""xalamvy"",""lamvy""]",ACTIVE
GHN_ADMIN_2025,2,1004949,1004949,,1000020,"Xã Phú Đình","[""xã phú đình"",""x.phú đình"",""x phú đình"",""phú đình"",""phu dinh"",""xa phu dinh"",""xaphudinh"",""phudinh""]",ACTIVE
GHN_ADMIN_2025,2,1004950,1004950,,1000020,"Xã Phượng Tiến","[""xã phượng tiến"",""x.phượng tiến"",""x phượng tiến"",""phượng tiến"",""phuong tien"",""xa phuong tien"",""xaphuongtien"",""phuongtien""]",ACTIVE
GHN_ADMIN_2025,2,1004951,1004951,,1000020,"Xã Trung Hội","[""xã trung hội"",""x.trung hội"",""x trung hội"",""trung hội"",""trung hoi"",""xa trung hoi"",""xatrunghoi"",""trunghoi""]",ACTIVE
GHN_ADMIN_2025,2,1004952,1004952,,1000020,"Xã Định Hóa","[""xã định hóa"",""x.định hóa"",""x định hóa"",""định hóa"",""dinh hoa"",""xa dinh hoa"",""xadinhhoa"",""dinhhoa""]",ACTIVE
GHN_ADMIN_2025,2,1004953,1004953,,1000020,"Xã Nam Hòa","[""xã nam hòa"",""x.nam hòa"",""x nam hòa"",""nam hòa"",""nam hoa"",""xa nam hoa"",""xanamhoa"",""namhoa""]",ACTIVE
GHN_ADMIN_2025,2,1004954,1004954,,1000020,"Xã Quang Sơn","[""xã quang sơn"",""x.quang sơn"",""x quang sơn"",""quang sơn"",""quang son"",""xa quang son"",""xaquangson"",""quangson""]",ACTIVE
GHN_ADMIN_2025,2,1004955,1004955,,1000020,"Xã Trại Cau","[""xã trại cau"",""x.trại cau"",""x trại cau"",""trại cau"",""trai cau"",""xa trai cau"",""xatraicau"",""traicau""]",ACTIVE
GHN_ADMIN_2025,2,1004956,1004956,,1000020,"Xã Văn Hán","[""xã văn hán"",""x.văn hán"",""x văn hán"",""văn hán"",""van han"",""xa van han"",""xavanhan"",""vanhan""]",ACTIVE
GHN_ADMIN_2025,2,1004957,1004957,,1000020,"Xã Văn Lăng","[""xã văn lăng"",""x.văn lăng"",""x văn lăng"",""văn lăng"",""van lang"",""xa van lang"",""xavanlang"",""vanlang""]",ACTIVE
GHN_ADMIN_2025,2,1004958,1004958,,1000020,"Xã Đồng Hỷ","[""xã đồng hỷ"",""x.đồng hỷ"",""x đồng hỷ"",""đồng hỷ"",""dong hy"",""xa dong hy"",""xadonghy"",""donghy""]",ACTIVE
GHN_ADMIN_2025,2,1004959,1004959,,1000020,"Phường Phúc Thuận","[""phường phúc thuận"",""p.phúc thuận"",""p phúc thuận"",""phúc thuận"",""phuc thuan"",""phuong phuc thuan"",""phuongphucthuan"",""phucthuan""]",ACTIVE
GHN_ADMIN_2025,2,1004960,1004960,,1000020,"Phường Phổ Yên","[""phường phổ yên"",""p.phổ yên"",""p phổ yên"",""phổ yên"",""pho yen"",""phuong pho yen"",""phuongphoyen"",""phoyen""]",ACTIVE
GHN_ADMIN_2025,2,1004961,1004961,,1000020,"Phường Trung Thành","[""phường trung thành"",""p.trung thành"",""p trung thành"",""trung thành"",""trung thanh"",""phuong trung thanh"",""phuongtrungthanh"",""trungthanh""]",ACTIVE
GHN_ADMIN_2025,2,1004962,1004962,,1000020,"Phường Vạn Xuân","[""phường vạn xuân"",""p.vạn xuân"",""p vạn xuân"",""vạn xuân"",""van xuan"",""phuong van xuan"",""phuongvanxuan"",""vanxuan""]",ACTIVE
GHN_ADMIN_2025,2,1004963,1004963,,1000020,"Xã Thành Công","[""xã thành công"",""x.thành công"",""x thành công"",""thành công"",""thanh cong"",""xa thanh cong"",""xathanhcong"",""thanhcong""]",ACTIVE
GHN_ADMIN_2025,2,1004964,1004964,,1000020,"Phường Bá Xuyên","[""phường bá xuyên"",""p.bá xuyên"",""p bá xuyên"",""bá xuyên"",""ba xuyen"",""phuong ba xuyen"",""phuongbaxuyen"",""baxuyen""]",ACTIVE
GHN_ADMIN_2025,2,1004965,1004965,,1000020,"Phường Bách Quang","[""phường bách quang"",""p.bách quang"",""p bách quang"",""bách quang"",""bach quang"",""phuong bach quang"",""phuongbachquang"",""bachquang""]",ACTIVE
GHN_ADMIN_2025,2,1004966,1004966,,1000020,"Phường Sông Công","[""phường sông công"",""p.sông công"",""p sông công"",""sông công"",""song cong"",""phuong song cong"",""phuongsongcong"",""songcong""]",ACTIVE
GHN_ADMIN_2025,2,1004967,1004967,,1000020,"Phường Gia Sàng","[""phường gia sàng"",""p.gia sàng"",""p gia sàng"",""gia sàng"",""gia sang"",""phuong gia sang"",""phuonggiasang"",""giasang""]",ACTIVE
GHN_ADMIN_2025,2,1004968,1004968,,1000020,"Phường Linh Sơn","[""phường linh sơn"",""p.linh sơn"",""p linh sơn"",""linh sơn"",""linh son"",""phuong linh son"",""phuonglinhson"",""linhson""]",ACTIVE
GHN_ADMIN_2025,2,1004969,1004969,,1000020,"Phường Phan Đình Phùng","[""phường phan đình phùng"",""p.phan đình phùng"",""p phan đình phùng"",""phan đình phùng"",""phan dinh phung"",""phuong phan dinh phung"",""phuongphandinhphung"",""phandinhphung""]",ACTIVE
GHN_ADMIN_2025,2,1004970,1004970,,1000020,"Phường Quan Triều","[""phường quan triều"",""p.quan triều"",""p quan triều"",""quan triều"",""quan trieu"",""phuong quan trieu"",""phuongquantrieu"",""quantrieu""]",ACTIVE
GHN_ADMIN_2025,2,1004971,1004971,,1000020,"Phường Quyết Thắng","[""phường quyết thắng"",""p.quyết thắng"",""p quyết thắng"",""quyết thắng"",""quyet thang"",""phuong quyet thang"",""phuongquyetthang"",""quyetthang""]",ACTIVE
GHN_ADMIN_2025,2,1004972,1004972,,1000020,"Phường Tích Lương","[""phường tích lương"",""p.tích lương"",""p tích lương"",""tích lương"",""tich luong"",""phuong tich luong"",""phuongtichluong"",""tichluong""]",ACTIVE
GHN_ADMIN_2025,2,1004973,1004973,,1000020,"Xã Tân Cương","[""xã tân cương"",""x.tân cương"",""x tân cương"",""tân cương"",""tan cuong"",""xa tan cuong"",""xatancuong"",""tancuong""]",ACTIVE
GHN_ADMIN_2025,2,1004974,1004974,,1000020,"Xã Đại Phúc","[""xã đại phúc"",""x.đại phúc"",""x đại phúc"",""đại phúc"",""dai phuc"",""xa dai phuc"",""xadaiphuc"",""daiphuc""]",ACTIVE
GHN_ADMIN_2025,2,1004975,1004975,,1000020,"Xã Ba Bể","[""xã ba bể"",""x.ba bể"",""x ba bể"",""ba bể"",""ba be"",""xa ba be"",""xababe"",""babe""]",ACTIVE
GHN_ADMIN_2025,2,1004976,1004976,,1000020,"Xã Chợ Rã","[""xã chợ rã"",""x.chợ rã"",""x chợ rã"",""chợ rã"",""cho ra"",""xa cho ra"",""xachora"",""chora""]",ACTIVE
GHN_ADMIN_2025,2,1004977,1004977,,1000020,"Xã Phúc Lộc","[""xã phúc lộc"",""x.phúc lộc"",""x phúc lộc"",""phúc lộc"",""phuc loc"",""xa phuc loc"",""xaphucloc"",""phucloc""]",ACTIVE
GHN_ADMIN_2025,2,1004978,1004978,,1000020,"Xã Thượng Minh","[""xã thượng minh"",""x.thượng minh"",""x thượng minh"",""thượng minh"",""thuong minh"",""xa thuong minh"",""xathuongminh"",""thuongminh""]",ACTIVE
GHN_ADMIN_2025,2,1004979,1004979,,1000020,"Xã Đồng Phúc","[""xã đồng phúc"",""x.đồng phúc"",""x đồng phúc"",""đồng phúc"",""dong phuc"",""xa dong phuc"",""xadongphuc"",""dongphuc""]",ACTIVE
GHN_ADMIN_2025,2,1004980,1004980,,1000020,"Xã Bạch Thông","[""xã bạch thông"",""x.bạch thông"",""x bạch thông"",""bạch thông"",""bach thong"",""xa bach thong"",""xabachthong"",""bachthong""]",ACTIVE
GHN_ADMIN_2025,2,1004981,1004981,,1000020,"Xã Cẩm Giàng","[""xã cẩm giàng"",""x.cẩm giàng"",""x cẩm giàng"",""cẩm giàng"",""cam giang"",""xa cam giang"",""xacamgiang"",""camgiang""]",ACTIVE
GHN_ADMIN_2025,2,1004982,1004982,,1000020,"Xã Phong Quang","[""xã phong quang"",""x.phong quang"",""x phong quang"",""phong quang"",""xa phong quang"",""xaphongquang"",""phongquang""]",ACTIVE
GHN_ADMIN_2025,2,1004983,1004983,,1000020,"Xã Phủ Thông","[""xã phủ thông"",""x.phủ thông"",""x phủ thông"",""phủ thông"",""phu thong"",""xa phu thong"",""xaphuthong"",""phuthong""]",ACTIVE
GHN_ADMIN_2025,2,1004984,1004984,,1000020,"Xã Vĩnh Thông","[""xã vĩnh thông"",""x.vĩnh thông"",""x vĩnh thông"",""vĩnh thông"",""vinh thong"",""xa vinh thong"",""xavinhthong"",""vinhthong""]",ACTIVE
GHN_ADMIN_2025,2,1004985,1004985,,1000020,"Xã Chợ Mới","[""xã chợ mới"",""x.chợ mới"",""x chợ mới"",""chợ mới"",""cho moi"",""xa cho moi"",""xachomoi"",""chomoi""]",ACTIVE
GHN_ADMIN_2025,2,1004986,1004986,,1000020,"Xã Thanh Mai","[""xã thanh mai"",""x.thanh mai"",""x thanh mai"",""thanh mai"",""xa thanh mai"",""xathanhmai"",""thanhmai""]",ACTIVE
GHN_ADMIN_2025,2,1004987,1004987,,1000020,"Xã Thanh Thịnh","[""xã thanh thịnh"",""x.thanh thịnh"",""x thanh thịnh"",""thanh thịnh"",""thanh thinh"",""xa thanh thinh"",""xathanhthinh"",""thanhthinh""]",ACTIVE
GHN_ADMIN_2025,2,1004988,1004988,,1000020,"Xã Tân Kỳ","[""xã tân kỳ"",""x.tân kỳ"",""x tân kỳ"",""tân kỳ"",""tan ky"",""xa tan ky"",""xatanky"",""tanky""]",ACTIVE
GHN_ADMIN_2025,2,1004989,1004989,,1000020,"Xã Yên Bình","[""xã yên bình"",""x.yên bình"",""x yên bình"",""yên bình"",""yen binh"",""xa yen binh"",""xayenbinh"",""yenbinh""]",ACTIVE
GHN_ADMIN_2025,2,1004990,1004990,,1000020,"Xã Chợ Đồn","[""xã chợ đồn"",""x.chợ đồn"",""x chợ đồn"",""chợ đồn"",""cho don"",""xa cho don"",""xachodon"",""chodon""]",ACTIVE
GHN_ADMIN_2025,2,1004991,1004991,,1000020,"Xã Nam Cường","[""xã nam cường"",""x.nam cường"",""x nam cường"",""nam cường"",""nam cuong"",""xa nam cuong"",""xanamcuong"",""namcuong""]",ACTIVE
GHN_ADMIN_2025,2,1004992,1004992,,1000020,"Xã Nghĩa Tá","[""xã nghĩa tá"",""x.nghĩa tá"",""x nghĩa tá"",""nghĩa tá"",""nghia ta"",""xa nghia ta"",""xanghiata"",""nghiata""]",ACTIVE
GHN_ADMIN_2025,2,1004993,1004993,,1000020,"Xã Quảng Bạch","[""xã quảng bạch"",""x.quảng bạch"",""x quảng bạch"",""quảng bạch"",""quang bach"",""xa quang bach"",""xaquangbach"",""quangbach""]",ACTIVE
GHN_ADMIN_2025,2,1004994,1004994,,1000020,"Xã Yên Phong","[""xã yên phong"",""x.yên phong"",""x yên phong"",""yên phong"",""yen phong"",""xa yen phong"",""xayenphong"",""yenphong""]",ACTIVE
GHN_ADMIN_2025,2,1004995,1004995,,1000020,"Xã Yên Thịnh","[""xã yên thịnh"",""x.yên thịnh"",""x yên thịnh"",""yên thịnh"",""yen thinh"",""xa yen thinh"",""xayenthinh"",""yenthinh""]",ACTIVE
GHN_ADMIN_2025,2,1004996,1004996,,1000020,"Xã Côn Minh","[""xã côn minh"",""x.côn minh"",""x côn minh"",""côn minh"",""con minh"",""xa con minh"",""xaconminh"",""conminh""]",ACTIVE
GHN_ADMIN_2025,2,1004997,1004997,,1000020,"Xã Cường Lợi","[""xã cường lợi"",""x.cường lợi"",""x cường lợi"",""cường lợi"",""cuong loi"",""xa cuong loi"",""xacuongloi"",""cuongloi""]",ACTIVE
GHN_ADMIN_2025,2,1004998,1004998,,1000020,"Xã Na Rì","[""xã na rì"",""x.na rì"",""x na rì"",""na rì"",""na ri"",""xa na ri"",""xanari"",""nari""]",ACTIVE
GHN_ADMIN_2025,2,1004999,1004999,,1000020,"Xã Trần Phú","[""xã trần phú"",""x.trần phú"",""x trần phú"",""trần phú"",""tran phu"",""xa tran phu"",""xatranphu"",""tranphu""]",ACTIVE
GHN_ADMIN_2025,2,1005000,1005000,,1000020,"Xã Văn Lang","[""xã văn lang"",""x.văn lang"",""x văn lang"",""văn lang"",""van lang"",""xa van lang"",""xavanlang"",""vanlang""]",ACTIVE
GHN_ADMIN_2025,2,1005001,1005001,,1000020,"Xã Xuân Dương","[""xã xuân dương"",""x.xuân dương"",""x xuân dương"",""xuân dương"",""xuan duong"",""xa xuan duong"",""xaxuanduong"",""xuanduong""]",ACTIVE
GHN_ADMIN_2025,2,1005002,1005002,,1000020,"Xã Bằng Vân","[""xã bằng vân"",""x.bằng vân"",""x bằng vân"",""bằng vân"",""bang van"",""xa bang van"",""xabangvan"",""bangvan""]",ACTIVE
GHN_ADMIN_2025,2,1005003,1005003,,1000020,"Xã Hiệp Lực","[""xã hiệp lực"",""x.hiệp lực"",""x hiệp lực"",""hiệp lực"",""hiep luc"",""xa hiep luc"",""xahiepluc"",""hiepluc""]",ACTIVE
GHN_ADMIN_2025,2,1005004,1005004,,1000020,"Xã Ngân Sơn","[""xã ngân sơn"",""x.ngân sơn"",""x ngân sơn"",""ngân sơn"",""ngan son"",""xa ngan son"",""xanganson"",""nganson""]",ACTIVE
GHN_ADMIN_2025,2,1005005,1005005,,1000020,"Xã Nà Phặc","[""xã nà phặc"",""x.nà phặc"",""x nà phặc"",""nà phặc"",""na phac"",""xa na phac"",""xanaphac"",""naphac""]",ACTIVE
GHN_ADMIN_2025,2,1005006,1005006,,1000020,"Xã Thượng Quan","[""xã thượng quan"",""x.thượng quan"",""x thượng quan"",""thượng quan"",""thuong quan"",""xa thuong quan"",""xathuongquan"",""thuongquan""]",ACTIVE
GHN_ADMIN_2025,2,1005007,1005007,,1000020,"Xã Bằng Thành","[""xã bằng thành"",""x.bằng thành"",""x bằng thành"",""bằng thành"",""bang thanh"",""xa bang thanh"",""xabangthanh"",""bangthanh""]",ACTIVE
GHN_ADMIN_2025,2,1005008,1005008,,1000020,"Xã Cao Minh","[""xã cao minh"",""x.cao minh"",""x cao minh"",""cao minh"",""xa cao minh"",""xacaominh"",""caominh""]",ACTIVE
GHN_ADMIN_2025,2,1005009,1005009,,1000020,"Xã Nghiên Loan","[""xã nghiên loan"",""x.nghiên loan"",""x nghiên loan"",""nghiên loan"",""nghien loan"",""xa nghien loan"",""xanghienloan"",""nghienloan""]",ACTIVE
GHN_ADMIN_2025,2,1005010,1005010,,1000020,"Phường Bắc Kạn","[""phường bắc kạn"",""p.bắc kạn"",""p bắc kạn"",""bắc kạn"",""bac kan"",""phuong bac kan"",""phuongbackan"",""backan""]",ACTIVE
GHN_ADMIN_2025,2,1005011,1005011,,1000020,"Phường Đức Xuân","[""phường đức xuân"",""p.đức xuân"",""p đức xuân"",""đức xuân"",""duc xuan"",""phuong duc xuan"",""phuongducxuan"",""ducxuan""]",ACTIVE
GHN_ADMIN_2025,2,1005012,1005012,,1000015,"Xã Cẩm Khê","[""xã cẩm khê"",""x.cẩm khê"",""x cẩm khê"",""cẩm khê"",""cam khe"",""xa cam khe"",""xacamkhe"",""camkhe""]",ACTIVE
GHN_ADMIN_2025,2,1005013,1005013,,1000015,"Xã Hùng Việt","[""xã hùng việt"",""x.hùng việt"",""x hùng việt"",""hùng việt"",""hung viet"",""xa hung viet"",""xahungviet"",""hungviet""]",ACTIVE
GHN_ADMIN_2025,2,1005014,1005014,,1000015,"Xã Phú Khê","[""xã phú khê"",""x.phú khê"",""x phú khê"",""phú khê"",""phu khe"",""xa phu khe"",""xaphukhe"",""phukhe""]",ACTIVE
GHN_ADMIN_2025,2,1005015,1005015,,1000015,"Xã Tiên Lương","[""xã tiên lương"",""x.tiên lương"",""x tiên lương"",""tiên lương"",""tien luong"",""xa tien luong"",""xatienluong"",""tienluong""]",ACTIVE
GHN_ADMIN_2025,2,1005016,1005016,,1000015,"Xã Vân Bán","[""xã vân bán"",""x.vân bán"",""x vân bán"",""vân bán"",""van ban"",""xa van ban"",""xavanban"",""vanban""]",ACTIVE
GHN_ADMIN_2025,2,1005017,1005017,,1000015,"Xã Đồng Lương","[""xã đồng lương"",""x.đồng lương"",""x đồng lương"",""đồng lương"",""dong luong"",""xa dong luong"",""xadongluong"",""dongluong""]",ACTIVE
GHN_ADMIN_2025,2,1005018,1005018,,1000015,"Xã Hiền Lương","[""xã hiền lương"",""x.hiền lương"",""x hiền lương"",""hiền lương"",""hien luong"",""xa hien luong"",""xahienluong"",""hienluong""]",ACTIVE
GHN_ADMIN_2025,2,1005019,1005019,,1000015,"Xã Hạ Hòa","[""xã hạ hòa"",""x.hạ hòa"",""x hạ hòa"",""hạ hòa"",""ha hoa"",""xa ha hoa"",""xahahoa"",""hahoa""]",ACTIVE
GHN_ADMIN_2025,2,1005020,1005020,,1000015,"Xã Văn Lang","[""xã văn lang"",""x.văn lang"",""x văn lang"",""văn lang"",""van lang"",""xa van lang"",""xavanlang"",""vanlang""]",ACTIVE
GHN_ADMIN_2025,2,1005021,1005021,,1000015,"Xã Vĩnh Chân","[""xã vĩnh chân"",""x.vĩnh chân"",""x vĩnh chân"",""vĩnh chân"",""vinh chan"",""xa vinh chan"",""xavinhchan"",""vinhchan""]",ACTIVE
GHN_ADMIN_2025,2,1005022,1005022,,1000015,"Xã Yên Kỳ","[""xã yên kỳ"",""x.yên kỳ"",""x yên kỳ"",""yên kỳ"",""yen ky"",""xa yen ky"",""xayenky"",""yenky""]",ACTIVE
GHN_ADMIN_2025,2,1005023,1005023,,1000015,"Xã Đan Thượng","[""xã đan thượng"",""x.đan thượng"",""x đan thượng"",""đan thượng"",""dan thuong"",""xa dan thuong"",""xadanthuong"",""danthuong""]",ACTIVE
GHN_ADMIN_2025,2,1005024,1005024,,1000015,"Xã Bản Nguyên","[""xã bản nguyên"",""x.bản nguyên"",""x bản nguyên"",""bản nguyên"",""ban nguyen"",""xa ban nguyen"",""xabannguyen"",""bannguyen""]",ACTIVE
GHN_ADMIN_2025,2,1005025,1005025,,1000015,"Xã Lâm Thao","[""xã lâm thao"",""x.lâm thao"",""x lâm thao"",""lâm thao"",""lam thao"",""xa lam thao"",""xalamthao"",""lamthao""]",ACTIVE
GHN_ADMIN_2025,2,1005026,1005026,,1000015,"Xã Phùng Nguyên","[""xã phùng nguyên"",""x.phùng nguyên"",""x phùng nguyên"",""phùng nguyên"",""phung nguyen"",""xa phung nguyen"",""xaphungnguyen"",""phungnguyen""]",ACTIVE
GHN_ADMIN_2025,2,1005027,1005027,,1000015,"Xã Xuân Lũng","[""xã xuân lũng"",""x.xuân lũng"",""x xuân lũng"",""xuân lũng"",""xuan lung"",""xa xuan lung"",""xaxuanlung"",""xuanlung""]",ACTIVE
GHN_ADMIN_2025,2,1005028,1005028,,1000015,"Xã Bình Phú","[""xã bình phú"",""x.bình phú"",""x bình phú"",""bình phú"",""binh phu"",""xa binh phu"",""xabinhphu"",""binhphu""]",ACTIVE
GHN_ADMIN_2025,2,1005029,1005029,,1000015,"Xã Dân Chủ","[""xã dân chủ"",""x.dân chủ"",""x dân chủ"",""dân chủ"",""dan chu"",""xa dan chu"",""xadanchu"",""danchu""]",ACTIVE
GHN_ADMIN_2025,2,1005030,1005030,,1000015,"Xã Phù Ninh","[""xã phù ninh"",""x.phù ninh"",""x phù ninh"",""phù ninh"",""phu ninh"",""xa phu ninh"",""xaphuninh"",""phuninh""]",ACTIVE
GHN_ADMIN_2025,2,1005031,1005031,,1000015,"Xã Phú Mỹ","[""xã phú mỹ"",""x.phú mỹ"",""x phú mỹ"",""phú mỹ"",""phu my"",""xa phu my"",""xaphumy"",""phumy""]",ACTIVE
GHN_ADMIN_2025,2,1005032,1005032,,1000015,"Xã Trạm Thản","[""xã trạm thản"",""x.trạm thản"",""x trạm thản"",""trạm thản"",""tram than"",""xa tram than"",""xatramthan"",""tramthan""]",ACTIVE
GHN_ADMIN_2025,2,1005033,1005033,,1000015,"Xã Hiền Quan","[""xã hiền quan"",""x.hiền quan"",""x hiền quan"",""hiền quan"",""hien quan"",""xa hien quan"",""xahienquan"",""hienquan""]",ACTIVE
GHN_ADMIN_2025,2,1005034,1005034,,1000015,"Xã Tam Nông","[""xã tam nông"",""x.tam nông"",""x tam nông"",""tam nông"",""tam nong"",""xa tam nong"",""xatamnong"",""tamnong""]",ACTIVE
GHN_ADMIN_2025,2,1005035,1005035,,1000015,"Xã Thọ Văn","[""xã thọ văn"",""x.thọ văn"",""x thọ văn"",""thọ văn"",""tho van"",""xa tho van"",""xathovan"",""thovan""]",ACTIVE
GHN_ADMIN_2025,2,1005036,1005036,,1000015,"Xã Vạn Xuân","[""xã vạn xuân"",""x.vạn xuân"",""x vạn xuân"",""vạn xuân"",""van xuan"",""xa van xuan"",""xavanxuan"",""vanxuan""]",ACTIVE
GHN_ADMIN_2025,2,1005037,1005037,,1000015,"Xã Chí Tiên","[""xã chí tiên"",""x.chí tiên"",""x chí tiên"",""chí tiên"",""chi tien"",""xa chi tien"",""xachitien"",""chitien""]",ACTIVE
GHN_ADMIN_2025,2,1005038,1005038,,1000015,"Xã Hoàng Cương","[""xã hoàng cương"",""x.hoàng cương"",""x hoàng cương"",""hoàng cương"",""hoang cuong"",""xa hoang cuong"",""xahoangcuong"",""hoangcuong""]",ACTIVE
GHN_ADMIN_2025,2,1005039,1005039,,1000015,"Xã Liên Minh","[""xã liên minh"",""x.liên minh"",""x liên minh"",""liên minh"",""lien minh"",""xa lien minh"",""xalienminh"",""lienminh""]",ACTIVE
GHN_ADMIN_2025,2,1005040,1005040,,1000015,"Xã Quảng Yên","[""xã quảng yên"",""x.quảng yên"",""x quảng yên"",""quảng yên"",""quang yen"",""xa quang yen"",""xaquangyen"",""quangyen""]",ACTIVE
GHN_ADMIN_2025,2,1005041,1005041,,1000015,"Xã Thanh Ba","[""xã thanh ba"",""x.thanh ba"",""x thanh ba"",""thanh ba"",""xa thanh ba"",""xathanhba"",""thanhba""]",ACTIVE
GHN_ADMIN_2025,2,1005042,1005042,,1000015,"Xã Đông Thành","[""xã đông thành"",""x.đông thành"",""x đông thành"",""đông thành"",""dong thanh"",""xa dong thanh"",""xadongthanh"",""dongthanh""]",ACTIVE
GHN_ADMIN_2025,2,1005043,1005043,,1000015,"Xã Cự Đồng","[""xã cự đồng"",""x.cự đồng"",""x cự đồng"",""cự đồng"",""cu dong"",""xa cu dong"",""xacudong"",""cudong""]",ACTIVE
GHN_ADMIN_2025,2,1005044,1005044,,1000015,"Xã Hương Cần","[""xã hương cần"",""x.hương cần"",""x hương cần"",""hương cần"",""huong can"",""xa huong can"",""xahuongcan"",""huongcan""]",ACTIVE
GHN_ADMIN_2025,2,1005045,1005045,,1000015,"Xã Khả Cửu","[""xã khả cửu"",""x.khả cửu"",""x khả cửu"",""khả cửu"",""kha cuu"",""xa kha cuu"",""xakhacuu"",""khacuu""]",ACTIVE
GHN_ADMIN_2025,2,1005046,1005046,,1000015,"Xã Thanh Sơn","[""xã thanh sơn"",""x.thanh sơn"",""x thanh sơn"",""thanh sơn"",""thanh son"",""xa thanh son"",""xathanhson"",""thanhson""]",ACTIVE
GHN_ADMIN_2025,2,1005047,1005047,,1000015,"Xã Võ Miếu","[""xã võ miếu"",""x.võ miếu"",""x võ miếu"",""võ miếu"",""vo mieu"",""xa vo mieu"",""xavomieu"",""vomieu""]",ACTIVE
GHN_ADMIN_2025,2,1005048,1005048,,1000015,"Xã Văn Miếu","[""xã văn miếu"",""x.văn miếu"",""x văn miếu"",""văn miếu"",""van mieu"",""xa van mieu"",""xavanmieu"",""vanmieu""]",ACTIVE
GHN_ADMIN_2025,2,1005049,1005049,,1000015,"Xã Yên Sơn","[""xã yên sơn"",""x.yên sơn"",""x yên sơn"",""yên sơn"",""yen son"",""xa yen son"",""xayenson"",""yenson""]",ACTIVE
GHN_ADMIN_2025,2,1005050,1005050,,1000015,"Xã Thanh Thủy","[""xã thanh thủy"",""x.thanh thủy"",""x thanh thủy"",""thanh thủy"",""thanh thuy"",""xa thanh thuy"",""xathanhthuy"",""thanhthuy""]",ACTIVE
GHN_ADMIN_2025,2,1005051,1005051,,1000015,"Xã Tu Vũ","[""xã tu vũ"",""x.tu vũ"",""x tu vũ"",""tu vũ"",""tu vu"",""xa tu vu"",""xatuvu"",""tuvu""]",ACTIVE
GHN_ADMIN_2025,2,1005052,1005052,,1000015,"Xã Đào Xá","[""xã đào xá"",""x.đào xá"",""x đào xá"",""đào xá"",""dao xa"",""xa dao xa"",""xadaoxa"",""daoxa""]",ACTIVE
GHN_ADMIN_2025,2,1005053,1005053,,1000015,"Xã Lai Đồng","[""xã lai đồng"",""x.lai đồng"",""x lai đồng"",""lai đồng"",""lai dong"",""xa lai dong"",""xalaidong"",""laidong""]",ACTIVE
GHN_ADMIN_2025,2,1005054,1005054,,1000015,"Xã Long Cốc","[""xã long cốc"",""x.long cốc"",""x long cốc"",""long cốc"",""long coc"",""xa long coc"",""xalongcoc"",""longcoc""]",ACTIVE
GHN_ADMIN_2025,2,1005055,1005055,,1000015,"Xã Minh Đài","[""xã minh đài"",""x.minh đài"",""x minh đài"",""minh đài"",""minh dai"",""xa minh dai"",""xaminhdai"",""minhdai""]",ACTIVE
GHN_ADMIN_2025,2,1005056,1005056,,1000015,"Xã Thu Cúc","[""xã thu cúc"",""x.thu cúc"",""x thu cúc"",""thu cúc"",""thu cuc"",""xa thu cuc"",""xathucuc"",""thucuc""]",ACTIVE
GHN_ADMIN_2025,2,1005057,1005057,,1000015,"Xã Tân Sơn","[""xã tân sơn"",""x.tân sơn"",""x tân sơn"",""tân sơn"",""tan son"",""xa tan son"",""xatanson"",""tanson""]",ACTIVE
GHN_ADMIN_2025,2,1005058,1005058,,1000015,"Xã Xuân Đài","[""xã xuân đài"",""x.xuân đài"",""x xuân đài"",""xuân đài"",""xuan dai"",""xa xuan dai"",""xaxuandai"",""xuandai""]",ACTIVE
GHN_ADMIN_2025,2,1005059,1005059,,1000015,"Xã Minh Hòa","[""xã minh hòa"",""x.minh hòa"",""x minh hòa"",""minh hòa"",""minh hoa"",""xa minh hoa"",""xaminhhoa"",""minhhoa""]",ACTIVE
GHN_ADMIN_2025,2,1005060,1005060,,1000015,"Xã Sơn Lương","[""xã sơn lương"",""x.sơn lương"",""x sơn lương"",""sơn lương"",""son luong"",""xa son luong"",""xasonluong"",""sonluong""]",ACTIVE
GHN_ADMIN_2025,2,1005061,1005061,,1000015,"Xã Thượng Long","[""xã thượng long"",""x.thượng long"",""x thượng long"",""thượng long"",""thuong long"",""xa thuong long"",""xathuonglong"",""thuonglong""]",ACTIVE
GHN_ADMIN_2025,2,1005062,1005062,,1000015,"Xã Trung Sơn","[""xã trung sơn"",""x.trung sơn"",""x trung sơn"",""trung sơn"",""trung son"",""xa trung son"",""xatrungson"",""trungson""]",ACTIVE
GHN_ADMIN_2025,2,1005063,1005063,,1000015,"Xã Xuân Viên","[""xã xuân viên"",""x.xuân viên"",""x xuân viên"",""xuân viên"",""xuan vien"",""xa xuan vien"",""xaxuanvien"",""xuanvien""]",ACTIVE
GHN_ADMIN_2025,2,1005064,1005064,,1000015,"Xã Yên Lập","[""xã yên lập"",""x.yên lập"",""x yên lập"",""yên lập"",""yen lap"",""xa yen lap"",""xayenlap"",""yenlap""]",ACTIVE
GHN_ADMIN_2025,2,1005065,1005065,,1000015,"Xã Bằng Luân","[""xã bằng luân"",""x.bằng luân"",""x bằng luân"",""bằng luân"",""bang luan"",""xa bang luan"",""xabangluan"",""bangluan""]",ACTIVE
GHN_ADMIN_2025,2,1005066,1005066,,1000015,"Xã Chân Mộng","[""xã chân mộng"",""x.chân mộng"",""x chân mộng"",""chân mộng"",""chan mong"",""xa chan mong"",""xachanmong"",""chanmong""]",ACTIVE
GHN_ADMIN_2025,2,1005067,1005067,,1000015,"Xã Chí Đám","[""xã chí đám"",""x.chí đám"",""x chí đám"",""chí đám"",""chi dam"",""xa chi dam"",""xachidam"",""chidam""]",ACTIVE
GHN_ADMIN_2025,2,1005068,1005068,,1000015,"Xã Tây Cốc","[""xã tây cốc"",""x.tây cốc"",""x tây cốc"",""tây cốc"",""tay coc"",""xa tay coc"",""xataycoc"",""taycoc""]",ACTIVE
GHN_ADMIN_2025,2,1005069,1005069,,1000015,"Xã Đoan Hùng","[""xã đoan hùng"",""x.đoan hùng"",""x đoan hùng"",""đoan hùng"",""doan hung"",""xa doan hung"",""xadoanhung"",""doanhung""]",ACTIVE
GHN_ADMIN_2025,2,1005070,1005070,,1000015,"Phường Nông Trang","[""phường nông trang"",""p.nông trang"",""p nông trang"",""nông trang"",""nong trang"",""phuong nong trang"",""phuongnongtrang"",""nongtrang""]",ACTIVE
GHN_ADMIN_2025,2,1005071,1005071,,1000015,"Phường Thanh Miếu","[""phường thanh miếu"",""p.thanh miếu"",""p thanh miếu"",""thanh miếu"",""thanh mieu"",""phuong thanh mieu"",""phuongthanhmieu"",""thanhmieu""]",ACTIVE
GHN_ADMIN_2025,2,1005072,1005072,,1000015,"Phường Việt Trì","[""phường việt trì"",""p.việt trì"",""p việt trì"",""việt trì"",""viet tri"",""phuong viet tri"",""phuongviettri"",""viettri""]",ACTIVE
GHN_ADMIN_2025,2,1005073,1005073,,1000015,"Phường Vân Phú","[""phường vân phú"",""p.vân phú"",""p vân phú"",""vân phú"",""van phu"",""phuong van phu"",""phuongvanphu"",""vanphu""]",ACTIVE
GHN_ADMIN_2025,2,1005074,1005074,,1000015,"Xã Hy Cương","[""xã hy cương"",""x.hy cương"",""x hy cương"",""hy cương"",""hy cuong"",""xa hy cuong"",""xahycuong"",""hycuong""]",ACTIVE
GHN_ADMIN_2025,2,1005075,1005075,,1000015,"Phường Phong Châu","[""phường phong châu"",""p.phong châu"",""p phong châu"",""phong châu"",""phong chau"",""phuong phong chau"",""phuongphongchau"",""phongchau""]",ACTIVE
GHN_ADMIN_2025,2,1005076,1005076,,1000015,"Phường Phú Thọ","[""phường phú thọ"",""p.phú thọ"",""p phú thọ"",""phú thọ"",""phu tho"",""phuong phu tho"",""phuongphutho"",""phutho""]",ACTIVE
GHN_ADMIN_2025,2,1005077,1005077,,1000015,"Phường Âu Cơ","[""phường âu cơ"",""p.âu cơ"",""p âu cơ"",""âu cơ"",""au co"",""phuong au co"",""phuongauco"",""auco""]",ACTIVE
GHN_ADMIN_2025,2,1005078,1005078,,1000015,"Xã Bình Nguyên","[""xã bình nguyên"",""x.bình nguyên"",""x bình nguyên"",""bình nguyên"",""binh nguyen"",""xa binh nguyen"",""xabinhnguyen"",""binhnguyen""]",ACTIVE
GHN_ADMIN_2025,2,1005079,1005079,,1000015,"Xã Bình Tuyền","[""xã bình tuyền"",""x.bình tuyền"",""x bình tuyền"",""bình tuyền"",""binh tuyen"",""xa binh tuyen"",""xabinhtuyen"",""binhtuyen""]",ACTIVE
GHN_ADMIN_2025,2,1005080,1005080,,1000015,"Xã Bình Xuyên","[""xã bình xuyên"",""x.bình xuyên"",""x bình xuyên"",""bình xuyên"",""binh xuyen"",""xa binh xuyen"",""xabinhxuyen"",""binhxuyen""]",ACTIVE
GHN_ADMIN_2025,2,1005081,1005081,,1000015,"Xã Xuân Lãng","[""xã xuân lãng"",""x.xuân lãng"",""x xuân lãng"",""xuân lãng"",""xuan lang"",""xa xuan lang"",""xaxuanlang"",""xuanlang""]",ACTIVE
GHN_ADMIN_2025,2,1005082,1005082,,1000015,"Xã Hợp Lý","[""xã hợp lý"",""x.hợp lý"",""x hợp lý"",""hợp lý"",""hop ly"",""xa hop ly"",""xahoply"",""hoply""]",ACTIVE
GHN_ADMIN_2025,2,1005083,1005083,,1000015,"Xã Liên Hòa","[""xã liên hòa"",""x.liên hòa"",""x liên hòa"",""liên hòa"",""lien hoa"",""xa lien hoa"",""xalienhoa"",""lienhoa""]",ACTIVE
GHN_ADMIN_2025,2,1005084,1005084,,1000015,"Xã Lập Thạch","[""xã lập thạch"",""x.lập thạch"",""x lập thạch"",""lập thạch"",""lap thach"",""xa lap thach"",""xalapthach"",""lapthach""]",ACTIVE
GHN_ADMIN_2025,2,1005085,1005085,,1000015,"Xã Sơn Đông","[""xã sơn đông"",""x.sơn đông"",""x sơn đông"",""sơn đông"",""son dong"",""xa son dong"",""xasondong"",""sondong""]",ACTIVE
GHN_ADMIN_2025,2,1005086,1005086,,1000015,"Xã Thái Hòa","[""xã thái hòa"",""x.thái hòa"",""x thái hòa"",""thái hòa"",""thai hoa"",""xa thai hoa"",""xathaihoa"",""thaihoa""]",ACTIVE
GHN_ADMIN_2025,2,1005087,1005087,,1000015,"Xã Tiên Lữ","[""xã tiên lữ"",""x.tiên lữ"",""x tiên lữ"",""tiên lữ"",""tien lu"",""xa tien lu"",""xatienlu"",""tienlu""]",ACTIVE
GHN_ADMIN_2025,2,1005088,1005088,,1000015,"Xã Hải Lựu","[""xã hải lựu"",""x.hải lựu"",""x hải lựu"",""hải lựu"",""hai luu"",""xa hai luu"",""xahailuu"",""hailuu""]",ACTIVE
GHN_ADMIN_2025,2,1005089,1005089,,1000015,"Xã Sông Lô","[""xã sông lô"",""x.sông lô"",""x sông lô"",""sông lô"",""song lo"",""xa song lo"",""xasonglo"",""songlo""]",ACTIVE
GHN_ADMIN_2025,2,1005090,1005090,,1000015,"Xã Tam Sơn","[""xã tam sơn"",""x.tam sơn"",""x tam sơn"",""tam sơn"",""tam son"",""xa tam son"",""xatamson"",""tamson""]",ACTIVE
GHN_ADMIN_2025,2,1005091,1005091,,1000015,"Xã Yên Lãng","[""xã yên lãng"",""x.yên lãng"",""x yên lãng"",""yên lãng"",""yen lang"",""xa yen lang"",""xayenlang"",""yenlang""]",ACTIVE
GHN_ADMIN_2025,2,1005092,1005092,,1000015,"Xã Hoàng An","[""xã hoàng an"",""x.hoàng an"",""x hoàng an"",""hoàng an"",""hoang an"",""xa hoang an"",""xahoangan"",""hoangan""]",ACTIVE
GHN_ADMIN_2025,2,1005093,1005093,,1000015,"Xã Hội Thịnh","[""xã hội thịnh"",""x.hội thịnh"",""x hội thịnh"",""hội thịnh"",""hoi thinh"",""xa hoi thinh"",""xahoithinh"",""hoithinh""]",ACTIVE
GHN_ADMIN_2025,2,1005094,1005094,,1000015,"Xã Tam Dương","[""xã tam dương"",""x.tam dương"",""x tam dương"",""tam dương"",""tam duong"",""xa tam duong"",""xatamduong"",""tamduong""]",ACTIVE
GHN_ADMIN_2025,2,1005095,1005095,,1000015,"Xã Tam Dương Bắc","[""xã tam dương bắc"",""x.tam dương bắc"",""x tam dương bắc"",""tam dương bắc"",""tam duong bac"",""xa tam duong bac"",""xatamduongbac"",""tamduongbac""]",ACTIVE
GHN_ADMIN_2025,2,1005096,1005096,,1000015,"Xã Tam Đảo","[""xã tam đảo"",""x.tam đảo"",""x tam đảo"",""tam đảo"",""tam dao"",""xa tam dao"",""xatamdao"",""tamdao""]",ACTIVE
GHN_ADMIN_2025,2,1005097,1005097,,1000015,"Xã Đại Đình","[""xã đại đình"",""x.đại đình"",""x đại đình"",""đại đình"",""dai dinh"",""xa dai dinh"",""xadaidinh"",""daidinh""]",ACTIVE
GHN_ADMIN_2025,2,1005098,1005098,,1000015,"Xã Đạo Trù","[""xã đạo trù"",""x.đạo trù"",""x đạo trù"",""đạo trù"",""dao tru"",""xa dao tru"",""xadaotru"",""daotru""]",ACTIVE
GHN_ADMIN_2025,2,1005099,1005099,,1000015,"Xã Thổ Tang","[""xã thổ tang"",""x.thổ tang"",""x thổ tang"",""thổ tang"",""tho tang"",""xa tho tang"",""xathotang"",""thotang""]",ACTIVE
GHN_ADMIN_2025,2,1005100,1005100,,1000015,"Xã Vĩnh An","[""xã vĩnh an"",""x.vĩnh an"",""x vĩnh an"",""vĩnh an"",""vinh an"",""xa vinh an"",""xavinhan"",""vinhan""]",ACTIVE
GHN_ADMIN_2025,2,1005101,1005101,,1000015,"Xã Vĩnh Hưng","[""xã vĩnh hưng"",""x.vĩnh hưng"",""x vĩnh hưng"",""vĩnh hưng"",""vinh hung"",""xa vinh hung"",""xavinhhung"",""vinhhung""]",ACTIVE
GHN_ADMIN_2025,2,1005102,1005102,,1000015,"Xã Vĩnh Phú","[""xã vĩnh phú"",""x.vĩnh phú"",""x vĩnh phú"",""vĩnh phú"",""vinh phu"",""xa vinh phu"",""xavinhphu"",""vinhphu""]",ACTIVE
GHN_ADMIN_2025,2,1005103,1005103,,1000015,"Xã Vĩnh Thành","[""xã vĩnh thành"",""x.vĩnh thành"",""x vĩnh thành"",""vĩnh thành"",""vinh thanh"",""xa vinh thanh"",""xavinhthanh"",""vinhthanh""]",ACTIVE
GHN_ADMIN_2025,2,1005104,1005104,,1000015,"Xã Vĩnh Tường","[""xã vĩnh tường"",""x.vĩnh tường"",""x vĩnh tường"",""vĩnh tường"",""vinh tuong"",""xa vinh tuong"",""xavinhtuong"",""vinhtuong""]",ACTIVE
GHN_ADMIN_2025,2,1005105,1005105,,1000015,"Xã Liên Châu","[""xã liên châu"",""x.liên châu"",""x liên châu"",""liên châu"",""lien chau"",""xa lien chau"",""xalienchau"",""lienchau""]",ACTIVE
GHN_ADMIN_2025,2,1005106,1005106,,1000015,"Xã Nguyệt Đức","[""xã nguyệt đức"",""x.nguyệt đức"",""x nguyệt đức"",""nguyệt đức"",""nguyet duc"",""xa nguyet duc"",""xanguyetduc"",""nguyetduc""]",ACTIVE
GHN_ADMIN_2025,2,1005107,1005107,,1000015,"Xã Tam Hồng","[""xã tam hồng"",""x.tam hồng"",""x tam hồng"",""tam hồng"",""tam hong"",""xa tam hong"",""xatamhong"",""tamhong""]",ACTIVE
GHN_ADMIN_2025,2,1005108,1005108,,1000015,"Xã Tề Lỗ","[""xã tề lỗ"",""x.tề lỗ"",""x tề lỗ"",""tề lỗ"",""te lo"",""xa te lo"",""xatelo"",""telo""]",ACTIVE
GHN_ADMIN_2025,2,1005109,1005109,,1000015,"Xã Yên Lạc","[""xã yên lạc"",""x.yên lạc"",""x yên lạc"",""yên lạc"",""yen lac"",""xa yen lac"",""xayenlac"",""yenlac""]",ACTIVE
GHN_ADMIN_2025,2,1005110,1005110,,1000015,"Phường Phúc Yên","[""phường phúc yên"",""p.phúc yên"",""p phúc yên"",""phúc yên"",""phuc yen"",""phuong phuc yen"",""phuongphucyen"",""phucyen""]",ACTIVE
GHN_ADMIN_2025,2,1005111,1005111,,1000015,"Phường Xuân Hòa","[""phường xuân hòa"",""p.xuân hòa"",""p xuân hòa"",""xuân hòa"",""xuan hoa"",""phuong xuan hoa"",""phuongxuanhoa"",""xuanhoa""]",ACTIVE
GHN_ADMIN_2025,2,1005112,1005112,,1000015,"Phường Vĩnh Phúc","[""phường vĩnh phúc"",""p.vĩnh phúc"",""p vĩnh phúc"",""vĩnh phúc"",""vinh phuc"",""phuong vinh phuc"",""phuongvinhphuc"",""vinhphuc""]",ACTIVE
GHN_ADMIN_2025,2,1005113,1005113,,1000015,"Phường Vĩnh Yên","[""phường vĩnh yên"",""p.vĩnh yên"",""p vĩnh yên"",""vĩnh yên"",""vinh yen"",""phuong vinh yen"",""phuongvinhyen"",""vinhyen""]",ACTIVE
GHN_ADMIN_2025,2,1005114,1005114,,1000015,"Xã Cao Phong","[""xã cao phong"",""x.cao phong"",""x cao phong"",""cao phong"",""xa cao phong"",""xacaophong"",""caophong""]",ACTIVE
GHN_ADMIN_2025,2,1005115,1005115,,1000015,"Xã Mường Thàng","[""xã mường thàng"",""x.mường thàng"",""x mường thàng"",""mường thàng"",""muong thang"",""xa muong thang"",""xamuongthang"",""muongthang""]",ACTIVE
GHN_ADMIN_2025,2,1005116,1005116,,1000015,"Xã Thung Nai","[""xã thung nai"",""x.thung nai"",""x thung nai"",""thung nai"",""xa thung nai"",""xathungnai"",""thungnai""]",ACTIVE
GHN_ADMIN_2025,2,1005117,1005117,,1000015,"Xã Dũng Tiến","[""xã dũng tiến"",""x.dũng tiến"",""x dũng tiến"",""dũng tiến"",""dung tien"",""xa dung tien"",""xadungtien"",""dungtien""]",ACTIVE
GHN_ADMIN_2025,2,1005118,1005118,,1000015,"Xã Hợp Kim","[""xã hợp kim"",""x.hợp kim"",""x hợp kim"",""hợp kim"",""hop kim"",""xa hop kim"",""xahopkim"",""hopkim""]",ACTIVE
GHN_ADMIN_2025,2,1005119,1005119,,1000015,"Xã Kim Bôi","[""xã kim bôi"",""x.kim bôi"",""x kim bôi"",""kim bôi"",""kim boi"",""xa kim boi"",""xakimboi"",""kimboi""]",ACTIVE
GHN_ADMIN_2025,2,1005120,1005120,,1000015,"Xã Mường Động","[""xã mường động"",""x.mường động"",""x mường động"",""mường động"",""muong dong"",""xa muong dong"",""xamuongdong"",""muongdong""]",ACTIVE
GHN_ADMIN_2025,2,1005121,1005121,,1000015,"Xã Nật Sơn","[""xã nật sơn"",""x.nật sơn"",""x nật sơn"",""nật sơn"",""nat son"",""xa nat son"",""xanatson"",""natson""]",ACTIVE
GHN_ADMIN_2025,2,1005122,1005122,,1000015,"Xã Cao Dương","[""xã cao dương"",""x.cao dương"",""x cao dương"",""cao dương"",""cao duong"",""xa cao duong"",""xacaoduong"",""caoduong""]",ACTIVE
GHN_ADMIN_2025,2,1005123,1005123,,1000015,"Xã Liên Sơn","[""xã liên sơn"",""x.liên sơn"",""x liên sơn"",""liên sơn"",""lien son"",""xa lien son"",""xalienson"",""lienson""]",ACTIVE
GHN_ADMIN_2025,2,1005124,1005124,,1000015,"Xã Lương Sơn","[""xã lương sơn"",""x.lương sơn"",""x lương sơn"",""lương sơn"",""luong son"",""xa luong son"",""xaluongson"",""luongson""]",ACTIVE
GHN_ADMIN_2025,2,1005125,1005125,,1000015,"Xã Lạc Sơn","[""xã lạc sơn"",""x.lạc sơn"",""x lạc sơn"",""lạc sơn"",""lac son"",""xa lac son"",""xalacson"",""lacson""]",ACTIVE
GHN_ADMIN_2025,2,1005126,1005126,,1000015,"Xã Mường Vang","[""xã mường vang"",""x.mường vang"",""x mường vang"",""mường vang"",""muong vang"",""xa muong vang"",""xamuongvang"",""muongvang""]",ACTIVE
GHN_ADMIN_2025,2,1005127,1005127,,1000015,"Xã Ngọc Sơn","[""xã ngọc sơn"",""x.ngọc sơn"",""x ngọc sơn"",""ngọc sơn"",""ngoc son"",""xa ngoc son"",""xangocson"",""ngocson""]",ACTIVE
GHN_ADMIN_2025,2,1005128,1005128,,1000015,"Xã Nhân Nghĩa","[""xã nhân nghĩa"",""x.nhân nghĩa"",""x nhân nghĩa"",""nhân nghĩa"",""nhan nghia"",""xa nhan nghia"",""xanhannghia"",""nhannghia""]",ACTIVE
GHN_ADMIN_2025,2,1005129,1005129,,1000015,"Xã Quyết Thắng","[""xã quyết thắng"",""x.quyết thắng"",""x quyết thắng"",""quyết thắng"",""quyet thang"",""xa quyet thang"",""xaquyetthang"",""quyetthang""]",ACTIVE
GHN_ADMIN_2025,2,1005130,1005130,,1000015,"Xã Thượng Cốc","[""xã thượng cốc"",""x.thượng cốc"",""x thượng cốc"",""thượng cốc"",""thuong coc"",""xa thuong coc"",""xathuongcoc"",""thuongcoc""]",ACTIVE
GHN_ADMIN_2025,2,1005131,1005131,,1000015,"Xã Yên Phú","[""xã yên phú"",""x.yên phú"",""x yên phú"",""yên phú"",""yen phu"",""xa yen phu"",""xayenphu"",""yenphu""]",ACTIVE
GHN_ADMIN_2025,2,1005132,1005132,,1000015,"Xã Đại Đồng","[""xã đại đồng"",""x.đại đồng"",""x đại đồng"",""đại đồng"",""dai dong"",""xa dai dong"",""xadaidong"",""daidong""]",ACTIVE
GHN_ADMIN_2025,2,1005133,1005133,,1000015,"Xã An Bình","[""xã an bình"",""x.an bình"",""x an bình"",""an bình"",""an binh"",""xa an binh"",""xaanbinh"",""anbinh""]",ACTIVE
GHN_ADMIN_2025,2,1005134,1005134,,1000015,"Xã An Nghĩa","[""xã an nghĩa"",""x.an nghĩa"",""x an nghĩa"",""an nghĩa"",""an nghia"",""xa an nghia"",""xaannghia"",""annghia""]",ACTIVE
GHN_ADMIN_2025,2,1005135,1005135,,1000015,"Xã Lạc Thủy","[""xã lạc thủy"",""x.lạc thủy"",""x lạc thủy"",""lạc thủy"",""lac thuy"",""xa lac thuy"",""xalacthuy"",""lacthuy""]",ACTIVE
GHN_ADMIN_2025,2,1005136,1005136,,1000015,"Xã Bao La","[""xã bao la"",""x.bao la"",""x bao la"",""bao la"",""xa bao la"",""xabaola"",""baola""]",ACTIVE
GHN_ADMIN_2025,2,1005137,1005137,,1000015,"Xã Mai Châu","[""xã mai châu"",""x.mai châu"",""x mai châu"",""mai châu"",""mai chau"",""xa mai chau"",""xamaichau"",""maichau""]",ACTIVE
GHN_ADMIN_2025,2,1005138,1005138,,1000015,"Xã Mai Hạ","[""xã mai hạ"",""x.mai hạ"",""x mai hạ"",""mai hạ"",""mai ha"",""xa mai ha"",""xamaiha"",""maiha""]",ACTIVE
GHN_ADMIN_2025,2,1005139,1005139,,1000015,"Xã Pà Cò","[""xã pà cò"",""x.pà cò"",""x pà cò"",""pà cò"",""pa co"",""xa pa co"",""xapaco"",""paco""]",ACTIVE
GHN_ADMIN_2025,2,1005140,1005140,,1000015,"Xã Tân Mai","[""xã tân mai"",""x.tân mai"",""x tân mai"",""tân mai"",""tan mai"",""xa tan mai"",""xatanmai"",""tanmai""]",ACTIVE
GHN_ADMIN_2025,2,1005141,1005141,,1000015,"Xã Mường Bi","[""xã mường bi"",""x.mường bi"",""x mường bi"",""mường bi"",""muong bi"",""xa muong bi"",""xamuongbi"",""muongbi""]",ACTIVE
GHN_ADMIN_2025,2,1005142,1005142,,1000015,"Xã Mường Hoa","[""xã mường hoa"",""x.mường hoa"",""x mường hoa"",""mường hoa"",""muong hoa"",""xa muong hoa"",""xamuonghoa"",""muonghoa""]",ACTIVE
GHN_ADMIN_2025,2,1005143,1005143,,1000015,"Xã Toàn Thắng","[""xã toàn thắng"",""x.toàn thắng"",""x toàn thắng"",""toàn thắng"",""toan thang"",""xa toan thang"",""xatoanthang"",""toanthang""]",ACTIVE
GHN_ADMIN_2025,2,1005144,1005144,,1000015,"Xã Tân Lạc","[""xã tân lạc"",""x.tân lạc"",""x tân lạc"",""tân lạc"",""tan lac"",""xa tan lac"",""xatanlac"",""tanlac""]",ACTIVE
GHN_ADMIN_2025,2,1005145,1005145,,1000015,"Xã Vân Sơn","[""xã vân sơn"",""x.vân sơn"",""x vân sơn"",""vân sơn"",""van son"",""xa van son"",""xavanson"",""vanson""]",ACTIVE
GHN_ADMIN_2025,2,1005146,1005146,,1000015,"Xã Lạc Lương","[""xã lạc lương"",""x.lạc lương"",""x lạc lương"",""lạc lương"",""lac luong"",""xa lac luong"",""xalacluong"",""lacluong""]",ACTIVE
GHN_ADMIN_2025,2,1005147,1005147,,1000015,"Xã Yên Thủy","[""xã yên thủy"",""x.yên thủy"",""x yên thủy"",""yên thủy"",""yen thuy"",""xa yen thuy"",""xayenthuy"",""yenthuy""]",ACTIVE
GHN_ADMIN_2025,2,1005148,1005148,,1000015,"Xã Yên Trị","[""xã yên trị"",""x.yên trị"",""x yên trị"",""yên trị"",""yen tri"",""xa yen tri"",""xayentri"",""yentri""]",ACTIVE
GHN_ADMIN_2025,2,1005149,1005149,,1000015,"Xã Cao Sơn","[""xã cao sơn"",""x.cao sơn"",""x cao sơn"",""cao sơn"",""cao son"",""xa cao son"",""xacaoson"",""caoson""]",ACTIVE
GHN_ADMIN_2025,2,1005150,1005150,,1000015,"Xã Quy Đức","[""xã quy đức"",""x.quy đức"",""x quy đức"",""quy đức"",""quy duc"",""xa quy duc"",""xaquyduc"",""quyduc""]",ACTIVE
GHN_ADMIN_2025,2,1005151,1005151,,1000015,"Xã Tiền Phong","[""xã tiền phong"",""x.tiền phong"",""x tiền phong"",""tiền phong"",""tien phong"",""xa tien phong"",""xatienphong"",""tienphong""]",ACTIVE
GHN_ADMIN_2025,2,1005152,1005152,,1000015,"Xã Tân Pheo","[""xã tân pheo"",""x.tân pheo"",""x tân pheo"",""tân pheo"",""tan pheo"",""xa tan pheo"",""xatanpheo"",""tanpheo""]",ACTIVE
GHN_ADMIN_2025,2,1005153,1005153,,1000015,"Xã Đà Bắc","[""xã đà bắc"",""x.đà bắc"",""x đà bắc"",""đà bắc"",""da bac"",""xa da bac"",""xadabac"",""dabac""]",ACTIVE
GHN_ADMIN_2025,2,1005154,1005154,,1000015,"Xã Đức Nhàn","[""xã đức nhàn"",""x.đức nhàn"",""x đức nhàn"",""đức nhàn"",""duc nhan"",""xa duc nhan"",""xaducnhan"",""ducnhan""]",ACTIVE
GHN_ADMIN_2025,2,1005155,1005155,,1000015,"Phường Hòa Bình","[""phường hòa bình"",""p.hòa bình"",""p hòa bình"",""hòa bình"",""hoa binh"",""phuong hoa binh"",""phuonghoabinh"",""hoabinh""]",ACTIVE
GHN_ADMIN_2025,2,1005156,1005156,,1000015,"Phường Kỳ Sơn","[""phường kỳ sơn"",""p.kỳ sơn"",""p kỳ sơn"",""kỳ sơn"",""ky son"",""phuong ky son"",""phuongkyson"",""kyson""]",ACTIVE
GHN_ADMIN_2025,2,1005157,1005157,,1000015,"Phường Thống Nhất","[""phường thống nhất"",""p.thống nhất"",""p thống nhất"",""thống nhất"",""thong nhat"",""phuong thong nhat"",""phuongthongnhat"",""thongnhat""]",ACTIVE
GHN_ADMIN_2025,2,1005158,1005158,,1000015,"Phường Tân Hòa","[""phường tân hòa"",""p.tân hòa"",""p tân hòa"",""tân hòa"",""tan hoa"",""phuong tan hoa"",""phuongtanhoa"",""tanhoa""]",ACTIVE
GHN_ADMIN_2025,2,1005159,1005159,,1000015,"Xã Thịnh Minh","[""xã thịnh minh"",""x.thịnh minh"",""x thịnh minh"",""thịnh minh"",""thinh minh"",""xa thinh minh"",""xathinhminh"",""thinhminh""]",ACTIVE
GHN_ADMIN_2025,2,1005160,1005160,,1000021,"Xã Cao Đức","[""xã cao đức"",""x.cao đức"",""x cao đức"",""cao đức"",""cao duc"",""xa cao duc"",""xacaoduc"",""caoduc""]",ACTIVE
GHN_ADMIN_2025,2,1005161,1005161,,1000021,"Xã Gia Bình","[""xã gia bình"",""x.gia bình"",""x gia bình"",""gia bình"",""gia binh"",""xa gia binh"",""xagiabinh"",""giabinh""]",ACTIVE
GHN_ADMIN_2025,2,1005162,1005162,,1000021,"Xã Nhân Thắng","[""xã nhân thắng"",""x.nhân thắng"",""x nhân thắng"",""nhân thắng"",""nhan thang"",""xa nhan thang"",""xanhanthang"",""nhanthang""]",ACTIVE
GHN_ADMIN_2025,2,1005163,1005163,,1000021,"Xã Đông Cứu","[""xã đông cứu"",""x.đông cứu"",""x đông cứu"",""đông cứu"",""dong cuu"",""xa dong cuu"",""xadongcuu"",""dongcuu""]",ACTIVE
GHN_ADMIN_2025,2,1005164,1005164,,1000021,"Xã Đại Lai","[""xã đại lai"",""x.đại lai"",""x đại lai"",""đại lai"",""dai lai"",""xa dai lai"",""xadailai"",""dailai""]",ACTIVE
GHN_ADMIN_2025,2,1005165,1005165,,1000021,"Xã Lâm Thao","[""xã lâm thao"",""x.lâm thao"",""x lâm thao"",""lâm thao"",""lam thao"",""xa lam thao"",""xalamthao"",""lamthao""]",ACTIVE
GHN_ADMIN_2025,2,1005166,1005166,,1000021,"Xã Lương Tài","[""xã lương tài"",""x.lương tài"",""x lương tài"",""lương tài"",""luong tai"",""xa luong tai"",""xaluongtai"",""luongtai""]",ACTIVE
GHN_ADMIN_2025,2,1005167,1005167,,1000021,"Xã Trung Chính","[""xã trung chính"",""x.trung chính"",""x trung chính"",""trung chính"",""trung chinh"",""xa trung chinh"",""xatrungchinh"",""trungchinh""]",ACTIVE
GHN_ADMIN_2025,2,1005168,1005168,,1000021,"Xã Trung Kênh","[""xã trung kênh"",""x.trung kênh"",""x trung kênh"",""trung kênh"",""trung kenh"",""xa trung kenh"",""xatrungkenh"",""trungkenh""]",ACTIVE
GHN_ADMIN_2025,2,1005169,1005169,,1000021,"Xã Liên Bão","[""xã liên bão"",""x.liên bão"",""x liên bão"",""liên bão"",""lien bao"",""xa lien bao"",""xalienbao"",""lienbao""]",ACTIVE
GHN_ADMIN_2025,2,1005170,1005170,,1000021,"Xã Phật Tích","[""xã phật tích"",""x.phật tích"",""x phật tích"",""phật tích"",""phat tich"",""xa phat tich"",""xaphattich"",""phattich""]",ACTIVE
GHN_ADMIN_2025,2,1005171,1005171,,1000021,"Xã Tiên Du","[""xã tiên du"",""x.tiên du"",""x tiên du"",""tiên du"",""tien du"",""xa tien du"",""xatiendu"",""tiendu""]",ACTIVE
GHN_ADMIN_2025,2,1005172,1005172,,1000021,"Xã Tân Chi","[""xã tân chi"",""x.tân chi"",""x tân chi"",""tân chi"",""tan chi"",""xa tan chi"",""xatanchi"",""tanchi""]",ACTIVE
GHN_ADMIN_2025,2,1005173,1005173,,1000021,"Xã Đại Đồng","[""xã đại đồng"",""x.đại đồng"",""x đại đồng"",""đại đồng"",""dai dong"",""xa dai dong"",""xadaidong"",""daidong""]",ACTIVE
GHN_ADMIN_2025,2,1005174,1005174,,1000021,"Xã Tam Giang","[""xã tam giang"",""x.tam giang"",""x tam giang"",""tam giang"",""xa tam giang"",""xatamgiang"",""tamgiang""]",ACTIVE
GHN_ADMIN_2025,2,1005175,1005175,,1000021,"Xã Tam Đa","[""xã tam đa"",""x.tam đa"",""x tam đa"",""tam đa"",""tam da"",""xa tam da"",""xatamda"",""tamda""]",ACTIVE
GHN_ADMIN_2025,2,1005176,1005176,,1000021,"Xã Văn Môn","[""xã văn môn"",""x.văn môn"",""x văn môn"",""văn môn"",""van mon"",""xa van mon"",""xavanmon"",""vanmon""]",ACTIVE
GHN_ADMIN_2025,2,1005177,1005177,,1000021,"Xã Yên Phong","[""xã yên phong"",""x.yên phong"",""x yên phong"",""yên phong"",""yen phong"",""xa yen phong"",""xayenphong"",""yenphong""]",ACTIVE
GHN_ADMIN_2025,2,1005178,1005178,,1000021,"Xã Yên Trung","[""xã yên trung"",""x.yên trung"",""x yên trung"",""yên trung"",""yen trung"",""xa yen trung"",""xayentrung"",""yentrung""]",ACTIVE
GHN_ADMIN_2025,2,1005179,1005179,,1000021,"Phường Hạp Lĩnh","[""phường hạp lĩnh"",""p.hạp lĩnh"",""p hạp lĩnh"",""hạp lĩnh"",""hap linh"",""phuong hap linh"",""phuonghaplinh"",""haplinh""]",ACTIVE
GHN_ADMIN_2025,2,1005180,1005180,,1000021,"Phường Kinh Bắc","[""phường kinh bắc"",""p.kinh bắc"",""p kinh bắc"",""kinh bắc"",""kinh bac"",""phuong kinh bac"",""phuongkinhbac"",""kinhbac""]",ACTIVE
GHN_ADMIN_2025,2,1005181,1005181,,1000021,"Phường Nam Sơn","[""phường nam sơn"",""p.nam sơn"",""p nam sơn"",""nam sơn"",""nam son"",""phuong nam son"",""phuongnamson"",""namson""]",ACTIVE
GHN_ADMIN_2025,2,1005182,1005182,,1000021,"Phường Võ Cường","[""phường võ cường"",""p.võ cường"",""p võ cường"",""võ cường"",""vo cuong"",""phuong vo cuong"",""phuongvocuong"",""vocuong""]",ACTIVE
GHN_ADMIN_2025,2,1005183,1005183,,1000021,"Phường Vũ Ninh","[""phường vũ ninh"",""p.vũ ninh"",""p vũ ninh"",""vũ ninh"",""vu ninh"",""phuong vu ninh"",""phuongvuninh"",""vuninh""]",ACTIVE
GHN_ADMIN_2025,2,1005184,1005184,,1000021,"Phường Phù Khê","[""phường phù khê"",""p.phù khê"",""p phù khê"",""phù khê"",""phu khe"",""phuong phu khe"",""phuongphukhe"",""phukhe""]",ACTIVE
GHN_ADMIN_2025,2,1005185,1005185,,1000021,"Phường Tam Sơn","[""phường tam sơn"",""p.tam sơn"",""p tam sơn"",""tam sơn"",""tam son"",""phuong tam son"",""phuongtamson"",""tamson""]",ACTIVE
GHN_ADMIN_2025,2,1005186,1005186,,1000021,"Phường Từ Sơn","[""phường từ sơn"",""p.từ sơn"",""p từ sơn"",""từ sơn"",""tu son"",""phuong tu son"",""phuongtuson"",""tuson""]",ACTIVE
GHN_ADMIN_2025,2,1005187,1005187,,1000021,"Phường Đồng Nguyên","[""phường đồng nguyên"",""p.đồng nguyên"",""p đồng nguyên"",""đồng nguyên"",""dong nguyen"",""phuong dong nguyen"",""phuongdongnguyen"",""dongnguyen""]",ACTIVE
GHN_ADMIN_2025,2,1005188,1005188,,1000021,"Phường Bồng Lai","[""phường bồng lai"",""p.bồng lai"",""p bồng lai"",""bồng lai"",""bong lai"",""phuong bong lai"",""phuongbonglai"",""bonglai""]",ACTIVE
GHN_ADMIN_2025,2,1005189,1005189,,1000021,"Phường Nhân Hòa","[""phường nhân hòa"",""p.nhân hòa"",""p nhân hòa"",""nhân hòa"",""nhan hoa"",""phuong nhan hoa"",""phuongnhanhoa"",""nhanhoa""]",ACTIVE
GHN_ADMIN_2025,2,1005190,1005190,,1000021,"Phường Phương Liễu","[""phường phương liễu"",""p.phương liễu"",""p phương liễu"",""phương liễu"",""phuong lieu"",""phuong phuong lieu"",""phuongphuonglieu"",""phuonglieu""]",ACTIVE
GHN_ADMIN_2025,2,1005191,1005191,,1000021,"Phường Quế Võ","[""phường quế võ"",""p.quế võ"",""p quế võ"",""quế võ"",""que vo"",""phuong que vo"",""phuongquevo"",""quevo""]",ACTIVE
GHN_ADMIN_2025,2,1005192,1005192,,1000021,"Phường Đào Viên","[""phường đào viên"",""p.đào viên"",""p đào viên"",""đào viên"",""dao vien"",""phuong dao vien"",""phuongdaovien"",""daovien""]",ACTIVE
GHN_ADMIN_2025,2,1005193,1005193,,1000021,"Xã Chi Lăng","[""xã chi lăng"",""x.chi lăng"",""x chi lăng"",""chi lăng"",""chi lang"",""xa chi lang"",""xachilang"",""chilang""]",ACTIVE
GHN_ADMIN_2025,2,1005194,1005194,,1000021,"Xã Phù Lãng","[""xã phù lãng"",""x.phù lãng"",""x phù lãng"",""phù lãng"",""phu lang"",""xa phu lang"",""xaphulang"",""phulang""]",ACTIVE
GHN_ADMIN_2025,2,1005195,1005195,,1000021,"Phường Mão Điền","[""phường mão điền"",""p.mão điền"",""p mão điền"",""mão điền"",""mao dien"",""phuong mao dien"",""phuongmaodien"",""maodien""]",ACTIVE
GHN_ADMIN_2025,2,1005196,1005196,,1000021,"Phường Ninh Xá","[""phường ninh xá"",""p.ninh xá"",""p ninh xá"",""ninh xá"",""ninh xa"",""phuong ninh xa"",""phuongninhxa"",""ninhxa""]",ACTIVE
GHN_ADMIN_2025,2,1005197,1005197,,1000021,"Phường Song Liễu","[""phường song liễu"",""p.song liễu"",""p song liễu"",""song liễu"",""song lieu"",""phuong song lieu"",""phuongsonglieu"",""songlieu""]",ACTIVE
GHN_ADMIN_2025,2,1005198,1005198,,1000021,"Phường Thuận Thành","[""phường thuận thành"",""p.thuận thành"",""p thuận thành"",""thuận thành"",""thuan thanh"",""phuong thuan thanh"",""phuongthuanthanh"",""thuanthanh""]",ACTIVE
GHN_ADMIN_2025,2,1005199,1005199,,1000021,"Phường Trí Quả","[""phường trí quả"",""p.trí quả"",""p trí quả"",""trí quả"",""tri qua"",""phuong tri qua"",""phuongtriqua"",""triqua""]",ACTIVE
GHN_ADMIN_2025,2,1005200,1005200,,1000021,"Phường Trạm Lộ","[""phường trạm lộ"",""p.trạm lộ"",""p trạm lộ"",""trạm lộ"",""tram lo"",""phuong tram lo"",""phuongtramlo"",""tramlo""]",ACTIVE
GHN_ADMIN_2025,2,1005201,1005201,,1000021,"Xã Hiệp Hòa","[""xã hiệp hòa"",""x.hiệp hòa"",""x hiệp hòa"",""hiệp hòa"",""hiep hoa"",""xa hiep hoa"",""xahiephoa"",""hiephoa""]",ACTIVE
GHN_ADMIN_2025,2,1005202,1005202,,1000021,"Xã Hoàng Vân","[""xã hoàng vân"",""x.hoàng vân"",""x hoàng vân"",""hoàng vân"",""hoang van"",""xa hoang van"",""xahoangvan"",""hoangvan""]",ACTIVE
GHN_ADMIN_2025,2,1005203,1005203,,1000021,"Xã Hợp Thịnh","[""xã hợp thịnh"",""x.hợp thịnh"",""x hợp thịnh"",""hợp thịnh"",""hop thinh"",""xa hop thinh"",""xahopthinh"",""hopthinh""]",ACTIVE
GHN_ADMIN_2025,2,1005204,1005204,,1000021,"Xã Xuân Cẩm","[""xã xuân cẩm"",""x.xuân cẩm"",""x xuân cẩm"",""xuân cẩm"",""xuan cam"",""xa xuan cam"",""xaxuancam"",""xuancam""]",ACTIVE
GHN_ADMIN_2025,2,1005205,1005205,,1000021,"Xã Kép","[""xã kép"",""x.kép"",""x kép"",""kép"",""kep"",""xa kep"",""xakep"",""kep""]",ACTIVE
GHN_ADMIN_2025,2,1005206,1005206,,1000021,"Xã Lạng Giang","[""xã lạng giang"",""x.lạng giang"",""x lạng giang"",""lạng giang"",""lang giang"",""xa lang giang"",""xalanggiang"",""langgiang""]",ACTIVE
GHN_ADMIN_2025,2,1005207,1005207,,1000021,"Xã Mỹ Thái","[""xã mỹ thái"",""x.mỹ thái"",""x mỹ thái"",""mỹ thái"",""my thai"",""xa my thai"",""xamythai"",""mythai""]",ACTIVE
GHN_ADMIN_2025,2,1005208,1005208,,1000021,"Xã Tiên Lục","[""xã tiên lục"",""x.tiên lục"",""x tiên lục"",""tiên lục"",""tien luc"",""xa tien luc"",""xatienluc"",""tienluc""]",ACTIVE
GHN_ADMIN_2025,2,1005209,1005209,,1000021,"Xã Tân Dĩnh","[""xã tân dĩnh"",""x.tân dĩnh"",""x tân dĩnh"",""tân dĩnh"",""tan dinh"",""xa tan dinh"",""xatandinh"",""tandinh""]",ACTIVE
GHN_ADMIN_2025,2,1005210,1005210,,1000021,"Xã Bảo Đài","[""xã bảo đài"",""x.bảo đài"",""x bảo đài"",""bảo đài"",""bao dai"",""xa bao dai"",""xabaodai"",""baodai""]",ACTIVE
GHN_ADMIN_2025,2,1005211,1005211,,1000021,"Xã Bắc Lũng","[""xã bắc lũng"",""x.bắc lũng"",""x bắc lũng"",""bắc lũng"",""bac lung"",""xa bac lung"",""xabaclung"",""baclung""]",ACTIVE
GHN_ADMIN_2025,2,1005212,1005212,,1000021,"Xã Cẩm Lý","[""xã cẩm lý"",""x.cẩm lý"",""x cẩm lý"",""cẩm lý"",""cam ly"",""xa cam ly"",""xacamly"",""camly""]",ACTIVE
GHN_ADMIN_2025,2,1005213,1005213,,1000021,"Xã Lục Nam","[""xã lục nam"",""x.lục nam"",""x lục nam"",""lục nam"",""luc nam"",""xa luc nam"",""xalucnam"",""lucnam""]",ACTIVE
GHN_ADMIN_2025,2,1005214,1005214,,1000021,"Xã Lục Sơn","[""xã lục sơn"",""x.lục sơn"",""x lục sơn"",""lục sơn"",""luc son"",""xa luc son"",""xalucson"",""lucson""]",ACTIVE
GHN_ADMIN_2025,2,1005215,1005215,,1000021,"Xã Nghĩa Phương","[""xã nghĩa phương"",""x.nghĩa phương"",""x nghĩa phương"",""nghĩa phương"",""nghia phuong"",""xa nghia phuong"",""xanghiaphuong"",""nghiaphuong""]",ACTIVE
GHN_ADMIN_2025,2,1005216,1005216,,1000021,"Xã Trường Sơn","[""xã trường sơn"",""x.trường sơn"",""x trường sơn"",""trường sơn"",""truong son"",""xa truong son"",""xatruongson"",""truongson""]",ACTIVE
GHN_ADMIN_2025,2,1005217,1005217,,1000021,"Xã Đông Phú","[""xã đông phú"",""x.đông phú"",""x đông phú"",""đông phú"",""dong phu"",""xa dong phu"",""xadongphu"",""dongphu""]",ACTIVE
GHN_ADMIN_2025,2,1005218,1005218,,1000021,"Xã Biên Sơn","[""xã biên sơn"",""x.biên sơn"",""x biên sơn"",""biên sơn"",""bien son"",""xa bien son"",""xabienson"",""bienson""]",ACTIVE
GHN_ADMIN_2025,2,1005219,1005219,,1000021,"Xã Biển Động","[""xã biển động"",""x.biển động"",""x biển động"",""biển động"",""bien dong"",""xa bien dong"",""xabiendong"",""biendong""]",ACTIVE
GHN_ADMIN_2025,2,1005220,1005220,,1000021,"Xã Lục Ngạn","[""xã lục ngạn"",""x.lục ngạn"",""x lục ngạn"",""lục ngạn"",""luc ngan"",""xa luc ngan"",""xalucngan"",""lucngan""]",ACTIVE
GHN_ADMIN_2025,2,1005221,1005221,,1000021,"Xã Nam Dương","[""xã nam dương"",""x.nam dương"",""x nam dương"",""nam dương"",""nam duong"",""xa nam duong"",""xanamduong"",""namduong""]",ACTIVE
GHN_ADMIN_2025,2,1005222,1005222,,1000021,"Xã Sa Lý","[""xã sa lý"",""x.sa lý"",""x sa lý"",""sa lý"",""sa ly"",""xa sa ly"",""xasaly"",""saly""]",ACTIVE
GHN_ADMIN_2025,2,1005223,1005223,,1000021,"Xã Sơn Hải","[""xã sơn hải"",""x.sơn hải"",""x sơn hải"",""sơn hải"",""son hai"",""xa son hai"",""xasonhai"",""sonhai""]",ACTIVE
GHN_ADMIN_2025,2,1005224,1005224,,1000021,"Xã Tân Sơn","[""xã tân sơn"",""x.tân sơn"",""x tân sơn"",""tân sơn"",""tan son"",""xa tan son"",""xatanson"",""tanson""]",ACTIVE
GHN_ADMIN_2025,2,1005225,1005225,,1000021,"Xã Đèo Gia","[""xã đèo gia"",""x.đèo gia"",""x đèo gia"",""đèo gia"",""deo gia"",""xa deo gia"",""xadeogia"",""deogia""]",ACTIVE
GHN_ADMIN_2025,2,1005226,1005226,,1000021,"Xã An Lạc","[""xã an lạc"",""x.an lạc"",""x an lạc"",""an lạc"",""an lac"",""xa an lac"",""xaanlac"",""anlac""]",ACTIVE
GHN_ADMIN_2025,2,1005227,1005227,,1000021,"Xã Dương Hưu","[""xã dương hưu"",""x.dương hưu"",""x dương hưu"",""dương hưu"",""duong huu"",""xa duong huu"",""xaduonghuu"",""duonghuu""]",ACTIVE
GHN_ADMIN_2025,2,1005228,1005228,,1000021,"Xã Sơn Động","[""xã sơn động"",""x.sơn động"",""x sơn động"",""sơn động"",""son dong"",""xa son dong"",""xasondong"",""sondong""]",ACTIVE
GHN_ADMIN_2025,2,1005229,1005229,,1000021,"Xã Tuấn Đạo","[""xã tuấn đạo"",""x.tuấn đạo"",""x tuấn đạo"",""tuấn đạo"",""tuan dao"",""xa tuan dao"",""xatuandao"",""tuandao""]",ACTIVE
GHN_ADMIN_2025,2,1005230,1005230,,1000021,"Xã Tây Yên Tử","[""xã tây yên tử"",""x.tây yên tử"",""x tây yên tử"",""tây yên tử"",""tay yen tu"",""xa tay yen tu"",""xatayyentu"",""tayyentu""]",ACTIVE
GHN_ADMIN_2025,2,1005231,1005231,,1000021,"Xã Vân Sơn","[""xã vân sơn"",""x.vân sơn"",""x vân sơn"",""vân sơn"",""van son"",""xa van son"",""xavanson"",""vanson""]",ACTIVE
GHN_ADMIN_2025,2,1005232,1005232,,1000021,"Xã Yên Định","[""xã yên định"",""x.yên định"",""x yên định"",""yên định"",""yen dinh"",""xa yen dinh"",""xayendinh"",""yendinh""]",ACTIVE
GHN_ADMIN_2025,2,1005233,1005233,,1000021,"Xã Đại Sơn","[""xã đại sơn"",""x.đại sơn"",""x đại sơn"",""đại sơn"",""dai son"",""xa dai son"",""xadaison"",""daison""]",ACTIVE
GHN_ADMIN_2025,2,1005234,1005234,,1000021,"Xã Ngọc Thiện","[""xã ngọc thiện"",""x.ngọc thiện"",""x ngọc thiện"",""ngọc thiện"",""ngoc thien"",""xa ngoc thien"",""xangocthien"",""ngocthien""]",ACTIVE
GHN_ADMIN_2025,2,1005235,1005235,,1000021,"Xã Nhã Nam","[""xã nhã nam"",""x.nhã nam"",""x nhã nam"",""nhã nam"",""nha nam"",""xa nha nam"",""xanhanam"",""nhanam""]",ACTIVE
GHN_ADMIN_2025,2,1005236,1005236,,1000021,"Xã Phúc Hòa","[""xã phúc hòa"",""x.phúc hòa"",""x phúc hòa"",""phúc hòa"",""phuc hoa"",""xa phuc hoa"",""xaphuchoa"",""phuchoa""]",ACTIVE
GHN_ADMIN_2025,2,1005237,1005237,,1000021,"Xã Quang Trung","[""xã quang trung"",""x.quang trung"",""x quang trung"",""quang trung"",""xa quang trung"",""xaquangtrung"",""quangtrung""]",ACTIVE
GHN_ADMIN_2025,2,1005238,1005238,,1000021,"Xã Tân Yên","[""xã tân yên"",""x.tân yên"",""x tân yên"",""tân yên"",""tan yen"",""xa tan yen"",""xatanyen"",""tanyen""]",ACTIVE
GHN_ADMIN_2025,2,1005239,1005239,,1000021,"Xã Bố Hạ","[""xã bố hạ"",""x.bố hạ"",""x bố hạ"",""bố hạ"",""bo ha"",""xa bo ha"",""xaboha"",""boha""]",ACTIVE
GHN_ADMIN_2025,2,1005240,1005240,,1000021,"Xã Tam Tiến","[""xã tam tiến"",""x.tam tiến"",""x tam tiến"",""tam tiến"",""tam tien"",""xa tam tien"",""xatamtien"",""tamtien""]",ACTIVE
GHN_ADMIN_2025,2,1005241,1005241,,1000021,"Xã Xuân Lương","[""xã xuân lương"",""x.xuân lương"",""x xuân lương"",""xuân lương"",""xuan luong"",""xa xuan luong"",""xaxuanluong"",""xuanluong""]",ACTIVE
GHN_ADMIN_2025,2,1005242,1005242,,1000021,"Xã Yên Thế","[""xã yên thế"",""x.yên thế"",""x yên thế"",""yên thế"",""yen the"",""xa yen the"",""xayenthe"",""yenthe""]",ACTIVE
GHN_ADMIN_2025,2,1005243,1005243,,1000021,"Xã Đồng Kỳ","[""xã đồng kỳ"",""x.đồng kỳ"",""x đồng kỳ"",""đồng kỳ"",""dong ky"",""xa dong ky"",""xadongky"",""dongky""]",ACTIVE
GHN_ADMIN_2025,2,1005244,1005244,,1000021,"Phường Bắc Giang","[""phường bắc giang"",""p.bắc giang"",""p bắc giang"",""bắc giang"",""bac giang"",""phuong bac giang"",""phuongbacgiang"",""bacgiang""]",ACTIVE
GHN_ADMIN_2025,2,1005245,1005245,,1000021,"Phường Cảnh Thụy","[""phường cảnh thụy"",""p.cảnh thụy"",""p cảnh thụy"",""cảnh thụy"",""canh thuy"",""phuong canh thuy"",""phuongcanhthuy"",""canhthuy""]",ACTIVE
GHN_ADMIN_2025,2,1005246,1005246,,1000021,"Phường Tiền Phong","[""phường tiền phong"",""p.tiền phong"",""p tiền phong"",""tiền phong"",""tien phong"",""phuong tien phong"",""phuongtienphong"",""tienphong""]",ACTIVE
GHN_ADMIN_2025,2,1005247,1005247,,1000021,"Phường Tân An","[""phường tân an"",""p.tân an"",""p tân an"",""tân an"",""tan an"",""phuong tan an"",""phuongtanan"",""tanan""]",ACTIVE
GHN_ADMIN_2025,2,1005248,1005248,,1000021,"Phường Tân Tiến","[""phường tân tiến"",""p.tân tiến"",""p tân tiến"",""tân tiến"",""tan tien"",""phuong tan tien"",""phuongtantien"",""tantien""]",ACTIVE
GHN_ADMIN_2025,2,1005249,1005249,,1000021,"Phường Yên Dũng","[""phường yên dũng"",""p.yên dũng"",""p yên dũng"",""yên dũng"",""yen dung"",""phuong yen dung"",""phuongyendung"",""yendung""]",ACTIVE
GHN_ADMIN_2025,2,1005250,1005250,,1000021,"Phường Đa Mai","[""phường đa mai"",""p.đa mai"",""p đa mai"",""đa mai"",""da mai"",""phuong da mai"",""phuongdamai"",""damai""]",ACTIVE
GHN_ADMIN_2025,2,1005251,1005251,,1000021,"Xã Đồng Việt","[""xã đồng việt"",""x.đồng việt"",""x đồng việt"",""đồng việt"",""dong viet"",""xa dong viet"",""xadongviet"",""dongviet""]",ACTIVE
GHN_ADMIN_2025,2,1005252,1005252,,1000021,"Phường Nếnh","[""phường nếnh"",""p.nếnh"",""p nếnh"",""nếnh"",""nenh"",""phuong nenh"",""phuongnenh"",""nenh""]",ACTIVE
GHN_ADMIN_2025,2,1005253,1005253,,1000021,"Phường Tự Lạn","[""phường tự lạn"",""p.tự lạn"",""p tự lạn"",""tự lạn"",""tu lan"",""phuong tu lan"",""phuongtulan"",""tulan""]",ACTIVE
GHN_ADMIN_2025,2,1005254,1005254,,1000021,"Phường Việt Yên","[""phường việt yên"",""p.việt yên"",""p việt yên"",""việt yên"",""viet yen"",""phuong viet yen"",""phuongvietyen"",""vietyen""]",ACTIVE
GHN_ADMIN_2025,2,1005255,1005255,,1000021,"Phường Vân Hà","[""phường vân hà"",""p.vân hà"",""p vân hà"",""vân hà"",""van ha"",""phuong van ha"",""phuongvanha"",""vanha""]",ACTIVE
GHN_ADMIN_2025,2,1005256,1005256,,1000021,"Phường Chũ","[""phường chũ"",""p.chũ"",""p chũ"",""chũ"",""chu"",""phuong chu"",""phuongchu"",""chu""]",ACTIVE
GHN_ADMIN_2025,2,1005257,1005257,,1000021,"Phường Phượng Sơn","[""phường phượng sơn"",""p.phượng sơn"",""p phượng sơn"",""phượng sơn"",""phuong son"",""phuong phuong son"",""phuongphuongson"",""phuongson""]",ACTIVE
GHN_ADMIN_2025,2,1005258,1005258,,1000021,"Xã Kiên Lao","[""xã kiên lao"",""x.kiên lao"",""x kiên lao"",""kiên lao"",""kien lao"",""xa kien lao"",""xakienlao"",""kienlao""]",ACTIVE
GHN_ADMIN_2025,2,1005259,1005259,,1000023,"Xã Châu Ninh","[""xã châu ninh"",""x.châu ninh"",""x châu ninh"",""châu ninh"",""chau ninh"",""xa chau ninh"",""xachauninh"",""chauninh""]",ACTIVE
GHN_ADMIN_2025,2,1005260,1005260,,1000023,"Xã Chí Minh","[""xã chí minh"",""x.chí minh"",""x chí minh"",""chí minh"",""chi minh"",""xa chi minh"",""xachiminh"",""chiminh""]",ACTIVE
GHN_ADMIN_2025,2,1005261,1005261,,1000023,"Xã Khoái Châu","[""xã khoái châu"",""x.khoái châu"",""x khoái châu"",""khoái châu"",""khoai chau"",""xa khoai chau"",""xakhoaichau"",""khoaichau""]",ACTIVE
GHN_ADMIN_2025,2,1005262,1005262,,1000023,"Xã Triệu Việt Vương","[""xã triệu việt vương"",""x.triệu việt vương"",""x triệu việt vương"",""triệu việt vương"",""trieu viet vuong"",""xa trieu viet vuong"",""xatrieuvietvuong"",""trieuvietvuong""]",ACTIVE
GHN_ADMIN_2025,2,1005263,1005263,,1000023,"Xã Việt Tiến","[""xã việt tiến"",""x.việt tiến"",""x việt tiến"",""việt tiến"",""viet tien"",""xa viet tien"",""xaviettien"",""viettien""]",ACTIVE
GHN_ADMIN_2025,2,1005264,1005264,,1000023,"Xã Hiệp Cường","[""xã hiệp cường"",""x.hiệp cường"",""x hiệp cường"",""hiệp cường"",""hiep cuong"",""xa hiep cuong"",""xahiepcuong"",""hiepcuong""]",ACTIVE
GHN_ADMIN_2025,2,1005265,1005265,,1000023,"Xã Lương Bằng","[""xã lương bằng"",""x.lương bằng"",""x lương bằng"",""lương bằng"",""luong bang"",""xa luong bang"",""xaluongbang"",""luongbang""]",ACTIVE
GHN_ADMIN_2025,2,1005266,1005266,,1000023,"Xã Nghĩa Dân","[""xã nghĩa dân"",""x.nghĩa dân"",""x nghĩa dân"",""nghĩa dân"",""nghia dan"",""xa nghia dan"",""xanghiadan"",""nghiadan""]",ACTIVE
GHN_ADMIN_2025,2,1005267,1005267,,1000023,"Xã Đức Hợp","[""xã đức hợp"",""x.đức hợp"",""x đức hợp"",""đức hợp"",""duc hop"",""xa duc hop"",""xaduchop"",""duchop""]",ACTIVE
GHN_ADMIN_2025,2,1005268,1005268,,1000023,"Xã Quang Hưng","[""xã quang hưng"",""x.quang hưng"",""x quang hưng"",""quang hưng"",""quang hung"",""xa quang hung"",""xaquanghung"",""quanghung""]",ACTIVE
GHN_ADMIN_2025,2,1005269,1005269,,1000023,"Xã Tiên Tiến","[""xã tiên tiến"",""x.tiên tiến"",""x tiên tiến"",""tiên tiến"",""tien tien"",""xa tien tien"",""xatientien"",""tientien""]",ACTIVE
GHN_ADMIN_2025,2,1005270,1005270,,1000023,"Xã Tống Trân","[""xã tống trân"",""x.tống trân"",""x tống trân"",""tống trân"",""tong tran"",""xa tong tran"",""xatongtran"",""tongtran""]",ACTIVE
GHN_ADMIN_2025,2,1005271,1005271,,1000023,"Xã Đoàn Đào","[""xã đoàn đào"",""x.đoàn đào"",""x đoàn đào"",""đoàn đào"",""doan dao"",""xa doan dao"",""xadoandao"",""doandao""]",ACTIVE
GHN_ADMIN_2025,2,1005272,1005272,,1000023,"Xã Hoàng Hoa Thám","[""xã hoàng hoa thám"",""x.hoàng hoa thám"",""x hoàng hoa thám"",""hoàng hoa thám"",""hoang hoa tham"",""xa hoang hoa tham"",""xahoanghoatham"",""hoanghoatham""]",ACTIVE
GHN_ADMIN_2025,2,1005273,1005273,,1000023,"Xã Tiên Hoa","[""xã tiên hoa"",""x.tiên hoa"",""x tiên hoa"",""tiên hoa"",""tien hoa"",""xa tien hoa"",""xatienhoa"",""tienhoa""]",ACTIVE
GHN_ADMIN_2025,2,1005274,1005274,,1000023,"Xã Tiên Lữ","[""xã tiên lữ"",""x.tiên lữ"",""x tiên lữ"",""tiên lữ"",""tien lu"",""xa tien lu"",""xatienlu"",""tienlu""]",ACTIVE
GHN_ADMIN_2025,2,1005275,1005275,,1000023,"Xã Mễ Sở","[""xã mễ sở"",""x.mễ sở"",""x mễ sở"",""mễ sở"",""me so"",""xa me so"",""xameso"",""meso""]",ACTIVE
GHN_ADMIN_2025,2,1005276,1005276,,1000023,"Xã Nghĩa Trụ","[""xã nghĩa trụ"",""x.nghĩa trụ"",""x nghĩa trụ"",""nghĩa trụ"",""nghia tru"",""xa nghia tru"",""xanghiatru"",""nghiatru""]",ACTIVE
GHN_ADMIN_2025,2,1005277,1005277,,1000023,"Xã Phụng Công","[""xã phụng công"",""x.phụng công"",""x phụng công"",""phụng công"",""phung cong"",""xa phung cong"",""xaphungcong"",""phungcong""]",ACTIVE
GHN_ADMIN_2025,2,1005278,1005278,,1000023,"Xã Văn Giang","[""xã văn giang"",""x.văn giang"",""x văn giang"",""văn giang"",""van giang"",""xa van giang"",""xavangiang"",""vangiang""]",ACTIVE
GHN_ADMIN_2025,2,1005279,1005279,,1000023,"Xã Lạc Đạo","[""xã lạc đạo"",""x.lạc đạo"",""x lạc đạo"",""lạc đạo"",""lac dao"",""xa lac dao"",""xalacdao"",""lacdao""]",ACTIVE
GHN_ADMIN_2025,2,1005280,1005280,,1000023,"Xã Như Quỳnh","[""xã như quỳnh"",""x.như quỳnh"",""x như quỳnh"",""như quỳnh"",""nhu quynh"",""xa nhu quynh"",""xanhuquynh"",""nhuquynh""]",ACTIVE
GHN_ADMIN_2025,2,1005281,1005281,,1000023,"Xã Đại Đồng","[""xã đại đồng"",""x.đại đồng"",""x đại đồng"",""đại đồng"",""dai dong"",""xa dai dong"",""xadaidong"",""daidong""]",ACTIVE
GHN_ADMIN_2025,2,1005282,1005282,,1000023,"Xã Hoàn Long","[""xã hoàn long"",""x.hoàn long"",""x hoàn long"",""hoàn long"",""hoan long"",""xa hoan long"",""xahoanlong"",""hoanlong""]",ACTIVE
GHN_ADMIN_2025,2,1005283,1005283,,1000023,"Xã Nguyễn Văn Linh","[""xã nguyễn văn linh"",""x.nguyễn văn linh"",""x nguyễn văn linh"",""nguyễn văn linh"",""nguyen van linh"",""xa nguyen van linh"",""xanguyenvanlinh"",""nguyenvanlinh""]",ACTIVE
GHN_ADMIN_2025,2,1005284,1005284,,1000023,"Xã Việt Yên","[""xã việt yên"",""x.việt yên"",""x việt yên"",""việt yên"",""viet yen"",""xa viet yen"",""xavietyen"",""vietyen""]",ACTIVE
GHN_ADMIN_2025,2,1005285,1005285,,1000023,"Xã Yên Mỹ","[""xã yên mỹ"",""x.yên mỹ"",""x yên mỹ"",""yên mỹ"",""yen my"",""xa yen my"",""xayenmy"",""yenmy""]",ACTIVE
GHN_ADMIN_2025,2,1005286,1005286,,1000023,"Xã Hồng Quang","[""xã hồng quang"",""x.hồng quang"",""x hồng quang"",""hồng quang"",""hong quang"",""xa hong quang"",""xahongquang"",""hongquang""]",ACTIVE
GHN_ADMIN_2025,2,1005287,1005287,,1000023,"Xã Nguyễn Trãi","[""xã nguyễn trãi"",""x.nguyễn trãi"",""x nguyễn trãi"",""nguyễn trãi"",""nguyen trai"",""xa nguyen trai"",""xanguyentrai"",""nguyentrai""]",ACTIVE
GHN_ADMIN_2025,2,1005288,1005288,,1000023,"Xã Phạm Ngũ Lão","[""xã phạm ngũ lão"",""x.phạm ngũ lão"",""x phạm ngũ lão"",""phạm ngũ lão"",""pham ngu lao"",""xa pham ngu lao"",""xaphamngulao"",""phamngulao""]",ACTIVE
GHN_ADMIN_2025,2,1005289,1005289,,1000023,"Xã Xuân Trúc","[""xã xuân trúc"",""x.xuân trúc"",""x xuân trúc"",""xuân trúc"",""xuan truc"",""xa xuan truc"",""xaxuantruc"",""xuantruc""]",ACTIVE
GHN_ADMIN_2025,2,1005290,1005290,,1000023,"Xã Ân Thi","[""xã ân thi"",""x.ân thi"",""x ân thi"",""ân thi"",""an thi"",""xa an thi"",""xaanthi"",""anthi""]",ACTIVE
GHN_ADMIN_2025,2,1005291,1005291,,1000023,"Phường Hồng Châu","[""phường hồng châu"",""p.hồng châu"",""p hồng châu"",""hồng châu"",""hong chau"",""phuong hong chau"",""phuonghongchau"",""hongchau""]",ACTIVE
GHN_ADMIN_2025,2,1005292,1005292,,1000023,"Phường Phố Hiến","[""phường phố hiến"",""p.phố hiến"",""p phố hiến"",""phố hiến"",""pho hien"",""phuong pho hien"",""phuongphohien"",""phohien""]",ACTIVE
GHN_ADMIN_2025,2,1005293,1005293,,1000023,"Phường Sơn Nam","[""phường sơn nam"",""p.sơn nam"",""p sơn nam"",""sơn nam"",""son nam"",""phuong son nam"",""phuongsonnam"",""sonnam""]",ACTIVE
GHN_ADMIN_2025,2,1005294,1005294,,1000023,"Xã Tân Hưng","[""xã tân hưng"",""x.tân hưng"",""x tân hưng"",""tân hưng"",""tan hung"",""xa tan hung"",""xatanhung"",""tanhung""]",ACTIVE
GHN_ADMIN_2025,2,1005295,1005295,,1000023,"Phường Mỹ Hào","[""phường mỹ hào"",""p.mỹ hào"",""p mỹ hào"",""mỹ hào"",""my hao"",""phuong my hao"",""phuongmyhao"",""myhao""]",ACTIVE
GHN_ADMIN_2025,2,1005296,1005296,,1000023,"Phường Thượng Hồng","[""phường thượng hồng"",""p.thượng hồng"",""p thượng hồng"",""thượng hồng"",""thuong hong"",""phuong thuong hong"",""phuongthuonghong"",""thuonghong""]",ACTIVE
GHN_ADMIN_2025,2,1005297,1005297,,1000023,"Phường Đường Hào","[""phường đường hào"",""p.đường hào"",""p đường hào"",""đường hào"",""duong hao"",""phuong duong hao"",""phuongduonghao"",""duonghao""]",ACTIVE
GHN_ADMIN_2025,2,1005298,1005298,,1000023,"Xã Diên Hà","[""xã diên hà"",""x.diên hà"",""x diên hà"",""diên hà"",""dien ha"",""xa dien ha"",""xadienha"",""dienha""]",ACTIVE
GHN_ADMIN_2025,2,1005299,1005299,,1000023,"Xã Hưng Hà","[""xã hưng hà"",""x.hưng hà"",""x hưng hà"",""hưng hà"",""hung ha"",""xa hung ha"",""xahungha"",""hungha""]",ACTIVE
GHN_ADMIN_2025,2,1005300,1005300,,1000023,"Xã Hồng Minh","[""xã hồng minh"",""x.hồng minh"",""x hồng minh"",""hồng minh"",""hong minh"",""xa hong minh"",""xahongminh"",""hongminh""]",ACTIVE
GHN_ADMIN_2025,2,1005301,1005301,,1000023,"Xã Long Hưng","[""xã long hưng"",""x.long hưng"",""x long hưng"",""long hưng"",""long hung"",""xa long hung"",""xalonghung"",""longhung""]",ACTIVE
GHN_ADMIN_2025,2,1005302,1005302,,1000023,"Xã Lê Quý Đôn","[""xã lê quý đôn"",""x.lê quý đôn"",""x lê quý đôn"",""lê quý đôn"",""le quy don"",""xa le quy don"",""xalequydon"",""lequydon""]",ACTIVE
GHN_ADMIN_2025,2,1005303,1005303,,1000023,"Xã Ngự Thiên","[""xã ngự thiên"",""x.ngự thiên"",""x ngự thiên"",""ngự thiên"",""ngu thien"",""xa ngu thien"",""xanguthien"",""nguthien""]",ACTIVE
GHN_ADMIN_2025,2,1005304,1005304,,1000023,"Xã Thần Khê","[""xã thần khê"",""x.thần khê"",""x thần khê"",""thần khê"",""than khe"",""xa than khe"",""xathankhe"",""thankhe""]",ACTIVE
GHN_ADMIN_2025,2,1005305,1005305,,1000023,"Xã Tiên La","[""xã tiên la"",""x.tiên la"",""x tiên la"",""tiên la"",""tien la"",""xa tien la"",""xatienla"",""tienla""]",ACTIVE
GHN_ADMIN_2025,2,1005306,1005306,,1000023,"Xã Bình Nguyên","[""xã bình nguyên"",""x.bình nguyên"",""x bình nguyên"",""bình nguyên"",""binh nguyen"",""xa binh nguyen"",""xabinhnguyen"",""binhnguyen""]",ACTIVE
GHN_ADMIN_2025,2,1005307,1005307,,1000023,"Xã Bình Thanh","[""xã bình thanh"",""x.bình thanh"",""x bình thanh"",""bình thanh"",""binh thanh"",""xa binh thanh"",""xabinhthanh"",""binhthanh""]",ACTIVE
GHN_ADMIN_2025,2,1005308,1005308,,1000023,"Xã Bình Định","[""xã bình định"",""x.bình định"",""x bình định"",""bình định"",""binh dinh"",""xa binh dinh"",""xabinhdinh"",""binhdinh""]",ACTIVE
GHN_ADMIN_2025,2,1005309,1005309,,1000023,"Xã Hồng Vũ","[""xã hồng vũ"",""x.hồng vũ"",""x hồng vũ"",""hồng vũ"",""hong vu"",""xa hong vu"",""xahongvu"",""hongvu""]",ACTIVE
GHN_ADMIN_2025,2,1005310,1005310,,1000023,"Xã Kiến Xương","[""xã kiến xương"",""x.kiến xương"",""x kiến xương"",""kiến xương"",""kien xuong"",""xa kien xuong"",""xakienxuong"",""kienxuong""]",ACTIVE
GHN_ADMIN_2025,2,1005311,1005311,,1000023,"Xã Lê Lợi","[""xã lê lợi"",""x.lê lợi"",""x lê lợi"",""lê lợi"",""le loi"",""xa le loi"",""xaleloi"",""leloi""]",ACTIVE
GHN_ADMIN_2025,2,1005312,1005312,,1000023,"Xã Quang Lịch","[""xã quang lịch"",""x.quang lịch"",""x quang lịch"",""quang lịch"",""quang lich"",""xa quang lich"",""xaquanglich"",""quanglich""]",ACTIVE
GHN_ADMIN_2025,2,1005313,1005313,,1000023,"Xã Trà Giang","[""xã trà giang"",""x.trà giang"",""x trà giang"",""trà giang"",""tra giang"",""xa tra giang"",""xatragiang"",""tragiang""]",ACTIVE
GHN_ADMIN_2025,2,1005314,1005314,,1000023,"Xã Vũ Quý","[""xã vũ quý"",""x.vũ quý"",""x vũ quý"",""vũ quý"",""vu quy"",""xa vu quy"",""xavuquy"",""vuquy""]",ACTIVE
GHN_ADMIN_2025,2,1005315,1005315,,1000023,"Xã A Sào","[""xã a sào"",""x.a sào"",""x a sào"",""a sào"",""a sao"",""xa a sao"",""xaasao"",""asao""]",ACTIVE
GHN_ADMIN_2025,2,1005316,1005316,,1000023,"Xã Minh Thọ","[""xã minh thọ"",""x.minh thọ"",""x minh thọ"",""minh thọ"",""minh tho"",""xa minh tho"",""xaminhtho"",""minhtho""]",ACTIVE
GHN_ADMIN_2025,2,1005317,1005317,,1000023,"Xã Nguyễn Du","[""xã nguyễn du"",""x.nguyễn du"",""x nguyễn du"",""nguyễn du"",""nguyen du"",""xa nguyen du"",""xanguyendu"",""nguyendu""]",ACTIVE
GHN_ADMIN_2025,2,1005318,1005318,,1000023,"Xã Ngọc Lâm","[""xã ngọc lâm"",""x.ngọc lâm"",""x ngọc lâm"",""ngọc lâm"",""ngoc lam"",""xa ngoc lam"",""xangoclam"",""ngoclam""]",ACTIVE
GHN_ADMIN_2025,2,1005319,1005319,,1000023,"Xã Phụ Dực","[""xã phụ dực"",""x.phụ dực"",""x phụ dực"",""phụ dực"",""phu duc"",""xa phu duc"",""xaphuduc"",""phuduc""]",ACTIVE
GHN_ADMIN_2025,2,1005320,1005320,,1000023,"Xã Quỳnh An","[""xã quỳnh an"",""x.quỳnh an"",""x quỳnh an"",""quỳnh an"",""quynh an"",""xa quynh an"",""xaquynhan"",""quynhan""]",ACTIVE
GHN_ADMIN_2025,2,1005321,1005321,,1000023,"Xã Quỳnh Phụ","[""xã quỳnh phụ"",""x.quỳnh phụ"",""x quỳnh phụ"",""quỳnh phụ"",""quynh phu"",""xa quynh phu"",""xaquynhphu"",""quynhphu""]",ACTIVE
GHN_ADMIN_2025,2,1005322,1005322,,1000023,"Xã Tân Tiến","[""xã tân tiến"",""x.tân tiến"",""x tân tiến"",""tân tiến"",""tan tien"",""xa tan tien"",""xatantien"",""tantien""]",ACTIVE
GHN_ADMIN_2025,2,1005323,1005323,,1000023,"Xã Đồng Bằng","[""xã đồng bằng"",""x.đồng bằng"",""x đồng bằng"",""đồng bằng"",""dong bang"",""xa dong bang"",""xadongbang"",""dongbang""]",ACTIVE
GHN_ADMIN_2025,2,1005324,1005324,,1000023,"Xã Bắc Thái Ninh","[""xã bắc thái ninh"",""x.bắc thái ninh"",""x bắc thái ninh"",""bắc thái ninh"",""bac thai ninh"",""xa bac thai ninh"",""xabacthaininh"",""bacthaininh""]",ACTIVE
GHN_ADMIN_2025,2,1005325,1005325,,1000023,"Xã Bắc Thụy Anh","[""xã bắc thụy anh"",""x.bắc thụy anh"",""x bắc thụy anh"",""bắc thụy anh"",""bac thuy anh"",""xa bac thuy anh"",""xabacthuyanh"",""bacthuyanh""]",ACTIVE
GHN_ADMIN_2025,2,1005326,1005326,,1000023,"Xã Nam Thái Ninh","[""xã nam thái ninh"",""x.nam thái ninh"",""x nam thái ninh"",""nam thái ninh"",""nam thai ninh"",""xa nam thai ninh"",""xanamthaininh"",""namthaininh""]",ACTIVE
GHN_ADMIN_2025,2,1005327,1005327,,1000023,"Xã Nam Thụy Anh","[""xã nam thụy anh"",""x.nam thụy anh"",""x nam thụy anh"",""nam thụy anh"",""nam thuy anh"",""xa nam thuy anh"",""xanamthuyanh"",""namthuyanh""]",ACTIVE
GHN_ADMIN_2025,2,1005328,1005328,,1000023,"Xã Thái Ninh","[""xã thái ninh"",""x.thái ninh"",""x thái ninh"",""thái ninh"",""thai ninh"",""xa thai ninh"",""xathaininh"",""thaininh""]",ACTIVE
GHN_ADMIN_2025,2,1005329,1005329,,1000023,"Xã Thái Thụy","[""xã thái thụy"",""x.thái thụy"",""x thái thụy"",""thái thụy"",""thai thuy"",""xa thai thuy"",""xathaithuy"",""thaithuy""]",ACTIVE
GHN_ADMIN_2025,2,1005330,1005330,,1000023,"Xã Thụy Anh","[""xã thụy anh"",""x.thụy anh"",""x thụy anh"",""thụy anh"",""thuy anh"",""xa thuy anh"",""xathuyanh"",""thuyanh""]",ACTIVE
GHN_ADMIN_2025,2,1005331,1005331,,1000023,"Xã Tây Thái Ninh","[""xã tây thái ninh"",""x.tây thái ninh"",""x tây thái ninh"",""tây thái ninh"",""tay thai ninh"",""xa tay thai ninh"",""xataythaininh"",""taythaininh""]",ACTIVE
GHN_ADMIN_2025,2,1005332,1005332,,1000023,"Xã Tây Thụy Anh","[""xã tây thụy anh"",""x.tây thụy anh"",""x tây thụy anh"",""tây thụy anh"",""tay thuy anh"",""xa tay thuy anh"",""xataythuyanh"",""taythuyanh""]",ACTIVE
GHN_ADMIN_2025,2,1005333,1005333,,1000023,"Xã Đông Thái Ninh","[""xã đông thái ninh"",""x.đông thái ninh"",""x đông thái ninh"",""đông thái ninh"",""dong thai ninh"",""xa dong thai ninh"",""xadongthaininh"",""dongthaininh""]",ACTIVE
GHN_ADMIN_2025,2,1005334,1005334,,1000023,"Xã Đông Thụy Anh","[""xã đông thụy anh"",""x.đông thụy anh"",""x đông thụy anh"",""đông thụy anh"",""dong thuy anh"",""xa dong thuy anh"",""xadongthuyanh"",""dongthuyanh""]",ACTIVE
GHN_ADMIN_2025,2,1005335,1005335,,1000023,"Xã Hưng Phú","[""xã hưng phú"",""x.hưng phú"",""x hưng phú"",""hưng phú"",""hung phu"",""xa hung phu"",""xahungphu"",""hungphu""]",ACTIVE
GHN_ADMIN_2025,2,1005336,1005336,,1000023,"Xã Nam Cường","[""xã nam cường"",""x.nam cường"",""x nam cường"",""nam cường"",""nam cuong"",""xa nam cuong"",""xanamcuong"",""namcuong""]",ACTIVE
GHN_ADMIN_2025,2,1005337,1005337,,1000023,"Xã Nam Tiền Hải","[""xã nam tiền hải"",""x.nam tiền hải"",""x nam tiền hải"",""nam tiền hải"",""nam tien hai"",""xa nam tien hai"",""xanamtienhai"",""namtienhai""]",ACTIVE
GHN_ADMIN_2025,2,1005338,1005338,,1000023,"Xã Tiền Hải","[""xã tiền hải"",""x.tiền hải"",""x tiền hải"",""tiền hải"",""tien hai"",""xa tien hai"",""xatienhai"",""tienhai""]",ACTIVE
GHN_ADMIN_2025,2,1005339,1005339,,1000023,"Xã Tây Tiền Hải","[""xã tây tiền hải"",""x.tây tiền hải"",""x tây tiền hải"",""tây tiền hải"",""tay tien hai"",""xa tay tien hai"",""xataytienhai"",""taytienhai""]",ACTIVE
GHN_ADMIN_2025,2,1005340,1005340,,1000023,"Xã Ái Quốc","[""xã ái quốc"",""x.ái quốc"",""x ái quốc"",""ái quốc"",""ai quoc"",""xa ai quoc"",""xaaiquoc"",""aiquoc""]",ACTIVE
GHN_ADMIN_2025,2,1005341,1005341,,1000023,"Xã Đông Tiền Hải","[""xã đông tiền hải"",""x.đông tiền hải"",""x đông tiền hải"",""đông tiền hải"",""dong tien hai"",""xa dong tien hai"",""xadongtienhai"",""dongtienhai""]",ACTIVE
GHN_ADMIN_2025,2,1005342,1005342,,1000023,"Xã Đồng Châu","[""xã đồng châu"",""x.đồng châu"",""x đồng châu"",""đồng châu"",""dong chau"",""xa dong chau"",""xadongchau"",""dongchau""]",ACTIVE
GHN_ADMIN_2025,2,1005343,1005343,,1000023,"Xã Thư Trì","[""xã thư trì"",""x.thư trì"",""x thư trì"",""thư trì"",""thu tri"",""xa thu tri"",""xathutri"",""thutri""]",ACTIVE
GHN_ADMIN_2025,2,1005344,1005344,,1000023,"Xã Thư Vũ","[""xã thư vũ"",""x.thư vũ"",""x thư vũ"",""thư vũ"",""thu vu"",""xa thu vu"",""xathuvu"",""thuvu""]",ACTIVE
GHN_ADMIN_2025,2,1005345,1005345,,1000023,"Xã Tân Thuận","[""xã tân thuận"",""x.tân thuận"",""x tân thuận"",""tân thuận"",""tan thuan"",""xa tan thuan"",""xatanthuan"",""tanthuan""]",ACTIVE
GHN_ADMIN_2025,2,1005346,1005346,,1000023,"Xã Vũ Thư","[""xã vũ thư"",""x.vũ thư"",""x vũ thư"",""vũ thư"",""vu thu"",""xa vu thu"",""xavuthu"",""vuthu""]",ACTIVE
GHN_ADMIN_2025,2,1005347,1005347,,1000023,"Xã Vũ Tiên","[""xã vũ tiên"",""x.vũ tiên"",""x vũ tiên"",""vũ tiên"",""vu tien"",""xa vu tien"",""xavutien"",""vutien""]",ACTIVE
GHN_ADMIN_2025,2,1005348,1005348,,1000023,"Xã Vạn Xuân","[""xã vạn xuân"",""x.vạn xuân"",""x vạn xuân"",""vạn xuân"",""van xuan"",""xa van xuan"",""xavanxuan"",""vanxuan""]",ACTIVE
GHN_ADMIN_2025,2,1005349,1005349,,1000023,"Xã Bắc Tiên Hưng","[""xã bắc tiên hưng"",""x.bắc tiên hưng"",""x bắc tiên hưng"",""bắc tiên hưng"",""bac tien hung"",""xa bac tien hung"",""xabactienhung"",""bactienhung""]",ACTIVE
GHN_ADMIN_2025,2,1005350,1005350,,1000023,"Xã Bắc Đông Hưng","[""xã bắc đông hưng"",""x.bắc đông hưng"",""x bắc đông hưng"",""bắc đông hưng"",""bac dong hung"",""xa bac dong hung"",""xabacdonghung"",""bacdonghung""]",ACTIVE
GHN_ADMIN_2025,2,1005351,1005351,,1000023,"Xã Bắc Đông Quan","[""xã bắc đông quan"",""x.bắc đông quan"",""x bắc đông quan"",""bắc đông quan"",""bac dong quan"",""xa bac dong quan"",""xabacdongquan"",""bacdongquan""]",ACTIVE
GHN_ADMIN_2025,2,1005352,1005352,,1000023,"Xã Nam Tiên Hưng","[""xã nam tiên hưng"",""x.nam tiên hưng"",""x nam tiên hưng"",""nam tiên hưng"",""nam tien hung"",""xa nam tien hung"",""xanamtienhung"",""namtienhung""]",ACTIVE
GHN_ADMIN_2025,2,1005353,1005353,,1000023,"Xã Nam Đông Hưng","[""xã nam đông hưng"",""x.nam đông hưng"",""x nam đông hưng"",""nam đông hưng"",""nam dong hung"",""xa nam dong hung"",""xanamdonghung"",""namdonghung""]",ACTIVE
GHN_ADMIN_2025,2,1005354,1005354,,1000023,"Xã Tiên Hưng","[""xã tiên hưng"",""x.tiên hưng"",""x tiên hưng"",""tiên hưng"",""tien hung"",""xa tien hung"",""xatienhung"",""tienhung""]",ACTIVE
GHN_ADMIN_2025,2,1005355,1005355,,1000023,"Xã Đông Hưng","[""xã đông hưng"",""x.đông hưng"",""x đông hưng"",""đông hưng"",""dong hung"",""xa dong hung"",""xadonghung"",""donghung""]",ACTIVE
GHN_ADMIN_2025,2,1005356,1005356,,1000023,"Xã Đông Quan","[""xã đông quan"",""x.đông quan"",""x đông quan"",""đông quan"",""dong quan"",""xa dong quan"",""xadongquan"",""dongquan""]",ACTIVE
GHN_ADMIN_2025,2,1005357,1005357,,1000023,"Xã Đông Tiên Hưng","[""xã đông tiên hưng"",""x.đông tiên hưng"",""x đông tiên hưng"",""đông tiên hưng"",""dong tien hung"",""xa dong tien hung"",""xadongtienhung"",""dongtienhung""]",ACTIVE
GHN_ADMIN_2025,2,1005358,1005358,,1000023,"Phường Thái Bình","[""phường thái bình"",""p.thái bình"",""p thái bình"",""thái bình"",""thai binh"",""phuong thai binh"",""phuongthaibinh"",""thaibinh""]",ACTIVE
GHN_ADMIN_2025,2,1005359,1005359,,1000023,"Phường Trà Lý","[""phường trà lý"",""p.trà lý"",""p trà lý"",""trà lý"",""tra ly"",""phuong tra ly"",""phuongtraly"",""traly""]",ACTIVE
GHN_ADMIN_2025,2,1005360,1005360,,1000023,"Phường Trần Hưng Đạo","[""phường trần hưng đạo"",""p.trần hưng đạo"",""p trần hưng đạo"",""trần hưng đạo"",""tran hung dao"",""phuong tran hung dao"",""phuongtranhungdao"",""tranhungdao""]",ACTIVE
GHN_ADMIN_2025,2,1005361,1005361,,1000023,"Phường Trần Lãm","[""phường trần lãm"",""p.trần lãm"",""p trần lãm"",""trần lãm"",""tran lam"",""phuong tran lam"",""phuongtranlam"",""tranlam""]",ACTIVE
GHN_ADMIN_2025,2,1005362,1005362,,1000023,"Phường Vũ Phúc","[""phường vũ phúc"",""p.vũ phúc"",""p vũ phúc"",""vũ phúc"",""vu phuc"",""phuong vu phuc"",""phuongvuphuc"",""vuphuc""]",ACTIVE
GHN_ADMIN_2025,2,1005363,1005363,,1000016,"Xã Gia Hưng","[""xã gia hưng"",""x.gia hưng"",""x gia hưng"",""gia hưng"",""gia hung"",""xa gia hung"",""xagiahung"",""giahung""]",ACTIVE
GHN_ADMIN_2025,2,1005364,1005364,,1000016,"Xã Gia Phong","[""xã gia phong"",""x.gia phong"",""x gia phong"",""gia phong"",""xa gia phong"",""xagiaphong"",""giaphong""]",ACTIVE
GHN_ADMIN_2025,2,1005365,1005365,,1000016,"Xã Gia Trấn","[""xã gia trấn"",""x.gia trấn"",""x gia trấn"",""gia trấn"",""gia tran"",""xa gia tran"",""xagiatran"",""giatran""]",ACTIVE
GHN_ADMIN_2025,2,1005366,1005366,,1000016,"Xã Gia Viễn","[""xã gia viễn"",""x.gia viễn"",""x gia viễn"",""gia viễn"",""gia vien"",""xa gia vien"",""xagiavien"",""giavien""]",ACTIVE
GHN_ADMIN_2025,2,1005367,1005367,,1000016,"Xã Gia Vân","[""xã gia vân"",""x.gia vân"",""x gia vân"",""gia vân"",""gia van"",""xa gia van"",""xagiavan"",""giavan""]",ACTIVE
GHN_ADMIN_2025,2,1005368,1005368,,1000016,"Xã Đại Hoàng","[""xã đại hoàng"",""x.đại hoàng"",""x đại hoàng"",""đại hoàng"",""dai hoang"",""xa dai hoang"",""xadaihoang"",""daihoang""]",ACTIVE
GHN_ADMIN_2025,2,1005369,1005369,,1000016,"Xã Bình Minh","[""xã bình minh"",""x.bình minh"",""x bình minh"",""bình minh"",""binh minh"",""xa binh minh"",""xabinhminh"",""binhminh""]",ACTIVE
GHN_ADMIN_2025,2,1005370,1005370,,1000016,"Xã Chất Bình","[""xã chất bình"",""x.chất bình"",""x chất bình"",""chất bình"",""chat binh"",""xa chat binh"",""xachatbinh"",""chatbinh""]",ACTIVE
GHN_ADMIN_2025,2,1005371,1005371,,1000016,"Xã Kim Sơn","[""xã kim sơn"",""x.kim sơn"",""x kim sơn"",""kim sơn"",""kim son"",""xa kim son"",""xakimson"",""kimson""]",ACTIVE
GHN_ADMIN_2025,2,1005372,1005372,,1000016,"Xã Kim Đông","[""xã kim đông"",""x.kim đông"",""x kim đông"",""kim đông"",""kim dong"",""xa kim dong"",""xakimdong"",""kimdong""]",ACTIVE
GHN_ADMIN_2025,2,1005373,1005373,,1000016,"Xã Lai Thành","[""xã lai thành"",""x.lai thành"",""x lai thành"",""lai thành"",""lai thanh"",""xa lai thanh"",""xalaithanh"",""laithanh""]",ACTIVE
GHN_ADMIN_2025,2,1005374,1005374,,1000016,"Xã Phát Diệm","[""xã phát diệm"",""x.phát diệm"",""x phát diệm"",""phát diệm"",""phat diem"",""xa phat diem"",""xaphatdiem"",""phatdiem""]",ACTIVE
GHN_ADMIN_2025,2,1005375,1005375,,1000016,"Xã Quang Thiện","[""xã quang thiện"",""x.quang thiện"",""x quang thiện"",""quang thiện"",""quang thien"",""xa quang thien"",""xaquangthien"",""quangthien""]",ACTIVE
GHN_ADMIN_2025,2,1005376,1005376,,1000016,"Xã Định Hóa","[""xã định hóa"",""x.định hóa"",""x định hóa"",""định hóa"",""dinh hoa"",""xa dinh hoa"",""xadinhhoa"",""dinhhoa""]",ACTIVE
GHN_ADMIN_2025,2,1005377,1005377,,1000016,"Xã Cúc Phương","[""xã cúc phương"",""x.cúc phương"",""x cúc phương"",""cúc phương"",""cuc phuong"",""xa cuc phuong"",""xacucphuong"",""cucphuong""]",ACTIVE
GHN_ADMIN_2025,2,1005378,1005378,,1000016,"Xã Gia Lâm","[""xã gia lâm"",""x.gia lâm"",""x gia lâm"",""gia lâm"",""gia lam"",""xa gia lam"",""xagialam"",""gialam""]",ACTIVE
GHN_ADMIN_2025,2,1005379,1005379,,1000016,"Xã Gia Tường","[""xã gia tường"",""x.gia tường"",""x gia tường"",""gia tường"",""gia tuong"",""xa gia tuong"",""xagiatuong"",""giatuong""]",ACTIVE
GHN_ADMIN_2025,2,1005380,1005380,,1000016,"Xã Nho Quan","[""xã nho quan"",""x.nho quan"",""x nho quan"",""nho quan"",""xa nho quan"",""xanhoquan"",""nhoquan""]",ACTIVE
GHN_ADMIN_2025,2,1005381,1005381,,1000016,"Xã Phú Long","[""xã phú long"",""x.phú long"",""x phú long"",""phú long"",""phu long"",""xa phu long"",""xaphulong"",""phulong""]",ACTIVE
GHN_ADMIN_2025,2,1005382,1005382,,1000016,"Xã Phú Sơn","[""xã phú sơn"",""x.phú sơn"",""x phú sơn"",""phú sơn"",""phu son"",""xa phu son"",""xaphuson"",""phuson""]",ACTIVE
GHN_ADMIN_2025,2,1005383,1005383,,1000016,"Xã Quỳnh Lưu","[""xã quỳnh lưu"",""x.quỳnh lưu"",""x quỳnh lưu"",""quỳnh lưu"",""quynh luu"",""xa quynh luu"",""xaquynhluu"",""quynhluu""]",ACTIVE
GHN_ADMIN_2025,2,1005384,1005384,,1000016,"Xã Thanh Sơn","[""xã thanh sơn"",""x.thanh sơn"",""x thanh sơn"",""thanh sơn"",""thanh son"",""xa thanh son"",""xathanhson"",""thanhson""]",ACTIVE
GHN_ADMIN_2025,2,1005385,1005385,,1000016,"Xã Khánh Hội","[""xã khánh hội"",""x.khánh hội"",""x khánh hội"",""khánh hội"",""khanh hoi"",""xa khanh hoi"",""xakhanhhoi"",""khanhhoi""]",ACTIVE
GHN_ADMIN_2025,2,1005386,1005386,,1000016,"Xã Khánh Nhạc","[""xã khánh nhạc"",""x.khánh nhạc"",""x khánh nhạc"",""khánh nhạc"",""khanh nhac"",""xa khanh nhac"",""xakhanhnhac"",""khanhnhac""]",ACTIVE
GHN_ADMIN_2025,2,1005387,1005387,,1000016,"Xã Khánh Thiện","[""xã khánh thiện"",""x.khánh thiện"",""x khánh thiện"",""khánh thiện"",""khanh thien"",""xa khanh thien"",""xakhanhthien"",""khanhthien""]",ACTIVE
GHN_ADMIN_2025,2,1005388,1005388,,1000016,"Xã Khánh Trung","[""xã khánh trung"",""x.khánh trung"",""x khánh trung"",""khánh trung"",""khanh trung"",""xa khanh trung"",""xakhanhtrung"",""khanhtrung""]",ACTIVE
GHN_ADMIN_2025,2,1005389,1005389,,1000016,"Xã Yên Khánh","[""xã yên khánh"",""x.yên khánh"",""x yên khánh"",""yên khánh"",""yen khanh"",""xa yen khanh"",""xayenkhanh"",""yenkhanh""]",ACTIVE
GHN_ADMIN_2025,2,1005390,1005390,,1000016,"Xã Yên Mô","[""xã yên mô"",""x.yên mô"",""x yên mô"",""yên mô"",""yen mo"",""xa yen mo"",""xayenmo"",""yenmo""]",ACTIVE
GHN_ADMIN_2025,2,1005391,1005391,,1000016,"Xã Yên Mạc","[""xã yên mạc"",""x.yên mạc"",""x yên mạc"",""yên mạc"",""yen mac"",""xa yen mac"",""xayenmac"",""yenmac""]",ACTIVE
GHN_ADMIN_2025,2,1005392,1005392,,1000016,"Xã Yên Từ","[""xã yên từ"",""x.yên từ"",""x yên từ"",""yên từ"",""yen tu"",""xa yen tu"",""xayentu"",""yentu""]",ACTIVE
GHN_ADMIN_2025,2,1005393,1005393,,1000016,"Xã Đồng Thái","[""xã đồng thái"",""x.đồng thái"",""x đồng thái"",""đồng thái"",""dong thai"",""xa dong thai"",""xadongthai"",""dongthai""]",ACTIVE
GHN_ADMIN_2025,2,1005394,1005394,,1000016,"Phường Hoa Lư","[""phường hoa lư"",""p.hoa lư"",""p hoa lư"",""hoa lư"",""hoa lu"",""phuong hoa lu"",""phuonghoalu"",""hoalu""]",ACTIVE
GHN_ADMIN_2025,2,1005395,1005395,,1000016,"Phường Nam Hoa Lư","[""phường nam hoa lư"",""p.nam hoa lư"",""p nam hoa lư"",""nam hoa lư"",""nam hoa lu"",""phuong nam hoa lu"",""phuongnamhoalu"",""namhoalu""]",ACTIVE
GHN_ADMIN_2025,2,1005396,1005396,,1000016,"Phường Tây Hoa Lư","[""phường tây hoa lư"",""p.tây hoa lư"",""p tây hoa lư"",""tây hoa lư"",""tay hoa lu"",""phuong tay hoa lu"",""phuongtayhoalu"",""tayhoalu""]",ACTIVE
GHN_ADMIN_2025,2,1005397,1005397,,1000016,"Phường Đông Hoa Lư","[""phường đông hoa lư"",""p.đông hoa lư"",""p đông hoa lư"",""đông hoa lư"",""dong hoa lu"",""phuong dong hoa lu"",""phuongdonghoalu"",""donghoalu""]",ACTIVE
GHN_ADMIN_2025,2,1005398,1005398,,1000016,"Phường Tam Điệp","[""phường tam điệp"",""p.tam điệp"",""p tam điệp"",""tam điệp"",""tam diep"",""phuong tam diep"",""phuongtamdiep"",""tamdiep""]",ACTIVE
GHN_ADMIN_2025,2,1005399,1005399,,1000016,"Phường Trung Sơn","[""phường trung sơn"",""p.trung sơn"",""p trung sơn"",""trung sơn"",""trung son"",""phuong trung son"",""phuongtrungson"",""trungson""]",ACTIVE
GHN_ADMIN_2025,2,1005400,1005400,,1000016,"Phường Yên Sơn","[""phường yên sơn"",""p.yên sơn"",""p yên sơn"",""yên sơn"",""yen son"",""phuong yen son"",""phuongyenson"",""yenson""]",ACTIVE
GHN_ADMIN_2025,2,1005401,1005401,,1000016,"Phường Yên Thắng","[""phường yên thắng"",""p.yên thắng"",""p yên thắng"",""yên thắng"",""yen thang"",""phuong yen thang"",""phuongyenthang"",""yenthang""]",ACTIVE
GHN_ADMIN_2025,2,1005402,1005402,,1000016,"Xã Giao Bình","[""xã giao bình"",""x.giao bình"",""x giao bình"",""giao bình"",""giao binh"",""xa giao binh"",""xagiaobinh"",""giaobinh""]",ACTIVE
GHN_ADMIN_2025,2,1005403,1005403,,1000016,"Xã Giao Hoà","[""xã giao hoà"",""x.giao hoà"",""x giao hoà"",""giao hoà"",""giao hoa"",""xa giao hoa"",""xagiaohoa"",""giaohoa""]",ACTIVE
GHN_ADMIN_2025,2,1005404,1005404,,1000016,"Xã Giao Hưng","[""xã giao hưng"",""x.giao hưng"",""x giao hưng"",""giao hưng"",""giao hung"",""xa giao hung"",""xagiaohung"",""giaohung""]",ACTIVE
GHN_ADMIN_2025,2,1005405,1005405,,1000016,"Xã Giao Minh","[""xã giao minh"",""x.giao minh"",""x giao minh"",""giao minh"",""xa giao minh"",""xagiaominh"",""giaominh""]",ACTIVE
GHN_ADMIN_2025,2,1005406,1005406,,1000016,"Xã Giao Ninh","[""xã giao ninh"",""x.giao ninh"",""x giao ninh"",""giao ninh"",""xa giao ninh"",""xagiaoninh"",""giaoninh""]",ACTIVE
GHN_ADMIN_2025,2,1005407,1005407,,1000016,"Xã Giao Phúc","[""xã giao phúc"",""x.giao phúc"",""x giao phúc"",""giao phúc"",""giao phuc"",""xa giao phuc"",""xagiaophuc"",""giaophuc""]",ACTIVE
GHN_ADMIN_2025,2,1005408,1005408,,1000016,"Xã Giao Thuỷ","[""xã giao thuỷ"",""x.giao thuỷ"",""x giao thuỷ"",""giao thuỷ"",""giao thuy"",""xa giao thuy"",""xagiaothuy"",""giaothuy""]",ACTIVE
GHN_ADMIN_2025,2,1005409,1005409,,1000016,"Xã Hải An","[""xã hải an"",""x.hải an"",""x hải an"",""hải an"",""hai an"",""xa hai an"",""xahaian"",""haian""]",ACTIVE
GHN_ADMIN_2025,2,1005410,1005410,,1000016,"Xã Hải Anh","[""xã hải anh"",""x.hải anh"",""x hải anh"",""hải anh"",""hai anh"",""xa hai anh"",""xahaianh"",""haianh""]",ACTIVE
GHN_ADMIN_2025,2,1005411,1005411,,1000016,"Xã Hải Hưng","[""xã hải hưng"",""x.hải hưng"",""x hải hưng"",""hải hưng"",""hai hung"",""xa hai hung"",""xahaihung"",""haihung""]",ACTIVE
GHN_ADMIN_2025,2,1005412,1005412,,1000016,"Xã Hải Hậu","[""xã hải hậu"",""x.hải hậu"",""x hải hậu"",""hải hậu"",""hai hau"",""xa hai hau"",""xahaihau"",""haihau""]",ACTIVE
GHN_ADMIN_2025,2,1005413,1005413,,1000016,"Xã Hải Quang","[""xã hải quang"",""x.hải quang"",""x hải quang"",""hải quang"",""hai quang"",""xa hai quang"",""xahaiquang"",""haiquang""]",ACTIVE
GHN_ADMIN_2025,2,1005414,1005414,,1000016,"Xã Hải Thịnh","[""xã hải thịnh"",""x.hải thịnh"",""x hải thịnh"",""hải thịnh"",""hai thinh"",""xa hai thinh"",""xahaithinh"",""haithinh""]",ACTIVE
GHN_ADMIN_2025,2,1005415,1005415,,1000016,"Xã Hải Tiến","[""xã hải tiến"",""x.hải tiến"",""x hải tiến"",""hải tiến"",""hai tien"",""xa hai tien"",""xahaitien"",""haitien""]",ACTIVE
GHN_ADMIN_2025,2,1005416,1005416,,1000016,"Xã Hải Xuân","[""xã hải xuân"",""x.hải xuân"",""x hải xuân"",""hải xuân"",""hai xuan"",""xa hai xuan"",""xahaixuan"",""haixuan""]",ACTIVE
GHN_ADMIN_2025,2,1005417,1005417,,1000016,"Xã Nam Hồng","[""xã nam hồng"",""x.nam hồng"",""x nam hồng"",""nam hồng"",""nam hong"",""xa nam hong"",""xanamhong"",""namhong""]",ACTIVE
GHN_ADMIN_2025,2,1005418,1005418,,1000016,"Xã Nam Minh","[""xã nam minh"",""x.nam minh"",""x nam minh"",""nam minh"",""xa nam minh"",""xanamminh"",""namminh""]",ACTIVE
GHN_ADMIN_2025,2,1005419,1005419,,1000016,"Xã Nam Ninh","[""xã nam ninh"",""x.nam ninh"",""x nam ninh"",""nam ninh"",""xa nam ninh"",""xanamninh"",""namninh""]",ACTIVE
GHN_ADMIN_2025,2,1005420,1005420,,1000016,"Xã Nam Trực","[""xã nam trực"",""x.nam trực"",""x nam trực"",""nam trực"",""nam truc"",""xa nam truc"",""xanamtruc"",""namtruc""]",ACTIVE
GHN_ADMIN_2025,2,1005421,1005421,,1000016,"Xã Nam Đồng","[""xã nam đồng"",""x.nam đồng"",""x nam đồng"",""nam đồng"",""nam dong"",""xa nam dong"",""xanamdong"",""namdong""]",ACTIVE
GHN_ADMIN_2025,2,1005422,1005422,,1000016,"Xã Hồng Phong","[""xã hồng phong"",""x.hồng phong"",""x hồng phong"",""hồng phong"",""hong phong"",""xa hong phong"",""xahongphong"",""hongphong""]",ACTIVE
GHN_ADMIN_2025,2,1005423,1005423,,1000016,"Xã Nghĩa Hưng","[""xã nghĩa hưng"",""x.nghĩa hưng"",""x nghĩa hưng"",""nghĩa hưng"",""nghia hung"",""xa nghia hung"",""xanghiahung"",""nghiahung""]",ACTIVE
GHN_ADMIN_2025,2,1005424,1005424,,1000016,"Xã Nghĩa Lâm","[""xã nghĩa lâm"",""x.nghĩa lâm"",""x nghĩa lâm"",""nghĩa lâm"",""nghia lam"",""xa nghia lam"",""xanghialam"",""nghialam""]",ACTIVE
GHN_ADMIN_2025,2,1005425,1005425,,1000016,"Xã Nghĩa Sơn","[""xã nghĩa sơn"",""x.nghĩa sơn"",""x nghĩa sơn"",""nghĩa sơn"",""nghia son"",""xa nghia son"",""xanghiason"",""nghiason""]",ACTIVE
GHN_ADMIN_2025,2,1005426,1005426,,1000016,"Xã Quỹ Nhất","[""xã quỹ nhất"",""x.quỹ nhất"",""x quỹ nhất"",""quỹ nhất"",""quy nhat"",""xa quy nhat"",""xaquynhat"",""quynhat""]",ACTIVE
GHN_ADMIN_2025,2,1005427,1005427,,1000016,"Xã Rạng Đông","[""xã rạng đông"",""x.rạng đông"",""x rạng đông"",""rạng đông"",""rang dong"",""xa rang dong"",""xarangdong"",""rangdong""]",ACTIVE
GHN_ADMIN_2025,2,1005428,1005428,,1000016,"Xã Đồng Thịnh","[""xã đồng thịnh"",""x.đồng thịnh"",""x đồng thịnh"",""đồng thịnh"",""dong thinh"",""xa dong thinh"",""xadongthinh"",""dongthinh""]",ACTIVE
GHN_ADMIN_2025,2,1005429,1005429,,1000016,"Xã Cát Thành","[""xã cát thành"",""x.cát thành"",""x cát thành"",""cát thành"",""cat thanh"",""xa cat thanh"",""xacatthanh"",""catthanh""]",ACTIVE
GHN_ADMIN_2025,2,1005430,1005430,,1000016,"Xã Cổ Lễ","[""xã cổ lễ"",""x.cổ lễ"",""x cổ lễ"",""cổ lễ"",""co le"",""xa co le"",""xacole"",""cole""]",ACTIVE
GHN_ADMIN_2025,2,1005431,1005431,,1000016,"Xã Minh Thái","[""xã minh thái"",""x.minh thái"",""x minh thái"",""minh thái"",""minh thai"",""xa minh thai"",""xaminhthai"",""minhthai""]",ACTIVE
GHN_ADMIN_2025,2,1005432,1005432,,1000016,"Xã Ninh Cường","[""xã ninh cường"",""x.ninh cường"",""x ninh cường"",""ninh cường"",""ninh cuong"",""xa ninh cuong"",""xaninhcuong"",""ninhcuong""]",ACTIVE
GHN_ADMIN_2025,2,1005433,1005433,,1000016,"Xã Ninh Giang","[""xã ninh giang"",""x.ninh giang"",""x ninh giang"",""ninh giang"",""xa ninh giang"",""xaninhgiang"",""ninhgiang""]",ACTIVE
GHN_ADMIN_2025,2,1005434,1005434,,1000016,"Xã Quang Hưng","[""xã quang hưng"",""x.quang hưng"",""x quang hưng"",""quang hưng"",""quang hung"",""xa quang hung"",""xaquanghung"",""quanghung""]",ACTIVE
GHN_ADMIN_2025,2,1005435,1005435,,1000016,"Xã Trực Ninh","[""xã trực ninh"",""x.trực ninh"",""x trực ninh"",""trực ninh"",""truc ninh"",""xa truc ninh"",""xatrucninh"",""trucninh""]",ACTIVE
GHN_ADMIN_2025,2,1005436,1005436,,1000016,"Xã Hiển Khánh","[""xã hiển khánh"",""x.hiển khánh"",""x hiển khánh"",""hiển khánh"",""hien khanh"",""xa hien khanh"",""xahienkhanh"",""hienkhanh""]",ACTIVE
GHN_ADMIN_2025,2,1005437,1005437,,1000016,"Xã Liên Minh","[""xã liên minh"",""x.liên minh"",""x liên minh"",""liên minh"",""lien minh"",""xa lien minh"",""xalienminh"",""lienminh""]",ACTIVE
GHN_ADMIN_2025,2,1005438,1005438,,1000016,"Xã Minh Tân","[""xã minh tân"",""x.minh tân"",""x minh tân"",""minh tân"",""minh tan"",""xa minh tan"",""xaminhtan"",""minhtan""]",ACTIVE
GHN_ADMIN_2025,2,1005439,1005439,,1000016,"Xã Vụ Bản","[""xã vụ bản"",""x.vụ bản"",""x vụ bản"",""vụ bản"",""vu ban"",""xa vu ban"",""xavuban"",""vuban""]",ACTIVE
GHN_ADMIN_2025,2,1005440,1005440,,1000016,"Xã Xuân Giang","[""xã xuân giang"",""x.xuân giang"",""x xuân giang"",""xuân giang"",""xuan giang"",""xa xuan giang"",""xaxuangiang"",""xuangiang""]",ACTIVE
GHN_ADMIN_2025,2,1005441,1005441,,1000016,"Xã Xuân Hưng","[""xã xuân hưng"",""x.xuân hưng"",""x xuân hưng"",""xuân hưng"",""xuan hung"",""xa xuan hung"",""xaxuanhung"",""xuanhung""]",ACTIVE
GHN_ADMIN_2025,2,1005442,1005442,,1000016,"Xã Xuân Hồng","[""xã xuân hồng"",""x.xuân hồng"",""x xuân hồng"",""xuân hồng"",""xuan hong"",""xa xuan hong"",""xaxuanhong"",""xuanhong""]",ACTIVE
GHN_ADMIN_2025,2,1005443,1005443,,1000016,"Xã Xuân Trường","[""xã xuân trường"",""x.xuân trường"",""x xuân trường"",""xuân trường"",""xuan truong"",""xa xuan truong"",""xaxuantruong"",""xuantruong""]",ACTIVE
GHN_ADMIN_2025,2,1005444,1005444,,1000016,"Xã Phong Doanh","[""xã phong doanh"",""x.phong doanh"",""x phong doanh"",""phong doanh"",""xa phong doanh"",""xaphongdoanh"",""phongdoanh""]",ACTIVE
GHN_ADMIN_2025,2,1005445,1005445,,1000016,"Xã Tân Minh","[""xã tân minh"",""x.tân minh"",""x tân minh"",""tân minh"",""tan minh"",""xa tan minh"",""xatanminh"",""tanminh""]",ACTIVE
GHN_ADMIN_2025,2,1005446,1005446,,1000016,"Xã Vũ Dương","[""xã vũ dương"",""x.vũ dương"",""x vũ dương"",""vũ dương"",""vu duong"",""xa vu duong"",""xavuduong"",""vuduong""]",ACTIVE
GHN_ADMIN_2025,2,1005447,1005447,,1000016,"Xã Vạn Thắng","[""xã vạn thắng"",""x.vạn thắng"",""x vạn thắng"",""vạn thắng"",""van thang"",""xa van thang"",""xavanthang"",""vanthang""]",ACTIVE
GHN_ADMIN_2025,2,1005448,1005448,,1000016,"Xã Yên Cường","[""xã yên cường"",""x.yên cường"",""x yên cường"",""yên cường"",""yen cuong"",""xa yen cuong"",""xayencuong"",""yencuong""]",ACTIVE
GHN_ADMIN_2025,2,1005449,1005449,,1000016,"Xã Yên Đồng","[""xã yên đồng"",""x.yên đồng"",""x yên đồng"",""yên đồng"",""yen dong"",""xa yen dong"",""xayendong"",""yendong""]",ACTIVE
GHN_ADMIN_2025,2,1005450,1005450,,1000016,"Xã Ý Yên","[""xã ý yên"",""x.ý yên"",""x ý yên"",""ý yên"",""y yen"",""xa y yen"",""xayyen"",""yyen""]",ACTIVE
GHN_ADMIN_2025,2,1005451,1005451,,1000016,"Phường Hồng Quang","[""phường hồng quang"",""p.hồng quang"",""p hồng quang"",""hồng quang"",""hong quang"",""phuong hong quang"",""phuonghongquang"",""hongquang""]",ACTIVE
GHN_ADMIN_2025,2,1005452,1005452,,1000016,"Phường Mỹ Lộc","[""phường mỹ lộc"",""p.mỹ lộc"",""p mỹ lộc"",""mỹ lộc"",""my loc"",""phuong my loc"",""phuongmyloc"",""myloc""]",ACTIVE
GHN_ADMIN_2025,2,1005453,1005453,,1000016,"Phường Nam Định","[""phường nam định"",""p.nam định"",""p nam định"",""nam định"",""nam dinh"",""phuong nam dinh"",""phuongnamdinh"",""namdinh""]",ACTIVE
GHN_ADMIN_2025,2,1005454,1005454,,1000016,"Phường Thiên Trường","[""phường thiên trường"",""p.thiên trường"",""p thiên trường"",""thiên trường"",""thien truong"",""phuong thien truong"",""phuongthientruong"",""thientruong""]",ACTIVE
GHN_ADMIN_2025,2,1005455,1005455,,1000016,"Phường Thành Nam","[""phường thành nam"",""p.thành nam"",""p thành nam"",""thành nam"",""thanh nam"",""phuong thanh nam"",""phuongthanhnam"",""thanhnam""]",ACTIVE
GHN_ADMIN_2025,2,1005456,1005456,,1000016,"Phường Trường Thi","[""phường trường thi"",""p.trường thi"",""p trường thi"",""trường thi"",""truong thi"",""phuong truong thi"",""phuongtruongthi"",""truongthi""]",ACTIVE
GHN_ADMIN_2025,2,1005457,1005457,,1000016,"Phường Vị Khê","[""phường vị khê"",""p.vị khê"",""p vị khê"",""vị khê"",""vi khe"",""phuong vi khe"",""phuongvikhe"",""vikhe""]",ACTIVE
GHN_ADMIN_2025,2,1005458,1005458,,1000016,"Phường Đông A","[""phường đông a"",""p.đông a"",""p đông a"",""đông a"",""dong a"",""phuong dong a"",""phuongdonga"",""donga""]",ACTIVE
GHN_ADMIN_2025,2,1005459,1005459,,1000016,"Xã Bình An","[""xã bình an"",""x.bình an"",""x bình an"",""bình an"",""binh an"",""xa binh an"",""xabinhan"",""binhan""]",ACTIVE
GHN_ADMIN_2025,2,1005460,1005460,,1000016,"Xã Bình Giang","[""xã bình giang"",""x.bình giang"",""x bình giang"",""bình giang"",""binh giang"",""xa binh giang"",""xabinhgiang"",""binhgiang""]",ACTIVE
GHN_ADMIN_2025,2,1005461,1005461,,1000016,"Xã Bình Lục","[""xã bình lục"",""x.bình lục"",""x bình lục"",""bình lục"",""binh luc"",""xa binh luc"",""xabinhluc"",""binhluc""]",ACTIVE
GHN_ADMIN_2025,2,1005462,1005462,,1000016,"Xã Bình Mỹ","[""xã bình mỹ"",""x.bình mỹ"",""x bình mỹ"",""bình mỹ"",""binh my"",""xa binh my"",""xabinhmy"",""binhmy""]",ACTIVE
GHN_ADMIN_2025,2,1005463,1005463,,1000016,"Xã Bình Sơn","[""xã bình sơn"",""x.bình sơn"",""x bình sơn"",""bình sơn"",""binh son"",""xa binh son"",""xabinhson"",""binhson""]",ACTIVE
GHN_ADMIN_2025,2,1005464,1005464,,1000016,"Phường Kim Bảng","[""phường kim bảng"",""p.kim bảng"",""p kim bảng"",""kim bảng"",""kim bang"",""phuong kim bang"",""phuongkimbang"",""kimbang""]",ACTIVE
GHN_ADMIN_2025,2,1005465,1005465,,1000016,"Phường Kim Thanh","[""phường kim thanh"",""p.kim thanh"",""p kim thanh"",""kim thanh"",""phuong kim thanh"",""phuongkimthanh"",""kimthanh""]",ACTIVE
GHN_ADMIN_2025,2,1005466,1005466,,1000016,"Phường Lê Hồ","[""phường lê hồ"",""p.lê hồ"",""p lê hồ"",""lê hồ"",""le ho"",""phuong le ho"",""phuongleho"",""leho""]",ACTIVE
GHN_ADMIN_2025,2,1005467,1005467,,1000016,"Phường Lý Thường Kiệt","[""phường lý thường kiệt"",""p.lý thường kiệt"",""p lý thường kiệt"",""lý thường kiệt"",""ly thuong kiet"",""phuong ly thuong kiet"",""phuonglythuongkiet"",""lythuongkiet""]",ACTIVE
GHN_ADMIN_2025,2,1005468,1005468,,1000016,"Phường Nguyễn Úy","[""phường nguyễn úy"",""p.nguyễn úy"",""p nguyễn úy"",""nguyễn úy"",""nguyen uy"",""phuong nguyen uy"",""phuongnguyenuy"",""nguyenuy""]",ACTIVE
GHN_ADMIN_2025,2,1005469,1005469,,1000016,"Phường Tam Chúc","[""phường tam chúc"",""p.tam chúc"",""p tam chúc"",""tam chúc"",""tam chuc"",""phuong tam chuc"",""phuongtamchuc"",""tamchuc""]",ACTIVE
GHN_ADMIN_2025,2,1005470,1005470,,1000016,"Xã Bắc Lý","[""xã bắc lý"",""x.bắc lý"",""x bắc lý"",""bắc lý"",""bac ly"",""xa bac ly"",""xabacly"",""bacly""]",ACTIVE
GHN_ADMIN_2025,2,1005471,1005471,,1000016,"Xã Lý Nhân","[""xã lý nhân"",""x.lý nhân"",""x lý nhân"",""lý nhân"",""ly nhan"",""xa ly nhan"",""xalynhan"",""lynhan""]",ACTIVE
GHN_ADMIN_2025,2,1005472,1005472,,1000016,"Xã Nam Lý","[""xã nam lý"",""x.nam lý"",""x nam lý"",""nam lý"",""nam ly"",""xa nam ly"",""xanamly"",""namly""]",ACTIVE
GHN_ADMIN_2025,2,1005473,1005473,,1000016,"Xã Nam Xang","[""xã nam xang"",""x.nam xang"",""x nam xang"",""nam xang"",""xa nam xang"",""xanamxang"",""namxang""]",ACTIVE
GHN_ADMIN_2025,2,1005474,1005474,,1000016,"Xã Nhân Hà","[""xã nhân hà"",""x.nhân hà"",""x nhân hà"",""nhân hà"",""nhan ha"",""xa nhan ha"",""xanhanha"",""nhanha""]",ACTIVE
GHN_ADMIN_2025,2,1005475,1005475,,1000016,"Xã Trần Thương","[""xã trần thương"",""x.trần thương"",""x trần thương"",""trần thương"",""tran thuong"",""xa tran thuong"",""xatranthuong"",""tranthuong""]",ACTIVE
GHN_ADMIN_2025,2,1005476,1005476,,1000016,"Xã Vĩnh Trụ","[""xã vĩnh trụ"",""x.vĩnh trụ"",""x vĩnh trụ"",""vĩnh trụ"",""vinh tru"",""xa vinh tru"",""xavinhtru"",""vinhtru""]",ACTIVE
GHN_ADMIN_2025,2,1005477,1005477,,1000016,"Xã Liêm Hà","[""xã liêm hà"",""x.liêm hà"",""x liêm hà"",""liêm hà"",""liem ha"",""xa liem ha"",""xaliemha"",""liemha""]",ACTIVE
GHN_ADMIN_2025,2,1005478,1005478,,1000016,"Xã Thanh Bình","[""xã thanh bình"",""x.thanh bình"",""x thanh bình"",""thanh bình"",""thanh binh"",""xa thanh binh"",""xathanhbinh"",""thanhbinh""]",ACTIVE
GHN_ADMIN_2025,2,1005479,1005479,,1000016,"Xã Thanh Liêm","[""xã thanh liêm"",""x.thanh liêm"",""x thanh liêm"",""thanh liêm"",""thanh liem"",""xa thanh liem"",""xathanhliem"",""thanhliem""]",ACTIVE
GHN_ADMIN_2025,2,1005480,1005480,,1000016,"Xã Thanh Lâm","[""xã thanh lâm"",""x.thanh lâm"",""x thanh lâm"",""thanh lâm"",""thanh lam"",""xa thanh lam"",""xathanhlam"",""thanhlam""]",ACTIVE
GHN_ADMIN_2025,2,1005481,1005481,,1000016,"Xã Tân Thanh","[""xã tân thanh"",""x.tân thanh"",""x tân thanh"",""tân thanh"",""tan thanh"",""xa tan thanh"",""xatanthanh"",""tanthanh""]",ACTIVE
GHN_ADMIN_2025,2,1005482,1005482,,1000016,"Phường Châu Sơn","[""phường châu sơn"",""p.châu sơn"",""p châu sơn"",""châu sơn"",""chau son"",""phuong chau son"",""phuongchauson"",""chauson""]",ACTIVE
GHN_ADMIN_2025,2,1005483,1005483,,1000016,"Phường Hà Nam","[""phường hà nam"",""p.hà nam"",""p hà nam"",""hà nam"",""ha nam"",""phuong ha nam"",""phuonghanam"",""hanam""]",ACTIVE
GHN_ADMIN_2025,2,1005484,1005484,,1000016,"Phường Liêm Tuyền","[""phường liêm tuyền"",""p.liêm tuyền"",""p liêm tuyền"",""liêm tuyền"",""liem tuyen"",""phuong liem tuyen"",""phuongliemtuyen"",""liemtuyen""]",ACTIVE
GHN_ADMIN_2025,2,1005485,1005485,,1000016,"Phường Phù Vân","[""phường phù vân"",""p.phù vân"",""p phù vân"",""phù vân"",""phu van"",""phuong phu van"",""phuongphuvan"",""phuvan""]",ACTIVE
GHN_ADMIN_2025,2,1005486,1005486,,1000016,"Phường Phủ Lý","[""phường phủ lý"",""p.phủ lý"",""p phủ lý"",""phủ lý"",""phu ly"",""phuong phu ly"",""phuongphuly"",""phuly""]",ACTIVE
GHN_ADMIN_2025,2,1005487,1005487,,1000016,"Phường Duy Hà","[""phường duy hà"",""p.duy hà"",""p duy hà"",""duy hà"",""duy ha"",""phuong duy ha"",""phuongduyha"",""duyha""]",ACTIVE
GHN_ADMIN_2025,2,1005488,1005488,,1000016,"Phường Duy Tiên","[""phường duy tiên"",""p.duy tiên"",""p duy tiên"",""duy tiên"",""duy tien"",""phuong duy tien"",""phuongduytien"",""duytien""]",ACTIVE
GHN_ADMIN_2025,2,1005489,1005489,,1000016,"Phường Duy Tân","[""phường duy tân"",""p.duy tân"",""p duy tân"",""duy tân"",""duy tan"",""phuong duy tan"",""phuongduytan"",""duytan""]",ACTIVE
GHN_ADMIN_2025,2,1005490,1005490,,1000016,"Phường Tiên Sơn","[""phường tiên sơn"",""p.tiên sơn"",""p tiên sơn"",""tiên sơn"",""tien son"",""phuong tien son"",""phuongtienson"",""tienson""]",ACTIVE
GHN_ADMIN_2025,2,1005491,1005491,,1000016,"Phường Đồng Văn","[""phường đồng văn"",""p.đồng văn"",""p đồng văn"",""đồng văn"",""dong van"",""phuong dong van"",""phuongdongvan"",""dongvan""]",ACTIVE
GHN_ADMIN_2025,2,1005492,1005492,,1000017,"Xã Bắc Trạch","[""xã bắc trạch"",""x.bắc trạch"",""x bắc trạch"",""bắc trạch"",""bac trach"",""xa bac trach"",""xabactrach"",""bactrach""]",ACTIVE
GHN_ADMIN_2025,2,1005493,1005493,,1000017,"Xã Bố Trạch","[""xã bố trạch"",""x.bố trạch"",""x bố trạch"",""bố trạch"",""bo trach"",""xa bo trach"",""xabotrach"",""botrach""]",ACTIVE
GHN_ADMIN_2025,2,1005494,1005494,,1000017,"Xã Hoàn Lão","[""xã hoàn lão"",""x.hoàn lão"",""x hoàn lão"",""hoàn lão"",""hoan lao"",""xa hoan lao"",""xahoanlao"",""hoanlao""]",ACTIVE
GHN_ADMIN_2025,2,1005495,1005495,,1000017,"Xã Nam Trạch","[""xã nam trạch"",""x.nam trạch"",""x nam trạch"",""nam trạch"",""nam trach"",""xa nam trach"",""xanamtrach"",""namtrach""]",ACTIVE
GHN_ADMIN_2025,2,1005496,1005496,,1000017,"Xã Phong Nha","[""xã phong nha"",""x.phong nha"",""x phong nha"",""phong nha"",""xa phong nha"",""xaphongnha"",""phongnha""]",ACTIVE
GHN_ADMIN_2025,2,1005497,1005497,,1000017,"Xã Thượng Trạch","[""xã thượng trạch"",""x.thượng trạch"",""x thượng trạch"",""thượng trạch"",""thuong trach"",""xa thuong trach"",""xathuongtrach"",""thuongtrach""]",ACTIVE
GHN_ADMIN_2025,2,1005498,1005498,,1000017,"Xã Đông Trạch","[""xã đông trạch"",""x.đông trạch"",""x đông trạch"",""đông trạch"",""dong trach"",""xa dong trach"",""xadongtrach"",""dongtrach""]",ACTIVE
GHN_ADMIN_2025,2,1005499,1005499,,1000017,"Xã Cam Hồng","[""xã cam hồng"",""x.cam hồng"",""x cam hồng"",""cam hồng"",""cam hong"",""xa cam hong"",""xacamhong"",""camhong""]",ACTIVE
GHN_ADMIN_2025,2,1005500,1005500,,1000017,"Xã Kim Ngân","[""xã kim ngân"",""x.kim ngân"",""x kim ngân"",""kim ngân"",""kim ngan"",""xa kim ngan"",""xakimngan"",""kimngan""]",ACTIVE
GHN_ADMIN_2025,2,1005501,1005501,,1000017,"Xã Lệ Ninh","[""xã lệ ninh"",""x.lệ ninh"",""x lệ ninh"",""lệ ninh"",""le ninh"",""xa le ninh"",""xaleninh"",""leninh""]",ACTIVE
GHN_ADMIN_2025,2,1005502,1005502,,1000017,"Xã Lệ Thủy","[""xã lệ thủy"",""x.lệ thủy"",""x lệ thủy"",""lệ thủy"",""le thuy"",""xa le thuy"",""xalethuy"",""lethuy""]",ACTIVE
GHN_ADMIN_2025,2,1005503,1005503,,1000017,"Xã Sen Ngư","[""xã sen ngư"",""x.sen ngư"",""x sen ngư"",""sen ngư"",""sen ngu"",""xa sen ngu"",""xasenngu"",""senngu""]",ACTIVE
GHN_ADMIN_2025,2,1005504,1005504,,1000017,"Xã Trường Phú","[""xã trường phú"",""x.trường phú"",""x trường phú"",""trường phú"",""truong phu"",""xa truong phu"",""xatruongphu"",""truongphu""]",ACTIVE
GHN_ADMIN_2025,2,1005505,1005505,,1000017,"Xã Tân Mỹ","[""xã tân mỹ"",""x.tân mỹ"",""x tân mỹ"",""tân mỹ"",""tan my"",""xa tan my"",""xatanmy"",""tanmy""]",ACTIVE
GHN_ADMIN_2025,2,1005506,1005506,,1000017,"Xã Dân Hóa","[""xã dân hóa"",""x.dân hóa"",""x dân hóa"",""dân hóa"",""dan hoa"",""xa dan hoa"",""xadanhoa"",""danhoa""]",ACTIVE
GHN_ADMIN_2025,2,1005507,1005507,,1000017,"Xã Kim Phú","[""xã kim phú"",""x.kim phú"",""x kim phú"",""kim phú"",""kim phu"",""xa kim phu"",""xakimphu"",""kimphu""]",ACTIVE
GHN_ADMIN_2025,2,1005508,1005508,,1000017,"Xã Kim Điền","[""xã kim điền"",""x.kim điền"",""x kim điền"",""kim điền"",""kim dien"",""xa kim dien"",""xakimdien"",""kimdien""]",ACTIVE
GHN_ADMIN_2025,2,1005509,1005509,,1000017,"Xã Minh Hóa","[""xã minh hóa"",""x.minh hóa"",""x minh hóa"",""minh hóa"",""minh hoa"",""xa minh hoa"",""xaminhhoa"",""minhhoa""]",ACTIVE
GHN_ADMIN_2025,2,1005510,1005510,,1000017,"Xã Tân Thành","[""xã tân thành"",""x.tân thành"",""x tân thành"",""tân thành"",""tan thanh"",""xa tan thanh"",""xatanthanh"",""tanthanh""]",ACTIVE
GHN_ADMIN_2025,2,1005511,1005511,,1000017,"Xã Ninh Châu","[""xã ninh châu"",""x.ninh châu"",""x ninh châu"",""ninh châu"",""ninh chau"",""xa ninh chau"",""xaninhchau"",""ninhchau""]",ACTIVE
GHN_ADMIN_2025,2,1005512,1005512,,1000017,"Xã Quảng Ninh","[""xã quảng ninh"",""x.quảng ninh"",""x quảng ninh"",""quảng ninh"",""quang ninh"",""xa quang ninh"",""xaquangninh"",""quangninh""]",ACTIVE
GHN_ADMIN_2025,2,1005513,1005513,,1000017,"Xã Trường Ninh","[""xã trường ninh"",""x.trường ninh"",""x trường ninh"",""trường ninh"",""truong ninh"",""xa truong ninh"",""xatruongninh"",""truongninh""]",ACTIVE
GHN_ADMIN_2025,2,1005514,1005514,,1000017,"Xã Trường Sơn","[""xã trường sơn"",""x.trường sơn"",""x trường sơn"",""trường sơn"",""truong son"",""xa truong son"",""xatruongson"",""truongson""]",ACTIVE
GHN_ADMIN_2025,2,1005515,1005515,,1000017,"Xã Hòa Trạch","[""xã hòa trạch"",""x.hòa trạch"",""x hòa trạch"",""hòa trạch"",""hoa trach"",""xa hoa trach"",""xahoatrach"",""hoatrach""]",ACTIVE
GHN_ADMIN_2025,2,1005516,1005516,,1000017,"Xã Phú Trạch","[""xã phú trạch"",""x.phú trạch"",""x phú trạch"",""phú trạch"",""phu trach"",""xa phu trach"",""xaphutrach"",""phutrach""]",ACTIVE
GHN_ADMIN_2025,2,1005517,1005517,,1000017,"Xã Quảng Trạch","[""xã quảng trạch"",""x.quảng trạch"",""x quảng trạch"",""quảng trạch"",""quang trach"",""xa quang trach"",""xaquangtrach"",""quangtrach""]",ACTIVE
GHN_ADMIN_2025,2,1005518,1005518,,1000017,"Xã Trung Thuần","[""xã trung thuần"",""x.trung thuần"",""x trung thuần"",""trung thuần"",""trung thuan"",""xa trung thuan"",""xatrungthuan"",""trungthuan""]",ACTIVE
GHN_ADMIN_2025,2,1005519,1005519,,1000017,"Xã Tân Gianh","[""xã tân gianh"",""x.tân gianh"",""x tân gianh"",""tân gianh"",""tan gianh"",""xa tan gianh"",""xatangianh"",""tangianh""]",ACTIVE
GHN_ADMIN_2025,2,1005520,1005520,,1000017,"Xã Tuyên Bình","[""xã tuyên bình"",""x.tuyên bình"",""x tuyên bình"",""tuyên bình"",""tuyen binh"",""xa tuyen binh"",""xatuyenbinh"",""tuyenbinh""]",ACTIVE
GHN_ADMIN_2025,2,1005521,1005521,,1000017,"Xã Tuyên Hóa","[""xã tuyên hóa"",""x.tuyên hóa"",""x tuyên hóa"",""tuyên hóa"",""tuyen hoa"",""xa tuyen hoa"",""xatuyenhoa"",""tuyenhoa""]",ACTIVE
GHN_ADMIN_2025,2,1005522,1005522,,1000017,"Xã Tuyên Lâm","[""xã tuyên lâm"",""x.tuyên lâm"",""x tuyên lâm"",""tuyên lâm"",""tuyen lam"",""xa tuyen lam"",""xatuyenlam"",""tuyenlam""]",ACTIVE
GHN_ADMIN_2025,2,1005523,1005523,,1000017,"Xã Tuyên Phú","[""xã tuyên phú"",""x.tuyên phú"",""x tuyên phú"",""tuyên phú"",""tuyen phu"",""xa tuyen phu"",""xatuyenphu"",""tuyenphu""]",ACTIVE
GHN_ADMIN_2025,2,1005524,1005524,,1000017,"Xã Tuyên Sơn","[""xã tuyên sơn"",""x.tuyên sơn"",""x tuyên sơn"",""tuyên sơn"",""tuyen son"",""xa tuyen son"",""xatuyenson"",""tuyenson""]",ACTIVE
GHN_ADMIN_2025,2,1005525,1005525,,1000017,"Xã Đồng Lê","[""xã đồng lê"",""x.đồng lê"",""x đồng lê"",""đồng lê"",""dong le"",""xa dong le"",""xadongle"",""dongle""]",ACTIVE
GHN_ADMIN_2025,2,1005526,1005526,,1000017,"Phường Đồng Hới","[""phường đồng hới"",""p.đồng hới"",""p đồng hới"",""đồng hới"",""dong hoi"",""phuong dong hoi"",""phuongdonghoi"",""donghoi""]",ACTIVE
GHN_ADMIN_2025,2,1005527,1005527,,1000017,"Phường Đồng Sơn","[""phường đồng sơn"",""p.đồng sơn"",""p đồng sơn"",""đồng sơn"",""dong son"",""phuong dong son"",""phuongdongson"",""dongson""]",ACTIVE
GHN_ADMIN_2025,2,1005528,1005528,,1000017,"Phường Đồng Thuận","[""phường đồng thuận"",""p.đồng thuận"",""p đồng thuận"",""đồng thuận"",""dong thuan"",""phuong dong thuan"",""phuongdongthuan"",""dongthuan""]",ACTIVE
GHN_ADMIN_2025,2,1005529,1005529,,1000017,"Phường Ba Đồn","[""phường ba đồn"",""p.ba đồn"",""p ba đồn"",""ba đồn"",""ba don"",""phuong ba don"",""phuongbadon"",""badon""]",ACTIVE
GHN_ADMIN_2025,2,1005530,1005530,,1000017,"Phường Bắc Gianh","[""phường bắc gianh"",""p.bắc gianh"",""p bắc gianh"",""bắc gianh"",""bac gianh"",""phuong bac gianh"",""phuongbacgianh"",""bacgianh""]",ACTIVE
GHN_ADMIN_2025,2,1005531,1005531,,1000017,"Xã Nam Ba Đồn","[""xã nam ba đồn"",""x.nam ba đồn"",""x nam ba đồn"",""nam ba đồn"",""nam ba don"",""xa nam ba don"",""xanambadon"",""nambadon""]",ACTIVE
GHN_ADMIN_2025,2,1005532,1005532,,1000017,"Xã Nam Gianh","[""xã nam gianh"",""x.nam gianh"",""x nam gianh"",""nam gianh"",""xa nam gianh"",""xanamgianh"",""namgianh""]",ACTIVE
GHN_ADMIN_2025,2,1005533,1005533,,1000017,"Xã Cam Lộ","[""xã cam lộ"",""x.cam lộ"",""x cam lộ"",""cam lộ"",""cam lo"",""xa cam lo"",""xacamlo"",""camlo""]",ACTIVE
GHN_ADMIN_2025,2,1005534,1005534,,1000017,"Xã Hiếu Giang","[""xã hiếu giang"",""x.hiếu giang"",""x hiếu giang"",""hiếu giang"",""hieu giang"",""xa hieu giang"",""xahieugiang"",""hieugiang""]",ACTIVE
GHN_ADMIN_2025,2,1005535,1005535,,1000017,"Xã Bến Hải","[""xã bến hải"",""x.bến hải"",""x bến hải"",""bến hải"",""ben hai"",""xa ben hai"",""xabenhai"",""benhai""]",ACTIVE
GHN_ADMIN_2025,2,1005536,1005536,,1000017,"Xã Cồn Tiên","[""xã cồn tiên"",""x.cồn tiên"",""x cồn tiên"",""cồn tiên"",""con tien"",""xa con tien"",""xacontien"",""contien""]",ACTIVE
GHN_ADMIN_2025,2,1005537,1005537,,1000017,"Xã Cửa Việt","[""xã cửa việt"",""x.cửa việt"",""x cửa việt"",""cửa việt"",""cua viet"",""xa cua viet"",""xacuaviet"",""cuaviet""]",ACTIVE
GHN_ADMIN_2025,2,1005538,1005538,,1000017,"Xã Gio Linh","[""xã gio linh"",""x.gio linh"",""x gio linh"",""gio linh"",""xa gio linh"",""xagiolinh"",""giolinh""]",ACTIVE
GHN_ADMIN_2025,2,1005539,1005539,,1000017,"Xã A Dơi","[""xã a dơi"",""x.a dơi"",""x a dơi"",""a dơi"",""a doi"",""xa a doi"",""xaadoi"",""adoi""]",ACTIVE
GHN_ADMIN_2025,2,1005540,1005540,,1000017,"Xã Hướng Lập","[""xã hướng lập"",""x.hướng lập"",""x hướng lập"",""hướng lập"",""huong lap"",""xa huong lap"",""xahuonglap"",""huonglap""]",ACTIVE
GHN_ADMIN_2025,2,1005541,1005541,,1000017,"Xã Hướng Phùng","[""xã hướng phùng"",""x.hướng phùng"",""x hướng phùng"",""hướng phùng"",""huong phung"",""xa huong phung"",""xahuongphung"",""huongphung""]",ACTIVE
GHN_ADMIN_2025,2,1005542,1005542,,1000017,"Xã Khe Sanh","[""xã khe sanh"",""x.khe sanh"",""x khe sanh"",""khe sanh"",""xa khe sanh"",""xakhesanh"",""khesanh""]",ACTIVE
GHN_ADMIN_2025,2,1005543,1005543,,1000017,"Xã Lao Bảo","[""xã lao bảo"",""x.lao bảo"",""x lao bảo"",""lao bảo"",""lao bao"",""xa lao bao"",""xalaobao"",""laobao""]",ACTIVE
GHN_ADMIN_2025,2,1005544,1005544,,1000017,"Xã Lìa","[""xã lìa"",""x.lìa"",""x lìa"",""lìa"",""lia"",""xa lia"",""xalia"",""lia""]",ACTIVE
GHN_ADMIN_2025,2,1005545,1005545,,1000017,"Xã Tân Lập","[""xã tân lập"",""x.tân lập"",""x tân lập"",""tân lập"",""tan lap"",""xa tan lap"",""xatanlap"",""tanlap""]",ACTIVE
GHN_ADMIN_2025,2,1005546,1005546,,1000017,"Xã Diên Sanh","[""xã diên sanh"",""x.diên sanh"",""x diên sanh"",""diên sanh"",""dien sanh"",""xa dien sanh"",""xadiensanh"",""diensanh""]",ACTIVE
GHN_ADMIN_2025,2,1005547,1005547,,1000017,"Xã Hải Lăng","[""xã hải lăng"",""x.hải lăng"",""x hải lăng"",""hải lăng"",""hai lang"",""xa hai lang"",""xahailang"",""hailang""]",ACTIVE
GHN_ADMIN_2025,2,1005548,1005548,,1000017,"Xã Mỹ Thủy","[""xã mỹ thủy"",""x.mỹ thủy"",""x mỹ thủy"",""mỹ thủy"",""my thuy"",""xa my thuy"",""xamythuy"",""mythuy""]",ACTIVE
GHN_ADMIN_2025,2,1005549,1005549,,1000017,"Xã Nam Hải Lăng","[""xã nam hải lăng"",""x.nam hải lăng"",""x nam hải lăng"",""nam hải lăng"",""nam hai lang"",""xa nam hai lang"",""xanamhailang"",""namhailang""]",ACTIVE
GHN_ADMIN_2025,2,1005550,1005550,,1000017,"Xã Vĩnh Định","[""xã vĩnh định"",""x.vĩnh định"",""x vĩnh định"",""vĩnh định"",""vinh dinh"",""xa vinh dinh"",""xavinhdinh"",""vinhdinh""]",ACTIVE
GHN_ADMIN_2025,2,1005551,1005551,,1000017,"Xã Nam Cửa Việt","[""xã nam cửa việt"",""x.nam cửa việt"",""x nam cửa việt"",""nam cửa việt"",""nam cua viet"",""xa nam cua viet"",""xanamcuaviet"",""namcuaviet""]",ACTIVE
GHN_ADMIN_2025,2,1005552,1005552,,1000017,"Xã Triệu Bình","[""xã triệu bình"",""x.triệu bình"",""x triệu bình"",""triệu bình"",""trieu binh"",""xa trieu binh"",""xatrieubinh"",""trieubinh""]",ACTIVE
GHN_ADMIN_2025,2,1005553,1005553,,1000017,"Xã Triệu Cơ","[""xã triệu cơ"",""x.triệu cơ"",""x triệu cơ"",""triệu cơ"",""trieu co"",""xa trieu co"",""xatrieuco"",""trieuco""]",ACTIVE
GHN_ADMIN_2025,2,1005554,1005554,,1000017,"Xã Triệu Phong","[""xã triệu phong"",""x.triệu phong"",""x triệu phong"",""triệu phong"",""trieu phong"",""xa trieu phong"",""xatrieuphong"",""trieuphong""]",ACTIVE
GHN_ADMIN_2025,2,1005555,1005555,,1000017,"Xã Ái Tử","[""xã ái tử"",""x.ái tử"",""x ái tử"",""ái tử"",""ai tu"",""xa ai tu"",""xaaitu"",""aitu""]",ACTIVE
GHN_ADMIN_2025,2,1005556,1005556,,1000017,"Xã Bến Quan","[""xã bến quan"",""x.bến quan"",""x bến quan"",""bến quan"",""ben quan"",""xa ben quan"",""xabenquan"",""benquan""]",ACTIVE
GHN_ADMIN_2025,2,1005557,1005557,,1000017,"Xã Cửa Tùng","[""xã cửa tùng"",""x.cửa tùng"",""x cửa tùng"",""cửa tùng"",""cua tung"",""xa cua tung"",""xacuatung"",""cuatung""]",ACTIVE
GHN_ADMIN_2025,2,1005558,1005558,,1000017,"Xã Vĩnh Hoàng","[""xã vĩnh hoàng"",""x.vĩnh hoàng"",""x vĩnh hoàng"",""vĩnh hoàng"",""vinh hoang"",""xa vinh hoang"",""xavinhhoang"",""vinhhoang""]",ACTIVE
GHN_ADMIN_2025,2,1005559,1005559,,1000017,"Xã Vĩnh Linh","[""xã vĩnh linh"",""x.vĩnh linh"",""x vĩnh linh"",""vĩnh linh"",""vinh linh"",""xa vinh linh"",""xavinhlinh"",""vinhlinh""]",ACTIVE
GHN_ADMIN_2025,2,1005560,1005560,,1000017,"Xã Vĩnh Thủy","[""xã vĩnh thủy"",""x.vĩnh thủy"",""x vĩnh thủy"",""vĩnh thủy"",""vinh thuy"",""xa vinh thuy"",""xavinhthuy"",""vinhthuy""]",ACTIVE
GHN_ADMIN_2025,2,1005561,1005561,,1000017,"Xã Ba Lòng","[""xã ba lòng"",""x.ba lòng"",""x ba lòng"",""ba lòng"",""ba long"",""xa ba long"",""xabalong"",""balong""]",ACTIVE
GHN_ADMIN_2025,2,1005562,1005562,,1000017,"Xã Hướng Hiệp","[""xã hướng hiệp"",""x.hướng hiệp"",""x hướng hiệp"",""hướng hiệp"",""huong hiep"",""xa huong hiep"",""xahuonghiep"",""huonghiep""]",ACTIVE
GHN_ADMIN_2025,2,1005563,1005563,,1000017,"Xã La Lay","[""xã la lay"",""x.la lay"",""x la lay"",""la lay"",""xa la lay"",""xalalay"",""lalay""]",ACTIVE
GHN_ADMIN_2025,2,1005564,1005564,,1000017,"Xã Tà Rụt","[""xã tà rụt"",""x.tà rụt"",""x tà rụt"",""tà rụt"",""ta rut"",""xa ta rut"",""xatarut"",""tarut""]",ACTIVE
GHN_ADMIN_2025,2,1005565,1005565,,1000017,"Xã Đakrông","[""xã đakrông"",""x.đakrông"",""x đakrông"",""đakrông"",""dakrong"",""xa dakrong"",""xadakrong"",""dakrong""]",ACTIVE
GHN_ADMIN_2025,2,1005566,1005566,,1000017,"Đặc khu Cồn Cỏ","[""đặc khu cồn cỏ"",""ä.khu cồn cỏ"",""ä khu cồn cỏ"",""khu cồn cỏ"",""khu con co"",""dac khu con co"",""dackhuconco"",""khuconco""]",ACTIVE
GHN_ADMIN_2025,2,1005567,1005567,,1000017,"Phường Nam Đông Hà","[""phường nam đông hà"",""p.nam đông hà"",""p nam đông hà"",""nam đông hà"",""nam dong ha"",""phuong nam dong ha"",""phuongnamdongha"",""namdongha""]",ACTIVE
GHN_ADMIN_2025,2,1005568,1005568,,1000017,"Phường Đông Hà","[""phường đông hà"",""p.đông hà"",""p đông hà"",""đông hà"",""dong ha"",""phuong dong ha"",""phuongdongha"",""dongha""]",ACTIVE
GHN_ADMIN_2025,2,1005569,1005569,,1000017,"Phường Quảng Trị","[""phường quảng trị"",""p.quảng trị"",""p quảng trị"",""quảng trị"",""quang tri"",""phuong quang tri"",""phuongquangtri"",""quangtri""]",ACTIVE
GHN_ADMIN_2025,2,1005570,1005570,,1000019,"Xã Ba Dinh","[""xã ba dinh"",""x.ba dinh"",""x ba dinh"",""ba dinh"",""xa ba dinh"",""xabadinh"",""badinh""]",ACTIVE
GHN_ADMIN_2025,2,1005571,1005571,,1000019,"Xã Ba Tô","[""xã ba tô"",""x.ba tô"",""x ba tô"",""ba tô"",""ba to"",""xa ba to"",""xabato"",""bato""]",ACTIVE
GHN_ADMIN_2025,2,1005572,1005572,,1000019,"Xã Ba Tơ","[""xã ba tơ"",""x.ba tơ"",""x ba tơ"",""ba tơ"",""ba to"",""xa ba to"",""xabato"",""bato""]",ACTIVE
GHN_ADMIN_2025,2,1005573,1005573,,1000019,"Xã Ba Vinh","[""xã ba vinh"",""x.ba vinh"",""x ba vinh"",""ba vinh"",""xa ba vinh"",""xabavinh"",""bavinh""]",ACTIVE
GHN_ADMIN_2025,2,1005574,1005574,,1000019,"Xã Ba Vì","[""xã ba vì"",""x.ba vì"",""x ba vì"",""ba vì"",""ba vi"",""xa ba vi"",""xabavi"",""bavi""]",ACTIVE
GHN_ADMIN_2025,2,1005575,1005575,,1000019,"Xã Ba Xa","[""xã ba xa"",""x.ba xa"",""x ba xa"",""ba xa"",""xa ba xa"",""xabaxa"",""baxa""]",ACTIVE
GHN_ADMIN_2025,2,1005576,1005576,,1000019,"Xã Ba Động","[""xã ba động"",""x.ba động"",""x ba động"",""ba động"",""ba dong"",""xa ba dong"",""xabadong"",""badong""]",ACTIVE
GHN_ADMIN_2025,2,1005577,1005577,,1000019,"Xã Đặng Thùy Trâm","[""xã đặng thùy trâm"",""x.đặng thùy trâm"",""x đặng thùy trâm"",""đặng thùy trâm"",""dang thuy tram"",""xa dang thuy tram"",""xadangthuytram"",""dangthuytram""]",ACTIVE
GHN_ADMIN_2025,2,1005578,1005578,,1000019,"Xã Bình Chương","[""xã bình chương"",""x.bình chương"",""x bình chương"",""bình chương"",""binh chuong"",""xa binh chuong"",""xabinhchuong"",""binhchuong""]",ACTIVE
GHN_ADMIN_2025,2,1005579,1005579,,1000019,"Xã Bình Minh","[""xã bình minh"",""x.bình minh"",""x bình minh"",""bình minh"",""binh minh"",""xa binh minh"",""xabinhminh"",""binhminh""]",ACTIVE
GHN_ADMIN_2025,2,1005580,1005580,,1000019,"Xã Bình Sơn","[""xã bình sơn"",""x.bình sơn"",""x bình sơn"",""bình sơn"",""binh son"",""xa binh son"",""xabinhson"",""binhson""]",ACTIVE
GHN_ADMIN_2025,2,1005581,1005581,,1000019,"Xã Vạn Tường","[""xã vạn tường"",""x.vạn tường"",""x vạn tường"",""vạn tường"",""van tuong"",""xa van tuong"",""xavantuong"",""vantuong""]",ACTIVE
GHN_ADMIN_2025,2,1005582,1005582,,1000019,"Xã Đông Sơn","[""xã đông sơn"",""x.đông sơn"",""x đông sơn"",""đông sơn"",""dong son"",""xa dong son"",""xadongson"",""dongson""]",ACTIVE
GHN_ADMIN_2025,2,1005583,1005583,,1000019,"Xã Minh Long","[""xã minh long"",""x.minh long"",""x minh long"",""minh long"",""xa minh long"",""xaminhlong"",""minhlong""]",ACTIVE
GHN_ADMIN_2025,2,1005584,1005584,,1000019,"Xã Sơn Mai","[""xã sơn mai"",""x.sơn mai"",""x sơn mai"",""sơn mai"",""son mai"",""xa son mai"",""xasonmai"",""sonmai""]",ACTIVE
GHN_ADMIN_2025,2,1005585,1005585,,1000019,"Xã Long Phụng","[""xã long phụng"",""x.long phụng"",""x long phụng"",""long phụng"",""long phung"",""xa long phung"",""xalongphung"",""longphung""]",ACTIVE
GHN_ADMIN_2025,2,1005586,1005586,,1000019,"Xã Lân Phong","[""xã lân phong"",""x.lân phong"",""x lân phong"",""lân phong"",""lan phong"",""xa lan phong"",""xalanphong"",""lanphong""]",ACTIVE
GHN_ADMIN_2025,2,1005587,1005587,,1000019,"Xã Mỏ Cày","[""xã mỏ cày"",""x.mỏ cày"",""x mỏ cày"",""mỏ cày"",""mo cay"",""xa mo cay"",""xamocay"",""mocay""]",ACTIVE
GHN_ADMIN_2025,2,1005588,1005588,,1000019,"Xã Mộ Đức","[""xã mộ đức"",""x.mộ đức"",""x mộ đức"",""mộ đức"",""mo duc"",""xa mo duc"",""xamoduc"",""moduc""]",ACTIVE
GHN_ADMIN_2025,2,1005589,1005589,,1000019,"Xã Nghĩa Hành","[""xã nghĩa hành"",""x.nghĩa hành"",""x nghĩa hành"",""nghĩa hành"",""nghia hanh"",""xa nghia hanh"",""xanghiahanh"",""nghiahanh""]",ACTIVE
GHN_ADMIN_2025,2,1005590,1005590,,1000019,"Xã Phước Giang","[""xã phước giang"",""x.phước giang"",""x phước giang"",""phước giang"",""phuoc giang"",""xa phuoc giang"",""xaphuocgiang"",""phuocgiang""]",ACTIVE
GHN_ADMIN_2025,2,1005591,1005591,,1000019,"Xã Thiện Tín","[""xã thiện tín"",""x.thiện tín"",""x thiện tín"",""thiện tín"",""thien tin"",""xa thien tin"",""xathientin"",""thientin""]",ACTIVE
GHN_ADMIN_2025,2,1005592,1005592,,1000019,"Xã Đình Cương","[""xã đình cương"",""x.đình cương"",""x đình cương"",""đình cương"",""dinh cuong"",""xa dinh cuong"",""xadinhcuong"",""dinhcuong""]",ACTIVE
GHN_ADMIN_2025,2,1005593,1005593,,1000019,"Xã Sơn Hà","[""xã sơn hà"",""x.sơn hà"",""x sơn hà"",""sơn hà"",""son ha"",""xa son ha"",""xasonha"",""sonha""]",ACTIVE
GHN_ADMIN_2025,2,1005594,1005594,,1000019,"Xã Sơn Hạ","[""xã sơn hạ"",""x.sơn hạ"",""x sơn hạ"",""sơn hạ"",""son ha"",""xa son ha"",""xasonha"",""sonha""]",ACTIVE
GHN_ADMIN_2025,2,1005595,1005595,,1000019,"Xã Sơn Kỳ","[""xã sơn kỳ"",""x.sơn kỳ"",""x sơn kỳ"",""sơn kỳ"",""son ky"",""xa son ky"",""xasonky"",""sonky""]",ACTIVE
GHN_ADMIN_2025,2,1005596,1005596,,1000019,"Xã Sơn Linh","[""xã sơn linh"",""x.sơn linh"",""x sơn linh"",""sơn linh"",""son linh"",""xa son linh"",""xasonlinh"",""sonlinh""]",ACTIVE
GHN_ADMIN_2025,2,1005597,1005597,,1000019,"Xã Sơn Thủy","[""xã sơn thủy"",""x.sơn thủy"",""x sơn thủy"",""sơn thủy"",""son thuy"",""xa son thuy"",""xasonthuy"",""sonthuy""]",ACTIVE
GHN_ADMIN_2025,2,1005598,1005598,,1000019,"Xã Sơn Tây","[""xã sơn tây"",""x.sơn tây"",""x sơn tây"",""sơn tây"",""son tay"",""xa son tay"",""xasontay"",""sontay""]",ACTIVE
GHN_ADMIN_2025,2,1005599,1005599,,1000019,"Xã Sơn Tây Hạ","[""xã sơn tây hạ"",""x.sơn tây hạ"",""x sơn tây hạ"",""sơn tây hạ"",""son tay ha"",""xa son tay ha"",""xasontayha"",""sontayha""]",ACTIVE
GHN_ADMIN_2025,2,1005600,1005600,,1000019,"Xã Sơn Tây Thượng","[""xã sơn tây thượng"",""x.sơn tây thượng"",""x sơn tây thượng"",""sơn tây thượng"",""son tay thuong"",""xa son tay thuong"",""xasontaythuong"",""sontaythuong""]",ACTIVE
GHN_ADMIN_2025,2,1005601,1005601,,1000019,"Xã Ba Gia","[""xã ba gia"",""x.ba gia"",""x ba gia"",""ba gia"",""xa ba gia"",""xabagia"",""bagia""]",ACTIVE
GHN_ADMIN_2025,2,1005602,1005602,,1000019,"Xã Sơn Tịnh","[""xã sơn tịnh"",""x.sơn tịnh"",""x sơn tịnh"",""sơn tịnh"",""son tinh"",""xa son tinh"",""xasontinh"",""sontinh""]",ACTIVE
GHN_ADMIN_2025,2,1005603,1005603,,1000019,"Xã Thọ Phong","[""xã thọ phong"",""x.thọ phong"",""x thọ phong"",""thọ phong"",""tho phong"",""xa tho phong"",""xathophong"",""thophong""]",ACTIVE
GHN_ADMIN_2025,2,1005604,1005604,,1000019,"Xã Trường Giang","[""xã trường giang"",""x.trường giang"",""x trường giang"",""trường giang"",""truong giang"",""xa truong giang"",""xatruonggiang"",""truonggiang""]",ACTIVE
GHN_ADMIN_2025,2,1005605,1005605,,1000019,"Xã Cà Đam","[""xã cà đam"",""x.cà đam"",""x cà đam"",""cà đam"",""ca dam"",""xa ca dam"",""xacadam"",""cadam""]",ACTIVE
GHN_ADMIN_2025,2,1005606,1005606,,1000019,"Xã Thanh Bồng","[""xã thanh bồng"",""x.thanh bồng"",""x thanh bồng"",""thanh bồng"",""thanh bong"",""xa thanh bong"",""xathanhbong"",""thanhbong""]",ACTIVE
GHN_ADMIN_2025,2,1005607,1005607,,1000019,"Xã Trà Bồng","[""xã trà bồng"",""x.trà bồng"",""x trà bồng"",""trà bồng"",""tra bong"",""xa tra bong"",""xatrabong"",""trabong""]",ACTIVE
GHN_ADMIN_2025,2,1005608,1005608,,1000019,"Xã Tây Trà","[""xã tây trà"",""x.tây trà"",""x tây trà"",""tây trà"",""tay tra"",""xa tay tra"",""xataytra"",""taytra""]",ACTIVE
GHN_ADMIN_2025,2,1005609,1005609,,1000019,"Xã Tây Trà Bồng","[""xã tây trà bồng"",""x.tây trà bồng"",""x tây trà bồng"",""tây trà bồng"",""tay tra bong"",""xa tay tra bong"",""xataytrabong"",""taytrabong""]",ACTIVE
GHN_ADMIN_2025,2,1005610,1005610,,1000019,"Xã Đông Trà Bồng","[""xã đông trà bồng"",""x.đông trà bồng"",""x đông trà bồng"",""đông trà bồng"",""dong tra bong"",""xa dong tra bong"",""xadongtrabong"",""dongtrabong""]",ACTIVE
GHN_ADMIN_2025,2,1005611,1005611,,1000019,"Xã Nghĩa Giang","[""xã nghĩa giang"",""x.nghĩa giang"",""x nghĩa giang"",""nghĩa giang"",""nghia giang"",""xa nghia giang"",""xanghiagiang"",""nghiagiang""]",ACTIVE
GHN_ADMIN_2025,2,1005612,1005612,,1000019,"Xã Trà Giang","[""xã trà giang"",""x.trà giang"",""x trà giang"",""trà giang"",""tra giang"",""xa tra giang"",""xatragiang"",""tragiang""]",ACTIVE
GHN_ADMIN_2025,2,1005613,1005613,,1000019,"Xã Tư Nghĩa","[""xã tư nghĩa"",""x.tư nghĩa"",""x tư nghĩa"",""tư nghĩa"",""tu nghia"",""xa tu nghia"",""xatunghia"",""tunghia""]",ACTIVE
GHN_ADMIN_2025,2,1005614,1005614,,1000019,"Xã Vệ Giang","[""xã vệ giang"",""x.vệ giang"",""x vệ giang"",""vệ giang"",""ve giang"",""xa ve giang"",""xavegiang"",""vegiang""]",ACTIVE
GHN_ADMIN_2025,2,1005615,1005615,,1000019,"Đặc khu Lý Sơn","[""đặc khu lý sơn"",""ä.khu lý sơn"",""ä khu lý sơn"",""khu lý sơn"",""khu ly son"",""dac khu ly son"",""dackhulyson"",""khulyson""]",ACTIVE
GHN_ADMIN_2025,2,1005616,1005616,,1000019,"Phường Cẩm Thành","[""phường cẩm thành"",""p.cẩm thành"",""p cẩm thành"",""cẩm thành"",""cam thanh"",""phuong cam thanh"",""phuongcamthanh"",""camthanh""]",ACTIVE
GHN_ADMIN_2025,2,1005617,1005617,,1000019,"Phường Nghĩa Lộ","[""phường nghĩa lộ"",""p.nghĩa lộ"",""p nghĩa lộ"",""nghĩa lộ"",""nghia lo"",""phuong nghia lo"",""phuongnghialo"",""nghialo""]",ACTIVE
GHN_ADMIN_2025,2,1005618,1005618,,1000019,"Phường Trương Quang Trọng","[""phường trương quang trọng"",""p.trương quang trọng"",""p trương quang trọng"",""trương quang trọng"",""truong quang trong"",""phuong truong quang trong"",""phuongtruongquangtrong"",""truongquangtrong""]",ACTIVE
GHN_ADMIN_2025,2,1005619,1005619,,1000019,"Xã An Phú","[""xã an phú"",""x.an phú"",""x an phú"",""an phú"",""an phu"",""xa an phu"",""xaanphu"",""anphu""]",ACTIVE
GHN_ADMIN_2025,2,1005620,1005620,,1000019,"Xã Tịnh Khê","[""xã tịnh khê"",""x.tịnh khê"",""x tịnh khê"",""tịnh khê"",""tinh khe"",""xa tinh khe"",""xatinhkhe"",""tinhkhe""]",ACTIVE
GHN_ADMIN_2025,2,1005621,1005621,,1000019,"Phường Sa Huỳnh","[""phường sa huỳnh"",""p.sa huỳnh"",""p sa huỳnh"",""sa huỳnh"",""sa huynh"",""phuong sa huynh"",""phuongsahuynh"",""sahuynh""]",ACTIVE
GHN_ADMIN_2025,2,1005622,1005622,,1000019,"Phường Trà Câu","[""phường trà câu"",""p.trà câu"",""p trà câu"",""trà câu"",""tra cau"",""phuong tra cau"",""phuongtracau"",""tracau""]",ACTIVE
GHN_ADMIN_2025,2,1005623,1005623,,1000019,"Phường Đức Phổ","[""phường đức phổ"",""p.đức phổ"",""p đức phổ"",""đức phổ"",""duc pho"",""phuong duc pho"",""phuongducpho"",""ducpho""]",ACTIVE
GHN_ADMIN_2025,2,1005624,1005624,,1000019,"Xã Khánh Cường","[""xã khánh cường"",""x.khánh cường"",""x khánh cường"",""khánh cường"",""khanh cuong"",""xa khanh cuong"",""xakhanhcuong"",""khanhcuong""]",ACTIVE
GHN_ADMIN_2025,2,1005625,1005625,,1000019,"Xã Nguyễn Nghiêm","[""xã nguyễn nghiêm"",""x.nguyễn nghiêm"",""x nguyễn nghiêm"",""nguyễn nghiêm"",""nguyen nghiem"",""xa nguyen nghiem"",""xanguyennghiem"",""nguyennghiem""]",ACTIVE
GHN_ADMIN_2025,2,1005626,1005626,,1000019,"Xã Ia Tơi","[""xã ia tơi"",""x.ia tơi"",""x ia tơi"",""ia tơi"",""ia toi"",""xa ia toi"",""xaiatoi"",""iatoi""]",ACTIVE
GHN_ADMIN_2025,2,1005627,1005627,,1000019,"Xã Ia Đal","[""xã ia đal"",""x.ia đal"",""x ia đal"",""ia đal"",""ia dal"",""xa ia dal"",""xaiadal"",""iadal""]",ACTIVE
GHN_ADMIN_2025,2,1005628,1005628,,1000019,"Xã Kon Plông","[""xã kon plông"",""x.kon plông"",""x kon plông"",""kon plông"",""kon plong"",""xa kon plong"",""xakonplong"",""konplong""]",ACTIVE
GHN_ADMIN_2025,2,1005629,1005629,,1000019,"Xã Măng Bút","[""xã măng bút"",""x.măng bút"",""x măng bút"",""măng bút"",""mang but"",""xa mang but"",""xamangbut"",""mangbut""]",ACTIVE
GHN_ADMIN_2025,2,1005630,1005630,,1000019,"Xã Măng Đen","[""xã măng đen"",""x.măng đen"",""x măng đen"",""măng đen"",""mang den"",""xa mang den"",""xamangden"",""mangden""]",ACTIVE
GHN_ADMIN_2025,2,1005631,1005631,,1000019,"Xã Kon Braih","[""xã kon braih"",""x.kon braih"",""x kon braih"",""kon braih"",""xa kon braih"",""xakonbraih"",""konbraih""]",ACTIVE
GHN_ADMIN_2025,2,1005632,1005632,,1000019,"Xã Đăk Kôi","[""xã đăk kôi"",""x.đăk kôi"",""x đăk kôi"",""đăk kôi"",""dak koi"",""xa dak koi"",""xadakkoi"",""dakkoi""]",ACTIVE
GHN_ADMIN_2025,2,1005633,1005633,,1000019,"Xã Đăk Rve","[""xã đăk rve"",""x.đăk rve"",""x đăk rve"",""đăk rve"",""dak rve"",""xa dak rve"",""xadakrve"",""dakrve""]",ACTIVE
GHN_ADMIN_2025,2,1005634,1005634,,1000019,"Xã Bờ Y","[""xã bờ y"",""x.bờ y"",""x bờ y"",""bờ y"",""bo y"",""xa bo y"",""xaboy"",""boy""]",ACTIVE
GHN_ADMIN_2025,2,1005635,1005635,,1000019,"Xã Dục Nông","[""xã dục nông"",""x.dục nông"",""x dục nông"",""dục nông"",""duc nong"",""xa duc nong"",""xaducnong"",""ducnong""]",ACTIVE
GHN_ADMIN_2025,2,1005636,1005636,,1000019,"Xã Sa Loong","[""xã sa loong"",""x.sa loong"",""x sa loong"",""sa loong"",""xa sa loong"",""xasaloong"",""saloong""]",ACTIVE
GHN_ADMIN_2025,2,1005637,1005637,,1000019,"Xã Mô Rai","[""xã mô rai"",""x.mô rai"",""x mô rai"",""mô rai"",""mo rai"",""xa mo rai"",""xamorai"",""morai""]",ACTIVE
GHN_ADMIN_2025,2,1005638,1005638,,1000019,"Xã Rờ Kơi","[""xã rờ kơi"",""x.rờ kơi"",""x rờ kơi"",""rờ kơi"",""ro koi"",""xa ro koi"",""xarokoi"",""rokoi""]",ACTIVE
GHN_ADMIN_2025,2,1005639,1005639,,1000019,"Xã Sa Bình","[""xã sa bình"",""x.sa bình"",""x sa bình"",""sa bình"",""sa binh"",""xa sa binh"",""xasabinh"",""sabinh""]",ACTIVE
GHN_ADMIN_2025,2,1005640,1005640,,1000019,"Xã Sa Thầy","[""xã sa thầy"",""x.sa thầy"",""x sa thầy"",""sa thầy"",""sa thay"",""xa sa thay"",""xasathay"",""sathay""]",ACTIVE
GHN_ADMIN_2025,2,1005641,1005641,,1000019,"Xã Ya Ly","[""xã ya ly"",""x.ya ly"",""x ya ly"",""ya ly"",""xa ya ly"",""xayaly"",""yaly""]",ACTIVE
GHN_ADMIN_2025,2,1005642,1005642,,1000019,"Xã Măng Ri","[""xã măng ri"",""x.măng ri"",""x măng ri"",""măng ri"",""mang ri"",""xa mang ri"",""xamangri"",""mangri""]",ACTIVE
GHN_ADMIN_2025,2,1005643,1005643,,1000019,"Xã Tu Mơ Rông","[""xã tu mơ rông"",""x.tu mơ rông"",""x tu mơ rông"",""tu mơ rông"",""tu mo rong"",""xa tu mo rong"",""xatumorong"",""tumorong""]",ACTIVE
GHN_ADMIN_2025,2,1005644,1005644,,1000019,"Xã Đăk Sao","[""xã đăk sao"",""x.đăk sao"",""x đăk sao"",""đăk sao"",""dak sao"",""xa dak sao"",""xadaksao"",""daksao""]",ACTIVE
GHN_ADMIN_2025,2,1005645,1005645,,1000019,"Xã Đăk Tờ Kan","[""xã đăk tờ kan"",""x.đăk tờ kan"",""x đăk tờ kan"",""đăk tờ kan"",""dak to kan"",""xa dak to kan"",""xadaktokan"",""daktokan""]",ACTIVE
GHN_ADMIN_2025,2,1005646,1005646,,1000019,"Xã Ngọc Linh","[""xã ngọc linh"",""x.ngọc linh"",""x ngọc linh"",""ngọc linh"",""ngoc linh"",""xa ngoc linh"",""xangoclinh"",""ngoclinh""]",ACTIVE
GHN_ADMIN_2025,2,1005647,1005647,,1000019,"Xã Xốp","[""xã xốp"",""x.xốp"",""x xốp"",""xốp"",""xop"",""xa xop"",""xaxop"",""xop""]",ACTIVE
GHN_ADMIN_2025,2,1005648,1005648,,1000019,"Xã Đăk Long","[""xã đăk long"",""x.đăk long"",""x đăk long"",""đăk long"",""dak long"",""xa dak long"",""xadaklong"",""daklong""]",ACTIVE
GHN_ADMIN_2025,2,1005649,1005649,,1000019,"Xã Đăk Môn","[""xã đăk môn"",""x.đăk môn"",""x đăk môn"",""đăk môn"",""dak mon"",""xa dak mon"",""xadakmon"",""dakmon""]",ACTIVE
GHN_ADMIN_2025,2,1005650,1005650,,1000019,"Xã Đăk PLô","[""xã đăk plô"",""x.đăk plô"",""x đăk plô"",""đăk plô"",""dak plo"",""xa dak plo"",""xadakplo"",""dakplo""]",ACTIVE
GHN_ADMIN_2025,2,1005651,1005651,,1000019,"Xã Đăk Pék","[""xã đăk pék"",""x.đăk pék"",""x đăk pék"",""đăk pék"",""dak pek"",""xa dak pek"",""xadakpek"",""dakpek""]",ACTIVE
GHN_ADMIN_2025,2,1005652,1005652,,1000019,"Xã Ngọk Réo","[""xã ngọk réo"",""x.ngọk réo"",""x ngọk réo"",""ngọk réo"",""ngok reo"",""xa ngok reo"",""xangokreo"",""ngokreo""]",ACTIVE
GHN_ADMIN_2025,2,1005653,1005653,,1000019,"Xã Đăk Hà","[""xã đăk hà"",""x.đăk hà"",""x đăk hà"",""đăk hà"",""dak ha"",""xa dak ha"",""xadakha"",""dakha""]",ACTIVE
GHN_ADMIN_2025,2,1005654,1005654,,1000019,"Xã Đăk Mar","[""xã đăk mar"",""x.đăk mar"",""x đăk mar"",""đăk mar"",""dak mar"",""xa dak mar"",""xadakmar"",""dakmar""]",ACTIVE
GHN_ADMIN_2025,2,1005655,1005655,,1000019,"Xã Đăk Pxi","[""xã đăk pxi"",""x.đăk pxi"",""x đăk pxi"",""đăk pxi"",""dak pxi"",""xa dak pxi"",""xadakpxi"",""dakpxi""]",ACTIVE
GHN_ADMIN_2025,2,1005656,1005656,,1000019,"Xã Đăk Ui","[""xã đăk ui"",""x.đăk ui"",""x đăk ui"",""đăk ui"",""dak ui"",""xa dak ui"",""xadakui"",""dakui""]",ACTIVE
GHN_ADMIN_2025,2,1005657,1005657,,1000019,"Xã Kon Đào","[""xã kon đào"",""x.kon đào"",""x kon đào"",""kon đào"",""kon dao"",""xa kon dao"",""xakondao"",""kondao""]",ACTIVE
GHN_ADMIN_2025,2,1005658,1005658,,1000019,"Xã Ngọk Tụ","[""xã ngọk tụ"",""x.ngọk tụ"",""x ngọk tụ"",""ngọk tụ"",""ngok tu"",""xa ngok tu"",""xangoktu"",""ngoktu""]",ACTIVE
GHN_ADMIN_2025,2,1005659,1005659,,1000019,"Xã Đăk Tô","[""xã đăk tô"",""x.đăk tô"",""x đăk tô"",""đăk tô"",""dak to"",""xa dak to"",""xadakto"",""dakto""]",ACTIVE
GHN_ADMIN_2025,2,1005660,1005660,,1000019,"Phường Kon Tum","[""phường kon tum"",""p.kon tum"",""p kon tum"",""kon tum"",""phuong kon tum"",""phuongkontum"",""kontum""]",ACTIVE
GHN_ADMIN_2025,2,1005661,1005661,,1000019,"Phường Đăk BLa","[""phường đăk bla"",""p.đăk bla"",""p đăk bla"",""đăk bla"",""dak bla"",""phuong dak bla"",""phuongdakbla"",""dakbla""]",ACTIVE
GHN_ADMIN_2025,2,1005662,1005662,,1000019,"Phường Đăk Cấm","[""phường đăk cấm"",""p.đăk cấm"",""p đăk cấm"",""đăk cấm"",""dak cam"",""phuong dak cam"",""phuongdakcam"",""dakcam""]",ACTIVE
GHN_ADMIN_2025,2,1005663,1005663,,1000019,"Xã Ia Chim","[""xã ia chim"",""x.ia chim"",""x ia chim"",""ia chim"",""xa ia chim"",""xaiachim"",""iachim""]",ACTIVE
GHN_ADMIN_2025,2,1005664,1005664,,1000019,"Xã Ngọk Bay","[""xã ngọk bay"",""x.ngọk bay"",""x ngọk bay"",""ngọk bay"",""ngok bay"",""xa ngok bay"",""xangokbay"",""ngokbay""]",ACTIVE
GHN_ADMIN_2025,2,1005665,1005665,,1000019,"Xã Đăk Rơ Wa","[""xã đăk rơ wa"",""x.đăk rơ wa"",""x đăk rơ wa"",""đăk rơ wa"",""dak ro wa"",""xa dak ro wa"",""xadakrowa"",""dakrowa""]",ACTIVE
GHN_ADMIN_2025,2,1005666,1005666,,1000007,"Xã Bàu Cạn","[""xã bàu cạn"",""x.bàu cạn"",""x bàu cạn"",""bàu cạn"",""bau can"",""xa bau can"",""xabaucan"",""baucan""]",ACTIVE
GHN_ADMIN_2025,2,1005667,1005667,,1000007,"Xã Chư Prông","[""xã chư prông"",""x.chư prông"",""x chư prông"",""chư prông"",""chu prong"",""xa chu prong"",""xachuprong"",""chuprong""]",ACTIVE
GHN_ADMIN_2025,2,1005668,1005668,,1000007,"Xã Ia Boòng","[""xã ia boòng"",""x.ia boòng"",""x ia boòng"",""ia boòng"",""ia boong"",""xa ia boong"",""xaiaboong"",""iaboong""]",ACTIVE
GHN_ADMIN_2025,2,1005669,1005669,,1000007,"Xã Ia Lâu","[""xã ia lâu"",""x.ia lâu"",""x ia lâu"",""ia lâu"",""ia lau"",""xa ia lau"",""xaialau"",""ialau""]",ACTIVE
GHN_ADMIN_2025,2,1005670,1005670,,1000007,"Xã Ia Mơ","[""xã ia mơ"",""x.ia mơ"",""x ia mơ"",""ia mơ"",""ia mo"",""xa ia mo"",""xaiamo"",""iamo""]",ACTIVE
GHN_ADMIN_2025,2,1005671,1005671,,1000007,"Xã Ia Pia","[""xã ia pia"",""x.ia pia"",""x ia pia"",""ia pia"",""xa ia pia"",""xaiapia"",""iapia""]",ACTIVE
GHN_ADMIN_2025,2,1005672,1005672,,1000007,"Xã Ia Púch","[""xã ia púch"",""x.ia púch"",""x ia púch"",""ia púch"",""ia puch"",""xa ia puch"",""xaiapuch"",""iapuch""]",ACTIVE
GHN_ADMIN_2025,2,1005673,1005673,,1000007,"Xã Ia Tôr","[""xã ia tôr"",""x.ia tôr"",""x ia tôr"",""ia tôr"",""ia tor"",""xa ia tor"",""xaiator"",""iator""]",ACTIVE
GHN_ADMIN_2025,2,1005674,1005674,,1000007,"Xã Chư Păh","[""xã chư păh"",""x.chư păh"",""x chư păh"",""chư păh"",""chu pah"",""xa chu pah"",""xachupah"",""chupah""]",ACTIVE
GHN_ADMIN_2025,2,1005675,1005675,,1000007,"Xã Ia Khươl","[""xã ia khươl"",""x.ia khươl"",""x ia khươl"",""ia khươl"",""ia khuol"",""xa ia khuol"",""xaiakhuol"",""iakhuol""]",ACTIVE
GHN_ADMIN_2025,2,1005676,1005676,,1000007,"Xã Ia Ly","[""xã ia ly"",""x.ia ly"",""x ia ly"",""ia ly"",""xa ia ly"",""xaialy"",""ialy""]",ACTIVE
GHN_ADMIN_2025,2,1005677,1005677,,1000007,"Xã Ia Phí","[""xã ia phí"",""x.ia phí"",""x ia phí"",""ia phí"",""ia phi"",""xa ia phi"",""xaiaphi"",""iaphi""]",ACTIVE
GHN_ADMIN_2025,2,1005678,1005678,,1000007,"Xã Chư Pưh","[""xã chư pưh"",""x.chư pưh"",""x chư pưh"",""chư pưh"",""chu puh"",""xa chu puh"",""xachupuh"",""chupuh""]",ACTIVE
GHN_ADMIN_2025,2,1005679,1005679,,1000007,"Xã Ia Hrú","[""xã ia hrú"",""x.ia hrú"",""x ia hrú"",""ia hrú"",""ia hru"",""xa ia hru"",""xaiahru"",""iahru""]",ACTIVE
GHN_ADMIN_2025,2,1005680,1005680,,1000007,"Xã Ia Le","[""xã ia le"",""x.ia le"",""x ia le"",""ia le"",""xa ia le"",""xaiale"",""iale""]",ACTIVE
GHN_ADMIN_2025,2,1005681,1005681,,1000007,"Xã Al Bá","[""xã al bá"",""x.al bá"",""x al bá"",""al bá"",""al ba"",""xa al ba"",""xaalba"",""alba""]",ACTIVE
GHN_ADMIN_2025,2,1005682,1005682,,1000007,"Xã Bờ Ngoong","[""xã bờ ngoong"",""x.bờ ngoong"",""x bờ ngoong"",""bờ ngoong"",""bo ngoong"",""xa bo ngoong"",""xabongoong"",""bongoong""]",ACTIVE
GHN_ADMIN_2025,2,1005683,1005683,,1000007,"Xã Chư Sê","[""xã chư sê"",""x.chư sê"",""x chư sê"",""chư sê"",""chu se"",""xa chu se"",""xachuse"",""chuse""]",ACTIVE
GHN_ADMIN_2025,2,1005684,1005684,,1000007,"Xã Ia Ko","[""xã ia ko"",""x.ia ko"",""x ia ko"",""ia ko"",""xa ia ko"",""xaiako"",""iako""]",ACTIVE
GHN_ADMIN_2025,2,1005685,1005685,,1000007,"Xã Ia Chia","[""xã ia chia"",""x.ia chia"",""x ia chia"",""ia chia"",""xa ia chia"",""xaiachia"",""iachia""]",ACTIVE
GHN_ADMIN_2025,2,1005686,1005686,,1000007,"Xã Ia Grai","[""xã ia grai"",""x.ia grai"",""x ia grai"",""ia grai"",""xa ia grai"",""xaiagrai"",""iagrai""]",ACTIVE
GHN_ADMIN_2025,2,1005687,1005687,,1000007,"Xã Ia Hrung","[""xã ia hrung"",""x.ia hrung"",""x ia hrung"",""ia hrung"",""xa ia hrung"",""xaiahrung"",""iahrung""]",ACTIVE
GHN_ADMIN_2025,2,1005688,1005688,,1000007,"Xã Ia Krái","[""xã ia krái"",""x.ia krái"",""x ia krái"",""ia krái"",""ia krai"",""xa ia krai"",""xaiakrai"",""iakrai""]",ACTIVE
GHN_ADMIN_2025,2,1005689,1005689,,1000007,"Xã Ia O","[""xã ia o"",""x.ia o"",""x ia o"",""ia o"",""xa ia o"",""xaiao"",""iao""]",ACTIVE
GHN_ADMIN_2025,2,1005690,1005690,,1000007,"Xã Ia Pa","[""xã ia pa"",""x.ia pa"",""x ia pa"",""ia pa"",""xa ia pa"",""xaiapa"",""iapa""]",ACTIVE
GHN_ADMIN_2025,2,1005691,1005691,,1000007,"Xã Ia Tul","[""xã ia tul"",""x.ia tul"",""x ia tul"",""ia tul"",""xa ia tul"",""xaiatul"",""iatul""]",ACTIVE
GHN_ADMIN_2025,2,1005692,1005692,,1000007,"Xã Pờ Tó","[""xã pờ tó"",""x.pờ tó"",""x pờ tó"",""pờ tó"",""po to"",""xa po to"",""xapoto"",""poto""]",ACTIVE
GHN_ADMIN_2025,2,1005693,1005693,,1000007,"Xã Kbang","[""xã kbang"",""x.kbang"",""x kbang"",""kbang"",""xa kbang"",""xakbang"",""kbang""]",ACTIVE
GHN_ADMIN_2025,2,1005694,1005694,,1000007,"Xã Krong","[""xã krong"",""x.krong"",""x krong"",""krong"",""xa krong"",""xakrong"",""krong""]",ACTIVE
GHN_ADMIN_2025,2,1005695,1005695,,1000007,"Xã Kông Bơ La","[""xã kông bơ la"",""x.kông bơ la"",""x kông bơ la"",""kông bơ la"",""kong bo la"",""xa kong bo la"",""xakongbola"",""kongbola""]",ACTIVE
GHN_ADMIN_2025,2,1005696,1005696,,1000007,"Xã Sơn Lang","[""xã sơn lang"",""x.sơn lang"",""x sơn lang"",""sơn lang"",""son lang"",""xa son lang"",""xasonlang"",""sonlang""]",ACTIVE
GHN_ADMIN_2025,2,1005697,1005697,,1000007,"Xã Tơ Tung","[""xã tơ tung"",""x.tơ tung"",""x tơ tung"",""tơ tung"",""to tung"",""xa to tung"",""xatotung"",""totung""]",ACTIVE
GHN_ADMIN_2025,2,1005698,1005698,,1000007,"Xã Đăk Rong","[""xã đăk rong"",""x.đăk rong"",""x đăk rong"",""đăk rong"",""dak rong"",""xa dak rong"",""xadakrong"",""dakrong""]",ACTIVE
GHN_ADMIN_2025,2,1005699,1005699,,1000007,"Xã Ia HDreh","[""xã ia hdreh"",""x.ia hdreh"",""x ia hdreh"",""ia hdreh"",""xa ia hdreh"",""xaiahdreh"",""iahdreh""]",ACTIVE
GHN_ADMIN_2025,2,1005700,1005700,,1000007,"Xã Ia Rsai","[""xã ia rsai"",""x.ia rsai"",""x ia rsai"",""ia rsai"",""xa ia rsai"",""xaiarsai"",""iarsai""]",ACTIVE
GHN_ADMIN_2025,2,1005701,1005701,,1000007,"Xã Phú Túc","[""xã phú túc"",""x.phú túc"",""x phú túc"",""phú túc"",""phu tuc"",""xa phu tuc"",""xaphutuc"",""phutuc""]",ACTIVE
GHN_ADMIN_2025,2,1005702,1005702,,1000007,"Xã Uar","[""xã uar"",""x.uar"",""x uar"",""uar"",""xa uar"",""xauar"",""uar""]",ACTIVE
GHN_ADMIN_2025,2,1005703,1005703,,1000007,"Xã Chơ Long","[""xã chơ long"",""x.chơ long"",""x chơ long"",""chơ long"",""cho long"",""xa cho long"",""xacholong"",""cholong""]",ACTIVE
GHN_ADMIN_2025,2,1005704,1005704,,1000007,"Xã Chư Krey","[""xã chư krey"",""x.chư krey"",""x chư krey"",""chư krey"",""chu krey"",""xa chu krey"",""xachukrey"",""chukrey""]",ACTIVE
GHN_ADMIN_2025,2,1005705,1005705,,1000007,"Xã Kông Chro","[""xã kông chro"",""x.kông chro"",""x kông chro"",""kông chro"",""kong chro"",""xa kong chro"",""xakongchro"",""kongchro""]",ACTIVE
GHN_ADMIN_2025,2,1005706,1005706,,1000007,"Xã SRó","[""xã sró"",""x.sró"",""x sró"",""sró"",""sro"",""xa sro"",""xasro"",""sro""]",ACTIVE
GHN_ADMIN_2025,2,1005707,1005707,,1000007,"Xã Ya Ma","[""xã ya ma"",""x.ya ma"",""x ya ma"",""ya ma"",""xa ya ma"",""xayama"",""yama""]",ACTIVE
GHN_ADMIN_2025,2,1005708,1005708,,1000007,"Xã Đăk Song","[""xã đăk song"",""x.đăk song"",""x đăk song"",""đăk song"",""dak song"",""xa dak song"",""xadaksong"",""daksong""]",ACTIVE
GHN_ADMIN_2025,2,1005709,1005709,,1000007,"Xã Ayun","[""xã ayun"",""x.ayun"",""x ayun"",""ayun"",""xa ayun"",""xaayun"",""ayun""]",ACTIVE
GHN_ADMIN_2025,2,1005710,1005710,,1000007,"Xã Hra","[""xã hra"",""x.hra"",""x hra"",""hra"",""xa hra"",""xahra"",""hra""]",ACTIVE
GHN_ADMIN_2025,2,1005711,1005711,,1000007,"Xã Kon Chiêng","[""xã kon chiêng"",""x.kon chiêng"",""x kon chiêng"",""kon chiêng"",""kon chieng"",""xa kon chieng"",""xakonchieng"",""konchieng""]",ACTIVE
GHN_ADMIN_2025,2,1005712,1005712,,1000007,"Xã Lơ Pang","[""xã lơ pang"",""x.lơ pang"",""x lơ pang"",""lơ pang"",""lo pang"",""xa lo pang"",""xalopang"",""lopang""]",ACTIVE
GHN_ADMIN_2025,2,1005713,1005713,,1000007,"Xã Mang Yang","[""xã mang yang"",""x.mang yang"",""x mang yang"",""mang yang"",""xa mang yang"",""xamangyang"",""mangyang""]",ACTIVE
GHN_ADMIN_2025,2,1005714,1005714,,1000007,"Xã Chư A Thai","[""xã chư a thai"",""x.chư a thai"",""x chư a thai"",""chư a thai"",""chu a thai"",""xa chu a thai"",""xachuathai"",""chuathai""]",ACTIVE
GHN_ADMIN_2025,2,1005715,1005715,,1000007,"Xã Ia Hiao","[""xã ia hiao"",""x.ia hiao"",""x ia hiao"",""ia hiao"",""xa ia hiao"",""xaiahiao"",""iahiao""]",ACTIVE
GHN_ADMIN_2025,2,1005716,1005716,,1000007,"Xã Phú Thiện","[""xã phú thiện"",""x.phú thiện"",""x phú thiện"",""phú thiện"",""phu thien"",""xa phu thien"",""xaphuthien"",""phuthien""]",ACTIVE
GHN_ADMIN_2025,2,1005717,1005717,,1000007,"Xã Ya Hội","[""xã ya hội"",""x.ya hội"",""x ya hội"",""ya hội"",""ya hoi"",""xa ya hoi"",""xayahoi"",""yahoi""]",ACTIVE
GHN_ADMIN_2025,2,1005718,1005718,,1000007,"Xã Đak Pơ","[""xã đak pơ"",""x.đak pơ"",""x đak pơ"",""đak pơ"",""dak po"",""xa dak po"",""xadakpo"",""dakpo""]",ACTIVE
GHN_ADMIN_2025,2,1005719,1005719,,1000007,"Xã Ia Băng","[""xã ia băng"",""x.ia băng"",""x ia băng"",""ia băng"",""ia bang"",""xa ia bang"",""xaiabang"",""iabang""]",ACTIVE
GHN_ADMIN_2025,2,1005720,1005720,,1000007,"Xã KDang","[""xã kdang"",""x.kdang"",""x kdang"",""kdang"",""xa kdang"",""xakdang"",""kdang""]",ACTIVE
GHN_ADMIN_2025,2,1005721,1005721,,1000007,"Xã Kon Gang","[""xã kon gang"",""x.kon gang"",""x kon gang"",""kon gang"",""xa kon gang"",""xakongang"",""kongang""]",ACTIVE
GHN_ADMIN_2025,2,1005722,1005722,,1000007,"Xã Đak Sơmei","[""xã đak sơmei"",""x.đak sơmei"",""x đak sơmei"",""đak sơmei"",""dak somei"",""xa dak somei"",""xadaksomei"",""daksomei""]",ACTIVE
GHN_ADMIN_2025,2,1005723,1005723,,1000007,"Xã Đak Đoa","[""xã đak đoa"",""x.đak đoa"",""x đak đoa"",""đak đoa"",""dak doa"",""xa dak doa"",""xadakdoa"",""dakdoa""]",ACTIVE
GHN_ADMIN_2025,2,1005724,1005724,,1000007,"Xã Ia Dom","[""xã ia dom"",""x.ia dom"",""x ia dom"",""ia dom"",""xa ia dom"",""xaiadom"",""iadom""]",ACTIVE
GHN_ADMIN_2025,2,1005725,1005725,,1000007,"Xã Ia Dơk","[""xã ia dơk"",""x.ia dơk"",""x ia dơk"",""ia dơk"",""ia dok"",""xa ia dok"",""xaiadok"",""iadok""]",ACTIVE
GHN_ADMIN_2025,2,1005726,1005726,,1000007,"Xã Ia Krêl","[""xã ia krêl"",""x.ia krêl"",""x ia krêl"",""ia krêl"",""ia krel"",""xa ia krel"",""xaiakrel"",""iakrel""]",ACTIVE
GHN_ADMIN_2025,2,1005727,1005727,,1000007,"Xã Ia Nan","[""xã ia nan"",""x.ia nan"",""x ia nan"",""ia nan"",""xa ia nan"",""xaianan"",""ianan""]",ACTIVE
GHN_ADMIN_2025,2,1005728,1005728,,1000007,"Xã Ia Pnôn","[""xã ia pnôn"",""x.ia pnôn"",""x ia pnôn"",""ia pnôn"",""ia pnon"",""xa ia pnon"",""xaiapnon"",""iapnon""]",ACTIVE
GHN_ADMIN_2025,2,1005729,1005729,,1000007,"Xã Đức Cơ","[""xã đức cơ"",""x.đức cơ"",""x đức cơ"",""đức cơ"",""duc co"",""xa duc co"",""xaducco"",""ducco""]",ACTIVE
GHN_ADMIN_2025,2,1005730,1005730,,1000007,"Phường An Phú","[""phường an phú"",""p.an phú"",""p an phú"",""an phú"",""an phu"",""phuong an phu"",""phuonganphu"",""anphu""]",ACTIVE
GHN_ADMIN_2025,2,1005731,1005731,,1000007,"Phường Diên Hồng","[""phường diên hồng"",""p.diên hồng"",""p diên hồng"",""diên hồng"",""dien hong"",""phuong dien hong"",""phuongdienhong"",""dienhong""]",ACTIVE
GHN_ADMIN_2025,2,1005732,1005732,,1000007,"Phường Hội Phú","[""phường hội phú"",""p.hội phú"",""p hội phú"",""hội phú"",""hoi phu"",""phuong hoi phu"",""phuonghoiphu"",""hoiphu""]",ACTIVE
GHN_ADMIN_2025,2,1005733,1005733,,1000007,"Phường Pleiku","[""phường pleiku"",""p.pleiku"",""p pleiku"",""pleiku"",""phuong pleiku"",""phuongpleiku"",""pleiku""]",ACTIVE
GHN_ADMIN_2025,2,1005734,1005734,,1000007,"Phường Thống Nhất","[""phường thống nhất"",""p.thống nhất"",""p thống nhất"",""thống nhất"",""thong nhat"",""phuong thong nhat"",""phuongthongnhat"",""thongnhat""]",ACTIVE
GHN_ADMIN_2025,2,1005735,1005735,,1000007,"Xã Biển Hồ","[""xã biển hồ"",""x.biển hồ"",""x biển hồ"",""biển hồ"",""bien ho"",""xa bien ho"",""xabienho"",""bienho""]",ACTIVE
GHN_ADMIN_2025,2,1005736,1005736,,1000007,"Xã Gào","[""xã gào"",""x.gào"",""x gào"",""gào"",""gao"",""xa gao"",""xagao"",""gao""]",ACTIVE
GHN_ADMIN_2025,2,1005737,1005737,,1000007,"Phường An Bình","[""phường an bình"",""p.an bình"",""p an bình"",""an bình"",""an binh"",""phuong an binh"",""phuonganbinh"",""anbinh""]",ACTIVE
GHN_ADMIN_2025,2,1005738,1005738,,1000007,"Phường An Khê","[""phường an khê"",""p.an khê"",""p an khê"",""an khê"",""an khe"",""phuong an khe"",""phuongankhe"",""ankhe""]",ACTIVE
GHN_ADMIN_2025,2,1005739,1005739,,1000007,"Xã Cửu An","[""xã cửu an"",""x.cửu an"",""x cửu an"",""cửu an"",""cuu an"",""xa cuu an"",""xacuuan"",""cuuan""]",ACTIVE
GHN_ADMIN_2025,2,1005740,1005740,,1000007,"Phường Ayun Pa","[""phường ayun pa"",""p.ayun pa"",""p ayun pa"",""ayun pa"",""phuong ayun pa"",""phuongayunpa"",""ayunpa""]",ACTIVE
GHN_ADMIN_2025,2,1005741,1005741,,1000007,"Xã Ia Rbol","[""xã ia rbol"",""x.ia rbol"",""x ia rbol"",""ia rbol"",""xa ia rbol"",""xaiarbol"",""iarbol""]",ACTIVE
GHN_ADMIN_2025,2,1005742,1005742,,1000007,"Xã Ia Sao","[""xã ia sao"",""x.ia sao"",""x ia sao"",""ia sao"",""xa ia sao"",""xaiasao"",""iasao""]",ACTIVE
GHN_ADMIN_2025,2,1005743,1005743,,1000007,"Xã An Hòa","[""xã an hòa"",""x.an hòa"",""x an hòa"",""an hòa"",""an hoa"",""xa an hoa"",""xaanhoa"",""anhoa""]",ACTIVE
GHN_ADMIN_2025,2,1005744,1005744,,1000007,"Xã An Lão","[""xã an lão"",""x.an lão"",""x an lão"",""an lão"",""an lao"",""xa an lao"",""xaanlao"",""anlao""]",ACTIVE
GHN_ADMIN_2025,2,1005745,1005745,,1000007,"Xã An Toàn","[""xã an toàn"",""x.an toàn"",""x an toàn"",""an toàn"",""an toan"",""xa an toan"",""xaantoan"",""antoan""]",ACTIVE
GHN_ADMIN_2025,2,1005746,1005746,,1000007,"Xã An Vinh","[""xã an vinh"",""x.an vinh"",""x an vinh"",""an vinh"",""xa an vinh"",""xaanvinh"",""anvinh""]",ACTIVE
GHN_ADMIN_2025,2,1005747,1005747,,1000007,"Xã Hoài Ân","[""xã hoài ân"",""x.hoài ân"",""x hoài ân"",""hoài ân"",""hoai an"",""xa hoai an"",""xahoaian"",""hoaian""]",ACTIVE
GHN_ADMIN_2025,2,1005748,1005748,,1000007,"Xã Kim Sơn","[""xã kim sơn"",""x.kim sơn"",""x kim sơn"",""kim sơn"",""kim son"",""xa kim son"",""xakimson"",""kimson""]",ACTIVE
GHN_ADMIN_2025,2,1005749,1005749,,1000007,"Xã Vạn Đức","[""xã vạn đức"",""x.vạn đức"",""x vạn đức"",""vạn đức"",""van duc"",""xa van duc"",""xavanduc"",""vanduc""]",ACTIVE
GHN_ADMIN_2025,2,1005750,1005750,,1000007,"Xã Ân Hảo","[""xã ân hảo"",""x.ân hảo"",""x ân hảo"",""ân hảo"",""an hao"",""xa an hao"",""xaanhao"",""anhao""]",ACTIVE
GHN_ADMIN_2025,2,1005751,1005751,,1000007,"Xã Ân Tường","[""xã ân tường"",""x.ân tường"",""x ân tường"",""ân tường"",""an tuong"",""xa an tuong"",""xaantuong"",""antuong""]",ACTIVE
GHN_ADMIN_2025,2,1005752,1005752,,1000007,"Xã Cát Tiến","[""xã cát tiến"",""x.cát tiến"",""x cát tiến"",""cát tiến"",""cat tien"",""xa cat tien"",""xacattien"",""cattien""]",ACTIVE
GHN_ADMIN_2025,2,1005753,1005753,,1000007,"Xã Hòa Hội","[""xã hòa hội"",""x.hòa hội"",""x hòa hội"",""hòa hội"",""hoa hoi"",""xa hoa hoi"",""xahoahoi"",""hoahoi""]",ACTIVE
GHN_ADMIN_2025,2,1005754,1005754,,1000007,"Xã Hội Sơn","[""xã hội sơn"",""x.hội sơn"",""x hội sơn"",""hội sơn"",""hoi son"",""xa hoi son"",""xahoison"",""hoison""]",ACTIVE
GHN_ADMIN_2025,2,1005755,1005755,,1000007,"Xã Ngô Mây","[""xã ngô mây"",""x.ngô mây"",""x ngô mây"",""ngô mây"",""ngo may"",""xa ngo may"",""xangomay"",""ngomay""]",ACTIVE
GHN_ADMIN_2025,2,1005756,1005756,,1000007,"Xã Phù Cát","[""xã phù cát"",""x.phù cát"",""x phù cát"",""phù cát"",""phu cat"",""xa phu cat"",""xaphucat"",""phucat""]",ACTIVE
GHN_ADMIN_2025,2,1005757,1005757,,1000007,"Xã Xuân An","[""xã xuân an"",""x.xuân an"",""x xuân an"",""xuân an"",""xuan an"",""xa xuan an"",""xaxuanan"",""xuanan""]",ACTIVE
GHN_ADMIN_2025,2,1005758,1005758,,1000007,"Xã Đề Gi","[""xã đề gi"",""x.đề gi"",""x đề gi"",""đề gi"",""de gi"",""xa de gi"",""xadegi"",""degi""]",ACTIVE
GHN_ADMIN_2025,2,1005759,1005759,,1000007,"Xã An Lương","[""xã an lương"",""x.an lương"",""x an lương"",""an lương"",""an luong"",""xa an luong"",""xaanluong"",""anluong""]",ACTIVE
GHN_ADMIN_2025,2,1005760,1005760,,1000007,"Xã Bình Dương","[""xã bình dương"",""x.bình dương"",""x bình dương"",""bình dương"",""binh duong"",""xa binh duong"",""xabinhduong"",""binhduong""]",ACTIVE
GHN_ADMIN_2025,2,1005761,1005761,,1000007,"Xã Phù Mỹ","[""xã phù mỹ"",""x.phù mỹ"",""x phù mỹ"",""phù mỹ"",""phu my"",""xa phu my"",""xaphumy"",""phumy""]",ACTIVE
GHN_ADMIN_2025,2,1005762,1005762,,1000007,"Xã Phù Mỹ Bắc","[""xã phù mỹ bắc"",""x.phù mỹ bắc"",""x phù mỹ bắc"",""phù mỹ bắc"",""phu my bac"",""xa phu my bac"",""xaphumybac"",""phumybac""]",ACTIVE
GHN_ADMIN_2025,2,1005763,1005763,,1000007,"Xã Phù Mỹ Nam","[""xã phù mỹ nam"",""x.phù mỹ nam"",""x phù mỹ nam"",""phù mỹ nam"",""phu my nam"",""xa phu my nam"",""xaphumynam"",""phumynam""]",ACTIVE
GHN_ADMIN_2025,2,1005764,1005764,,1000007,"Xã Phù Mỹ Tây","[""xã phù mỹ tây"",""x.phù mỹ tây"",""x phù mỹ tây"",""phù mỹ tây"",""phu my tay"",""xa phu my tay"",""xaphumytay"",""phumytay""]",ACTIVE
GHN_ADMIN_2025,2,1005765,1005765,,1000007,"Xã Phù Mỹ Đông","[""xã phù mỹ đông"",""x.phù mỹ đông"",""x phù mỹ đông"",""phù mỹ đông"",""phu my dong"",""xa phu my dong"",""xaphumydong"",""phumydong""]",ACTIVE
GHN_ADMIN_2025,2,1005766,1005766,,1000007,"Xã Tuy Phước","[""xã tuy phước"",""x.tuy phước"",""x tuy phước"",""tuy phước"",""tuy phuoc"",""xa tuy phuoc"",""xatuyphuoc"",""tuyphuoc""]",ACTIVE
GHN_ADMIN_2025,2,1005767,1005767,,1000007,"Xã Tuy Phước Bắc","[""xã tuy phước bắc"",""x.tuy phước bắc"",""x tuy phước bắc"",""tuy phước bắc"",""tuy phuoc bac"",""xa tuy phuoc bac"",""xatuyphuocbac"",""tuyphuocbac""]",ACTIVE
GHN_ADMIN_2025,2,1005768,1005768,,1000007,"Xã Tuy Phước Tây","[""xã tuy phước tây"",""x.tuy phước tây"",""x tuy phước tây"",""tuy phước tây"",""tuy phuoc tay"",""xa tuy phuoc tay"",""xatuyphuoctay"",""tuyphuoctay""]",ACTIVE
GHN_ADMIN_2025,2,1005769,1005769,,1000007,"Xã Tuy Phước Đông","[""xã tuy phước đông"",""x.tuy phước đông"",""x tuy phước đông"",""tuy phước đông"",""tuy phuoc dong"",""xa tuy phuoc dong"",""xatuyphuocdong"",""tuyphuocdong""]",ACTIVE
GHN_ADMIN_2025,2,1005770,1005770,,1000007,"Xã Bình An","[""xã bình an"",""x.bình an"",""x bình an"",""bình an"",""binh an"",""xa binh an"",""xabinhan"",""binhan""]",ACTIVE
GHN_ADMIN_2025,2,1005771,1005771,,1000007,"Xã Bình Hiệp","[""xã bình hiệp"",""x.bình hiệp"",""x bình hiệp"",""bình hiệp"",""binh hiep"",""xa binh hiep"",""xabinhhiep"",""binhhiep""]",ACTIVE
GHN_ADMIN_2025,2,1005772,1005772,,1000007,"Xã Bình Khê","[""xã bình khê"",""x.bình khê"",""x bình khê"",""bình khê"",""binh khe"",""xa binh khe"",""xabinhkhe"",""binhkhe""]",ACTIVE
GHN_ADMIN_2025,2,1005773,1005773,,1000007,"Xã Bình Phú","[""xã bình phú"",""x.bình phú"",""x bình phú"",""bình phú"",""binh phu"",""xa binh phu"",""xabinhphu"",""binhphu""]",ACTIVE
GHN_ADMIN_2025,2,1005774,1005774,,1000007,"Xã Tây Sơn","[""xã tây sơn"",""x.tây sơn"",""x tây sơn"",""tây sơn"",""tay son"",""xa tay son"",""xatayson"",""tayson""]",ACTIVE
GHN_ADMIN_2025,2,1005775,1005775,,1000007,"Xã Canh Liên","[""xã canh liên"",""x.canh liên"",""x canh liên"",""canh liên"",""canh lien"",""xa canh lien"",""xacanhlien"",""canhlien""]",ACTIVE
GHN_ADMIN_2025,2,1005776,1005776,,1000007,"Xã Canh Vinh","[""xã canh vinh"",""x.canh vinh"",""x canh vinh"",""canh vinh"",""xa canh vinh"",""xacanhvinh"",""canhvinh""]",ACTIVE
GHN_ADMIN_2025,2,1005777,1005777,,1000007,"Xã Vân Canh","[""xã vân canh"",""x.vân canh"",""x vân canh"",""vân canh"",""van canh"",""xa van canh"",""xavancanh"",""vancanh""]",ACTIVE
GHN_ADMIN_2025,2,1005778,1005778,,1000007,"Xã Vĩnh Quang","[""xã vĩnh quang"",""x.vĩnh quang"",""x vĩnh quang"",""vĩnh quang"",""vinh quang"",""xa vinh quang"",""xavinhquang"",""vinhquang""]",ACTIVE
GHN_ADMIN_2025,2,1005779,1005779,,1000007,"Xã Vĩnh Sơn","[""xã vĩnh sơn"",""x.vĩnh sơn"",""x vĩnh sơn"",""vĩnh sơn"",""vinh son"",""xa vinh son"",""xavinhson"",""vinhson""]",ACTIVE
GHN_ADMIN_2025,2,1005780,1005780,,1000007,"Xã Vĩnh Thạnh","[""xã vĩnh thạnh"",""x.vĩnh thạnh"",""x vĩnh thạnh"",""vĩnh thạnh"",""vinh thanh"",""xa vinh thanh"",""xavinhthanh"",""vinhthanh""]",ACTIVE
GHN_ADMIN_2025,2,1005781,1005781,,1000007,"Xã Vĩnh Thịnh","[""xã vĩnh thịnh"",""x.vĩnh thịnh"",""x vĩnh thịnh"",""vĩnh thịnh"",""vinh thinh"",""xa vinh thinh"",""xavinhthinh"",""vinhthinh""]",ACTIVE
GHN_ADMIN_2025,2,1005782,1005782,,1000007,"Phường Quy Nhơn","[""phường quy nhơn"",""p.quy nhơn"",""p quy nhơn"",""quy nhơn"",""quy nhon"",""phuong quy nhon"",""phuongquynhon"",""quynhon""]",ACTIVE
GHN_ADMIN_2025,2,1005783,1005783,,1000007,"Phường Quy Nhơn Bắc","[""phường quy nhơn bắc"",""p.quy nhơn bắc"",""p quy nhơn bắc"",""quy nhơn bắc"",""quy nhon bac"",""phuong quy nhon bac"",""phuongquynhonbac"",""quynhonbac""]",ACTIVE
GHN_ADMIN_2025,2,1005784,1005784,,1000007,"Phường Quy Nhơn Nam","[""phường quy nhơn nam"",""p.quy nhơn nam"",""p quy nhơn nam"",""quy nhơn nam"",""quy nhon nam"",""phuong quy nhon nam"",""phuongquynhonnam"",""quynhonnam""]",ACTIVE
GHN_ADMIN_2025,2,1005785,1005785,,1000007,"Phường Quy Nhơn Tây","[""phường quy nhơn tây"",""p.quy nhơn tây"",""p quy nhơn tây"",""quy nhơn tây"",""quy nhon tay"",""phuong quy nhon tay"",""phuongquynhontay"",""quynhontay""]",ACTIVE
GHN_ADMIN_2025,2,1005786,1005786,,1000007,"Phường Quy Nhơn Đông","[""phường quy nhơn đông"",""p.quy nhơn đông"",""p quy nhơn đông"",""quy nhơn đông"",""quy nhon dong"",""phuong quy nhon dong"",""phuongquynhondong"",""quynhondong""]",ACTIVE
GHN_ADMIN_2025,2,1005787,1005787,,1000007,"Xã Nhơn Châu","[""xã nhơn châu"",""x.nhơn châu"",""x nhơn châu"",""nhơn châu"",""nhon chau"",""xa nhon chau"",""xanhonchau"",""nhonchau""]",ACTIVE
GHN_ADMIN_2025,2,1005788,1005788,,1000007,"Phường An Nhơn","[""phường an nhơn"",""p.an nhơn"",""p an nhơn"",""an nhơn"",""an nhon"",""phuong an nhon"",""phuongannhon"",""annhon""]",ACTIVE
GHN_ADMIN_2025,2,1005789,1005789,,1000007,"Phường An Nhơn Bắc","[""phường an nhơn bắc"",""p.an nhơn bắc"",""p an nhơn bắc"",""an nhơn bắc"",""an nhon bac"",""phuong an nhon bac"",""phuongannhonbac"",""annhonbac""]",ACTIVE
GHN_ADMIN_2025,2,1005790,1005790,,1000007,"Phường An Nhơn Nam","[""phường an nhơn nam"",""p.an nhơn nam"",""p an nhơn nam"",""an nhơn nam"",""an nhon nam"",""phuong an nhon nam"",""phuongannhonnam"",""annhonnam""]",ACTIVE
GHN_ADMIN_2025,2,1005791,1005791,,1000007,"Phường An Nhơn Đông","[""phường an nhơn đông"",""p.an nhơn đông"",""p an nhơn đông"",""an nhơn đông"",""an nhon dong"",""phuong an nhon dong"",""phuongannhondong"",""annhondong""]",ACTIVE
GHN_ADMIN_2025,2,1005792,1005792,,1000007,"Phường Bình Định","[""phường bình định"",""p.bình định"",""p bình định"",""bình định"",""binh dinh"",""phuong binh dinh"",""phuongbinhdinh"",""binhdinh""]",ACTIVE
GHN_ADMIN_2025,2,1005793,1005793,,1000007,"Xã An Nhơn Tây","[""xã an nhơn tây"",""x.an nhơn tây"",""x an nhơn tây"",""an nhơn tây"",""an nhon tay"",""xa an nhon tay"",""xaannhontay"",""annhontay""]",ACTIVE
GHN_ADMIN_2025,2,1005794,1005794,,1000007,"Phường Bồng Sơn","[""phường bồng sơn"",""p.bồng sơn"",""p bồng sơn"",""bồng sơn"",""bong son"",""phuong bong son"",""phuongbongson"",""bongson""]",ACTIVE
GHN_ADMIN_2025,2,1005795,1005795,,1000007,"Phường Hoài Nhơn","[""phường hoài nhơn"",""p.hoài nhơn"",""p hoài nhơn"",""hoài nhơn"",""hoai nhon"",""phuong hoai nhon"",""phuonghoainhon"",""hoainhon""]",ACTIVE
GHN_ADMIN_2025,2,1005796,1005796,,1000007,"Phường Hoài Nhơn Bắc","[""phường hoài nhơn bắc"",""p.hoài nhơn bắc"",""p hoài nhơn bắc"",""hoài nhơn bắc"",""hoai nhon bac"",""phuong hoai nhon bac"",""phuonghoainhonbac"",""hoainhonbac""]",ACTIVE
GHN_ADMIN_2025,2,1005797,1005797,,1000007,"Phường Hoài Nhơn Nam","[""phường hoài nhơn nam"",""p.hoài nhơn nam"",""p hoài nhơn nam"",""hoài nhơn nam"",""hoai nhon nam"",""phuong hoai nhon nam"",""phuonghoainhonnam"",""hoainhonnam""]",ACTIVE
GHN_ADMIN_2025,2,1005798,1005798,,1000007,"Phường Hoài Nhơn Tây","[""phường hoài nhơn tây"",""p.hoài nhơn tây"",""p hoài nhơn tây"",""hoài nhơn tây"",""hoai nhon tay"",""phuong hoai nhon tay"",""phuonghoainhontay"",""hoainhontay""]",ACTIVE
GHN_ADMIN_2025,2,1005799,1005799,,1000007,"Phường Hoài Nhơn Đông","[""phường hoài nhơn đông"",""p.hoài nhơn đông"",""p hoài nhơn đông"",""hoài nhơn đông"",""hoai nhon dong"",""phuong hoai nhon dong"",""phuonghoainhondong"",""hoainhondong""]",ACTIVE
GHN_ADMIN_2025,2,1005800,1005800,,1000007,"Phường Tam Quan","[""phường tam quan"",""p.tam quan"",""p tam quan"",""tam quan"",""phuong tam quan"",""phuongtamquan"",""tamquan""]",ACTIVE
GHN_ADMIN_2025,2,1005801,1005801,,1000008,"Xã Cam An","[""xã cam an"",""x.cam an"",""x cam an"",""cam an"",""xa cam an"",""xacaman"",""caman""]",ACTIVE
GHN_ADMIN_2025,2,1005802,1005802,,1000008,"Xã Cam Hiệp","[""xã cam hiệp"",""x.cam hiệp"",""x cam hiệp"",""cam hiệp"",""cam hiep"",""xa cam hiep"",""xacamhiep"",""camhiep""]",ACTIVE
GHN_ADMIN_2025,2,1005803,1005803,,1000008,"Xã Cam Lâm","[""xã cam lâm"",""x.cam lâm"",""x cam lâm"",""cam lâm"",""cam lam"",""xa cam lam"",""xacamlam"",""camlam""]",ACTIVE
GHN_ADMIN_2025,2,1005804,1005804,,1000008,"Xã Suối Dầu","[""xã suối dầu"",""x.suối dầu"",""x suối dầu"",""suối dầu"",""suoi dau"",""xa suoi dau"",""xasuoidau"",""suoidau""]",ACTIVE
GHN_ADMIN_2025,2,1005805,1005805,,1000008,"Xã Diên Khánh","[""xã diên khánh"",""x.diên khánh"",""x diên khánh"",""diên khánh"",""dien khanh"",""xa dien khanh"",""xadienkhanh"",""dienkhanh""]",ACTIVE
GHN_ADMIN_2025,2,1005806,1005806,,1000008,"Xã Diên Lâm","[""xã diên lâm"",""x.diên lâm"",""x diên lâm"",""diên lâm"",""dien lam"",""xa dien lam"",""xadienlam"",""dienlam""]",ACTIVE
GHN_ADMIN_2025,2,1005807,1005807,,1000008,"Xã Diên Lạc","[""xã diên lạc"",""x.diên lạc"",""x diên lạc"",""diên lạc"",""dien lac"",""xa dien lac"",""xadienlac"",""dienlac""]",ACTIVE
GHN_ADMIN_2025,2,1005808,1005808,,1000008,"Xã Diên Thọ","[""xã diên thọ"",""x.diên thọ"",""x diên thọ"",""diên thọ"",""dien tho"",""xa dien tho"",""xadientho"",""dientho""]",ACTIVE
GHN_ADMIN_2025,2,1005809,1005809,,1000008,"Xã Diên Điền","[""xã diên điền"",""x.diên điền"",""x diên điền"",""diên điền"",""dien dien"",""xa dien dien"",""xadiendien"",""diendien""]",ACTIVE
GHN_ADMIN_2025,2,1005810,1005810,,1000008,"Xã Suối Hiệp","[""xã suối hiệp"",""x.suối hiệp"",""x suối hiệp"",""suối hiệp"",""suoi hiep"",""xa suoi hiep"",""xasuoihiep"",""suoihiep""]",ACTIVE
GHN_ADMIN_2025,2,1005811,1005811,,1000008,"Xã Khánh Sơn","[""xã khánh sơn"",""x.khánh sơn"",""x khánh sơn"",""khánh sơn"",""khanh son"",""xa khanh son"",""xakhanhson"",""khanhson""]",ACTIVE
GHN_ADMIN_2025,2,1005812,1005812,,1000008,"Xã Tây Khánh Sơn","[""xã tây khánh sơn"",""x.tây khánh sơn"",""x tây khánh sơn"",""tây khánh sơn"",""tay khanh son"",""xa tay khanh son"",""xataykhanhson"",""taykhanhson""]",ACTIVE
GHN_ADMIN_2025,2,1005813,1005813,,1000008,"Xã Đông Khánh Sơn","[""xã đông khánh sơn"",""x.đông khánh sơn"",""x đông khánh sơn"",""đông khánh sơn"",""dong khanh son"",""xa dong khanh son"",""xadongkhanhson"",""dongkhanhson""]",ACTIVE
GHN_ADMIN_2025,2,1005814,1005814,,1000008,"Xã Bắc Khánh Vĩnh","[""xã bắc khánh vĩnh"",""x.bắc khánh vĩnh"",""x bắc khánh vĩnh"",""bắc khánh vĩnh"",""bac khanh vinh"",""xa bac khanh vinh"",""xabackhanhvinh"",""backhanhvinh""]",ACTIVE
GHN_ADMIN_2025,2,1005815,1005815,,1000008,"Xã Khánh Vĩnh","[""xã khánh vĩnh"",""x.khánh vĩnh"",""x khánh vĩnh"",""khánh vĩnh"",""khanh vinh"",""xa khanh vinh"",""xakhanhvinh"",""khanhvinh""]",ACTIVE
GHN_ADMIN_2025,2,1005816,1005816,,1000008,"Xã Nam Khánh Vĩnh","[""xã nam khánh vĩnh"",""x.nam khánh vĩnh"",""x nam khánh vĩnh"",""nam khánh vĩnh"",""nam khanh vinh"",""xa nam khanh vinh"",""xanamkhanhvinh"",""namkhanhvinh""]",ACTIVE
GHN_ADMIN_2025,2,1005817,1005817,,1000008,"Xã Trung Khánh Vĩnh","[""xã trung khánh vĩnh"",""x.trung khánh vĩnh"",""x trung khánh vĩnh"",""trung khánh vĩnh"",""trung khanh vinh"",""xa trung khanh vinh"",""xatrungkhanhvinh"",""trungkhanhvinh""]",ACTIVE
GHN_ADMIN_2025,2,1005818,1005818,,1000008,"Xã Tây Khánh Vĩnh","[""xã tây khánh vĩnh"",""x.tây khánh vĩnh"",""x tây khánh vĩnh"",""tây khánh vĩnh"",""tay khanh vinh"",""xa tay khanh vinh"",""xataykhanhvinh"",""taykhanhvinh""]",ACTIVE
GHN_ADMIN_2025,2,1005819,1005819,,1000008,"Xã Tu Bông","[""xã tu bông"",""x.tu bông"",""x tu bông"",""tu bông"",""tu bong"",""xa tu bong"",""xatubong"",""tubong""]",ACTIVE
GHN_ADMIN_2025,2,1005820,1005820,,1000008,"Xã Vạn Hưng","[""xã vạn hưng"",""x.vạn hưng"",""x vạn hưng"",""vạn hưng"",""van hung"",""xa van hung"",""xavanhung"",""vanhung""]",ACTIVE
GHN_ADMIN_2025,2,1005821,1005821,,1000008,"Xã Vạn Ninh","[""xã vạn ninh"",""x.vạn ninh"",""x vạn ninh"",""vạn ninh"",""van ninh"",""xa van ninh"",""xavanninh"",""vanninh""]",ACTIVE
GHN_ADMIN_2025,2,1005822,1005822,,1000008,"Xã Vạn Thắng","[""xã vạn thắng"",""x.vạn thắng"",""x vạn thắng"",""vạn thắng"",""van thang"",""xa van thang"",""xavanthang"",""vanthang""]",ACTIVE
GHN_ADMIN_2025,2,1005823,1005823,,1000008,"Xã Đại Lãnh","[""xã đại lãnh"",""x.đại lãnh"",""x đại lãnh"",""đại lãnh"",""dai lanh"",""xa dai lanh"",""xadailanh"",""dailanh""]",ACTIVE
GHN_ADMIN_2025,2,1005824,1005824,,1000008,"Đặc khu Trường Sa","[""đặc khu trường sa"",""ä.khu trường sa"",""ä khu trường sa"",""khu trường sa"",""khu truong sa"",""dac khu truong sa"",""dackhutruongsa"",""khutruongsa""]",ACTIVE
GHN_ADMIN_2025,2,1005825,1005825,,1000008,"Phường Ba Ngòi","[""phường ba ngòi"",""p.ba ngòi"",""p ba ngòi"",""ba ngòi"",""ba ngoi"",""phuong ba ngoi"",""phuongbangoi"",""bangoi""]",ACTIVE
GHN_ADMIN_2025,2,1005826,1005826,,1000008,"Phường Bắc Cam Ranh","[""phường bắc cam ranh"",""p.bắc cam ranh"",""p bắc cam ranh"",""bắc cam ranh"",""bac cam ranh"",""phuong bac cam ranh"",""phuongbaccamranh"",""baccamranh""]",ACTIVE
GHN_ADMIN_2025,2,1005827,1005827,,1000008,"Phường Cam Linh","[""phường cam linh"",""p.cam linh"",""p cam linh"",""cam linh"",""phuong cam linh"",""phuongcamlinh"",""camlinh""]",ACTIVE
GHN_ADMIN_2025,2,1005828,1005828,,1000008,"Phường Cam Ranh","[""phường cam ranh"",""p.cam ranh"",""p cam ranh"",""cam ranh"",""phuong cam ranh"",""phuongcamranh"",""camranh""]",ACTIVE
GHN_ADMIN_2025,2,1005829,1005829,,1000008,"Xã Nam Cam Ranh","[""xã nam cam ranh"",""x.nam cam ranh"",""x nam cam ranh"",""nam cam ranh"",""xa nam cam ranh"",""xanamcamranh"",""namcamranh""]",ACTIVE
GHN_ADMIN_2025,2,1005830,1005830,,1000008,"Phường Bắc Nha Trang","[""phường bắc nha trang"",""p.bắc nha trang"",""p bắc nha trang"",""bắc nha trang"",""bac nha trang"",""phuong bac nha trang"",""phuongbacnhatrang"",""bacnhatrang""]",ACTIVE
GHN_ADMIN_2025,2,1005831,1005831,,1000008,"Phường Nam Nha Trang","[""phường nam nha trang"",""p.nam nha trang"",""p nam nha trang"",""nam nha trang"",""phuong nam nha trang"",""phuongnamnhatrang"",""namnhatrang""]",ACTIVE
GHN_ADMIN_2025,2,1005832,1005832,,1000008,"Phường Nha Trang","[""phường nha trang"",""p.nha trang"",""p nha trang"",""nha trang"",""phuong nha trang"",""phuongnhatrang"",""nhatrang""]",ACTIVE
GHN_ADMIN_2025,2,1005833,1005833,,1000008,"Phường Tây Nha Trang","[""phường tây nha trang"",""p.tây nha trang"",""p tây nha trang"",""tây nha trang"",""tay nha trang"",""phuong tay nha trang"",""phuongtaynhatrang"",""taynhatrang""]",ACTIVE
GHN_ADMIN_2025,2,1005834,1005834,,1000008,"Phường Hòa Thắng","[""phường hòa thắng"",""p.hòa thắng"",""p hòa thắng"",""hòa thắng"",""hoa thang"",""phuong hoa thang"",""phuonghoathang"",""hoathang""]",ACTIVE
GHN_ADMIN_2025,2,1005835,1005835,,1000008,"Phường Ninh Hòa","[""phường ninh hòa"",""p.ninh hòa"",""p ninh hòa"",""ninh hòa"",""ninh hoa"",""phuong ninh hoa"",""phuongninhhoa"",""ninhhoa""]",ACTIVE
GHN_ADMIN_2025,2,1005836,1005836,,1000008,"Phường Đông Ninh Hòa","[""phường đông ninh hòa"",""p.đông ninh hòa"",""p đông ninh hòa"",""đông ninh hòa"",""dong ninh hoa"",""phuong dong ninh hoa"",""phuongdongninhhoa"",""dongninhhoa""]",ACTIVE
GHN_ADMIN_2025,2,1005837,1005837,,1000008,"Xã Bắc Ninh Hòa","[""xã bắc ninh hòa"",""x.bắc ninh hòa"",""x bắc ninh hòa"",""bắc ninh hòa"",""bac ninh hoa"",""xa bac ninh hoa"",""xabacninhhoa"",""bacninhhoa""]",ACTIVE
GHN_ADMIN_2025,2,1005838,1005838,,1000008,"Xã Hòa Trí","[""xã hòa trí"",""x.hòa trí"",""x hòa trí"",""hòa trí"",""hoa tri"",""xa hoa tri"",""xahoatri"",""hoatri""]",ACTIVE
GHN_ADMIN_2025,2,1005839,1005839,,1000008,"Xã Nam Ninh Hòa","[""xã nam ninh hòa"",""x.nam ninh hòa"",""x nam ninh hòa"",""nam ninh hòa"",""nam ninh hoa"",""xa nam ninh hoa"",""xanamninhhoa"",""namninhhoa""]",ACTIVE
GHN_ADMIN_2025,2,1005840,1005840,,1000008,"Xã Tân Định","[""xã tân định"",""x.tân định"",""x tân định"",""tân định"",""tan dinh"",""xa tan dinh"",""xatandinh"",""tandinh""]",ACTIVE
GHN_ADMIN_2025,2,1005841,1005841,,1000008,"Xã Tây Ninh Hòa","[""xã tây ninh hòa"",""x.tây ninh hòa"",""x tây ninh hòa"",""tây ninh hòa"",""tay ninh hoa"",""xa tay ninh hoa"",""xatayninhhoa"",""tayninhhoa""]",ACTIVE
GHN_ADMIN_2025,2,1005842,1005842,,1000008,"Xã Bác Ái","[""xã bác ái"",""x.bác ái"",""x bác ái"",""bác ái"",""bac ai"",""xa bac ai"",""xabacai"",""bacai""]",ACTIVE
GHN_ADMIN_2025,2,1005843,1005843,,1000008,"Xã Bác Ái Tây","[""xã bác ái tây"",""x.bác ái tây"",""x bác ái tây"",""bác ái tây"",""bac ai tay"",""xa bac ai tay"",""xabacaitay"",""bacaitay""]",ACTIVE
GHN_ADMIN_2025,2,1005844,1005844,,1000008,"Xã Bác Ái Đông","[""xã bác ái đông"",""x.bác ái đông"",""x bác ái đông"",""bác ái đông"",""bac ai dong"",""xa bac ai dong"",""xabacaidong"",""bacaidong""]",ACTIVE
GHN_ADMIN_2025,2,1005845,1005845,,1000008,"Xã Ninh Hải","[""xã ninh hải"",""x.ninh hải"",""x ninh hải"",""ninh hải"",""ninh hai"",""xa ninh hai"",""xaninhhai"",""ninhhai""]",ACTIVE
GHN_ADMIN_2025,2,1005846,1005846,,1000008,"Xã Vĩnh Hải","[""xã vĩnh hải"",""x.vĩnh hải"",""x vĩnh hải"",""vĩnh hải"",""vinh hai"",""xa vinh hai"",""xavinhhai"",""vinhhai""]",ACTIVE
GHN_ADMIN_2025,2,1005847,1005847,,1000008,"Xã Xuân Hải","[""xã xuân hải"",""x.xuân hải"",""x xuân hải"",""xuân hải"",""xuan hai"",""xa xuan hai"",""xaxuanhai"",""xuanhai""]",ACTIVE
GHN_ADMIN_2025,2,1005848,1005848,,1000008,"Xã Ninh Phước","[""xã ninh phước"",""x.ninh phước"",""x ninh phước"",""ninh phước"",""ninh phuoc"",""xa ninh phuoc"",""xaninhphuoc"",""ninhphuoc""]",ACTIVE
GHN_ADMIN_2025,2,1005849,1005849,,1000008,"Xã Phước Dinh","[""xã phước dinh"",""x.phước dinh"",""x phước dinh"",""phước dinh"",""phuoc dinh"",""xa phuoc dinh"",""xaphuocdinh"",""phuocdinh""]",ACTIVE
GHN_ADMIN_2025,2,1005850,1005850,,1000008,"Xã Phước Hậu","[""xã phước hậu"",""x.phước hậu"",""x phước hậu"",""phước hậu"",""phuoc hau"",""xa phuoc hau"",""xaphuochau"",""phuochau""]",ACTIVE
GHN_ADMIN_2025,2,1005851,1005851,,1000008,"Xã Phước Hữu","[""xã phước hữu"",""x.phước hữu"",""x phước hữu"",""phước hữu"",""phuoc huu"",""xa phuoc huu"",""xaphuochuu"",""phuochuu""]",ACTIVE
GHN_ADMIN_2025,2,1005852,1005852,,1000008,"Xã Anh Dũng","[""xã anh dũng"",""x.anh dũng"",""x anh dũng"",""anh dũng"",""anh dung"",""xa anh dung"",""xaanhdung"",""anhdung""]",ACTIVE
GHN_ADMIN_2025,2,1005853,1005853,,1000008,"Xã Lâm Sơn","[""xã lâm sơn"",""x.lâm sơn"",""x lâm sơn"",""lâm sơn"",""lam son"",""xa lam son"",""xalamson"",""lamson""]",ACTIVE
GHN_ADMIN_2025,2,1005854,1005854,,1000008,"Xã Mỹ Sơn","[""xã mỹ sơn"",""x.mỹ sơn"",""x mỹ sơn"",""mỹ sơn"",""my son"",""xa my son"",""xamyson"",""myson""]",ACTIVE
GHN_ADMIN_2025,2,1005855,1005855,,1000008,"Xã Ninh Sơn","[""xã ninh sơn"",""x.ninh sơn"",""x ninh sơn"",""ninh sơn"",""ninh son"",""xa ninh son"",""xaninhson"",""ninhson""]",ACTIVE
GHN_ADMIN_2025,2,1005856,1005856,,1000008,"Xã Công Hải","[""xã công hải"",""x.công hải"",""x công hải"",""công hải"",""cong hai"",""xa cong hai"",""xaconghai"",""conghai""]",ACTIVE
GHN_ADMIN_2025,2,1005857,1005857,,1000008,"Xã Thuận Bắc","[""xã thuận bắc"",""x.thuận bắc"",""x thuận bắc"",""thuận bắc"",""thuan bac"",""xa thuan bac"",""xathuanbac"",""thuanbac""]",ACTIVE
GHN_ADMIN_2025,2,1005858,1005858,,1000008,"Xã Cà Ná","[""xã cà ná"",""x.cà ná"",""x cà ná"",""cà ná"",""ca na"",""xa ca na"",""xacana"",""cana""]",ACTIVE
GHN_ADMIN_2025,2,1005859,1005859,,1000008,"Xã Phước Hà","[""xã phước hà"",""x.phước hà"",""x phước hà"",""phước hà"",""phuoc ha"",""xa phuoc ha"",""xaphuocha"",""phuocha""]",ACTIVE
GHN_ADMIN_2025,2,1005860,1005860,,1000008,"Xã Thuận Nam","[""xã thuận nam"",""x.thuận nam"",""x thuận nam"",""thuận nam"",""thuan nam"",""xa thuan nam"",""xathuannam"",""thuannam""]",ACTIVE
GHN_ADMIN_2025,2,1005861,1005861,,1000008,"Phường Bảo An","[""phường bảo an"",""p.bảo an"",""p bảo an"",""bảo an"",""bao an"",""phuong bao an"",""phuongbaoan"",""baoan""]",ACTIVE
GHN_ADMIN_2025,2,1005862,1005862,,1000008,"Phường Ninh Chử","[""phường ninh chử"",""p.ninh chử"",""p ninh chử"",""ninh chử"",""ninh chu"",""phuong ninh chu"",""phuongninhchu"",""ninhchu""]",ACTIVE
GHN_ADMIN_2025,2,1005863,1005863,,1000008,"Phường Phan Rang","[""phường phan rang"",""p.phan rang"",""p phan rang"",""phan rang"",""phuong phan rang"",""phuongphanrang"",""phanrang""]",ACTIVE
GHN_ADMIN_2025,2,1005864,1005864,,1000008,"Phường Đô Vinh","[""phường đô vinh"",""p.đô vinh"",""p đô vinh"",""đô vinh"",""do vinh"",""phuong do vinh"",""phuongdovinh"",""dovinh""]",ACTIVE
GHN_ADMIN_2025,2,1005865,1005865,,1000008,"Phường Đông Hải","[""phường đông hải"",""p.đông hải"",""p đông hải"",""đông hải"",""dong hai"",""phuong dong hai"",""phuongdonghai"",""donghai""]",ACTIVE
GHN_ADMIN_2025,2,1005866,1005866,,1000009,"Xã Bảo Lâm 1","[""xã bảo lâm 1"",""x.bảo lâm 1"",""x bảo lâm 1"",""bảo lâm 1"",""bao lam 1"",""xa bao lam 1"",""xabaolam"",""baolam1""]",ACTIVE
GHN_ADMIN_2025,2,1005867,1005867,,1000009,"Xã Bảo Lâm 2","[""xã bảo lâm 2"",""x.bảo lâm 2"",""x bảo lâm 2"",""bảo lâm 2"",""bao lam 2"",""xa bao lam 2"",""xabaolam"",""baolam2""]",ACTIVE
GHN_ADMIN_2025,2,1005868,1005868,,1000009,"Xã Bảo Lâm 3","[""xã bảo lâm 3"",""x.bảo lâm 3"",""x bảo lâm 3"",""bảo lâm 3"",""bao lam 3"",""xa bao lam 3"",""xabaolam"",""baolam3""]",ACTIVE
GHN_ADMIN_2025,2,1005869,1005869,,1000009,"Xã Bảo Lâm 4","[""xã bảo lâm 4"",""x.bảo lâm 4"",""x bảo lâm 4"",""bảo lâm 4"",""bao lam 4"",""xa bao lam 4"",""xabaolam"",""baolam4""]",ACTIVE
GHN_ADMIN_2025,2,1005870,1005870,,1000009,"Xã Bảo Lâm 5","[""xã bảo lâm 5"",""x.bảo lâm 5"",""x bảo lâm 5"",""bảo lâm 5"",""bao lam 5"",""xa bao lam 5"",""xabaolam"",""baolam5""]",ACTIVE
GHN_ADMIN_2025,2,1005871,1005871,,1000009,"Xã Cát Tiên","[""xã cát tiên"",""x.cát tiên"",""x cát tiên"",""cát tiên"",""cat tien"",""xa cat tien"",""xacattien"",""cattien""]",ACTIVE
GHN_ADMIN_2025,2,1005872,1005872,,1000009,"Xã Cát Tiên 2","[""xã cát tiên 2"",""x.cát tiên 2"",""x cát tiên 2"",""cát tiên 2"",""cat tien 2"",""xa cat tien 2"",""xacattien"",""cattien2""]",ACTIVE
GHN_ADMIN_2025,2,1005873,1005873,,1000009,"Xã Cát Tiên 3","[""xã cát tiên 3"",""x.cát tiên 3"",""x cát tiên 3"",""cát tiên 3"",""cat tien 3"",""xa cat tien 3"",""xacattien"",""cattien3""]",ACTIVE
GHN_ADMIN_2025,2,1005874,1005874,,1000009,"Xã Bảo Thuận","[""xã bảo thuận"",""x.bảo thuận"",""x bảo thuận"",""bảo thuận"",""bao thuan"",""xa bao thuan"",""xabaothuan"",""baothuan""]",ACTIVE
GHN_ADMIN_2025,2,1005875,1005875,,1000009,"Xã Di Linh","[""xã di linh"",""x.di linh"",""x di linh"",""di linh"",""xa di linh"",""xadilinh"",""dilinh""]",ACTIVE
GHN_ADMIN_2025,2,1005876,1005876,,1000009,"Xã Gia Hiệp","[""xã gia hiệp"",""x.gia hiệp"",""x gia hiệp"",""gia hiệp"",""gia hiep"",""xa gia hiep"",""xagiahiep"",""giahiep""]",ACTIVE
GHN_ADMIN_2025,2,1005877,1005877,,1000009,"Xã Hòa Bắc","[""xã hòa bắc"",""x.hòa bắc"",""x hòa bắc"",""hòa bắc"",""hoa bac"",""xa hoa bac"",""xahoabac"",""hoabac""]",ACTIVE
GHN_ADMIN_2025,2,1005878,1005878,,1000009,"Xã Hòa Ninh","[""xã hòa ninh"",""x.hòa ninh"",""x hòa ninh"",""hòa ninh"",""hoa ninh"",""xa hoa ninh"",""xahoaninh"",""hoaninh""]",ACTIVE
GHN_ADMIN_2025,2,1005879,1005879,,1000009,"Xã Sơn Điền","[""xã sơn điền"",""x.sơn điền"",""x sơn điền"",""sơn điền"",""son dien"",""xa son dien"",""xasondien"",""sondien""]",ACTIVE
GHN_ADMIN_2025,2,1005880,1005880,,1000009,"Xã Đinh Trang Thượng","[""xã đinh trang thượng"",""x.đinh trang thượng"",""x đinh trang thượng"",""đinh trang thượng"",""dinh trang thuong"",""xa dinh trang thuong"",""xadinhtrangthuong"",""dinhtrangthuong""]",ACTIVE
GHN_ADMIN_2025,2,1005881,1005881,,1000009,"Xã Nam Ban Lâm Hà","[""xã nam ban lâm hà"",""x.nam ban lâm hà"",""x nam ban lâm hà"",""nam ban lâm hà"",""nam ban lam ha"",""xa nam ban lam ha"",""xanambanlamha"",""nambanlamha""]",ACTIVE
GHN_ADMIN_2025,2,1005882,1005882,,1000009,"Xã Nam Hà Lâm Hà","[""xã nam hà lâm hà"",""x.nam hà lâm hà"",""x nam hà lâm hà"",""nam hà lâm hà"",""nam ha lam ha"",""xa nam ha lam ha"",""xanamhalamha"",""namhalamha""]",ACTIVE
GHN_ADMIN_2025,2,1005883,1005883,,1000009,"Xã Phú Sơn Lâm Hà","[""xã phú sơn lâm hà"",""x.phú sơn lâm hà"",""x phú sơn lâm hà"",""phú sơn lâm hà"",""phu son lam ha"",""xa phu son lam ha"",""xaphusonlamha"",""phusonlamha""]",ACTIVE
GHN_ADMIN_2025,2,1005884,1005884,,1000009,"Xã Phúc Thọ Lâm Hà","[""xã phúc thọ lâm hà"",""x.phúc thọ lâm hà"",""x phúc thọ lâm hà"",""phúc thọ lâm hà"",""phuc tho lam ha"",""xa phuc tho lam ha"",""xaphuctholamha"",""phuctholamha""]",ACTIVE
GHN_ADMIN_2025,2,1005885,1005885,,1000009,"Xã Tân Hà Lâm Hà","[""xã tân hà lâm hà"",""x.tân hà lâm hà"",""x tân hà lâm hà"",""tân hà lâm hà"",""tan ha lam ha"",""xa tan ha lam ha"",""xatanhalamha"",""tanhalamha""]",ACTIVE
GHN_ADMIN_2025,2,1005886,1005886,,1000009,"Xã Đinh Văn Lâm Hà","[""xã đinh văn lâm hà"",""x.đinh văn lâm hà"",""x đinh văn lâm hà"",""đinh văn lâm hà"",""dinh van lam ha"",""xa dinh van lam ha"",""xadinhvanlamha"",""dinhvanlamha""]",ACTIVE
GHN_ADMIN_2025,2,1005887,1005887,,1000009,"Xã Lạc Dương","[""xã lạc dương"",""x.lạc dương"",""x lạc dương"",""lạc dương"",""lac duong"",""xa lac duong"",""xalacduong"",""lacduong""]",ACTIVE
GHN_ADMIN_2025,2,1005888,1005888,,1000009,"Xã Đam Rông 1","[""xã đam rông 1"",""x.đam rông 1"",""x đam rông 1"",""đam rông 1"",""dam rong 1"",""xa dam rong 1"",""xadamrong"",""damrong1""]",ACTIVE
GHN_ADMIN_2025,2,1005889,1005889,,1000009,"Xã Đam Rông 2","[""xã đam rông 2"",""x.đam rông 2"",""x đam rông 2"",""đam rông 2"",""dam rong 2"",""xa dam rong 2"",""xadamrong"",""damrong2""]",ACTIVE
GHN_ADMIN_2025,2,1005890,1005890,,1000009,"Xã Đam Rông 3","[""xã đam rông 3"",""x.đam rông 3"",""x đam rông 3"",""đam rông 3"",""dam rong 3"",""xa dam rong 3"",""xadamrong"",""damrong3""]",ACTIVE
GHN_ADMIN_2025,2,1005891,1005891,,1000009,"Xã Đam Rông 4","[""xã đam rông 4"",""x.đam rông 4"",""x đam rông 4"",""đam rông 4"",""dam rong 4"",""xa dam rong 4"",""xadamrong"",""damrong4""]",ACTIVE
GHN_ADMIN_2025,2,1005892,1005892,,1000009,"Xã D’Ran","[""xã d’ran"",""x.d’ran"",""x d’ran"",""d’ran"",""d'ran"",""xa d'ran"",""xadran"",""d'ran""]",ACTIVE
GHN_ADMIN_2025,2,1005893,1005893,,1000009,"Xã Ka Đô","[""xã ka đô"",""x.ka đô"",""x ka đô"",""ka đô"",""ka do"",""xa ka do"",""xakado"",""kado""]",ACTIVE
GHN_ADMIN_2025,2,1005894,1005894,,1000009,"Xã Quảng Lập","[""xã quảng lập"",""x.quảng lập"",""x quảng lập"",""quảng lập"",""quang lap"",""xa quang lap"",""xaquanglap"",""quanglap""]",ACTIVE
GHN_ADMIN_2025,2,1005895,1005895,,1000009,"Xã Đơn Dương","[""xã đơn dương"",""x.đơn dương"",""x đơn dương"",""đơn dương"",""don duong"",""xa don duong"",""xadonduong"",""donduong""]",ACTIVE
GHN_ADMIN_2025,2,1005896,1005896,,1000009,"Xã Đạ Huoai","[""xã đạ huoai"",""x.đạ huoai"",""x đạ huoai"",""đạ huoai"",""da huoai"",""xa da huoai"",""xadahuoai"",""dahuoai""]",ACTIVE
GHN_ADMIN_2025,2,1005897,1005897,,1000009,"Xã Đạ Huoai 2","[""xã đạ huoai 2"",""x.đạ huoai 2"",""x đạ huoai 2"",""đạ huoai 2"",""da huoai 2"",""xa da huoai 2"",""xadahuoai"",""dahuoai2""]",ACTIVE
GHN_ADMIN_2025,2,1005898,1005898,,1000009,"Xã Đạ Huoai 3","[""xã đạ huoai 3"",""x.đạ huoai 3"",""x đạ huoai 3"",""đạ huoai 3"",""da huoai 3"",""xa da huoai 3"",""xadahuoai"",""dahuoai3""]",ACTIVE
GHN_ADMIN_2025,2,1005899,1005899,,1000009,"Xã Đạ Tẻh","[""xã đạ tẻh"",""x.đạ tẻh"",""x đạ tẻh"",""đạ tẻh"",""da teh"",""xa da teh"",""xadateh"",""dateh""]",ACTIVE
GHN_ADMIN_2025,2,1005900,1005900,,1000009,"Xã Đạ Tẻh 2","[""xã đạ tẻh 2"",""x.đạ tẻh 2"",""x đạ tẻh 2"",""đạ tẻh 2"",""da teh 2"",""xa da teh 2"",""xadateh"",""dateh2""]",ACTIVE
GHN_ADMIN_2025,2,1005901,1005901,,1000009,"Xã Đạ Tẻh 3","[""xã đạ tẻh 3"",""x.đạ tẻh 3"",""x đạ tẻh 3"",""đạ tẻh 3"",""da teh 3"",""xa da teh 3"",""xadateh"",""dateh3""]",ACTIVE
GHN_ADMIN_2025,2,1005902,1005902,,1000009,"Xã Hiệp Thạnh","[""xã hiệp thạnh"",""x.hiệp thạnh"",""x hiệp thạnh"",""hiệp thạnh"",""hiep thanh"",""xa hiep thanh"",""xahiepthanh"",""hiepthanh""]",ACTIVE
GHN_ADMIN_2025,2,1005903,1005903,,1000009,"Xã Ninh Gia","[""xã ninh gia"",""x.ninh gia"",""x ninh gia"",""ninh gia"",""xa ninh gia"",""xaninhgia"",""ninhgia""]",ACTIVE
GHN_ADMIN_2025,2,1005904,1005904,,1000009,"Xã Tà Hine","[""xã tà hine"",""x.tà hine"",""x tà hine"",""tà hine"",""ta hine"",""xa ta hine"",""xatahine"",""tahine""]",ACTIVE
GHN_ADMIN_2025,2,1005905,1005905,,1000009,"Xã Tà Năng","[""xã tà năng"",""x.tà năng"",""x tà năng"",""tà năng"",""ta nang"",""xa ta nang"",""xatanang"",""tanang""]",ACTIVE
GHN_ADMIN_2025,2,1005906,1005906,,1000009,"Xã Tân Hội","[""xã tân hội"",""x.tân hội"",""x tân hội"",""tân hội"",""tan hoi"",""xa tan hoi"",""xatanhoi"",""tanhoi""]",ACTIVE
GHN_ADMIN_2025,2,1005907,1005907,,1000009,"Xã Đức Trọng","[""xã đức trọng"",""x.đức trọng"",""x đức trọng"",""đức trọng"",""duc trong"",""xa duc trong"",""xaductrong"",""ductrong""]",ACTIVE
GHN_ADMIN_2025,2,1005908,1005908,,1000009,"Phường 1 Bảo Lộc","[""phường 1 bảo lộc"",""p.1 bảo lộc"",""p 1 bảo lộc"",""1 bảo lộc"",""1 bao loc"",""phuong 1 bao loc"",""phuongbaoloc"",""1baoloc""]",ACTIVE
GHN_ADMIN_2025,2,1005909,1005909,,1000009,"Phường 2 Bảo Lộc","[""phường 2 bảo lộc"",""p.2 bảo lộc"",""p 2 bảo lộc"",""2 bảo lộc"",""2 bao loc"",""phuong 2 bao loc"",""phuongbaoloc"",""2baoloc""]",ACTIVE
GHN_ADMIN_2025,2,1005910,1005910,,1000009,"Phường 3 Bảo Lộc","[""phường 3 bảo lộc"",""p.3 bảo lộc"",""p 3 bảo lộc"",""3 bảo lộc"",""3 bao loc"",""phuong 3 bao loc"",""phuongbaoloc"",""3baoloc""]",ACTIVE
GHN_ADMIN_2025,2,1005911,1005911,,1000009,"Phường B'Lao","[""phường b'lao"",""p.b'lao"",""p b'lao"",""b'lao"",""phuong b'lao"",""phuongblao"",""b'lao""]",ACTIVE
GHN_ADMIN_2025,2,1005912,1005912,,1000009,"Phường Cam Ly - Đà Lạt","[""phường cam ly - đà lạt"",""p.cam ly - đà lạt"",""p cam ly - đà lạt"",""cam ly - đà lạt"",""cam ly - da lat"",""phuong cam ly - da lat"",""phuongcamlydalat"",""camly-dalat""]",ACTIVE
GHN_ADMIN_2025,2,1005913,1005913,,1000009,"Phường Lang Biang - Đà Lạt","[""phường lang biang - đà lạt"",""p.lang biang - đà lạt"",""p lang biang - đà lạt"",""lang biang - đà lạt"",""lang biang - da lat"",""phuong lang biang - da lat"",""phuonglangbiangdalat"",""langbiang-dalat""]",ACTIVE
GHN_ADMIN_2025,2,1005914,1005914,,1000009,"Phường Lâm Viên - Đà Lạt","[""phường lâm viên - đà lạt"",""p.lâm viên - đà lạt"",""p lâm viên - đà lạt"",""lâm viên - đà lạt"",""lam vien - da lat"",""phuong lam vien - da lat"",""phuonglamviendalat"",""lamvien-dalat""]",ACTIVE
GHN_ADMIN_2025,2,1005915,1005915,,1000009,"Phường Xuân Hương - Đà Lạt","[""phường xuân hương - đà lạt"",""p.xuân hương - đà lạt"",""p xuân hương - đà lạt"",""xuân hương - đà lạt"",""xuan huong - da lat"",""phuong xuan huong - da lat"",""phuongxuanhuongdalat"",""xuanhuong-dalat""]",ACTIVE
GHN_ADMIN_2025,2,1005916,1005916,,1000009,"Phường Xuân Trường - Đà Lạt","[""phường xuân trường - đà lạt"",""p.xuân trường - đà lạt"",""p xuân trường - đà lạt"",""xuân trường - đà lạt"",""xuan truong - da lat"",""phuong xuan truong - da lat"",""phuongxuantruongdalat"",""xuantruong-dalat""]",ACTIVE
GHN_ADMIN_2025,2,1005917,1005917,,1000009,"Xã Bắc Bình","[""xã bắc bình"",""x.bắc bình"",""x bắc bình"",""bắc bình"",""bac binh"",""xa bac binh"",""xabacbinh"",""bacbinh""]",ACTIVE
GHN_ADMIN_2025,2,1005918,1005918,,1000009,"Xã Hòa Thắng","[""xã hòa thắng"",""x.hòa thắng"",""x hòa thắng"",""hòa thắng"",""hoa thang"",""xa hoa thang"",""xahoathang"",""hoathang""]",ACTIVE
GHN_ADMIN_2025,2,1005919,1005919,,1000009,"Xã Hải Ninh","[""xã hải ninh"",""x.hải ninh"",""x hải ninh"",""hải ninh"",""hai ninh"",""xa hai ninh"",""xahaininh"",""haininh""]",ACTIVE
GHN_ADMIN_2025,2,1005920,1005920,,1000009,"Xã Hồng Thái","[""xã hồng thái"",""x.hồng thái"",""x hồng thái"",""hồng thái"",""hong thai"",""xa hong thai"",""xahongthai"",""hongthai""]",ACTIVE
GHN_ADMIN_2025,2,1005921,1005921,,1000009,"Xã Lương Sơn","[""xã lương sơn"",""x.lương sơn"",""x lương sơn"",""lương sơn"",""luong son"",""xa luong son"",""xaluongson"",""luongson""]",ACTIVE
GHN_ADMIN_2025,2,1005922,1005922,,1000009,"Xã Phan Sơn","[""xã phan sơn"",""x.phan sơn"",""x phan sơn"",""phan sơn"",""phan son"",""xa phan son"",""xaphanson"",""phanson""]",ACTIVE
GHN_ADMIN_2025,2,1005923,1005923,,1000009,"Xã Sông Lũy","[""xã sông lũy"",""x.sông lũy"",""x sông lũy"",""sông lũy"",""song luy"",""xa song luy"",""xasongluy"",""songluy""]",ACTIVE
GHN_ADMIN_2025,2,1005924,1005924,,1000009,"Xã Hàm Liêm","[""xã hàm liêm"",""x.hàm liêm"",""x hàm liêm"",""hàm liêm"",""ham liem"",""xa ham liem"",""xahamliem"",""hamliem""]",ACTIVE
GHN_ADMIN_2025,2,1005925,1005925,,1000009,"Xã Hàm Thuận","[""xã hàm thuận"",""x.hàm thuận"",""x hàm thuận"",""hàm thuận"",""ham thuan"",""xa ham thuan"",""xahamthuan"",""hamthuan""]",ACTIVE
GHN_ADMIN_2025,2,1005926,1005926,,1000009,"Xã Hàm Thuận Bắc","[""xã hàm thuận bắc"",""x.hàm thuận bắc"",""x hàm thuận bắc"",""hàm thuận bắc"",""ham thuan bac"",""xa ham thuan bac"",""xahamthuanbac"",""hamthuanbac""]",ACTIVE
GHN_ADMIN_2025,2,1005927,1005927,,1000009,"Xã Hồng Sơn","[""xã hồng sơn"",""x.hồng sơn"",""x hồng sơn"",""hồng sơn"",""hong son"",""xa hong son"",""xahongson"",""hongson""]",ACTIVE
GHN_ADMIN_2025,2,1005928,1005928,,1000009,"Xã La Dạ","[""xã la dạ"",""x.la dạ"",""x la dạ"",""la dạ"",""la da"",""xa la da"",""xalada"",""lada""]",ACTIVE
GHN_ADMIN_2025,2,1005929,1005929,,1000009,"Xã Đông Giang","[""xã đông giang"",""x.đông giang"",""x đông giang"",""đông giang"",""dong giang"",""xa dong giang"",""xadonggiang"",""donggiang""]",ACTIVE
GHN_ADMIN_2025,2,1005930,1005930,,1000009,"Xã Hàm Kiệm","[""xã hàm kiệm"",""x.hàm kiệm"",""x hàm kiệm"",""hàm kiệm"",""ham kiem"",""xa ham kiem"",""xahamkiem"",""hamkiem""]",ACTIVE
GHN_ADMIN_2025,2,1005931,1005931,,1000009,"Xã Hàm Thuận Nam","[""xã hàm thuận nam"",""x.hàm thuận nam"",""x hàm thuận nam"",""hàm thuận nam"",""ham thuan nam"",""xa ham thuan nam"",""xahamthuannam"",""hamthuannam""]",ACTIVE
GHN_ADMIN_2025,2,1005932,1005932,,1000009,"Xã Hàm Thạnh","[""xã hàm thạnh"",""x.hàm thạnh"",""x hàm thạnh"",""hàm thạnh"",""ham thanh"",""xa ham thanh"",""xahamthanh"",""hamthanh""]",ACTIVE
GHN_ADMIN_2025,2,1005933,1005933,,1000009,"Xã Tuyên Quang","[""xã tuyên quang"",""x.tuyên quang"",""x tuyên quang"",""tuyên quang"",""tuyen quang"",""xa tuyen quang"",""xatuyenquang"",""tuyenquang""]",ACTIVE
GHN_ADMIN_2025,2,1005934,1005934,,1000009,"Xã Tân Lập","[""xã tân lập"",""x.tân lập"",""x tân lập"",""tân lập"",""tan lap"",""xa tan lap"",""xatanlap"",""tanlap""]",ACTIVE
GHN_ADMIN_2025,2,1005935,1005935,,1000009,"Xã Tân Thành","[""xã tân thành"",""x.tân thành"",""x tân thành"",""tân thành"",""tan thanh"",""xa tan thanh"",""xatanthanh"",""tanthanh""]",ACTIVE
GHN_ADMIN_2025,2,1005936,1005936,,1000009,"Xã Hàm Tân","[""xã hàm tân"",""x.hàm tân"",""x hàm tân"",""hàm tân"",""ham tan"",""xa ham tan"",""xahamtan"",""hamtan""]",ACTIVE
GHN_ADMIN_2025,2,1005937,1005937,,1000009,"Xã Sơn Mỹ","[""xã sơn mỹ"",""x.sơn mỹ"",""x sơn mỹ"",""sơn mỹ"",""son my"",""xa son my"",""xasonmy"",""sonmy""]",ACTIVE
GHN_ADMIN_2025,2,1005938,1005938,,1000009,"Xã Tân Minh","[""xã tân minh"",""x.tân minh"",""x tân minh"",""tân minh"",""tan minh"",""xa tan minh"",""xatanminh"",""tanminh""]",ACTIVE
GHN_ADMIN_2025,2,1005939,1005939,,1000009,"Xã Liên Hương","[""xã liên hương"",""x.liên hương"",""x liên hương"",""liên hương"",""lien huong"",""xa lien huong"",""xalienhuong"",""lienhuong""]",ACTIVE
GHN_ADMIN_2025,2,1005940,1005940,,1000009,"Xã Phan Rí Cửa","[""xã phan rí cửa"",""x.phan rí cửa"",""x phan rí cửa"",""phan rí cửa"",""phan ri cua"",""xa phan ri cua"",""xaphanricua"",""phanricua""]",ACTIVE
GHN_ADMIN_2025,2,1005941,1005941,,1000009,"Xã Tuy Phong","[""xã tuy phong"",""x.tuy phong"",""x tuy phong"",""tuy phong"",""xa tuy phong"",""xatuyphong"",""tuyphong""]",ACTIVE
GHN_ADMIN_2025,2,1005942,1005942,,1000009,"Xã Vĩnh Hảo","[""xã vĩnh hảo"",""x.vĩnh hảo"",""x vĩnh hảo"",""vĩnh hảo"",""vinh hao"",""xa vinh hao"",""xavinhhao"",""vinhhao""]",ACTIVE
GHN_ADMIN_2025,2,1005943,1005943,,1000009,"Xã Bắc Ruộng","[""xã bắc ruộng"",""x.bắc ruộng"",""x bắc ruộng"",""bắc ruộng"",""bac ruong"",""xa bac ruong"",""xabacruong"",""bacruong""]",ACTIVE
GHN_ADMIN_2025,2,1005944,1005944,,1000009,"Xã Nghị Đức","[""xã nghị đức"",""x.nghị đức"",""x nghị đức"",""nghị đức"",""nghi duc"",""xa nghi duc"",""xanghiduc"",""nghiduc""]",ACTIVE
GHN_ADMIN_2025,2,1005945,1005945,,1000009,"Xã Suối Kiết","[""xã suối kiết"",""x.suối kiết"",""x suối kiết"",""suối kiết"",""suoi kiet"",""xa suoi kiet"",""xasuoikiet"",""suoikiet""]",ACTIVE
GHN_ADMIN_2025,2,1005946,1005946,,1000009,"Xã Tánh Linh","[""xã tánh linh"",""x.tánh linh"",""x tánh linh"",""tánh linh"",""tanh linh"",""xa tanh linh"",""xatanhlinh"",""tanhlinh""]",ACTIVE
GHN_ADMIN_2025,2,1005947,1005947,,1000009,"Xã Đồng Kho","[""xã đồng kho"",""x.đồng kho"",""x đồng kho"",""đồng kho"",""dong kho"",""xa dong kho"",""xadongkho"",""dongkho""]",ACTIVE
GHN_ADMIN_2025,2,1005948,1005948,,1000009,"Xã Hoài Đức","[""xã hoài đức"",""x.hoài đức"",""x hoài đức"",""hoài đức"",""hoai duc"",""xa hoai duc"",""xahoaiduc"",""hoaiduc""]",ACTIVE
GHN_ADMIN_2025,2,1005949,1005949,,1000009,"Xã Nam Thành","[""xã nam thành"",""x.nam thành"",""x nam thành"",""nam thành"",""nam thanh"",""xa nam thanh"",""xanamthanh"",""namthanh""]",ACTIVE
GHN_ADMIN_2025,2,1005950,1005950,,1000009,"Xã Trà Tân","[""xã trà tân"",""x.trà tân"",""x trà tân"",""trà tân"",""tra tan"",""xa tra tan"",""xatratan"",""tratan""]",ACTIVE
GHN_ADMIN_2025,2,1005951,1005951,,1000009,"Xã Đức Linh","[""xã đức linh"",""x.đức linh"",""x đức linh"",""đức linh"",""duc linh"",""xa duc linh"",""xaduclinh"",""duclinh""]",ACTIVE
GHN_ADMIN_2025,2,1005952,1005952,,1000009,"Đặc khu Phú Quý","[""đặc khu phú quý"",""ä.khu phú quý"",""ä khu phú quý"",""khu phú quý"",""khu phu quy"",""dac khu phu quy"",""dackhuphuquy"",""khuphuquy""]",ACTIVE
GHN_ADMIN_2025,2,1005953,1005953,,1000009,"Phường Bình Thuận","[""phường bình thuận"",""p.bình thuận"",""p bình thuận"",""bình thuận"",""binh thuan"",""phuong binh thuan"",""phuongbinhthuan"",""binhthuan""]",ACTIVE
GHN_ADMIN_2025,2,1005954,1005954,,1000009,"Phường Hàm Thắng","[""phường hàm thắng"",""p.hàm thắng"",""p hàm thắng"",""hàm thắng"",""ham thang"",""phuong ham thang"",""phuonghamthang"",""hamthang""]",ACTIVE
GHN_ADMIN_2025,2,1005955,1005955,,1000009,"Phường Mũi Né","[""phường mũi né"",""p.mũi né"",""p mũi né"",""mũi né"",""mui ne"",""phuong mui ne"",""phuongmuine"",""muine""]",ACTIVE
GHN_ADMIN_2025,2,1005956,1005956,,1000009,"Phường Phan Thiết","[""phường phan thiết"",""p.phan thiết"",""p phan thiết"",""phan thiết"",""phan thiet"",""phuong phan thiet"",""phuongphanthiet"",""phanthiet""]",ACTIVE
GHN_ADMIN_2025,2,1005957,1005957,,1000009,"Phường Phú Thủy","[""phường phú thủy"",""p.phú thủy"",""p phú thủy"",""phú thủy"",""phu thuy"",""phuong phu thuy"",""phuongphuthuy"",""phuthuy""]",ACTIVE
GHN_ADMIN_2025,2,1005958,1005958,,1000009,"Phường Tiến Thành","[""phường tiến thành"",""p.tiến thành"",""p tiến thành"",""tiến thành"",""tien thanh"",""phuong tien thanh"",""phuongtienthanh"",""tienthanh""]",ACTIVE
GHN_ADMIN_2025,2,1005959,1005959,,1000009,"Phường La Gi","[""phường la gi"",""p.la gi"",""p la gi"",""la gi"",""phuong la gi"",""phuonglagi"",""lagi""]",ACTIVE
GHN_ADMIN_2025,2,1005960,1005960,,1000009,"Phường Phước Hội","[""phường phước hội"",""p.phước hội"",""p phước hội"",""phước hội"",""phuoc hoi"",""phuong phuoc hoi"",""phuongphuochoi"",""phuochoi""]",ACTIVE
GHN_ADMIN_2025,2,1005961,1005961,,1000009,"Xã Tân Hải","[""xã tân hải"",""x.tân hải"",""x tân hải"",""tân hải"",""tan hai"",""xa tan hai"",""xatanhai"",""tanhai""]",ACTIVE
GHN_ADMIN_2025,2,1005962,1005962,,1000009,"Xã Cư Jút","[""xã cư jút"",""x.cư jút"",""x cư jút"",""cư jút"",""cu jut"",""xa cu jut"",""xacujut"",""cujut""]",ACTIVE
GHN_ADMIN_2025,2,1005963,1005963,,1000009,"Xã Nam Dong","[""xã nam dong"",""x.nam dong"",""x nam dong"",""nam dong"",""xa nam dong"",""xanamdong"",""namdong""]",ACTIVE
GHN_ADMIN_2025,2,1005964,1005964,,1000009,"Xã Đắk Wil","[""xã đắk wil"",""x.đắk wil"",""x đắk wil"",""đắk wil"",""dak wil"",""xa dak wil"",""xadakwil"",""dakwil""]",ACTIVE
GHN_ADMIN_2025,2,1005965,1005965,,1000009,"Xã Krông Nô","[""xã krông nô"",""x.krông nô"",""x krông nô"",""krông nô"",""krong no"",""xa krong no"",""xakrongno"",""krongno""]",ACTIVE
GHN_ADMIN_2025,2,1005966,1005966,,1000009,"Xã Nam Đà","[""xã nam đà"",""x.nam đà"",""x nam đà"",""nam đà"",""nam da"",""xa nam da"",""xanamda"",""namda""]",ACTIVE
GHN_ADMIN_2025,2,1005967,1005967,,1000009,"Xã Nâm Nung","[""xã nâm nung"",""x.nâm nung"",""x nâm nung"",""nâm nung"",""nam nung"",""xa nam nung"",""xanamnung"",""namnung""]",ACTIVE
GHN_ADMIN_2025,2,1005968,1005968,,1000009,"Xã Quảng Phú","[""xã quảng phú"",""x.quảng phú"",""x quảng phú"",""quảng phú"",""quang phu"",""xa quang phu"",""xaquangphu"",""quangphu""]",ACTIVE
GHN_ADMIN_2025,2,1005969,1005969,,1000009,"Xã Quảng Trực","[""xã quảng trực"",""x.quảng trực"",""x quảng trực"",""quảng trực"",""quang truc"",""xa quang truc"",""xaquangtruc"",""quangtruc""]",ACTIVE
GHN_ADMIN_2025,2,1005970,1005970,,1000009,"Xã Quảng Tân","[""xã quảng tân"",""x.quảng tân"",""x quảng tân"",""quảng tân"",""quang tan"",""xa quang tan"",""xaquangtan"",""quangtan""]",ACTIVE
GHN_ADMIN_2025,2,1005971,1005971,,1000009,"Xã Tuy Đức","[""xã tuy đức"",""x.tuy đức"",""x tuy đức"",""tuy đức"",""tuy duc"",""xa tuy duc"",""xatuyduc"",""tuyduc""]",ACTIVE
GHN_ADMIN_2025,2,1005972,1005972,,1000009,"Xã Quảng Hòa","[""xã quảng hòa"",""x.quảng hòa"",""x quảng hòa"",""quảng hòa"",""quang hoa"",""xa quang hoa"",""xaquanghoa"",""quanghoa""]",ACTIVE
GHN_ADMIN_2025,2,1005973,1005973,,1000009,"Xã Quảng Khê","[""xã quảng khê"",""x.quảng khê"",""x quảng khê"",""quảng khê"",""quang khe"",""xa quang khe"",""xaquangkhe"",""quangkhe""]",ACTIVE
GHN_ADMIN_2025,2,1005974,1005974,,1000009,"Xã Quảng Sơn","[""xã quảng sơn"",""x.quảng sơn"",""x quảng sơn"",""quảng sơn"",""quang son"",""xa quang son"",""xaquangson"",""quangson""]",ACTIVE
GHN_ADMIN_2025,2,1005975,1005975,,1000009,"Xã Tà Đùng","[""xã tà đùng"",""x.tà đùng"",""x tà đùng"",""tà đùng"",""ta dung"",""xa ta dung"",""xatadung"",""tadung""]",ACTIVE
GHN_ADMIN_2025,2,1005976,1005976,,1000009,"Xã Thuận An","[""xã thuận an"",""x.thuận an"",""x thuận an"",""thuận an"",""thuan an"",""xa thuan an"",""xathuanan"",""thuanan""]",ACTIVE
GHN_ADMIN_2025,2,1005977,1005977,,1000009,"Xã Đắk Mil","[""xã đắk mil"",""x.đắk mil"",""x đắk mil"",""đắk mil"",""dak mil"",""xa dak mil"",""xadakmil"",""dakmil""]",ACTIVE
GHN_ADMIN_2025,2,1005978,1005978,,1000009,"Xã Đắk Sắk","[""xã đắk sắk"",""x.đắk sắk"",""x đắk sắk"",""đắk sắk"",""dak sak"",""xa dak sak"",""xadaksak"",""daksak""]",ACTIVE
GHN_ADMIN_2025,2,1005979,1005979,,1000009,"Xã Đức Lập","[""xã đức lập"",""x.đức lập"",""x đức lập"",""đức lập"",""duc lap"",""xa duc lap"",""xaduclap"",""duclap""]",ACTIVE
GHN_ADMIN_2025,2,1005980,1005980,,1000009,"Xã Kiến Đức","[""xã kiến đức"",""x.kiến đức"",""x kiến đức"",""kiến đức"",""kien duc"",""xa kien duc"",""xakienduc"",""kienduc""]",ACTIVE
GHN_ADMIN_2025,2,1005981,1005981,,1000009,"Xã Nhân Cơ","[""xã nhân cơ"",""x.nhân cơ"",""x nhân cơ"",""nhân cơ"",""nhan co"",""xa nhan co"",""xanhanco"",""nhanco""]",ACTIVE
GHN_ADMIN_2025,2,1005982,1005982,,1000009,"Xã Quảng Tín","[""xã quảng tín"",""x.quảng tín"",""x quảng tín"",""quảng tín"",""quang tin"",""xa quang tin"",""xaquangtin"",""quangtin""]",ACTIVE
GHN_ADMIN_2025,2,1005983,1005983,,1000009,"Xã Thuận Hạnh","[""xã thuận hạnh"",""x.thuận hạnh"",""x thuận hạnh"",""thuận hạnh"",""thuan hanh"",""xa thuan hanh"",""xathuanhanh"",""thuanhanh""]",ACTIVE
GHN_ADMIN_2025,2,1005984,1005984,,1000009,"Xã Trường Xuân","[""xã trường xuân"",""x.trường xuân"",""x trường xuân"",""trường xuân"",""truong xuan"",""xa truong xuan"",""xatruongxuan"",""truongxuan""]",ACTIVE
GHN_ADMIN_2025,2,1005985,1005985,,1000009,"Xã Đắk Song","[""xã đắk song"",""x.đắk song"",""x đắk song"",""đắk song"",""dak song"",""xa dak song"",""xadaksong"",""daksong""]",ACTIVE
GHN_ADMIN_2025,2,1005986,1005986,,1000009,"Xã Đức An","[""xã đức an"",""x.đức an"",""x đức an"",""đức an"",""duc an"",""xa duc an"",""xaducan"",""ducan""]",ACTIVE
GHN_ADMIN_2025,2,1005987,1005987,,1000009,"Phường Bắc Gia Nghĩa","[""phường bắc gia nghĩa"",""p.bắc gia nghĩa"",""p bắc gia nghĩa"",""bắc gia nghĩa"",""bac gia nghia"",""phuong bac gia nghia"",""phuongbacgianghia"",""bacgianghia""]",ACTIVE
GHN_ADMIN_2025,2,1005988,1005988,,1000009,"Phường Nam Gia Nghĩa","[""phường nam gia nghĩa"",""p.nam gia nghĩa"",""p nam gia nghĩa"",""nam gia nghĩa"",""nam gia nghia"",""phuong nam gia nghia"",""phuongnamgianghia"",""namgianghia""]",ACTIVE
GHN_ADMIN_2025,2,1005989,1005989,,1000009,"Phường Đông Gia Nghĩa","[""phường đông gia nghĩa"",""p.đông gia nghĩa"",""p đông gia nghĩa"",""đông gia nghĩa"",""dong gia nghia"",""phuong dong gia nghia"",""phuongdonggianghia"",""donggianghia""]",ACTIVE
GHN_ADMIN_2025,2,1005990,1005990,,1000010,"Xã Buôn Đôn","[""xã buôn đôn"",""x.buôn đôn"",""x buôn đôn"",""buôn đôn"",""buon don"",""xa buon don"",""xabuondon"",""buondon""]",ACTIVE
GHN_ADMIN_2025,2,1005991,1005991,,1000010,"Xã Ea Nuôl","[""xã ea nuôl"",""x.ea nuôl"",""x ea nuôl"",""ea nuôl"",""ea nuol"",""xa ea nuol"",""xaeanuol"",""eanuol""]",ACTIVE
GHN_ADMIN_2025,2,1005992,1005992,,1000010,"Xã Ea Wer","[""xã ea wer"",""x.ea wer"",""x ea wer"",""ea wer"",""xa ea wer"",""xaeawer"",""eawer""]",ACTIVE
GHN_ADMIN_2025,2,1005993,1005993,,1000010,"Xã Dray Bhăng","[""xã dray bhăng"",""x.dray bhăng"",""x dray bhăng"",""dray bhăng"",""dray bhang"",""xa dray bhang"",""xadraybhang"",""draybhang""]",ACTIVE
GHN_ADMIN_2025,2,1005994,1005994,,1000010,"Xã Ea Ktur","[""xã ea ktur"",""x.ea ktur"",""x ea ktur"",""ea ktur"",""xa ea ktur"",""xaeaktur"",""eaktur""]",ACTIVE
GHN_ADMIN_2025,2,1005995,1005995,,1000010,"Xã Ea Ning","[""xã ea ning"",""x.ea ning"",""x ea ning"",""ea ning"",""xa ea ning"",""xaeaning"",""eaning""]",ACTIVE
GHN_ADMIN_2025,2,1005996,1005996,,1000010,"Xã Cuôr Đăng","[""xã cuôr đăng"",""x.cuôr đăng"",""x cuôr đăng"",""cuôr đăng"",""cuor dang"",""xa cuor dang"",""xacuordang"",""cuordang""]",ACTIVE
GHN_ADMIN_2025,2,1005997,1005997,,1000010,"Xã Cư M'gar","[""xã cư m'gar"",""x.cư m'gar"",""x cư m'gar"",""cư m'gar"",""cu m'gar"",""xa cu m'gar"",""xacumgar"",""cum'gar""]",ACTIVE
GHN_ADMIN_2025,2,1005998,1005998,,1000010,"Xã Ea Kiết","[""xã ea kiết"",""x.ea kiết"",""x ea kiết"",""ea kiết"",""ea kiet"",""xa ea kiet"",""xaeakiet"",""eakiet""]",ACTIVE
GHN_ADMIN_2025,2,1005999,1005999,,1000010,"Xã Ea M'Droh","[""xã ea m'droh"",""x.ea m'droh"",""x ea m'droh"",""ea m'droh"",""xa ea m'droh"",""xaeamdroh"",""eam'droh""]",ACTIVE
GHN_ADMIN_2025,2,1006000,1006000,,1000010,"Xã Ea Tul","[""xã ea tul"",""x.ea tul"",""x ea tul"",""ea tul"",""xa ea tul"",""xaeatul"",""eatul""]",ACTIVE
GHN_ADMIN_2025,2,1006001,1006001,,1000010,"Xã Quảng Phú","[""xã quảng phú"",""x.quảng phú"",""x quảng phú"",""quảng phú"",""quang phu"",""xa quang phu"",""xaquangphu"",""quangphu""]",ACTIVE
GHN_ADMIN_2025,2,1006002,1006002,,1000010,"Xã Ea Drăng","[""xã ea drăng"",""x.ea drăng"",""x ea drăng"",""ea drăng"",""ea drang"",""xa ea drang"",""xaeadrang"",""eadrang""]",ACTIVE
GHN_ADMIN_2025,2,1006003,1006003,,1000010,"Xã Ea H'leo","[""xã ea h'leo"",""x.ea h'leo"",""x ea h'leo"",""ea h'leo"",""xa ea h'leo"",""xaeahleo"",""eah'leo""]",ACTIVE
GHN_ADMIN_2025,2,1006004,1006004,,1000010,"Xã Ea Hiao","[""xã ea hiao"",""x.ea hiao"",""x ea hiao"",""ea hiao"",""xa ea hiao"",""xaeahiao"",""eahiao""]",ACTIVE
GHN_ADMIN_2025,2,1006005,1006005,,1000010,"Xã Ea Khăl","[""xã ea khăl"",""x.ea khăl"",""x ea khăl"",""ea khăl"",""ea khal"",""xa ea khal"",""xaeakhal"",""eakhal""]",ACTIVE
GHN_ADMIN_2025,2,1006006,1006006,,1000010,"Xã Ea Wy","[""xã ea wy"",""x.ea wy"",""x ea wy"",""ea wy"",""xa ea wy"",""xaeawy"",""eawy""]",ACTIVE
GHN_ADMIN_2025,2,1006007,1006007,,1000010,"Xã Cư Yang","[""xã cư yang"",""x.cư yang"",""x cư yang"",""cư yang"",""cu yang"",""xa cu yang"",""xacuyang"",""cuyang""]",ACTIVE
GHN_ADMIN_2025,2,1006008,1006008,,1000010,"Xã Ea Kar","[""xã ea kar"",""x.ea kar"",""x ea kar"",""ea kar"",""xa ea kar"",""xaeakar"",""eakar""]",ACTIVE
GHN_ADMIN_2025,2,1006009,1006009,,1000010,"Xã Ea Knốp","[""xã ea knốp"",""x.ea knốp"",""x ea knốp"",""ea knốp"",""ea knop"",""xa ea knop"",""xaeaknop"",""eaknop""]",ACTIVE
GHN_ADMIN_2025,2,1006010,1006010,,1000010,"Xã Ea Păl","[""xã ea păl"",""x.ea păl"",""x ea păl"",""ea păl"",""ea pal"",""xa ea pal"",""xaeapal"",""eapal""]",ACTIVE
GHN_ADMIN_2025,2,1006011,1006011,,1000010,"Xã Ea Ô","[""xã ea ô"",""x.ea ô"",""x ea ô"",""ea ô"",""ea o"",""xa ea o"",""xaeao"",""eao""]",ACTIVE
GHN_ADMIN_2025,2,1006012,1006012,,1000010,"Xã Ea Bung","[""xã ea bung"",""x.ea bung"",""x ea bung"",""ea bung"",""xa ea bung"",""xaeabung"",""eabung""]",ACTIVE
GHN_ADMIN_2025,2,1006013,1006013,,1000010,"Xã Ea Rốk","[""xã ea rốk"",""x.ea rốk"",""x ea rốk"",""ea rốk"",""ea rok"",""xa ea rok"",""xaearok"",""earok""]",ACTIVE
GHN_ADMIN_2025,2,1006014,1006014,,1000010,"Xã Ea Súp","[""xã ea súp"",""x.ea súp"",""x ea súp"",""ea súp"",""ea sup"",""xa ea sup"",""xaeasup"",""easup""]",ACTIVE
GHN_ADMIN_2025,2,1006015,1006015,,1000010,"Xã Ia Lốp","[""xã ia lốp"",""x.ia lốp"",""x ia lốp"",""ia lốp"",""ia lop"",""xa ia lop"",""xaialop"",""ialop""]",ACTIVE
GHN_ADMIN_2025,2,1006016,1006016,,1000010,"Xã Ia Rvê","[""xã ia rvê"",""x.ia rvê"",""x ia rvê"",""ia rvê"",""ia rve"",""xa ia rve"",""xaiarve"",""iarve""]",ACTIVE
GHN_ADMIN_2025,2,1006017,1006017,,1000010,"Xã Dur Kmăl","[""xã dur kmăl"",""x.dur kmăl"",""x dur kmăl"",""dur kmăl"",""dur kmal"",""xa dur kmal"",""xadurkmal"",""durkmal""]",ACTIVE
GHN_ADMIN_2025,2,1006018,1006018,,1000010,"Xã Ea Na","[""xã ea na"",""x.ea na"",""x ea na"",""ea na"",""xa ea na"",""xaeana"",""eana""]",ACTIVE
GHN_ADMIN_2025,2,1006019,1006019,,1000010,"Xã Krông Ana","[""xã krông ana"",""x.krông ana"",""x krông ana"",""krông ana"",""krong ana"",""xa krong ana"",""xakrongana"",""krongana""]",ACTIVE
GHN_ADMIN_2025,2,1006020,1006020,,1000010,"Xã Cư Pui","[""xã cư pui"",""x.cư pui"",""x cư pui"",""cư pui"",""cu pui"",""xa cu pui"",""xacupui"",""cupui""]",ACTIVE
GHN_ADMIN_2025,2,1006021,1006021,,1000010,"Xã Dang Kang","[""xã dang kang"",""x.dang kang"",""x dang kang"",""dang kang"",""xa dang kang"",""xadangkang"",""dangkang""]",ACTIVE
GHN_ADMIN_2025,2,1006022,1006022,,1000010,"Xã Hòa Sơn","[""xã hòa sơn"",""x.hòa sơn"",""x hòa sơn"",""hòa sơn"",""hoa son"",""xa hoa son"",""xahoason"",""hoason""]",ACTIVE
GHN_ADMIN_2025,2,1006023,1006023,,1000010,"Xã Krông Bông","[""xã krông bông"",""x.krông bông"",""x krông bông"",""krông bông"",""krong bong"",""xa krong bong"",""xakrongbong"",""krongbong""]",ACTIVE
GHN_ADMIN_2025,2,1006024,1006024,,1000010,"Xã Yang Mao","[""xã yang mao"",""x.yang mao"",""x yang mao"",""yang mao"",""xa yang mao"",""xayangmao"",""yangmao""]",ACTIVE
GHN_ADMIN_2025,2,1006025,1006025,,1000010,"Xã Cư Pong","[""xã cư pong"",""x.cư pong"",""x cư pong"",""cư pong"",""cu pong"",""xa cu pong"",""xacupong"",""cupong""]",ACTIVE
GHN_ADMIN_2025,2,1006026,1006026,,1000010,"Xã Krông Búk","[""xã krông búk"",""x.krông búk"",""x krông búk"",""krông búk"",""krong buk"",""xa krong buk"",""xakrongbuk"",""krongbuk""]",ACTIVE
GHN_ADMIN_2025,2,1006027,1006027,,1000010,"Xã Pơng Drang","[""xã pơng drang"",""x.pơng drang"",""x pơng drang"",""pơng drang"",""pong drang"",""xa pong drang"",""xapongdrang"",""pongdrang""]",ACTIVE
GHN_ADMIN_2025,2,1006028,1006028,,1000010,"Xã Dliê Ya","[""xã dliê ya"",""x.dliê ya"",""x dliê ya"",""dliê ya"",""dlie ya"",""xa dlie ya"",""xadlieya"",""dlieya""]",ACTIVE
GHN_ADMIN_2025,2,1006029,1006029,,1000010,"Xã Krông Năng","[""xã krông năng"",""x.krông năng"",""x krông năng"",""krông năng"",""krong nang"",""xa krong nang"",""xakrongnang"",""krongnang""]",ACTIVE
GHN_ADMIN_2025,2,1006030,1006030,,1000010,"Xã Phú Xuân","[""xã phú xuân"",""x.phú xuân"",""x phú xuân"",""phú xuân"",""phu xuan"",""xa phu xuan"",""xaphuxuan"",""phuxuan""]",ACTIVE
GHN_ADMIN_2025,2,1006031,1006031,,1000010,"Xã Tam Giang","[""xã tam giang"",""x.tam giang"",""x tam giang"",""tam giang"",""xa tam giang"",""xatamgiang"",""tamgiang""]",ACTIVE
GHN_ADMIN_2025,2,1006032,1006032,,1000010,"Xã Ea Kly","[""xã ea kly"",""x.ea kly"",""x ea kly"",""ea kly"",""xa ea kly"",""xaeakly"",""eakly""]",ACTIVE
GHN_ADMIN_2025,2,1006033,1006033,,1000010,"Xã Ea Knuếc","[""xã ea knuếc"",""x.ea knuếc"",""x ea knuếc"",""ea knuếc"",""ea knuec"",""xa ea knuec"",""xaeaknuec"",""eaknuec""]",ACTIVE
GHN_ADMIN_2025,2,1006034,1006034,,1000010,"Xã Ea Phê","[""xã ea phê"",""x.ea phê"",""x ea phê"",""ea phê"",""ea phe"",""xa ea phe"",""xaeaphe"",""eaphe""]",ACTIVE
GHN_ADMIN_2025,2,1006035,1006035,,1000010,"Xã Krông Pắc","[""xã krông pắc"",""x.krông pắc"",""x krông pắc"",""krông pắc"",""krong pac"",""xa krong pac"",""xakrongpac"",""krongpac""]",ACTIVE
GHN_ADMIN_2025,2,1006036,1006036,,1000010,"Xã Tân Tiến","[""xã tân tiến"",""x.tân tiến"",""x tân tiến"",""tân tiến"",""tan tien"",""xa tan tien"",""xatantien"",""tantien""]",ACTIVE
GHN_ADMIN_2025,2,1006037,1006037,,1000010,"Xã Vụ Bồn","[""xã vụ bồn"",""x.vụ bồn"",""x vụ bồn"",""vụ bồn"",""vu bon"",""xa vu bon"",""xavubon"",""vubon""]",ACTIVE
GHN_ADMIN_2025,2,1006038,1006038,,1000010,"Xã Krông Nô","[""xã krông nô"",""x.krông nô"",""x krông nô"",""krông nô"",""krong no"",""xa krong no"",""xakrongno"",""krongno""]",ACTIVE
GHN_ADMIN_2025,2,1006039,1006039,,1000010,"Xã Liên Sơn Lák","[""xã liên sơn lák"",""x.liên sơn lák"",""x liên sơn lák"",""liên sơn lák"",""lien son lak"",""xa lien son lak"",""xaliensonlak"",""liensonlak""]",ACTIVE
GHN_ADMIN_2025,2,1006040,1006040,,1000010,"Xã Nam Ka","[""xã nam ka"",""x.nam ka"",""x nam ka"",""nam ka"",""xa nam ka"",""xanamka"",""namka""]",ACTIVE
GHN_ADMIN_2025,2,1006041,1006041,,1000010,"Xã Đắk Liêng","[""xã đắk liêng"",""x.đắk liêng"",""x đắk liêng"",""đắk liêng"",""dak lieng"",""xa dak lieng"",""xadaklieng"",""daklieng""]",ACTIVE
GHN_ADMIN_2025,2,1006042,1006042,,1000010,"Xã Đắk Phơi","[""xã đắk phơi"",""x.đắk phơi"",""x đắk phơi"",""đắk phơi"",""dak phoi"",""xa dak phoi"",""xadakphoi"",""dakphoi""]",ACTIVE
GHN_ADMIN_2025,2,1006043,1006043,,1000010,"Xã Cư M'ta","[""xã cư m'ta"",""x.cư m'ta"",""x cư m'ta"",""cư m'ta"",""cu m'ta"",""xa cu m'ta"",""xacumta"",""cum'ta""]",ACTIVE
GHN_ADMIN_2025,2,1006044,1006044,,1000010,"Xã Cư Prao","[""xã cư prao"",""x.cư prao"",""x cư prao"",""cư prao"",""cu prao"",""xa cu prao"",""xacuprao"",""cuprao""]",ACTIVE
GHN_ADMIN_2025,2,1006045,1006045,,1000010,"Xã Ea Riêng","[""xã ea riêng"",""x.ea riêng"",""x ea riêng"",""ea riêng"",""ea rieng"",""xa ea rieng"",""xaearieng"",""earieng""]",ACTIVE
GHN_ADMIN_2025,2,1006046,1006046,,1000010,"Xã Ea Trang","[""xã ea trang"",""x.ea trang"",""x ea trang"",""ea trang"",""xa ea trang"",""xaeatrang"",""eatrang""]",ACTIVE
GHN_ADMIN_2025,2,1006047,1006047,,1000010,"Xã Krông Á","[""xã krông á"",""x.krông á"",""x krông á"",""krông á"",""krong a"",""xa krong a"",""xakronga"",""kronga""]",ACTIVE
GHN_ADMIN_2025,2,1006048,1006048,,1000010,"Xã M'Drắk","[""xã m'drắk"",""x.m'drắk"",""x m'drắk"",""m'drắk"",""m'drak"",""xa m'drak"",""xamdrak"",""m'drak""]",ACTIVE
GHN_ADMIN_2025,2,1006049,1006049,,1000010,"Phường Buôn Ma Thuột","[""phường buôn ma thuột"",""p.buôn ma thuột"",""p buôn ma thuột"",""buôn ma thuột"",""buon ma thuot"",""phuong buon ma thuot"",""phuongbuonmathuot"",""buonmathuot""]",ACTIVE
GHN_ADMIN_2025,2,1006050,1006050,,1000010,"Phường Ea Kao","[""phường ea kao"",""p.ea kao"",""p ea kao"",""ea kao"",""phuong ea kao"",""phuongeakao"",""eakao""]",ACTIVE
GHN_ADMIN_2025,2,1006051,1006051,,1000010,"Phường Thành Nhất","[""phường thành nhất"",""p.thành nhất"",""p thành nhất"",""thành nhất"",""thanh nhat"",""phuong thanh nhat"",""phuongthanhnhat"",""thanhnhat""]",ACTIVE
GHN_ADMIN_2025,2,1006052,1006052,,1000010,"Phường Tân An","[""phường tân an"",""p.tân an"",""p tân an"",""tân an"",""tan an"",""phuong tan an"",""phuongtanan"",""tanan""]",ACTIVE
GHN_ADMIN_2025,2,1006053,1006053,,1000010,"Phường Tân Lập","[""phường tân lập"",""p.tân lập"",""p tân lập"",""tân lập"",""tan lap"",""phuong tan lap"",""phuongtanlap"",""tanlap""]",ACTIVE
GHN_ADMIN_2025,2,1006054,1006054,,1000010,"Xã Hòa Phú","[""xã hòa phú"",""x.hòa phú"",""x hòa phú"",""hòa phú"",""hoa phu"",""xa hoa phu"",""xahoaphu"",""hoaphu""]",ACTIVE
GHN_ADMIN_2025,2,1006055,1006055,,1000010,"Phường Buôn Hồ","[""phường buôn hồ"",""p.buôn hồ"",""p buôn hồ"",""buôn hồ"",""buon ho"",""phuong buon ho"",""phuongbuonho"",""buonho""]",ACTIVE
GHN_ADMIN_2025,2,1006056,1006056,,1000010,"Phường Cư Bao","[""phường cư bao"",""p.cư bao"",""p cư bao"",""cư bao"",""cu bao"",""phuong cu bao"",""phuongcubao"",""cubao""]",ACTIVE
GHN_ADMIN_2025,2,1006057,1006057,,1000010,"Xã Ea Drông","[""xã ea drông"",""x.ea drông"",""x ea drông"",""ea drông"",""ea drong"",""xa ea drong"",""xaeadrong"",""eadrong""]",ACTIVE
GHN_ADMIN_2025,2,1006058,1006058,,1000010,"Xã Phú Hòa 1","[""xã phú hòa 1"",""x.phú hòa 1"",""x phú hòa 1"",""phú hòa 1"",""phu hoa 1"",""xa phu hoa 1"",""xaphuhoa"",""phuhoa1""]",ACTIVE
GHN_ADMIN_2025,2,1006059,1006059,,1000010,"Xã Phú Hòa 2","[""xã phú hòa 2"",""x.phú hòa 2"",""x phú hòa 2"",""phú hòa 2"",""phu hoa 2"",""xa phu hoa 2"",""xaphuhoa"",""phuhoa2""]",ACTIVE
GHN_ADMIN_2025,2,1006060,1006060,,1000010,"Xã Ea Bá","[""xã ea bá"",""x.ea bá"",""x ea bá"",""ea bá"",""ea ba"",""xa ea ba"",""xaeaba"",""eaba""]",ACTIVE
GHN_ADMIN_2025,2,1006061,1006061,,1000010,"Xã Ea Ly","[""xã ea ly"",""x.ea ly"",""x ea ly"",""ea ly"",""xa ea ly"",""xaealy"",""ealy""]",ACTIVE
GHN_ADMIN_2025,2,1006062,1006062,,1000010,"Xã Sông Hinh","[""xã sông hinh"",""x.sông hinh"",""x sông hinh"",""sông hinh"",""song hinh"",""xa song hinh"",""xasonghinh"",""songhinh""]",ACTIVE
GHN_ADMIN_2025,2,1006063,1006063,,1000010,"Xã Đức Bình","[""xã đức bình"",""x.đức bình"",""x đức bình"",""đức bình"",""duc binh"",""xa duc binh"",""xaducbinh"",""ducbinh""]",ACTIVE
GHN_ADMIN_2025,2,1006064,1006064,,1000010,"Xã Suối Trai","[""xã suối trai"",""x.suối trai"",""x suối trai"",""suối trai"",""suoi trai"",""xa suoi trai"",""xasuoitrai"",""suoitrai""]",ACTIVE
GHN_ADMIN_2025,2,1006065,1006065,,1000010,"Xã Sơn Hòa","[""xã sơn hòa"",""x.sơn hòa"",""x sơn hòa"",""sơn hòa"",""son hoa"",""xa son hoa"",""xasonhoa"",""sonhoa""]",ACTIVE
GHN_ADMIN_2025,2,1006066,1006066,,1000010,"Xã Tây Sơn","[""xã tây sơn"",""x.tây sơn"",""x tây sơn"",""tây sơn"",""tay son"",""xa tay son"",""xatayson"",""tayson""]",ACTIVE
GHN_ADMIN_2025,2,1006067,1006067,,1000010,"Xã Vân Hòa","[""xã vân hòa"",""x.vân hòa"",""x vân hòa"",""vân hòa"",""van hoa"",""xa van hoa"",""xavanhoa"",""vanhoa""]",ACTIVE
GHN_ADMIN_2025,2,1006068,1006068,,1000010,"Xã Tuy An Bắc","[""xã tuy an bắc"",""x.tuy an bắc"",""x tuy an bắc"",""tuy an bắc"",""tuy an bac"",""xa tuy an bac"",""xatuyanbac"",""tuyanbac""]",ACTIVE
GHN_ADMIN_2025,2,1006069,1006069,,1000010,"Xã Tuy An Nam","[""xã tuy an nam"",""x.tuy an nam"",""x tuy an nam"",""tuy an nam"",""xa tuy an nam"",""xatuyannam"",""tuyannam""]",ACTIVE
GHN_ADMIN_2025,2,1006070,1006070,,1000010,"Xã Tuy An Tây","[""xã tuy an tây"",""x.tuy an tây"",""x tuy an tây"",""tuy an tây"",""tuy an tay"",""xa tuy an tay"",""xatuyantay"",""tuyantay""]",ACTIVE
GHN_ADMIN_2025,2,1006071,1006071,,1000010,"Xã Tuy An Đông","[""xã tuy an đông"",""x.tuy an đông"",""x tuy an đông"",""tuy an đông"",""tuy an dong"",""xa tuy an dong"",""xatuyandong"",""tuyandong""]",ACTIVE
GHN_ADMIN_2025,2,1006072,1006072,,1000010,"Xã Ô Loan","[""xã ô loan"",""x.ô loan"",""x ô loan"",""ô loan"",""o loan"",""xa o loan"",""xaoloan"",""oloan""]",ACTIVE
GHN_ADMIN_2025,2,1006073,1006073,,1000010,"Xã Hòa Mỹ","[""xã hòa mỹ"",""x.hòa mỹ"",""x hòa mỹ"",""hòa mỹ"",""hoa my"",""xa hoa my"",""xahoamy"",""hoamy""]",ACTIVE
GHN_ADMIN_2025,2,1006074,1006074,,1000010,"Xã Hòa Thịnh","[""xã hòa thịnh"",""x.hòa thịnh"",""x hòa thịnh"",""hòa thịnh"",""hoa thinh"",""xa hoa thinh"",""xahoathinh"",""hoathinh""]",ACTIVE
GHN_ADMIN_2025,2,1006075,1006075,,1000010,"Xã Sơn Thành","[""xã sơn thành"",""x.sơn thành"",""x sơn thành"",""sơn thành"",""son thanh"",""xa son thanh"",""xasonthanh"",""sonthanh""]",ACTIVE
GHN_ADMIN_2025,2,1006076,1006076,,1000010,"Xã Tây Hòa","[""xã tây hòa"",""x.tây hòa"",""x tây hòa"",""tây hòa"",""tay hoa"",""xa tay hoa"",""xatayhoa"",""tayhoa""]",ACTIVE
GHN_ADMIN_2025,2,1006077,1006077,,1000010,"Xã Phú Mỡ","[""xã phú mỡ"",""x.phú mỡ"",""x phú mỡ"",""phú mỡ"",""phu mo"",""xa phu mo"",""xaphumo"",""phumo""]",ACTIVE
GHN_ADMIN_2025,2,1006078,1006078,,1000010,"Xã Xuân Lãnh","[""xã xuân lãnh"",""x.xuân lãnh"",""x xuân lãnh"",""xuân lãnh"",""xuan lanh"",""xa xuan lanh"",""xaxuanlanh"",""xuanlanh""]",ACTIVE
GHN_ADMIN_2025,2,1006079,1006079,,1000010,"Xã Xuân Phước","[""xã xuân phước"",""x.xuân phước"",""x xuân phước"",""xuân phước"",""xuan phuoc"",""xa xuan phuoc"",""xaxuanphuoc"",""xuanphuoc""]",ACTIVE
GHN_ADMIN_2025,2,1006080,1006080,,1000010,"Xã Đồng Xuân","[""xã đồng xuân"",""x.đồng xuân"",""x đồng xuân"",""đồng xuân"",""dong xuan"",""xa dong xuan"",""xadongxuan"",""dongxuan""]",ACTIVE
GHN_ADMIN_2025,2,1006081,1006081,,1000010,"Phường Bình Kiến","[""phường bình kiến"",""p.bình kiến"",""p bình kiến"",""bình kiến"",""binh kien"",""phuong binh kien"",""phuongbinhkien"",""binhkien""]",ACTIVE
GHN_ADMIN_2025,2,1006082,1006082,,1000010,"Phường Phú Yên","[""phường phú yên"",""p.phú yên"",""p phú yên"",""phú yên"",""phu yen"",""phuong phu yen"",""phuongphuyen"",""phuyen""]",ACTIVE
GHN_ADMIN_2025,2,1006083,1006083,,1000010,"Phường Tuy Hòa","[""phường tuy hòa"",""p.tuy hòa"",""p tuy hòa"",""tuy hòa"",""tuy hoa"",""phuong tuy hoa"",""phuongtuyhoa"",""tuyhoa""]",ACTIVE
GHN_ADMIN_2025,2,1006084,1006084,,1000010,"Phường Sông Cầu","[""phường sông cầu"",""p.sông cầu"",""p sông cầu"",""sông cầu"",""song cau"",""phuong song cau"",""phuongsongcau"",""songcau""]",ACTIVE
GHN_ADMIN_2025,2,1006085,1006085,,1000010,"Phường Xuân Đài","[""phường xuân đài"",""p.xuân đài"",""p xuân đài"",""xuân đài"",""xuan dai"",""phuong xuan dai"",""phuongxuandai"",""xuandai""]",ACTIVE
GHN_ADMIN_2025,2,1006086,1006086,,1000010,"Xã Xuân Cảnh","[""xã xuân cảnh"",""x.xuân cảnh"",""x xuân cảnh"",""xuân cảnh"",""xuan canh"",""xa xuan canh"",""xaxuancanh"",""xuancanh""]",ACTIVE
GHN_ADMIN_2025,2,1006087,1006087,,1000010,"Xã Xuân Lộc","[""xã xuân lộc"",""x.xuân lộc"",""x xuân lộc"",""xuân lộc"",""xuan loc"",""xa xuan loc"",""xaxuanloc"",""xuanloc""]",ACTIVE
GHN_ADMIN_2025,2,1006088,1006088,,1000010,"Xã Xuân Thọ","[""xã xuân thọ"",""x.xuân thọ"",""x xuân thọ"",""xuân thọ"",""xuan tho"",""xa xuan tho"",""xaxuantho"",""xuantho""]",ACTIVE
GHN_ADMIN_2025,2,1006089,1006089,,1000010,"Phường Hòa Hiệp","[""phường hòa hiệp"",""p.hòa hiệp"",""p hòa hiệp"",""hòa hiệp"",""hoa hiep"",""phuong hoa hiep"",""phuonghoahiep"",""hoahiep""]",ACTIVE
GHN_ADMIN_2025,2,1006090,1006090,,1000010,"Phường Đông Hòa","[""phường đông hòa"",""p.đông hòa"",""p đông hòa"",""đông hòa"",""dong hoa"",""phuong dong hoa"",""phuongdonghoa"",""donghoa""]",ACTIVE
GHN_ADMIN_2025,2,1006091,1006091,,1000010,"Xã Hòa Xuân","[""xã hòa xuân"",""x.hòa xuân"",""x hòa xuân"",""hòa xuân"",""hoa xuan"",""xa hoa xuan"",""xahoaxuan"",""hoaxuan""]",ACTIVE
GHN_ADMIN_2025,2,1006092,1006092,,1000006,"Xã Cẩm Mỹ","[""xã cẩm mỹ"",""x.cẩm mỹ"",""x cẩm mỹ"",""cẩm mỹ"",""cam my"",""xa cam my"",""xacammy"",""cammy""]",ACTIVE
GHN_ADMIN_2025,2,1006093,1006093,,1000006,"Xã Sông Ray","[""xã sông ray"",""x.sông ray"",""x sông ray"",""sông ray"",""song ray"",""xa song ray"",""xasongray"",""songray""]",ACTIVE
GHN_ADMIN_2025,2,1006094,1006094,,1000006,"Xã Xuân Quế","[""xã xuân quế"",""x.xuân quế"",""x xuân quế"",""xuân quế"",""xuan que"",""xa xuan que"",""xaxuanque"",""xuanque""]",ACTIVE
GHN_ADMIN_2025,2,1006095,1006095,,1000006,"Xã Xuân Đông","[""xã xuân đông"",""x.xuân đông"",""x xuân đông"",""xuân đông"",""xuan dong"",""xa xuan dong"",""xaxuandong"",""xuandong""]",ACTIVE
GHN_ADMIN_2025,2,1006096,1006096,,1000006,"Xã Xuân Đường","[""xã xuân đường"",""x.xuân đường"",""x xuân đường"",""xuân đường"",""xuan duong"",""xa xuan duong"",""xaxuanduong"",""xuanduong""]",ACTIVE
GHN_ADMIN_2025,2,1006097,1006097,,1000006,"Xã An Phước","[""xã an phước"",""x.an phước"",""x an phước"",""an phước"",""an phuoc"",""xa an phuoc"",""xaanphuoc"",""anphuoc""]",ACTIVE
GHN_ADMIN_2025,2,1006098,1006098,,1000006,"Xã Bình An","[""xã bình an"",""x.bình an"",""x bình an"",""bình an"",""binh an"",""xa binh an"",""xabinhan"",""binhan""]",ACTIVE
GHN_ADMIN_2025,2,1006099,1006099,,1000006,"Xã Long Phước","[""xã long phước"",""x.long phước"",""x long phước"",""long phước"",""long phuoc"",""xa long phuoc"",""xalongphuoc"",""longphuoc""]",ACTIVE
GHN_ADMIN_2025,2,1006100,1006100,,1000006,"Xã Long Thành","[""xã long thành"",""x.long thành"",""x long thành"",""long thành"",""long thanh"",""xa long thanh"",""xalongthanh"",""longthanh""]",ACTIVE
GHN_ADMIN_2025,2,1006101,1006101,,1000006,"Xã Phước Thái","[""xã phước thái"",""x.phước thái"",""x phước thái"",""phước thái"",""phuoc thai"",""xa phuoc thai"",""xaphuocthai"",""phuocthai""]",ACTIVE
GHN_ADMIN_2025,2,1006102,1006102,,1000006,"Xã Nhơn Trạch","[""xã nhơn trạch"",""x.nhơn trạch"",""x nhơn trạch"",""nhơn trạch"",""nhon trach"",""xa nhon trach"",""xanhontrach"",""nhontrach""]",ACTIVE
GHN_ADMIN_2025,2,1006103,1006103,,1000006,"Xã Phước An","[""xã phước an"",""x.phước an"",""x phước an"",""phước an"",""phuoc an"",""xa phuoc an"",""xaphuocan"",""phuocan""]",ACTIVE
GHN_ADMIN_2025,2,1006104,1006104,,1000006,"Xã Đại Phước","[""xã đại phước"",""x.đại phước"",""x đại phước"",""đại phước"",""dai phuoc"",""xa dai phuoc"",""xadaiphuoc"",""daiphuoc""]",ACTIVE
GHN_ADMIN_2025,2,1006105,1006105,,1000006,"Xã Dầu Giây","[""xã dầu giây"",""x.dầu giây"",""x dầu giây"",""dầu giây"",""dau giay"",""xa dau giay"",""xadaugiay"",""daugiay""]",ACTIVE
GHN_ADMIN_2025,2,1006106,1006106,,1000006,"Xã Gia Kiệm","[""xã gia kiệm"",""x.gia kiệm"",""x gia kiệm"",""gia kiệm"",""gia kiem"",""xa gia kiem"",""xagiakiem"",""giakiem""]",ACTIVE
GHN_ADMIN_2025,2,1006107,1006107,,1000006,"Xã Thống Nhất","[""xã thống nhất"",""x.thống nhất"",""x thống nhất"",""thống nhất"",""thong nhat"",""xa thong nhat"",""xathongnhat"",""thongnhat""]",ACTIVE
GHN_ADMIN_2025,2,1006108,1006108,,1000006,"Xã An Viễn","[""xã an viễn"",""x.an viễn"",""x an viễn"",""an viễn"",""an vien"",""xa an vien"",""xaanvien"",""anvien""]",ACTIVE
GHN_ADMIN_2025,2,1006109,1006109,,1000006,"Xã Bàu Hàm","[""xã bàu hàm"",""x.bàu hàm"",""x bàu hàm"",""bàu hàm"",""bau ham"",""xa bau ham"",""xabauham"",""bauham""]",ACTIVE
GHN_ADMIN_2025,2,1006110,1006110,,1000006,"Xã Bình Minh","[""xã bình minh"",""x.bình minh"",""x bình minh"",""bình minh"",""binh minh"",""xa binh minh"",""xabinhminh"",""binhminh""]",ACTIVE
GHN_ADMIN_2025,2,1006111,1006111,,1000006,"Xã Hưng Thịnh","[""xã hưng thịnh"",""x.hưng thịnh"",""x hưng thịnh"",""hưng thịnh"",""hung thinh"",""xa hung thinh"",""xahungthinh"",""hungthinh""]",ACTIVE
GHN_ADMIN_2025,2,1006112,1006112,,1000006,"Xã Trảng Bom","[""xã trảng bom"",""x.trảng bom"",""x trảng bom"",""trảng bom"",""trang bom"",""xa trang bom"",""xatrangbom"",""trangbom""]",ACTIVE
GHN_ADMIN_2025,2,1006113,1006113,,1000006,"Xã Nam Cát Tiên","[""xã nam cát tiên"",""x.nam cát tiên"",""x nam cát tiên"",""nam cát tiên"",""nam cat tien"",""xa nam cat tien"",""xanamcattien"",""namcattien""]",ACTIVE
GHN_ADMIN_2025,2,1006114,1006114,,1000006,"Xã Phú Lâm","[""xã phú lâm"",""x.phú lâm"",""x phú lâm"",""phú lâm"",""phu lam"",""xa phu lam"",""xaphulam"",""phulam""]",ACTIVE
GHN_ADMIN_2025,2,1006115,1006115,,1000006,"Xã Tà Lài","[""xã tà lài"",""x.tà lài"",""x tà lài"",""tà lài"",""ta lai"",""xa ta lai"",""xatalai"",""talai""]",ACTIVE
GHN_ADMIN_2025,2,1006116,1006116,,1000006,"Xã Tân Phú","[""xã tân phú"",""x.tân phú"",""x tân phú"",""tân phú"",""tan phu"",""xa tan phu"",""xatanphu"",""tanphu""]",ACTIVE
GHN_ADMIN_2025,2,1006117,1006117,,1000006,"Xã Đak Lua","[""xã đak lua"",""x.đak lua"",""x đak lua"",""đak lua"",""dak lua"",""xa dak lua"",""xadaklua"",""daklua""]",ACTIVE
GHN_ADMIN_2025,2,1006118,1006118,,1000006,"Xã Phú Lý","[""xã phú lý"",""x.phú lý"",""x phú lý"",""phú lý"",""phu ly"",""xa phu ly"",""xaphuly"",""phuly""]",ACTIVE
GHN_ADMIN_2025,2,1006119,1006119,,1000006,"Xã Trị An","[""xã trị an"",""x.trị an"",""x trị an"",""trị an"",""tri an"",""xa tri an"",""xatrian"",""trian""]",ACTIVE
GHN_ADMIN_2025,2,1006120,1006120,,1000006,"Xã Tân An","[""xã tân an"",""x.tân an"",""x tân an"",""tân an"",""tan an"",""xa tan an"",""xatanan"",""tanan""]",ACTIVE
GHN_ADMIN_2025,2,1006121,1006121,,1000006,"Xã Xuân Bắc","[""xã xuân bắc"",""x.xuân bắc"",""x xuân bắc"",""xuân bắc"",""xuan bac"",""xa xuan bac"",""xaxuanbac"",""xuanbac""]",ACTIVE
GHN_ADMIN_2025,2,1006122,1006122,,1000006,"Xã Xuân Hòa","[""xã xuân hòa"",""x.xuân hòa"",""x xuân hòa"",""xuân hòa"",""xuan hoa"",""xa xuan hoa"",""xaxuanhoa"",""xuanhoa""]",ACTIVE
GHN_ADMIN_2025,2,1006123,1006123,,1000006,"Xã Xuân Lộc","[""xã xuân lộc"",""x.xuân lộc"",""x xuân lộc"",""xuân lộc"",""xuan loc"",""xa xuan loc"",""xaxuanloc"",""xuanloc""]",ACTIVE
GHN_ADMIN_2025,2,1006124,1006124,,1000006,"Xã Xuân Phú","[""xã xuân phú"",""x.xuân phú"",""x xuân phú"",""xuân phú"",""xuan phu"",""xa xuan phu"",""xaxuanphu"",""xuanphu""]",ACTIVE
GHN_ADMIN_2025,2,1006125,1006125,,1000006,"Xã Xuân Thành","[""xã xuân thành"",""x.xuân thành"",""x xuân thành"",""xuân thành"",""xuan thanh"",""xa xuan thanh"",""xaxuanthanh"",""xuanthanh""]",ACTIVE
GHN_ADMIN_2025,2,1006126,1006126,,1000006,"Xã Xuân Định","[""xã xuân định"",""x.xuân định"",""x xuân định"",""xuân định"",""xuan dinh"",""xa xuan dinh"",""xaxuandinh"",""xuandinh""]",ACTIVE
GHN_ADMIN_2025,2,1006127,1006127,,1000006,"Xã La Ngà","[""xã la ngà"",""x.la ngà"",""x la ngà"",""la ngà"",""la nga"",""xa la nga"",""xalanga"",""langa""]",ACTIVE
GHN_ADMIN_2025,2,1006128,1006128,,1000006,"Xã Phú Hòa","[""xã phú hòa"",""x.phú hòa"",""x phú hòa"",""phú hòa"",""phu hoa"",""xa phu hoa"",""xaphuhoa"",""phuhoa""]",ACTIVE
GHN_ADMIN_2025,2,1006129,1006129,,1000006,"Xã Phú Vinh","[""xã phú vinh"",""x.phú vinh"",""x phú vinh"",""phú vinh"",""phu vinh"",""xa phu vinh"",""xaphuvinh"",""phuvinh""]",ACTIVE
GHN_ADMIN_2025,2,1006130,1006130,,1000006,"Xã Thanh Sơn","[""xã thanh sơn"",""x.thanh sơn"",""x thanh sơn"",""thanh sơn"",""thanh son"",""xa thanh son"",""xathanhson"",""thanhson""]",ACTIVE
GHN_ADMIN_2025,2,1006131,1006131,,1000006,"Xã Định Quán","[""xã định quán"",""x.định quán"",""x định quán"",""định quán"",""dinh quan"",""xa dinh quan"",""xadinhquan"",""dinhquan""]",ACTIVE
GHN_ADMIN_2025,2,1006132,1006132,,1000006,"Phường Biên Hòa","[""phường biên hòa"",""p.biên hòa"",""p biên hòa"",""biên hòa"",""bien hoa"",""phuong bien hoa"",""phuongbienhoa"",""bienhoa""]",ACTIVE
GHN_ADMIN_2025,2,1006133,1006133,,1000006,"Phường Hố Nai","[""phường hố nai"",""p.hố nai"",""p hố nai"",""hố nai"",""ho nai"",""phuong ho nai"",""phuonghonai"",""honai""]",ACTIVE
GHN_ADMIN_2025,2,1006134,1006134,,1000006,"Phường Long Bình","[""phường long bình"",""p.long bình"",""p long bình"",""long bình"",""long binh"",""phuong long binh"",""phuonglongbinh"",""longbinh""]",ACTIVE
GHN_ADMIN_2025,2,1006135,1006135,,1000006,"Phường Long Hưng","[""phường long hưng"",""p.long hưng"",""p long hưng"",""long hưng"",""long hung"",""phuong long hung"",""phuonglonghung"",""longhung""]",ACTIVE
GHN_ADMIN_2025,2,1006136,1006136,,1000006,"Phường Phước Tân","[""phường phước tân"",""p.phước tân"",""p phước tân"",""phước tân"",""phuoc tan"",""phuong phuoc tan"",""phuongphuoctan"",""phuoctan""]",ACTIVE
GHN_ADMIN_2025,2,1006137,1006137,,1000006,"Phường Tam Hiệp","[""phường tam hiệp"",""p.tam hiệp"",""p tam hiệp"",""tam hiệp"",""tam hiep"",""phuong tam hiep"",""phuongtamhiep"",""tamhiep""]",ACTIVE
GHN_ADMIN_2025,2,1006138,1006138,,1000006,"Phường Tam Phước","[""phường tam phước"",""p.tam phước"",""p tam phước"",""tam phước"",""tam phuoc"",""phuong tam phuoc"",""phuongtamphuoc"",""tamphuoc""]",ACTIVE
GHN_ADMIN_2025,2,1006139,1006139,,1000006,"Phường Trảng Dài","[""phường trảng dài"",""p.trảng dài"",""p trảng dài"",""trảng dài"",""trang dai"",""phuong trang dai"",""phuongtrangdai"",""trangdai""]",ACTIVE
GHN_ADMIN_2025,2,1006140,1006140,,1000006,"Phường Trấn Biên","[""phường trấn biên"",""p.trấn biên"",""p trấn biên"",""trấn biên"",""tran bien"",""phuong tran bien"",""phuongtranbien"",""tranbien""]",ACTIVE
GHN_ADMIN_2025,2,1006141,1006141,,1000006,"Phường Tân Triều","[""phường tân triều"",""p.tân triều"",""p tân triều"",""tân triều"",""tan trieu"",""phuong tan trieu"",""phuongtantrieu"",""tantrieu""]",ACTIVE
GHN_ADMIN_2025,2,1006142,1006142,,1000006,"Phường Bình Lộc","[""phường bình lộc"",""p.bình lộc"",""p bình lộc"",""bình lộc"",""binh loc"",""phuong binh loc"",""phuongbinhloc"",""binhloc""]",ACTIVE
GHN_ADMIN_2025,2,1006143,1006143,,1000006,"Phường Bảo Vinh","[""phường bảo vinh"",""p.bảo vinh"",""p bảo vinh"",""bảo vinh"",""bao vinh"",""phuong bao vinh"",""phuongbaovinh"",""baovinh""]",ACTIVE
GHN_ADMIN_2025,2,1006144,1006144,,1000006,"Phường Hàng Gòn","[""phường hàng gòn"",""p.hàng gòn"",""p hàng gòn"",""hàng gòn"",""hang gon"",""phuong hang gon"",""phuonghanggon"",""hanggon""]",ACTIVE
GHN_ADMIN_2025,2,1006145,1006145,,1000006,"Phường Long Khánh","[""phường long khánh"",""p.long khánh"",""p long khánh"",""long khánh"",""long khanh"",""phuong long khanh"",""phuonglongkhanh"",""longkhanh""]",ACTIVE
GHN_ADMIN_2025,2,1006146,1006146,,1000006,"Phường Xuân Lập","[""phường xuân lập"",""p.xuân lập"",""p xuân lập"",""xuân lập"",""xuan lap"",""phuong xuan lap"",""phuongxuanlap"",""xuanlap""]",ACTIVE
GHN_ADMIN_2025,2,1006147,1006147,,1000006,"Xã Bù Gia Mập","[""xã bù gia mập"",""x.bù gia mập"",""x bù gia mập"",""bù gia mập"",""bu gia map"",""xa bu gia map"",""xabugiamap"",""bugiamap""]",ACTIVE
GHN_ADMIN_2025,2,1006148,1006148,,1000006,"Xã Phú Nghĩa","[""xã phú nghĩa"",""x.phú nghĩa"",""x phú nghĩa"",""phú nghĩa"",""phu nghia"",""xa phu nghia"",""xaphunghia"",""phunghia""]",ACTIVE
GHN_ADMIN_2025,2,1006149,1006149,,1000006,"Xã Đa Kia","[""xã đa kia"",""x.đa kia"",""x đa kia"",""đa kia"",""da kia"",""xa da kia"",""xadakia"",""dakia""]",ACTIVE
GHN_ADMIN_2025,2,1006150,1006150,,1000006,"Xã Đăk Ơ","[""xã đăk ơ"",""x.đăk ơ"",""x đăk ơ"",""đăk ơ"",""dak o"",""xa dak o"",""xadako"",""dako""]",ACTIVE
GHN_ADMIN_2025,2,1006151,1006151,,1000006,"Xã Bom Bo","[""xã bom bo"",""x.bom bo"",""x bom bo"",""bom bo"",""xa bom bo"",""xabombo"",""bombo""]",ACTIVE
GHN_ADMIN_2025,2,1006152,1006152,,1000006,"Xã Bù Đăng","[""xã bù đăng"",""x.bù đăng"",""x bù đăng"",""bù đăng"",""bu dang"",""xa bu dang"",""xabudang"",""budang""]",ACTIVE
GHN_ADMIN_2025,2,1006153,1006153,,1000006,"Xã Nghĩa Trung","[""xã nghĩa trung"",""x.nghĩa trung"",""x nghĩa trung"",""nghĩa trung"",""nghia trung"",""xa nghia trung"",""xanghiatrung"",""nghiatrung""]",ACTIVE
GHN_ADMIN_2025,2,1006154,1006154,,1000006,"Xã Phước Sơn","[""xã phước sơn"",""x.phước sơn"",""x phước sơn"",""phước sơn"",""phuoc son"",""xa phuoc son"",""xaphuocson"",""phuocson""]",ACTIVE
GHN_ADMIN_2025,2,1006155,1006155,,1000006,"Xã Thọ Sơn","[""xã thọ sơn"",""x.thọ sơn"",""x thọ sơn"",""thọ sơn"",""tho son"",""xa tho son"",""xathoson"",""thoson""]",ACTIVE
GHN_ADMIN_2025,2,1006156,1006156,,1000006,"Xã Đak Nhau","[""xã đak nhau"",""x.đak nhau"",""x đak nhau"",""đak nhau"",""dak nhau"",""xa dak nhau"",""xadaknhau"",""daknhau""]",ACTIVE
GHN_ADMIN_2025,2,1006157,1006157,,1000006,"Xã Hưng Phước","[""xã hưng phước"",""x.hưng phước"",""x hưng phước"",""hưng phước"",""hung phuoc"",""xa hung phuoc"",""xahungphuoc"",""hungphuoc""]",ACTIVE
GHN_ADMIN_2025,2,1006158,1006158,,1000006,"Xã Thiện Hưng","[""xã thiện hưng"",""x.thiện hưng"",""x thiện hưng"",""thiện hưng"",""thien hung"",""xa thien hung"",""xathienhung"",""thienhung""]",ACTIVE
GHN_ADMIN_2025,2,1006159,1006159,,1000006,"Xã Minh Đức","[""xã minh đức"",""x.minh đức"",""x minh đức"",""minh đức"",""minh duc"",""xa minh duc"",""xaminhduc"",""minhduc""]",ACTIVE
GHN_ADMIN_2025,2,1006160,1006160,,1000006,"Xã Tân Hưng","[""xã tân hưng"",""x.tân hưng"",""x tân hưng"",""tân hưng"",""tan hung"",""xa tan hung"",""xatanhung"",""tanhung""]",ACTIVE
GHN_ADMIN_2025,2,1006161,1006161,,1000006,"Xã Tân Khai","[""xã tân khai"",""x.tân khai"",""x tân khai"",""tân khai"",""tan khai"",""xa tan khai"",""xatankhai"",""tankhai""]",ACTIVE
GHN_ADMIN_2025,2,1006162,1006162,,1000006,"Xã Lộc Hưng","[""xã lộc hưng"",""x.lộc hưng"",""x lộc hưng"",""lộc hưng"",""loc hung"",""xa loc hung"",""xalochung"",""lochung""]",ACTIVE
GHN_ADMIN_2025,2,1006163,1006163,,1000006,"Xã Lộc Ninh","[""xã lộc ninh"",""x.lộc ninh"",""x lộc ninh"",""lộc ninh"",""loc ninh"",""xa loc ninh"",""xalocninh"",""locninh""]",ACTIVE
GHN_ADMIN_2025,2,1006164,1006164,,1000006,"Xã Lộc Quang","[""xã lộc quang"",""x.lộc quang"",""x lộc quang"",""lộc quang"",""loc quang"",""xa loc quang"",""xalocquang"",""locquang""]",ACTIVE
GHN_ADMIN_2025,2,1006165,1006165,,1000006,"Xã Lộc Thành","[""xã lộc thành"",""x.lộc thành"",""x lộc thành"",""lộc thành"",""loc thanh"",""xa loc thanh"",""xalocthanh"",""locthanh""]",ACTIVE
GHN_ADMIN_2025,2,1006166,1006166,,1000006,"Xã Lộc Thạnh","[""xã lộc thạnh"",""x.lộc thạnh"",""x lộc thạnh"",""lộc thạnh"",""loc thanh"",""xa loc thanh"",""xalocthanh"",""locthanh""]",ACTIVE
GHN_ADMIN_2025,2,1006167,1006167,,1000006,"Xã Lộc Tấn","[""xã lộc tấn"",""x.lộc tấn"",""x lộc tấn"",""lộc tấn"",""loc tan"",""xa loc tan"",""xaloctan"",""loctan""]",ACTIVE
GHN_ADMIN_2025,2,1006168,1006168,,1000006,"Xã Tân Tiến","[""xã tân tiến"",""x.tân tiến"",""x tân tiến"",""tân tiến"",""tan tien"",""xa tan tien"",""xatantien"",""tantien""]",ACTIVE
GHN_ADMIN_2025,2,1006169,1006169,,1000006,"Xã Bình Tân","[""xã bình tân"",""x.bình tân"",""x bình tân"",""bình tân"",""binh tan"",""xa binh tan"",""xabinhtan"",""binhtan""]",ACTIVE
GHN_ADMIN_2025,2,1006170,1006170,,1000006,"Xã Long Hà","[""xã long hà"",""x.long hà"",""x long hà"",""long hà"",""long ha"",""xa long ha"",""xalongha"",""longha""]",ACTIVE
GHN_ADMIN_2025,2,1006171,1006171,,1000006,"Xã Phú Riềng","[""xã phú riềng"",""x.phú riềng"",""x phú riềng"",""phú riềng"",""phu rieng"",""xa phu rieng"",""xaphurieng"",""phurieng""]",ACTIVE
GHN_ADMIN_2025,2,1006172,1006172,,1000006,"Xã Phú Trung","[""xã phú trung"",""x.phú trung"",""x phú trung"",""phú trung"",""phu trung"",""xa phu trung"",""xaphutrung"",""phutrung""]",ACTIVE
GHN_ADMIN_2025,2,1006173,1006173,,1000006,"Xã Thuận Lợi","[""xã thuận lợi"",""x.thuận lợi"",""x thuận lợi"",""thuận lợi"",""thuan loi"",""xa thuan loi"",""xathuanloi"",""thuanloi""]",ACTIVE
GHN_ADMIN_2025,2,1006174,1006174,,1000006,"Xã Tân Lợi","[""xã tân lợi"",""x.tân lợi"",""x tân lợi"",""tân lợi"",""tan loi"",""xa tan loi"",""xatanloi"",""tanloi""]",ACTIVE
GHN_ADMIN_2025,2,1006175,1006175,,1000006,"Xã Đồng Phú","[""xã đồng phú"",""x.đồng phú"",""x đồng phú"",""đồng phú"",""dong phu"",""xa dong phu"",""xadongphu"",""dongphu""]",ACTIVE
GHN_ADMIN_2025,2,1006176,1006176,,1000006,"Xã Đồng Tâm","[""xã đồng tâm"",""x.đồng tâm"",""x đồng tâm"",""đồng tâm"",""dong tam"",""xa dong tam"",""xadongtam"",""dongtam""]",ACTIVE
GHN_ADMIN_2025,2,1006177,1006177,,1000006,"Phường Bình Phước","[""phường bình phước"",""p.bình phước"",""p bình phước"",""bình phước"",""binh phuoc"",""phuong binh phuoc"",""phuongbinhphuoc"",""binhphuoc""]",ACTIVE
GHN_ADMIN_2025,2,1006178,1006178,,1000006,"Phường Đồng Xoài","[""phường đồng xoài"",""p.đồng xoài"",""p đồng xoài"",""đồng xoài"",""dong xoai"",""phuong dong xoai"",""phuongdongxoai"",""dongxoai""]",ACTIVE
GHN_ADMIN_2025,2,1006179,1006179,,1000006,"Phường An Lộc","[""phường an lộc"",""p.an lộc"",""p an lộc"",""an lộc"",""an loc"",""phuong an loc"",""phuonganloc"",""anloc""]",ACTIVE
GHN_ADMIN_2025,2,1006180,1006180,,1000006,"Phường Bình Long","[""phường bình long"",""p.bình long"",""p bình long"",""bình long"",""binh long"",""phuong binh long"",""phuongbinhlong"",""binhlong""]",ACTIVE
GHN_ADMIN_2025,2,1006181,1006181,,1000006,"Phường Chơn Thành","[""phường chơn thành"",""p.chơn thành"",""p chơn thành"",""chơn thành"",""chon thanh"",""phuong chon thanh"",""phuongchonthanh"",""chonthanh""]",ACTIVE
GHN_ADMIN_2025,2,1006182,1006182,,1000006,"Phường Minh Hưng","[""phường minh hưng"",""p.minh hưng"",""p minh hưng"",""minh hưng"",""minh hung"",""phuong minh hung"",""phuongminhhung"",""minhhung""]",ACTIVE
GHN_ADMIN_2025,2,1006183,1006183,,1000006,"Xã Nha Bích","[""xã nha bích"",""x.nha bích"",""x nha bích"",""nha bích"",""nha bich"",""xa nha bich"",""xanhabich"",""nhabich""]",ACTIVE
GHN_ADMIN_2025,2,1006184,1006184,,1000006,"Xã Tân Quan","[""xã tân quan"",""x.tân quan"",""x tân quan"",""tân quan"",""tan quan"",""xa tan quan"",""xatanquan"",""tanquan""]",ACTIVE
GHN_ADMIN_2025,2,1006185,1006185,,1000006,"Phường Phước Bình","[""phường phước bình"",""p.phước bình"",""p phước bình"",""phước bình"",""phuoc binh"",""phuong phuoc binh"",""phuongphuocbinh"",""phuocbinh""]",ACTIVE
GHN_ADMIN_2025,2,1006186,1006186,,1000006,"Phường Phước Long","[""phường phước long"",""p.phước long"",""p phước long"",""phước long"",""phuoc long"",""phuong phuoc long"",""phuongphuoclong"",""phuoclong""]",ACTIVE
GHN_ADMIN_2025,2,1006187,1006187,,1000018,"Xã Bến Cầu","[""xã bến cầu"",""x.bến cầu"",""x bến cầu"",""bến cầu"",""ben cau"",""xa ben cau"",""xabencau"",""bencau""]",ACTIVE
GHN_ADMIN_2025,2,1006188,1006188,,1000018,"Xã Long Chữ","[""xã long chữ"",""x.long chữ"",""x long chữ"",""long chữ"",""long chu"",""xa long chu"",""xalongchu"",""longchu""]",ACTIVE
GHN_ADMIN_2025,2,1006189,1006189,,1000018,"Xã Long Thuận","[""xã long thuận"",""x.long thuận"",""x long thuận"",""long thuận"",""long thuan"",""xa long thuan"",""xalongthuan"",""longthuan""]",ACTIVE
GHN_ADMIN_2025,2,1006190,1006190,,1000018,"Xã Châu Thành","[""xã châu thành"",""x.châu thành"",""x châu thành"",""châu thành"",""chau thanh"",""xa chau thanh"",""xachauthanh"",""chauthanh""]",ACTIVE
GHN_ADMIN_2025,2,1006191,1006191,,1000018,"Xã Hòa Hội","[""xã hòa hội"",""x.hòa hội"",""x hòa hội"",""hòa hội"",""hoa hoi"",""xa hoa hoi"",""xahoahoi"",""hoahoi""]",ACTIVE
GHN_ADMIN_2025,2,1006192,1006192,,1000018,"Xã Hảo Đước","[""xã hảo đước"",""x.hảo đước"",""x hảo đước"",""hảo đước"",""hao duoc"",""xa hao duoc"",""xahaoduoc"",""haoduoc""]",ACTIVE
GHN_ADMIN_2025,2,1006193,1006193,,1000018,"Xã Ninh Điền","[""xã ninh điền"",""x.ninh điền"",""x ninh điền"",""ninh điền"",""ninh dien"",""xa ninh dien"",""xaninhdien"",""ninhdien""]",ACTIVE
GHN_ADMIN_2025,2,1006194,1006194,,1000018,"Phường Ninh Thạnh","[""phường ninh thạnh"",""p.ninh thạnh"",""p ninh thạnh"",""ninh thạnh"",""ninh thanh"",""phuong ninh thanh"",""phuongninhthanh"",""ninhthanh""]",ACTIVE
GHN_ADMIN_2025,2,1006195,1006195,,1000018,"Xã Cầu Khởi","[""xã cầu khởi"",""x.cầu khởi"",""x cầu khởi"",""cầu khởi"",""cau khoi"",""xa cau khoi"",""xacaukhoi"",""caukhoi""]",ACTIVE
GHN_ADMIN_2025,2,1006196,1006196,,1000018,"Xã Dương Minh Châu","[""xã dương minh châu"",""x.dương minh châu"",""x dương minh châu"",""dương minh châu"",""duong minh chau"",""xa duong minh chau"",""xaduongminhchau"",""duongminhchau""]",ACTIVE
GHN_ADMIN_2025,2,1006197,1006197,,1000018,"Xã Lộc Ninh","[""xã lộc ninh"",""x.lộc ninh"",""x lộc ninh"",""lộc ninh"",""loc ninh"",""xa loc ninh"",""xalocninh"",""locninh""]",ACTIVE
GHN_ADMIN_2025,2,1006198,1006198,,1000018,"Xã Truông Mít","[""xã truông mít"",""x.truông mít"",""x truông mít"",""truông mít"",""truong mit"",""xa truong mit"",""xatruongmit"",""truongmit""]",ACTIVE
GHN_ADMIN_2025,2,1006199,1006199,,1000018,"Xã Phước Thạnh","[""xã phước thạnh"",""x.phước thạnh"",""x phước thạnh"",""phước thạnh"",""phuoc thanh"",""xa phuoc thanh"",""xaphuocthanh"",""phuocthanh""]",ACTIVE
GHN_ADMIN_2025,2,1006200,1006200,,1000018,"Xã Thạnh Đức","[""xã thạnh đức"",""x.thạnh đức"",""x thạnh đức"",""thạnh đức"",""thanh duc"",""xa thanh duc"",""xathanhduc"",""thanhduc""]",ACTIVE
GHN_ADMIN_2025,2,1006201,1006201,,1000018,"Xã Phước Vinh","[""xã phước vinh"",""x.phước vinh"",""x phước vinh"",""phước vinh"",""phuoc vinh"",""xa phuoc vinh"",""xaphuocvinh"",""phuocvinh""]",ACTIVE
GHN_ADMIN_2025,2,1006202,1006202,,1000018,"Xã Thạnh Bình","[""xã thạnh bình"",""x.thạnh bình"",""x thạnh bình"",""thạnh bình"",""thanh binh"",""xa thanh binh"",""xathanhbinh"",""thanhbinh""]",ACTIVE
GHN_ADMIN_2025,2,1006203,1006203,,1000018,"Xã Trà Vong","[""xã trà vong"",""x.trà vong"",""x trà vong"",""trà vong"",""tra vong"",""xa tra vong"",""xatravong"",""travong""]",ACTIVE
GHN_ADMIN_2025,2,1006204,1006204,,1000018,"Xã Tân Biên","[""xã tân biên"",""x.tân biên"",""x tân biên"",""tân biên"",""tan bien"",""xa tan bien"",""xatanbien"",""tanbien""]",ACTIVE
GHN_ADMIN_2025,2,1006205,1006205,,1000018,"Xã Tân Lập","[""xã tân lập"",""x.tân lập"",""x tân lập"",""tân lập"",""tan lap"",""xa tan lap"",""xatanlap"",""tanlap""]",ACTIVE
GHN_ADMIN_2025,2,1006206,1006206,,1000018,"Xã Tân Châu","[""xã tân châu"",""x.tân châu"",""x tân châu"",""tân châu"",""tan chau"",""xa tan chau"",""xatanchau"",""tanchau""]",ACTIVE
GHN_ADMIN_2025,2,1006207,1006207,,1000018,"Xã Tân Hoà","[""xã tân hoà"",""x.tân hoà"",""x tân hoà"",""tân hoà"",""tan hoa"",""xa tan hoa"",""xatanhoa"",""tanhoa""]",ACTIVE
GHN_ADMIN_2025,2,1006208,1006208,,1000018,"Xã Tân Hội","[""xã tân hội"",""x.tân hội"",""x tân hội"",""tân hội"",""tan hoi"",""xa tan hoi"",""xatanhoi"",""tanhoi""]",ACTIVE
GHN_ADMIN_2025,2,1006209,1006209,,1000018,"Xã Tân Phú","[""xã tân phú"",""x.tân phú"",""x tân phú"",""tân phú"",""tan phu"",""xa tan phu"",""xatanphu"",""tanphu""]",ACTIVE
GHN_ADMIN_2025,2,1006210,1006210,,1000018,"Xã Tân Thành","[""xã tân thành"",""x.tân thành"",""x tân thành"",""tân thành"",""tan thanh"",""xa tan thanh"",""xatanthanh"",""tanthanh""]",ACTIVE
GHN_ADMIN_2025,2,1006211,1006211,,1000018,"Xã Tân Đông","[""xã tân đông"",""x.tân đông"",""x tân đông"",""tân đông"",""tan dong"",""xa tan dong"",""xatandong"",""tandong""]",ACTIVE
GHN_ADMIN_2025,2,1006212,1006212,,1000018,"Phường Bình Minh","[""phường bình minh"",""p.bình minh"",""p bình minh"",""bình minh"",""binh minh"",""phuong binh minh"",""phuongbinhminh"",""binhminh""]",ACTIVE
GHN_ADMIN_2025,2,1006213,1006213,,1000018,"Phường Tân Ninh","[""phường tân ninh"",""p.tân ninh"",""p tân ninh"",""tân ninh"",""tan ninh"",""phuong tan ninh"",""phuongtanninh"",""tanninh""]",ACTIVE
GHN_ADMIN_2025,2,1006214,1006214,,1000018,"Phường Hòa Thành","[""phường hòa thành"",""p.hòa thành"",""p hòa thành"",""hòa thành"",""hoa thanh"",""phuong hoa thanh"",""phuonghoathanh"",""hoathanh""]",ACTIVE
GHN_ADMIN_2025,2,1006215,1006215,,1000018,"Phường Long Hoa","[""phường long hoa"",""p.long hoa"",""p long hoa"",""long hoa"",""phuong long hoa"",""phuonglonghoa"",""longhoa""]",ACTIVE
GHN_ADMIN_2025,2,1006216,1006216,,1000018,"Phường Thanh Điền","[""phường thanh điền"",""p.thanh điền"",""p thanh điền"",""thanh điền"",""thanh dien"",""phuong thanh dien"",""phuongthanhdien"",""thanhdien""]",ACTIVE
GHN_ADMIN_2025,2,1006217,1006217,,1000018,"Phường An Tịnh","[""phường an tịnh"",""p.an tịnh"",""p an tịnh"",""an tịnh"",""an tinh"",""phuong an tinh"",""phuongantinh"",""antinh""]",ACTIVE
GHN_ADMIN_2025,2,1006218,1006218,,1000018,"Phường Gia Lộc","[""phường gia lộc"",""p.gia lộc"",""p gia lộc"",""gia lộc"",""gia loc"",""phuong gia loc"",""phuonggialoc"",""gialoc""]",ACTIVE
GHN_ADMIN_2025,2,1006219,1006219,,1000018,"Phường Gò Dầu","[""phường gò dầu"",""p.gò dầu"",""p gò dầu"",""gò dầu"",""go dau"",""phuong go dau"",""phuonggodau"",""godau""]",ACTIVE
GHN_ADMIN_2025,2,1006220,1006220,,1000018,"Phường Trảng Bàng","[""phường trảng bàng"",""p.trảng bàng"",""p trảng bàng"",""trảng bàng"",""trang bang"",""phuong trang bang"",""phuongtrangbang"",""trangbang""]",ACTIVE
GHN_ADMIN_2025,2,1006221,1006221,,1000018,"Xã Hưng Thuận","[""xã hưng thuận"",""x.hưng thuận"",""x hưng thuận"",""hưng thuận"",""hung thuan"",""xa hung thuan"",""xahungthuan"",""hungthuan""]",ACTIVE
GHN_ADMIN_2025,2,1006222,1006222,,1000018,"Xã Phước Chỉ","[""xã phước chỉ"",""x.phước chỉ"",""x phước chỉ"",""phước chỉ"",""phuoc chi"",""xa phuoc chi"",""xaphuocchi"",""phuocchi""]",ACTIVE
GHN_ADMIN_2025,2,1006223,1006223,,1000018,"Xã Bình Đức","[""xã bình đức"",""x.bình đức"",""x bình đức"",""bình đức"",""binh duc"",""xa binh duc"",""xabinhduc"",""binhduc""]",ACTIVE
GHN_ADMIN_2025,2,1006224,1006224,,1000018,"Xã Bến Lức","[""xã bến lức"",""x.bến lức"",""x bến lức"",""bến lức"",""ben luc"",""xa ben luc"",""xabenluc"",""benluc""]",ACTIVE
GHN_ADMIN_2025,2,1006225,1006225,,1000018,"Xã Lương Hòa","[""xã lương hòa"",""x.lương hòa"",""x lương hòa"",""lương hòa"",""luong hoa"",""xa luong hoa"",""xaluonghoa"",""luonghoa""]",ACTIVE
GHN_ADMIN_2025,2,1006226,1006226,,1000018,"Xã Mỹ Yên","[""xã mỹ yên"",""x.mỹ yên"",""x mỹ yên"",""mỹ yên"",""my yen"",""xa my yen"",""xamyyen"",""myyen""]",ACTIVE
GHN_ADMIN_2025,2,1006227,1006227,,1000018,"Xã Thạnh Lợi","[""xã thạnh lợi"",""x.thạnh lợi"",""x thạnh lợi"",""thạnh lợi"",""thanh loi"",""xa thanh loi"",""xathanhloi"",""thanhloi""]",ACTIVE
GHN_ADMIN_2025,2,1006228,1006228,,1000018,"Xã An Lục Long","[""xã an lục long"",""x.an lục long"",""x an lục long"",""an lục long"",""an luc long"",""xa an luc long"",""xaanluclong"",""anluclong""]",ACTIVE
GHN_ADMIN_2025,2,1006229,1006229,,1000018,"Xã Thuận Mỹ","[""xã thuận mỹ"",""x.thuận mỹ"",""x thuận mỹ"",""thuận mỹ"",""thuan my"",""xa thuan my"",""xathuanmy"",""thuanmy""]",ACTIVE
GHN_ADMIN_2025,2,1006230,1006230,,1000018,"Xã Tầm Vu","[""xã tầm vu"",""x.tầm vu"",""x tầm vu"",""tầm vu"",""tam vu"",""xa tam vu"",""xatamvu"",""tamvu""]",ACTIVE
GHN_ADMIN_2025,2,1006231,1006231,,1000018,"Xã Vĩnh Công","[""xã vĩnh công"",""x.vĩnh công"",""x vĩnh công"",""vĩnh công"",""vinh cong"",""xa vinh cong"",""xavinhcong"",""vinhcong""]",ACTIVE
GHN_ADMIN_2025,2,1006232,1006232,,1000018,"Xã Cần Giuộc","[""xã cần giuộc"",""x.cần giuộc"",""x cần giuộc"",""cần giuộc"",""can giuoc"",""xa can giuoc"",""xacangiuoc"",""cangiuoc""]",ACTIVE
GHN_ADMIN_2025,2,1006233,1006233,,1000018,"Xã Mỹ Lộc","[""xã mỹ lộc"",""x.mỹ lộc"",""x mỹ lộc"",""mỹ lộc"",""my loc"",""xa my loc"",""xamyloc"",""myloc""]",ACTIVE
GHN_ADMIN_2025,2,1006234,1006234,,1000018,"Xã Phước Lý","[""xã phước lý"",""x.phước lý"",""x phước lý"",""phước lý"",""phuoc ly"",""xa phuoc ly"",""xaphuocly"",""phuocly""]",ACTIVE
GHN_ADMIN_2025,2,1006235,1006235,,1000018,"Xã Phước Vĩnh Tây","[""xã phước vĩnh tây"",""x.phước vĩnh tây"",""x phước vĩnh tây"",""phước vĩnh tây"",""phuoc vinh tay"",""xa phuoc vinh tay"",""xaphuocvinhtay"",""phuocvinhtay""]",ACTIVE
GHN_ADMIN_2025,2,1006236,1006236,,1000018,"Xã Tân Tập","[""xã tân tập"",""x.tân tập"",""x tân tập"",""tân tập"",""tan tap"",""xa tan tap"",""xatantap"",""tantap""]",ACTIVE
GHN_ADMIN_2025,2,1006237,1006237,,1000018,"Xã Cần Đước","[""xã cần đước"",""x.cần đước"",""x cần đước"",""cần đước"",""can duoc"",""xa can duoc"",""xacanduoc"",""canduoc""]",ACTIVE
GHN_ADMIN_2025,2,1006238,1006238,,1000018,"Xã Long Cang","[""xã long cang"",""x.long cang"",""x long cang"",""long cang"",""xa long cang"",""xalongcang"",""longcang""]",ACTIVE
GHN_ADMIN_2025,2,1006239,1006239,,1000018,"Xã Long Hựu","[""xã long hựu"",""x.long hựu"",""x long hựu"",""long hựu"",""long huu"",""xa long huu"",""xalonghuu"",""longhuu""]",ACTIVE
GHN_ADMIN_2025,2,1006240,1006240,,1000018,"Xã Mỹ Lệ","[""xã mỹ lệ"",""x.mỹ lệ"",""x mỹ lệ"",""mỹ lệ"",""my le"",""xa my le"",""xamyle"",""myle""]",ACTIVE
GHN_ADMIN_2025,2,1006241,1006241,,1000018,"Xã Rạch Kiến","[""xã rạch kiến"",""x.rạch kiến"",""x rạch kiến"",""rạch kiến"",""rach kien"",""xa rach kien"",""xarachkien"",""rachkien""]",ACTIVE
GHN_ADMIN_2025,2,1006242,1006242,,1000018,"Xã Tân Lân","[""xã tân lân"",""x.tân lân"",""x tân lân"",""tân lân"",""tan lan"",""xa tan lan"",""xatanlan"",""tanlan""]",ACTIVE
GHN_ADMIN_2025,2,1006243,1006243,,1000018,"Xã Bình Hòa","[""xã bình hòa"",""x.bình hòa"",""x bình hòa"",""bình hòa"",""binh hoa"",""xa binh hoa"",""xabinhhoa"",""binhhoa""]",ACTIVE
GHN_ADMIN_2025,2,1006244,1006244,,1000018,"Xã Mộc Hóa","[""xã mộc hóa"",""x.mộc hóa"",""x mộc hóa"",""mộc hóa"",""moc hoa"",""xa moc hoa"",""xamochoa"",""mochoa""]",ACTIVE
GHN_ADMIN_2025,2,1006245,1006245,,1000018,"Xã Bình Thành","[""xã bình thành"",""x.bình thành"",""x bình thành"",""bình thành"",""binh thanh"",""xa binh thanh"",""xabinhthanh"",""binhthanh""]",ACTIVE
GHN_ADMIN_2025,2,1006246,1006246,,1000018,"Xã Thạnh Hóa","[""xã thạnh hóa"",""x.thạnh hóa"",""x thạnh hóa"",""thạnh hóa"",""thanh hoa"",""xa thanh hoa"",""xathanhhoa"",""thanhhoa""]",ACTIVE
GHN_ADMIN_2025,2,1006247,1006247,,1000018,"Xã Thạnh Phước","[""xã thạnh phước"",""x.thạnh phước"",""x thạnh phước"",""thạnh phước"",""thanh phuoc"",""xa thanh phuoc"",""xathanhphuoc"",""thanhphuoc""]",ACTIVE
GHN_ADMIN_2025,2,1006248,1006248,,1000018,"Xã Tân Tây","[""xã tân tây"",""x.tân tây"",""x tân tây"",""tân tây"",""tan tay"",""xa tan tay"",""xatantay"",""tantay""]",ACTIVE
GHN_ADMIN_2025,2,1006249,1006249,,1000018,"Xã Mỹ An","[""xã mỹ an"",""x.mỹ an"",""x mỹ an"",""mỹ an"",""my an"",""xa my an"",""xamyan"",""myan""]",ACTIVE
GHN_ADMIN_2025,2,1006250,1006250,,1000018,"Xã Mỹ Thạnh","[""xã mỹ thạnh"",""x.mỹ thạnh"",""x mỹ thạnh"",""mỹ thạnh"",""my thanh"",""xa my thanh"",""xamythanh"",""mythanh""]",ACTIVE
GHN_ADMIN_2025,2,1006251,1006251,,1000018,"Xã Thủ Thừa","[""xã thủ thừa"",""x.thủ thừa"",""x thủ thừa"",""thủ thừa"",""thu thua"",""xa thu thua"",""xathuthua"",""thuthua""]",ACTIVE
GHN_ADMIN_2025,2,1006252,1006252,,1000018,"Xã Tân Long","[""xã tân long"",""x.tân long"",""x tân long"",""tân long"",""tan long"",""xa tan long"",""xatanlong"",""tanlong""]",ACTIVE
GHN_ADMIN_2025,2,1006253,1006253,,1000018,"Xã Hưng Điền","[""xã hưng điền"",""x.hưng điền"",""x hưng điền"",""hưng điền"",""hung dien"",""xa hung dien"",""xahungdien"",""hungdien""]",ACTIVE
GHN_ADMIN_2025,2,1006254,1006254,,1000018,"Xã Tân Hưng","[""xã tân hưng"",""x.tân hưng"",""x tân hưng"",""tân hưng"",""tan hung"",""xa tan hung"",""xatanhung"",""tanhung""]",ACTIVE
GHN_ADMIN_2025,2,1006255,1006255,,1000018,"Xã Vĩnh Châu","[""xã vĩnh châu"",""x.vĩnh châu"",""x vĩnh châu"",""vĩnh châu"",""vinh chau"",""xa vinh chau"",""xavinhchau"",""vinhchau""]",ACTIVE
GHN_ADMIN_2025,2,1006256,1006256,,1000018,"Xã Vĩnh Thạnh","[""xã vĩnh thạnh"",""x.vĩnh thạnh"",""x vĩnh thạnh"",""vĩnh thạnh"",""vinh thanh"",""xa vinh thanh"",""xavinhthanh"",""vinhthanh""]",ACTIVE
GHN_ADMIN_2025,2,1006257,1006257,,1000018,"Xã Hậu Thạnh","[""xã hậu thạnh"",""x.hậu thạnh"",""x hậu thạnh"",""hậu thạnh"",""hau thanh"",""xa hau thanh"",""xahauthanh"",""hauthanh""]",ACTIVE
GHN_ADMIN_2025,2,1006258,1006258,,1000018,"Xã Nhơn Hòa Lập","[""xã nhơn hòa lập"",""x.nhơn hòa lập"",""x nhơn hòa lập"",""nhơn hòa lập"",""nhon hoa lap"",""xa nhon hoa lap"",""xanhonhoalap"",""nhonhoalap""]",ACTIVE
GHN_ADMIN_2025,2,1006259,1006259,,1000018,"Xã Nhơn Ninh","[""xã nhơn ninh"",""x.nhơn ninh"",""x nhơn ninh"",""nhơn ninh"",""nhon ninh"",""xa nhon ninh"",""xanhonninh"",""nhonninh""]",ACTIVE
GHN_ADMIN_2025,2,1006260,1006260,,1000018,"Xã Tân Thạnh","[""xã tân thạnh"",""x.tân thạnh"",""x tân thạnh"",""tân thạnh"",""tan thanh"",""xa tan thanh"",""xatanthanh"",""tanthanh""]",ACTIVE
GHN_ADMIN_2025,2,1006261,1006261,,1000018,"Xã Nhựt Tảo","[""xã nhựt tảo"",""x.nhựt tảo"",""x nhựt tảo"",""nhựt tảo"",""nhut tao"",""xa nhut tao"",""xanhuttao"",""nhuttao""]",ACTIVE
GHN_ADMIN_2025,2,1006262,1006262,,1000018,"Xã Tân Trụ","[""xã tân trụ"",""x.tân trụ"",""x tân trụ"",""tân trụ"",""tan tru"",""xa tan tru"",""xatantru"",""tantru""]",ACTIVE
GHN_ADMIN_2025,2,1006263,1006263,,1000018,"Xã Vàm Cỏ","[""xã vàm cỏ"",""x.vàm cỏ"",""x vàm cỏ"",""vàm cỏ"",""vam co"",""xa vam co"",""xavamco"",""vamco""]",ACTIVE
GHN_ADMIN_2025,2,1006264,1006264,,1000018,"Xã Khánh Hưng","[""xã khánh hưng"",""x.khánh hưng"",""x khánh hưng"",""khánh hưng"",""khanh hung"",""xa khanh hung"",""xakhanhhung"",""khanhhung""]",ACTIVE
GHN_ADMIN_2025,2,1006265,1006265,,1000018,"Xã Tuyên Bình","[""xã tuyên bình"",""x.tuyên bình"",""x tuyên bình"",""tuyên bình"",""tuyen binh"",""xa tuyen binh"",""xatuyenbinh"",""tuyenbinh""]",ACTIVE
GHN_ADMIN_2025,2,1006266,1006266,,1000018,"Xã Vĩnh Hưng","[""xã vĩnh hưng"",""x.vĩnh hưng"",""x vĩnh hưng"",""vĩnh hưng"",""vinh hung"",""xa vinh hung"",""xavinhhung"",""vinhhung""]",ACTIVE
GHN_ADMIN_2025,2,1006267,1006267,,1000018,"Xã Mỹ Quý","[""xã mỹ quý"",""x.mỹ quý"",""x mỹ quý"",""mỹ quý"",""my quy"",""xa my quy"",""xamyquy"",""myquy""]",ACTIVE
GHN_ADMIN_2025,2,1006268,1006268,,1000018,"Xã Đông Thành","[""xã đông thành"",""x.đông thành"",""x đông thành"",""đông thành"",""dong thanh"",""xa dong thanh"",""xadongthanh"",""dongthanh""]",ACTIVE
GHN_ADMIN_2025,2,1006269,1006269,,1000018,"Xã Đức Huệ","[""xã đức huệ"",""x.đức huệ"",""x đức huệ"",""đức huệ"",""duc hue"",""xa duc hue"",""xaduchue"",""duchue""]",ACTIVE
GHN_ADMIN_2025,2,1006270,1006270,,1000018,"Xã An Ninh","[""xã an ninh"",""x.an ninh"",""x an ninh"",""an ninh"",""xa an ninh"",""xaanninh"",""anninh""]",ACTIVE
GHN_ADMIN_2025,2,1006271,1006271,,1000018,"Xã Hiệp Hòa","[""xã hiệp hòa"",""x.hiệp hòa"",""x hiệp hòa"",""hiệp hòa"",""hiep hoa"",""xa hiep hoa"",""xahiephoa"",""hiephoa""]",ACTIVE
GHN_ADMIN_2025,2,1006272,1006272,,1000018,"Xã Hòa Khánh","[""xã hòa khánh"",""x.hòa khánh"",""x hòa khánh"",""hòa khánh"",""hoa khanh"",""xa hoa khanh"",""xahoakhanh"",""hoakhanh""]",ACTIVE
GHN_ADMIN_2025,2,1006273,1006273,,1000018,"Xã Hậu Nghĩa","[""xã hậu nghĩa"",""x.hậu nghĩa"",""x hậu nghĩa"",""hậu nghĩa"",""hau nghia"",""xa hau nghia"",""xahaunghia"",""haunghia""]",ACTIVE
GHN_ADMIN_2025,2,1006274,1006274,,1000018,"Xã Mỹ Hạnh","[""xã mỹ hạnh"",""x.mỹ hạnh"",""x mỹ hạnh"",""mỹ hạnh"",""my hanh"",""xa my hanh"",""xamyhanh"",""myhanh""]",ACTIVE
GHN_ADMIN_2025,2,1006275,1006275,,1000018,"Xã Đức Hòa","[""xã đức hòa"",""x.đức hòa"",""x đức hòa"",""đức hòa"",""duc hoa"",""xa duc hoa"",""xaduchoa"",""duchoa""]",ACTIVE
GHN_ADMIN_2025,2,1006276,1006276,,1000018,"Xã Đức Lập","[""xã đức lập"",""x.đức lập"",""x đức lập"",""đức lập"",""duc lap"",""xa duc lap"",""xaduclap"",""duclap""]",ACTIVE
GHN_ADMIN_2025,2,1006277,1006277,,1000018,"Phường Khánh Hậu","[""phường khánh hậu"",""p.khánh hậu"",""p khánh hậu"",""khánh hậu"",""khanh hau"",""phuong khanh hau"",""phuongkhanhhau"",""khanhhau""]",ACTIVE
GHN_ADMIN_2025,2,1006278,1006278,,1000018,"Phường Long An","[""phường long an"",""p.long an"",""p long an"",""long an"",""phuong long an"",""phuonglongan"",""longan""]",ACTIVE
GHN_ADMIN_2025,2,1006279,1006279,,1000018,"Phường Tân An","[""phường tân an"",""p.tân an"",""p tân an"",""tân an"",""tan an"",""phuong tan an"",""phuongtanan"",""tanan""]",ACTIVE
GHN_ADMIN_2025,2,1006280,1006280,,1000018,"Phường Kiến Tường","[""phường kiến tường"",""p.kiến tường"",""p kiến tường"",""kiến tường"",""kien tuong"",""phuong kien tuong"",""phuongkientuong"",""kientuong""]",ACTIVE
GHN_ADMIN_2025,2,1006281,1006281,,1000018,"Xã Bình Hiệp","[""xã bình hiệp"",""x.bình hiệp"",""x bình hiệp"",""bình hiệp"",""binh hiep"",""xa binh hiep"",""xabinhhiep"",""binhhiep""]",ACTIVE
GHN_ADMIN_2025,2,1006282,1006282,,1000018,"Xã Tuyên Thạnh","[""xã tuyên thạnh"",""x.tuyên thạnh"",""x tuyên thạnh"",""tuyên thạnh"",""tuyen thanh"",""xa tuyen thanh"",""xatuyenthanh"",""tuyenthanh""]",ACTIVE
GHN_ADMIN_2025,2,1006283,1006283,,1000011,"Xã Châu Thành","[""xã châu thành"",""x.châu thành"",""x châu thành"",""châu thành"",""chau thanh"",""xa chau thanh"",""xachauthanh"",""chauthanh""]",ACTIVE
GHN_ADMIN_2025,2,1006284,1006284,,1000011,"Xã Hòa Minh","[""xã hòa minh"",""x.hòa minh"",""x hòa minh"",""hòa minh"",""hoa minh"",""xa hoa minh"",""xahoaminh"",""hoaminh""]",ACTIVE
GHN_ADMIN_2025,2,1006285,1006285,,1000011,"Xã Hưng Mỹ","[""xã hưng mỹ"",""x.hưng mỹ"",""x hưng mỹ"",""hưng mỹ"",""hung my"",""xa hung my"",""xahungmy"",""hungmy""]",ACTIVE
GHN_ADMIN_2025,2,1006286,1006286,,1000011,"Xã Long Hòa","[""xã long hòa"",""x.long hòa"",""x long hòa"",""long hòa"",""long hoa"",""xa long hoa"",""xalonghoa"",""longhoa""]",ACTIVE
GHN_ADMIN_2025,2,1006287,1006287,,1000011,"Xã Song Lộc","[""xã song lộc"",""x.song lộc"",""x song lộc"",""song lộc"",""song loc"",""xa song loc"",""xasongloc"",""songloc""]",ACTIVE
GHN_ADMIN_2025,2,1006288,1006288,,1000011,"Xã An Trường","[""xã an trường"",""x.an trường"",""x an trường"",""an trường"",""an truong"",""xa an truong"",""xaantruong"",""antruong""]",ACTIVE
GHN_ADMIN_2025,2,1006289,1006289,,1000011,"Xã Bình Phú","[""xã bình phú"",""x.bình phú"",""x bình phú"",""bình phú"",""binh phu"",""xa binh phu"",""xabinhphu"",""binhphu""]",ACTIVE
GHN_ADMIN_2025,2,1006290,1006290,,1000011,"Xã Càng Long","[""xã càng long"",""x.càng long"",""x càng long"",""càng long"",""cang long"",""xa cang long"",""xacanglong"",""canglong""]",ACTIVE
GHN_ADMIN_2025,2,1006291,1006291,,1000011,"Xã Nhị Long","[""xã nhị long"",""x.nhị long"",""x nhị long"",""nhị long"",""nhi long"",""xa nhi long"",""xanhilong"",""nhilong""]",ACTIVE
GHN_ADMIN_2025,2,1006292,1006292,,1000011,"Xã Tân An","[""xã tân an"",""x.tân an"",""x tân an"",""tân an"",""tan an"",""xa tan an"",""xatanan"",""tanan""]",ACTIVE
GHN_ADMIN_2025,2,1006293,1006293,,1000011,"Xã An Phú Tân","[""xã an phú tân"",""x.an phú tân"",""x an phú tân"",""an phú tân"",""an phu tan"",""xa an phu tan"",""xaanphutan"",""anphutan""]",ACTIVE
GHN_ADMIN_2025,2,1006294,1006294,,1000011,"Xã Cầu Kè","[""xã cầu kè"",""x.cầu kè"",""x cầu kè"",""cầu kè"",""cau ke"",""xa cau ke"",""xacauke"",""cauke""]",ACTIVE
GHN_ADMIN_2025,2,1006295,1006295,,1000011,"Xã Phong Thạnh","[""xã phong thạnh"",""x.phong thạnh"",""x phong thạnh"",""phong thạnh"",""phong thanh"",""xa phong thanh"",""xaphongthanh"",""phongthanh""]",ACTIVE
GHN_ADMIN_2025,2,1006296,1006296,,1000011,"Xã Tam Ngãi","[""xã tam ngãi"",""x.tam ngãi"",""x tam ngãi"",""tam ngãi"",""tam ngai"",""xa tam ngai"",""xatamngai"",""tamngai""]",ACTIVE
GHN_ADMIN_2025,2,1006297,1006297,,1000011,"Xã Cầu Ngang","[""xã cầu ngang"",""x.cầu ngang"",""x cầu ngang"",""cầu ngang"",""cau ngang"",""xa cau ngang"",""xacaungang"",""caungang""]",ACTIVE
GHN_ADMIN_2025,2,1006298,1006298,,1000011,"Xã Hiệp Mỹ","[""xã hiệp mỹ"",""x.hiệp mỹ"",""x hiệp mỹ"",""hiệp mỹ"",""hiep my"",""xa hiep my"",""xahiepmy"",""hiepmy""]",ACTIVE
GHN_ADMIN_2025,2,1006299,1006299,,1000011,"Xã Mỹ Long","[""xã mỹ long"",""x.mỹ long"",""x mỹ long"",""mỹ long"",""my long"",""xa my long"",""xamylong"",""mylong""]",ACTIVE
GHN_ADMIN_2025,2,1006300,1006300,,1000011,"Xã Ngũ Lạc","[""xã ngũ lạc"",""x.ngũ lạc"",""x ngũ lạc"",""ngũ lạc"",""ngu lac"",""xa ngu lac"",""xangulac"",""ngulac""]",ACTIVE
GHN_ADMIN_2025,2,1006301,1006301,,1000011,"Xã Nhị Trường","[""xã nhị trường"",""x.nhị trường"",""x nhị trường"",""nhị trường"",""nhi truong"",""xa nhi truong"",""xanhitruong"",""nhitruong""]",ACTIVE
GHN_ADMIN_2025,2,1006302,1006302,,1000011,"Xã Vinh Kim","[""xã vinh kim"",""x.vinh kim"",""x vinh kim"",""vinh kim"",""xa vinh kim"",""xavinhkim"",""vinhkim""]",ACTIVE
GHN_ADMIN_2025,2,1006303,1006303,,1000011,"Xã Long Thành","[""xã long thành"",""x.long thành"",""x long thành"",""long thành"",""long thanh"",""xa long thanh"",""xalongthanh"",""longthanh""]",ACTIVE
GHN_ADMIN_2025,2,1006304,1006304,,1000011,"Xã Long Vĩnh","[""xã long vĩnh"",""x.long vĩnh"",""x long vĩnh"",""long vĩnh"",""long vinh"",""xa long vinh"",""xalongvinh"",""longvinh""]",ACTIVE
GHN_ADMIN_2025,2,1006305,1006305,,1000011,"Xã Đôn Châu","[""xã đôn châu"",""x.đôn châu"",""x đôn châu"",""đôn châu"",""don chau"",""xa don chau"",""xadonchau"",""donchau""]",ACTIVE
GHN_ADMIN_2025,2,1006306,1006306,,1000011,"Xã Đông Hải","[""xã đông hải"",""x.đông hải"",""x đông hải"",""đông hải"",""dong hai"",""xa dong hai"",""xadonghai"",""donghai""]",ACTIVE
GHN_ADMIN_2025,2,1006307,1006307,,1000011,"Xã Hùng Hòa","[""xã hùng hòa"",""x.hùng hòa"",""x hùng hòa"",""hùng hòa"",""hung hoa"",""xa hung hoa"",""xahunghoa"",""hunghoa""]",ACTIVE
GHN_ADMIN_2025,2,1006308,1006308,,1000011,"Xã Tiểu Cần","[""xã tiểu cần"",""x.tiểu cần"",""x tiểu cần"",""tiểu cần"",""tieu can"",""xa tieu can"",""xatieucan"",""tieucan""]",ACTIVE
GHN_ADMIN_2025,2,1006309,1006309,,1000011,"Xã Tân Hòa","[""xã tân hòa"",""x.tân hòa"",""x tân hòa"",""tân hòa"",""tan hoa"",""xa tan hoa"",""xatanhoa"",""tanhoa""]",ACTIVE
GHN_ADMIN_2025,2,1006310,1006310,,1000011,"Xã Tập Ngãi","[""xã tập ngãi"",""x.tập ngãi"",""x tập ngãi"",""tập ngãi"",""tap ngai"",""xa tap ngai"",""xatapngai"",""tapngai""]",ACTIVE
GHN_ADMIN_2025,2,1006311,1006311,,1000011,"Xã Hàm Giang","[""xã hàm giang"",""x.hàm giang"",""x hàm giang"",""hàm giang"",""ham giang"",""xa ham giang"",""xahamgiang"",""hamgiang""]",ACTIVE
GHN_ADMIN_2025,2,1006312,1006312,,1000011,"Xã Long Hiệp","[""xã long hiệp"",""x.long hiệp"",""x long hiệp"",""long hiệp"",""long hiep"",""xa long hiep"",""xalonghiep"",""longhiep""]",ACTIVE
GHN_ADMIN_2025,2,1006313,1006313,,1000011,"Xã Lưu Nghiệp Anh","[""xã lưu nghiệp anh"",""x.lưu nghiệp anh"",""x lưu nghiệp anh"",""lưu nghiệp anh"",""luu nghiep anh"",""xa luu nghiep anh"",""xaluunghiepanh"",""luunghiepanh""]",ACTIVE
GHN_ADMIN_2025,2,1006314,1006314,,1000011,"Xã Trà Cú","[""xã trà cú"",""x.trà cú"",""x trà cú"",""trà cú"",""tra cu"",""xa tra cu"",""xatracu"",""tracu""]",ACTIVE
GHN_ADMIN_2025,2,1006315,1006315,,1000011,"Xã Tập Sơn","[""xã tập sơn"",""x.tập sơn"",""x tập sơn"",""tập sơn"",""tap son"",""xa tap son"",""xatapson"",""tapson""]",ACTIVE
GHN_ADMIN_2025,2,1006316,1006316,,1000011,"Xã Đại An","[""xã đại an"",""x.đại an"",""x đại an"",""đại an"",""dai an"",""xa dai an"",""xadaian"",""daian""]",ACTIVE
GHN_ADMIN_2025,2,1006317,1006317,,1000011,"Phường Hòa Thuận","[""phường hòa thuận"",""p.hòa thuận"",""p hòa thuận"",""hòa thuận"",""hoa thuan"",""phuong hoa thuan"",""phuonghoathuan"",""hoathuan""]",ACTIVE
GHN_ADMIN_2025,2,1006318,1006318,,1000011,"Phường Long Đức","[""phường long đức"",""p.long đức"",""p long đức"",""long đức"",""long duc"",""phuong long duc"",""phuonglongduc"",""longduc""]",ACTIVE
GHN_ADMIN_2025,2,1006319,1006319,,1000011,"Phường Nguyệt Hóa","[""phường nguyệt hóa"",""p.nguyệt hóa"",""p nguyệt hóa"",""nguyệt hóa"",""nguyet hoa"",""phuong nguyet hoa"",""phuongnguyethoa"",""nguyethoa""]",ACTIVE
GHN_ADMIN_2025,2,1006320,1006320,,1000011,"Phường Trà Vinh","[""phường trà vinh"",""p.trà vinh"",""p trà vinh"",""trà vinh"",""tra vinh"",""phuong tra vinh"",""phuongtravinh"",""travinh""]",ACTIVE
GHN_ADMIN_2025,2,1006321,1006321,,1000011,"Phường Duyên Hải","[""phường duyên hải"",""p.duyên hải"",""p duyên hải"",""duyên hải"",""duyen hai"",""phuong duyen hai"",""phuongduyenhai"",""duyenhai""]",ACTIVE
GHN_ADMIN_2025,2,1006322,1006322,,1000011,"Phường Trường Long Hòa","[""phường trường long hòa"",""p.trường long hòa"",""p trường long hòa"",""trường long hòa"",""truong long hoa"",""phuong truong long hoa"",""phuongtruonglonghoa"",""truonglonghoa""]",ACTIVE
GHN_ADMIN_2025,2,1006323,1006323,,1000011,"Xã Long Hữu","[""xã long hữu"",""x.long hữu"",""x long hữu"",""long hữu"",""long huu"",""xa long huu"",""xalonghuu"",""longhuu""]",ACTIVE
GHN_ADMIN_2025,2,1006324,1006324,,1000011,"Xã An Hiệp","[""xã an hiệp"",""x.an hiệp"",""x an hiệp"",""an hiệp"",""an hiep"",""xa an hiep"",""xaanhiep"",""anhiep""]",ACTIVE
GHN_ADMIN_2025,2,1006325,1006325,,1000011,"Xã An Ngãi Trung","[""xã an ngãi trung"",""x.an ngãi trung"",""x an ngãi trung"",""an ngãi trung"",""an ngai trung"",""xa an ngai trung"",""xaanngaitrung"",""anngaitrung""]",ACTIVE
GHN_ADMIN_2025,2,1006326,1006326,,1000011,"Xã Ba Tri","[""xã ba tri"",""x.ba tri"",""x ba tri"",""ba tri"",""xa ba tri"",""xabatri"",""batri""]",ACTIVE
GHN_ADMIN_2025,2,1006327,1006327,,1000011,"Xã Bảo Thạnh","[""xã bảo thạnh"",""x.bảo thạnh"",""x bảo thạnh"",""bảo thạnh"",""bao thanh"",""xa bao thanh"",""xabaothanh"",""baothanh""]",ACTIVE
GHN_ADMIN_2025,2,1006328,1006328,,1000011,"Xã Mỹ Chánh Hòa","[""xã mỹ chánh hòa"",""x.mỹ chánh hòa"",""x mỹ chánh hòa"",""mỹ chánh hòa"",""my chanh hoa"",""xa my chanh hoa"",""xamychanhhoa"",""mychanhhoa""]",ACTIVE
GHN_ADMIN_2025,2,1006329,1006329,,1000011,"Xã Tân Thủy","[""xã tân thủy"",""x.tân thủy"",""x tân thủy"",""tân thủy"",""tan thuy"",""xa tan thuy"",""xatanthuy"",""tanthuy""]",ACTIVE
GHN_ADMIN_2025,2,1006330,1006330,,1000011,"Xã Tân Xuân","[""xã tân xuân"",""x.tân xuân"",""x tân xuân"",""tân xuân"",""tan xuan"",""xa tan xuan"",""xatanxuan"",""tanxuan""]",ACTIVE
GHN_ADMIN_2025,2,1006331,1006331,,1000011,"Xã Bình Đại","[""xã bình đại"",""x.bình đại"",""x bình đại"",""bình đại"",""binh dai"",""xa binh dai"",""xabinhdai"",""binhdai""]",ACTIVE
GHN_ADMIN_2025,2,1006332,1006332,,1000011,"Xã Châu Hưng","[""xã châu hưng"",""x.châu hưng"",""x châu hưng"",""châu hưng"",""chau hung"",""xa chau hung"",""xachauhung"",""chauhung""]",ACTIVE
GHN_ADMIN_2025,2,1006333,1006333,,1000011,"Xã Lộc Thuận","[""xã lộc thuận"",""x.lộc thuận"",""x lộc thuận"",""lộc thuận"",""loc thuan"",""xa loc thuan"",""xalocthuan"",""locthuan""]",ACTIVE
GHN_ADMIN_2025,2,1006334,1006334,,1000011,"Xã Phú Thuận","[""xã phú thuận"",""x.phú thuận"",""x phú thuận"",""phú thuận"",""phu thuan"",""xa phu thuan"",""xaphuthuan"",""phuthuan""]",ACTIVE
GHN_ADMIN_2025,2,1006335,1006335,,1000011,"Xã Thạnh Phước","[""xã thạnh phước"",""x.thạnh phước"",""x thạnh phước"",""thạnh phước"",""thanh phuoc"",""xa thanh phuoc"",""xathanhphuoc"",""thanhphuoc""]",ACTIVE
GHN_ADMIN_2025,2,1006336,1006336,,1000011,"Xã Thạnh Trị","[""xã thạnh trị"",""x.thạnh trị"",""x thạnh trị"",""thạnh trị"",""thanh tri"",""xa thanh tri"",""xathanhtri"",""thanhtri""]",ACTIVE
GHN_ADMIN_2025,2,1006337,1006337,,1000011,"Xã Thới Thuận","[""xã thới thuận"",""x.thới thuận"",""x thới thuận"",""thới thuận"",""thoi thuan"",""xa thoi thuan"",""xathoithuan"",""thoithuan""]",ACTIVE
GHN_ADMIN_2025,2,1006338,1006338,,1000011,"Phường Phú Tân","[""phường phú tân"",""p.phú tân"",""p phú tân"",""phú tân"",""phu tan"",""phuong phu tan"",""phuongphutan"",""phutan""]",ACTIVE
GHN_ADMIN_2025,2,1006339,1006339,,1000011,"Xã Giao Long","[""xã giao long"",""x.giao long"",""x giao long"",""giao long"",""xa giao long"",""xagiaolong"",""giaolong""]",ACTIVE
GHN_ADMIN_2025,2,1006340,1006340,,1000011,"Xã Phú Túc","[""xã phú túc"",""x.phú túc"",""x phú túc"",""phú túc"",""phu tuc"",""xa phu tuc"",""xaphutuc"",""phutuc""]",ACTIVE
GHN_ADMIN_2025,2,1006341,1006341,,1000011,"Xã Tiên Thủy","[""xã tiên thủy"",""x.tiên thủy"",""x tiên thủy"",""tiên thủy"",""tien thuy"",""xa tien thuy"",""xatienthuy"",""tienthuy""]",ACTIVE
GHN_ADMIN_2025,2,1006342,1006342,,1000011,"Xã Tân Phú","[""xã tân phú"",""x.tân phú"",""x tân phú"",""tân phú"",""tan phu"",""xa tan phu"",""xatanphu"",""tanphu""]",ACTIVE
GHN_ADMIN_2025,2,1006343,1006343,,1000011,"Xã Chợ Lách","[""xã chợ lách"",""x.chợ lách"",""x chợ lách"",""chợ lách"",""cho lach"",""xa cho lach"",""xacholach"",""cholach""]",ACTIVE
GHN_ADMIN_2025,2,1006344,1006344,,1000011,"Xã Hưng Khánh Trung","[""xã hưng khánh trung"",""x.hưng khánh trung"",""x hưng khánh trung"",""hưng khánh trung"",""hung khanh trung"",""xa hung khanh trung"",""xahungkhanhtrung"",""hungkhanhtrung""]",ACTIVE
GHN_ADMIN_2025,2,1006345,1006345,,1000011,"Xã Phú Phụng","[""xã phú phụng"",""x.phú phụng"",""x phú phụng"",""phú phụng"",""phu phung"",""xa phu phung"",""xaphuphung"",""phuphung""]",ACTIVE
GHN_ADMIN_2025,2,1006346,1006346,,1000011,"Xã Vĩnh Thành","[""xã vĩnh thành"",""x.vĩnh thành"",""x vĩnh thành"",""vĩnh thành"",""vinh thanh"",""xa vinh thanh"",""xavinhthanh"",""vinhthanh""]",ACTIVE
GHN_ADMIN_2025,2,1006347,1006347,,1000011,"Xã Châu Hòa","[""xã châu hòa"",""x.châu hòa"",""x châu hòa"",""châu hòa"",""chau hoa"",""xa chau hoa"",""xachauhoa"",""chauhoa""]",ACTIVE
GHN_ADMIN_2025,2,1006348,1006348,,1000011,"Xã Giồng Trôm","[""xã giồng trôm"",""x.giồng trôm"",""x giồng trôm"",""giồng trôm"",""giong trom"",""xa giong trom"",""xagiongtrom"",""giongtrom""]",ACTIVE
GHN_ADMIN_2025,2,1006349,1006349,,1000011,"Xã Hưng Nhượng","[""xã hưng nhượng"",""x.hưng nhượng"",""x hưng nhượng"",""hưng nhượng"",""hung nhuong"",""xa hung nhuong"",""xahungnhuong"",""hungnhuong""]",ACTIVE
GHN_ADMIN_2025,2,1006350,1006350,,1000011,"Xã Lương Hòa","[""xã lương hòa"",""x.lương hòa"",""x lương hòa"",""lương hòa"",""luong hoa"",""xa luong hoa"",""xaluonghoa"",""luonghoa""]",ACTIVE
GHN_ADMIN_2025,2,1006351,1006351,,1000011,"Xã Lương Phú","[""xã lương phú"",""x.lương phú"",""x lương phú"",""lương phú"",""luong phu"",""xa luong phu"",""xaluongphu"",""luongphu""]",ACTIVE
GHN_ADMIN_2025,2,1006352,1006352,,1000011,"Xã Phước Long","[""xã phước long"",""x.phước long"",""x phước long"",""phước long"",""phuoc long"",""xa phuoc long"",""xaphuoclong"",""phuoclong""]",ACTIVE
GHN_ADMIN_2025,2,1006353,1006353,,1000011,"Xã Tân Hào","[""xã tân hào"",""x.tân hào"",""x tân hào"",""tân hào"",""tan hao"",""xa tan hao"",""xatanhao"",""tanhao""]",ACTIVE
GHN_ADMIN_2025,2,1006354,1006354,,1000011,"Xã Nhuận Phú Tân","[""xã nhuận phú tân"",""x.nhuận phú tân"",""x nhuận phú tân"",""nhuận phú tân"",""nhuan phu tan"",""xa nhuan phu tan"",""xanhuanphutan"",""nhuanphutan""]",ACTIVE
GHN_ADMIN_2025,2,1006355,1006355,,1000011,"Xã Phước Mỹ Trung","[""xã phước mỹ trung"",""x.phước mỹ trung"",""x phước mỹ trung"",""phước mỹ trung"",""phuoc my trung"",""xa phuoc my trung"",""xaphuocmytrung"",""phuocmytrung""]",ACTIVE
GHN_ADMIN_2025,2,1006356,1006356,,1000011,"Xã Tân Thành Bình","[""xã tân thành bình"",""x.tân thành bình"",""x tân thành bình"",""tân thành bình"",""tan thanh binh"",""xa tan thanh binh"",""xatanthanhbinh"",""tanthanhbinh""]",ACTIVE
GHN_ADMIN_2025,2,1006357,1006357,,1000011,"Xã An Định","[""xã an định"",""x.an định"",""x an định"",""an định"",""an dinh"",""xa an dinh"",""xaandinh"",""andinh""]",ACTIVE
GHN_ADMIN_2025,2,1006358,1006358,,1000011,"Xã Hương Mỹ","[""xã hương mỹ"",""x.hương mỹ"",""x hương mỹ"",""hương mỹ"",""huong my"",""xa huong my"",""xahuongmy"",""huongmy""]",ACTIVE
GHN_ADMIN_2025,2,1006359,1006359,,1000011,"Xã Mỏ Cày","[""xã mỏ cày"",""x.mỏ cày"",""x mỏ cày"",""mỏ cày"",""mo cay"",""xa mo cay"",""xamocay"",""mocay""]",ACTIVE
GHN_ADMIN_2025,2,1006360,1006360,,1000011,"Xã Thành Thới","[""xã thành thới"",""x.thành thới"",""x thành thới"",""thành thới"",""thanh thoi"",""xa thanh thoi"",""xathanhthoi"",""thanhthoi""]",ACTIVE
GHN_ADMIN_2025,2,1006361,1006361,,1000011,"Xã Đồng Khởi","[""xã đồng khởi"",""x.đồng khởi"",""x đồng khởi"",""đồng khởi"",""dong khoi"",""xa dong khoi"",""xadongkhoi"",""dongkhoi""]",ACTIVE
GHN_ADMIN_2025,2,1006362,1006362,,1000011,"Xã An Qui","[""xã an qui"",""x.an qui"",""x an qui"",""an qui"",""xa an qui"",""xaanqui"",""anqui""]",ACTIVE
GHN_ADMIN_2025,2,1006363,1006363,,1000011,"Xã Quới Điền","[""xã quới điền"",""x.quới điền"",""x quới điền"",""quới điền"",""quoi dien"",""xa quoi dien"",""xaquoidien"",""quoidien""]",ACTIVE
GHN_ADMIN_2025,2,1006364,1006364,,1000011,"Xã Thạnh Hải","[""xã thạnh hải"",""x.thạnh hải"",""x thạnh hải"",""thạnh hải"",""thanh hai"",""xa thanh hai"",""xathanhhai"",""thanhhai""]",ACTIVE
GHN_ADMIN_2025,2,1006365,1006365,,1000011,"Xã Thạnh Phong","[""xã thạnh phong"",""x.thạnh phong"",""x thạnh phong"",""thạnh phong"",""thanh phong"",""xa thanh phong"",""xathanhphong"",""thanhphong""]",ACTIVE
GHN_ADMIN_2025,2,1006366,1006366,,1000011,"Xã Thạnh Phú","[""xã thạnh phú"",""x.thạnh phú"",""x thạnh phú"",""thạnh phú"",""thanh phu"",""xa thanh phu"",""xathanhphu"",""thanhphu""]",ACTIVE
GHN_ADMIN_2025,2,1006367,1006367,,1000011,"Xã Đại Điền","[""xã đại điền"",""x.đại điền"",""x đại điền"",""đại điền"",""dai dien"",""xa dai dien"",""xadaidien"",""daidien""]",ACTIVE
GHN_ADMIN_2025,2,1006368,1006368,,1000011,"Phường An Hội","[""phường an hội"",""p.an hội"",""p an hội"",""an hội"",""an hoi"",""phuong an hoi"",""phuonganhoi"",""anhoi""]",ACTIVE
GHN_ADMIN_2025,2,1006369,1006369,,1000011,"Phường Bến Tre","[""phường bến tre"",""p.bến tre"",""p bến tre"",""bến tre"",""ben tre"",""phuong ben tre"",""phuongbentre"",""bentre""]",ACTIVE
GHN_ADMIN_2025,2,1006370,1006370,,1000011,"Phường Phú Khương","[""phường phú khương"",""p.phú khương"",""p phú khương"",""phú khương"",""phu khuong"",""phuong phu khuong"",""phuongphukhuong"",""phukhuong""]",ACTIVE
GHN_ADMIN_2025,2,1006371,1006371,,1000011,"Phường Sơn Đông","[""phường sơn đông"",""p.sơn đông"",""p sơn đông"",""sơn đông"",""son dong"",""phuong son dong"",""phuongsondong"",""sondong""]",ACTIVE
GHN_ADMIN_2025,2,1006372,1006372,,1000011,"Xã Mỹ Thuận","[""xã mỹ thuận"",""x.mỹ thuận"",""x mỹ thuận"",""mỹ thuận"",""my thuan"",""xa my thuan"",""xamythuan"",""mythuan""]",ACTIVE
GHN_ADMIN_2025,2,1006373,1006373,,1000011,"Xã Tân Lược","[""xã tân lược"",""x.tân lược"",""x tân lược"",""tân lược"",""tan luoc"",""xa tan luoc"",""xatanluoc"",""tanluoc""]",ACTIVE
GHN_ADMIN_2025,2,1006374,1006374,,1000011,"Xã Tân Quới","[""xã tân quới"",""x.tân quới"",""x tân quới"",""tân quới"",""tan quoi"",""xa tan quoi"",""xatanquoi"",""tanquoi""]",ACTIVE
GHN_ADMIN_2025,2,1006375,1006375,,1000011,"Xã An Bình","[""xã an bình"",""x.an bình"",""x an bình"",""an bình"",""an binh"",""xa an binh"",""xaanbinh"",""anbinh""]",ACTIVE
GHN_ADMIN_2025,2,1006376,1006376,,1000011,"Xã Long Hồ","[""xã long hồ"",""x.long hồ"",""x long hồ"",""long hồ"",""long ho"",""xa long ho"",""xalongho"",""longho""]",ACTIVE
GHN_ADMIN_2025,2,1006377,1006377,,1000011,"Xã Phú Quới","[""xã phú quới"",""x.phú quới"",""x phú quới"",""phú quới"",""phu quoi"",""xa phu quoi"",""xaphuquoi"",""phuquoi""]",ACTIVE
GHN_ADMIN_2025,2,1006378,1006378,,1000011,"Xã Bình Phước","[""xã bình phước"",""x.bình phước"",""x bình phước"",""bình phước"",""binh phuoc"",""xa binh phuoc"",""xabinhphuoc"",""binhphuoc""]",ACTIVE
GHN_ADMIN_2025,2,1006379,1006379,,1000011,"Xã Cái Nhum","[""xã cái nhum"",""x.cái nhum"",""x cái nhum"",""cái nhum"",""cai nhum"",""xa cai nhum"",""xacainhum"",""cainhum""]",ACTIVE
GHN_ADMIN_2025,2,1006380,1006380,,1000011,"Xã Nhơn Phú","[""xã nhơn phú"",""x.nhơn phú"",""x nhơn phú"",""nhơn phú"",""nhon phu"",""xa nhon phu"",""xanhonphu"",""nhonphu""]",ACTIVE
GHN_ADMIN_2025,2,1006381,1006381,,1000011,"Xã Tân Long Hội","[""xã tân long hội"",""x.tân long hội"",""x tân long hội"",""tân long hội"",""tan long hoi"",""xa tan long hoi"",""xatanlonghoi"",""tanlonghoi""]",ACTIVE
GHN_ADMIN_2025,2,1006382,1006382,,1000011,"Xã Cái Ngang","[""xã cái ngang"",""x.cái ngang"",""x cái ngang"",""cái ngang"",""cai ngang"",""xa cai ngang"",""xacaingang"",""caingang""]",ACTIVE
GHN_ADMIN_2025,2,1006383,1006383,,1000011,"Xã Hòa Hiệp","[""xã hòa hiệp"",""x.hòa hiệp"",""x hòa hiệp"",""hòa hiệp"",""hoa hiep"",""xa hoa hiep"",""xahoahiep"",""hoahiep""]",ACTIVE
GHN_ADMIN_2025,2,1006384,1006384,,1000011,"Xã Ngãi Tứ","[""xã ngãi tứ"",""x.ngãi tứ"",""x ngãi tứ"",""ngãi tứ"",""ngai tu"",""xa ngai tu"",""xangaitu"",""ngaitu""]",ACTIVE
GHN_ADMIN_2025,2,1006385,1006385,,1000011,"Xã Song Phú","[""xã song phú"",""x.song phú"",""x song phú"",""song phú"",""song phu"",""xa song phu"",""xasongphu"",""songphu""]",ACTIVE
GHN_ADMIN_2025,2,1006386,1006386,,1000011,"Xã Tam Bình","[""xã tam bình"",""x.tam bình"",""x tam bình"",""tam bình"",""tam binh"",""xa tam binh"",""xatambinh"",""tambinh""]",ACTIVE
GHN_ADMIN_2025,2,1006387,1006387,,1000011,"Xã Hòa Bình","[""xã hòa bình"",""x.hòa bình"",""x hòa bình"",""hòa bình"",""hoa binh"",""xa hoa binh"",""xahoabinh"",""hoabinh""]",ACTIVE
GHN_ADMIN_2025,2,1006388,1006388,,1000011,"Xã Lục Sỹ Thành","[""xã lục sỹ thành"",""x.lục sỹ thành"",""x lục sỹ thành"",""lục sỹ thành"",""luc sy thanh"",""xa luc sy thanh"",""xalucsythanh"",""lucsythanh""]",ACTIVE
GHN_ADMIN_2025,2,1006389,1006389,,1000011,"Xã Trà Côn","[""xã trà côn"",""x.trà côn"",""x trà côn"",""trà côn"",""tra con"",""xa tra con"",""xatracon"",""tracon""]",ACTIVE
GHN_ADMIN_2025,2,1006390,1006390,,1000011,"Xã Trà Ôn","[""xã trà ôn"",""x.trà ôn"",""x trà ôn"",""trà ôn"",""tra on"",""xa tra on"",""xatraon"",""traon""]",ACTIVE
GHN_ADMIN_2025,2,1006391,1006391,,1000011,"Xã Vĩnh Xuân","[""xã vĩnh xuân"",""x.vĩnh xuân"",""x vĩnh xuân"",""vĩnh xuân"",""vinh xuan"",""xa vinh xuan"",""xavinhxuan"",""vinhxuan""]",ACTIVE
GHN_ADMIN_2025,2,1006392,1006392,,1000011,"Xã Hiếu Phụng","[""xã hiếu phụng"",""x.hiếu phụng"",""x hiếu phụng"",""hiếu phụng"",""hieu phung"",""xa hieu phung"",""xahieuphung"",""hieuphung""]",ACTIVE
GHN_ADMIN_2025,2,1006393,1006393,,1000011,"Xã Hiếu Thành","[""xã hiếu thành"",""x.hiếu thành"",""x hiếu thành"",""hiếu thành"",""hieu thanh"",""xa hieu thanh"",""xahieuthanh"",""hieuthanh""]",ACTIVE
GHN_ADMIN_2025,2,1006394,1006394,,1000011,"Xã Quới An","[""xã quới an"",""x.quới an"",""x quới an"",""quới an"",""quoi an"",""xa quoi an"",""xaquoian"",""quoian""]",ACTIVE
GHN_ADMIN_2025,2,1006395,1006395,,1000011,"Xã Quới Thiện","[""xã quới thiện"",""x.quới thiện"",""x quới thiện"",""quới thiện"",""quoi thien"",""xa quoi thien"",""xaquoithien"",""quoithien""]",ACTIVE
GHN_ADMIN_2025,2,1006396,1006396,,1000011,"Xã Trung Hiệp","[""xã trung hiệp"",""x.trung hiệp"",""x trung hiệp"",""trung hiệp"",""trung hiep"",""xa trung hiep"",""xatrunghiep"",""trunghiep""]",ACTIVE
GHN_ADMIN_2025,2,1006397,1006397,,1000011,"Xã Trung Ngãi","[""xã trung ngãi"",""x.trung ngãi"",""x trung ngãi"",""trung ngãi"",""trung ngai"",""xa trung ngai"",""xatrungngai"",""trungngai""]",ACTIVE
GHN_ADMIN_2025,2,1006398,1006398,,1000011,"Xã Trung Thành","[""xã trung thành"",""x.trung thành"",""x trung thành"",""trung thành"",""trung thanh"",""xa trung thanh"",""xatrungthanh"",""trungthanh""]",ACTIVE
GHN_ADMIN_2025,2,1006399,1006399,,1000011,"Phường Long Châu","[""phường long châu"",""p.long châu"",""p long châu"",""long châu"",""long chau"",""phuong long chau"",""phuonglongchau"",""longchau""]",ACTIVE
GHN_ADMIN_2025,2,1006400,1006400,,1000011,"Phường Phước Hậu","[""phường phước hậu"",""p.phước hậu"",""p phước hậu"",""phước hậu"",""phuoc hau"",""phuong phuoc hau"",""phuongphuochau"",""phuochau""]",ACTIVE
GHN_ADMIN_2025,2,1006401,1006401,,1000011,"Phường Thanh Đức","[""phường thanh đức"",""p.thanh đức"",""p thanh đức"",""thanh đức"",""thanh duc"",""phuong thanh duc"",""phuongthanhduc"",""thanhduc""]",ACTIVE
GHN_ADMIN_2025,2,1006402,1006402,,1000011,"Phường Tân Hạnh","[""phường tân hạnh"",""p.tân hạnh"",""p tân hạnh"",""tân hạnh"",""tan hanh"",""phuong tan hanh"",""phuongtanhanh"",""tanhanh""]",ACTIVE
GHN_ADMIN_2025,2,1006403,1006403,,1000011,"Phường Tân Ngãi","[""phường tân ngãi"",""p.tân ngãi"",""p tân ngãi"",""tân ngãi"",""tan ngai"",""phuong tan ngai"",""phuongtanngai"",""tanngai""]",ACTIVE
GHN_ADMIN_2025,2,1006404,1006404,,1000011,"Phường Bình Minh","[""phường bình minh"",""p.bình minh"",""p bình minh"",""bình minh"",""binh minh"",""phuong binh minh"",""phuongbinhminh"",""binhminh""]",ACTIVE
GHN_ADMIN_2025,2,1006405,1006405,,1000011,"Phường Cái Vồn","[""phường cái vồn"",""p.cái vồn"",""p cái vồn"",""cái vồn"",""cai von"",""phuong cai von"",""phuongcaivon"",""caivon""]",ACTIVE
GHN_ADMIN_2025,2,1006406,1006406,,1000011,"Phường Đông Thành","[""phường đông thành"",""p.đông thành"",""p đông thành"",""đông thành"",""dong thanh"",""phuong dong thanh"",""phuongdongthanh"",""dongthanh""]",ACTIVE
GHN_ADMIN_2025,2,1006407,1006407,,1000012,"Xã Ba Sao","[""xã ba sao"",""x.ba sao"",""x ba sao"",""ba sao"",""xa ba sao"",""xabasao"",""basao""]",ACTIVE
GHN_ADMIN_2025,2,1006408,1006408,,1000012,"Xã Bình Hàng Trung","[""xã bình hàng trung"",""x.bình hàng trung"",""x bình hàng trung"",""bình hàng trung"",""binh hang trung"",""xa binh hang trung"",""xabinhhangtrung"",""binhhangtrung""]",ACTIVE
GHN_ADMIN_2025,2,1006409,1006409,,1000012,"Xã Mỹ Hiệp","[""xã mỹ hiệp"",""x.mỹ hiệp"",""x mỹ hiệp"",""mỹ hiệp"",""my hiep"",""xa my hiep"",""xamyhiep"",""myhiep""]",ACTIVE
GHN_ADMIN_2025,2,1006410,1006410,,1000012,"Xã Mỹ Thọ","[""xã mỹ thọ"",""x.mỹ thọ"",""x mỹ thọ"",""mỹ thọ"",""my tho"",""xa my tho"",""xamytho"",""mytho""]",ACTIVE
GHN_ADMIN_2025,2,1006411,1006411,,1000012,"Xã Phong Mỹ","[""xã phong mỹ"",""x.phong mỹ"",""x phong mỹ"",""phong mỹ"",""phong my"",""xa phong my"",""xaphongmy"",""phongmy""]",ACTIVE
GHN_ADMIN_2025,2,1006412,1006412,,1000012,"Xã Phương Thịnh","[""xã phương thịnh"",""x.phương thịnh"",""x phương thịnh"",""phương thịnh"",""phuong thinh"",""xa phuong thinh"",""xaphuongthinh"",""phuongthinh""]",ACTIVE
GHN_ADMIN_2025,2,1006413,1006413,,1000012,"Xã Phú Hựu","[""xã phú hựu"",""x.phú hựu"",""x phú hựu"",""phú hựu"",""phu huu"",""xa phu huu"",""xaphuhuu"",""phuhuu""]",ACTIVE
GHN_ADMIN_2025,2,1006414,1006414,,1000012,"Xã Tân Nhuận Đông","[""xã tân nhuận đông"",""x.tân nhuận đông"",""x tân nhuận đông"",""tân nhuận đông"",""tan nhuan dong"",""xa tan nhuan dong"",""xatannhuandong"",""tannhuandong""]",ACTIVE
GHN_ADMIN_2025,2,1006415,1006415,,1000012,"Xã Tân Phú Trung","[""xã tân phú trung"",""x.tân phú trung"",""x tân phú trung"",""tân phú trung"",""tan phu trung"",""xa tan phu trung"",""xatanphutrung"",""tanphutrung""]",ACTIVE
GHN_ADMIN_2025,2,1006416,1006416,,1000012,"Xã Long Khánh","[""xã long khánh"",""x.long khánh"",""x long khánh"",""long khánh"",""long khanh"",""xa long khanh"",""xalongkhanh"",""longkhanh""]",ACTIVE
GHN_ADMIN_2025,2,1006417,1006417,,1000012,"Xã Long Phú Thuận","[""xã long phú thuận"",""x.long phú thuận"",""x long phú thuận"",""long phú thuận"",""long phu thuan"",""xa long phu thuan"",""xalongphuthuan"",""longphuthuan""]",ACTIVE
GHN_ADMIN_2025,2,1006418,1006418,,1000012,"Xã Thường Phước","[""xã thường phước"",""x.thường phước"",""x thường phước"",""thường phước"",""thuong phuoc"",""xa thuong phuoc"",""xathuongphuoc"",""thuongphuoc""]",ACTIVE
GHN_ADMIN_2025,2,1006419,1006419,,1000012,"Xã Hòa Long","[""xã hòa long"",""x.hòa long"",""x hòa long"",""hòa long"",""hoa long"",""xa hoa long"",""xahoalong"",""hoalong""]",ACTIVE
GHN_ADMIN_2025,2,1006420,1006420,,1000012,"Xã Phong Hòa","[""xã phong hòa"",""x.phong hòa"",""x phong hòa"",""phong hòa"",""phong hoa"",""xa phong hoa"",""xaphonghoa"",""phonghoa""]",ACTIVE
GHN_ADMIN_2025,2,1006421,1006421,,1000012,"Xã Tân Dương","[""xã tân dương"",""x.tân dương"",""x tân dương"",""tân dương"",""tan duong"",""xa tan duong"",""xatanduong"",""tanduong""]",ACTIVE
GHN_ADMIN_2025,2,1006422,1006422,,1000012,"Xã Lai Vung","[""xã lai vung"",""x.lai vung"",""x lai vung"",""lai vung"",""xa lai vung"",""xalaivung"",""laivung""]",ACTIVE
GHN_ADMIN_2025,2,1006423,1006423,,1000012,"Xã Lấp Vò","[""xã lấp vò"",""x.lấp vò"",""x lấp vò"",""lấp vò"",""lap vo"",""xa lap vo"",""xalapvo"",""lapvo""]",ACTIVE
GHN_ADMIN_2025,2,1006424,1006424,,1000012,"Xã Mỹ An Hưng","[""xã mỹ an hưng"",""x.mỹ an hưng"",""x mỹ an hưng"",""mỹ an hưng"",""my an hung"",""xa my an hung"",""xamyanhung"",""myanhung""]",ACTIVE
GHN_ADMIN_2025,2,1006425,1006425,,1000012,"Xã Tân Khánh Trung","[""xã tân khánh trung"",""x.tân khánh trung"",""x tân khánh trung"",""tân khánh trung"",""tan khanh trung"",""xa tan khanh trung"",""xatankhanhtrung"",""tankhanhtrung""]",ACTIVE
GHN_ADMIN_2025,2,1006426,1006426,,1000012,"Xã An Hòa","[""xã an hòa"",""x.an hòa"",""x an hòa"",""an hòa"",""an hoa"",""xa an hoa"",""xaanhoa"",""anhoa""]",ACTIVE
GHN_ADMIN_2025,2,1006427,1006427,,1000012,"Xã An Long","[""xã an long"",""x.an long"",""x an long"",""an long"",""xa an long"",""xaanlong"",""anlong""]",ACTIVE
GHN_ADMIN_2025,2,1006428,1006428,,1000012,"Xã Phú Cường","[""xã phú cường"",""x.phú cường"",""x phú cường"",""phú cường"",""phu cuong"",""xa phu cuong"",""xaphucuong"",""phucuong""]",ACTIVE
GHN_ADMIN_2025,2,1006429,1006429,,1000012,"Xã Phú Thọ","[""xã phú thọ"",""x.phú thọ"",""x phú thọ"",""phú thọ"",""phu tho"",""xa phu tho"",""xaphutho"",""phutho""]",ACTIVE
GHN_ADMIN_2025,2,1006430,1006430,,1000012,"Xã Tam Nông","[""xã tam nông"",""x.tam nông"",""x tam nông"",""tam nông"",""tam nong"",""xa tam nong"",""xatamnong"",""tamnong""]",ACTIVE
GHN_ADMIN_2025,2,1006431,1006431,,1000012,"Xã Tràm Chim","[""xã tràm chim"",""x.tràm chim"",""x tràm chim"",""tràm chim"",""tram chim"",""xa tram chim"",""xatramchim"",""tramchim""]",ACTIVE
GHN_ADMIN_2025,2,1006432,1006432,,1000012,"Xã Bình Thành","[""xã bình thành"",""x.bình thành"",""x bình thành"",""bình thành"",""binh thanh"",""xa binh thanh"",""xabinhthanh"",""binhthanh""]",ACTIVE
GHN_ADMIN_2025,2,1006433,1006433,,1000012,"Xã Thanh Bình","[""xã thanh bình"",""x.thanh bình"",""x thanh bình"",""thanh bình"",""thanh binh"",""xa thanh binh"",""xathanhbinh"",""thanhbinh""]",ACTIVE
GHN_ADMIN_2025,2,1006434,1006434,,1000012,"Xã Tân Long","[""xã tân long"",""x.tân long"",""x tân long"",""tân long"",""tan long"",""xa tan long"",""xatanlong"",""tanlong""]",ACTIVE
GHN_ADMIN_2025,2,1006435,1006435,,1000012,"Xã Tân Thạnh","[""xã tân thạnh"",""x.tân thạnh"",""x tân thạnh"",""tân thạnh"",""tan thanh"",""xa tan thanh"",""xatanthanh"",""tanthanh""]",ACTIVE
GHN_ADMIN_2025,2,1006436,1006436,,1000012,"Xã Mỹ Quí","[""xã mỹ quí"",""x.mỹ quí"",""x mỹ quí"",""mỹ quí"",""my qui"",""xa my qui"",""xamyqui"",""myqui""]",ACTIVE
GHN_ADMIN_2025,2,1006437,1006437,,1000012,"Xã Thanh Mỹ","[""xã thanh mỹ"",""x.thanh mỹ"",""x thanh mỹ"",""thanh mỹ"",""thanh my"",""xa thanh my"",""xathanhmy"",""thanhmy""]",ACTIVE
GHN_ADMIN_2025,2,1006438,1006438,,1000012,"Xã Tháp Mười","[""xã tháp mười"",""x.tháp mười"",""x tháp mười"",""tháp mười"",""thap muoi"",""xa thap muoi"",""xathapmuoi"",""thapmuoi""]",ACTIVE
GHN_ADMIN_2025,2,1006439,1006439,,1000012,"Xã Trường Xuân","[""xã trường xuân"",""x.trường xuân"",""x trường xuân"",""trường xuân"",""truong xuan"",""xa truong xuan"",""xatruongxuan"",""truongxuan""]",ACTIVE
GHN_ADMIN_2025,2,1006440,1006440,,1000012,"Xã Đốc Binh Kiều","[""xã đốc binh kiều"",""x.đốc binh kiều"",""x đốc binh kiều"",""đốc binh kiều"",""doc binh kieu"",""xa doc binh kieu"",""xadocbinhkieu"",""docbinhkieu""]",ACTIVE
GHN_ADMIN_2025,2,1006441,1006441,,1000012,"Xã An Phước","[""xã an phước"",""x.an phước"",""x an phước"",""an phước"",""an phuoc"",""xa an phuoc"",""xaanphuoc"",""anphuoc""]",ACTIVE
GHN_ADMIN_2025,2,1006442,1006442,,1000012,"Xã Tân Hồng","[""xã tân hồng"",""x.tân hồng"",""x tân hồng"",""tân hồng"",""tan hong"",""xa tan hong"",""xatanhong"",""tanhong""]",ACTIVE
GHN_ADMIN_2025,2,1006443,1006443,,1000012,"Xã Tân Hộ Cơ","[""xã tân hộ cơ"",""x.tân hộ cơ"",""x tân hộ cơ"",""tân hộ cơ"",""tan ho co"",""xa tan ho co"",""xatanhoco"",""tanhoco""]",ACTIVE
GHN_ADMIN_2025,2,1006444,1006444,,1000012,"Xã Tân Thành","[""xã tân thành"",""x.tân thành"",""x tân thành"",""tân thành"",""tan thanh"",""xa tan thanh"",""xatanthanh"",""tanthanh""]",ACTIVE
GHN_ADMIN_2025,2,1006445,1006445,,1000012,"Phường Cao Lãnh","[""phường cao lãnh"",""p.cao lãnh"",""p cao lãnh"",""cao lãnh"",""cao lanh"",""phuong cao lanh"",""phuongcaolanh"",""caolanh""]",ACTIVE
GHN_ADMIN_2025,2,1006446,1006446,,1000012,"Phường Mỹ Ngãi","[""phường mỹ ngãi"",""p.mỹ ngãi"",""p mỹ ngãi"",""mỹ ngãi"",""my ngai"",""phuong my ngai"",""phuongmyngai"",""myngai""]",ACTIVE
GHN_ADMIN_2025,2,1006447,1006447,,1000012,"Phường Mỹ Trà","[""phường mỹ trà"",""p.mỹ trà"",""p mỹ trà"",""mỹ trà"",""my tra"",""phuong my tra"",""phuongmytra"",""mytra""]",ACTIVE
GHN_ADMIN_2025,2,1006448,1006448,,1000012,"Phường An Bình","[""phường an bình"",""p.an bình"",""p an bình"",""an bình"",""an binh"",""phuong an binh"",""phuonganbinh"",""anbinh""]",ACTIVE
GHN_ADMIN_2025,2,1006449,1006449,,1000012,"Phường Hồng Ngự","[""phường hồng ngự"",""p.hồng ngự"",""p hồng ngự"",""hồng ngự"",""hong ngu"",""phuong hong ngu"",""phuonghongngu"",""hongngu""]",ACTIVE
GHN_ADMIN_2025,2,1006450,1006450,,1000012,"Phường Thường Lạc","[""phường thường lạc"",""p.thường lạc"",""p thường lạc"",""thường lạc"",""thuong lac"",""phuong thuong lac"",""phuongthuonglac"",""thuonglac""]",ACTIVE
GHN_ADMIN_2025,2,1006451,1006451,,1000012,"Phường Sa Đéc","[""phường sa đéc"",""p.sa đéc"",""p sa đéc"",""sa đéc"",""sa dec"",""phuong sa dec"",""phuongsadec"",""sadec""]",ACTIVE
GHN_ADMIN_2025,2,1006452,1006452,,1000012,"Xã Bình Phú","[""xã bình phú"",""x.bình phú"",""x bình phú"",""bình phú"",""binh phu"",""xa binh phu"",""xabinhphu"",""binhphu""]",ACTIVE
GHN_ADMIN_2025,2,1006453,1006453,,1000012,"Xã Hiệp Đức","[""xã hiệp đức"",""x.hiệp đức"",""x hiệp đức"",""hiệp đức"",""hiep duc"",""xa hiep duc"",""xahiepduc"",""hiepduc""]",ACTIVE
GHN_ADMIN_2025,2,1006454,1006454,,1000012,"Xã Long Tiên","[""xã long tiên"",""x.long tiên"",""x long tiên"",""long tiên"",""long tien"",""xa long tien"",""xalongtien"",""longtien""]",ACTIVE
GHN_ADMIN_2025,2,1006455,1006455,,1000012,"Xã Mỹ Thành","[""xã mỹ thành"",""x.mỹ thành"",""x mỹ thành"",""mỹ thành"",""my thanh"",""xa my thanh"",""xamythanh"",""mythanh""]",ACTIVE
GHN_ADMIN_2025,2,1006456,1006456,,1000012,"Xã Ngũ Hiệp","[""xã ngũ hiệp"",""x.ngũ hiệp"",""x ngũ hiệp"",""ngũ hiệp"",""ngu hiep"",""xa ngu hiep"",""xanguhiep"",""nguhiep""]",ACTIVE
GHN_ADMIN_2025,2,1006457,1006457,,1000012,"Xã Thạnh Phú","[""xã thạnh phú"",""x.thạnh phú"",""x thạnh phú"",""thạnh phú"",""thanh phu"",""xa thanh phu"",""xathanhphu"",""thanhphu""]",ACTIVE
GHN_ADMIN_2025,2,1006458,1006458,,1000012,"Xã Bình Trưng","[""xã bình trưng"",""x.bình trưng"",""x bình trưng"",""bình trưng"",""binh trung"",""xa binh trung"",""xabinhtrung"",""binhtrung""]",ACTIVE
GHN_ADMIN_2025,2,1006459,1006459,,1000012,"Xã Châu Thành","[""xã châu thành"",""x.châu thành"",""x châu thành"",""châu thành"",""chau thanh"",""xa chau thanh"",""xachauthanh"",""chauthanh""]",ACTIVE
GHN_ADMIN_2025,2,1006460,1006460,,1000012,"Xã Kim Sơn","[""xã kim sơn"",""x.kim sơn"",""x kim sơn"",""kim sơn"",""kim son"",""xa kim son"",""xakimson"",""kimson""]",ACTIVE
GHN_ADMIN_2025,2,1006461,1006461,,1000012,"Xã Long Hưng","[""xã long hưng"",""x.long hưng"",""x long hưng"",""long hưng"",""long hung"",""xa long hung"",""xalonghung"",""longhung""]",ACTIVE
GHN_ADMIN_2025,2,1006462,1006462,,1000012,"Xã Long Định","[""xã long định"",""x.long định"",""x long định"",""long định"",""long dinh"",""xa long dinh"",""xalongdinh"",""longdinh""]",ACTIVE
GHN_ADMIN_2025,2,1006463,1006463,,1000012,"Xã Tân Hương","[""xã tân hương"",""x.tân hương"",""x tân hương"",""tân hương"",""tan huong"",""xa tan huong"",""xatanhuong"",""tanhuong""]",ACTIVE
GHN_ADMIN_2025,2,1006464,1006464,,1000012,"Xã Vĩnh Kim","[""xã vĩnh kim"",""x.vĩnh kim"",""x vĩnh kim"",""vĩnh kim"",""vinh kim"",""xa vinh kim"",""xavinhkim"",""vinhkim""]",ACTIVE
GHN_ADMIN_2025,2,1006465,1006465,,1000012,"Xã An Thạnh Thủy","[""xã an thạnh thủy"",""x.an thạnh thủy"",""x an thạnh thủy"",""an thạnh thủy"",""an thanh thuy"",""xa an thanh thuy"",""xaanthanhthuy"",""anthanhthuy""]",ACTIVE
GHN_ADMIN_2025,2,1006466,1006466,,1000012,"Xã Bình Ninh","[""xã bình ninh"",""x.bình ninh"",""x bình ninh"",""bình ninh"",""binh ninh"",""xa binh ninh"",""xabinhninh"",""binhninh""]",ACTIVE
GHN_ADMIN_2025,2,1006467,1006467,,1000012,"Xã Chợ Gạo","[""xã chợ gạo"",""x.chợ gạo"",""x chợ gạo"",""chợ gạo"",""cho gao"",""xa cho gao"",""xachogao"",""chogao""]",ACTIVE
GHN_ADMIN_2025,2,1006468,1006468,,1000012,"Xã Lương Hòa Lạc","[""xã lương hòa lạc"",""x.lương hòa lạc"",""x lương hòa lạc"",""lương hòa lạc"",""luong hoa lac"",""xa luong hoa lac"",""xaluonghoalac"",""luonghoalac""]",ACTIVE
GHN_ADMIN_2025,2,1006469,1006469,,1000012,"Xã Mỹ Tịnh An","[""xã mỹ tịnh an"",""x.mỹ tịnh an"",""x mỹ tịnh an"",""mỹ tịnh an"",""my tinh an"",""xa my tinh an"",""xamytinhan"",""mytinhan""]",ACTIVE
GHN_ADMIN_2025,2,1006470,1006470,,1000012,"Xã Tân Thuận Bình","[""xã tân thuận bình"",""x.tân thuận bình"",""x tân thuận bình"",""tân thuận bình"",""tan thuan binh"",""xa tan thuan binh"",""xatanthuanbinh"",""tanthuanbinh""]",ACTIVE
GHN_ADMIN_2025,2,1006471,1006471,,1000012,"Xã An Hữu","[""xã an hữu"",""x.an hữu"",""x an hữu"",""an hữu"",""an huu"",""xa an huu"",""xaanhuu"",""anhuu""]",ACTIVE
GHN_ADMIN_2025,2,1006472,1006472,,1000012,"Xã Cái Bè","[""xã cái bè"",""x.cái bè"",""x cái bè"",""cái bè"",""cai be"",""xa cai be"",""xacaibe"",""caibe""]",ACTIVE
GHN_ADMIN_2025,2,1006473,1006473,,1000012,"Xã Hậu Mỹ","[""xã hậu mỹ"",""x.hậu mỹ"",""x hậu mỹ"",""hậu mỹ"",""hau my"",""xa hau my"",""xahaumy"",""haumy""]",ACTIVE
GHN_ADMIN_2025,2,1006474,1006474,,1000012,"Xã Hội Cư","[""xã hội cư"",""x.hội cư"",""x hội cư"",""hội cư"",""hoi cu"",""xa hoi cu"",""xahoicu"",""hoicu""]",ACTIVE
GHN_ADMIN_2025,2,1006475,1006475,,1000012,"Xã Mỹ Lợi","[""xã mỹ lợi"",""x.mỹ lợi"",""x mỹ lợi"",""mỹ lợi"",""my loi"",""xa my loi"",""xamyloi"",""myloi""]",ACTIVE
GHN_ADMIN_2025,2,1006476,1006476,,1000012,"Xã Mỹ Thiện","[""xã mỹ thiện"",""x.mỹ thiện"",""x mỹ thiện"",""mỹ thiện"",""my thien"",""xa my thien"",""xamythien"",""mythien""]",ACTIVE
GHN_ADMIN_2025,2,1006477,1006477,,1000012,"Xã Mỹ Đức Tây","[""xã mỹ đức tây"",""x.mỹ đức tây"",""x mỹ đức tây"",""mỹ đức tây"",""my duc tay"",""xa my duc tay"",""xamyductay"",""myductay""]",ACTIVE
GHN_ADMIN_2025,2,1006478,1006478,,1000012,"Xã Thanh Hưng","[""xã thanh hưng"",""x.thanh hưng"",""x thanh hưng"",""thanh hưng"",""thanh hung"",""xa thanh hung"",""xathanhhung"",""thanhhung""]",ACTIVE
GHN_ADMIN_2025,2,1006479,1006479,,1000012,"Xã Long Bình","[""xã long bình"",""x.long bình"",""x long bình"",""long bình"",""long binh"",""xa long binh"",""xalongbinh"",""longbinh""]",ACTIVE
GHN_ADMIN_2025,2,1006480,1006480,,1000012,"Xã Phú Thành","[""xã phú thành"",""x.phú thành"",""x phú thành"",""phú thành"",""phu thanh"",""xa phu thanh"",""xaphuthanh"",""phuthanh""]",ACTIVE
GHN_ADMIN_2025,2,1006481,1006481,,1000012,"Xã Vĩnh Bình","[""xã vĩnh bình"",""x.vĩnh bình"",""x vĩnh bình"",""vĩnh bình"",""vinh binh"",""xa vinh binh"",""xavinhbinh"",""vinhbinh""]",ACTIVE
GHN_ADMIN_2025,2,1006482,1006482,,1000012,"Xã Vĩnh Hựu","[""xã vĩnh hựu"",""x.vĩnh hựu"",""x vĩnh hựu"",""vĩnh hựu"",""vinh huu"",""xa vinh huu"",""xavinhhuu"",""vinhhuu""]",ACTIVE
GHN_ADMIN_2025,2,1006483,1006483,,1000012,"Xã Đồng Sơn","[""xã đồng sơn"",""x.đồng sơn"",""x đồng sơn"",""đồng sơn"",""dong son"",""xa dong son"",""xadongson"",""dongson""]",ACTIVE
GHN_ADMIN_2025,2,1006484,1006484,,1000012,"Xã Gia Thuận","[""xã gia thuận"",""x.gia thuận"",""x gia thuận"",""gia thuận"",""gia thuan"",""xa gia thuan"",""xagiathuan"",""giathuan""]",ACTIVE
GHN_ADMIN_2025,2,1006485,1006485,,1000012,"Xã Gò Công Đông","[""xã gò công đông"",""x.gò công đông"",""x gò công đông"",""gò công đông"",""go cong dong"",""xa go cong dong"",""xagocongdong"",""gocongdong""]",ACTIVE
GHN_ADMIN_2025,2,1006486,1006486,,1000012,"Xã Tân Hòa","[""xã tân hòa"",""x.tân hòa"",""x tân hòa"",""tân hòa"",""tan hoa"",""xa tan hoa"",""xatanhoa"",""tanhoa""]",ACTIVE
GHN_ADMIN_2025,2,1006487,1006487,,1000012,"Xã Tân Điền","[""xã tân điền"",""x.tân điền"",""x tân điền"",""tân điền"",""tan dien"",""xa tan dien"",""xatandien"",""tandien""]",ACTIVE
GHN_ADMIN_2025,2,1006488,1006488,,1000012,"Xã Tân Đông","[""xã tân đông"",""x.tân đông"",""x tân đông"",""tân đông"",""tan dong"",""xa tan dong"",""xatandong"",""tandong""]",ACTIVE
GHN_ADMIN_2025,2,1006489,1006489,,1000012,"Xã Tân Phú Đông","[""xã tân phú đông"",""x.tân phú đông"",""x tân phú đông"",""tân phú đông"",""tan phu dong"",""xa tan phu dong"",""xatanphudong"",""tanphudong""]",ACTIVE
GHN_ADMIN_2025,2,1006490,1006490,,1000012,"Xã Tân Thới","[""xã tân thới"",""x.tân thới"",""x tân thới"",""tân thới"",""tan thoi"",""xa tan thoi"",""xatanthoi"",""tanthoi""]",ACTIVE
GHN_ADMIN_2025,2,1006491,1006491,,1000012,"Xã Hưng Thạnh","[""xã hưng thạnh"",""x.hưng thạnh"",""x hưng thạnh"",""hưng thạnh"",""hung thanh"",""xa hung thanh"",""xahungthanh"",""hungthanh""]",ACTIVE
GHN_ADMIN_2025,2,1006492,1006492,,1000012,"Xã Tân Phước 1","[""xã tân phước 1"",""x.tân phước 1"",""x tân phước 1"",""tân phước 1"",""tan phuoc 1"",""xa tan phuoc 1"",""xatanphuoc"",""tanphuoc1""]",ACTIVE
GHN_ADMIN_2025,2,1006493,1006493,,1000012,"Xã Tân Phước 2","[""xã tân phước 2"",""x.tân phước 2"",""x tân phước 2"",""tân phước 2"",""tan phuoc 2"",""xa tan phuoc 2"",""xatanphuoc"",""tanphuoc2""]",ACTIVE
GHN_ADMIN_2025,2,1006494,1006494,,1000012,"Xã Tân Phước 3","[""xã tân phước 3"",""x.tân phước 3"",""x tân phước 3"",""tân phước 3"",""tan phuoc 3"",""xa tan phuoc 3"",""xatanphuoc"",""tanphuoc3""]",ACTIVE
GHN_ADMIN_2025,2,1006495,1006495,,1000012,"Phường Bình Xuân","[""phường bình xuân"",""p.bình xuân"",""p bình xuân"",""bình xuân"",""binh xuan"",""phuong binh xuan"",""phuongbinhxuan"",""binhxuan""]",ACTIVE
GHN_ADMIN_2025,2,1006496,1006496,,1000012,"Phường Gò Công","[""phường gò công"",""p.gò công"",""p gò công"",""gò công"",""go cong"",""phuong go cong"",""phuonggocong"",""gocong""]",ACTIVE
GHN_ADMIN_2025,2,1006497,1006497,,1000012,"Phường Long Thuận","[""phường long thuận"",""p.long thuận"",""p long thuận"",""long thuận"",""long thuan"",""phuong long thuan"",""phuonglongthuan"",""longthuan""]",ACTIVE
GHN_ADMIN_2025,2,1006498,1006498,,1000012,"Phường Sơn Qui","[""phường sơn qui"",""p.sơn qui"",""p sơn qui"",""sơn qui"",""son qui"",""phuong son qui"",""phuongsonqui"",""sonqui""]",ACTIVE
GHN_ADMIN_2025,2,1006499,1006499,,1000012,"Phường Mỹ Phong","[""phường mỹ phong"",""p.mỹ phong"",""p mỹ phong"",""mỹ phong"",""my phong"",""phuong my phong"",""phuongmyphong"",""myphong""]",ACTIVE
GHN_ADMIN_2025,2,1006500,1006500,,1000012,"Phường Mỹ Tho","[""phường mỹ tho"",""p.mỹ tho"",""p mỹ tho"",""mỹ tho"",""my tho"",""phuong my tho"",""phuongmytho"",""mytho""]",ACTIVE
GHN_ADMIN_2025,2,1006501,1006501,,1000012,"Phường Thới Sơn","[""phường thới sơn"",""p.thới sơn"",""p thới sơn"",""thới sơn"",""thoi son"",""phuong thoi son"",""phuongthoison"",""thoison""]",ACTIVE
GHN_ADMIN_2025,2,1006502,1006502,,1000012,"Phường Trung An","[""phường trung an"",""p.trung an"",""p trung an"",""trung an"",""phuong trung an"",""phuongtrungan"",""trungan""]",ACTIVE
GHN_ADMIN_2025,2,1006503,1006503,,1000012,"Phường Đạo Thạnh","[""phường đạo thạnh"",""p.đạo thạnh"",""p đạo thạnh"",""đạo thạnh"",""dao thanh"",""phuong dao thanh"",""phuongdaothanh"",""daothanh""]",ACTIVE
GHN_ADMIN_2025,2,1006504,1006504,,1000012,"Phường Cai Lậy","[""phường cai lậy"",""p.cai lậy"",""p cai lậy"",""cai lậy"",""cai lay"",""phuong cai lay"",""phuongcailay"",""cailay""]",ACTIVE
GHN_ADMIN_2025,2,1006505,1006505,,1000012,"Phường Mỹ Phước Tây","[""phường mỹ phước tây"",""p.mỹ phước tây"",""p mỹ phước tây"",""mỹ phước tây"",""my phuoc tay"",""phuong my phuoc tay"",""phuongmyphuoctay"",""myphuoctay""]",ACTIVE
GHN_ADMIN_2025,2,1006506,1006506,,1000012,"Phường Nhị Quý","[""phường nhị quý"",""p.nhị quý"",""p nhị quý"",""nhị quý"",""nhi quy"",""phuong nhi quy"",""phuongnhiquy"",""nhiquy""]",ACTIVE
GHN_ADMIN_2025,2,1006507,1006507,,1000012,"Phường Thanh Hòa","[""phường thanh hòa"",""p.thanh hòa"",""p thanh hòa"",""thanh hòa"",""thanh hoa"",""phuong thanh hoa"",""phuongthanhhoa"",""thanhhoa""]",ACTIVE
GHN_ADMIN_2025,2,1006508,1006508,,1000012,"Xã Tân Phú","[""xã tân phú"",""x.tân phú"",""x tân phú"",""tân phú"",""tan phu"",""xa tan phu"",""xatanphu"",""tanphu""]",ACTIVE
GHN_ADMIN_2025,2,1006509,1006509,,1000013,"Xã An Phú","[""xã an phú"",""x.an phú"",""x an phú"",""an phú"",""an phu"",""xa an phu"",""xaanphu"",""anphu""]",ACTIVE
GHN_ADMIN_2025,2,1006510,1006510,,1000013,"Xã Khánh Bình","[""xã khánh bình"",""x.khánh bình"",""x khánh bình"",""khánh bình"",""khanh binh"",""xa khanh binh"",""xakhanhbinh"",""khanhbinh""]",ACTIVE
GHN_ADMIN_2025,2,1006511,1006511,,1000013,"Xã Nhơn Hội","[""xã nhơn hội"",""x.nhơn hội"",""x nhơn hội"",""nhơn hội"",""nhon hoi"",""xa nhon hoi"",""xanhonhoi"",""nhonhoi""]",ACTIVE
GHN_ADMIN_2025,2,1006512,1006512,,1000013,"Xã Phú Hữu","[""xã phú hữu"",""x.phú hữu"",""x phú hữu"",""phú hữu"",""phu huu"",""xa phu huu"",""xaphuhuu"",""phuhuu""]",ACTIVE
GHN_ADMIN_2025,2,1006513,1006513,,1000013,"Xã Vĩnh Hậu","[""xã vĩnh hậu"",""x.vĩnh hậu"",""x vĩnh hậu"",""vĩnh hậu"",""vinh hau"",""xa vinh hau"",""xavinhhau"",""vinhhau""]",ACTIVE
GHN_ADMIN_2025,2,1006514,1006514,,1000013,"Xã Bình Mỹ","[""xã bình mỹ"",""x.bình mỹ"",""x bình mỹ"",""bình mỹ"",""binh my"",""xa binh my"",""xabinhmy"",""binhmy""]",ACTIVE
GHN_ADMIN_2025,2,1006515,1006515,,1000013,"Xã Châu Phú","[""xã châu phú"",""x.châu phú"",""x châu phú"",""châu phú"",""chau phu"",""xa chau phu"",""xachauphu"",""chauphu""]",ACTIVE
GHN_ADMIN_2025,2,1006516,1006516,,1000013,"Xã Mỹ Đức","[""xã mỹ đức"",""x.mỹ đức"",""x mỹ đức"",""mỹ đức"",""my duc"",""xa my duc"",""xamyduc"",""myduc""]",ACTIVE
GHN_ADMIN_2025,2,1006517,1006517,,1000013,"Xã Thạnh Mỹ Tây","[""xã thạnh mỹ tây"",""x.thạnh mỹ tây"",""x thạnh mỹ tây"",""thạnh mỹ tây"",""thanh my tay"",""xa thanh my tay"",""xathanhmytay"",""thanhmytay""]",ACTIVE
GHN_ADMIN_2025,2,1006518,1006518,,1000013,"Xã Vĩnh Thạnh Trung","[""xã vĩnh thạnh trung"",""x.vĩnh thạnh trung"",""x vĩnh thạnh trung"",""vĩnh thạnh trung"",""vinh thanh trung"",""xa vinh thanh trung"",""xavinhthanhtrung"",""vinhthanhtrung""]",ACTIVE
GHN_ADMIN_2025,2,1006519,1006519,,1000013,"Xã An Châu","[""xã an châu"",""x.an châu"",""x an châu"",""an châu"",""an chau"",""xa an chau"",""xaanchau"",""anchau""]",ACTIVE
GHN_ADMIN_2025,2,1006520,1006520,,1000013,"Xã Bình Hòa","[""xã bình hòa"",""x.bình hòa"",""x bình hòa"",""bình hòa"",""binh hoa"",""xa binh hoa"",""xabinhhoa"",""binhhoa""]",ACTIVE
GHN_ADMIN_2025,2,1006521,1006521,,1000013,"Xã Cần Đăng","[""xã cần đăng"",""x.cần đăng"",""x cần đăng"",""cần đăng"",""can dang"",""xa can dang"",""xacandang"",""candang""]",ACTIVE
GHN_ADMIN_2025,2,1006522,1006522,,1000013,"Xã Vĩnh An","[""xã vĩnh an"",""x.vĩnh an"",""x vĩnh an"",""vĩnh an"",""vinh an"",""xa vinh an"",""xavinhan"",""vinhan""]",ACTIVE
GHN_ADMIN_2025,2,1006523,1006523,,1000013,"Xã Vĩnh Hanh","[""xã vĩnh hanh"",""x.vĩnh hanh"",""x vĩnh hanh"",""vĩnh hanh"",""vinh hanh"",""xa vinh hanh"",""xavinhhanh"",""vinhhanh""]",ACTIVE
GHN_ADMIN_2025,2,1006524,1006524,,1000013,"Xã Chợ Mới","[""xã chợ mới"",""x.chợ mới"",""x chợ mới"",""chợ mới"",""cho moi"",""xa cho moi"",""xachomoi"",""chomoi""]",ACTIVE
GHN_ADMIN_2025,2,1006525,1006525,,1000013,"Xã Cù Lao Giêng","[""xã cù lao giêng"",""x.cù lao giêng"",""x cù lao giêng"",""cù lao giêng"",""cu lao gieng"",""xa cu lao gieng"",""xaculaogieng"",""culaogieng""]",ACTIVE
GHN_ADMIN_2025,2,1006526,1006526,,1000013,"Xã Hội An","[""xã hội an"",""x.hội an"",""x hội an"",""hội an"",""hoi an"",""xa hoi an"",""xahoian"",""hoian""]",ACTIVE
GHN_ADMIN_2025,2,1006527,1006527,,1000013,"Xã Long Kiến","[""xã long kiến"",""x.long kiến"",""x long kiến"",""long kiến"",""long kien"",""xa long kien"",""xalongkien"",""longkien""]",ACTIVE
GHN_ADMIN_2025,2,1006528,1006528,,1000013,"Xã Long Điền","[""xã long điền"",""x.long điền"",""x long điền"",""long điền"",""long dien"",""xa long dien"",""xalongdien"",""longdien""]",ACTIVE
GHN_ADMIN_2025,2,1006529,1006529,,1000013,"Xã Nhơn Mỹ","[""xã nhơn mỹ"",""x.nhơn mỹ"",""x nhơn mỹ"",""nhơn mỹ"",""nhon my"",""xa nhon my"",""xanhonmy"",""nhonmy""]",ACTIVE
GHN_ADMIN_2025,2,1006530,1006530,,1000013,"Xã Bình Thạnh Đông","[""xã bình thạnh đông"",""x.bình thạnh đông"",""x bình thạnh đông"",""bình thạnh đông"",""binh thanh dong"",""xa binh thanh dong"",""xabinhthanhdong"",""binhthanhdong""]",ACTIVE
GHN_ADMIN_2025,2,1006531,1006531,,1000013,"Xã Chợ Vàm","[""xã chợ vàm"",""x.chợ vàm"",""x chợ vàm"",""chợ vàm"",""cho vam"",""xa cho vam"",""xachovam"",""chovam""]",ACTIVE
GHN_ADMIN_2025,2,1006532,1006532,,1000013,"Xã Hòa Lạc","[""xã hòa lạc"",""x.hòa lạc"",""x hòa lạc"",""hòa lạc"",""hoa lac"",""xa hoa lac"",""xahoalac"",""hoalac""]",ACTIVE
GHN_ADMIN_2025,2,1006533,1006533,,1000013,"Xã Phú An","[""xã phú an"",""x.phú an"",""x phú an"",""phú an"",""phu an"",""xa phu an"",""xaphuan"",""phuan""]",ACTIVE
GHN_ADMIN_2025,2,1006534,1006534,,1000013,"Xã Phú Lâm","[""xã phú lâm"",""x.phú lâm"",""x phú lâm"",""phú lâm"",""phu lam"",""xa phu lam"",""xaphulam"",""phulam""]",ACTIVE
GHN_ADMIN_2025,2,1006535,1006535,,1000013,"Xã Phú Tân","[""xã phú tân"",""x.phú tân"",""x phú tân"",""phú tân"",""phu tan"",""xa phu tan"",""xaphutan"",""phutan""]",ACTIVE
GHN_ADMIN_2025,2,1006536,1006536,,1000013,"Xã Phú Hòa","[""xã phú hòa"",""x.phú hòa"",""x phú hòa"",""phú hòa"",""phu hoa"",""xa phu hoa"",""xaphuhoa"",""phuhoa""]",ACTIVE
GHN_ADMIN_2025,2,1006537,1006537,,1000013,"Xã Thoại Sơn","[""xã thoại sơn"",""x.thoại sơn"",""x thoại sơn"",""thoại sơn"",""thoai son"",""xa thoai son"",""xathoaison"",""thoaison""]",ACTIVE
GHN_ADMIN_2025,2,1006538,1006538,,1000013,"Xã Tây Phú","[""xã tây phú"",""x.tây phú"",""x tây phú"",""tây phú"",""tay phu"",""xa tay phu"",""xatayphu"",""tayphu""]",ACTIVE
GHN_ADMIN_2025,2,1006539,1006539,,1000013,"Xã Vĩnh Trạch","[""xã vĩnh trạch"",""x.vĩnh trạch"",""x vĩnh trạch"",""vĩnh trạch"",""vinh trach"",""xa vinh trach"",""xavinhtrach"",""vinhtrach""]",ACTIVE
GHN_ADMIN_2025,2,1006540,1006540,,1000013,"Xã Óc Eo","[""xã óc eo"",""x.óc eo"",""x óc eo"",""óc eo"",""oc eo"",""xa oc eo"",""xaoceo"",""oceo""]",ACTIVE
GHN_ADMIN_2025,2,1006541,1006541,,1000013,"Xã Định Mỹ","[""xã định mỹ"",""x.định mỹ"",""x định mỹ"",""định mỹ"",""dinh my"",""xa dinh my"",""xadinhmy"",""dinhmy""]",ACTIVE
GHN_ADMIN_2025,2,1006542,1006542,,1000013,"Xã Ba Chúc","[""xã ba chúc"",""x.ba chúc"",""x ba chúc"",""ba chúc"",""ba chuc"",""xa ba chuc"",""xabachuc"",""bachuc""]",ACTIVE
GHN_ADMIN_2025,2,1006543,1006543,,1000013,"Xã Cô Tô","[""xã cô tô"",""x.cô tô"",""x cô tô"",""cô tô"",""co to"",""xa co to"",""xacoto"",""coto""]",ACTIVE
GHN_ADMIN_2025,2,1006544,1006544,,1000013,"Xã Tri Tôn","[""xã tri tôn"",""x.tri tôn"",""x tri tôn"",""tri tôn"",""tri ton"",""xa tri ton"",""xatriton"",""triton""]",ACTIVE
GHN_ADMIN_2025,2,1006545,1006545,,1000013,"Xã Vĩnh Gia","[""xã vĩnh gia"",""x.vĩnh gia"",""x vĩnh gia"",""vĩnh gia"",""vinh gia"",""xa vinh gia"",""xavinhgia"",""vinhgia""]",ACTIVE
GHN_ADMIN_2025,2,1006546,1006546,,1000013,"Xã Ô Lâm","[""xã ô lâm"",""x.ô lâm"",""x ô lâm"",""ô lâm"",""o lam"",""xa o lam"",""xaolam"",""olam""]",ACTIVE
GHN_ADMIN_2025,2,1006547,1006547,,1000013,"Phường Châu Đốc","[""phường châu đốc"",""p.châu đốc"",""p châu đốc"",""châu đốc"",""chau doc"",""phuong chau doc"",""phuongchaudoc"",""chaudoc""]",ACTIVE
GHN_ADMIN_2025,2,1006548,1006548,,1000013,"Phường Vĩnh Tế","[""phường vĩnh tế"",""p.vĩnh tế"",""p vĩnh tế"",""vĩnh tế"",""vinh te"",""phuong vinh te"",""phuongvinhte"",""vinhte""]",ACTIVE
GHN_ADMIN_2025,2,1006549,1006549,,1000013,"Phường Bình Đức","[""phường bình đức"",""p.bình đức"",""p bình đức"",""bình đức"",""binh duc"",""phuong binh duc"",""phuongbinhduc"",""binhduc""]",ACTIVE
GHN_ADMIN_2025,2,1006550,1006550,,1000013,"Phường Long Xuyên","[""phường long xuyên"",""p.long xuyên"",""p long xuyên"",""long xuyên"",""long xuyen"",""phuong long xuyen"",""phuonglongxuyen"",""longxuyen""]",ACTIVE
GHN_ADMIN_2025,2,1006551,1006551,,1000013,"Phường Mỹ Thới","[""phường mỹ thới"",""p.mỹ thới"",""p mỹ thới"",""mỹ thới"",""my thoi"",""phuong my thoi"",""phuongmythoi"",""mythoi""]",ACTIVE
GHN_ADMIN_2025,2,1006552,1006552,,1000013,"Xã Mỹ Hòa Hưng","[""xã mỹ hòa hưng"",""x.mỹ hòa hưng"",""x mỹ hòa hưng"",""mỹ hòa hưng"",""my hoa hung"",""xa my hoa hung"",""xamyhoahung"",""myhoahung""]",ACTIVE
GHN_ADMIN_2025,2,1006553,1006553,,1000013,"Phường Long Phú","[""phường long phú"",""p.long phú"",""p long phú"",""long phú"",""long phu"",""phuong long phu"",""phuonglongphu"",""longphu""]",ACTIVE
GHN_ADMIN_2025,2,1006554,1006554,,1000013,"Phường Tân Châu","[""phường tân châu"",""p.tân châu"",""p tân châu"",""tân châu"",""tan chau"",""phuong tan chau"",""phuongtanchau"",""tanchau""]",ACTIVE
GHN_ADMIN_2025,2,1006555,1006555,,1000013,"Xã Châu Phong","[""xã châu phong"",""x.châu phong"",""x châu phong"",""châu phong"",""chau phong"",""xa chau phong"",""xachauphong"",""chauphong""]",ACTIVE
GHN_ADMIN_2025,2,1006556,1006556,,1000013,"Xã Tân An","[""xã tân an"",""x.tân an"",""x tân an"",""tân an"",""tan an"",""xa tan an"",""xatanan"",""tanan""]",ACTIVE
GHN_ADMIN_2025,2,1006557,1006557,,1000013,"Xã Vĩnh Xương","[""xã vĩnh xương"",""x.vĩnh xương"",""x vĩnh xương"",""vĩnh xương"",""vinh xuong"",""xa vinh xuong"",""xavinhxuong"",""vinhxuong""]",ACTIVE
GHN_ADMIN_2025,2,1006558,1006558,,1000013,"Phường Chi Lăng","[""phường chi lăng"",""p.chi lăng"",""p chi lăng"",""chi lăng"",""chi lang"",""phuong chi lang"",""phuongchilang"",""chilang""]",ACTIVE
GHN_ADMIN_2025,2,1006559,1006559,,1000013,"Phường Thới Sơn","[""phường thới sơn"",""p.thới sơn"",""p thới sơn"",""thới sơn"",""thoi son"",""phuong thoi son"",""phuongthoison"",""thoison""]",ACTIVE
GHN_ADMIN_2025,2,1006560,1006560,,1000013,"Phường Tịnh Biên","[""phường tịnh biên"",""p.tịnh biên"",""p tịnh biên"",""tịnh biên"",""tinh bien"",""phuong tinh bien"",""phuongtinhbien"",""tinhbien""]",ACTIVE
GHN_ADMIN_2025,2,1006561,1006561,,1000013,"Xã An Cư","[""xã an cư"",""x.an cư"",""x an cư"",""an cư"",""an cu"",""xa an cu"",""xaancu"",""ancu""]",ACTIVE
GHN_ADMIN_2025,2,1006562,1006562,,1000013,"Xã Núi Cấm","[""xã núi cấm"",""x.núi cấm"",""x núi cấm"",""núi cấm"",""nui cam"",""xa nui cam"",""xanuicam"",""nuicam""]",ACTIVE
GHN_ADMIN_2025,2,1006563,1006563,,1000013,"Xã An Biên","[""xã an biên"",""x.an biên"",""x an biên"",""an biên"",""an bien"",""xa an bien"",""xaanbien"",""anbien""]",ACTIVE
GHN_ADMIN_2025,2,1006564,1006564,,1000013,"Xã Tây Yên","[""xã tây yên"",""x.tây yên"",""x tây yên"",""tây yên"",""tay yen"",""xa tay yen"",""xatayyen"",""tayyen""]",ACTIVE
GHN_ADMIN_2025,2,1006565,1006565,,1000013,"Xã Đông Thái","[""xã đông thái"",""x.đông thái"",""x đông thái"",""đông thái"",""dong thai"",""xa dong thai"",""xadongthai"",""dongthai""]",ACTIVE
GHN_ADMIN_2025,2,1006566,1006566,,1000013,"Xã An Minh","[""xã an minh"",""x.an minh"",""x an minh"",""an minh"",""xa an minh"",""xaanminh"",""anminh""]",ACTIVE
GHN_ADMIN_2025,2,1006567,1006567,,1000013,"Xã Tân Thạnh","[""xã tân thạnh"",""x.tân thạnh"",""x tân thạnh"",""tân thạnh"",""tan thanh"",""xa tan thanh"",""xatanthanh"",""tanthanh""]",ACTIVE
GHN_ADMIN_2025,2,1006568,1006568,,1000013,"Xã Vân Khánh","[""xã vân khánh"",""x.vân khánh"",""x vân khánh"",""vân khánh"",""van khanh"",""xa van khanh"",""xavankhanh"",""vankhanh""]",ACTIVE
GHN_ADMIN_2025,2,1006569,1006569,,1000013,"Xã Đông Hòa","[""xã đông hòa"",""x.đông hòa"",""x đông hòa"",""đông hòa"",""dong hoa"",""xa dong hoa"",""xadonghoa"",""donghoa""]",ACTIVE
GHN_ADMIN_2025,2,1006570,1006570,,1000013,"Xã Đông Hưng","[""xã đông hưng"",""x.đông hưng"",""x đông hưng"",""đông hưng"",""dong hung"",""xa dong hung"",""xadonghung"",""donghung""]",ACTIVE
GHN_ADMIN_2025,2,1006571,1006571,,1000013,"Xã Bình An","[""xã bình an"",""x.bình an"",""x bình an"",""bình an"",""binh an"",""xa binh an"",""xabinhan"",""binhan""]",ACTIVE
GHN_ADMIN_2025,2,1006572,1006572,,1000013,"Xã Châu Thành","[""xã châu thành"",""x.châu thành"",""x châu thành"",""châu thành"",""chau thanh"",""xa chau thanh"",""xachauthanh"",""chauthanh""]",ACTIVE
GHN_ADMIN_2025,2,1006573,1006573,,1000013,"Xã Thạnh Lộc","[""xã thạnh lộc"",""x.thạnh lộc"",""x thạnh lộc"",""thạnh lộc"",""thanh loc"",""xa thanh loc"",""xathanhloc"",""thanhloc""]",ACTIVE
GHN_ADMIN_2025,2,1006574,1006574,,1000013,"Xã Giang Thành","[""xã giang thành"",""x.giang thành"",""x giang thành"",""giang thành"",""giang thanh"",""xa giang thanh"",""xagiangthanh"",""giangthanh""]",ACTIVE
GHN_ADMIN_2025,2,1006575,1006575,,1000013,"Xã Vĩnh Điều","[""xã vĩnh điều"",""x.vĩnh điều"",""x vĩnh điều"",""vĩnh điều"",""vinh dieu"",""xa vinh dieu"",""xavinhdieu"",""vinhdieu""]",ACTIVE
GHN_ADMIN_2025,2,1006576,1006576,,1000013,"Xã Giồng Riềng","[""xã giồng riềng"",""x.giồng riềng"",""x giồng riềng"",""giồng riềng"",""giong rieng"",""xa giong rieng"",""xagiongrieng"",""giongrieng""]",ACTIVE
GHN_ADMIN_2025,2,1006577,1006577,,1000013,"Xã Hòa Hưng","[""xã hòa hưng"",""x.hòa hưng"",""x hòa hưng"",""hòa hưng"",""hoa hung"",""xa hoa hung"",""xahoahung"",""hoahung""]",ACTIVE
GHN_ADMIN_2025,2,1006578,1006578,,1000013,"Xã Hòa Thuận","[""xã hòa thuận"",""x.hòa thuận"",""x hòa thuận"",""hòa thuận"",""hoa thuan"",""xa hoa thuan"",""xahoathuan"",""hoathuan""]",ACTIVE
GHN_ADMIN_2025,2,1006579,1006579,,1000013,"Xã Long Thạnh","[""xã long thạnh"",""x.long thạnh"",""x long thạnh"",""long thạnh"",""long thanh"",""xa long thanh"",""xalongthanh"",""longthanh""]",ACTIVE
GHN_ADMIN_2025,2,1006580,1006580,,1000013,"Xã Ngọc Chúc","[""xã ngọc chúc"",""x.ngọc chúc"",""x ngọc chúc"",""ngọc chúc"",""ngoc chuc"",""xa ngoc chuc"",""xangocchuc"",""ngocchuc""]",ACTIVE
GHN_ADMIN_2025,2,1006581,1006581,,1000013,"Xã Thạnh Hưng","[""xã thạnh hưng"",""x.thạnh hưng"",""x thạnh hưng"",""thạnh hưng"",""thanh hung"",""xa thanh hung"",""xathanhhung"",""thanhhung""]",ACTIVE
GHN_ADMIN_2025,2,1006582,1006582,,1000013,"Xã Gò Quao","[""xã gò quao"",""x.gò quao"",""x gò quao"",""gò quao"",""go quao"",""xa go quao"",""xagoquao"",""goquao""]",ACTIVE
GHN_ADMIN_2025,2,1006583,1006583,,1000013,"Xã Vĩnh Hòa Hưng","[""xã vĩnh hòa hưng"",""x.vĩnh hòa hưng"",""x vĩnh hòa hưng"",""vĩnh hòa hưng"",""vinh hoa hung"",""xa vinh hoa hung"",""xavinhhoahung"",""vinhhoahung""]",ACTIVE
GHN_ADMIN_2025,2,1006584,1006584,,1000013,"Xã Vĩnh Tuy","[""xã vĩnh tuy"",""x.vĩnh tuy"",""x vĩnh tuy"",""vĩnh tuy"",""vinh tuy"",""xa vinh tuy"",""xavinhtuy"",""vinhtuy""]",ACTIVE
GHN_ADMIN_2025,2,1006585,1006585,,1000013,"Xã Định Hòa","[""xã định hòa"",""x.định hòa"",""x định hòa"",""định hòa"",""dinh hoa"",""xa dinh hoa"",""xadinhhoa"",""dinhhoa""]",ACTIVE
GHN_ADMIN_2025,2,1006586,1006586,,1000013,"Xã Bình Giang","[""xã bình giang"",""x.bình giang"",""x bình giang"",""bình giang"",""binh giang"",""xa binh giang"",""xabinhgiang"",""binhgiang""]",ACTIVE
GHN_ADMIN_2025,2,1006587,1006587,,1000013,"Xã Bình Sơn","[""xã bình sơn"",""x.bình sơn"",""x bình sơn"",""bình sơn"",""binh son"",""xa binh son"",""xabinhson"",""binhson""]",ACTIVE
GHN_ADMIN_2025,2,1006588,1006588,,1000013,"Xã Hòn Đất","[""xã hòn đất"",""x.hòn đất"",""x hòn đất"",""hòn đất"",""hon dat"",""xa hon dat"",""xahondat"",""hondat""]",ACTIVE
GHN_ADMIN_2025,2,1006589,1006589,,1000013,"Xã Mỹ Thuận","[""xã mỹ thuận"",""x.mỹ thuận"",""x mỹ thuận"",""mỹ thuận"",""my thuan"",""xa my thuan"",""xamythuan"",""mythuan""]",ACTIVE
GHN_ADMIN_2025,2,1006590,1006590,,1000013,"Xã Sơn Kiên","[""xã sơn kiên"",""x.sơn kiên"",""x sơn kiên"",""sơn kiên"",""son kien"",""xa son kien"",""xasonkien"",""sonkien""]",ACTIVE
GHN_ADMIN_2025,2,1006591,1006591,,1000013,"Xã Hòa Điền","[""xã hòa điền"",""x.hòa điền"",""x hòa điền"",""hòa điền"",""hoa dien"",""xa hoa dien"",""xahoadien"",""hoadien""]",ACTIVE
GHN_ADMIN_2025,2,1006592,1006592,,1000013,"Xã Hòn Nghệ","[""xã hòn nghệ"",""x.hòn nghệ"",""x hòn nghệ"",""hòn nghệ"",""hon nghe"",""xa hon nghe"",""xahonnghe"",""honnghe""]",ACTIVE
GHN_ADMIN_2025,2,1006593,1006593,,1000013,"Xã Kiên Lương","[""xã kiên lương"",""x.kiên lương"",""x kiên lương"",""kiên lương"",""kien luong"",""xa kien luong"",""xakienluong"",""kienluong""]",ACTIVE
GHN_ADMIN_2025,2,1006594,1006594,,1000013,"Xã Sơn Hải","[""xã sơn hải"",""x.sơn hải"",""x sơn hải"",""sơn hải"",""son hai"",""xa son hai"",""xasonhai"",""sonhai""]",ACTIVE
GHN_ADMIN_2025,2,1006595,1006595,,1000013,"Xã Thạnh Đông","[""xã thạnh đông"",""x.thạnh đông"",""x thạnh đông"",""thạnh đông"",""thanh dong"",""xa thanh dong"",""xathanhdong"",""thanhdong""]",ACTIVE
GHN_ADMIN_2025,2,1006596,1006596,,1000013,"Xã Tân Hiệp","[""xã tân hiệp"",""x.tân hiệp"",""x tân hiệp"",""tân hiệp"",""tan hiep"",""xa tan hiep"",""xatanhiep"",""tanhiep""]",ACTIVE
GHN_ADMIN_2025,2,1006597,1006597,,1000013,"Xã Tân Hội","[""xã tân hội"",""x.tân hội"",""x tân hội"",""tân hội"",""tan hoi"",""xa tan hoi"",""xatanhoi"",""tanhoi""]",ACTIVE
GHN_ADMIN_2025,2,1006598,1006598,,1000013,"Xã U Minh Thượng","[""xã u minh thượng"",""x.u minh thượng"",""x u minh thượng"",""u minh thượng"",""u minh thuong"",""xa u minh thuong"",""xauminhthuong"",""uminhthuong""]",ACTIVE
GHN_ADMIN_2025,2,1006599,1006599,,1000013,"Xã Vĩnh Hòa","[""xã vĩnh hòa"",""x.vĩnh hòa"",""x vĩnh hòa"",""vĩnh hòa"",""vinh hoa"",""xa vinh hoa"",""xavinhhoa"",""vinhhoa""]",ACTIVE
GHN_ADMIN_2025,2,1006600,1006600,,1000013,"Xã Vĩnh Bình","[""xã vĩnh bình"",""x.vĩnh bình"",""x vĩnh bình"",""vĩnh bình"",""vinh binh"",""xa vinh binh"",""xavinhbinh"",""vinhbinh""]",ACTIVE
GHN_ADMIN_2025,2,1006601,1006601,,1000013,"Xã Vĩnh Phong","[""xã vĩnh phong"",""x.vĩnh phong"",""x vĩnh phong"",""vĩnh phong"",""vinh phong"",""xa vinh phong"",""xavinhphong"",""vinhphong""]",ACTIVE
GHN_ADMIN_2025,2,1006602,1006602,,1000013,"Xã Vĩnh Thuận","[""xã vĩnh thuận"",""x.vĩnh thuận"",""x vĩnh thuận"",""vĩnh thuận"",""vinh thuan"",""xa vinh thuan"",""xavinhthuan"",""vinhthuan""]",ACTIVE
GHN_ADMIN_2025,2,1006603,1006603,,1000013,"Đặc khu Kiên Hải","[""đặc khu kiên hải"",""ä.khu kiên hải"",""ä khu kiên hải"",""khu kiên hải"",""khu kien hai"",""dac khu kien hai"",""dackhukienhai"",""khukienhai""]",ACTIVE
GHN_ADMIN_2025,2,1006604,1006604,,1000013,"Phường Hà Tiên","[""phường hà tiên"",""p.hà tiên"",""p hà tiên"",""hà tiên"",""ha tien"",""phuong ha tien"",""phuonghatien"",""hatien""]",ACTIVE
GHN_ADMIN_2025,2,1006605,1006605,,1000013,"Phường Tô Châu","[""phường tô châu"",""p.tô châu"",""p tô châu"",""tô châu"",""to chau"",""phuong to chau"",""phuongtochau"",""tochau""]",ACTIVE
GHN_ADMIN_2025,2,1006606,1006606,,1000013,"Xã Tiên Hải","[""xã tiên hải"",""x.tiên hải"",""x tiên hải"",""tiên hải"",""tien hai"",""xa tien hai"",""xatienhai"",""tienhai""]",ACTIVE
GHN_ADMIN_2025,2,1006607,1006607,,1000013,"Đặc khu Phú Quốc","[""đặc khu phú quốc"",""ä.khu phú quốc"",""ä khu phú quốc"",""khu phú quốc"",""khu phu quoc"",""dac khu phu quoc"",""dackhuphuquoc"",""khuphuquoc""]",ACTIVE
GHN_ADMIN_2025,2,1006608,1006608,,1000013,"Đặc khu Thổ Châu","[""đặc khu thổ châu"",""ä.khu thổ châu"",""ä khu thổ châu"",""khu thổ châu"",""khu tho chau"",""dac khu tho chau"",""dackhuthochau"",""khuthochau""]",ACTIVE
GHN_ADMIN_2025,2,1006609,1006609,,1000013,"Phường Rạch Giá","[""phường rạch giá"",""p.rạch giá"",""p rạch giá"",""rạch giá"",""rach gia"",""phuong rach gia"",""phuongrachgia"",""rachgia""]",ACTIVE
GHN_ADMIN_2025,2,1006610,1006610,,1000013,"Phường Vĩnh Thông","[""phường vĩnh thông"",""p.vĩnh thông"",""p vĩnh thông"",""vĩnh thông"",""vinh thong"",""phuong vinh thong"",""phuongvinhthong"",""vinhthong""]",ACTIVE
GHN_ADMIN_2025,2,1006611,1006611,,1000022,"Xã Cái Nước","[""xã cái nước"",""x.cái nước"",""x cái nước"",""cái nước"",""cai nuoc"",""xa cai nuoc"",""xacainuoc"",""cainuoc""]",ACTIVE
GHN_ADMIN_2025,2,1006612,1006612,,1000022,"Xã Hưng Mỹ","[""xã hưng mỹ"",""x.hưng mỹ"",""x hưng mỹ"",""hưng mỹ"",""hung my"",""xa hung my"",""xahungmy"",""hungmy""]",ACTIVE
GHN_ADMIN_2025,2,1006613,1006613,,1000022,"Xã Lương Thế Trân","[""xã lương thế trân"",""x.lương thế trân"",""x lương thế trân"",""lương thế trân"",""luong the tran"",""xa luong the tran"",""xaluongthetran"",""luongthetran""]",ACTIVE
GHN_ADMIN_2025,2,1006614,1006614,,1000022,"Xã Tân Hưng","[""xã tân hưng"",""x.tân hưng"",""x tân hưng"",""tân hưng"",""tan hung"",""xa tan hung"",""xatanhung"",""tanhung""]",ACTIVE
GHN_ADMIN_2025,2,1006615,1006615,,1000022,"Xã Phan Ngọc Hiển","[""xã phan ngọc hiển"",""x.phan ngọc hiển"",""x phan ngọc hiển"",""phan ngọc hiển"",""phan ngoc hien"",""xa phan ngoc hien"",""xaphanngochien"",""phanngochien""]",ACTIVE
GHN_ADMIN_2025,2,1006616,1006616,,1000022,"Xã Tân Ân","[""xã tân ân"",""x.tân ân"",""x tân ân"",""tân ân"",""tan an"",""xa tan an"",""xatanan"",""tanan""]",ACTIVE
GHN_ADMIN_2025,2,1006617,1006617,,1000022,"Xã Đất Mũi","[""xã đất mũi"",""x.đất mũi"",""x đất mũi"",""đất mũi"",""dat mui"",""xa dat mui"",""xadatmui"",""datmui""]",ACTIVE
GHN_ADMIN_2025,2,1006618,1006618,,1000022,"Xã Năm Căn","[""xã năm căn"",""x.năm căn"",""x năm căn"",""năm căn"",""nam can"",""xa nam can"",""xanamcan"",""namcan""]",ACTIVE
GHN_ADMIN_2025,2,1006619,1006619,,1000022,"Xã Tam Giang","[""xã tam giang"",""x.tam giang"",""x tam giang"",""tam giang"",""xa tam giang"",""xatamgiang"",""tamgiang""]",ACTIVE
GHN_ADMIN_2025,2,1006620,1006620,,1000022,"Xã Đất Mới","[""xã đất mới"",""x.đất mới"",""x đất mới"",""đất mới"",""dat moi"",""xa dat moi"",""xadatmoi"",""datmoi""]",ACTIVE
GHN_ADMIN_2025,2,1006621,1006621,,1000022,"Xã Cái Đôi Vàm","[""xã cái đôi vàm"",""x.cái đôi vàm"",""x cái đôi vàm"",""cái đôi vàm"",""cai doi vam"",""xa cai doi vam"",""xacaidoivam"",""caidoivam""]",ACTIVE
GHN_ADMIN_2025,2,1006622,1006622,,1000022,"Xã Nguyễn Việt Khái","[""xã nguyễn việt khái"",""x.nguyễn việt khái"",""x nguyễn việt khái"",""nguyễn việt khái"",""nguyen viet khai"",""xa nguyen viet khai"",""xanguyenvietkhai"",""nguyenvietkhai""]",ACTIVE
GHN_ADMIN_2025,2,1006623,1006623,,1000022,"Xã Phú Mỹ","[""xã phú mỹ"",""x.phú mỹ"",""x phú mỹ"",""phú mỹ"",""phu my"",""xa phu my"",""xaphumy"",""phumy""]",ACTIVE
GHN_ADMIN_2025,2,1006624,1006624,,1000022,"Xã Phú Tân","[""xã phú tân"",""x.phú tân"",""x phú tân"",""phú tân"",""phu tan"",""xa phu tan"",""xaphutan"",""phutan""]",ACTIVE
GHN_ADMIN_2025,2,1006625,1006625,,1000022,"Xã Biển Bạch","[""xã biển bạch"",""x.biển bạch"",""x biển bạch"",""biển bạch"",""bien bach"",""xa bien bach"",""xabienbach"",""bienbach""]",ACTIVE
GHN_ADMIN_2025,2,1006626,1006626,,1000022,"Xã Hồ Thị Kỷ","[""xã hồ thị kỷ"",""x.hồ thị kỷ"",""x hồ thị kỷ"",""hồ thị kỷ"",""ho thi ky"",""xa ho thi ky"",""xahothiky"",""hothiky""]",ACTIVE
GHN_ADMIN_2025,2,1006627,1006627,,1000022,"Xã Thới Bình","[""xã thới bình"",""x.thới bình"",""x thới bình"",""thới bình"",""thoi binh"",""xa thoi binh"",""xathoibinh"",""thoibinh""]",ACTIVE
GHN_ADMIN_2025,2,1006628,1006628,,1000022,"Xã Trí Phải","[""xã trí phải"",""x.trí phải"",""x trí phải"",""trí phải"",""tri phai"",""xa tri phai"",""xatriphai"",""triphai""]",ACTIVE
GHN_ADMIN_2025,2,1006629,1006629,,1000022,"Xã Tân Lộc","[""xã tân lộc"",""x.tân lộc"",""x tân lộc"",""tân lộc"",""tan loc"",""xa tan loc"",""xatanloc"",""tanloc""]",ACTIVE
GHN_ADMIN_2025,2,1006630,1006630,,1000022,"Xã Khánh Bình","[""xã khánh bình"",""x.khánh bình"",""x khánh bình"",""khánh bình"",""khanh binh"",""xa khanh binh"",""xakhanhbinh"",""khanhbinh""]",ACTIVE
GHN_ADMIN_2025,2,1006631,1006631,,1000022,"Xã Khánh Hưng","[""xã khánh hưng"",""x.khánh hưng"",""x khánh hưng"",""khánh hưng"",""khanh hung"",""xa khanh hung"",""xakhanhhung"",""khanhhung""]",ACTIVE
GHN_ADMIN_2025,2,1006632,1006632,,1000022,"Xã Sông Đốc","[""xã sông đốc"",""x.sông đốc"",""x sông đốc"",""sông đốc"",""song doc"",""xa song doc"",""xasongdoc"",""songdoc""]",ACTIVE
GHN_ADMIN_2025,2,1006633,1006633,,1000022,"Xã Trần Văn Thời","[""xã trần văn thời"",""x.trần văn thời"",""x trần văn thời"",""trần văn thời"",""tran van thoi"",""xa tran van thoi"",""xatranvanthoi"",""tranvanthoi""]",ACTIVE
GHN_ADMIN_2025,2,1006634,1006634,,1000022,"Xã Đá Bạc","[""xã đá bạc"",""x.đá bạc"",""x đá bạc"",""đá bạc"",""da bac"",""xa da bac"",""xadabac"",""dabac""]",ACTIVE
GHN_ADMIN_2025,2,1006635,1006635,,1000022,"Xã Khánh An","[""xã khánh an"",""x.khánh an"",""x khánh an"",""khánh an"",""khanh an"",""xa khanh an"",""xakhanhan"",""khanhan""]",ACTIVE
GHN_ADMIN_2025,2,1006636,1006636,,1000022,"Xã Khánh Lâm","[""xã khánh lâm"",""x.khánh lâm"",""x khánh lâm"",""khánh lâm"",""khanh lam"",""xa khanh lam"",""xakhanhlam"",""khanhlam""]",ACTIVE
GHN_ADMIN_2025,2,1006637,1006637,,1000022,"Xã Nguyễn Phích","[""xã nguyễn phích"",""x.nguyễn phích"",""x nguyễn phích"",""nguyễn phích"",""nguyen phich"",""xa nguyen phich"",""xanguyenphich"",""nguyenphich""]",ACTIVE
GHN_ADMIN_2025,2,1006638,1006638,,1000022,"Xã U Minh","[""xã u minh"",""x.u minh"",""x u minh"",""u minh"",""xa u minh"",""xauminh"",""uminh""]",ACTIVE
GHN_ADMIN_2025,2,1006639,1006639,,1000022,"Xã Quách Phẩm","[""xã quách phẩm"",""x.quách phẩm"",""x quách phẩm"",""quách phẩm"",""quach pham"",""xa quach pham"",""xaquachpham"",""quachpham""]",ACTIVE
GHN_ADMIN_2025,2,1006640,1006640,,1000022,"Xã Thanh Tùng","[""xã thanh tùng"",""x.thanh tùng"",""x thanh tùng"",""thanh tùng"",""thanh tung"",""xa thanh tung"",""xathanhtung"",""thanhtung""]",ACTIVE
GHN_ADMIN_2025,2,1006641,1006641,,1000022,"Xã Trần Phán","[""xã trần phán"",""x.trần phán"",""x trần phán"",""trần phán"",""tran phan"",""xa tran phan"",""xatranphan"",""tranphan""]",ACTIVE
GHN_ADMIN_2025,2,1006642,1006642,,1000022,"Xã Tân Thuận","[""xã tân thuận"",""x.tân thuận"",""x tân thuận"",""tân thuận"",""tan thuan"",""xa tan thuan"",""xatanthuan"",""tanthuan""]",ACTIVE
GHN_ADMIN_2025,2,1006643,1006643,,1000022,"Xã Tân Tiến","[""xã tân tiến"",""x.tân tiến"",""x tân tiến"",""tân tiến"",""tan tien"",""xa tan tien"",""xatantien"",""tantien""]",ACTIVE
GHN_ADMIN_2025,2,1006644,1006644,,1000022,"Xã Tạ An Khương","[""xã tạ an khương"",""x.tạ an khương"",""x tạ an khương"",""tạ an khương"",""ta an khuong"",""xa ta an khuong"",""xataankhuong"",""taankhuong""]",ACTIVE
GHN_ADMIN_2025,2,1006645,1006645,,1000022,"Xã Đầm Dơi","[""xã đầm dơi"",""x.đầm dơi"",""x đầm dơi"",""đầm dơi"",""dam doi"",""xa dam doi"",""xadamdoi"",""damdoi""]",ACTIVE
GHN_ADMIN_2025,2,1006646,1006646,,1000022,"Phường An Xuyên","[""phường an xuyên"",""p.an xuyên"",""p an xuyên"",""an xuyên"",""an xuyen"",""phuong an xuyen"",""phuonganxuyen"",""anxuyen""]",ACTIVE
GHN_ADMIN_2025,2,1006647,1006647,,1000022,"Phường Hòa Thành","[""phường hòa thành"",""p.hòa thành"",""p hòa thành"",""hòa thành"",""hoa thanh"",""phuong hoa thanh"",""phuonghoathanh"",""hoathanh""]",ACTIVE
GHN_ADMIN_2025,2,1006648,1006648,,1000022,"Phường Lý Văn Lâm","[""phường lý văn lâm"",""p.lý văn lâm"",""p lý văn lâm"",""lý văn lâm"",""ly van lam"",""phuong ly van lam"",""phuonglyvanlam"",""lyvanlam""]",ACTIVE
GHN_ADMIN_2025,2,1006649,1006649,,1000022,"Phường Tân Thành","[""phường tân thành"",""p.tân thành"",""p tân thành"",""tân thành"",""tan thanh"",""phuong tan thanh"",""phuongtanthanh"",""tanthanh""]",ACTIVE
GHN_ADMIN_2025,2,1006650,1006650,,1000022,"Xã Hòa Bình","[""xã hòa bình"",""x.hòa bình"",""x hòa bình"",""hòa bình"",""hoa binh"",""xa hoa binh"",""xahoabinh"",""hoabinh""]",ACTIVE
GHN_ADMIN_2025,2,1006651,1006651,,1000022,"Xã Vĩnh Hậu","[""xã vĩnh hậu"",""x.vĩnh hậu"",""x vĩnh hậu"",""vĩnh hậu"",""vinh hau"",""xa vinh hau"",""xavinhhau"",""vinhhau""]",ACTIVE
GHN_ADMIN_2025,2,1006652,1006652,,1000022,"Xã Vĩnh Mỹ","[""xã vĩnh mỹ"",""x.vĩnh mỹ"",""x vĩnh mỹ"",""vĩnh mỹ"",""vinh my"",""xa vinh my"",""xavinhmy"",""vinhmy""]",ACTIVE
GHN_ADMIN_2025,2,1006653,1006653,,1000022,"Xã Hồng Dân","[""xã hồng dân"",""x.hồng dân"",""x hồng dân"",""hồng dân"",""hong dan"",""xa hong dan"",""xahongdan"",""hongdan""]",ACTIVE
GHN_ADMIN_2025,2,1006654,1006654,,1000022,"Xã Ninh Quới","[""xã ninh quới"",""x.ninh quới"",""x ninh quới"",""ninh quới"",""ninh quoi"",""xa ninh quoi"",""xaninhquoi"",""ninhquoi""]",ACTIVE
GHN_ADMIN_2025,2,1006655,1006655,,1000022,"Xã Ninh Thạnh Lợi","[""xã ninh thạnh lợi"",""x.ninh thạnh lợi"",""x ninh thạnh lợi"",""ninh thạnh lợi"",""ninh thanh loi"",""xa ninh thanh loi"",""xaninhthanhloi"",""ninhthanhloi""]",ACTIVE
GHN_ADMIN_2025,2,1006656,1006656,,1000022,"Xã Vĩnh Lộc","[""xã vĩnh lộc"",""x.vĩnh lộc"",""x vĩnh lộc"",""vĩnh lộc"",""vinh loc"",""xa vinh loc"",""xavinhloc"",""vinhloc""]",ACTIVE
GHN_ADMIN_2025,2,1006657,1006657,,1000022,"Xã Phong Hiệp","[""xã phong hiệp"",""x.phong hiệp"",""x phong hiệp"",""phong hiệp"",""phong hiep"",""xa phong hiep"",""xaphonghiep"",""phonghiep""]",ACTIVE
GHN_ADMIN_2025,2,1006658,1006658,,1000022,"Xã Phước Long","[""xã phước long"",""x.phước long"",""x phước long"",""phước long"",""phuoc long"",""xa phuoc long"",""xaphuoclong"",""phuoclong""]",ACTIVE
GHN_ADMIN_2025,2,1006659,1006659,,1000022,"Xã Vĩnh Phước","[""xã vĩnh phước"",""x.vĩnh phước"",""x vĩnh phước"",""vĩnh phước"",""vinh phuoc"",""xa vinh phuoc"",""xavinhphuoc"",""vinhphuoc""]",ACTIVE
GHN_ADMIN_2025,2,1006660,1006660,,1000022,"Xã Vĩnh Thanh","[""xã vĩnh thanh"",""x.vĩnh thanh"",""x vĩnh thanh"",""vĩnh thanh"",""vinh thanh"",""xa vinh thanh"",""xavinhthanh"",""vinhthanh""]",ACTIVE
GHN_ADMIN_2025,2,1006661,1006661,,1000022,"Xã Châu Thới","[""xã châu thới"",""x.châu thới"",""x châu thới"",""châu thới"",""chau thoi"",""xa chau thoi"",""xachauthoi"",""chauthoi""]",ACTIVE
GHN_ADMIN_2025,2,1006662,1006662,,1000022,"Xã Hưng Hội","[""xã hưng hội"",""x.hưng hội"",""x hưng hội"",""hưng hội"",""hung hoi"",""xa hung hoi"",""xahunghoi"",""hunghoi""]",ACTIVE
GHN_ADMIN_2025,2,1006663,1006663,,1000022,"Xã Vĩnh Lợi","[""xã vĩnh lợi"",""x.vĩnh lợi"",""x vĩnh lợi"",""vĩnh lợi"",""vinh loi"",""xa vinh loi"",""xavinhloi"",""vinhloi""]",ACTIVE
GHN_ADMIN_2025,2,1006664,1006664,,1000022,"Xã An Trạch","[""xã an trạch"",""x.an trạch"",""x an trạch"",""an trạch"",""an trach"",""xa an trach"",""xaantrach"",""antrach""]",ACTIVE
GHN_ADMIN_2025,2,1006665,1006665,,1000022,"Xã Gành Hào","[""xã gành hào"",""x.gành hào"",""x gành hào"",""gành hào"",""ganh hao"",""xa ganh hao"",""xaganhhao"",""ganhhao""]",ACTIVE
GHN_ADMIN_2025,2,1006666,1006666,,1000022,"Xã Long Điền","[""xã long điền"",""x.long điền"",""x long điền"",""long điền"",""long dien"",""xa long dien"",""xalongdien"",""longdien""]",ACTIVE
GHN_ADMIN_2025,2,1006667,1006667,,1000022,"Xã Đông Hải","[""xã đông hải"",""x.đông hải"",""x đông hải"",""đông hải"",""dong hai"",""xa dong hai"",""xadonghai"",""donghai""]",ACTIVE
GHN_ADMIN_2025,2,1006668,1006668,,1000022,"Xã Định Thành","[""xã định thành"",""x.định thành"",""x định thành"",""định thành"",""dinh thanh"",""xa dinh thanh"",""xadinhthanh"",""dinhthanh""]",ACTIVE
GHN_ADMIN_2025,2,1006669,1006669,,1000022,"Phường Bạc Liêu","[""phường bạc liêu"",""p.bạc liêu"",""p bạc liêu"",""bạc liêu"",""bac lieu"",""phuong bac lieu"",""phuongbaclieu"",""baclieu""]",ACTIVE
GHN_ADMIN_2025,2,1006670,1006670,,1000022,"Phường Hiệp Thành","[""phường hiệp thành"",""p.hiệp thành"",""p hiệp thành"",""hiệp thành"",""hiep thanh"",""phuong hiep thanh"",""phuonghiepthanh"",""hiepthanh""]",ACTIVE
GHN_ADMIN_2025,2,1006671,1006671,,1000022,"Phường Vĩnh Trạch","[""phường vĩnh trạch"",""p.vĩnh trạch"",""p vĩnh trạch"",""vĩnh trạch"",""vinh trach"",""phuong vinh trach"",""phuongvinhtrach"",""vinhtrach""]",ACTIVE
GHN_ADMIN_2025,2,1006672,1006672,,1000022,"Phường Giá Rai","[""phường giá rai"",""p.giá rai"",""p giá rai"",""giá rai"",""gia rai"",""phuong gia rai"",""phuonggiarai"",""giarai""]",ACTIVE
GHN_ADMIN_2025,2,1006673,1006673,,1000022,"Phường Láng Tròn","[""phường láng tròn"",""p.láng tròn"",""p láng tròn"",""láng tròn"",""lang tron"",""phuong lang tron"",""phuonglangtron"",""langtron""]",ACTIVE
GHN_ADMIN_2025,2,1006674,1006674,,1000022,"Xã Phong Thạnh","[""xã phong thạnh"",""x.phong thạnh"",""x phong thạnh"",""phong thạnh"",""phong thanh"",""xa phong thanh"",""xaphongthanh"",""phongthanh""]",ACTIVE
