region_code,region_name_vi,region_name_en,code,parent_code,name_vi,name_en
VN-01,An Giang,An Giang,VNAP25-B70EDA95D6,,An Phú,An Phu
VN-01,An Giang,An Giang,VNAP25-AECE8784BB,VNAP25-B70EDA95D6,An Phú,An Phu
VN-01,An Giang,An Giang,VNAP25-CC12D74B42,VNAP25-B70EDA95D6,Đa Phước,Da Phuoc
VN-01,An Giang,An Giang,VNAP25-A199BF1EAB,VNAP25-B70EDA95D6,Khánh An,Khanh An
VN-01,An Giang,An Giang,VNAP25-0016DE8FBD,VNAP25-B70EDA95D6,Khánh Bình,Khanh Binh
VN-01,An Giang,An Giang,VNAP25-ABECE63852,VNAP25-B70EDA95D6,Long Bình,Long Binh
VN-01,An Giang,An Giang,VNAP25-BA37B5A5D2,VNAP25-B70EDA95D6,Nhơn Hội,Nhon Hoi
VN-01,An Giang,An Giang,VNAP25-945893333B,VNAP25-B70EDA95D6,Phú Hội,Phu Hoi
VN-01,An Giang,An Giang,VNAP25-50C0B17E01,VNAP25-B70EDA95D6,Phú Hữu,Phu Huu
VN-01,An Giang,An Giang,VNAP25-A07590CB4B,VNAP25-B70EDA95D6,Phước Hưng,Phuoc Hung
VN-01,An Giang,An Giang,VNAP25-3DA74D86DF,VNAP25-B70EDA95D6,Quốc Thái,Quoc Thai
VN-01,An Giang,An Giang,VNAP25-9EE8AEA5D0,VNAP25-B70EDA95D6,Vĩnh Hậu,Vinh Hau
VN-01,An Giang,An Giang,VNAP25-ECC60724B8,VNAP25-B70EDA95D6,Vĩnh Hội Đông,Vinh Hoi Dong
VN-01,An Giang,An Giang,VNAP25-DEB43253F3,VNAP25-B70EDA95D6,Vĩnh Lộc,Vinh Loc
VN-01,An Giang,An Giang,VNAP25-F60E5CA942,VNAP25-B70EDA95D6,Vĩnh Trường,Vinh Truong
VN-01,An Giang,An Giang,VNAP25-6074F02CDA,,Châu Đốc,Chau Doc
VN-01,An Giang,An Giang,VNAP25-8079847EF1,VNAP25-6074F02CDA,Châu Phú A,Chau Phu A
VN-01,An Giang,An Giang,VNAP25-FE4DA0CD26,VNAP25-6074F02CDA,Châu Phú B,Chau Phu B
VN-01,An Giang,An Giang,VNAP25-A1C5F75DF2,VNAP25-6074F02CDA,Núi Sam,Nui Sam
VN-01,An Giang,An Giang,VNAP25-D15B6A8E7C,VNAP25-6074F02CDA,Vĩnh Châu,Vinh Chau
VN-01,An Giang,An Giang,VNAP25-3E0F02316C,VNAP25-6074F02CDA,Vĩnh Mỹ,Vinh My
VN-01,An Giang,An Giang,VNAP25-EDEAA3F0F7,VNAP25-6074F02CDA,Vĩnh Ngươn,Vinh Nguon
VN-01,An Giang,An Giang,VNAP25-69F5CD1440,VNAP25-6074F02CDA,Vĩnh Tế,Vinh Te
VN-01,An Giang,An Giang,VNAP25-9574E5771D,,Châu Phú,Chau Phu
VN-01,An Giang,An Giang,VNAP25-5C2AD70231,VNAP25-9574E5771D,Bình Chánh,Binh Chanh
VN-01,An Giang,An Giang,VNAP25-B17D3036FD,VNAP25-9574E5771D,Bình Long,Binh Long
VN-01,An Giang,An Giang,VNAP25-BF9422CE48,VNAP25-9574E5771D,Bình Mỹ,Binh My
VN-01,An Giang,An Giang,VNAP25-52469D7BBF,VNAP25-9574E5771D,Bình Phú,Binh Phu
VN-01,An Giang,An Giang,VNAP25-31FB2F9B9B,VNAP25-9574E5771D,Bình Thủy,Binh Thuy
VN-01,An Giang,An Giang,VNAP25-7E4C65C397,VNAP25-9574E5771D,Cái Dầu,Cai Dau
VN-01,An Giang,An Giang,VNAP25-E46156F411,VNAP25-9574E5771D,Đào Hữu Cảnh,Dao Huu Canh
VN-01,An Giang,An Giang,VNAP25-D4B2B7D177,VNAP25-9574E5771D,Khánh Hòa,Khanh Hoa
VN-01,An Giang,An Giang,VNAP25-37949A0F1E,VNAP25-9574E5771D,Mỹ Đức,My Duc
VN-01,An Giang,An Giang,VNAP25-B007BCD46D,VNAP25-9574E5771D,Mỹ Phú,My Phu
VN-01,An Giang,An Giang,VNAP25-9F7B91DB32,VNAP25-9574E5771D,Ô Long Vỹ,O Long Vy
VN-01,An Giang,An Giang,VNAP25-B8541F3D36,VNAP25-9574E5771D,Thạnh Mỹ Tây,Thanh My Tay
VN-01,An Giang,An Giang,VNAP25-7259CEAC5A,VNAP25-9574E5771D,Vĩnh Thạnh Trung,Vinh Thanh Trung
VN-01,An Giang,An Giang,VNAP25-14BDBEA8EB,,Châu Thành,Chau Thanh
VN-01,An Giang,An Giang,VNAP25-DA90151F54,VNAP25-14BDBEA8EB,An Châu,An Chau
VN-01,An Giang,An Giang,VNAP25-B95CAC8FEA,VNAP25-14BDBEA8EB,An Hòa,An Hoa
VN-01,An Giang,An Giang,VNAP25-2B40972055,VNAP25-14BDBEA8EB,Bình Hòa,Binh Hoa
VN-01,An Giang,An Giang,VNAP25-7EF912582C,VNAP25-14BDBEA8EB,Bình Thạnh,Binh Thanh
VN-01,An Giang,An Giang,VNAP25-60E68B34A1,VNAP25-14BDBEA8EB,Cần Đăng,Can Dang
VN-01,An Giang,An Giang,VNAP25-0DDAC19F7D,VNAP25-14BDBEA8EB,Hòa Bình Thạnh,Hoa Binh Thanh
VN-01,An Giang,An Giang,VNAP25-34B12D9514,VNAP25-14BDBEA8EB,Tân Phú,Tan Phu
VN-01,An Giang,An Giang,VNAP25-4E8120D391,VNAP25-14BDBEA8EB,Vĩnh An,Vinh An
VN-01,An Giang,An Giang,VNAP25-95DFD84F3F,VNAP25-14BDBEA8EB,Vĩnh Bình,Vinh Binh
VN-01,An Giang,An Giang,VNAP25-8478736F03,VNAP25-14BDBEA8EB,Vĩnh Hanh,Vinh Hanh
VN-01,An Giang,An Giang,VNAP25-33B1984063,VNAP25-14BDBEA8EB,Vĩnh Lợi,Vinh Loi
VN-01,An Giang,An Giang,VNAP25-7C61718A54,VNAP25-14BDBEA8EB,Vĩnh Nhuận,Vinh Nhuan
VN-01,An Giang,An Giang,VNAP25-183F5305FB,VNAP25-14BDBEA8EB,Vĩnh Thành,Vinh Thanh
VN-01,An Giang,An Giang,VNAP25-32EF7AC66D,,Chợ Mới,Cho Moi
VN-01,An Giang,An Giang,VNAP25-07AF1AAE23,VNAP25-32EF7AC66D,An Thạnh Trung,An Thanh Trung
VN-01,An Giang,An Giang,VNAP25-018A857FFC,VNAP25-32EF7AC66D,Bình Phước Xuân,Binh Phuoc Xuan
VN-01,An Giang,An Giang,VNAP25-0263E9D3CB,VNAP25-32EF7AC66D,Chợ Mới,Cho Moi
VN-01,An Giang,An Giang,VNAP25-9A8C348970,VNAP25-32EF7AC66D,Hòa An,Hoa An
VN-01,An Giang,An Giang,VNAP25-2C58CDE61B,VNAP25-32EF7AC66D,Hòa Bình,Hoa Binh
VN-01,An Giang,An Giang,VNAP25-F88B80E051,VNAP25-32EF7AC66D,Hội An,Hoi An
VN-01,An Giang,An Giang,VNAP25-BAF662A505,VNAP25-32EF7AC66D,Kiến An,Kien An
VN-01,An Giang,An Giang,VNAP25-A4DCE96248,VNAP25-32EF7AC66D,Kiến Thành,Kien Thanh
VN-01,An Giang,An Giang,VNAP25-5EB7C5AC57,VNAP25-32EF7AC66D,Long Điền A,Long Dien A
VN-01,An Giang,An Giang,VNAP25-5C58D7B59E,VNAP25-32EF7AC66D,Long Điền B,Long Dien B
VN-01,An Giang,An Giang,VNAP25-9C759D2088,VNAP25-32EF7AC66D,Long Giang,Long Giang
VN-01,An Giang,An Giang,VNAP25-359F57E5F8,VNAP25-32EF7AC66D,Long Kiến,Long Kien
VN-01,An Giang,An Giang,VNAP25-932FD65594,VNAP25-32EF7AC66D,Mỹ An,My An
VN-01,An Giang,An Giang,VNAP25-96FA85E494,VNAP25-32EF7AC66D,Mỹ Hiệp,My Hiep
VN-01,An Giang,An Giang,VNAP25-E323E9081F,VNAP25-32EF7AC66D,Mỹ Hội Đông,My Hoi Dong
VN-01,An Giang,An Giang,VNAP25-7BAF15EE0D,VNAP25-32EF7AC66D,Mỹ Luông,My Luong
VN-01,An Giang,An Giang,VNAP25-0969ADE733,VNAP25-32EF7AC66D,Nhơn Mỹ,Nhon My
VN-01,An Giang,An Giang,VNAP25-F88DC0642B,VNAP25-32EF7AC66D,Tấn Mỹ,Tan My
VN-01,An Giang,An Giang,VNAP25-8B9D62550F,,Long Xuyên,Long Xuyen
VN-01,An Giang,An Giang,VNAP25-318A77C22C,VNAP25-8B9D62550F,Bình Đức,Binh Duc
VN-01,An Giang,An Giang,VNAP25-9A8A446A5D,VNAP25-8B9D62550F,Bình Khánh,Binh Khanh
VN-01,An Giang,An Giang,VNAP25-9BA3D0183E,VNAP25-8B9D62550F,Mỹ Bình,My Binh
VN-01,An Giang,An Giang,VNAP25-C07C880CFC,VNAP25-8B9D62550F,Mỹ Hòa,My Hoa
VN-01,An Giang,An Giang,VNAP25-1364C20919,VNAP25-8B9D62550F,Mỹ Hòa Hưng,My Hoa Hung
VN-01,An Giang,An Giang,VNAP25-EF448BAAAE,VNAP25-8B9D62550F,Mỹ Khánh,My Khanh
VN-01,An Giang,An Giang,VNAP25-71DA59AD4E,VNAP25-8B9D62550F,Mỹ Long,My Long
VN-01,An Giang,An Giang,VNAP25-2C608F99C5,VNAP25-8B9D62550F,Mỹ Phước,My Phuoc
VN-01,An Giang,An Giang,VNAP25-3CC86437F3,VNAP25-8B9D62550F,Mỹ Quý,My Quy
VN-01,An Giang,An Giang,VNAP25-4BF3E583D6,VNAP25-8B9D62550F,Mỹ Thạnh,My Thanh
VN-01,An Giang,An Giang,VNAP25-84598EBD84,VNAP25-8B9D62550F,Mỹ Thới,My Thoi
VN-01,An Giang,An Giang,VNAP25-D9D401622E,VNAP25-8B9D62550F,Mỹ Xuyên,My Xuyen
VN-01,An Giang,An Giang,VNAP25-5EFFFE84FF,,Phú Tân,Phu Tan
VN-01,An Giang,An Giang,VNAP25-BC35C84D8F,VNAP25-5EFFFE84FF,Bình Thạnh Đông,Binh Thanh Dong
VN-01,An Giang,An Giang,VNAP25-BBA7B5E80C,VNAP25-5EFFFE84FF,Chợ Vàm,Cho Vam
VN-01,An Giang,An Giang,VNAP25-58F6987F69,VNAP25-5EFFFE84FF,Hiệp Xương,Hiep Xuong
VN-01,An Giang,An Giang,VNAP25-A967F87B97,VNAP25-5EFFFE84FF,Hòa Lạc,Hoa Lac
VN-01,An Giang,An Giang,VNAP25-88B8A03A63,VNAP25-5EFFFE84FF,Long Hòa,Long Hoa
VN-01,An Giang,An Giang,VNAP25-C732E393E9,VNAP25-5EFFFE84FF,Phú An,Phu An
VN-01,An Giang,An Giang,VNAP25-83A03285B9,VNAP25-5EFFFE84FF,Phú Bình,Phu Binh
VN-01,An Giang,An Giang,VNAP25-C9E7CA8625,VNAP25-5EFFFE84FF,Phú Hiệp,Phu Hiep
VN-01,An Giang,An Giang,VNAP25-71EA2DE9EA,VNAP25-5EFFFE84FF,Phú Hưng,Phu Hung
VN-01,An Giang,An Giang,VNAP25-F54B966A9B,VNAP25-5EFFFE84FF,Phú Lâm,Phu Lam
VN-01,An Giang,An Giang,VNAP25-BA44518E22,VNAP25-5EFFFE84FF,Phú Long,Phu Long
VN-01,An Giang,An Giang,VNAP25-95E58A774C,VNAP25-5EFFFE84FF,Phú Mỹ,Phu My
VN-01,An Giang,An Giang,VNAP25-58618F308D,VNAP25-5EFFFE84FF,Phú Thành,Phu Thanh
VN-01,An Giang,An Giang,VNAP25-847F9F7C05,VNAP25-5EFFFE84FF,Phú Thọ,Phu Tho
VN-01,An Giang,An Giang,VNAP25-04C8B5E06D,VNAP25-5EFFFE84FF,Phú Xuân,Phu Xuan
VN-01,An Giang,An Giang,VNAP25-2CA67CD8E1,VNAP25-5EFFFE84FF,Tân Hòa,Tan Hoa
VN-01,An Giang,An Giang,VNAP25-EEE422FD58,VNAP25-5EFFFE84FF,Tân Trung,Tan Trung
VN-01,An Giang,An Giang,VNAP25-2492BC5226,,Tân Châu,Tan Chau
VN-01,An Giang,An Giang,VNAP25-C40327D2BF,VNAP25-2492BC5226,Châu Phong,Chau Phong
VN-01,An Giang,An Giang,VNAP25-85DB1C115D,VNAP25-2492BC5226,Lê Chánh,Le Chanh
VN-01,An Giang,An Giang,VNAP25-B870587C32,VNAP25-2492BC5226,Long An,Long An
VN-01,An Giang,An Giang,VNAP25-11C40AC86B,VNAP25-2492BC5226,Long Châu,Long Chau
VN-01,An Giang,An Giang,VNAP25-E1AD893FD8,VNAP25-2492BC5226,Long Hưng,Long Hung
VN-01,An Giang,An Giang,VNAP25-6BB58292CF,VNAP25-2492BC5226,Long Phú,Long Phu
VN-01,An Giang,An Giang,VNAP25-069A71B1F5,VNAP25-2492BC5226,Long Sơn,Long Son
VN-01,An Giang,An Giang,VNAP25-BEF7903B00,VNAP25-2492BC5226,Long Thạnh,Long Thanh
VN-01,An Giang,An Giang,VNAP25-4F66ABCF3E,VNAP25-2492BC5226,Phú Lộc,Phu Loc
VN-01,An Giang,An Giang,VNAP25-5EB55F236B,VNAP25-2492BC5226,Phú Vĩnh,Phu Vinh
VN-01,An Giang,An Giang,VNAP25-7B7D5C1FD4,VNAP25-2492BC5226,Tân An,Tan An
VN-01,An Giang,An Giang,VNAP25-D070E59410,VNAP25-2492BC5226,Tân Thạnh,Tan Thanh
VN-01,An Giang,An Giang,VNAP25-B93CB4DAD9,VNAP25-2492BC5226,Vĩnh Hòa,Vinh Hoa
VN-01,An Giang,An Giang,VNAP25-0887ACA8F1,VNAP25-2492BC5226,Vĩnh Xương,Vinh Xuong
VN-01,An Giang,An Giang,VNAP25-E397D3CFB1,,Thoại Sơn,Thoai Son
VN-01,An Giang,An Giang,VNAP25-E9E29AB479,VNAP25-E397D3CFB1,An Bình,An Binh
VN-01,An Giang,An Giang,VNAP25-A595624128,VNAP25-E397D3CFB1,Bình Thành,Binh Thanh
VN-01,An Giang,An Giang,VNAP25-0C08FB1728,VNAP25-E397D3CFB1,Định Mỹ,Dinh My
VN-01,An Giang,An Giang,VNAP25-72D3E4D225,VNAP25-E397D3CFB1,Định Thành,Dinh Thanh
VN-01,An Giang,An Giang,VNAP25-B6450C5038,VNAP25-E397D3CFB1,Mỹ Phú Đông,My Phu Dong
VN-01,An Giang,An Giang,VNAP25-0B1F39F45B,VNAP25-E397D3CFB1,Núi Sập,Nui Sap
VN-01,An Giang,An Giang,VNAP25-DABF65AFCD,VNAP25-E397D3CFB1,Óc Eo,Oc Eo
VN-01,An Giang,An Giang,VNAP25-722BC9E0E7,VNAP25-E397D3CFB1,Phú Hòa,Phu Hoa
VN-01,An Giang,An Giang,VNAP25-9A4F766C41,VNAP25-E397D3CFB1,Phú Thuận,Phu Thuan
VN-01,An Giang,An Giang,VNAP25-4F596E1FE3,VNAP25-E397D3CFB1,Tây Phú,Tay Phu
VN-01,An Giang,An Giang,VNAP25-0CC1A1FAF8,VNAP25-E397D3CFB1,Thoại Giang,Thoai Giang
VN-01,An Giang,An Giang,VNAP25-62ACABAB8E,VNAP25-E397D3CFB1,Vĩnh Chánh,Vinh Chanh
VN-01,An Giang,An Giang,VNAP25-E6631E0DDF,VNAP25-E397D3CFB1,Vĩnh Khánh,Vinh Khanh
VN-01,An Giang,An Giang,VNAP25-24E22D0FD7,VNAP25-E397D3CFB1,Vĩnh Phú,Vinh Phu
VN-01,An Giang,An Giang,VNAP25-FA58D42D1F,VNAP25-E397D3CFB1,Vĩnh Trạch,Vinh Trach
VN-01,An Giang,An Giang,VNAP25-D47D9C25F5,VNAP25-E397D3CFB1,Vọng Đông,Vong Dong
VN-01,An Giang,An Giang,VNAP25-F84CFDE4CE,VNAP25-E397D3CFB1,Vọng Thê,Vong The
VN-01,An Giang,An Giang,VNAP25-7F165827C1,,Tịnh Biên,Tinh Bien
VN-01,An Giang,An Giang,VNAP25-1A9209CBB1,VNAP25-7F165827C1,An Cư,An Cu
VN-01,An Giang,An Giang,VNAP25-504FF10A1B,VNAP25-7F165827C1,An Hảo,An Hao
VN-01,An Giang,An Giang,VNAP25-F77BB3C1C5,VNAP25-7F165827C1,An Nông,An Nong
VN-01,An Giang,An Giang,VNAP25-691119209D,VNAP25-7F165827C1,An Phú,An Phu
VN-01,An Giang,An Giang,VNAP25-53DFAFC24C,VNAP25-7F165827C1,Chi Lăng,Chi Lang
VN-01,An Giang,An Giang,VNAP25-9914B38573,VNAP25-7F165827C1,Nhà Bàng,Nha Bang
VN-01,An Giang,An Giang,VNAP25-BC462E7BCE,VNAP25-7F165827C1,Nhơn Hưng,Nhon Hung
VN-01,An Giang,An Giang,VNAP25-23EF491CF0,VNAP25-7F165827C1,Núi Voi,Nui Voi
VN-01,An Giang,An Giang,VNAP25-00637718C3,VNAP25-7F165827C1,Tân Lập,Tan Lap
VN-01,An Giang,An Giang,VNAP25-3105D08E31,VNAP25-7F165827C1,Tân Lợi,Tan Loi
VN-01,An Giang,An Giang,VNAP25-0033E15EAC,VNAP25-7F165827C1,Thới Sơn,Thoi Son
VN-01,An Giang,An Giang,VNAP25-5AAA7CABC4,VNAP25-7F165827C1,Tịnh Biên,Tinh Bien
VN-01,An Giang,An Giang,VNAP25-D870BC4EA2,VNAP25-7F165827C1,Văn Giáo,Van Giao
VN-01,An Giang,An Giang,VNAP25-8A417A99B0,VNAP25-7F165827C1,Vĩnh Trung,Vinh Trung
VN-01,An Giang,An Giang,VNAP25-0DCF8A3997,,Tri Tôn,Tri Ton
VN-01,An Giang,An Giang,VNAP25-A9D5B00AE7,VNAP25-0DCF8A3997,An Tức,An Tuc
VN-01,An Giang,An Giang,VNAP25-8301C4BDE1,VNAP25-0DCF8A3997,Ba Chúc,Ba Chuc
VN-01,An Giang,An Giang,VNAP25-53C6D51218,VNAP25-0DCF8A3997,Châu Lăng,Chau Lang
VN-01,An Giang,An Giang,VNAP25-CC74211F04,VNAP25-0DCF8A3997,Cô Tô,Co To
VN-01,An Giang,An Giang,VNAP25-CBD83B44B5,VNAP25-0DCF8A3997,Lạc Quới,Lac Quoi
VN-01,An Giang,An Giang,VNAP25-7D9AD92701,VNAP25-0DCF8A3997,Lê Trì,Le Tri
VN-01,An Giang,An Giang,VNAP25-E03409D7AB,VNAP25-0DCF8A3997,Lương An Trà,Luong An Tra
VN-01,An Giang,An Giang,VNAP25-2F55379C6B,VNAP25-0DCF8A3997,Lương Phi,Luong Phi
VN-01,An Giang,An Giang,VNAP25-9FCD9D6290,VNAP25-0DCF8A3997,Núi Tô,Nui To
VN-01,An Giang,An Giang,VNAP25-200A5F3251,VNAP25-0DCF8A3997,Ô Lâm,O Lam
VN-01,An Giang,An Giang,VNAP25-6FFA863C0E,VNAP25-0DCF8A3997,Tà Đảnh,Ta Danh
VN-01,An Giang,An Giang,VNAP25-68C5367D0C,VNAP25-0DCF8A3997,Tân Tuyến,Tan Tuyen
VN-01,An Giang,An Giang,VNAP25-DDB338585D,VNAP25-0DCF8A3997,Tri Tôn,Tri Ton
VN-01,An Giang,An Giang,VNAP25-15A7DCFE3B,VNAP25-0DCF8A3997,Vĩnh Gia,Vinh Gia
VN-01,An Giang,An Giang,VNAP25-FE9E386E6C,VNAP25-0DCF8A3997,Vĩnh Phước,Vinh Phuoc
VN-02,Bà Rịa - Vũng Tàu,Ba Ria - Vung Tau,VNAP25-0F9AD1B119,,Bà Rịa,Ba Ria
VN-02,Bà Rịa - Vũng Tàu,Ba Ria - Vung Tau,VNAP25-0B188BE576,VNAP25-0F9AD1B119,Hòa Long,Hoa Long
VN-02,Bà Rịa - Vũng Tàu,Ba Ria - Vung Tau,VNAP25-889C16D130,VNAP25-0F9AD1B119,Kim Dinh,Kim Dinh
VN-02,Bà Rịa - Vũng Tàu,Ba Ria - Vung Tau,VNAP25-AE0EAB30A4,VNAP25-0F9AD1B119,Long Hương,Long Huong
VN-02,Bà Rịa - Vũng Tàu,Ba Ria - Vung Tau,VNAP25-024572A4E0,VNAP25-0F9AD1B119,Long Phước,Long Phuoc
VN-02,Bà Rịa - Vũng Tàu,Ba Ria - Vung Tau,VNAP25-DC1423BE70,VNAP25-0F9AD1B119,Long Tâm,Long Tam
VN-02,Bà Rịa - Vũng Tàu,Ba Ria - Vung Tau,VNAP25-3B5CC6ADA1,VNAP25-0F9AD1B119,Long Toàn,Long Toan
VN-02,Bà Rịa - Vũng Tàu,Ba Ria - Vung Tau,VNAP25-B40637F089,VNAP25-0F9AD1B119,Phước Hưng,Phuoc Hung
VN-02,Bà Rịa - Vũng Tàu,Ba Ria - Vung Tau,VNAP25-229C64C2D8,VNAP25-0F9AD1B119,Phước Nguyên,Phuoc Nguyen
VN-02,Bà Rịa - Vũng Tàu,Ba Ria - Vung Tau,VNAP25-9CD9353EF5,VNAP25-0F9AD1B119,Phước Trung,Phuoc Trung
VN-02,Bà Rịa - Vũng Tàu,Ba Ria - Vung Tau,VNAP25-A90EFE54E4,VNAP25-0F9AD1B119,Tân Hưng,Tan Hung
VN-02,Bà Rịa - Vũng Tàu,Ba Ria - Vung Tau,VNAP25-8006F4C7B7,,Châu Đức,Chau Duc
VN-02,Bà Rịa - Vũng Tàu,Ba Ria - Vung Tau,VNAP25-356BF212C5,VNAP25-8006F4C7B7,Bàu Chinh,Bau Chinh
VN-02,Bà Rịa - Vũng Tàu,Ba Ria - Vung Tau,VNAP25-11663B748E,VNAP25-8006F4C7B7,Bình Ba,Binh Ba
VN-02,Bà Rịa - Vũng Tàu,Ba Ria - Vung Tau,VNAP25-0AF17A9B30,VNAP25-8006F4C7B7,Bình Giã,Binh Gia
VN-02,Bà Rịa - Vũng Tàu,Ba Ria - Vung Tau,VNAP25-65194460C0,VNAP25-8006F4C7B7,Bình Trung,Binh Trung
VN-02,Bà Rịa - Vũng Tàu,Ba Ria - Vung Tau,VNAP25-6F3BF87C0B,VNAP25-8006F4C7B7,Cù Bị,Cu Bi
VN-02,Bà Rịa - Vũng Tàu,Ba Ria - Vung Tau,VNAP25-77BA39DA0D,VNAP25-8006F4C7B7,Đá Bạc,Da Bac
VN-02,Bà Rịa - Vũng Tàu,Ba Ria - Vung Tau,VNAP25-92BC9D5DF6,VNAP25-8006F4C7B7,Kim Long,Kim Long
VN-02,Bà Rịa - Vũng Tàu,Ba Ria - Vung Tau,VNAP25-C4CD004FC9,VNAP25-8006F4C7B7,Láng Lớn,Lang Lon
VN-02,Bà Rịa - Vũng Tàu,Ba Ria - Vung Tau,VNAP25-CBB8253C41,VNAP25-8006F4C7B7,Ngãi Giao,Ngai Giao
VN-02,Bà Rịa - Vũng Tàu,Ba Ria - Vung Tau,VNAP25-1FB9DF1C4F,VNAP25-8006F4C7B7,Nghĩa Thành,Nghia Thanh
VN-02,Bà Rịa - Vũng Tàu,Ba Ria - Vung Tau,VNAP25-1E91F49BE3,VNAP25-8006F4C7B7,Quảng Thành,Quang Thanh
VN-02,Bà Rịa - Vũng Tàu,Ba Ria - Vung Tau,VNAP25-7128C60E4D,VNAP25-8006F4C7B7,Sơn Bình,Son Binh
VN-02,Bà Rịa - Vũng Tàu,Ba Ria - Vung Tau,VNAP25-27D16EFD9D,VNAP25-8006F4C7B7,Suối Nghệ,Suoi Nghe
VN-02,Bà Rịa - Vũng Tàu,Ba Ria - Vung Tau,VNAP25-55FCAD8C8A,VNAP25-8006F4C7B7,Suối Rao,Suoi Rao
VN-02,Bà Rịa - Vũng Tàu,Ba Ria - Vung Tau,VNAP25-B8FFE324A2,VNAP25-8006F4C7B7,Xà Bang,Xa Bang
VN-02,Bà Rịa - Vũng Tàu,Ba Ria - Vung Tau,VNAP25-B469FF5483,VNAP25-8006F4C7B7,Xuân Sơn,Xuan Son
VN-02,Bà Rịa - Vũng Tàu,Ba Ria - Vung Tau,VNAP25-F092EBC0E1,,Côn Đảo,Con Dao
VN-02,Bà Rịa - Vũng Tàu,Ba Ria - Vung Tau,VNAP25-74CE3DAAB9,,Long Đất,Long Dat
VN-02,Bà Rịa - Vũng Tàu,Ba Ria - Vung Tau,VNAP25-68D96FD162,VNAP25-74CE3DAAB9,Đất Đỏ,Dat Do
VN-02,Bà Rịa - Vũng Tàu,Ba Ria - Vung Tau,VNAP25-674A6B80B1,VNAP25-74CE3DAAB9,Láng Dài,Lang Dai
VN-02,Bà Rịa - Vũng Tàu,Ba Ria - Vung Tau,VNAP25-A61E8DEB39,VNAP25-74CE3DAAB9,Long Điền,Long Dien
VN-02,Bà Rịa - Vũng Tàu,Ba Ria - Vung Tau,VNAP25-0A3266E682,VNAP25-74CE3DAAB9,Long Hải,Long Hai
VN-02,Bà Rịa - Vũng Tàu,Ba Ria - Vung Tau,VNAP25-BDDECADB98,VNAP25-74CE3DAAB9,Long Tân,Long Tan
VN-02,Bà Rịa - Vũng Tàu,Ba Ria - Vung Tau,VNAP25-A59B934474,VNAP25-74CE3DAAB9,Phước Hải,Phuoc Hai
VN-02,Bà Rịa - Vũng Tàu,Ba Ria - Vung Tau,VNAP25-923CC8CA1B,VNAP25-74CE3DAAB9,Phước Hội,Phuoc Hoi
VN-02,Bà Rịa - Vũng Tàu,Ba Ria - Vung Tau,VNAP25-C002F683E8,VNAP25-74CE3DAAB9,Phước Hưng,Phuoc Hung
VN-02,Bà Rịa - Vũng Tàu,Ba Ria - Vung Tau,VNAP25-1061503469,VNAP25-74CE3DAAB9,Phước Long Thọ,Phuoc Long Tho
VN-02,Bà Rịa - Vũng Tàu,Ba Ria - Vung Tau,VNAP25-825D82D6C1,VNAP25-74CE3DAAB9,Phước Tỉnh,Phuoc Tinh
VN-02,Bà Rịa - Vũng Tàu,Ba Ria - Vung Tau,VNAP25-C03906956A,VNAP25-74CE3DAAB9,Tam An,Tam An
VN-02,Bà Rịa - Vũng Tàu,Ba Ria - Vung Tau,VNAP25-5987CD6A45,,Phú Mỹ,Phu My
VN-02,Bà Rịa - Vũng Tàu,Ba Ria - Vung Tau,VNAP25-79FB6203FF,VNAP25-5987CD6A45,Châu Pha,Chau Pha
VN-02,Bà Rịa - Vũng Tàu,Ba Ria - Vung Tau,VNAP25-C3184FFA7B,VNAP25-5987CD6A45,Hắc Dịch,Hac Dich
VN-02,Bà Rịa - Vũng Tàu,Ba Ria - Vung Tau,VNAP25-A1707CE32E,VNAP25-5987CD6A45,Mỹ Xuân,My Xuan
VN-02,Bà Rịa - Vũng Tàu,Ba Ria - Vung Tau,VNAP25-DBE4E9597A,VNAP25-5987CD6A45,Phú Mỹ,Phu My
VN-02,Bà Rịa - Vũng Tàu,Ba Ria - Vung Tau,VNAP25-DB9A30AFA6,VNAP25-5987CD6A45,Phước Hòa,Phuoc Hoa
VN-02,Bà Rịa - Vũng Tàu,Ba Ria - Vung Tau,VNAP25-4DD4228F64,VNAP25-5987CD6A45,Sông Xoài,Song Xoai
VN-02,Bà Rịa - Vũng Tàu,Ba Ria - Vung Tau,VNAP25-D24F66C3AB,VNAP25-5987CD6A45,Tân Hải,Tan Hai
VN-02,Bà Rịa - Vũng Tàu,Ba Ria - Vung Tau,VNAP25-41C8162ADF,VNAP25-5987CD6A45,Tân Hòa,Tan Hoa
VN-02,Bà Rịa - Vũng Tàu,Ba Ria - Vung Tau,VNAP25-D723379F23,VNAP25-5987CD6A45,Tân Phước,Tan Phuoc
VN-02,Bà Rịa - Vũng Tàu,Ba Ria - Vung Tau,VNAP25-F1DC0D4FC6,VNAP25-5987CD6A45,Tóc Tiên,Toc Tien
VN-02,Bà Rịa - Vũng Tàu,Ba Ria - Vung Tau,VNAP25-CF502A02DE,,Vũng Tàu,Vung Tau
VN-02,Bà Rịa - Vũng Tàu,Ba Ria - Vung Tau,VNAP25-3D29CBD95D,VNAP25-CF502A02DE,1,1
VN-02,Bà Rịa - Vũng Tàu,Ba Ria - Vung Tau,VNAP25-0AE6D9A591,VNAP25-CF502A02DE,10,10
VN-02,Bà Rịa - Vũng Tàu,Ba Ria - Vung Tau,VNAP25-4B9192675E,VNAP25-CF502A02DE,11,11
VN-02,Bà Rịa - Vũng Tàu,Ba Ria - Vung Tau,VNAP25-455E357CE3,VNAP25-CF502A02DE,12,12
VN-02,Bà Rịa - Vũng Tàu,Ba Ria - Vung Tau,VNAP25-8B874715AF,VNAP25-CF502A02DE,2,2
VN-02,Bà Rịa - Vũng Tàu,Ba Ria - Vung Tau,VNAP25-80759D0853,VNAP25-CF502A02DE,3,3
VN-02,Bà Rịa - Vũng Tàu,Ba Ria - Vung Tau,VNAP25-BC95D46BEB,VNAP25-CF502A02DE,4,4
VN-02,Bà Rịa - Vũng Tàu,Ba Ria - Vung Tau,VNAP25-59F4070FCC,VNAP25-CF502A02DE,5,5
VN-02,Bà Rịa - Vũng Tàu,Ba Ria - Vung Tau,VNAP25-1F711D1B7B,VNAP25-CF502A02DE,7,7
VN-02,Bà Rịa - Vũng Tàu,Ba Ria - Vung Tau,VNAP25-ADC183B0F0,VNAP25-CF502A02DE,8,8
VN-02,Bà Rịa - Vũng Tàu,Ba Ria - Vung Tau,VNAP25-31C15EB605,VNAP25-CF502A02DE,9,9
VN-02,Bà Rịa - Vũng Tàu,Ba Ria - Vung Tau,VNAP25-9AA42D1B86,VNAP25-CF502A02DE,Long Sơn,Long Son
VN-02,Bà Rịa - Vũng Tàu,Ba Ria - Vung Tau,VNAP25-ABFCB650C8,VNAP25-CF502A02DE,Nguyễn An Ninh,Nguyen An Ninh
VN-02,Bà Rịa - Vũng Tàu,Ba Ria - Vung Tau,VNAP25-5B6B51C744,VNAP25-CF502A02DE,Rạch Dừa,Rach Dua
VN-02,Bà Rịa - Vũng Tàu,Ba Ria - Vung Tau,VNAP25-1C2E80CF0B,VNAP25-CF502A02DE,Thắng Nhất,Thang Nhat
VN-02,Bà Rịa - Vũng Tàu,Ba Ria - Vung Tau,VNAP25-2ED363F701,VNAP25-CF502A02DE,Thắng Nhì,Thang Nhi
VN-02,Bà Rịa - Vũng Tàu,Ba Ria - Vung Tau,VNAP25-C6451F8D1B,VNAP25-CF502A02DE,Thắng Tam,Thang Tam
VN-02,Bà Rịa - Vũng Tàu,Ba Ria - Vung Tau,VNAP25-E7DA74F2BE,,Xuyên Mộc,Xuyen Moc
VN-02,Bà Rịa - Vũng Tàu,Ba Ria - Vung Tau,VNAP25-82520661E4,VNAP25-E7DA74F2BE,Bàu Lâm,Bau Lam
VN-02,Bà Rịa - Vũng Tàu,Ba Ria - Vung Tau,VNAP25-AEFA5CA101,VNAP25-E7DA74F2BE,Bình Châu,Binh Chau
VN-02,Bà Rịa - Vũng Tàu,Ba Ria - Vung Tau,VNAP25-C6D57C7FD7,VNAP25-E7DA74F2BE,Bông Trang,Bong Trang
VN-02,Bà Rịa - Vũng Tàu,Ba Ria - Vung Tau,VNAP25-A6DFF3A2E5,VNAP25-E7DA74F2BE,Bưng Riềng,Bung Rieng
VN-02,Bà Rịa - Vũng Tàu,Ba Ria - Vung Tau,VNAP25-2962AD084C,VNAP25-E7DA74F2BE,Hòa Bình,Hoa Binh
VN-02,Bà Rịa - Vũng Tàu,Ba Ria - Vung Tau,VNAP25-98119CBB6E,VNAP25-E7DA74F2BE,Hòa Hiệp,Hoa Hiep
VN-02,Bà Rịa - Vũng Tàu,Ba Ria - Vung Tau,VNAP25-46FB66846B,VNAP25-E7DA74F2BE,Hòa Hội,Hoa Hoi
VN-02,Bà Rịa - Vũng Tàu,Ba Ria - Vung Tau,VNAP25-E71C9DF33F,VNAP25-E7DA74F2BE,Hòa Hưng,Hoa Hung
VN-02,Bà Rịa - Vũng Tàu,Ba Ria - Vung Tau,VNAP25-94ECA8961F,VNAP25-E7DA74F2BE,Phước Bửu,Phuoc Buu
VN-02,Bà Rịa - Vũng Tàu,Ba Ria - Vung Tau,VNAP25-6DD3E98D59,VNAP25-E7DA74F2BE,Phước Tân,Phuoc Tan
VN-02,Bà Rịa - Vũng Tàu,Ba Ria - Vung Tau,VNAP25-141C1655E1,VNAP25-E7DA74F2BE,Phước Thuận,Phuoc Thuan
VN-02,Bà Rịa - Vũng Tàu,Ba Ria - Vung Tau,VNAP25-E9A910D9BF,VNAP25-E7DA74F2BE,Tân Lâm,Tan Lam
VN-02,Bà Rịa - Vũng Tàu,Ba Ria - Vung Tau,VNAP25-40D12280A1,VNAP25-E7DA74F2BE,Xuyên Mộc,Xuyen Moc
VN-03,Bắc Giang,Bac Giang,VNAP25-B0939843D4,,Bắc Giang,Bac Giang
VN-03,Bắc Giang,Bac Giang,VNAP25-F74D08192A,VNAP25-B0939843D4,Cảnh Thụy,Canh Thuy
VN-03,Bắc Giang,Bac Giang,VNAP25-2AE7DFDFA3,VNAP25-B0939843D4,Đa Mai,Da Mai
VN-03,Bắc Giang,Bac Giang,VNAP25-20C457C9AE,VNAP25-B0939843D4,Dĩnh Kế,Dinh Ke
VN-03,Bắc Giang,Bac Giang,VNAP25-D6A6618136,VNAP25-B0939843D4,Dĩnh Trì,Dinh Tri
VN-03,Bắc Giang,Bac Giang,VNAP25-AC358CEF6F,VNAP25-B0939843D4,Đồng Phúc,Dong Phuc
VN-03,Bắc Giang,Bac Giang,VNAP25-4E3B816DBA,VNAP25-B0939843D4,Đồng Sơn,Dong Son
VN-03,Bắc Giang,Bac Giang,VNAP25-EACFE51A3E,VNAP25-B0939843D4,Đồng Việt,Dong Viet
VN-03,Bắc Giang,Bac Giang,VNAP25-8EE74CE035,VNAP25-B0939843D4,Đức Giang,Duc Giang
VN-03,Bắc Giang,Bac Giang,VNAP25-FC18A38C84,VNAP25-B0939843D4,Hoàng Văn Thụ,Hoang Van Thu
VN-03,Bắc Giang,Bac Giang,VNAP25-F4CFE1E376,VNAP25-B0939843D4,Hương Gián,Huong Gian
VN-03,Bắc Giang,Bac Giang,VNAP25-A9EB411E69,VNAP25-B0939843D4,Lãng Sơn,Lang Son
VN-03,Bắc Giang,Bac Giang,VNAP25-D9D23AB600,VNAP25-B0939843D4,Mỹ Độ,My Do
VN-03,Bắc Giang,Bac Giang,VNAP25-267329F7DE,VNAP25-B0939843D4,Ngô Quyền,Ngo Quyen
VN-03,Bắc Giang,Bac Giang,VNAP25-85ABB5A90A,VNAP25-B0939843D4,Nham Biền,Nham Bien
VN-03,Bắc Giang,Bac Giang,VNAP25-1645D8B995,VNAP25-B0939843D4,Nội Hoàng,Noi Hoang
VN-03,Bắc Giang,Bac Giang,VNAP25-3196728A76,VNAP25-B0939843D4,Quỳnh Sơn,Quynh Son
VN-03,Bắc Giang,Bac Giang,VNAP25-EB54E05283,VNAP25-B0939843D4,Song Khê,Song Khe
VN-03,Bắc Giang,Bac Giang,VNAP25-DE072E422B,VNAP25-B0939843D4,Song Mai,Song Mai
VN-03,Bắc Giang,Bac Giang,VNAP25-CCF524C2FC,VNAP25-B0939843D4,Tân An,Tan An
VN-03,Bắc Giang,Bac Giang,VNAP25-59D5B99D8C,VNAP25-B0939843D4,Tân Liễu,Tan Lieu
VN-03,Bắc Giang,Bac Giang,VNAP25-9B7A0E5B30,VNAP25-B0939843D4,Tân Mỹ,Tan My
VN-03,Bắc Giang,Bac Giang,VNAP25-EDDD46E17B,VNAP25-B0939843D4,Tân Tiến,Tan Tien
VN-03,Bắc Giang,Bac Giang,VNAP25-15BF6AA3C1,VNAP25-B0939843D4,Thọ Xương,Tho Xuong
VN-03,Bắc Giang,Bac Giang,VNAP25-FBDAC1891E,VNAP25-B0939843D4,Tiến Dũng,Tien Dung
VN-03,Bắc Giang,Bac Giang,VNAP25-FEF6D375A6,VNAP25-B0939843D4,Tiền Phong,Tien Phong
VN-03,Bắc Giang,Bac Giang,VNAP25-5949EA11EE,VNAP25-B0939843D4,Trần Phú,Tran Phu
VN-03,Bắc Giang,Bac Giang,VNAP25-3EC00886ED,VNAP25-B0939843D4,Trí Yên,Tri Yen
VN-03,Bắc Giang,Bac Giang,VNAP25-83664C0C94,VNAP25-B0939843D4,Tư Mại,Tu Mai
VN-03,Bắc Giang,Bac Giang,VNAP25-7728999E39,VNAP25-B0939843D4,Xuân Phú,Xuan Phu
VN-03,Bắc Giang,Bac Giang,VNAP25-224DFE3B81,VNAP25-B0939843D4,Xương Giang,Xuong Giang
VN-03,Bắc Giang,Bac Giang,VNAP25-21CC34C7AF,VNAP25-B0939843D4,Yên Lư,Yen Lu
VN-03,Bắc Giang,Bac Giang,VNAP25-4163083FFD,,Chũ,Chu
VN-03,Bắc Giang,Bac Giang,VNAP25-0670209CDA,VNAP25-4163083FFD,Chũ,Chu
VN-03,Bắc Giang,Bac Giang,VNAP25-E9765E67FD,VNAP25-4163083FFD,Hồng Giang,Hong Giang
VN-03,Bắc Giang,Bac Giang,VNAP25-31178316A0,VNAP25-4163083FFD,Kiên Lao,Kien Lao
VN-03,Bắc Giang,Bac Giang,VNAP25-414703DF06,VNAP25-4163083FFD,Kiên Thành,Kien Thanh
VN-03,Bắc Giang,Bac Giang,VNAP25-12343AEA3F,VNAP25-4163083FFD,Mỹ An,My An
VN-03,Bắc Giang,Bac Giang,VNAP25-2F11B888E2,VNAP25-4163083FFD,Nam Dương,Nam Duong
VN-03,Bắc Giang,Bac Giang,VNAP25-5391517019,VNAP25-4163083FFD,Phượng Sơn,Phuong Son
VN-03,Bắc Giang,Bac Giang,VNAP25-3C5510A360,VNAP25-4163083FFD,Quý Sơn,Quy Son
VN-03,Bắc Giang,Bac Giang,VNAP25-DA723D59C4,VNAP25-4163083FFD,Thanh Hải,Thanh Hai
VN-03,Bắc Giang,Bac Giang,VNAP25-6935A44745,VNAP25-4163083FFD,Trù Hựu,Tru Huu
VN-03,Bắc Giang,Bac Giang,VNAP25-0E556B0A20,,Hiệp Hòa,Hiep Hoa
VN-03,Bắc Giang,Bac Giang,VNAP25-9D4ED383EB,VNAP25-0E556B0A20,Bắc Lý,Bac Ly
VN-03,Bắc Giang,Bac Giang,VNAP25-5C5166794D,VNAP25-0E556B0A20,Châu Minh,Chau Minh
VN-03,Bắc Giang,Bac Giang,VNAP25-A9322920D9,VNAP25-0E556B0A20,Danh Thắng,Danh Thang
VN-03,Bắc Giang,Bac Giang,VNAP25-DE1E9367E6,VNAP25-0E556B0A20,Đoan Bái,Doan Bai
VN-03,Bắc Giang,Bac Giang,VNAP25-C27CEA85D3,VNAP25-0E556B0A20,Đông Lỗ,Dong Lo
VN-03,Bắc Giang,Bac Giang,VNAP25-9F29E17F9C,VNAP25-0E556B0A20,Đồng Tiến,Dong Tien
VN-03,Bắc Giang,Bac Giang,VNAP25-20299C4B59,VNAP25-0E556B0A20,Hoàng Vân,Hoang Van
VN-03,Bắc Giang,Bac Giang,VNAP25-6B5F3B4A6E,VNAP25-0E556B0A20,Hợp Thịnh,Hop Thinh
VN-03,Bắc Giang,Bac Giang,VNAP25-6A5B2633D6,VNAP25-0E556B0A20,Hùng Thái,Hung Thai
VN-03,Bắc Giang,Bac Giang,VNAP25-C5BC415484,VNAP25-0E556B0A20,Hương Lâm,Huong Lam
VN-03,Bắc Giang,Bac Giang,VNAP25-27F0ACF349,VNAP25-0E556B0A20,Lương Phong,Luong Phong
VN-03,Bắc Giang,Bac Giang,VNAP25-D15B64F251,VNAP25-0E556B0A20,Mai Đình,Mai Dinh
VN-03,Bắc Giang,Bac Giang,VNAP25-8128DF50F3,VNAP25-0E556B0A20,Mai Trung,Mai Trung
VN-03,Bắc Giang,Bac Giang,VNAP25-E7002B438F,VNAP25-0E556B0A20,Ngọc Sơn,Ngoc Son
VN-03,Bắc Giang,Bac Giang,VNAP25-0DF07B3448,VNAP25-0E556B0A20,Sơn Thịnh,Son Thinh
VN-03,Bắc Giang,Bac Giang,VNAP25-1C948C66C0,VNAP25-0E556B0A20,Thắng,Thang
VN-03,Bắc Giang,Bac Giang,VNAP25-86D607764F,VNAP25-0E556B0A20,Thường Thắng,Thuong Thang
VN-03,Bắc Giang,Bac Giang,VNAP25-04964A6B22,VNAP25-0E556B0A20,Toàn Thắng,Toan Thang
VN-03,Bắc Giang,Bac Giang,VNAP25-DD09994485,VNAP25-0E556B0A20,Xuân Cẩm,Xuan Cam
VN-03,Bắc Giang,Bac Giang,VNAP25-2FF1DDCAAE,,Lạng Giang,Lang Giang
VN-03,Bắc Giang,Bac Giang,VNAP25-EFB0803607,VNAP25-2FF1DDCAAE,An Hà,An Ha
VN-03,Bắc Giang,Bac Giang,VNAP25-2F6446B927,VNAP25-2FF1DDCAAE,Đại Lâm,Dai Lam
VN-03,Bắc Giang,Bac Giang,VNAP25-DDC9ACC454,VNAP25-2FF1DDCAAE,Đào Mỹ,Dao My
VN-03,Bắc Giang,Bac Giang,VNAP25-80E3F95B53,VNAP25-2FF1DDCAAE,Dương Đức,Duong Duc
VN-03,Bắc Giang,Bac Giang,VNAP25-4FC6744C2E,VNAP25-2FF1DDCAAE,Hương Lạc,Huong Lac
VN-03,Bắc Giang,Bac Giang,VNAP25-B13EBFF129,VNAP25-2FF1DDCAAE,Hương Sơn,Huong Son
VN-03,Bắc Giang,Bac Giang,VNAP25-D650AFAD20,VNAP25-2FF1DDCAAE,Kép,Kep
VN-03,Bắc Giang,Bac Giang,VNAP25-8146ECAF7C,VNAP25-2FF1DDCAAE,Mỹ Thái,My Thai
VN-03,Bắc Giang,Bac Giang,VNAP25-86883477E2,VNAP25-2FF1DDCAAE,Nghĩa Hòa,Nghia Hoa
VN-03,Bắc Giang,Bac Giang,VNAP25-E76769C606,VNAP25-2FF1DDCAAE,Nghĩa Hưng,Nghia Hung
VN-03,Bắc Giang,Bac Giang,VNAP25-483E8DBFD2,VNAP25-2FF1DDCAAE,Quang Thịnh,Quang Thinh
VN-03,Bắc Giang,Bac Giang,VNAP25-07E712EBEA,VNAP25-2FF1DDCAAE,Tân Dĩnh,Tan Dinh
VN-03,Bắc Giang,Bac Giang,VNAP25-734CB9A9F3,VNAP25-2FF1DDCAAE,Tân Hưng,Tan Hung
VN-03,Bắc Giang,Bac Giang,VNAP25-5E19B14912,VNAP25-2FF1DDCAAE,Tân Thanh,Tan Thanh
VN-03,Bắc Giang,Bac Giang,VNAP25-FE1DBA6B7A,VNAP25-2FF1DDCAAE,Thái Đào,Thai Dao
VN-03,Bắc Giang,Bac Giang,VNAP25-C1050D6CB2,VNAP25-2FF1DDCAAE,Tiên Lục,Tien Luc
VN-03,Bắc Giang,Bac Giang,VNAP25-06D4A7025D,VNAP25-2FF1DDCAAE,Vôi,Voi
VN-03,Bắc Giang,Bac Giang,VNAP25-CBDB41F65C,VNAP25-2FF1DDCAAE,Xuân Hương,Xuan Huong
VN-03,Bắc Giang,Bac Giang,VNAP25-B7DAB19BFF,VNAP25-2FF1DDCAAE,Xương Lâm,Xuong Lam
VN-03,Bắc Giang,Bac Giang,VNAP25-C6E768CBB9,,Lục Nam,Luc Nam
VN-03,Bắc Giang,Bac Giang,VNAP25-DA18543E63,VNAP25-C6E768CBB9,Bắc Lũng,Bac Lung
VN-03,Bắc Giang,Bac Giang,VNAP25-611AD91D1C,VNAP25-C6E768CBB9,Bảo Đài,Bao Dai
VN-03,Bắc Giang,Bac Giang,VNAP25-F3112501BF,VNAP25-C6E768CBB9,Bảo Sơn,Bao Son
VN-03,Bắc Giang,Bac Giang,VNAP25-399B0934BC,VNAP25-C6E768CBB9,Bình Sơn,Binh Son
VN-03,Bắc Giang,Bac Giang,VNAP25-9FB1164A86,VNAP25-C6E768CBB9,Cẩm Lý,Cam Ly
VN-03,Bắc Giang,Bac Giang,VNAP25-724FBB10EC,VNAP25-C6E768CBB9,Chu Điện,Chu Dien
VN-03,Bắc Giang,Bac Giang,VNAP25-AB26D21FCA,VNAP25-C6E768CBB9,Cương Sơn,Cuong Son
VN-03,Bắc Giang,Bac Giang,VNAP25-0663B13B32,VNAP25-C6E768CBB9,Đan Hội,Dan Hoi
VN-03,Bắc Giang,Bac Giang,VNAP25-056C6F259C,VNAP25-C6E768CBB9,Đồi Ngô,Doi Ngo
VN-03,Bắc Giang,Bac Giang,VNAP25-E79320847A,VNAP25-C6E768CBB9,Đông Hưng,Dong Hung
VN-03,Bắc Giang,Bac Giang,VNAP25-804EF188DC,VNAP25-C6E768CBB9,Đông Phú,Dong Phu
VN-03,Bắc Giang,Bac Giang,VNAP25-BCCBDEE008,VNAP25-C6E768CBB9,Huyền Sơn,Huyen Son
VN-03,Bắc Giang,Bac Giang,VNAP25-5EA6F92013,VNAP25-C6E768CBB9,Khám Lạng,Kham Lang
VN-03,Bắc Giang,Bac Giang,VNAP25-CA955DCBBF,VNAP25-C6E768CBB9,Lan Mẫu,Lan Mau
VN-03,Bắc Giang,Bac Giang,VNAP25-77D26ED491,VNAP25-C6E768CBB9,Lục Sơn,Luc Son
VN-03,Bắc Giang,Bac Giang,VNAP25-05A21F6015,VNAP25-C6E768CBB9,Nghĩa Phương,Nghia Phuong
VN-03,Bắc Giang,Bac Giang,VNAP25-92772F4DD5,VNAP25-C6E768CBB9,Phương Sơn,Phuong Son
VN-03,Bắc Giang,Bac Giang,VNAP25-28C71577AA,VNAP25-C6E768CBB9,Tam Dị,Tam Di
VN-03,Bắc Giang,Bac Giang,VNAP25-71A993D4AA,VNAP25-C6E768CBB9,Thanh Lâm,Thanh Lam
VN-03,Bắc Giang,Bac Giang,VNAP25-86CA432B86,VNAP25-C6E768CBB9,Tiên Nha,Tien Nha
VN-03,Bắc Giang,Bac Giang,VNAP25-5FC3DB6BF4,VNAP25-C6E768CBB9,Trường Giang,Truong Giang
VN-03,Bắc Giang,Bac Giang,VNAP25-3E763B258B,VNAP25-C6E768CBB9,Trường Sơn,Truong Son
VN-03,Bắc Giang,Bac Giang,VNAP25-FF8AD7564C,VNAP25-C6E768CBB9,Vô Tranh,Vo Tranh
VN-03,Bắc Giang,Bac Giang,VNAP25-8C484B9F70,VNAP25-C6E768CBB9,Yên Sơn,Yen Son
VN-03,Bắc Giang,Bac Giang,VNAP25-6391F9F6AD,,Lục Ngạn,Luc Ngan
VN-03,Bắc Giang,Bac Giang,VNAP25-EA0DBEDC97,VNAP25-6391F9F6AD,Biển Động,Bien Dong
VN-03,Bắc Giang,Bac Giang,VNAP25-FACAC5BF95,VNAP25-6391F9F6AD,Biên Sơn,Bien Son
VN-03,Bắc Giang,Bac Giang,VNAP25-3A0820009F,VNAP25-6391F9F6AD,Cấm Sơn,Cam Son
VN-03,Bắc Giang,Bac Giang,VNAP25-D10DC1FA11,VNAP25-6391F9F6AD,Đèo Gia,Deo Gia
VN-03,Bắc Giang,Bac Giang,VNAP25-6EC8CC5DEA,VNAP25-6391F9F6AD,Đồng Cốc,Dong Coc
VN-03,Bắc Giang,Bac Giang,VNAP25-6F3D1CF827,VNAP25-6391F9F6AD,Giáp Sơn,Giap Son
VN-03,Bắc Giang,Bac Giang,VNAP25-56F7E66617,VNAP25-6391F9F6AD,Hộ Đáp,Ho Dap
VN-03,Bắc Giang,Bac Giang,VNAP25-9ACEC98B3A,VNAP25-6391F9F6AD,Kim Sơn,Kim Son
VN-03,Bắc Giang,Bac Giang,VNAP25-F1EFF40BC2,VNAP25-6391F9F6AD,Phì Điền,Phi Dien
VN-03,Bắc Giang,Bac Giang,VNAP25-AE61044CF3,VNAP25-6391F9F6AD,Phong Minh,Phong Minh
VN-03,Bắc Giang,Bac Giang,VNAP25-02104D864C,VNAP25-6391F9F6AD,Phong Vân,Phong Van
VN-03,Bắc Giang,Bac Giang,VNAP25-C5D4388A1A,VNAP25-6391F9F6AD,Phú Nhuận,Phu Nhuan
VN-03,Bắc Giang,Bac Giang,VNAP25-C6BC78CE49,VNAP25-6391F9F6AD,Sơn Hải,Son Hai
VN-03,Bắc Giang,Bac Giang,VNAP25-6CEFC3EA68,VNAP25-6391F9F6AD,Tân Hoa,Tan Hoa
VN-03,Bắc Giang,Bac Giang,VNAP25-9A3DC15CED,VNAP25-6391F9F6AD,Tân Lập,Tan Lap
VN-03,Bắc Giang,Bac Giang,VNAP25-8527BBA2B8,VNAP25-6391F9F6AD,Tân Mộc,Tan Moc
VN-03,Bắc Giang,Bac Giang,VNAP25-33FA4685B5,VNAP25-6391F9F6AD,Tân Quang,Tan Quang
VN-03,Bắc Giang,Bac Giang,VNAP25-C0F5A6046D,VNAP25-6391F9F6AD,Tân Sơn,Tan Son
VN-03,Bắc Giang,Bac Giang,VNAP25-F52737DF7C,VNAP25-6391F9F6AD,Xa Lý,Xa Ly
VN-03,Bắc Giang,Bac Giang,VNAP25-4E4DCA9F2A,,Sơn Động,Son Dong
VN-03,Bắc Giang,Bac Giang,VNAP25-F7A12F8942,VNAP25-4E4DCA9F2A,An Bá,An Ba
VN-03,Bắc Giang,Bac Giang,VNAP25-6FA43C69C9,VNAP25-4E4DCA9F2A,An Châu,An Chau
VN-03,Bắc Giang,Bac Giang,VNAP25-41D12FDD32,VNAP25-4E4DCA9F2A,An Lạc,An Lac
VN-03,Bắc Giang,Bac Giang,VNAP25-B07589902C,VNAP25-4E4DCA9F2A,Cẩm Đàn,Cam Dan
VN-03,Bắc Giang,Bac Giang,VNAP25-FF1333F4D7,VNAP25-4E4DCA9F2A,Đại Sơn,Dai Son
VN-03,Bắc Giang,Bac Giang,VNAP25-6275A91ED3,VNAP25-4E4DCA9F2A,Dương Hưu,Duong Huu
VN-03,Bắc Giang,Bac Giang,VNAP25-AD0D50BF0F,VNAP25-4E4DCA9F2A,Giáo Liêm,Giao Liem
VN-03,Bắc Giang,Bac Giang,VNAP25-D3EFF9C4A5,VNAP25-4E4DCA9F2A,Hữu Sản,Huu San
VN-03,Bắc Giang,Bac Giang,VNAP25-4B61ED03B2,VNAP25-4E4DCA9F2A,Lệ Viễn,Le Vien
VN-03,Bắc Giang,Bac Giang,VNAP25-A686440D6B,VNAP25-4E4DCA9F2A,Long Sơn,Long Son
VN-03,Bắc Giang,Bac Giang,VNAP25-7F01536F20,VNAP25-4E4DCA9F2A,Phúc Sơn,Phuc Son
VN-03,Bắc Giang,Bac Giang,VNAP25-BEEA217D57,VNAP25-4E4DCA9F2A,Tây Yên Tử,Tay Yen Tu
VN-03,Bắc Giang,Bac Giang,VNAP25-22750DA0E7,VNAP25-4E4DCA9F2A,Thanh Luận,Thanh Luan
VN-03,Bắc Giang,Bac Giang,VNAP25-7152F4A688,VNAP25-4E4DCA9F2A,Tuấn Đạo,Tuan Dao
VN-03,Bắc Giang,Bac Giang,VNAP25-434F1D05F3,VNAP25-4E4DCA9F2A,Vân Sơn,Van Son
VN-03,Bắc Giang,Bac Giang,VNAP25-DC46922C6F,VNAP25-4E4DCA9F2A,Vĩnh An,Vinh An
VN-03,Bắc Giang,Bac Giang,VNAP25-B838293593,VNAP25-4E4DCA9F2A,Yên Định,Yen Dinh
VN-03,Bắc Giang,Bac Giang,VNAP25-F8CE3199F6,,Tân Yên,Tan Yen
VN-03,Bắc Giang,Bac Giang,VNAP25-CE34195B93,VNAP25-F8CE3199F6,An Dương,An Duong
VN-03,Bắc Giang,Bac Giang,VNAP25-97A49837ED,VNAP25-F8CE3199F6,Cao Thượng,Cao Thuong
VN-03,Bắc Giang,Bac Giang,VNAP25-DB1EB9A0BB,VNAP25-F8CE3199F6,Cao Xá,Cao Xa
VN-03,Bắc Giang,Bac Giang,VNAP25-A712B1EB12,VNAP25-F8CE3199F6,Hợp Đức,Hop Duc
VN-03,Bắc Giang,Bac Giang,VNAP25-B33E91A653,VNAP25-F8CE3199F6,Lam Sơn,Lam Son
VN-03,Bắc Giang,Bac Giang,VNAP25-7B8EA6CAE3,VNAP25-F8CE3199F6,Liên Chung,Lien Chung
VN-03,Bắc Giang,Bac Giang,VNAP25-F6EBFF71B3,VNAP25-F8CE3199F6,Liên Sơn,Lien Son
VN-03,Bắc Giang,Bac Giang,VNAP25-A72B7D975D,VNAP25-F8CE3199F6,Ngọc Châu,Ngoc Chau
VN-03,Bắc Giang,Bac Giang,VNAP25-0EF9B8A4F1,VNAP25-F8CE3199F6,Ngọc Lý,Ngoc Ly
VN-03,Bắc Giang,Bac Giang,VNAP25-B429F6FCFF,VNAP25-F8CE3199F6,Ngọc Thiện,Ngoc Thien
VN-03,Bắc Giang,Bac Giang,VNAP25-C899A37B1A,VNAP25-F8CE3199F6,Ngọc Vân,Ngoc Van
VN-03,Bắc Giang,Bac Giang,VNAP25-FE587E743D,VNAP25-F8CE3199F6,Nhã Nam,Nha Nam
VN-03,Bắc Giang,Bac Giang,VNAP25-307C324EB7,VNAP25-F8CE3199F6,Phúc Hòa,Phuc Hoa
VN-03,Bắc Giang,Bac Giang,VNAP25-FD7960A354,VNAP25-F8CE3199F6,Quang Trung,Quang Trung
VN-03,Bắc Giang,Bac Giang,VNAP25-B2E09DAD74,VNAP25-F8CE3199F6,Quế Nham,Que Nham
VN-03,Bắc Giang,Bac Giang,VNAP25-8763D355DE,VNAP25-F8CE3199F6,Song Vân,Song Van
VN-03,Bắc Giang,Bac Giang,VNAP25-567F05E003,VNAP25-F8CE3199F6,Tân Trung,Tan Trung
VN-03,Bắc Giang,Bac Giang,VNAP25-154A186791,VNAP25-F8CE3199F6,Việt Lập,Viet Lap
VN-03,Bắc Giang,Bac Giang,VNAP25-E3D15E838C,VNAP25-F8CE3199F6,Việt Ngọc,Viet Ngoc
VN-03,Bắc Giang,Bac Giang,VNAP25-030F2B6033,,Việt Yên,Viet Yen
VN-03,Bắc Giang,Bac Giang,VNAP25-C02D562A66,VNAP25-030F2B6033,Bích Động,Bich Dong
VN-03,Bắc Giang,Bac Giang,VNAP25-5863408862,VNAP25-030F2B6033,Hồng Thái,Hong Thai
VN-03,Bắc Giang,Bac Giang,VNAP25-17DA238FB0,VNAP25-030F2B6033,Hương Mai,Huong Mai
VN-03,Bắc Giang,Bac Giang,VNAP25-FADEC06DCE,VNAP25-030F2B6033,Minh Đức,Minh Duc
VN-03,Bắc Giang,Bac Giang,VNAP25-DB7EACD4C5,VNAP25-030F2B6033,Nếnh,Nenh
VN-03,Bắc Giang,Bac Giang,VNAP25-B6D095D81D,VNAP25-030F2B6033,Nghĩa Trung,Nghia Trung
VN-03,Bắc Giang,Bac Giang,VNAP25-D92C8870ED,VNAP25-030F2B6033,Ninh Sơn,Ninh Son
VN-03,Bắc Giang,Bac Giang,VNAP25-65BADE9851,VNAP25-030F2B6033,Quang Châu,Quang Chau
VN-03,Bắc Giang,Bac Giang,VNAP25-88C57AD899,VNAP25-030F2B6033,Quảng Minh,Quang Minh
VN-03,Bắc Giang,Bac Giang,VNAP25-1E2F944A3C,VNAP25-030F2B6033,Tăng Tiến,Tang Tien
VN-03,Bắc Giang,Bac Giang,VNAP25-84C6E7BECB,VNAP25-030F2B6033,Thượng Lan,Thuong Lan
VN-03,Bắc Giang,Bac Giang,VNAP25-FA502F0C6A,VNAP25-030F2B6033,Tiên Sơn,Tien Son
VN-03,Bắc Giang,Bac Giang,VNAP25-6EC302523F,VNAP25-030F2B6033,Trung Sơn,Trung Son
VN-03,Bắc Giang,Bac Giang,VNAP25-314E158777,VNAP25-030F2B6033,Tự Lạn,Tu Lan
VN-03,Bắc Giang,Bac Giang,VNAP25-E990E14672,VNAP25-030F2B6033,Vân Hà,Van Ha
VN-03,Bắc Giang,Bac Giang,VNAP25-2020AD9DBD,VNAP25-030F2B6033,Vân Trung,Van Trung
VN-03,Bắc Giang,Bac Giang,VNAP25-7840B7EA40,VNAP25-030F2B6033,Việt Tiến,Viet Tien
VN-03,Bắc Giang,Bac Giang,VNAP25-8AFE9372BE,,Yên Thế,Yen The
VN-03,Bắc Giang,Bac Giang,VNAP25-68FDE36359,VNAP25-8AFE9372BE,An Thượng,An Thuong
VN-03,Bắc Giang,Bac Giang,VNAP25-AE25081531,VNAP25-8AFE9372BE,Bố Hạ,Bo Ha
VN-03,Bắc Giang,Bac Giang,VNAP25-00AD74BBBD,VNAP25-8AFE9372BE,Canh Nậu,Canh Nau
VN-03,Bắc Giang,Bac Giang,VNAP25-AF58888A69,VNAP25-8AFE9372BE,Đồng Hưu,Dong Huu
VN-03,Bắc Giang,Bac Giang,VNAP25-EB27315D69,VNAP25-8AFE9372BE,Đồng Kỳ,Dong Ky
VN-03,Bắc Giang,Bac Giang,VNAP25-98EF6DB29E,VNAP25-8AFE9372BE,Đồng Lạc,Dong Lac
VN-03,Bắc Giang,Bac Giang,VNAP25-F6AE5BE46D,VNAP25-8AFE9372BE,Đông Sơn,Dong Son
VN-03,Bắc Giang,Bac Giang,VNAP25-38D8BCBD5C,VNAP25-8AFE9372BE,Đồng Tâm,Dong Tam
VN-03,Bắc Giang,Bac Giang,VNAP25-510A1FFBBE,VNAP25-8AFE9372BE,Đồng Tiến,Dong Tien
VN-03,Bắc Giang,Bac Giang,VNAP25-024D77172A,VNAP25-8AFE9372BE,Đồng Vương,Dong Vuong
VN-03,Bắc Giang,Bac Giang,VNAP25-BDF9715BE2,VNAP25-8AFE9372BE,Hương Vĩ,Huong Vi
VN-03,Bắc Giang,Bac Giang,VNAP25-FC91C4B537,VNAP25-8AFE9372BE,Phồn Xương,Phon Xuong
VN-03,Bắc Giang,Bac Giang,VNAP25-A4679BA1B5,VNAP25-8AFE9372BE,Tam Tiến,Tam Tien
VN-03,Bắc Giang,Bac Giang,VNAP25-1985299514,VNAP25-8AFE9372BE,Tân Hiệp,Tan Hiep
VN-03,Bắc Giang,Bac Giang,VNAP25-96B2F11BD1,VNAP25-8AFE9372BE,Tân Sỏi,Tan Soi
VN-03,Bắc Giang,Bac Giang,VNAP25-B900857336,VNAP25-8AFE9372BE,Tiến Thắng,Tien Thang
VN-03,Bắc Giang,Bac Giang,VNAP25-A136B747B7,VNAP25-8AFE9372BE,Xuân Lương,Xuan Luong
VN-04,Bắc Kạn,Bac Kan,VNAP25-52F294DC1C,,Ba Bể,Ba Be
VN-04,Bắc Kạn,Bac Kan,VNAP25-9F3EEB8BC8,VNAP25-52F294DC1C,Bành Trạch,Banh Trach
VN-04,Bắc Kạn,Bac Kan,VNAP25-96ABA57F09,VNAP25-52F294DC1C,Cao Thượng,Cao Thuong
VN-04,Bắc Kạn,Bac Kan,VNAP25-1068DA9B83,VNAP25-52F294DC1C,Chợ Rã,Cho Ra
VN-04,Bắc Kạn,Bac Kan,VNAP25-F73A29364A,VNAP25-52F294DC1C,Chu Hương,Chu Huong
VN-04,Bắc Kạn,Bac Kan,VNAP25-B6EBAC51A7,VNAP25-52F294DC1C,Địa Linh,Dia Linh
VN-04,Bắc Kạn,Bac Kan,VNAP25-19740F6255,VNAP25-52F294DC1C,Đồng Phúc,Dong Phuc
VN-04,Bắc Kạn,Bac Kan,VNAP25-88854CD942,VNAP25-52F294DC1C,Hà Hiệu,Ha Hieu
VN-04,Bắc Kạn,Bac Kan,VNAP25-55C70C418E,VNAP25-52F294DC1C,Hoàng Trĩ,Hoang Tri
VN-04,Bắc Kạn,Bac Kan,VNAP25-AF581C63B1,VNAP25-52F294DC1C,Khang Ninh,Khang Ninh
VN-04,Bắc Kạn,Bac Kan,VNAP25-5DEA3F4855,VNAP25-52F294DC1C,Mỹ Phương,My Phuong
VN-04,Bắc Kạn,Bac Kan,VNAP25-7B974E0FAA,VNAP25-52F294DC1C,Nam Mẫu,Nam Mau
VN-04,Bắc Kạn,Bac Kan,VNAP25-E2D5DCD488,VNAP25-52F294DC1C,Phúc Lộc,Phuc Loc
VN-04,Bắc Kạn,Bac Kan,VNAP25-1AB0F14DF2,VNAP25-52F294DC1C,Quảng Khê,Quang Khe
VN-04,Bắc Kạn,Bac Kan,VNAP25-301C56251F,VNAP25-52F294DC1C,Thượng Giáo,Thuong Giao
VN-04,Bắc Kạn,Bac Kan,VNAP25-134ED1DE84,VNAP25-52F294DC1C,Yến Dương,Yen Duong
VN-04,Bắc Kạn,Bac Kan,VNAP25-C4C5AA2351,,Bắc Kạn,Bac Kan
VN-04,Bắc Kạn,Bac Kan,VNAP25-3C13ABB6E2,VNAP25-C4C5AA2351,Đức Xuân,Duc Xuan
VN-04,Bắc Kạn,Bac Kan,VNAP25-2D2E058A7B,VNAP25-C4C5AA2351,Dương Quang,Duong Quang
VN-04,Bắc Kạn,Bac Kan,VNAP25-3B81692FA5,VNAP25-C4C5AA2351,Huyền Tụng,Huyen Tung
VN-04,Bắc Kạn,Bac Kan,VNAP25-B26BB0DF79,VNAP25-C4C5AA2351,Nguyễn Thị Minh Khai,Nguyen Thi Minh Khai
VN-04,Bắc Kạn,Bac Kan,VNAP25-24B9F7E5AF,VNAP25-C4C5AA2351,Nông Thượng,Nong Thuong
VN-04,Bắc Kạn,Bac Kan,VNAP25-22649F8DF5,VNAP25-C4C5AA2351,Phùng Chí Kiên,Phung Chi Kien
VN-04,Bắc Kạn,Bac Kan,VNAP25-4581889AD3,VNAP25-C4C5AA2351,Sông Cầu,Song Cau
VN-04,Bắc Kạn,Bac Kan,VNAP25-D404EC04CA,VNAP25-C4C5AA2351,Xuất Hóa,Xuat Hoa
VN-04,Bắc Kạn,Bac Kan,VNAP25-D16F6F5646,,Bạch Thông,Bach Thong
VN-04,Bắc Kạn,Bac Kan,VNAP25-A8E1F7F227,VNAP25-D16F6F5646,Cẩm Giàng,Cam Giang
VN-04,Bắc Kạn,Bac Kan,VNAP25-1671714F0A,VNAP25-D16F6F5646,Cao Sơn,Cao Son
VN-04,Bắc Kạn,Bac Kan,VNAP25-E73E311705,VNAP25-D16F6F5646,Đôn Phong,Don Phong
VN-04,Bắc Kạn,Bac Kan,VNAP25-EC8270ED93,VNAP25-D16F6F5646,Dương Phong,Duong Phong
VN-04,Bắc Kạn,Bac Kan,VNAP25-2D26959743,VNAP25-D16F6F5646,Lục Bình,Luc Binh
VN-04,Bắc Kạn,Bac Kan,VNAP25-E92E174862,VNAP25-D16F6F5646,Mỹ Thanh,My Thanh
VN-04,Bắc Kạn,Bac Kan,VNAP25-DF8BEF477D,VNAP25-D16F6F5646,Nguyên Phúc,Nguyen Phuc
VN-04,Bắc Kạn,Bac Kan,VNAP25-A8DC43AF78,VNAP25-D16F6F5646,Phủ Thông,Phu Thong
VN-04,Bắc Kạn,Bac Kan,VNAP25-930E282A30,VNAP25-D16F6F5646,Quân Hà,Quan Ha
VN-04,Bắc Kạn,Bac Kan,VNAP25-74DE5D4905,VNAP25-D16F6F5646,Quang Thuận,Quang Thuan
VN-04,Bắc Kạn,Bac Kan,VNAP25-7074A13B5D,VNAP25-D16F6F5646,Sĩ Bình,Si Binh
VN-04,Bắc Kạn,Bac Kan,VNAP25-8D403BAFA3,VNAP25-D16F6F5646,Tân Tú,Tan Tu
VN-04,Bắc Kạn,Bac Kan,VNAP25-6E18D7EE00,VNAP25-D16F6F5646,Vi Hương,Vi Huong
VN-04,Bắc Kạn,Bac Kan,VNAP25-B672D4AB26,VNAP25-D16F6F5646,Vũ Muộn,Vu Muon
VN-04,Bắc Kạn,Bac Kan,VNAP25-47C2C4EB13,,Chợ Đồn,Cho Don
VN-04,Bắc Kạn,Bac Kan,VNAP25-ADE5B24751,VNAP25-47C2C4EB13,Bản Thi,Ban Thi
VN-04,Bắc Kạn,Bac Kan,VNAP25-3AB6264CF4,VNAP25-47C2C4EB13,Bằng Lãng,Bang Lang
VN-04,Bắc Kạn,Bac Kan,VNAP25-759044E850,VNAP25-47C2C4EB13,Bằng Lũng,Bang Lung
VN-04,Bắc Kạn,Bac Kan,VNAP25-F0A90F2414,VNAP25-47C2C4EB13,Bằng Phúc,Bang Phuc
VN-04,Bắc Kạn,Bac Kan,VNAP25-AB713B24D7,VNAP25-47C2C4EB13,Bình Trung,Binh Trung
VN-04,Bắc Kạn,Bac Kan,VNAP25-F3108DDC4B,VNAP25-47C2C4EB13,Đại Sảo,Dai Sao
VN-04,Bắc Kạn,Bac Kan,VNAP25-34D1769B1B,VNAP25-47C2C4EB13,Đồng Lạc,Dong Lac
VN-04,Bắc Kạn,Bac Kan,VNAP25-2BD780FEEA,VNAP25-47C2C4EB13,Đồng Thắng,Dong Thang
VN-04,Bắc Kạn,Bac Kan,VNAP25-4439A7CE90,VNAP25-47C2C4EB13,Lương Bằng,Luong Bang
VN-04,Bắc Kạn,Bac Kan,VNAP25-AE0782A621,VNAP25-47C2C4EB13,Nam Cường,Nam Cuong
VN-04,Bắc Kạn,Bac Kan,VNAP25-12021240AC,VNAP25-47C2C4EB13,Nghĩa Tá,Nghia Ta
VN-04,Bắc Kạn,Bac Kan,VNAP25-04608C7493,VNAP25-47C2C4EB13,Ngọc Phái,Ngoc Phai
VN-04,Bắc Kạn,Bac Kan,VNAP25-215718FA59,VNAP25-47C2C4EB13,Phương Viên,Phuong Vien
VN-04,Bắc Kạn,Bac Kan,VNAP25-BC0D0F3525,VNAP25-47C2C4EB13,Quảng Bạch,Quang Bach
VN-04,Bắc Kạn,Bac Kan,VNAP25-17310BD8D5,VNAP25-47C2C4EB13,Tân Lập,Tan Lap
VN-04,Bắc Kạn,Bac Kan,VNAP25-8C09A310D4,VNAP25-47C2C4EB13,Xuân Lạc,Xuan Lac
VN-04,Bắc Kạn,Bac Kan,VNAP25-37E8187FB8,VNAP25-47C2C4EB13,Yên Mỹ,Yen My
VN-04,Bắc Kạn,Bac Kan,VNAP25-452AD523BE,VNAP25-47C2C4EB13,Yên Phong,Yen Phong
VN-04,Bắc Kạn,Bac Kan,VNAP25-533C14E4DE,VNAP25-47C2C4EB13,Yên Thịnh,Yen Thinh
VN-04,Bắc Kạn,Bac Kan,VNAP25-AABA2FA9C9,VNAP25-47C2C4EB13,Yên Thượng,Yen Thuong
VN-04,Bắc Kạn,Bac Kan,VNAP25-6BFE6F19FF,,Chợ Mới,Cho Moi
VN-04,Bắc Kạn,Bac Kan,VNAP25-A47A7AEFBF,VNAP25-6BFE6F19FF,Bình Văn,Binh Van
VN-04,Bắc Kạn,Bac Kan,VNAP25-8AC376ECA9,VNAP25-6BFE6F19FF,Cao Kỳ,Cao Ky
VN-04,Bắc Kạn,Bac Kan,VNAP25-2957C5C718,VNAP25-6BFE6F19FF,Đồng Tâm,Dong Tam
VN-04,Bắc Kạn,Bac Kan,VNAP25-57194D337E,VNAP25-6BFE6F19FF,Hòa Mục,Hoa Muc
VN-04,Bắc Kạn,Bac Kan,VNAP25-4968FA0B50,VNAP25-6BFE6F19FF,Mai Lạp,Mai Lap
VN-04,Bắc Kạn,Bac Kan,VNAP25-D2320AAB83,VNAP25-6BFE6F19FF,Như Cố,Nhu Co
VN-04,Bắc Kạn,Bac Kan,VNAP25-401DF616C1,VNAP25-6BFE6F19FF,Nông Hạ,Nong Ha
VN-04,Bắc Kạn,Bac Kan,VNAP25-D3E58893F4,VNAP25-6BFE6F19FF,Quảng Chu,Quang Chu
VN-04,Bắc Kạn,Bac Kan,VNAP25-C2E6F13070,VNAP25-6BFE6F19FF,Tân Sơn,Tan Son
VN-04,Bắc Kạn,Bac Kan,VNAP25-45B476B020,VNAP25-6BFE6F19FF,Thanh Mai,Thanh Mai
VN-04,Bắc Kạn,Bac Kan,VNAP25-9A1F935D4A,VNAP25-6BFE6F19FF,Thanh Thịnh,Thanh Thinh
VN-04,Bắc Kạn,Bac Kan,VNAP25-5A6349A9C1,VNAP25-6BFE6F19FF,Thanh Vận,Thanh Van
VN-04,Bắc Kạn,Bac Kan,VNAP25-6C1A8A0B9D,VNAP25-6BFE6F19FF,Yên Cư,Yen Cu
VN-04,Bắc Kạn,Bac Kan,VNAP25-71A27B62C1,VNAP25-6BFE6F19FF,Yên Hân,Yen Han
VN-04,Bắc Kạn,Bac Kan,VNAP25-E030504651,,Na Rì,Na Ri
VN-04,Bắc Kạn,Bac Kan,VNAP25-C1E3123BC6,VNAP25-E030504651,Côn Minh,Con Minh
VN-04,Bắc Kạn,Bac Kan,VNAP25-3682414CFC,VNAP25-E030504651,Cư Lễ,Cu Le
VN-04,Bắc Kạn,Bac Kan,VNAP25-7FA5602E08,VNAP25-E030504651,Cường Lợi,Cuong Loi
VN-04,Bắc Kạn,Bac Kan,VNAP25-2B7E4F2916,VNAP25-E030504651,Đổng Xá,Dong Xa
VN-04,Bắc Kạn,Bac Kan,VNAP25-A650DA4D75,VNAP25-E030504651,Dương Sơn,Duong Son
VN-04,Bắc Kạn,Bac Kan,VNAP25-28361F8199,VNAP25-E030504651,Kim Hỷ,Kim Hy
VN-04,Bắc Kạn,Bac Kan,VNAP25-A513108C8A,VNAP25-E030504651,Kim Lư,Kim Lu
VN-04,Bắc Kạn,Bac Kan,VNAP25-6C02CCDF11,VNAP25-E030504651,Liêm Thủy,Liem Thuy
VN-04,Bắc Kạn,Bac Kan,VNAP25-CDE909FB2C,VNAP25-E030504651,Lương Thượng,Luong Thuong
VN-04,Bắc Kạn,Bac Kan,VNAP25-2AF8B58F48,VNAP25-E030504651,Quang Phong,Quang Phong
VN-04,Bắc Kạn,Bac Kan,VNAP25-633EB9D177,VNAP25-E030504651,Sơn Thành,Son Thanh
VN-04,Bắc Kạn,Bac Kan,VNAP25-AD262AC0FD,VNAP25-E030504651,Trần Phú,Tran Phu
VN-04,Bắc Kạn,Bac Kan,VNAP25-BDC891A7BC,VNAP25-E030504651,Văn Lang,Van Lang
VN-04,Bắc Kạn,Bac Kan,VNAP25-0A421614E4,VNAP25-E030504651,Văn Minh,Van Minh
VN-04,Bắc Kạn,Bac Kan,VNAP25-CC943123CC,VNAP25-E030504651,Văn Vũ,Van Vu
VN-04,Bắc Kạn,Bac Kan,VNAP25-C624248FE0,VNAP25-E030504651,Xuân Dương,Xuan Duong
VN-04,Bắc Kạn,Bac Kan,VNAP25-645BFA021E,VNAP25-E030504651,Yến Lạc,Yen Lac
VN-04,Bắc Kạn,Bac Kan,VNAP25-8024A82887,,Ngân Sơn,Ngan Son
VN-04,Bắc Kạn,Bac Kan,VNAP25-9A1506FA72,VNAP25-8024A82887,Bằng Vân,Bang Van
VN-04,Bắc Kạn,Bac Kan,VNAP25-CC2A9A75D7,VNAP25-8024A82887,Cốc Đán,Coc Dan
VN-04,Bắc Kạn,Bac Kan,VNAP25-B8896ACAA6,VNAP25-8024A82887,Đức Vân,Duc Van
VN-04,Bắc Kạn,Bac Kan,VNAP25-1F422DCCAD,VNAP25-8024A82887,Hiệp Lực,Hiep Luc
VN-04,Bắc Kạn,Bac Kan,VNAP25-CAF1DAD407,VNAP25-8024A82887,Nà Phặc,Na Phac
VN-04,Bắc Kạn,Bac Kan,VNAP25-051DBE592B,VNAP25-8024A82887,Thuần Mang,Thuan Mang
VN-04,Bắc Kạn,Bac Kan,VNAP25-E64AAB7C35,VNAP25-8024A82887,Thượng Ân,Thuong An
VN-04,Bắc Kạn,Bac Kan,VNAP25-9E5EE308A4,VNAP25-8024A82887,Thượng Quan,Thuong Quan
VN-04,Bắc Kạn,Bac Kan,VNAP25-29486384BF,VNAP25-8024A82887,Trung Hòa,Trung Hoa
VN-04,Bắc Kạn,Bac Kan,VNAP25-CD10C85D82,VNAP25-8024A82887,Vân Tùng,Van Tung
VN-04,Bắc Kạn,Bac Kan,VNAP25-5DB27E0D7C,,Pác Nặm,Pac Nam
VN-04,Bắc Kạn,Bac Kan,VNAP25-B300D14045,VNAP25-5DB27E0D7C,An Thắng,An Thang
VN-04,Bắc Kạn,Bac Kan,VNAP25-D406084A5A,VNAP25-5DB27E0D7C,Bằng Thành,Bang Thanh
VN-04,Bắc Kạn,Bac Kan,VNAP25-B809F1D931,VNAP25-5DB27E0D7C,Bộc Bố,Boc Bo
VN-04,Bắc Kạn,Bac Kan,VNAP25-3ACC94FB62,VNAP25-5DB27E0D7C,Cao Tân,Cao Tan
VN-04,Bắc Kạn,Bac Kan,VNAP25-725D0CF2F4,VNAP25-5DB27E0D7C,Cổ Linh,Co Linh
VN-04,Bắc Kạn,Bac Kan,VNAP25-368C28EDA6,VNAP25-5DB27E0D7C,Công Bằng,Cong Bang
VN-04,Bắc Kạn,Bac Kan,VNAP25-60C5A81660,VNAP25-5DB27E0D7C,Giáo Hiệu,Giao Hieu
VN-04,Bắc Kạn,Bac Kan,VNAP25-6D3993A1F5,VNAP25-5DB27E0D7C,Nghiên Loan,Nghien Loan
VN-04,Bắc Kạn,Bac Kan,VNAP25-3B7176EAC1,VNAP25-5DB27E0D7C,Nhạn Môn,Nhan Mon
VN-04,Bắc Kạn,Bac Kan,VNAP25-AD424F5BA5,VNAP25-5DB27E0D7C,Xuân La,Xuan La
VN-05,Bạc Liêu,Bac Lieu,VNAP25-DBD42D1C7C,,Bạc Liêu,Bac Lieu
VN-05,Bạc Liêu,Bac Lieu,VNAP25-6A02AE6597,VNAP25-DBD42D1C7C,1,1
VN-05,Bạc Liêu,Bac Lieu,VNAP25-CE5DE67995,VNAP25-DBD42D1C7C,2,2
VN-05,Bạc Liêu,Bac Lieu,VNAP25-1335EFA4B1,VNAP25-DBD42D1C7C,3,3
VN-05,Bạc Liêu,Bac Lieu,VNAP25-0AAB1CE44A,VNAP25-DBD42D1C7C,5,5
VN-05,Bạc Liêu,Bac Lieu,VNAP25-4B628FD50B,VNAP25-DBD42D1C7C,7,7
VN-05,Bạc Liêu,Bac Lieu,VNAP25-614986D872,VNAP25-DBD42D1C7C,8,8
VN-05,Bạc Liêu,Bac Lieu,VNAP25-59994B6625,VNAP25-DBD42D1C7C,Hiệp Thành,Hiep Thanh
VN-05,Bạc Liêu,Bac Lieu,VNAP25-BC8261CB40,VNAP25-DBD42D1C7C,Nhà Mát,Nha Mat
VN-05,Bạc Liêu,Bac Lieu,VNAP25-D2E11ED832,VNAP25-DBD42D1C7C,Vĩnh Trạch,Vinh Trach
VN-05,Bạc Liêu,Bac Lieu,VNAP25-83FC898D71,VNAP25-DBD42D1C7C,Vĩnh Trạch Đông,Vinh Trach Dong
VN-05,Bạc Liêu,Bac Lieu,VNAP25-1536619AF0,,Đông Hải,Dong Hai
VN-05,Bạc Liêu,Bac Lieu,VNAP25-6C3262F98E,VNAP25-1536619AF0,An Phúc,An Phuc
VN-05,Bạc Liêu,Bac Lieu,VNAP25-B4DDEF5B3A,VNAP25-1536619AF0,An Trạch,An Trach
VN-05,Bạc Liêu,Bac Lieu,VNAP25-E5808CD981,VNAP25-1536619AF0,An Trạch A,An Trach A
VN-05,Bạc Liêu,Bac Lieu,VNAP25-A3B5D59392,VNAP25-1536619AF0,Điền Hải,Dien Hai
VN-05,Bạc Liêu,Bac Lieu,VNAP25-7C132FD13E,VNAP25-1536619AF0,Định Thành,Dinh Thanh
VN-05,Bạc Liêu,Bac Lieu,VNAP25-02F19224B8,VNAP25-1536619AF0,Định Thành A,Dinh Thanh A
VN-05,Bạc Liêu,Bac Lieu,VNAP25-A3D972FAD0,VNAP25-1536619AF0,Gành Hào,Ganh Hao
VN-05,Bạc Liêu,Bac Lieu,VNAP25-FB3B4FB2FC,VNAP25-1536619AF0,Long Điền,Long Dien
VN-05,Bạc Liêu,Bac Lieu,VNAP25-4D5F0717BE,VNAP25-1536619AF0,Long Điền Đông,Long Dien Dong
VN-05,Bạc Liêu,Bac Lieu,VNAP25-02690EDBA8,VNAP25-1536619AF0,Long Điền Đông A,Long Dien Dong A
VN-05,Bạc Liêu,Bac Lieu,VNAP25-0F516C8360,VNAP25-1536619AF0,Long Điền Tây,Long Dien Tay
VN-05,Bạc Liêu,Bac Lieu,VNAP25-1339D2B54A,,Giá Rai,Gia Rai
VN-05,Bạc Liêu,Bac Lieu,VNAP25-FA824641B6,VNAP25-1339D2B54A,1,1
VN-05,Bạc Liêu,Bac Lieu,VNAP25-A3B467A5FF,VNAP25-1339D2B54A,Hộ Phòng,Ho Phong
VN-05,Bạc Liêu,Bac Lieu,VNAP25-74C8C1B3A7,VNAP25-1339D2B54A,Láng Tròn,Lang Tron
VN-05,Bạc Liêu,Bac Lieu,VNAP25-FFFBFF55DC,VNAP25-1339D2B54A,Phong Tân,Phong Tan
VN-05,Bạc Liêu,Bac Lieu,VNAP25-103E0C1D76,VNAP25-1339D2B54A,Phong Thạnh,Phong Thanh
VN-05,Bạc Liêu,Bac Lieu,VNAP25-C6D04DF872,VNAP25-1339D2B54A,Phong Thạnh A,Phong Thanh A
VN-05,Bạc Liêu,Bac Lieu,VNAP25-73707CEECF,VNAP25-1339D2B54A,Phong Thạnh Đông,Phong Thanh Dong
VN-05,Bạc Liêu,Bac Lieu,VNAP25-6F57FF783B,VNAP25-1339D2B54A,Phong Thạnh Tây,Phong Thanh Tay
VN-05,Bạc Liêu,Bac Lieu,VNAP25-750187AEF3,VNAP25-1339D2B54A,Tân Phong,Tan Phong
VN-05,Bạc Liêu,Bac Lieu,VNAP25-D3A0662B92,VNAP25-1339D2B54A,Tân Thạnh,Tan Thanh
VN-05,Bạc Liêu,Bac Lieu,VNAP25-217216BE0B,,Hòa Bình,Hoa Binh
VN-05,Bạc Liêu,Bac Lieu,VNAP25-0B4A3A6600,VNAP25-217216BE0B,Hòa Bình,Hoa Binh
VN-05,Bạc Liêu,Bac Lieu,VNAP25-E71A0246DF,VNAP25-217216BE0B,Minh Diệu,Minh Dieu
VN-05,Bạc Liêu,Bac Lieu,VNAP25-B6E05DDF9E,VNAP25-217216BE0B,Vĩnh Bình,Vinh Binh
VN-05,Bạc Liêu,Bac Lieu,VNAP25-F9730211AE,VNAP25-217216BE0B,Vĩnh Hậu,Vinh Hau
VN-05,Bạc Liêu,Bac Lieu,VNAP25-63FC4D814C,VNAP25-217216BE0B,Vĩnh Hậu A,Vinh Hau A
VN-05,Bạc Liêu,Bac Lieu,VNAP25-CFAC45C65D,VNAP25-217216BE0B,Vĩnh Mỹ A,Vinh My A
VN-05,Bạc Liêu,Bac Lieu,VNAP25-3FC30F86AB,VNAP25-217216BE0B,Vĩnh Mỹ B,Vinh My B
VN-05,Bạc Liêu,Bac Lieu,VNAP25-E2EA5CF00E,VNAP25-217216BE0B,Vĩnh Thịnh,Vinh Thinh
VN-05,Bạc Liêu,Bac Lieu,VNAP25-4596CE29A2,,Hồng Dân,Hong Dan
VN-05,Bạc Liêu,Bac Lieu,VNAP25-F8F3657C7F,VNAP25-4596CE29A2,Lộc Ninh,Loc Ninh
VN-05,Bạc Liêu,Bac Lieu,VNAP25-61483BD9D4,VNAP25-4596CE29A2,Ngan Dừa,Ngan Dua
VN-05,Bạc Liêu,Bac Lieu,VNAP25-95105C6934,VNAP25-4596CE29A2,Ninh Hòa,Ninh Hoa
VN-05,Bạc Liêu,Bac Lieu,VNAP25-4B99B6ABDC,VNAP25-4596CE29A2,Ninh Quới,Ninh Quoi
VN-05,Bạc Liêu,Bac Lieu,VNAP25-6CC7F50461,VNAP25-4596CE29A2,Ninh Quới A,Ninh Quoi A
VN-05,Bạc Liêu,Bac Lieu,VNAP25-3C604D5FEE,VNAP25-4596CE29A2,Ninh Thạnh Lợi,Ninh Thanh Loi
VN-05,Bạc Liêu,Bac Lieu,VNAP25-1D0CFBF458,VNAP25-4596CE29A2,Ninh Thạnh Lợi A,Ninh Thanh Loi A
VN-05,Bạc Liêu,Bac Lieu,VNAP25-486E765EF3,VNAP25-4596CE29A2,Vĩnh Lộc,Vinh Loc
VN-05,Bạc Liêu,Bac Lieu,VNAP25-FBB93AD4B0,VNAP25-4596CE29A2,Vĩnh Lộc A,Vinh Loc A
VN-05,Bạc Liêu,Bac Lieu,VNAP25-D17D600C83,,Phước Long,Phuoc Long
VN-05,Bạc Liêu,Bac Lieu,VNAP25-2E972FE92D,VNAP25-D17D600C83,Hưng Phú,Hung Phu
VN-05,Bạc Liêu,Bac Lieu,VNAP25-4C270CAB48,VNAP25-D17D600C83,Phong Thạnh Tây A,Phong Thanh Tay A
VN-05,Bạc Liêu,Bac Lieu,VNAP25-76B389FEE1,VNAP25-D17D600C83,Phong Thạnh Tây B,Phong Thanh Tay B
VN-05,Bạc Liêu,Bac Lieu,VNAP25-4EEE9044A9,VNAP25-D17D600C83,Phước Long (Xã),Phuoc Long (Commune)
VN-05,Bạc Liêu,Bac Lieu,VNAP25-EAD5C06E57,VNAP25-D17D600C83,Phước Long (Thị trấn),Phuoc Long (Town)
VN-05,Bạc Liêu,Bac Lieu,VNAP25-E246F62C3C,VNAP25-D17D600C83,Vĩnh Phú Đông,Vinh Phu Dong
VN-05,Bạc Liêu,Bac Lieu,VNAP25-B4035EDFB6,VNAP25-D17D600C83,Vĩnh Phú Tây,Vinh Phu Tay
VN-05,Bạc Liêu,Bac Lieu,VNAP25-442C5A1AA8,VNAP25-D17D600C83,Vĩnh Thanh,Vinh Thanh
VN-05,Bạc Liêu,Bac Lieu,VNAP25-8099803812,,Vĩnh Lợi,Vinh Loi
VN-05,Bạc Liêu,Bac Lieu,VNAP25-26B89729AF,VNAP25-8099803812,Châu Hưng,Chau Hung
VN-05,Bạc Liêu,Bac Lieu,VNAP25-CC2DBFACBF,VNAP25-8099803812,Châu Hưng A,Chau Hung A
VN-05,Bạc Liêu,Bac Lieu,VNAP25-43FEB90C70,VNAP25-8099803812,Châu Thới,Chau Thoi
VN-05,Bạc Liêu,Bac Lieu,VNAP25-2EDB6F9FCE,VNAP25-8099803812,Hưng Hội,Hung Hoi
VN-05,Bạc Liêu,Bac Lieu,VNAP25-70BC686FD4,VNAP25-8099803812,Hưng Thành,Hung Thanh
VN-05,Bạc Liêu,Bac Lieu,VNAP25-FE96965A09,VNAP25-8099803812,Long Thạnh,Long Thanh
VN-05,Bạc Liêu,Bac Lieu,VNAP25-7A11C2644D,VNAP25-8099803812,Vĩnh Hưng,Vinh Hung
VN-05,Bạc Liêu,Bac Lieu,VNAP25-5ED35D4372,VNAP25-8099803812,Vĩnh Hưng A,Vinh Hung A
VN-06,Bắc Ninh,Bac Ninh,VNAP25-DD6DBDD534,,Bắc Ninh,Bac Ninh
VN-06,Bắc Ninh,Bac Ninh,VNAP25-70A931A1C9,VNAP25-DD6DBDD534,Đại Phúc,Dai Phuc
VN-06,Bắc Ninh,Bac Ninh,VNAP25-652B0A6E9A,VNAP25-DD6DBDD534,Đáp Cầu,Dap Cau
VN-06,Bắc Ninh,Bac Ninh,VNAP25-D1ADD96037,VNAP25-DD6DBDD534,Hạp Lĩnh,Hap Linh
VN-06,Bắc Ninh,Bac Ninh,VNAP25-0EBB0C84F1,VNAP25-DD6DBDD534,Hòa Long,Hoa Long
VN-06,Bắc Ninh,Bac Ninh,VNAP25-72D3FB1044,VNAP25-DD6DBDD534,Khắc Niệm,Khac Niem
VN-06,Bắc Ninh,Bac Ninh,VNAP25-A68D8C9FB8,VNAP25-DD6DBDD534,Khúc Xuyên,Khuc Xuyen
VN-06,Bắc Ninh,Bac Ninh,VNAP25-AA1C40B1EE,VNAP25-DD6DBDD534,Kim Chân,Kim Chan
VN-06,Bắc Ninh,Bac Ninh,VNAP25-82131EC995,VNAP25-DD6DBDD534,Kinh Bắc,Kinh Bac
VN-06,Bắc Ninh,Bac Ninh,VNAP25-2095BCE926,VNAP25-DD6DBDD534,Nam Sơn,Nam Son
VN-06,Bắc Ninh,Bac Ninh,VNAP25-8AC2B7632B,VNAP25-DD6DBDD534,Phong Khê,Phong Khe
VN-06,Bắc Ninh,Bac Ninh,VNAP25-32245EABB0,VNAP25-DD6DBDD534,Suối Hoa,Suoi Hoa
VN-06,Bắc Ninh,Bac Ninh,VNAP25-462D19EB25,VNAP25-DD6DBDD534,Thị Cầu,Thi Cau
VN-06,Bắc Ninh,Bac Ninh,VNAP25-684C6BF995,VNAP25-DD6DBDD534,Tiền Ninh Vệ,Tien Ninh Ve
VN-06,Bắc Ninh,Bac Ninh,VNAP25-9418C90C84,VNAP25-DD6DBDD534,Vạn An,Van An
VN-06,Bắc Ninh,Bac Ninh,VNAP25-E8095B098F,VNAP25-DD6DBDD534,Vân Dương,Van Duong
VN-06,Bắc Ninh,Bac Ninh,VNAP25-65DE410312,VNAP25-DD6DBDD534,Võ Cường,Vo Cuong
VN-06,Bắc Ninh,Bac Ninh,VNAP25-CE684FF380,VNAP25-DD6DBDD534,Vũ Ninh,Vu Ninh
VN-06,Bắc Ninh,Bac Ninh,VNAP25-12224AA46A,,Gia Bình,Gia Binh
VN-06,Bắc Ninh,Bac Ninh,VNAP25-F5170EEE71,VNAP25-12224AA46A,Bình Dương,Binh Duong
VN-06,Bắc Ninh,Bac Ninh,VNAP25-CC49EDC4DD,VNAP25-12224AA46A,Cao Đức,Cao Duc
VN-06,Bắc Ninh,Bac Ninh,VNAP25-A9D753E2D3,VNAP25-12224AA46A,Đại Bái,Dai Bai
VN-06,Bắc Ninh,Bac Ninh,VNAP25-93E883BCB4,VNAP25-12224AA46A,Đại Lai,Dai Lai
VN-06,Bắc Ninh,Bac Ninh,VNAP25-80ACEF8993,VNAP25-12224AA46A,Đông Cứu,Dong Cuu
VN-06,Bắc Ninh,Bac Ninh,VNAP25-F3259E0CAB,VNAP25-12224AA46A,Gia Bình,Gia Binh
VN-06,Bắc Ninh,Bac Ninh,VNAP25-60AEDBFA13,VNAP25-12224AA46A,Giang Sơn,Giang Son
VN-06,Bắc Ninh,Bac Ninh,VNAP25-36597A0F98,VNAP25-12224AA46A,Lãng Ngâm,Lang Ngam
VN-06,Bắc Ninh,Bac Ninh,VNAP25-A012124575,VNAP25-12224AA46A,Nhân Thắng,Nhan Thang
VN-06,Bắc Ninh,Bac Ninh,VNAP25-F5C1D2B3ED,VNAP25-12224AA46A,Quỳnh Phú,Quynh Phu
VN-06,Bắc Ninh,Bac Ninh,VNAP25-BC7ADBC756,VNAP25-12224AA46A,Song Giang,Song Giang
VN-06,Bắc Ninh,Bac Ninh,VNAP25-40C746C3BD,VNAP25-12224AA46A,Thái Bảo,Thai Bao
VN-06,Bắc Ninh,Bac Ninh,VNAP25-911F03C5BA,VNAP25-12224AA46A,Vạn Ninh,Van Ninh
VN-06,Bắc Ninh,Bac Ninh,VNAP25-579218AAC7,VNAP25-12224AA46A,Xuân Lai,Xuan Lai
VN-06,Bắc Ninh,Bac Ninh,VNAP25-54DF21CB3A,,Lương Tài,Luong Tai
VN-06,Bắc Ninh,Bac Ninh,VNAP25-610E9EC615,VNAP25-54DF21CB3A,An Tập,An Tap
VN-06,Bắc Ninh,Bac Ninh,VNAP25-F33E31BBFE,VNAP25-54DF21CB3A,An Thịnh,An Thinh
VN-06,Bắc Ninh,Bac Ninh,VNAP25-34001F0B08,VNAP25-54DF21CB3A,Bình Định,Binh Dinh
VN-06,Bắc Ninh,Bac Ninh,VNAP25-98A1808ED7,VNAP25-54DF21CB3A,Lâm Thao,Lam Thao
VN-06,Bắc Ninh,Bac Ninh,VNAP25-AE05646D7A,VNAP25-54DF21CB3A,Phú Hòa,Phu Hoa
VN-06,Bắc Ninh,Bac Ninh,VNAP25-9F5C4F8E6C,VNAP25-54DF21CB3A,Phú Lương,Phu Luong
VN-06,Bắc Ninh,Bac Ninh,VNAP25-2705E8624B,VNAP25-54DF21CB3A,Quang Minh,Quang Minh
VN-06,Bắc Ninh,Bac Ninh,VNAP25-8A3889623C,VNAP25-54DF21CB3A,Quảng Phú,Quang Phu
VN-06,Bắc Ninh,Bac Ninh,VNAP25-42F5127E15,VNAP25-54DF21CB3A,Tân Lãng,Tan Lang
VN-06,Bắc Ninh,Bac Ninh,VNAP25-372EEDF58A,VNAP25-54DF21CB3A,Thứa,Thua
VN-06,Bắc Ninh,Bac Ninh,VNAP25-ACC42B868C,VNAP25-54DF21CB3A,Trung Chính,Trung Chinh
VN-06,Bắc Ninh,Bac Ninh,VNAP25-D01237917D,VNAP25-54DF21CB3A,Trung Kênh,Trung Kenh
VN-06,Bắc Ninh,Bac Ninh,VNAP25-5816D25BCF,,Quế Võ,Que Vo
VN-06,Bắc Ninh,Bac Ninh,VNAP25-09EE330B80,VNAP25-5816D25BCF,Bằng An,Bang An
VN-06,Bắc Ninh,Bac Ninh,VNAP25-C3E7A92924,VNAP25-5816D25BCF,Bồng Lai,Bong Lai
VN-06,Bắc Ninh,Bac Ninh,VNAP25-C6374E7D9A,VNAP25-5816D25BCF,Cách Bi,Cach Bi
VN-06,Bắc Ninh,Bac Ninh,VNAP25-9304AB9447,VNAP25-5816D25BCF,Châu Phong,Chau Phong
VN-06,Bắc Ninh,Bac Ninh,VNAP25-D525F34A39,VNAP25-5816D25BCF,Chi Lăng,Chi Lang
VN-06,Bắc Ninh,Bac Ninh,VNAP25-780B6CA2CE,VNAP25-5816D25BCF,Đại Xuân,Dai Xuan
VN-06,Bắc Ninh,Bac Ninh,VNAP25-810194BF28,VNAP25-5816D25BCF,Đào Viên,Dao Vien
VN-06,Bắc Ninh,Bac Ninh,VNAP25-E6F63A8D0A,VNAP25-5816D25BCF,Đức Long,Duc Long
VN-06,Bắc Ninh,Bac Ninh,VNAP25-EDB2541816,VNAP25-5816D25BCF,Mộ Đạo,Mo Dao
VN-06,Bắc Ninh,Bac Ninh,VNAP25-D177B995BC,VNAP25-5816D25BCF,Ngọc Xá,Ngoc Xa
VN-06,Bắc Ninh,Bac Ninh,VNAP25-79284AE510,VNAP25-5816D25BCF,Nhân Hòa,Nhan Hoa
VN-06,Bắc Ninh,Bac Ninh,VNAP25-BA90ED870B,VNAP25-5816D25BCF,Phố Mới,Pho Moi
VN-06,Bắc Ninh,Bac Ninh,VNAP25-AAC48F1B4F,VNAP25-5816D25BCF,Phù Lãng,Phu Lang
VN-06,Bắc Ninh,Bac Ninh,VNAP25-08B7EDB5B0,VNAP25-5816D25BCF,Phù Lương,Phu Luong
VN-06,Bắc Ninh,Bac Ninh,VNAP25-C146B4D412,VNAP25-5816D25BCF,Phương Liễu,Phuong Lieu
VN-06,Bắc Ninh,Bac Ninh,VNAP25-E6674A12C9,VNAP25-5816D25BCF,Phượng Mao,Phuong Mao
VN-06,Bắc Ninh,Bac Ninh,VNAP25-F70DB11CBD,VNAP25-5816D25BCF,Quế Tân,Que Tan
VN-06,Bắc Ninh,Bac Ninh,VNAP25-687F5FF706,VNAP25-5816D25BCF,Việt Hùng,Viet Hung
VN-06,Bắc Ninh,Bac Ninh,VNAP25-75DD7A703E,VNAP25-5816D25BCF,Việt Thống,Viet Thong
VN-06,Bắc Ninh,Bac Ninh,VNAP25-7F8A179D90,VNAP25-5816D25BCF,Yên Giả,Yen Gia
VN-06,Bắc Ninh,Bac Ninh,VNAP25-57FB9A94E6,,Thuận Thành,Thuan Thanh
VN-06,Bắc Ninh,Bac Ninh,VNAP25-6737C4ADDB,VNAP25-57FB9A94E6,An Bình,An Binh
VN-06,Bắc Ninh,Bac Ninh,VNAP25-1618AF7FC1,VNAP25-57FB9A94E6,Đại Đồng Thành,Dai Dong Thanh
VN-06,Bắc Ninh,Bac Ninh,VNAP25-2B468C68A6,VNAP25-57FB9A94E6,Đình Tổ,Dinh To
VN-06,Bắc Ninh,Bac Ninh,VNAP25-B347552F92,VNAP25-57FB9A94E6,Gia Đông,Gia Dong
VN-06,Bắc Ninh,Bac Ninh,VNAP25-ABD40AC4FD,VNAP25-57FB9A94E6,Hà Mãn,Ha Man
VN-06,Bắc Ninh,Bac Ninh,VNAP25-91BB95DA67,VNAP25-57FB9A94E6,Hồ,Ho
VN-06,Bắc Ninh,Bac Ninh,VNAP25-39E3F01846,VNAP25-57FB9A94E6,Hoài Thượng,Hoai Thuong
VN-06,Bắc Ninh,Bac Ninh,VNAP25-3A768D6B01,VNAP25-57FB9A94E6,Mão Điền,Mao Dien
VN-06,Bắc Ninh,Bac Ninh,VNAP25-03FB9F188E,VNAP25-57FB9A94E6,Nghĩa Đạo,Nghia Dao
VN-06,Bắc Ninh,Bac Ninh,VNAP25-D72CE75813,VNAP25-57FB9A94E6,Ngũ Thái,Ngu Thai
VN-06,Bắc Ninh,Bac Ninh,VNAP25-C6ECCEB16E,VNAP25-57FB9A94E6,Nguyệt Đức,Nguyet Duc
VN-06,Bắc Ninh,Bac Ninh,VNAP25-E450357993,VNAP25-57FB9A94E6,Ninh Xá,Ninh Xa
VN-06,Bắc Ninh,Bac Ninh,VNAP25-816C28C717,VNAP25-57FB9A94E6,Song Hồ,Song Ho
VN-06,Bắc Ninh,Bac Ninh,VNAP25-E934E953F0,VNAP25-57FB9A94E6,Song Liễu,Song Lieu
VN-06,Bắc Ninh,Bac Ninh,VNAP25-A9BDDC917B,VNAP25-57FB9A94E6,Thanh Khương,Thanh Khuong
VN-06,Bắc Ninh,Bac Ninh,VNAP25-AE261D3B02,VNAP25-57FB9A94E6,Trạm Lộ,Tram Lo
VN-06,Bắc Ninh,Bac Ninh,VNAP25-323112B025,VNAP25-57FB9A94E6,Trí Quả,Tri Qua
VN-06,Bắc Ninh,Bac Ninh,VNAP25-617A246861,VNAP25-57FB9A94E6,Xuân Lâm,Xuan Lam
VN-06,Bắc Ninh,Bac Ninh,VNAP25-603E8E4F14,,Tiên Du,Tien Du
VN-06,Bắc Ninh,Bac Ninh,VNAP25-E7AB227289,VNAP25-603E8E4F14,Cảnh Hưng,Canh Hung
VN-06,Bắc Ninh,Bac Ninh,VNAP25-C71C5119FE,VNAP25-603E8E4F14,Đại Đồng,Dai Dong
VN-06,Bắc Ninh,Bac Ninh,VNAP25-348F337637,VNAP25-603E8E4F14,Hiên Vân,Hien Van
VN-06,Bắc Ninh,Bac Ninh,VNAP25-3FAD52C373,VNAP25-603E8E4F14,Hoàn Sơn,Hoan Son
VN-06,Bắc Ninh,Bac Ninh,VNAP25-0827D35C65,VNAP25-603E8E4F14,Lạc Vệ,Lac Ve
VN-06,Bắc Ninh,Bac Ninh,VNAP25-55B470E6F9,VNAP25-603E8E4F14,Liên Bão,Lien Bao
VN-06,Bắc Ninh,Bac Ninh,VNAP25-D04D37E974,VNAP25-603E8E4F14,Lim,Lim
VN-06,Bắc Ninh,Bac Ninh,VNAP25-B7E21B7A6F,VNAP25-603E8E4F14,Minh Đạo,Minh Dao
VN-06,Bắc Ninh,Bac Ninh,VNAP25-D9F76E97C0,VNAP25-603E8E4F14,Nội Duệ,Noi Due
VN-06,Bắc Ninh,Bac Ninh,VNAP25-D2C701B663,VNAP25-603E8E4F14,Phật Tích,Phat Tich
VN-06,Bắc Ninh,Bac Ninh,VNAP25-D39D4147C3,VNAP25-603E8E4F14,Phú Lâm,Phu Lam
VN-06,Bắc Ninh,Bac Ninh,VNAP25-C3C8301F31,VNAP25-603E8E4F14,Tân Chi,Tan Chi
VN-06,Bắc Ninh,Bac Ninh,VNAP25-142112FD06,VNAP25-603E8E4F14,Tri Phương,Tri Phuong
VN-06,Bắc Ninh,Bac Ninh,VNAP25-52575C5AD3,VNAP25-603E8E4F14,Việt Đoàn,Viet Doan
VN-06,Bắc Ninh,Bac Ninh,VNAP25-06CB33C7AB,,Từ Sơn,Tu Son
VN-06,Bắc Ninh,Bac Ninh,VNAP25-B5C7E65EB5,VNAP25-06CB33C7AB,Châu Khê,Chau Khe
VN-06,Bắc Ninh,Bac Ninh,VNAP25-4A1B9B49C5,VNAP25-06CB33C7AB,Đình Bảng,Dinh Bang
VN-06,Bắc Ninh,Bac Ninh,VNAP25-F3258D59FC,VNAP25-06CB33C7AB,Đồng Kỵ,Dong Ky
VN-06,Bắc Ninh,Bac Ninh,VNAP25-8333C80ED4,VNAP25-06CB33C7AB,Đông Ngàn,Dong Ngan
VN-06,Bắc Ninh,Bac Ninh,VNAP25-589D0E02AD,VNAP25-06CB33C7AB,Đồng Nguyên,Dong Nguyen
VN-06,Bắc Ninh,Bac Ninh,VNAP25-46C133020F,VNAP25-06CB33C7AB,Hương Mạc,Huong Mac
VN-06,Bắc Ninh,Bac Ninh,VNAP25-4161A08616,VNAP25-06CB33C7AB,Phù Chẩn,Phu Chan
VN-06,Bắc Ninh,Bac Ninh,VNAP25-61142AF977,VNAP25-06CB33C7AB,Phù Khê,Phu Khe
VN-06,Bắc Ninh,Bac Ninh,VNAP25-614101DFDD,VNAP25-06CB33C7AB,Tam Sơn,Tam Son
VN-06,Bắc Ninh,Bac Ninh,VNAP25-A322ABED9A,VNAP25-06CB33C7AB,Tân Hồng,Tan Hong
VN-06,Bắc Ninh,Bac Ninh,VNAP25-1DFBD4799A,VNAP25-06CB33C7AB,Trang Hạ,Trang Ha
VN-06,Bắc Ninh,Bac Ninh,VNAP25-59EFE9DB74,VNAP25-06CB33C7AB,Tương Giang,Tuong Giang
VN-06,Bắc Ninh,Bac Ninh,VNAP25-7DA894892B,,Yên Phong,Yen Phong
VN-06,Bắc Ninh,Bac Ninh,VNAP25-F77500F8A6,VNAP25-7DA894892B,Chờ,Cho
VN-06,Bắc Ninh,Bac Ninh,VNAP25-74FD32C78B,VNAP25-7DA894892B,Đông Phong,Dong Phong
VN-06,Bắc Ninh,Bac Ninh,VNAP25-0D0CA5FF63,VNAP25-7DA894892B,Đông Thọ,Dong Tho
VN-06,Bắc Ninh,Bac Ninh,VNAP25-33D28BED61,VNAP25-7DA894892B,Đông Tiến,Dong Tien
VN-06,Bắc Ninh,Bac Ninh,VNAP25-6B66496818,VNAP25-7DA894892B,Dũng Liệt,Dung Liet
VN-06,Bắc Ninh,Bac Ninh,VNAP25-57899772E4,VNAP25-7DA894892B,Hòa Tiến,Hoa Tien
VN-06,Bắc Ninh,Bac Ninh,VNAP25-573BC5A749,VNAP25-7DA894892B,Long Châu,Long Chau
VN-06,Bắc Ninh,Bac Ninh,VNAP25-74C065B81E,VNAP25-7DA894892B,Tam Đa,Tam Da
VN-06,Bắc Ninh,Bac Ninh,VNAP25-6555E05783,VNAP25-7DA894892B,Tam Giang,Tam Giang
VN-06,Bắc Ninh,Bac Ninh,VNAP25-36B2298752,VNAP25-7DA894892B,Thụy Hòa,Thuy Hoa
VN-06,Bắc Ninh,Bac Ninh,VNAP25-AD207FBB4A,VNAP25-7DA894892B,Trung Nghĩa,Trung Nghia
VN-06,Bắc Ninh,Bac Ninh,VNAP25-61777BF4E7,VNAP25-7DA894892B,Văn Môn,Van Mon
VN-06,Bắc Ninh,Bac Ninh,VNAP25-4F21EADA72,VNAP25-7DA894892B,Yên Phụ,Yen Phu
VN-06,Bắc Ninh,Bac Ninh,VNAP25-AF8CB7F018,VNAP25-7DA894892B,Yên Trung,Yen Trung
VN-07,Bến Tre,Ben Tre,VNAP25-6746395BA1,,Ba Tri,Ba Tri
VN-07,Bến Tre,Ben Tre,VNAP25-CC682EA8B2,VNAP25-6746395BA1,An Bình Tây,An Binh Tay
VN-07,Bến Tre,Ben Tre,VNAP25-899683C0DC,VNAP25-6746395BA1,An Đức,An Duc
VN-07,Bến Tre,Ben Tre,VNAP25-EB72799A97,VNAP25-6746395BA1,An Hiệp,An Hiep
VN-07,Bến Tre,Ben Tre,VNAP25-199D2CC449,VNAP25-6746395BA1,An Hòa Tây,An Hoa Tay
VN-07,Bến Tre,Ben Tre,VNAP25-202D46D94B,VNAP25-6746395BA1,An Ngãi Tây,An Ngai Tay
VN-07,Bến Tre,Ben Tre,VNAP25-864FD8ED03,VNAP25-6746395BA1,An Ngãi Trung,An Ngai Trung
VN-07,Bến Tre,Ben Tre,VNAP25-C93EFF4E46,VNAP25-6746395BA1,An Phú Trung,An Phu Trung
VN-07,Bến Tre,Ben Tre,VNAP25-E5166262EC,VNAP25-6746395BA1,Ba Tri,Ba Tri
VN-07,Bến Tre,Ben Tre,VNAP25-30827F7FC9,VNAP25-6746395BA1,Bảo Thạnh,Bao Thanh
VN-07,Bến Tre,Ben Tre,VNAP25-41CF8E8A47,VNAP25-6746395BA1,Bảo Thuận,Bao Thuan
VN-07,Bến Tre,Ben Tre,VNAP25-4CFBFBECBF,VNAP25-6746395BA1,Mỹ Chánh,My Chanh
VN-07,Bến Tre,Ben Tre,VNAP25-C1FDBF5A54,VNAP25-6746395BA1,Mỹ Hòa,My Hoa
VN-07,Bến Tre,Ben Tre,VNAP25-3C5EA88F50,VNAP25-6746395BA1,Mỹ Nhơn,My Nhon
VN-07,Bến Tre,Ben Tre,VNAP25-0031CEFA20,VNAP25-6746395BA1,Mỹ Thạnh,My Thanh
VN-07,Bến Tre,Ben Tre,VNAP25-D23C205C6B,VNAP25-6746395BA1,Phú Lễ,Phu Le
VN-07,Bến Tre,Ben Tre,VNAP25-15FC621B1B,VNAP25-6746395BA1,Phước Ngãi,Phuoc Ngai
VN-07,Bến Tre,Ben Tre,VNAP25-325C185178,VNAP25-6746395BA1,Tân Hưng,Tan Hung
VN-07,Bến Tre,Ben Tre,VNAP25-2D05EEA7DF,VNAP25-6746395BA1,Tân Thủy,Tan Thuy
VN-07,Bến Tre,Ben Tre,VNAP25-088C43D3B0,VNAP25-6746395BA1,Tân Xuân,Tan Xuan
VN-07,Bến Tre,Ben Tre,VNAP25-25CFB8071A,VNAP25-6746395BA1,Tiệm Tôm,Tiem Tom
VN-07,Bến Tre,Ben Tre,VNAP25-E31DD55354,VNAP25-6746395BA1,Vĩnh An,Vinh An
VN-07,Bến Tre,Ben Tre,VNAP25-05034E6575,VNAP25-6746395BA1,Vĩnh Hòa,Vinh Hoa
VN-07,Bến Tre,Ben Tre,VNAP25-5AC87769A6,,Bến Tre,Ben Tre
VN-07,Bến Tre,Ben Tre,VNAP25-8915E9D451,VNAP25-5AC87769A6,6,6
VN-07,Bến Tre,Ben Tre,VNAP25-5DE06B253F,VNAP25-5AC87769A6,7,7
VN-07,Bến Tre,Ben Tre,VNAP25-905D53207F,VNAP25-5AC87769A6,8,8
VN-07,Bến Tre,Ben Tre,VNAP25-AE60043B1A,VNAP25-5AC87769A6,An Hội,An Hoi
VN-07,Bến Tre,Ben Tre,VNAP25-D075CF6C63,VNAP25-5AC87769A6,Bình Phú,Binh Phu
VN-07,Bến Tre,Ben Tre,VNAP25-09DF069C57,VNAP25-5AC87769A6,Mỹ Thạnh An,My Thanh An
VN-07,Bến Tre,Ben Tre,VNAP25-FB0770BD2F,VNAP25-5AC87769A6,Nhơn Thạnh,Nhon Thanh
VN-07,Bến Tre,Ben Tre,VNAP25-07AB355CD1,VNAP25-5AC87769A6,Phú Hưng,Phu Hung
VN-07,Bến Tre,Ben Tre,VNAP25-0B31FEDC98,VNAP25-5AC87769A6,Phú Khương,Phu Khuong
VN-07,Bến Tre,Ben Tre,VNAP25-C743D0E0AF,VNAP25-5AC87769A6,Phú Nhuận,Phu Nhuan
VN-07,Bến Tre,Ben Tre,VNAP25-0C29B100CA,VNAP25-5AC87769A6,Phú Tân,Phu Tan
VN-07,Bến Tre,Ben Tre,VNAP25-F93AD45E4E,VNAP25-5AC87769A6,Sơn Đông,Son Dong
VN-07,Bến Tre,Ben Tre,VNAP25-EDD705CAED,,Bình Đại,Binh Dai
VN-07,Bến Tre,Ben Tre,VNAP25-1697D02804,VNAP25-EDD705CAED,Bình Đại,Binh Dai
VN-07,Bến Tre,Ben Tre,VNAP25-ADDA09E5E9,VNAP25-EDD705CAED,Bình Thắng,Binh Thang
VN-07,Bến Tre,Ben Tre,VNAP25-DDB3770679,VNAP25-EDD705CAED,Bình Thới,Binh Thoi
VN-07,Bến Tre,Ben Tre,VNAP25-3351CB5753,VNAP25-EDD705CAED,Châu Hưng,Chau Hung
VN-07,Bến Tre,Ben Tre,VNAP25-F98E2D9751,VNAP25-EDD705CAED,Đại Hòa Lộc,Dai Hoa Loc
VN-07,Bến Tre,Ben Tre,VNAP25-A156751E9F,VNAP25-EDD705CAED,Định Trung,Dinh Trung
VN-07,Bến Tre,Ben Tre,VNAP25-ADA6E70BEB,VNAP25-EDD705CAED,Lộc Thuận,Loc Thuan
VN-07,Bến Tre,Ben Tre,VNAP25-F7DD6CBF70,VNAP25-EDD705CAED,Long Định,Long Dinh
VN-07,Bến Tre,Ben Tre,VNAP25-DCBCD60F5B,VNAP25-EDD705CAED,Long Hòa,Long Hoa
VN-07,Bến Tre,Ben Tre,VNAP25-06BE68E117,VNAP25-EDD705CAED,Phú Long,Phu Long
VN-07,Bến Tre,Ben Tre,VNAP25-195A102EA3,VNAP25-EDD705CAED,Phú Thuận,Phu Thuan
VN-07,Bến Tre,Ben Tre,VNAP25-BF61294454,VNAP25-EDD705CAED,Tam Hiệp,Tam Hiep
VN-07,Bến Tre,Ben Tre,VNAP25-051432BE07,VNAP25-EDD705CAED,Thạnh Phước,Thanh Phuoc
VN-07,Bến Tre,Ben Tre,VNAP25-CFBE7FF3C8,VNAP25-EDD705CAED,Thạnh Trị,Thanh Tri
VN-07,Bến Tre,Ben Tre,VNAP25-098F944160,VNAP25-EDD705CAED,Thới Lai,Thoi Lai
VN-07,Bến Tre,Ben Tre,VNAP25-D61F71C249,VNAP25-EDD705CAED,Thới Thuận,Thoi Thuan
VN-07,Bến Tre,Ben Tre,VNAP25-922C9A598D,VNAP25-EDD705CAED,Thừa Đức,Thua Duc
VN-07,Bến Tre,Ben Tre,VNAP25-ECB24F0C42,VNAP25-EDD705CAED,Vang Quới Đông,Vang Quoi Dong
VN-07,Bến Tre,Ben Tre,VNAP25-59A32D0369,VNAP25-EDD705CAED,Vang Quới Tây,Vang Quoi Tay
VN-07,Bến Tre,Ben Tre,VNAP25-87A14B8DF9,,Châu Thành,Chau Thanh
VN-07,Bến Tre,Ben Tre,VNAP25-56FF0AA4EA,VNAP25-87A14B8DF9,An Phước,An Phuoc
VN-07,Bến Tre,Ben Tre,VNAP25-A02628DADE,VNAP25-87A14B8DF9,Châu Thành,Chau Thanh
VN-07,Bến Tre,Ben Tre,VNAP25-009F12FDBB,VNAP25-87A14B8DF9,Giao Long,Giao Long
VN-07,Bến Tre,Ben Tre,VNAP25-00A3307654,VNAP25-87A14B8DF9,Hữu Định,Huu Dinh
VN-07,Bến Tre,Ben Tre,VNAP25-E364204ACB,VNAP25-87A14B8DF9,Phú Đức,Phu Duc
VN-07,Bến Tre,Ben Tre,VNAP25-963C585732,VNAP25-87A14B8DF9,Phú Túc,Phu Tuc
VN-07,Bến Tre,Ben Tre,VNAP25-F85D40E2B3,VNAP25-87A14B8DF9,Phước Thạnh,Phuoc Thanh
VN-07,Bến Tre,Ben Tre,VNAP25-F97D6F6387,VNAP25-87A14B8DF9,Quới Sơn,Quoi Son
VN-07,Bến Tre,Ben Tre,VNAP25-F6D9AC4148,VNAP25-87A14B8DF9,Quới Thành,Quoi Thanh
VN-07,Bến Tre,Ben Tre,VNAP25-90AE42D872,VNAP25-87A14B8DF9,Tam Phước,Tam Phuoc
VN-07,Bến Tre,Ben Tre,VNAP25-57C8DCA478,VNAP25-87A14B8DF9,Tân Phú,Tan Phu
VN-07,Bến Tre,Ben Tre,VNAP25-220157D867,VNAP25-87A14B8DF9,Tân Thạch,Tan Thach
VN-07,Bến Tre,Ben Tre,VNAP25-1866E32DD8,VNAP25-87A14B8DF9,Thành Triệu,Thanh Trieu
VN-07,Bến Tre,Ben Tre,VNAP25-A94FFF8B1C,VNAP25-87A14B8DF9,Tiên Long,Tien Long
VN-07,Bến Tre,Ben Tre,VNAP25-30F5BAC952,VNAP25-87A14B8DF9,Tiên Thủy,Tien Thuy
VN-07,Bến Tre,Ben Tre,VNAP25-1EABFA5D48,VNAP25-87A14B8DF9,Tường Đa,Tuong Da
VN-07,Bến Tre,Ben Tre,VNAP25-747F519D6C,,Chợ Lách,Cho Lach
VN-07,Bến Tre,Ben Tre,VNAP25-3A6FCCF68B,VNAP25-747F519D6C,Chợ Lách,Cho Lach
VN-07,Bến Tre,Ben Tre,VNAP25-FBB86915AB,VNAP25-747F519D6C,Hòa Nghĩa,Hoa Nghia
VN-07,Bến Tre,Ben Tre,VNAP25-417F14922B,VNAP25-747F519D6C,Hưng Khánh Trung B,Hung Khanh Trung B
VN-07,Bến Tre,Ben Tre,VNAP25-4F91E52275,VNAP25-747F519D6C,Long Thới,Long Thoi
VN-07,Bến Tre,Ben Tre,VNAP25-9C099D1D21,VNAP25-747F519D6C,Phú Phụng,Phu Phung
VN-07,Bến Tre,Ben Tre,VNAP25-E22440A502,VNAP25-747F519D6C,Phú Sơn,Phu Son
VN-07,Bến Tre,Ben Tre,VNAP25-0D87D65850,VNAP25-747F519D6C,Sơn Định,Son Dinh
VN-07,Bến Tre,Ben Tre,VNAP25-9B6B666403,VNAP25-747F519D6C,Tân Thiềng,Tan Thieng
VN-07,Bến Tre,Ben Tre,VNAP25-57096D2529,VNAP25-747F519D6C,Vĩnh Bình,Vinh Binh
VN-07,Bến Tre,Ben Tre,VNAP25-ECAE820583,VNAP25-747F519D6C,Vĩnh Hòa,Vinh Hoa
VN-07,Bến Tre,Ben Tre,VNAP25-6EE6BC06C6,VNAP25-747F519D6C,Vĩnh Thành,Vinh Thanh
VN-07,Bến Tre,Ben Tre,VNAP25-B4E2B1DB65,,Giồng Trôm,Giong Trom
VN-07,Bến Tre,Ben Tre,VNAP25-C56921D89E,VNAP25-B4E2B1DB65,Bình Hòa,Binh Hoa
VN-07,Bến Tre,Ben Tre,VNAP25-D88A1B000A,VNAP25-B4E2B1DB65,Bình Thành,Binh Thanh
VN-07,Bến Tre,Ben Tre,VNAP25-EC63DFEDD5,VNAP25-B4E2B1DB65,Châu Bình,Chau Binh
VN-07,Bến Tre,Ben Tre,VNAP25-A44D1968FE,VNAP25-B4E2B1DB65,Châu Hòa,Chau Hoa
VN-07,Bến Tre,Ben Tre,VNAP25-A13924D70B,VNAP25-B4E2B1DB65,Giồng Trôm,Giong Trom
VN-07,Bến Tre,Ben Tre,VNAP25-219B205634,VNAP25-B4E2B1DB65,Hưng Lễ,Hung Le
VN-07,Bến Tre,Ben Tre,VNAP25-B7B1AB27A1,VNAP25-B4E2B1DB65,Hưng Nhượng,Hung Nhuong
VN-07,Bến Tre,Ben Tre,VNAP25-264E4FF186,VNAP25-B4E2B1DB65,Hưng Phong,Hung Phong
VN-07,Bến Tre,Ben Tre,VNAP25-8CB8BBEC4E,VNAP25-B4E2B1DB65,Long Mỹ,Long My
VN-07,Bến Tre,Ben Tre,VNAP25-9DA0D205BF,VNAP25-B4E2B1DB65,Lương Hòa,Luong Hoa
VN-07,Bến Tre,Ben Tre,VNAP25-BB2CB8559D,VNAP25-B4E2B1DB65,Lương Phú,Luong Phu
VN-07,Bến Tre,Ben Tre,VNAP25-B63CC05E23,VNAP25-B4E2B1DB65,Lương Quới,Luong Quoi
VN-07,Bến Tre,Ben Tre,VNAP25-4418FB24A9,VNAP25-B4E2B1DB65,Mỹ Thạnh,My Thanh
VN-07,Bến Tre,Ben Tre,VNAP25-2DEB9DB2D0,VNAP25-B4E2B1DB65,Phong Nẫm,Phong Nam
VN-07,Bến Tre,Ben Tre,VNAP25-B700D79890,VNAP25-B4E2B1DB65,Phước Long,Phuoc Long
VN-07,Bến Tre,Ben Tre,VNAP25-E87F0FB873,VNAP25-B4E2B1DB65,Sơn Phú,Son Phu
VN-07,Bến Tre,Ben Tre,VNAP25-6A51AEBDA2,VNAP25-B4E2B1DB65,Tân Hào,Tan Hao
VN-07,Bến Tre,Ben Tre,VNAP25-773039828E,VNAP25-B4E2B1DB65,Tân Lợi Thạnh,Tan Loi Thanh
VN-07,Bến Tre,Ben Tre,VNAP25-347B0EE430,VNAP25-B4E2B1DB65,Tân Thanh,Tan Thanh
VN-07,Bến Tre,Ben Tre,VNAP25-DBAEC87754,VNAP25-B4E2B1DB65,Thạnh Phú Đông,Thanh Phu Dong
VN-07,Bến Tre,Ben Tre,VNAP25-B20B9B16A3,VNAP25-B4E2B1DB65,Thuận Điền,Thuan Dien
VN-07,Bến Tre,Ben Tre,VNAP25-1AC4745FFF,,Mỏ Cày Bắc,Mo Cay Bac
VN-07,Bến Tre,Ben Tre,VNAP25-4CE5375940,VNAP25-1AC4745FFF,Hòa Lộc,Hoa Loc
VN-07,Bến Tre,Ben Tre,VNAP25-19D70E8792,VNAP25-1AC4745FFF,Hưng Khánh Trung A,Hung Khanh Trung A
VN-07,Bến Tre,Ben Tre,VNAP25-74F7241779,VNAP25-1AC4745FFF,Khánh Thạnh Tân,Khanh Thanh Tan
VN-07,Bến Tre,Ben Tre,VNAP25-7E271A78D9,VNAP25-1AC4745FFF,Nhuận Phú Tân,Nhuan Phu Tan
VN-07,Bến Tre,Ben Tre,VNAP25-BA7298A7F1,VNAP25-1AC4745FFF,Phú Mỹ,Phu My
VN-07,Bến Tre,Ben Tre,VNAP25-829F0EE054,VNAP25-1AC4745FFF,Phước Mỹ Trung,Phuoc My Trung
VN-07,Bến Tre,Ben Tre,VNAP25-DC6863F1BB,VNAP25-1AC4745FFF,Tân Bình,Tan Binh
VN-07,Bến Tre,Ben Tre,VNAP25-E81F13C6AF,VNAP25-1AC4745FFF,Tân Phú Tây,Tan Phu Tay
VN-07,Bến Tre,Ben Tre,VNAP25-12B4212D0D,VNAP25-1AC4745FFF,Tân Thành Bình,Tan Thanh Binh
VN-07,Bến Tre,Ben Tre,VNAP25-6CE4B1054E,VNAP25-1AC4745FFF,Tân Thanh Tây,Tan Thanh Tay
VN-07,Bến Tre,Ben Tre,VNAP25-9BF42ECB83,VNAP25-1AC4745FFF,Thành An,Thanh An
VN-07,Bến Tre,Ben Tre,VNAP25-940D4F2999,VNAP25-1AC4745FFF,Thạnh Ngãi,Thanh Ngai
VN-07,Bến Tre,Ben Tre,VNAP25-953343DC9C,VNAP25-1AC4745FFF,Thanh Tân,Thanh Tan
VN-07,Bến Tre,Ben Tre,VNAP25-DE980A4AAD,,Mỏ Cày Nam,Mo Cay Nam
VN-07,Bến Tre,Ben Tre,VNAP25-3D14E7309C,VNAP25-DE980A4AAD,An Định,An Dinh
VN-07,Bến Tre,Ben Tre,VNAP25-1B2393FB20,VNAP25-DE980A4AAD,An Thạnh,An Thanh
VN-07,Bến Tre,Ben Tre,VNAP25-FDAFE3FB17,VNAP25-DE980A4AAD,An Thới,An Thoi
VN-07,Bến Tre,Ben Tre,VNAP25-6B9E64D2CE,VNAP25-DE980A4AAD,Bình Khánh,Binh Khanh
VN-07,Bến Tre,Ben Tre,VNAP25-6D699E36B5,VNAP25-DE980A4AAD,Cẩm Sơn,Cam Son
VN-07,Bến Tre,Ben Tre,VNAP25-F2F3CDD222,VNAP25-DE980A4AAD,Đa Phước Hội,Da Phuoc Hoi
VN-07,Bến Tre,Ben Tre,VNAP25-07924EBA51,VNAP25-DE980A4AAD,Định Thủy,Dinh Thuy
VN-07,Bến Tre,Ben Tre,VNAP25-FA7A7CB169,VNAP25-DE980A4AAD,Hương Mỹ,Huong My
VN-07,Bến Tre,Ben Tre,VNAP25-371DE58078,VNAP25-DE980A4AAD,Minh Đức,Minh Duc
VN-07,Bến Tre,Ben Tre,VNAP25-6441C5778A,VNAP25-DE980A4AAD,Mỏ Cày,Mo Cay
VN-07,Bến Tre,Ben Tre,VNAP25-6EA9A11E91,VNAP25-DE980A4AAD,Ngãi Đăng,Ngai Dang
VN-07,Bến Tre,Ben Tre,VNAP25-F319C963F4,VNAP25-DE980A4AAD,Phước Hiệp,Phuoc Hiep
VN-07,Bến Tre,Ben Tre,VNAP25-F13A98C515,VNAP25-DE980A4AAD,Tân Hội,Tan Hoi
VN-07,Bến Tre,Ben Tre,VNAP25-3163AEBB07,VNAP25-DE980A4AAD,Tân Trung,Tan Trung
VN-07,Bến Tre,Ben Tre,VNAP25-B296D86589,VNAP25-DE980A4AAD,Thành Thới A,Thanh Thoi A
VN-07,Bến Tre,Ben Tre,VNAP25-AA8CA5704F,VNAP25-DE980A4AAD,Thành Thới B,Thanh Thoi B
VN-07,Bến Tre,Ben Tre,VNAP25-A65EDDDA19,,Thạnh Phú,Thanh Phu
VN-07,Bến Tre,Ben Tre,VNAP25-876C01E652,VNAP25-A65EDDDA19,An Điền,An Dien
VN-07,Bến Tre,Ben Tre,VNAP25-E16BE9DF2F,VNAP25-A65EDDDA19,An Nhơn,An Nhon
VN-07,Bến Tre,Ben Tre,VNAP25-959355138B,VNAP25-A65EDDDA19,An Quy,An Quy
VN-07,Bến Tre,Ben Tre,VNAP25-862A8AA9FA,VNAP25-A65EDDDA19,An Thạnh,An Thanh
VN-07,Bến Tre,Ben Tre,VNAP25-514ED63DC9,VNAP25-A65EDDDA19,An Thuận,An Thuan
VN-07,Bến Tre,Ben Tre,VNAP25-9775EEA3EE,VNAP25-A65EDDDA19,Bình Thạnh,Binh Thanh
VN-07,Bến Tre,Ben Tre,VNAP25-EFD9C4F63D,VNAP25-A65EDDDA19,Đại Điền,Dai Dien
VN-07,Bến Tre,Ben Tre,VNAP25-C5CC681388,VNAP25-A65EDDDA19,Giao Thạnh,Giao Thanh
VN-07,Bến Tre,Ben Tre,VNAP25-753F53A53C,VNAP25-A65EDDDA19,Hòa Lợi,Hoa Loi
VN-07,Bến Tre,Ben Tre,VNAP25-C8A9CA9D75,VNAP25-A65EDDDA19,Mỹ An,My An
VN-07,Bến Tre,Ben Tre,VNAP25-D535F1155C,VNAP25-A65EDDDA19,Mỹ Hưng,My Hung
VN-07,Bến Tre,Ben Tre,VNAP25-943629C3C4,VNAP25-A65EDDDA19,Phú Khánh,Phu Khanh
VN-07,Bến Tre,Ben Tre,VNAP25-C152E6E827,VNAP25-A65EDDDA19,Quới Điền,Quoi Dien
VN-07,Bến Tre,Ben Tre,VNAP25-D047F20FD1,VNAP25-A65EDDDA19,Tân Phong,Tan Phong
VN-07,Bến Tre,Ben Tre,VNAP25-2EEDDAFF86,VNAP25-A65EDDDA19,Thạnh Hải,Thanh Hai
VN-07,Bến Tre,Ben Tre,VNAP25-F20D53CE2D,VNAP25-A65EDDDA19,Thạnh Phong,Thanh Phong
VN-07,Bến Tre,Ben Tre,VNAP25-17D364EA96,VNAP25-A65EDDDA19,Thạnh Phú,Thanh Phu
VN-07,Bến Tre,Ben Tre,VNAP25-BB61CB77EF,VNAP25-A65EDDDA19,Thới Thạnh,Thoi Thanh
VN-08,Bình Định,Binh Dinh,VNAP25-28BB5B63DB,,An Lão,An Lao
VN-08,Bình Định,Binh Dinh,VNAP25-C2897211FF,VNAP25-28BB5B63DB,An Dũng,An Dung
VN-08,Bình Định,Binh Dinh,VNAP25-423CD013BF,VNAP25-28BB5B63DB,An Hòa,An Hoa
VN-08,Bình Định,Binh Dinh,VNAP25-740799D1B8,VNAP25-28BB5B63DB,An Hưng,An Hung
VN-08,Bình Định,Binh Dinh,VNAP25-A3BB754EC5,VNAP25-28BB5B63DB,An Lão,An Lao
VN-08,Bình Định,Binh Dinh,VNAP25-984D2FC5AA,VNAP25-28BB5B63DB,An Nghĩa,An Nghia
VN-08,Bình Định,Binh Dinh,VNAP25-43CCD85772,VNAP25-28BB5B63DB,An Quang,An Quang
VN-08,Bình Định,Binh Dinh,VNAP25-74FBF44EFA,VNAP25-28BB5B63DB,An Tân,An Tan
VN-08,Bình Định,Binh Dinh,VNAP25-0E30523CC8,VNAP25-28BB5B63DB,An Toàn,An Toan
VN-08,Bình Định,Binh Dinh,VNAP25-AB43B3A754,VNAP25-28BB5B63DB,An Trung,An Trung
VN-08,Bình Định,Binh Dinh,VNAP25-079E7584C7,VNAP25-28BB5B63DB,An Vinh,An Vinh
VN-08,Bình Định,Binh Dinh,VNAP25-0E2C6CC27F,,An Nhơn,An Nhon
VN-08,Bình Định,Binh Dinh,VNAP25-7A36BB264D,VNAP25-0E2C6CC27F,Bình Định,Binh Dinh
VN-08,Bình Định,Binh Dinh,VNAP25-083999FB94,VNAP25-0E2C6CC27F,Đập Đá,Dap Da
VN-08,Bình Định,Binh Dinh,VNAP25-8CA2A24739,VNAP25-0E2C6CC27F,Nhơn An,Nhon An
VN-08,Bình Định,Binh Dinh,VNAP25-18857AC458,VNAP25-0E2C6CC27F,Nhơn Hạnh,Nhon Hanh
VN-08,Bình Định,Binh Dinh,VNAP25-C2C3522F02,VNAP25-0E2C6CC27F,Nhơn Hậu,Nhon Hau
VN-08,Bình Định,Binh Dinh,VNAP25-C3525D2D38,VNAP25-0E2C6CC27F,Nhơn Hòa,Nhon Hoa
VN-08,Bình Định,Binh Dinh,VNAP25-C41FA618C3,VNAP25-0E2C6CC27F,Nhơn Hưng,Nhon Hung
VN-08,Bình Định,Binh Dinh,VNAP25-DD69F745C6,VNAP25-0E2C6CC27F,Nhơn Khánh,Nhon Khanh
VN-08,Bình Định,Binh Dinh,VNAP25-FDB6F81866,VNAP25-0E2C6CC27F,Nhơn Lộc,Nhon Loc
VN-08,Bình Định,Binh Dinh,VNAP25-379359B7B5,VNAP25-0E2C6CC27F,Nhơn Mỹ,Nhon My
VN-08,Bình Định,Binh Dinh,VNAP25-8798D54841,VNAP25-0E2C6CC27F,Nhơn Phong,Nhon Phong
VN-08,Bình Định,Binh Dinh,VNAP25-4DD0D9EF20,VNAP25-0E2C6CC27F,Nhơn Phúc,Nhon Phuc
VN-08,Bình Định,Binh Dinh,VNAP25-11FCC8F770,VNAP25-0E2C6CC27F,Nhơn Tân,Nhon Tan
VN-08,Bình Định,Binh Dinh,VNAP25-6A254FFA65,VNAP25-0E2C6CC27F,Nhơn Thành,Nhon Thanh
VN-08,Bình Định,Binh Dinh,VNAP25-CC9CBAF4AB,VNAP25-0E2C6CC27F,Nhơn Thọ,Nhon Tho
VN-08,Bình Định,Binh Dinh,VNAP25-24F5E70DF7,,Hoài Ân,Hoai An
VN-08,Bình Định,Binh Dinh,VNAP25-0EDE706E01,VNAP25-24F5E70DF7,Ân Đức,An Duc
VN-08,Bình Định,Binh Dinh,VNAP25-160F61207E,VNAP25-24F5E70DF7,Ân Hảo Đông,An Hao Dong
VN-08,Bình Định,Binh Dinh,VNAP25-2CC00EDA4B,VNAP25-24F5E70DF7,Ân Hảo Tây,An Hao Tay
VN-08,Bình Định,Binh Dinh,VNAP25-CC66BC3C49,VNAP25-24F5E70DF7,Ân Hữu,An Huu
VN-08,Bình Định,Binh Dinh,VNAP25-0BC1B14A6B,VNAP25-24F5E70DF7,Ân Mỹ,An My
VN-08,Bình Định,Binh Dinh,VNAP25-B87A570D38,VNAP25-24F5E70DF7,Ân Nghĩa,An Nghia
VN-08,Bình Định,Binh Dinh,VNAP25-4AD0EC6AA7,VNAP25-24F5E70DF7,Ân Phong,An Phong
VN-08,Bình Định,Binh Dinh,VNAP25-254B25EB44,VNAP25-24F5E70DF7,Ân Sơn,An Son
VN-08,Bình Định,Binh Dinh,VNAP25-D0207126DE,VNAP25-24F5E70DF7,Ân Thạnh,An Thanh
VN-08,Bình Định,Binh Dinh,VNAP25-B695D36287,VNAP25-24F5E70DF7,Ân Tín,An Tin
VN-08,Bình Định,Binh Dinh,VNAP25-3C169F2E42,VNAP25-24F5E70DF7,Ân Tường Đông,An Tuong Dong
VN-08,Bình Định,Binh Dinh,VNAP25-B4342AAAA4,VNAP25-24F5E70DF7,Ân Tường Tây,An Tuong Tay
VN-08,Bình Định,Binh Dinh,VNAP25-64457FCF50,VNAP25-24F5E70DF7,Bok Tới,Bok Toi
VN-08,Bình Định,Binh Dinh,VNAP25-FF49693CFD,VNAP25-24F5E70DF7,Đak Mang,Dak Mang
VN-08,Bình Định,Binh Dinh,VNAP25-62625732A4,VNAP25-24F5E70DF7,Tăng Bạt Hổ,Tang Bat Ho
VN-08,Bình Định,Binh Dinh,VNAP25-922A7E7562,,Hoài Nhơn,Hoai Nhon
VN-08,Bình Định,Binh Dinh,VNAP25-207416D5A2,VNAP25-922A7E7562,Bồng Sơn,Bong Son
VN-08,Bình Định,Binh Dinh,VNAP25-EB6E2F0D09,VNAP25-922A7E7562,Hoài Châu,Hoai Chau
VN-08,Bình Định,Binh Dinh,VNAP25-24C659F7D2,VNAP25-922A7E7562,Hoài Châu Bắc,Hoai Chau Bac
VN-08,Bình Định,Binh Dinh,VNAP25-9D4129F86A,VNAP25-922A7E7562,Hoài Đức,Hoai Duc
VN-08,Bình Định,Binh Dinh,VNAP25-95E57FEEF8,VNAP25-922A7E7562,Hoài Hải,Hoai Hai
VN-08,Bình Định,Binh Dinh,VNAP25-687EAECFD4,VNAP25-922A7E7562,Hoài Hảo,Hoai Hao
VN-08,Bình Định,Binh Dinh,VNAP25-25C4D12BAB,VNAP25-922A7E7562,Hoài Hương,Hoai Huong
VN-08,Bình Định,Binh Dinh,VNAP25-0FAEF61EE0,VNAP25-922A7E7562,Hoài Mỹ,Hoai My
VN-08,Bình Định,Binh Dinh,VNAP25-538CDB91CF,VNAP25-922A7E7562,Hoài Phú,Hoai Phu
VN-08,Bình Định,Binh Dinh,VNAP25-AE4CA25AE7,VNAP25-922A7E7562,Hoài Sơn,Hoai Son
VN-08,Bình Định,Binh Dinh,VNAP25-AFE38078A7,VNAP25-922A7E7562,Hoài Tân,Hoai Tan
VN-08,Bình Định,Binh Dinh,VNAP25-1EE71B7C89,VNAP25-922A7E7562,Hoài Thanh,Hoai Thanh
VN-08,Bình Định,Binh Dinh,VNAP25-1B16DA0546,VNAP25-922A7E7562,Hoài Thanh Tây,Hoai Thanh Tay
VN-08,Bình Định,Binh Dinh,VNAP25-09280DFE9F,VNAP25-922A7E7562,Hoài Xuân,Hoai Xuan
VN-08,Bình Định,Binh Dinh,VNAP25-A52A3AC052,VNAP25-922A7E7562,Tam Quan,Tam Quan
VN-08,Bình Định,Binh Dinh,VNAP25-082E80C069,VNAP25-922A7E7562,Tam Quan Bắc,Tam Quan Bac
VN-08,Bình Định,Binh Dinh,VNAP25-662D24F716,VNAP25-922A7E7562,Tam Quan Nam,Tam Quan Nam
VN-08,Bình Định,Binh Dinh,VNAP25-5DB554D697,,Phù Cát,Phu Cat
VN-08,Bình Định,Binh Dinh,VNAP25-C86EFBA118,VNAP25-5DB554D697,Cát Chánh,Cat Chanh
VN-08,Bình Định,Binh Dinh,VNAP25-744A8D7E7B,VNAP25-5DB554D697,Cát Hải,Cat Hai
VN-08,Bình Định,Binh Dinh,VNAP25-C74C971B6C,VNAP25-5DB554D697,Cát Hanh,Cat Hanh
VN-08,Bình Định,Binh Dinh,VNAP25-BF9C8A9BDC,VNAP25-5DB554D697,Cát Hiệp,Cat Hiep
VN-08,Bình Định,Binh Dinh,VNAP25-280CD20D94,VNAP25-5DB554D697,Cát Hưng,Cat Hung
VN-08,Bình Định,Binh Dinh,VNAP25-F1758CF2C8,VNAP25-5DB554D697,Cát Khánh,Cat Khanh
VN-08,Bình Định,Binh Dinh,VNAP25-99CD112EAB,VNAP25-5DB554D697,Cát Lâm,Cat Lam
VN-08,Bình Định,Binh Dinh,VNAP25-9101F6877C,VNAP25-5DB554D697,Cát Minh,Cat Minh
VN-08,Bình Định,Binh Dinh,VNAP25-56CDDC9DEF,VNAP25-5DB554D697,Cát Nhơn,Cat Nhon
VN-08,Bình Định,Binh Dinh,VNAP25-9ECAE8D3EA,VNAP25-5DB554D697,Cát Sơn,Cat Son
VN-08,Bình Định,Binh Dinh,VNAP25-940F7A48EE,VNAP25-5DB554D697,Cát Tài,Cat Tai
VN-08,Bình Định,Binh Dinh,VNAP25-0F1784C9E4,VNAP25-5DB554D697,Cát Tân,Cat Tan
VN-08,Bình Định,Binh Dinh,VNAP25-62431F29DF,VNAP25-5DB554D697,Cát Thắng,Cat Thang
VN-08,Bình Định,Binh Dinh,VNAP25-BDCD9AB777,VNAP25-5DB554D697,Cát Thành,Cat Thanh
VN-08,Bình Định,Binh Dinh,VNAP25-24461721F4,VNAP25-5DB554D697,Cát Tiến,Cat Tien
VN-08,Bình Định,Binh Dinh,VNAP25-13C2ACCD8E,VNAP25-5DB554D697,Cát Trinh,Cat Trinh
VN-08,Bình Định,Binh Dinh,VNAP25-104F400274,VNAP25-5DB554D697,Cát Tường,Cat Tuong
VN-08,Bình Định,Binh Dinh,VNAP25-A4B68C66A4,VNAP25-5DB554D697,Ngô Mây,Ngo May
VN-08,Bình Định,Binh Dinh,VNAP25-7043C31963,,Phù Mỹ,Phu My
VN-08,Bình Định,Binh Dinh,VNAP25-72F2C4FE72,VNAP25-7043C31963,Bình Dương,Binh Duong
VN-08,Bình Định,Binh Dinh,VNAP25-7E3BB9C429,VNAP25-7043C31963,Mỹ An,My An
VN-08,Bình Định,Binh Dinh,VNAP25-9E5C8499C2,VNAP25-7043C31963,Mỹ Cát,My Cat
VN-08,Bình Định,Binh Dinh,VNAP25-ADBDC34B51,VNAP25-7043C31963,Mỹ Chánh,My Chanh
VN-08,Bình Định,Binh Dinh,VNAP25-168CE792CF,VNAP25-7043C31963,Mỹ Chánh Tây,My Chanh Tay
VN-08,Bình Định,Binh Dinh,VNAP25-2B810C87EB,VNAP25-7043C31963,Mỹ Châu,My Chau
VN-08,Bình Định,Binh Dinh,VNAP25-B78498DEB7,VNAP25-7043C31963,Mỹ Đức,My Duc
VN-08,Bình Định,Binh Dinh,VNAP25-A137DDC26D,VNAP25-7043C31963,Mỹ Hiệp,My Hiep
VN-08,Bình Định,Binh Dinh,VNAP25-A0D95CCEF5,VNAP25-7043C31963,Mỹ Hòa,My Hoa
VN-08,Bình Định,Binh Dinh,VNAP25-F1C24507AF,VNAP25-7043C31963,Mỹ Lộc,My Loc
VN-08,Bình Định,Binh Dinh,VNAP25-2C41048D61,VNAP25-7043C31963,Mỹ Lợi,My Loi
VN-08,Bình Định,Binh Dinh,VNAP25-D611D4A612,VNAP25-7043C31963,Mỹ Phong,My Phong
VN-08,Bình Định,Binh Dinh,VNAP25-33219507A1,VNAP25-7043C31963,Mỹ Quang,My Quang
VN-08,Bình Định,Binh Dinh,VNAP25-C92C2DE7FB,VNAP25-7043C31963,Mỹ Tài,My Tai
VN-08,Bình Định,Binh Dinh,VNAP25-43D4D98BA7,VNAP25-7043C31963,Mỹ Thắng,My Thang
VN-08,Bình Định,Binh Dinh,VNAP25-CB724CD338,VNAP25-7043C31963,Mỹ Thành,My Thanh
VN-08,Bình Định,Binh Dinh,VNAP25-0C71ABCF9D,VNAP25-7043C31963,Mỹ Thọ,My Tho
VN-08,Bình Định,Binh Dinh,VNAP25-51D5647AF2,VNAP25-7043C31963,Mỹ Trinh,My Trinh
VN-08,Bình Định,Binh Dinh,VNAP25-8B71082C30,VNAP25-7043C31963,Phù Mỹ,Phu My
VN-08,Bình Định,Binh Dinh,VNAP25-E4EC2E38FC,,Quy Nhơn,Quy Nhon
VN-08,Bình Định,Binh Dinh,VNAP25-2128E49D03,VNAP25-E4EC2E38FC,Bùi Thị Xuân,Bui Thi Xuan
VN-08,Bình Định,Binh Dinh,VNAP25-B94CB6AA3D,VNAP25-E4EC2E38FC,Đống Đa,Dong Da
VN-08,Bình Định,Binh Dinh,VNAP25-60A39538B2,VNAP25-E4EC2E38FC,Ghềnh Ráng,Ghenh Rang
VN-08,Bình Định,Binh Dinh,VNAP25-3A3D4CE937,VNAP25-E4EC2E38FC,Hải Cảng,Hai Cang
VN-08,Bình Định,Binh Dinh,VNAP25-77D287B0B9,VNAP25-E4EC2E38FC,Ngô Mây,Ngo May
VN-08,Bình Định,Binh Dinh,VNAP25-B01225EF82,VNAP25-E4EC2E38FC,Nguyễn Văn Cừ,Nguyen Van Cu
VN-08,Bình Định,Binh Dinh,VNAP25-0760273B98,VNAP25-E4EC2E38FC,Nhơn Bình,Nhon Binh
VN-08,Bình Định,Binh Dinh,VNAP25-AE36F32767,VNAP25-E4EC2E38FC,Nhơn Châu,Nhon Chau
VN-08,Bình Định,Binh Dinh,VNAP25-790E926CC7,VNAP25-E4EC2E38FC,Nhơn Hải,Nhon Hai
VN-08,Bình Định,Binh Dinh,VNAP25-A616235563,VNAP25-E4EC2E38FC,Nhơn Hội,Nhon Hoi
VN-08,Bình Định,Binh Dinh,VNAP25-EC11C1EE59,VNAP25-E4EC2E38FC,Nhơn Lý,Nhon Ly
VN-08,Bình Định,Binh Dinh,VNAP25-73052570DD,VNAP25-E4EC2E38FC,Nhơn Phú,Nhon Phu
VN-08,Bình Định,Binh Dinh,VNAP25-053FB54E27,VNAP25-E4EC2E38FC,Phước Mỹ,Phuoc My
VN-08,Bình Định,Binh Dinh,VNAP25-233AAC180D,VNAP25-E4EC2E38FC,Quang Trung,Quang Trung
VN-08,Bình Định,Binh Dinh,VNAP25-54B488367E,VNAP25-E4EC2E38FC,Thị Nại,Thi Nai
VN-08,Bình Định,Binh Dinh,VNAP25-415DA91408,VNAP25-E4EC2E38FC,Trần Phú,Tran Phu
VN-08,Bình Định,Binh Dinh,VNAP25-8A3F50FE94,VNAP25-E4EC2E38FC,Trần Quang Diệu,Tran Quang Dieu
VN-08,Bình Định,Binh Dinh,VNAP25-68238DF0D4,,Tây Sơn,Tay Son
VN-08,Bình Định,Binh Dinh,VNAP25-EBBB56AA37,VNAP25-68238DF0D4,Bình Hòa,Binh Hoa
VN-08,Bình Định,Binh Dinh,VNAP25-44AB4E599F,VNAP25-68238DF0D4,Bình Nghi,Binh Nghi
VN-08,Bình Định,Binh Dinh,VNAP25-97919F8806,VNAP25-68238DF0D4,Bình Tân,Binh Tan
VN-08,Bình Định,Binh Dinh,VNAP25-5FE286463E,VNAP25-68238DF0D4,Bình Thành,Binh Thanh
VN-08,Bình Định,Binh Dinh,VNAP25-B48B975598,VNAP25-68238DF0D4,Bình Thuận,Binh Thuan
VN-08,Bình Định,Binh Dinh,VNAP25-6419D3604F,VNAP25-68238DF0D4,Bình Tường,Binh Tuong
VN-08,Bình Định,Binh Dinh,VNAP25-0DD78435A2,VNAP25-68238DF0D4,Phú Phong,Phu Phong
VN-08,Bình Định,Binh Dinh,VNAP25-B8F911085F,VNAP25-68238DF0D4,Tây An,Tay An
VN-08,Bình Định,Binh Dinh,VNAP25-E9D554704D,VNAP25-68238DF0D4,Tây Bình,Tay Binh
VN-08,Bình Định,Binh Dinh,VNAP25-C62BFE9237,VNAP25-68238DF0D4,Tây Giang,Tay Giang
VN-08,Bình Định,Binh Dinh,VNAP25-96A5A4CB05,VNAP25-68238DF0D4,Tây Phú,Tay Phu
VN-08,Bình Định,Binh Dinh,VNAP25-B62B72B735,VNAP25-68238DF0D4,Tây Thuận,Tay Thuan
VN-08,Bình Định,Binh Dinh,VNAP25-0ECD0EAFDC,VNAP25-68238DF0D4,Tây Vinh,Tay Vinh
VN-08,Bình Định,Binh Dinh,VNAP25-1BCCE470E4,VNAP25-68238DF0D4,Tây Xuân,Tay Xuan
VN-08,Bình Định,Binh Dinh,VNAP25-861E435879,VNAP25-68238DF0D4,Vĩnh An,Vinh An
VN-08,Bình Định,Binh Dinh,VNAP25-E34821A03E,,Tuy Phước,Tuy Phuoc
VN-08,Bình Định,Binh Dinh,VNAP25-8CA5E9CEAA,VNAP25-E34821A03E,Diêu Trì,Dieu Tri
VN-08,Bình Định,Binh Dinh,VNAP25-C7C1D1BB24,VNAP25-E34821A03E,Phước An,Phuoc An
VN-08,Bình Định,Binh Dinh,VNAP25-52B38684B7,VNAP25-E34821A03E,Phước Hiệp,Phuoc Hiep
VN-08,Bình Định,Binh Dinh,VNAP25-875FFF2AA9,VNAP25-E34821A03E,Phước Hòa,Phuoc Hoa
VN-08,Bình Định,Binh Dinh,VNAP25-7B302B461E,VNAP25-E34821A03E,Phước Hưng,Phuoc Hung
VN-08,Bình Định,Binh Dinh,VNAP25-49C02EA478,VNAP25-E34821A03E,Phước Lộc,Phuoc Loc
VN-08,Bình Định,Binh Dinh,VNAP25-966E450AFB,VNAP25-E34821A03E,Phước Nghĩa,Phuoc Nghia
VN-08,Bình Định,Binh Dinh,VNAP25-13025E04A0,VNAP25-E34821A03E,Phước Quang,Phuoc Quang
VN-08,Bình Định,Binh Dinh,VNAP25-272181B08B,VNAP25-E34821A03E,Phước Sơn,Phuoc Son
VN-08,Bình Định,Binh Dinh,VNAP25-8D03404A09,VNAP25-E34821A03E,Phước Thắng,Phuoc Thang
VN-08,Bình Định,Binh Dinh,VNAP25-1A054979C8,VNAP25-E34821A03E,Phước Thành,Phuoc Thanh
VN-08,Bình Định,Binh Dinh,VNAP25-F3A18DC282,VNAP25-E34821A03E,Phước Thuận,Phuoc Thuan
VN-08,Bình Định,Binh Dinh,VNAP25-69507566CE,VNAP25-E34821A03E,Tuy Phước,Tuy Phuoc
VN-08,Bình Định,Binh Dinh,VNAP25-2262051009,,Vân Canh,Van Canh
VN-08,Bình Định,Binh Dinh,VNAP25-9D8AC1EA35,VNAP25-2262051009,Canh Hiển,Canh Hien
VN-08,Bình Định,Binh Dinh,VNAP25-05F7321110,VNAP25-2262051009,Canh Hiệp,Canh Hiep
VN-08,Bình Định,Binh Dinh,VNAP25-A106278771,VNAP25-2262051009,Canh Hòa,Canh Hoa
VN-08,Bình Định,Binh Dinh,VNAP25-FA0448C83C,VNAP25-2262051009,Canh Liên,Canh Lien
VN-08,Bình Định,Binh Dinh,VNAP25-F4AFF97E23,VNAP25-2262051009,Canh Thuận,Canh Thuan
VN-08,Bình Định,Binh Dinh,VNAP25-22EFF18365,VNAP25-2262051009,Canh Vinh,Canh Vinh
VN-08,Bình Định,Binh Dinh,VNAP25-1A7E2B43B2,VNAP25-2262051009,Vân Canh,Van Canh
VN-08,Bình Định,Binh Dinh,VNAP25-6F9742201A,,Vĩnh Thạnh,Vinh Thanh
VN-08,Bình Định,Binh Dinh,VNAP25-F94DAFDB6D,VNAP25-6F9742201A,Vĩnh Hảo,Vinh Hao
VN-08,Bình Định,Binh Dinh,VNAP25-4DF7B9C208,VNAP25-6F9742201A,Vĩnh Hiệp,Vinh Hiep
VN-08,Bình Định,Binh Dinh,VNAP25-E343434707,VNAP25-6F9742201A,Vĩnh Hòa,Vinh Hoa
VN-08,Bình Định,Binh Dinh,VNAP25-9C8BCAB47D,VNAP25-6F9742201A,Vĩnh Kim,Vinh Kim
VN-08,Bình Định,Binh Dinh,VNAP25-C0492A8099,VNAP25-6F9742201A,Vĩnh Quang,Vinh Quang
VN-08,Bình Định,Binh Dinh,VNAP25-D07E639A37,VNAP25-6F9742201A,Vĩnh Sơn,Vinh Son
VN-08,Bình Định,Binh Dinh,VNAP25-CCE9FC63BE,VNAP25-6F9742201A,Vĩnh Thạnh,Vinh Thanh
VN-08,Bình Định,Binh Dinh,VNAP25-05DF306622,VNAP25-6F9742201A,Vĩnh Thịnh,Vinh Thinh
VN-08,Bình Định,Binh Dinh,VNAP25-E0F0B88404,VNAP25-6F9742201A,Vĩnh Thuận,Vinh Thuan
VN-09,Bình Dương,Binh Duong,VNAP25-7956513573,,Bắc Tân Uyên,Bac Tan Uyen
VN-09,Bình Dương,Binh Duong,VNAP25-38080F831C,VNAP25-7956513573,Bình Mỹ,Binh My
VN-09,Bình Dương,Binh Duong,VNAP25-78FAF4AD84,VNAP25-7956513573,Đất Cuốc,Dat Cuoc
VN-09,Bình Dương,Binh Duong,VNAP25-1999C6C010,VNAP25-7956513573,Hiếu Liêm,Hieu Liem
VN-09,Bình Dương,Binh Duong,VNAP25-DAB4483183,VNAP25-7956513573,Lạc An,Lac An
VN-09,Bình Dương,Binh Duong,VNAP25-6B1AAFC6B2,VNAP25-7956513573,Tân Bình,Tan Binh
VN-09,Bình Dương,Binh Duong,VNAP25-9AE55E2AD6,VNAP25-7956513573,Tân Định,Tan Dinh
VN-09,Bình Dương,Binh Duong,VNAP25-C18BD0303F,VNAP25-7956513573,Tân Lập,Tan Lap
VN-09,Bình Dương,Binh Duong,VNAP25-5D974FAC0A,VNAP25-7956513573,Tân Mỹ,Tan My
VN-09,Bình Dương,Binh Duong,VNAP25-A273A59083,VNAP25-7956513573,Tân Thành,Tan Thanh
VN-09,Bình Dương,Binh Duong,VNAP25-24AB92F7BB,VNAP25-7956513573,Thường Tân,Thuong Tan
VN-09,Bình Dương,Binh Duong,VNAP25-9D099D3CB3,,Bàu Bàng,Bau Bang
VN-09,Bình Dương,Binh Duong,VNAP25-4D4DFAD903,VNAP25-9D099D3CB3,Cây Trường 2,Cay Truong 2
VN-09,Bình Dương,Binh Duong,VNAP25-3A0F8FAFF2,VNAP25-9D099D3CB3,Hưng Hòa,Hung Hoa
VN-09,Bình Dương,Binh Duong,VNAP25-C433DE3FE8,VNAP25-9D099D3CB3,Lai Hưng,Lai Hung
VN-09,Bình Dương,Binh Duong,VNAP25-F34178AB9E,VNAP25-9D099D3CB3,Lai Uyên,Lai Uyen
VN-09,Bình Dương,Binh Duong,VNAP25-4BF0538CD5,VNAP25-9D099D3CB3,Long Nguyên,Long Nguyen
VN-09,Bình Dương,Binh Duong,VNAP25-6383ED5E8F,VNAP25-9D099D3CB3,Tân Hưng,Tan Hung
VN-09,Bình Dương,Binh Duong,VNAP25-B020EB704C,VNAP25-9D099D3CB3,Trừ Văn Thố,Tru Van Tho
VN-09,Bình Dương,Binh Duong,VNAP25-CED3CD9E80,,Bến Cát,Ben Cat
VN-09,Bình Dương,Binh Duong,VNAP25-69ED832C6F,VNAP25-CED3CD9E80,An Điền,An Dien
VN-09,Bình Dương,Binh Duong,VNAP25-EADFD4D249,VNAP25-CED3CD9E80,An Tây,An Tay
VN-09,Bình Dương,Binh Duong,VNAP25-25AAB385B6,VNAP25-CED3CD9E80,Chánh Phú Hòa,Chanh Phu Hoa
VN-09,Bình Dương,Binh Duong,VNAP25-ED7F970800,VNAP25-CED3CD9E80,Hòa Lợi,Hoa Loi
VN-09,Bình Dương,Binh Duong,VNAP25-0E9AE353EF,VNAP25-CED3CD9E80,Mỹ Phước,My Phuoc
VN-09,Bình Dương,Binh Duong,VNAP25-761E46CBCD,VNAP25-CED3CD9E80,Phú An,Phu An
VN-09,Bình Dương,Binh Duong,VNAP25-92024269E0,VNAP25-CED3CD9E80,Tân Định,Tan Dinh
VN-09,Bình Dương,Binh Duong,VNAP25-273967A157,VNAP25-CED3CD9E80,Thới Hòa,Thoi Hoa
VN-09,Bình Dương,Binh Duong,VNAP25-5E51B0E84E,,Dầu Tiếng,Dau Tieng
VN-09,Bình Dương,Binh Duong,VNAP25-B5729C3DD5,VNAP25-5E51B0E84E,An Lập,An Lap
VN-09,Bình Dương,Binh Duong,VNAP25-1B9CD5424A,VNAP25-5E51B0E84E,Dầu Tiếng,Dau Tieng
VN-09,Bình Dương,Binh Duong,VNAP25-2887277EE0,VNAP25-5E51B0E84E,Định An,Dinh An
VN-09,Bình Dương,Binh Duong,VNAP25-D32A63B620,VNAP25-5E51B0E84E,Định Hiệp,Dinh Hiep
VN-09,Bình Dương,Binh Duong,VNAP25-71BD1FB7BE,VNAP25-5E51B0E84E,Định Thành,Dinh Thanh
VN-09,Bình Dương,Binh Duong,VNAP25-18103CE85F,VNAP25-5E51B0E84E,Long Hòa,Long Hoa
VN-09,Bình Dương,Binh Duong,VNAP25-3357766105,VNAP25-5E51B0E84E,Long Tân,Long Tan
VN-09,Bình Dương,Binh Duong,VNAP25-D46D6FCC4C,VNAP25-5E51B0E84E,Minh Hòa,Minh Hoa
VN-09,Bình Dương,Binh Duong,VNAP25-56E072C67D,VNAP25-5E51B0E84E,Minh Tân,Minh Tan
VN-09,Bình Dương,Binh Duong,VNAP25-43FECB1EDA,VNAP25-5E51B0E84E,Minh Thạnh,Minh Thanh
VN-09,Bình Dương,Binh Duong,VNAP25-B888347736,VNAP25-5E51B0E84E,Thanh An,Thanh An
VN-09,Bình Dương,Binh Duong,VNAP25-74F85895DE,VNAP25-5E51B0E84E,Thanh Tuyền,Thanh Tuyen
VN-09,Bình Dương,Binh Duong,VNAP25-F1D851A518,,Dĩ An,Di An
VN-09,Bình Dương,Binh Duong,VNAP25-B2ADE58EA5,VNAP25-F1D851A518,An Bình,An Binh
VN-09,Bình Dương,Binh Duong,VNAP25-F88EC52FB3,VNAP25-F1D851A518,Bình An,Binh An
VN-09,Bình Dương,Binh Duong,VNAP25-DF93E13ED5,VNAP25-F1D851A518,Bình Thắng,Binh Thang
VN-09,Bình Dương,Binh Duong,VNAP25-B769A31594,VNAP25-F1D851A518,Dĩ An,Di An
VN-09,Bình Dương,Binh Duong,VNAP25-BE1D6F38D2,VNAP25-F1D851A518,Đông Hòa,Dong Hoa
VN-09,Bình Dương,Binh Duong,VNAP25-76345ECA87,VNAP25-F1D851A518,Tân Bình,Tan Binh
VN-09,Bình Dương,Binh Duong,VNAP25-D609FE7F07,VNAP25-F1D851A518,Tân Đông Hiệp,Tan Dong Hiep
VN-09,Bình Dương,Binh Duong,VNAP25-8BD750F194,,Phú Giáo,Phu Giao
VN-09,Bình Dương,Binh Duong,VNAP25-49B3EEC944,VNAP25-8BD750F194,An Bình,An Binh
VN-09,Bình Dương,Binh Duong,VNAP25-CA3B9565C8,VNAP25-8BD750F194,An Linh,An Linh
VN-09,Bình Dương,Binh Duong,VNAP25-C5346369E9,VNAP25-8BD750F194,An Long,An Long
VN-09,Bình Dương,Binh Duong,VNAP25-C331BBA211,VNAP25-8BD750F194,An Thái,An Thai
VN-09,Bình Dương,Binh Duong,VNAP25-1E7F7C00B2,VNAP25-8BD750F194,Phước Hòa,Phuoc Hoa
VN-09,Bình Dương,Binh Duong,VNAP25-DB61811805,VNAP25-8BD750F194,Phước Sang,Phuoc Sang
VN-09,Bình Dương,Binh Duong,VNAP25-DF33813688,VNAP25-8BD750F194,Phước Vĩnh,Phuoc Vinh
VN-09,Bình Dương,Binh Duong,VNAP25-FE03EB4613,VNAP25-8BD750F194,Tam Lập,Tam Lap
VN-09,Bình Dương,Binh Duong,VNAP25-B9D9A0FB5D,VNAP25-8BD750F194,Tân Hiệp,Tan Hiep
VN-09,Bình Dương,Binh Duong,VNAP25-179A6927EF,VNAP25-8BD750F194,Tân Long,Tan Long
VN-09,Bình Dương,Binh Duong,VNAP25-811FF52BD6,VNAP25-8BD750F194,Vĩnh Hòa,Vinh Hoa
VN-09,Bình Dương,Binh Duong,VNAP25-D9BA9FCA61,,Tân Uyên,Tan Uyen
VN-09,Bình Dương,Binh Duong,VNAP25-3FBA801377,VNAP25-D9BA9FCA61,Bạch Đằng,Bach Dang
VN-09,Bình Dương,Binh Duong,VNAP25-AFE5B48BF2,VNAP25-D9BA9FCA61,Hội Nghĩa,Hoi Nghia
VN-09,Bình Dương,Binh Duong,VNAP25-D61426DFDF,VNAP25-D9BA9FCA61,Khánh Bình,Khanh Binh
VN-09,Bình Dương,Binh Duong,VNAP25-1231423B1D,VNAP25-D9BA9FCA61,Phú Chánh,Phu Chanh
VN-09,Bình Dương,Binh Duong,VNAP25-B9FE34CAB4,VNAP25-D9BA9FCA61,Tân Hiệp,Tan Hiep
VN-09,Bình Dương,Binh Duong,VNAP25-F4F858B0C2,VNAP25-D9BA9FCA61,Tân Phước Khánh,Tan Phuoc Khanh
VN-09,Bình Dương,Binh Duong,VNAP25-22E8F1F22C,VNAP25-D9BA9FCA61,Tân Vĩnh Hiệp,Tan Vinh Hiep
VN-09,Bình Dương,Binh Duong,VNAP25-D7B736BFB8,VNAP25-D9BA9FCA61,Thái Hòa,Thai Hoa
VN-09,Bình Dương,Binh Duong,VNAP25-97ADF5834F,VNAP25-D9BA9FCA61,Thạnh Hội,Thanh Hoi
VN-09,Bình Dương,Binh Duong,VNAP25-B7D13AEA8D,VNAP25-D9BA9FCA61,Thạnh Phước,Thanh Phuoc
VN-09,Bình Dương,Binh Duong,VNAP25-4479582A45,VNAP25-D9BA9FCA61,Uyên Hưng,Uyen Hung
VN-09,Bình Dương,Binh Duong,VNAP25-4BC9D42A91,VNAP25-D9BA9FCA61,Vĩnh Tân,Vinh Tan
VN-09,Bình Dương,Binh Duong,VNAP25-7BAD840A4A,,Thủ Dầu Một,Thu Dau Mot
VN-09,Bình Dương,Binh Duong,VNAP25-5D5D659A3D,VNAP25-7BAD840A4A,Chánh Mỹ,Chanh My
VN-09,Bình Dương,Binh Duong,VNAP25-1749978989,VNAP25-7BAD840A4A,Chánh Nghĩa,Chanh Nghia
VN-09,Bình Dương,Binh Duong,VNAP25-B9460D157B,VNAP25-7BAD840A4A,Định Hòa,Dinh Hoa
VN-09,Bình Dương,Binh Duong,VNAP25-0DD7444228,VNAP25-7BAD840A4A,Hiệp An,Hiep An
VN-09,Bình Dương,Binh Duong,VNAP25-484ED69C43,VNAP25-7BAD840A4A,Hiệp Thành,Hiep Thanh
VN-09,Bình Dương,Binh Duong,VNAP25-A34935DEB7,VNAP25-7BAD840A4A,Hòa Phú,Hoa Phu
VN-09,Bình Dương,Binh Duong,VNAP25-075602F553,VNAP25-7BAD840A4A,Phú Cường,Phu Cuong
VN-09,Bình Dương,Binh Duong,VNAP25-11F541A539,VNAP25-7BAD840A4A,Phú Hòa,Phu Hoa
VN-09,Bình Dương,Binh Duong,VNAP25-746E024640,VNAP25-7BAD840A4A,Phú Lợi,Phu Loi
VN-09,Bình Dương,Binh Duong,VNAP25-FF4DECA14D,VNAP25-7BAD840A4A,Phú Mỹ,Phu My
VN-09,Bình Dương,Binh Duong,VNAP25-BE7768637E,VNAP25-7BAD840A4A,Phú Tân,Phu Tan
VN-09,Bình Dương,Binh Duong,VNAP25-E406985621,VNAP25-7BAD840A4A,Phú Thọ,Phu Tho
VN-09,Bình Dương,Binh Duong,VNAP25-5B01A8F4E1,VNAP25-7BAD840A4A,Tân An,Tan An
VN-09,Bình Dương,Binh Duong,VNAP25-11DFA49488,VNAP25-7BAD840A4A,Tương Bình Hiệp,Tuong Binh Hiep
VN-09,Bình Dương,Binh Duong,VNAP25-267357013D,,Thuận An,Thuan An
VN-09,Bình Dương,Binh Duong,VNAP25-B0705EF57E,VNAP25-267357013D,An Phú,An Phu
VN-09,Bình Dương,Binh Duong,VNAP25-4A0815E4EA,VNAP25-267357013D,An Sơn,An Son
VN-09,Bình Dương,Binh Duong,VNAP25-F27284880B,VNAP25-267357013D,An Thạnh,An Thanh
VN-09,Bình Dương,Binh Duong,VNAP25-8C7C30C984,VNAP25-267357013D,Bình Chuẩn,Binh Chuan
VN-09,Bình Dương,Binh Duong,VNAP25-615DBCCE8A,VNAP25-267357013D,Bình Hòa,Binh Hoa
VN-09,Bình Dương,Binh Duong,VNAP25-F8CB7D3241,VNAP25-267357013D,Bình Nhâm,Binh Nham
VN-09,Bình Dương,Binh Duong,VNAP25-7587A1BA5C,VNAP25-267357013D,Hưng Định,Hung Dinh
VN-09,Bình Dương,Binh Duong,VNAP25-86FD213B39,VNAP25-267357013D,Lái Thiêu,Lai Thieu
VN-09,Bình Dương,Binh Duong,VNAP25-387E1B9C2B,VNAP25-267357013D,Thuận Giao,Thuan Giao
VN-09,Bình Dương,Binh Duong,VNAP25-F6E6345B6D,VNAP25-267357013D,Vĩnh Phú,Vinh Phu
VN-10,Bình Phước,Binh Phuoc,VNAP25-637ABEBE83,,Bình Long,Binh Long
VN-10,Bình Phước,Binh Phuoc,VNAP25-0404E2A8EC,VNAP25-637ABEBE83,An Lộc,An Loc
VN-10,Bình Phước,Binh Phuoc,VNAP25-5A20BCB409,VNAP25-637ABEBE83,Hưng Chiến,Hung Chien
VN-10,Bình Phước,Binh Phuoc,VNAP25-E4554691BD,VNAP25-637ABEBE83,Phú Đức,Phu Duc
VN-10,Bình Phước,Binh Phuoc,VNAP25-07E4399D40,VNAP25-637ABEBE83,Phú Thịnh,Phu Thinh
VN-10,Bình Phước,Binh Phuoc,VNAP25-75011D79F9,VNAP25-637ABEBE83,Thanh Lương,Thanh Luong
VN-10,Bình Phước,Binh Phuoc,VNAP25-D8CDBD1FE2,VNAP25-637ABEBE83,Thanh Phú,Thanh Phu
VN-10,Bình Phước,Binh Phuoc,VNAP25-BB60499EC7,,Bù Đăng,Bu Dang
VN-10,Bình Phước,Binh Phuoc,VNAP25-FAF159209F,VNAP25-BB60499EC7,Bình Minh,Binh Minh
VN-10,Bình Phước,Binh Phuoc,VNAP25-0C03AD69EF,VNAP25-BB60499EC7,Bom Bo,Bom Bo
VN-10,Bình Phước,Binh Phuoc,VNAP25-2345884186,VNAP25-BB60499EC7,Đak Nhau,Dak Nhau
VN-10,Bình Phước,Binh Phuoc,VNAP25-E00FCA58BD,VNAP25-BB60499EC7,Đăng Hà,Dang Ha
VN-10,Bình Phước,Binh Phuoc,VNAP25-6D096272B0,VNAP25-BB60499EC7,Đoàn Kết,Doan Ket
VN-10,Bình Phước,Binh Phuoc,VNAP25-CC907A29AC,VNAP25-BB60499EC7,Đồng Nai,Dong Nai
VN-10,Bình Phước,Binh Phuoc,VNAP25-798186A4A0,VNAP25-BB60499EC7,Đức Liễu,Duc Lieu
VN-10,Bình Phước,Binh Phuoc,VNAP25-EECF2F1A90,VNAP25-BB60499EC7,Đức Phong,Duc Phong
VN-10,Bình Phước,Binh Phuoc,VNAP25-8FC0E89AEE,VNAP25-BB60499EC7,Đường 10,Duong 10
VN-10,Bình Phước,Binh Phuoc,VNAP25-7B381D7ABE,VNAP25-BB60499EC7,Minh Hưng,Minh Hung
VN-10,Bình Phước,Binh Phuoc,VNAP25-E7939D19F9,VNAP25-BB60499EC7,Nghĩa Bình,Nghia Binh
VN-10,Bình Phước,Binh Phuoc,VNAP25-D0E33A80F2,VNAP25-BB60499EC7,Nghĩa Trung,Nghia Trung
VN-10,Bình Phước,Binh Phuoc,VNAP25-21AE21693A,VNAP25-BB60499EC7,Phú Sơn,Phu Son
VN-10,Bình Phước,Binh Phuoc,VNAP25-BEBF369807,VNAP25-BB60499EC7,Phước Sơn,Phuoc Son
VN-10,Bình Phước,Binh Phuoc,VNAP25-986EEF67D5,VNAP25-BB60499EC7,Thọ Sơn,Tho Son
VN-10,Bình Phước,Binh Phuoc,VNAP25-F818D28EC4,VNAP25-BB60499EC7,Thống Nhất,Thong Nhat
VN-10,Bình Phước,Binh Phuoc,VNAP25-8C1139BF16,,Bù Đốp,Bu Dop
VN-10,Bình Phước,Binh Phuoc,VNAP25-A87055D98B,VNAP25-8C1139BF16,Hưng Phước,Hung Phuoc
VN-10,Bình Phước,Binh Phuoc,VNAP25-4A8B77046F,VNAP25-8C1139BF16,Phước Thiện,Phuoc Thien
VN-10,Bình Phước,Binh Phuoc,VNAP25-ABD37C9BB7,VNAP25-8C1139BF16,Tân Thành,Tan Thanh
VN-10,Bình Phước,Binh Phuoc,VNAP25-21E0DCB390,VNAP25-8C1139BF16,Tân Tiến,Tan Tien
VN-10,Bình Phước,Binh Phuoc,VNAP25-E3E92BE057,VNAP25-8C1139BF16,Thanh Bình,Thanh Binh
VN-10,Bình Phước,Binh Phuoc,VNAP25-70159B2E5E,VNAP25-8C1139BF16,Thanh Hòa,Thanh Hoa
VN-10,Bình Phước,Binh Phuoc,VNAP25-0222B7D225,VNAP25-8C1139BF16,Thiện Hưng,Thien Hung
VN-10,Bình Phước,Binh Phuoc,VNAP25-F2CFA43AA6,,Bù Gia Mập,Bu Gia Map
VN-10,Bình Phước,Binh Phuoc,VNAP25-F5B3885564,VNAP25-F2CFA43AA6,Bình Thắng,Binh Thang
VN-10,Bình Phước,Binh Phuoc,VNAP25-72C7132F8A,VNAP25-F2CFA43AA6,Bù Gia Mập,Bu Gia Map
VN-10,Bình Phước,Binh Phuoc,VNAP25-41C4B8F126,VNAP25-F2CFA43AA6,Đa Kia,Da Kia
VN-10,Bình Phước,Binh Phuoc,VNAP25-F0579D3754,VNAP25-F2CFA43AA6,Đak Ơ,Dak O
VN-10,Bình Phước,Binh Phuoc,VNAP25-C3A123107C,VNAP25-F2CFA43AA6,Đức Hạnh,Duc Hanh
VN-10,Bình Phước,Binh Phuoc,VNAP25-857750A510,VNAP25-F2CFA43AA6,Phú Nghĩa,Phu Nghia
VN-10,Bình Phước,Binh Phuoc,VNAP25-CBDD31B8DC,VNAP25-F2CFA43AA6,Phú Văn,Phu Van
VN-10,Bình Phước,Binh Phuoc,VNAP25-C1FA021461,VNAP25-F2CFA43AA6,Phước Minh,Phuoc Minh
VN-10,Bình Phước,Binh Phuoc,VNAP25-15B16A3A0A,,Chơn Thành,Chon Thanh
VN-10,Bình Phước,Binh Phuoc,VNAP25-4959A504B2,VNAP25-15B16A3A0A,Hưng Long,Hung Long
VN-10,Bình Phước,Binh Phuoc,VNAP25-8450ED3D88,VNAP25-15B16A3A0A,Minh Hưng,Minh Hung
VN-10,Bình Phước,Binh Phuoc,VNAP25-CC0EA5B282,VNAP25-15B16A3A0A,Minh Lập,Minh Lap
VN-10,Bình Phước,Binh Phuoc,VNAP25-4B499641BC,VNAP25-15B16A3A0A,Minh Long,Minh Long
VN-10,Bình Phước,Binh Phuoc,VNAP25-8D05C1306E,VNAP25-15B16A3A0A,Minh Thắng,Minh Thang
VN-10,Bình Phước,Binh Phuoc,VNAP25-CD4BC75C24,VNAP25-15B16A3A0A,Minh Thành,Minh Thanh
VN-10,Bình Phước,Binh Phuoc,VNAP25-7FFCE9180C,VNAP25-15B16A3A0A,Nha Bích,Nha Bich
VN-10,Bình Phước,Binh Phuoc,VNAP25-C6E6C7D4E6,VNAP25-15B16A3A0A,Quang Minh,Quang Minh
VN-10,Bình Phước,Binh Phuoc,VNAP25-05AF8FF88A,VNAP25-15B16A3A0A,Thành Tâm,Thanh Tam
VN-10,Bình Phước,Binh Phuoc,VNAP25-6F7463A858,,Đồng Phú,Dong Phu
VN-10,Bình Phước,Binh Phuoc,VNAP25-1B977F28D3,VNAP25-6F7463A858,Đồng Tâm,Dong Tam
VN-10,Bình Phước,Binh Phuoc,VNAP25-8A48BAE124,VNAP25-6F7463A858,Đồng Tiến,Dong Tien
VN-10,Bình Phước,Binh Phuoc,VNAP25-B669BC9B21,VNAP25-6F7463A858,Tân Hòa,Tan Hoa
VN-10,Bình Phước,Binh Phuoc,VNAP25-B6F1D46A55,VNAP25-6F7463A858,Tân Hưng,Tan Hung
VN-10,Bình Phước,Binh Phuoc,VNAP25-8FE6CAA19C,VNAP25-6F7463A858,Tân Lập,Tan Lap
VN-10,Bình Phước,Binh Phuoc,VNAP25-27BB47AD21,VNAP25-6F7463A858,Tân Lợi,Tan Loi
VN-10,Bình Phước,Binh Phuoc,VNAP25-9915B2DF56,VNAP25-6F7463A858,Tân Phú,Tan Phu
VN-10,Bình Phước,Binh Phuoc,VNAP25-F0DFA7D53B,VNAP25-6F7463A858,Tân Phước,Tan Phuoc
VN-10,Bình Phước,Binh Phuoc,VNAP25-2B5C146AD6,VNAP25-6F7463A858,Tân Tiến,Tan Tien
VN-10,Bình Phước,Binh Phuoc,VNAP25-D1B35E57EA,VNAP25-6F7463A858,Thuận Lợi,Thuan Loi
VN-10,Bình Phước,Binh Phuoc,VNAP25-E9DD1F00C5,VNAP25-6F7463A858,Thuận Phú,Thuan Phu
VN-10,Bình Phước,Binh Phuoc,VNAP25-120EE2B64D,,Đồng Xoài,Dong Xoai
VN-10,Bình Phước,Binh Phuoc,VNAP25-E78AE8D0C1,VNAP25-120EE2B64D,Tân Bình,Tan Binh
VN-10,Bình Phước,Binh Phuoc,VNAP25-BA27806EF0,VNAP25-120EE2B64D,Tân Đồng,Tan Dong
VN-10,Bình Phước,Binh Phuoc,VNAP25-EC3138B515,VNAP25-120EE2B64D,Tân Phú,Tan Phu
VN-10,Bình Phước,Binh Phuoc,VNAP25-02FCE9BEDB,VNAP25-120EE2B64D,Tân Thành,Tan Thanh
VN-10,Bình Phước,Binh Phuoc,VNAP25-96A8840328,VNAP25-120EE2B64D,Tân Thiện,Tan Thien
VN-10,Bình Phước,Binh Phuoc,VNAP25-29A97ADC38,VNAP25-120EE2B64D,Tân Xuân,Tan Xuan
VN-10,Bình Phước,Binh Phuoc,VNAP25-8413B1823B,VNAP25-120EE2B64D,Tiến Hưng,Tien Hung
VN-10,Bình Phước,Binh Phuoc,VNAP25-4234DDAEC6,VNAP25-120EE2B64D,Tiến Thành,Tien Thanh
VN-10,Bình Phước,Binh Phuoc,VNAP25-17B186607A,,Hớn Quản,Hon Quan
VN-10,Bình Phước,Binh Phuoc,VNAP25-810B8F487C,VNAP25-17B186607A,An Khương,An Khuong
VN-10,Bình Phước,Binh Phuoc,VNAP25-C2C9020D3A,VNAP25-17B186607A,An Phú,An Phu
VN-10,Bình Phước,Binh Phuoc,VNAP25-11B2B4B0F5,VNAP25-17B186607A,Đồng Nơ,Dong No
VN-10,Bình Phước,Binh Phuoc,VNAP25-953FE99084,VNAP25-17B186607A,Minh Đức,Minh Duc
VN-10,Bình Phước,Binh Phuoc,VNAP25-7D114795B9,VNAP25-17B186607A,Minh Tâm,Minh Tam
VN-10,Bình Phước,Binh Phuoc,VNAP25-F050D92782,VNAP25-17B186607A,Phước An,Phuoc An
VN-10,Bình Phước,Binh Phuoc,VNAP25-C2C9F181B3,VNAP25-17B186607A,Tân Hiệp,Tan Hiep
VN-10,Bình Phước,Binh Phuoc,VNAP25-987BDDFD80,VNAP25-17B186607A,Tân Hưng,Tan Hung
VN-10,Bình Phước,Binh Phuoc,VNAP25-93BC6B3DFB,VNAP25-17B186607A,Tân Khai,Tan Khai
VN-10,Bình Phước,Binh Phuoc,VNAP25-9A5FABD6DD,VNAP25-17B186607A,Tân Lợi,Tan Loi
VN-10,Bình Phước,Binh Phuoc,VNAP25-2B124148D0,VNAP25-17B186607A,Tân Quan,Tan Quan
VN-10,Bình Phước,Binh Phuoc,VNAP25-711F544C24,VNAP25-17B186607A,Thanh An,Thanh An
VN-10,Bình Phước,Binh Phuoc,VNAP25-559B7E541F,VNAP25-17B186607A,Thanh Bình,Thanh Binh
VN-10,Bình Phước,Binh Phuoc,VNAP25-04E89DC489,,Lộc Ninh,Loc Ninh
VN-10,Bình Phước,Binh Phuoc,VNAP25-9661AD9C6B,VNAP25-04E89DC489,Lộc An,Loc An
VN-10,Bình Phước,Binh Phuoc,VNAP25-C3091393D7,VNAP25-04E89DC489,Lộc Điền,Loc Dien
VN-10,Bình Phước,Binh Phuoc,VNAP25-BADC6964E6,VNAP25-04E89DC489,Lộc Hiệp,Loc Hiep
VN-10,Bình Phước,Binh Phuoc,VNAP25-6665FBEF7A,VNAP25-04E89DC489,Lộc Hòa,Loc Hoa
VN-10,Bình Phước,Binh Phuoc,VNAP25-77EDB0A875,VNAP25-04E89DC489,Lộc Hưng,Loc Hung
VN-10,Bình Phước,Binh Phuoc,VNAP25-7FFB57B273,VNAP25-04E89DC489,Lộc Khánh,Loc Khanh
VN-10,Bình Phước,Binh Phuoc,VNAP25-7C551C21A4,VNAP25-04E89DC489,Lộc Ninh,Loc Ninh
VN-10,Bình Phước,Binh Phuoc,VNAP25-59873911C3,VNAP25-04E89DC489,Lộc Phú,Loc Phu
VN-10,Bình Phước,Binh Phuoc,VNAP25-08A500FAD2,VNAP25-04E89DC489,Lộc Quang,Loc Quang
VN-10,Bình Phước,Binh Phuoc,VNAP25-2FFBC4511A,VNAP25-04E89DC489,Lộc Tấn,Loc Tan
VN-10,Bình Phước,Binh Phuoc,VNAP25-2165CF94BD,VNAP25-04E89DC489,Lộc Thái,Loc Thai
VN-10,Bình Phước,Binh Phuoc,VNAP25-FD1AF78DD8,VNAP25-04E89DC489,Lộc Thành,Loc Thanh
VN-10,Bình Phước,Binh Phuoc,VNAP25-F4E2D955A5,VNAP25-04E89DC489,Lộc Thạnh,Loc Thanh
VN-10,Bình Phước,Binh Phuoc,VNAP25-178F8198B6,VNAP25-04E89DC489,Lộc Thiện,Loc Thien
VN-10,Bình Phước,Binh Phuoc,VNAP25-983D725DE7,VNAP25-04E89DC489,Lộc Thịnh,Loc Thinh
VN-10,Bình Phước,Binh Phuoc,VNAP25-8CDF4CB2B1,VNAP25-04E89DC489,Lộc Thuận,Loc Thuan
VN-10,Bình Phước,Binh Phuoc,VNAP25-FF67BC46F0,,Phú Riềng,Phu Rieng
VN-10,Bình Phước,Binh Phuoc,VNAP25-9C272FBCFE,VNAP25-FF67BC46F0,Bình Sơn,Binh Son
VN-10,Bình Phước,Binh Phuoc,VNAP25-CD4462FF31,VNAP25-FF67BC46F0,Bình Tân,Binh Tan
VN-10,Bình Phước,Binh Phuoc,VNAP25-EDB74A3D6C,VNAP25-FF67BC46F0,Bù Nho,Bu Nho
VN-10,Bình Phước,Binh Phuoc,VNAP25-C422F1EA6A,VNAP25-FF67BC46F0,Long Bình,Long Binh
VN-10,Bình Phước,Binh Phuoc,VNAP25-A33EC01A04,VNAP25-FF67BC46F0,Long Hà,Long Ha
VN-10,Bình Phước,Binh Phuoc,VNAP25-06B5DBC8D7,VNAP25-FF67BC46F0,Long Hưng,Long Hung
VN-10,Bình Phước,Binh Phuoc,VNAP25-F6772B2958,VNAP25-FF67BC46F0,Long Tân,Long Tan
VN-10,Bình Phước,Binh Phuoc,VNAP25-E189844907,VNAP25-FF67BC46F0,Phú Riềng,Phu Rieng
VN-10,Bình Phước,Binh Phuoc,VNAP25-C2CF0BD5D2,VNAP25-FF67BC46F0,Phú Trung,Phu Trung
VN-10,Bình Phước,Binh Phuoc,VNAP25-E8E84F5DF9,VNAP25-FF67BC46F0,Phước Tân,Phuoc Tan
VN-10,Bình Phước,Binh Phuoc,VNAP25-4737014FED,,Phước Long,Phuoc Long
VN-10,Bình Phước,Binh Phuoc,VNAP25-B796BFF889,VNAP25-4737014FED,Long Giang,Long Giang
VN-10,Bình Phước,Binh Phuoc,VNAP25-26FD488AE5,VNAP25-4737014FED,Long Phước,Long Phuoc
VN-10,Bình Phước,Binh Phuoc,VNAP25-927D54D62E,VNAP25-4737014FED,Long Thủy,Long Thuy
VN-10,Bình Phước,Binh Phuoc,VNAP25-FC7085AAE0,VNAP25-4737014FED,Phước Bình,Phuoc Binh
VN-10,Bình Phước,Binh Phuoc,VNAP25-D1E4E353F2,VNAP25-4737014FED,Phước Tín,Phuoc Tin
VN-10,Bình Phước,Binh Phuoc,VNAP25-30E12D5AA4,VNAP25-4737014FED,Sơn Giang,Son Giang
VN-10,Bình Phước,Binh Phuoc,VNAP25-8186230FB4,VNAP25-4737014FED,Thác Mơ,Thac Mo
VN-11,Bình Thuận,Binh Thuan,VNAP25-093B611BED,,Bắc Bình,Bac Binh
VN-11,Bình Thuận,Binh Thuan,VNAP25-C16A10F64B,VNAP25-093B611BED,Bình An,Binh An
VN-11,Bình Thuận,Binh Thuan,VNAP25-21811AC24E,VNAP25-093B611BED,Bình Tân,Binh Tan
VN-11,Bình Thuận,Binh Thuan,VNAP25-A8408BA93F,VNAP25-093B611BED,Chợ Lầu,Cho Lau
VN-11,Bình Thuận,Binh Thuan,VNAP25-04639CAE4F,VNAP25-093B611BED,Hải Ninh,Hai Ninh
VN-11,Bình Thuận,Binh Thuan,VNAP25-7CFCD85BC4,VNAP25-093B611BED,Hòa Thắng,Hoa Thang
VN-11,Bình Thuận,Binh Thuan,VNAP25-61748470A8,VNAP25-093B611BED,Hồng Phong,Hong Phong
VN-11,Bình Thuận,Binh Thuan,VNAP25-6D4496F6CF,VNAP25-093B611BED,Hồng Thái,Hong Thai
VN-11,Bình Thuận,Binh Thuan,VNAP25-4836BDD945,VNAP25-093B611BED,Lương Sơn,Luong Son
VN-11,Bình Thuận,Binh Thuan,VNAP25-A932F7B97E,VNAP25-093B611BED,Phan Điền,Phan Dien
VN-11,Bình Thuận,Binh Thuan,VNAP25-1057F78F0D,VNAP25-093B611BED,Phan Hiệp,Phan Hiep
VN-11,Bình Thuận,Binh Thuan,VNAP25-8862E9AA90,VNAP25-093B611BED,Phan Hòa,Phan Hoa
VN-11,Bình Thuận,Binh Thuan,VNAP25-4756741BA7,VNAP25-093B611BED,Phan Lâm,Phan Lam
VN-11,Bình Thuận,Binh Thuan,VNAP25-9238B862AB,VNAP25-093B611BED,Phan Rí Thành,Phan Ri Thanh
VN-11,Bình Thuận,Binh Thuan,VNAP25-5398A71D3B,VNAP25-093B611BED,Phan Sơn,Phan Son
VN-11,Bình Thuận,Binh Thuan,VNAP25-052034D1EB,VNAP25-093B611BED,Phan Thanh,Phan Thanh
VN-11,Bình Thuận,Binh Thuan,VNAP25-88CC1ABE5A,VNAP25-093B611BED,Phan Tiến,Phan Tien
VN-11,Bình Thuận,Binh Thuan,VNAP25-0C2E2BDF49,VNAP25-093B611BED,Sông Bình,Song Binh
VN-11,Bình Thuận,Binh Thuan,VNAP25-9B2B5ED291,VNAP25-093B611BED,Sông Lũy,Song Luy
VN-11,Bình Thuận,Binh Thuan,VNAP25-38CB157A5A,,Đức Linh,Duc Linh
VN-11,Bình Thuận,Binh Thuan,VNAP25-0A16652A23,VNAP25-38CB157A5A,Đa Kai,Da Kai
VN-11,Bình Thuận,Binh Thuan,VNAP25-DB4A3DF656,VNAP25-38CB157A5A,Đông Hà,Dong Ha
VN-11,Bình Thuận,Binh Thuan,VNAP25-17C961AB8F,VNAP25-38CB157A5A,Đức Hạnh,Duc Hanh
VN-11,Bình Thuận,Binh Thuan,VNAP25-FD2D7058E4,VNAP25-38CB157A5A,Đức Tài,Duc Tai
VN-11,Bình Thuận,Binh Thuan,VNAP25-F6AB4C6226,VNAP25-38CB157A5A,Đức Tín,Duc Tin
VN-11,Bình Thuận,Binh Thuan,VNAP25-EA88BAB2F7,VNAP25-38CB157A5A,Mê Pu,Me Pu
VN-11,Bình Thuận,Binh Thuan,VNAP25-3561FCDD5C,VNAP25-38CB157A5A,Nam Chính,Nam Chinh
VN-11,Bình Thuận,Binh Thuan,VNAP25-DA25B5E5AE,VNAP25-38CB157A5A,Sùng Nhơn,Sung Nhon
VN-11,Bình Thuận,Binh Thuan,VNAP25-2CBC707EE1,VNAP25-38CB157A5A,Tân Hà,Tan Ha
VN-11,Bình Thuận,Binh Thuan,VNAP25-F7024E0937,VNAP25-38CB157A5A,Trà Tân,Tra Tan
VN-11,Bình Thuận,Binh Thuan,VNAP25-3F95B5EB63,VNAP25-38CB157A5A,Võ Xu,Vo Xu
VN-11,Bình Thuận,Binh Thuan,VNAP25-0B2A65271F,VNAP25-38CB157A5A,Vũ Hòa,Vu Hoa
VN-11,Bình Thuận,Binh Thuan,VNAP25-2D945A99FB,,Hàm Tân,Ham Tan
VN-11,Bình Thuận,Binh Thuan,VNAP25-65650A3FAD,VNAP25-2D945A99FB,Sơn Mỹ,Son My
VN-11,Bình Thuận,Binh Thuan,VNAP25-118CA03036,VNAP25-2D945A99FB,Sông Phan,Song Phan
VN-11,Bình Thuận,Binh Thuan,VNAP25-3E7CA5EA8F,VNAP25-2D945A99FB,Tân Đức,Tan Duc
VN-11,Bình Thuận,Binh Thuan,VNAP25-FF38BD7BEE,VNAP25-2D945A99FB,Tân Hà,Tan Ha
VN-11,Bình Thuận,Binh Thuan,VNAP25-DC4DAF14E2,VNAP25-2D945A99FB,Tân Minh,Tan Minh
VN-11,Bình Thuận,Binh Thuan,VNAP25-81A366CAD6,VNAP25-2D945A99FB,Tân Nghĩa,Tan Nghia
VN-11,Bình Thuận,Binh Thuan,VNAP25-C3B42579EB,VNAP25-2D945A99FB,Tân Phúc,Tan Phuc
VN-11,Bình Thuận,Binh Thuan,VNAP25-A78E79A0E1,VNAP25-2D945A99FB,Tân Thắng,Tan Thang
VN-11,Bình Thuận,Binh Thuan,VNAP25-436CA9ACBE,VNAP25-2D945A99FB,Tân Xuân,Tan Xuan
VN-11,Bình Thuận,Binh Thuan,VNAP25-12CF3E2499,VNAP25-2D945A99FB,Thắng Hải,Thang Hai
VN-11,Bình Thuận,Binh Thuan,VNAP25-6C6F7E62C5,,Hàm Thuận Bắc,Ham Thuan Bac
VN-11,Bình Thuận,Binh Thuan,VNAP25-BCB218E701,VNAP25-6C6F7E62C5,Đa Mi,Da Mi
VN-11,Bình Thuận,Binh Thuan,VNAP25-005B36FB69,VNAP25-6C6F7E62C5,Đông Giang,Dong Giang
VN-11,Bình Thuận,Binh Thuan,VNAP25-EEF75410D2,VNAP25-6C6F7E62C5,Đông Tiến,Dong Tien
VN-11,Bình Thuận,Binh Thuan,VNAP25-97E76323B7,VNAP25-6C6F7E62C5,Hàm Chính,Ham Chinh
VN-11,Bình Thuận,Binh Thuan,VNAP25-73F8A49E45,VNAP25-6C6F7E62C5,Hàm Đức,Ham Duc
VN-11,Bình Thuận,Binh Thuan,VNAP25-5DB9DDB017,VNAP25-6C6F7E62C5,Hàm Hiệp,Ham Hiep
VN-11,Bình Thuận,Binh Thuan,VNAP25-D1EFC0E85F,VNAP25-6C6F7E62C5,Hàm Liêm,Ham Liem
VN-11,Bình Thuận,Binh Thuan,VNAP25-BC7A0A22A3,VNAP25-6C6F7E62C5,Hàm Phú,Ham Phu
VN-11,Bình Thuận,Binh Thuan,VNAP25-4F795BA14B,VNAP25-6C6F7E62C5,Hàm Thắng,Ham Thang
VN-11,Bình Thuận,Binh Thuan,VNAP25-31ECC36161,VNAP25-6C6F7E62C5,Hàm Trí,Ham Tri
VN-11,Bình Thuận,Binh Thuan,VNAP25-293FD61A5D,VNAP25-6C6F7E62C5,Hồng Liêm,Hong Liem
VN-11,Bình Thuận,Binh Thuan,VNAP25-2758CFB8B7,VNAP25-6C6F7E62C5,Hồng Sơn,Hong Son
VN-11,Bình Thuận,Binh Thuan,VNAP25-90EBB63C21,VNAP25-6C6F7E62C5,La Dạ,La Da
VN-11,Bình Thuận,Binh Thuan,VNAP25-D55EF61775,VNAP25-6C6F7E62C5,Ma Lâm,Ma Lam
VN-11,Bình Thuận,Binh Thuan,VNAP25-D682A58AAB,VNAP25-6C6F7E62C5,Phú Long,Phu Long
VN-11,Bình Thuận,Binh Thuan,VNAP25-A76E4B4062,VNAP25-6C6F7E62C5,Thuận Hòa,Thuan Hoa
VN-11,Bình Thuận,Binh Thuan,VNAP25-28732D27E2,VNAP25-6C6F7E62C5,Thuận Minh,Thuan Minh
VN-11,Bình Thuận,Binh Thuan,VNAP25-9223CF6A62,,Hàm Thuận Nam,Ham Thuan Nam
VN-11,Bình Thuận,Binh Thuan,VNAP25-4F1D609F17,VNAP25-9223CF6A62,Hàm Cần,Ham Can
VN-11,Bình Thuận,Binh Thuan,VNAP25-C29A4D5B54,VNAP25-9223CF6A62,Hàm Cường,Ham Cuong
VN-11,Bình Thuận,Binh Thuan,VNAP25-1370334192,VNAP25-9223CF6A62,Hàm Kiệm,Ham Kiem
VN-11,Bình Thuận,Binh Thuan,VNAP25-093B6DB6BB,VNAP25-9223CF6A62,Hàm Minh,Ham Minh
VN-11,Bình Thuận,Binh Thuan,VNAP25-76D39A2883,VNAP25-9223CF6A62,Hàm Mỹ,Ham My
VN-11,Bình Thuận,Binh Thuan,VNAP25-34EF77E01D,VNAP25-9223CF6A62,Hàm Thạnh,Ham Thanh
VN-11,Bình Thuận,Binh Thuan,VNAP25-FC458BFAE1,VNAP25-9223CF6A62,Mương Mán,Muong Man
VN-11,Bình Thuận,Binh Thuan,VNAP25-6A75B6BCC6,VNAP25-9223CF6A62,Mỹ Thạnh,My Thanh
VN-11,Bình Thuận,Binh Thuan,VNAP25-0F6199EF4A,VNAP25-9223CF6A62,Tân Lập,Tan Lap
VN-11,Bình Thuận,Binh Thuan,VNAP25-46210CCBE7,VNAP25-9223CF6A62,Tân Thành,Tan Thanh
VN-11,Bình Thuận,Binh Thuan,VNAP25-498B1D0F2B,VNAP25-9223CF6A62,Tân Thuận,Tan Thuan
VN-11,Bình Thuận,Binh Thuan,VNAP25-CDF4295343,VNAP25-9223CF6A62,Thuận Nam,Thuan Nam
VN-11,Bình Thuận,Binh Thuan,VNAP25-FB7F9C2A6B,VNAP25-9223CF6A62,Thuận Quý,Thuan Quy
VN-11,Bình Thuận,Binh Thuan,VNAP25-0FBB173B2E,,La Gi,La Gi
VN-11,Bình Thuận,Binh Thuan,VNAP25-A1B67AE02A,VNAP25-0FBB173B2E,Bình Tân,Binh Tan
VN-11,Bình Thuận,Binh Thuan,VNAP25-B99308D048,VNAP25-0FBB173B2E,Phước Hội,Phuoc Hoi
VN-11,Bình Thuận,Binh Thuan,VNAP25-7648994CC8,VNAP25-0FBB173B2E,Phước Lộc,Phuoc Loc
VN-11,Bình Thuận,Binh Thuan,VNAP25-E00C294BA7,VNAP25-0FBB173B2E,Tân An,Tan An
VN-11,Bình Thuận,Binh Thuan,VNAP25-B4FCB61848,VNAP25-0FBB173B2E,Tân Bình,Tan Binh
VN-11,Bình Thuận,Binh Thuan,VNAP25-A3654577F2,VNAP25-0FBB173B2E,Tân Hải,Tan Hai
VN-11,Bình Thuận,Binh Thuan,VNAP25-D5BFF66A27,VNAP25-0FBB173B2E,Tân Phước,Tan Phuoc
VN-11,Bình Thuận,Binh Thuan,VNAP25-F374764CB5,VNAP25-0FBB173B2E,Tân Thiện,Tan Thien
VN-11,Bình Thuận,Binh Thuan,VNAP25-FB14BD885E,VNAP25-0FBB173B2E,Tân Tiến,Tan Tien
VN-11,Bình Thuận,Binh Thuan,VNAP25-36ACE5A14B,,Phan Thiết,Phan Thiet
VN-11,Bình Thuận,Binh Thuan,VNAP25-5F9C597D08,VNAP25-36ACE5A14B,Bình Hưng,Binh Hung
VN-11,Bình Thuận,Binh Thuan,VNAP25-F5CF5D1BC9,VNAP25-36ACE5A14B,Đức Long,Duc Long
VN-11,Bình Thuận,Binh Thuan,VNAP25-EE3CD72AB6,VNAP25-36ACE5A14B,Hàm Tiến,Ham Tien
VN-11,Bình Thuận,Binh Thuan,VNAP25-EC93547A00,VNAP25-36ACE5A14B,Lạc Đạo,Lac Dao
VN-11,Bình Thuận,Binh Thuan,VNAP25-CC202F2D9A,VNAP25-36ACE5A14B,Mũi Né,Mui Ne
VN-11,Bình Thuận,Binh Thuan,VNAP25-D0303F7729,VNAP25-36ACE5A14B,Phong Nẫm,Phong Nam
VN-11,Bình Thuận,Binh Thuan,VNAP25-A33A0FFB08,VNAP25-36ACE5A14B,Phú Hài,Phu Hai
VN-11,Bình Thuận,Binh Thuan,VNAP25-23FC060BFC,VNAP25-36ACE5A14B,Phú Tài,Phu Tai
VN-11,Bình Thuận,Binh Thuan,VNAP25-C73B49A22B,VNAP25-36ACE5A14B,Phú Thủy,Phu Thuy
VN-11,Bình Thuận,Binh Thuan,VNAP25-0EDCE961CB,VNAP25-36ACE5A14B,Phú Trinh,Phu Trinh
VN-11,Bình Thuận,Binh Thuan,VNAP25-EDB967D04A,VNAP25-36ACE5A14B,Thanh Hải,Thanh Hai
VN-11,Bình Thuận,Binh Thuan,VNAP25-B89DC95E78,VNAP25-36ACE5A14B,Thiện Nghiệp,Thien Nghiep
VN-11,Bình Thuận,Binh Thuan,VNAP25-BE783C018A,VNAP25-36ACE5A14B,Tiến Lợi,Tien Loi
VN-11,Bình Thuận,Binh Thuan,VNAP25-28DB8E469B,VNAP25-36ACE5A14B,Tiến Thành,Tien Thanh
VN-11,Bình Thuận,Binh Thuan,VNAP25-5729E9C803,VNAP25-36ACE5A14B,Xuân An,Xuan An
VN-11,Bình Thuận,Binh Thuan,VNAP25-A8E81D90EE,,Phú Quý,Phu Quy
VN-11,Bình Thuận,Binh Thuan,VNAP25-35CCE025E3,VNAP25-A8E81D90EE,Long Hải,Long Hai
VN-11,Bình Thuận,Binh Thuan,VNAP25-9257322A99,VNAP25-A8E81D90EE,Ngũ Phụng,Ngu Phung
VN-11,Bình Thuận,Binh Thuan,VNAP25-9EC8502229,VNAP25-A8E81D90EE,Tam Thanh,Tam Thanh
VN-11,Bình Thuận,Binh Thuan,VNAP25-5C600292A0,,Tánh Linh,Tanh Linh
VN-11,Bình Thuận,Binh Thuan,VNAP25-E154978AA4,VNAP25-5C600292A0,Bắc Ruộng,Bac Ruong
VN-11,Bình Thuận,Binh Thuan,VNAP25-8D79D1B192,VNAP25-5C600292A0,Đồng Kho,Dong Kho
VN-11,Bình Thuận,Binh Thuan,VNAP25-3EB479C323,VNAP25-5C600292A0,Đức Bình,Duc Binh
VN-11,Bình Thuận,Binh Thuan,VNAP25-66B22B1326,VNAP25-5C600292A0,Đức Phú,Duc Phu
VN-11,Bình Thuận,Binh Thuan,VNAP25-45E1B81396,VNAP25-5C600292A0,Đức Thuận,Duc Thuan
VN-11,Bình Thuận,Binh Thuan,VNAP25-8CCC1CF42A,VNAP25-5C600292A0,Gia An,Gia An
VN-11,Bình Thuận,Binh Thuan,VNAP25-BCC59B2CF0,VNAP25-5C600292A0,Gia Huynh,Gia Huynh
VN-11,Bình Thuận,Binh Thuan,VNAP25-DEDFB90EA4,VNAP25-5C600292A0,Huy Khiêm,Huy Khiem
VN-11,Bình Thuận,Binh Thuan,VNAP25-F5B4BD9D9F,VNAP25-5C600292A0,La Ngâu,La Ngau
VN-11,Bình Thuận,Binh Thuan,VNAP25-D4A0727DA4,VNAP25-5C600292A0,Lạc Tánh,Lac Tanh
VN-11,Bình Thuận,Binh Thuan,VNAP25-63D411D883,VNAP25-5C600292A0,Măng Tố,Mang To
VN-11,Bình Thuận,Binh Thuan,VNAP25-18907404AA,VNAP25-5C600292A0,Nghị Đức,Nghi Duc
VN-11,Bình Thuận,Binh Thuan,VNAP25-FDCA49982E,VNAP25-5C600292A0,Suối Kiết,Suoi Kiet
VN-11,Bình Thuận,Binh Thuan,VNAP25-D9EB78937D,,Tuy Phong,Tuy Phong
VN-11,Bình Thuận,Binh Thuan,VNAP25-DB0E36D143,VNAP25-D9EB78937D,Bình Thạnh,Binh Thanh
VN-11,Bình Thuận,Binh Thuan,VNAP25-74849D5427,VNAP25-D9EB78937D,Chí Công,Chi Cong
VN-11,Bình Thuận,Binh Thuan,VNAP25-8F1D522E20,VNAP25-D9EB78937D,Hòa Minh,Hoa Minh
VN-11,Bình Thuận,Binh Thuan,VNAP25-8C0C6E2BB4,VNAP25-D9EB78937D,Liên Hương,Lien Huong
VN-11,Bình Thuận,Binh Thuan,VNAP25-50593F4FF4,VNAP25-D9EB78937D,Phan Dũng,Phan Dung
VN-11,Bình Thuận,Binh Thuan,VNAP25-8AA255334A,VNAP25-D9EB78937D,Phan Rí Cửa,Phan Ri Cua
VN-11,Bình Thuận,Binh Thuan,VNAP25-BFC4F7B1F2,VNAP25-D9EB78937D,Phong Phú,Phong Phu
VN-11,Bình Thuận,Binh Thuan,VNAP25-D2DC55AF19,VNAP25-D9EB78937D,Phú Lạc,Phu Lac
VN-11,Bình Thuận,Binh Thuan,VNAP25-3EC8EC1312,VNAP25-D9EB78937D,Phước Thể,Phuoc The
VN-11,Bình Thuận,Binh Thuan,VNAP25-605055170F,VNAP25-D9EB78937D,Vĩnh Hảo,Vinh Hao
VN-11,Bình Thuận,Binh Thuan,VNAP25-EE75BCB0F4,VNAP25-D9EB78937D,Vĩnh Tân,Vinh Tan
VN-12,Cà Mau,Ca Mau,VNAP25-9F9EE69494,,Cà Mau,Ca Mau
VN-12,Cà Mau,Ca Mau,VNAP25-C62DA97285,VNAP25-9F9EE69494,1,1
VN-12,Cà Mau,Ca Mau,VNAP25-C9BCCA5CC9,VNAP25-9F9EE69494,2,2
VN-12,Cà Mau,Ca Mau,VNAP25-0E6EF15FCB,VNAP25-9F9EE69494,5,5
VN-12,Cà Mau,Ca Mau,VNAP25-4D04D10176,VNAP25-9F9EE69494,6,6
VN-12,Cà Mau,Ca Mau,VNAP25-1F2BF08BE0,VNAP25-9F9EE69494,7,7
VN-12,Cà Mau,Ca Mau,VNAP25-6E8EDBF702,VNAP25-9F9EE69494,8,8
VN-12,Cà Mau,Ca Mau,VNAP25-4D17A44B85,VNAP25-9F9EE69494,9,9
VN-12,Cà Mau,Ca Mau,VNAP25-EBDE2BDDFB,VNAP25-9F9EE69494,An Xuyên,An Xuyen
VN-12,Cà Mau,Ca Mau,VNAP25-AF1B0C1B75,VNAP25-9F9EE69494,Định Bình,Dinh Binh
VN-12,Cà Mau,Ca Mau,VNAP25-3FC108875B,VNAP25-9F9EE69494,Hòa Tân,Hoa Tan
VN-12,Cà Mau,Ca Mau,VNAP25-360C004398,VNAP25-9F9EE69494,Hòa Thành,Hoa Thanh
VN-12,Cà Mau,Ca Mau,VNAP25-8AD2D67AF9,VNAP25-9F9EE69494,Lý Văn Lâm,Ly Van Lam
VN-12,Cà Mau,Ca Mau,VNAP25-8F1EB3B88B,VNAP25-9F9EE69494,Tắc Vân,Tac Van
VN-12,Cà Mau,Ca Mau,VNAP25-6F2DBDDD55,VNAP25-9F9EE69494,Tân Thành (Phường),Tan Thanh (Ward)
VN-12,Cà Mau,Ca Mau,VNAP25-D4BC33E814,VNAP25-9F9EE69494,Tân Thành (Xã),Tan Thanh (Commune)
VN-12,Cà Mau,Ca Mau,VNAP25-9DAA52A264,VNAP25-9F9EE69494,Tân Xuyên,Tan Xuyen
VN-12,Cà Mau,Ca Mau,VNAP25-4A65F4902E,,Cái Nước,Cai Nuoc
VN-12,Cà Mau,Ca Mau,VNAP25-D79126C403,VNAP25-4A65F4902E,Cái Nước,Cai Nuoc
VN-12,Cà Mau,Ca Mau,VNAP25-ED3E756B38,VNAP25-4A65F4902E,Đông Hưng,Dong Hung
VN-12,Cà Mau,Ca Mau,VNAP25-BA1A766CB3,VNAP25-4A65F4902E,Đông Thới,Dong Thoi
VN-12,Cà Mau,Ca Mau,VNAP25-CF77AF9331,VNAP25-4A65F4902E,Hòa Mỹ,Hoa My
VN-12,Cà Mau,Ca Mau,VNAP25-E0F789E387,VNAP25-4A65F4902E,Hưng Mỹ,Hung My
VN-12,Cà Mau,Ca Mau,VNAP25-9AC1598C01,VNAP25-4A65F4902E,Lương Thế Trân,Luong The Tran
VN-12,Cà Mau,Ca Mau,VNAP25-298A25D21F,VNAP25-4A65F4902E,Phú Hưng,Phu Hung
VN-12,Cà Mau,Ca Mau,VNAP25-09E30811C9,VNAP25-4A65F4902E,Tân Hưng,Tan Hung
VN-12,Cà Mau,Ca Mau,VNAP25-C7384F9792,VNAP25-4A65F4902E,Tân Hưng Đông,Tan Hung Dong
VN-12,Cà Mau,Ca Mau,VNAP25-BEC734AC28,VNAP25-4A65F4902E,Thạnh Phú,Thanh Phu
VN-12,Cà Mau,Ca Mau,VNAP25-0DFDFA7F3E,VNAP25-4A65F4902E,Trần Thới,Tran Thoi
VN-12,Cà Mau,Ca Mau,VNAP25-6AF53F2895,,Đầm Dơi,Dam Doi
VN-12,Cà Mau,Ca Mau,VNAP25-BB8CF548FC,VNAP25-6AF53F2895,Đầm Dơi,Dam Doi
VN-12,Cà Mau,Ca Mau,VNAP25-895D3F324E,VNAP25-6AF53F2895,Ngọc Chánh,Ngoc Chanh
VN-12,Cà Mau,Ca Mau,VNAP25-00A60D36F9,VNAP25-6AF53F2895,Nguyễn Huân,Nguyen Huan
VN-12,Cà Mau,Ca Mau,VNAP25-B80C780E7B,VNAP25-6AF53F2895,Quách Phẩm,Quach Pham
VN-12,Cà Mau,Ca Mau,VNAP25-ACD7F79957,VNAP25-6AF53F2895,Quách Phẩm Bắc,Quach Pham Bac
VN-12,Cà Mau,Ca Mau,VNAP25-AF01C3E1DB,VNAP25-6AF53F2895,Tạ An Khương,Ta An Khuong
VN-12,Cà Mau,Ca Mau,VNAP25-26894158EE,VNAP25-6AF53F2895,Tạ An Khương Đông,Ta An Khuong Dong
VN-12,Cà Mau,Ca Mau,VNAP25-9218F5DFF0,VNAP25-6AF53F2895,Tạ An Khương Nam,Ta An Khuong Nam
VN-12,Cà Mau,Ca Mau,VNAP25-C709DB2290,VNAP25-6AF53F2895,Tân Dân,Tan Dan
VN-12,Cà Mau,Ca Mau,VNAP25-F2C404CC70,VNAP25-6AF53F2895,Tân Đức,Tan Duc
VN-12,Cà Mau,Ca Mau,VNAP25-B646E76949,VNAP25-6AF53F2895,Tân Duyệt,Tan Duyet
VN-12,Cà Mau,Ca Mau,VNAP25-DA1BB87E39,VNAP25-6AF53F2895,Tân Thuận,Tan Thuan
VN-12,Cà Mau,Ca Mau,VNAP25-A8C8E98A85,VNAP25-6AF53F2895,Tân Tiến,Tan Tien
VN-12,Cà Mau,Ca Mau,VNAP25-3D100E4F7A,VNAP25-6AF53F2895,Tân Trung,Tan Trung
VN-12,Cà Mau,Ca Mau,VNAP25-9AB87823C3,VNAP25-6AF53F2895,Thanh Tùng,Thanh Tung
VN-12,Cà Mau,Ca Mau,VNAP25-733537A7FA,VNAP25-6AF53F2895,Trần Phán,Tran Phan
VN-12,Cà Mau,Ca Mau,VNAP25-31DDC6D45B,,Năm Căn,Nam Can
VN-12,Cà Mau,Ca Mau,VNAP25-49BABA5970,VNAP25-31DDC6D45B,Đất Mới,Dat Moi
VN-12,Cà Mau,Ca Mau,VNAP25-4CD4BDCBC4,VNAP25-31DDC6D45B,Hàm Rồng,Ham Rong
VN-12,Cà Mau,Ca Mau,VNAP25-7F7A1060CA,VNAP25-31DDC6D45B,Hàng Vịnh,Hang Vinh
VN-12,Cà Mau,Ca Mau,VNAP25-13A1170D24,VNAP25-31DDC6D45B,Hiệp Tùng,Hiep Tung
VN-12,Cà Mau,Ca Mau,VNAP25-E33E23D2BB,VNAP25-31DDC6D45B,Lâm Hải,Lam Hai
VN-12,Cà Mau,Ca Mau,VNAP25-E70FA0A8D7,VNAP25-31DDC6D45B,Năm Căn,Nam Can
VN-12,Cà Mau,Ca Mau,VNAP25-7459BACD4D,VNAP25-31DDC6D45B,Tam Giang,Tam Giang
VN-12,Cà Mau,Ca Mau,VNAP25-BCBD74FA69,VNAP25-31DDC6D45B,Tam Giang Đông,Tam Giang Dong
VN-12,Cà Mau,Ca Mau,VNAP25-3DD1203062,,Ngọc Hiển,Ngoc Hien
VN-12,Cà Mau,Ca Mau,VNAP25-6FA5EE6BD9,VNAP25-3DD1203062,Đất Mũi,Dat Mui
VN-12,Cà Mau,Ca Mau,VNAP25-7B0BEA8B55,VNAP25-3DD1203062,Rạch Gốc,Rach Goc
VN-12,Cà Mau,Ca Mau,VNAP25-9836FB6BEE,VNAP25-3DD1203062,Tam Giang Tây,Tam Giang Tay
VN-12,Cà Mau,Ca Mau,VNAP25-E6B0FD20BA,VNAP25-3DD1203062,Tân Ân,Tan An
VN-12,Cà Mau,Ca Mau,VNAP25-AB790CF0BB,VNAP25-3DD1203062,Tân Ân Tây,Tan An Tay
VN-12,Cà Mau,Ca Mau,VNAP25-62D18775BD,VNAP25-3DD1203062,Viên An,Vien An
VN-12,Cà Mau,Ca Mau,VNAP25-87A48445AD,VNAP25-3DD1203062,Viên An Đông,Vien An Dong
VN-12,Cà Mau,Ca Mau,VNAP25-4BBA585349,,Phú Tân,Phu Tan
VN-12,Cà Mau,Ca Mau,VNAP25-E6FAECEE5A,VNAP25-4BBA585349,Cái Đôi Vàm,Cai Doi Vam
VN-12,Cà Mau,Ca Mau,VNAP25-33E832CD02,VNAP25-4BBA585349,Nguyễn Việt Khái,Nguyen Viet Khai
VN-12,Cà Mau,Ca Mau,VNAP25-4D406E89ED,VNAP25-4BBA585349,Phú Mỹ,Phu My
VN-12,Cà Mau,Ca Mau,VNAP25-A1691E2972,VNAP25-4BBA585349,Phú Tân,Phu Tan
VN-12,Cà Mau,Ca Mau,VNAP25-B2C5D1034C,VNAP25-4BBA585349,Phú Thuận,Phu Thuan
VN-12,Cà Mau,Ca Mau,VNAP25-A458C717CA,VNAP25-4BBA585349,Rạch Chèo,Rach Cheo
VN-12,Cà Mau,Ca Mau,VNAP25-DD2273496C,VNAP25-4BBA585349,Tân Hải,Tan Hai
VN-12,Cà Mau,Ca Mau,VNAP25-431D02A5EB,VNAP25-4BBA585349,Tân Hưng Tây,Tan Hung Tay
VN-12,Cà Mau,Ca Mau,VNAP25-2090DA6CF3,VNAP25-4BBA585349,Việt Thắng,Viet Thang
VN-12,Cà Mau,Ca Mau,VNAP25-AC10B84DA6,,Thới Bình,Thoi Binh
VN-12,Cà Mau,Ca Mau,VNAP25-A025B569C2,VNAP25-AC10B84DA6,Biển Bạch,Bien Bach
VN-12,Cà Mau,Ca Mau,VNAP25-8227A867FF,VNAP25-AC10B84DA6,Biển Bạch Đông,Bien Bach Dong
VN-12,Cà Mau,Ca Mau,VNAP25-0F46E02CC2,VNAP25-AC10B84DA6,Hồ Thị Kỷ,Ho Thi Ky
VN-12,Cà Mau,Ca Mau,VNAP25-BC317C291A,VNAP25-AC10B84DA6,Tân Bằng,Tan Bang
VN-12,Cà Mau,Ca Mau,VNAP25-16FF874C33,VNAP25-AC10B84DA6,Tân Lộc,Tan Loc
VN-12,Cà Mau,Ca Mau,VNAP25-15C3721B9D,VNAP25-AC10B84DA6,Tân Lộc Bắc,Tan Loc Bac
VN-12,Cà Mau,Ca Mau,VNAP25-381429052D,VNAP25-AC10B84DA6,Tân Lộc Đông,Tan Loc Dong
VN-12,Cà Mau,Ca Mau,VNAP25-7BA55C12F8,VNAP25-AC10B84DA6,Tân Phú,Tan Phu
VN-12,Cà Mau,Ca Mau,VNAP25-D184529C32,VNAP25-AC10B84DA6,Thới Bình (Thị trấn),Thoi Binh (Town)
VN-12,Cà Mau,Ca Mau,VNAP25-8AC5962873,VNAP25-AC10B84DA6,Thới Bình (Xã),Thoi Binh (Commune)
VN-12,Cà Mau,Ca Mau,VNAP25-287CD190D8,VNAP25-AC10B84DA6,Trí Lực,Tri Luc
VN-12,Cà Mau,Ca Mau,VNAP25-EFB45192EA,VNAP25-AC10B84DA6,Trí Phải,Tri Phai
VN-12,Cà Mau,Ca Mau,VNAP25-6299D17B53,,Trần Văn Thời,Tran Van Thoi
VN-12,Cà Mau,Ca Mau,VNAP25-045E7DE949,VNAP25-6299D17B53,Khánh Bình,Khanh Binh
VN-12,Cà Mau,Ca Mau,VNAP25-670C7F3995,VNAP25-6299D17B53,Khánh Bình Đông,Khanh Binh Dong
VN-12,Cà Mau,Ca Mau,VNAP25-DDFEF1FF01,VNAP25-6299D17B53,Khánh Bình Tây,Khanh Binh Tay
VN-12,Cà Mau,Ca Mau,VNAP25-A5165222F4,VNAP25-6299D17B53,Khánh Bình Tây Bắc,Khanh Binh Tay Bac
VN-12,Cà Mau,Ca Mau,VNAP25-FBFC01310C,VNAP25-6299D17B53,Khánh Hải,Khanh Hai
VN-12,Cà Mau,Ca Mau,VNAP25-BAA4FBE9E4,VNAP25-6299D17B53,Khánh Hưng,Khanh Hung
VN-12,Cà Mau,Ca Mau,VNAP25-C45159BA5D,VNAP25-6299D17B53,Khánh Lộc,Khanh Loc
VN-12,Cà Mau,Ca Mau,VNAP25-7039EF13B3,VNAP25-6299D17B53,Lợi An,Loi An
VN-12,Cà Mau,Ca Mau,VNAP25-586533BB38,VNAP25-6299D17B53,Phong Điền,Phong Dien
VN-12,Cà Mau,Ca Mau,VNAP25-9838D3050C,VNAP25-6299D17B53,Phong Lạc,Phong Lac
VN-12,Cà Mau,Ca Mau,VNAP25-A1807BB85A,VNAP25-6299D17B53,Sông Đốc,Song Doc
VN-12,Cà Mau,Ca Mau,VNAP25-8A05572D45,VNAP25-6299D17B53,Trần Hợi,Tran Hoi
VN-12,Cà Mau,Ca Mau,VNAP25-C9D7D9088E,VNAP25-6299D17B53,Trần Văn Thời,Tran Van Thoi
VN-12,Cà Mau,Ca Mau,VNAP25-D3B38BE48D,,U Minh,U Minh
VN-12,Cà Mau,Ca Mau,VNAP25-C4D109AF2F,VNAP25-D3B38BE48D,Khánh An,Khanh An
VN-12,Cà Mau,Ca Mau,VNAP25-A8C868A320,VNAP25-D3B38BE48D,Khánh Hòa,Khanh Hoa
VN-12,Cà Mau,Ca Mau,VNAP25-6805606696,VNAP25-D3B38BE48D,Khánh Hội,Khanh Hoi
VN-12,Cà Mau,Ca Mau,VNAP25-08ECBC970B,VNAP25-D3B38BE48D,Khánh Lâm,Khanh Lam
VN-12,Cà Mau,Ca Mau,VNAP25-C7C294EE59,VNAP25-D3B38BE48D,Khánh Thuận,Khanh Thuan
VN-12,Cà Mau,Ca Mau,VNAP25-FA116664E6,VNAP25-D3B38BE48D,Khánh Tiến,Khanh Tien
VN-12,Cà Mau,Ca Mau,VNAP25-E0A0E0E40F,VNAP25-D3B38BE48D,Nguyễn Phích,Nguyen Phich
VN-12,Cà Mau,Ca Mau,VNAP25-C8147E3F7D,VNAP25-D3B38BE48D,U Minh,U Minh
VN-13,Cần Thơ,Can Tho,VNAP25-F72D0786E6,,Bình Thủy,Binh Thuy
VN-13,Cần Thơ,Can Tho,VNAP25-8DA7ADF8A4,VNAP25-F72D0786E6,An Thới,An Thoi
VN-13,Cần Thơ,Can Tho,VNAP25-034649347F,VNAP25-F72D0786E6,Bình Thủy,Binh Thuy
VN-13,Cần Thơ,Can Tho,VNAP25-FF4843DF3F,VNAP25-F72D0786E6,Bùi Hữu Nghĩa,Bui Huu Nghia
VN-13,Cần Thơ,Can Tho,VNAP25-F093B31734,VNAP25-F72D0786E6,Long Hòa,Long Hoa
VN-13,Cần Thơ,Can Tho,VNAP25-83B9DF8D0A,VNAP25-F72D0786E6,Long Tuyền,Long Tuyen
VN-13,Cần Thơ,Can Tho,VNAP25-4AD514F130,VNAP25-F72D0786E6,Thới An Đông,Thoi An Dong
VN-13,Cần Thơ,Can Tho,VNAP25-2790E03F40,VNAP25-F72D0786E6,Trà An,Tra An
VN-13,Cần Thơ,Can Tho,VNAP25-1A5E8E14F6,VNAP25-F72D0786E6,Trà Nóc,Tra Noc
VN-13,Cần Thơ,Can Tho,VNAP25-E5C74B8DCF,,Cái Răng,Cai Rang
VN-13,Cần Thơ,Can Tho,VNAP25-FAE8AFC184,VNAP25-E5C74B8DCF,Ba Láng,Ba Lang
VN-13,Cần Thơ,Can Tho,VNAP25-E5A2F9D6BD,VNAP25-E5C74B8DCF,Hưng Phú,Hung Phu
VN-13,Cần Thơ,Can Tho,VNAP25-829AD49F14,VNAP25-E5C74B8DCF,Hưng Thạnh,Hung Thanh
VN-13,Cần Thơ,Can Tho,VNAP25-C3EF1EB28D,VNAP25-E5C74B8DCF,Lê Bình,Le Binh
VN-13,Cần Thơ,Can Tho,VNAP25-AABDD31385,VNAP25-E5C74B8DCF,Phú Thứ,Phu Thu
VN-13,Cần Thơ,Can Tho,VNAP25-788B45178A,VNAP25-E5C74B8DCF,Tân Phú,Tan Phu
VN-13,Cần Thơ,Can Tho,VNAP25-469E4ECA31,VNAP25-E5C74B8DCF,Thường Thạnh,Thuong Thanh
VN-13,Cần Thơ,Can Tho,VNAP25-B530EC837B,,Cờ Đỏ,Co Do
VN-13,Cần Thơ,Can Tho,VNAP25-273340199D,VNAP25-B530EC837B,Cờ Đỏ,Co Do
VN-13,Cần Thơ,Can Tho,VNAP25-E7BD563C7B,VNAP25-B530EC837B,Đông Hiệp,Dong Hiep
VN-13,Cần Thơ,Can Tho,VNAP25-D66622DC63,VNAP25-B530EC837B,Đông Thắng,Dong Thang
VN-13,Cần Thơ,Can Tho,VNAP25-4F80068BD8,VNAP25-B530EC837B,Thạnh Phú,Thanh Phu
VN-13,Cần Thơ,Can Tho,VNAP25-09E38D4AF6,VNAP25-B530EC837B,Thới Đông,Thoi Dong
VN-13,Cần Thơ,Can Tho,VNAP25-A6CC8104FD,VNAP25-B530EC837B,Thới Hưng,Thoi Hung
VN-13,Cần Thơ,Can Tho,VNAP25-7A255CC50D,VNAP25-B530EC837B,Thới Xuân,Thoi Xuan
VN-13,Cần Thơ,Can Tho,VNAP25-FE2198DEEA,VNAP25-B530EC837B,Trung An,Trung An
VN-13,Cần Thơ,Can Tho,VNAP25-BCEC72CAF0,VNAP25-B530EC837B,Trung Hưng,Trung Hung
VN-13,Cần Thơ,Can Tho,VNAP25-FC37BD28D6,VNAP25-B530EC837B,Trung Thạnh,Trung Thanh
VN-13,Cần Thơ,Can Tho,VNAP25-E8CAD3A9DE,,Ninh Kiều,Ninh Kieu
VN-13,Cần Thơ,Can Tho,VNAP25-6785E57BF3,VNAP25-E8CAD3A9DE,An Bình,An Binh
VN-13,Cần Thơ,Can Tho,VNAP25-89BF46A79F,VNAP25-E8CAD3A9DE,An Hòa,An Hoa
VN-13,Cần Thơ,Can Tho,VNAP25-4E4B078A17,VNAP25-E8CAD3A9DE,An Khánh,An Khanh
VN-13,Cần Thơ,Can Tho,VNAP25-C0A71A2CB3,VNAP25-E8CAD3A9DE,Cái Khế,Cai Khe
VN-13,Cần Thơ,Can Tho,VNAP25-365C3879FE,VNAP25-E8CAD3A9DE,Hưng Lợi,Hung Loi
VN-13,Cần Thơ,Can Tho,VNAP25-91B0CD50F3,VNAP25-E8CAD3A9DE,Tân An,Tan An
VN-13,Cần Thơ,Can Tho,VNAP25-739ECE87F3,VNAP25-E8CAD3A9DE,Thới Bình,Thoi Binh
VN-13,Cần Thơ,Can Tho,VNAP25-B9B73B7BF2,VNAP25-E8CAD3A9DE,Xuân Khánh,Xuan Khanh
VN-13,Cần Thơ,Can Tho,VNAP25-C59A7C2150,,Ô Môn,O Mon
VN-13,Cần Thơ,Can Tho,VNAP25-C5EA1258A0,VNAP25-C59A7C2150,Châu Văn Liêm,Chau Van Liem
VN-13,Cần Thơ,Can Tho,VNAP25-80288A7D12,VNAP25-C59A7C2150,Long Hưng,Long Hung
VN-13,Cần Thơ,Can Tho,VNAP25-5453F0240F,VNAP25-C59A7C2150,Phước Thới,Phuoc Thoi
VN-13,Cần Thơ,Can Tho,VNAP25-B77CA7450E,VNAP25-C59A7C2150,Thới An,Thoi An
VN-13,Cần Thơ,Can Tho,VNAP25-B534A746EC,VNAP25-C59A7C2150,Thới Hòa,Thoi Hoa
VN-13,Cần Thơ,Can Tho,VNAP25-9C9C0E63E7,VNAP25-C59A7C2150,Thới Long,Thoi Long
VN-13,Cần Thơ,Can Tho,VNAP25-5AFAAC9CE4,VNAP25-C59A7C2150,Trường Lạc,Truong Lac
VN-13,Cần Thơ,Can Tho,VNAP25-ED01666227,,Phong Điền,Phong Dien
VN-13,Cần Thơ,Can Tho,VNAP25-70C0B1BB19,VNAP25-ED01666227,Giai Xuân,Giai Xuan
VN-13,Cần Thơ,Can Tho,VNAP25-33FCE5C334,VNAP25-ED01666227,Mỹ Khánh,My Khanh
VN-13,Cần Thơ,Can Tho,VNAP25-5642462178,VNAP25-ED01666227,Nhơn Ái,Nhon Ai
VN-13,Cần Thơ,Can Tho,VNAP25-FA2F176171,VNAP25-ED01666227,Nhơn Nghĩa,Nhon Nghia
VN-13,Cần Thơ,Can Tho,VNAP25-A35460BB34,VNAP25-ED01666227,Phong Điền,Phong Dien
VN-13,Cần Thơ,Can Tho,VNAP25-DD24679561,VNAP25-ED01666227,Tân Thới,Tan Thoi
VN-13,Cần Thơ,Can Tho,VNAP25-97C44DC271,VNAP25-ED01666227,Trường Long,Truong Long
VN-13,Cần Thơ,Can Tho,VNAP25-6904D124C4,,Thới Lai,Thoi Lai
VN-13,Cần Thơ,Can Tho,VNAP25-CD0364964A,VNAP25-6904D124C4,Định Môn,Dinh Mon
VN-13,Cần Thơ,Can Tho,VNAP25-7F8D81FCF8,VNAP25-6904D124C4,Đông Bình,Dong Binh
VN-13,Cần Thơ,Can Tho,VNAP25-1E69E6362B,VNAP25-6904D124C4,Đông Thuận,Dong Thuan
VN-13,Cần Thơ,Can Tho,VNAP25-96496AAF7A,VNAP25-6904D124C4,Tân Thạnh,Tan Thanh
VN-13,Cần Thơ,Can Tho,VNAP25-6ED42F1537,VNAP25-6904D124C4,Thới Lai,Thoi Lai
VN-13,Cần Thơ,Can Tho,VNAP25-75E0DE1098,VNAP25-6904D124C4,Thới Tân,Thoi Tan
VN-13,Cần Thơ,Can Tho,VNAP25-4F769447A9,VNAP25-6904D124C4,Thới Thạnh,Thoi Thanh
VN-13,Cần Thơ,Can Tho,VNAP25-CDF19B517F,VNAP25-6904D124C4,Trường Thắng,Truong Thang
VN-13,Cần Thơ,Can Tho,VNAP25-17CD96C602,VNAP25-6904D124C4,Trường Thành,Truong Thanh
VN-13,Cần Thơ,Can Tho,VNAP25-96B9F0EE6C,VNAP25-6904D124C4,Trường Xuân,Truong Xuan
VN-13,Cần Thơ,Can Tho,VNAP25-2A67972B05,VNAP25-6904D124C4,Trường Xuân A,Truong Xuan A
VN-13,Cần Thơ,Can Tho,VNAP25-DFCD87E12E,VNAP25-6904D124C4,Trường Xuân B,Truong Xuan B
VN-13,Cần Thơ,Can Tho,VNAP25-D3F3D9C7C8,VNAP25-6904D124C4,Xuân Thắng,Xuan Thang
VN-13,Cần Thơ,Can Tho,VNAP25-01C11A9CF7,,Thốt Nốt,Thot Not
VN-13,Cần Thơ,Can Tho,VNAP25-491A7E7EAC,VNAP25-01C11A9CF7,Tân Hưng,Tan Hung
VN-13,Cần Thơ,Can Tho,VNAP25-B191F9736D,VNAP25-01C11A9CF7,Tân Lộc,Tan Loc
VN-13,Cần Thơ,Can Tho,VNAP25-9CBAE39502,VNAP25-01C11A9CF7,Thạnh Hòa,Thanh Hoa
VN-13,Cần Thơ,Can Tho,VNAP25-63C5D94F0B,VNAP25-01C11A9CF7,Thới Thuận,Thoi Thuan
VN-13,Cần Thơ,Can Tho,VNAP25-6B0DDA9488,VNAP25-01C11A9CF7,Thốt Nốt,Thot Not
VN-13,Cần Thơ,Can Tho,VNAP25-D11CD15E11,VNAP25-01C11A9CF7,Thuận An,Thuan An
VN-13,Cần Thơ,Can Tho,VNAP25-08C1145046,VNAP25-01C11A9CF7,Thuận Hưng,Thuan Hung
VN-13,Cần Thơ,Can Tho,VNAP25-B79B3CDEF2,VNAP25-01C11A9CF7,Trung Kiên,Trung Kien
VN-13,Cần Thơ,Can Tho,VNAP25-AF3DF857F7,VNAP25-01C11A9CF7,Trung Nhứt,Trung Nhut
VN-13,Cần Thơ,Can Tho,VNAP25-090E748DBB,,Vĩnh Thạnh,Vinh Thanh
VN-13,Cần Thơ,Can Tho,VNAP25-A4892DC234,VNAP25-090E748DBB,Thanh An,Thanh An
VN-13,Cần Thơ,Can Tho,VNAP25-D4AC496C78,VNAP25-090E748DBB,Thạnh An,Thanh An
VN-13,Cần Thơ,Can Tho,VNAP25-438EB4BCC9,VNAP25-090E748DBB,Thạnh Lộc,Thanh Loc
VN-13,Cần Thơ,Can Tho,VNAP25-F866F4D615,VNAP25-090E748DBB,Thạnh Lợi,Thanh Loi
VN-13,Cần Thơ,Can Tho,VNAP25-ED396D3AB8,VNAP25-090E748DBB,Thạnh Mỹ,Thanh My
VN-13,Cần Thơ,Can Tho,VNAP25-EB46E789B2,VNAP25-090E748DBB,Thạnh Quới,Thanh Quoi
VN-13,Cần Thơ,Can Tho,VNAP25-B600177720,VNAP25-090E748DBB,Thạnh Thắng,Thanh Thang
VN-13,Cần Thơ,Can Tho,VNAP25-37AA75D4B8,VNAP25-090E748DBB,Thạnh Tiến,Thanh Tien
VN-13,Cần Thơ,Can Tho,VNAP25-2CB36B82C0,VNAP25-090E748DBB,Vĩnh Bình,Vinh Binh
VN-13,Cần Thơ,Can Tho,VNAP25-D18E2327FD,VNAP25-090E748DBB,Vĩnh Thạnh,Vinh Thanh
VN-13,Cần Thơ,Can Tho,VNAP25-C5BC1675A2,VNAP25-090E748DBB,Vĩnh Trinh,Vinh Trinh
VN-14,Cao Bằng,Cao Bang,VNAP25-700BCFF928,,Bảo Lạc,Bao Lac
VN-14,Cao Bằng,Cao Bang,VNAP25-43FB8877CD,VNAP25-700BCFF928,Bảo Lạc,Bao Lac
VN-14,Cao Bằng,Cao Bang,VNAP25-5ACD889027,VNAP25-700BCFF928,Bảo Toàn,Bao Toan
VN-14,Cao Bằng,Cao Bang,VNAP25-BA761DE7C6,VNAP25-700BCFF928,Cô Ba,Co Ba
VN-14,Cao Bằng,Cao Bang,VNAP25-BDA51B1DD5,VNAP25-700BCFF928,Cốc Pàng,Coc Pang
VN-14,Cao Bằng,Cao Bang,VNAP25-3B4FAE7BB3,VNAP25-700BCFF928,Đình Phùng,Dinh Phung
VN-14,Cao Bằng,Cao Bang,VNAP25-27AEE5ADDB,VNAP25-700BCFF928,Hồng An,Hong An
VN-14,Cao Bằng,Cao Bang,VNAP25-5FC5AD225C,VNAP25-700BCFF928,Hồng Trị,Hong Tri
VN-14,Cao Bằng,Cao Bang,VNAP25-EE2E33E196,VNAP25-700BCFF928,Hưng Đạo,Hung Dao
VN-14,Cao Bằng,Cao Bang,VNAP25-03C797C0FF,VNAP25-700BCFF928,Hưng Thịnh,Hung Thinh
VN-14,Cao Bằng,Cao Bang,VNAP25-5E543A211C,VNAP25-700BCFF928,Huy Giáp,Huy Giap
VN-14,Cao Bằng,Cao Bang,VNAP25-745099F0B3,VNAP25-700BCFF928,Khánh Xuân,Khanh Xuan
VN-14,Cao Bằng,Cao Bang,VNAP25-58C95763F9,VNAP25-700BCFF928,Kim Cúc,Kim Cuc
VN-14,Cao Bằng,Cao Bang,VNAP25-E66C83E480,VNAP25-700BCFF928,Phan Thanh,Phan Thanh
VN-14,Cao Bằng,Cao Bang,VNAP25-FE6A08F6FD,VNAP25-700BCFF928,Sơn Lập,Son Lap
VN-14,Cao Bằng,Cao Bang,VNAP25-C822284076,VNAP25-700BCFF928,Sơn Lộ,Son Lo
VN-14,Cao Bằng,Cao Bang,VNAP25-CBB956B9BA,VNAP25-700BCFF928,Thượng Hà,Thuong Ha
VN-14,Cao Bằng,Cao Bang,VNAP25-6AB6525BB4,VNAP25-700BCFF928,Xuân Trường,Xuan Truong
VN-14,Cao Bằng,Cao Bang,VNAP25-686CAEEC7E,,Bảo Lâm,Bao Lam
VN-14,Cao Bằng,Cao Bang,VNAP25-A23F0D3F4A,VNAP25-686CAEEC7E,Đức Hạnh,Duc Hanh
VN-14,Cao Bằng,Cao Bang,VNAP25-2A23088211,VNAP25-686CAEEC7E,Lý Bôn,Ly Bon
VN-14,Cao Bằng,Cao Bang,VNAP25-BE0A4E95E8,VNAP25-686CAEEC7E,Mông Ân,Mong An
VN-14,Cao Bằng,Cao Bang,VNAP25-FF3DB9F74F,VNAP25-686CAEEC7E,Nam Cao,Nam Cao
VN-14,Cao Bằng,Cao Bang,VNAP25-16C8B2DC5E,VNAP25-686CAEEC7E,Nam Quang,Nam Quang
VN-14,Cao Bằng,Cao Bang,VNAP25-10EAE6FE8E,VNAP25-686CAEEC7E,Pác Miầu,Pac Miau
VN-14,Cao Bằng,Cao Bang,VNAP25-A7AB488AA4,VNAP25-686CAEEC7E,Quảng Lâm,Quang Lam
VN-14,Cao Bằng,Cao Bang,VNAP25-2665AD3A5B,VNAP25-686CAEEC7E,Thạch Lâm,Thach Lam
VN-14,Cao Bằng,Cao Bang,VNAP25-16AF65B154,VNAP25-686CAEEC7E,Thái Học,Thai Hoc
VN-14,Cao Bằng,Cao Bang,VNAP25-A580CD4A87,VNAP25-686CAEEC7E,Thái Sơn,Thai Son
VN-14,Cao Bằng,Cao Bang,VNAP25-3961F9A7EE,VNAP25-686CAEEC7E,Vĩnh Phong,Vinh Phong
VN-14,Cao Bằng,Cao Bang,VNAP25-B30098D3BC,VNAP25-686CAEEC7E,Vĩnh Quang,Vinh Quang
VN-14,Cao Bằng,Cao Bang,VNAP25-E297722A78,VNAP25-686CAEEC7E,Yên Thổ,Yen Tho
VN-14,Cao Bằng,Cao Bang,VNAP25-60937640E2,,Cao Bằng,Cao Bang
VN-14,Cao Bằng,Cao Bang,VNAP25-CC36833A42,VNAP25-60937640E2,Chu Trinh,Chu Trinh
VN-14,Cao Bằng,Cao Bang,VNAP25-23D8A8FBB3,VNAP25-60937640E2,Đề Thám,De Tham
VN-14,Cao Bằng,Cao Bang,VNAP25-6CDA8BD711,VNAP25-60937640E2,Duyệt Trung,Duyet Trung
VN-14,Cao Bằng,Cao Bang,VNAP25-75C8B3F47F,VNAP25-60937640E2,Hòa Chung,Hoa Chung
VN-14,Cao Bằng,Cao Bang,VNAP25-49CC9316EB,VNAP25-60937640E2,Hợp Giang,Hop Giang
VN-14,Cao Bằng,Cao Bang,VNAP25-7BF7D06B27,VNAP25-60937640E2,Hưng Đạo,Hung Dao
VN-14,Cao Bằng,Cao Bang,VNAP25-B62CC25CAF,VNAP25-60937640E2,Ngọc Xuân,Ngoc Xuan
VN-14,Cao Bằng,Cao Bang,VNAP25-7DB1E09D84,VNAP25-60937640E2,Sông Bằng,Song Bang
VN-14,Cao Bằng,Cao Bang,VNAP25-115C73FB0A,VNAP25-60937640E2,Sông Hiến,Song Hien
VN-14,Cao Bằng,Cao Bang,VNAP25-9F10A0AC75,VNAP25-60937640E2,Tân Giang,Tan Giang
VN-14,Cao Bằng,Cao Bang,VNAP25-39FC038099,VNAP25-60937640E2,Vĩnh Quang,Vinh Quang
VN-14,Cao Bằng,Cao Bang,VNAP25-4CB5A49BB6,,Hạ Lang,Ha Lang
VN-14,Cao Bằng,Cao Bang,VNAP25-2C19E72E8C,VNAP25-4CB5A49BB6,An Lạc,An Lac
VN-14,Cao Bằng,Cao Bang,VNAP25-F0419851FE,VNAP25-4CB5A49BB6,Cô Ngân,Co Ngan
VN-14,Cao Bằng,Cao Bang,VNAP25-21CCD8A6D5,VNAP25-4CB5A49BB6,Đồng Loan,Dong Loan
VN-14,Cao Bằng,Cao Bang,VNAP25-4BE2880455,VNAP25-4CB5A49BB6,Đức Quang,Duc Quang
VN-14,Cao Bằng,Cao Bang,VNAP25-08E20E9C67,VNAP25-4CB5A49BB6,Kim Loan,Kim Loan
VN-14,Cao Bằng,Cao Bang,VNAP25-D6E6CE0990,VNAP25-4CB5A49BB6,Lý Quốc,Ly Quoc
VN-14,Cao Bằng,Cao Bang,VNAP25-9C1A3475B5,VNAP25-4CB5A49BB6,Minh Long,Minh Long
VN-14,Cao Bằng,Cao Bang,VNAP25-33F96F212A,VNAP25-4CB5A49BB6,Quang Long,Quang Long
VN-14,Cao Bằng,Cao Bang,VNAP25-3F24DC07D2,VNAP25-4CB5A49BB6,Thắng Lợi,Thang Loi
VN-14,Cao Bằng,Cao Bang,VNAP25-22007DB6FF,VNAP25-4CB5A49BB6,Thanh Nhật,Thanh Nhat
VN-14,Cao Bằng,Cao Bang,VNAP25-71514F72BE,VNAP25-4CB5A49BB6,Thị Hoa,Thi Hoa
VN-14,Cao Bằng,Cao Bang,VNAP25-550E645E4C,VNAP25-4CB5A49BB6,Thống Nhất,Thong Nhat
VN-14,Cao Bằng,Cao Bang,VNAP25-D1F949C00F,VNAP25-4CB5A49BB6,Vinh Quý,Vinh Quy
VN-14,Cao Bằng,Cao Bang,VNAP25-96D78B107A,,Hà Quảng,Ha Quang
VN-14,Cao Bằng,Cao Bang,VNAP25-3B4261CD79,VNAP25-96D78B107A,Cải Viên,Cai Vien
VN-14,Cao Bằng,Cao Bang,VNAP25-FB1EA8D5C5,VNAP25-96D78B107A,Cần Nông,Can Nong
VN-14,Cao Bằng,Cao Bang,VNAP25-660A600B01,VNAP25-96D78B107A,Cần Yên,Can Yen
VN-14,Cao Bằng,Cao Bang,VNAP25-0A5FC2F7DF,VNAP25-96D78B107A,Đa Thông,Da Thong
VN-14,Cao Bằng,Cao Bang,VNAP25-76F5125BA1,VNAP25-96D78B107A,Hồng Sỹ,Hong Sy
VN-14,Cao Bằng,Cao Bang,VNAP25-9340BC9F6A,VNAP25-96D78B107A,Lũng Nặm,Lung Nam
VN-14,Cao Bằng,Cao Bang,VNAP25-10BAC74B03,VNAP25-96D78B107A,Lương Can,Luong Can
VN-14,Cao Bằng,Cao Bang,VNAP25-C4D66D1794,VNAP25-96D78B107A,Lương Thông,Luong Thong
VN-14,Cao Bằng,Cao Bang,VNAP25-18E55C20D9,VNAP25-96D78B107A,Mã Ba,Ma Ba
VN-14,Cao Bằng,Cao Bang,VNAP25-0BC61AA509,VNAP25-96D78B107A,Ngọc Đào,Ngoc Dao
VN-14,Cao Bằng,Cao Bang,VNAP25-BAC47C31B5,VNAP25-96D78B107A,Ngọc Động,Ngoc Dong
VN-14,Cao Bằng,Cao Bang,VNAP25-247A35BFE8,VNAP25-96D78B107A,Nội Thôn,Noi Thon
VN-14,Cao Bằng,Cao Bang,VNAP25-4C561A35B6,VNAP25-96D78B107A,Quý Quân,Quy Quan
VN-14,Cao Bằng,Cao Bang,VNAP25-574A90D7BC,VNAP25-96D78B107A,Sóc Hà,Soc Ha
VN-14,Cao Bằng,Cao Bang,VNAP25-2B4ADB2A6F,VNAP25-96D78B107A,Thanh Long,Thanh Long
VN-14,Cao Bằng,Cao Bang,VNAP25-9778AF6D24,VNAP25-96D78B107A,Thông Nông,Thong Nong
VN-14,Cao Bằng,Cao Bang,VNAP25-80024C70D2,VNAP25-96D78B107A,Thượng Thôn,Thuong Thon
VN-14,Cao Bằng,Cao Bang,VNAP25-A707A0E31B,VNAP25-96D78B107A,Tổng Cọt,Tong Cot
VN-14,Cao Bằng,Cao Bang,VNAP25-6A134813A7,VNAP25-96D78B107A,Trường Hà,Truong Ha
VN-14,Cao Bằng,Cao Bang,VNAP25-873052B18B,VNAP25-96D78B107A,Xuân Hòa,Xuan Hoa
VN-14,Cao Bằng,Cao Bang,VNAP25-9D86EAB0D2,VNAP25-96D78B107A,Yên Sơn,Yen Son
VN-14,Cao Bằng,Cao Bang,VNAP25-C8EB8EEF3E,,Hòa An,Hoa An
VN-14,Cao Bằng,Cao Bang,VNAP25-E6C2AE8E8F,VNAP25-C8EB8EEF3E,Bạch Đằng,Bach Dang
VN-14,Cao Bằng,Cao Bang,VNAP25-ADC7141AF2,VNAP25-C8EB8EEF3E,Bình Dương,Binh Duong
VN-14,Cao Bằng,Cao Bang,VNAP25-98531B1C0E,VNAP25-C8EB8EEF3E,Đại Tiến,Dai Tien
VN-14,Cao Bằng,Cao Bang,VNAP25-5DEB60BD11,VNAP25-C8EB8EEF3E,Dân Chủ,Dan Chu
VN-14,Cao Bằng,Cao Bang,VNAP25-E9587621BE,VNAP25-C8EB8EEF3E,Đức Long,Duc Long
VN-14,Cao Bằng,Cao Bang,VNAP25-280C5C419B,VNAP25-C8EB8EEF3E,Hoàng Tung,Hoang Tung
VN-14,Cao Bằng,Cao Bang,VNAP25-F709FF5B8E,VNAP25-C8EB8EEF3E,Hồng Nam,Hong Nam
VN-14,Cao Bằng,Cao Bang,VNAP25-96581589A4,VNAP25-C8EB8EEF3E,Hồng Việt,Hong Viet
VN-14,Cao Bằng,Cao Bang,VNAP25-EADA9C0075,VNAP25-C8EB8EEF3E,Lê Chung,Le Chung
VN-14,Cao Bằng,Cao Bang,VNAP25-3922AD1699,VNAP25-C8EB8EEF3E,Nam Tuấn,Nam Tuan
VN-14,Cao Bằng,Cao Bang,VNAP25-AC15669FF5,VNAP25-C8EB8EEF3E,Ngũ Lão,Ngu Lao
VN-14,Cao Bằng,Cao Bang,VNAP25-CECE2531BE,VNAP25-C8EB8EEF3E,Nguyễn Huệ,Nguyen Hue
VN-14,Cao Bằng,Cao Bang,VNAP25-22CAFE60D7,VNAP25-C8EB8EEF3E,Nước Hai,Nuoc Hai
VN-14,Cao Bằng,Cao Bang,VNAP25-96D387B2CF,VNAP25-C8EB8EEF3E,Quang Trung,Quang Trung
VN-14,Cao Bằng,Cao Bang,VNAP25-AB0B96634A,VNAP25-C8EB8EEF3E,Trương Lương,Truong Luong
VN-14,Cao Bằng,Cao Bang,VNAP25-4541318929,,Nguyên Bình,Nguyen Binh
VN-14,Cao Bằng,Cao Bang,VNAP25-E91A6FC6CD,VNAP25-4541318929,Ca Thành,Ca Thanh
VN-14,Cao Bằng,Cao Bang,VNAP25-AEAB74A8FD,VNAP25-4541318929,Hoa Thám,Hoa Tham
VN-14,Cao Bằng,Cao Bang,VNAP25-4D2B783B0F,VNAP25-4541318929,Hưng Đạo,Hung Dao
VN-14,Cao Bằng,Cao Bang,VNAP25-518443B3CD,VNAP25-4541318929,Mai Long,Mai Long
VN-14,Cao Bằng,Cao Bang,VNAP25-A6ACF277CD,VNAP25-4541318929,Minh Tâm,Minh Tam
VN-14,Cao Bằng,Cao Bang,VNAP25-C8CE04D330,VNAP25-4541318929,Nguyên Bình,Nguyen Binh
VN-14,Cao Bằng,Cao Bang,VNAP25-BECBB0D27D,VNAP25-4541318929,Phan Thanh,Phan Thanh
VN-14,Cao Bằng,Cao Bang,VNAP25-ECEB6FB16F,VNAP25-4541318929,Quang Thành,Quang Thanh
VN-14,Cao Bằng,Cao Bang,VNAP25-B7E59BCD2E,VNAP25-4541318929,Tam Kim,Tam Kim
VN-14,Cao Bằng,Cao Bang,VNAP25-C892228EE1,VNAP25-4541318929,Thành Công,Thanh Cong
VN-14,Cao Bằng,Cao Bang,VNAP25-DB244D3B77,VNAP25-4541318929,Thể Dục,The Duc
VN-14,Cao Bằng,Cao Bang,VNAP25-6E822F0BB7,VNAP25-4541318929,Thịnh Vượng,Thinh Vuong
VN-14,Cao Bằng,Cao Bang,VNAP25-BBDE8339E9,VNAP25-4541318929,Tĩnh Túc,Tinh Tuc
VN-14,Cao Bằng,Cao Bang,VNAP25-41A2881709,VNAP25-4541318929,Triệu Nguyên,Trieu Nguyen
VN-14,Cao Bằng,Cao Bang,VNAP25-4E67060D91,VNAP25-4541318929,Vũ Minh,Vu Minh
VN-14,Cao Bằng,Cao Bang,VNAP25-5827A144D8,VNAP25-4541318929,Vũ Nông,Vu Nong
VN-14,Cao Bằng,Cao Bang,VNAP25-5A37CFAA38,VNAP25-4541318929,Yên Lạc,Yen Lac
VN-14,Cao Bằng,Cao Bang,VNAP25-7B7E82BD72,,Quảng Hòa,Quang Hoa
VN-14,Cao Bằng,Cao Bang,VNAP25-4C8EF535C1,VNAP25-7B7E82BD72,Bế Văn Đàn,Be Van Dan
VN-14,Cao Bằng,Cao Bang,VNAP25-A1D2F9B1F1,VNAP25-7B7E82BD72,Cách Linh,Cach Linh
VN-14,Cao Bằng,Cao Bang,VNAP25-DBABFC0136,VNAP25-7B7E82BD72,Cai Bộ,Cai Bo
VN-14,Cao Bằng,Cao Bang,VNAP25-6A8F78D885,VNAP25-7B7E82BD72,Chí Thảo,Chi Thao
VN-14,Cao Bằng,Cao Bang,VNAP25-0EEC115ED3,VNAP25-7B7E82BD72,Đại Sơn,Dai Son
VN-14,Cao Bằng,Cao Bang,VNAP25-1D602F6B97,VNAP25-7B7E82BD72,Độc Lập,Doc Lap
VN-14,Cao Bằng,Cao Bang,VNAP25-47EA77FE97,VNAP25-7B7E82BD72,Hạnh Phúc,Hanh Phuc
VN-14,Cao Bằng,Cao Bang,VNAP25-1C1657D038,VNAP25-7B7E82BD72,Hòa Thuận,Hoa Thuan
VN-14,Cao Bằng,Cao Bang,VNAP25-532B5327A9,VNAP25-7B7E82BD72,Hồng Quang,Hong Quang
VN-14,Cao Bằng,Cao Bang,VNAP25-DE1A06813A,VNAP25-7B7E82BD72,Mỹ Hưng,My Hung
VN-14,Cao Bằng,Cao Bang,VNAP25-C5612EBB93,VNAP25-7B7E82BD72,Ngọc Động,Ngoc Dong
VN-14,Cao Bằng,Cao Bang,VNAP25-718FF33366,VNAP25-7B7E82BD72,Phi Hải,Phi Hai
VN-14,Cao Bằng,Cao Bang,VNAP25-EB2A8ED50A,VNAP25-7B7E82BD72,Phúc Sen,Phuc Sen
VN-14,Cao Bằng,Cao Bang,VNAP25-485BDA30A8,VNAP25-7B7E82BD72,Quảng Hưng,Quang Hung
VN-14,Cao Bằng,Cao Bang,VNAP25-1855DD62DB,VNAP25-7B7E82BD72,Quảng Uyên,Quang Uyen
VN-14,Cao Bằng,Cao Bang,VNAP25-6226F4C1DD,VNAP25-7B7E82BD72,Quốc Toản,Quoc Toan
VN-14,Cao Bằng,Cao Bang,VNAP25-47D17B8917,VNAP25-7B7E82BD72,Tà Lùng,Ta Lung
VN-14,Cao Bằng,Cao Bang,VNAP25-1AF6EA6488,VNAP25-7B7E82BD72,Tiên Thành,Tien Thanh
VN-14,Cao Bằng,Cao Bang,VNAP25-E620E8EC1E,VNAP25-7B7E82BD72,Tự Do,Tu Do
VN-14,Cao Bằng,Cao Bang,VNAP25-2A187D9F93,,Thạch An,Thach An
VN-14,Cao Bằng,Cao Bang,VNAP25-6D37869381,VNAP25-2A187D9F93,Canh Tân,Canh Tan
VN-14,Cao Bằng,Cao Bang,VNAP25-2AF6B684D5,VNAP25-2A187D9F93,Đông Khê,Dong Khe
VN-14,Cao Bằng,Cao Bang,VNAP25-8F10FDFE73,VNAP25-2A187D9F93,Đức Long,Duc Long
VN-14,Cao Bằng,Cao Bang,VNAP25-7BE02A1785,VNAP25-2A187D9F93,Đức Thông,Duc Thong
VN-14,Cao Bằng,Cao Bang,VNAP25-61FED24D45,VNAP25-2A187D9F93,Đức Xuân,Duc Xuan
VN-14,Cao Bằng,Cao Bang,VNAP25-01730EAE07,VNAP25-2A187D9F93,Kim Đồng,Kim Dong
VN-14,Cao Bằng,Cao Bang,VNAP25-AF54F72CDD,VNAP25-2A187D9F93,Lê Lai,Le Lai
VN-14,Cao Bằng,Cao Bang,VNAP25-79C06AB9D5,VNAP25-2A187D9F93,Lê Lợi,Le Loi
VN-14,Cao Bằng,Cao Bang,VNAP25-05465113A5,VNAP25-2A187D9F93,Minh Khai,Minh Khai
VN-14,Cao Bằng,Cao Bang,VNAP25-77E6277CA6,VNAP25-2A187D9F93,Quang Trọng,Quang Trong
VN-14,Cao Bằng,Cao Bang,VNAP25-73FEE1D24B,VNAP25-2A187D9F93,Thái Cường,Thai Cuong
VN-14,Cao Bằng,Cao Bang,VNAP25-C6BF823399,VNAP25-2A187D9F93,Thụy Hùng,Thuy Hung
VN-14,Cao Bằng,Cao Bang,VNAP25-077FB2741E,VNAP25-2A187D9F93,Trọng Con,Trong Con
VN-14,Cao Bằng,Cao Bang,VNAP25-B77D68D43C,VNAP25-2A187D9F93,Vân Trình,Van Trinh
VN-14,Cao Bằng,Cao Bang,VNAP25-C29BD7A6D0,,Trùng Khánh,Trung Khanh
VN-14,Cao Bằng,Cao Bang,VNAP25-2F2B23E0EE,VNAP25-C29BD7A6D0,Cao Chương,Cao Chuong
VN-14,Cao Bằng,Cao Bang,VNAP25-49B4186842,VNAP25-C29BD7A6D0,Cao Thăng,Cao Thang
VN-14,Cao Bằng,Cao Bang,VNAP25-1FEC4AF459,VNAP25-C29BD7A6D0,Chí Viễn,Chi Vien
VN-14,Cao Bằng,Cao Bang,VNAP25-015E719A06,VNAP25-C29BD7A6D0,Đàm Thủy,Dam Thuy
VN-14,Cao Bằng,Cao Bang,VNAP25-D3692C878B,VNAP25-C29BD7A6D0,Đình Phong,Dinh Phong
VN-14,Cao Bằng,Cao Bang,VNAP25-59E037C6AD,VNAP25-C29BD7A6D0,Đoài Dương,Doai Duong
VN-14,Cao Bằng,Cao Bang,VNAP25-9959E91171,VNAP25-C29BD7A6D0,Đức Hồng,Duc Hong
VN-14,Cao Bằng,Cao Bang,VNAP25-2AA49EB220,VNAP25-C29BD7A6D0,Khâm Thành,Kham Thanh
VN-14,Cao Bằng,Cao Bang,VNAP25-853A95C3FD,VNAP25-C29BD7A6D0,Lăng Hiếu,Lang Hieu
VN-14,Cao Bằng,Cao Bang,VNAP25-0366752E34,VNAP25-C29BD7A6D0,Ngọc Côn,Ngoc Con
VN-14,Cao Bằng,Cao Bang,VNAP25-D1462A0271,VNAP25-C29BD7A6D0,Ngọc Khê,Ngoc Khe
VN-14,Cao Bằng,Cao Bang,VNAP25-9B234F023A,VNAP25-C29BD7A6D0,Phong Châu,Phong Chau
VN-14,Cao Bằng,Cao Bang,VNAP25-5E441C3A8D,VNAP25-C29BD7A6D0,Phong Nậm,Phong Nam
VN-14,Cao Bằng,Cao Bang,VNAP25-1F2A64E56E,VNAP25-C29BD7A6D0,Quang Hán,Quang Han
VN-14,Cao Bằng,Cao Bang,VNAP25-8CC5620F70,VNAP25-C29BD7A6D0,Quang Trung,Quang Trung
VN-14,Cao Bằng,Cao Bang,VNAP25-DF567AD6DC,VNAP25-C29BD7A6D0,Quang Vinh,Quang Vinh
VN-14,Cao Bằng,Cao Bang,VNAP25-7CE73F05FD,VNAP25-C29BD7A6D0,Trà Lĩnh,Tra Linh
VN-14,Cao Bằng,Cao Bang,VNAP25-8ACFBF4479,VNAP25-C29BD7A6D0,Tri Phương,Tri Phuong
VN-14,Cao Bằng,Cao Bang,VNAP25-0C5EE4437D,VNAP25-C29BD7A6D0,Trùng Khánh,Trung Khanh
VN-14,Cao Bằng,Cao Bang,VNAP25-BDBB85A8C7,VNAP25-C29BD7A6D0,Trung Phúc,Trung Phuc
VN-14,Cao Bằng,Cao Bang,VNAP25-8E271222D2,VNAP25-C29BD7A6D0,Xuân Nội,Xuan Noi
VN-15,Đà Nẵng,Da Nang,VNAP25-6802158FD4,,Cẩm Lệ,Cam Le
VN-15,Đà Nẵng,Da Nang,VNAP25-2A5AAA3133,VNAP25-6802158FD4,Hòa An,Hoa An
VN-15,Đà Nẵng,Da Nang,VNAP25-7260EAF7C9,VNAP25-6802158FD4,Hòa Phát,Hoa Phat
VN-15,Đà Nẵng,Da Nang,VNAP25-9B86DD1CEB,VNAP25-6802158FD4,Hòa Thọ Đông,Hoa Tho Dong
VN-15,Đà Nẵng,Da Nang,VNAP25-30BCE2A0BB,VNAP25-6802158FD4,Hòa Thọ Tây,Hoa Tho Tay
VN-15,Đà Nẵng,Da Nang,VNAP25-3A4DF097E7,VNAP25-6802158FD4,Hòa Xuân,Hoa Xuan
VN-15,Đà Nẵng,Da Nang,VNAP25-2D42C77B20,VNAP25-6802158FD4,Khuê Trung,Khue Trung
VN-15,Đà Nẵng,Da Nang,VNAP25-10DB23C57B,,Hải Châu,Hai Chau
VN-15,Đà Nẵng,Da Nang,VNAP25-AF4665C434,VNAP25-10DB23C57B,Bình Thuận,Binh Thuan
VN-15,Đà Nẵng,Da Nang,VNAP25-02D1B35355,VNAP25-10DB23C57B,Hải Châu,Hai Chau
VN-15,Đà Nẵng,Da Nang,VNAP25-E4A8B9C306,VNAP25-10DB23C57B,Hòa Cường Bắc,Hoa Cuong Bac
VN-15,Đà Nẵng,Da Nang,VNAP25-B9730140A3,VNAP25-10DB23C57B,Hòa Cường Nam,Hoa Cuong Nam
VN-15,Đà Nẵng,Da Nang,VNAP25-6835BFAD8F,VNAP25-10DB23C57B,Hòa Thuận Tây,Hoa Thuan Tay
VN-15,Đà Nẵng,Da Nang,VNAP25-392B1A3839,VNAP25-10DB23C57B,Phước Ninh,Phuoc Ninh
VN-15,Đà Nẵng,Da Nang,VNAP25-1C24BD1B39,VNAP25-10DB23C57B,Thạch Thang,Thach Thang
VN-15,Đà Nẵng,Da Nang,VNAP25-434246E795,VNAP25-10DB23C57B,Thanh Bình,Thanh Binh
VN-15,Đà Nẵng,Da Nang,VNAP25-4C3D0F62C3,VNAP25-10DB23C57B,Thuận Phước,Thuan Phuoc
VN-15,Đà Nẵng,Da Nang,VNAP25-79AD693CCF,,Hòa Vang,Hoa Vang
VN-15,Đà Nẵng,Da Nang,VNAP25-947F14128A,VNAP25-79AD693CCF,Hòa Bắc,Hoa Bac
VN-15,Đà Nẵng,Da Nang,VNAP25-3359593179,VNAP25-79AD693CCF,Hòa Châu,Hoa Chau
VN-15,Đà Nẵng,Da Nang,VNAP25-87470BE316,VNAP25-79AD693CCF,Hòa Khương,Hoa Khuong
VN-15,Đà Nẵng,Da Nang,VNAP25-8B193518C5,VNAP25-79AD693CCF,Hòa Liên,Hoa Lien
VN-15,Đà Nẵng,Da Nang,VNAP25-F6B8CBB734,VNAP25-79AD693CCF,Hòa Nhơn,Hoa Nhon
VN-15,Đà Nẵng,Da Nang,VNAP25-B8B447A5B2,VNAP25-79AD693CCF,Hòa Ninh,Hoa Ninh
VN-15,Đà Nẵng,Da Nang,VNAP25-67F22BB634,VNAP25-79AD693CCF,Hòa Phong,Hoa Phong
VN-15,Đà Nẵng,Da Nang,VNAP25-2FFF99098F,VNAP25-79AD693CCF,Hòa Phú,Hoa Phu
VN-15,Đà Nẵng,Da Nang,VNAP25-121EDB1E1A,VNAP25-79AD693CCF,Hòa Phước,Hoa Phuoc
VN-15,Đà Nẵng,Da Nang,VNAP25-0B8FBF8180,VNAP25-79AD693CCF,Hòa Sơn,Hoa Son
VN-15,Đà Nẵng,Da Nang,VNAP25-2C1590582C,VNAP25-79AD693CCF,Hòa Tiến,Hoa Tien
VN-15,Đà Nẵng,Da Nang,VNAP25-651D3A8B5A,,Hoàng Sa,Hoang Sa
VN-15,Đà Nẵng,Da Nang,VNAP25-76CBC6DDB5,,Liên Chiểu,Lien Chieu
VN-15,Đà Nẵng,Da Nang,VNAP25-46B553EFC0,VNAP25-76CBC6DDB5,Hòa Hiệp Bắc,Hoa Hiep Bac
VN-15,Đà Nẵng,Da Nang,VNAP25-058FFC0D69,VNAP25-76CBC6DDB5,Hòa Hiệp Nam,Hoa Hiep Nam
VN-15,Đà Nẵng,Da Nang,VNAP25-F93321DEDB,VNAP25-76CBC6DDB5,Hòa Khánh Bắc,Hoa Khanh Bac
VN-15,Đà Nẵng,Da Nang,VNAP25-BD950C166D,VNAP25-76CBC6DDB5,Hòa Khánh Nam,Hoa Khanh Nam
VN-15,Đà Nẵng,Da Nang,VNAP25-2E11BDFA3F,VNAP25-76CBC6DDB5,Hòa Minh,Hoa Minh
VN-15,Đà Nẵng,Da Nang,VNAP25-BC4F3A184D,,Ngũ Hành Sơn,Ngu Hanh Son
VN-15,Đà Nẵng,Da Nang,VNAP25-8A6B203E32,VNAP25-BC4F3A184D,Hòa Hải,Hoa Hai
VN-15,Đà Nẵng,Da Nang,VNAP25-930B848C1A,VNAP25-BC4F3A184D,Hòa Quý,Hoa Quy
VN-15,Đà Nẵng,Da Nang,VNAP25-4CF165523F,VNAP25-BC4F3A184D,Khuê Mỹ,Khue My
VN-15,Đà Nẵng,Da Nang,VNAP25-4B7CCD6C31,VNAP25-BC4F3A184D,Mỹ An,My An
VN-15,Đà Nẵng,Da Nang,VNAP25-2FD7DA3F40,,Sơn Trà,Son Tra
VN-15,Đà Nẵng,Da Nang,VNAP25-E449BFDD29,VNAP25-2FD7DA3F40,An Hải Bắc,An Hai Bac
VN-15,Đà Nẵng,Da Nang,VNAP25-56B89E96F3,VNAP25-2FD7DA3F40,An Hải Nam,An Hai Nam
VN-15,Đà Nẵng,Da Nang,VNAP25-96C709323C,VNAP25-2FD7DA3F40,Mân Thái,Man Thai
VN-15,Đà Nẵng,Da Nang,VNAP25-10298C748E,VNAP25-2FD7DA3F40,Nại Hiên Đông,Nai Hien Dong
VN-15,Đà Nẵng,Da Nang,VNAP25-FD66A83021,VNAP25-2FD7DA3F40,Phước Mỹ,Phuoc My
VN-15,Đà Nẵng,Da Nang,VNAP25-ED728834E2,VNAP25-2FD7DA3F40,Thọ Quang,Tho Quang
VN-15,Đà Nẵng,Da Nang,VNAP25-52DDACD404,,Thanh Khê,Thanh Khe
VN-15,Đà Nẵng,Da Nang,VNAP25-EDDEC7A961,VNAP25-52DDACD404,An Khê,An Khe
VN-15,Đà Nẵng,Da Nang,VNAP25-C1628E0263,VNAP25-52DDACD404,Chính Gián,Chinh Gian
VN-15,Đà Nẵng,Da Nang,VNAP25-3149BA9279,VNAP25-52DDACD404,Thạc Gián,Thac Gian
VN-15,Đà Nẵng,Da Nang,VNAP25-5AC5CB7797,VNAP25-52DDACD404,Thanh Khê Đông,Thanh Khe Dong
VN-15,Đà Nẵng,Da Nang,VNAP25-40AF4F5472,VNAP25-52DDACD404,Thanh Khê Tây,Thanh Khe Tay
VN-15,Đà Nẵng,Da Nang,VNAP25-9C63A6099C,VNAP25-52DDACD404,Xuân Hà,Xuan Ha
VN-16,Đắk Lắk,Dak Lak,VNAP25-F724CE2772,,Buôn Đôn,Buon Don
VN-16,Đắk Lắk,Dak Lak,VNAP25-264393F949,VNAP25-F724CE2772,Cuôr Knia,Cuor Knia
VN-16,Đắk Lắk,Dak Lak,VNAP25-3A1949A27C,VNAP25-F724CE2772,Ea Bar,Ea Bar
VN-16,Đắk Lắk,Dak Lak,VNAP25-FBCC88791C,VNAP25-F724CE2772,Ea Huar,Ea Huar
VN-16,Đắk Lắk,Dak Lak,VNAP25-2701F5745C,VNAP25-F724CE2772,Ea Nuôl,Ea Nuol
VN-16,Đắk Lắk,Dak Lak,VNAP25-0353385FED,VNAP25-F724CE2772,Ea Wer,Ea Wer
VN-16,Đắk Lắk,Dak Lak,VNAP25-1CB5B2F7CC,VNAP25-F724CE2772,Krông Na,Krong Na
VN-16,Đắk Lắk,Dak Lak,VNAP25-F5C5B5106C,VNAP25-F724CE2772,Tân Hòa,Tan Hoa
VN-16,Đắk Lắk,Dak Lak,VNAP25-97AC8ED640,,Buôn Hồ,Buon Ho
VN-16,Đắk Lắk,Dak Lak,VNAP25-F64455F21C,VNAP25-97AC8ED640,An Bình,An Binh
VN-16,Đắk Lắk,Dak Lak,VNAP25-66492351E1,VNAP25-97AC8ED640,An Lạc,An Lac
VN-16,Đắk Lắk,Dak Lak,VNAP25-0722D863FB,VNAP25-97AC8ED640,Bình Tân,Binh Tan
VN-16,Đắk Lắk,Dak Lak,VNAP25-104F557B04,VNAP25-97AC8ED640,Bình Thuận,Binh Thuan
VN-16,Đắk Lắk,Dak Lak,VNAP25-B19C74CA75,VNAP25-97AC8ED640,Cư Bao,Cu Bao
VN-16,Đắk Lắk,Dak Lak,VNAP25-E5ABD75008,VNAP25-97AC8ED640,Đạt Hiếu,Dat Hieu
VN-16,Đắk Lắk,Dak Lak,VNAP25-7488DE16DF,VNAP25-97AC8ED640,Đoàn Kết,Doan Ket
VN-16,Đắk Lắk,Dak Lak,VNAP25-210450E93C,VNAP25-97AC8ED640,Ea Drông,Ea Drong
VN-16,Đắk Lắk,Dak Lak,VNAP25-BE8AA24E69,VNAP25-97AC8ED640,Ea Siên,Ea Sien
VN-16,Đắk Lắk,Dak Lak,VNAP25-A3DD67F17B,VNAP25-97AC8ED640,Thiện An,Thien An
VN-16,Đắk Lắk,Dak Lak,VNAP25-4C1B05BB07,VNAP25-97AC8ED640,Thống Nhất,Thong Nhat
VN-16,Đắk Lắk,Dak Lak,VNAP25-D5E0E817FD,,Buôn Ma Thuột,Buon Ma Thuot
VN-16,Đắk Lắk,Dak Lak,VNAP25-B9A4E422C5,VNAP25-D5E0E817FD,Cư ÊBur,Cu EBur
VN-16,Đắk Lắk,Dak Lak,VNAP25-03CE28E274,VNAP25-D5E0E817FD,Ea Kao,Ea Kao
VN-16,Đắk Lắk,Dak Lak,VNAP25-D6B8DC11A9,VNAP25-D5E0E817FD,Ea Tam,Ea Tam
VN-16,Đắk Lắk,Dak Lak,VNAP25-88727FECBF,VNAP25-D5E0E817FD,Ea Tu,Ea Tu
VN-16,Đắk Lắk,Dak Lak,VNAP25-3087D8FAE2,VNAP25-D5E0E817FD,Hòa Khánh,Hoa Khanh
VN-16,Đắk Lắk,Dak Lak,VNAP25-8CFB33C15F,VNAP25-D5E0E817FD,Hòa Phú,Hoa Phu
VN-16,Đắk Lắk,Dak Lak,VNAP25-10DCA2FD95,VNAP25-D5E0E817FD,Hòa Thắng,Hoa Thang
VN-16,Đắk Lắk,Dak Lak,VNAP25-CF94C82730,VNAP25-D5E0E817FD,Hòa Thuận,Hoa Thuan
VN-16,Đắk Lắk,Dak Lak,VNAP25-708EB972BB,VNAP25-D5E0E817FD,Hòa Xuân,Hoa Xuan
VN-16,Đắk Lắk,Dak Lak,VNAP25-C6E93AA670,VNAP25-D5E0E817FD,Khánh Xuân,Khanh Xuan
VN-16,Đắk Lắk,Dak Lak,VNAP25-78D0FB5A82,VNAP25-D5E0E817FD,Tân An,Tan An
VN-16,Đắk Lắk,Dak Lak,VNAP25-D712DF853C,VNAP25-D5E0E817FD,Tân Hòa,Tan Hoa
VN-16,Đắk Lắk,Dak Lak,VNAP25-7916AA9CCD,VNAP25-D5E0E817FD,Tân Lập,Tan Lap
VN-16,Đắk Lắk,Dak Lak,VNAP25-2BE453A8CC,VNAP25-D5E0E817FD,Tân Lợi,Tan Loi
VN-16,Đắk Lắk,Dak Lak,VNAP25-C87A81E9CE,VNAP25-D5E0E817FD,Tân Thành,Tan Thanh
VN-16,Đắk Lắk,Dak Lak,VNAP25-8206B3DB2E,VNAP25-D5E0E817FD,Tân Tiến,Tan Tien
VN-16,Đắk Lắk,Dak Lak,VNAP25-CFE7624492,VNAP25-D5E0E817FD,Thành Công,Thanh Cong
VN-16,Đắk Lắk,Dak Lak,VNAP25-AFEF89B3E3,VNAP25-D5E0E817FD,Thành Nhất,Thanh Nhat
VN-16,Đắk Lắk,Dak Lak,VNAP25-5DE57DACCE,VNAP25-D5E0E817FD,Tự An,Tu An
VN-16,Đắk Lắk,Dak Lak,VNAP25-EBB821D07B,,Cư Kuin,Cu Kuin
VN-16,Đắk Lắk,Dak Lak,VNAP25-D70D2C4A3D,VNAP25-EBB821D07B,Cư Ê Wi,Cu E Wi
VN-16,Đắk Lắk,Dak Lak,VNAP25-F215A3D0D6,VNAP25-EBB821D07B,Dray Bhăng,Dray Bhang
VN-16,Đắk Lắk,Dak Lak,VNAP25-820F72A938,VNAP25-EBB821D07B,Ea Bhốk,Ea Bhok
VN-16,Đắk Lắk,Dak Lak,VNAP25-4D3D2DA088,VNAP25-EBB821D07B,Ea Hu,Ea Hu
VN-16,Đắk Lắk,Dak Lak,VNAP25-B0F0AD7EB5,VNAP25-EBB821D07B,Ea KTur,Ea KTur
VN-16,Đắk Lắk,Dak Lak,VNAP25-83C5A41674,VNAP25-EBB821D07B,Ea Ning,Ea Ning
VN-16,Đắk Lắk,Dak Lak,VNAP25-963A9935DE,VNAP25-EBB821D07B,Ea Tiêu,Ea Tieu
VN-16,Đắk Lắk,Dak Lak,VNAP25-6353AD5C56,VNAP25-EBB821D07B,Hòa Hiệp,Hoa Hiep
VN-16,Đắk Lắk,Dak Lak,VNAP25-0A50B98021,,Cư M'gar,Cu M'gar
VN-16,Đắk Lắk,Dak Lak,VNAP25-30D6354CCE,VNAP25-0A50B98021,Cư Dliê M'nông,Cu Dlie M'nong
VN-16,Đắk Lắk,Dak Lak,VNAP25-CC4E16CD2D,VNAP25-0A50B98021,Cư M'Gar,Cu M'Gar
VN-16,Đắk Lắk,Dak Lak,VNAP25-E0E00903C2,VNAP25-0A50B98021,Cư Suê,Cu Sue
VN-16,Đắk Lắk,Dak Lak,VNAP25-1879C14799,VNAP25-0A50B98021,Cuor Đăng,Cuor Dang
VN-16,Đắk Lắk,Dak Lak,VNAP25-F9D79E85C3,VNAP25-0A50B98021,Ea D'Rơng,Ea D'Rong
VN-16,Đắk Lắk,Dak Lak,VNAP25-9006F56A3A,VNAP25-0A50B98021,Ea H'đinh,Ea H'dinh
VN-16,Đắk Lắk,Dak Lak,VNAP25-23160A481D,VNAP25-0A50B98021,Ea Kiết,Ea Kiet
VN-16,Đắk Lắk,Dak Lak,VNAP25-8E9B30B23E,VNAP25-0A50B98021,Ea Kpam,Ea Kpam
VN-16,Đắk Lắk,Dak Lak,VNAP25-6C99198C6B,VNAP25-0A50B98021,Ea Kuêh,Ea Kueh
VN-16,Đắk Lắk,Dak Lak,VNAP25-4CA3ACD976,VNAP25-0A50B98021,Ea M'Dróh,Ea M'Droh
VN-16,Đắk Lắk,Dak Lak,VNAP25-6108BBCD70,VNAP25-0A50B98021,Ea M'Nang,Ea M'Nang
VN-16,Đắk Lắk,Dak Lak,VNAP25-8F71C907A2,VNAP25-0A50B98021,Ea Pốk,Ea Pok
VN-16,Đắk Lắk,Dak Lak,VNAP25-2934D50B72,VNAP25-0A50B98021,Ea Tar,Ea Tar
VN-16,Đắk Lắk,Dak Lak,VNAP25-C7CDA62586,VNAP25-0A50B98021,Ea Tul,Ea Tul
VN-16,Đắk Lắk,Dak Lak,VNAP25-3B75AB8B71,VNAP25-0A50B98021,Quảng Hiệp,Quang Hiep
VN-16,Đắk Lắk,Dak Lak,VNAP25-C500E402A6,VNAP25-0A50B98021,Quảng Phú,Quang Phu
VN-16,Đắk Lắk,Dak Lak,VNAP25-2548982375,VNAP25-0A50B98021,Quảng Tiến,Quang Tien
VN-16,Đắk Lắk,Dak Lak,VNAP25-2E741C1C20,,Ea H'Leo,Ea H'Leo
VN-16,Đắk Lắk,Dak Lak,VNAP25-894A85FFDB,VNAP25-2E741C1C20,Cư A Mung,Cu A Mung
VN-16,Đắk Lắk,Dak Lak,VNAP25-FC002525D3,VNAP25-2E741C1C20,Cư Mốt,Cu Mot
VN-16,Đắk Lắk,Dak Lak,VNAP25-AC8A34369B,VNAP25-2E741C1C20,DLiê Yang,DLie Yang
VN-16,Đắk Lắk,Dak Lak,VNAP25-B027E0C712,VNAP25-2E741C1C20,Ea Drăng,Ea Drang
VN-16,Đắk Lắk,Dak Lak,VNAP25-9F3A3AAAA6,VNAP25-2E741C1C20,Ea H'Leo,Ea H'Leo
VN-16,Đắk Lắk,Dak Lak,VNAP25-3EA5A37153,VNAP25-2E741C1C20,Ea Hiao,Ea Hiao
VN-16,Đắk Lắk,Dak Lak,VNAP25-1F150746A5,VNAP25-2E741C1C20,Ea Khal,Ea Khal
VN-16,Đắk Lắk,Dak Lak,VNAP25-ED06336FEF,VNAP25-2E741C1C20,Ea Nam,Ea Nam
VN-16,Đắk Lắk,Dak Lak,VNAP25-026FF34704,VNAP25-2E741C1C20,Ea Ral,Ea Ral
VN-16,Đắk Lắk,Dak Lak,VNAP25-2FE2FA7D0C,VNAP25-2E741C1C20,Ea Sol,Ea Sol
VN-16,Đắk Lắk,Dak Lak,VNAP25-59694DF37A,VNAP25-2E741C1C20,Ea Tir,Ea Tir
VN-16,Đắk Lắk,Dak Lak,VNAP25-EBD7D35B4A,VNAP25-2E741C1C20,Ea Wy,Ea Wy
VN-16,Đắk Lắk,Dak Lak,VNAP25-A45A6AE677,,Ea Kar,Ea Kar
VN-16,Đắk Lắk,Dak Lak,VNAP25-946CDD8FD3,VNAP25-A45A6AE677,Cư Bông,Cu Bong
VN-16,Đắk Lắk,Dak Lak,VNAP25-7618175A70,VNAP25-A45A6AE677,Cư Elang,Cu Elang
VN-16,Đắk Lắk,Dak Lak,VNAP25-7AA6FB2EF3,VNAP25-A45A6AE677,Cư Huê,Cu Hue
VN-16,Đắk Lắk,Dak Lak,VNAP25-E7DB58420D,VNAP25-A45A6AE677,Cư Jang,Cu Jang
VN-16,Đắk Lắk,Dak Lak,VNAP25-26B0769A71,VNAP25-A45A6AE677,Cư Ni,Cu Ni
VN-16,Đắk Lắk,Dak Lak,VNAP25-3FF0CFCFF9,VNAP25-A45A6AE677,Cư Prông,Cu Prong
VN-16,Đắk Lắk,Dak Lak,VNAP25-91F2C60034,VNAP25-A45A6AE677,Ea Đar,Ea Dar
VN-16,Đắk Lắk,Dak Lak,VNAP25-1DCF259AB3,VNAP25-A45A6AE677,Ea Kar,Ea Kar
VN-16,Đắk Lắk,Dak Lak,VNAP25-7B518629F0,VNAP25-A45A6AE677,Ea KMút,Ea KMut
VN-16,Đắk Lắk,Dak Lak,VNAP25-4F8EE59B4F,VNAP25-A45A6AE677,Ea Knốp,Ea Knop
VN-16,Đắk Lắk,Dak Lak,VNAP25-61C4298571,VNAP25-A45A6AE677,Ea Ô,Ea O
VN-16,Đắk Lắk,Dak Lak,VNAP25-2A9D5DEF6E,VNAP25-A45A6AE677,Ea Păl,Ea Pal
VN-16,Đắk Lắk,Dak Lak,VNAP25-AC064E2F4C,VNAP25-A45A6AE677,Ea Sar,Ea Sar
VN-16,Đắk Lắk,Dak Lak,VNAP25-369D861AA9,VNAP25-A45A6AE677,Ea Sô,Ea So
VN-16,Đắk Lắk,Dak Lak,VNAP25-E63D90CE12,VNAP25-A45A6AE677,Ea Tih,Ea Tih
VN-16,Đắk Lắk,Dak Lak,VNAP25-9FE811D050,VNAP25-A45A6AE677,Xuân Phú,Xuan Phu
VN-16,Đắk Lắk,Dak Lak,VNAP25-AA5EAEB36B,,Ea Súp,Ea Sup
VN-16,Đắk Lắk,Dak Lak,VNAP25-3699282C0D,VNAP25-AA5EAEB36B,Cư KBang,Cu KBang
VN-16,Đắk Lắk,Dak Lak,VNAP25-74E6615768,VNAP25-AA5EAEB36B,Cư M'Lan,Cu M'Lan
VN-16,Đắk Lắk,Dak Lak,VNAP25-7C03BF35CB,VNAP25-AA5EAEB36B,Ea Bung,Ea Bung
VN-16,Đắk Lắk,Dak Lak,VNAP25-32C9F2575B,VNAP25-AA5EAEB36B,Ea Lê,Ea Le
VN-16,Đắk Lắk,Dak Lak,VNAP25-E8B44F9560,VNAP25-AA5EAEB36B,Ea Rốk,Ea Rok
VN-16,Đắk Lắk,Dak Lak,VNAP25-1316FEBBF5,VNAP25-AA5EAEB36B,Ea Súp,Ea Sup
VN-16,Đắk Lắk,Dak Lak,VNAP25-C389B9F1A1,VNAP25-AA5EAEB36B,Ia Jlơi,Ia Jloi
VN-16,Đắk Lắk,Dak Lak,VNAP25-7DC1424FDB,VNAP25-AA5EAEB36B,Ia Lốp,Ia Lop
VN-16,Đắk Lắk,Dak Lak,VNAP25-BFEC343177,VNAP25-AA5EAEB36B,Ia Rvê,Ia Rve
VN-16,Đắk Lắk,Dak Lak,VNAP25-7DAEFD7ACB,VNAP25-AA5EAEB36B,Ya Tờ Mốt,Ya To Mot
VN-16,Đắk Lắk,Dak Lak,VNAP25-ABC22BD6DB,,Krông A Na,Krong A Na
VN-16,Đắk Lắk,Dak Lak,VNAP25-707457D424,VNAP25-ABC22BD6DB,Băng A Drênh,Bang A Drenh
VN-16,Đắk Lắk,Dak Lak,VNAP25-658035BE2B,VNAP25-ABC22BD6DB,Bình Hòa,Binh Hoa
VN-16,Đắk Lắk,Dak Lak,VNAP25-D782CA6440,VNAP25-ABC22BD6DB,Buôn Trấp,Buon Trap
VN-16,Đắk Lắk,Dak Lak,VNAP25-15CAEDEC0B,VNAP25-ABC22BD6DB,Dray Sáp,Dray Sap
VN-16,Đắk Lắk,Dak Lak,VNAP25-296EC0CD4A,VNAP25-ABC22BD6DB,Dur Kmăl,Dur Kmal
VN-16,Đắk Lắk,Dak Lak,VNAP25-19ECCFE02B,VNAP25-ABC22BD6DB,Ea Bông,Ea Bong
VN-16,Đắk Lắk,Dak Lak,VNAP25-945BCB4E2D,VNAP25-ABC22BD6DB,Ea Na,Ea Na
VN-16,Đắk Lắk,Dak Lak,VNAP25-8EE9C124F3,VNAP25-ABC22BD6DB,Quảng Điền,Quang Dien
VN-16,Đắk Lắk,Dak Lak,VNAP25-52C3FE974F,,Krông Bông,Krong Bong
VN-16,Đắk Lắk,Dak Lak,VNAP25-3A1A94BB33,VNAP25-52C3FE974F,Cư Drăm,Cu Dram
VN-16,Đắk Lắk,Dak Lak,VNAP25-5431404F5A,VNAP25-52C3FE974F,Cư Kty,Cu Kty
VN-16,Đắk Lắk,Dak Lak,VNAP25-AE1B27624E,VNAP25-52C3FE974F,Cư Pui,Cu Pui
VN-16,Đắk Lắk,Dak Lak,VNAP25-3B6146D430,VNAP25-52C3FE974F,Dang Kang,Dang Kang
VN-16,Đắk Lắk,Dak Lak,VNAP25-274D047346,VNAP25-52C3FE974F,Ea Trul,Ea Trul
VN-16,Đắk Lắk,Dak Lak,VNAP25-97A58DD7D2,VNAP25-52C3FE974F,Hòa Lễ,Hoa Le
VN-16,Đắk Lắk,Dak Lak,VNAP25-39381BC228,VNAP25-52C3FE974F,Hòa Phong,Hoa Phong
VN-16,Đắk Lắk,Dak Lak,VNAP25-652AFF264B,VNAP25-52C3FE974F,Hòa Sơn,Hoa Son
VN-16,Đắk Lắk,Dak Lak,VNAP25-DDF25CFE9E,VNAP25-52C3FE974F,Hòa Thành,Hoa Thanh
VN-16,Đắk Lắk,Dak Lak,VNAP25-3CF0C7C0FC,VNAP25-52C3FE974F,Khuê Ngọc Điền,Khue Ngoc Dien
VN-16,Đắk Lắk,Dak Lak,VNAP25-767CB00A34,VNAP25-52C3FE974F,Krông Kmar,Krong Kmar
VN-16,Đắk Lắk,Dak Lak,VNAP25-BAF8F64989,VNAP25-52C3FE974F,Yang Mao,Yang Mao
VN-16,Đắk Lắk,Dak Lak,VNAP25-AF74402AE9,VNAP25-52C3FE974F,Yang Reh,Yang Reh
VN-16,Đắk Lắk,Dak Lak,VNAP25-70D784F9B2,,Krông Búk,Krong Buk
VN-16,Đắk Lắk,Dak Lak,VNAP25-2D1A0AEECC,VNAP25-70D784F9B2,Chư Kbô,Chu Kbo
VN-16,Đắk Lắk,Dak Lak,VNAP25-332049B505,VNAP25-70D784F9B2,Cư Né,Cu Ne
VN-16,Đắk Lắk,Dak Lak,VNAP25-F762DF82AD,VNAP25-70D784F9B2,Cư Pơng,Cu Pong
VN-16,Đắk Lắk,Dak Lak,VNAP25-1F7DE896CD,VNAP25-70D784F9B2,Ea Ngai,Ea Ngai
VN-16,Đắk Lắk,Dak Lak,VNAP25-CC95B8964A,VNAP25-70D784F9B2,Ea Sin,Ea Sin
VN-16,Đắk Lắk,Dak Lak,VNAP25-E63DFB1467,VNAP25-70D784F9B2,Pơng Drang,Pong Drang
VN-16,Đắk Lắk,Dak Lak,VNAP25-F5294BE588,VNAP25-70D784F9B2,Tân Lập,Tan Lap
VN-16,Đắk Lắk,Dak Lak,VNAP25-C82A6F7B97,,Krông Năng,Krong Nang
VN-16,Đắk Lắk,Dak Lak,VNAP25-F6525596A1,VNAP25-C82A6F7B97,Cư Klông,Cu Klong
VN-16,Đắk Lắk,Dak Lak,VNAP25-6ACD04E65A,VNAP25-C82A6F7B97,Đliê Ya,Dlie Ya
VN-16,Đắk Lắk,Dak Lak,VNAP25-6B4F206672,VNAP25-C82A6F7B97,Ea Dăh,Ea Dah
VN-16,Đắk Lắk,Dak Lak,VNAP25-4EB0FFB868,VNAP25-C82A6F7B97,Ea Hồ,Ea Ho
VN-16,Đắk Lắk,Dak Lak,VNAP25-2B34771DEE,VNAP25-C82A6F7B97,Ea Puk,Ea Puk
VN-16,Đắk Lắk,Dak Lak,VNAP25-214A905029,VNAP25-C82A6F7B97,Ea Tam,Ea Tam
VN-16,Đắk Lắk,Dak Lak,VNAP25-1D34EE7CA4,VNAP25-C82A6F7B97,Ea Tân,Ea Tan
VN-16,Đắk Lắk,Dak Lak,VNAP25-6A8B52E0D4,VNAP25-C82A6F7B97,Ea Tóh,Ea Toh
VN-16,Đắk Lắk,Dak Lak,VNAP25-F0C41566D4,VNAP25-C82A6F7B97,Krông Năng,Krong Nang
VN-16,Đắk Lắk,Dak Lak,VNAP25-F6FF66999B,VNAP25-C82A6F7B97,Phú Lộc,Phu Loc
VN-16,Đắk Lắk,Dak Lak,VNAP25-FC5FAA1A5B,VNAP25-C82A6F7B97,Phú Xuân,Phu Xuan
VN-16,Đắk Lắk,Dak Lak,VNAP25-93C210BC1B,VNAP25-C82A6F7B97,Tam Giang,Tam Giang
VN-16,Đắk Lắk,Dak Lak,VNAP25-90BFF337C4,,Krông Pắc,Krong Pac
VN-16,Đắk Lắk,Dak Lak,VNAP25-47012D8DD2,VNAP25-90BFF337C4,Ea Hiu,Ea Hiu
VN-16,Đắk Lắk,Dak Lak,VNAP25-C197386A79,VNAP25-90BFF337C4,Ea Kênh,Ea Kenh
VN-16,Đắk Lắk,Dak Lak,VNAP25-29C3BA3F13,VNAP25-90BFF337C4,Ea Kly,Ea Kly
VN-16,Đắk Lắk,Dak Lak,VNAP25-5ECAC38DAB,VNAP25-90BFF337C4,Ea KNuec,Ea KNuec
VN-16,Đắk Lắk,Dak Lak,VNAP25-04F796880F,VNAP25-90BFF337C4,Ea Kuăng,Ea Kuang
VN-16,Đắk Lắk,Dak Lak,VNAP25-A654958615,VNAP25-90BFF337C4,Ea Phê,Ea Phe
VN-16,Đắk Lắk,Dak Lak,VNAP25-83F4D9EA55,VNAP25-90BFF337C4,Ea Uy,Ea Uy
VN-16,Đắk Lắk,Dak Lak,VNAP25-7858875979,VNAP25-90BFF337C4,Ea Yiêng,Ea Yieng
VN-16,Đắk Lắk,Dak Lak,VNAP25-B4E9F59DE9,VNAP25-90BFF337C4,Ea Yông,Ea Yong
VN-16,Đắk Lắk,Dak Lak,VNAP25-8F68D965C4,VNAP25-90BFF337C4,Hòa An,Hoa An
VN-16,Đắk Lắk,Dak Lak,VNAP25-94499015DC,VNAP25-90BFF337C4,Hòa Đông,Hoa Dong
VN-16,Đắk Lắk,Dak Lak,VNAP25-1950F50B9F,VNAP25-90BFF337C4,Hòa Tiến,Hoa Tien
VN-16,Đắk Lắk,Dak Lak,VNAP25-E1432816DE,VNAP25-90BFF337C4,Krông Búk,Krong Buk
VN-16,Đắk Lắk,Dak Lak,VNAP25-29A9F0A6EF,VNAP25-90BFF337C4,Phước An,Phuoc An
VN-16,Đắk Lắk,Dak Lak,VNAP25-0D30C55199,VNAP25-90BFF337C4,Tân Tiến,Tan Tien
VN-16,Đắk Lắk,Dak Lak,VNAP25-7C3A56A94A,VNAP25-90BFF337C4,Vụ Bổn,Vu Bon
VN-16,Đắk Lắk,Dak Lak,VNAP25-6200567B6A,,Lắk,Lak
VN-16,Đắk Lắk,Dak Lak,VNAP25-76ADB3E7F6,VNAP25-6200567B6A,Bông Krang,Bong Krang
VN-16,Đắk Lắk,Dak Lak,VNAP25-C2AA273F1B,VNAP25-6200567B6A,Buôn Tría,Buon Tria
VN-16,Đắk Lắk,Dak Lak,VNAP25-9BD2540673,VNAP25-6200567B6A,Buôn Triết,Buon Triet
VN-16,Đắk Lắk,Dak Lak,VNAP25-C982DCBE74,VNAP25-6200567B6A,Đắk Liêng,Dak Lieng
VN-16,Đắk Lắk,Dak Lak,VNAP25-4AEE3B691E,VNAP25-6200567B6A,Đắk Nuê,Dak Nue
VN-16,Đắk Lắk,Dak Lak,VNAP25-9039A9953E,VNAP25-6200567B6A,Đắk Phơi,Dak Phoi
VN-16,Đắk Lắk,Dak Lak,VNAP25-9025F07C65,VNAP25-6200567B6A,Ea R'Bin,Ea R'Bin
VN-16,Đắk Lắk,Dak Lak,VNAP25-25BB180043,VNAP25-6200567B6A,Krông Nô,Krong No
VN-16,Đắk Lắk,Dak Lak,VNAP25-0E724AF46C,VNAP25-6200567B6A,Liên Sơn,Lien Son
VN-16,Đắk Lắk,Dak Lak,VNAP25-56582DDBCF,VNAP25-6200567B6A,Nam Ka,Nam Ka
VN-16,Đắk Lắk,Dak Lak,VNAP25-E8F2CA9682,VNAP25-6200567B6A,Yang Tao,Yang Tao
VN-16,Đắk Lắk,Dak Lak,VNAP25-24192E9945,,M'Đrắk,M'Drak
VN-16,Đắk Lắk,Dak Lak,VNAP25-4396FE473A,VNAP25-24192E9945,Cư K Róa,Cu K Roa
VN-16,Đắk Lắk,Dak Lak,VNAP25-260874517B,VNAP25-24192E9945,Cư M'Ta,Cu M'Ta
VN-16,Đắk Lắk,Dak Lak,VNAP25-36D76F42E2,VNAP25-24192E9945,Cư Prao,Cu Prao
VN-16,Đắk Lắk,Dak Lak,VNAP25-A3FA7B5804,VNAP25-24192E9945,Cư San,Cu San
VN-16,Đắk Lắk,Dak Lak,VNAP25-DE8A56CF30,VNAP25-24192E9945,Ea H'Mlay,Ea H'Mlay
VN-16,Đắk Lắk,Dak Lak,VNAP25-023CB4CA0C,VNAP25-24192E9945,Ea Lai,Ea Lai
VN-16,Đắk Lắk,Dak Lak,VNAP25-1BB71E01A6,VNAP25-24192E9945,Ea M'Doal,Ea M'Doal
VN-16,Đắk Lắk,Dak Lak,VNAP25-93AEB0D024,VNAP25-24192E9945,Ea Pil,Ea Pil
VN-16,Đắk Lắk,Dak Lak,VNAP25-B81F3DC8A2,VNAP25-24192E9945,Ea Riêng,Ea Rieng
VN-16,Đắk Lắk,Dak Lak,VNAP25-15CEF8704F,VNAP25-24192E9945,Ea Trang,Ea Trang
VN-16,Đắk Lắk,Dak Lak,VNAP25-59ABA9E39A,VNAP25-24192E9945,Krông Á,Krong A
VN-16,Đắk Lắk,Dak Lak,VNAP25-372493B260,VNAP25-24192E9945,Krông Jing,Krong Jing
VN-16,Đắk Lắk,Dak Lak,VNAP25-8FA9D73FA0,VNAP25-24192E9945,M'Đrắk,M'Drak
VN-17,Đắk Nông,Dak Nong,VNAP25-F3D6DFE2EC,,Cư Jút,Cu Jut
VN-17,Đắk Nông,Dak Nong,VNAP25-7D6D0333F6,VNAP25-F3D6DFE2EC,Cư Knia,Cu Knia
VN-17,Đắk Nông,Dak Nong,VNAP25-DAB7501BC4,VNAP25-F3D6DFE2EC,Đắk Drông,Dak Drong
VN-17,Đắk Nông,Dak Nong,VNAP25-0109C04A21,VNAP25-F3D6DFE2EC,Đắk Wil,Dak Wil
VN-17,Đắk Nông,Dak Nong,VNAP25-E6419ED88A,VNAP25-F3D6DFE2EC,Ea Pô,Ea Po
VN-17,Đắk Nông,Dak Nong,VNAP25-194F98DFEE,VNAP25-F3D6DFE2EC,Ea T'Ling,Ea T'Ling
VN-17,Đắk Nông,Dak Nong,VNAP25-3C3C366622,VNAP25-F3D6DFE2EC,Nam Dong,Nam Dong
VN-17,Đắk Nông,Dak Nong,VNAP25-38395B6511,VNAP25-F3D6DFE2EC,Tâm Thắng,Tam Thang
VN-17,Đắk Nông,Dak Nong,VNAP25-1FFA3D2E98,VNAP25-F3D6DFE2EC,Trúc Sơn,Truc Son
VN-17,Đắk Nông,Dak Nong,VNAP25-51C487A958,,Đăk Glong,Dak Glong
VN-17,Đắk Nông,Dak Nong,VNAP25-D16D853057,VNAP25-51C487A958,Đắk Ha,Dak Ha
VN-17,Đắk Nông,Dak Nong,VNAP25-0AED1A7DC7,VNAP25-51C487A958,Đắk PLao,Dak PLao
VN-17,Đắk Nông,Dak Nong,VNAP25-6E9FC8C8EB,VNAP25-51C487A958,Đắk R'Măng,Dak R'Mang
VN-17,Đắk Nông,Dak Nong,VNAP25-A531F35BAE,VNAP25-51C487A958,Đắk Som,Dak Som
VN-17,Đắk Nông,Dak Nong,VNAP25-459FC8DEF4,VNAP25-51C487A958,Quảng Hòa,Quang Hoa
VN-17,Đắk Nông,Dak Nong,VNAP25-9BA5D00614,VNAP25-51C487A958,Quảng Khê,Quang Khe
VN-17,Đắk Nông,Dak Nong,VNAP25-663BB4717B,VNAP25-51C487A958,Quảng Sơn,Quang Son
VN-17,Đắk Nông,Dak Nong,VNAP25-FFBC2B9BB6,,Đắk Mil,Dak Mil
VN-17,Đắk Nông,Dak Nong,VNAP25-8423F2483F,VNAP25-FFBC2B9BB6,Đắk Gằn,Dak Gan
VN-17,Đắk Nông,Dak Nong,VNAP25-CFBD8F955B,VNAP25-FFBC2B9BB6,Đắk Lao,Dak Lao
VN-17,Đắk Nông,Dak Nong,VNAP25-36DF5C469C,VNAP25-FFBC2B9BB6,Đắk Mil,Dak Mil
VN-17,Đắk Nông,Dak Nong,VNAP25-883B75E406,VNAP25-FFBC2B9BB6,Đắk N'Drót,Dak N'Drot
VN-17,Đắk Nông,Dak Nong,VNAP25-95FAE2E894,VNAP25-FFBC2B9BB6,Đắk R'La,Dak R'La
VN-17,Đắk Nông,Dak Nong,VNAP25-DD6830D406,VNAP25-FFBC2B9BB6,Đắk Sắk,Dak Sak
VN-17,Đắk Nông,Dak Nong,VNAP25-760A090D49,VNAP25-FFBC2B9BB6,Đức Mạnh,Duc Manh
VN-17,Đắk Nông,Dak Nong,VNAP25-E6832D5DE0,VNAP25-FFBC2B9BB6,Đức Minh,Duc Minh
VN-17,Đắk Nông,Dak Nong,VNAP25-97DAF37F28,VNAP25-FFBC2B9BB6,Long Sơn,Long Son
VN-17,Đắk Nông,Dak Nong,VNAP25-464DEB43D3,VNAP25-FFBC2B9BB6,Thuận An,Thuan An
VN-17,Đắk Nông,Dak Nong,VNAP25-5E1F41DC8F,,Đắk R'Lấp,Dak R'Lap
VN-17,Đắk Nông,Dak Nong,VNAP25-07784EF4E4,VNAP25-5E1F41DC8F,Đắk Ru,Dak Ru
VN-17,Đắk Nông,Dak Nong,VNAP25-D36CC108B9,VNAP25-5E1F41DC8F,Đắk Sin,Dak Sin
VN-17,Đắk Nông,Dak Nong,VNAP25-AE3D1690CD,VNAP25-5E1F41DC8F,Đắk Wer,Dak Wer
VN-17,Đắk Nông,Dak Nong,VNAP25-DF6C875645,VNAP25-5E1F41DC8F,Đạo Nghĩa,Dao Nghia
VN-17,Đắk Nông,Dak Nong,VNAP25-D99EFB3197,VNAP25-5E1F41DC8F,Hưng Bình,Hung Binh
VN-17,Đắk Nông,Dak Nong,VNAP25-8ABC1E3F1D,VNAP25-5E1F41DC8F,Kiến Đức,Kien Duc
VN-17,Đắk Nông,Dak Nong,VNAP25-1DE67D0AA8,VNAP25-5E1F41DC8F,Kiến Thành,Kien Thanh
VN-17,Đắk Nông,Dak Nong,VNAP25-AFFBC77B94,VNAP25-5E1F41DC8F,Nghĩa Thắng,Nghia Thang
VN-17,Đắk Nông,Dak Nong,VNAP25-36D3CA9DFD,VNAP25-5E1F41DC8F,Nhân Cơ,Nhan Co
VN-17,Đắk Nông,Dak Nong,VNAP25-6C48BC8DBF,VNAP25-5E1F41DC8F,Nhân Đạo,Nhan Dao
VN-17,Đắk Nông,Dak Nong,VNAP25-9ACFBD2A90,VNAP25-5E1F41DC8F,Quảng Tín,Quang Tin
VN-17,Đắk Nông,Dak Nong,VNAP25-0C88745756,,Đắk Song,Dak Song
VN-17,Đắk Nông,Dak Nong,VNAP25-16B0C65515,VNAP25-0C88745756,Đắk Hòa,Dak Hoa
VN-17,Đắk Nông,Dak Nong,VNAP25-00EDD5866F,VNAP25-0C88745756,Đắk Môl,Dak Mol
VN-17,Đắk Nông,Dak Nong,VNAP25-DC4EA6D49B,VNAP25-0C88745756,Đắk N'Dung,Dak N'Dung
VN-17,Đắk Nông,Dak Nong,VNAP25-E4813FF5DA,VNAP25-0C88745756,Đức An,Duc An
VN-17,Đắk Nông,Dak Nong,VNAP25-15104E943F,VNAP25-0C88745756,Nam Bình,Nam Binh
VN-17,Đắk Nông,Dak Nong,VNAP25-70EC9F262A,VNAP25-0C88745756,Nâm N'Jang,Nam N'Jang
VN-17,Đắk Nông,Dak Nong,VNAP25-C6A4222D1E,VNAP25-0C88745756,Thuận Hà,Thuan Ha
VN-17,Đắk Nông,Dak Nong,VNAP25-31D12AF260,VNAP25-0C88745756,Thuận Hạnh,Thuan Hanh
VN-17,Đắk Nông,Dak Nong,VNAP25-3F40AC8F21,VNAP25-0C88745756,Trường Xuân,Truong Xuan
VN-17,Đắk Nông,Dak Nong,VNAP25-9B984BF12C,,Gia Nghĩa,Gia Nghia
VN-17,Đắk Nông,Dak Nong,VNAP25-4A88B29F23,VNAP25-9B984BF12C,Đắk Nia,Dak Nia
VN-17,Đắk Nông,Dak Nong,VNAP25-851B57E5B1,VNAP25-9B984BF12C,Đắk R'Moan,Dak R'Moan
VN-17,Đắk Nông,Dak Nong,VNAP25-3B5C185B8E,VNAP25-9B984BF12C,Nghĩa Đức,Nghia Duc
VN-17,Đắk Nông,Dak Nong,VNAP25-443DDAB305,VNAP25-9B984BF12C,Nghĩa Phú,Nghia Phu
VN-17,Đắk Nông,Dak Nong,VNAP25-6AE946E89E,VNAP25-9B984BF12C,Nghĩa Tân,Nghia Tan
VN-17,Đắk Nông,Dak Nong,VNAP25-5633F87417,VNAP25-9B984BF12C,Nghĩa Thành,Nghia Thanh
VN-17,Đắk Nông,Dak Nong,VNAP25-7864DB013E,VNAP25-9B984BF12C,Nghĩa Trung,Nghia Trung
VN-17,Đắk Nông,Dak Nong,VNAP25-3E728CEA2C,VNAP25-9B984BF12C,Quảng Thành,Quang Thanh
VN-17,Đắk Nông,Dak Nong,VNAP25-24FF305026,,Krông Nô,Krong No
VN-17,Đắk Nông,Dak Nong,VNAP25-F084B46D19,VNAP25-24FF305026,Buôn Choah,Buon Choah
VN-17,Đắk Nông,Dak Nong,VNAP25-5661AE069B,VNAP25-24FF305026,Đắk Drô,Dak Dro
VN-17,Đắk Nông,Dak Nong,VNAP25-1A1D22B663,VNAP25-24FF305026,Đắk Mâm,Dak Mam
VN-17,Đắk Nông,Dak Nong,VNAP25-652460FC3B,VNAP25-24FF305026,Đắk Nang,Dak Nang
VN-17,Đắk Nông,Dak Nong,VNAP25-BFDD413C27,VNAP25-24FF305026,Đắk Sôr,Dak Sor
VN-17,Đắk Nông,Dak Nong,VNAP25-0711ABB73A,VNAP25-24FF305026,Đức Xuyên,Duc Xuyen
VN-17,Đắk Nông,Dak Nong,VNAP25-54E3607F8C,VNAP25-24FF305026,Nam Đà,Nam Da
VN-17,Đắk Nông,Dak Nong,VNAP25-F4888D77D3,VNAP25-24FF305026,Nâm N'Đir,Nam N'Dir
VN-17,Đắk Nông,Dak Nong,VNAP25-56A4411998,VNAP25-24FF305026,Nâm Nung,Nam Nung
VN-17,Đắk Nông,Dak Nong,VNAP25-F072EC85CF,VNAP25-24FF305026,Nam Xuân,Nam Xuan
VN-17,Đắk Nông,Dak Nong,VNAP25-23393C4A46,VNAP25-24FF305026,Quảng Phú,Quang Phu
VN-17,Đắk Nông,Dak Nong,VNAP25-19F1F60CEC,VNAP25-24FF305026,Tân Thành,Tan Thanh
VN-17,Đắk Nông,Dak Nong,VNAP25-A7A4910C6F,,Tuy Đức,Tuy Duc
VN-17,Đắk Nông,Dak Nong,VNAP25-A28A277941,VNAP25-A7A4910C6F,Đắk Búk So,Dak Buk So
VN-17,Đắk Nông,Dak Nong,VNAP25-185E35CE66,VNAP25-A7A4910C6F,Đắk Ngo,Dak Ngo
VN-17,Đắk Nông,Dak Nong,VNAP25-7C859B8BFE,VNAP25-A7A4910C6F,Đắk R'Tíh,Dak R'Tih
VN-17,Đắk Nông,Dak Nong,VNAP25-2201FD36ED,VNAP25-A7A4910C6F,Quảng Tâm,Quang Tam
VN-17,Đắk Nông,Dak Nong,VNAP25-B3835F803B,VNAP25-A7A4910C6F,Quảng Tân,Quang Tan
VN-17,Đắk Nông,Dak Nong,VNAP25-BE0D4A8617,VNAP25-A7A4910C6F,Quảng Trực,Quang Truc
VN-18,Điện Biên,Dien Bien,VNAP25-95E23D736D,,Điện Biên,Dien Bien
VN-18,Điện Biên,Dien Bien,VNAP25-E0AAD417BA,VNAP25-95E23D736D,Hẹ Muông,He Muong
VN-18,Điện Biên,Dien Bien,VNAP25-8EC926D4FA,VNAP25-95E23D736D,Hua Thanh,Hua Thanh
VN-18,Điện Biên,Dien Bien,VNAP25-515ADD8B34,VNAP25-95E23D736D,Mường Lói,Muong Loi
VN-18,Điện Biên,Dien Bien,VNAP25-9AC725FAB8,VNAP25-95E23D736D,Mường Nhà,Muong Nha
VN-18,Điện Biên,Dien Bien,VNAP25-AA9B84BF37,VNAP25-95E23D736D,Mường Pồn,Muong Pon
VN-18,Điện Biên,Dien Bien,VNAP25-E5932C822C,VNAP25-95E23D736D,Na Tông,Na Tong
VN-18,Điện Biên,Dien Bien,VNAP25-EFC518F1CB,VNAP25-95E23D736D,Na Ư,Na U
VN-18,Điện Biên,Dien Bien,VNAP25-AEFDB78341,VNAP25-95E23D736D,Noọng Hẹt,Noong Het
VN-18,Điện Biên,Dien Bien,VNAP25-606F893795,VNAP25-95E23D736D,Noong Luống,Noong Luong
VN-18,Điện Biên,Dien Bien,VNAP25-C4DD130EA1,VNAP25-95E23D736D,Núa Ngam,Nua Ngam
VN-18,Điện Biên,Dien Bien,VNAP25-6CB2BD523B,VNAP25-95E23D736D,Pa Thơm,Pa Thom
VN-18,Điện Biên,Dien Bien,VNAP25-7E2D8E5AEE,VNAP25-95E23D736D,Phu Luông,Phu Luong
VN-18,Điện Biên,Dien Bien,VNAP25-AAD524888F,VNAP25-95E23D736D,Pom Lót,Pom Lot
VN-18,Điện Biên,Dien Bien,VNAP25-9BE05B169E,VNAP25-95E23D736D,Sam Mứn,Sam Mun
VN-18,Điện Biên,Dien Bien,VNAP25-1B8D026907,VNAP25-95E23D736D,Thanh An,Thanh An
VN-18,Điện Biên,Dien Bien,VNAP25-B0A89E34A5,VNAP25-95E23D736D,Thanh Chăn,Thanh Chan
VN-18,Điện Biên,Dien Bien,VNAP25-431AAD122F,VNAP25-95E23D736D,Thanh Hưng,Thanh Hung
VN-18,Điện Biên,Dien Bien,VNAP25-6CD4CD6283,VNAP25-95E23D736D,Thanh Luông,Thanh Luong
VN-18,Điện Biên,Dien Bien,VNAP25-2952DF46C0,VNAP25-95E23D736D,Thanh Nưa,Thanh Nua
VN-18,Điện Biên,Dien Bien,VNAP25-1A939D3786,VNAP25-95E23D736D,Thanh Xương,Thanh Xuong
VN-18,Điện Biên,Dien Bien,VNAP25-045ADDDD42,VNAP25-95E23D736D,Thanh Yên,Thanh Yen
VN-18,Điện Biên,Dien Bien,VNAP25-C36C318BF9,,Điện Biên Đông,Dien Bien Dong
VN-18,Điện Biên,Dien Bien,VNAP25-0BFD1096ED,VNAP25-C36C318BF9,Chiềng Sơ,Chieng So
VN-18,Điện Biên,Dien Bien,VNAP25-C5C9C2E579,VNAP25-C36C318BF9,Điện Biên Đông,Dien Bien Dong
VN-18,Điện Biên,Dien Bien,VNAP25-88C9A1AC1B,VNAP25-C36C318BF9,Háng Lìa,Hang Lia
VN-18,Điện Biên,Dien Bien,VNAP25-D97E623F9E,VNAP25-C36C318BF9,Keo Lôm,Keo Lom
VN-18,Điện Biên,Dien Bien,VNAP25-7136857640,VNAP25-C36C318BF9,Luân Giới,Luan Gioi
VN-18,Điện Biên,Dien Bien,VNAP25-987D05808C,VNAP25-C36C318BF9,Mường Luân,Muong Luan
VN-18,Điện Biên,Dien Bien,VNAP25-288E1008C6,VNAP25-C36C318BF9,Na Son,Na Son
VN-18,Điện Biên,Dien Bien,VNAP25-70B6D4BADD,VNAP25-C36C318BF9,Nong U,Nong U
VN-18,Điện Biên,Dien Bien,VNAP25-87FE643730,VNAP25-C36C318BF9,Phì Nhừ,Phi Nhu
VN-18,Điện Biên,Dien Bien,VNAP25-22F17530C7,VNAP25-C36C318BF9,Phình Giàng,Phinh Giang
VN-18,Điện Biên,Dien Bien,VNAP25-E21C395A08,VNAP25-C36C318BF9,Pú Hồng,Pu Hong
VN-18,Điện Biên,Dien Bien,VNAP25-67DBAD613F,VNAP25-C36C318BF9,Pú Nhi,Pu Nhi
VN-18,Điện Biên,Dien Bien,VNAP25-2FB83EB825,VNAP25-C36C318BF9,Tìa Dình,Tia Dinh
VN-18,Điện Biên,Dien Bien,VNAP25-C9772EC6D2,VNAP25-C36C318BF9,Xa Dung,Xa Dung
VN-18,Điện Biên,Dien Bien,VNAP25-A637182CD0,,Điện Biên Phủ,Dien Bien Phu
VN-18,Điện Biên,Dien Bien,VNAP25-CE8FFB852D,VNAP25-A637182CD0,Him Lam,Him Lam
VN-18,Điện Biên,Dien Bien,VNAP25-8E08BEB686,VNAP25-A637182CD0,Mường Phăng,Muong Phang
VN-18,Điện Biên,Dien Bien,VNAP25-AD5F9944FA,VNAP25-A637182CD0,Mường Thanh,Muong Thanh
VN-18,Điện Biên,Dien Bien,VNAP25-9DEF1BD936,VNAP25-A637182CD0,Nà Nhạn,Na Nhan
VN-18,Điện Biên,Dien Bien,VNAP25-05AC7B655D,VNAP25-A637182CD0,Nà Tấu,Na Tau
VN-18,Điện Biên,Dien Bien,VNAP25-CA51EB3648,VNAP25-A637182CD0,Nam Thanh,Nam Thanh
VN-18,Điện Biên,Dien Bien,VNAP25-67D62B4576,VNAP25-A637182CD0,Noong Bua,Noong Bua
VN-18,Điện Biên,Dien Bien,VNAP25-4A3FE66B33,VNAP25-A637182CD0,Pá Khoang,Pa Khoang
VN-18,Điện Biên,Dien Bien,VNAP25-69FAE0AED9,VNAP25-A637182CD0,Tân Thanh,Tan Thanh
VN-18,Điện Biên,Dien Bien,VNAP25-30CBD40F89,VNAP25-A637182CD0,Thanh Bình,Thanh Binh
VN-18,Điện Biên,Dien Bien,VNAP25-03EC992275,VNAP25-A637182CD0,Thanh Minh,Thanh Minh
VN-18,Điện Biên,Dien Bien,VNAP25-3C7020BC60,VNAP25-A637182CD0,Thanh Trường,Thanh Truong
VN-18,Điện Biên,Dien Bien,VNAP25-AEAA1B1549,,Mường Ảng,Muong Ang
VN-18,Điện Biên,Dien Bien,VNAP25-E6E079D343,VNAP25-AEAA1B1549,Ẳng Cang,Ang Cang
VN-18,Điện Biên,Dien Bien,VNAP25-64C1060C73,VNAP25-AEAA1B1549,Ẳng Nưa,Ang Nua
VN-18,Điện Biên,Dien Bien,VNAP25-68F5FC920E,VNAP25-AEAA1B1549,Ẳng Tở,Ang To
VN-18,Điện Biên,Dien Bien,VNAP25-E02711B486,VNAP25-AEAA1B1549,Búng Lao,Bung Lao
VN-18,Điện Biên,Dien Bien,VNAP25-2783E394D1,VNAP25-AEAA1B1549,Mường Ảng,Muong Ang
VN-18,Điện Biên,Dien Bien,VNAP25-7E6784ABD1,VNAP25-AEAA1B1549,Mường Đăng,Muong Dang
VN-18,Điện Biên,Dien Bien,VNAP25-B07C7BB5B6,VNAP25-AEAA1B1549,Mường Lạn,Muong Lan
VN-18,Điện Biên,Dien Bien,VNAP25-B0D4357743,VNAP25-AEAA1B1549,Nặm Lịch,Nam Lich
VN-18,Điện Biên,Dien Bien,VNAP25-E4FB006C56,VNAP25-AEAA1B1549,Ngối Cáy,Ngoi Cay
VN-18,Điện Biên,Dien Bien,VNAP25-F9A4069CA4,VNAP25-AEAA1B1549,Xuân Lao,Xuan Lao
VN-18,Điện Biên,Dien Bien,VNAP25-EC27DE7853,,Mường Chà,Muong Cha
VN-18,Điện Biên,Dien Bien,VNAP25-FD633297C4,VNAP25-EC27DE7853,Hừa Ngài,Hua Ngai
VN-18,Điện Biên,Dien Bien,VNAP25-CF95343CA0,VNAP25-EC27DE7853,Huổi Lèng,Huoi Leng
VN-18,Điện Biên,Dien Bien,VNAP25-FFF5B96104,VNAP25-EC27DE7853,Huổi Mí,Huoi Mi
VN-18,Điện Biên,Dien Bien,VNAP25-49EF5FD594,VNAP25-EC27DE7853,Ma Thì Hồ,Ma Thi Ho
VN-18,Điện Biên,Dien Bien,VNAP25-1F9C166086,VNAP25-EC27DE7853,Mường Chà,Muong Cha
VN-18,Điện Biên,Dien Bien,VNAP25-42A9698C12,VNAP25-EC27DE7853,Mường Mươn,Muong Muon
VN-18,Điện Biên,Dien Bien,VNAP25-A1536B1077,VNAP25-EC27DE7853,Mường Tùng,Muong Tung
VN-18,Điện Biên,Dien Bien,VNAP25-BB8B39C0DC,VNAP25-EC27DE7853,Na Sang,Na Sang
VN-18,Điện Biên,Dien Bien,VNAP25-F647ADFF0E,VNAP25-EC27DE7853,Nậm Nèn,Nam Nen
VN-18,Điện Biên,Dien Bien,VNAP25-9F406B82B7,VNAP25-EC27DE7853,Pa Ham,Pa Ham
VN-18,Điện Biên,Dien Bien,VNAP25-C4A1B44678,VNAP25-EC27DE7853,Sa Lông,Sa Long
VN-18,Điện Biên,Dien Bien,VNAP25-4FB35F3C2D,VNAP25-EC27DE7853,Xá Tổng,Xa Tong
VN-18,Điện Biên,Dien Bien,VNAP25-FAC1D3A888,,Mường Lay,Muong Lay
VN-18,Điện Biên,Dien Bien,VNAP25-85865CDA3E,VNAP25-FAC1D3A888,Lay Nưa,Lay Nua
VN-18,Điện Biên,Dien Bien,VNAP25-4A6B4C68E5,VNAP25-FAC1D3A888,Na Lay,Na Lay
VN-18,Điện Biên,Dien Bien,VNAP25-D5837FB44B,VNAP25-FAC1D3A888,Sông Đà,Song Da
VN-18,Điện Biên,Dien Bien,VNAP25-E1F67F3EC4,,Mường Nhé,Muong Nhe
VN-18,Điện Biên,Dien Bien,VNAP25-CBAE8DA3A0,VNAP25-E1F67F3EC4,Chung Chải,Chung Chai
VN-18,Điện Biên,Dien Bien,VNAP25-8365CBDEB0,VNAP25-E1F67F3EC4,Huổi Lếnh,Huoi Lenh
VN-18,Điện Biên,Dien Bien,VNAP25-809A87C7B4,VNAP25-E1F67F3EC4,Leng Su Sìn,Leng Su Sin
VN-18,Điện Biên,Dien Bien,VNAP25-3E01916862,VNAP25-E1F67F3EC4,Mường Nhé,Muong Nhe
VN-18,Điện Biên,Dien Bien,VNAP25-AE30553748,VNAP25-E1F67F3EC4,Mường Toong,Muong Toong
VN-18,Điện Biên,Dien Bien,VNAP25-CE9E1586C8,VNAP25-E1F67F3EC4,Nậm Kè,Nam Ke
VN-18,Điện Biên,Dien Bien,VNAP25-36EDDB2529,VNAP25-E1F67F3EC4,Nậm Vì,Nam Vi
VN-18,Điện Biên,Dien Bien,VNAP25-63DEA4D8F8,VNAP25-E1F67F3EC4,Pá Mỳ,Pa My
VN-18,Điện Biên,Dien Bien,VNAP25-5081BCD598,VNAP25-E1F67F3EC4,Quảng Lâm,Quang Lam
VN-18,Điện Biên,Dien Bien,VNAP25-4E5143D556,VNAP25-E1F67F3EC4,Sen Thượng,Sen Thuong
VN-18,Điện Biên,Dien Bien,VNAP25-F507069C77,VNAP25-E1F67F3EC4,Sín Thầu,Sin Thau
VN-18,Điện Biên,Dien Bien,VNAP25-8912C19959,,Nậm Pồ,Nam Po
VN-18,Điện Biên,Dien Bien,VNAP25-06C0869641,VNAP25-8912C19959,Chà Cang,Cha Cang
VN-18,Điện Biên,Dien Bien,VNAP25-0ED742D25C,VNAP25-8912C19959,Chà Nưa,Cha Nua
VN-18,Điện Biên,Dien Bien,VNAP25-F8E683F5E1,VNAP25-8912C19959,Chà Tở,Cha To
VN-18,Điện Biên,Dien Bien,VNAP25-D714ED4C79,VNAP25-8912C19959,Nà Bủng,Na Bung
VN-18,Điện Biên,Dien Bien,VNAP25-3D2B231753,VNAP25-8912C19959,Na Cô Sa,Na Co Sa
VN-18,Điện Biên,Dien Bien,VNAP25-AA8A551FB0,VNAP25-8912C19959,Nà Hỳ,Na Hy
VN-18,Điện Biên,Dien Bien,VNAP25-ECC4AB591E,VNAP25-8912C19959,Nà Khoa,Na Khoa
VN-18,Điện Biên,Dien Bien,VNAP25-CFC13B3BC6,VNAP25-8912C19959,Nậm Chua,Nam Chua
VN-18,Điện Biên,Dien Bien,VNAP25-64AEC857CD,VNAP25-8912C19959,Nậm Khăn,Nam Khan
VN-18,Điện Biên,Dien Bien,VNAP25-D374068E6B,VNAP25-8912C19959,Nậm Nhừ,Nam Nhu
VN-18,Điện Biên,Dien Bien,VNAP25-F43094FEA3,VNAP25-8912C19959,Nậm Tin,Nam Tin
VN-18,Điện Biên,Dien Bien,VNAP25-40549A5E45,VNAP25-8912C19959,Pa Tần,Pa Tan
VN-18,Điện Biên,Dien Bien,VNAP25-BB1227285F,VNAP25-8912C19959,Phìn Hồ,Phin Ho
VN-18,Điện Biên,Dien Bien,VNAP25-9E0E722173,VNAP25-8912C19959,Si Pa Phìn,Si Pa Phin
VN-18,Điện Biên,Dien Bien,VNAP25-8FC92CBFF2,VNAP25-8912C19959,Vàng Đán,Vang Dan
VN-18,Điện Biên,Dien Bien,VNAP25-50E1AE6ED7,,Tủa Chùa,Tua Chua
VN-18,Điện Biên,Dien Bien,VNAP25-A5B674732C,VNAP25-50E1AE6ED7,Huổi Só,Huoi So
VN-18,Điện Biên,Dien Bien,VNAP25-4618080F55,VNAP25-50E1AE6ED7,Lao Xả Phình,Lao Xa Phinh
VN-18,Điện Biên,Dien Bien,VNAP25-4CF63C9258,VNAP25-50E1AE6ED7,Mường Báng,Muong Bang
VN-18,Điện Biên,Dien Bien,VNAP25-7320B06D0B,VNAP25-50E1AE6ED7,Mường Đun,Muong Dun
VN-18,Điện Biên,Dien Bien,VNAP25-5228E39BB1,VNAP25-50E1AE6ED7,Sáng Nhè,Sang Nhe
VN-18,Điện Biên,Dien Bien,VNAP25-63EE349D9E,VNAP25-50E1AE6ED7,Sính Phình,Sinh Phinh
VN-18,Điện Biên,Dien Bien,VNAP25-20DF2587EB,VNAP25-50E1AE6ED7,Tả Phìn,Ta Phin
VN-18,Điện Biên,Dien Bien,VNAP25-7D9F3AB382,VNAP25-50E1AE6ED7,Tả Sìn Thàng,Ta Sin Thang
VN-18,Điện Biên,Dien Bien,VNAP25-EB4FC3D778,VNAP25-50E1AE6ED7,Trung Thu,Trung Thu
VN-18,Điện Biên,Dien Bien,VNAP25-5DC42A9DB5,VNAP25-50E1AE6ED7,Tủa Chùa,Tua Chua
VN-18,Điện Biên,Dien Bien,VNAP25-5FB7FF70EA,VNAP25-50E1AE6ED7,Tủa Thàng,Tua Thang
VN-18,Điện Biên,Dien Bien,VNAP25-C787BA07CD,VNAP25-50E1AE6ED7,Xín Chải,Xin Chai
VN-18,Điện Biên,Dien Bien,VNAP25-DB22A421AD,,Tuần Giáo,Tuan Giao
VN-18,Điện Biên,Dien Bien,VNAP25-11B978B3ED,VNAP25-DB22A421AD,Chiềng Đông,Chieng Dong
VN-18,Điện Biên,Dien Bien,VNAP25-B6FB686930,VNAP25-DB22A421AD,Chiềng Sinh,Chieng Sinh
VN-18,Điện Biên,Dien Bien,VNAP25-0127216AFD,VNAP25-DB22A421AD,Mùn Chung,Mun Chung
VN-18,Điện Biên,Dien Bien,VNAP25-F63D776EF5,VNAP25-DB22A421AD,Mường Khong,Muong Khong
VN-18,Điện Biên,Dien Bien,VNAP25-47C49578D4,VNAP25-DB22A421AD,Mường Mùn,Muong Mun
VN-18,Điện Biên,Dien Bien,VNAP25-7D7CF2DA92,VNAP25-DB22A421AD,Mường Thín,Muong Thin
VN-18,Điện Biên,Dien Bien,VNAP25-9A15F524C2,VNAP25-DB22A421AD,Nà Sáy,Na Say
VN-18,Điện Biên,Dien Bien,VNAP25-CE424CC2B4,VNAP25-DB22A421AD,Nà Tòng,Na Tong
VN-18,Điện Biên,Dien Bien,VNAP25-0E5CF9599C,VNAP25-DB22A421AD,Phình Sáng,Phinh Sang
VN-18,Điện Biên,Dien Bien,VNAP25-4527614512,VNAP25-DB22A421AD,Pú Nhung,Pu Nhung
VN-18,Điện Biên,Dien Bien,VNAP25-4D73B4E132,VNAP25-DB22A421AD,Pú Xi,Pu Xi
VN-18,Điện Biên,Dien Bien,VNAP25-D3BCE6DE0B,VNAP25-DB22A421AD,Quài Cang,Quai Cang
VN-18,Điện Biên,Dien Bien,VNAP25-90B78D21E9,VNAP25-DB22A421AD,Quài Nưa,Quai Nua
VN-18,Điện Biên,Dien Bien,VNAP25-3A1355A36C,VNAP25-DB22A421AD,Quài Tở,Quai To
VN-18,Điện Biên,Dien Bien,VNAP25-F74F9E023B,VNAP25-DB22A421AD,Rạng Đông,Rang Dong
VN-18,Điện Biên,Dien Bien,VNAP25-16AEA4FAE9,VNAP25-DB22A421AD,Ta Ma,Ta Ma
VN-18,Điện Biên,Dien Bien,VNAP25-D4EC0D6D7F,VNAP25-DB22A421AD,Tênh Phông,Tenh Phong
VN-18,Điện Biên,Dien Bien,VNAP25-0F1E755B7D,VNAP25-DB22A421AD,Tỏa Tình,Toa Tinh
VN-18,Điện Biên,Dien Bien,VNAP25-A843494292,VNAP25-DB22A421AD,Tuần Giáo,Tuan Giao
VN-19,Đồng Nai,Dong Nai,VNAP25-A8B4306376,,Biên Hòa,Bien Hoa
VN-19,Đồng Nai,Dong Nai,VNAP25-75BBD83632,VNAP25-A8B4306376,An Bình,An Binh
VN-19,Đồng Nai,Dong Nai,VNAP25-EE4B817900,VNAP25-A8B4306376,An Hòa,An Hoa
VN-19,Đồng Nai,Dong Nai,VNAP25-10319C0513,VNAP25-A8B4306376,Bình Đa,Binh Da
VN-19,Đồng Nai,Dong Nai,VNAP25-21D1CC27C6,VNAP25-A8B4306376,Bửu Hòa,Buu Hoa
VN-19,Đồng Nai,Dong Nai,VNAP25-DB82AEDF11,VNAP25-A8B4306376,Bửu Long,Buu Long
VN-19,Đồng Nai,Dong Nai,VNAP25-86F86B0F1B,VNAP25-A8B4306376,Hiệp Hòa,Hiep Hoa
VN-19,Đồng Nai,Dong Nai,VNAP25-E70C2DF278,VNAP25-A8B4306376,Hố Nai,Ho Nai
VN-19,Đồng Nai,Dong Nai,VNAP25-3F6D946867,VNAP25-A8B4306376,Hóa An,Hoa An
VN-19,Đồng Nai,Dong Nai,VNAP25-2C82EF0FE2,VNAP25-A8B4306376,Long Bình,Long Binh
VN-19,Đồng Nai,Dong Nai,VNAP25-A17A63C2C6,VNAP25-A8B4306376,Long Bình Tân,Long Binh Tan
VN-19,Đồng Nai,Dong Nai,VNAP25-19E7D08420,VNAP25-A8B4306376,Long Hưng,Long Hung
VN-19,Đồng Nai,Dong Nai,VNAP25-B9D34391BF,VNAP25-A8B4306376,Phước Tân,Phuoc Tan
VN-19,Đồng Nai,Dong Nai,VNAP25-A29EE56D71,VNAP25-A8B4306376,Quang Vinh,Quang Vinh
VN-19,Đồng Nai,Dong Nai,VNAP25-0497C121F2,VNAP25-A8B4306376,Tam Hiệp,Tam Hiep
VN-19,Đồng Nai,Dong Nai,VNAP25-AA60D32EAD,VNAP25-A8B4306376,Tam Phước,Tam Phuoc
VN-19,Đồng Nai,Dong Nai,VNAP25-22AC98FB04,VNAP25-A8B4306376,Tân Biên,Tan Bien
VN-19,Đồng Nai,Dong Nai,VNAP25-7D91967594,VNAP25-A8B4306376,Tân Hạnh,Tan Hanh
VN-19,Đồng Nai,Dong Nai,VNAP25-4A300E7E12,VNAP25-A8B4306376,Tân Hiệp,Tan Hiep
VN-19,Đồng Nai,Dong Nai,VNAP25-123DF4560B,VNAP25-A8B4306376,Tân Hòa,Tan Hoa
VN-19,Đồng Nai,Dong Nai,VNAP25-0FD291EE94,VNAP25-A8B4306376,Tân Mai,Tan Mai
VN-19,Đồng Nai,Dong Nai,VNAP25-D899755473,VNAP25-A8B4306376,Tân Phong,Tan Phong
VN-19,Đồng Nai,Dong Nai,VNAP25-2EAF9D28CC,VNAP25-A8B4306376,Tân Vạn,Tan Van
VN-19,Đồng Nai,Dong Nai,VNAP25-C1D7C32B4C,VNAP25-A8B4306376,Thanh Bình,Thanh Binh
VN-19,Đồng Nai,Dong Nai,VNAP25-2ACBBC5348,VNAP25-A8B4306376,Thống Nhất,Thong Nhat
VN-19,Đồng Nai,Dong Nai,VNAP25-CABCA2A5F5,VNAP25-A8B4306376,Trảng Dài,Trang Dai
VN-19,Đồng Nai,Dong Nai,VNAP25-B4926AA5E9,VNAP25-A8B4306376,Trung Dũng,Trung Dung
VN-19,Đồng Nai,Dong Nai,VNAP25-68FBE02807,,Cẩm Mỹ,Cam My
VN-19,Đồng Nai,Dong Nai,VNAP25-D449445DF5,VNAP25-68FBE02807,Bảo Bình,Bao Binh
VN-19,Đồng Nai,Dong Nai,VNAP25-430E19FB4D,VNAP25-68FBE02807,Lâm San,Lam San
VN-19,Đồng Nai,Dong Nai,VNAP25-11758FBD1C,VNAP25-68FBE02807,Long Giao,Long Giao
VN-19,Đồng Nai,Dong Nai,VNAP25-226E733519,VNAP25-68FBE02807,Nhân Nghĩa,Nhan Nghia
VN-19,Đồng Nai,Dong Nai,VNAP25-3C0E6B26CA,VNAP25-68FBE02807,Sông Nhạn,Song Nhan
VN-19,Đồng Nai,Dong Nai,VNAP25-A71F97DB41,VNAP25-68FBE02807,Sông Ray,Song Ray
VN-19,Đồng Nai,Dong Nai,VNAP25-519C73F521,VNAP25-68FBE02807,Thừa Đức,Thua Duc
VN-19,Đồng Nai,Dong Nai,VNAP25-61A101F7CE,VNAP25-68FBE02807,Xuân Bảo,Xuan Bao
VN-19,Đồng Nai,Dong Nai,VNAP25-E966D4E3BC,VNAP25-68FBE02807,Xuân Đông,Xuan Dong
VN-19,Đồng Nai,Dong Nai,VNAP25-DC493B079C,VNAP25-68FBE02807,Xuân Đường,Xuan Duong
VN-19,Đồng Nai,Dong Nai,VNAP25-FA6D2870F8,VNAP25-68FBE02807,Xuân Mỹ,Xuan My
VN-19,Đồng Nai,Dong Nai,VNAP25-A27A401DCE,VNAP25-68FBE02807,Xuân Quế,Xuan Que
VN-19,Đồng Nai,Dong Nai,VNAP25-122F4FC236,VNAP25-68FBE02807,Xuân Tây,Xuan Tay
VN-19,Đồng Nai,Dong Nai,VNAP25-802789B513,,Định Quán,Dinh Quan
VN-19,Đồng Nai,Dong Nai,VNAP25-145DCF3FC1,VNAP25-802789B513,Định Quán,Dinh Quan
VN-19,Đồng Nai,Dong Nai,VNAP25-6B17AB79FA,VNAP25-802789B513,Gia Canh,Gia Canh
VN-19,Đồng Nai,Dong Nai,VNAP25-DF4756548C,VNAP25-802789B513,La Ngà,La Nga
VN-19,Đồng Nai,Dong Nai,VNAP25-3D476EEDD8,VNAP25-802789B513,Ngọc Định,Ngoc Dinh
VN-19,Đồng Nai,Dong Nai,VNAP25-162DF168F8,VNAP25-802789B513,Phú Cường,Phu Cuong
VN-19,Đồng Nai,Dong Nai,VNAP25-76BD65CCB8,VNAP25-802789B513,Phú Hòa,Phu Hoa
VN-19,Đồng Nai,Dong Nai,VNAP25-4F0EE9E5F1,VNAP25-802789B513,Phú Lợi,Phu Loi
VN-19,Đồng Nai,Dong Nai,VNAP25-CEC08118F7,VNAP25-802789B513,Phú Ngọc,Phu Ngoc
VN-19,Đồng Nai,Dong Nai,VNAP25-B5D775C117,VNAP25-802789B513,Phú Tân,Phu Tan
VN-19,Đồng Nai,Dong Nai,VNAP25-87C687FEA5,VNAP25-802789B513,Phú Túc,Phu Tuc
VN-19,Đồng Nai,Dong Nai,VNAP25-1CEBCA9D62,VNAP25-802789B513,Phú Vinh,Phu Vinh
VN-19,Đồng Nai,Dong Nai,VNAP25-79EA4BD0BA,VNAP25-802789B513,Suối Nho,Suoi Nho
VN-19,Đồng Nai,Dong Nai,VNAP25-F2D979CEC6,VNAP25-802789B513,Thanh Sơn,Thanh Son
VN-19,Đồng Nai,Dong Nai,VNAP25-64FDCC770F,VNAP25-802789B513,Túc Trưng,Tuc Trung
VN-19,Đồng Nai,Dong Nai,VNAP25-EDF94BC5B7,,Long Khánh,Long Khanh
VN-19,Đồng Nai,Dong Nai,VNAP25-C147C5A5AA,VNAP25-EDF94BC5B7,Bảo Quang,Bao Quang
VN-19,Đồng Nai,Dong Nai,VNAP25-7027549B1E,VNAP25-EDF94BC5B7,Bảo Vinh,Bao Vinh
VN-19,Đồng Nai,Dong Nai,VNAP25-3D2C923326,VNAP25-EDF94BC5B7,Bàu Sen,Bau Sen
VN-19,Đồng Nai,Dong Nai,VNAP25-4454668C54,VNAP25-EDF94BC5B7,Bàu Trâm,Bau Tram
VN-19,Đồng Nai,Dong Nai,VNAP25-E67E7F31D6,VNAP25-EDF94BC5B7,Bình Lộc,Binh Loc
VN-19,Đồng Nai,Dong Nai,VNAP25-5F662551D6,VNAP25-EDF94BC5B7,Hàng Gòn,Hang Gon
VN-19,Đồng Nai,Dong Nai,VNAP25-60A7A3F7B3,VNAP25-EDF94BC5B7,Phú Bình,Phu Binh
VN-19,Đồng Nai,Dong Nai,VNAP25-D01D405336,VNAP25-EDF94BC5B7,Suối Tre,Suoi Tre
VN-19,Đồng Nai,Dong Nai,VNAP25-C114337DD7,VNAP25-EDF94BC5B7,Xuân An,Xuan An
VN-19,Đồng Nai,Dong Nai,VNAP25-3751350D0C,VNAP25-EDF94BC5B7,Xuân Bình,Xuan Binh
VN-19,Đồng Nai,Dong Nai,VNAP25-94DF1CD9CB,VNAP25-EDF94BC5B7,Xuân Hòa,Xuan Hoa
VN-19,Đồng Nai,Dong Nai,VNAP25-A318EF4273,VNAP25-EDF94BC5B7,Xuân Lập,Xuan Lap
VN-19,Đồng Nai,Dong Nai,VNAP25-574CACCD75,VNAP25-EDF94BC5B7,Xuân Tân,Xuan Tan
VN-19,Đồng Nai,Dong Nai,VNAP25-5EE9CD88C9,,Long Thành,Long Thanh
VN-19,Đồng Nai,Dong Nai,VNAP25-3F0CBF1FFD,VNAP25-5EE9CD88C9,An Phước,An Phuoc
VN-19,Đồng Nai,Dong Nai,VNAP25-1CCD0A5EB0,VNAP25-5EE9CD88C9,Bàu Cạn,Bau Can
VN-19,Đồng Nai,Dong Nai,VNAP25-2B27CFF255,VNAP25-5EE9CD88C9,Bình An,Binh An
VN-19,Đồng Nai,Dong Nai,VNAP25-9F816FF5A2,VNAP25-5EE9CD88C9,Bình Sơn,Binh Son
VN-19,Đồng Nai,Dong Nai,VNAP25-27EBEDEEC4,VNAP25-5EE9CD88C9,Cẩm Đường,Cam Duong
VN-19,Đồng Nai,Dong Nai,VNAP25-F1D713A758,VNAP25-5EE9CD88C9,Lộc An,Loc An
VN-19,Đồng Nai,Dong Nai,VNAP25-2964C7CAD9,VNAP25-5EE9CD88C9,Long An,Long An
VN-19,Đồng Nai,Dong Nai,VNAP25-9A3EBDA7D0,VNAP25-5EE9CD88C9,Long Đức,Long Duc
VN-19,Đồng Nai,Dong Nai,VNAP25-F333744EEE,VNAP25-5EE9CD88C9,Long Phước,Long Phuoc
VN-19,Đồng Nai,Dong Nai,VNAP25-8D278260AA,VNAP25-5EE9CD88C9,Long Thành,Long Thanh
VN-19,Đồng Nai,Dong Nai,VNAP25-8EE4968438,VNAP25-5EE9CD88C9,Phước Bình,Phuoc Binh
VN-19,Đồng Nai,Dong Nai,VNAP25-C39321A270,VNAP25-5EE9CD88C9,Phước Thái,Phuoc Thai
VN-19,Đồng Nai,Dong Nai,VNAP25-1BC15EACB2,VNAP25-5EE9CD88C9,Tam An,Tam An
VN-19,Đồng Nai,Dong Nai,VNAP25-97BB8E1320,VNAP25-5EE9CD88C9,Tân Hiệp,Tan Hiep
VN-19,Đồng Nai,Dong Nai,VNAP25-4CF7593345,,Nhơn Trạch,Nhon Trach
VN-19,Đồng Nai,Dong Nai,VNAP25-08930E74F8,VNAP25-4CF7593345,Đại Phước,Dai Phuoc
VN-19,Đồng Nai,Dong Nai,VNAP25-D8BB5A4910,VNAP25-4CF7593345,Hiệp Phước,Hiep Phuoc
VN-19,Đồng Nai,Dong Nai,VNAP25-D67E4EA768,VNAP25-4CF7593345,Long Tân,Long Tan
VN-19,Đồng Nai,Dong Nai,VNAP25-05F4256304,VNAP25-4CF7593345,Long Thọ,Long Tho
VN-19,Đồng Nai,Dong Nai,VNAP25-02FFA61D82,VNAP25-4CF7593345,Phú Đông,Phu Dong
VN-19,Đồng Nai,Dong Nai,VNAP25-806DDE188F,VNAP25-4CF7593345,Phú Hội,Phu Hoi
VN-19,Đồng Nai,Dong Nai,VNAP25-050D3D906E,VNAP25-4CF7593345,Phú Hữu,Phu Huu
VN-19,Đồng Nai,Dong Nai,VNAP25-2A168C5E3B,VNAP25-4CF7593345,Phú Thạnh,Phu Thanh
VN-19,Đồng Nai,Dong Nai,VNAP25-367B7EA8FE,VNAP25-4CF7593345,Phước An,Phuoc An
VN-19,Đồng Nai,Dong Nai,VNAP25-4149B09316,VNAP25-4CF7593345,Phước Khánh,Phuoc Khanh
VN-19,Đồng Nai,Dong Nai,VNAP25-0F5773F668,VNAP25-4CF7593345,Phước Thiền,Phuoc Thien
VN-19,Đồng Nai,Dong Nai,VNAP25-C0A1D1E429,VNAP25-4CF7593345,Vĩnh Thanh,Vinh Thanh
VN-19,Đồng Nai,Dong Nai,VNAP25-F0B36349A7,,Tân Phú,Tan Phu
VN-19,Đồng Nai,Dong Nai,VNAP25-9C0CBE6B34,VNAP25-F0B36349A7,Dak Lua,Dak Lua
VN-19,Đồng Nai,Dong Nai,VNAP25-3651864C32,VNAP25-F0B36349A7,Nam Cát Tiên,Nam Cat Tien
VN-19,Đồng Nai,Dong Nai,VNAP25-EAC9DAF200,VNAP25-F0B36349A7,Phú An,Phu An
VN-19,Đồng Nai,Dong Nai,VNAP25-4854735F5F,VNAP25-F0B36349A7,Phú Bình,Phu Binh
VN-19,Đồng Nai,Dong Nai,VNAP25-96228B7955,VNAP25-F0B36349A7,Phú Điền,Phu Dien
VN-19,Đồng Nai,Dong Nai,VNAP25-EED2202AAF,VNAP25-F0B36349A7,Phú Lâm,Phu Lam
VN-19,Đồng Nai,Dong Nai,VNAP25-B0F32F4E2D,VNAP25-F0B36349A7,Phú Lập,Phu Lap
VN-19,Đồng Nai,Dong Nai,VNAP25-4EB64EC3E2,VNAP25-F0B36349A7,Phú Lộc,Phu Loc
VN-19,Đồng Nai,Dong Nai,VNAP25-372E07E95A,VNAP25-F0B36349A7,Phú Sơn,Phu Son
VN-19,Đồng Nai,Dong Nai,VNAP25-5F38585D3E,VNAP25-F0B36349A7,Phú Thanh,Phu Thanh
VN-19,Đồng Nai,Dong Nai,VNAP25-104EF1D880,VNAP25-F0B36349A7,Phú Thịnh,Phu Thinh
VN-19,Đồng Nai,Dong Nai,VNAP25-99F4DA4848,VNAP25-F0B36349A7,Phú Xuân,Phu Xuan
VN-19,Đồng Nai,Dong Nai,VNAP25-6C0E7BBB70,VNAP25-F0B36349A7,Tà Lài,Ta Lai
VN-19,Đồng Nai,Dong Nai,VNAP25-EBD64FB54F,VNAP25-F0B36349A7,Tân Phú,Tan Phu
VN-19,Đồng Nai,Dong Nai,VNAP25-AB9438EC7B,VNAP25-F0B36349A7,Thanh Sơn,Thanh Son
VN-19,Đồng Nai,Dong Nai,VNAP25-DD5375F8E9,VNAP25-F0B36349A7,Trà Cổ,Tra Co
VN-19,Đồng Nai,Dong Nai,VNAP25-6EE187593F,,Thống Nhất,Thong Nhat
VN-19,Đồng Nai,Dong Nai,VNAP25-ED227CC554,VNAP25-6EE187593F,Bàu Hàm 2,Bau Ham 2
VN-19,Đồng Nai,Dong Nai,VNAP25-5371737E4C,VNAP25-6EE187593F,Dầu Giây,Dau Giay
VN-19,Đồng Nai,Dong Nai,VNAP25-8630AA0D50,VNAP25-6EE187593F,Gia Kiệm,Gia Kiem
VN-19,Đồng Nai,Dong Nai,VNAP25-40CAB0FD9E,VNAP25-6EE187593F,Gia Tân 1,Gia Tan 1
VN-19,Đồng Nai,Dong Nai,VNAP25-8CE18BE256,VNAP25-6EE187593F,Gia Tân 2,Gia Tan 2
VN-19,Đồng Nai,Dong Nai,VNAP25-AA1855F0F0,VNAP25-6EE187593F,Gia Tân 3,Gia Tan 3
VN-19,Đồng Nai,Dong Nai,VNAP25-0B46A250FE,VNAP25-6EE187593F,Hưng Lộc,Hung Loc
VN-19,Đồng Nai,Dong Nai,VNAP25-7233AB1A93,VNAP25-6EE187593F,Lộ 25,Lo 25
VN-19,Đồng Nai,Dong Nai,VNAP25-52A0C6176B,VNAP25-6EE187593F,Quang Trung,Quang Trung
VN-19,Đồng Nai,Dong Nai,VNAP25-3A54761C97,VNAP25-6EE187593F,Xuân Thiện,Xuan Thien
VN-19,Đồng Nai,Dong Nai,VNAP25-8E4378A8D0,,Trảng Bom,Trang Bom
VN-19,Đồng Nai,Dong Nai,VNAP25-B0C69658C1,VNAP25-8E4378A8D0,An Viễn,An Vien
VN-19,Đồng Nai,Dong Nai,VNAP25-9BCF93465B,VNAP25-8E4378A8D0,Bắc Sơn,Bac Son
VN-19,Đồng Nai,Dong Nai,VNAP25-2C3B6DD7C7,VNAP25-8E4378A8D0,Bàu Hàm,Bau Ham
VN-19,Đồng Nai,Dong Nai,VNAP25-B72C06FB9D,VNAP25-8E4378A8D0,Bình Minh,Binh Minh
VN-19,Đồng Nai,Dong Nai,VNAP25-777456E16A,VNAP25-8E4378A8D0,Cây Gáo,Cay Gao
VN-19,Đồng Nai,Dong Nai,VNAP25-E6949B13AB,VNAP25-8E4378A8D0,Đồi 61,Doi 61
VN-19,Đồng Nai,Dong Nai,VNAP25-958F05AE01,VNAP25-8E4378A8D0,Đông Hòa,Dong Hoa
VN-19,Đồng Nai,Dong Nai,VNAP25-D5786E1669,VNAP25-8E4378A8D0,Giang Điền,Giang Dien
VN-19,Đồng Nai,Dong Nai,VNAP25-F0DBC1B1E1,VNAP25-8E4378A8D0,Hố Nai 3,Ho Nai 3
VN-19,Đồng Nai,Dong Nai,VNAP25-155877BFDC,VNAP25-8E4378A8D0,Hưng Thịnh,Hung Thinh
VN-19,Đồng Nai,Dong Nai,VNAP25-82506B5438,VNAP25-8E4378A8D0,Quảng Tiến,Quang Tien
VN-19,Đồng Nai,Dong Nai,VNAP25-CBA71A004F,VNAP25-8E4378A8D0,Sông Thao,Song Thao
VN-19,Đồng Nai,Dong Nai,VNAP25-F6B85DBAC0,VNAP25-8E4378A8D0,Sông Trầu,Song Trau
VN-19,Đồng Nai,Dong Nai,VNAP25-92BE318074,VNAP25-8E4378A8D0,Tây Hòa,Tay Hoa
VN-19,Đồng Nai,Dong Nai,VNAP25-2764714AA2,VNAP25-8E4378A8D0,Thanh Bình,Thanh Binh
VN-19,Đồng Nai,Dong Nai,VNAP25-4ECDD19186,VNAP25-8E4378A8D0,Trảng Bom,Trang Bom
VN-19,Đồng Nai,Dong Nai,VNAP25-7D4FD169F5,VNAP25-8E4378A8D0,Trung Hòa,Trung Hoa
VN-19,Đồng Nai,Dong Nai,VNAP25-84F280E3EA,,Vĩnh Cửu,Vinh Cuu
VN-19,Đồng Nai,Dong Nai,VNAP25-86375F4C4F,VNAP25-84F280E3EA,Bình Lợi,Binh Loi
VN-19,Đồng Nai,Dong Nai,VNAP25-B4C870C9EF,VNAP25-84F280E3EA,Mã Đà,Ma Da
VN-19,Đồng Nai,Dong Nai,VNAP25-310C79B30C,VNAP25-84F280E3EA,Phú Lý,Phu Ly
VN-19,Đồng Nai,Dong Nai,VNAP25-F683B8424B,VNAP25-84F280E3EA,Tân An,Tan An
VN-19,Đồng Nai,Dong Nai,VNAP25-2B7ED34448,VNAP25-84F280E3EA,Tân Bình,Tan Binh
VN-19,Đồng Nai,Dong Nai,VNAP25-F233454F06,VNAP25-84F280E3EA,Thạnh Phú,Thanh Phu
VN-19,Đồng Nai,Dong Nai,VNAP25-6C4C0FF1C1,VNAP25-84F280E3EA,Thiện Tân,Thien Tan
VN-19,Đồng Nai,Dong Nai,VNAP25-0E953D1A4C,VNAP25-84F280E3EA,Trị An,Tri An
VN-19,Đồng Nai,Dong Nai,VNAP25-F932BCD257,VNAP25-84F280E3EA,Vĩnh An,Vinh An
VN-19,Đồng Nai,Dong Nai,VNAP25-05CF909E93,VNAP25-84F280E3EA,Vĩnh Tân,Vinh Tan
VN-19,Đồng Nai,Dong Nai,VNAP25-E3889CC905,,Xuân Lộc,Xuan Loc
VN-19,Đồng Nai,Dong Nai,VNAP25-B691A6E3C8,VNAP25-E3889CC905,Bảo Hòa,Bao Hoa
VN-19,Đồng Nai,Dong Nai,VNAP25-5DE0BA8C72,VNAP25-E3889CC905,Gia Ray,Gia Ray
VN-19,Đồng Nai,Dong Nai,VNAP25-FA6447385C,VNAP25-E3889CC905,Lang Minh,Lang Minh
VN-19,Đồng Nai,Dong Nai,VNAP25-56AAB11AE1,VNAP25-E3889CC905,Suối Cao,Suoi Cao
VN-19,Đồng Nai,Dong Nai,VNAP25-257DA30295,VNAP25-E3889CC905,Suối Cát,Suoi Cat
VN-19,Đồng Nai,Dong Nai,VNAP25-47F67CE74B,VNAP25-E3889CC905,Xuân Bắc,Xuan Bac
VN-19,Đồng Nai,Dong Nai,VNAP25-C83A0187CF,VNAP25-E3889CC905,Xuân Định,Xuan Dinh
VN-19,Đồng Nai,Dong Nai,VNAP25-3F9DB0673C,VNAP25-E3889CC905,Xuân Hiệp,Xuan Hiep
VN-19,Đồng Nai,Dong Nai,VNAP25-7670780181,VNAP25-E3889CC905,Xuân Hòa,Xuan Hoa
VN-19,Đồng Nai,Dong Nai,VNAP25-7E5116012C,VNAP25-E3889CC905,Xuân Hưng,Xuan Hung
VN-19,Đồng Nai,Dong Nai,VNAP25-1B042805C2,VNAP25-E3889CC905,Xuân Phú,Xuan Phu
VN-19,Đồng Nai,Dong Nai,VNAP25-FF58B9F26D,VNAP25-E3889CC905,Xuân Tâm,Xuan Tam
VN-19,Đồng Nai,Dong Nai,VNAP25-F98D4CCFB4,VNAP25-E3889CC905,Xuân Thành,Xuan Thanh
VN-19,Đồng Nai,Dong Nai,VNAP25-482CFAD92E,VNAP25-E3889CC905,Xuân Thọ,Xuan Tho
VN-19,Đồng Nai,Dong Nai,VNAP25-B3BCF2A31F,VNAP25-E3889CC905,Xuân Trường,Xuan Truong
VN-20,Đồng Tháp,Dong Thap,VNAP25-FC22E31B3D,,Cao Lãnh (Thành phố),Cao Lanh (City)
VN-20,Đồng Tháp,Dong Thap,VNAP25-E2CB92BC9F,VNAP25-FC22E31B3D,1,1
VN-20,Đồng Tháp,Dong Thap,VNAP25-85A722C8AC,VNAP25-FC22E31B3D,3,3
VN-20,Đồng Tháp,Dong Thap,VNAP25-066989181D,VNAP25-FC22E31B3D,4,4
VN-20,Đồng Tháp,Dong Thap,VNAP25-2247F3C799,VNAP25-FC22E31B3D,6,6
VN-20,Đồng Tháp,Dong Thap,VNAP25-17E0F87D40,VNAP25-FC22E31B3D,Hòa An,Hoa An
VN-20,Đồng Tháp,Dong Thap,VNAP25-3BD44E4BFA,VNAP25-FC22E31B3D,Hòa Thuận,Hoa Thuan
VN-20,Đồng Tháp,Dong Thap,VNAP25-BFB9EA89D0,VNAP25-FC22E31B3D,Mỹ Ngãi,My Ngai
VN-20,Đồng Tháp,Dong Thap,VNAP25-D3B5E02AE9,VNAP25-FC22E31B3D,Mỹ Phú,My Phu
VN-20,Đồng Tháp,Dong Thap,VNAP25-3F932763C7,VNAP25-FC22E31B3D,Mỹ Tân,My Tan
VN-20,Đồng Tháp,Dong Thap,VNAP25-2401697BD3,VNAP25-FC22E31B3D,Mỹ Trà,My Tra
VN-20,Đồng Tháp,Dong Thap,VNAP25-C8E7555346,VNAP25-FC22E31B3D,Tân Thuận Đông,Tan Thuan Dong
VN-20,Đồng Tháp,Dong Thap,VNAP25-F8402321DF,VNAP25-FC22E31B3D,Tân Thuận Tây,Tan Thuan Tay
VN-20,Đồng Tháp,Dong Thap,VNAP25-1AF7B62836,VNAP25-FC22E31B3D,Tịnh Thới,Tinh Thoi
VN-20,Đồng Tháp,Dong Thap,VNAP25-972B3E8BC8,,Cao Lãnh (Huyện),Cao Lanh (District)
VN-20,Đồng Tháp,Dong Thap,VNAP25-91F42DE457,VNAP25-972B3E8BC8,An Bình,An Binh
VN-20,Đồng Tháp,Dong Thap,VNAP25-A0CB298406,VNAP25-972B3E8BC8,Ba Sao,Ba Sao
VN-20,Đồng Tháp,Dong Thap,VNAP25-B8AA00B5E1,VNAP25-972B3E8BC8,Bình Hàng Tây,Binh Hang Tay
VN-20,Đồng Tháp,Dong Thap,VNAP25-6D9D73AE5B,VNAP25-972B3E8BC8,Bình Hàng Trung,Binh Hang Trung
VN-20,Đồng Tháp,Dong Thap,VNAP25-8C65EB4879,VNAP25-972B3E8BC8,Bình Thạnh,Binh Thanh
VN-20,Đồng Tháp,Dong Thap,VNAP25-F708C1D942,VNAP25-972B3E8BC8,Gáo Giồng,Gao Giong
VN-20,Đồng Tháp,Dong Thap,VNAP25-A729ABEF7D,VNAP25-972B3E8BC8,Mỹ Hiệp,My Hiep
VN-20,Đồng Tháp,Dong Thap,VNAP25-0393EBF9EF,VNAP25-972B3E8BC8,Mỹ Hội,My Hoi
VN-20,Đồng Tháp,Dong Thap,VNAP25-9C0E4C2E79,VNAP25-972B3E8BC8,Mỹ Long,My Long
VN-20,Đồng Tháp,Dong Thap,VNAP25-D5115041DF,VNAP25-972B3E8BC8,Mỹ Thọ (Thị trấn),My Tho (Town)
VN-20,Đồng Tháp,Dong Thap,VNAP25-F6347A9487,VNAP25-972B3E8BC8,Mỹ Thọ (Xã),My Tho (Commune)
VN-20,Đồng Tháp,Dong Thap,VNAP25-36984001DA,VNAP25-972B3E8BC8,Mỹ Xương,My Xuong
VN-20,Đồng Tháp,Dong Thap,VNAP25-F45B746086,VNAP25-972B3E8BC8,Nhị Mỹ,Nhi My
VN-20,Đồng Tháp,Dong Thap,VNAP25-0C983ADD70,VNAP25-972B3E8BC8,Phong Mỹ,Phong My
VN-20,Đồng Tháp,Dong Thap,VNAP25-F9F04D507E,VNAP25-972B3E8BC8,Phương Thịnh,Phuong Thinh
VN-20,Đồng Tháp,Dong Thap,VNAP25-36D1A6272A,VNAP25-972B3E8BC8,Phương Trà,Phuong Tra
VN-20,Đồng Tháp,Dong Thap,VNAP25-BC01C8D9DA,VNAP25-972B3E8BC8,Tân Hội Trung,Tan Hoi Trung
VN-20,Đồng Tháp,Dong Thap,VNAP25-409F325739,VNAP25-972B3E8BC8,Tân Nghĩa,Tan Nghia
VN-20,Đồng Tháp,Dong Thap,VNAP25-91B8968484,,Châu Thành,Chau Thanh
VN-20,Đồng Tháp,Dong Thap,VNAP25-4BF07D4C4F,VNAP25-91B8968484,An Hiệp,An Hiep
VN-20,Đồng Tháp,Dong Thap,VNAP25-2F8DEAB484,VNAP25-91B8968484,An Khánh,An Khanh
VN-20,Đồng Tháp,Dong Thap,VNAP25-915EC7715D,VNAP25-91B8968484,An Nhơn,An Nhon
VN-20,Đồng Tháp,Dong Thap,VNAP25-DDBB3C49BD,VNAP25-91B8968484,An Phú Thuận,An Phu Thuan
VN-20,Đồng Tháp,Dong Thap,VNAP25-B285CC67F4,VNAP25-91B8968484,Cái Tàu Hạ,Cai Tau Ha
VN-20,Đồng Tháp,Dong Thap,VNAP25-E88C774DC9,VNAP25-91B8968484,Hòa Tân,Hoa Tan
VN-20,Đồng Tháp,Dong Thap,VNAP25-C0E9763A82,VNAP25-91B8968484,Phú Hựu,Phu Huu
VN-20,Đồng Tháp,Dong Thap,VNAP25-D8C9859384,VNAP25-91B8968484,Phú Long,Phu Long
VN-20,Đồng Tháp,Dong Thap,VNAP25-5F2F15CEE1,VNAP25-91B8968484,Tân Bình,Tan Binh
VN-20,Đồng Tháp,Dong Thap,VNAP25-7E9157284B,VNAP25-91B8968484,Tân Nhuận Đông,Tan Nhuan Dong
VN-20,Đồng Tháp,Dong Thap,VNAP25-617465F60D,VNAP25-91B8968484,Tân Phú,Tan Phu
VN-20,Đồng Tháp,Dong Thap,VNAP25-802D5C1A94,VNAP25-91B8968484,Tân Phú Trung,Tan Phu Trung
VN-20,Đồng Tháp,Dong Thap,VNAP25-5D463493F3,,Hồng Ngự (Thành phố),Hong Ngu (City)
VN-20,Đồng Tháp,Dong Thap,VNAP25-A8D491F79F,VNAP25-5D463493F3,An Bình A,An Binh A
VN-20,Đồng Tháp,Dong Thap,VNAP25-963B4F6F46,VNAP25-5D463493F3,An Bình B,An Binh B
VN-20,Đồng Tháp,Dong Thap,VNAP25-3DCC97F2F4,VNAP25-5D463493F3,An Lạc,An Lac
VN-20,Đồng Tháp,Dong Thap,VNAP25-F07EF2B379,VNAP25-5D463493F3,An Lộc,An Loc
VN-20,Đồng Tháp,Dong Thap,VNAP25-9DD70271DE,VNAP25-5D463493F3,An Thạnh,An Thanh
VN-20,Đồng Tháp,Dong Thap,VNAP25-82D871B7E4,VNAP25-5D463493F3,Bình Thạnh,Binh Thanh
VN-20,Đồng Tháp,Dong Thap,VNAP25-3AA37443AF,VNAP25-5D463493F3,Tân Hội,Tan Hoi
VN-20,Đồng Tháp,Dong Thap,VNAP25-2DF5650FDE,,Hồng Ngự (Huyện),Hong Ngu (District)
VN-20,Đồng Tháp,Dong Thap,VNAP25-DED75F7E95,VNAP25-2DF5650FDE,Long Khánh A,Long Khanh A
VN-20,Đồng Tháp,Dong Thap,VNAP25-20EC477DA3,VNAP25-2DF5650FDE,Long Khánh B,Long Khanh B
VN-20,Đồng Tháp,Dong Thap,VNAP25-35B4C0E1F1,VNAP25-2DF5650FDE,Long Thuận,Long Thuan
VN-20,Đồng Tháp,Dong Thap,VNAP25-5B7C963068,VNAP25-2DF5650FDE,Phú Thuận A,Phu Thuan A
VN-20,Đồng Tháp,Dong Thap,VNAP25-EEF14F317D,VNAP25-2DF5650FDE,Phú Thuận B,Phu Thuan B
VN-20,Đồng Tháp,Dong Thap,VNAP25-4270BA7319,VNAP25-2DF5650FDE,Thường Lạc,Thuong Lac
VN-20,Đồng Tháp,Dong Thap,VNAP25-93EFC47698,VNAP25-2DF5650FDE,Thường Phước 1,Thuong Phuoc 1
VN-20,Đồng Tháp,Dong Thap,VNAP25-306780DF5C,VNAP25-2DF5650FDE,Thường Phước 2,Thuong Phuoc 2
VN-20,Đồng Tháp,Dong Thap,VNAP25-843D3CBE55,VNAP25-2DF5650FDE,Thường Thới Hậu A,Thuong Thoi Hau A
VN-20,Đồng Tháp,Dong Thap,VNAP25-DFAF2E757F,VNAP25-2DF5650FDE,Thường Thới Tiền,Thuong Thoi Tien
VN-20,Đồng Tháp,Dong Thap,VNAP25-6650D2B4E9,,Lai Vung,Lai Vung
VN-20,Đồng Tháp,Dong Thap,VNAP25-1A949E26A7,VNAP25-6650D2B4E9,Định Hòa,Dinh Hoa
VN-20,Đồng Tháp,Dong Thap,VNAP25-7EBD2FFD8B,VNAP25-6650D2B4E9,Hòa Long,Hoa Long
VN-20,Đồng Tháp,Dong Thap,VNAP25-427067C63B,VNAP25-6650D2B4E9,Hòa Thành,Hoa Thanh
VN-20,Đồng Tháp,Dong Thap,VNAP25-FD83498874,VNAP25-6650D2B4E9,Lai Vung,Lai Vung
VN-20,Đồng Tháp,Dong Thap,VNAP25-8DB34B69E3,VNAP25-6650D2B4E9,Long Hậu,Long Hau
VN-20,Đồng Tháp,Dong Thap,VNAP25-3A1CF7DA29,VNAP25-6650D2B4E9,Long Thắng,Long Thang
VN-20,Đồng Tháp,Dong Thap,VNAP25-2D769BB9BB,VNAP25-6650D2B4E9,Phong Hòa,Phong Hoa
VN-20,Đồng Tháp,Dong Thap,VNAP25-EE17333F5C,VNAP25-6650D2B4E9,Tân Dương,Tan Duong
VN-20,Đồng Tháp,Dong Thap,VNAP25-6B406A64F2,VNAP25-6650D2B4E9,Tân Hòa,Tan Hoa
VN-20,Đồng Tháp,Dong Thap,VNAP25-0D13575F34,VNAP25-6650D2B4E9,Tân Phước,Tan Phuoc
VN-20,Đồng Tháp,Dong Thap,VNAP25-5821E58926,VNAP25-6650D2B4E9,Tân Thành,Tan Thanh
VN-20,Đồng Tháp,Dong Thap,VNAP25-0781440E49,VNAP25-6650D2B4E9,Vĩnh Thới,Vinh Thoi
VN-20,Đồng Tháp,Dong Thap,VNAP25-3F602D3AFD,,Lấp Vò,Lap Vo
VN-20,Đồng Tháp,Dong Thap,VNAP25-E3451187F4,VNAP25-3F602D3AFD,Bình Thành,Binh Thanh
VN-20,Đồng Tháp,Dong Thap,VNAP25-C4019283E9,VNAP25-3F602D3AFD,Bình Thạnh Trung,Binh Thanh Trung
VN-20,Đồng Tháp,Dong Thap,VNAP25-54D2A8C5AD,VNAP25-3F602D3AFD,Định An,Dinh An
VN-20,Đồng Tháp,Dong Thap,VNAP25-A6C261CF5F,VNAP25-3F602D3AFD,Định Yên,Dinh Yen
VN-20,Đồng Tháp,Dong Thap,VNAP25-47E4D6D103,VNAP25-3F602D3AFD,Hội An Đông,Hoi An Dong
VN-20,Đồng Tháp,Dong Thap,VNAP25-6211EC1474,VNAP25-3F602D3AFD,Lấp Vò,Lap Vo
VN-20,Đồng Tháp,Dong Thap,VNAP25-39BF2ECA13,VNAP25-3F602D3AFD,Long Hưng A,Long Hung A
VN-20,Đồng Tháp,Dong Thap,VNAP25-E302EB9FAD,VNAP25-3F602D3AFD,Long Hưng B,Long Hung B
VN-20,Đồng Tháp,Dong Thap,VNAP25-AB76C00BEF,VNAP25-3F602D3AFD,Mỹ An Hưng A,My An Hung A
VN-20,Đồng Tháp,Dong Thap,VNAP25-B15A8EA259,VNAP25-3F602D3AFD,Mỹ An Hưng B,My An Hung B
VN-20,Đồng Tháp,Dong Thap,VNAP25-6B9CD7B64C,VNAP25-3F602D3AFD,Tân Khánh Trung,Tan Khanh Trung
VN-20,Đồng Tháp,Dong Thap,VNAP25-AE5B0F9812,VNAP25-3F602D3AFD,Tân Mỹ,Tan My
VN-20,Đồng Tháp,Dong Thap,VNAP25-70D00DA43B,VNAP25-3F602D3AFD,Vĩnh Thạnh,Vinh Thanh
VN-20,Đồng Tháp,Dong Thap,VNAP25-ADAD239935,,Sa Đéc,Sa Dec
VN-20,Đồng Tháp,Dong Thap,VNAP25-518314A096,VNAP25-ADAD239935,1,1
VN-20,Đồng Tháp,Dong Thap,VNAP25-28733B386E,VNAP25-ADAD239935,2,2
VN-20,Đồng Tháp,Dong Thap,VNAP25-C47EE2EEAC,VNAP25-ADAD239935,3,3
VN-20,Đồng Tháp,Dong Thap,VNAP25-C7CC1530E2,VNAP25-ADAD239935,4,4
VN-20,Đồng Tháp,Dong Thap,VNAP25-ABF8D1DC71,VNAP25-ADAD239935,An Hòa,An Hoa
VN-20,Đồng Tháp,Dong Thap,VNAP25-D03655EF2B,VNAP25-ADAD239935,Tân Khánh Đông,Tan Khanh Dong
VN-20,Đồng Tháp,Dong Thap,VNAP25-DB8F111522,VNAP25-ADAD239935,Tân Phú Đông,Tan Phu Dong
VN-20,Đồng Tháp,Dong Thap,VNAP25-DDC028F590,VNAP25-ADAD239935,Tân Quy Đông,Tan Quy Dong
VN-20,Đồng Tháp,Dong Thap,VNAP25-C47987CF16,VNAP25-ADAD239935,Tân Quy Tây,Tan Quy Tay
VN-20,Đồng Tháp,Dong Thap,VNAP25-CBBECC025A,,Tam Nông,Tam Nong
VN-20,Đồng Tháp,Dong Thap,VNAP25-69953CBB67,VNAP25-CBBECC025A,An Hòa,An Hoa
VN-20,Đồng Tháp,Dong Thap,VNAP25-2D25F9B249,VNAP25-CBBECC025A,An Long,An Long
VN-20,Đồng Tháp,Dong Thap,VNAP25-F868821549,VNAP25-CBBECC025A,Hòa Bình,Hoa Binh
VN-20,Đồng Tháp,Dong Thap,VNAP25-D11FE86D6C,VNAP25-CBBECC025A,Phú Cường,Phu Cuong
VN-20,Đồng Tháp,Dong Thap,VNAP25-BAF0BC386C,VNAP25-CBBECC025A,Phú Đức,Phu Duc
VN-20,Đồng Tháp,Dong Thap,VNAP25-2855A76FB3,VNAP25-CBBECC025A,Phú Hiệp,Phu Hiep
VN-20,Đồng Tháp,Dong Thap,VNAP25-77322E4654,VNAP25-CBBECC025A,Phú Ninh,Phu Ninh
VN-20,Đồng Tháp,Dong Thap,VNAP25-2F01CE9CCF,VNAP25-CBBECC025A,Phú Thành A,Phu Thanh A
VN-20,Đồng Tháp,Dong Thap,VNAP25-871534E99C,VNAP25-CBBECC025A,Phú Thành B,Phu Thanh B
VN-20,Đồng Tháp,Dong Thap,VNAP25-7358E95845,VNAP25-CBBECC025A,Phú Thọ,Phu Tho
VN-20,Đồng Tháp,Dong Thap,VNAP25-2AC5A1312F,VNAP25-CBBECC025A,Tân Công Sính,Tan Cong Sinh
VN-20,Đồng Tháp,Dong Thap,VNAP25-439E883FF9,VNAP25-CBBECC025A,Tràm Chim,Tram Chim
VN-20,Đồng Tháp,Dong Thap,VNAP25-BD2E468E51,,Tân Hồng,Tan Hong
VN-20,Đồng Tháp,Dong Thap,VNAP25-DA7E08B8CD,VNAP25-BD2E468E51,An Phước,An Phuoc
VN-20,Đồng Tháp,Dong Thap,VNAP25-4AC2226192,VNAP25-BD2E468E51,Bình Phú,Binh Phu
VN-20,Đồng Tháp,Dong Thap,VNAP25-79CE433185,VNAP25-BD2E468E51,Sa Rài,Sa Rai
VN-20,Đồng Tháp,Dong Thap,VNAP25-97DE6F4620,VNAP25-BD2E468E51,Tân Công Chí,Tan Cong Chi
VN-20,Đồng Tháp,Dong Thap,VNAP25-FD2971409C,VNAP25-BD2E468E51,Tân Hộ Cơ,Tan Ho Co
VN-20,Đồng Tháp,Dong Thap,VNAP25-CCE4CB90E5,VNAP25-BD2E468E51,Tân Phước,Tan Phuoc
VN-20,Đồng Tháp,Dong Thap,VNAP25-9B256DF8F2,VNAP25-BD2E468E51,Tân Thành A,Tan Thanh A
VN-20,Đồng Tháp,Dong Thap,VNAP25-9FCC9986DB,VNAP25-BD2E468E51,Tân Thành B,Tan Thanh B
VN-20,Đồng Tháp,Dong Thap,VNAP25-97794D7EB5,VNAP25-BD2E468E51,Thông Bình,Thong Binh
VN-20,Đồng Tháp,Dong Thap,VNAP25-D4F8B71CAC,,Thanh Bình,Thanh Binh
VN-20,Đồng Tháp,Dong Thap,VNAP25-C5401755C9,VNAP25-D4F8B71CAC,An Phong,An Phong
VN-20,Đồng Tháp,Dong Thap,VNAP25-262D579FF2,VNAP25-D4F8B71CAC,Bình Tấn,Binh Tan
VN-20,Đồng Tháp,Dong Thap,VNAP25-78B23D7A6A,VNAP25-D4F8B71CAC,Bình Thành,Binh Thanh
VN-20,Đồng Tháp,Dong Thap,VNAP25-5476D44787,VNAP25-D4F8B71CAC,Phú Lợi,Phu Loi
VN-20,Đồng Tháp,Dong Thap,VNAP25-AE1F320A97,VNAP25-D4F8B71CAC,Tân Bình,Tan Binh
VN-20,Đồng Tháp,Dong Thap,VNAP25-3C677EF824,VNAP25-D4F8B71CAC,Tân Hòa,Tan Hoa
VN-20,Đồng Tháp,Dong Thap,VNAP25-581BF1A5E5,VNAP25-D4F8B71CAC,Tân Huề,Tan Hue
VN-20,Đồng Tháp,Dong Thap,VNAP25-B46AC95C0A,VNAP25-D4F8B71CAC,Tân Long,Tan Long
VN-20,Đồng Tháp,Dong Thap,VNAP25-280D3CCAC9,VNAP25-D4F8B71CAC,Tân Mỹ,Tan My
VN-20,Đồng Tháp,Dong Thap,VNAP25-0FA46A2E80,VNAP25-D4F8B71CAC,Tân Phú,Tan Phu
VN-20,Đồng Tháp,Dong Thap,VNAP25-F243CFFCCF,VNAP25-D4F8B71CAC,Tân Quới,Tan Quoi
VN-20,Đồng Tháp,Dong Thap,VNAP25-35CFFC6218,VNAP25-D4F8B71CAC,Tân Thạnh,Tan Thanh
VN-20,Đồng Tháp,Dong Thap,VNAP25-EDC46D5B36,VNAP25-D4F8B71CAC,Thanh Bình,Thanh Binh
VN-20,Đồng Tháp,Dong Thap,VNAP25-67EBCFAD00,,Tháp Mười,Thap Muoi
VN-20,Đồng Tháp,Dong Thap,VNAP25-A964BD2D8E,VNAP25-67EBCFAD00,Đốc Binh Kiều,Doc Binh Kieu
VN-20,Đồng Tháp,Dong Thap,VNAP25-DF12D67DC8,VNAP25-67EBCFAD00,Hưng Thạnh,Hung Thanh
VN-20,Đồng Tháp,Dong Thap,VNAP25-FB26AA8998,VNAP25-67EBCFAD00,Láng Biển,Lang Bien
VN-20,Đồng Tháp,Dong Thap,VNAP25-CAE51659D9,VNAP25-67EBCFAD00,Mỹ An (Thị trấn),My An (Town)
VN-20,Đồng Tháp,Dong Thap,VNAP25-B975A7FA48,VNAP25-67EBCFAD00,Mỹ An (Xã),My An (Commune)
VN-20,Đồng Tháp,Dong Thap,VNAP25-27FBC71965,VNAP25-67EBCFAD00,Mỹ Đông,My Dong
VN-20,Đồng Tháp,Dong Thap,VNAP25-7DF046F3B1,VNAP25-67EBCFAD00,Mỹ Hòa,My Hoa
VN-20,Đồng Tháp,Dong Thap,VNAP25-2170D3783D,VNAP25-67EBCFAD00,Mỹ Quý,My Quy
VN-20,Đồng Tháp,Dong Thap,VNAP25-6829A427CC,VNAP25-67EBCFAD00,Phú Điền,Phu Dien
VN-20,Đồng Tháp,Dong Thap,VNAP25-2E82D3EECF,VNAP25-67EBCFAD00,Tân Kiều,Tan Kieu
VN-20,Đồng Tháp,Dong Thap,VNAP25-86177546AB,VNAP25-67EBCFAD00,Thạnh Lợi,Thanh Loi
VN-20,Đồng Tháp,Dong Thap,VNAP25-3317D39353,VNAP25-67EBCFAD00,Thạnh Mỹ,Thanh My
VN-20,Đồng Tháp,Dong Thap,VNAP25-C4A2DE5E6E,VNAP25-67EBCFAD00,Trường Xuân,Truong Xuan
VN-21,Gia Lai,Gia Lai,VNAP25-189CCA7B8E,,An Khê,An Khe
VN-21,Gia Lai,Gia Lai,VNAP25-D6E2D113B7,VNAP25-189CCA7B8E,An Bình,An Binh
VN-21,Gia Lai,Gia Lai,VNAP25-AE474ABA9C,VNAP25-189CCA7B8E,An Phú,An Phu
VN-21,Gia Lai,Gia Lai,VNAP25-9FAB663A18,VNAP25-189CCA7B8E,An Phước,An Phuoc
VN-21,Gia Lai,Gia Lai,VNAP25-421DB24F51,VNAP25-189CCA7B8E,An Tân,An Tan
VN-21,Gia Lai,Gia Lai,VNAP25-095D6CDD03,VNAP25-189CCA7B8E,Cửu An,Cuu An
VN-21,Gia Lai,Gia Lai,VNAP25-06B7CB61D5,VNAP25-189CCA7B8E,Ngô Mây,Ngo May
VN-21,Gia Lai,Gia Lai,VNAP25-79A761C736,VNAP25-189CCA7B8E,Song An,Song An
VN-21,Gia Lai,Gia Lai,VNAP25-39851AFE06,VNAP25-189CCA7B8E,Tây Sơn,Tay Son
VN-21,Gia Lai,Gia Lai,VNAP25-7D3A2B9EF9,VNAP25-189CCA7B8E,Thành An,Thanh An
VN-21,Gia Lai,Gia Lai,VNAP25-E3987D1A0D,VNAP25-189CCA7B8E,Tú An,Tu An
VN-21,Gia Lai,Gia Lai,VNAP25-DE473272F6,VNAP25-189CCA7B8E,Xuân An,Xuan An
VN-21,Gia Lai,Gia Lai,VNAP25-CE22483AB5,,AYun Pa,AYun Pa
VN-21,Gia Lai,Gia Lai,VNAP25-42B175AA68,VNAP25-CE22483AB5,Cheo Reo,Cheo Reo
VN-21,Gia Lai,Gia Lai,VNAP25-512837FE79,VNAP25-CE22483AB5,Chư Băh,Chu Bah
VN-21,Gia Lai,Gia Lai,VNAP25-58597D451A,VNAP25-CE22483AB5,Đoàn Kết,Doan Ket
VN-21,Gia Lai,Gia Lai,VNAP25-8A1D80C1AC,VNAP25-CE22483AB5,Hòa Bình,Hoa Binh
VN-21,Gia Lai,Gia Lai,VNAP25-80D15EF71B,VNAP25-CE22483AB5,Ia Rbol,Ia Rbol
VN-21,Gia Lai,Gia Lai,VNAP25-CBDC14B630,VNAP25-CE22483AB5,Ia Rtô,Ia Rto
VN-21,Gia Lai,Gia Lai,VNAP25-CCD51DF235,VNAP25-CE22483AB5,Ia Sao,Ia Sao
VN-21,Gia Lai,Gia Lai,VNAP25-697968B411,VNAP25-CE22483AB5,Sông Bờ,Song Bo
VN-21,Gia Lai,Gia Lai,VNAP25-7FB449A049,,Chư Păh,Chu Pah
VN-21,Gia Lai,Gia Lai,VNAP25-B803DCF2B7,VNAP25-7FB449A049,Chư Đăng Ya,Chu Dang Ya
VN-21,Gia Lai,Gia Lai,VNAP25-5FE41AF769,VNAP25-7FB449A049,Đăk Tơ Ver,Dak To Ver
VN-21,Gia Lai,Gia Lai,VNAP25-1600C7A8A5,VNAP25-7FB449A049,Hà Tây,Ha Tay
VN-21,Gia Lai,Gia Lai,VNAP25-52C86966F2,VNAP25-7FB449A049,Hòa Phú,Hoa Phu
VN-21,Gia Lai,Gia Lai,VNAP25-1490242CD5,VNAP25-7FB449A049,Ia Ka,Ia Ka
VN-21,Gia Lai,Gia Lai,VNAP25-DBB23690D0,VNAP25-7FB449A049,Ia Khươl,Ia Khuol
VN-21,Gia Lai,Gia Lai,VNAP25-17E60A27A0,VNAP25-7FB449A049,Ia Kreng,Ia Kreng
VN-21,Gia Lai,Gia Lai,VNAP25-B2B573799D,VNAP25-7FB449A049,Ia Ly,Ia Ly
VN-21,Gia Lai,Gia Lai,VNAP25-815782C589,VNAP25-7FB449A049,Ia Mơ Nông,Ia Mo Nong
VN-21,Gia Lai,Gia Lai,VNAP25-81D866A00E,VNAP25-7FB449A049,Ia Nhin,Ia Nhin
VN-21,Gia Lai,Gia Lai,VNAP25-5D3CEF7BFB,VNAP25-7FB449A049,Ia Phí,Ia Phi
VN-21,Gia Lai,Gia Lai,VNAP25-39A9063A43,VNAP25-7FB449A049,Nghĩa Hòa,Nghia Hoa
VN-21,Gia Lai,Gia Lai,VNAP25-DA5FD1269B,VNAP25-7FB449A049,Nghĩa Hưng,Nghia Hung
VN-21,Gia Lai,Gia Lai,VNAP25-5C8F0D911F,VNAP25-7FB449A049,Phú Hòa,Phu Hoa
VN-21,Gia Lai,Gia Lai,VNAP25-8C33BBC8B5,,Chư Prông,Chu Prong
VN-21,Gia Lai,Gia Lai,VNAP25-CE1FA60DF3,VNAP25-8C33BBC8B5,Bàu Cạn,Bau Can
VN-21,Gia Lai,Gia Lai,VNAP25-EB2252D16B,VNAP25-8C33BBC8B5,Bình Giáo,Binh Giao
VN-21,Gia Lai,Gia Lai,VNAP25-015D8A3DF8,VNAP25-8C33BBC8B5,Chư Prông,Chu Prong
VN-21,Gia Lai,Gia Lai,VNAP25-A86828D22F,VNAP25-8C33BBC8B5,Ia Bang,Ia Bang
VN-21,Gia Lai,Gia Lai,VNAP25-B87D973FF1,VNAP25-8C33BBC8B5,Ia Băng,Ia Bang
VN-21,Gia Lai,Gia Lai,VNAP25-DE98DB0865,VNAP25-8C33BBC8B5,Ia Boòng,Ia Boong
VN-21,Gia Lai,Gia Lai,VNAP25-145E3AD644,VNAP25-8C33BBC8B5,Ia Drăng,Ia Drang
VN-21,Gia Lai,Gia Lai,VNAP25-FADA99983E,VNAP25-8C33BBC8B5,Ia Ga,Ia Ga
VN-21,Gia Lai,Gia Lai,VNAP25-76D6D60820,VNAP25-8C33BBC8B5,Ia Kly,Ia Kly
VN-21,Gia Lai,Gia Lai,VNAP25-F370D7C2D9,VNAP25-8C33BBC8B5,Ia Lâu,Ia Lau
VN-21,Gia Lai,Gia Lai,VNAP25-4655D107AD,VNAP25-8C33BBC8B5,Ia Me,Ia Me
VN-21,Gia Lai,Gia Lai,VNAP25-A168F21115,VNAP25-8C33BBC8B5,Ia Mơ,Ia Mo
VN-21,Gia Lai,Gia Lai,VNAP25-2DC4F6E914,VNAP25-8C33BBC8B5,Ia O,Ia O
VN-21,Gia Lai,Gia Lai,VNAP25-325E65A5C8,VNAP25-8C33BBC8B5,Ia Phìn,Ia Phin
VN-21,Gia Lai,Gia Lai,VNAP25-1876644013,VNAP25-8C33BBC8B5,Ia Pia,Ia Pia
VN-21,Gia Lai,Gia Lai,VNAP25-5895282D8C,VNAP25-8C33BBC8B5,Ia Piơr,Ia Pior
VN-21,Gia Lai,Gia Lai,VNAP25-C8FD36D0F8,VNAP25-8C33BBC8B5,Ia Púch,Ia Puch
VN-21,Gia Lai,Gia Lai,VNAP25-3870F8F104,VNAP25-8C33BBC8B5,Ia Tôr,Ia Tor
VN-21,Gia Lai,Gia Lai,VNAP25-A1688AF025,VNAP25-8C33BBC8B5,Ia Vê,Ia Ve
VN-21,Gia Lai,Gia Lai,VNAP25-D4CAAB9504,VNAP25-8C33BBC8B5,Thăng Hưng,Thang Hung
VN-21,Gia Lai,Gia Lai,VNAP25-04AB39A61A,,Chư Pưh,Chu Puh
VN-21,Gia Lai,Gia Lai,VNAP25-FE5F3D511A,VNAP25-04AB39A61A,Chư Don,Chu Don
VN-21,Gia Lai,Gia Lai,VNAP25-FBC4C0408C,VNAP25-04AB39A61A,Ia Blứ,Ia Blu
VN-21,Gia Lai,Gia Lai,VNAP25-9DB250E5A2,VNAP25-04AB39A61A,Ia Dreng,Ia Dreng
VN-21,Gia Lai,Gia Lai,VNAP25-0C2DA28773,VNAP25-04AB39A61A,Ia Hla,Ia Hla
VN-21,Gia Lai,Gia Lai,VNAP25-951E4C709B,VNAP25-04AB39A61A,Ia Hrú,Ia Hru
VN-21,Gia Lai,Gia Lai,VNAP25-0123F0706B,VNAP25-04AB39A61A,Ia Le,Ia Le
VN-21,Gia Lai,Gia Lai,VNAP25-5F07EE086D,VNAP25-04AB39A61A,Ia Phang,Ia Phang
VN-21,Gia Lai,Gia Lai,VNAP25-9BC73079FC,VNAP25-04AB39A61A,Ia Rong,Ia Rong
VN-21,Gia Lai,Gia Lai,VNAP25-1D37C54F09,VNAP25-04AB39A61A,Nhơn Hòa,Nhon Hoa
VN-21,Gia Lai,Gia Lai,VNAP25-CD34D83D97,,Chư Sê,Chu Se
VN-21,Gia Lai,Gia Lai,VNAP25-A6241FA388,VNAP25-CD34D83D97,Al Bá,Al Ba
VN-21,Gia Lai,Gia Lai,VNAP25-445A70133F,VNAP25-CD34D83D97,Ayun,Ayun
VN-21,Gia Lai,Gia Lai,VNAP25-92C59EDF62,VNAP25-CD34D83D97,Bar Măih,Bar Maih
VN-21,Gia Lai,Gia Lai,VNAP25-BC976BA806,VNAP25-CD34D83D97,Bờ Ngoong,Bo Ngoong
VN-21,Gia Lai,Gia Lai,VNAP25-7849A232F7,VNAP25-CD34D83D97,Chư Pơng,Chu Pong
VN-21,Gia Lai,Gia Lai,VNAP25-971157A8EE,VNAP25-CD34D83D97,Chư Sê,Chu Se
VN-21,Gia Lai,Gia Lai,VNAP25-F16D64761A,VNAP25-CD34D83D97,Dun,Dun
VN-21,Gia Lai,Gia Lai,VNAP25-00F1EF0715,VNAP25-CD34D83D97,H Bông,H Bong
VN-21,Gia Lai,Gia Lai,VNAP25-9C372A4E92,VNAP25-CD34D83D97,Ia Blang,Ia Blang
VN-21,Gia Lai,Gia Lai,VNAP25-433FD8F179,VNAP25-CD34D83D97,Ia GLai,Ia GLai
VN-21,Gia Lai,Gia Lai,VNAP25-564349B764,VNAP25-CD34D83D97,Ia Hlốp,Ia Hlop
VN-21,Gia Lai,Gia Lai,VNAP25-2F01A9FBE8,VNAP25-CD34D83D97,Ia Ko,Ia Ko
VN-21,Gia Lai,Gia Lai,VNAP25-A6C6A6CB1E,VNAP25-CD34D83D97,Ia Pal,Ia Pal
VN-21,Gia Lai,Gia Lai,VNAP25-471C0531BF,VNAP25-CD34D83D97,Ia Tiêm,Ia Tiem
VN-21,Gia Lai,Gia Lai,VNAP25-78387DC912,VNAP25-CD34D83D97,Kông Htok,Kong Htok
VN-21,Gia Lai,Gia Lai,VNAP25-B89F6D569A,,Đăk Đoa,Dak Doa
VN-21,Gia Lai,Gia Lai,VNAP25-3844E6F8D8,VNAP25-B89F6D569A,A Dơk,A Dok
VN-21,Gia Lai,Gia Lai,VNAP25-EAB618B1E0,VNAP25-B89F6D569A,Đăk Đoa,Dak Doa
VN-21,Gia Lai,Gia Lai,VNAP25-6F8C8295F7,VNAP25-B89F6D569A,Đăk Krong,Dak Krong
VN-21,Gia Lai,Gia Lai,VNAP25-1711F8C6F3,VNAP25-B89F6D569A,Đăk Sơmei,Dak Somei
VN-21,Gia Lai,Gia Lai,VNAP25-1E9527CB24,VNAP25-B89F6D569A,Glar,Glar
VN-21,Gia Lai,Gia Lai,VNAP25-CE4F770A09,VNAP25-B89F6D569A,H'Neng,H'Neng
VN-21,Gia Lai,Gia Lai,VNAP25-62F66F503D,VNAP25-B89F6D569A,Hà Bầu,Ha Bau
VN-21,Gia Lai,Gia Lai,VNAP25-98767C5B2B,VNAP25-B89F6D569A,Hà Đông,Ha Dong
VN-21,Gia Lai,Gia Lai,VNAP25-FE7FDFF07B,VNAP25-B89F6D569A,Hải Yang,Hai Yang
VN-21,Gia Lai,Gia Lai,VNAP25-DF10574EEF,VNAP25-B89F6D569A,HNol,HNol
VN-21,Gia Lai,Gia Lai,VNAP25-70CC24D6A6,VNAP25-B89F6D569A,Ia Băng,Ia Bang
VN-21,Gia Lai,Gia Lai,VNAP25-1D5D4A704B,VNAP25-B89F6D569A,Ia Pết,Ia Pet
VN-21,Gia Lai,Gia Lai,VNAP25-533014ACE4,VNAP25-B89F6D569A,K'Dang,K'Dang
VN-21,Gia Lai,Gia Lai,VNAP25-EB7B240999,VNAP25-B89F6D569A,Kon Gang,Kon Gang
VN-21,Gia Lai,Gia Lai,VNAP25-6F87CD6DA9,VNAP25-B89F6D569A,Nam Yang,Nam Yang
VN-21,Gia Lai,Gia Lai,VNAP25-ED293BC07B,VNAP25-B89F6D569A,Tân Bình,Tan Binh
VN-21,Gia Lai,Gia Lai,VNAP25-8954144E97,VNAP25-B89F6D569A,Trang,Trang
VN-21,Gia Lai,Gia Lai,VNAP25-024AB3DB98,,Đăk Pơ,Dak Po
VN-21,Gia Lai,Gia Lai,VNAP25-E1544FA63A,VNAP25-024AB3DB98,An Thành,An Thanh
VN-21,Gia Lai,Gia Lai,VNAP25-BA25C2DDB2,VNAP25-024AB3DB98,Cư An,Cu An
VN-21,Gia Lai,Gia Lai,VNAP25-0B334D53DA,VNAP25-024AB3DB98,Đak Pơ,Dak Po
VN-21,Gia Lai,Gia Lai,VNAP25-5A7B4FA850,VNAP25-024AB3DB98,Hà Tam,Ha Tam
VN-21,Gia Lai,Gia Lai,VNAP25-62CB03C63B,VNAP25-024AB3DB98,Phú An,Phu An
VN-21,Gia Lai,Gia Lai,VNAP25-18710DDBD1,VNAP25-024AB3DB98,Tân An,Tan An
VN-21,Gia Lai,Gia Lai,VNAP25-43E80F6D62,VNAP25-024AB3DB98,Ya Hội,Ya Hoi
VN-21,Gia Lai,Gia Lai,VNAP25-473D4CAB3B,VNAP25-024AB3DB98,Yang Bắc,Yang Bac
VN-21,Gia Lai,Gia Lai,VNAP25-A3069B93C8,,Đức Cơ,Duc Co
VN-21,Gia Lai,Gia Lai,VNAP25-988FE45A83,VNAP25-A3069B93C8,Chư Ty,Chu Ty
VN-21,Gia Lai,Gia Lai,VNAP25-4486795CA4,VNAP25-A3069B93C8,Ia Din,Ia Din
VN-21,Gia Lai,Gia Lai,VNAP25-0316468629,VNAP25-A3069B93C8,Ia Dơk,Ia Dok
VN-21,Gia Lai,Gia Lai,VNAP25-B9388E64FA,VNAP25-A3069B93C8,Ia Dom,Ia Dom
VN-21,Gia Lai,Gia Lai,VNAP25-A59E79D6B2,VNAP25-A3069B93C8,Ia Kla,Ia Kla
VN-21,Gia Lai,Gia Lai,VNAP25-862DE2E8E5,VNAP25-A3069B93C8,Ia Krêl,Ia Krel
VN-21,Gia Lai,Gia Lai,VNAP25-48DC8DD4C1,VNAP25-A3069B93C8,Ia Kriêng,Ia Krieng
VN-21,Gia Lai,Gia Lai,VNAP25-8493EF5894,VNAP25-A3069B93C8,Ia Lang,Ia Lang
VN-21,Gia Lai,Gia Lai,VNAP25-D5AF9DD326,VNAP25-A3069B93C8,Ia Nan,Ia Nan
VN-21,Gia Lai,Gia Lai,VNAP25-B13AA86CA7,VNAP25-A3069B93C8,Ia Pnôn,Ia Pnon
VN-21,Gia Lai,Gia Lai,VNAP25-9ED1A41D2A,,Ia Grai,Ia Grai
VN-21,Gia Lai,Gia Lai,VNAP25-CC61F5AD16,VNAP25-9ED1A41D2A,Ia Bă,Ia Ba
VN-21,Gia Lai,Gia Lai,VNAP25-E051DC4F3D,VNAP25-9ED1A41D2A,Ia Chia,Ia Chia
VN-21,Gia Lai,Gia Lai,VNAP25-6DFB71EB07,VNAP25-9ED1A41D2A,Ia Dêr,Ia Der
VN-21,Gia Lai,Gia Lai,VNAP25-A78608842F,VNAP25-9ED1A41D2A,Ia Grăng,Ia Grang
VN-21,Gia Lai,Gia Lai,VNAP25-149276E957,VNAP25-9ED1A41D2A,Ia Hrung,Ia Hrung
VN-21,Gia Lai,Gia Lai,VNAP25-65298A3D9F,VNAP25-9ED1A41D2A,Ia Kha,Ia Kha
VN-21,Gia Lai,Gia Lai,VNAP25-159100AB86,VNAP25-9ED1A41D2A,Ia Khai,Ia Khai
VN-21,Gia Lai,Gia Lai,VNAP25-C9A42D9CB8,VNAP25-9ED1A41D2A,Ia Krai,Ia Krai
VN-21,Gia Lai,Gia Lai,VNAP25-770ACEECAB,VNAP25-9ED1A41D2A,Ia O,Ia O
VN-21,Gia Lai,Gia Lai,VNAP25-241A402208,VNAP25-9ED1A41D2A,Ia Pếch,Ia Pech
VN-21,Gia Lai,Gia Lai,VNAP25-1B2328FC53,VNAP25-9ED1A41D2A,Ia Sao,Ia Sao
VN-21,Gia Lai,Gia Lai,VNAP25-F2B440E0D5,VNAP25-9ED1A41D2A,Ia Tô,Ia To
VN-21,Gia Lai,Gia Lai,VNAP25-7B28C8FFEC,VNAP25-9ED1A41D2A,Ia Yok,Ia Yok
VN-21,Gia Lai,Gia Lai,VNAP25-A62CBC77B5,,Ia Pa,Ia Pa
VN-21,Gia Lai,Gia Lai,VNAP25-C0B9DEB8FC,VNAP25-A62CBC77B5,Chư Mố,Chu Mo
VN-21,Gia Lai,Gia Lai,VNAP25-FE1B147DBD,VNAP25-A62CBC77B5,Chư Răng,Chu Rang
VN-21,Gia Lai,Gia Lai,VNAP25-01DD3E362C,VNAP25-A62CBC77B5,Ia Broăi,Ia Broai
VN-21,Gia Lai,Gia Lai,VNAP25-1A6E1871D4,VNAP25-A62CBC77B5,Ia KDăm,Ia KDam
VN-21,Gia Lai,Gia Lai,VNAP25-B84CA2F602,VNAP25-A62CBC77B5,Ia Ma Rơn,Ia Ma Ron
VN-21,Gia Lai,Gia Lai,VNAP25-C26E323437,VNAP25-A62CBC77B5,Ia Trok,Ia Trok
VN-21,Gia Lai,Gia Lai,VNAP25-FB6189FCA2,VNAP25-A62CBC77B5,Ia Tul,Ia Tul
VN-21,Gia Lai,Gia Lai,VNAP25-3006EE064A,VNAP25-A62CBC77B5,Kim Tân,Kim Tan
VN-21,Gia Lai,Gia Lai,VNAP25-9EE4948E70,VNAP25-A62CBC77B5,Pờ Tó,Po To
VN-21,Gia Lai,Gia Lai,VNAP25-D9FAAA0038,,KBang,KBang
VN-21,Gia Lai,Gia Lai,VNAP25-2C8EDB0EFA,VNAP25-D9FAAA0038,Đăk Roong,Dak Roong
VN-21,Gia Lai,Gia Lai,VNAP25-7D5AED22FD,VNAP25-D9FAAA0038,Đak SMar,Dak SMar
VN-21,Gia Lai,Gia Lai,VNAP25-A79B51B74A,VNAP25-D9FAAA0038,Đông,Dong
VN-21,Gia Lai,Gia Lai,VNAP25-58A3788641,VNAP25-D9FAAA0038,KBang,KBang
VN-21,Gia Lai,Gia Lai,VNAP25-12365361F4,VNAP25-D9FAAA0038,Kon Pne,Kon Pne
VN-21,Gia Lai,Gia Lai,VNAP25-6116D9CC68,VNAP25-D9FAAA0038,Kông Lơng Khơng,Kong Long Khong
VN-21,Gia Lai,Gia Lai,VNAP25-6C4810B277,VNAP25-D9FAAA0038,Kông Pla,Kong Pla
VN-21,Gia Lai,Gia Lai,VNAP25-29F1A4568C,VNAP25-D9FAAA0038,Krong,Krong
VN-21,Gia Lai,Gia Lai,VNAP25-1C6B6AA742,VNAP25-D9FAAA0038,Lơ Ku,Lo Ku
VN-21,Gia Lai,Gia Lai,VNAP25-9BD65BA90D,VNAP25-D9FAAA0038,Nghĩa An,Nghia An
VN-21,Gia Lai,Gia Lai,VNAP25-8F9000332D,VNAP25-D9FAAA0038,Sơ Pai,So Pai
VN-21,Gia Lai,Gia Lai,VNAP25-05A30379B2,VNAP25-D9FAAA0038,Sơn Lang,Son Lang
VN-21,Gia Lai,Gia Lai,VNAP25-4921B3E6BB,VNAP25-D9FAAA0038,Tơ Tung,To Tung
VN-21,Gia Lai,Gia Lai,VNAP25-F7C60E640C,,Kông Chro,Kong Chro
VN-21,Gia Lai,Gia Lai,VNAP25-83B95DB75A,VNAP25-F7C60E640C,An Trung,An Trung
VN-21,Gia Lai,Gia Lai,VNAP25-79187D7397,VNAP25-F7C60E640C,Chơ Long,Cho Long
VN-21,Gia Lai,Gia Lai,VNAP25-A091CE3900,VNAP25-F7C60E640C,Chư Krêy,Chu Krey
VN-21,Gia Lai,Gia Lai,VNAP25-D09A35F15B,VNAP25-F7C60E640C,Đắk Kơ Ning,Dak Ko Ning
VN-21,Gia Lai,Gia Lai,VNAP25-742889FC64,VNAP25-F7C60E640C,Đăk Pling,Dak Pling
VN-21,Gia Lai,Gia Lai,VNAP25-77824C0448,VNAP25-F7C60E640C,Đăk Pơ Pho,Dak Po Pho
VN-21,Gia Lai,Gia Lai,VNAP25-3D410B8D33,VNAP25-F7C60E640C,Đăk Song,Dak Song
VN-21,Gia Lai,Gia Lai,VNAP25-3C64AC4EEE,VNAP25-F7C60E640C,Đăk Tơ Pang,Dak To Pang
VN-21,Gia Lai,Gia Lai,VNAP25-E0C12AE67E,VNAP25-F7C60E640C,Kông Chro,Kong Chro
VN-21,Gia Lai,Gia Lai,VNAP25-294CD66185,VNAP25-F7C60E640C,Kông Yang,Kong Yang
VN-21,Gia Lai,Gia Lai,VNAP25-0755196B55,VNAP25-F7C60E640C,Sró,Sro
VN-21,Gia Lai,Gia Lai,VNAP25-3EBE22C279,VNAP25-F7C60E640C,Ya Ma,Ya Ma
VN-21,Gia Lai,Gia Lai,VNAP25-CEE5A58744,VNAP25-F7C60E640C,Yang Nam,Yang Nam
VN-21,Gia Lai,Gia Lai,VNAP25-263CAF3443,VNAP25-F7C60E640C,Yang Trung,Yang Trung
VN-21,Gia Lai,Gia Lai,VNAP25-7ED948DBB5,,Krông Pa,Krong Pa
VN-21,Gia Lai,Gia Lai,VNAP25-E3EE7116DC,VNAP25-7ED948DBB5,Chư Drăng,Chu Drang
VN-21,Gia Lai,Gia Lai,VNAP25-06DC419E25,VNAP25-7ED948DBB5,Chư Gu,Chu Gu
VN-21,Gia Lai,Gia Lai,VNAP25-36F170BAA1,VNAP25-7ED948DBB5,Chư Ngọc,Chu Ngoc
VN-21,Gia Lai,Gia Lai,VNAP25-FEBC42F1CE,VNAP25-7ED948DBB5,Chư Rcăm,Chu Rcam
VN-21,Gia Lai,Gia Lai,VNAP25-9DF6590F0D,VNAP25-7ED948DBB5,Đất Bằng,Dat Bang
VN-21,Gia Lai,Gia Lai,VNAP25-15FC2ABE23,VNAP25-7ED948DBB5,Ia HDreh,Ia HDreh
VN-21,Gia Lai,Gia Lai,VNAP25-0B55A2B2AC,VNAP25-7ED948DBB5,Ia Mláh,Ia Mlah
VN-21,Gia Lai,Gia Lai,VNAP25-FC4291F670,VNAP25-7ED948DBB5,Ia Rmok,Ia Rmok
VN-21,Gia Lai,Gia Lai,VNAP25-47D50FC586,VNAP25-7ED948DBB5,Ia Rsai,Ia Rsai
VN-21,Gia Lai,Gia Lai,VNAP25-BF34D2DC02,VNAP25-7ED948DBB5,Ia Rsươm,Ia Rsuom
VN-21,Gia Lai,Gia Lai,VNAP25-73493BE124,VNAP25-7ED948DBB5,Krông Năng,Krong Nang
VN-21,Gia Lai,Gia Lai,VNAP25-D0C8C26B98,VNAP25-7ED948DBB5,Phú Cần,Phu Can
VN-21,Gia Lai,Gia Lai,VNAP25-099A08298F,VNAP25-7ED948DBB5,Phú Túc,Phu Tuc
VN-21,Gia Lai,Gia Lai,VNAP25-4ECFB1FA87,VNAP25-7ED948DBB5,Uar,Uar
VN-21,Gia Lai,Gia Lai,VNAP25-804960708E,,Mang Yang,Mang Yang
VN-21,Gia Lai,Gia Lai,VNAP25-D1FE6C758E,VNAP25-804960708E,Ayun,Ayun
VN-21,Gia Lai,Gia Lai,VNAP25-A689786C16,VNAP25-804960708E,Đăk Djrăng,Dak Djrang
VN-21,Gia Lai,Gia Lai,VNAP25-A02C65C97F,VNAP25-804960708E,Đak Jơ Ta,Dak Jo Ta
VN-21,Gia Lai,Gia Lai,VNAP25-C204E74660,VNAP25-804960708E,Đak Ta Ley,Dak Ta Ley
VN-21,Gia Lai,Gia Lai,VNAP25-C3422CFCF6,VNAP25-804960708E,Đăk Trôi,Dak Troi
VN-21,Gia Lai,Gia Lai,VNAP25-65D5C1D9E1,VNAP25-804960708E,Đăk Yă,Dak Ya
VN-21,Gia Lai,Gia Lai,VNAP25-900865B144,VNAP25-804960708E,Đê Ar,De Ar
VN-21,Gia Lai,Gia Lai,VNAP25-0D31F16A4C,VNAP25-804960708E,Hra,Hra
VN-21,Gia Lai,Gia Lai,VNAP25-07D17CC72B,VNAP25-804960708E,Kon Chiêng,Kon Chieng
VN-21,Gia Lai,Gia Lai,VNAP25-F914006532,VNAP25-804960708E,Kon Dơng,Kon Dong
VN-21,Gia Lai,Gia Lai,VNAP25-84F857A293,VNAP25-804960708E,Kon Thụp,Kon Thup
VN-21,Gia Lai,Gia Lai,VNAP25-D9C237E500,VNAP25-804960708E,Lơ Pang,Lo Pang
VN-21,Gia Lai,Gia Lai,VNAP25-6694E9F7C7,,Phú Thiện,Phu Thien
VN-21,Gia Lai,Gia Lai,VNAP25-B145D039A4,VNAP25-6694E9F7C7,Ayun Hạ,Ayun Ha
VN-21,Gia Lai,Gia Lai,VNAP25-9DB51334CA,VNAP25-6694E9F7C7,Chrôh Pơnan,Chroh Ponan
VN-21,Gia Lai,Gia Lai,VNAP25-F498F4670B,VNAP25-6694E9F7C7,Chư A Thai,Chu A Thai
VN-21,Gia Lai,Gia Lai,VNAP25-CEFB170483,VNAP25-6694E9F7C7,Ia Ake,Ia Ake
VN-21,Gia Lai,Gia Lai,VNAP25-2C26F3D7E5,VNAP25-6694E9F7C7,Ia Hiao,Ia Hiao
VN-21,Gia Lai,Gia Lai,VNAP25-3B41974364,VNAP25-6694E9F7C7,Ia Peng,Ia Peng
VN-21,Gia Lai,Gia Lai,VNAP25-4776189F50,VNAP25-6694E9F7C7,Ia Piar,Ia Piar
VN-21,Gia Lai,Gia Lai,VNAP25-AE5D3A30A7,VNAP25-6694E9F7C7,Ia Sol,Ia Sol
VN-21,Gia Lai,Gia Lai,VNAP25-1A24287E02,VNAP25-6694E9F7C7,Ia Yeng,Ia Yeng
VN-21,Gia Lai,Gia Lai,VNAP25-D7FBEEB47A,VNAP25-6694E9F7C7,Phú Thiện,Phu Thien
VN-21,Gia Lai,Gia Lai,VNAP25-52802C2BB9,,Pleiku,Pleiku
VN-21,Gia Lai,Gia Lai,VNAP25-4F9AB8EB20,VNAP25-52802C2BB9,An Phú,An Phu
VN-21,Gia Lai,Gia Lai,VNAP25-01AF628FEC,VNAP25-52802C2BB9,Biển Hồ,Bien Ho
VN-21,Gia Lai,Gia Lai,VNAP25-E0F688D80E,VNAP25-52802C2BB9,Chi Lăng,Chi Lang
VN-21,Gia Lai,Gia Lai,VNAP25-AB8BA86D94,VNAP25-52802C2BB9,Chư Á,Chu A
VN-21,Gia Lai,Gia Lai,VNAP25-090D5C27F8,VNAP25-52802C2BB9,Diên Hồng,Dien Hong
VN-21,Gia Lai,Gia Lai,VNAP25-C68C37E6BC,VNAP25-52802C2BB9,Diên Phú,Dien Phu
VN-21,Gia Lai,Gia Lai,VNAP25-893ABFDE45,VNAP25-52802C2BB9,Đống Đa,Dong Da
VN-21,Gia Lai,Gia Lai,VNAP25-C692D62C04,VNAP25-52802C2BB9,Gào,Gao
VN-21,Gia Lai,Gia Lai,VNAP25-38D4674339,VNAP25-52802C2BB9,Hoa Lư,Hoa Lu
VN-21,Gia Lai,Gia Lai,VNAP25-9A47D1DFAC,VNAP25-52802C2BB9,Hội Phú,Hoi Phu
VN-21,Gia Lai,Gia Lai,VNAP25-2D67B661AD,VNAP25-52802C2BB9,Hội Thương,Hoi Thuong
VN-21,Gia Lai,Gia Lai,VNAP25-2911589826,VNAP25-52802C2BB9,Ia Kênh,Ia Kenh
VN-21,Gia Lai,Gia Lai,VNAP25-A6F29784B9,VNAP25-52802C2BB9,Ia Kring,Ia Kring
VN-21,Gia Lai,Gia Lai,VNAP25-9A6470F56C,VNAP25-52802C2BB9,Phù Đổng,Phu Dong
VN-21,Gia Lai,Gia Lai,VNAP25-D9A66F80CA,VNAP25-52802C2BB9,Tây Sơn,Tay Son
VN-21,Gia Lai,Gia Lai,VNAP25-8905B6C719,VNAP25-52802C2BB9,Thắng Lợi,Thang Loi
VN-21,Gia Lai,Gia Lai,VNAP25-3BFF7807B9,VNAP25-52802C2BB9,Thống Nhất,Thong Nhat
VN-21,Gia Lai,Gia Lai,VNAP25-53A30A795C,VNAP25-52802C2BB9,Trà Bá,Tra Ba
VN-21,Gia Lai,Gia Lai,VNAP25-96FADAE299,VNAP25-52802C2BB9,Trà Đa,Tra Da
VN-21,Gia Lai,Gia Lai,VNAP25-6C8C280D0A,VNAP25-52802C2BB9,Yên Đỗ,Yen Do
VN-21,Gia Lai,Gia Lai,VNAP25-93F057E962,VNAP25-52802C2BB9,Yên Thế,Yen The
VN-22,Hà Giang,Ha Giang,VNAP25-6378811272,,Bắc Mê,Bac Me
VN-22,Hà Giang,Ha Giang,VNAP25-94701F4DF5,VNAP25-6378811272,Đường Âm,Duong Am
VN-22,Hà Giang,Ha Giang,VNAP25-1FD81DE630,VNAP25-6378811272,Đường Hồng,Duong Hong
VN-22,Hà Giang,Ha Giang,VNAP25-FFB9DFC927,VNAP25-6378811272,Giáp Trung,Giap Trung
VN-22,Hà Giang,Ha Giang,VNAP25-9C949CD75B,VNAP25-6378811272,Lạc Nông,Lac Nong
VN-22,Hà Giang,Ha Giang,VNAP25-373B250233,VNAP25-6378811272,Minh Ngọc,Minh Ngoc
VN-22,Hà Giang,Ha Giang,VNAP25-0219D9AA93,VNAP25-6378811272,Minh Sơn,Minh Son
VN-22,Hà Giang,Ha Giang,VNAP25-809952AA02,VNAP25-6378811272,Phiêng Luông,Phieng Luong
VN-22,Hà Giang,Ha Giang,VNAP25-D073C268E8,VNAP25-6378811272,Phú Nam,Phu Nam
VN-22,Hà Giang,Ha Giang,VNAP25-35A79C3773,VNAP25-6378811272,Thượng Tân,Thuong Tan
VN-22,Hà Giang,Ha Giang,VNAP25-7AD6184142,VNAP25-6378811272,Yên Cường,Yen Cuong
VN-22,Hà Giang,Ha Giang,VNAP25-2694D84193,VNAP25-6378811272,Yên Định,Yen Dinh
VN-22,Hà Giang,Ha Giang,VNAP25-C9FDDCED98,VNAP25-6378811272,Yên Phong,Yen Phong
VN-22,Hà Giang,Ha Giang,VNAP25-20F1F9BC06,VNAP25-6378811272,Yên Phú,Yen Phu
VN-22,Hà Giang,Ha Giang,VNAP25-0CEF99D683,,Bắc Quang,Bac Quang
VN-22,Hà Giang,Ha Giang,VNAP25-AC77C972AC,VNAP25-0CEF99D683,Bằng Hành,Bang Hanh
VN-22,Hà Giang,Ha Giang,VNAP25-499155CF42,VNAP25-0CEF99D683,Đồng Tâm,Dong Tam
VN-22,Hà Giang,Ha Giang,VNAP25-04C270CF31,VNAP25-0CEF99D683,Đông Thành,Dong Thanh
VN-22,Hà Giang,Ha Giang,VNAP25-B2D709B3D8,VNAP25-0CEF99D683,Đồng Tiến,Dong Tien
VN-22,Hà Giang,Ha Giang,VNAP25-20FE32DE9B,VNAP25-0CEF99D683,Đồng Yên,Dong Yen
VN-22,Hà Giang,Ha Giang,VNAP25-A999E61012,VNAP25-0CEF99D683,Đức Xuân,Duc Xuan
VN-22,Hà Giang,Ha Giang,VNAP25-DF66006C1F,VNAP25-0CEF99D683,Hùng An,Hung An
VN-22,Hà Giang,Ha Giang,VNAP25-1BEF92FEE8,VNAP25-0CEF99D683,Hữu Sản,Huu San
VN-22,Hà Giang,Ha Giang,VNAP25-3A9335CA1E,VNAP25-0CEF99D683,Kim Ngọc,Kim Ngoc
VN-22,Hà Giang,Ha Giang,VNAP25-064DFAA32E,VNAP25-0CEF99D683,Liên Hiệp,Lien Hiep
VN-22,Hà Giang,Ha Giang,VNAP25-08A499D82D,VNAP25-0CEF99D683,Quang Minh,Quang Minh
VN-22,Hà Giang,Ha Giang,VNAP25-A00F01F5E1,VNAP25-0CEF99D683,Tân Lập,Tan Lap
VN-22,Hà Giang,Ha Giang,VNAP25-415C78DA9A,VNAP25-0CEF99D683,Tân Quang,Tan Quang
VN-22,Hà Giang,Ha Giang,VNAP25-D21A5EA4B0,VNAP25-0CEF99D683,Tân Thành,Tan Thanh
VN-22,Hà Giang,Ha Giang,VNAP25-70858CF046,VNAP25-0CEF99D683,Thượng Bình,Thuong Binh
VN-22,Hà Giang,Ha Giang,VNAP25-FA1AB5C6DD,VNAP25-0CEF99D683,Tiên Kiều,Tien Kieu
VN-22,Hà Giang,Ha Giang,VNAP25-3A11DBD90F,VNAP25-0CEF99D683,Việt Hồng,Viet Hong
VN-22,Hà Giang,Ha Giang,VNAP25-E6D2D26206,VNAP25-0CEF99D683,Việt Quang,Viet Quang
VN-22,Hà Giang,Ha Giang,VNAP25-8C50C8B1ED,VNAP25-0CEF99D683,Việt Vinh,Viet Vinh
VN-22,Hà Giang,Ha Giang,VNAP25-65C56EE43E,VNAP25-0CEF99D683,Vĩnh Hảo,Vinh Hao
VN-22,Hà Giang,Ha Giang,VNAP25-E5AF50A189,VNAP25-0CEF99D683,Vĩnh Phúc,Vinh Phuc
VN-22,Hà Giang,Ha Giang,VNAP25-9C4B8F9464,VNAP25-0CEF99D683,Vĩnh Tuy,Vinh Tuy
VN-22,Hà Giang,Ha Giang,VNAP25-2175A791E1,VNAP25-0CEF99D683,Vô Điếm,Vo Diem
VN-22,Hà Giang,Ha Giang,VNAP25-FFABED4D1F,,Đồng Văn,Dong Van
VN-22,Hà Giang,Ha Giang,VNAP25-4DFB0F0516,VNAP25-FFABED4D1F,Đồng Văn,Dong Van
VN-22,Hà Giang,Ha Giang,VNAP25-F1EBF02D81,VNAP25-FFABED4D1F,Hố Quáng Phìn,Ho Quang Phin
VN-22,Hà Giang,Ha Giang,VNAP25-8D6921118B,VNAP25-FFABED4D1F,Lũng Cú,Lung Cu
VN-22,Hà Giang,Ha Giang,VNAP25-3E0793154D,VNAP25-FFABED4D1F,Lũng Phìn,Lung Phin
VN-22,Hà Giang,Ha Giang,VNAP25-FB80F5F71A,VNAP25-FFABED4D1F,Lũng Táo,Lung Tao
VN-22,Hà Giang,Ha Giang,VNAP25-BCE56D2A48,VNAP25-FFABED4D1F,Lũng Thầu,Lung Thau
VN-22,Hà Giang,Ha Giang,VNAP25-FB0E05BC06,VNAP25-FFABED4D1F,Má Lé,Ma Le
VN-22,Hà Giang,Ha Giang,VNAP25-13C8F4CBC5,VNAP25-FFABED4D1F,Phó Bảng,Pho Bang
VN-22,Hà Giang,Ha Giang,VNAP25-79EE2B17ED,VNAP25-FFABED4D1F,Phố Cáo,Pho Cao
VN-22,Hà Giang,Ha Giang,VNAP25-E86935A608,VNAP25-FFABED4D1F,Phố Là,Pho La
VN-22,Hà Giang,Ha Giang,VNAP25-696B8B7AFE,VNAP25-FFABED4D1F,Sảng Tủng,Sang Tung
VN-22,Hà Giang,Ha Giang,VNAP25-8EA8600C93,VNAP25-FFABED4D1F,Sính Lủng,Sinh Lung
VN-22,Hà Giang,Ha Giang,VNAP25-E7173CE575,VNAP25-FFABED4D1F,Sủng Là,Sung La
VN-22,Hà Giang,Ha Giang,VNAP25-22B860434E,VNAP25-FFABED4D1F,Sủng Trái,Sung Trai
VN-22,Hà Giang,Ha Giang,VNAP25-1CE3F486CA,VNAP25-FFABED4D1F,Tả Lủng,Ta Lung
VN-22,Hà Giang,Ha Giang,VNAP25-FAD197D0A2,VNAP25-FFABED4D1F,Tả Phìn,Ta Phin
VN-22,Hà Giang,Ha Giang,VNAP25-AD7A5C5FD6,VNAP25-FFABED4D1F,Thài Phìn Tủng,Thai Phin Tung
VN-22,Hà Giang,Ha Giang,VNAP25-230B325F31,VNAP25-FFABED4D1F,Vần Chải,Van Chai
VN-22,Hà Giang,Ha Giang,VNAP25-64A993D6D6,VNAP25-FFABED4D1F,Xà Phìn,Xa Phin
VN-22,Hà Giang,Ha Giang,VNAP25-226A84114B,,Hà Giang,Ha Giang
VN-22,Hà Giang,Ha Giang,VNAP25-B68B04973A,VNAP25-226A84114B,Minh Khai,Minh Khai
VN-22,Hà Giang,Ha Giang,VNAP25-221F923866,VNAP25-226A84114B,Ngọc Đường,Ngoc Duong
VN-22,Hà Giang,Ha Giang,VNAP25-11CA3152A9,VNAP25-226A84114B,Ngọc Hà,Ngoc Ha
VN-22,Hà Giang,Ha Giang,VNAP25-C7B12BFAB4,VNAP25-226A84114B,Nguyễn Trãi,Nguyen Trai
VN-22,Hà Giang,Ha Giang,VNAP25-F0D9D3C318,VNAP25-226A84114B,Phương Độ,Phuong Do
VN-22,Hà Giang,Ha Giang,VNAP25-C2A3F3F2AE,VNAP25-226A84114B,Phương Thiện,Phuong Thien
VN-22,Hà Giang,Ha Giang,VNAP25-07A5EEA9D8,VNAP25-226A84114B,Quang Trung,Quang Trung
VN-22,Hà Giang,Ha Giang,VNAP25-8DEE29F6FB,VNAP25-226A84114B,Trần Phú,Tran Phu
VN-22,Hà Giang,Ha Giang,VNAP25-6F583B4447,,Hoàng Su Phì,Hoang Su Phi
VN-22,Hà Giang,Ha Giang,VNAP25-6BAEABEDAB,VNAP25-6F583B4447,Bản Luốc,Ban Luoc
VN-22,Hà Giang,Ha Giang,VNAP25-F8E0200D8D,VNAP25-6F583B4447,Bản Máy,Ban May
VN-22,Hà Giang,Ha Giang,VNAP25-F720C7E344,VNAP25-6F583B4447,Bản Nhùng,Ban Nhung
VN-22,Hà Giang,Ha Giang,VNAP25-D3786B6275,VNAP25-6F583B4447,Bản Phùng,Ban Phung
VN-22,Hà Giang,Ha Giang,VNAP25-49A1ED6D08,VNAP25-6F583B4447,Chiến Phố,Chien Pho
VN-22,Hà Giang,Ha Giang,VNAP25-E3034F747D,VNAP25-6F583B4447,Đản Ván,Dan Van
VN-22,Hà Giang,Ha Giang,VNAP25-6F27266EBE,VNAP25-6F583B4447,Hồ Thầu,Ho Thau
VN-22,Hà Giang,Ha Giang,VNAP25-4874636517,VNAP25-6F583B4447,Nậm Dịch,Nam Dich
VN-22,Hà Giang,Ha Giang,VNAP25-47411DC8DC,VNAP25-6F583B4447,Nậm Khòa,Nam Khoa
VN-22,Hà Giang,Ha Giang,VNAP25-B27BD9CDE7,VNAP25-6F583B4447,Nam Sơn,Nam Son
VN-22,Hà Giang,Ha Giang,VNAP25-3414E8E97F,VNAP25-6F583B4447,Nậm Tỵ,Nam Ty
VN-22,Hà Giang,Ha Giang,VNAP25-9846205823,VNAP25-6F583B4447,Nàng Đôn,Nang Don
VN-22,Hà Giang,Ha Giang,VNAP25-681DA3E0A8,VNAP25-6F583B4447,Ngàm Đăng Vài,Ngam Dang Vai
VN-22,Hà Giang,Ha Giang,VNAP25-3CAA7BF55F,VNAP25-6F583B4447,Pố Lồ,Po Lo
VN-22,Hà Giang,Ha Giang,VNAP25-F151B09BB8,VNAP25-6F583B4447,Pờ Ly Ngài,Po Ly Ngai
VN-22,Hà Giang,Ha Giang,VNAP25-EE84ACE611,VNAP25-6F583B4447,Sán Xả Hồ,San Xa Ho
VN-22,Hà Giang,Ha Giang,VNAP25-CBAED1F2E3,VNAP25-6F583B4447,Tả Sử Choóng,Ta Su Choong
VN-22,Hà Giang,Ha Giang,VNAP25-312B86881A,VNAP25-6F583B4447,Tân Tiến,Tan Tien
VN-22,Hà Giang,Ha Giang,VNAP25-716327B573,VNAP25-6F583B4447,Thàng Tín,Thang Tin
VN-22,Hà Giang,Ha Giang,VNAP25-404C3FA24E,VNAP25-6F583B4447,Thèn Chu Phìn,Then Chu Phin
VN-22,Hà Giang,Ha Giang,VNAP25-699BDBA0A7,VNAP25-6F583B4447,Thông Nguyên,Thong Nguyen
VN-22,Hà Giang,Ha Giang,VNAP25-A2DF9B4F37,VNAP25-6F583B4447,Tụ Nhân,Tu Nhan
VN-22,Hà Giang,Ha Giang,VNAP25-14304EDD1F,VNAP25-6F583B4447,Túng Sán,Tung San
VN-22,Hà Giang,Ha Giang,VNAP25-921F901D2F,VNAP25-6F583B4447,Vinh Quang,Vinh Quang
VN-22,Hà Giang,Ha Giang,VNAP25-5DAD6A76B7,,Mèo Vạc,Meo Vac
VN-22,Hà Giang,Ha Giang,VNAP25-5574D65548,VNAP25-5DAD6A76B7,Cán Chu Phìn,Can Chu Phin
VN-22,Hà Giang,Ha Giang,VNAP25-CD9BE8723E,VNAP25-5DAD6A76B7,Giàng Chu Phìn,Giang Chu Phin
VN-22,Hà Giang,Ha Giang,VNAP25-6DFA905B76,VNAP25-5DAD6A76B7,Khâu Vai,Khau Vai
VN-22,Hà Giang,Ha Giang,VNAP25-97BE015AB6,VNAP25-5DAD6A76B7,Lũng Chinh,Lung Chinh
VN-22,Hà Giang,Ha Giang,VNAP25-7340571F3F,VNAP25-5DAD6A76B7,Lũng Pù,Lung Pu
VN-22,Hà Giang,Ha Giang,VNAP25-EB03A8032A,VNAP25-5DAD6A76B7,Mèo Vạc,Meo Vac
VN-22,Hà Giang,Ha Giang,VNAP25-5AF8B490F0,VNAP25-5DAD6A76B7,Nậm Ban,Nam Ban
VN-22,Hà Giang,Ha Giang,VNAP25-71507206AC,VNAP25-5DAD6A76B7,Niêm Sơn,Niem Son
VN-22,Hà Giang,Ha Giang,VNAP25-A483296489,VNAP25-5DAD6A76B7,Niêm Tòng,Niem Tong
VN-22,Hà Giang,Ha Giang,VNAP25-1F3F40AC59,VNAP25-5DAD6A76B7,Pả Vi,Pa Vi
VN-22,Hà Giang,Ha Giang,VNAP25-F41C88F3DD,VNAP25-5DAD6A76B7,Pải Lủng,Pai Lung
VN-22,Hà Giang,Ha Giang,VNAP25-59B6258214,VNAP25-5DAD6A76B7,Sơn Vĩ,Son Vi
VN-22,Hà Giang,Ha Giang,VNAP25-5710CB433E,VNAP25-5DAD6A76B7,Sủng Máng,Sung Mang
VN-22,Hà Giang,Ha Giang,VNAP25-261C974C19,VNAP25-5DAD6A76B7,Sủng Trà,Sung Tra
VN-22,Hà Giang,Ha Giang,VNAP25-0FB1829C4B,VNAP25-5DAD6A76B7,Tả Lủng,Ta Lung
VN-22,Hà Giang,Ha Giang,VNAP25-492AC1FBA9,VNAP25-5DAD6A76B7,Tát Ngà,Tat Nga
VN-22,Hà Giang,Ha Giang,VNAP25-FE8A5490DB,VNAP25-5DAD6A76B7,Thượng Phùng,Thuong Phung
VN-22,Hà Giang,Ha Giang,VNAP25-FE255174C6,VNAP25-5DAD6A76B7,Xín Cái,Xin Cai
VN-22,Hà Giang,Ha Giang,VNAP25-3BA5E8F328,,Quản Bạ,Quan Ba
VN-22,Hà Giang,Ha Giang,VNAP25-A75E04B1EB,VNAP25-3BA5E8F328,Bát Đại Sơn,Bat Dai Son
VN-22,Hà Giang,Ha Giang,VNAP25-1E90CB9295,VNAP25-3BA5E8F328,Cán Tỷ,Can Ty
VN-22,Hà Giang,Ha Giang,VNAP25-3B22B647FA,VNAP25-3BA5E8F328,Cao Mã Pờ,Cao Ma Po
VN-22,Hà Giang,Ha Giang,VNAP25-3D31CAFD74,VNAP25-3BA5E8F328,Đông Hà,Dong Ha
VN-22,Hà Giang,Ha Giang,VNAP25-C217482BE6,VNAP25-3BA5E8F328,Lùng Tám,Lung Tam
VN-22,Hà Giang,Ha Giang,VNAP25-4E5905533B,VNAP25-3BA5E8F328,Nghĩa Thuận,Nghia Thuan
VN-22,Hà Giang,Ha Giang,VNAP25-AFE644971B,VNAP25-3BA5E8F328,Quản Bạ,Quan Ba
VN-22,Hà Giang,Ha Giang,VNAP25-275D94997E,VNAP25-3BA5E8F328,Quyết Tiến,Quyet Tien
VN-22,Hà Giang,Ha Giang,VNAP25-4167D76D8F,VNAP25-3BA5E8F328,Tả Ván,Ta Van
VN-22,Hà Giang,Ha Giang,VNAP25-C4C2021AD9,VNAP25-3BA5E8F328,Tam Sơn,Tam Son
VN-22,Hà Giang,Ha Giang,VNAP25-564FB93557,VNAP25-3BA5E8F328,Thái An,Thai An
VN-22,Hà Giang,Ha Giang,VNAP25-F556F3EC71,VNAP25-3BA5E8F328,Thanh Vân,Thanh Van
VN-22,Hà Giang,Ha Giang,VNAP25-4851F873F9,VNAP25-3BA5E8F328,Tùng Vài,Tung Vai
VN-22,Hà Giang,Ha Giang,VNAP25-110DC3FA3F,,Quang Bình,Quang Binh
VN-22,Hà Giang,Ha Giang,VNAP25-1497DE02B2,VNAP25-110DC3FA3F,Bản Rịa,Ban Ria
VN-22,Hà Giang,Ha Giang,VNAP25-54B47308B0,VNAP25-110DC3FA3F,Bằng Lang,Bang Lang
VN-22,Hà Giang,Ha Giang,VNAP25-D57571186E,VNAP25-110DC3FA3F,Hương Sơn,Huong Son
VN-22,Hà Giang,Ha Giang,VNAP25-6AB05203C0,VNAP25-110DC3FA3F,Nà Khương,Na Khuong
VN-22,Hà Giang,Ha Giang,VNAP25-AA9193C237,VNAP25-110DC3FA3F,Tân Bắc,Tan Bac
VN-22,Hà Giang,Ha Giang,VNAP25-DD0F7E972D,VNAP25-110DC3FA3F,Tân Nam,Tan Nam
VN-22,Hà Giang,Ha Giang,VNAP25-A2D9EEE9B5,VNAP25-110DC3FA3F,Tân Trịnh,Tan Trinh
VN-22,Hà Giang,Ha Giang,VNAP25-364F4BEE1D,VNAP25-110DC3FA3F,Tiên Nguyên,Tien Nguyen
VN-22,Hà Giang,Ha Giang,VNAP25-DC5E9985F1,VNAP25-110DC3FA3F,Tiên Yên,Tien Yen
VN-22,Hà Giang,Ha Giang,VNAP25-A4DF46350A,VNAP25-110DC3FA3F,Vĩ Thượng,Vi Thuong
VN-22,Hà Giang,Ha Giang,VNAP25-0AF10DCC99,VNAP25-110DC3FA3F,Xuân Giang,Xuan Giang
VN-22,Hà Giang,Ha Giang,VNAP25-1709E2EF30,VNAP25-110DC3FA3F,Xuân Minh,Xuan Minh
VN-22,Hà Giang,Ha Giang,VNAP25-BCD8178348,VNAP25-110DC3FA3F,Yên Bình,Yen Binh
VN-22,Hà Giang,Ha Giang,VNAP25-285CB83D51,VNAP25-110DC3FA3F,Yên Hà,Yen Ha
VN-22,Hà Giang,Ha Giang,VNAP25-6AF034868C,VNAP25-110DC3FA3F,Yên Thành,Yen Thanh
VN-22,Hà Giang,Ha Giang,VNAP25-6B842919A5,,Vị Xuyên,Vi Xuyen
VN-22,Hà Giang,Ha Giang,VNAP25-D00501AAED,VNAP25-6B842919A5,Bạch Ngọc,Bach Ngoc
VN-22,Hà Giang,Ha Giang,VNAP25-F65E33AE6E,VNAP25-6B842919A5,Cao Bồ,Cao Bo
VN-22,Hà Giang,Ha Giang,VNAP25-B985C5EE03,VNAP25-6B842919A5,Đạo Đức,Dao Duc
VN-22,Hà Giang,Ha Giang,VNAP25-3F7C5E4BE7,VNAP25-6B842919A5,Kim Linh,Kim Linh
VN-22,Hà Giang,Ha Giang,VNAP25-542CD7E84A,VNAP25-6B842919A5,Kim Thạch,Kim Thach
VN-22,Hà Giang,Ha Giang,VNAP25-CE29569EC1,VNAP25-6B842919A5,Lao Chải,Lao Chai
VN-22,Hà Giang,Ha Giang,VNAP25-24727AEC2B,VNAP25-6B842919A5,Linh Hồ,Linh Ho
VN-22,Hà Giang,Ha Giang,VNAP25-2AA630FB14,VNAP25-6B842919A5,Minh Tân,Minh Tan
VN-22,Hà Giang,Ha Giang,VNAP25-163AC40737,VNAP25-6B842919A5,Ngọc Linh,Ngoc Linh
VN-22,Hà Giang,Ha Giang,VNAP25-13A4BB52EA,VNAP25-6B842919A5,Ngọc Minh,Ngoc Minh
VN-22,Hà Giang,Ha Giang,VNAP25-C0EEA6F960,VNAP25-6B842919A5,Nông Trường Việt Lâm,Nong Truong Viet Lam
VN-22,Hà Giang,Ha Giang,VNAP25-8EF9613AD7,VNAP25-6B842919A5,Phong Quang,Phong Quang
VN-22,Hà Giang,Ha Giang,VNAP25-C4ED8FC953,VNAP25-6B842919A5,Phú Linh,Phu Linh
VN-22,Hà Giang,Ha Giang,VNAP25-A46E55A24D,VNAP25-6B842919A5,Phương Tiến,Phuong Tien
VN-22,Hà Giang,Ha Giang,VNAP25-D3A015F41C,VNAP25-6B842919A5,Quảng Ngần,Quang Ngan
VN-22,Hà Giang,Ha Giang,VNAP25-0E1B32CBEE,VNAP25-6B842919A5,Thanh Đức,Thanh Duc
VN-22,Hà Giang,Ha Giang,VNAP25-39F96E1614,VNAP25-6B842919A5,Thanh Thủy,Thanh Thuy
VN-22,Hà Giang,Ha Giang,VNAP25-7393216040,VNAP25-6B842919A5,Thuận Hòa,Thuan Hoa
VN-22,Hà Giang,Ha Giang,VNAP25-2AE8F4598B,VNAP25-6B842919A5,Thượng Sơn,Thuong Son
VN-22,Hà Giang,Ha Giang,VNAP25-169802C847,VNAP25-6B842919A5,Trung Thành,Trung Thanh
VN-22,Hà Giang,Ha Giang,VNAP25-9F7543DA31,VNAP25-6B842919A5,Tùng Bá,Tung Ba
VN-22,Hà Giang,Ha Giang,VNAP25-F4C9A50FED,VNAP25-6B842919A5,Vị Xuyên,Vi Xuyen
VN-22,Hà Giang,Ha Giang,VNAP25-7541378B45,VNAP25-6B842919A5,Việt Lâm,Viet Lam
VN-22,Hà Giang,Ha Giang,VNAP25-539088AC52,VNAP25-6B842919A5,Xín Chải,Xin Chai
VN-22,Hà Giang,Ha Giang,VNAP25-E776D4BCBB,,Xín Mần,Xin Man
VN-22,Hà Giang,Ha Giang,VNAP25-B14D21C538,VNAP25-E776D4BCBB,Bản Díu,Ban Diu
VN-22,Hà Giang,Ha Giang,VNAP25-365CF2552A,VNAP25-E776D4BCBB,Bản Ngò,Ban Ngo
VN-22,Hà Giang,Ha Giang,VNAP25-7C7FE91D63,VNAP25-E776D4BCBB,Chế Là,Che La
VN-22,Hà Giang,Ha Giang,VNAP25-3159717C13,VNAP25-E776D4BCBB,Chí Cà,Chi Ca
VN-22,Hà Giang,Ha Giang,VNAP25-68DDC9DF69,VNAP25-E776D4BCBB,Cốc Pài,Coc Pai
VN-22,Hà Giang,Ha Giang,VNAP25-F903A89158,VNAP25-E776D4BCBB,Cốc Rế,Coc Re
VN-22,Hà Giang,Ha Giang,VNAP25-8B459DE219,VNAP25-E776D4BCBB,Khuôn Lùng,Khuon Lung
VN-22,Hà Giang,Ha Giang,VNAP25-6FC56A8A39,VNAP25-E776D4BCBB,Nà Chì,Na Chi
VN-22,Hà Giang,Ha Giang,VNAP25-A7E17EDFFF,VNAP25-E776D4BCBB,Nấm Dẩn,Nam Dan
VN-22,Hà Giang,Ha Giang,VNAP25-898CFEABCD,VNAP25-E776D4BCBB,Nàn Ma,Nan Ma
VN-22,Hà Giang,Ha Giang,VNAP25-DACA1E53F2,VNAP25-E776D4BCBB,Nàn Xỉn,Nan Xin
VN-22,Hà Giang,Ha Giang,VNAP25-5C6597DD4C,VNAP25-E776D4BCBB,Pà Vầy Sủ,Pa Vay Su
VN-22,Hà Giang,Ha Giang,VNAP25-7EF96842FB,VNAP25-E776D4BCBB,Quảng Nguyên,Quang Nguyen
VN-22,Hà Giang,Ha Giang,VNAP25-025A3A3609,VNAP25-E776D4BCBB,Tả Nhìu,Ta Nhiu
VN-22,Hà Giang,Ha Giang,VNAP25-D7EFB7DB24,VNAP25-E776D4BCBB,Thèn Phàng,Then Phang
VN-22,Hà Giang,Ha Giang,VNAP25-C00511D62C,VNAP25-E776D4BCBB,Thu Tà,Thu Ta
VN-22,Hà Giang,Ha Giang,VNAP25-6800D96829,VNAP25-E776D4BCBB,Trung Thịnh,Trung Thinh
VN-22,Hà Giang,Ha Giang,VNAP25-BF75D8E9AB,VNAP25-E776D4BCBB,Xín Mần,Xin Man
VN-22,Hà Giang,Ha Giang,VNAP25-B5C02C1B2E,,Yên Minh,Yen Minh
VN-22,Hà Giang,Ha Giang,VNAP25-D294E830AF,VNAP25-B5C02C1B2E,Bạch Đích,Bach Dich
VN-22,Hà Giang,Ha Giang,VNAP25-2B4D9978AE,VNAP25-B5C02C1B2E,Đông Minh,Dong Minh
VN-22,Hà Giang,Ha Giang,VNAP25-D969F0B239,VNAP25-B5C02C1B2E,Du Già,Du Gia
VN-22,Hà Giang,Ha Giang,VNAP25-66484E7571,VNAP25-B5C02C1B2E,Du Tiến,Du Tien
VN-22,Hà Giang,Ha Giang,VNAP25-48B50E3DB6,VNAP25-B5C02C1B2E,Đường Thượng,Duong Thuong
VN-22,Hà Giang,Ha Giang,VNAP25-F0160E7547,VNAP25-B5C02C1B2E,Hữu Vinh,Huu Vinh
VN-22,Hà Giang,Ha Giang,VNAP25-9C89B412DE,VNAP25-B5C02C1B2E,Lao Và Chải,Lao Va Chai
VN-22,Hà Giang,Ha Giang,VNAP25-4CBD50F605,VNAP25-B5C02C1B2E,Lũng Hồ,Lung Ho
VN-22,Hà Giang,Ha Giang,VNAP25-17082D19E6,VNAP25-B5C02C1B2E,Mậu Duệ,Mau Due
VN-22,Hà Giang,Ha Giang,VNAP25-4784C95039,VNAP25-B5C02C1B2E,Mậu Long,Mau Long
VN-22,Hà Giang,Ha Giang,VNAP25-3273C04C14,VNAP25-B5C02C1B2E,Na Khê,Na Khe
VN-22,Hà Giang,Ha Giang,VNAP25-43C38089C2,VNAP25-B5C02C1B2E,Ngam La,Ngam La
VN-22,Hà Giang,Ha Giang,VNAP25-6CF6161DA1,VNAP25-B5C02C1B2E,Ngọc Long,Ngoc Long
VN-22,Hà Giang,Ha Giang,VNAP25-C32B7EA906,VNAP25-B5C02C1B2E,Phú Lũng,Phu Lung
VN-22,Hà Giang,Ha Giang,VNAP25-49DD98F785,VNAP25-B5C02C1B2E,Sủng Thài,Sung Thai
VN-22,Hà Giang,Ha Giang,VNAP25-E978249389,VNAP25-B5C02C1B2E,Sủng Tráng,Sung Trang
VN-22,Hà Giang,Ha Giang,VNAP25-FF2CDB58A6,VNAP25-B5C02C1B2E,Thắng Mố,Thang Mo
VN-22,Hà Giang,Ha Giang,VNAP25-C5F243CDA5,VNAP25-B5C02C1B2E,Yên Minh,Yen Minh
VN-23,Hà Nam,Ha Nam,VNAP25-9D4F21E22D,,Bình Lục,Binh Luc
VN-23,Hà Nam,Ha Nam,VNAP25-A5928EA24E,VNAP25-9D4F21E22D,An Đổ,An Do
VN-23,Hà Nam,Ha Nam,VNAP25-2D859524F6,VNAP25-9D4F21E22D,An Lão,An Lao
VN-23,Hà Nam,Ha Nam,VNAP25-DDD3D9F467,VNAP25-9D4F21E22D,An Ninh,An Ninh
VN-23,Hà Nam,Ha Nam,VNAP25-B5E33C1FBD,VNAP25-9D4F21E22D,Bình An,Binh An
VN-23,Hà Nam,Ha Nam,VNAP25-C6F5889E7C,VNAP25-9D4F21E22D,Bình Mỹ,Binh My
VN-23,Hà Nam,Ha Nam,VNAP25-1D06C64897,VNAP25-9D4F21E22D,Bình Nghĩa,Binh Nghia
VN-23,Hà Nam,Ha Nam,VNAP25-916F9A75CA,VNAP25-9D4F21E22D,Bồ Đề,Bo De
VN-23,Hà Nam,Ha Nam,VNAP25-7518359F1C,VNAP25-9D4F21E22D,Đồn Xá,Don Xa
VN-23,Hà Nam,Ha Nam,VNAP25-0E386BDD63,VNAP25-9D4F21E22D,Đồng Du,Dong Du
VN-23,Hà Nam,Ha Nam,VNAP25-1FC7E086DD,VNAP25-9D4F21E22D,La Sơn,La Son
VN-23,Hà Nam,Ha Nam,VNAP25-384F1CB812,VNAP25-9D4F21E22D,Ngọc Lũ,Ngoc Lu
VN-23,Hà Nam,Ha Nam,VNAP25-943737EDAE,VNAP25-9D4F21E22D,Tiêu Động,Tieu Dong
VN-23,Hà Nam,Ha Nam,VNAP25-9859DB749E,VNAP25-9D4F21E22D,Tràng An,Trang An
VN-23,Hà Nam,Ha Nam,VNAP25-A1B2A8CB88,VNAP25-9D4F21E22D,Trung Lương,Trung Luong
VN-23,Hà Nam,Ha Nam,VNAP25-564CD3F448,VNAP25-9D4F21E22D,Vũ Bản,Vu Ban
VN-23,Hà Nam,Ha Nam,VNAP25-2B305812C8,,Duy Tiên,Duy Tien
VN-23,Hà Nam,Ha Nam,VNAP25-83599E39E9,VNAP25-2B305812C8,Bạch Thượng,Bach Thuong
VN-23,Hà Nam,Ha Nam,VNAP25-90E28B4001,VNAP25-2B305812C8,Châu Giang,Chau Giang
VN-23,Hà Nam,Ha Nam,VNAP25-296E031C79,VNAP25-2B305812C8,Chuyên Ngoại,Chuyen Ngoai
VN-23,Hà Nam,Ha Nam,VNAP25-49DDCC6E7F,VNAP25-2B305812C8,Đồng Văn,Dong Van
VN-23,Hà Nam,Ha Nam,VNAP25-5D4B7E5AC6,VNAP25-2B305812C8,Duy Hải,Duy Hai
VN-23,Hà Nam,Ha Nam,VNAP25-74435974AC,VNAP25-2B305812C8,Duy Minh,Duy Minh
VN-23,Hà Nam,Ha Nam,VNAP25-2DF6AAE8FF,VNAP25-2B305812C8,Hòa Mạc,Hoa Mac
VN-23,Hà Nam,Ha Nam,VNAP25-46C386737A,VNAP25-2B305812C8,Hoàng Đông,Hoang Dong
VN-23,Hà Nam,Ha Nam,VNAP25-3A461733AC,VNAP25-2B305812C8,Mộc Hoàn,Moc Hoan
VN-23,Hà Nam,Ha Nam,VNAP25-80CE590498,VNAP25-2B305812C8,Tiên Ngoại,Tien Ngoai
VN-23,Hà Nam,Ha Nam,VNAP25-3ED1A14E82,VNAP25-2B305812C8,Tiên Nội,Tien Noi
VN-23,Hà Nam,Ha Nam,VNAP25-77DFA9995B,VNAP25-2B305812C8,Tiên Sơn,Tien Son
VN-23,Hà Nam,Ha Nam,VNAP25-024D591A35,VNAP25-2B305812C8,Trác Văn,Trac Van
VN-23,Hà Nam,Ha Nam,VNAP25-A6840C09FE,VNAP25-2B305812C8,Yên Bắc,Yen Bac
VN-23,Hà Nam,Ha Nam,VNAP25-F0405A3D1D,VNAP25-2B305812C8,Yên Nam,Yen Nam
VN-23,Hà Nam,Ha Nam,VNAP25-6C2F116648,,Kim Bảng,Kim Bang
VN-23,Hà Nam,Ha Nam,VNAP25-DC58BB3D0A,VNAP25-6C2F116648,Ba Sao,Ba Sao
VN-23,Hà Nam,Ha Nam,VNAP25-44B60C1DDB,VNAP25-6C2F116648,Đại Cương,Dai Cuong
VN-23,Hà Nam,Ha Nam,VNAP25-56CC69808A,VNAP25-6C2F116648,Đồng Hóa,Dong Hoa
VN-23,Hà Nam,Ha Nam,VNAP25-371AB45389,VNAP25-6C2F116648,Hoàng Tây,Hoang Tay
VN-23,Hà Nam,Ha Nam,VNAP25-5C1FD4D7E5,VNAP25-6C2F116648,Khả Phong,Kha Phong
VN-23,Hà Nam,Ha Nam,VNAP25-4A738C4E79,VNAP25-6C2F116648,Lê Hồ,Le Ho
VN-23,Hà Nam,Ha Nam,VNAP25-42CBF75403,VNAP25-6C2F116648,Liên Sơn,Lien Son
VN-23,Hà Nam,Ha Nam,VNAP25-3C2656FE95,VNAP25-6C2F116648,Ngọc Sơn,Ngoc Son
VN-23,Hà Nam,Ha Nam,VNAP25-081EA22CC5,VNAP25-6C2F116648,Nguyễn Úy,Nguyen Uy
VN-23,Hà Nam,Ha Nam,VNAP25-36A5F2A8F3,VNAP25-6C2F116648,Quế,Que
VN-23,Hà Nam,Ha Nam,VNAP25-DADA620A15,VNAP25-6C2F116648,Tân Sơn,Tan Son
VN-23,Hà Nam,Ha Nam,VNAP25-89DFB823B0,VNAP25-6C2F116648,Tân Tựu,Tan Tuu
VN-23,Hà Nam,Ha Nam,VNAP25-5FF459EA3D,VNAP25-6C2F116648,Thanh Sơn,Thanh Son
VN-23,Hà Nam,Ha Nam,VNAP25-79198D273F,VNAP25-6C2F116648,Thi Sơn,Thi Son
VN-23,Hà Nam,Ha Nam,VNAP25-EF58AD554A,VNAP25-6C2F116648,Thụy Lôi,Thuy Loi
VN-23,Hà Nam,Ha Nam,VNAP25-4D35F1040F,VNAP25-6C2F116648,Tượng Lĩnh,Tuong Linh
VN-23,Hà Nam,Ha Nam,VNAP25-68A7D41E97,VNAP25-6C2F116648,Văn Xá,Van Xa
VN-23,Hà Nam,Ha Nam,VNAP25-8E41F06992,,Lý Nhân,Ly Nhan
VN-23,Hà Nam,Ha Nam,VNAP25-7972685435,VNAP25-8E41F06992,Bắc Lý,Bac Ly
VN-23,Hà Nam,Ha Nam,VNAP25-5983E71616,VNAP25-8E41F06992,Chân Lý,Chan Ly
VN-23,Hà Nam,Ha Nam,VNAP25-A2343417AE,VNAP25-8E41F06992,Chính Lý,Chinh Ly
VN-23,Hà Nam,Ha Nam,VNAP25-F2F70AE2BA,VNAP25-8E41F06992,Công Lý,Cong Ly
VN-23,Hà Nam,Ha Nam,VNAP25-3C110264AE,VNAP25-8E41F06992,Đạo Lý,Dao Ly
VN-23,Hà Nam,Ha Nam,VNAP25-775FE5DC12,VNAP25-8E41F06992,Đức Lý,Duc Ly
VN-23,Hà Nam,Ha Nam,VNAP25-5E3A409D7B,VNAP25-8E41F06992,Hòa Hậu,Hoa Hau
VN-23,Hà Nam,Ha Nam,VNAP25-CE35B33C87,VNAP25-8E41F06992,Hợp Lý,Hop Ly
VN-23,Hà Nam,Ha Nam,VNAP25-36EAC22987,VNAP25-8E41F06992,Nguyên Lý,Nguyen Ly
VN-23,Hà Nam,Ha Nam,VNAP25-6BBCDBD8F0,VNAP25-8E41F06992,Nhân Bình,Nhan Binh
VN-23,Hà Nam,Ha Nam,VNAP25-2A186E2F0E,VNAP25-8E41F06992,Nhân Chính,Nhan Chinh
VN-23,Hà Nam,Ha Nam,VNAP25-242116CBAB,VNAP25-8E41F06992,Nhân Khang,Nhan Khang
VN-23,Hà Nam,Ha Nam,VNAP25-C6E62B3424,VNAP25-8E41F06992,Nhân Mỹ,Nhan My
VN-23,Hà Nam,Ha Nam,VNAP25-27E39FB9C7,VNAP25-8E41F06992,Nhân Nghĩa,Nhan Nghia
VN-23,Hà Nam,Ha Nam,VNAP25-D646B83A46,VNAP25-8E41F06992,Nhân Thịnh,Nhan Thinh
VN-23,Hà Nam,Ha Nam,VNAP25-E82FE78622,VNAP25-8E41F06992,Phú Phúc,Phu Phuc
VN-23,Hà Nam,Ha Nam,VNAP25-53101B0000,VNAP25-8E41F06992,Tiến Thắng,Tien Thang
VN-23,Hà Nam,Ha Nam,VNAP25-71A3BE9E9E,VNAP25-8E41F06992,Trần Hưng Đạo,Tran Hung Dao
VN-23,Hà Nam,Ha Nam,VNAP25-26956BF7C3,VNAP25-8E41F06992,Văn Lý,Van Ly
VN-23,Hà Nam,Ha Nam,VNAP25-45A7477802,VNAP25-8E41F06992,Vĩnh Trụ,Vinh Tru
VN-23,Hà Nam,Ha Nam,VNAP25-D151AADE8B,VNAP25-8E41F06992,Xuân Khê,Xuan Khe
VN-23,Hà Nam,Ha Nam,VNAP25-13E1F7AE33,,Phủ Lý,Phu Ly
VN-23,Hà Nam,Ha Nam,VNAP25-42759B9E67,VNAP25-13E1F7AE33,Châu Cầu,Chau Cau
VN-23,Hà Nam,Ha Nam,VNAP25-31ABD38B74,VNAP25-13E1F7AE33,Châu Sơn,Chau Son
VN-23,Hà Nam,Ha Nam,VNAP25-D3A3EB89D7,VNAP25-13E1F7AE33,Đinh Xá,Dinh Xa
VN-23,Hà Nam,Ha Nam,VNAP25-239B14CA30,VNAP25-13E1F7AE33,Kim Bình,Kim Binh
VN-23,Hà Nam,Ha Nam,VNAP25-B9D149BA4B,VNAP25-13E1F7AE33,Lam Hạ,Lam Ha
VN-23,Hà Nam,Ha Nam,VNAP25-78D3B046BF,VNAP25-13E1F7AE33,Lê Hồng Phong,Le Hong Phong
VN-23,Hà Nam,Ha Nam,VNAP25-C8D313D915,VNAP25-13E1F7AE33,Liêm Chính,Liem Chinh
VN-23,Hà Nam,Ha Nam,VNAP25-D5A4735122,VNAP25-13E1F7AE33,Phù Vân,Phu Van
VN-23,Hà Nam,Ha Nam,VNAP25-EF59E3DBDC,VNAP25-13E1F7AE33,Quang Trung,Quang Trung
VN-23,Hà Nam,Ha Nam,VNAP25-D476B06FD7,VNAP25-13E1F7AE33,Tân Hiệp,Tan Hiep
VN-23,Hà Nam,Ha Nam,VNAP25-DA03121D7A,VNAP25-13E1F7AE33,Tân Liêm,Tan Liem
VN-23,Hà Nam,Ha Nam,VNAP25-FB697C3BA8,VNAP25-13E1F7AE33,Thanh Châu,Thanh Chau
VN-23,Hà Nam,Ha Nam,VNAP25-1990AA975D,VNAP25-13E1F7AE33,Thanh Tuyền,Thanh Tuyen
VN-23,Hà Nam,Ha Nam,VNAP25-A3DF99346C,VNAP25-13E1F7AE33,Trịnh Xá,Trinh Xa
VN-23,Hà Nam,Ha Nam,VNAP25-03C1C74CB1,,Thanh Liêm,Thanh Liem
VN-23,Hà Nam,Ha Nam,VNAP25-4E1B53E27D,VNAP25-03C1C74CB1,Kiện Khê,Kien Khe
VN-23,Hà Nam,Ha Nam,VNAP25-DE9F56E3A0,VNAP25-03C1C74CB1,Liêm Cần,Liem Can
VN-23,Hà Nam,Ha Nam,VNAP25-1A283F7D3E,VNAP25-03C1C74CB1,Liêm Phong,Liem Phong
VN-23,Hà Nam,Ha Nam,VNAP25-A9945FD681,VNAP25-03C1C74CB1,Liêm Sơn,Liem Son
VN-23,Hà Nam,Ha Nam,VNAP25-A0C1B1A681,VNAP25-03C1C74CB1,Liêm Thuận,Liem Thuan
VN-23,Hà Nam,Ha Nam,VNAP25-0FDC797AF9,VNAP25-03C1C74CB1,Liêm Túc,Liem Tuc
VN-23,Hà Nam,Ha Nam,VNAP25-57BCA0BFAB,VNAP25-03C1C74CB1,Tân Thanh,Tan Thanh
VN-23,Hà Nam,Ha Nam,VNAP25-FACB1C190E,VNAP25-03C1C74CB1,Thanh Hà,Thanh Ha
VN-23,Hà Nam,Ha Nam,VNAP25-8BE9D90C9C,VNAP25-03C1C74CB1,Thanh Hải,Thanh Hai
VN-23,Hà Nam,Ha Nam,VNAP25-655F18F1BA,VNAP25-03C1C74CB1,Thanh Hương,Thanh Huong
VN-23,Hà Nam,Ha Nam,VNAP25-786E763BFB,VNAP25-03C1C74CB1,Thanh Nghị,Thanh Nghi
VN-23,Hà Nam,Ha Nam,VNAP25-5A668C809C,VNAP25-03C1C74CB1,Thanh Nguyên,Thanh Nguyen
VN-23,Hà Nam,Ha Nam,VNAP25-740EBFE7A3,VNAP25-03C1C74CB1,Thanh Phong,Thanh Phong
VN-23,Hà Nam,Ha Nam,VNAP25-7F706110A5,VNAP25-03C1C74CB1,Thanh Tâm,Thanh Tam
VN-23,Hà Nam,Ha Nam,VNAP25-5861FA816F,VNAP25-03C1C74CB1,Thanh Tân,Thanh Tan
VN-23,Hà Nam,Ha Nam,VNAP25-F306B6A3C8,VNAP25-03C1C74CB1,Thanh Thủy,Thanh Thuy
VN-24,Hà Nội,Ha Noi,VNAP25-1F5F1B8154,,Ba Đình,Ba Dinh
VN-24,Hà Nội,Ha Noi,VNAP25-B3D300FC1B,VNAP25-1F5F1B8154,Cống Vị,Cong Vi
VN-24,Hà Nội,Ha Noi,VNAP25-87E8655E6E,VNAP25-1F5F1B8154,Điện Biên,Dien Bien
VN-24,Hà Nội,Ha Noi,VNAP25-87C38D3A9D,VNAP25-1F5F1B8154,Đội Cấn,Doi Can
VN-24,Hà Nội,Ha Noi,VNAP25-85606E740B,VNAP25-1F5F1B8154,Giảng Võ,Giang Vo
VN-24,Hà Nội,Ha Noi,VNAP25-2895D2269C,VNAP25-1F5F1B8154,Kim Mã,Kim Ma
VN-24,Hà Nội,Ha Noi,VNAP25-F6B9AA453C,VNAP25-1F5F1B8154,Liễu Giai,Lieu Giai
VN-24,Hà Nội,Ha Noi,VNAP25-38C7595678,VNAP25-1F5F1B8154,Ngọc Hà,Ngoc Ha
VN-24,Hà Nội,Ha Noi,VNAP25-3FFAAF4E3F,VNAP25-1F5F1B8154,Ngọc Khánh,Ngoc Khanh
VN-24,Hà Nội,Ha Noi,VNAP25-B1361E17A2,VNAP25-1F5F1B8154,Phúc Xá,Phuc Xa
VN-24,Hà Nội,Ha Noi,VNAP25-2AF908DE86,VNAP25-1F5F1B8154,Quán Thánh,Quan Thanh
VN-24,Hà Nội,Ha Noi,VNAP25-BABE0FD7CE,VNAP25-1F5F1B8154,Thành Công,Thanh Cong
VN-24,Hà Nội,Ha Noi,VNAP25-141E86123B,VNAP25-1F5F1B8154,Trúc Bạch,Truc Bach
VN-24,Hà Nội,Ha Noi,VNAP25-80CD16139F,VNAP25-1F5F1B8154,Vĩnh Phúc,Vinh Phuc
VN-24,Hà Nội,Ha Noi,VNAP25-2678CFCD36,,Ba Vì,Ba Vi
VN-24,Hà Nội,Ha Noi,VNAP25-5889CA536C,VNAP25-2678CFCD36,Ba Trại,Ba Trai
VN-24,Hà Nội,Ha Noi,VNAP25-358C802E4F,VNAP25-2678CFCD36,Ba Vì,Ba Vi
VN-24,Hà Nội,Ha Noi,VNAP25-5C00588B07,VNAP25-2678CFCD36,Cẩm Lĩnh,Cam Linh
VN-24,Hà Nội,Ha Noi,VNAP25-8F52F9AA97,VNAP25-2678CFCD36,Cam Thượng,Cam Thuong
VN-24,Hà Nội,Ha Noi,VNAP25-460FD53C03,VNAP25-2678CFCD36,Chu Minh,Chu Minh
VN-24,Hà Nội,Ha Noi,VNAP25-251E27761B,VNAP25-2678CFCD36,Cổ Đô,Co Do
VN-24,Hà Nội,Ha Noi,VNAP25-AB35F0C605,VNAP25-2678CFCD36,Đông Quang,Dong Quang
VN-24,Hà Nội,Ha Noi,VNAP25-F26CEF4AD8,VNAP25-2678CFCD36,Đồng Thái,Dong Thai
VN-24,Hà Nội,Ha Noi,VNAP25-3A269B3EAC,VNAP25-2678CFCD36,Khánh Thượng,Khanh Thuong
VN-24,Hà Nội,Ha Noi,VNAP25-86AB09A2B8,VNAP25-2678CFCD36,Minh Châu,Minh Chau
VN-24,Hà Nội,Ha Noi,VNAP25-AE26B754EF,VNAP25-2678CFCD36,Minh Quang,Minh Quang
VN-24,Hà Nội,Ha Noi,VNAP25-E6D69BEB83,VNAP25-2678CFCD36,Phong Vân,Phong Van
VN-24,Hà Nội,Ha Noi,VNAP25-36B50ADD54,VNAP25-2678CFCD36,Phú Châu,Phu Chau
VN-24,Hà Nội,Ha Noi,VNAP25-388F14C76B,VNAP25-2678CFCD36,Phú Cường,Phu Cuong
VN-24,Hà Nội,Ha Noi,VNAP25-63C2E44546,VNAP25-2678CFCD36,Phú Đông,Phu Dong
VN-24,Hà Nội,Ha Noi,VNAP25-9E712EAE39,VNAP25-2678CFCD36,Phú Hồng,Phu Hong
VN-24,Hà Nội,Ha Noi,VNAP25-36720A75A0,VNAP25-2678CFCD36,Phú Sơn,Phu Son
VN-24,Hà Nội,Ha Noi,VNAP25-ED117DB82A,VNAP25-2678CFCD36,Sơn Đà,Son Da
VN-24,Hà Nội,Ha Noi,VNAP25-47931B67EC,VNAP25-2678CFCD36,Tản Lĩnh,Tan Linh
VN-24,Hà Nội,Ha Noi,VNAP25-59F79E25A8,VNAP25-2678CFCD36,Tây Đằng,Tay Dang
VN-24,Hà Nội,Ha Noi,VNAP25-D17C5EF7AA,VNAP25-2678CFCD36,Thái Hòa,Thai Hoa
VN-24,Hà Nội,Ha Noi,VNAP25-270358F487,VNAP25-2678CFCD36,Thuần Mỹ,Thuan My
VN-24,Hà Nội,Ha Noi,VNAP25-DB9EB428B0,VNAP25-2678CFCD36,Thụy An,Thuy An
VN-24,Hà Nội,Ha Noi,VNAP25-63A8C37A27,VNAP25-2678CFCD36,Tiên Phong,Tien Phong
VN-24,Hà Nội,Ha Noi,VNAP25-980270158B,VNAP25-2678CFCD36,Tòng Bạt,Tong Bat
VN-24,Hà Nội,Ha Noi,VNAP25-BEA21FEFCC,VNAP25-2678CFCD36,Vân Hòa,Van Hoa
VN-24,Hà Nội,Ha Noi,VNAP25-3B3B1EC0D4,VNAP25-2678CFCD36,Vạn Thắng,Van Thang
VN-24,Hà Nội,Ha Noi,VNAP25-C5D8127B48,VNAP25-2678CFCD36,Vật Lại,Vat Lai
VN-24,Hà Nội,Ha Noi,VNAP25-2BE937BBC2,VNAP25-2678CFCD36,Yên Bài,Yen Bai
VN-24,Hà Nội,Ha Noi,VNAP25-AA17571204,,Bắc Từ Liêm,Bac Tu Liem
VN-24,Hà Nội,Ha Noi,VNAP25-1BBF391AFA,VNAP25-AA17571204,Cổ Nhuế 1,Co Nhue 1
VN-24,Hà Nội,Ha Noi,VNAP25-69FEF7E502,VNAP25-AA17571204,Cổ Nhuế 2,Co Nhue 2
VN-24,Hà Nội,Ha Noi,VNAP25-5570F5B892,VNAP25-AA17571204,Đông Ngạc,Dong Ngac
VN-24,Hà Nội,Ha Noi,VNAP25-49F6A02921,VNAP25-AA17571204,Đức Thắng,Duc Thang
VN-24,Hà Nội,Ha Noi,VNAP25-C7CCE6DBE1,VNAP25-AA17571204,Liên Mạc,Lien Mac
VN-24,Hà Nội,Ha Noi,VNAP25-5F8DB76A30,VNAP25-AA17571204,Minh Khai,Minh Khai
VN-24,Hà Nội,Ha Noi,VNAP25-ADDB77B339,VNAP25-AA17571204,Phú Diễn,Phu Dien
VN-24,Hà Nội,Ha Noi,VNAP25-2134C43D68,VNAP25-AA17571204,Phúc Diễn,Phuc Dien
VN-24,Hà Nội,Ha Noi,VNAP25-AC879997BC,VNAP25-AA17571204,Tây Tựu,Tay Tuu
VN-24,Hà Nội,Ha Noi,VNAP25-0B4C108BA7,VNAP25-AA17571204,Thượng Cát,Thuong Cat
VN-24,Hà Nội,Ha Noi,VNAP25-F862903223,VNAP25-AA17571204,Thụy Phương,Thuy Phuong
VN-24,Hà Nội,Ha Noi,VNAP25-ED3075CC55,VNAP25-AA17571204,Xuân Đỉnh,Xuan Dinh
VN-24,Hà Nội,Ha Noi,VNAP25-41D2A757E5,VNAP25-AA17571204,Xuân Tảo,Xuan Tao
VN-24,Hà Nội,Ha Noi,VNAP25-E092E638BD,,Cầu Giấy,Cau Giay
VN-24,Hà Nội,Ha Noi,VNAP25-57A90D2BB2,VNAP25-E092E638BD,Dịch Vọng,Dich Vong
VN-24,Hà Nội,Ha Noi,VNAP25-032C72812E,VNAP25-E092E638BD,Dịch Vọng Hậu,Dich Vong Hau
VN-24,Hà Nội,Ha Noi,VNAP25-30A24C68AA,VNAP25-E092E638BD,Mai Dịch,Mai Dich
VN-24,Hà Nội,Ha Noi,VNAP25-CA8375E0E9,VNAP25-E092E638BD,Nghĩa Đô,Nghia Do
VN-24,Hà Nội,Ha Noi,VNAP25-71B37F1542,VNAP25-E092E638BD,Nghĩa Tân,Nghia Tan
VN-24,Hà Nội,Ha Noi,VNAP25-37060EE437,VNAP25-E092E638BD,Quan Hoa,Quan Hoa
VN-24,Hà Nội,Ha Noi,VNAP25-F8A420AB2F,VNAP25-E092E638BD,Trung Hòa,Trung Hoa
VN-24,Hà Nội,Ha Noi,VNAP25-430600482D,VNAP25-E092E638BD,Yên Hòa,Yen Hoa
VN-24,Hà Nội,Ha Noi,VNAP25-8D78A268A2,,Chương Mỹ,Chuong My
VN-24,Hà Nội,Ha Noi,VNAP25-83C4430C0A,VNAP25-8D78A268A2,Chúc Sơn,Chuc Son
VN-24,Hà Nội,Ha Noi,VNAP25-C0B438B8A1,VNAP25-8D78A268A2,Đại Yên,Dai Yen
VN-24,Hà Nội,Ha Noi,VNAP25-42FEEAAEAD,VNAP25-8D78A268A2,Đồng Lạc,Dong Lac
VN-24,Hà Nội,Ha Noi,VNAP25-CE5ED7769C,VNAP25-8D78A268A2,Đông Phương Yên,Dong Phuong Yen
VN-24,Hà Nội,Ha Noi,VNAP25-0EE47EE6E3,VNAP25-8D78A268A2,Đông Sơn,Dong Son
VN-24,Hà Nội,Ha Noi,VNAP25-21F354FEED,VNAP25-8D78A268A2,Hòa Phú,Hoa Phu
VN-24,Hà Nội,Ha Noi,VNAP25-CDB23068DA,VNAP25-8D78A268A2,Hoàng Diệu,Hoang Dieu
VN-24,Hà Nội,Ha Noi,VNAP25-7666B33DC3,VNAP25-8D78A268A2,Hoàng Văn Thụ,Hoang Van Thu
VN-24,Hà Nội,Ha Noi,VNAP25-5DDE5D712F,VNAP25-8D78A268A2,Hồng Phú,Hong Phu
VN-24,Hà Nội,Ha Noi,VNAP25-3F98472CFD,VNAP25-8D78A268A2,Hợp Đồng,Hop Dong
VN-24,Hà Nội,Ha Noi,VNAP25-05AAF0ED4D,VNAP25-8D78A268A2,Hữu Văn,Huu Van
VN-24,Hà Nội,Ha Noi,VNAP25-B18C4FFD1A,VNAP25-8D78A268A2,Lam Điền,Lam Dien
VN-24,Hà Nội,Ha Noi,VNAP25-97B3C194DF,VNAP25-8D78A268A2,Mỹ Lương,My Luong
VN-24,Hà Nội,Ha Noi,VNAP25-BDDEE5A46F,VNAP25-8D78A268A2,Nam Phương Tiến,Nam Phuong Tien
VN-24,Hà Nội,Ha Noi,VNAP25-F085222A28,VNAP25-8D78A268A2,Ngọc Hòa,Ngoc Hoa
VN-24,Hà Nội,Ha Noi,VNAP25-001556454E,VNAP25-8D78A268A2,Phú Nghĩa,Phu Nghia
VN-24,Hà Nội,Ha Noi,VNAP25-03CE3095CB,VNAP25-8D78A268A2,Phụng Châu,Phung Chau
VN-24,Hà Nội,Ha Noi,VNAP25-E55352B314,VNAP25-8D78A268A2,Quảng Bị,Quang Bi
VN-24,Hà Nội,Ha Noi,VNAP25-2F52A0CB2A,VNAP25-8D78A268A2,Tân Tiến,Tan Tien
VN-24,Hà Nội,Ha Noi,VNAP25-F7AC72A2F1,VNAP25-8D78A268A2,Thanh Bình,Thanh Binh
VN-24,Hà Nội,Ha Noi,VNAP25-257FEB5677,VNAP25-8D78A268A2,Thượng Vực,Thuong Vuc
VN-24,Hà Nội,Ha Noi,VNAP25-98CCD498DE,VNAP25-8D78A268A2,Thụy Hương,Thuy Huong
VN-24,Hà Nội,Ha Noi,VNAP25-5C64AA7086,VNAP25-8D78A268A2,Thủy Xuân Tiên,Thuy Xuan Tien
VN-24,Hà Nội,Ha Noi,VNAP25-3C4710A828,VNAP25-8D78A268A2,Tiên Phương,Tien Phuong
VN-24,Hà Nội,Ha Noi,VNAP25-1224D186A6,VNAP25-8D78A268A2,Tốt Động,Tot Dong
VN-24,Hà Nội,Ha Noi,VNAP25-D9BA8AC050,VNAP25-8D78A268A2,Trần Phú,Tran Phu
VN-24,Hà Nội,Ha Noi,VNAP25-FE5F78B2A7,VNAP25-8D78A268A2,Trung Hòa,Trung Hoa
VN-24,Hà Nội,Ha Noi,VNAP25-D98BEB46CC,VNAP25-8D78A268A2,Trường Yên,Truong Yen
VN-24,Hà Nội,Ha Noi,VNAP25-2CE10F3FF6,VNAP25-8D78A268A2,Văn Võ,Van Vo
VN-24,Hà Nội,Ha Noi,VNAP25-5FE661B6E2,VNAP25-8D78A268A2,Xuân Mai,Xuan Mai
VN-24,Hà Nội,Ha Noi,VNAP25-8C8065E45C,,Đan Phượng,Dan Phuong
VN-24,Hà Nội,Ha Noi,VNAP25-6968052240,VNAP25-8C8065E45C,Đan Phượng,Dan Phuong
VN-24,Hà Nội,Ha Noi,VNAP25-BBA699A65A,VNAP25-8C8065E45C,Đồng Tháp,Dong Thap
VN-24,Hà Nội,Ha Noi,VNAP25-7569445FAA,VNAP25-8C8065E45C,Hạ Mỗ,Ha Mo
VN-24,Hà Nội,Ha Noi,VNAP25-05FE299CAA,VNAP25-8C8065E45C,Hồng Hà,Hong Ha
VN-24,Hà Nội,Ha Noi,VNAP25-71F7E6422D,VNAP25-8C8065E45C,Liên Hà,Lien Ha
VN-24,Hà Nội,Ha Noi,VNAP25-E577B8FD6B,VNAP25-8C8065E45C,Liên Hồng,Lien Hong
VN-24,Hà Nội,Ha Noi,VNAP25-D1DC113423,VNAP25-8C8065E45C,Liên Trung,Lien Trung
VN-24,Hà Nội,Ha Noi,VNAP25-BE5D0A0271,VNAP25-8C8065E45C,Phùng,Phung
VN-24,Hà Nội,Ha Noi,VNAP25-6918FF25A4,VNAP25-8C8065E45C,Phương Đình,Phuong Dinh
VN-24,Hà Nội,Ha Noi,VNAP25-150249C1BA,VNAP25-8C8065E45C,Song Phượng,Song Phuong
VN-24,Hà Nội,Ha Noi,VNAP25-DAB68E4C88,VNAP25-8C8065E45C,Tân Hội,Tan Hoi
VN-24,Hà Nội,Ha Noi,VNAP25-2C0E77A00C,VNAP25-8C8065E45C,Tân Lập,Tan Lap
VN-24,Hà Nội,Ha Noi,VNAP25-C490E80A3A,VNAP25-8C8065E45C,Thọ An,Tho An
VN-24,Hà Nội,Ha Noi,VNAP25-C45A2A47C1,VNAP25-8C8065E45C,Thọ Xuân,Tho Xuan
VN-24,Hà Nội,Ha Noi,VNAP25-62B211CC3B,VNAP25-8C8065E45C,Thượng Mỗ,Thuong Mo
VN-24,Hà Nội,Ha Noi,VNAP25-1E3EEC4B26,VNAP25-8C8065E45C,Trung Châu,Trung Chau
VN-24,Hà Nội,Ha Noi,VNAP25-2457B38898,,Đông Anh,Dong Anh
VN-24,Hà Nội,Ha Noi,VNAP25-264BC11096,VNAP25-2457B38898,Bắc Hồng,Bac Hong
VN-24,Hà Nội,Ha Noi,VNAP25-49C24A2E3D,VNAP25-2457B38898,Cổ Loa,Co Loa
VN-24,Hà Nội,Ha Noi,VNAP25-D94E2122C8,VNAP25-2457B38898,Đại Mạch,Dai Mach
VN-24,Hà Nội,Ha Noi,VNAP25-43F34B7D4E,VNAP25-2457B38898,Đông Anh,Dong Anh
VN-24,Hà Nội,Ha Noi,VNAP25-2BCA430100,VNAP25-2457B38898,Đông Hội,Dong Hoi
VN-24,Hà Nội,Ha Noi,VNAP25-EE9415EDE9,VNAP25-2457B38898,Dục Tú,Duc Tu
VN-24,Hà Nội,Ha Noi,VNAP25-C9FBB6F29B,VNAP25-2457B38898,Hải Bối,Hai Boi
VN-24,Hà Nội,Ha Noi,VNAP25-229EABEA62,VNAP25-2457B38898,Kim Chung,Kim Chung
VN-24,Hà Nội,Ha Noi,VNAP25-0CF3C698FD,VNAP25-2457B38898,Kim Nỗ,Kim No
VN-24,Hà Nội,Ha Noi,VNAP25-BDBD7F674D,VNAP25-2457B38898,Liên Hà,Lien Ha
VN-24,Hà Nội,Ha Noi,VNAP25-6E602565D9,VNAP25-2457B38898,Mai Lâm,Mai Lam
VN-24,Hà Nội,Ha Noi,VNAP25-8C17E6C03D,VNAP25-2457B38898,Nam Hồng,Nam Hong
VN-24,Hà Nội,Ha Noi,VNAP25-B5EAAB1F58,VNAP25-2457B38898,Nguyên Khê,Nguyen Khe
VN-24,Hà Nội,Ha Noi,VNAP25-2A212438AE,VNAP25-2457B38898,Tàm Xá,Tam Xa
VN-24,Hà Nội,Ha Noi,VNAP25-0E98C53984,VNAP25-2457B38898,Thụy Lâm,Thuy Lam
VN-24,Hà Nội,Ha Noi,VNAP25-33A1F96C94,VNAP25-2457B38898,Tiên Dương,Tien Duong
VN-24,Hà Nội,Ha Noi,VNAP25-3B448C5AAC,VNAP25-2457B38898,Uy Nỗ,Uy No
VN-24,Hà Nội,Ha Noi,VNAP25-2F69F9DE22,VNAP25-2457B38898,Vân Hà,Van Ha
VN-24,Hà Nội,Ha Noi,VNAP25-AFCC827AE3,VNAP25-2457B38898,Vân Nội,Van Noi
VN-24,Hà Nội,Ha Noi,VNAP25-AD8389B15A,VNAP25-2457B38898,Việt Hùng,Viet Hung
VN-24,Hà Nội,Ha Noi,VNAP25-D53FA7AA75,VNAP25-2457B38898,Vĩnh Ngọc,Vinh Ngoc
VN-24,Hà Nội,Ha Noi,VNAP25-D379C8591C,VNAP25-2457B38898,Võng La,Vong La
VN-24,Hà Nội,Ha Noi,VNAP25-A3FE86D92E,VNAP25-2457B38898,Xuân Canh,Xuan Canh
VN-24,Hà Nội,Ha Noi,VNAP25-11B06D4A5A,VNAP25-2457B38898,Xuân Nộn,Xuan Non
VN-24,Hà Nội,Ha Noi,VNAP25-652F6923E1,,Đống Đa,Dong Da
VN-24,Hà Nội,Ha Noi,VNAP25-67D39D784F,VNAP25-652F6923E1,Cát Linh,Cat Linh
VN-24,Hà Nội,Ha Noi,VNAP25-AD4CD504A4,VNAP25-652F6923E1,Hàng Bột,Hang Bot
VN-24,Hà Nội,Ha Noi,VNAP25-AB27B28516,VNAP25-652F6923E1,Khâm Thiên,Kham Thien
VN-24,Hà Nội,Ha Noi,VNAP25-8C181B3475,VNAP25-652F6923E1,Khương Thượng,Khuong Thuong
VN-24,Hà Nội,Ha Noi,VNAP25-B64F3247E4,VNAP25-652F6923E1,Kim Liên,Kim Lien
VN-24,Hà Nội,Ha Noi,VNAP25-142891D38F,VNAP25-652F6923E1,Láng Hạ,Lang Ha
VN-24,Hà Nội,Ha Noi,VNAP25-C0F42F0531,VNAP25-652F6923E1,Láng Thượng,Lang Thuong
VN-24,Hà Nội,Ha Noi,VNAP25-454D079E9C,VNAP25-652F6923E1,Nam Đồng,Nam Dong
VN-24,Hà Nội,Ha Noi,VNAP25-8A312BD94D,VNAP25-652F6923E1,Ô Chợ Dừa,O Cho Dua
VN-24,Hà Nội,Ha Noi,VNAP25-C98CA639E2,VNAP25-652F6923E1,Phương Liên-Trung Tự,Phuong Lien-Trung Tu
VN-24,Hà Nội,Ha Noi,VNAP25-16E1845825,VNAP25-652F6923E1,Phương Mai,Phuong Mai
VN-24,Hà Nội,Ha Noi,VNAP25-AB79F66D4A,VNAP25-652F6923E1,Quang Trung,Quang Trung
VN-24,Hà Nội,Ha Noi,VNAP25-D163D20939,VNAP25-652F6923E1,Thịnh Quang,Thinh Quang
VN-24,Hà Nội,Ha Noi,VNAP25-C3EF2001D1,VNAP25-652F6923E1,Thổ Quan,Tho Quan
VN-24,Hà Nội,Ha Noi,VNAP25-57F601C888,VNAP25-652F6923E1,Trung Liệt,Trung Liet
VN-24,Hà Nội,Ha Noi,VNAP25-892835C90B,VNAP25-652F6923E1,Văn Chương,Van Chuong
VN-24,Hà Nội,Ha Noi,VNAP25-8DFF00D26F,VNAP25-652F6923E1,Văn Miếu-Quốc Tử Giám,Van Mieu-Quoc Tu Giam
VN-24,Hà Nội,Ha Noi,VNAP25-85EFE69C7D,,Gia Lâm,Gia Lam
VN-24,Hà Nội,Ha Noi,VNAP25-4B3C276B38,VNAP25-85EFE69C7D,Bát Tràng,Bat Trang
VN-24,Hà Nội,Ha Noi,VNAP25-56E431BB5F,VNAP25-85EFE69C7D,Cổ Bi,Co Bi
VN-24,Hà Nội,Ha Noi,VNAP25-7159200004,VNAP25-85EFE69C7D,Đa Tốn,Da Ton
VN-24,Hà Nội,Ha Noi,VNAP25-F0B5F9032C,VNAP25-85EFE69C7D,Đặng Xá,Dang Xa
VN-24,Hà Nội,Ha Noi,VNAP25-CCB80BEFBB,VNAP25-85EFE69C7D,Dương Quang,Duong Quang
VN-24,Hà Nội,Ha Noi,VNAP25-9215E66AE3,VNAP25-85EFE69C7D,Dương Xá,Duong Xa
VN-24,Hà Nội,Ha Noi,VNAP25-D09F0F901A,VNAP25-85EFE69C7D,Kiêu Kỵ,Kieu Ky
VN-24,Hà Nội,Ha Noi,VNAP25-BA823CC76F,VNAP25-85EFE69C7D,Kim Đức,Kim Duc
VN-24,Hà Nội,Ha Noi,VNAP25-892E9670A9,VNAP25-85EFE69C7D,Lệ Chi,Le Chi
VN-24,Hà Nội,Ha Noi,VNAP25-CD4B9CE8A2,VNAP25-85EFE69C7D,Ninh Hiệp,Ninh Hiep
VN-24,Hà Nội,Ha Noi,VNAP25-570DF9C107,VNAP25-85EFE69C7D,Phù Đổng,Phu Dong
VN-24,Hà Nội,Ha Noi,VNAP25-349CB1C729,VNAP25-85EFE69C7D,Phú Sơn,Phu Son
VN-24,Hà Nội,Ha Noi,VNAP25-DFF6AD0ECF,VNAP25-85EFE69C7D,Thiên Đức,Thien Duc
VN-24,Hà Nội,Ha Noi,VNAP25-17D6A080FF,VNAP25-85EFE69C7D,Trâu Quỳ,Trau Quy
VN-24,Hà Nội,Ha Noi,VNAP25-6ADB452975,VNAP25-85EFE69C7D,Yên Thường,Yen Thuong
VN-24,Hà Nội,Ha Noi,VNAP25-F8F5B8E362,VNAP25-85EFE69C7D,Yên Viên (Thị trấn),Yen Vien (Town)
VN-24,Hà Nội,Ha Noi,VNAP25-48BAE7BCEB,VNAP25-85EFE69C7D,Yên Viên (Xã),Yen Vien (Commune)
VN-24,Hà Nội,Ha Noi,VNAP25-352CFCB158,,Hà Đông,Ha Dong
VN-24,Hà Nội,Ha Noi,VNAP25-BAC6271505,VNAP25-352CFCB158,Biên Giang,Bien Giang
VN-24,Hà Nội,Ha Noi,VNAP25-EF3921BFF8,VNAP25-352CFCB158,Đồng Mai,Dong Mai
VN-24,Hà Nội,Ha Noi,VNAP25-726D04C932,VNAP25-352CFCB158,Dương Nội,Duong Noi
VN-24,Hà Nội,Ha Noi,VNAP25-681531D392,VNAP25-352CFCB158,Hà Cầu,Ha Cau
VN-24,Hà Nội,Ha Noi,VNAP25-0811D09D5D,VNAP25-352CFCB158,Kiến Hưng,Kien Hung
VN-24,Hà Nội,Ha Noi,VNAP25-39C3E8D97D,VNAP25-352CFCB158,La Khê,La Khe
VN-24,Hà Nội,Ha Noi,VNAP25-E34CAA819A,VNAP25-352CFCB158,Mộ Lao,Mo Lao
VN-24,Hà Nội,Ha Noi,VNAP25-F56C804965,VNAP25-352CFCB158,Phú La,Phu La
VN-24,Hà Nội,Ha Noi,VNAP25-8262AAC28F,VNAP25-352CFCB158,Phú Lãm,Phu Lam
VN-24,Hà Nội,Ha Noi,VNAP25-63E4FFE87B,VNAP25-352CFCB158,Phú Lương,Phu Luong
VN-24,Hà Nội,Ha Noi,VNAP25-4E452F071B,VNAP25-352CFCB158,Phúc La,Phuc La
VN-24,Hà Nội,Ha Noi,VNAP25-8B8D1CAC07,VNAP25-352CFCB158,Quang Trung,Quang Trung
VN-24,Hà Nội,Ha Noi,VNAP25-7F2922A412,VNAP25-352CFCB158,Vạn Phúc,Van Phuc
VN-24,Hà Nội,Ha Noi,VNAP25-255E02CD96,VNAP25-352CFCB158,Văn Quán,Van Quan
VN-24,Hà Nội,Ha Noi,VNAP25-87BACA48F2,VNAP25-352CFCB158,Yên Nghĩa,Yen Nghia
VN-24,Hà Nội,Ha Noi,VNAP25-F6989061A5,,Hai Bà Trưng,Hai Ba Trung
VN-24,Hà Nội,Ha Noi,VNAP25-94D00F1134,VNAP25-F6989061A5,Bạch Đằng,Bach Dang
VN-24,Hà Nội,Ha Noi,VNAP25-7F441E7B19,VNAP25-F6989061A5,Bách Khoa,Bach Khoa
VN-24,Hà Nội,Ha Noi,VNAP25-2D22CBC727,VNAP25-F6989061A5,Bạch Mai,Bach Mai
VN-24,Hà Nội,Ha Noi,VNAP25-7A027516CA,VNAP25-F6989061A5,Đồng Nhân,Dong Nhan
VN-24,Hà Nội,Ha Noi,VNAP25-564A1C3BFC,VNAP25-F6989061A5,Đồng Tâm,Dong Tam
VN-24,Hà Nội,Ha Noi,VNAP25-D162D2F51D,VNAP25-F6989061A5,Lê Đại Hành,Le Dai Hanh
VN-24,Hà Nội,Ha Noi,VNAP25-8BB13293B9,VNAP25-F6989061A5,Minh Khai,Minh Khai
VN-24,Hà Nội,Ha Noi,VNAP25-061035A0EE,VNAP25-F6989061A5,Nguyễn Du,Nguyen Du
VN-24,Hà Nội,Ha Noi,VNAP25-FE90412298,VNAP25-F6989061A5,Phạm Đình Hổ,Pham Dinh Ho
VN-24,Hà Nội,Ha Noi,VNAP25-7E34DBEDBD,VNAP25-F6989061A5,Phố Huế,Pho Hue
VN-24,Hà Nội,Ha Noi,VNAP25-3611FDA21A,VNAP25-F6989061A5,Quỳnh Mai,Quynh Mai
VN-24,Hà Nội,Ha Noi,VNAP25-BA68971232,VNAP25-F6989061A5,Thanh Lương,Thanh Luong
VN-24,Hà Nội,Ha Noi,VNAP25-33D8F97ED1,VNAP25-F6989061A5,Thanh Nhàn,Thanh Nhan
VN-24,Hà Nội,Ha Noi,VNAP25-C6981D36B5,VNAP25-F6989061A5,Trương Định,Truong Dinh
VN-24,Hà Nội,Ha Noi,VNAP25-6FBAA059B8,VNAP25-F6989061A5,Vĩnh Tuy,Vinh Tuy
VN-24,Hà Nội,Ha Noi,VNAP25-A17AF1FDD6,,Hoài Đức,Hoai Duc
VN-24,Hà Nội,Ha Noi,VNAP25-EECE1A7A9E,VNAP25-A17AF1FDD6,An Khánh,An Khanh
VN-24,Hà Nội,Ha Noi,VNAP25-D6601525A9,VNAP25-A17AF1FDD6,An Thượng,An Thuong
VN-24,Hà Nội,Ha Noi,VNAP25-0B21DA1296,VNAP25-A17AF1FDD6,Cát Quế,Cat Que
VN-24,Hà Nội,Ha Noi,VNAP25-1470639C31,VNAP25-A17AF1FDD6,Đắc Sở,Dac So
VN-24,Hà Nội,Ha Noi,VNAP25-43150E70F7,VNAP25-A17AF1FDD6,Di Trạch,Di Trach
VN-24,Hà Nội,Ha Noi,VNAP25-9868D52463,VNAP25-A17AF1FDD6,Đông La,Dong La
VN-24,Hà Nội,Ha Noi,VNAP25-E179CE7E66,VNAP25-A17AF1FDD6,Đức Giang,Duc Giang
VN-24,Hà Nội,Ha Noi,VNAP25-AA16B72C1B,VNAP25-A17AF1FDD6,Đức Thượng,Duc Thuong
VN-24,Hà Nội,Ha Noi,VNAP25-A332029784,VNAP25-A17AF1FDD6,Dương Liễu,Duong Lieu
VN-24,Hà Nội,Ha Noi,VNAP25-A5E5B5BE93,VNAP25-A17AF1FDD6,Kim Chung,Kim Chung
VN-24,Hà Nội,Ha Noi,VNAP25-5FDA07A2FC,VNAP25-A17AF1FDD6,La Phù,La Phu
VN-24,Hà Nội,Ha Noi,VNAP25-0F74117CEB,VNAP25-A17AF1FDD6,Lại Yên,Lai Yen
VN-24,Hà Nội,Ha Noi,VNAP25-B91FEDDF8F,VNAP25-A17AF1FDD6,Minh Khai,Minh Khai
VN-24,Hà Nội,Ha Noi,VNAP25-10CDAF3CEC,VNAP25-A17AF1FDD6,Sơn Đồng,Son Dong
VN-24,Hà Nội,Ha Noi,VNAP25-BA5B62485D,VNAP25-A17AF1FDD6,Song Phương,Song Phuong
VN-24,Hà Nội,Ha Noi,VNAP25-1C8B20C8C6,VNAP25-A17AF1FDD6,Tiền Yên,Tien Yen
VN-24,Hà Nội,Ha Noi,VNAP25-495D37FE4D,VNAP25-A17AF1FDD6,Trạm Trôi,Tram Troi
VN-24,Hà Nội,Ha Noi,VNAP25-B38C268DFB,VNAP25-A17AF1FDD6,Vân Canh,Van Canh
VN-24,Hà Nội,Ha Noi,VNAP25-611DB1BE35,VNAP25-A17AF1FDD6,Vân Côn,Van Con
VN-24,Hà Nội,Ha Noi,VNAP25-73546FAD07,VNAP25-A17AF1FDD6,Yên Sở,Yen So
VN-24,Hà Nội,Ha Noi,VNAP25-8C3C121C50,,Hoàn Kiếm,Hoan Kiem
VN-24,Hà Nội,Ha Noi,VNAP25-4AE921DEB7,VNAP25-8C3C121C50,Chương Dương,Chuong Duong
VN-24,Hà Nội,Ha Noi,VNAP25-A242A26BAF,VNAP25-8C3C121C50,Cửa Đông,Cua Dong
VN-24,Hà Nội,Ha Noi,VNAP25-872509BB08,VNAP25-8C3C121C50,Cửa Nam,Cua Nam
VN-24,Hà Nội,Ha Noi,VNAP25-31470C6990,VNAP25-8C3C121C50,Đồng Xuân,Dong Xuan
VN-24,Hà Nội,Ha Noi,VNAP25-9C00518A27,VNAP25-8C3C121C50,Hàng Bạc,Hang Bac
VN-24,Hà Nội,Ha Noi,VNAP25-500C76732E,VNAP25-8C3C121C50,Hàng Bài,Hang Bai
VN-24,Hà Nội,Ha Noi,VNAP25-D33101A654,VNAP25-8C3C121C50,Hàng Bồ,Hang Bo
VN-24,Hà Nội,Ha Noi,VNAP25-3F42626A8C,VNAP25-8C3C121C50,Hàng Bông,Hang Bong
VN-24,Hà Nội,Ha Noi,VNAP25-EFF7CADC38,VNAP25-8C3C121C50,Hàng Buồm,Hang Buom
VN-24,Hà Nội,Ha Noi,VNAP25-ADA34894C9,VNAP25-8C3C121C50,Hàng Đào,Hang Dao
VN-24,Hà Nội,Ha Noi,VNAP25-DAAA4165E5,VNAP25-8C3C121C50,Hàng Gai,Hang Gai
VN-24,Hà Nội,Ha Noi,VNAP25-E46DA6CA6B,VNAP25-8C3C121C50,Hàng Mã,Hang Ma
VN-24,Hà Nội,Ha Noi,VNAP25-E533DE399A,VNAP25-8C3C121C50,Hàng Trống,Hang Trong
VN-24,Hà Nội,Ha Noi,VNAP25-83F986E46B,VNAP25-8C3C121C50,Lý Thái Tổ,Ly Thai To
VN-24,Hà Nội,Ha Noi,VNAP25-E53761F4DD,VNAP25-8C3C121C50,Phan Chu Trinh,Phan Chu Trinh
VN-24,Hà Nội,Ha Noi,VNAP25-672B42BE23,VNAP25-8C3C121C50,Phúc Tân,Phuc Tan
VN-24,Hà Nội,Ha Noi,VNAP25-C4095EA89B,VNAP25-8C3C121C50,Trần Hưng Đạo,Tran Hung Dao
VN-24,Hà Nội,Ha Noi,VNAP25-4E199EC574,VNAP25-8C3C121C50,Tràng Tiền,Trang Tien
VN-24,Hà Nội,Ha Noi,VNAP25-765E677BCE,,Hoàng Mai,Hoang Mai
VN-24,Hà Nội,Ha Noi,VNAP25-A69E4E82A9,VNAP25-765E677BCE,Đại Kim,Dai Kim
VN-24,Hà Nội,Ha Noi,VNAP25-6269C81C4D,VNAP25-765E677BCE,Định Công,Dinh Cong
VN-24,Hà Nội,Ha Noi,VNAP25-89B669D09F,VNAP25-765E677BCE,Giáp Bát,Giap Bat
VN-24,Hà Nội,Ha Noi,VNAP25-D215EF16E2,VNAP25-765E677BCE,Hoàng Liệt,Hoang Liet
VN-24,Hà Nội,Ha Noi,VNAP25-305F1DE1BE,VNAP25-765E677BCE,Hoàng Văn Thụ,Hoang Van Thu
VN-24,Hà Nội,Ha Noi,VNAP25-925AD864CC,VNAP25-765E677BCE,Lĩnh Nam,Linh Nam
VN-24,Hà Nội,Ha Noi,VNAP25-3D94D8F2D0,VNAP25-765E677BCE,Mai Động,Mai Dong
VN-24,Hà Nội,Ha Noi,VNAP25-9004627C42,VNAP25-765E677BCE,Tân Mai,Tan Mai
VN-24,Hà Nội,Ha Noi,VNAP25-D8F3ACD153,VNAP25-765E677BCE,Thanh Trì,Thanh Tri
VN-24,Hà Nội,Ha Noi,VNAP25-B6B7245B41,VNAP25-765E677BCE,Thịnh Liệt,Thinh Liet
VN-24,Hà Nội,Ha Noi,VNAP25-FC4E3F42FE,VNAP25-765E677BCE,Trần Phú,Tran Phu
VN-24,Hà Nội,Ha Noi,VNAP25-895979ABB0,VNAP25-765E677BCE,Tương Mai,Tuong Mai
VN-24,Hà Nội,Ha Noi,VNAP25-C461326D8E,VNAP25-765E677BCE,Vĩnh Hưng,Vinh Hung
VN-24,Hà Nội,Ha Noi,VNAP25-0E4DE70C17,VNAP25-765E677BCE,Yên Sở,Yen So
VN-24,Hà Nội,Ha Noi,VNAP25-46D773DB30,,Long Biên,Long Bien
VN-24,Hà Nội,Ha Noi,VNAP25-480BCADB39,VNAP25-46D773DB30,Bồ Đề,Bo De
VN-24,Hà Nội,Ha Noi,VNAP25-1A01D9A046,VNAP25-46D773DB30,Cự Khối,Cu Khoi
VN-24,Hà Nội,Ha Noi,VNAP25-6DFAAD152C,VNAP25-46D773DB30,Đức Giang,Duc Giang
VN-24,Hà Nội,Ha Noi,VNAP25-78B4AC308F,VNAP25-46D773DB30,Gia Thụy,Gia Thuy
VN-24,Hà Nội,Ha Noi,VNAP25-8F66A2C491,VNAP25-46D773DB30,Giang Biên,Giang Bien
VN-24,Hà Nội,Ha Noi,VNAP25-D5F4D42F71,VNAP25-46D773DB30,Long Biên,Long Bien
VN-24,Hà Nội,Ha Noi,VNAP25-9FF9D093A0,VNAP25-46D773DB30,Ngọc Lâm,Ngoc Lam
VN-24,Hà Nội,Ha Noi,VNAP25-322BCB8C48,VNAP25-46D773DB30,Ngọc Thụy,Ngoc Thuy
VN-24,Hà Nội,Ha Noi,VNAP25-ED8A2B5787,VNAP25-46D773DB30,Phúc Đồng,Phuc Dong
VN-24,Hà Nội,Ha Noi,VNAP25-EC10F31B43,VNAP25-46D773DB30,Phúc Lợi,Phuc Loi
VN-24,Hà Nội,Ha Noi,VNAP25-AEEFEC1254,VNAP25-46D773DB30,Thạch Bàn,Thach Ban
VN-24,Hà Nội,Ha Noi,VNAP25-C122F6CA62,VNAP25-46D773DB30,Thượng Thanh,Thuong Thanh
VN-24,Hà Nội,Ha Noi,VNAP25-5E42C5EDB0,VNAP25-46D773DB30,Việt Hưng,Viet Hung
VN-24,Hà Nội,Ha Noi,VNAP25-2795F0929A,,Mê Linh,Me Linh
VN-24,Hà Nội,Ha Noi,VNAP25-18F04DD215,VNAP25-2795F0929A,Chi Đông,Chi Dong
VN-24,Hà Nội,Ha Noi,VNAP25-86F8754B46,VNAP25-2795F0929A,Chu Phan,Chu Phan
VN-24,Hà Nội,Ha Noi,VNAP25-DC88BC0618,VNAP25-2795F0929A,Đại Thịnh,Dai Thinh
VN-24,Hà Nội,Ha Noi,VNAP25-2CE1CEF04D,VNAP25-2795F0929A,Hoàng Kim,Hoang Kim
VN-24,Hà Nội,Ha Noi,VNAP25-FDD7D7A081,VNAP25-2795F0929A,Kim Hoa,Kim Hoa
VN-24,Hà Nội,Ha Noi,VNAP25-9132455A86,VNAP25-2795F0929A,Liên Mạc,Lien Mac
VN-24,Hà Nội,Ha Noi,VNAP25-CE5647FE7D,VNAP25-2795F0929A,Mê Linh,Me Linh
VN-24,Hà Nội,Ha Noi,VNAP25-C393ABBED4,VNAP25-2795F0929A,Quang Minh,Quang Minh
VN-24,Hà Nội,Ha Noi,VNAP25-32588C329A,VNAP25-2795F0929A,Tam Đồng,Tam Dong
VN-24,Hà Nội,Ha Noi,VNAP25-ACC31E108E,VNAP25-2795F0929A,Thạch Đà,Thach Da
VN-24,Hà Nội,Ha Noi,VNAP25-CDAE42B516,VNAP25-2795F0929A,Thanh Lâm,Thanh Lam
VN-24,Hà Nội,Ha Noi,VNAP25-16E0812776,VNAP25-2795F0929A,Tiền Phong,Tien Phong
VN-24,Hà Nội,Ha Noi,VNAP25-D5BDAD87F3,VNAP25-2795F0929A,Tiến Thắng,Tien Thang
VN-24,Hà Nội,Ha Noi,VNAP25-62763DE102,VNAP25-2795F0929A,Tiến Thịnh,Tien Thinh
VN-24,Hà Nội,Ha Noi,VNAP25-9B80DB9C35,VNAP25-2795F0929A,Tráng Việt,Trang Viet
VN-24,Hà Nội,Ha Noi,VNAP25-7D2B7E7318,VNAP25-2795F0929A,Tự Lập,Tu Lap
VN-24,Hà Nội,Ha Noi,VNAP25-E42A005226,VNAP25-2795F0929A,Văn Khê,Van Khe
VN-24,Hà Nội,Ha Noi,VNAP25-59FBC3F641,,Mỹ Đức,My Duc
VN-24,Hà Nội,Ha Noi,VNAP25-51A1D5E2EE,VNAP25-59FBC3F641,An Mỹ,An My
VN-24,Hà Nội,Ha Noi,VNAP25-11163E0D29,VNAP25-59FBC3F641,An Phú,An Phu
VN-24,Hà Nội,Ha Noi,VNAP25-1A979690BE,VNAP25-59FBC3F641,An Tiến,An Tien
VN-24,Hà Nội,Ha Noi,VNAP25-56C54DBD0F,VNAP25-59FBC3F641,Đại Hưng,Dai Hung
VN-24,Hà Nội,Ha Noi,VNAP25-34E55738DA,VNAP25-59FBC3F641,Đại Nghĩa,Dai Nghia
VN-24,Hà Nội,Ha Noi,VNAP25-55B6787673,VNAP25-59FBC3F641,Đồng Tâm,Dong Tam
VN-24,Hà Nội,Ha Noi,VNAP25-04322C452B,VNAP25-59FBC3F641,Hồng Sơn,Hong Son
VN-24,Hà Nội,Ha Noi,VNAP25-252EA992BA,VNAP25-59FBC3F641,Hợp Thanh,Hop Thanh
VN-24,Hà Nội,Ha Noi,VNAP25-2D30685829,VNAP25-59FBC3F641,Hợp Tiến,Hop Tien
VN-24,Hà Nội,Ha Noi,VNAP25-6AADDCD5D3,VNAP25-59FBC3F641,Hùng Tiến,Hung Tien
VN-24,Hà Nội,Ha Noi,VNAP25-C3E3DD9C1F,VNAP25-59FBC3F641,Hương Sơn,Huong Son
VN-24,Hà Nội,Ha Noi,VNAP25-DF08B453F5,VNAP25-59FBC3F641,Lê Thanh,Le Thanh
VN-24,Hà Nội,Ha Noi,VNAP25-22DFD78190,VNAP25-59FBC3F641,Mỹ Xuyên,My Xuyen
VN-24,Hà Nội,Ha Noi,VNAP25-186332B8F4,VNAP25-59FBC3F641,Phù Lưu Tế,Phu Luu Te
VN-24,Hà Nội,Ha Noi,VNAP25-A3D9DE3EA5,VNAP25-59FBC3F641,Phúc Lâm,Phuc Lam
VN-24,Hà Nội,Ha Noi,VNAP25-BE2A6A9AF5,VNAP25-59FBC3F641,Phùng Xá,Phung Xa
VN-24,Hà Nội,Ha Noi,VNAP25-2D04ECC371,VNAP25-59FBC3F641,Thượng Lâm,Thuong Lam
VN-24,Hà Nội,Ha Noi,VNAP25-EC7EA4A9EA,VNAP25-59FBC3F641,Tuy Lai,Tuy Lai
VN-24,Hà Nội,Ha Noi,VNAP25-055C50D59F,VNAP25-59FBC3F641,Vạn Tín,Van Tin
VN-24,Hà Nội,Ha Noi,VNAP25-2F81A861B7,VNAP25-59FBC3F641,Xuy Xá,Xuy Xa
VN-24,Hà Nội,Ha Noi,VNAP25-8B0164B71B,,Nam Từ Liêm,Nam Tu Liem
VN-24,Hà Nội,Ha Noi,VNAP25-48146601CF,VNAP25-8B0164B71B,Cầu Diễn,Cau Dien
VN-24,Hà Nội,Ha Noi,VNAP25-9565A6D6B8,VNAP25-8B0164B71B,Đại Mỗ,Dai Mo
VN-24,Hà Nội,Ha Noi,VNAP25-597D1B6D8D,VNAP25-8B0164B71B,Mễ Trì,Me Tri
VN-24,Hà Nội,Ha Noi,VNAP25-065AF11099,VNAP25-8B0164B71B,Mỹ Đình 1,My Dinh 1
VN-24,Hà Nội,Ha Noi,VNAP25-15A5A95F4E,VNAP25-8B0164B71B,Mỹ Đình 2,My Dinh 2
VN-24,Hà Nội,Ha Noi,VNAP25-1E47C47531,VNAP25-8B0164B71B,Phú Đô,Phu Do
VN-24,Hà Nội,Ha Noi,VNAP25-BCA31C4FF5,VNAP25-8B0164B71B,Phương Canh,Phuong Canh
VN-24,Hà Nội,Ha Noi,VNAP25-8413BBC86E,VNAP25-8B0164B71B,Tây Mỗ,Tay Mo
VN-24,Hà Nội,Ha Noi,VNAP25-190E38F60B,VNAP25-8B0164B71B,Trung Văn,Trung Van
VN-24,Hà Nội,Ha Noi,VNAP25-82A0CCA458,VNAP25-8B0164B71B,Xuân Phương,Xuan Phuong
VN-24,Hà Nội,Ha Noi,VNAP25-DCBCEB3CAE,,Phú Xuyên,Phu Xuyen
VN-24,Hà Nội,Ha Noi,VNAP25-B116080A99,VNAP25-DCBCEB3CAE,Bạch Hạ,Bach Ha
VN-24,Hà Nội,Ha Noi,VNAP25-1F75312371,VNAP25-DCBCEB3CAE,Châu Can,Chau Can
VN-24,Hà Nội,Ha Noi,VNAP25-5D96AABB50,VNAP25-DCBCEB3CAE,Chuyên Mỹ,Chuyen My
VN-24,Hà Nội,Ha Noi,VNAP25-4457C50635,VNAP25-DCBCEB3CAE,Đại Xuyên,Dai Xuyen
VN-24,Hà Nội,Ha Noi,VNAP25-9E97278870,VNAP25-DCBCEB3CAE,Hoàng Long,Hoang Long
VN-24,Hà Nội,Ha Noi,VNAP25-1F22B370BC,VNAP25-DCBCEB3CAE,Hồng Minh,Hong Minh
VN-24,Hà Nội,Ha Noi,VNAP25-F21E39AA93,VNAP25-DCBCEB3CAE,Hồng Thái,Hong Thai
VN-24,Hà Nội,Ha Noi,VNAP25-3BFB7237CD,VNAP25-DCBCEB3CAE,Khai Thái,Khai Thai
VN-24,Hà Nội,Ha Noi,VNAP25-7DCF9C6B5D,VNAP25-DCBCEB3CAE,Minh Tân,Minh Tan
VN-24,Hà Nội,Ha Noi,VNAP25-FF48A0C737,VNAP25-DCBCEB3CAE,Nam Phong,Nam Phong
VN-24,Hà Nội,Ha Noi,VNAP25-3986723FED,VNAP25-DCBCEB3CAE,Nam Tiến,Nam Tien
VN-24,Hà Nội,Ha Noi,VNAP25-7D24E9AEA4,VNAP25-DCBCEB3CAE,Phú Minh,Phu Minh
VN-24,Hà Nội,Ha Noi,VNAP25-645558E457,VNAP25-DCBCEB3CAE,Phú Túc,Phu Tuc
VN-24,Hà Nội,Ha Noi,VNAP25-A863C0CDFF,VNAP25-DCBCEB3CAE,Phú Xuyên,Phu Xuyen
VN-24,Hà Nội,Ha Noi,VNAP25-329347A14F,VNAP25-DCBCEB3CAE,Phú Yên,Phu Yen
VN-24,Hà Nội,Ha Noi,VNAP25-A22741AE16,VNAP25-DCBCEB3CAE,Phúc Tiến,Phuc Tien
VN-24,Hà Nội,Ha Noi,VNAP25-0AF70B72EA,VNAP25-DCBCEB3CAE,Phượng Dực,Phuong Duc
VN-24,Hà Nội,Ha Noi,VNAP25-5CA4AA9731,VNAP25-DCBCEB3CAE,Quang Hà,Quang Ha
VN-24,Hà Nội,Ha Noi,VNAP25-0F5DCC111B,VNAP25-DCBCEB3CAE,Quang Lãng,Quang Lang
VN-24,Hà Nội,Ha Noi,VNAP25-3B8575A0C1,VNAP25-DCBCEB3CAE,Tân Dân,Tan Dan
VN-24,Hà Nội,Ha Noi,VNAP25-9E330F994D,VNAP25-DCBCEB3CAE,Tri Thủy,Tri Thuy
VN-24,Hà Nội,Ha Noi,VNAP25-4EDAD21B83,VNAP25-DCBCEB3CAE,Văn Hoàng,Van Hoang
VN-24,Hà Nội,Ha Noi,VNAP25-171714CF66,VNAP25-DCBCEB3CAE,Vân Từ,Van Tu
VN-24,Hà Nội,Ha Noi,VNAP25-2B47D440B3,,Phúc Thọ,Phuc Tho
VN-24,Hà Nội,Ha Noi,VNAP25-96A6701EE6,VNAP25-2B47D440B3,Hát Môn,Hat Mon
VN-24,Hà Nội,Ha Noi,VNAP25-1C52FFE0A5,VNAP25-2B47D440B3,Hiệp Thuận,Hiep Thuan
VN-24,Hà Nội,Ha Noi,VNAP25-A73C0AE5C0,VNAP25-2B47D440B3,Liên Hiệp,Lien Hiep
VN-24,Hà Nội,Ha Noi,VNAP25-6E8B6F5FC4,VNAP25-2B47D440B3,Long Thượng,Long Thuong
VN-24,Hà Nội,Ha Noi,VNAP25-65E86F5A16,VNAP25-2B47D440B3,Nam Hà,Nam Ha
VN-24,Hà Nội,Ha Noi,VNAP25-567C6379CE,VNAP25-2B47D440B3,Ngọc Tảo,Ngoc Tao
VN-24,Hà Nội,Ha Noi,VNAP25-6D223FDBDA,VNAP25-2B47D440B3,Phúc Hòa,Phuc Hoa
VN-24,Hà Nội,Ha Noi,VNAP25-FF21FBE634,VNAP25-2B47D440B3,Phúc Thọ,Phuc Tho
VN-24,Hà Nội,Ha Noi,VNAP25-638C2A591A,VNAP25-2B47D440B3,Phụng Thượng,Phung Thuong
VN-24,Hà Nội,Ha Noi,VNAP25-9854668D64,VNAP25-2B47D440B3,Sen Phương,Sen Phuong
VN-24,Hà Nội,Ha Noi,VNAP25-A8E0C63C83,VNAP25-2B47D440B3,Tam Hiệp,Tam Hiep
VN-24,Hà Nội,Ha Noi,VNAP25-22B499AE5D,VNAP25-2B47D440B3,Tam Thuấn,Tam Thuan
VN-24,Hà Nội,Ha Noi,VNAP25-3E2CC0AFCC,VNAP25-2B47D440B3,Thanh Đa,Thanh Da
VN-24,Hà Nội,Ha Noi,VNAP25-74D1DA3981,VNAP25-2B47D440B3,Tích Lộc,Tich Loc
VN-24,Hà Nội,Ha Noi,VNAP25-19D102043B,VNAP25-2B47D440B3,Trạch Mỹ Lộc,Trach My Loc
VN-24,Hà Nội,Ha Noi,VNAP25-65F3A739D4,VNAP25-2B47D440B3,Vân Phúc,Van Phuc
VN-24,Hà Nội,Ha Noi,VNAP25-9E2D8EE45D,VNAP25-2B47D440B3,Võng Xuyên,Vong Xuyen
VN-24,Hà Nội,Ha Noi,VNAP25-FA53351A60,VNAP25-2B47D440B3,Xuân Đình,Xuan Dinh
VN-24,Hà Nội,Ha Noi,VNAP25-46C84CCEDF,,Quốc Oai,Quoc Oai
VN-24,Hà Nội,Ha Noi,VNAP25-A9E9750CEC,VNAP25-46C84CCEDF,Cấn Hữu,Can Huu
VN-24,Hà Nội,Ha Noi,VNAP25-6413821CDC,VNAP25-46C84CCEDF,Cộng Hòa,Cong Hoa
VN-24,Hà Nội,Ha Noi,VNAP25-F2450FA8D3,VNAP25-46C84CCEDF,Đồng Quang,Dong Quang
VN-24,Hà Nội,Ha Noi,VNAP25-8CA532CD78,VNAP25-46C84CCEDF,Đông Xuân,Dong Xuan
VN-24,Hà Nội,Ha Noi,VNAP25-23A3C9B623,VNAP25-46C84CCEDF,Đông Yên,Dong Yen
VN-24,Hà Nội,Ha Noi,VNAP25-07D94690B0,VNAP25-46C84CCEDF,Hòa Thạch,Hoa Thach
VN-24,Hà Nội,Ha Noi,VNAP25-5CC0D3669D,VNAP25-46C84CCEDF,Hưng Đạo,Hung Dao
VN-24,Hà Nội,Ha Noi,VNAP25-42F4DBC891,VNAP25-46C84CCEDF,Liệp Nghĩa,Liep Nghia
VN-24,Hà Nội,Ha Noi,VNAP25-46E9DECD31,VNAP25-46C84CCEDF,Ngọc Liệp,Ngoc Liep
VN-24,Hà Nội,Ha Noi,VNAP25-CF291E8CB1,VNAP25-46C84CCEDF,Ngọc Mỹ,Ngoc My
VN-24,Hà Nội,Ha Noi,VNAP25-91F9CD4B98,VNAP25-46C84CCEDF,Phú Cát,Phu Cat
VN-24,Hà Nội,Ha Noi,VNAP25-A264CF384C,VNAP25-46C84CCEDF,Phú Mãn,Phu Man
VN-24,Hà Nội,Ha Noi,VNAP25-28A8BAC990,VNAP25-46C84CCEDF,Phượng Sơn,Phuong Son
VN-24,Hà Nội,Ha Noi,VNAP25-2F5E2176E7,VNAP25-46C84CCEDF,Quốc Oai,Quoc Oai
VN-24,Hà Nội,Ha Noi,VNAP25-BC0EC8F8FA,VNAP25-46C84CCEDF,Sài Sơn,Sai Son
VN-24,Hà Nội,Ha Noi,VNAP25-024785DFF3,VNAP25-46C84CCEDF,Thạch Thán,Thach Than
VN-24,Hà Nội,Ha Noi,VNAP25-F532F33C59,VNAP25-46C84CCEDF,Tuyết Nghĩa,Tuyet Nghia
VN-24,Hà Nội,Ha Noi,VNAP25-4FB589DD13,,Sóc Sơn,Soc Son
VN-24,Hà Nội,Ha Noi,VNAP25-B91360A8C0,VNAP25-4FB589DD13,Bắc Phú,Bac Phu
VN-24,Hà Nội,Ha Noi,VNAP25-F0B63AAE31,VNAP25-4FB589DD13,Bắc Sơn,Bac Son
VN-24,Hà Nội,Ha Noi,VNAP25-31BBC39F0A,VNAP25-4FB589DD13,Đông Xuân,Dong Xuan
VN-24,Hà Nội,Ha Noi,VNAP25-C3D8FC5CAC,VNAP25-4FB589DD13,Đức Hòa,Duc Hoa
VN-24,Hà Nội,Ha Noi,VNAP25-868E1A8DA3,VNAP25-4FB589DD13,Hiền Ninh,Hien Ninh
VN-24,Hà Nội,Ha Noi,VNAP25-8272D3F829,VNAP25-4FB589DD13,Hồng Kỳ,Hong Ky
VN-24,Hà Nội,Ha Noi,VNAP25-D2A488C3E6,VNAP25-4FB589DD13,Kim Lũ,Kim Lu
VN-24,Hà Nội,Ha Noi,VNAP25-DFA916E8D8,VNAP25-4FB589DD13,Mai Đình,Mai Dinh
VN-24,Hà Nội,Ha Noi,VNAP25-11DDF47B3D,VNAP25-4FB589DD13,Minh Phú,Minh Phu
VN-24,Hà Nội,Ha Noi,VNAP25-DEFE29299C,VNAP25-4FB589DD13,Minh Trí,Minh Tri
VN-24,Hà Nội,Ha Noi,VNAP25-DD66C502C3,VNAP25-4FB589DD13,Nam Sơn,Nam Son
VN-24,Hà Nội,Ha Noi,VNAP25-FF043F968E,VNAP25-4FB589DD13,Phú Cường,Phu Cuong
VN-24,Hà Nội,Ha Noi,VNAP25-04A3A24100,VNAP25-4FB589DD13,Phù Linh,Phu Linh
VN-24,Hà Nội,Ha Noi,VNAP25-AF8C14E804,VNAP25-4FB589DD13,Phù Lỗ,Phu Lo
VN-24,Hà Nội,Ha Noi,VNAP25-BFAEC41CF5,VNAP25-4FB589DD13,Phú Minh,Phu Minh
VN-24,Hà Nội,Ha Noi,VNAP25-A88E887FB5,VNAP25-4FB589DD13,Quang Tiến,Quang Tien
VN-24,Hà Nội,Ha Noi,VNAP25-9CF6E29AEF,VNAP25-4FB589DD13,Sóc Sơn,Soc Son
VN-24,Hà Nội,Ha Noi,VNAP25-7B1DC92214,VNAP25-4FB589DD13,Tân Dân,Tan Dan
VN-24,Hà Nội,Ha Noi,VNAP25-B216CDE5BB,VNAP25-4FB589DD13,Tân Hưng,Tan Hung
VN-24,Hà Nội,Ha Noi,VNAP25-B33ECA9639,VNAP25-4FB589DD13,Tân Minh,Tan Minh
VN-24,Hà Nội,Ha Noi,VNAP25-D4D20109C6,VNAP25-4FB589DD13,Thanh Xuân,Thanh Xuan
VN-24,Hà Nội,Ha Noi,VNAP25-B04132507E,VNAP25-4FB589DD13,Tiên Dược,Tien Duoc
VN-24,Hà Nội,Ha Noi,VNAP25-07145A210D,VNAP25-4FB589DD13,Trung Giã,Trung Gia
VN-24,Hà Nội,Ha Noi,VNAP25-74AE64285E,VNAP25-4FB589DD13,Việt Long,Viet Long
VN-24,Hà Nội,Ha Noi,VNAP25-2337D125FB,VNAP25-4FB589DD13,Xuân Giang,Xuan Giang
VN-24,Hà Nội,Ha Noi,VNAP25-A233652083,VNAP25-4FB589DD13,Xuân Thu,Xuan Thu
VN-24,Hà Nội,Ha Noi,VNAP25-694A795779,,Sơn Tây,Son Tay
VN-24,Hà Nội,Ha Noi,VNAP25-653F64BC10,VNAP25-694A795779,Cổ Đông,Co Dong
VN-24,Hà Nội,Ha Noi,VNAP25-A961C538EF,VNAP25-694A795779,Đường Lâm,Duong Lam
VN-24,Hà Nội,Ha Noi,VNAP25-4D3FFABE4B,VNAP25-694A795779,Kim Sơn,Kim Son
VN-24,Hà Nội,Ha Noi,VNAP25-3E6F789095,VNAP25-694A795779,Ngô Quyền,Ngo Quyen
VN-24,Hà Nội,Ha Noi,VNAP25-78BBD0C375,VNAP25-694A795779,Phú Thịnh,Phu Thinh
VN-24,Hà Nội,Ha Noi,VNAP25-EEE4CC7558,VNAP25-694A795779,Sơn Đông,Son Dong
VN-24,Hà Nội,Ha Noi,VNAP25-667A8D1458,VNAP25-694A795779,Sơn Lộc,Son Loc
VN-24,Hà Nội,Ha Noi,VNAP25-16E0D9CE2E,VNAP25-694A795779,Thanh Mỹ,Thanh My
VN-24,Hà Nội,Ha Noi,VNAP25-C272A991CA,VNAP25-694A795779,Trung Hưng,Trung Hung
VN-24,Hà Nội,Ha Noi,VNAP25-3274C02C0E,VNAP25-694A795779,Trung Sơn Trầm,Trung Son Tram
VN-24,Hà Nội,Ha Noi,VNAP25-560A32F7DA,VNAP25-694A795779,Viên Sơn,Vien Son
VN-24,Hà Nội,Ha Noi,VNAP25-F78872AE44,VNAP25-694A795779,Xuân Khanh,Xuan Khanh
VN-24,Hà Nội,Ha Noi,VNAP25-0051314DA6,VNAP25-694A795779,Xuân Sơn,Xuan Son
VN-24,Hà Nội,Ha Noi,VNAP25-FDA6059FF3,,Tây Hồ,Tay Ho
VN-24,Hà Nội,Ha Noi,VNAP25-2E896E69A3,VNAP25-FDA6059FF3,Bưởi,Buoi
VN-24,Hà Nội,Ha Noi,VNAP25-878B9D1CEE,VNAP25-FDA6059FF3,Nhật Tân,Nhat Tan
VN-24,Hà Nội,Ha Noi,VNAP25-BE085BD577,VNAP25-FDA6059FF3,Phú Thượng,Phu Thuong
VN-24,Hà Nội,Ha Noi,VNAP25-E87AE6EB03,VNAP25-FDA6059FF3,Quảng An,Quang An
VN-24,Hà Nội,Ha Noi,VNAP25-3DFB77C151,VNAP25-FDA6059FF3,Thụy Khuê,Thuy Khue
VN-24,Hà Nội,Ha Noi,VNAP25-6FF908A57D,VNAP25-FDA6059FF3,Tứ Liên,Tu Lien
VN-24,Hà Nội,Ha Noi,VNAP25-FA442BC883,VNAP25-FDA6059FF3,Xuân La,Xuan La
VN-24,Hà Nội,Ha Noi,VNAP25-94426F1EA2,VNAP25-FDA6059FF3,Yên Phụ,Yen Phu
VN-24,Hà Nội,Ha Noi,VNAP25-400CB9AE9E,,Thạch Thất,Thach That
VN-24,Hà Nội,Ha Noi,VNAP25-963B16CA7F,VNAP25-400CB9AE9E,Bình Yên,Binh Yen
VN-24,Hà Nội,Ha Noi,VNAP25-DB37588B73,VNAP25-400CB9AE9E,Cẩm Yên,Cam Yen
VN-24,Hà Nội,Ha Noi,VNAP25-1A05606C3D,VNAP25-400CB9AE9E,Cần Kiệm,Can Kiem
VN-24,Hà Nội,Ha Noi,VNAP25-33AF9DF93A,VNAP25-400CB9AE9E,Đại Đồng,Dai Dong
VN-24,Hà Nội,Ha Noi,VNAP25-046F7D23ED,VNAP25-400CB9AE9E,Đồng Trúc,Dong Truc
VN-24,Hà Nội,Ha Noi,VNAP25-55A8336974,VNAP25-400CB9AE9E,Hạ Bằng,Ha Bang
VN-24,Hà Nội,Ha Noi,VNAP25-A69EB792E8,VNAP25-400CB9AE9E,Hương Ngải,Huong Ngai
VN-24,Hà Nội,Ha Noi,VNAP25-ABC555370C,VNAP25-400CB9AE9E,Kim Quan,Kim Quan
VN-24,Hà Nội,Ha Noi,VNAP25-7E8C5869C2,VNAP25-400CB9AE9E,Lại Thượng,Lai Thuong
VN-24,Hà Nội,Ha Noi,VNAP25-9511031FCC,VNAP25-400CB9AE9E,Lam Sơn,Lam Son
VN-24,Hà Nội,Ha Noi,VNAP25-D72D2CEA56,VNAP25-400CB9AE9E,Liên Quan,Lien Quan
VN-24,Hà Nội,Ha Noi,VNAP25-1EC5391AD6,VNAP25-400CB9AE9E,Phú Kim,Phu Kim
VN-24,Hà Nội,Ha Noi,VNAP25-F08ACAF65F,VNAP25-400CB9AE9E,Phùng Xá,Phung Xa
VN-24,Hà Nội,Ha Noi,VNAP25-9C5DABF65A,VNAP25-400CB9AE9E,Quang Trung,Quang Trung
VN-24,Hà Nội,Ha Noi,VNAP25-FAF7D74061,VNAP25-400CB9AE9E,Tân Xã,Tan Xa
VN-24,Hà Nội,Ha Noi,VNAP25-4FA4D477EF,VNAP25-400CB9AE9E,Thạch Hòa,Thach Hoa
VN-24,Hà Nội,Ha Noi,VNAP25-17058EDDAF,VNAP25-400CB9AE9E,Thạch Xá,Thach Xa
VN-24,Hà Nội,Ha Noi,VNAP25-04710DCA60,VNAP25-400CB9AE9E,Tiến Xuân,Tien Xuan
VN-24,Hà Nội,Ha Noi,VNAP25-15219335DC,VNAP25-400CB9AE9E,Yên Bình,Yen Binh
VN-24,Hà Nội,Ha Noi,VNAP25-1C59BCFF6F,VNAP25-400CB9AE9E,Yên Trung,Yen Trung
VN-24,Hà Nội,Ha Noi,VNAP25-24880A4EEF,,Thanh Oai,Thanh Oai
VN-24,Hà Nội,Ha Noi,VNAP25-223B393D5B,VNAP25-24880A4EEF,Bích Hòa,Bich Hoa
VN-24,Hà Nội,Ha Noi,VNAP25-9903885FE1,VNAP25-24880A4EEF,Bình Minh,Binh Minh
VN-24,Hà Nội,Ha Noi,VNAP25-122DE79FD1,VNAP25-24880A4EEF,Cao Viên,Cao Vien
VN-24,Hà Nội,Ha Noi,VNAP25-F8A2AE750A,VNAP25-24880A4EEF,Cao Xuân Dương,Cao Xuan Duong
VN-24,Hà Nội,Ha Noi,VNAP25-3D5B58DAA0,VNAP25-24880A4EEF,Cự Khê,Cu Khe
VN-24,Hà Nội,Ha Noi,VNAP25-857FBD7A26,VNAP25-24880A4EEF,Dân Hòa,Dan Hoa
VN-24,Hà Nội,Ha Noi,VNAP25-1A438BE99A,VNAP25-24880A4EEF,Đỗ Động,Do Dong
VN-24,Hà Nội,Ha Noi,VNAP25-B1CC26B6E7,VNAP25-24880A4EEF,Hồng Dương,Hong Duong
VN-24,Hà Nội,Ha Noi,VNAP25-AA1AE304B9,VNAP25-24880A4EEF,Kim An,Kim An
VN-24,Hà Nội,Ha Noi,VNAP25-FB6C1518D1,VNAP25-24880A4EEF,Kim Bài,Kim Bai
VN-24,Hà Nội,Ha Noi,VNAP25-BF4BB2BBED,VNAP25-24880A4EEF,Kim Thư,Kim Thu
VN-24,Hà Nội,Ha Noi,VNAP25-227EC4F2B5,VNAP25-24880A4EEF,Liên Châu,Lien Chau
VN-24,Hà Nội,Ha Noi,VNAP25-A165C57695,VNAP25-24880A4EEF,Mỹ Hưng,My Hung
VN-24,Hà Nội,Ha Noi,VNAP25-041A800606,VNAP25-24880A4EEF,Phương Trung,Phuong Trung
VN-24,Hà Nội,Ha Noi,VNAP25-F13EA8BCDD,VNAP25-24880A4EEF,Tam Hưng,Tam Hung
VN-24,Hà Nội,Ha Noi,VNAP25-F6C9DCDCC5,VNAP25-24880A4EEF,Tân Ước,Tan Uoc
VN-24,Hà Nội,Ha Noi,VNAP25-CBBC5B3746,VNAP25-24880A4EEF,Thanh Cao,Thanh Cao
VN-24,Hà Nội,Ha Noi,VNAP25-C2D0692ACB,VNAP25-24880A4EEF,Thanh Mai,Thanh Mai
VN-24,Hà Nội,Ha Noi,VNAP25-0146D59307,VNAP25-24880A4EEF,Thanh Thùy,Thanh Thuy
VN-24,Hà Nội,Ha Noi,VNAP25-40A23B38FA,VNAP25-24880A4EEF,Thanh Văn,Thanh Van
VN-24,Hà Nội,Ha Noi,VNAP25-BF611BEF16,,Thanh Trì,Thanh Tri
VN-24,Hà Nội,Ha Noi,VNAP25-C414D2071C,VNAP25-BF611BEF16,Đại Áng,Dai Ang
VN-24,Hà Nội,Ha Noi,VNAP25-097EFA5CEF,VNAP25-BF611BEF16,Đông Mỹ,Dong My
VN-24,Hà Nội,Ha Noi,VNAP25-1CE0911BAF,VNAP25-BF611BEF16,Duyên Hà,Duyen Ha
VN-24,Hà Nội,Ha Noi,VNAP25-985747EBE7,VNAP25-BF611BEF16,Hữu Hòa,Huu Hoa
VN-24,Hà Nội,Ha Noi,VNAP25-D677DAE4B8,VNAP25-BF611BEF16,Liên Ninh,Lien Ninh
VN-24,Hà Nội,Ha Noi,VNAP25-A538C5D6AD,VNAP25-BF611BEF16,Ngọc Hồi,Ngoc Hoi
VN-24,Hà Nội,Ha Noi,VNAP25-9BBA5D98F4,VNAP25-BF611BEF16,Ngũ Hiệp,Ngu Hiep
VN-24,Hà Nội,Ha Noi,VNAP25-6B2B61FA79,VNAP25-BF611BEF16,Tả Thanh Oai,Ta Thanh Oai
VN-24,Hà Nội,Ha Noi,VNAP25-3F48EE41A2,VNAP25-BF611BEF16,Tam Hiệp,Tam Hiep
VN-24,Hà Nội,Ha Noi,VNAP25-7C9E4DBD43,VNAP25-BF611BEF16,Tân Triều,Tan Trieu
VN-24,Hà Nội,Ha Noi,VNAP25-7B35215131,VNAP25-BF611BEF16,Thanh Liệt,Thanh Liet
VN-24,Hà Nội,Ha Noi,VNAP25-4DB8C7C52F,VNAP25-BF611BEF16,Tứ Hiệp,Tu Hiep
VN-24,Hà Nội,Ha Noi,VNAP25-B148F2BD79,VNAP25-BF611BEF16,Văn Điển,Van Dien
VN-24,Hà Nội,Ha Noi,VNAP25-B464D4EE37,VNAP25-BF611BEF16,Vạn Phúc,Van Phuc
VN-24,Hà Nội,Ha Noi,VNAP25-417D9C0CC5,VNAP25-BF611BEF16,Vĩnh Quỳnh,Vinh Quynh
VN-24,Hà Nội,Ha Noi,VNAP25-1F2799DCB6,VNAP25-BF611BEF16,Yên Mỹ,Yen My
VN-24,Hà Nội,Ha Noi,VNAP25-98E3F0A0C1,,Thanh Xuân,Thanh Xuan
VN-24,Hà Nội,Ha Noi,VNAP25-A93838FE58,VNAP25-98E3F0A0C1,Hạ Đình,Ha Dinh
VN-24,Hà Nội,Ha Noi,VNAP25-A7B2699B28,VNAP25-98E3F0A0C1,Khương Đình,Khuong Dinh
VN-24,Hà Nội,Ha Noi,VNAP25-FA3FE31921,VNAP25-98E3F0A0C1,Khương Mai,Khuong Mai
VN-24,Hà Nội,Ha Noi,VNAP25-A546E5C841,VNAP25-98E3F0A0C1,Khương Trung,Khuong Trung
VN-24,Hà Nội,Ha Noi,VNAP25-DBF913C0CF,VNAP25-98E3F0A0C1,Nhân Chính,Nhan Chinh
VN-24,Hà Nội,Ha Noi,VNAP25-22E99CAD42,VNAP25-98E3F0A0C1,Phương Liệt,Phuong Liet
VN-24,Hà Nội,Ha Noi,VNAP25-7C567BD609,VNAP25-98E3F0A0C1,Thanh Xuân Bắc,Thanh Xuan Bac
VN-24,Hà Nội,Ha Noi,VNAP25-BD59088581,VNAP25-98E3F0A0C1,Thanh Xuân Trung,Thanh Xuan Trung
VN-24,Hà Nội,Ha Noi,VNAP25-D3A4537A07,VNAP25-98E3F0A0C1,Thượng Đình,Thuong Dinh
VN-24,Hà Nội,Ha Noi,VNAP25-BC0E882A16,,Thường Tín,Thuong Tin
VN-24,Hà Nội,Ha Noi,VNAP25-9D41EA1C6A,VNAP25-BC0E882A16,Chương Dương,Chuong Duong
VN-24,Hà Nội,Ha Noi,VNAP25-88F27994A6,VNAP25-BC0E882A16,Dũng Tiến,Dung Tien
VN-24,Hà Nội,Ha Noi,VNAP25-C5AFC1D577,VNAP25-BC0E882A16,Duyên Thái,Duyen Thai
VN-24,Hà Nội,Ha Noi,VNAP25-68A5C60596,VNAP25-BC0E882A16,Hà Hồi,Ha Hoi
VN-24,Hà Nội,Ha Noi,VNAP25-1E67FEC6E4,VNAP25-BC0E882A16,Hiền Giang,Hien Giang
VN-24,Hà Nội,Ha Noi,VNAP25-DE52846BA5,VNAP25-BC0E882A16,Hòa Bình,Hoa Binh
VN-24,Hà Nội,Ha Noi,VNAP25-C567E3FBD9,VNAP25-BC0E882A16,Hồng Vân,Hong Van
VN-24,Hà Nội,Ha Noi,VNAP25-75429019B4,VNAP25-BC0E882A16,Khánh Hà,Khanh Ha
VN-24,Hà Nội,Ha Noi,VNAP25-5101393944,VNAP25-BC0E882A16,Lê Lợi,Le Loi
VN-24,Hà Nội,Ha Noi,VNAP25-1A67AF5D74,VNAP25-BC0E882A16,Liên Phương,Lien Phuong
VN-24,Hà Nội,Ha Noi,VNAP25-802A021BC0,VNAP25-BC0E882A16,Minh Cường,Minh Cuong
VN-24,Hà Nội,Ha Noi,VNAP25-4427DE034E,VNAP25-BC0E882A16,Nghiêm Xuyên,Nghiem Xuyen
VN-24,Hà Nội,Ha Noi,VNAP25-E1CBADEAD1,VNAP25-BC0E882A16,Nguyễn Trãi,Nguyen Trai
VN-24,Hà Nội,Ha Noi,VNAP25-CB71EBB730,VNAP25-BC0E882A16,Nhị Khê,Nhi Khe
VN-24,Hà Nội,Ha Noi,VNAP25-593407477E,VNAP25-BC0E882A16,Ninh Sở,Ninh So
VN-24,Hà Nội,Ha Noi,VNAP25-0492BB3655,VNAP25-BC0E882A16,Quất Động,Quat Dong
VN-24,Hà Nội,Ha Noi,VNAP25-E8C911D433,VNAP25-BC0E882A16,Tân Minh,Tan Minh
VN-24,Hà Nội,Ha Noi,VNAP25-0725411022,VNAP25-BC0E882A16,Thắng Lợi,Thang Loi
VN-24,Hà Nội,Ha Noi,VNAP25-09AAA82037,VNAP25-BC0E882A16,Thường Tín,Thuong Tin
VN-24,Hà Nội,Ha Noi,VNAP25-ABB4216914,VNAP25-BC0E882A16,Tiền Phong,Tien Phong
VN-24,Hà Nội,Ha Noi,VNAP25-921FC2995E,VNAP25-BC0E882A16,Tô Hiệu,To Hieu
VN-24,Hà Nội,Ha Noi,VNAP25-CFE3530494,VNAP25-BC0E882A16,Tự Nhiên,Tu Nhien
VN-24,Hà Nội,Ha Noi,VNAP25-DB705E9E58,VNAP25-BC0E882A16,Văn Bình,Van Binh
VN-24,Hà Nội,Ha Noi,VNAP25-F778E0A5A3,VNAP25-BC0E882A16,Vạn Nhất,Van Nhat
VN-24,Hà Nội,Ha Noi,VNAP25-7B1DC4C21F,VNAP25-BC0E882A16,Văn Phú,Van Phu
VN-24,Hà Nội,Ha Noi,VNAP25-C392344688,VNAP25-BC0E882A16,Vân Tảo,Van Tao
VN-24,Hà Nội,Ha Noi,VNAP25-45D8E52937,VNAP25-BC0E882A16,Văn Tự,Van Tu
VN-24,Hà Nội,Ha Noi,VNAP25-6E0A6B3F14,,Ứng Hòa,Ung Hoa
VN-24,Hà Nội,Ha Noi,VNAP25-68DC09C247,VNAP25-6E0A6B3F14,Bình Lưu Quang,Binh Luu Quang
VN-24,Hà Nội,Ha Noi,VNAP25-7974169C2C,VNAP25-6E0A6B3F14,Cao Sơn Tiến,Cao Son Tien
VN-24,Hà Nội,Ha Noi,VNAP25-F59B7E6D00,VNAP25-6E0A6B3F14,Đại Cường,Dai Cuong
VN-24,Hà Nội,Ha Noi,VNAP25-83362AE781,VNAP25-6E0A6B3F14,Đại Hùng,Dai Hung
VN-24,Hà Nội,Ha Noi,VNAP25-1A4076DEDA,VNAP25-6E0A6B3F14,Đông Lỗ,Dong Lo
VN-24,Hà Nội,Ha Noi,VNAP25-3D4D17DE02,VNAP25-6E0A6B3F14,Đồng Tân,Dong Tan
VN-24,Hà Nội,Ha Noi,VNAP25-88EC670E0D,VNAP25-6E0A6B3F14,Hòa Phú,Hoa Phu
VN-24,Hà Nội,Ha Noi,VNAP25-541FECBB3A,VNAP25-6E0A6B3F14,Hoa Viên,Hoa Vien
VN-24,Hà Nội,Ha Noi,VNAP25-1EEF513E30,VNAP25-6E0A6B3F14,Kim Đường,Kim Duong
VN-24,Hà Nội,Ha Noi,VNAP25-2D7F086B07,VNAP25-6E0A6B3F14,Liên Bạt,Lien Bat
VN-24,Hà Nội,Ha Noi,VNAP25-D0BE839E27,VNAP25-6E0A6B3F14,Minh Đức,Minh Duc
VN-24,Hà Nội,Ha Noi,VNAP25-F6D0F84CF8,VNAP25-6E0A6B3F14,Phù Lưu,Phu Luu
VN-24,Hà Nội,Ha Noi,VNAP25-35AEAD36CB,VNAP25-6E0A6B3F14,Phương Tú,Phuong Tu
VN-24,Hà Nội,Ha Noi,VNAP25-095BD46FE7,VNAP25-6E0A6B3F14,Quảng Phú Cầu,Quang Phu Cau
VN-24,Hà Nội,Ha Noi,VNAP25-1E8A83BEDC,VNAP25-6E0A6B3F14,Tảo Dương Văn,Tao Duong Van
VN-24,Hà Nội,Ha Noi,VNAP25-F79BE98977,VNAP25-6E0A6B3F14,Thái Hòa,Thai Hoa
VN-24,Hà Nội,Ha Noi,VNAP25-55056B9F25,VNAP25-6E0A6B3F14,Trầm Lộng,Tram Long
VN-24,Hà Nội,Ha Noi,VNAP25-1C802BDE20,VNAP25-6E0A6B3F14,Trung Tú,Trung Tu
VN-24,Hà Nội,Ha Noi,VNAP25-4DC5D92125,VNAP25-6E0A6B3F14,Trường Thịnh,Truong Thinh
VN-24,Hà Nội,Ha Noi,VNAP25-6E0117B266,VNAP25-6E0A6B3F14,Vân Đình,Van Dinh
VN-25,Hà Tĩnh,Ha Tinh,VNAP25-18F768F072,,Cẩm Xuyên,Cam Xuyen
VN-25,Hà Tĩnh,Ha Tinh,VNAP25-49FC16A333,VNAP25-18F768F072,Cẩm Duệ,Cam Due
VN-25,Hà Tĩnh,Ha Tinh,VNAP25-F6EB615BE6,VNAP25-18F768F072,Cẩm Dương,Cam Duong
VN-25,Hà Tĩnh,Ha Tinh,VNAP25-651DA65F54,VNAP25-18F768F072,Cẩm Hà,Cam Ha
VN-25,Hà Tĩnh,Ha Tinh,VNAP25-F6D48B8E6E,VNAP25-18F768F072,Cẩm Hưng,Cam Hung
VN-25,Hà Tĩnh,Ha Tinh,VNAP25-7F7559C9DA,VNAP25-18F768F072,Cẩm Lạc,Cam Lac
VN-25,Hà Tĩnh,Ha Tinh,VNAP25-6BC423C4D4,VNAP25-18F768F072,Cẩm Lĩnh,Cam Linh
VN-25,Hà Tĩnh,Ha Tinh,VNAP25-7AD110BE74,VNAP25-18F768F072,Cẩm Lộc,Cam Loc
VN-25,Hà Tĩnh,Ha Tinh,VNAP25-39640FC3ED,VNAP25-18F768F072,Cẩm Minh,Cam Minh
VN-25,Hà Tĩnh,Ha Tinh,VNAP25-1DF8D2E97D,VNAP25-18F768F072,Cẩm Mỹ,Cam My
VN-25,Hà Tĩnh,Ha Tinh,VNAP25-3C6F1DB401,VNAP25-18F768F072,Cẩm Nhượng,Cam Nhuong
VN-25,Hà Tĩnh,Ha Tinh,VNAP25-57FE2518B3,VNAP25-18F768F072,Cẩm Quan,Cam Quan
VN-25,Hà Tĩnh,Ha Tinh,VNAP25-6AA2FCBD07,VNAP25-18F768F072,Cẩm Quang,Cam Quang
VN-25,Hà Tĩnh,Ha Tinh,VNAP25-AE85C96805,VNAP25-18F768F072,Cẩm Sơn,Cam Son
VN-25,Hà Tĩnh,Ha Tinh,VNAP25-908023DF7D,VNAP25-18F768F072,Cẩm Thạch,Cam Thach
VN-25,Hà Tĩnh,Ha Tinh,VNAP25-D1B7B19D9A,VNAP25-18F768F072,Cẩm Thành,Cam Thanh
VN-25,Hà Tĩnh,Ha Tinh,VNAP25-5F14B016E6,VNAP25-18F768F072,Cẩm Thịnh,Cam Thinh
VN-25,Hà Tĩnh,Ha Tinh,VNAP25-F6CFCB5736,VNAP25-18F768F072,Cẩm Trung,Cam Trung
VN-25,Hà Tĩnh,Ha Tinh,VNAP25-03906F2835,VNAP25-18F768F072,Cẩm Xuyên,Cam Xuyen
VN-25,Hà Tĩnh,Ha Tinh,VNAP25-EBF4598C0A,VNAP25-18F768F072,Nam Phúc Thăng,Nam Phuc Thang
VN-25,Hà Tĩnh,Ha Tinh,VNAP25-734B4D1562,VNAP25-18F768F072,Thiên Cầm,Thien Cam
VN-25,Hà Tĩnh,Ha Tinh,VNAP25-69F484968F,VNAP25-18F768F072,Yên Hòa,Yen Hoa
VN-25,Hà Tĩnh,Ha Tinh,VNAP25-526DB45D96,,Can Lộc,Can Loc
VN-25,Hà Tĩnh,Ha Tinh,VNAP25-C81EE5EAEE,VNAP25-526DB45D96,Đồng Lộc,Dong Loc
VN-25,Hà Tĩnh,Ha Tinh,VNAP25-66DE264871,VNAP25-526DB45D96,Gia Hanh,Gia Hanh
VN-25,Hà Tĩnh,Ha Tinh,VNAP25-604DD0DCC3,VNAP25-526DB45D96,Khánh Vĩnh Yên,Khanh Vinh Yen
VN-25,Hà Tĩnh,Ha Tinh,VNAP25-E449272DD3,VNAP25-526DB45D96,Kim Song Trường,Kim Song Truong
VN-25,Hà Tĩnh,Ha Tinh,VNAP25-0684522A34,VNAP25-526DB45D96,Mỹ Lộc,My Loc
VN-25,Hà Tĩnh,Ha Tinh,VNAP25-07F6466C1A,VNAP25-526DB45D96,Nghèn,Nghen
VN-25,Hà Tĩnh,Ha Tinh,VNAP25-09A97495FA,VNAP25-526DB45D96,Phú Lộc,Phu Loc
VN-25,Hà Tĩnh,Ha Tinh,VNAP25-83FB78DBA7,VNAP25-526DB45D96,Quang Lộc,Quang Loc
VN-25,Hà Tĩnh,Ha Tinh,VNAP25-B6AA2E9450,VNAP25-526DB45D96,Sơn Lộc,Son Loc
VN-25,Hà Tĩnh,Ha Tinh,VNAP25-9A496BC8D2,VNAP25-526DB45D96,Thanh Lộc,Thanh Loc
VN-25,Hà Tĩnh,Ha Tinh,VNAP25-2C10BFEF7E,VNAP25-526DB45D96,Thiên Lộc,Thien Loc
VN-25,Hà Tĩnh,Ha Tinh,VNAP25-1BA7443250,VNAP25-526DB45D96,Thuần Thiện,Thuan Thien
VN-25,Hà Tĩnh,Ha Tinh,VNAP25-0144350A2A,VNAP25-526DB45D96,Thượng Lộc,Thuong Loc
VN-25,Hà Tĩnh,Ha Tinh,VNAP25-0BFF4D7C13,VNAP25-526DB45D96,Thường Nga,Thuong Nga
VN-25,Hà Tĩnh,Ha Tinh,VNAP25-D87F22952B,VNAP25-526DB45D96,Tùng Lộc,Tung Loc
VN-25,Hà Tĩnh,Ha Tinh,VNAP25-6C3358C4EA,VNAP25-526DB45D96,Vượng Lộc,Vuong Loc
VN-25,Hà Tĩnh,Ha Tinh,VNAP25-E555E36C37,VNAP25-526DB45D96,Xuân Lộc,Xuan Loc
VN-25,Hà Tĩnh,Ha Tinh,VNAP25-8C2984D5A4,,Đức Thọ,Duc Tho
VN-25,Hà Tĩnh,Ha Tinh,VNAP25-07DEE59A94,VNAP25-8C2984D5A4,An Dũng,An Dung
VN-25,Hà Tĩnh,Ha Tinh,VNAP25-80D053DD12,VNAP25-8C2984D5A4,Bùi La Nhân,Bui La Nhan
VN-25,Hà Tĩnh,Ha Tinh,VNAP25-E55AA6C294,VNAP25-8C2984D5A4,Đức Đồng,Duc Dong
VN-25,Hà Tĩnh,Ha Tinh,VNAP25-64D38B9540,VNAP25-8C2984D5A4,Đức Lạng,Duc Lang
VN-25,Hà Tĩnh,Ha Tinh,VNAP25-420F98B849,VNAP25-8C2984D5A4,Đức Thọ,Duc Tho
VN-25,Hà Tĩnh,Ha Tinh,VNAP25-7066F01A34,VNAP25-8C2984D5A4,Hòa Lạc,Hoa Lac
VN-25,Hà Tĩnh,Ha Tinh,VNAP25-D714160CE4,VNAP25-8C2984D5A4,Lâm Trung Thủy,Lam Trung Thuy
VN-25,Hà Tĩnh,Ha Tinh,VNAP25-77342DAA48,VNAP25-8C2984D5A4,Liên Minh,Lien Minh
VN-25,Hà Tĩnh,Ha Tinh,VNAP25-F65F48285C,VNAP25-8C2984D5A4,Quang Vĩnh,Quang Vinh
VN-25,Hà Tĩnh,Ha Tinh,VNAP25-A90CCA4476,VNAP25-8C2984D5A4,Tân Dân,Tan Dan
VN-25,Hà Tĩnh,Ha Tinh,VNAP25-34F62B5137,VNAP25-8C2984D5A4,Tân Hương,Tan Huong
VN-25,Hà Tĩnh,Ha Tinh,VNAP25-A209F2DCC5,VNAP25-8C2984D5A4,Thanh Bình Thịnh,Thanh Binh Thinh
VN-25,Hà Tĩnh,Ha Tinh,VNAP25-79F9ACBFA4,VNAP25-8C2984D5A4,Trường Sơn,Truong Son
VN-25,Hà Tĩnh,Ha Tinh,VNAP25-C2833A33CB,VNAP25-8C2984D5A4,Tùng Ảnh,Tung Anh
VN-25,Hà Tĩnh,Ha Tinh,VNAP25-E1E9CA022F,VNAP25-8C2984D5A4,Tùng Châu,Tung Chau
VN-25,Hà Tĩnh,Ha Tinh,VNAP25-3E605AE446,VNAP25-8C2984D5A4,Yên Hồ,Yen Ho
VN-25,Hà Tĩnh,Ha Tinh,VNAP25-47B869CDA1,,Hà Tĩnh,Ha Tinh
VN-25,Hà Tĩnh,Ha Tinh,VNAP25-03678938A5,VNAP25-47B869CDA1,Bắc Hà,Bac Ha
VN-25,Hà Tĩnh,Ha Tinh,VNAP25-FE4C6108ED,VNAP25-47B869CDA1,Cẩm Bình,Cam Binh
VN-25,Hà Tĩnh,Ha Tinh,VNAP25-0021B17E7F,VNAP25-47B869CDA1,Cẩm Vịnh,Cam Vinh
VN-25,Hà Tĩnh,Ha Tinh,VNAP25-385B680410,VNAP25-47B869CDA1,Đại Nài,Dai Nai
VN-25,Hà Tĩnh,Ha Tinh,VNAP25-2CACBC5C91,VNAP25-47B869CDA1,Đỉnh Bàn,Dinh Ban
VN-25,Hà Tĩnh,Ha Tinh,VNAP25-DCCF3B6451,VNAP25-47B869CDA1,Đồng Môn,Dong Mon
VN-25,Hà Tĩnh,Ha Tinh,VNAP25-22423B2998,VNAP25-47B869CDA1,Hà Huy Tập,Ha Huy Tap
VN-25,Hà Tĩnh,Ha Tinh,VNAP25-4EBD59D56E,VNAP25-47B869CDA1,Hộ Độ,Ho Do
VN-25,Hà Tĩnh,Ha Tinh,VNAP25-3E94E905EA,VNAP25-47B869CDA1,Nam Hà,Nam Ha
VN-25,Hà Tĩnh,Ha Tinh,VNAP25-A341B49BC1,VNAP25-47B869CDA1,Tân Giang,Tan Giang
VN-25,Hà Tĩnh,Ha Tinh,VNAP25-CECC18FB54,VNAP25-47B869CDA1,Tân Lâm Hương,Tan Lam Huong
VN-25,Hà Tĩnh,Ha Tinh,VNAP25-A0DA7892AE,VNAP25-47B869CDA1,Thạch Bình,Thach Binh
VN-25,Hà Tĩnh,Ha Tinh,VNAP25-CA58DD144C,VNAP25-47B869CDA1,Thạch Đài,Thach Dai
VN-25,Hà Tĩnh,Ha Tinh,VNAP25-D80559FF8D,VNAP25-47B869CDA1,Thạch Hạ,Thach Ha
VN-25,Hà Tĩnh,Ha Tinh,VNAP25-3B92C4007A,VNAP25-47B869CDA1,Thạch Hải,Thach Hai
VN-25,Hà Tĩnh,Ha Tinh,VNAP25-C776FCEE5D,VNAP25-47B869CDA1,Thạch Hội,Thach Hoi
VN-25,Hà Tĩnh,Ha Tinh,VNAP25-96EA8B62D0,VNAP25-47B869CDA1,Thạch Hưng,Thach Hung
VN-25,Hà Tĩnh,Ha Tinh,VNAP25-3E6DD6E320,VNAP25-47B869CDA1,Thạch Khê,Thach Khe
VN-25,Hà Tĩnh,Ha Tinh,VNAP25-544038969C,VNAP25-47B869CDA1,Thạch Lạc,Thach Lac
VN-25,Hà Tĩnh,Ha Tinh,VNAP25-B2A1C0B85F,VNAP25-47B869CDA1,Thạch Quý,Thach Quy
VN-25,Hà Tĩnh,Ha Tinh,VNAP25-9725E795B0,VNAP25-47B869CDA1,Thạch Thắng,Thach Thang
VN-25,Hà Tĩnh,Ha Tinh,VNAP25-02B7E5B533,VNAP25-47B869CDA1,Thạch Trị,Thach Tri
VN-25,Hà Tĩnh,Ha Tinh,VNAP25-EFF3DD280E,VNAP25-47B869CDA1,Thạch Trung,Thach Trung
VN-25,Hà Tĩnh,Ha Tinh,VNAP25-72474AA752,VNAP25-47B869CDA1,Thạch Văn,Thach Van
VN-25,Hà Tĩnh,Ha Tinh,VNAP25-9641C60067,VNAP25-47B869CDA1,Trần Phú,Tran Phu
VN-25,Hà Tĩnh,Ha Tinh,VNAP25-52BD2E771E,VNAP25-47B869CDA1,Tượng Sơn,Tuong Son
VN-25,Hà Tĩnh,Ha Tinh,VNAP25-39E04A0748,VNAP25-47B869CDA1,Văn Yên,Van Yen
VN-25,Hà Tĩnh,Ha Tinh,VNAP25-D7CD9ED1B2,,Hồng Lĩnh,Hong Linh
VN-25,Hà Tĩnh,Ha Tinh,VNAP25-27D1DD02BF,VNAP25-D7CD9ED1B2,Bắc Hồng,Bac Hong
VN-25,Hà Tĩnh,Ha Tinh,VNAP25-F9E8642403,VNAP25-D7CD9ED1B2,Đậu Liêu,Dau Lieu
VN-25,Hà Tĩnh,Ha Tinh,VNAP25-98535ABCA1,VNAP25-D7CD9ED1B2,Đức Thuận,Duc Thuan
VN-25,Hà Tĩnh,Ha Tinh,VNAP25-E9761D1292,VNAP25-D7CD9ED1B2,Nam Hồng,Nam Hong
VN-25,Hà Tĩnh,Ha Tinh,VNAP25-851851F510,VNAP25-D7CD9ED1B2,Thuận Lộc,Thuan Loc
VN-25,Hà Tĩnh,Ha Tinh,VNAP25-3C2480528F,VNAP25-D7CD9ED1B2,Trung Lương,Trung Luong
VN-25,Hà Tĩnh,Ha Tinh,VNAP25-34356FAAAF,,Hương Khê,Huong Khe
VN-25,Hà Tĩnh,Ha Tinh,VNAP25-5085131AE5,VNAP25-34356FAAAF,Điền Mỹ,Dien My
VN-25,Hà Tĩnh,Ha Tinh,VNAP25-FE597DB023,VNAP25-34356FAAAF,Gia Phố,Gia Pho
VN-25,Hà Tĩnh,Ha Tinh,VNAP25-6E06382C8E,VNAP25-34356FAAAF,Hà Linh,Ha Linh
VN-25,Hà Tĩnh,Ha Tinh,VNAP25-4A20CAA290,VNAP25-34356FAAAF,Hòa Hải,Hoa Hai
VN-25,Hà Tĩnh,Ha Tinh,VNAP25-DB59F33976,VNAP25-34356FAAAF,Hương Bình,Huong Binh
VN-25,Hà Tĩnh,Ha Tinh,VNAP25-9BCF59F73E,VNAP25-34356FAAAF,Hương Đô,Huong Do
VN-25,Hà Tĩnh,Ha Tinh,VNAP25-0BDC1A9EA8,VNAP25-34356FAAAF,Hương Giang,Huong Giang
VN-25,Hà Tĩnh,Ha Tinh,VNAP25-5424A149DB,VNAP25-34356FAAAF,Hương Khê,Huong Khe
VN-25,Hà Tĩnh,Ha Tinh,VNAP25-32D69982A0,VNAP25-34356FAAAF,Hương Lâm,Huong Lam
VN-25,Hà Tĩnh,Ha Tinh,VNAP25-F7DF07FAEC,VNAP25-34356FAAAF,Hương Liên,Huong Lien
VN-25,Hà Tĩnh,Ha Tinh,VNAP25-AE3DFB7252,VNAP25-34356FAAAF,Hương Long,Huong Long
VN-25,Hà Tĩnh,Ha Tinh,VNAP25-0874FAF0B4,VNAP25-34356FAAAF,Hương Thủy,Huong Thuy
VN-25,Hà Tĩnh,Ha Tinh,VNAP25-8E33CEA1B3,VNAP25-34356FAAAF,Hương Trà,Huong Tra
VN-25,Hà Tĩnh,Ha Tinh,VNAP25-9E1D83FC17,VNAP25-34356FAAAF,Hương Trạch,Huong Trach
VN-25,Hà Tĩnh,Ha Tinh,VNAP25-8FB21A5381,VNAP25-34356FAAAF,Hương Vĩnh,Huong Vinh
VN-25,Hà Tĩnh,Ha Tinh,VNAP25-A79488AC4F,VNAP25-34356FAAAF,Hương Xuân,Huong Xuan
VN-25,Hà Tĩnh,Ha Tinh,VNAP25-05852BC96B,VNAP25-34356FAAAF,Lộc Yên,Loc Yen
VN-25,Hà Tĩnh,Ha Tinh,VNAP25-48C23CCB65,VNAP25-34356FAAAF,Phú Gia,Phu Gia
VN-25,Hà Tĩnh,Ha Tinh,VNAP25-077A2FBFB3,VNAP25-34356FAAAF,Phúc Đồng,Phuc Dong
VN-25,Hà Tĩnh,Ha Tinh,VNAP25-26E6D82B52,VNAP25-34356FAAAF,Phúc Trạch,Phuc Trach
VN-25,Hà Tĩnh,Ha Tinh,VNAP25-1C83F99232,,Hương Sơn,Huong Son
VN-25,Hà Tĩnh,Ha Tinh,VNAP25-092D4609D8,VNAP25-1C83F99232,An Hòa Thịnh,An Hoa Thinh
VN-25,Hà Tĩnh,Ha Tinh,VNAP25-988DECA91C,VNAP25-1C83F99232,Châu Bình,Chau Binh
VN-25,Hà Tĩnh,Ha Tinh,VNAP25-F635CC3F67,VNAP25-1C83F99232,Hàm Trường,Ham Truong
VN-25,Hà Tĩnh,Ha Tinh,VNAP25-CE20EE9D50,VNAP25-1C83F99232,Kim Hoa,Kim Hoa
VN-25,Hà Tĩnh,Ha Tinh,VNAP25-5DC41F9140,VNAP25-1C83F99232,Mỹ Long,My Long
VN-25,Hà Tĩnh,Ha Tinh,VNAP25-740AC287CF,VNAP25-1C83F99232,Phố Châu,Pho Chau
VN-25,Hà Tĩnh,Ha Tinh,VNAP25-1BDD7F4758,VNAP25-1C83F99232,Quang Diệm,Quang Diem
VN-25,Hà Tĩnh,Ha Tinh,VNAP25-F60C2D84F7,VNAP25-1C83F99232,Sơn Bằng,Son Bang
VN-25,Hà Tĩnh,Ha Tinh,VNAP25-855DA786F9,VNAP25-1C83F99232,Sơn Giang,Son Giang
VN-25,Hà Tĩnh,Ha Tinh,VNAP25-3B8C89E849,VNAP25-1C83F99232,Sơn Hồng,Son Hong
VN-25,Hà Tĩnh,Ha Tinh,VNAP25-5A575C5067,VNAP25-1C83F99232,Sơn Kim 1,Son Kim 1
VN-25,Hà Tĩnh,Ha Tinh,VNAP25-FB18749B92,VNAP25-1C83F99232,Sơn Kim 2,Son Kim 2
VN-25,Hà Tĩnh,Ha Tinh,VNAP25-8722B39C0C,VNAP25-1C83F99232,Sơn Lâm,Son Lam
VN-25,Hà Tĩnh,Ha Tinh,VNAP25-9C1B4E98F7,VNAP25-1C83F99232,Sơn Lễ,Son Le
VN-25,Hà Tĩnh,Ha Tinh,VNAP25-B3DA94792F,VNAP25-1C83F99232,Sơn Lĩnh,Son Linh
VN-25,Hà Tĩnh,Ha Tinh,VNAP25-AD6C025069,VNAP25-1C83F99232,Sơn Ninh,Son Ninh
VN-25,Hà Tĩnh,Ha Tinh,VNAP25-993EBBE04C,VNAP25-1C83F99232,Sơn Phú,Son Phu
VN-25,Hà Tĩnh,Ha Tinh,VNAP25-2E739C3658,VNAP25-1C83F99232,Sơn Tây,Son Tay
VN-25,Hà Tĩnh,Ha Tinh,VNAP25-8A623E16EC,VNAP25-1C83F99232,Sơn Tiến,Son Tien
VN-25,Hà Tĩnh,Ha Tinh,VNAP25-4D26CDAE2D,VNAP25-1C83F99232,Sơn Trung,Son Trung
VN-25,Hà Tĩnh,Ha Tinh,VNAP25-8F0FF6AB84,VNAP25-1C83F99232,Tân Mỹ Hà,Tan My Ha
VN-25,Hà Tĩnh,Ha Tinh,VNAP25-10A2392A42,VNAP25-1C83F99232,Tây Sơn,Tay Son
VN-25,Hà Tĩnh,Ha Tinh,VNAP25-0A8E03F3D3,,Kỳ Anh (Thị xã),Ky Anh (Town)
VN-25,Hà Tĩnh,Ha Tinh,VNAP25-9CFC0C9036,VNAP25-0A8E03F3D3,Hưng Trí,Hung Tri
VN-25,Hà Tĩnh,Ha Tinh,VNAP25-A0D484DD4C,VNAP25-0A8E03F3D3,Kỳ Hà,Ky Ha
VN-25,Hà Tĩnh,Ha Tinh,VNAP25-E693C14BDC,VNAP25-0A8E03F3D3,Kỳ Hoa,Ky Hoa
VN-25,Hà Tĩnh,Ha Tinh,VNAP25-74229EA2F8,VNAP25-0A8E03F3D3,Kỳ Liên,Ky Lien
VN-25,Hà Tĩnh,Ha Tinh,VNAP25-8D79EB661D,VNAP25-0A8E03F3D3,Kỳ Lợi,Ky Loi
VN-25,Hà Tĩnh,Ha Tinh,VNAP25-1287973613,VNAP25-0A8E03F3D3,Kỳ Long,Ky Long
VN-25,Hà Tĩnh,Ha Tinh,VNAP25-C61B2BEA50,VNAP25-0A8E03F3D3,Kỳ Nam,Ky Nam
VN-25,Hà Tĩnh,Ha Tinh,VNAP25-517A0673FD,VNAP25-0A8E03F3D3,Kỳ Ninh,Ky Ninh
VN-25,Hà Tĩnh,Ha Tinh,VNAP25-1110DD9737,VNAP25-0A8E03F3D3,Kỳ Phương,Ky Phuong
VN-25,Hà Tĩnh,Ha Tinh,VNAP25-4FC6DA9C08,VNAP25-0A8E03F3D3,Kỳ Thịnh,Ky Thinh
VN-25,Hà Tĩnh,Ha Tinh,VNAP25-762F2B0796,VNAP25-0A8E03F3D3,Kỳ Trinh,Ky Trinh
VN-25,Hà Tĩnh,Ha Tinh,VNAP25-3DB954072E,,Kỳ Anh (Huyện),Ky Anh (District)
VN-25,Hà Tĩnh,Ha Tinh,VNAP25-07246ABF2A,VNAP25-3DB954072E,Kỳ Bắc,Ky Bac
VN-25,Hà Tĩnh,Ha Tinh,VNAP25-17AAEA2CC3,VNAP25-3DB954072E,Kỳ Châu,Ky Chau
VN-25,Hà Tĩnh,Ha Tinh,VNAP25-3FAB480726,VNAP25-3DB954072E,Kỳ Đồng,Ky Dong
VN-25,Hà Tĩnh,Ha Tinh,VNAP25-1D5164FF7F,VNAP25-3DB954072E,Kỳ Giang,Ky Giang
VN-25,Hà Tĩnh,Ha Tinh,VNAP25-F2201D86C3,VNAP25-3DB954072E,Kỳ Hải,Ky Hai
VN-25,Hà Tĩnh,Ha Tinh,VNAP25-AD43871FC8,VNAP25-3DB954072E,Kỳ Khang,Ky Khang
VN-25,Hà Tĩnh,Ha Tinh,VNAP25-C69C0B0CED,VNAP25-3DB954072E,Kỳ Lạc,Ky Lac
VN-25,Hà Tĩnh,Ha Tinh,VNAP25-C148E26822,VNAP25-3DB954072E,Kỳ Phong,Ky Phong
VN-25,Hà Tĩnh,Ha Tinh,VNAP25-B89D47C03F,VNAP25-3DB954072E,Kỳ Phú,Ky Phu
VN-25,Hà Tĩnh,Ha Tinh,VNAP25-EA48889E42,VNAP25-3DB954072E,Kỳ Sơn,Ky Son
VN-25,Hà Tĩnh,Ha Tinh,VNAP25-719E1D93AA,VNAP25-3DB954072E,Kỳ Tân,Ky Tan
VN-25,Hà Tĩnh,Ha Tinh,VNAP25-23B7CF0C4F,VNAP25-3DB954072E,Kỳ Tây,Ky Tay
VN-25,Hà Tĩnh,Ha Tinh,VNAP25-BC4985C4A8,VNAP25-3DB954072E,Kỳ Thọ,Ky Tho
VN-25,Hà Tĩnh,Ha Tinh,VNAP25-DB68A46875,VNAP25-3DB954072E,Kỳ Thư,Ky Thu
VN-25,Hà Tĩnh,Ha Tinh,VNAP25-C030156F4E,VNAP25-3DB954072E,Kỳ Thượng,Ky Thuong
VN-25,Hà Tĩnh,Ha Tinh,VNAP25-1B24867ED1,VNAP25-3DB954072E,Kỳ Tiến,Ky Tien
VN-25,Hà Tĩnh,Ha Tinh,VNAP25-3D64851FB2,VNAP25-3DB954072E,Kỳ Trung,Ky Trung
VN-25,Hà Tĩnh,Ha Tinh,VNAP25-E6A4BC264F,VNAP25-3DB954072E,Kỳ Văn,Ky Van
VN-25,Hà Tĩnh,Ha Tinh,VNAP25-FBDAD4E714,VNAP25-3DB954072E,Kỳ Xuân,Ky Xuan
VN-25,Hà Tĩnh,Ha Tinh,VNAP25-28D080043E,VNAP25-3DB954072E,Lâm Hợp,Lam Hop
VN-25,Hà Tĩnh,Ha Tinh,VNAP25-8256EE795C,,Nghi Xuân,Nghi Xuan
VN-25,Hà Tĩnh,Ha Tinh,VNAP25-EF903BFCB7,VNAP25-8256EE795C,Cỗ Đạm,Co Dam
VN-25,Hà Tĩnh,Ha Tinh,VNAP25-8E391B8318,VNAP25-8256EE795C,Cương Gián,Cuong Gian
VN-25,Hà Tĩnh,Ha Tinh,VNAP25-613406EB4D,VNAP25-8256EE795C,Đan Trường,Dan Truong
VN-25,Hà Tĩnh,Ha Tinh,VNAP25-4E77C8ADB9,VNAP25-8256EE795C,Tiên Điền,Tien Dien
VN-25,Hà Tĩnh,Ha Tinh,VNAP25-3A3E94F41B,VNAP25-8256EE795C,Xuân An,Xuan An
VN-25,Hà Tĩnh,Ha Tinh,VNAP25-0E6EA3A1B2,VNAP25-8256EE795C,Xuân Giang,Xuan Giang
VN-25,Hà Tĩnh,Ha Tinh,VNAP25-231C408F9F,VNAP25-8256EE795C,Xuân Hải,Xuan Hai
VN-25,Hà Tĩnh,Ha Tinh,VNAP25-C5A0626438,VNAP25-8256EE795C,Xuân Hội,Xuan Hoi
VN-25,Hà Tĩnh,Ha Tinh,VNAP25-BBBF18042D,VNAP25-8256EE795C,Xuân Hồng,Xuan Hong
VN-25,Hà Tĩnh,Ha Tinh,VNAP25-DA31CDA611,VNAP25-8256EE795C,Xuân Lam,Xuan Lam
VN-25,Hà Tĩnh,Ha Tinh,VNAP25-BFDB594555,VNAP25-8256EE795C,Xuân Liên,Xuan Lien
VN-25,Hà Tĩnh,Ha Tinh,VNAP25-6BDA3426BB,VNAP25-8256EE795C,Xuân Lĩnh,Xuan Linh
VN-25,Hà Tĩnh,Ha Tinh,VNAP25-D5F5C1F7D2,VNAP25-8256EE795C,Xuân Mỹ,Xuan My
VN-25,Hà Tĩnh,Ha Tinh,VNAP25-270FC6D63B,VNAP25-8256EE795C,Xuân Phổ,Xuan Pho
VN-25,Hà Tĩnh,Ha Tinh,VNAP25-EC0BFB05AB,VNAP25-8256EE795C,Xuân Thành,Xuan Thanh
VN-25,Hà Tĩnh,Ha Tinh,VNAP25-F6B8501977,VNAP25-8256EE795C,Xuân Viên,Xuan Vien
VN-25,Hà Tĩnh,Ha Tinh,VNAP25-2CC35EFBC9,VNAP25-8256EE795C,Xuân Yên,Xuan Yen
VN-25,Hà Tĩnh,Ha Tinh,VNAP25-AE3B828660,,Thạch Hà,Thach Ha
VN-25,Hà Tĩnh,Ha Tinh,VNAP25-DA3F9C1788,VNAP25-AE3B828660,Bình An,Binh An
VN-25,Hà Tĩnh,Ha Tinh,VNAP25-EF9A608392,VNAP25-AE3B828660,Hồng Lộc,Hong Loc
VN-25,Hà Tĩnh,Ha Tinh,VNAP25-4988BFEFFE,VNAP25-AE3B828660,Ích Hậu,Ich Hau
VN-25,Hà Tĩnh,Ha Tinh,VNAP25-472FF0C09B,VNAP25-AE3B828660,Lộc Hà,Loc Ha
VN-25,Hà Tĩnh,Ha Tinh,VNAP25-3C9CFF4679,VNAP25-AE3B828660,Lưu Vĩnh Sơn,Luu Vinh Son
VN-25,Hà Tĩnh,Ha Tinh,VNAP25-7930A1BF9E,VNAP25-AE3B828660,Mai Phụ,Mai Phu
VN-25,Hà Tĩnh,Ha Tinh,VNAP25-0BF8CFB560,VNAP25-AE3B828660,Nam Điền,Nam Dien
VN-25,Hà Tĩnh,Ha Tinh,VNAP25-7836FDE913,VNAP25-AE3B828660,Ngọc Sơn,Ngoc Son
VN-25,Hà Tĩnh,Ha Tinh,VNAP25-E6136F2836,VNAP25-AE3B828660,Phù Lưu,Phu Luu
VN-25,Hà Tĩnh,Ha Tinh,VNAP25-77D2D9EB54,VNAP25-AE3B828660,Tân Lộc,Tan Loc
VN-25,Hà Tĩnh,Ha Tinh,VNAP25-C03F568136,VNAP25-AE3B828660,Thạch Châu,Thach Chau
VN-25,Hà Tĩnh,Ha Tinh,VNAP25-F87812E367,VNAP25-AE3B828660,Thạch Hà,Thach Ha
VN-25,Hà Tĩnh,Ha Tinh,VNAP25-B70CC09B6B,VNAP25-AE3B828660,Thạch Kênh,Thach Kenh
VN-25,Hà Tĩnh,Ha Tinh,VNAP25-65B9FA8E3C,VNAP25-AE3B828660,Thạch Kim,Thach Kim
VN-25,Hà Tĩnh,Ha Tinh,VNAP25-55E02644F1,VNAP25-AE3B828660,Thạch Liên,Thach Lien
VN-25,Hà Tĩnh,Ha Tinh,VNAP25-776B97C4B2,VNAP25-AE3B828660,Thạch Long,Thach Long
VN-25,Hà Tĩnh,Ha Tinh,VNAP25-AC5A04DAC1,VNAP25-AE3B828660,Thạch Mỹ,Thach My
VN-25,Hà Tĩnh,Ha Tinh,VNAP25-DFAB37CF12,VNAP25-AE3B828660,Thạch Ngọc,Thach Ngoc
VN-25,Hà Tĩnh,Ha Tinh,VNAP25-9A0AA2B3FA,VNAP25-AE3B828660,Thạch Sơn,Thach Son
VN-25,Hà Tĩnh,Ha Tinh,VNAP25-E23629F301,VNAP25-AE3B828660,Thạch Xuân,Thach Xuan
VN-25,Hà Tĩnh,Ha Tinh,VNAP25-EC7F5807CF,VNAP25-AE3B828660,Thịnh Lộc,Thinh Loc
VN-25,Hà Tĩnh,Ha Tinh,VNAP25-70B47C1C27,VNAP25-AE3B828660,Việt Tiến,Viet Tien
VN-25,Hà Tĩnh,Ha Tinh,VNAP25-96A66B4DBA,,Vũ Quang,Vu Quang
VN-25,Hà Tĩnh,Ha Tinh,VNAP25-B6B381CC16,VNAP25-96A66B4DBA,Ân Phú,An Phu
VN-25,Hà Tĩnh,Ha Tinh,VNAP25-4BD1BCBDC6,VNAP25-96A66B4DBA,Đức Bồng,Duc Bong
VN-25,Hà Tĩnh,Ha Tinh,VNAP25-49A28941F1,VNAP25-96A66B4DBA,Đức Giang,Duc Giang
VN-25,Hà Tĩnh,Ha Tinh,VNAP25-0E93085CBF,VNAP25-96A66B4DBA,Đức Hương,Duc Huong
VN-25,Hà Tĩnh,Ha Tinh,VNAP25-5F0B62FD37,VNAP25-96A66B4DBA,Đức Liên,Duc Lien
VN-25,Hà Tĩnh,Ha Tinh,VNAP25-746B7E89EE,VNAP25-96A66B4DBA,Đức Lĩnh,Duc Linh
VN-25,Hà Tĩnh,Ha Tinh,VNAP25-BED1CD1F92,VNAP25-96A66B4DBA,Hương Minh,Huong Minh
VN-25,Hà Tĩnh,Ha Tinh,VNAP25-092C21C45C,VNAP25-96A66B4DBA,Quang Thọ,Quang Tho
VN-25,Hà Tĩnh,Ha Tinh,VNAP25-B0ED4FF756,VNAP25-96A66B4DBA,Thọ Điền,Tho Dien
VN-25,Hà Tĩnh,Ha Tinh,VNAP25-D7128359FC,VNAP25-96A66B4DBA,Vũ Quang,Vu Quang
VN-26,Hải Dương,Hai Duong,VNAP25-DCE87BA80E,,Bình Giang,Binh Giang
VN-26,Hải Dương,Hai Duong,VNAP25-B0128B181C,VNAP25-DCE87BA80E,Bình Xuyên,Binh Xuyen
VN-26,Hải Dương,Hai Duong,VNAP25-97184C3D60,VNAP25-DCE87BA80E,Cổ Bì,Co Bi
VN-26,Hải Dương,Hai Duong,VNAP25-571BCB813B,VNAP25-DCE87BA80E,Hồng Khê,Hong Khe
VN-26,Hải Dương,Hai Duong,VNAP25-4EB894C343,VNAP25-DCE87BA80E,Hùng Thắng,Hung Thang
VN-26,Hải Dương,Hai Duong,VNAP25-12B729DD82,VNAP25-DCE87BA80E,Kẻ Sặt,Ke Sat
VN-26,Hải Dương,Hai Duong,VNAP25-FA7BF3301C,VNAP25-DCE87BA80E,Long Xuyên,Long Xuyen
VN-26,Hải Dương,Hai Duong,VNAP25-E3EA9C9577,VNAP25-DCE87BA80E,Nhân Quyền,Nhan Quyen
VN-26,Hải Dương,Hai Duong,VNAP25-D3E05EFE30,VNAP25-DCE87BA80E,Tân Hồng,Tan Hong
VN-26,Hải Dương,Hai Duong,VNAP25-ADEEE3AAA1,VNAP25-DCE87BA80E,Tân Việt,Tan Viet
VN-26,Hải Dương,Hai Duong,VNAP25-09C23F8B1C,VNAP25-DCE87BA80E,Thái Dương,Thai Duong
VN-26,Hải Dương,Hai Duong,VNAP25-B7EF582E45,VNAP25-DCE87BA80E,Thái Hòa,Thai Hoa
VN-26,Hải Dương,Hai Duong,VNAP25-0EA277191A,VNAP25-DCE87BA80E,Thái Minh,Thai Minh
VN-26,Hải Dương,Hai Duong,VNAP25-B91ED6C175,VNAP25-DCE87BA80E,Thúc Kháng,Thuc Khang
VN-26,Hải Dương,Hai Duong,VNAP25-4A992E4976,VNAP25-DCE87BA80E,Vĩnh Hồng,Vinh Hong
VN-26,Hải Dương,Hai Duong,VNAP25-4124F92F4B,VNAP25-DCE87BA80E,Vĩnh Hưng,Vinh Hung
VN-26,Hải Dương,Hai Duong,VNAP25-61DDD2424E,,Cẩm Giàng,Cam Giang
VN-26,Hải Dương,Hai Duong,VNAP25-EB624DCB7D,VNAP25-61DDD2424E,Cẩm Đoài,Cam Doai
VN-26,Hải Dương,Hai Duong,VNAP25-735CB2EB4B,VNAP25-61DDD2424E,Cẩm Đông,Cam Dong
VN-26,Hải Dương,Hai Duong,VNAP25-478668DB29,VNAP25-61DDD2424E,Cẩm Giang,Cam Giang
VN-26,Hải Dương,Hai Duong,VNAP25-40D2BAA1C0,VNAP25-61DDD2424E,Cẩm Hoàng,Cam Hoang
VN-26,Hải Dương,Hai Duong,VNAP25-7961354299,VNAP25-61DDD2424E,Cẩm Hưng,Cam Hung
VN-26,Hải Dương,Hai Duong,VNAP25-1F3EF4CA26,VNAP25-61DDD2424E,Cẩm Văn,Cam Van
VN-26,Hải Dương,Hai Duong,VNAP25-96DF49C2A7,VNAP25-61DDD2424E,Cẩm Vũ,Cam Vu
VN-26,Hải Dương,Hai Duong,VNAP25-5878E22F36,VNAP25-61DDD2424E,Cao An,Cao An
VN-26,Hải Dương,Hai Duong,VNAP25-E15B89ABFF,VNAP25-61DDD2424E,Định Sơn,Dinh Son
VN-26,Hải Dương,Hai Duong,VNAP25-4F4D591522,VNAP25-61DDD2424E,Đức Chính,Duc Chinh
VN-26,Hải Dương,Hai Duong,VNAP25-FB69B40040,VNAP25-61DDD2424E,Lai Cách,Lai Cach
VN-26,Hải Dương,Hai Duong,VNAP25-8458725A57,VNAP25-61DDD2424E,Lương Điền,Luong Dien
VN-26,Hải Dương,Hai Duong,VNAP25-B9D722610E,VNAP25-61DDD2424E,Ngọc Liên,Ngoc Lien
VN-26,Hải Dương,Hai Duong,VNAP25-7C173C6CE0,VNAP25-61DDD2424E,Phúc Điền,Phuc Dien
VN-26,Hải Dương,Hai Duong,VNAP25-379617B2A0,VNAP25-61DDD2424E,Tân Trường,Tan Truong
VN-26,Hải Dương,Hai Duong,VNAP25-4817996190,,Chí Linh,Chi Linh
VN-26,Hải Dương,Hai Duong,VNAP25-23B918A5C4,VNAP25-4817996190,An Lạc,An Lac
VN-26,Hải Dương,Hai Duong,VNAP25-E13DBAAE11,VNAP25-4817996190,Bắc An,Bac An
VN-26,Hải Dương,Hai Duong,VNAP25-42262EBA39,VNAP25-4817996190,Bến Tắm,Ben Tam
VN-26,Hải Dương,Hai Duong,VNAP25-B22E174038,VNAP25-4817996190,Chí Minh,Chi Minh
VN-26,Hải Dương,Hai Duong,VNAP25-A53158186E,VNAP25-4817996190,Cổ Thành,Co Thanh
VN-26,Hải Dương,Hai Duong,VNAP25-81DEAE8C3B,VNAP25-4817996190,Cộng Hòa,Cong Hoa
VN-26,Hải Dương,Hai Duong,VNAP25-82C7149B2C,VNAP25-4817996190,Đồng Lạc,Dong Lac
VN-26,Hải Dương,Hai Duong,VNAP25-8538ACEFAF,VNAP25-4817996190,Hoàng Hoa Thám,Hoang Hoa Tham
VN-26,Hải Dương,Hai Duong,VNAP25-3D20C1F3BC,VNAP25-4817996190,Hoàng Tân,Hoang Tan
VN-26,Hải Dương,Hai Duong,VNAP25-8DD7DC7876,VNAP25-4817996190,Hoàng Tiến,Hoang Tien
VN-26,Hải Dương,Hai Duong,VNAP25-214308A44F,VNAP25-4817996190,Hưng Đạo,Hung Dao
VN-26,Hải Dương,Hai Duong,VNAP25-0B3A173298,VNAP25-4817996190,Lê Lợi,Le Loi
VN-26,Hải Dương,Hai Duong,VNAP25-D38B6EB989,VNAP25-4817996190,Nhân Huệ,Nhan Hue
VN-26,Hải Dương,Hai Duong,VNAP25-7D86310FFD,VNAP25-4817996190,Phả Lại,Pha Lai
VN-26,Hải Dương,Hai Duong,VNAP25-D62EFE3965,VNAP25-4817996190,Sao Đỏ,Sao Do
VN-26,Hải Dương,Hai Duong,VNAP25-1F4379CE48,VNAP25-4817996190,Tân Dân,Tan Dan
VN-26,Hải Dương,Hai Duong,VNAP25-07A1D7449B,VNAP25-4817996190,Thái Học,Thai Hoc
VN-26,Hải Dương,Hai Duong,VNAP25-155B447693,VNAP25-4817996190,Văn An,Van An
VN-26,Hải Dương,Hai Duong,VNAP25-604A0E149D,VNAP25-4817996190,Văn Đức,Van Duc
VN-26,Hải Dương,Hai Duong,VNAP25-48D8720E99,,Gia Lộc,Gia Loc
VN-26,Hải Dương,Hai Duong,VNAP25-92535E901C,VNAP25-48D8720E99,Đoàn Thượng,Doan Thuong
VN-26,Hải Dương,Hai Duong,VNAP25-ACFACD15E0,VNAP25-48D8720E99,Gia Lộc,Gia Loc
VN-26,Hải Dương,Hai Duong,VNAP25-6AF95FB744,VNAP25-48D8720E99,Gia Phúc,Gia Phuc
VN-26,Hải Dương,Hai Duong,VNAP25-36FEFF81B9,VNAP25-48D8720E99,Gia Tiến,Gia Tien
VN-26,Hải Dương,Hai Duong,VNAP25-9BD748BDFC,VNAP25-48D8720E99,Hoàng Diệu,Hoang Dieu
VN-26,Hải Dương,Hai Duong,VNAP25-21424A5FA8,VNAP25-48D8720E99,Hồng Hưng,Hong Hung
VN-26,Hải Dương,Hai Duong,VNAP25-6C6AF91CE3,VNAP25-48D8720E99,Lê Lợi,Le Loi
VN-26,Hải Dương,Hai Duong,VNAP25-83E3735E2F,VNAP25-48D8720E99,Nhật Quang,Nhat Quang
VN-26,Hải Dương,Hai Duong,VNAP25-8C6CE6066C,VNAP25-48D8720E99,Phạm Trấn,Pham Tran
VN-26,Hải Dương,Hai Duong,VNAP25-E02DDDF83E,VNAP25-48D8720E99,Quang Đức,Quang Duc
VN-26,Hải Dương,Hai Duong,VNAP25-1B3F5DDCC9,VNAP25-48D8720E99,Thống Kênh,Thong Kenh
VN-26,Hải Dương,Hai Duong,VNAP25-BE8D25012D,VNAP25-48D8720E99,Thống Nhất,Thong Nhat
VN-26,Hải Dương,Hai Duong,VNAP25-D67363DA37,VNAP25-48D8720E99,Toàn Thắng,Toan Thang
VN-26,Hải Dương,Hai Duong,VNAP25-D325A257DE,VNAP25-48D8720E99,Yết Kiêu,Yet Kieu
VN-26,Hải Dương,Hai Duong,VNAP25-5A274A3ACB,,Hải Dương,Hai Duong
VN-26,Hải Dương,Hai Duong,VNAP25-762E775C8C,VNAP25-5A274A3ACB,Ái Quốc,Ai Quoc
VN-26,Hải Dương,Hai Duong,VNAP25-B7D6A7060C,VNAP25-5A274A3ACB,An Thượng,An Thuong
VN-26,Hải Dương,Hai Duong,VNAP25-05565161D3,VNAP25-5A274A3ACB,Bình Hàn,Binh Han
VN-26,Hải Dương,Hai Duong,VNAP25-5822E6CF0E,VNAP25-5A274A3ACB,Cẩm Thượng,Cam Thuong
VN-26,Hải Dương,Hai Duong,VNAP25-80825A8217,VNAP25-5A274A3ACB,Gia Xuyên,Gia Xuyen
VN-26,Hải Dương,Hai Duong,VNAP25-C2DBA9C7B5,VNAP25-5A274A3ACB,Hải Tân,Hai Tan
VN-26,Hải Dương,Hai Duong,VNAP25-58041F538E,VNAP25-5A274A3ACB,Lê Thanh Nghị,Le Thanh Nghi
VN-26,Hải Dương,Hai Duong,VNAP25-4CF4EF18F4,VNAP25-5A274A3ACB,Liên Hồng,Lien Hong
VN-26,Hải Dương,Hai Duong,VNAP25-BEEA36734D,VNAP25-5A274A3ACB,Nam Đồng,Nam Dong
VN-26,Hải Dương,Hai Duong,VNAP25-EF423EE047,VNAP25-5A274A3ACB,Ngọc Châu,Ngoc Chau
VN-26,Hải Dương,Hai Duong,VNAP25-193995AA2B,VNAP25-5A274A3ACB,Ngọc Sơn,Ngoc Son
VN-26,Hải Dương,Hai Duong,VNAP25-4D21250ABC,VNAP25-5A274A3ACB,Nguyễn Trãi,Nguyen Trai
VN-26,Hải Dương,Hai Duong,VNAP25-63448D689F,VNAP25-5A274A3ACB,Nhị Châu,Nhi Chau
VN-26,Hải Dương,Hai Duong,VNAP25-9E5F69107D,VNAP25-5A274A3ACB,Quang Trung,Quang Trung
VN-26,Hải Dương,Hai Duong,VNAP25-457F263F14,VNAP25-5A274A3ACB,Quyết Thắng,Quyet Thang
VN-26,Hải Dương,Hai Duong,VNAP25-68C2B20013,VNAP25-5A274A3ACB,Tân Bình,Tan Binh
VN-26,Hải Dương,Hai Duong,VNAP25-5FED747485,VNAP25-5A274A3ACB,Tân Hưng,Tan Hung
VN-26,Hải Dương,Hai Duong,VNAP25-1861EE1364,VNAP25-5A274A3ACB,Thạch Khôi,Thach Khoi
VN-26,Hải Dương,Hai Duong,VNAP25-53E825C373,VNAP25-5A274A3ACB,Thanh Bình,Thanh Binh
VN-26,Hải Dương,Hai Duong,VNAP25-7FB45953EF,VNAP25-5A274A3ACB,Tiền Tiến,Tien Tien
VN-26,Hải Dương,Hai Duong,VNAP25-31557EBE67,VNAP25-5A274A3ACB,Trần Hưng Đạo,Tran Hung Dao
VN-26,Hải Dương,Hai Duong,VNAP25-8BCFF3F050,VNAP25-5A274A3ACB,Trần Phú,Tran Phu
VN-26,Hải Dương,Hai Duong,VNAP25-E3181D4420,VNAP25-5A274A3ACB,Tứ Minh,Tu Minh
VN-26,Hải Dương,Hai Duong,VNAP25-5E66832325,VNAP25-5A274A3ACB,Việt Hòa,Viet Hoa
VN-26,Hải Dương,Hai Duong,VNAP25-03C3600169,,Kim Thành,Kim Thanh
VN-26,Hải Dương,Hai Duong,VNAP25-D1BC56A802,VNAP25-03C3600169,Đại Đức,Dai Duc
VN-26,Hải Dương,Hai Duong,VNAP25-DEFDECDAC3,VNAP25-03C3600169,Đồng Cẩm,Dong Cam
VN-26,Hải Dương,Hai Duong,VNAP25-32D9CD7A44,VNAP25-03C3600169,Hòa Bình,Hoa Binh
VN-26,Hải Dương,Hai Duong,VNAP25-AE6A0C7969,VNAP25-03C3600169,Kim Anh,Kim Anh
VN-26,Hải Dương,Hai Duong,VNAP25-6774C212B2,VNAP25-03C3600169,Kim Đính,Kim Dinh
VN-26,Hải Dương,Hai Duong,VNAP25-B41D188F46,VNAP25-03C3600169,Kim Liên,Kim Lien
VN-26,Hải Dương,Hai Duong,VNAP25-FD2A758B57,VNAP25-03C3600169,Kim Tân,Kim Tan
VN-26,Hải Dương,Hai Duong,VNAP25-E647E0E4F2,VNAP25-03C3600169,Kim Xuyên,Kim Xuyen
VN-26,Hải Dương,Hai Duong,VNAP25-3BC12F9C6D,VNAP25-03C3600169,Lai Khê,Lai Khe
VN-26,Hải Dương,Hai Duong,VNAP25-A22FD0FC3D,VNAP25-03C3600169,Ngũ Phúc,Ngu Phuc
VN-26,Hải Dương,Hai Duong,VNAP25-F652CBA5A4,VNAP25-03C3600169,Phú Thái,Phu Thai
VN-26,Hải Dương,Hai Duong,VNAP25-14CD5EE3A3,VNAP25-03C3600169,Phúc Thành A,Phuc Thanh A
VN-26,Hải Dương,Hai Duong,VNAP25-F0376ADD18,VNAP25-03C3600169,Tam Kỳ,Tam Ky
VN-26,Hải Dương,Hai Duong,VNAP25-C4F53278F6,VNAP25-03C3600169,Tuấn Việt,Tuan Viet
VN-26,Hải Dương,Hai Duong,VNAP25-2F89B384DE,VNAP25-03C3600169,Vũ Dũng,Vu Dung
VN-26,Hải Dương,Hai Duong,VNAP25-7DAD31092C,,Kinh Môn,Kinh Mon
VN-26,Hải Dương,Hai Duong,VNAP25-5A2B75B8FF,VNAP25-7DAD31092C,An Lưu,An Luu
VN-26,Hải Dương,Hai Duong,VNAP25-C8E7F0BD6B,VNAP25-7DAD31092C,An Phụ,An Phu
VN-26,Hải Dương,Hai Duong,VNAP25-65FF658AFA,VNAP25-7DAD31092C,An Sinh,An Sinh
VN-26,Hải Dương,Hai Duong,VNAP25-200620E134,VNAP25-7DAD31092C,Bạch Đằng,Bach Dang
VN-26,Hải Dương,Hai Duong,VNAP25-A7645D30F5,VNAP25-7DAD31092C,Duy Tân,Duy Tan
VN-26,Hải Dương,Hai Duong,VNAP25-1B31DDC2B7,VNAP25-7DAD31092C,Hiến Thành,Hien Thanh
VN-26,Hải Dương,Hai Duong,VNAP25-ABDE1D981B,VNAP25-7DAD31092C,Hiệp An,Hiep An
VN-26,Hải Dương,Hai Duong,VNAP25-75DBDEF83B,VNAP25-7DAD31092C,Hiệp Hòa,Hiep Hoa
VN-26,Hải Dương,Hai Duong,VNAP25-FD23C6936A,VNAP25-7DAD31092C,Hiệp Sơn,Hiep Son
VN-26,Hải Dương,Hai Duong,VNAP25-50432A61D7,VNAP25-7DAD31092C,Lạc Long,Lac Long
VN-26,Hải Dương,Hai Duong,VNAP25-C7ED369999,VNAP25-7DAD31092C,Lê Ninh,Le Ninh
VN-26,Hải Dương,Hai Duong,VNAP25-1DCA173D9B,VNAP25-7DAD31092C,Long Xuyên,Long Xuyen
VN-26,Hải Dương,Hai Duong,VNAP25-0EC6DDC731,VNAP25-7DAD31092C,Minh Hòa,Minh Hoa
VN-26,Hải Dương,Hai Duong,VNAP25-9CAC4CE696,VNAP25-7DAD31092C,Minh Tân,Minh Tan
VN-26,Hải Dương,Hai Duong,VNAP25-08D220B220,VNAP25-7DAD31092C,Phạm Thái,Pham Thai
VN-26,Hải Dương,Hai Duong,VNAP25-CA42475E8B,VNAP25-7DAD31092C,Phú Thứ,Phu Thu
VN-26,Hải Dương,Hai Duong,VNAP25-831888A587,VNAP25-7DAD31092C,Quang Thành,Quang Thanh
VN-26,Hải Dương,Hai Duong,VNAP25-F0459EE405,VNAP25-7DAD31092C,Tân Dân,Tan Dan
VN-26,Hải Dương,Hai Duong,VNAP25-E71CA5DE09,VNAP25-7DAD31092C,Thái Thịnh,Thai Thinh
VN-26,Hải Dương,Hai Duong,VNAP25-FCC9192A48,VNAP25-7DAD31092C,Thăng Long,Thang Long
VN-26,Hải Dương,Hai Duong,VNAP25-02AFA69A8F,VNAP25-7DAD31092C,Thất Hùng,That Hung
VN-26,Hải Dương,Hai Duong,VNAP25-F8B1B67512,VNAP25-7DAD31092C,Thượng Quận,Thuong Quan
VN-26,Hải Dương,Hai Duong,VNAP25-7D34B0ADC8,,Nam Sách,Nam Sach
VN-26,Hải Dương,Hai Duong,VNAP25-C68E076444,VNAP25-7D34B0ADC8,An Bình,An Binh
VN-26,Hải Dương,Hai Duong,VNAP25-36BF549C5D,VNAP25-7D34B0ADC8,An Phú,An Phu
VN-26,Hải Dương,Hai Duong,VNAP25-CC0F9B640C,VNAP25-7D34B0ADC8,An Sơn,An Son
VN-26,Hải Dương,Hai Duong,VNAP25-E12C3EA0ED,VNAP25-7D34B0ADC8,Cộng Hòa,Cong Hoa
VN-26,Hải Dương,Hai Duong,VNAP25-AF77D865D6,VNAP25-7D34B0ADC8,Đồng Lạc,Dong Lac
VN-26,Hải Dương,Hai Duong,VNAP25-3D277BE6EB,VNAP25-7D34B0ADC8,Hiệp Cát,Hiep Cat
VN-26,Hải Dương,Hai Duong,VNAP25-16A720649D,VNAP25-7D34B0ADC8,Hồng Phong,Hong Phong
VN-26,Hải Dương,Hai Duong,VNAP25-5DDB8ABD7F,VNAP25-7D34B0ADC8,Hợp Tiến,Hop Tien
VN-26,Hải Dương,Hai Duong,VNAP25-683B50A32A,VNAP25-7D34B0ADC8,Minh Tân,Minh Tan
VN-26,Hải Dương,Hai Duong,VNAP25-1A4E4E6360,VNAP25-7D34B0ADC8,Nam Hưng,Nam Hung
VN-26,Hải Dương,Hai Duong,VNAP25-CD1F9CC94A,VNAP25-7D34B0ADC8,Nam Sách,Nam Sach
VN-26,Hải Dương,Hai Duong,VNAP25-4C4611AA1F,VNAP25-7D34B0ADC8,Nam Tân,Nam Tan
VN-26,Hải Dương,Hai Duong,VNAP25-1C6F72E0FB,VNAP25-7D34B0ADC8,Quốc Tuấn,Quoc Tuan
VN-26,Hải Dương,Hai Duong,VNAP25-1DB7AE6E3A,VNAP25-7D34B0ADC8,Thái Tân,Thai Tan
VN-26,Hải Dương,Hai Duong,VNAP25-B7FCA10C95,VNAP25-7D34B0ADC8,Trần Phú,Tran Phu
VN-26,Hải Dương,Hai Duong,VNAP25-EBB54ACC94,,Ninh Giang,Ninh Giang
VN-26,Hải Dương,Hai Duong,VNAP25-46C4909032,VNAP25-EBB54ACC94,An Đức,An Duc
VN-26,Hải Dương,Hai Duong,VNAP25-F0245EEEC5,VNAP25-EBB54ACC94,Bình Xuyên,Binh Xuyen
VN-26,Hải Dương,Hai Duong,VNAP25-5236CDD955,VNAP25-EBB54ACC94,Đức Phúc,Duc Phuc
VN-26,Hải Dương,Hai Duong,VNAP25-3223012FDF,VNAP25-EBB54ACC94,Hiệp Lực,Hiep Luc
VN-26,Hải Dương,Hai Duong,VNAP25-C09D0025B6,VNAP25-EBB54ACC94,Hồng Dụ,Hong Du
VN-26,Hải Dương,Hai Duong,VNAP25-23393B1B0E,VNAP25-EBB54ACC94,Hồng Phong,Hong Phong
VN-26,Hải Dương,Hai Duong,VNAP25-43A3A8C510,VNAP25-EBB54ACC94,Hưng Long,Hung Long
VN-26,Hải Dương,Hai Duong,VNAP25-C93BCF1241,VNAP25-EBB54ACC94,Kiến Phúc,Kien Phuc
VN-26,Hải Dương,Hai Duong,VNAP25-D9509C376D,VNAP25-EBB54ACC94,Nghĩa An,Nghia An
VN-26,Hải Dương,Hai Duong,VNAP25-1AF5DF1AD2,VNAP25-EBB54ACC94,Ninh Giang,Ninh Giang
VN-26,Hải Dương,Hai Duong,VNAP25-25960457FC,VNAP25-EBB54ACC94,Tân Hương,Tan Huong
VN-26,Hải Dương,Hai Duong,VNAP25-268754D018,VNAP25-EBB54ACC94,Tân Phong,Tan Phong
VN-26,Hải Dương,Hai Duong,VNAP25-DE4CE2952E,VNAP25-EBB54ACC94,Tân Quang,Tan Quang
VN-26,Hải Dương,Hai Duong,VNAP25-DDFC454438,VNAP25-EBB54ACC94,Ứng Hòe,Ung Hoe
VN-26,Hải Dương,Hai Duong,VNAP25-34FF567775,VNAP25-EBB54ACC94,Văn Hội,Van Hoi
VN-26,Hải Dương,Hai Duong,VNAP25-A924DDAF86,VNAP25-EBB54ACC94,Vĩnh Hòa,Vinh Hoa
VN-26,Hải Dương,Hai Duong,VNAP25-A167C63B4C,,Thanh Hà,Thanh Ha
VN-26,Hải Dương,Hai Duong,VNAP25-925996416F,VNAP25-A167C63B4C,An Phượng,An Phuong
VN-26,Hải Dương,Hai Duong,VNAP25-5C054972DF,VNAP25-A167C63B4C,Cẩm Việt,Cam Viet
VN-26,Hải Dương,Hai Duong,VNAP25-ED3A5EA359,VNAP25-A167C63B4C,Hồng Lạc,Hong Lac
VN-26,Hải Dương,Hai Duong,VNAP25-3D0243C443,VNAP25-A167C63B4C,Liên Mạc,Lien Mac
VN-26,Hải Dương,Hai Duong,VNAP25-5104C38C5D,VNAP25-A167C63B4C,Tân An,Tan An
VN-26,Hải Dương,Hai Duong,VNAP25-70EAEF01BF,VNAP25-A167C63B4C,Tân Việt,Tan Viet
VN-26,Hải Dương,Hai Duong,VNAP25-08E733998F,VNAP25-A167C63B4C,Thanh An,Thanh An
VN-26,Hải Dương,Hai Duong,VNAP25-58D18B21B8,VNAP25-A167C63B4C,Thanh Hà,Thanh Ha
VN-26,Hải Dương,Hai Duong,VNAP25-3B81F36B83,VNAP25-A167C63B4C,Thanh Hải,Thanh Hai
VN-26,Hải Dương,Hai Duong,VNAP25-2C9C5B4DF2,VNAP25-A167C63B4C,Thanh Hồng,Thanh Hong
VN-26,Hải Dương,Hai Duong,VNAP25-C0481C3B5E,VNAP25-A167C63B4C,Thanh Lang,Thanh Lang
VN-26,Hải Dương,Hai Duong,VNAP25-E507E9C411,VNAP25-A167C63B4C,Thanh Quang,Thanh Quang
VN-26,Hải Dương,Hai Duong,VNAP25-779524F51B,VNAP25-A167C63B4C,Thanh Sơn,Thanh Son
VN-26,Hải Dương,Hai Duong,VNAP25-D3BD4039E7,VNAP25-A167C63B4C,Thanh Tân,Thanh Tan
VN-26,Hải Dương,Hai Duong,VNAP25-779CB29AD8,VNAP25-A167C63B4C,Thanh Xuân,Thanh Xuan
VN-26,Hải Dương,Hai Duong,VNAP25-C26451CEA6,VNAP25-A167C63B4C,Vĩnh Cường,Vinh Cuong
VN-26,Hải Dương,Hai Duong,VNAP25-C501A84C0A,,Thanh Miện,Thanh Mien
VN-26,Hải Dương,Hai Duong,VNAP25-53AE0670C5,VNAP25-C501A84C0A,Cao Thắng,Cao Thang
VN-26,Hải Dương,Hai Duong,VNAP25-6AAEA230E2,VNAP25-C501A84C0A,Chi Lăng Bắc,Chi Lang Bac
VN-26,Hải Dương,Hai Duong,VNAP25-38A695A8B8,VNAP25-C501A84C0A,Chi Lăng Nam,Chi Lang Nam
VN-26,Hải Dương,Hai Duong,VNAP25-8DD1796C48,VNAP25-C501A84C0A,Đoàn Kết,Doan Ket
VN-26,Hải Dương,Hai Duong,VNAP25-21073AE10B,VNAP25-C501A84C0A,Đoàn Tùng,Doan Tung
VN-26,Hải Dương,Hai Duong,VNAP25-14B742F79A,VNAP25-C501A84C0A,Hồng Phong,Hong Phong
VN-26,Hải Dương,Hai Duong,VNAP25-2F1FB20E39,VNAP25-C501A84C0A,Hồng Quang,Hong Quang
VN-26,Hải Dương,Hai Duong,VNAP25-F3964B74F9,VNAP25-C501A84C0A,Lam Sơn,Lam Son
VN-26,Hải Dương,Hai Duong,VNAP25-627BE63C92,VNAP25-C501A84C0A,Lê Hồng,Le Hong
VN-26,Hải Dương,Hai Duong,VNAP25-7D9825C69A,VNAP25-C501A84C0A,Ngô Quyền,Ngo Quyen
VN-26,Hải Dương,Hai Duong,VNAP25-6B2C9C637B,VNAP25-C501A84C0A,Ngũ Hùng,Ngu Hung
VN-26,Hải Dương,Hai Duong,VNAP25-20BE41E4AB,VNAP25-C501A84C0A,Phạm Kha,Pham Kha
VN-26,Hải Dương,Hai Duong,VNAP25-175B37AC63,VNAP25-C501A84C0A,Tân Trào,Tan Trao
VN-26,Hải Dương,Hai Duong,VNAP25-40F8819E4F,VNAP25-C501A84C0A,Thanh Giang,Thanh Giang
VN-26,Hải Dương,Hai Duong,VNAP25-1B7F47EF6D,VNAP25-C501A84C0A,Thanh Miện,Thanh Mien
VN-26,Hải Dương,Hai Duong,VNAP25-8B7EB8C24F,VNAP25-C501A84C0A,Thanh Tùng,Thanh Tung
VN-26,Hải Dương,Hai Duong,VNAP25-7A901B6074,VNAP25-C501A84C0A,Tứ Cường,Tu Cuong
VN-26,Hải Dương,Hai Duong,VNAP25-F713B5F4C1,,Tứ Kỳ,Tu Ky
VN-26,Hải Dương,Hai Duong,VNAP25-76DC7C3C72,VNAP25-F713B5F4C1,An Thanh,An Thanh
VN-26,Hải Dương,Hai Duong,VNAP25-32273C9998,VNAP25-F713B5F4C1,Bình Lăng,Binh Lang
VN-26,Hải Dương,Hai Duong,VNAP25-826364E1CE,VNAP25-F713B5F4C1,Chí Minh,Chi Minh
VN-26,Hải Dương,Hai Duong,VNAP25-EA35961427,VNAP25-F713B5F4C1,Đại Hợp,Dai Hop
VN-26,Hải Dương,Hai Duong,VNAP25-81226758BE,VNAP25-F713B5F4C1,Đại Sơn,Dai Son
VN-26,Hải Dương,Hai Duong,VNAP25-3FAA898935,VNAP25-F713B5F4C1,Dân An,Dan An
VN-26,Hải Dương,Hai Duong,VNAP25-303FEB7CAE,VNAP25-F713B5F4C1,Hà Kỳ,Ha Ky
VN-26,Hải Dương,Hai Duong,VNAP25-477A33594F,VNAP25-F713B5F4C1,Hà Thanh,Ha Thanh
VN-26,Hải Dương,Hai Duong,VNAP25-994C01E8E1,VNAP25-F713B5F4C1,Hưng Đạo,Hung Dao
VN-26,Hải Dương,Hai Duong,VNAP25-2F75B78F3F,VNAP25-F713B5F4C1,Kỳ Sơn,Ky Son
VN-26,Hải Dương,Hai Duong,VNAP25-967AD24528,VNAP25-F713B5F4C1,Lạc Phượng,Lac Phuong
VN-26,Hải Dương,Hai Duong,VNAP25-E1D18A83D5,VNAP25-F713B5F4C1,Minh Đức,Minh Duc
VN-26,Hải Dương,Hai Duong,VNAP25-7E6994B02B,VNAP25-F713B5F4C1,Nguyên Giáp,Nguyen Giap
VN-26,Hải Dương,Hai Duong,VNAP25-06058BBEC2,VNAP25-F713B5F4C1,Quang Khải,Quang Khai
VN-26,Hải Dương,Hai Duong,VNAP25-4398FEBCC1,VNAP25-F713B5F4C1,Quang Phục,Quang Phuc
VN-26,Hải Dương,Hai Duong,VNAP25-4499B509CA,VNAP25-F713B5F4C1,Quang Trung,Quang Trung
VN-26,Hải Dương,Hai Duong,VNAP25-E447D7314E,VNAP25-F713B5F4C1,Tân Kỳ,Tan Ky
VN-26,Hải Dương,Hai Duong,VNAP25-5E774FC6D2,VNAP25-F713B5F4C1,Tiên Động,Tien Dong
VN-26,Hải Dương,Hai Duong,VNAP25-9E1D53091A,VNAP25-F713B5F4C1,Tứ Kỳ,Tu Ky
VN-26,Hải Dương,Hai Duong,VNAP25-4B3CE191CC,VNAP25-F713B5F4C1,Văn Tố,Van To
VN-27,Hải Phòng,Hai Phong,VNAP25-5B209860D4,,An Dương,An Duong
VN-27,Hải Phòng,Hai Phong,VNAP25-F404DF7483,VNAP25-5B209860D4,An Đồng,An Dong
VN-27,Hải Phòng,Hai Phong,VNAP25-27230D5F44,VNAP25-5B209860D4,An Hải,An Hai
VN-27,Hải Phòng,Hai Phong,VNAP25-357AD0E95C,VNAP25-5B209860D4,An Hòa,An Hoa
VN-27,Hải Phòng,Hai Phong,VNAP25-A7C860A3D1,VNAP25-5B209860D4,Đồng Thái,Dong Thai
VN-27,Hải Phòng,Hai Phong,VNAP25-B9605C8184,VNAP25-5B209860D4,Hồng Phong,Hong Phong
VN-27,Hải Phòng,Hai Phong,VNAP25-D627BCDE6F,VNAP25-5B209860D4,Hồng Thái,Hong Thai
VN-27,Hải Phòng,Hai Phong,VNAP25-51557FF36D,VNAP25-5B209860D4,Lê Lợi,Le Loi
VN-27,Hải Phòng,Hai Phong,VNAP25-86025D3BBA,VNAP25-5B209860D4,Lê Thiện,Le Thien
VN-27,Hải Phòng,Hai Phong,VNAP25-452D91A701,VNAP25-5B209860D4,Nam Sơn,Nam Son
VN-27,Hải Phòng,Hai Phong,VNAP25-0679D758AD,VNAP25-5B209860D4,Tân Tiến,Tan Tien
VN-27,Hải Phòng,Hai Phong,VNAP25-9DE0F7AF58,,An Lão,An Lao
VN-27,Hải Phòng,Hai Phong,VNAP25-86022F137C,VNAP25-9DE0F7AF58,An Lão,An Lao
VN-27,Hải Phòng,Hai Phong,VNAP25-8E5B214B82,VNAP25-9DE0F7AF58,An Thái,An Thai
VN-27,Hải Phòng,Hai Phong,VNAP25-5CC3164AD1,VNAP25-9DE0F7AF58,An Thắng,An Thang
VN-27,Hải Phòng,Hai Phong,VNAP25-21A2063528,VNAP25-9DE0F7AF58,An Thọ,An Tho
VN-27,Hải Phòng,Hai Phong,VNAP25-3CA9D9B761,VNAP25-9DE0F7AF58,An Tiến,An Tien
VN-27,Hải Phòng,Hai Phong,VNAP25-B4B368A0EC,VNAP25-9DE0F7AF58,Bát Trang,Bat Trang
VN-27,Hải Phòng,Hai Phong,VNAP25-9189B7684E,VNAP25-9DE0F7AF58,Chiến Thắng,Chien Thang
VN-27,Hải Phòng,Hai Phong,VNAP25-A2D85A9578,VNAP25-9DE0F7AF58,Mỹ Đức,My Duc
VN-27,Hải Phòng,Hai Phong,VNAP25-EF18A18B98,VNAP25-9DE0F7AF58,Quang Hưng,Quang Hung
VN-27,Hải Phòng,Hai Phong,VNAP25-3D9B8F9BE3,VNAP25-9DE0F7AF58,Quang Trung,Quang Trung
VN-27,Hải Phòng,Hai Phong,VNAP25-61E38DC549,VNAP25-9DE0F7AF58,Quốc Tuấn,Quoc Tuan
VN-27,Hải Phòng,Hai Phong,VNAP25-60645DAB7C,VNAP25-9DE0F7AF58,Tân Dân,Tan Dan
VN-27,Hải Phòng,Hai Phong,VNAP25-7F2840330A,VNAP25-9DE0F7AF58,Tân Viên,Tan Vien
VN-27,Hải Phòng,Hai Phong,VNAP25-D531C75193,VNAP25-9DE0F7AF58,Thái Sơn,Thai Son
VN-27,Hải Phòng,Hai Phong,VNAP25-DB9039FB9D,VNAP25-9DE0F7AF58,Trường Sơn,Truong Son
VN-27,Hải Phòng,Hai Phong,VNAP25-09B068F7B3,VNAP25-9DE0F7AF58,Trường Thành,Truong Thanh
VN-27,Hải Phòng,Hai Phong,VNAP25-EF8467A081,VNAP25-9DE0F7AF58,Trường Thọ,Truong Tho
VN-27,Hải Phòng,Hai Phong,VNAP25-85C49CD0A0,,Bạch Long Vĩ,Bach Long Vi
VN-27,Hải Phòng,Hai Phong,VNAP25-1093CD9313,,Cát Hải,Cat Hai
VN-27,Hải Phòng,Hai Phong,VNAP25-5BC5095857,VNAP25-1093CD9313,Cát Bà,Cat Ba
VN-27,Hải Phòng,Hai Phong,VNAP25-9779700AB2,VNAP25-1093CD9313,Cát Hải,Cat Hai
VN-27,Hải Phòng,Hai Phong,VNAP25-62483D4DFA,VNAP25-1093CD9313,Đồng Bài,Dong Bai
VN-27,Hải Phòng,Hai Phong,VNAP25-C7FFE6AF18,VNAP25-1093CD9313,Gia Luận,Gia Luan
VN-27,Hải Phòng,Hai Phong,VNAP25-CBCE4C3364,VNAP25-1093CD9313,Hiền Hào,Hien Hao
VN-27,Hải Phòng,Hai Phong,VNAP25-4EF1BA4E62,VNAP25-1093CD9313,Hoàng Châu,Hoang Chau
VN-27,Hải Phòng,Hai Phong,VNAP25-0D160B3DED,VNAP25-1093CD9313,Nghĩa Lộ,Nghia Lo
VN-27,Hải Phòng,Hai Phong,VNAP25-D13CD9EF5B,VNAP25-1093CD9313,Phù Long,Phu Long
VN-27,Hải Phòng,Hai Phong,VNAP25-677F180A26,VNAP25-1093CD9313,Trân Châu,Tran Chau
VN-27,Hải Phòng,Hai Phong,VNAP25-F918D4A466,VNAP25-1093CD9313,Văn Phong,Van Phong
VN-27,Hải Phòng,Hai Phong,VNAP25-CB713EB848,VNAP25-1093CD9313,Việt Hải,Viet Hai
VN-27,Hải Phòng,Hai Phong,VNAP25-3776EF8F99,VNAP25-1093CD9313,Xuân Đám,Xuan Dam
VN-27,Hải Phòng,Hai Phong,VNAP25-8A9228059B,,Đồ Sơn,Do Son
VN-27,Hải Phòng,Hai Phong,VNAP25-7F93492CBE,VNAP25-8A9228059B,Bàng La,Bang La
VN-27,Hải Phòng,Hai Phong,VNAP25-3AB1A97A93,VNAP25-8A9228059B,Hải Sơn,Hai Son
VN-27,Hải Phòng,Hai Phong,VNAP25-96134377CF,VNAP25-8A9228059B,Hợp Đức,Hop Duc
VN-27,Hải Phòng,Hai Phong,VNAP25-3CB9231AFA,VNAP25-8A9228059B,Minh Đức,Minh Duc
VN-27,Hải Phòng,Hai Phong,VNAP25-735B40A666,VNAP25-8A9228059B,Ngọc Xuyên,Ngoc Xuyen
VN-27,Hải Phòng,Hai Phong,VNAP25-529AAF89DD,VNAP25-8A9228059B,Vạn Hương,Van Huong
VN-27,Hải Phòng,Hai Phong,VNAP25-8E4F444ACD,,Dương Kinh,Duong Kinh
VN-27,Hải Phòng,Hai Phong,VNAP25-82BD494C82,VNAP25-8E4F444ACD,Anh Dũng,Anh Dung
VN-27,Hải Phòng,Hai Phong,VNAP25-DFCEDA81F6,VNAP25-8E4F444ACD,Đa Phúc,Da Phuc
VN-27,Hải Phòng,Hai Phong,VNAP25-2C3E576913,VNAP25-8E4F444ACD,Hải Thành,Hai Thanh
VN-27,Hải Phòng,Hai Phong,VNAP25-CBD6E2F698,VNAP25-8E4F444ACD,Hòa Nghĩa,Hoa Nghia
VN-27,Hải Phòng,Hai Phong,VNAP25-D8BFA1E5C3,VNAP25-8E4F444ACD,Hưng Đạo,Hung Dao
VN-27,Hải Phòng,Hai Phong,VNAP25-9252C3D116,VNAP25-8E4F444ACD,Tân Thành,Tan Thanh
VN-27,Hải Phòng,Hai Phong,VNAP25-0CD313FAE1,,Hải An,Hai An
VN-27,Hải Phòng,Hai Phong,VNAP25-A2F2161664,VNAP25-0CD313FAE1,Cát Bi,Cat Bi
VN-27,Hải Phòng,Hai Phong,VNAP25-9EA14C93B5,VNAP25-0CD313FAE1,Đằng Hải,Dang Hai
VN-27,Hải Phòng,Hai Phong,VNAP25-4236A4B538,VNAP25-0CD313FAE1,Đằng Lâm,Dang Lam
VN-27,Hải Phòng,Hai Phong,VNAP25-87645B9B85,VNAP25-0CD313FAE1,Đông Hải 1,Dong Hai 1
VN-27,Hải Phòng,Hai Phong,VNAP25-00B35D92AB,VNAP25-0CD313FAE1,Đông Hải 2,Dong Hai 2
VN-27,Hải Phòng,Hai Phong,VNAP25-19D3365D0D,VNAP25-0CD313FAE1,Nam Hải,Nam Hai
VN-27,Hải Phòng,Hai Phong,VNAP25-D492C0D9C3,VNAP25-0CD313FAE1,Thành Tô,Thanh To
VN-27,Hải Phòng,Hai Phong,VNAP25-260C0D7325,VNAP25-0CD313FAE1,Tràng Cát,Trang Cat
VN-27,Hải Phòng,Hai Phong,VNAP25-279180ECD5,,Hồng Bàng,Hong Bang
VN-27,Hải Phòng,Hai Phong,VNAP25-2C1205BBCF,VNAP25-279180ECD5,An Hồng,An Hong
VN-27,Hải Phòng,Hai Phong,VNAP25-93D366ACB7,VNAP25-279180ECD5,An Hưng,An Hung
VN-27,Hải Phòng,Hai Phong,VNAP25-794EF38875,VNAP25-279180ECD5,Đại Bản,Dai Ban
VN-27,Hải Phòng,Hai Phong,VNAP25-3DD7598697,VNAP25-279180ECD5,Hoàng Văn Thụ,Hoang Van Thu
VN-27,Hải Phòng,Hai Phong,VNAP25-37094AB8DD,VNAP25-279180ECD5,Hùng Vương,Hung Vuong
VN-27,Hải Phòng,Hai Phong,VNAP25-39F8AC1AB4,VNAP25-279180ECD5,Minh Khai,Minh Khai
VN-27,Hải Phòng,Hai Phong,VNAP25-5CC0406268,VNAP25-279180ECD5,Phan Bội Châu,Phan Boi Chau
VN-27,Hải Phòng,Hai Phong,VNAP25-42EF8FA89D,VNAP25-279180ECD5,Quán Toan,Quan Toan
VN-27,Hải Phòng,Hai Phong,VNAP25-EDAD079BDF,VNAP25-279180ECD5,Sở Dầu,So Dau
VN-27,Hải Phòng,Hai Phong,VNAP25-C91AACA02C,VNAP25-279180ECD5,Thượng Lý,Thuong Ly
VN-27,Hải Phòng,Hai Phong,VNAP25-6F327AD976,,Kiến An,Kien An
VN-27,Hải Phòng,Hai Phong,VNAP25-F8893A84FF,VNAP25-6F327AD976,Bắc Hà,Bac Ha
VN-27,Hải Phòng,Hai Phong,VNAP25-8D4C3D34B8,VNAP25-6F327AD976,Bắc Sơn,Bac Son
VN-27,Hải Phòng,Hai Phong,VNAP25-E0F0379885,VNAP25-6F327AD976,Đồng Hòa,Dong Hoa
VN-27,Hải Phòng,Hai Phong,VNAP25-A067C1A675,VNAP25-6F327AD976,Nam Sơn,Nam Son
VN-27,Hải Phòng,Hai Phong,VNAP25-302B189827,VNAP25-6F327AD976,Ngọc Sơn,Ngoc Son
VN-27,Hải Phòng,Hai Phong,VNAP25-3773177754,VNAP25-6F327AD976,Trần Thành Ngọ,Tran Thanh Ngo
VN-27,Hải Phòng,Hai Phong,VNAP25-A71BBD65BF,VNAP25-6F327AD976,Văn Đẩu,Van Dau
VN-27,Hải Phòng,Hai Phong,VNAP25-8C2F39130F,,Kiến Thụy,Kien Thuy
VN-27,Hải Phòng,Hai Phong,VNAP25-D116D32AA8,VNAP25-8C2F39130F,Đại Đồng,Dai Dong
VN-27,Hải Phòng,Hai Phong,VNAP25-48627C5DD6,VNAP25-8C2F39130F,Đại Hợp,Dai Hop
VN-27,Hải Phòng,Hai Phong,VNAP25-BF4547D57E,VNAP25-8C2F39130F,Đoàn Xá,Doan Xa
VN-27,Hải Phòng,Hai Phong,VNAP25-CB7B1C8069,VNAP25-8C2F39130F,Đông Phương,Dong Phuong
VN-27,Hải Phòng,Hai Phong,VNAP25-BFD6332071,VNAP25-8C2F39130F,Du Lễ,Du Le
VN-27,Hải Phòng,Hai Phong,VNAP25-DA9B3C4D76,VNAP25-8C2F39130F,Hữu Bằng,Huu Bang
VN-27,Hải Phòng,Hai Phong,VNAP25-9CB33680CD,VNAP25-8C2F39130F,Kiến Hưng,Kien Hung
VN-27,Hải Phòng,Hai Phong,VNAP25-B678EC513B,VNAP25-8C2F39130F,Kiến Quốc,Kien Quoc
VN-27,Hải Phòng,Hai Phong,VNAP25-279535288A,VNAP25-8C2F39130F,Minh Tân,Minh Tan
VN-27,Hải Phòng,Hai Phong,VNAP25-F148FCCBB1,VNAP25-8C2F39130F,Ngũ Phúc,Ngu Phuc
VN-27,Hải Phòng,Hai Phong,VNAP25-EBFC2D73ED,VNAP25-8C2F39130F,Núi Đối,Nui Doi
VN-27,Hải Phòng,Hai Phong,VNAP25-C2B742D7E4,VNAP25-8C2F39130F,Tân Phong,Tan Phong
VN-27,Hải Phòng,Hai Phong,VNAP25-321DDC99D9,VNAP25-8C2F39130F,Tân Trào,Tan Trao
VN-27,Hải Phòng,Hai Phong,VNAP25-E09BC2EA2F,VNAP25-8C2F39130F,Thanh Sơn,Thanh Son
VN-27,Hải Phòng,Hai Phong,VNAP25-3ECE91D9D2,VNAP25-8C2F39130F,Thuận Thiên,Thuan Thien
VN-27,Hải Phòng,Hai Phong,VNAP25-34E1BDBB29,VNAP25-8C2F39130F,Tú Sơn,Tu Son
VN-27,Hải Phòng,Hai Phong,VNAP25-3BF2D749C5,,Lê Chân,Le Chan
VN-27,Hải Phòng,Hai Phong,VNAP25-B9102D26F7,VNAP25-3BF2D749C5,An Biên,An Bien
VN-27,Hải Phòng,Hai Phong,VNAP25-749F581815,VNAP25-3BF2D749C5,An Dương,An Duong
VN-27,Hải Phòng,Hai Phong,VNAP25-CFA7432A48,VNAP25-3BF2D749C5,Dư Hàng Kênh,Du Hang Kenh
VN-27,Hải Phòng,Hai Phong,VNAP25-5CC10DCBA1,VNAP25-3BF2D749C5,Hàng Kênh,Hang Kenh
VN-27,Hải Phòng,Hai Phong,VNAP25-A81C5A79AF,VNAP25-3BF2D749C5,Kênh Dương,Kenh Duong
VN-27,Hải Phòng,Hai Phong,VNAP25-035C479F7F,VNAP25-3BF2D749C5,Trần Nguyên Hãn,Tran Nguyen Han
VN-27,Hải Phòng,Hai Phong,VNAP25-351276E26F,VNAP25-3BF2D749C5,Vĩnh Niệm,Vinh Niem
VN-27,Hải Phòng,Hai Phong,VNAP25-A14D2712C2,,Ngô Quyền,Ngo Quyen
VN-27,Hải Phòng,Hai Phong,VNAP25-3C2A1EE2FB,VNAP25-A14D2712C2,Cầu Đất,Cau Dat
VN-27,Hải Phòng,Hai Phong,VNAP25-E62BAFBF9D,VNAP25-A14D2712C2,Cầu Tre,Cau Tre
VN-27,Hải Phòng,Hai Phong,VNAP25-67AD854B88,VNAP25-A14D2712C2,Đằng Giang,Dang Giang
VN-27,Hải Phòng,Hai Phong,VNAP25-79F4C33537,VNAP25-A14D2712C2,Đông Khê,Dong Khe
VN-27,Hải Phòng,Hai Phong,VNAP25-66E5CBF37D,VNAP25-A14D2712C2,Gia Viên,Gia Vien
VN-27,Hải Phòng,Hai Phong,VNAP25-5145661A5F,VNAP25-A14D2712C2,Lạch Tray,Lach Tray
VN-27,Hải Phòng,Hai Phong,VNAP25-3E8473D977,VNAP25-A14D2712C2,Máy Chai,May Chai
VN-27,Hải Phòng,Hai Phong,VNAP25-DBD6BB8ED6,VNAP25-A14D2712C2,Vạn Mỹ,Van My
VN-27,Hải Phòng,Hai Phong,VNAP25-A670BD2113,,Thủy Nguyên,Thuy Nguyen
VN-27,Hải Phòng,Hai Phong,VNAP25-1A43C8EC99,VNAP25-A670BD2113,An Lư,An Lu
VN-27,Hải Phòng,Hai Phong,VNAP25-8102F92BFB,VNAP25-A670BD2113,Bạch Đằng,Bach Dang
VN-27,Hải Phòng,Hai Phong,VNAP25-44DB7675E4,VNAP25-A670BD2113,Dương Quan,Duong Quan
VN-27,Hải Phòng,Hai Phong,VNAP25-92A02C48B4,VNAP25-A670BD2113,Hòa Bình,Hoa Binh
VN-27,Hải Phòng,Hai Phong,VNAP25-D0602276C2,VNAP25-A670BD2113,Hoa Động,Hoa Dong
VN-27,Hải Phòng,Hai Phong,VNAP25-25572FD39F,VNAP25-A670BD2113,Hoàng Lâm,Hoang Lam
VN-27,Hải Phòng,Hai Phong,VNAP25-8BB4E223A9,VNAP25-A670BD2113,Lập Lễ,Lap Le
VN-27,Hải Phòng,Hai Phong,VNAP25-69C7380A3E,VNAP25-A670BD2113,Lê Hồng Phong,Le Hong Phong
VN-27,Hải Phòng,Hai Phong,VNAP25-F6DAE6716F,VNAP25-A670BD2113,Liên Xuân,Lien Xuan
VN-27,Hải Phòng,Hai Phong,VNAP25-21FA4A4EAD,VNAP25-A670BD2113,Lưu Kiếm,Luu Kiem
VN-27,Hải Phòng,Hai Phong,VNAP25-43FD759D6B,VNAP25-A670BD2113,Minh Đức,Minh Duc
VN-27,Hải Phòng,Hai Phong,VNAP25-3BACE00F79,VNAP25-A670BD2113,Nam Triệu Giang,Nam Trieu Giang
VN-27,Hải Phòng,Hai Phong,VNAP25-B88AA658A4,VNAP25-A670BD2113,Ninh Sơn,Ninh Son
VN-27,Hải Phòng,Hai Phong,VNAP25-0B14843BF5,VNAP25-A670BD2113,Phạm Ngũ Lão,Pham Ngu Lao
VN-27,Hải Phòng,Hai Phong,VNAP25-5E957B8DE1,VNAP25-A670BD2113,Quảng Thanh,Quang Thanh
VN-27,Hải Phòng,Hai Phong,VNAP25-1F4DDF98FC,VNAP25-A670BD2113,Quang Trung,Quang Trung
VN-27,Hải Phòng,Hai Phong,VNAP25-0A3519C271,VNAP25-A670BD2113,Tam Hưng,Tam Hung
VN-27,Hải Phòng,Hai Phong,VNAP25-C28D399ED5,VNAP25-A670BD2113,Thiên Hương,Thien Huong
VN-27,Hải Phòng,Hai Phong,VNAP25-632F1EF7F4,VNAP25-A670BD2113,Thủy Đường,Thuy Duong
VN-27,Hải Phòng,Hai Phong,VNAP25-42DDCC2FDC,VNAP25-A670BD2113,Thủy Hà,Thuy Ha
VN-27,Hải Phòng,Hai Phong,VNAP25-B51CB7727E,VNAP25-A670BD2113,Trần Hưng Đạo,Tran Hung Dao
VN-27,Hải Phòng,Hai Phong,VNAP25-43A9E4D59A,,Tiên Lãng,Tien Lang
VN-27,Hải Phòng,Hai Phong,VNAP25-507EE373CE,VNAP25-43A9E4D59A,Bắc Hưng,Bac Hung
VN-27,Hải Phòng,Hai Phong,VNAP25-F40FE9BC61,VNAP25-43A9E4D59A,Cấp Tiến,Cap Tien
VN-27,Hải Phòng,Hai Phong,VNAP25-92ADE62E32,VNAP25-43A9E4D59A,Đại Thắng,Dai Thang
VN-27,Hải Phòng,Hai Phong,VNAP25-AA17B13B4B,VNAP25-43A9E4D59A,Đoàn Lập,Doan Lap
VN-27,Hải Phòng,Hai Phong,VNAP25-968BCB19CF,VNAP25-43A9E4D59A,Đông Hưng,Dong Hung
VN-27,Hải Phòng,Hai Phong,VNAP25-5428492867,VNAP25-43A9E4D59A,Hùng Thắng,Hung Thang
VN-27,Hải Phòng,Hai Phong,VNAP25-CBF980550D,VNAP25-43A9E4D59A,Khởi Nghĩa,Khoi Nghia
VN-27,Hải Phòng,Hai Phong,VNAP25-9C972CDB1A,VNAP25-43A9E4D59A,Kiến Thiết,Kien Thiet
VN-27,Hải Phòng,Hai Phong,VNAP25-AEB834A0D7,VNAP25-43A9E4D59A,Nam Hưng,Nam Hung
VN-27,Hải Phòng,Hai Phong,VNAP25-32E310777D,VNAP25-43A9E4D59A,Quyết Tiến,Quyet Tien
VN-27,Hải Phòng,Hai Phong,VNAP25-EED23A9D05,VNAP25-43A9E4D59A,Tân Minh,Tan Minh
VN-27,Hải Phòng,Hai Phong,VNAP25-3FEB65C07D,VNAP25-43A9E4D59A,Tây Hưng,Tay Hung
VN-27,Hải Phòng,Hai Phong,VNAP25-D3B19A9051,VNAP25-43A9E4D59A,Tiên Cường,Tien Cuong
VN-27,Hải Phòng,Hai Phong,VNAP25-91C2544166,VNAP25-43A9E4D59A,Tiên Lãng,Tien Lang
VN-27,Hải Phòng,Hai Phong,VNAP25-391D7862CB,VNAP25-43A9E4D59A,Tiên Minh,Tien Minh
VN-27,Hải Phòng,Hai Phong,VNAP25-E60029A836,VNAP25-43A9E4D59A,Tiên Thắng,Tien Thang
VN-27,Hải Phòng,Hai Phong,VNAP25-7C91AE742C,VNAP25-43A9E4D59A,Tiên Thanh,Tien Thanh
VN-27,Hải Phòng,Hai Phong,VNAP25-47DFB1EB8D,VNAP25-43A9E4D59A,Tự Cường,Tu Cuong
VN-27,Hải Phòng,Hai Phong,VNAP25-6CEDEB88F3,VNAP25-43A9E4D59A,Vinh Quang,Vinh Quang
VN-27,Hải Phòng,Hai Phong,VNAP25-928B17F0CE,,Vĩnh Bảo,Vinh Bao
VN-27,Hải Phòng,Hai Phong,VNAP25-8023CAFBA0,VNAP25-928B17F0CE,Cao Minh,Cao Minh
VN-27,Hải Phòng,Hai Phong,VNAP25-275724D8B0,VNAP25-928B17F0CE,Dũng Tiến,Dung Tien
VN-27,Hải Phòng,Hai Phong,VNAP25-21A3B7ECFA,VNAP25-928B17F0CE,Giang Biên,Giang Bien
VN-27,Hải Phòng,Hai Phong,VNAP25-9ADA154FFB,VNAP25-928B17F0CE,Hòa Bình,Hoa Binh
VN-27,Hải Phòng,Hai Phong,VNAP25-19A0B809DD,VNAP25-928B17F0CE,Hùng Tiến,Hung Tien
VN-27,Hải Phòng,Hai Phong,VNAP25-12C27ACF21,VNAP25-928B17F0CE,Liên Am,Lien Am
VN-27,Hải Phòng,Hai Phong,VNAP25-01FF101A12,VNAP25-928B17F0CE,Lý Học,Ly Hoc
VN-27,Hải Phòng,Hai Phong,VNAP25-F032F64BCB,VNAP25-928B17F0CE,Tam Cường,Tam Cuong
VN-27,Hải Phòng,Hai Phong,VNAP25-8BE51FFD70,VNAP25-928B17F0CE,Tân Hưng,Tan Hung
VN-27,Hải Phòng,Hai Phong,VNAP25-A900BD8C45,VNAP25-928B17F0CE,Tân Liên,Tan Lien
VN-27,Hải Phòng,Hai Phong,VNAP25-A9E1BD6CCD,VNAP25-928B17F0CE,Thắng Thủy,Thang Thuy
VN-27,Hải Phòng,Hai Phong,VNAP25-D361E371E4,VNAP25-928B17F0CE,Tiền Phong,Tien Phong
VN-27,Hải Phòng,Hai Phong,VNAP25-D46B1018CE,VNAP25-928B17F0CE,Trấn Dương,Tran Duong
VN-27,Hải Phòng,Hai Phong,VNAP25-C0DE8D0ABE,VNAP25-928B17F0CE,Trung Lập,Trung Lap
VN-27,Hải Phòng,Hai Phong,VNAP25-E85225B690,VNAP25-928B17F0CE,Việt Tiến,Viet Tien
VN-27,Hải Phòng,Hai Phong,VNAP25-678890B642,VNAP25-928B17F0CE,Vĩnh An,Vinh An
VN-27,Hải Phòng,Hai Phong,VNAP25-8586619603,VNAP25-928B17F0CE,Vĩnh Bảo,Vinh Bao
VN-27,Hải Phòng,Hai Phong,VNAP25-3BBA026E7D,VNAP25-928B17F0CE,Vĩnh Hải,Vinh Hai
VN-27,Hải Phòng,Hai Phong,VNAP25-41501F1208,VNAP25-928B17F0CE,Vĩnh Hòa,Vinh Hoa
VN-27,Hải Phòng,Hai Phong,VNAP25-F8ACD746EA,VNAP25-928B17F0CE,Vĩnh Hưng,Vinh Hung
VN-28,Hậu Giang,Hau Giang,VNAP25-67CF19439C,,Châu Thành,Chau Thanh
VN-28,Hậu Giang,Hau Giang,VNAP25-7ED2D4F75A,VNAP25-67CF19439C,Đông Phú,Dong Phu
VN-28,Hậu Giang,Hau Giang,VNAP25-BCDC49BE04,VNAP25-67CF19439C,Đông Phước,Dong Phuoc
VN-28,Hậu Giang,Hau Giang,VNAP25-34DC34CA43,VNAP25-67CF19439C,Đông Phước A,Dong Phuoc A
VN-28,Hậu Giang,Hau Giang,VNAP25-A58CCA21AF,VNAP25-67CF19439C,Đông Thạnh,Dong Thanh
VN-28,Hậu Giang,Hau Giang,VNAP25-01164D3327,VNAP25-67CF19439C,Mái Dầm,Mai Dam
VN-28,Hậu Giang,Hau Giang,VNAP25-EF53787CE1,VNAP25-67CF19439C,Ngã Sáu,Nga Sau
VN-28,Hậu Giang,Hau Giang,VNAP25-3E698EDE88,VNAP25-67CF19439C,Phú Hữu,Phu Huu
VN-28,Hậu Giang,Hau Giang,VNAP25-C0CB567062,VNAP25-67CF19439C,Phú Tân,Phu Tan
VN-28,Hậu Giang,Hau Giang,VNAP25-137D0E9C02,,Châu Thành A,Chau Thanh A
VN-28,Hậu Giang,Hau Giang,VNAP25-B32C6B82A2,VNAP25-137D0E9C02,Bảy Ngàn,Bay Ngan
VN-28,Hậu Giang,Hau Giang,VNAP25-B276EA7D9C,VNAP25-137D0E9C02,Cái Tắc,Cai Tac
VN-28,Hậu Giang,Hau Giang,VNAP25-F1024535AA,VNAP25-137D0E9C02,Một Ngàn,Mot Ngan
VN-28,Hậu Giang,Hau Giang,VNAP25-991DF91760,VNAP25-137D0E9C02,Nhơn Nghĩa A,Nhon Nghia A
VN-28,Hậu Giang,Hau Giang,VNAP25-BB9AA1D3FA,VNAP25-137D0E9C02,Rạch Gòi,Rach Goi
VN-28,Hậu Giang,Hau Giang,VNAP25-EDF8672F33,VNAP25-137D0E9C02,Tân Hòa,Tan Hoa
VN-28,Hậu Giang,Hau Giang,VNAP25-DD26261E84,VNAP25-137D0E9C02,Tân Phú Thạnh,Tan Phu Thanh
VN-28,Hậu Giang,Hau Giang,VNAP25-EBD5B74E1F,VNAP25-137D0E9C02,Thạnh Xuân,Thanh Xuan
VN-28,Hậu Giang,Hau Giang,VNAP25-277E5CF00B,VNAP25-137D0E9C02,Trường Long A,Truong Long A
VN-28,Hậu Giang,Hau Giang,VNAP25-EACA0429DA,VNAP25-137D0E9C02,Trường Long Tây,Truong Long Tay
VN-28,Hậu Giang,Hau Giang,VNAP25-58979A3067,,Long Mỹ (Thị xã),Long My (Town)
VN-28,Hậu Giang,Hau Giang,VNAP25-C8763B483F,VNAP25-58979A3067,Bình Thạnh,Binh Thanh
VN-28,Hậu Giang,Hau Giang,VNAP25-4AF5D7A5CC,VNAP25-58979A3067,Long Bình,Long Binh
VN-28,Hậu Giang,Hau Giang,VNAP25-61863696E1,VNAP25-58979A3067,Long Phú,Long Phu
VN-28,Hậu Giang,Hau Giang,VNAP25-71523A6FF1,VNAP25-58979A3067,Long Trị,Long Tri
VN-28,Hậu Giang,Hau Giang,VNAP25-EB10EC1873,VNAP25-58979A3067,Long Trị A,Long Tri A
VN-28,Hậu Giang,Hau Giang,VNAP25-FDCBFED4F0,VNAP25-58979A3067,Tân Phú,Tan Phu
VN-28,Hậu Giang,Hau Giang,VNAP25-35EDEBC728,VNAP25-58979A3067,Thuận An,Thuan An
VN-28,Hậu Giang,Hau Giang,VNAP25-4A3024FFCA,VNAP25-58979A3067,Trà Lồng,Tra Long
VN-28,Hậu Giang,Hau Giang,VNAP25-6F11698A00,VNAP25-58979A3067,Vĩnh Tường,Vinh Tuong
VN-28,Hậu Giang,Hau Giang,VNAP25-612DA6DBE7,,Long Mỹ (Huyện),Long My (District)
VN-28,Hậu Giang,Hau Giang,VNAP25-FE8333EC85,VNAP25-612DA6DBE7,Lương Nghĩa,Luong Nghia
VN-28,Hậu Giang,Hau Giang,VNAP25-7E786404FA,VNAP25-612DA6DBE7,Lương Tâm,Luong Tam
VN-28,Hậu Giang,Hau Giang,VNAP25-E970264F21,VNAP25-612DA6DBE7,Thuận Hòa,Thuan Hoa
VN-28,Hậu Giang,Hau Giang,VNAP25-E10E3F4943,VNAP25-612DA6DBE7,Thuận Hưng,Thuan Hung
VN-28,Hậu Giang,Hau Giang,VNAP25-D4D6E1B29C,VNAP25-612DA6DBE7,Vĩnh Thuận Đông,Vinh Thuan Dong
VN-28,Hậu Giang,Hau Giang,VNAP25-67AAF5313A,VNAP25-612DA6DBE7,Vĩnh Viễn,Vinh Vien
VN-28,Hậu Giang,Hau Giang,VNAP25-2742E84EE4,VNAP25-612DA6DBE7,Vĩnh Viễn A,Vinh Vien A
VN-28,Hậu Giang,Hau Giang,VNAP25-880E286442,VNAP25-612DA6DBE7,Xà Phiên,Xa Phien
VN-28,Hậu Giang,Hau Giang,VNAP25-963A944154,,Ngã Bảy,Nga Bay
VN-28,Hậu Giang,Hau Giang,VNAP25-2A79B385AA,VNAP25-963A944154,Đại Thành,Dai Thanh
VN-28,Hậu Giang,Hau Giang,VNAP25-AD258C8E99,VNAP25-963A944154,Hiệp Lợi,Hiep Loi
VN-28,Hậu Giang,Hau Giang,VNAP25-7487D9BC03,VNAP25-963A944154,Hiệp Thành,Hiep Thanh
VN-28,Hậu Giang,Hau Giang,VNAP25-B9E4D38FED,VNAP25-963A944154,Lái Hiếu,Lai Hieu
VN-28,Hậu Giang,Hau Giang,VNAP25-BF8A5D8137,VNAP25-963A944154,Ngã Bảy,Nga Bay
VN-28,Hậu Giang,Hau Giang,VNAP25-84C60BC350,VNAP25-963A944154,Tân Thành,Tan Thanh
VN-28,Hậu Giang,Hau Giang,VNAP25-37092BE11C,,Phụng Hiệp,Phung Hiep
VN-28,Hậu Giang,Hau Giang,VNAP25-5048F8A37F,VNAP25-37092BE11C,Bình Thành,Binh Thanh
VN-28,Hậu Giang,Hau Giang,VNAP25-D2A1716453,VNAP25-37092BE11C,Búng Tàu,Bung Tau
VN-28,Hậu Giang,Hau Giang,VNAP25-863954F2D0,VNAP25-37092BE11C,Cây Dương,Cay Duong
VN-28,Hậu Giang,Hau Giang,VNAP25-1ABE6B9422,VNAP25-37092BE11C,Hiệp Hưng,Hiep Hung
VN-28,Hậu Giang,Hau Giang,VNAP25-B7ACF23675,VNAP25-37092BE11C,Hòa An,Hoa An
VN-28,Hậu Giang,Hau Giang,VNAP25-33B6CB96B9,VNAP25-37092BE11C,Hòa Mỹ,Hoa My
VN-28,Hậu Giang,Hau Giang,VNAP25-EAEFBCFD7B,VNAP25-37092BE11C,Kinh Cùng,Kinh Cung
VN-28,Hậu Giang,Hau Giang,VNAP25-863E3391AC,VNAP25-37092BE11C,Long Thạnh,Long Thanh
VN-28,Hậu Giang,Hau Giang,VNAP25-153F802C39,VNAP25-37092BE11C,Phụng Hiệp,Phung Hiep
VN-28,Hậu Giang,Hau Giang,VNAP25-57835254AF,VNAP25-37092BE11C,Phương Bình,Phuong Binh
VN-28,Hậu Giang,Hau Giang,VNAP25-39E5F27529,VNAP25-37092BE11C,Phương Phú,Phuong Phu
VN-28,Hậu Giang,Hau Giang,VNAP25-B76BF21EFF,VNAP25-37092BE11C,Tân Bình,Tan Binh
VN-28,Hậu Giang,Hau Giang,VNAP25-C81CBAABED,VNAP25-37092BE11C,Tân Long,Tan Long
VN-28,Hậu Giang,Hau Giang,VNAP25-2B42251FFC,VNAP25-37092BE11C,Tân Phước Hưng,Tan Phuoc Hung
VN-28,Hậu Giang,Hau Giang,VNAP25-7150232FC4,VNAP25-37092BE11C,Thạnh Hòa,Thanh Hoa
VN-28,Hậu Giang,Hau Giang,VNAP25-C07686DF67,,Vị Thanh,Vi Thanh
VN-28,Hậu Giang,Hau Giang,VNAP25-6ABBC63BEE,VNAP25-C07686DF67,1,1
VN-28,Hậu Giang,Hau Giang,VNAP25-28473453BB,VNAP25-C07686DF67,3,3
VN-28,Hậu Giang,Hau Giang,VNAP25-AE0F0F898B,VNAP25-C07686DF67,4,4
VN-28,Hậu Giang,Hau Giang,VNAP25-7605D19E2F,VNAP25-C07686DF67,5,5
VN-28,Hậu Giang,Hau Giang,VNAP25-70DF616D63,VNAP25-C07686DF67,7,7
VN-28,Hậu Giang,Hau Giang,VNAP25-E3D6469327,VNAP25-C07686DF67,Hỏa Lựu,Hoa Luu
VN-28,Hậu Giang,Hau Giang,VNAP25-96C1BD40B5,VNAP25-C07686DF67,Hỏa Tiến,Hoa Tien
VN-28,Hậu Giang,Hau Giang,VNAP25-ED6A4D76B4,VNAP25-C07686DF67,Tân Tiến,Tan Tien
VN-28,Hậu Giang,Hau Giang,VNAP25-56A2DE1FF9,VNAP25-C07686DF67,Vị Tân,Vi Tan
VN-28,Hậu Giang,Hau Giang,VNAP25-7669F427A3,,Vị Thủy,Vi Thuy
VN-28,Hậu Giang,Hau Giang,VNAP25-5A4F3AFE4F,VNAP25-7669F427A3,Nàng Mau,Nang Mau
VN-28,Hậu Giang,Hau Giang,VNAP25-DBFF460688,VNAP25-7669F427A3,Vị Bình,Vi Binh
VN-28,Hậu Giang,Hau Giang,VNAP25-CF025495F9,VNAP25-7669F427A3,Vị Đông,Vi Dong
VN-28,Hậu Giang,Hau Giang,VNAP25-F2E728F07E,VNAP25-7669F427A3,Vị Thắng,Vi Thang
VN-28,Hậu Giang,Hau Giang,VNAP25-4D607F8A21,VNAP25-7669F427A3,Vị Thanh,Vi Thanh
VN-28,Hậu Giang,Hau Giang,VNAP25-F0489BB24B,VNAP25-7669F427A3,Vị Thủy,Vi Thuy
VN-28,Hậu Giang,Hau Giang,VNAP25-CDF528BD63,VNAP25-7669F427A3,Vị Trung,Vi Trung
VN-28,Hậu Giang,Hau Giang,VNAP25-388F06A727,VNAP25-7669F427A3,Vĩnh Thuận Tây,Vinh Thuan Tay
VN-28,Hậu Giang,Hau Giang,VNAP25-012BE20EB1,VNAP25-7669F427A3,Vĩnh Trung,Vinh Trung
VN-28,Hậu Giang,Hau Giang,VNAP25-BCBE9E3E92,VNAP25-7669F427A3,Vĩnh Tường,Vinh Tuong
VN-29,Hồ Chí Minh,Ho Chi Minh,VNAP25-E4CD61B544,,1,1
VN-29,Hồ Chí Minh,Ho Chi Minh,VNAP25-D0914A06E9,VNAP25-E4CD61B544,Bến Nghé,Ben Nghe
VN-29,Hồ Chí Minh,Ho Chi Minh,VNAP25-E41497A0C3,VNAP25-E4CD61B544,Bến Thành,Ben Thanh
VN-29,Hồ Chí Minh,Ho Chi Minh,VNAP25-8B7AE37B04,VNAP25-E4CD61B544,Cầu Kho,Cau Kho
VN-29,Hồ Chí Minh,Ho Chi Minh,VNAP25-2AD922CC42,VNAP25-E4CD61B544,Cầu Ông Lãnh,Cau Ong Lanh
VN-29,Hồ Chí Minh,Ho Chi Minh,VNAP25-AEE5E97E78,VNAP25-E4CD61B544,Cô Giang,Co Giang
VN-29,Hồ Chí Minh,Ho Chi Minh,VNAP25-4AD08CABC5,VNAP25-E4CD61B544,Đa Kao,Da Kao
VN-29,Hồ Chí Minh,Ho Chi Minh,VNAP25-899030FFAF,VNAP25-E4CD61B544,Nguyễn Cư Trinh,Nguyen Cu Trinh
VN-29,Hồ Chí Minh,Ho Chi Minh,VNAP25-34E9845EF0,VNAP25-E4CD61B544,Nguyễn Thái Bình,Nguyen Thai Binh
VN-29,Hồ Chí Minh,Ho Chi Minh,VNAP25-7091512BC7,VNAP25-E4CD61B544,Phạm Ngũ Lão,Pham Ngu Lao
VN-29,Hồ Chí Minh,Ho Chi Minh,VNAP25-9074A7F10E,VNAP25-E4CD61B544,Tân Định,Tan Dinh
VN-29,Hồ Chí Minh,Ho Chi Minh,VNAP25-64265D2C3D,,10,10
VN-29,Hồ Chí Minh,Ho Chi Minh,VNAP25-5CB6CECA26,VNAP25-64265D2C3D,1,1
VN-29,Hồ Chí Minh,Ho Chi Minh,VNAP25-8C5939F307,VNAP25-64265D2C3D,10,10
VN-29,Hồ Chí Minh,Ho Chi Minh,VNAP25-7EB912A051,VNAP25-64265D2C3D,12,12
VN-29,Hồ Chí Minh,Ho Chi Minh,VNAP25-B5572423BF,VNAP25-64265D2C3D,13,13
VN-29,Hồ Chí Minh,Ho Chi Minh,VNAP25-DAE70D76F9,VNAP25-64265D2C3D,14,14
VN-29,Hồ Chí Minh,Ho Chi Minh,VNAP25-A5B5778462,VNAP25-64265D2C3D,15,15
VN-29,Hồ Chí Minh,Ho Chi Minh,VNAP25-FD664DE2AB,VNAP25-64265D2C3D,2,2
VN-29,Hồ Chí Minh,Ho Chi Minh,VNAP25-C8B638297D,VNAP25-64265D2C3D,4,4
VN-29,Hồ Chí Minh,Ho Chi Minh,VNAP25-6858D8C777,VNAP25-64265D2C3D,6,6
VN-29,Hồ Chí Minh,Ho Chi Minh,VNAP25-88258C6A6B,VNAP25-64265D2C3D,8,8
VN-29,Hồ Chí Minh,Ho Chi Minh,VNAP25-17FDFDAE99,VNAP25-64265D2C3D,9,9
VN-29,Hồ Chí Minh,Ho Chi Minh,VNAP25-5BE9B40EEC,,11,11
VN-29,Hồ Chí Minh,Ho Chi Minh,VNAP25-E44EC26761,VNAP25-5BE9B40EEC,1,1
VN-29,Hồ Chí Minh,Ho Chi Minh,VNAP25-9E7679EEFB,VNAP25-5BE9B40EEC,10,10
VN-29,Hồ Chí Minh,Ho Chi Minh,VNAP25-75CB7E44E9,VNAP25-5BE9B40EEC,11,11
VN-29,Hồ Chí Minh,Ho Chi Minh,VNAP25-46E103A2C5,VNAP25-5BE9B40EEC,14,14
VN-29,Hồ Chí Minh,Ho Chi Minh,VNAP25-162B3B357B,VNAP25-5BE9B40EEC,15,15
VN-29,Hồ Chí Minh,Ho Chi Minh,VNAP25-070362CF5C,VNAP25-5BE9B40EEC,16,16
VN-29,Hồ Chí Minh,Ho Chi Minh,VNAP25-9C4031AC69,VNAP25-5BE9B40EEC,3,3
VN-29,Hồ Chí Minh,Ho Chi Minh,VNAP25-D4172CCA9E,VNAP25-5BE9B40EEC,5,5
VN-29,Hồ Chí Minh,Ho Chi Minh,VNAP25-6217656CEB,VNAP25-5BE9B40EEC,7,7
VN-29,Hồ Chí Minh,Ho Chi Minh,VNAP25-32597AFF15,VNAP25-5BE9B40EEC,8,8
VN-29,Hồ Chí Minh,Ho Chi Minh,VNAP25-EA3EE059E2,,12,12
VN-29,Hồ Chí Minh,Ho Chi Minh,VNAP25-AB347C7888,VNAP25-EA3EE059E2,An Phú Đông,An Phu Dong
VN-29,Hồ Chí Minh,Ho Chi Minh,VNAP25-2B0A395ABF,VNAP25-EA3EE059E2,Đông Hưng Thuận,Dong Hung Thuan
VN-29,Hồ Chí Minh,Ho Chi Minh,VNAP25-9D40A9DD5E,VNAP25-EA3EE059E2,Hiệp Thành,Hiep Thanh
VN-29,Hồ Chí Minh,Ho Chi Minh,VNAP25-396A0F492C,VNAP25-EA3EE059E2,Tân Chánh Hiệp,Tan Chanh Hiep
VN-29,Hồ Chí Minh,Ho Chi Minh,VNAP25-D46904274C,VNAP25-EA3EE059E2,Tân Hưng Thuận,Tan Hung Thuan
VN-29,Hồ Chí Minh,Ho Chi Minh,VNAP25-02BA085E7F,VNAP25-EA3EE059E2,Tân Thới Hiệp,Tan Thoi Hiep
VN-29,Hồ Chí Minh,Ho Chi Minh,VNAP25-C1B0907C68,VNAP25-EA3EE059E2,Tân Thới Nhất,Tan Thoi Nhat
VN-29,Hồ Chí Minh,Ho Chi Minh,VNAP25-8A847F9DDA,VNAP25-EA3EE059E2,Thạnh Lộc,Thanh Loc
VN-29,Hồ Chí Minh,Ho Chi Minh,VNAP25-483B3B89C0,VNAP25-EA3EE059E2,Thạnh Xuân,Thanh Xuan
VN-29,Hồ Chí Minh,Ho Chi Minh,VNAP25-992BF283E9,VNAP25-EA3EE059E2,Thới An,Thoi An
VN-29,Hồ Chí Minh,Ho Chi Minh,VNAP25-C66364850B,VNAP25-EA3EE059E2,Trung Mỹ Tây,Trung My Tay
VN-29,Hồ Chí Minh,Ho Chi Minh,VNAP25-6956157CC7,,3,3
VN-29,Hồ Chí Minh,Ho Chi Minh,VNAP25-575AAE2666,VNAP25-6956157CC7,1,1
VN-29,Hồ Chí Minh,Ho Chi Minh,VNAP25-7EE522DAEC,VNAP25-6956157CC7,11,11
VN-29,Hồ Chí Minh,Ho Chi Minh,VNAP25-7BD26A7E7F,VNAP25-6956157CC7,12,12
VN-29,Hồ Chí Minh,Ho Chi Minh,VNAP25-CC9082FC81,VNAP25-6956157CC7,14,14
VN-29,Hồ Chí Minh,Ho Chi Minh,VNAP25-BD181901D1,VNAP25-6956157CC7,2,2
VN-29,Hồ Chí Minh,Ho Chi Minh,VNAP25-BED258C808,VNAP25-6956157CC7,3,3
VN-29,Hồ Chí Minh,Ho Chi Minh,VNAP25-A1D25C26E1,VNAP25-6956157CC7,4,4
VN-29,Hồ Chí Minh,Ho Chi Minh,VNAP25-FAD84C1D17,VNAP25-6956157CC7,5,5
VN-29,Hồ Chí Minh,Ho Chi Minh,VNAP25-86BB566580,VNAP25-6956157CC7,9,9
VN-29,Hồ Chí Minh,Ho Chi Minh,VNAP25-525DB5457C,VNAP25-6956157CC7,Võ Thị Sáu,Vo Thi Sau
VN-29,Hồ Chí Minh,Ho Chi Minh,VNAP25-9689C34B90,,4,4
VN-29,Hồ Chí Minh,Ho Chi Minh,VNAP25-393BFAB7E5,VNAP25-9689C34B90,1,1
VN-29,Hồ Chí Minh,Ho Chi Minh,VNAP25-DCDDDB8315,VNAP25-9689C34B90,13,13
VN-29,Hồ Chí Minh,Ho Chi Minh,VNAP25-E68C57822D,VNAP25-9689C34B90,15,15
VN-29,Hồ Chí Minh,Ho Chi Minh,VNAP25-CB0B8F13A9,VNAP25-9689C34B90,16,16
VN-29,Hồ Chí Minh,Ho Chi Minh,VNAP25-FA947BA662,VNAP25-9689C34B90,18,18
VN-29,Hồ Chí Minh,Ho Chi Minh,VNAP25-F32E12FA84,VNAP25-9689C34B90,2,2
VN-29,Hồ Chí Minh,Ho Chi Minh,VNAP25-ACC214B9D8,VNAP25-9689C34B90,3,3
VN-29,Hồ Chí Minh,Ho Chi Minh,VNAP25-209D3A15F1,VNAP25-9689C34B90,4,4
VN-29,Hồ Chí Minh,Ho Chi Minh,VNAP25-BE9B1AD184,VNAP25-9689C34B90,8,8
VN-29,Hồ Chí Minh,Ho Chi Minh,VNAP25-BB17E52D6C,VNAP25-9689C34B90,9,9
VN-29,Hồ Chí Minh,Ho Chi Minh,VNAP25-398C54F825,,5,5
VN-29,Hồ Chí Minh,Ho Chi Minh,VNAP25-97C67AC9CA,VNAP25-398C54F825,1,1
VN-29,Hồ Chí Minh,Ho Chi Minh,VNAP25-2B9E7913BF,VNAP25-398C54F825,11,11
VN-29,Hồ Chí Minh,Ho Chi Minh,VNAP25-E39D1633A1,VNAP25-398C54F825,12,12
VN-29,Hồ Chí Minh,Ho Chi Minh,VNAP25-3C2AC86848,VNAP25-398C54F825,13,13
VN-29,Hồ Chí Minh,Ho Chi Minh,VNAP25-B7D1B6B213,VNAP25-398C54F825,14,14
VN-29,Hồ Chí Minh,Ho Chi Minh,VNAP25-C5769DDD91,VNAP25-398C54F825,2,2
VN-29,Hồ Chí Minh,Ho Chi Minh,VNAP25-E6FF7E1A42,VNAP25-398C54F825,4,4
VN-29,Hồ Chí Minh,Ho Chi Minh,VNAP25-6105EF1752,VNAP25-398C54F825,5,5
VN-29,Hồ Chí Minh,Ho Chi Minh,VNAP25-B49B163C90,VNAP25-398C54F825,7,7
VN-29,Hồ Chí Minh,Ho Chi Minh,VNAP25-768F19D60F,VNAP25-398C54F825,9,9
VN-29,Hồ Chí Minh,Ho Chi Minh,VNAP25-D7C9F93A0C,,6,6
VN-29,Hồ Chí Minh,Ho Chi Minh,VNAP25-604E9C9A3D,VNAP25-D7C9F93A0C,1,1
VN-29,Hồ Chí Minh,Ho Chi Minh,VNAP25-69260B1A9F,VNAP25-D7C9F93A0C,10,10
VN-29,Hồ Chí Minh,Ho Chi Minh,VNAP25-BC93BE2E85,VNAP25-D7C9F93A0C,11,11
VN-29,Hồ Chí Minh,Ho Chi Minh,VNAP25-F34B2FDF9D,VNAP25-D7C9F93A0C,12,12
VN-29,Hồ Chí Minh,Ho Chi Minh,VNAP25-051F179AF7,VNAP25-D7C9F93A0C,13,13
VN-29,Hồ Chí Minh,Ho Chi Minh,VNAP25-8312A817C3,VNAP25-D7C9F93A0C,14,14
VN-29,Hồ Chí Minh,Ho Chi Minh,VNAP25-B8EAC3EC2C,VNAP25-D7C9F93A0C,2,2
VN-29,Hồ Chí Minh,Ho Chi Minh,VNAP25-8A06067EF1,VNAP25-D7C9F93A0C,7,7
VN-29,Hồ Chí Minh,Ho Chi Minh,VNAP25-8A097C0244,VNAP25-D7C9F93A0C,8,8
VN-29,Hồ Chí Minh,Ho Chi Minh,VNAP25-EF4767B1E5,VNAP25-D7C9F93A0C,9,9
VN-29,Hồ Chí Minh,Ho Chi Minh,VNAP25-EC7F7F9430,,7,7
VN-29,Hồ Chí Minh,Ho Chi Minh,VNAP25-AB143D36C8,VNAP25-EC7F7F9430,Bình Thuận,Binh Thuan
VN-29,Hồ Chí Minh,Ho Chi Minh,VNAP25-38C326AC79,VNAP25-EC7F7F9430,Phú Mỹ,Phu My
VN-29,Hồ Chí Minh,Ho Chi Minh,VNAP25-BDC381C8AA,VNAP25-EC7F7F9430,Phú Thuận,Phu Thuan
VN-29,Hồ Chí Minh,Ho Chi Minh,VNAP25-D94432DCC7,VNAP25-EC7F7F9430,Tân Hưng,Tan Hung
VN-29,Hồ Chí Minh,Ho Chi Minh,VNAP25-C632372F4E,VNAP25-EC7F7F9430,Tân Kiểng,Tan Kieng
VN-29,Hồ Chí Minh,Ho Chi Minh,VNAP25-EABD237F4F,VNAP25-EC7F7F9430,Tân Phong,Tan Phong
VN-29,Hồ Chí Minh,Ho Chi Minh,VNAP25-DA14CDA915,VNAP25-EC7F7F9430,Tân Phú,Tan Phu
VN-29,Hồ Chí Minh,Ho Chi Minh,VNAP25-C95D304EDA,VNAP25-EC7F7F9430,Tân Quy,Tan Quy
VN-29,Hồ Chí Minh,Ho Chi Minh,VNAP25-34F6E70B48,VNAP25-EC7F7F9430,Tân Thuận Đông,Tan Thuan Dong
VN-29,Hồ Chí Minh,Ho Chi Minh,VNAP25-500BED99C7,VNAP25-EC7F7F9430,Tân Thuận Tây,Tan Thuan Tay
VN-29,Hồ Chí Minh,Ho Chi Minh,VNAP25-9C7098FFB5,,8,8
VN-29,Hồ Chí Minh,Ho Chi Minh,VNAP25-AD6656A6DC,VNAP25-9C7098FFB5,14,14
VN-29,Hồ Chí Minh,Ho Chi Minh,VNAP25-84EC15BCC4,VNAP25-9C7098FFB5,15,15
VN-29,Hồ Chí Minh,Ho Chi Minh,VNAP25-93EB77DAEB,VNAP25-9C7098FFB5,16,16
VN-29,Hồ Chí Minh,Ho Chi Minh,VNAP25-E2A78E518D,VNAP25-9C7098FFB5,4,4
VN-29,Hồ Chí Minh,Ho Chi Minh,VNAP25-A80CC4584D,VNAP25-9C7098FFB5,5,5
VN-29,Hồ Chí Minh,Ho Chi Minh,VNAP25-336DA6D52D,VNAP25-9C7098FFB5,6,6
VN-29,Hồ Chí Minh,Ho Chi Minh,VNAP25-120AFE707E,VNAP25-9C7098FFB5,7,7
VN-29,Hồ Chí Minh,Ho Chi Minh,VNAP25-EFB06B172E,VNAP25-9C7098FFB5,Hưng Phú,Hung Phu
VN-29,Hồ Chí Minh,Ho Chi Minh,VNAP25-7258433673,VNAP25-9C7098FFB5,Rạch Ông,Rach Ong
VN-29,Hồ Chí Minh,Ho Chi Minh,VNAP25-F7239C71CB,VNAP25-9C7098FFB5,Xóm Củi,Xom Cui
VN-29,Hồ Chí Minh,Ho Chi Minh,VNAP25-78EFE9A7F5,,Bình Chánh,Binh Chanh
VN-29,Hồ Chí Minh,Ho Chi Minh,VNAP25-3F8F81A4F4,VNAP25-78EFE9A7F5,An Phú Tây,An Phu Tay
VN-29,Hồ Chí Minh,Ho Chi Minh,VNAP25-B7EBC42A1C,VNAP25-78EFE9A7F5,Bình Chánh,Binh Chanh
VN-29,Hồ Chí Minh,Ho Chi Minh,VNAP25-85278D8B8A,VNAP25-78EFE9A7F5,Bình Hưng,Binh Hung
VN-29,Hồ Chí Minh,Ho Chi Minh,VNAP25-5CC025F5DB,VNAP25-78EFE9A7F5,Bình Lợi,Binh Loi
VN-29,Hồ Chí Minh,Ho Chi Minh,VNAP25-DA647233D1,VNAP25-78EFE9A7F5,Đa Phước,Da Phuoc
VN-29,Hồ Chí Minh,Ho Chi Minh,VNAP25-D5304E9741,VNAP25-78EFE9A7F5,Hưng Long,Hung Long
VN-29,Hồ Chí Minh,Ho Chi Minh,VNAP25-8E03BBB87B,VNAP25-78EFE9A7F5,Lê Minh Xuân,Le Minh Xuan
VN-29,Hồ Chí Minh,Ho Chi Minh,VNAP25-B7A47A5884,VNAP25-78EFE9A7F5,Phạm Văn Hai,Pham Van Hai
VN-29,Hồ Chí Minh,Ho Chi Minh,VNAP25-1CBE65C960,VNAP25-78EFE9A7F5,Phong Phú,Phong Phu
VN-29,Hồ Chí Minh,Ho Chi Minh,VNAP25-B1A06A3A12,VNAP25-78EFE9A7F5,Quy Đức,Quy Duc
VN-29,Hồ Chí Minh,Ho Chi Minh,VNAP25-F1D263F817,VNAP25-78EFE9A7F5,Tân Kiên,Tan Kien
VN-29,Hồ Chí Minh,Ho Chi Minh,VNAP25-3D9BA732A8,VNAP25-78EFE9A7F5,Tân Nhựt,Tan Nhut
VN-29,Hồ Chí Minh,Ho Chi Minh,VNAP25-5633E74C54,VNAP25-78EFE9A7F5,Tân Quý Tây,Tan Quy Tay
VN-29,Hồ Chí Minh,Ho Chi Minh,VNAP25-33859C68BA,VNAP25-78EFE9A7F5,Tân Túc,Tan Tuc
VN-29,Hồ Chí Minh,Ho Chi Minh,VNAP25-DDD7CE40C0,VNAP25-78EFE9A7F5,Vĩnh Lộc A,Vinh Loc A
VN-29,Hồ Chí Minh,Ho Chi Minh,VNAP25-E0BFEF4B9D,VNAP25-78EFE9A7F5,Vĩnh Lộc B,Vinh Loc B
VN-29,Hồ Chí Minh,Ho Chi Minh,VNAP25-16399BB430,,Bình Tân,Binh Tan
VN-29,Hồ Chí Minh,Ho Chi Minh,VNAP25-38481B3B3D,VNAP25-16399BB430,An Lạc,An Lac
VN-29,Hồ Chí Minh,Ho Chi Minh,VNAP25-8FBFB825CC,VNAP25-16399BB430,An Lạc A,An Lac A
VN-29,Hồ Chí Minh,Ho Chi Minh,VNAP25-55583BEDDF,VNAP25-16399BB430,Bình Hưng Hòa,Binh Hung Hoa
VN-29,Hồ Chí Minh,Ho Chi Minh,VNAP25-93B65C3D2E,VNAP25-16399BB430,Bình Hưng Hòa A,Binh Hung Hoa A
VN-29,Hồ Chí Minh,Ho Chi Minh,VNAP25-312D237F61,VNAP25-16399BB430,Bình Hưng Hòa B,Binh Hung Hoa B
VN-29,Hồ Chí Minh,Ho Chi Minh,VNAP25-AA9AE9A45E,VNAP25-16399BB430,Bình Trị Đông,Binh Tri Dong
VN-29,Hồ Chí Minh,Ho Chi Minh,VNAP25-75121B65CD,VNAP25-16399BB430,Bình Trị Đông A,Binh Tri Dong A
VN-29,Hồ Chí Minh,Ho Chi Minh,VNAP25-84688A429A,VNAP25-16399BB430,Bình Trị Đông B,Binh Tri Dong B
VN-29,Hồ Chí Minh,Ho Chi Minh,VNAP25-F67F32EBD8,VNAP25-16399BB430,Tân Tạo,Tan Tao
VN-29,Hồ Chí Minh,Ho Chi Minh,VNAP25-43503D58CA,VNAP25-16399BB430,Tân Tạo A,Tan Tao A
VN-29,Hồ Chí Minh,Ho Chi Minh,VNAP25-5BCD172AAA,,Bình Thạnh,Binh Thanh
VN-29,Hồ Chí Minh,Ho Chi Minh,VNAP25-DE367DB8D4,VNAP25-5BCD172AAA,1,1
VN-29,Hồ Chí Minh,Ho Chi Minh,VNAP25-58DDEE0E70,VNAP25-5BCD172AAA,11,11
VN-29,Hồ Chí Minh,Ho Chi Minh,VNAP25-BFF88BE26A,VNAP25-5BCD172AAA,12,12
VN-29,Hồ Chí Minh,Ho Chi Minh,VNAP25-90332C6319,VNAP25-5BCD172AAA,13,13
VN-29,Hồ Chí Minh,Ho Chi Minh,VNAP25-F351E3FD58,VNAP25-5BCD172AAA,14,14
VN-29,Hồ Chí Minh,Ho Chi Minh,VNAP25-DD3398B3AF,VNAP25-5BCD172AAA,17,17
VN-29,Hồ Chí Minh,Ho Chi Minh,VNAP25-8352962674,VNAP25-5BCD172AAA,19,19
VN-29,Hồ Chí Minh,Ho Chi Minh,VNAP25-980E8E15AD,VNAP25-5BCD172AAA,2,2
VN-29,Hồ Chí Minh,Ho Chi Minh,VNAP25-0983A5108D,VNAP25-5BCD172AAA,22,22
VN-29,Hồ Chí Minh,Ho Chi Minh,VNAP25-67F45041AC,VNAP25-5BCD172AAA,25,25
VN-29,Hồ Chí Minh,Ho Chi Minh,VNAP25-CF4B2FBA7B,VNAP25-5BCD172AAA,26,26
VN-29,Hồ Chí Minh,Ho Chi Minh,VNAP25-42D4CC38E9,VNAP25-5BCD172AAA,27,27
VN-29,Hồ Chí Minh,Ho Chi Minh,VNAP25-3F65360009,VNAP25-5BCD172AAA,28,28
VN-29,Hồ Chí Minh,Ho Chi Minh,VNAP25-2C69C11C72,VNAP25-5BCD172AAA,5,5
VN-29,Hồ Chí Minh,Ho Chi Minh,VNAP25-A98152B85F,VNAP25-5BCD172AAA,7,7
VN-29,Hồ Chí Minh,Ho Chi Minh,VNAP25-7C84385EDD,,Cần Giờ,Can Gio
VN-29,Hồ Chí Minh,Ho Chi Minh,VNAP25-400A35557C,VNAP25-7C84385EDD,An Thới Đông,An Thoi Dong
VN-29,Hồ Chí Minh,Ho Chi Minh,VNAP25-39E13F5A4C,VNAP25-7C84385EDD,Bình Khánh,Binh Khanh
VN-29,Hồ Chí Minh,Ho Chi Minh,VNAP25-2FF58CF1D6,VNAP25-7C84385EDD,Cần Thạnh,Can Thanh
VN-29,Hồ Chí Minh,Ho Chi Minh,VNAP25-F79DC55BAE,VNAP25-7C84385EDD,Long Hòa,Long Hoa
VN-29,Hồ Chí Minh,Ho Chi Minh,VNAP25-BB74123E51,VNAP25-7C84385EDD,Lý Nhơn,Ly Nhon
VN-29,Hồ Chí Minh,Ho Chi Minh,VNAP25-4F79923BD4,VNAP25-7C84385EDD,Tam Thôn Hiệp,Tam Thon Hiep
VN-29,Hồ Chí Minh,Ho Chi Minh,VNAP25-92BB422E2B,VNAP25-7C84385EDD,Thạnh An,Thanh An
VN-29,Hồ Chí Minh,Ho Chi Minh,VNAP25-B5C7DE5AB2,,Củ Chi,Cu Chi
VN-29,Hồ Chí Minh,Ho Chi Minh,VNAP25-A8BFEE4688,VNAP25-B5C7DE5AB2,An Nhơn Tây,An Nhon Tay
VN-29,Hồ Chí Minh,Ho Chi Minh,VNAP25-D56956058C,VNAP25-B5C7DE5AB2,An Phú,An Phu
VN-29,Hồ Chí Minh,Ho Chi Minh,VNAP25-CF89DBEF59,VNAP25-B5C7DE5AB2,Bình Mỹ,Binh My
VN-29,Hồ Chí Minh,Ho Chi Minh,VNAP25-5A27E77E7E,VNAP25-B5C7DE5AB2,Củ Chi,Cu Chi
VN-29,Hồ Chí Minh,Ho Chi Minh,VNAP25-DD50928DCD,VNAP25-B5C7DE5AB2,Hòa Phú,Hoa Phu
VN-29,Hồ Chí Minh,Ho Chi Minh,VNAP25-62BB1EB651,VNAP25-B5C7DE5AB2,Nhuận Đức,Nhuan Duc
VN-29,Hồ Chí Minh,Ho Chi Minh,VNAP25-A6D6FB3702,VNAP25-B5C7DE5AB2,Phạm Văn Cội,Pham Van Coi
VN-29,Hồ Chí Minh,Ho Chi Minh,VNAP25-C9E24A3C7B,VNAP25-B5C7DE5AB2,Phú Hòa Đông,Phu Hoa Dong
VN-29,Hồ Chí Minh,Ho Chi Minh,VNAP25-28EB1C3737,VNAP25-B5C7DE5AB2,Phú Mỹ Hưng,Phu My Hung
VN-29,Hồ Chí Minh,Ho Chi Minh,VNAP25-06CF71D8A2,VNAP25-B5C7DE5AB2,Phước Hiệp,Phuoc Hiep
VN-29,Hồ Chí Minh,Ho Chi Minh,VNAP25-C98E0BA041,VNAP25-B5C7DE5AB2,Phước Thạnh,Phuoc Thanh
VN-29,Hồ Chí Minh,Ho Chi Minh,VNAP25-D3CFFE86B5,VNAP25-B5C7DE5AB2,Phước Vĩnh An,Phuoc Vinh An
VN-29,Hồ Chí Minh,Ho Chi Minh,VNAP25-1C0CEE4C68,VNAP25-B5C7DE5AB2,Tân An Hội,Tan An Hoi
VN-29,Hồ Chí Minh,Ho Chi Minh,VNAP25-8311F315BC,VNAP25-B5C7DE5AB2,Tân Phú Trung,Tan Phu Trung
VN-29,Hồ Chí Minh,Ho Chi Minh,VNAP25-E93F04A8B1,VNAP25-B5C7DE5AB2,Tân Thạnh Đông,Tan Thanh Dong
VN-29,Hồ Chí Minh,Ho Chi Minh,VNAP25-ECBC1DA35C,VNAP25-B5C7DE5AB2,Tân Thạnh Tây,Tan Thanh Tay
VN-29,Hồ Chí Minh,Ho Chi Minh,VNAP25-CE42B1DECC,VNAP25-B5C7DE5AB2,Tân Thông Hội,Tan Thong Hoi
VN-29,Hồ Chí Minh,Ho Chi Minh,VNAP25-AAA9D2F09E,VNAP25-B5C7DE5AB2,Thái Mỹ,Thai My
VN-29,Hồ Chí Minh,Ho Chi Minh,VNAP25-1EBA819FDD,VNAP25-B5C7DE5AB2,Trung An,Trung An
VN-29,Hồ Chí Minh,Ho Chi Minh,VNAP25-7034B2E2CF,VNAP25-B5C7DE5AB2,Trung Lập Hạ,Trung Lap Ha
VN-29,Hồ Chí Minh,Ho Chi Minh,VNAP25-B4B40423F1,VNAP25-B5C7DE5AB2,Trung Lập Thượng,Trung Lap Thuong
VN-29,Hồ Chí Minh,Ho Chi Minh,VNAP25-F34EA669BB,,Gò Vấp,Go Vap
VN-29,Hồ Chí Minh,Ho Chi Minh,VNAP25-263251EABA,VNAP25-F34EA669BB,1,1
VN-29,Hồ Chí Minh,Ho Chi Minh,VNAP25-DD80A745E3,VNAP25-F34EA669BB,10,10
VN-29,Hồ Chí Minh,Ho Chi Minh,VNAP25-4C61C3C8A8,VNAP25-F34EA669BB,11,11
VN-29,Hồ Chí Minh,Ho Chi Minh,VNAP25-87840333DE,VNAP25-F34EA669BB,12,12
VN-29,Hồ Chí Minh,Ho Chi Minh,VNAP25-D9D3DDFF78,VNAP25-F34EA669BB,14,14
VN-29,Hồ Chí Minh,Ho Chi Minh,VNAP25-579A64F458,VNAP25-F34EA669BB,15,15
VN-29,Hồ Chí Minh,Ho Chi Minh,VNAP25-B8D873BEA0,VNAP25-F34EA669BB,16,16
VN-29,Hồ Chí Minh,Ho Chi Minh,VNAP25-5C91FAF97D,VNAP25-F34EA669BB,17,17
VN-29,Hồ Chí Minh,Ho Chi Minh,VNAP25-C93C06C843,VNAP25-F34EA669BB,3,3
VN-29,Hồ Chí Minh,Ho Chi Minh,VNAP25-6E1E83CC13,VNAP25-F34EA669BB,5,5
VN-29,Hồ Chí Minh,Ho Chi Minh,VNAP25-40D11971F1,VNAP25-F34EA669BB,6,6
VN-29,Hồ Chí Minh,Ho Chi Minh,VNAP25-4953759166,VNAP25-F34EA669BB,8,8
VN-29,Hồ Chí Minh,Ho Chi Minh,VNAP25-35C259E176,,Hóc Môn,Hoc Mon
VN-29,Hồ Chí Minh,Ho Chi Minh,VNAP25-8234E0D5BF,VNAP25-35C259E176,Bà Điểm,Ba Diem
VN-29,Hồ Chí Minh,Ho Chi Minh,VNAP25-39A12AA92A,VNAP25-35C259E176,Đông Thạnh,Dong Thanh
VN-29,Hồ Chí Minh,Ho Chi Minh,VNAP25-E47F237EBB,VNAP25-35C259E176,Hóc Môn,Hoc Mon
VN-29,Hồ Chí Minh,Ho Chi Minh,VNAP25-3EDED4DFBD,VNAP25-35C259E176,Nhị Bình,Nhi Binh
VN-29,Hồ Chí Minh,Ho Chi Minh,VNAP25-F7F6B947A8,VNAP25-35C259E176,Tân Hiệp,Tan Hiep
VN-29,Hồ Chí Minh,Ho Chi Minh,VNAP25-243457A65C,VNAP25-35C259E176,Tân Thới Nhì,Tan Thoi Nhi
VN-29,Hồ Chí Minh,Ho Chi Minh,VNAP25-AC8B4F5613,VNAP25-35C259E176,Tân Xuân,Tan Xuan
VN-29,Hồ Chí Minh,Ho Chi Minh,VNAP25-8614F799BA,VNAP25-35C259E176,Thới Tam Thôn,Thoi Tam Thon
VN-29,Hồ Chí Minh,Ho Chi Minh,VNAP25-45FBA5A09C,VNAP25-35C259E176,Trung Chánh,Trung Chanh
VN-29,Hồ Chí Minh,Ho Chi Minh,VNAP25-3DA4DE5FD1,VNAP25-35C259E176,Xuân Thới Đông,Xuan Thoi Dong
VN-29,Hồ Chí Minh,Ho Chi Minh,VNAP25-5FA9AABE25,VNAP25-35C259E176,Xuân Thới Sơn,Xuan Thoi Son
VN-29,Hồ Chí Minh,Ho Chi Minh,VNAP25-0A38F4B450,VNAP25-35C259E176,Xuân Thới Thượng,Xuan Thoi Thuong
VN-29,Hồ Chí Minh,Ho Chi Minh,VNAP25-ABE354DBE1,,Nhà Bè,Nha Be
VN-29,Hồ Chí Minh,Ho Chi Minh,VNAP25-87F8704C5B,VNAP25-ABE354DBE1,Hiệp Phước,Hiep Phuoc
VN-29,Hồ Chí Minh,Ho Chi Minh,VNAP25-927A5DD198,VNAP25-ABE354DBE1,Long Thới,Long Thoi
VN-29,Hồ Chí Minh,Ho Chi Minh,VNAP25-35545F0163,VNAP25-ABE354DBE1,Nhà Bè,Nha Be
VN-29,Hồ Chí Minh,Ho Chi Minh,VNAP25-8FD86AD0C8,VNAP25-ABE354DBE1,Nhơn Đức,Nhon Duc
VN-29,Hồ Chí Minh,Ho Chi Minh,VNAP25-E545F55886,VNAP25-ABE354DBE1,Phú Xuân,Phu Xuan
VN-29,Hồ Chí Minh,Ho Chi Minh,VNAP25-007E486226,VNAP25-ABE354DBE1,Phước Kiển,Phuoc Kien
VN-29,Hồ Chí Minh,Ho Chi Minh,VNAP25-6A9FED1090,VNAP25-ABE354DBE1,Phước Lộc,Phuoc Loc
VN-29,Hồ Chí Minh,Ho Chi Minh,VNAP25-9342DAD32D,,Phú Nhuận,Phu Nhuan
VN-29,Hồ Chí Minh,Ho Chi Minh,VNAP25-1921506BC7,VNAP25-9342DAD32D,1,1
VN-29,Hồ Chí Minh,Ho Chi Minh,VNAP25-87F1D93AB0,VNAP25-9342DAD32D,10,10
VN-29,Hồ Chí Minh,Ho Chi Minh,VNAP25-4E1B827184,VNAP25-9342DAD32D,11,11
VN-29,Hồ Chí Minh,Ho Chi Minh,VNAP25-C329C3BE0C,VNAP25-9342DAD32D,13,13
VN-29,Hồ Chí Minh,Ho Chi Minh,VNAP25-ED670695E8,VNAP25-9342DAD32D,15,15
VN-29,Hồ Chí Minh,Ho Chi Minh,VNAP25-037B6746DC,VNAP25-9342DAD32D,2,2
VN-29,Hồ Chí Minh,Ho Chi Minh,VNAP25-048B6EA28B,VNAP25-9342DAD32D,4,4
VN-29,Hồ Chí Minh,Ho Chi Minh,VNAP25-51F5FE757A,VNAP25-9342DAD32D,5,5
VN-29,Hồ Chí Minh,Ho Chi Minh,VNAP25-C315F194BB,VNAP25-9342DAD32D,7,7
VN-29,Hồ Chí Minh,Ho Chi Minh,VNAP25-43EF805D6F,VNAP25-9342DAD32D,8,8
VN-29,Hồ Chí Minh,Ho Chi Minh,VNAP25-773A2DE730,VNAP25-9342DAD32D,9,9
VN-29,Hồ Chí Minh,Ho Chi Minh,VNAP25-40DFCB5D03,,Tân Bình,Tan Binh
VN-29,Hồ Chí Minh,Ho Chi Minh,VNAP25-6220019D03,VNAP25-40DFCB5D03,1,1
VN-29,Hồ Chí Minh,Ho Chi Minh,VNAP25-50E33007B9,VNAP25-40DFCB5D03,10,10
VN-29,Hồ Chí Minh,Ho Chi Minh,VNAP25-DDD3C40D41,VNAP25-40DFCB5D03,11,11
VN-29,Hồ Chí Minh,Ho Chi Minh,VNAP25-17E82FCA74,VNAP25-40DFCB5D03,12,12
VN-29,Hồ Chí Minh,Ho Chi Minh,VNAP25-82F3605DE1,VNAP25-40DFCB5D03,13,13
VN-29,Hồ Chí Minh,Ho Chi Minh,VNAP25-D5AAFF9699,VNAP25-40DFCB5D03,14,14
VN-29,Hồ Chí Minh,Ho Chi Minh,VNAP25-04C6F4A437,VNAP25-40DFCB5D03,15,15
VN-29,Hồ Chí Minh,Ho Chi Minh,VNAP25-F9DD19BFDF,VNAP25-40DFCB5D03,2,2
VN-29,Hồ Chí Minh,Ho Chi Minh,VNAP25-252507C4DF,VNAP25-40DFCB5D03,3,3
VN-29,Hồ Chí Minh,Ho Chi Minh,VNAP25-3D1CDC1C24,VNAP25-40DFCB5D03,4,4
VN-29,Hồ Chí Minh,Ho Chi Minh,VNAP25-59099B6FF7,VNAP25-40DFCB5D03,5,5
VN-29,Hồ Chí Minh,Ho Chi Minh,VNAP25-6490D87E5F,VNAP25-40DFCB5D03,6,6
VN-29,Hồ Chí Minh,Ho Chi Minh,VNAP25-CC018F92BE,VNAP25-40DFCB5D03,7,7
VN-29,Hồ Chí Minh,Ho Chi Minh,VNAP25-D5D56E012A,VNAP25-40DFCB5D03,8,8
VN-29,Hồ Chí Minh,Ho Chi Minh,VNAP25-FEF0367396,VNAP25-40DFCB5D03,9,9
VN-29,Hồ Chí Minh,Ho Chi Minh,VNAP25-2539E3F1AA,,Tân Phú,Tan Phu
VN-29,Hồ Chí Minh,Ho Chi Minh,VNAP25-8481729E20,VNAP25-2539E3F1AA,Hiệp Tân,Hiep Tan
VN-29,Hồ Chí Minh,Ho Chi Minh,VNAP25-8775B8FE81,VNAP25-2539E3F1AA,Hòa Thạnh,Hoa Thanh
VN-29,Hồ Chí Minh,Ho Chi Minh,VNAP25-3FF9D68FB9,VNAP25-2539E3F1AA,Phú Thạnh,Phu Thanh
VN-29,Hồ Chí Minh,Ho Chi Minh,VNAP25-648D540195,VNAP25-2539E3F1AA,Phú Thọ Hòa,Phu Tho Hoa
VN-29,Hồ Chí Minh,Ho Chi Minh,VNAP25-93BEA86D62,VNAP25-2539E3F1AA,Phú Trung,Phu Trung
VN-29,Hồ Chí Minh,Ho Chi Minh,VNAP25-BE5D5F5CAD,VNAP25-2539E3F1AA,Sơn Kỳ,Son Ky
VN-29,Hồ Chí Minh,Ho Chi Minh,VNAP25-BFF38E1260,VNAP25-2539E3F1AA,Tân Quý,Tan Quy
VN-29,Hồ Chí Minh,Ho Chi Minh,VNAP25-B6D88440AE,VNAP25-2539E3F1AA,Tân Sơn Nhì,Tan Son Nhi
VN-29,Hồ Chí Minh,Ho Chi Minh,VNAP25-306541A3F3,VNAP25-2539E3F1AA,Tân Thành,Tan Thanh
VN-29,Hồ Chí Minh,Ho Chi Minh,VNAP25-DBCA2A456B,VNAP25-2539E3F1AA,Tân Thới Hòa,Tan Thoi Hoa
VN-29,Hồ Chí Minh,Ho Chi Minh,VNAP25-3557547DE9,VNAP25-2539E3F1AA,Tây Thạnh,Tay Thanh
VN-29,Hồ Chí Minh,Ho Chi Minh,VNAP25-13B1C90F31,,Thủ Đức,Thu Duc
VN-29,Hồ Chí Minh,Ho Chi Minh,VNAP25-518FA64803,VNAP25-13B1C90F31,An Khánh,An Khanh
VN-29,Hồ Chí Minh,Ho Chi Minh,VNAP25-36051C1CDE,VNAP25-13B1C90F31,An Lợi Đông,An Loi Dong
VN-29,Hồ Chí Minh,Ho Chi Minh,VNAP25-5878360A6B,VNAP25-13B1C90F31,An Phú,An Phu
VN-29,Hồ Chí Minh,Ho Chi Minh,VNAP25-5408304924,VNAP25-13B1C90F31,Bình Chiểu,Binh Chieu
VN-29,Hồ Chí Minh,Ho Chi Minh,VNAP25-A66D41B344,VNAP25-13B1C90F31,Bình Thọ,Binh Tho
VN-29,Hồ Chí Minh,Ho Chi Minh,VNAP25-5FA4793336,VNAP25-13B1C90F31,Bình Trưng Đông,Binh Trung Dong
VN-29,Hồ Chí Minh,Ho Chi Minh,VNAP25-0CCD4FDE7D,VNAP25-13B1C90F31,Bình Trưng Tây,Binh Trung Tay
VN-29,Hồ Chí Minh,Ho Chi Minh,VNAP25-B407E12E89,VNAP25-13B1C90F31,Cát Lái,Cat Lai
VN-29,Hồ Chí Minh,Ho Chi Minh,VNAP25-EB56C3B1E8,VNAP25-13B1C90F31,Hiệp Bình Chánh,Hiep Binh Chanh
VN-29,Hồ Chí Minh,Ho Chi Minh,VNAP25-81759DA88C,VNAP25-13B1C90F31,Hiệp Bình Phước,Hiep Binh Phuoc
VN-29,Hồ Chí Minh,Ho Chi Minh,VNAP25-3720DCA19C,VNAP25-13B1C90F31,Hiệp Phú,Hiep Phu
VN-29,Hồ Chí Minh,Ho Chi Minh,VNAP25-796B430232,VNAP25-13B1C90F31,Linh Chiểu,Linh Chieu
VN-29,Hồ Chí Minh,Ho Chi Minh,VNAP25-C39049F34E,VNAP25-13B1C90F31,Linh Đông,Linh Dong
VN-29,Hồ Chí Minh,Ho Chi Minh,VNAP25-0D1EFF400D,VNAP25-13B1C90F31,Linh Tây,Linh Tay
VN-29,Hồ Chí Minh,Ho Chi Minh,VNAP25-BBEC868689,VNAP25-13B1C90F31,Linh Trung,Linh Trung
VN-29,Hồ Chí Minh,Ho Chi Minh,VNAP25-010E3BB8BD,VNAP25-13B1C90F31,Linh Xuân,Linh Xuan
VN-29,Hồ Chí Minh,Ho Chi Minh,VNAP25-7C3EE8A660,VNAP25-13B1C90F31,Long Bình,Long Binh
VN-29,Hồ Chí Minh,Ho Chi Minh,VNAP25-CCC3FBB69E,VNAP25-13B1C90F31,Long Phước,Long Phuoc
VN-29,Hồ Chí Minh,Ho Chi Minh,VNAP25-D6E5ECE062,VNAP25-13B1C90F31,Long Thạnh Mỹ,Long Thanh My
VN-29,Hồ Chí Minh,Ho Chi Minh,VNAP25-4DB3FFD28F,VNAP25-13B1C90F31,Long Trường,Long Truong
VN-29,Hồ Chí Minh,Ho Chi Minh,VNAP25-FB1035BE05,VNAP25-13B1C90F31,Phú Hữu,Phu Huu
VN-29,Hồ Chí Minh,Ho Chi Minh,VNAP25-F08A0AF63A,VNAP25-13B1C90F31,Phước Bình,Phuoc Binh
VN-29,Hồ Chí Minh,Ho Chi Minh,VNAP25-2DFEAEB69B,VNAP25-13B1C90F31,Phước Long A,Phuoc Long A
VN-29,Hồ Chí Minh,Ho Chi Minh,VNAP25-800805718C,VNAP25-13B1C90F31,Phước Long B,Phuoc Long B
VN-29,Hồ Chí Minh,Ho Chi Minh,VNAP25-E200A2F86E,VNAP25-13B1C90F31,Tam Bình,Tam Binh
VN-29,Hồ Chí Minh,Ho Chi Minh,VNAP25-8C9C004129,VNAP25-13B1C90F31,Tam Phú,Tam Phu
VN-29,Hồ Chí Minh,Ho Chi Minh,VNAP25-B282FBF150,VNAP25-13B1C90F31,Tân Phú,Tan Phu
VN-29,Hồ Chí Minh,Ho Chi Minh,VNAP25-8C0BFEC36E,VNAP25-13B1C90F31,Tăng Nhơn Phú A,Tang Nhon Phu A
VN-29,Hồ Chí Minh,Ho Chi Minh,VNAP25-0D2525A41A,VNAP25-13B1C90F31,Tăng Nhơn Phú B,Tang Nhon Phu B
VN-29,Hồ Chí Minh,Ho Chi Minh,VNAP25-E8236744D5,VNAP25-13B1C90F31,Thạnh Mỹ Lợi,Thanh My Loi
VN-29,Hồ Chí Minh,Ho Chi Minh,VNAP25-98BC12CDD4,VNAP25-13B1C90F31,Thảo Điền,Thao Dien
VN-29,Hồ Chí Minh,Ho Chi Minh,VNAP25-B7C41150A7,VNAP25-13B1C90F31,Thủ Thiêm,Thu Thiem
VN-29,Hồ Chí Minh,Ho Chi Minh,VNAP25-22B2AC08CE,VNAP25-13B1C90F31,Trường Thạnh,Truong Thanh
VN-29,Hồ Chí Minh,Ho Chi Minh,VNAP25-BA177B97A2,VNAP25-13B1C90F31,Trường Thọ,Truong Tho
VN-30,Hòa Bình,Hoa Binh,VNAP25-408975529D,,Cao Phong,Cao Phong
VN-30,Hòa Bình,Hoa Binh,VNAP25-EE9D05C0F2,VNAP25-408975529D,Bắc Phong,Bac Phong
VN-30,Hòa Bình,Hoa Binh,VNAP25-243019F5D0,VNAP25-408975529D,Bình Thanh,Binh Thanh
VN-30,Hòa Bình,Hoa Binh,VNAP25-DF4ECA6B5A,VNAP25-408975529D,Cao Phong,Cao Phong
VN-30,Hòa Bình,Hoa Binh,VNAP25-A2B2BDB763,VNAP25-408975529D,Dũng Phong,Dung Phong
VN-30,Hòa Bình,Hoa Binh,VNAP25-3A08ECDEAC,VNAP25-408975529D,Hợp Phong,Hop Phong
VN-30,Hòa Bình,Hoa Binh,VNAP25-4C74FAA4AD,VNAP25-408975529D,Nam Phong,Nam Phong
VN-30,Hòa Bình,Hoa Binh,VNAP25-14909856F8,VNAP25-408975529D,Tây Phong,Tay Phong
VN-30,Hòa Bình,Hoa Binh,VNAP25-508379D517,VNAP25-408975529D,Thạch Yên,Thach Yen
VN-30,Hòa Bình,Hoa Binh,VNAP25-030CC4B5AF,VNAP25-408975529D,Thu Phong,Thu Phong
VN-30,Hòa Bình,Hoa Binh,VNAP25-F5280D4F25,VNAP25-408975529D,Thung Nai,Thung Nai
VN-30,Hòa Bình,Hoa Binh,VNAP25-A518FFDC2D,,Đà Bắc,Da Bac
VN-30,Hòa Bình,Hoa Binh,VNAP25-20860E0124,VNAP25-A518FFDC2D,Cao Sơn,Cao Son
VN-30,Hòa Bình,Hoa Binh,VNAP25-1C5686F279,VNAP25-A518FFDC2D,Đà Bắc,Da Bac
VN-30,Hòa Bình,Hoa Binh,VNAP25-F38BF2C804,VNAP25-A518FFDC2D,Đoàn Kết,Doan Ket
VN-30,Hòa Bình,Hoa Binh,VNAP25-1FB594B60A,VNAP25-A518FFDC2D,Đồng Chum,Dong Chum
VN-30,Hòa Bình,Hoa Binh,VNAP25-B13318990E,VNAP25-A518FFDC2D,Đồng Ruộng,Dong Ruong
VN-30,Hòa Bình,Hoa Binh,VNAP25-2379477733,VNAP25-A518FFDC2D,Giáp Đắt,Giap Dat
VN-30,Hòa Bình,Hoa Binh,VNAP25-428FC741EB,VNAP25-A518FFDC2D,Hiền Lương,Hien Luong
VN-30,Hòa Bình,Hoa Binh,VNAP25-077ED161AE,VNAP25-A518FFDC2D,Mường Chiềng,Muong Chieng
VN-30,Hòa Bình,Hoa Binh,VNAP25-1335702A10,VNAP25-A518FFDC2D,Nánh Nghê,Nanh Nghe
VN-30,Hòa Bình,Hoa Binh,VNAP25-F953E3F159,VNAP25-A518FFDC2D,Tân Minh,Tan Minh
VN-30,Hòa Bình,Hoa Binh,VNAP25-07035728EC,VNAP25-A518FFDC2D,Tân Pheo,Tan Pheo
VN-30,Hòa Bình,Hoa Binh,VNAP25-3CF51D8548,VNAP25-A518FFDC2D,Tiền Phong,Tien Phong
VN-30,Hòa Bình,Hoa Binh,VNAP25-38132E6D1B,VNAP25-A518FFDC2D,Toàn Sơn,Toan Son
VN-30,Hòa Bình,Hoa Binh,VNAP25-FEFE30CC5B,VNAP25-A518FFDC2D,Trung Thành,Trung Thanh
VN-30,Hòa Bình,Hoa Binh,VNAP25-202D285381,VNAP25-A518FFDC2D,Tú Lý,Tu Ly
VN-30,Hòa Bình,Hoa Binh,VNAP25-AE01AE2AA2,VNAP25-A518FFDC2D,Vầy Nưa,Vay Nua
VN-30,Hòa Bình,Hoa Binh,VNAP25-F31D7CE5D1,VNAP25-A518FFDC2D,Yên Hòa,Yen Hoa
VN-30,Hòa Bình,Hoa Binh,VNAP25-F373A81B7F,,Hòa Bình,Hoa Binh
VN-30,Hòa Bình,Hoa Binh,VNAP25-F461648E21,VNAP25-F373A81B7F,Dân Chủ,Dan Chu
VN-30,Hòa Bình,Hoa Binh,VNAP25-93545E420A,VNAP25-F373A81B7F,Độc Lập,Doc Lap
VN-30,Hòa Bình,Hoa Binh,VNAP25-F3D16B6B23,VNAP25-F373A81B7F,Đồng Tiến,Dong Tien
VN-30,Hòa Bình,Hoa Binh,VNAP25-1C39AD4EB4,VNAP25-F373A81B7F,Hòa Bình,Hoa Binh
VN-30,Hòa Bình,Hoa Binh,VNAP25-2CFDE59B20,VNAP25-F373A81B7F,Hợp Thành,Hop Thanh
VN-30,Hòa Bình,Hoa Binh,VNAP25-33E0D7F814,VNAP25-F373A81B7F,Hữu Nghị,Huu Nghi
VN-30,Hòa Bình,Hoa Binh,VNAP25-BA5AD33BE6,VNAP25-F373A81B7F,Kỳ Sơn,Ky Son
VN-30,Hòa Bình,Hoa Binh,VNAP25-F000ADB293,VNAP25-F373A81B7F,Mông Hóa,Mong Hoa
VN-30,Hòa Bình,Hoa Binh,VNAP25-162CBC7E3D,VNAP25-F373A81B7F,Phương Lâm,Phuong Lam
VN-30,Hòa Bình,Hoa Binh,VNAP25-5438D50544,VNAP25-F373A81B7F,Quang Tiến,Quang Tien
VN-30,Hòa Bình,Hoa Binh,VNAP25-1CD2C5261F,VNAP25-F373A81B7F,Quỳnh Lâm,Quynh Lam
VN-30,Hòa Bình,Hoa Binh,VNAP25-55DADB131E,VNAP25-F373A81B7F,Tân Hòa,Tan Hoa
VN-30,Hòa Bình,Hoa Binh,VNAP25-2B240169E4,VNAP25-F373A81B7F,Tân Thịnh,Tan Thinh
VN-30,Hòa Bình,Hoa Binh,VNAP25-FB4B49F2D2,VNAP25-F373A81B7F,Thái Bình,Thai Binh
VN-30,Hòa Bình,Hoa Binh,VNAP25-47FB3C09BD,VNAP25-F373A81B7F,Thịnh Lang,Thinh Lang
VN-30,Hòa Bình,Hoa Binh,VNAP25-A8811FEED7,VNAP25-F373A81B7F,Thịnh Minh,Thinh Minh
VN-30,Hòa Bình,Hoa Binh,VNAP25-3540F46200,VNAP25-F373A81B7F,Thống Nhất,Thong Nhat
VN-30,Hòa Bình,Hoa Binh,VNAP25-EF8C250978,VNAP25-F373A81B7F,Trung Minh,Trung Minh
VN-30,Hòa Bình,Hoa Binh,VNAP25-5C888777A1,VNAP25-F373A81B7F,Yên Mông,Yen Mong
VN-30,Hòa Bình,Hoa Binh,VNAP25-67847972D0,,Kim Bôi,Kim Boi
VN-30,Hòa Bình,Hoa Binh,VNAP25-F7AF29FADB,VNAP25-67847972D0,Bình Sơn,Binh Son
VN-30,Hòa Bình,Hoa Binh,VNAP25-E804E5171E,VNAP25-67847972D0,Bo,Bo
VN-30,Hòa Bình,Hoa Binh,VNAP25-ED5764D7AC,VNAP25-67847972D0,Cuối Hạ,Cuoi Ha
VN-30,Hòa Bình,Hoa Binh,VNAP25-9841FD4A27,VNAP25-67847972D0,Đông Bắc,Dong Bac
VN-30,Hòa Bình,Hoa Binh,VNAP25-C0EB1EA1D6,VNAP25-67847972D0,Đú Sáng,Du Sang
VN-30,Hòa Bình,Hoa Binh,VNAP25-326B51A97A,VNAP25-67847972D0,Hợp Tiến,Hop Tien
VN-30,Hòa Bình,Hoa Binh,VNAP25-F3D413F77C,VNAP25-67847972D0,Hùng Sơn,Hung Son
VN-30,Hòa Bình,Hoa Binh,VNAP25-8ECDD8AA03,VNAP25-67847972D0,Kim Bôi,Kim Boi
VN-30,Hòa Bình,Hoa Binh,VNAP25-4EF6D509EF,VNAP25-67847972D0,Kim Lập,Kim Lap
VN-30,Hòa Bình,Hoa Binh,VNAP25-2F9C30A52B,VNAP25-67847972D0,Mi Hòa,Mi Hoa
VN-30,Hòa Bình,Hoa Binh,VNAP25-375FDDBCDB,VNAP25-67847972D0,Nam Thượng,Nam Thuong
VN-30,Hòa Bình,Hoa Binh,VNAP25-C672FE8266,VNAP25-67847972D0,Nuông Dăm,Nuong Dam
VN-30,Hòa Bình,Hoa Binh,VNAP25-4010A496D9,VNAP25-67847972D0,Sào Báy,Sao Bay
VN-30,Hòa Bình,Hoa Binh,VNAP25-5DE02F4218,VNAP25-67847972D0,Tú Sơn,Tu Son
VN-30,Hòa Bình,Hoa Binh,VNAP25-ECB2C00B88,VNAP25-67847972D0,Vĩnh Đồng,Vinh Dong
VN-30,Hòa Bình,Hoa Binh,VNAP25-75196887E7,VNAP25-67847972D0,Vĩnh Tiến,Vinh Tien
VN-30,Hòa Bình,Hoa Binh,VNAP25-44D90691D3,VNAP25-67847972D0,Xuân Thủy,Xuan Thuy
VN-30,Hòa Bình,Hoa Binh,VNAP25-529511A391,,Lạc Sơn,Lac Son
VN-30,Hòa Bình,Hoa Binh,VNAP25-0B8BD37366,VNAP25-529511A391,Ân Nghĩa,An Nghia
VN-30,Hòa Bình,Hoa Binh,VNAP25-8EEDE7546D,VNAP25-529511A391,Bình Hẻm,Binh Hem
VN-30,Hòa Bình,Hoa Binh,VNAP25-EB856CD4A2,VNAP25-529511A391,Chí Đạo,Chi Dao
VN-30,Hòa Bình,Hoa Binh,VNAP25-860F9C1E92,VNAP25-529511A391,Định Cư,Dinh Cu
VN-30,Hòa Bình,Hoa Binh,VNAP25-0F3D974A4D,VNAP25-529511A391,Hương Nhượng,Huong Nhuong
VN-30,Hòa Bình,Hoa Binh,VNAP25-79C3ABDF74,VNAP25-529511A391,Miền Đồi,Mien Doi
VN-30,Hòa Bình,Hoa Binh,VNAP25-D089756DCC,VNAP25-529511A391,Mỹ Thành,My Thanh
VN-30,Hòa Bình,Hoa Binh,VNAP25-271AB0CDCA,VNAP25-529511A391,Ngọc Lâu,Ngoc Lau
VN-30,Hòa Bình,Hoa Binh,VNAP25-59E9184FB3,VNAP25-529511A391,Ngọc Sơn,Ngoc Son
VN-30,Hòa Bình,Hoa Binh,VNAP25-D6F6E125AB,VNAP25-529511A391,Nhân Nghĩa,Nhan Nghia
VN-30,Hòa Bình,Hoa Binh,VNAP25-A8610C2CDF,VNAP25-529511A391,Quý Hòa,Quy Hoa
VN-30,Hòa Bình,Hoa Binh,VNAP25-1953217E1B,VNAP25-529511A391,Quyết Thắng,Quyet Thang
VN-30,Hòa Bình,Hoa Binh,VNAP25-B046DC855C,VNAP25-529511A391,Tân Lập,Tan Lap
VN-30,Hòa Bình,Hoa Binh,VNAP25-6F4D0A5D7F,VNAP25-529511A391,Tân Mỹ,Tan My
VN-30,Hòa Bình,Hoa Binh,VNAP25-C03003FE5F,VNAP25-529511A391,Thượng Cốc,Thuong Coc
VN-30,Hòa Bình,Hoa Binh,VNAP25-2886C83D29,VNAP25-529511A391,Tự Do,Tu Do
VN-30,Hòa Bình,Hoa Binh,VNAP25-2C84AB45E2,VNAP25-529511A391,Tuân Đạo,Tuan Dao
VN-30,Hòa Bình,Hoa Binh,VNAP25-E77847198C,VNAP25-529511A391,Văn Nghĩa,Van Nghia
VN-30,Hòa Bình,Hoa Binh,VNAP25-1BE68D84E9,VNAP25-529511A391,Văn Sơn,Van Son
VN-30,Hòa Bình,Hoa Binh,VNAP25-C541120D5E,VNAP25-529511A391,Vụ Bản,Vu Ban
VN-30,Hòa Bình,Hoa Binh,VNAP25-ED52F1DBDB,VNAP25-529511A391,Vũ Bình,Vu Binh
VN-30,Hòa Bình,Hoa Binh,VNAP25-9C0BF3C12B,VNAP25-529511A391,Xuất Hóa,Xuat Hoa
VN-30,Hòa Bình,Hoa Binh,VNAP25-C2CD697960,VNAP25-529511A391,Yên Nghiệp,Yen Nghiep
VN-30,Hòa Bình,Hoa Binh,VNAP25-ED39366CCC,VNAP25-529511A391,Yên Phú,Yen Phu
VN-30,Hòa Bình,Hoa Binh,VNAP25-8A6A3977D3,,Lạc Thủy,Lac Thuy
VN-30,Hòa Bình,Hoa Binh,VNAP25-CF33BA7CC1,VNAP25-8A6A3977D3,An Bình,An Binh
VN-30,Hòa Bình,Hoa Binh,VNAP25-A8D66F97AB,VNAP25-8A6A3977D3,Ba Hàng Đồi,Ba Hang Doi
VN-30,Hòa Bình,Hoa Binh,VNAP25-4350F36BF1,VNAP25-8A6A3977D3,Chi Nê,Chi Ne
VN-30,Hòa Bình,Hoa Binh,VNAP25-9DE045AB53,VNAP25-8A6A3977D3,Đồng Tâm,Dong Tam
VN-30,Hòa Bình,Hoa Binh,VNAP25-C563A9782B,VNAP25-8A6A3977D3,Hưng Thi,Hung Thi
VN-30,Hòa Bình,Hoa Binh,VNAP25-9FCE093535,VNAP25-8A6A3977D3,Khoan Dụ,Khoan Du
VN-30,Hòa Bình,Hoa Binh,VNAP25-294EA062A3,VNAP25-8A6A3977D3,Phú Nghĩa,Phu Nghia
VN-30,Hòa Bình,Hoa Binh,VNAP25-2FA1357476,VNAP25-8A6A3977D3,Phú Thành,Phu Thanh
VN-30,Hòa Bình,Hoa Binh,VNAP25-9A8E6D2E42,VNAP25-8A6A3977D3,Thống Nhất,Thong Nhat
VN-30,Hòa Bình,Hoa Binh,VNAP25-5DE8D576B7,VNAP25-8A6A3977D3,Yên Bồng,Yen Bong
VN-30,Hòa Bình,Hoa Binh,VNAP25-A1C542B77E,,Lương Sơn,Luong Son
VN-30,Hòa Bình,Hoa Binh,VNAP25-49DBF6F761,VNAP25-A1C542B77E,Cao Dương,Cao Duong
VN-30,Hòa Bình,Hoa Binh,VNAP25-9FA5FDFC6F,VNAP25-A1C542B77E,Cao Sơn,Cao Son
VN-30,Hòa Bình,Hoa Binh,VNAP25-E2CD271C0F,VNAP25-A1C542B77E,Cư Yên,Cu Yen
VN-30,Hòa Bình,Hoa Binh,VNAP25-CA2EA41CE3,VNAP25-A1C542B77E,Hòa Sơn,Hoa Son
VN-30,Hòa Bình,Hoa Binh,VNAP25-71D1B23A35,VNAP25-A1C542B77E,Lâm Sơn,Lam Son
VN-30,Hòa Bình,Hoa Binh,VNAP25-B16B9A68CD,VNAP25-A1C542B77E,Liên Sơn,Lien Son
VN-30,Hòa Bình,Hoa Binh,VNAP25-609CF3DC7E,VNAP25-A1C542B77E,Lương Sơn,Luong Son
VN-30,Hòa Bình,Hoa Binh,VNAP25-591F335437,VNAP25-A1C542B77E,Nhuận Trạch,Nhuan Trach
VN-30,Hòa Bình,Hoa Binh,VNAP25-9E5EB43B83,VNAP25-A1C542B77E,Tân Vinh,Tan Vinh
VN-30,Hòa Bình,Hoa Binh,VNAP25-CACECA76F8,VNAP25-A1C542B77E,Thanh Cao,Thanh Cao
VN-30,Hòa Bình,Hoa Binh,VNAP25-D0E6663983,VNAP25-A1C542B77E,Thanh Sơn,Thanh Son
VN-30,Hòa Bình,Hoa Binh,VNAP25-750D710741,,Mai Châu,Mai Chau
VN-30,Hòa Bình,Hoa Binh,VNAP25-3F049CA6C6,VNAP25-750D710741,Bao La,Bao La
VN-30,Hòa Bình,Hoa Binh,VNAP25-A1FAF8F88F,VNAP25-750D710741,Chiềng Châu,Chieng Chau
VN-30,Hòa Bình,Hoa Binh,VNAP25-939BABEABF,VNAP25-750D710741,Cun Pheo,Cun Pheo
VN-30,Hòa Bình,Hoa Binh,VNAP25-CB51A109C4,VNAP25-750D710741,Đồng Tân,Dong Tan
VN-30,Hòa Bình,Hoa Binh,VNAP25-313FB41869,VNAP25-750D710741,Hang Kia,Hang Kia
VN-30,Hòa Bình,Hoa Binh,VNAP25-71E3DCC42E,VNAP25-750D710741,Mai Châu,Mai Chau
VN-30,Hòa Bình,Hoa Binh,VNAP25-F982BFA04C,VNAP25-750D710741,Mai Hạ,Mai Ha
VN-30,Hòa Bình,Hoa Binh,VNAP25-F35D943F23,VNAP25-750D710741,Mai Hịch,Mai Hich
VN-30,Hòa Bình,Hoa Binh,VNAP25-BD5279FAC8,VNAP25-750D710741,Nà Phòn,Na Phon
VN-30,Hòa Bình,Hoa Binh,VNAP25-3F693197F1,VNAP25-750D710741,Pà Cò,Pa Co
VN-30,Hòa Bình,Hoa Binh,VNAP25-D645E19B5F,VNAP25-750D710741,Săm Khóe,Sam Khoe
VN-30,Hòa Bình,Hoa Binh,VNAP25-1F195A77BD,VNAP25-750D710741,Sơn Thủy,Son Thuy
VN-30,Hòa Bình,Hoa Binh,VNAP25-1E32CB1E5D,VNAP25-750D710741,Tân Thành,Tan Thanh
VN-30,Hòa Bình,Hoa Binh,VNAP25-3C4CBDD1AD,VNAP25-750D710741,Thành Sơn,Thanh Son
VN-30,Hòa Bình,Hoa Binh,VNAP25-EE3C268619,VNAP25-750D710741,Tòng Đậu,Tong Dau
VN-30,Hòa Bình,Hoa Binh,VNAP25-3AA25D82E1,VNAP25-750D710741,Vạn Mai,Van Mai
VN-30,Hòa Bình,Hoa Binh,VNAP25-0EE157D749,,Tân Lạc,Tan Lac
VN-30,Hòa Bình,Hoa Binh,VNAP25-DB09A05115,VNAP25-0EE157D749,Đông Lai,Dong Lai
VN-30,Hòa Bình,Hoa Binh,VNAP25-22FC785A09,VNAP25-0EE157D749,Gia Mô,Gia Mo
VN-30,Hòa Bình,Hoa Binh,VNAP25-79089C31F4,VNAP25-0EE157D749,Lỗ Sơn,Lo Son
VN-30,Hòa Bình,Hoa Binh,VNAP25-9947B41D1B,VNAP25-0EE157D749,Mãn Đức,Man Duc
VN-30,Hòa Bình,Hoa Binh,VNAP25-2AFA555220,VNAP25-0EE157D749,Mỹ Hòa,My Hoa
VN-30,Hòa Bình,Hoa Binh,VNAP25-90A6712D7A,VNAP25-0EE157D749,Ngổ Luông,Ngo Luong
VN-30,Hòa Bình,Hoa Binh,VNAP25-72B77EC11F,VNAP25-0EE157D749,Ngọc Mỹ,Ngoc My
VN-30,Hòa Bình,Hoa Binh,VNAP25-B85D76F888,VNAP25-0EE157D749,Nhân Mỹ,Nhan My
VN-30,Hòa Bình,Hoa Binh,VNAP25-5E3A1D8409,VNAP25-0EE157D749,Phong Phú,Phong Phu
VN-30,Hòa Bình,Hoa Binh,VNAP25-CF20F864F5,VNAP25-0EE157D749,Phú Cường,Phu Cuong
VN-30,Hòa Bình,Hoa Binh,VNAP25-49B13FD95C,VNAP25-0EE157D749,Phú Vinh,Phu Vinh
VN-30,Hòa Bình,Hoa Binh,VNAP25-985DA34C1B,VNAP25-0EE157D749,Quyết Chiến,Quyet Chien
VN-30,Hòa Bình,Hoa Binh,VNAP25-00F8A698FA,VNAP25-0EE157D749,Suối Hoa,Suoi Hoa
VN-30,Hòa Bình,Hoa Binh,VNAP25-742DA87C08,VNAP25-0EE157D749,Thanh Hối,Thanh Hoi
VN-30,Hòa Bình,Hoa Binh,VNAP25-38289E8256,VNAP25-0EE157D749,Tử Nê,Tu Ne
VN-30,Hòa Bình,Hoa Binh,VNAP25-76109BA634,VNAP25-0EE157D749,Vân Sơn,Van Son
VN-30,Hòa Bình,Hoa Binh,VNAP25-C3686A7368,,Yên Thủy,Yen Thuy
VN-30,Hòa Bình,Hoa Binh,VNAP25-A6586B46C7,VNAP25-C3686A7368,Bảo Hiệu,Bao Hieu
VN-30,Hòa Bình,Hoa Binh,VNAP25-1F5D65D9DC,VNAP25-C3686A7368,Đa Phúc,Da Phuc
VN-30,Hòa Bình,Hoa Binh,VNAP25-21A3B59596,VNAP25-C3686A7368,Đoàn Kết,Doan Ket
VN-30,Hòa Bình,Hoa Binh,VNAP25-6FDF2C422D,VNAP25-C3686A7368,Hàng Trạm,Hang Tram
VN-30,Hòa Bình,Hoa Binh,VNAP25-B91FB12763,VNAP25-C3686A7368,Hữu Lợi,Huu Loi
VN-30,Hòa Bình,Hoa Binh,VNAP25-6E8ED8A89E,VNAP25-C3686A7368,Lạc Lương,Lac Luong
VN-30,Hòa Bình,Hoa Binh,VNAP25-D960E5309E,VNAP25-C3686A7368,Lạc Sỹ,Lac Sy
VN-30,Hòa Bình,Hoa Binh,VNAP25-575EC6FC1A,VNAP25-C3686A7368,Lạc Thịnh,Lac Thinh
VN-30,Hòa Bình,Hoa Binh,VNAP25-0B16F0E03F,VNAP25-C3686A7368,Ngọc Lương,Ngoc Luong
VN-30,Hòa Bình,Hoa Binh,VNAP25-64632C5E83,VNAP25-C3686A7368,Phú Lai,Phu Lai
VN-30,Hòa Bình,Hoa Binh,VNAP25-8C9F099D86,VNAP25-C3686A7368,Yên Trị,Yen Tri
VN-31,Hưng Yên,Hung Yen,VNAP25-D36B9B2846,,Ân Thi,An Thi
VN-31,Hưng Yên,Hung Yen,VNAP25-8DFEAE7542,VNAP25-D36B9B2846,Ân Thi,An Thi
VN-31,Hưng Yên,Hung Yen,VNAP25-01B19DD6CF,VNAP25-D36B9B2846,Bắc Sơn,Bac Son
VN-31,Hưng Yên,Hung Yen,VNAP25-5651D8061D,VNAP25-D36B9B2846,Bãi Sậy,Bai Say
VN-31,Hưng Yên,Hung Yen,VNAP25-153AA2FE7B,VNAP25-D36B9B2846,Cẩm Ninh,Cam Ninh
VN-31,Hưng Yên,Hung Yen,VNAP25-FACBAA58AF,VNAP25-D36B9B2846,Đa Lộc,Da Loc
VN-31,Hưng Yên,Hung Yen,VNAP25-9E3AE2F602,VNAP25-D36B9B2846,Đặng Lễ,Dang Le
VN-31,Hưng Yên,Hung Yen,VNAP25-C8950E99EB,VNAP25-D36B9B2846,Đào Dương,Dao Duong
VN-31,Hưng Yên,Hung Yen,VNAP25-DFAB5D9864,VNAP25-D36B9B2846,Hạ Lễ,Ha Le
VN-31,Hưng Yên,Hung Yen,VNAP25-9F168FF9CA,VNAP25-D36B9B2846,Hồ Tùng Mậu,Ho Tung Mau
VN-31,Hưng Yên,Hung Yen,VNAP25-380DE699ED,VNAP25-D36B9B2846,Hoàng Hoa Thám,Hoang Hoa Tham
VN-31,Hưng Yên,Hung Yen,VNAP25-4A050F47E9,VNAP25-D36B9B2846,Hồng Quang,Hong Quang
VN-31,Hưng Yên,Hung Yen,VNAP25-90D55D082E,VNAP25-D36B9B2846,Nguyễn Trãi,Nguyen Trai
VN-31,Hưng Yên,Hung Yen,VNAP25-5BFDC4D18F,VNAP25-D36B9B2846,Phù Ủng,Phu Ung
VN-31,Hưng Yên,Hung Yen,VNAP25-EB4C7F2A36,VNAP25-D36B9B2846,Quảng Lãng,Quang Lang
VN-31,Hưng Yên,Hung Yen,VNAP25-B0484E2032,VNAP25-D36B9B2846,Quang Vinh,Quang Vinh
VN-31,Hưng Yên,Hung Yen,VNAP25-CBC5DD92B1,VNAP25-D36B9B2846,Tiền Phong,Tien Phong
VN-31,Hưng Yên,Hung Yen,VNAP25-8D16F0B9A2,VNAP25-D36B9B2846,Vân Du,Van Du
VN-31,Hưng Yên,Hung Yen,VNAP25-B55706D7E7,VNAP25-D36B9B2846,Xuân Trúc,Xuan Truc
VN-31,Hưng Yên,Hung Yen,VNAP25-A7EC306DFA,,Hưng Yên,Hung Yen
VN-31,Hưng Yên,Hung Yen,VNAP25-CC2E8940E1,VNAP25-A7EC306DFA,An Tảo,An Tao
VN-31,Hưng Yên,Hung Yen,VNAP25-A34DBEB149,VNAP25-A7EC306DFA,Bảo Khê,Bao Khe
VN-31,Hưng Yên,Hung Yen,VNAP25-30129BDA34,VNAP25-A7EC306DFA,Hiến Nam,Hien Nam
VN-31,Hưng Yên,Hung Yen,VNAP25-BFC54AE5B8,VNAP25-A7EC306DFA,Hoàng Hanh,Hoang Hanh
VN-31,Hưng Yên,Hung Yen,VNAP25-58D50ADBE2,VNAP25-A7EC306DFA,Hồng Châu,Hong Chau
VN-31,Hưng Yên,Hung Yen,VNAP25-238C2C827A,VNAP25-A7EC306DFA,Hùng Cường,Hung Cuong
VN-31,Hưng Yên,Hung Yen,VNAP25-CFE4EA3767,VNAP25-A7EC306DFA,Lam Sơn,Lam Son
VN-31,Hưng Yên,Hung Yen,VNAP25-735868D961,VNAP25-A7EC306DFA,Lê Lợi,Le Loi
VN-31,Hưng Yên,Hung Yen,VNAP25-79C208687D,VNAP25-A7EC306DFA,Liên Phương,Lien Phuong
VN-31,Hưng Yên,Hung Yen,VNAP25-CC229B08BC,VNAP25-A7EC306DFA,Minh Khai,Minh Khai
VN-31,Hưng Yên,Hung Yen,VNAP25-4FE0EE9F10,VNAP25-A7EC306DFA,Phú Cường,Phu Cuong
VN-31,Hưng Yên,Hung Yen,VNAP25-61AFBF5021,VNAP25-A7EC306DFA,Phương Nam,Phuong Nam
VN-31,Hưng Yên,Hung Yen,VNAP25-7898240DC6,VNAP25-A7EC306DFA,Quảng Châu,Quang Chau
VN-31,Hưng Yên,Hung Yen,VNAP25-A75F2611FA,VNAP25-A7EC306DFA,Tân Hưng,Tan Hung
VN-31,Hưng Yên,Hung Yen,VNAP25-5D5D2E3BDA,VNAP25-A7EC306DFA,Trung Nghĩa,Trung Nghia
VN-31,Hưng Yên,Hung Yen,VNAP25-D1D5F8C949,,Khoái Châu,Khoai Chau
VN-31,Hưng Yên,Hung Yen,VNAP25-4FF46D2528,VNAP25-D1D5F8C949,An Vĩ,An Vi
VN-31,Hưng Yên,Hung Yen,VNAP25-06148D80C7,VNAP25-D1D5F8C949,Bình Minh,Binh Minh
VN-31,Hưng Yên,Hung Yen,VNAP25-8BC2750E93,VNAP25-D1D5F8C949,Chí Minh,Chi Minh
VN-31,Hưng Yên,Hung Yen,VNAP25-C2ABB8C6E7,VNAP25-D1D5F8C949,Đại Tập,Dai Tap
VN-31,Hưng Yên,Hung Yen,VNAP25-2987CFB258,VNAP25-D1D5F8C949,Dân Tiến,Dan Tien
VN-31,Hưng Yên,Hung Yen,VNAP25-5685346D12,VNAP25-D1D5F8C949,Đông Kết,Dong Ket
VN-31,Hưng Yên,Hung Yen,VNAP25-D3EE67D3AD,VNAP25-D1D5F8C949,Đông Ninh,Dong Ninh
VN-31,Hưng Yên,Hung Yen,VNAP25-3C1AA14DEA,VNAP25-D1D5F8C949,Đông Tảo,Dong Tao
VN-31,Hưng Yên,Hung Yen,VNAP25-12697E3A3A,VNAP25-D1D5F8C949,Đồng Tiến,Dong Tien
VN-31,Hưng Yên,Hung Yen,VNAP25-E11D164084,VNAP25-D1D5F8C949,Khoái Châu,Khoai Chau
VN-31,Hưng Yên,Hung Yen,VNAP25-EC47E3D7CB,VNAP25-D1D5F8C949,Liên Khê,Lien Khe
VN-31,Hưng Yên,Hung Yen,VNAP25-7E4213FE38,VNAP25-D1D5F8C949,Nguyễn Huệ,Nguyen Hue
VN-31,Hưng Yên,Hung Yen,VNAP25-314157A315,VNAP25-D1D5F8C949,Ông Đình,Ong Dinh
VN-31,Hưng Yên,Hung Yen,VNAP25-08938859A8,VNAP25-D1D5F8C949,Phạm Hồng Thái,Pham Hong Thai
VN-31,Hưng Yên,Hung Yen,VNAP25-DCA243893D,VNAP25-D1D5F8C949,Phùng Hưng,Phung Hung
VN-31,Hưng Yên,Hung Yen,VNAP25-F48119AE14,VNAP25-D1D5F8C949,Tân Châu,Tan Chau
VN-31,Hưng Yên,Hung Yen,VNAP25-A35AF31F24,VNAP25-D1D5F8C949,Tân Dân,Tan Dan
VN-31,Hưng Yên,Hung Yen,VNAP25-27C99371DE,VNAP25-D1D5F8C949,Thuần Hưng,Thuan Hung
VN-31,Hưng Yên,Hung Yen,VNAP25-99D8E03342,VNAP25-D1D5F8C949,Tứ Dân,Tu Dan
VN-31,Hưng Yên,Hung Yen,VNAP25-00DA0BE30F,VNAP25-D1D5F8C949,Việt Hòa,Viet Hoa
VN-31,Hưng Yên,Hung Yen,VNAP25-A89E5F7A94,,Kim Động,Kim Dong
VN-31,Hưng Yên,Hung Yen,VNAP25-DE82CE39B9,VNAP25-A89E5F7A94,Chính Nghĩa,Chinh Nghia
VN-31,Hưng Yên,Hung Yen,VNAP25-15B0C316B4,VNAP25-A89E5F7A94,Diên Hồng,Dien Hong
VN-31,Hưng Yên,Hung Yen,VNAP25-892A442725,VNAP25-A89E5F7A94,Đồng Thanh,Dong Thanh
VN-31,Hưng Yên,Hung Yen,VNAP25-89C897D613,VNAP25-A89E5F7A94,Đức Hợp,Duc Hop
VN-31,Hưng Yên,Hung Yen,VNAP25-D1B310903C,VNAP25-A89E5F7A94,Hiệp Cường,Hiep Cuong
VN-31,Hưng Yên,Hung Yen,VNAP25-C8DDFF59E0,VNAP25-A89E5F7A94,Hùng An,Hung An
VN-31,Hưng Yên,Hung Yen,VNAP25-0719B0F260,VNAP25-A89E5F7A94,Lương Bằng,Luong Bang
VN-31,Hưng Yên,Hung Yen,VNAP25-4823C9ED16,VNAP25-A89E5F7A94,Mai Động,Mai Dong
VN-31,Hưng Yên,Hung Yen,VNAP25-54D0505DE2,VNAP25-A89E5F7A94,Nghĩa Dân,Nghia Dan
VN-31,Hưng Yên,Hung Yen,VNAP25-5E3EED12CA,VNAP25-A89E5F7A94,Ngọc Thanh,Ngoc Thanh
VN-31,Hưng Yên,Hung Yen,VNAP25-20F35B62ED,VNAP25-A89E5F7A94,Phạm Ngũ Lão,Pham Ngu Lao
VN-31,Hưng Yên,Hung Yen,VNAP25-4F63BC57E7,VNAP25-A89E5F7A94,Phú Thọ,Phu Tho
VN-31,Hưng Yên,Hung Yen,VNAP25-60521DACF1,VNAP25-A89E5F7A94,Song Mai,Song Mai
VN-31,Hưng Yên,Hung Yen,VNAP25-4EFF31DE1F,VNAP25-A89E5F7A94,Toàn Thắng,Toan Thang
VN-31,Hưng Yên,Hung Yen,VNAP25-6E0AACA454,VNAP25-A89E5F7A94,Vĩnh Xá,Vinh Xa
VN-31,Hưng Yên,Hung Yen,VNAP25-08CE6C69BE,,Mỹ Hào,My Hao
VN-31,Hưng Yên,Hung Yen,VNAP25-9B782BEC92,VNAP25-08CE6C69BE,Bạch Sam,Bach Sam
VN-31,Hưng Yên,Hung Yen,VNAP25-E47FA15DEF,VNAP25-08CE6C69BE,Bần Yên Nhân,Ban Yen Nhan
VN-31,Hưng Yên,Hung Yen,VNAP25-EF82B3AAA9,VNAP25-08CE6C69BE,Cẩm Xá,Cam Xa
VN-31,Hưng Yên,Hung Yen,VNAP25-83A60832DC,VNAP25-08CE6C69BE,Dị Sử,Di Su
VN-31,Hưng Yên,Hung Yen,VNAP25-B0C73DEA50,VNAP25-08CE6C69BE,Dương Quang,Duong Quang
VN-31,Hưng Yên,Hung Yen,VNAP25-B30E934813,VNAP25-08CE6C69BE,Hòa Phong,Hoa Phong
VN-31,Hưng Yên,Hung Yen,VNAP25-B36E443035,VNAP25-08CE6C69BE,Hưng Long,Hung Long
VN-31,Hưng Yên,Hung Yen,VNAP25-7C9106761C,VNAP25-08CE6C69BE,Minh Đức,Minh Duc
VN-31,Hưng Yên,Hung Yen,VNAP25-3CBB01EFCC,VNAP25-08CE6C69BE,Ngọc Lâm,Ngoc Lam
VN-31,Hưng Yên,Hung Yen,VNAP25-90A280760A,VNAP25-08CE6C69BE,Nhân Hòa,Nhan Hoa
VN-31,Hưng Yên,Hung Yen,VNAP25-6B9556C593,VNAP25-08CE6C69BE,Phan Đình Phùng,Phan Dinh Phung
VN-31,Hưng Yên,Hung Yen,VNAP25-AC82A3766F,VNAP25-08CE6C69BE,Phùng Chí Kiên,Phung Chi Kien
VN-31,Hưng Yên,Hung Yen,VNAP25-10C2012090,VNAP25-08CE6C69BE,Xuân Dục,Xuan Duc
VN-31,Hưng Yên,Hung Yen,VNAP25-270CAE3A26,,Phù Cừ,Phu Cu
VN-31,Hưng Yên,Hung Yen,VNAP25-6E141D6271,VNAP25-270CAE3A26,Đình Cao,Dinh Cao
VN-31,Hưng Yên,Hung Yen,VNAP25-A198665B3E,VNAP25-270CAE3A26,Đoàn Đào,Doan Dao
VN-31,Hưng Yên,Hung Yen,VNAP25-D687ADF12E,VNAP25-270CAE3A26,Minh Hoàng,Minh Hoang
VN-31,Hưng Yên,Hung Yen,VNAP25-329E658B8E,VNAP25-270CAE3A26,Minh Tân,Minh Tan
VN-31,Hưng Yên,Hung Yen,VNAP25-7083A0FA8A,VNAP25-270CAE3A26,Nguyên Hòa,Nguyen Hoa
VN-31,Hưng Yên,Hung Yen,VNAP25-28A28A3FFE,VNAP25-270CAE3A26,Nhật Quang,Nhat Quang
VN-31,Hưng Yên,Hung Yen,VNAP25-B558E0445F,VNAP25-270CAE3A26,Phan Sào Nam,Phan Sao Nam
VN-31,Hưng Yên,Hung Yen,VNAP25-00F8D29DD4,VNAP25-270CAE3A26,Quang Hưng,Quang Hung
VN-31,Hưng Yên,Hung Yen,VNAP25-8A2DAA3596,VNAP25-270CAE3A26,Tam Đa,Tam Da
VN-31,Hưng Yên,Hung Yen,VNAP25-1ECB7C1C29,VNAP25-270CAE3A26,Tiên Tiến,Tien Tien
VN-31,Hưng Yên,Hung Yen,VNAP25-F8AE734FB1,VNAP25-270CAE3A26,Tống Phan,Tong Phan
VN-31,Hưng Yên,Hung Yen,VNAP25-EF4DD92FB7,VNAP25-270CAE3A26,Tống Trân,Tong Tran
VN-31,Hưng Yên,Hung Yen,VNAP25-D5A6F1F9AD,VNAP25-270CAE3A26,Trần Cao,Tran Cao
VN-31,Hưng Yên,Hung Yen,VNAP25-1BA430128C,,Tiên Lữ,Tien Lu
VN-31,Hưng Yên,Hung Yen,VNAP25-B7ACD9F77B,VNAP25-1BA430128C,An Viên,An Vien
VN-31,Hưng Yên,Hung Yen,VNAP25-1D6A5A5016,VNAP25-1BA430128C,Cương Chính,Cuong Chinh
VN-31,Hưng Yên,Hung Yen,VNAP25-1FDE1E618D,VNAP25-1BA430128C,Hải Thắng,Hai Thang
VN-31,Hưng Yên,Hung Yen,VNAP25-3AEEEE4944,VNAP25-1BA430128C,Hưng Đạo,Hung Dao
VN-31,Hưng Yên,Hung Yen,VNAP25-56345F962B,VNAP25-1BA430128C,Lệ Xá,Le Xa
VN-31,Hưng Yên,Hung Yen,VNAP25-919CF2F668,VNAP25-1BA430128C,Nhật Tân,Nhat Tan
VN-31,Hưng Yên,Hung Yen,VNAP25-EC691E1903,VNAP25-1BA430128C,Thiện Phiến,Thien Phien
VN-31,Hưng Yên,Hung Yen,VNAP25-2EE2BA6459,VNAP25-1BA430128C,Thủ Sỹ,Thu Sy
VN-31,Hưng Yên,Hung Yen,VNAP25-A43DB4A4D1,VNAP25-1BA430128C,Thụy Lôi,Thuy Loi
VN-31,Hưng Yên,Hung Yen,VNAP25-66F05987EA,VNAP25-1BA430128C,Trung Dũng,Trung Dung
VN-31,Hưng Yên,Hung Yen,VNAP25-2C01DEEF74,VNAP25-1BA430128C,Vương,Vuong
VN-31,Hưng Yên,Hung Yen,VNAP25-310B8FAA0B,,Văn Giang,Van Giang
VN-31,Hưng Yên,Hung Yen,VNAP25-5D2AEB2256,VNAP25-310B8FAA0B,Cửu Cao,Cuu Cao
VN-31,Hưng Yên,Hung Yen,VNAP25-21FA164E19,VNAP25-310B8FAA0B,Liên Nghĩa,Lien Nghia
VN-31,Hưng Yên,Hung Yen,VNAP25-3114B838E0,VNAP25-310B8FAA0B,Long Hưng,Long Hung
VN-31,Hưng Yên,Hung Yen,VNAP25-EC83457B58,VNAP25-310B8FAA0B,Mễ Sở,Me So
VN-31,Hưng Yên,Hung Yen,VNAP25-7741EEF52A,VNAP25-310B8FAA0B,Nghĩa Trụ,Nghia Tru
VN-31,Hưng Yên,Hung Yen,VNAP25-0E8C3EDB0B,VNAP25-310B8FAA0B,Phụng Công,Phung Cong
VN-31,Hưng Yên,Hung Yen,VNAP25-CB48154FBB,VNAP25-310B8FAA0B,Tân Tiến,Tan Tien
VN-31,Hưng Yên,Hung Yen,VNAP25-D5987ADE61,VNAP25-310B8FAA0B,Thắng Lợi,Thang Loi
VN-31,Hưng Yên,Hung Yen,VNAP25-C809098A3A,VNAP25-310B8FAA0B,Văn Giang,Van Giang
VN-31,Hưng Yên,Hung Yen,VNAP25-117B837B71,VNAP25-310B8FAA0B,Vĩnh Khúc,Vinh Khuc
VN-31,Hưng Yên,Hung Yen,VNAP25-5071E85001,VNAP25-310B8FAA0B,Xuân Quan,Xuan Quan
VN-31,Hưng Yên,Hung Yen,VNAP25-BB4C7B9C9A,,Văn Lâm,Van Lam
VN-31,Hưng Yên,Hung Yen,VNAP25-285A47F7CC,VNAP25-BB4C7B9C9A,Chỉ Đạo,Chi Dao
VN-31,Hưng Yên,Hung Yen,VNAP25-2869CCA811,VNAP25-BB4C7B9C9A,Đại Đồng,Dai Dong
VN-31,Hưng Yên,Hung Yen,VNAP25-CCC2DE57C3,VNAP25-BB4C7B9C9A,Đình Dù,Dinh Du
VN-31,Hưng Yên,Hung Yen,VNAP25-03463E64B0,VNAP25-BB4C7B9C9A,Lạc Đạo,Lac Dao
VN-31,Hưng Yên,Hung Yen,VNAP25-04B6A632A2,VNAP25-BB4C7B9C9A,Lạc Hồng,Lac Hong
VN-31,Hưng Yên,Hung Yen,VNAP25-761BA7F6D1,VNAP25-BB4C7B9C9A,Lương Tài,Luong Tai
VN-31,Hưng Yên,Hung Yen,VNAP25-09BC59C4F4,VNAP25-BB4C7B9C9A,Minh Hải,Minh Hai
VN-31,Hưng Yên,Hung Yen,VNAP25-F6B79A184C,VNAP25-BB4C7B9C9A,Như Quỳnh,Nhu Quynh
VN-31,Hưng Yên,Hung Yen,VNAP25-B31726AD39,VNAP25-BB4C7B9C9A,Tân Quang,Tan Quang
VN-31,Hưng Yên,Hung Yen,VNAP25-36CE782B46,VNAP25-BB4C7B9C9A,Trưng Trắc,Trung Trac
VN-31,Hưng Yên,Hung Yen,VNAP25-F624A7BF08,VNAP25-BB4C7B9C9A,Việt Hưng,Viet Hung
VN-31,Hưng Yên,Hung Yen,VNAP25-9F815329AC,,Yên Mỹ,Yen My
VN-31,Hưng Yên,Hung Yen,VNAP25-F43A0597EA,VNAP25-9F815329AC,Đồng Than,Dong Than
VN-31,Hưng Yên,Hung Yen,VNAP25-5432638EDB,VNAP25-9F815329AC,Hoàn Long,Hoan Long
VN-31,Hưng Yên,Hung Yen,VNAP25-5FF1DE2E37,VNAP25-9F815329AC,Liêu Xá,Lieu Xa
VN-31,Hưng Yên,Hung Yen,VNAP25-480E7F3006,VNAP25-9F815329AC,Ngọc Long,Ngoc Long
VN-31,Hưng Yên,Hung Yen,VNAP25-E0508A1C71,VNAP25-9F815329AC,Nguyễn Văn Linh,Nguyen Van Linh
VN-31,Hưng Yên,Hung Yen,VNAP25-B75C6D26EF,VNAP25-9F815329AC,Tân Lập,Tan Lap
VN-31,Hưng Yên,Hung Yen,VNAP25-9A99C8EEC2,VNAP25-9F815329AC,Tân Minh,Tan Minh
VN-31,Hưng Yên,Hung Yen,VNAP25-02377CB41E,VNAP25-9F815329AC,Thanh Long,Thanh Long
VN-31,Hưng Yên,Hung Yen,VNAP25-7D0E9BD630,VNAP25-9F815329AC,Trung Hòa,Trung Hoa
VN-31,Hưng Yên,Hung Yen,VNAP25-7BFEB932BD,VNAP25-9F815329AC,Việt Yên,Viet Yen
VN-31,Hưng Yên,Hung Yen,VNAP25-99D033912B,VNAP25-9F815329AC,Yên Mỹ,Yen My
VN-31,Hưng Yên,Hung Yen,VNAP25-92BA6FE851,VNAP25-9F815329AC,Yên Phú,Yen Phu
VN-32,Khánh Hòa,Khanh Hoa,VNAP25-6B251785E4,,Cam Lâm,Cam Lam
VN-32,Khánh Hòa,Khanh Hoa,VNAP25-BA8559E559,VNAP25-6B251785E4,Cam An Bắc,Cam An Bac
VN-32,Khánh Hòa,Khanh Hoa,VNAP25-E296E86F13,VNAP25-6B251785E4,Cam An Nam,Cam An Nam
VN-32,Khánh Hòa,Khanh Hoa,VNAP25-C6E9CEC6B3,VNAP25-6B251785E4,Cam Đức,Cam Duc
VN-32,Khánh Hòa,Khanh Hoa,VNAP25-7E7D4F3660,VNAP25-6B251785E4,Cam Hải Đông,Cam Hai Dong
VN-32,Khánh Hòa,Khanh Hoa,VNAP25-B042F86A8F,VNAP25-6B251785E4,Cam Hải Tây,Cam Hai Tay
VN-32,Khánh Hòa,Khanh Hoa,VNAP25-D4E9803E20,VNAP25-6B251785E4,Cam Hiệp Bắc,Cam Hiep Bac
VN-32,Khánh Hòa,Khanh Hoa,VNAP25-850F5ABF53,VNAP25-6B251785E4,Cam Hiệp Nam,Cam Hiep Nam
VN-32,Khánh Hòa,Khanh Hoa,VNAP25-CA9A59C143,VNAP25-6B251785E4,Cam Hòa,Cam Hoa
VN-32,Khánh Hòa,Khanh Hoa,VNAP25-120A04E318,VNAP25-6B251785E4,Cam Phước Tây,Cam Phuoc Tay
VN-32,Khánh Hòa,Khanh Hoa,VNAP25-B70ED52D78,VNAP25-6B251785E4,Cam Tân,Cam Tan
VN-32,Khánh Hòa,Khanh Hoa,VNAP25-9AB0D28D02,VNAP25-6B251785E4,Cam Thành Bắc,Cam Thanh Bac
VN-32,Khánh Hòa,Khanh Hoa,VNAP25-3EDF24D6E7,VNAP25-6B251785E4,Sơn Tân,Son Tan
VN-32,Khánh Hòa,Khanh Hoa,VNAP25-A8739F9D48,VNAP25-6B251785E4,Suối Cát,Suoi Cat
VN-32,Khánh Hòa,Khanh Hoa,VNAP25-F2E81461E4,VNAP25-6B251785E4,Suối Tân,Suoi Tan
VN-32,Khánh Hòa,Khanh Hoa,VNAP25-141B2CC616,,Cam Ranh,Cam Ranh
VN-32,Khánh Hòa,Khanh Hoa,VNAP25-E739623197,VNAP25-141B2CC616,Ba Ngòi,Ba Ngoi
VN-32,Khánh Hòa,Khanh Hoa,VNAP25-DA2F1EA8A2,VNAP25-141B2CC616,Cam Bình,Cam Binh
VN-32,Khánh Hòa,Khanh Hoa,VNAP25-D3BF9B63A8,VNAP25-141B2CC616,Cam Lập,Cam Lap
VN-32,Khánh Hòa,Khanh Hoa,VNAP25-C74F0133BD,VNAP25-141B2CC616,Cam Linh,Cam Linh
VN-32,Khánh Hòa,Khanh Hoa,VNAP25-6F6ACF1C71,VNAP25-141B2CC616,Cam Lộc,Cam Loc
VN-32,Khánh Hòa,Khanh Hoa,VNAP25-B5D98A1824,VNAP25-141B2CC616,Cam Lợi,Cam Loi
VN-32,Khánh Hòa,Khanh Hoa,VNAP25-1C15A73FB1,VNAP25-141B2CC616,Cam Nghĩa,Cam Nghia
VN-32,Khánh Hòa,Khanh Hoa,VNAP25-2A00AC6BF4,VNAP25-141B2CC616,Cam Phú,Cam Phu
VN-32,Khánh Hòa,Khanh Hoa,VNAP25-828888CFA5,VNAP25-141B2CC616,Cam Phúc Bắc,Cam Phuc Bac
VN-32,Khánh Hòa,Khanh Hoa,VNAP25-652152AE1B,VNAP25-141B2CC616,Cam Phúc Nam,Cam Phuc Nam
VN-32,Khánh Hòa,Khanh Hoa,VNAP25-62EFADA155,VNAP25-141B2CC616,Cam Phước Đông,Cam Phuoc Dong
VN-32,Khánh Hòa,Khanh Hoa,VNAP25-F6F741E76F,VNAP25-141B2CC616,Cam Thành Nam,Cam Thanh Nam
VN-32,Khánh Hòa,Khanh Hoa,VNAP25-2B89660058,VNAP25-141B2CC616,Cam Thịnh Đông,Cam Thinh Dong
VN-32,Khánh Hòa,Khanh Hoa,VNAP25-29A5DBD2F1,VNAP25-141B2CC616,Cam Thịnh Tây,Cam Thinh Tay
VN-32,Khánh Hòa,Khanh Hoa,VNAP25-85A1C020BF,VNAP25-141B2CC616,Cam Thuận,Cam Thuan
VN-32,Khánh Hòa,Khanh Hoa,VNAP25-3D9C5D38F1,,Diên Khánh,Dien Khanh
VN-32,Khánh Hòa,Khanh Hoa,VNAP25-2107AAB85A,VNAP25-3D9C5D38F1,Bình Lộc,Binh Loc
VN-32,Khánh Hòa,Khanh Hoa,VNAP25-F744C5984C,VNAP25-3D9C5D38F1,Diên An,Dien An
VN-32,Khánh Hòa,Khanh Hoa,VNAP25-3720F60728,VNAP25-3D9C5D38F1,Diên Điền,Dien Dien
VN-32,Khánh Hòa,Khanh Hoa,VNAP25-7C6F617854,VNAP25-3D9C5D38F1,Diên Hòa,Dien Hoa
VN-32,Khánh Hòa,Khanh Hoa,VNAP25-7BF0E39783,VNAP25-3D9C5D38F1,Diên Khánh,Dien Khanh
VN-32,Khánh Hòa,Khanh Hoa,VNAP25-75190FEE2F,VNAP25-3D9C5D38F1,Diên Lạc,Dien Lac
VN-32,Khánh Hòa,Khanh Hoa,VNAP25-7AC7429919,VNAP25-3D9C5D38F1,Diên Lâm,Dien Lam
VN-32,Khánh Hòa,Khanh Hoa,VNAP25-9DB154E437,VNAP25-3D9C5D38F1,Diên Phú,Dien Phu
VN-32,Khánh Hòa,Khanh Hoa,VNAP25-C6D20155AD,VNAP25-3D9C5D38F1,Diên Phước,Dien Phuoc
VN-32,Khánh Hòa,Khanh Hoa,VNAP25-C5E6D0D20A,VNAP25-3D9C5D38F1,Diên Sơn,Dien Son
VN-32,Khánh Hòa,Khanh Hoa,VNAP25-017D594C2A,VNAP25-3D9C5D38F1,Diên Tân,Dien Tan
VN-32,Khánh Hòa,Khanh Hoa,VNAP25-D68EDA77F6,VNAP25-3D9C5D38F1,Diên Thạnh,Dien Thanh
VN-32,Khánh Hòa,Khanh Hoa,VNAP25-6D14CBB2E0,VNAP25-3D9C5D38F1,Diên Thọ,Dien Tho
VN-32,Khánh Hòa,Khanh Hoa,VNAP25-56A5A9133B,VNAP25-3D9C5D38F1,Diên Toàn,Dien Toan
VN-32,Khánh Hòa,Khanh Hoa,VNAP25-463C586AEB,VNAP25-3D9C5D38F1,Suối Hiệp,Suoi Hiep
VN-32,Khánh Hòa,Khanh Hoa,VNAP25-E3E7E5D4EB,VNAP25-3D9C5D38F1,Suối Tiên,Suoi Tien
VN-32,Khánh Hòa,Khanh Hoa,VNAP25-262AA24E63,VNAP25-3D9C5D38F1,Xuân Đồng,Xuan Dong
VN-32,Khánh Hòa,Khanh Hoa,VNAP25-C68067E7B1,,Khánh Sơn,Khanh Son
VN-32,Khánh Hòa,Khanh Hoa,VNAP25-63A04AEE32,VNAP25-C68067E7B1,Ba Cụm Bắc,Ba Cum Bac
VN-32,Khánh Hòa,Khanh Hoa,VNAP25-481760F9B9,VNAP25-C68067E7B1,Ba Cụm Nam,Ba Cum Nam
VN-32,Khánh Hòa,Khanh Hoa,VNAP25-AEF9FF55C4,VNAP25-C68067E7B1,Sơn Bình,Son Binh
VN-32,Khánh Hòa,Khanh Hoa,VNAP25-DDCB23D5D7,VNAP25-C68067E7B1,Sơn Hiệp,Son Hiep
VN-32,Khánh Hòa,Khanh Hoa,VNAP25-D237A5C560,VNAP25-C68067E7B1,Sơn Lâm,Son Lam
VN-32,Khánh Hòa,Khanh Hoa,VNAP25-C5DEDBEBD5,VNAP25-C68067E7B1,Sơn Trung,Son Trung
VN-32,Khánh Hòa,Khanh Hoa,VNAP25-5DA607763D,VNAP25-C68067E7B1,Thành Sơn,Thanh Son
VN-32,Khánh Hòa,Khanh Hoa,VNAP25-6B054BBE08,VNAP25-C68067E7B1,Tô Hạp,To Hap
VN-32,Khánh Hòa,Khanh Hoa,VNAP25-EF19CD609B,,Khánh Vĩnh,Khanh Vinh
VN-32,Khánh Hòa,Khanh Hoa,VNAP25-5572ED2EC3,VNAP25-EF19CD609B,Cầu Bà,Cau Ba
VN-32,Khánh Hòa,Khanh Hoa,VNAP25-D94DF580A9,VNAP25-EF19CD609B,Giang Ly,Giang Ly
VN-32,Khánh Hòa,Khanh Hoa,VNAP25-A09D8ECCCC,VNAP25-EF19CD609B,Khánh Bình,Khanh Binh
VN-32,Khánh Hòa,Khanh Hoa,VNAP25-16772B9ADA,VNAP25-EF19CD609B,Khánh Đông,Khanh Dong
VN-32,Khánh Hòa,Khanh Hoa,VNAP25-FF11C2DD27,VNAP25-EF19CD609B,Khánh Hiệp,Khanh Hiep
VN-32,Khánh Hòa,Khanh Hoa,VNAP25-0C534293F9,VNAP25-EF19CD609B,Khánh Nam,Khanh Nam
VN-32,Khánh Hòa,Khanh Hoa,VNAP25-BDF741E1BB,VNAP25-EF19CD609B,Khánh Phú,Khanh Phu
VN-32,Khánh Hòa,Khanh Hoa,VNAP25-76DED5BC5E,VNAP25-EF19CD609B,Khánh Thành,Khanh Thanh
VN-32,Khánh Hòa,Khanh Hoa,VNAP25-B04EB4F540,VNAP25-EF19CD609B,Khánh Thượng,Khanh Thuong
VN-32,Khánh Hòa,Khanh Hoa,VNAP25-2AB2E5DDBC,VNAP25-EF19CD609B,Khánh Trung,Khanh Trung
VN-32,Khánh Hòa,Khanh Hoa,VNAP25-7542A1C601,VNAP25-EF19CD609B,Khánh Vĩnh,Khanh Vinh
VN-32,Khánh Hòa,Khanh Hoa,VNAP25-5FED955241,VNAP25-EF19CD609B,Liên Sang,Lien Sang
VN-32,Khánh Hòa,Khanh Hoa,VNAP25-34D6562053,VNAP25-EF19CD609B,Sơn Thái,Son Thai
VN-32,Khánh Hòa,Khanh Hoa,VNAP25-B56DE80F80,VNAP25-EF19CD609B,Sông Cầu,Song Cau
VN-32,Khánh Hòa,Khanh Hoa,VNAP25-8E3A51377E,,Nha Trang,Nha Trang
VN-32,Khánh Hòa,Khanh Hoa,VNAP25-16BB97AA42,VNAP25-8E3A51377E,Lộc Thọ,Loc Tho
VN-32,Khánh Hòa,Khanh Hoa,VNAP25-B091B2FE51,VNAP25-8E3A51377E,Ngọc Hiệp,Ngoc Hiep
VN-32,Khánh Hòa,Khanh Hoa,VNAP25-E58D7CCAC7,VNAP25-8E3A51377E,Phước Đồng,Phuoc Dong
VN-32,Khánh Hòa,Khanh Hoa,VNAP25-D4DDFD7199,VNAP25-8E3A51377E,Phước Hải,Phuoc Hai
VN-32,Khánh Hòa,Khanh Hoa,VNAP25-6BA1AB4A5A,VNAP25-8E3A51377E,Phước Hòa,Phuoc Hoa
VN-32,Khánh Hòa,Khanh Hoa,VNAP25-E787549764,VNAP25-8E3A51377E,Phước Long,Phuoc Long
VN-32,Khánh Hòa,Khanh Hoa,VNAP25-CD0436BD8E,VNAP25-8E3A51377E,Phương Sài,Phuong Sai
VN-32,Khánh Hòa,Khanh Hoa,VNAP25-70233BC5AF,VNAP25-8E3A51377E,Tân Tiến,Tan Tien
VN-32,Khánh Hòa,Khanh Hoa,VNAP25-16868BF1EE,VNAP25-8E3A51377E,Vạn Thạnh,Van Thanh
VN-32,Khánh Hòa,Khanh Hoa,VNAP25-F232118D9A,VNAP25-8E3A51377E,Vĩnh Hải,Vinh Hai
VN-32,Khánh Hòa,Khanh Hoa,VNAP25-76333C391A,VNAP25-8E3A51377E,Vĩnh Hiệp,Vinh Hiep
VN-32,Khánh Hòa,Khanh Hoa,VNAP25-F801EB5FDC,VNAP25-8E3A51377E,Vĩnh Hòa,Vinh Hoa
VN-32,Khánh Hòa,Khanh Hoa,VNAP25-14F439560A,VNAP25-8E3A51377E,Vĩnh Lương,Vinh Luong
VN-32,Khánh Hòa,Khanh Hoa,VNAP25-7314D00B26,VNAP25-8E3A51377E,Vĩnh Ngọc,Vinh Ngoc
VN-32,Khánh Hòa,Khanh Hoa,VNAP25-EF938F9674,VNAP25-8E3A51377E,Vĩnh Nguyên,Vinh Nguyen
VN-32,Khánh Hòa,Khanh Hoa,VNAP25-4E2ADFFBA8,VNAP25-8E3A51377E,Vĩnh Phước,Vinh Phuoc
VN-32,Khánh Hòa,Khanh Hoa,VNAP25-86063B45B9,VNAP25-8E3A51377E,Vĩnh Phương,Vinh Phuong
VN-32,Khánh Hòa,Khanh Hoa,VNAP25-72E78B4373,VNAP25-8E3A51377E,Vĩnh Thái,Vinh Thai
VN-32,Khánh Hòa,Khanh Hoa,VNAP25-FF828F46F1,VNAP25-8E3A51377E,Vĩnh Thạnh,Vinh Thanh
VN-32,Khánh Hòa,Khanh Hoa,VNAP25-4DB4EF135F,VNAP25-8E3A51377E,Vĩnh Thọ,Vinh Tho
VN-32,Khánh Hòa,Khanh Hoa,VNAP25-E0E842810B,VNAP25-8E3A51377E,Vĩnh Trung,Vinh Trung
VN-32,Khánh Hòa,Khanh Hoa,VNAP25-6BED3E9542,VNAP25-8E3A51377E,Vĩnh Trường,Vinh Truong
VN-32,Khánh Hòa,Khanh Hoa,VNAP25-7511239B75,,Ninh Hòa,Ninh Hoa
VN-32,Khánh Hòa,Khanh Hoa,VNAP25-964A94B8F2,VNAP25-7511239B75,Ninh An,Ninh An
VN-32,Khánh Hòa,Khanh Hoa,VNAP25-0143F22CB4,VNAP25-7511239B75,Ninh Bình,Ninh Binh
VN-32,Khánh Hòa,Khanh Hoa,VNAP25-5EA6939FB5,VNAP25-7511239B75,Ninh Đa,Ninh Da
VN-32,Khánh Hòa,Khanh Hoa,VNAP25-9D790D9BAE,VNAP25-7511239B75,Ninh Diêm,Ninh Diem
VN-32,Khánh Hòa,Khanh Hoa,VNAP25-5C48E4BF37,VNAP25-7511239B75,Ninh Đông,Ninh Dong
VN-32,Khánh Hòa,Khanh Hoa,VNAP25-3A165DE5F3,VNAP25-7511239B75,Ninh Giang,Ninh Giang
VN-32,Khánh Hòa,Khanh Hoa,VNAP25-A925EF210C,VNAP25-7511239B75,Ninh Hà,Ninh Ha
VN-32,Khánh Hòa,Khanh Hoa,VNAP25-6EECFB20B8,VNAP25-7511239B75,Ninh Hải,Ninh Hai
VN-32,Khánh Hòa,Khanh Hoa,VNAP25-2C1E2BA9E6,VNAP25-7511239B75,Ninh Hiệp,Ninh Hiep
VN-32,Khánh Hòa,Khanh Hoa,VNAP25-FD2A871ED5,VNAP25-7511239B75,Ninh Hưng,Ninh Hung
VN-32,Khánh Hòa,Khanh Hoa,VNAP25-28E9D60B6C,VNAP25-7511239B75,Ninh Ích,Ninh Ich
VN-32,Khánh Hòa,Khanh Hoa,VNAP25-898EDD3DC2,VNAP25-7511239B75,Ninh Lộc,Ninh Loc
VN-32,Khánh Hòa,Khanh Hoa,VNAP25-A05D105659,VNAP25-7511239B75,Ninh Phú,Ninh Phu
VN-32,Khánh Hòa,Khanh Hoa,VNAP25-27129A0C95,VNAP25-7511239B75,Ninh Phụng,Ninh Phung
VN-32,Khánh Hòa,Khanh Hoa,VNAP25-1560611A4B,VNAP25-7511239B75,Ninh Phước,Ninh Phuoc
VN-32,Khánh Hòa,Khanh Hoa,VNAP25-31DBFC5F54,VNAP25-7511239B75,Ninh Quang,Ninh Quang
VN-32,Khánh Hòa,Khanh Hoa,VNAP25-5764356C24,VNAP25-7511239B75,Ninh Sim,Ninh Sim
VN-32,Khánh Hòa,Khanh Hoa,VNAP25-90C71452FB,VNAP25-7511239B75,Ninh Sơn,Ninh Son
VN-32,Khánh Hòa,Khanh Hoa,VNAP25-4874E571D1,VNAP25-7511239B75,Ninh Tân,Ninh Tan
VN-32,Khánh Hòa,Khanh Hoa,VNAP25-58AC396B3B,VNAP25-7511239B75,Ninh Tây,Ninh Tay
VN-32,Khánh Hòa,Khanh Hoa,VNAP25-7624115908,VNAP25-7511239B75,Ninh Thân,Ninh Than
VN-32,Khánh Hòa,Khanh Hoa,VNAP25-27CDE94611,VNAP25-7511239B75,Ninh Thọ,Ninh Tho
VN-32,Khánh Hòa,Khanh Hoa,VNAP25-61EA9C639C,VNAP25-7511239B75,Ninh Thượng,Ninh Thuong
VN-32,Khánh Hòa,Khanh Hoa,VNAP25-D8F18D4DE0,VNAP25-7511239B75,Ninh Thủy,Ninh Thuy
VN-32,Khánh Hòa,Khanh Hoa,VNAP25-D43642B505,VNAP25-7511239B75,Ninh Trung,Ninh Trung
VN-32,Khánh Hòa,Khanh Hoa,VNAP25-92DE06544E,VNAP25-7511239B75,Ninh Xuân,Ninh Xuan
VN-32,Khánh Hòa,Khanh Hoa,VNAP25-D806AC1BF5,,Trường Sa,Truong Sa
VN-32,Khánh Hòa,Khanh Hoa,VNAP25-4C43349455,VNAP25-D806AC1BF5,Sinh Tồn,Sinh Ton
VN-32,Khánh Hòa,Khanh Hoa,VNAP25-4D6F711B57,VNAP25-D806AC1BF5,Song Tử Tây,Song Tu Tay
VN-32,Khánh Hòa,Khanh Hoa,VNAP25-CDB2705BB7,VNAP25-D806AC1BF5,Trường Sa,Truong Sa
VN-32,Khánh Hòa,Khanh Hoa,VNAP25-4C784EF8DF,,Vạn Ninh,Van Ninh
VN-32,Khánh Hòa,Khanh Hoa,VNAP25-56ABD83789,VNAP25-4C784EF8DF,Đại Lãnh,Dai Lanh
VN-32,Khánh Hòa,Khanh Hoa,VNAP25-0DAB6F4BA7,VNAP25-4C784EF8DF,Vạn Bình,Van Binh
VN-32,Khánh Hòa,Khanh Hoa,VNAP25-205FFDCED3,VNAP25-4C784EF8DF,Vạn Giã,Van Gia
VN-32,Khánh Hòa,Khanh Hoa,VNAP25-4521DBB752,VNAP25-4C784EF8DF,Vạn Hưng,Van Hung
VN-32,Khánh Hòa,Khanh Hoa,VNAP25-0910FB8CD7,VNAP25-4C784EF8DF,Vạn Khánh,Van Khanh
VN-32,Khánh Hòa,Khanh Hoa,VNAP25-35D4A8C562,VNAP25-4C784EF8DF,Vạn Long,Van Long
VN-32,Khánh Hòa,Khanh Hoa,VNAP25-0B6FCB31BA,VNAP25-4C784EF8DF,Vạn Lương,Van Luong
VN-32,Khánh Hòa,Khanh Hoa,VNAP25-0EDABC39EC,VNAP25-4C784EF8DF,Vạn Phú,Van Phu
VN-32,Khánh Hòa,Khanh Hoa,VNAP25-691E23BEC6,VNAP25-4C784EF8DF,Vạn Phước,Van Phuoc
VN-32,Khánh Hòa,Khanh Hoa,VNAP25-E9EFBE0F19,VNAP25-4C784EF8DF,Vạn Thắng,Van Thang
VN-32,Khánh Hòa,Khanh Hoa,VNAP25-309186692F,VNAP25-4C784EF8DF,Vạn Thạnh,Van Thanh
VN-32,Khánh Hòa,Khanh Hoa,VNAP25-2A7F02DBEA,VNAP25-4C784EF8DF,Vạn Thọ,Van Tho
VN-32,Khánh Hòa,Khanh Hoa,VNAP25-0B204885DF,VNAP25-4C784EF8DF,Xuân Sơn,Xuan Son
VN-33,Kiên Giang,Kien Giang,VNAP25-13D1832F2F,,An Biên,An Bien
VN-33,Kiên Giang,Kien Giang,VNAP25-259D8075AC,VNAP25-13D1832F2F,Đông Thái,Dong Thai
VN-33,Kiên Giang,Kien Giang,VNAP25-9B505A41F7,VNAP25-13D1832F2F,Đông Yên,Dong Yen
VN-33,Kiên Giang,Kien Giang,VNAP25-1937798C35,VNAP25-13D1832F2F,Hưng Yên,Hung Yen
VN-33,Kiên Giang,Kien Giang,VNAP25-6F9165305E,VNAP25-13D1832F2F,Nam Thái,Nam Thai
VN-33,Kiên Giang,Kien Giang,VNAP25-7E45D2DD65,VNAP25-13D1832F2F,Nam Thái A,Nam Thai A
VN-33,Kiên Giang,Kien Giang,VNAP25-523F455F0A,VNAP25-13D1832F2F,Nam Yên,Nam Yen
VN-33,Kiên Giang,Kien Giang,VNAP25-42E83A072C,VNAP25-13D1832F2F,Tây Yên,Tay Yen
VN-33,Kiên Giang,Kien Giang,VNAP25-2FA710A4EF,VNAP25-13D1832F2F,Tây Yên A,Tay Yen A
VN-33,Kiên Giang,Kien Giang,VNAP25-2C63C01742,VNAP25-13D1832F2F,Thứ Ba,Thu Ba
VN-33,Kiên Giang,Kien Giang,VNAP25-1B77497D01,,An Minh,An Minh
VN-33,Kiên Giang,Kien Giang,VNAP25-EBD6B9A49E,VNAP25-1B77497D01,Đông Hòa,Dong Hoa
VN-33,Kiên Giang,Kien Giang,VNAP25-2F259429CA,VNAP25-1B77497D01,Đông Hưng,Dong Hung
VN-33,Kiên Giang,Kien Giang,VNAP25-4992774237,VNAP25-1B77497D01,Đông Hưng A,Dong Hung A
VN-33,Kiên Giang,Kien Giang,VNAP25-D8654B039F,VNAP25-1B77497D01,Đông Hưng B,Dong Hung B
VN-33,Kiên Giang,Kien Giang,VNAP25-35B34161B5,VNAP25-1B77497D01,Đông Thạnh,Dong Thanh
VN-33,Kiên Giang,Kien Giang,VNAP25-93FAB28DC8,VNAP25-1B77497D01,Tân Thạnh,Tan Thanh
VN-33,Kiên Giang,Kien Giang,VNAP25-EC0A5DDC3C,VNAP25-1B77497D01,Thứ Mười Một,Thu Muoi Mot
VN-33,Kiên Giang,Kien Giang,VNAP25-8CC175FB0C,VNAP25-1B77497D01,Thuận Hòa,Thuan Hoa
VN-33,Kiên Giang,Kien Giang,VNAP25-A3BA2EB581,VNAP25-1B77497D01,Vân Khánh,Van Khanh
VN-33,Kiên Giang,Kien Giang,VNAP25-77AD997496,VNAP25-1B77497D01,Vân Khánh Đông,Van Khanh Dong
VN-33,Kiên Giang,Kien Giang,VNAP25-6549AC7009,VNAP25-1B77497D01,Vân Khánh Tây,Van Khanh Tay
VN-33,Kiên Giang,Kien Giang,VNAP25-4765982929,,Châu Thành,Chau Thanh
VN-33,Kiên Giang,Kien Giang,VNAP25-949A999368,VNAP25-4765982929,Bình An,Binh An
VN-33,Kiên Giang,Kien Giang,VNAP25-28DDBCCBB5,VNAP25-4765982929,Giục Tượng,Giuc Tuong
VN-33,Kiên Giang,Kien Giang,VNAP25-6ECAF3E647,VNAP25-4765982929,Minh Hòa,Minh Hoa
VN-33,Kiên Giang,Kien Giang,VNAP25-9C79F0F988,VNAP25-4765982929,Minh Lương,Minh Luong
VN-33,Kiên Giang,Kien Giang,VNAP25-37B807DB2F,VNAP25-4765982929,Mong Thọ,Mong Tho
VN-33,Kiên Giang,Kien Giang,VNAP25-B7BC1632B1,VNAP25-4765982929,Mong Thọ A,Mong Tho A
VN-33,Kiên Giang,Kien Giang,VNAP25-4DAD2A0700,VNAP25-4765982929,Mong Thọ B,Mong Tho B
VN-33,Kiên Giang,Kien Giang,VNAP25-2866EAA80D,VNAP25-4765982929,Thạnh Lộc,Thanh Loc
VN-33,Kiên Giang,Kien Giang,VNAP25-FBA822A6D4,VNAP25-4765982929,Vĩnh Hòa Hiệp,Vinh Hoa Hiep
VN-33,Kiên Giang,Kien Giang,VNAP25-4891E4A1F9,VNAP25-4765982929,Vĩnh Hòa Phú,Vinh Hoa Phu
VN-33,Kiên Giang,Kien Giang,VNAP25-C41CB7E7AC,,Giang Thành,Giang Thanh
VN-33,Kiên Giang,Kien Giang,VNAP25-DA884CAA88,VNAP25-C41CB7E7AC,Phú Lợi,Phu Loi
VN-33,Kiên Giang,Kien Giang,VNAP25-F0EDB1993A,VNAP25-C41CB7E7AC,Phú Mỹ,Phu My
VN-33,Kiên Giang,Kien Giang,VNAP25-740BB280CE,VNAP25-C41CB7E7AC,Tân Khánh Hòa,Tan Khanh Hoa
VN-33,Kiên Giang,Kien Giang,VNAP25-B63D9AFEBE,VNAP25-C41CB7E7AC,Vĩnh Điều,Vinh Dieu
VN-33,Kiên Giang,Kien Giang,VNAP25-B3DB52232A,VNAP25-C41CB7E7AC,Vĩnh Phú,Vinh Phu
VN-33,Kiên Giang,Kien Giang,VNAP25-87B54BB9C4,,Giồng Riềng,Giong Rieng
VN-33,Kiên Giang,Kien Giang,VNAP25-ABFC2DF9F6,VNAP25-87B54BB9C4,Bàn Tân Định,Ban Tan Dinh
VN-33,Kiên Giang,Kien Giang,VNAP25-D7C510B81E,VNAP25-87B54BB9C4,Bàn Thạch,Ban Thach
VN-33,Kiên Giang,Kien Giang,VNAP25-EC7E02A3AD,VNAP25-87B54BB9C4,Giồng Riềng,Giong Rieng
VN-33,Kiên Giang,Kien Giang,VNAP25-D66CD6C6EE,VNAP25-87B54BB9C4,Hòa An,Hoa An
VN-33,Kiên Giang,Kien Giang,VNAP25-DD9003265B,VNAP25-87B54BB9C4,Hòa Hưng,Hoa Hung
VN-33,Kiên Giang,Kien Giang,VNAP25-26C394E56C,VNAP25-87B54BB9C4,Hòa Lợi,Hoa Loi
VN-33,Kiên Giang,Kien Giang,VNAP25-AA13F550EE,VNAP25-87B54BB9C4,Hòa Thuận,Hoa Thuan
VN-33,Kiên Giang,Kien Giang,VNAP25-FFA4499C7D,VNAP25-87B54BB9C4,Long Thạnh,Long Thanh
VN-33,Kiên Giang,Kien Giang,VNAP25-E6CE18732B,VNAP25-87B54BB9C4,Ngọc Chúc,Ngoc Chuc
VN-33,Kiên Giang,Kien Giang,VNAP25-84ABC18738,VNAP25-87B54BB9C4,Ngọc Hòa,Ngoc Hoa
VN-33,Kiên Giang,Kien Giang,VNAP25-47DD4040C7,VNAP25-87B54BB9C4,Ngọc Thành,Ngoc Thanh
VN-33,Kiên Giang,Kien Giang,VNAP25-C95C37E64C,VNAP25-87B54BB9C4,Ngọc Thuận,Ngoc Thuan
VN-33,Kiên Giang,Kien Giang,VNAP25-7036CD1107,VNAP25-87B54BB9C4,Thạnh Bình,Thanh Binh
VN-33,Kiên Giang,Kien Giang,VNAP25-442571312F,VNAP25-87B54BB9C4,Thạnh Hòa,Thanh Hoa
VN-33,Kiên Giang,Kien Giang,VNAP25-202FB7B2B2,VNAP25-87B54BB9C4,Thạnh Hưng,Thanh Hung
VN-33,Kiên Giang,Kien Giang,VNAP25-1496401657,VNAP25-87B54BB9C4,Thạnh Lộc,Thanh Loc
VN-33,Kiên Giang,Kien Giang,VNAP25-EE01024C6E,VNAP25-87B54BB9C4,Thạnh Phước,Thanh Phuoc
VN-33,Kiên Giang,Kien Giang,VNAP25-CA7AB5DAE6,VNAP25-87B54BB9C4,Vĩnh Phú,Vinh Phu
VN-33,Kiên Giang,Kien Giang,VNAP25-B74C493612,VNAP25-87B54BB9C4,Vĩnh Thạnh,Vinh Thanh
VN-33,Kiên Giang,Kien Giang,VNAP25-EA5D6DE9D9,,Gò Quao,Go Quao
VN-33,Kiên Giang,Kien Giang,VNAP25-BE11B283AC,VNAP25-EA5D6DE9D9,Định An,Dinh An
VN-33,Kiên Giang,Kien Giang,VNAP25-FC788105DF,VNAP25-EA5D6DE9D9,Định Hòa,Dinh Hoa
VN-33,Kiên Giang,Kien Giang,VNAP25-5207489B11,VNAP25-EA5D6DE9D9,Gò Quao,Go Quao
VN-33,Kiên Giang,Kien Giang,VNAP25-2EAAFF589E,VNAP25-EA5D6DE9D9,Thới Quản,Thoi Quan
VN-33,Kiên Giang,Kien Giang,VNAP25-C4962820EE,VNAP25-EA5D6DE9D9,Thủy Liễu,Thuy Lieu
VN-33,Kiên Giang,Kien Giang,VNAP25-798F0C68EE,VNAP25-EA5D6DE9D9,Vĩnh Hòa Hưng Bắc,Vinh Hoa Hung Bac
VN-33,Kiên Giang,Kien Giang,VNAP25-882F3D2547,VNAP25-EA5D6DE9D9,Vĩnh Hòa Hưng Nam,Vinh Hoa Hung Nam
VN-33,Kiên Giang,Kien Giang,VNAP25-BA8E83A32E,VNAP25-EA5D6DE9D9,Vĩnh Phước A,Vinh Phuoc A
VN-33,Kiên Giang,Kien Giang,VNAP25-3FDBC3DD23,VNAP25-EA5D6DE9D9,Vĩnh Phước B,Vinh Phuoc B
VN-33,Kiên Giang,Kien Giang,VNAP25-6FAC8384BA,VNAP25-EA5D6DE9D9,Vĩnh Thắng,Vinh Thang
VN-33,Kiên Giang,Kien Giang,VNAP25-9647429A97,VNAP25-EA5D6DE9D9,Vĩnh Tuy,Vinh Tuy
VN-33,Kiên Giang,Kien Giang,VNAP25-47ADB73FA1,,Hà Tiên,Ha Tien
VN-33,Kiên Giang,Kien Giang,VNAP25-CF6546192E,VNAP25-47ADB73FA1,Bình San,Binh San
VN-33,Kiên Giang,Kien Giang,VNAP25-AACE09D442,VNAP25-47ADB73FA1,Đông Hồ,Dong Ho
VN-33,Kiên Giang,Kien Giang,VNAP25-8B09422D16,VNAP25-47ADB73FA1,Mỹ Đức,My Duc
VN-33,Kiên Giang,Kien Giang,VNAP25-FA2BB72C8D,VNAP25-47ADB73FA1,Pháo Đài,Phao Dai
VN-33,Kiên Giang,Kien Giang,VNAP25-8D9718EF05,VNAP25-47ADB73FA1,Thuận Yên,Thuan Yen
VN-33,Kiên Giang,Kien Giang,VNAP25-858742DF90,VNAP25-47ADB73FA1,Tiên Hải,Tien Hai
VN-33,Kiên Giang,Kien Giang,VNAP25-C881FCAB3B,VNAP25-47ADB73FA1,Tô Châu,To Chau
VN-33,Kiên Giang,Kien Giang,VNAP25-36283C85B2,,Hòn Đất,Hon Dat
VN-33,Kiên Giang,Kien Giang,VNAP25-418A3A2C6F,VNAP25-36283C85B2,Bình Giang,Binh Giang
VN-33,Kiên Giang,Kien Giang,VNAP25-EBD6DE7E4E,VNAP25-36283C85B2,Bình Sơn,Binh Son
VN-33,Kiên Giang,Kien Giang,VNAP25-C89DC553B4,VNAP25-36283C85B2,Hòn Đất,Hon Dat
VN-33,Kiên Giang,Kien Giang,VNAP25-C8330C34B7,VNAP25-36283C85B2,Lình Huỳnh,Linh Huynh
VN-33,Kiên Giang,Kien Giang,VNAP25-20A94F1E7C,VNAP25-36283C85B2,Mỹ Hiệp Sơn,My Hiep Son
VN-33,Kiên Giang,Kien Giang,VNAP25-1A3E083C53,VNAP25-36283C85B2,Mỹ Lâm,My Lam
VN-33,Kiên Giang,Kien Giang,VNAP25-8FB5513841,VNAP25-36283C85B2,Mỹ Phước,My Phuoc
VN-33,Kiên Giang,Kien Giang,VNAP25-B2453515C3,VNAP25-36283C85B2,Mỹ Thái,My Thai
VN-33,Kiên Giang,Kien Giang,VNAP25-AF8FCC829E,VNAP25-36283C85B2,Mỹ Thuận,My Thuan
VN-33,Kiên Giang,Kien Giang,VNAP25-FC811651FB,VNAP25-36283C85B2,Nam Thái Sơn,Nam Thai Son
VN-33,Kiên Giang,Kien Giang,VNAP25-6BE55FD3FF,VNAP25-36283C85B2,Sóc Sơn,Soc Son
VN-33,Kiên Giang,Kien Giang,VNAP25-27F4F4B5D5,VNAP25-36283C85B2,Sơn Bình,Son Binh
VN-33,Kiên Giang,Kien Giang,VNAP25-7212F7571D,VNAP25-36283C85B2,Sơn Kiên,Son Kien
VN-33,Kiên Giang,Kien Giang,VNAP25-20E1281AA8,VNAP25-36283C85B2,Thổ Sơn,Tho Son
VN-33,Kiên Giang,Kien Giang,VNAP25-72487649BF,,Kiên Hải,Kien Hai
VN-33,Kiên Giang,Kien Giang,VNAP25-D87272E62A,VNAP25-72487649BF,An Sơn,An Son
VN-33,Kiên Giang,Kien Giang,VNAP25-0BFD140BA5,VNAP25-72487649BF,Hòn Tre,Hon Tre
VN-33,Kiên Giang,Kien Giang,VNAP25-E82835089E,VNAP25-72487649BF,Lại Sơn,Lai Son
VN-33,Kiên Giang,Kien Giang,VNAP25-BB341C8409,VNAP25-72487649BF,Nam Du,Nam Du
VN-33,Kiên Giang,Kien Giang,VNAP25-AEA5ABCC04,,Kiên Lương,Kien Luong
VN-33,Kiên Giang,Kien Giang,VNAP25-1969D3A76B,VNAP25-AEA5ABCC04,Bình An,Binh An
VN-33,Kiên Giang,Kien Giang,VNAP25-6EC8CB9C55,VNAP25-AEA5ABCC04,Bình Trị,Binh Tri
VN-33,Kiên Giang,Kien Giang,VNAP25-9782A34FD6,VNAP25-AEA5ABCC04,Dương Hòa,Duong Hoa
VN-33,Kiên Giang,Kien Giang,VNAP25-E50494D872,VNAP25-AEA5ABCC04,Hòa Điền,Hoa Dien
VN-33,Kiên Giang,Kien Giang,VNAP25-465A9AF38E,VNAP25-AEA5ABCC04,Hòn Nghệ,Hon Nghe
VN-33,Kiên Giang,Kien Giang,VNAP25-34C04C1CBE,VNAP25-AEA5ABCC04,Kiên Bình,Kien Binh
VN-33,Kiên Giang,Kien Giang,VNAP25-3A51FC3F93,VNAP25-AEA5ABCC04,Kiên Lương,Kien Luong
VN-33,Kiên Giang,Kien Giang,VNAP25-D03CC3234A,VNAP25-AEA5ABCC04,Sơn Hải,Son Hai
VN-33,Kiên Giang,Kien Giang,VNAP25-0F306EB029,,Phú Quốc,Phu Quoc
VN-33,Kiên Giang,Kien Giang,VNAP25-6D04597206,VNAP25-0F306EB029,An Thới,An Thoi
VN-33,Kiên Giang,Kien Giang,VNAP25-0A450213F2,VNAP25-0F306EB029,Bãi Thơm,Bai Thom
VN-33,Kiên Giang,Kien Giang,VNAP25-42D627830D,VNAP25-0F306EB029,Cửa Cạn,Cua Can
VN-33,Kiên Giang,Kien Giang,VNAP25-A356469473,VNAP25-0F306EB029,Cửa Dương,Cua Duong
VN-33,Kiên Giang,Kien Giang,VNAP25-3A41A120D6,VNAP25-0F306EB029,Dương Đông,Duong Dong
VN-33,Kiên Giang,Kien Giang,VNAP25-CD5DCA41EC,VNAP25-0F306EB029,Dương Tơ,Duong To
VN-33,Kiên Giang,Kien Giang,VNAP25-551F4F44E0,VNAP25-0F306EB029,Gành Dầu,Ganh Dau
VN-33,Kiên Giang,Kien Giang,VNAP25-9496D7A10A,VNAP25-0F306EB029,Hàm Ninh,Ham Ninh
VN-33,Kiên Giang,Kien Giang,VNAP25-CAA7605832,VNAP25-0F306EB029,Thổ Châu,Tho Chau
VN-33,Kiên Giang,Kien Giang,VNAP25-FD6DD39B81,,Rạch Giá,Rach Gia
VN-33,Kiên Giang,Kien Giang,VNAP25-B6FEA9A5AE,VNAP25-FD6DD39B81,An Bình,An Binh
VN-33,Kiên Giang,Kien Giang,VNAP25-02C040F1F5,VNAP25-FD6DD39B81,An Hòa,An Hoa
VN-33,Kiên Giang,Kien Giang,VNAP25-83FBF9A063,VNAP25-FD6DD39B81,Phi Thông,Phi Thong
VN-33,Kiên Giang,Kien Giang,VNAP25-631E125E69,VNAP25-FD6DD39B81,Rạch Sỏi,Rach Soi
VN-33,Kiên Giang,Kien Giang,VNAP25-C1D8AA42B0,VNAP25-FD6DD39B81,Vĩnh Hiệp,Vinh Hiep
VN-33,Kiên Giang,Kien Giang,VNAP25-61C4527AB6,VNAP25-FD6DD39B81,Vĩnh Lạc,Vinh Lac
VN-33,Kiên Giang,Kien Giang,VNAP25-45AE6E0309,VNAP25-FD6DD39B81,Vĩnh Lợi,Vinh Loi
VN-33,Kiên Giang,Kien Giang,VNAP25-D20A03B145,VNAP25-FD6DD39B81,Vĩnh Quang,Vinh Quang
VN-33,Kiên Giang,Kien Giang,VNAP25-38F65F8E2D,VNAP25-FD6DD39B81,Vĩnh Thanh,Vinh Thanh
VN-33,Kiên Giang,Kien Giang,VNAP25-FA35914DF0,VNAP25-FD6DD39B81,Vĩnh Thanh Vân,Vinh Thanh Van
VN-33,Kiên Giang,Kien Giang,VNAP25-EDB6463CD0,VNAP25-FD6DD39B81,Vĩnh Thông,Vinh Thong
VN-33,Kiên Giang,Kien Giang,VNAP25-14123031C6,,Tân Hiệp,Tan Hiep
VN-33,Kiên Giang,Kien Giang,VNAP25-D0C2FA73A6,VNAP25-14123031C6,Tân An,Tan An
VN-33,Kiên Giang,Kien Giang,VNAP25-6CCB432DCC,VNAP25-14123031C6,Tân Hiệp,Tan Hiep
VN-33,Kiên Giang,Kien Giang,VNAP25-0ED6E757D7,VNAP25-14123031C6,Tân Hiệp A,Tan Hiep A
VN-33,Kiên Giang,Kien Giang,VNAP25-BEBD3A32D0,VNAP25-14123031C6,Tân Hiệp B,Tan Hiep B
VN-33,Kiên Giang,Kien Giang,VNAP25-43EE710100,VNAP25-14123031C6,Tân Hòa,Tan Hoa
VN-33,Kiên Giang,Kien Giang,VNAP25-EC5B8C4A4F,VNAP25-14123031C6,Tân Hội,Tan Hoi
VN-33,Kiên Giang,Kien Giang,VNAP25-4F9534060C,VNAP25-14123031C6,Tân Thành,Tan Thanh
VN-33,Kiên Giang,Kien Giang,VNAP25-60887DA4AF,VNAP25-14123031C6,Thạnh Đông,Thanh Dong
VN-33,Kiên Giang,Kien Giang,VNAP25-F968EF8331,VNAP25-14123031C6,Thạnh Đông A,Thanh Dong A
VN-33,Kiên Giang,Kien Giang,VNAP25-5822F662DC,VNAP25-14123031C6,Thạnh Đông B,Thanh Dong B
VN-33,Kiên Giang,Kien Giang,VNAP25-799CA11D67,VNAP25-14123031C6,Thạnh Trị,Thanh Tri
VN-33,Kiên Giang,Kien Giang,VNAP25-86E1DC14FF,,U Minh Thượng,U Minh Thuong
VN-33,Kiên Giang,Kien Giang,VNAP25-08685D8DE6,VNAP25-86E1DC14FF,An Minh Bắc,An Minh Bac
VN-33,Kiên Giang,Kien Giang,VNAP25-50F00F70E9,VNAP25-86E1DC14FF,Hòa Chánh,Hoa Chanh
VN-33,Kiên Giang,Kien Giang,VNAP25-232F9ABD69,VNAP25-86E1DC14FF,Minh Thuận,Minh Thuan
VN-33,Kiên Giang,Kien Giang,VNAP25-7B8524181E,VNAP25-86E1DC14FF,Thạnh Yên,Thanh Yen
VN-33,Kiên Giang,Kien Giang,VNAP25-04CEA012FA,VNAP25-86E1DC14FF,Thạnh Yên A,Thanh Yen A
VN-33,Kiên Giang,Kien Giang,VNAP25-263865A3C3,VNAP25-86E1DC14FF,Vĩnh Hòa,Vinh Hoa
VN-33,Kiên Giang,Kien Giang,VNAP25-5840297081,,Vĩnh Thuận,Vinh Thuan
VN-33,Kiên Giang,Kien Giang,VNAP25-8CE5A33424,VNAP25-5840297081,Bình Minh,Binh Minh
VN-33,Kiên Giang,Kien Giang,VNAP25-1330C04DEB,VNAP25-5840297081,Phong Đông,Phong Dong
VN-33,Kiên Giang,Kien Giang,VNAP25-FC03425DA2,VNAP25-5840297081,Tân Thuận,Tan Thuan
VN-33,Kiên Giang,Kien Giang,VNAP25-565BD5E0C2,VNAP25-5840297081,Vĩnh Bình Bắc,Vinh Binh Bac
VN-33,Kiên Giang,Kien Giang,VNAP25-4EB2866EEB,VNAP25-5840297081,Vĩnh Bình Nam,Vinh Binh Nam
VN-33,Kiên Giang,Kien Giang,VNAP25-CE5F3BE802,VNAP25-5840297081,Vĩnh Phong,Vinh Phong
VN-33,Kiên Giang,Kien Giang,VNAP25-88472FA2DE,VNAP25-5840297081,Vĩnh Thuận (Thị trấn),Vinh Thuan (Town)
VN-33,Kiên Giang,Kien Giang,VNAP25-B4C252A64C,VNAP25-5840297081,Vĩnh Thuận (Xã),Vinh Thuan (Commune)
VN-34,Kon Tum,Kon Tum,VNAP25-CFAE506934,,Đắk Glei,Dak Glei
VN-34,Kon Tum,Kon Tum,VNAP25-4996C639A4,VNAP25-CFAE506934,Đắk Blô,Dak Blo
VN-34,Kon Tum,Kon Tum,VNAP25-A00771553E,VNAP25-CFAE506934,Đắk Choong,Dak Choong
VN-34,Kon Tum,Kon Tum,VNAP25-EB48BEEF68,VNAP25-CFAE506934,Đắk Glei,Dak Glei
VN-34,Kon Tum,Kon Tum,VNAP25-1852C26016,VNAP25-CFAE506934,Đắk Kroong,Dak Kroong
VN-34,Kon Tum,Kon Tum,VNAP25-39F72BE361,VNAP25-CFAE506934,Đắk Long,Dak Long
VN-34,Kon Tum,Kon Tum,VNAP25-E8BFCA083C,VNAP25-CFAE506934,Đắk Man,Dak Man
VN-34,Kon Tum,Kon Tum,VNAP25-0FD630C244,VNAP25-CFAE506934,Đắk Môn,Dak Mon
VN-34,Kon Tum,Kon Tum,VNAP25-7160006D69,VNAP25-CFAE506934,Đắk Nhoong,Dak Nhoong
VN-34,Kon Tum,Kon Tum,VNAP25-9914E0BF13,VNAP25-CFAE506934,Đắk Pék,Dak Pek
VN-34,Kon Tum,Kon Tum,VNAP25-4505EB71F8,VNAP25-CFAE506934,Mường Hoong,Muong Hoong
VN-34,Kon Tum,Kon Tum,VNAP25-EB73EB2E5A,VNAP25-CFAE506934,Ngọc Linh,Ngoc Linh
VN-34,Kon Tum,Kon Tum,VNAP25-FBE0A9F5E2,VNAP25-CFAE506934,Xốp,Xop
VN-34,Kon Tum,Kon Tum,VNAP25-7718909E68,,Đắk Hà,Dak Ha
VN-34,Kon Tum,Kon Tum,VNAP25-F8DE4528CE,VNAP25-7718909E68,Đắk Hà,Dak Ha
VN-34,Kon Tum,Kon Tum,VNAP25-9B83CFD3FA,VNAP25-7718909E68,Đắk Hring,Dak Hring
VN-34,Kon Tum,Kon Tum,VNAP25-60CBB55622,VNAP25-7718909E68,Đắk La,Dak La
VN-34,Kon Tum,Kon Tum,VNAP25-E35B02EF60,VNAP25-7718909E68,Đăk Long,Dak Long
VN-34,Kon Tum,Kon Tum,VNAP25-544D015B2F,VNAP25-7718909E68,Đắk Mar,Dak Mar
VN-34,Kon Tum,Kon Tum,VNAP25-C8100CC18E,VNAP25-7718909E68,Đăk Ngọk,Dak Ngok
VN-34,Kon Tum,Kon Tum,VNAP25-84E328B03E,VNAP25-7718909E68,Đắk Pxi,Dak Pxi
VN-34,Kon Tum,Kon Tum,VNAP25-5FF865A5AF,VNAP25-7718909E68,Đắk Ui,Dak Ui
VN-34,Kon Tum,Kon Tum,VNAP25-E295084C73,VNAP25-7718909E68,Hà Mòn,Ha Mon
VN-34,Kon Tum,Kon Tum,VNAP25-56A20BFE76,VNAP25-7718909E68,Ngok Réo,Ngok Reo
VN-34,Kon Tum,Kon Tum,VNAP25-ACF7BED370,VNAP25-7718909E68,Ngok Wang,Ngok Wang
VN-34,Kon Tum,Kon Tum,VNAP25-8C33705820,,Đắk Tô,Dak To
VN-34,Kon Tum,Kon Tum,VNAP25-21B5F7E1E5,VNAP25-8C33705820,Đắk Rơ Nga,Dak Ro Nga
VN-34,Kon Tum,Kon Tum,VNAP25-8F2D8DEAE1,VNAP25-8C33705820,Đắk Tô,Dak To
VN-34,Kon Tum,Kon Tum,VNAP25-8F09DA21C2,VNAP25-8C33705820,Đắk Trăm,Dak Tram
VN-34,Kon Tum,Kon Tum,VNAP25-E30E4376A8,VNAP25-8C33705820,Diên Bình,Dien Binh
VN-34,Kon Tum,Kon Tum,VNAP25-017A0F0E59,VNAP25-8C33705820,Kon Đào,Kon Dao
VN-34,Kon Tum,Kon Tum,VNAP25-CDC71689C8,VNAP25-8C33705820,Ngọk Tụ,Ngok Tu
VN-34,Kon Tum,Kon Tum,VNAP25-074AF28441,VNAP25-8C33705820,Pô Kô,Po Ko
VN-34,Kon Tum,Kon Tum,VNAP25-5C97B479F3,VNAP25-8C33705820,Tân Cảnh,Tan Canh
VN-34,Kon Tum,Kon Tum,VNAP25-9900174DF3,VNAP25-8C33705820,Văn Lem,Van Lem
VN-34,Kon Tum,Kon Tum,VNAP25-887CBE8B9C,,Ia H'Drai,Ia H'Drai
VN-34,Kon Tum,Kon Tum,VNAP25-EA84153880,VNAP25-887CBE8B9C,Ia Đal,Ia Dal
VN-34,Kon Tum,Kon Tum,VNAP25-DE0C5AE5FB,VNAP25-887CBE8B9C,Ia Dom,Ia Dom
VN-34,Kon Tum,Kon Tum,VNAP25-E6077E0292,VNAP25-887CBE8B9C,Ia Tơi,Ia Toi
VN-34,Kon Tum,Kon Tum,VNAP25-D2F37E2955,,Kon Plông,Kon Plong
VN-34,Kon Tum,Kon Tum,VNAP25-05C3CD962D,VNAP25-D2F37E2955,Đắk Nên,Dak Nen
VN-34,Kon Tum,Kon Tum,VNAP25-22455C4530,VNAP25-D2F37E2955,Đắk Ring,Dak Ring
VN-34,Kon Tum,Kon Tum,VNAP25-2DC922341E,VNAP25-D2F37E2955,Đắk Tăng,Dak Tang
VN-34,Kon Tum,Kon Tum,VNAP25-283647C44D,VNAP25-D2F37E2955,Hiếu,Hieu
VN-34,Kon Tum,Kon Tum,VNAP25-5D9C429093,VNAP25-D2F37E2955,Măng Buk,Mang Buk
VN-34,Kon Tum,Kon Tum,VNAP25-903D50AF2A,VNAP25-D2F37E2955,Măng Cành,Mang Canh
VN-34,Kon Tum,Kon Tum,VNAP25-CBD6D47C66,VNAP25-D2F37E2955,Măng Đen,Mang Den
VN-34,Kon Tum,Kon Tum,VNAP25-25CA448966,VNAP25-D2F37E2955,Ngok Tem,Ngok Tem
VN-34,Kon Tum,Kon Tum,VNAP25-97CAF896E2,VNAP25-D2F37E2955,Pờ Ê,Po E
VN-34,Kon Tum,Kon Tum,VNAP25-014565EC99,,Kon Rẫy,Kon Ray
VN-34,Kon Tum,Kon Tum,VNAP25-5B27137C7A,VNAP25-014565EC99,Đắk Kôi,Dak Koi
VN-34,Kon Tum,Kon Tum,VNAP25-38D835B563,VNAP25-014565EC99,Đắk Pne,Dak Pne
VN-34,Kon Tum,Kon Tum,VNAP25-EEEE6F9A71,VNAP25-014565EC99,Đắk Ruồng,Dak Ruong
VN-34,Kon Tum,Kon Tum,VNAP25-98EDF6BD8D,VNAP25-014565EC99,Đắk Rve,Dak Rve
VN-34,Kon Tum,Kon Tum,VNAP25-5B367769C0,VNAP25-014565EC99,Đắk Tơ Lung,Dak To Lung
VN-34,Kon Tum,Kon Tum,VNAP25-0E1B8D533E,VNAP25-014565EC99,Đắk Tờ Re,Dak To Re
VN-34,Kon Tum,Kon Tum,VNAP25-FED2B7C820,VNAP25-014565EC99,Tân Lập,Tan Lap
VN-34,Kon Tum,Kon Tum,VNAP25-8E8251BAFB,,Kon Tum,Kon Tum
VN-34,Kon Tum,Kon Tum,VNAP25-1EC07B3F3D,VNAP25-8E8251BAFB,Chư Hreng,Chu Hreng
VN-34,Kon Tum,Kon Tum,VNAP25-D9DA932F4F,VNAP25-8E8251BAFB,Đắk Blà,Dak Bla
VN-34,Kon Tum,Kon Tum,VNAP25-0C4B728BD8,VNAP25-8E8251BAFB,Đắk Cấm,Dak Cam
VN-34,Kon Tum,Kon Tum,VNAP25-FCE18D5817,VNAP25-8E8251BAFB,Đăk Năng,Dak Nang
VN-34,Kon Tum,Kon Tum,VNAP25-D0C9167173,VNAP25-8E8251BAFB,Đắk Rơ Wa,Dak Ro Wa
VN-34,Kon Tum,Kon Tum,VNAP25-7033292CE5,VNAP25-8E8251BAFB,Đoàn Kết,Doan Ket
VN-34,Kon Tum,Kon Tum,VNAP25-EFEC3910F3,VNAP25-8E8251BAFB,Duy Tân,Duy Tan
VN-34,Kon Tum,Kon Tum,VNAP25-66D4B8E701,VNAP25-8E8251BAFB,Hòa Bình,Hoa Binh
VN-34,Kon Tum,Kon Tum,VNAP25-3C55DBB1A9,VNAP25-8E8251BAFB,Ia Chim,Ia Chim
VN-34,Kon Tum,Kon Tum,VNAP25-BA97C35449,VNAP25-8E8251BAFB,Kroong,Kroong
VN-34,Kon Tum,Kon Tum,VNAP25-204E223845,VNAP25-8E8251BAFB,Lê Lợi,Le Loi
VN-34,Kon Tum,Kon Tum,VNAP25-98E800EFAA,VNAP25-8E8251BAFB,Ngô Mây,Ngo May
VN-34,Kon Tum,Kon Tum,VNAP25-8F846AA157,VNAP25-8E8251BAFB,Ngọk Bay,Ngok Bay
VN-34,Kon Tum,Kon Tum,VNAP25-FA487F0A2F,VNAP25-8E8251BAFB,Nguyễn Trãi,Nguyen Trai
VN-34,Kon Tum,Kon Tum,VNAP25-D26E77E661,VNAP25-8E8251BAFB,Quang Trung,Quang Trung
VN-34,Kon Tum,Kon Tum,VNAP25-F6BC33BF54,VNAP25-8E8251BAFB,Quyết Thắng,Quyet Thang
VN-34,Kon Tum,Kon Tum,VNAP25-C60D1E655F,VNAP25-8E8251BAFB,Thắng Lợi,Thang Loi
VN-34,Kon Tum,Kon Tum,VNAP25-B200E370A8,VNAP25-8E8251BAFB,Thống Nhất,Thong Nhat
VN-34,Kon Tum,Kon Tum,VNAP25-B9B9853DB1,VNAP25-8E8251BAFB,Trần Hưng Đạo,Tran Hung Dao
VN-34,Kon Tum,Kon Tum,VNAP25-47835E20B8,VNAP25-8E8251BAFB,Trường Chinh,Truong Chinh
VN-34,Kon Tum,Kon Tum,VNAP25-EC4331FBAB,VNAP25-8E8251BAFB,Vinh Quang,Vinh Quang
VN-34,Kon Tum,Kon Tum,VNAP25-C59D3B39C7,,Ngọc Hồi,Ngoc Hoi
VN-34,Kon Tum,Kon Tum,VNAP25-46982EAE80,VNAP25-C59D3B39C7,Bờ Y,Bo Y
VN-34,Kon Tum,Kon Tum,VNAP25-646233BE14,VNAP25-C59D3B39C7,Đắk Ang,Dak Ang
VN-34,Kon Tum,Kon Tum,VNAP25-EC8628C15D,VNAP25-C59D3B39C7,Đắk Dục,Dak Duc
VN-34,Kon Tum,Kon Tum,VNAP25-1F8DA7074D,VNAP25-C59D3B39C7,Đắk Kan,Dak Kan
VN-34,Kon Tum,Kon Tum,VNAP25-6B4EFC19AB,VNAP25-C59D3B39C7,Đắk Nông,Dak Nong
VN-34,Kon Tum,Kon Tum,VNAP25-18AAE8E866,VNAP25-C59D3B39C7,Đắk Xú,Dak Xu
VN-34,Kon Tum,Kon Tum,VNAP25-8A58F7C7E8,VNAP25-C59D3B39C7,Plei Kần,Plei Kan
VN-34,Kon Tum,Kon Tum,VNAP25-B7BBECD9A6,VNAP25-C59D3B39C7,Sa Loong,Sa Loong
VN-34,Kon Tum,Kon Tum,VNAP25-6467655B0A,,Sa Thầy,Sa Thay
VN-34,Kon Tum,Kon Tum,VNAP25-7FEE74D4A0,VNAP25-6467655B0A,Hơ Moong,Ho Moong
VN-34,Kon Tum,Kon Tum,VNAP25-1A44FB4085,VNAP25-6467655B0A,Mô Rai,Mo Rai
VN-34,Kon Tum,Kon Tum,VNAP25-0EFF09200C,VNAP25-6467655B0A,Rơ Kơi,Ro Koi
VN-34,Kon Tum,Kon Tum,VNAP25-3A82B2CDA8,VNAP25-6467655B0A,Sa Bình,Sa Binh
VN-34,Kon Tum,Kon Tum,VNAP25-BFE2868781,VNAP25-6467655B0A,Sa Nghĩa,Sa Nghia
VN-34,Kon Tum,Kon Tum,VNAP25-FCD218AB40,VNAP25-6467655B0A,Sa Nhơn,Sa Nhon
VN-34,Kon Tum,Kon Tum,VNAP25-9094FB81F1,VNAP25-6467655B0A,Sa Sơn,Sa Son
VN-34,Kon Tum,Kon Tum,VNAP25-8F5FF8B8CB,VNAP25-6467655B0A,Sa Thầy,Sa Thay
VN-34,Kon Tum,Kon Tum,VNAP25-325E1C5FB1,VNAP25-6467655B0A,Ya Ly,Ya Ly
VN-34,Kon Tum,Kon Tum,VNAP25-4A6CC61E04,VNAP25-6467655B0A,Ya Tăng,Ya Tang
VN-34,Kon Tum,Kon Tum,VNAP25-124583382F,VNAP25-6467655B0A,Ya Xiêr,Ya Xier
VN-34,Kon Tum,Kon Tum,VNAP25-FF83219CEB,,Tu Mơ Rông,Tu Mo Rong
VN-34,Kon Tum,Kon Tum,VNAP25-7EC4544438,VNAP25-FF83219CEB,Đắk Hà,Dak Ha
VN-34,Kon Tum,Kon Tum,VNAP25-44BE890A20,VNAP25-FF83219CEB,Đắk Na,Dak Na
VN-34,Kon Tum,Kon Tum,VNAP25-171D722359,VNAP25-FF83219CEB,Đắk Rơ Ông,Dak Ro Ong
VN-34,Kon Tum,Kon Tum,VNAP25-7EB1737A48,VNAP25-FF83219CEB,Đắk Sao,Dak Sao
VN-34,Kon Tum,Kon Tum,VNAP25-E9CFE0A921,VNAP25-FF83219CEB,Đắk Tờ Kan,Dak To Kan
VN-34,Kon Tum,Kon Tum,VNAP25-BA6B0B5AA1,VNAP25-FF83219CEB,Măng Ri,Mang Ri
VN-34,Kon Tum,Kon Tum,VNAP25-16EC6E63CA,VNAP25-FF83219CEB,Ngọc Lây,Ngoc Lay
VN-34,Kon Tum,Kon Tum,VNAP25-C46827F7A7,VNAP25-FF83219CEB,Ngọc Yêu,Ngoc Yeu
VN-34,Kon Tum,Kon Tum,VNAP25-1A2A1AEA13,VNAP25-FF83219CEB,Tê Xăng,Te Xang
VN-34,Kon Tum,Kon Tum,VNAP25-5B5C573E1D,VNAP25-FF83219CEB,Tu Mơ Rông,Tu Mo Rong
VN-34,Kon Tum,Kon Tum,VNAP25-2B3D5B2C6C,VNAP25-FF83219CEB,Văn Xuôi,Van Xuoi
VN-35,Lai Châu,Lai Chau,VNAP25-065DC2F6AD,,Lai Châu,Lai Chau
VN-35,Lai Châu,Lai Chau,VNAP25-EDD930A6C8,VNAP25-065DC2F6AD,Đoàn Kết,Doan Ket
VN-35,Lai Châu,Lai Chau,VNAP25-E87D69D9F9,VNAP25-065DC2F6AD,Đông Phong,Dong Phong
VN-35,Lai Châu,Lai Chau,VNAP25-45EFD06987,VNAP25-065DC2F6AD,Quyết Thắng,Quyet Thang
VN-35,Lai Châu,Lai Chau,VNAP25-8C25607206,VNAP25-065DC2F6AD,Quyết Tiến,Quyet Tien
VN-35,Lai Châu,Lai Chau,VNAP25-B0E6537CAF,VNAP25-065DC2F6AD,San Thàng,San Thang
VN-35,Lai Châu,Lai Chau,VNAP25-188704ACDA,VNAP25-065DC2F6AD,Sùng Phài,Sung Phai
VN-35,Lai Châu,Lai Chau,VNAP25-95C21BAA61,VNAP25-065DC2F6AD,Tân Phong,Tan Phong
VN-35,Lai Châu,Lai Chau,VNAP25-97D2071EB8,,Mường Tè,Muong Te
VN-35,Lai Châu,Lai Chau,VNAP25-A7965C388E,VNAP25-97D2071EB8,Bum Nưa,Bum Nua
VN-35,Lai Châu,Lai Chau,VNAP25-41E7D3B393,VNAP25-97D2071EB8,Bum Tở,Bum To
VN-35,Lai Châu,Lai Chau,VNAP25-6279BE8D2B,VNAP25-97D2071EB8,Ka Lăng,Ka Lang
VN-35,Lai Châu,Lai Chau,VNAP25-43313E2537,VNAP25-97D2071EB8,Kan Hồ,Kan Ho
VN-35,Lai Châu,Lai Chau,VNAP25-EA6392306B,VNAP25-97D2071EB8,Mù Cả,Mu Ca
VN-35,Lai Châu,Lai Chau,VNAP25-A988E0B530,VNAP25-97D2071EB8,Mường Tè (Thị trấn),Muong Te (Town)
VN-35,Lai Châu,Lai Chau,VNAP25-AA7B332C53,VNAP25-97D2071EB8,Mường Tè (Xã),Muong Te (Commune)
VN-35,Lai Châu,Lai Chau,VNAP25-E921887418,VNAP25-97D2071EB8,Nậm Khao,Nam Khao
VN-35,Lai Châu,Lai Chau,VNAP25-5DD0A91698,VNAP25-97D2071EB8,Pa Ủ,Pa U
VN-35,Lai Châu,Lai Chau,VNAP25-4F85B49F86,VNAP25-97D2071EB8,Pa Vệ Sử,Pa Ve Su
VN-35,Lai Châu,Lai Chau,VNAP25-8D4B4C933C,VNAP25-97D2071EB8,Tá Bạ,Ta Ba
VN-35,Lai Châu,Lai Chau,VNAP25-1C004B1B09,VNAP25-97D2071EB8,Tà Tổng,Ta Tong
VN-35,Lai Châu,Lai Chau,VNAP25-4B934A2AA0,VNAP25-97D2071EB8,Thu Lũm,Thu Lum
VN-35,Lai Châu,Lai Chau,VNAP25-83D85E534C,VNAP25-97D2071EB8,Vàng San,Vang San
VN-35,Lai Châu,Lai Chau,VNAP25-25D79691F7,,Nậm Nhùn,Nam Nhun
VN-35,Lai Châu,Lai Chau,VNAP25-E76153FFD4,VNAP25-25D79691F7,Hua Bun,Hua Bun
VN-35,Lai Châu,Lai Chau,VNAP25-4DF53F14FC,VNAP25-25D79691F7,Lê Lợi,Le Loi
VN-35,Lai Châu,Lai Chau,VNAP25-1D550F133E,VNAP25-25D79691F7,Mường Mô,Muong Mo
VN-35,Lai Châu,Lai Chau,VNAP25-4A4C4C0E8C,VNAP25-25D79691F7,Nậm Ban,Nam Ban
VN-35,Lai Châu,Lai Chau,VNAP25-5100DA99F1,VNAP25-25D79691F7,Nậm Chà,Nam Cha
VN-35,Lai Châu,Lai Chau,VNAP25-07D3D163A0,VNAP25-25D79691F7,Nậm Hàng,Nam Hang
VN-35,Lai Châu,Lai Chau,VNAP25-49E75D5D82,VNAP25-25D79691F7,Nậm Manh,Nam Manh
VN-35,Lai Châu,Lai Chau,VNAP25-E079AF3288,VNAP25-25D79691F7,Nậm Nhùn,Nam Nhun
VN-35,Lai Châu,Lai Chau,VNAP25-229F20B01D,VNAP25-25D79691F7,Nậm Pì,Nam Pi
VN-35,Lai Châu,Lai Chau,VNAP25-1280A7FE9E,VNAP25-25D79691F7,Pú Đao,Pu Dao
VN-35,Lai Châu,Lai Chau,VNAP25-4FF22D4C5A,VNAP25-25D79691F7,Trung Chải,Trung Chai
VN-35,Lai Châu,Lai Chau,VNAP25-77BAA57CBF,,Phong Thổ,Phong Tho
VN-35,Lai Châu,Lai Chau,VNAP25-6A854FC6FD,VNAP25-77BAA57CBF,Bản Lang,Ban Lang
VN-35,Lai Châu,Lai Chau,VNAP25-B8A3D50430,VNAP25-77BAA57CBF,Dào San,Dao San
VN-35,Lai Châu,Lai Chau,VNAP25-B9F98FB556,VNAP25-77BAA57CBF,Hoang Thèn,Hoang Then
VN-35,Lai Châu,Lai Chau,VNAP25-D1E17608D4,VNAP25-77BAA57CBF,Huổi Luông,Huoi Luong
VN-35,Lai Châu,Lai Chau,VNAP25-DE54E02962,VNAP25-77BAA57CBF,Khổng Lào,Khong Lao
VN-35,Lai Châu,Lai Chau,VNAP25-9AFF8AFB12,VNAP25-77BAA57CBF,Lả Nhì Thàng,La Nhi Thang
VN-35,Lai Châu,Lai Chau,VNAP25-0F2ABC227C,VNAP25-77BAA57CBF,Ma Ly Pho,Ma Ly Pho
VN-35,Lai Châu,Lai Chau,VNAP25-C06B7D8FB8,VNAP25-77BAA57CBF,Mồ Sì San,Mo Si San
VN-35,Lai Châu,Lai Chau,VNAP25-BE0DAB872B,VNAP25-77BAA57CBF,Mù Sang,Mu Sang
VN-35,Lai Châu,Lai Chau,VNAP25-91B64DC01A,VNAP25-77BAA57CBF,Mường So,Muong So
VN-35,Lai Châu,Lai Chau,VNAP25-A4EE28F848,VNAP25-77BAA57CBF,Nậm Xe,Nam Xe
VN-35,Lai Châu,Lai Chau,VNAP25-F25E20F69B,VNAP25-77BAA57CBF,Pa Vây Sử,Pa Vay Su
VN-35,Lai Châu,Lai Chau,VNAP25-8A4EFB4820,VNAP25-77BAA57CBF,Phong Thổ,Phong Tho
VN-35,Lai Châu,Lai Chau,VNAP25-40AB836045,VNAP25-77BAA57CBF,Sì Lở Lầu,Si Lo Lau
VN-35,Lai Châu,Lai Chau,VNAP25-22B93CBFA6,VNAP25-77BAA57CBF,Sin Suối Hồ,Sin Suoi Ho
VN-35,Lai Châu,Lai Chau,VNAP25-F59E143C90,VNAP25-77BAA57CBF,Tông Qua Lìn,Tong Qua Lin
VN-35,Lai Châu,Lai Chau,VNAP25-9FC8C2C5C9,VNAP25-77BAA57CBF,Vàng Ma Chải,Vang Ma Chai
VN-35,Lai Châu,Lai Chau,VNAP25-A475F3C808,,Sìn Hồ,Sin Ho
VN-35,Lai Châu,Lai Chau,VNAP25-7C7BB0ABCF,VNAP25-A475F3C808,Căn Co,Can Co
VN-35,Lai Châu,Lai Chau,VNAP25-C2950BDA97,VNAP25-A475F3C808,Chăn Nưa,Chan Nua
VN-35,Lai Châu,Lai Chau,VNAP25-445D327AFB,VNAP25-A475F3C808,Hồng Thu,Hong Thu
VN-35,Lai Châu,Lai Chau,VNAP25-70F01C28A2,VNAP25-A475F3C808,Làng Mô,Lang Mo
VN-35,Lai Châu,Lai Chau,VNAP25-DB4450DE2D,VNAP25-A475F3C808,Lùng Thàng,Lung Thang
VN-35,Lai Châu,Lai Chau,VNAP25-3D7FB37476,VNAP25-A475F3C808,Ma Quai,Ma Quai
VN-35,Lai Châu,Lai Chau,VNAP25-AD5FEEDFAA,VNAP25-A475F3C808,Nậm Cha,Nam Cha
VN-35,Lai Châu,Lai Chau,VNAP25-1A6320CB09,VNAP25-A475F3C808,Nậm Cuổi,Nam Cuoi
VN-35,Lai Châu,Lai Chau,VNAP25-AB83137137,VNAP25-A475F3C808,Nậm Hăn,Nam Han
VN-35,Lai Châu,Lai Chau,VNAP25-58A5C5D219,VNAP25-A475F3C808,Nậm Mạ,Nam Ma
VN-35,Lai Châu,Lai Chau,VNAP25-9EF98A4AD0,VNAP25-A475F3C808,Nậm Tăm,Nam Tam
VN-35,Lai Châu,Lai Chau,VNAP25-D67F4BBEFB,VNAP25-A475F3C808,Noong Hẻo,Noong Heo
VN-35,Lai Châu,Lai Chau,VNAP25-D606FABB4C,VNAP25-A475F3C808,Pa Khóa,Pa Khoa
VN-35,Lai Châu,Lai Chau,VNAP25-97C0F8B79C,VNAP25-A475F3C808,Pa Tần,Pa Tan
VN-35,Lai Châu,Lai Chau,VNAP25-C25A868D77,VNAP25-A475F3C808,Phăng Sô Lin,Phang So Lin
VN-35,Lai Châu,Lai Chau,VNAP25-4607272866,VNAP25-A475F3C808,Phìn Hồ,Phin Ho
VN-35,Lai Châu,Lai Chau,VNAP25-DF60280DE1,VNAP25-A475F3C808,Pu Sam Cáp,Pu Sam Cap
VN-35,Lai Châu,Lai Chau,VNAP25-D04F0B6E65,VNAP25-A475F3C808,Sà Dề Phìn,Sa De Phin
VN-35,Lai Châu,Lai Chau,VNAP25-A85BD563C2,VNAP25-A475F3C808,Sìn Hồ,Sin Ho
VN-35,Lai Châu,Lai Chau,VNAP25-2738A25C37,VNAP25-A475F3C808,Tả Ngảo,Ta Ngao
VN-35,Lai Châu,Lai Chau,VNAP25-3C143BE639,VNAP25-A475F3C808,Tả Phìn,Ta Phin
VN-35,Lai Châu,Lai Chau,VNAP25-650C0EAB32,VNAP25-A475F3C808,Tủa Sín Chải,Tua Sin Chai
VN-35,Lai Châu,Lai Chau,VNAP25-E8223A8165,,Tam Đường,Tam Duong
VN-35,Lai Châu,Lai Chau,VNAP25-5A65C5F432,VNAP25-E8223A8165,Bản Bo,Ban Bo
VN-35,Lai Châu,Lai Chau,VNAP25-48ECBF2FF1,VNAP25-E8223A8165,Bản Giang,Ban Giang
VN-35,Lai Châu,Lai Chau,VNAP25-167B35BD97,VNAP25-E8223A8165,Bản Hon,Ban Hon
VN-35,Lai Châu,Lai Chau,VNAP25-494179A373,VNAP25-E8223A8165,Bình Lư,Binh Lu
VN-35,Lai Châu,Lai Chau,VNAP25-7C0EF0F02E,VNAP25-E8223A8165,Giang Ma,Giang Ma
VN-35,Lai Châu,Lai Chau,VNAP25-6B70739C2E,VNAP25-E8223A8165,Hồ Thầu,Ho Thau
VN-35,Lai Châu,Lai Chau,VNAP25-5488854F9D,VNAP25-E8223A8165,Khun Há,Khun Ha
VN-35,Lai Châu,Lai Chau,VNAP25-5F73C9D1C5,VNAP25-E8223A8165,Nà Tăm,Na Tam
VN-35,Lai Châu,Lai Chau,VNAP25-8FC81DA09B,VNAP25-E8223A8165,Nùng Nàng,Nung Nang
VN-35,Lai Châu,Lai Chau,VNAP25-76BADDC0A5,VNAP25-E8223A8165,Sơn Bình,Son Binh
VN-35,Lai Châu,Lai Chau,VNAP25-AD7E92E665,VNAP25-E8223A8165,Tả Lèng,Ta Leng
VN-35,Lai Châu,Lai Chau,VNAP25-EDBF3AB47A,VNAP25-E8223A8165,Tam Đường,Tam Duong
VN-35,Lai Châu,Lai Chau,VNAP25-CC9645AB70,VNAP25-E8223A8165,Thèn Sin,Then Sin
VN-35,Lai Châu,Lai Chau,VNAP25-1976EBCC91,,Tân Uyên,Tan Uyen
VN-35,Lai Châu,Lai Chau,VNAP25-3F561FF8F8,VNAP25-1976EBCC91,Hố Mít,Ho Mit
VN-35,Lai Châu,Lai Chau,VNAP25-34132589E1,VNAP25-1976EBCC91,Mường Khoa,Muong Khoa
VN-35,Lai Châu,Lai Chau,VNAP25-99E9C7C5DA,VNAP25-1976EBCC91,Nậm Cần,Nam Can
VN-35,Lai Châu,Lai Chau,VNAP25-00A121EA76,VNAP25-1976EBCC91,Nậm Sỏ,Nam So
VN-35,Lai Châu,Lai Chau,VNAP25-396054CD23,VNAP25-1976EBCC91,Pắc Ta,Pac Ta
VN-35,Lai Châu,Lai Chau,VNAP25-4FEC739103,VNAP25-1976EBCC91,Phúc Khoa,Phuc Khoa
VN-35,Lai Châu,Lai Chau,VNAP25-0157D2FA0B,VNAP25-1976EBCC91,Tà Mít,Ta Mit
VN-35,Lai Châu,Lai Chau,VNAP25-5B3C0ECC49,VNAP25-1976EBCC91,Tân Uyên,Tan Uyen
VN-35,Lai Châu,Lai Chau,VNAP25-F9D7E1E544,VNAP25-1976EBCC91,Thân Thuộc,Than Thuoc
VN-35,Lai Châu,Lai Chau,VNAP25-4767E412F0,VNAP25-1976EBCC91,Trung Đồng,Trung Dong
VN-35,Lai Châu,Lai Chau,VNAP25-6CAE1AA59D,,Than Uyên,Than Uyen
VN-35,Lai Châu,Lai Chau,VNAP25-0790420204,VNAP25-6CAE1AA59D,Hua Nà,Hua Na
VN-35,Lai Châu,Lai Chau,VNAP25-FC7A7C45A6,VNAP25-6CAE1AA59D,Khoen On,Khoen On
VN-35,Lai Châu,Lai Chau,VNAP25-C62E1BB18D,VNAP25-6CAE1AA59D,Mường Cang,Muong Cang
VN-35,Lai Châu,Lai Chau,VNAP25-B22DAA4443,VNAP25-6CAE1AA59D,Mường Kim,Muong Kim
VN-35,Lai Châu,Lai Chau,VNAP25-C399D856D2,VNAP25-6CAE1AA59D,Mường Mít,Muong Mit
VN-35,Lai Châu,Lai Chau,VNAP25-9B3D489AB7,VNAP25-6CAE1AA59D,Mường Than,Muong Than
VN-35,Lai Châu,Lai Chau,VNAP25-E9673690E6,VNAP25-6CAE1AA59D,Pha Mu,Pha Mu
VN-35,Lai Châu,Lai Chau,VNAP25-59D7275D32,VNAP25-6CAE1AA59D,Phúc Than,Phuc Than
VN-35,Lai Châu,Lai Chau,VNAP25-9939FA7DA8,VNAP25-6CAE1AA59D,Tà Gia,Ta Gia
VN-35,Lai Châu,Lai Chau,VNAP25-D5D2E9A143,VNAP25-6CAE1AA59D,Tà Hừa,Ta Hua
VN-35,Lai Châu,Lai Chau,VNAP25-687A0AB0F3,VNAP25-6CAE1AA59D,Tà Mung,Ta Mung
VN-35,Lai Châu,Lai Chau,VNAP25-2B01D00852,VNAP25-6CAE1AA59D,Than Uyên,Than Uyen
VN-36,Lâm Đồng,Lam Dong,VNAP25-698817A008,,Bảo Lâm,Bao Lam
VN-36,Lâm Đồng,Lam Dong,VNAP25-CCDF6EE263,VNAP25-698817A008,B'Lá,B'La
VN-36,Lâm Đồng,Lam Dong,VNAP25-9B1E668DE7,VNAP25-698817A008,Lộc An,Loc An
VN-36,Lâm Đồng,Lam Dong,VNAP25-2D4DBC0594,VNAP25-698817A008,Lộc Bắc,Loc Bac
VN-36,Lâm Đồng,Lam Dong,VNAP25-2E5D7E61AA,VNAP25-698817A008,Lộc Bảo,Loc Bao
VN-36,Lâm Đồng,Lam Dong,VNAP25-823BA62830,VNAP25-698817A008,Lộc Đức,Loc Duc
VN-36,Lâm Đồng,Lam Dong,VNAP25-355C61ECE7,VNAP25-698817A008,Lộc Lâm,Loc Lam
VN-36,Lâm Đồng,Lam Dong,VNAP25-C8C32D230B,VNAP25-698817A008,Lộc Nam,Loc Nam
VN-36,Lâm Đồng,Lam Dong,VNAP25-91D96FB30A,VNAP25-698817A008,Lộc Ngãi,Loc Ngai
VN-36,Lâm Đồng,Lam Dong,VNAP25-273F2F0B26,VNAP25-698817A008,Lộc Phú,Loc Phu
VN-36,Lâm Đồng,Lam Dong,VNAP25-E44618777F,VNAP25-698817A008,Lộc Quảng,Loc Quang
VN-36,Lâm Đồng,Lam Dong,VNAP25-45A80BE049,VNAP25-698817A008,Lộc Tân,Loc Tan
VN-36,Lâm Đồng,Lam Dong,VNAP25-277AA4B4A3,VNAP25-698817A008,Lộc Thắng,Loc Thang
VN-36,Lâm Đồng,Lam Dong,VNAP25-2103B3E9A1,VNAP25-698817A008,Lộc Thành,Loc Thanh
VN-36,Lâm Đồng,Lam Dong,VNAP25-E248D2B914,VNAP25-698817A008,Tân Lạc,Tan Lac
VN-36,Lâm Đồng,Lam Dong,VNAP25-1D22937517,,Bảo Lộc,Bao Loc
VN-36,Lâm Đồng,Lam Dong,VNAP25-CCAF0C8008,VNAP25-1D22937517,1,1
VN-36,Lâm Đồng,Lam Dong,VNAP25-699F29AE91,VNAP25-1D22937517,2,2
VN-36,Lâm Đồng,Lam Dong,VNAP25-BDE02DC6AB,VNAP25-1D22937517,B'Lao,B'Lao
VN-36,Lâm Đồng,Lam Dong,VNAP25-4B568325D5,VNAP25-1D22937517,Đại Lào,Dai Lao
VN-36,Lâm Đồng,Lam Dong,VNAP25-28198A4131,VNAP25-1D22937517,Đạm Bri,Dam Bri
VN-36,Lâm Đồng,Lam Dong,VNAP25-4ED4C2FE1D,VNAP25-1D22937517,Lộc Châu,Loc Chau
VN-36,Lâm Đồng,Lam Dong,VNAP25-1325A9F848,VNAP25-1D22937517,Lộc Nga,Loc Nga
VN-36,Lâm Đồng,Lam Dong,VNAP25-EB15973C6F,VNAP25-1D22937517,Lộc Phát,Loc Phat
VN-36,Lâm Đồng,Lam Dong,VNAP25-8A56E4F1CB,VNAP25-1D22937517,Lộc Sơn,Loc Son
VN-36,Lâm Đồng,Lam Dong,VNAP25-9699BD9306,VNAP25-1D22937517,Lộc Thanh,Loc Thanh
VN-36,Lâm Đồng,Lam Dong,VNAP25-4A9966732E,VNAP25-1D22937517,Lộc Tiến,Loc Tien
VN-36,Lâm Đồng,Lam Dong,VNAP25-4B404D3065,,Đạ Huoai,Da Huoai
VN-36,Lâm Đồng,Lam Dong,VNAP25-8B2B31AFAB,VNAP25-4B404D3065,An Nhơn,An Nhon
VN-36,Lâm Đồng,Lam Dong,VNAP25-36C5B64F23,VNAP25-4B404D3065,Bà Gia,Ba Gia
VN-36,Lâm Đồng,Lam Dong,VNAP25-F919186C6E,VNAP25-4B404D3065,Cát Tiên,Cat Tien
VN-36,Lâm Đồng,Lam Dong,VNAP25-54370785F0,VNAP25-4B404D3065,Đạ Kho,Da Kho
VN-36,Lâm Đồng,Lam Dong,VNAP25-1DCC30C7F9,VNAP25-4B404D3065,Đạ Lây,Da Lay
VN-36,Lâm Đồng,Lam Dong,VNAP25-33D309658F,VNAP25-4B404D3065,Đạ M'Ri,Da M'Ri
VN-36,Lâm Đồng,Lam Dong,VNAP25-AF5B6E39DA,VNAP25-4B404D3065,Đạ Oai,Da Oai
VN-36,Lâm Đồng,Lam Dong,VNAP25-E1A95D6901,VNAP25-4B404D3065,Đạ Pal,Da Pal
VN-36,Lâm Đồng,Lam Dong,VNAP25-686336C2AA,VNAP25-4B404D3065,Đạ Tẻh,Da Teh
VN-36,Lâm Đồng,Lam Dong,VNAP25-2A343F98D2,VNAP25-4B404D3065,Đồng Nai Thượng,Dong Nai Thuong
VN-36,Lâm Đồng,Lam Dong,VNAP25-1E4FA84217,VNAP25-4B404D3065,Đức Phổ,Duc Pho
VN-36,Lâm Đồng,Lam Dong,VNAP25-9D00198C6C,VNAP25-4B404D3065,Gia Viễn,Gia Vien
VN-36,Lâm Đồng,Lam Dong,VNAP25-94A2E37A36,VNAP25-4B404D3065,Hà Lâm,Ha Lam
VN-36,Lâm Đồng,Lam Dong,VNAP25-A12B463BCD,VNAP25-4B404D3065,Ma Đa Guôi (Thị trấn),Ma Da Guoi (Town)
VN-36,Lâm Đồng,Lam Dong,VNAP25-774334D387,VNAP25-4B404D3065,Ma Đa Guôi (Xã),Ma Da Guoi (Commune)
VN-36,Lâm Đồng,Lam Dong,VNAP25-674A217A7F,VNAP25-4B404D3065,Mỹ Đức,My Duc
VN-36,Lâm Đồng,Lam Dong,VNAP25-DE42460659,VNAP25-4B404D3065,Nam Ninh,Nam Ninh
VN-36,Lâm Đồng,Lam Dong,VNAP25-9DE2F9840D,VNAP25-4B404D3065,Phước Cát,Phuoc Cat
VN-36,Lâm Đồng,Lam Dong,VNAP25-8D9D4AEBD8,VNAP25-4B404D3065,Phước Cát 2,Phuoc Cat 2
VN-36,Lâm Đồng,Lam Dong,VNAP25-BFC5ECAC9D,VNAP25-4B404D3065,Quảng Ngãi,Quang Ngai
VN-36,Lâm Đồng,Lam Dong,VNAP25-F66C794AFE,VNAP25-4B404D3065,Quảng Trị,Quang Tri
VN-36,Lâm Đồng,Lam Dong,VNAP25-7478048259,VNAP25-4B404D3065,Quốc Oai,Quoc Oai
VN-36,Lâm Đồng,Lam Dong,VNAP25-465BB0E960,VNAP25-4B404D3065,Tiên Hoàng,Tien Hoang
VN-36,Lâm Đồng,Lam Dong,VNAP25-7532280464,,Đà Lạt,Da Lat
VN-36,Lâm Đồng,Lam Dong,VNAP25-B0B0608522,VNAP25-7532280464,1,1
VN-36,Lâm Đồng,Lam Dong,VNAP25-0D8CDC54CB,VNAP25-7532280464,10,10
VN-36,Lâm Đồng,Lam Dong,VNAP25-96184AD63E,VNAP25-7532280464,11,11
VN-36,Lâm Đồng,Lam Dong,VNAP25-F434253833,VNAP25-7532280464,12,12
VN-36,Lâm Đồng,Lam Dong,VNAP25-17AF404BC9,VNAP25-7532280464,2,2
VN-36,Lâm Đồng,Lam Dong,VNAP25-B880655CD9,VNAP25-7532280464,3,3
VN-36,Lâm Đồng,Lam Dong,VNAP25-29988D7025,VNAP25-7532280464,4,4
VN-36,Lâm Đồng,Lam Dong,VNAP25-20FFC1AC16,VNAP25-7532280464,5,5
VN-36,Lâm Đồng,Lam Dong,VNAP25-82C147AC85,VNAP25-7532280464,6,6
VN-36,Lâm Đồng,Lam Dong,VNAP25-BC4E357EB1,VNAP25-7532280464,7,7
VN-36,Lâm Đồng,Lam Dong,VNAP25-CC7171F652,VNAP25-7532280464,8,8
VN-36,Lâm Đồng,Lam Dong,VNAP25-F865CCDBE8,VNAP25-7532280464,9,9
VN-36,Lâm Đồng,Lam Dong,VNAP25-ED2DA658B8,VNAP25-7532280464,Tà Nung,Ta Nung
VN-36,Lâm Đồng,Lam Dong,VNAP25-4BF8D9FCAF,VNAP25-7532280464,Trạm Hành,Tram Hanh
VN-36,Lâm Đồng,Lam Dong,VNAP25-B1ECBCAE44,VNAP25-7532280464,Xuân Thọ,Xuan Tho
VN-36,Lâm Đồng,Lam Dong,VNAP25-930ADF345C,VNAP25-7532280464,Xuân Trường,Xuan Truong
VN-36,Lâm Đồng,Lam Dong,VNAP25-E1CA0E59DD,,Đam Rông,Dam Rong
VN-36,Lâm Đồng,Lam Dong,VNAP25-2EF1FFCF2F,VNAP25-E1CA0E59DD,Đạ K'Nàng,Da K'Nang
VN-36,Lâm Đồng,Lam Dong,VNAP25-AB435E8374,VNAP25-E1CA0E59DD,Đạ Long,Da Long
VN-36,Lâm Đồng,Lam Dong,VNAP25-C950CE74F7,VNAP25-E1CA0E59DD,Đạ M'Rong,Da M'Rong
VN-36,Lâm Đồng,Lam Dong,VNAP25-A9398D2A9C,VNAP25-E1CA0E59DD,Đạ Rsal,Da Rsal
VN-36,Lâm Đồng,Lam Dong,VNAP25-B903999178,VNAP25-E1CA0E59DD,Đạ Tông,Da Tong
VN-36,Lâm Đồng,Lam Dong,VNAP25-F9B8E98F2E,VNAP25-E1CA0E59DD,Liêng Srônh,Lieng Sronh
VN-36,Lâm Đồng,Lam Dong,VNAP25-4865181CAA,VNAP25-E1CA0E59DD,Phi Liêng,Phi Lieng
VN-36,Lâm Đồng,Lam Dong,VNAP25-1F5EDC408B,VNAP25-E1CA0E59DD,Rô Men,Ro Men
VN-36,Lâm Đồng,Lam Dong,VNAP25-A92204E4B8,,Di Linh,Di Linh
VN-36,Lâm Đồng,Lam Dong,VNAP25-3BF01746EB,VNAP25-A92204E4B8,Bảo Thuận,Bao Thuan
VN-36,Lâm Đồng,Lam Dong,VNAP25-59AB3DD224,VNAP25-A92204E4B8,Di Linh,Di Linh
VN-36,Lâm Đồng,Lam Dong,VNAP25-AB85AD6C15,VNAP25-A92204E4B8,Đinh Lạc,Dinh Lac
VN-36,Lâm Đồng,Lam Dong,VNAP25-72CA2E1875,VNAP25-A92204E4B8,Đinh Trang Hòa,Dinh Trang Hoa
VN-36,Lâm Đồng,Lam Dong,VNAP25-1E87B55E32,VNAP25-A92204E4B8,Đinh Trang Thượng,Dinh Trang Thuong
VN-36,Lâm Đồng,Lam Dong,VNAP25-F45FE47355,VNAP25-A92204E4B8,Gia Bắc,Gia Bac
VN-36,Lâm Đồng,Lam Dong,VNAP25-E239D38A84,VNAP25-A92204E4B8,Gia Hiệp,Gia Hiep
VN-36,Lâm Đồng,Lam Dong,VNAP25-72522DE3F0,VNAP25-A92204E4B8,Gung Ré,Gung Re
VN-36,Lâm Đồng,Lam Dong,VNAP25-7420A560C8,VNAP25-A92204E4B8,Hòa Bắc,Hoa Bac
VN-36,Lâm Đồng,Lam Dong,VNAP25-DB9046BE79,VNAP25-A92204E4B8,Hòa Nam,Hoa Nam
VN-36,Lâm Đồng,Lam Dong,VNAP25-5798EF2856,VNAP25-A92204E4B8,Hòa Ninh,Hoa Ninh
VN-36,Lâm Đồng,Lam Dong,VNAP25-920B77A654,VNAP25-A92204E4B8,Hòa Trung,Hoa Trung
VN-36,Lâm Đồng,Lam Dong,VNAP25-21406D650C,VNAP25-A92204E4B8,Liên Đầm,Lien Dam
VN-36,Lâm Đồng,Lam Dong,VNAP25-57661BBAA7,VNAP25-A92204E4B8,Sơn Điền,Son Dien
VN-36,Lâm Đồng,Lam Dong,VNAP25-1C34AE52C7,VNAP25-A92204E4B8,Tam Bố,Tam Bo
VN-36,Lâm Đồng,Lam Dong,VNAP25-20A21510C5,VNAP25-A92204E4B8,Tân Châu,Tan Chau
VN-36,Lâm Đồng,Lam Dong,VNAP25-AB5AB7E6A5,VNAP25-A92204E4B8,Tân Lâm,Tan Lam
VN-36,Lâm Đồng,Lam Dong,VNAP25-0F3994E674,VNAP25-A92204E4B8,Tân Nghĩa,Tan Nghia
VN-36,Lâm Đồng,Lam Dong,VNAP25-9523A3149F,VNAP25-A92204E4B8,Tân Thượng,Tan Thuong
VN-36,Lâm Đồng,Lam Dong,VNAP25-A8A3B0FA4F,,Đơn Dương,Don Duong
VN-36,Lâm Đồng,Lam Dong,VNAP25-9C7795E9DD,VNAP25-A8A3B0FA4F,D'Ran,D'Ran
VN-36,Lâm Đồng,Lam Dong,VNAP25-25EFD465A3,VNAP25-A8A3B0FA4F,Đạ Ròn,Da Ron
VN-36,Lâm Đồng,Lam Dong,VNAP25-9BB8F5A4FC,VNAP25-A8A3B0FA4F,Ka Đô,Ka Do
VN-36,Lâm Đồng,Lam Dong,VNAP25-565414A839,VNAP25-A8A3B0FA4F,Ka Đơn,Ka Don
VN-36,Lâm Đồng,Lam Dong,VNAP25-D1B8E0A4E9,VNAP25-A8A3B0FA4F,Lạc Lâm,Lac Lam
VN-36,Lâm Đồng,Lam Dong,VNAP25-B029D48B75,VNAP25-A8A3B0FA4F,Lạc Xuân,Lac Xuan
VN-36,Lâm Đồng,Lam Dong,VNAP25-81B38D98E1,VNAP25-A8A3B0FA4F,Quảng Lập,Quang Lap
VN-36,Lâm Đồng,Lam Dong,VNAP25-11F5803FA8,VNAP25-A8A3B0FA4F,Thạnh Mỹ,Thanh My
VN-36,Lâm Đồng,Lam Dong,VNAP25-15FCEB0640,VNAP25-A8A3B0FA4F,Tu Tra,Tu Tra
VN-36,Lâm Đồng,Lam Dong,VNAP25-AED8341E80,,Đức Trọng,Duc Trong
VN-36,Lâm Đồng,Lam Dong,VNAP25-FE85542DE0,VNAP25-AED8341E80,Bình Thạnh,Binh Thanh
VN-36,Lâm Đồng,Lam Dong,VNAP25-82778693A8,VNAP25-AED8341E80,Đà Loan,Da Loan
VN-36,Lâm Đồng,Lam Dong,VNAP25-5A2CCBC33B,VNAP25-AED8341E80,Đa Quyn,Da Quyn
VN-36,Lâm Đồng,Lam Dong,VNAP25-4F3E02A1FA,VNAP25-AED8341E80,Hiệp An,Hiep An
VN-36,Lâm Đồng,Lam Dong,VNAP25-D29EE98FB2,VNAP25-AED8341E80,Hiệp Thạnh,Hiep Thanh
VN-36,Lâm Đồng,Lam Dong,VNAP25-DB1C7D78F2,VNAP25-AED8341E80,Liên Hiệp,Lien Hiep
VN-36,Lâm Đồng,Lam Dong,VNAP25-848B3409D6,VNAP25-AED8341E80,Liên Nghĩa,Lien Nghia
VN-36,Lâm Đồng,Lam Dong,VNAP25-9D70334B7A,VNAP25-AED8341E80,N'Thol Hạ,N'Thol Ha
VN-36,Lâm Đồng,Lam Dong,VNAP25-BB21DFEB28,VNAP25-AED8341E80,Ninh Gia,Ninh Gia
VN-36,Lâm Đồng,Lam Dong,VNAP25-BB8BFE8992,VNAP25-AED8341E80,Ninh Loan,Ninh Loan
VN-36,Lâm Đồng,Lam Dong,VNAP25-6008442EB4,VNAP25-AED8341E80,Phú Hội,Phu Hoi
VN-36,Lâm Đồng,Lam Dong,VNAP25-98961868FF,VNAP25-AED8341E80,Tà Hine,Ta Hine
VN-36,Lâm Đồng,Lam Dong,VNAP25-BC5B6D6530,VNAP25-AED8341E80,Tà Năng,Ta Nang
VN-36,Lâm Đồng,Lam Dong,VNAP25-1477B68D80,VNAP25-AED8341E80,Tân Hội,Tan Hoi
VN-36,Lâm Đồng,Lam Dong,VNAP25-AF6B319F30,VNAP25-AED8341E80,Tân Thành,Tan Thanh
VN-36,Lâm Đồng,Lam Dong,VNAP25-E34A40C1A9,,Lạc Dương,Lac Duong
VN-36,Lâm Đồng,Lam Dong,VNAP25-A16007416E,VNAP25-E34A40C1A9,Đạ Chais,Da Chais
VN-36,Lâm Đồng,Lam Dong,VNAP25-F110B2A796,VNAP25-E34A40C1A9,Đạ Nhim,Da Nhim
VN-36,Lâm Đồng,Lam Dong,VNAP25-52E0EB725F,VNAP25-E34A40C1A9,Đạ Sar,Da Sar
VN-36,Lâm Đồng,Lam Dong,VNAP25-07C66B50A2,VNAP25-E34A40C1A9,Đưng Knớ,Dung Kno
VN-36,Lâm Đồng,Lam Dong,VNAP25-0A0814382E,VNAP25-E34A40C1A9,Lạc Dương,Lac Duong
VN-36,Lâm Đồng,Lam Dong,VNAP25-8CFB561DB0,VNAP25-E34A40C1A9,Lát,Lat
VN-36,Lâm Đồng,Lam Dong,VNAP25-A53FCD6191,,Lâm Hà,Lam Ha
VN-36,Lâm Đồng,Lam Dong,VNAP25-3D1F827F71,VNAP25-A53FCD6191,Đạ Đờn,Da Don
VN-36,Lâm Đồng,Lam Dong,VNAP25-8EA0DBD709,VNAP25-A53FCD6191,Đan Phượng,Dan Phuong
VN-36,Lâm Đồng,Lam Dong,VNAP25-A947EEACE2,VNAP25-A53FCD6191,Đinh Văn,Dinh Van
VN-36,Lâm Đồng,Lam Dong,VNAP25-CB8E1DA876,VNAP25-A53FCD6191,Đông Thanh,Dong Thanh
VN-36,Lâm Đồng,Lam Dong,VNAP25-7AD72B343C,VNAP25-A53FCD6191,Gia Lâm,Gia Lam
VN-36,Lâm Đồng,Lam Dong,VNAP25-154EBE809D,VNAP25-A53FCD6191,Hoài Đức,Hoai Duc
VN-36,Lâm Đồng,Lam Dong,VNAP25-238A62E27F,VNAP25-A53FCD6191,Liên Hà,Lien Ha
VN-36,Lâm Đồng,Lam Dong,VNAP25-003A4C5A2E,VNAP25-A53FCD6191,Mê Linh,Me Linh
VN-36,Lâm Đồng,Lam Dong,VNAP25-737F8E0AA2,VNAP25-A53FCD6191,Nam Ban,Nam Ban
VN-36,Lâm Đồng,Lam Dong,VNAP25-6D3722CCAC,VNAP25-A53FCD6191,Nam Hà,Nam Ha
VN-36,Lâm Đồng,Lam Dong,VNAP25-3E36FAC312,VNAP25-A53FCD6191,Phi Tô,Phi To
VN-36,Lâm Đồng,Lam Dong,VNAP25-15984F350C,VNAP25-A53FCD6191,Phú Sơn,Phu Son
VN-36,Lâm Đồng,Lam Dong,VNAP25-9E7943E72A,VNAP25-A53FCD6191,Phúc Thọ,Phuc Tho
VN-36,Lâm Đồng,Lam Dong,VNAP25-5701967B66,VNAP25-A53FCD6191,Tân Hà,Tan Ha
VN-36,Lâm Đồng,Lam Dong,VNAP25-206D0E1463,VNAP25-A53FCD6191,Tân Thanh,Tan Thanh
VN-36,Lâm Đồng,Lam Dong,VNAP25-6A04983636,VNAP25-A53FCD6191,Tân Văn,Tan Van
VN-37,Lạng Sơn,Lang Son,VNAP25-2F54F9EB6B,,Bắc Sơn,Bac Son
VN-37,Lạng Sơn,Lang Son,VNAP25-45C070251F,VNAP25-2F54F9EB6B,Bắc Quỳnh,Bac Quynh
VN-37,Lạng Sơn,Lang Son,VNAP25-B565EF5FF6,VNAP25-2F54F9EB6B,Bắc Sơn,Bac Son
VN-37,Lạng Sơn,Lang Son,VNAP25-87EDD44891,VNAP25-2F54F9EB6B,Chiến Thắng,Chien Thang
VN-37,Lạng Sơn,Lang Son,VNAP25-CEB8F9C451,VNAP25-2F54F9EB6B,Chiêu Vũ,Chieu Vu
VN-37,Lạng Sơn,Lang Son,VNAP25-94E8AE69A6,VNAP25-2F54F9EB6B,Đồng Ý,Dong Y
VN-37,Lạng Sơn,Lang Son,VNAP25-F8E253D9CC,VNAP25-2F54F9EB6B,Hưng Vũ,Hung Vu
VN-37,Lạng Sơn,Lang Son,VNAP25-8F85EA91FB,VNAP25-2F54F9EB6B,Long Đống,Long Dong
VN-37,Lạng Sơn,Lang Son,VNAP25-40C470786C,VNAP25-2F54F9EB6B,Nhất Hòa,Nhat Hoa
VN-37,Lạng Sơn,Lang Son,VNAP25-D7A145F9B6,VNAP25-2F54F9EB6B,Nhất Tiến,Nhat Tien
VN-37,Lạng Sơn,Lang Son,VNAP25-EDED51B663,VNAP25-2F54F9EB6B,Tân Hương,Tan Huong
VN-37,Lạng Sơn,Lang Son,VNAP25-17127664E5,VNAP25-2F54F9EB6B,Tân Lập,Tan Lap
VN-37,Lạng Sơn,Lang Son,VNAP25-8CE29B7A4F,VNAP25-2F54F9EB6B,Tân Thành,Tan Thanh
VN-37,Lạng Sơn,Lang Son,VNAP25-2403AD10B4,VNAP25-2F54F9EB6B,Tân Tri,Tan Tri
VN-37,Lạng Sơn,Lang Son,VNAP25-8A6B5430CD,VNAP25-2F54F9EB6B,Trấn Yên,Tran Yen
VN-37,Lạng Sơn,Lang Son,VNAP25-60253D4E5B,VNAP25-2F54F9EB6B,Vạn Thủy,Van Thuy
VN-37,Lạng Sơn,Lang Son,VNAP25-8CEC67F5C4,VNAP25-2F54F9EB6B,Vũ Lăng,Vu Lang
VN-37,Lạng Sơn,Lang Son,VNAP25-0DB2F145D8,VNAP25-2F54F9EB6B,Vũ Lễ,Vu Le
VN-37,Lạng Sơn,Lang Son,VNAP25-F4797FE8F2,VNAP25-2F54F9EB6B,Vũ Sơn,Vu Son
VN-37,Lạng Sơn,Lang Son,VNAP25-62A972B5CF,,Bình Gia,Binh Gia
VN-37,Lạng Sơn,Lang Son,VNAP25-408E255407,VNAP25-62A972B5CF,Bình Gia,Binh Gia
VN-37,Lạng Sơn,Lang Son,VNAP25-816384515E,VNAP25-62A972B5CF,Bình La,Binh La
VN-37,Lạng Sơn,Lang Son,VNAP25-CE98BEA2CC,VNAP25-62A972B5CF,Hòa Bình,Hoa Binh
VN-37,Lạng Sơn,Lang Son,VNAP25-F400AD647C,VNAP25-62A972B5CF,Hoa Thám,Hoa Tham
VN-37,Lạng Sơn,Lang Son,VNAP25-CE55C64797,VNAP25-62A972B5CF,Hoàng Văn Thụ,Hoang Van Thu
VN-37,Lạng Sơn,Lang Son,VNAP25-45DC1F86B8,VNAP25-62A972B5CF,Hồng Phong,Hong Phong
VN-37,Lạng Sơn,Lang Son,VNAP25-46C5B9B4C9,VNAP25-62A972B5CF,Hồng Thái,Hong Thai
VN-37,Lạng Sơn,Lang Son,VNAP25-2BF8E684F2,VNAP25-62A972B5CF,Hưng Đạo,Hung Dao
VN-37,Lạng Sơn,Lang Son,VNAP25-854DA1645D,VNAP25-62A972B5CF,Minh Khai,Minh Khai
VN-37,Lạng Sơn,Lang Son,VNAP25-16829566B7,VNAP25-62A972B5CF,Mông Ân,Mong An
VN-37,Lạng Sơn,Lang Son,VNAP25-36316DBDDC,VNAP25-62A972B5CF,Quang Trung,Quang Trung
VN-37,Lạng Sơn,Lang Son,VNAP25-381DA61035,VNAP25-62A972B5CF,Quý Hòa,Quy Hoa
VN-37,Lạng Sơn,Lang Son,VNAP25-4EB180FEE0,VNAP25-62A972B5CF,Tân Hòa,Tan Hoa
VN-37,Lạng Sơn,Lang Son,VNAP25-246856697E,VNAP25-62A972B5CF,Tân Văn,Tan Van
VN-37,Lạng Sơn,Lang Son,VNAP25-20B4955F88,VNAP25-62A972B5CF,Thiện Hòa,Thien Hoa
VN-37,Lạng Sơn,Lang Son,VNAP25-1791C4542E,VNAP25-62A972B5CF,Thiện Long,Thien Long
VN-37,Lạng Sơn,Lang Son,VNAP25-5120D77475,VNAP25-62A972B5CF,Thiện Thuật,Thien Thuat
VN-37,Lạng Sơn,Lang Son,VNAP25-D80CA2488C,VNAP25-62A972B5CF,Vĩnh Yên,Vinh Yen
VN-37,Lạng Sơn,Lang Son,VNAP25-562EBB2230,VNAP25-62A972B5CF,Yên Lỗ,Yen Lo
VN-37,Lạng Sơn,Lang Son,VNAP25-BFA43D00E1,,Cao Lộc,Cao Loc
VN-37,Lạng Sơn,Lang Son,VNAP25-E5A8F2BD91,VNAP25-BFA43D00E1,Bảo Lâm,Bao Lam
VN-37,Lạng Sơn,Lang Son,VNAP25-6394E5B417,VNAP25-BFA43D00E1,Bình Trung,Binh Trung
VN-37,Lạng Sơn,Lang Son,VNAP25-A11F92F518,VNAP25-BFA43D00E1,Cao Lâu,Cao Lau
VN-37,Lạng Sơn,Lang Son,VNAP25-B15FD48FCA,VNAP25-BFA43D00E1,Cao Lộc,Cao Loc
VN-37,Lạng Sơn,Lang Son,VNAP25-683C8A444E,VNAP25-BFA43D00E1,Công Sơn,Cong Son
VN-37,Lạng Sơn,Lang Son,VNAP25-625595205F,VNAP25-BFA43D00E1,Đồng Đăng,Dong Dang
VN-37,Lạng Sơn,Lang Son,VNAP25-D05F36A048,VNAP25-BFA43D00E1,Gia Cát,Gia Cat
VN-37,Lạng Sơn,Lang Son,VNAP25-43E5FFFDEF,VNAP25-BFA43D00E1,Hải Yến,Hai Yen
VN-37,Lạng Sơn,Lang Son,VNAP25-F592D6675E,VNAP25-BFA43D00E1,Hòa Cư,Hoa Cu
VN-37,Lạng Sơn,Lang Son,VNAP25-E2EB6A8CF9,VNAP25-BFA43D00E1,Hồng Phong,Hong Phong
VN-37,Lạng Sơn,Lang Son,VNAP25-682C8F0F65,VNAP25-BFA43D00E1,Hợp Thành,Hop Thanh
VN-37,Lạng Sơn,Lang Son,VNAP25-2B5D5B2680,VNAP25-BFA43D00E1,Lộc Yên,Loc Yen
VN-37,Lạng Sơn,Lang Son,VNAP25-A56DBD1D48,VNAP25-BFA43D00E1,Mẫu Sơn,Mau Son
VN-37,Lạng Sơn,Lang Son,VNAP25-969D0F92CE,VNAP25-BFA43D00E1,Phú Xá,Phu Xa
VN-37,Lạng Sơn,Lang Son,VNAP25-4E5A68A944,VNAP25-BFA43D00E1,Tân Liên,Tan Lien
VN-37,Lạng Sơn,Lang Son,VNAP25-7D823A5500,VNAP25-BFA43D00E1,Tân Thành,Tan Thanh
VN-37,Lạng Sơn,Lang Son,VNAP25-D991469DFE,VNAP25-BFA43D00E1,Thạch Đạn,Thach Dan
VN-37,Lạng Sơn,Lang Son,VNAP25-95F1D67C54,VNAP25-BFA43D00E1,Thanh Lòa,Thanh Loa
VN-37,Lạng Sơn,Lang Son,VNAP25-86258E08E2,VNAP25-BFA43D00E1,Thụy Hùng,Thuy Hung
VN-37,Lạng Sơn,Lang Son,VNAP25-06F9B8A69C,VNAP25-BFA43D00E1,Xuân Long,Xuan Long
VN-37,Lạng Sơn,Lang Son,VNAP25-FCF7BA9848,VNAP25-BFA43D00E1,Xuất Lễ,Xuat Le
VN-37,Lạng Sơn,Lang Son,VNAP25-09C352128B,VNAP25-BFA43D00E1,Yên Trạch,Yen Trach
VN-37,Lạng Sơn,Lang Son,VNAP25-AD150AF585,,Chi Lăng,Chi Lang
VN-37,Lạng Sơn,Lang Son,VNAP25-0FD3B21696,VNAP25-AD150AF585,Bắc Thủy,Bac Thuy
VN-37,Lạng Sơn,Lang Son,VNAP25-3D8C7207C8,VNAP25-AD150AF585,Bằng Hữu,Bang Huu
VN-37,Lạng Sơn,Lang Son,VNAP25-FABDCFE926,VNAP25-AD150AF585,Bằng Mạc,Bang Mac
VN-37,Lạng Sơn,Lang Son,VNAP25-42DD3F1538,VNAP25-AD150AF585,Chi Lăng (Thị trấn),Chi Lang (Town)
VN-37,Lạng Sơn,Lang Son,VNAP25-FE220D6220,VNAP25-AD150AF585,Chi Lăng (Xã),Chi Lang (Commune)
VN-37,Lạng Sơn,Lang Son,VNAP25-F206C7D139,VNAP25-AD150AF585,Chiến Thắng,Chien Thang
VN-37,Lạng Sơn,Lang Son,VNAP25-3D64D23A30,VNAP25-AD150AF585,Đồng Mỏ,Dong Mo
VN-37,Lạng Sơn,Lang Son,VNAP25-4FBD3EF169,VNAP25-AD150AF585,Gia Lộc,Gia Loc
VN-37,Lạng Sơn,Lang Son,VNAP25-247FB2C345,VNAP25-AD150AF585,Hòa Bình,Hoa Binh
VN-37,Lạng Sơn,Lang Son,VNAP25-187650C40D,VNAP25-AD150AF585,Hữu Kiên,Huu Kien
VN-37,Lạng Sơn,Lang Son,VNAP25-EAFD13A468,VNAP25-AD150AF585,Lâm Sơn,Lam Son
VN-37,Lạng Sơn,Lang Son,VNAP25-8E8BFDC716,VNAP25-AD150AF585,Liên Sơn,Lien Son
VN-37,Lạng Sơn,Lang Son,VNAP25-352E3F63C6,VNAP25-AD150AF585,Mai Sao,Mai Sao
VN-37,Lạng Sơn,Lang Son,VNAP25-06DD613793,VNAP25-AD150AF585,Nhân Lý,Nhan Ly
VN-37,Lạng Sơn,Lang Son,VNAP25-2AC5B066DE,VNAP25-AD150AF585,Quan Sơn,Quan Son
VN-37,Lạng Sơn,Lang Son,VNAP25-05FD807463,VNAP25-AD150AF585,Thượng Cường,Thuong Cuong
VN-37,Lạng Sơn,Lang Son,VNAP25-AE6A414FE8,VNAP25-AD150AF585,Vân An,Van An
VN-37,Lạng Sơn,Lang Son,VNAP25-8736E06019,VNAP25-AD150AF585,Vạn Linh,Van Linh
VN-37,Lạng Sơn,Lang Son,VNAP25-904828E677,VNAP25-AD150AF585,Vân Thủy,Van Thuy
VN-37,Lạng Sơn,Lang Son,VNAP25-FC1E322F20,VNAP25-AD150AF585,Y Tịch,Y Tich
VN-37,Lạng Sơn,Lang Son,VNAP25-ACC3CDA1DA,,Đình Lập,Dinh Lap
VN-37,Lạng Sơn,Lang Son,VNAP25-5608BA0BA1,VNAP25-ACC3CDA1DA,Bắc Lãng,Bac Lang
VN-37,Lạng Sơn,Lang Son,VNAP25-20A319A762,VNAP25-ACC3CDA1DA,Bắc Xa,Bac Xa
VN-37,Lạng Sơn,Lang Son,VNAP25-7D3FCD851C,VNAP25-ACC3CDA1DA,Bính Xá,Binh Xa
VN-37,Lạng Sơn,Lang Son,VNAP25-529500CCF1,VNAP25-ACC3CDA1DA,Châu Sơn,Chau Son
VN-37,Lạng Sơn,Lang Son,VNAP25-A25B24AEE4,VNAP25-ACC3CDA1DA,Cường Lợi,Cuong Loi
VN-37,Lạng Sơn,Lang Son,VNAP25-E3F9E9FF52,VNAP25-ACC3CDA1DA,Đình Lập (Thị trấn),Dinh Lap (Town)
VN-37,Lạng Sơn,Lang Son,VNAP25-AC812121CA,VNAP25-ACC3CDA1DA,Đình Lập (Xã),Dinh Lap (Commune)
VN-37,Lạng Sơn,Lang Son,VNAP25-6C698D32E9,VNAP25-ACC3CDA1DA,Đồng Thắng,Dong Thang
VN-37,Lạng Sơn,Lang Son,VNAP25-9F96A70580,VNAP25-ACC3CDA1DA,Kiên Mộc,Kien Moc
VN-37,Lạng Sơn,Lang Son,VNAP25-2721353B30,VNAP25-ACC3CDA1DA,Lâm Ca,Lam Ca
VN-37,Lạng Sơn,Lang Son,VNAP25-8DF55E85A1,VNAP25-ACC3CDA1DA,Nông Trường Thái Bình,Nong Truong Thai Binh
VN-37,Lạng Sơn,Lang Son,VNAP25-545A30CEF3,VNAP25-ACC3CDA1DA,Thái Bình,Thai Binh
VN-37,Lạng Sơn,Lang Son,VNAP25-87DA454DD8,,Hữu Lũng,Huu Lung
VN-37,Lạng Sơn,Lang Son,VNAP25-738AD55818,VNAP25-87DA454DD8,Cai Kinh,Cai Kinh
VN-37,Lạng Sơn,Lang Son,VNAP25-68BFC86E7E,VNAP25-87DA454DD8,Đồng Tân,Dong Tan
VN-37,Lạng Sơn,Lang Son,VNAP25-0230CF5891,VNAP25-87DA454DD8,Đồng Tiến,Dong Tien
VN-37,Lạng Sơn,Lang Son,VNAP25-FE5C10B41A,VNAP25-87DA454DD8,Hồ Sơn,Ho Son
VN-37,Lạng Sơn,Lang Son,VNAP25-4B50A5CFF1,VNAP25-87DA454DD8,Hòa Bình,Hoa Binh
VN-37,Lạng Sơn,Lang Son,VNAP25-2E4A76A1D7,VNAP25-87DA454DD8,Hòa Lạc,Hoa Lac
VN-37,Lạng Sơn,Lang Son,VNAP25-F00C499101,VNAP25-87DA454DD8,Hòa Sơn,Hoa Son
VN-37,Lạng Sơn,Lang Son,VNAP25-347934229E,VNAP25-87DA454DD8,Hòa Thắng,Hoa Thang
VN-37,Lạng Sơn,Lang Son,VNAP25-2D4B2D38F4,VNAP25-87DA454DD8,Hữu Liên,Huu Lien
VN-37,Lạng Sơn,Lang Son,VNAP25-6FC987F5B3,VNAP25-87DA454DD8,Hữu Lũng,Huu Lung
VN-37,Lạng Sơn,Lang Son,VNAP25-3D1DB2927B,VNAP25-87DA454DD8,Minh Hòa,Minh Hoa
VN-37,Lạng Sơn,Lang Son,VNAP25-508A4821B4,VNAP25-87DA454DD8,Minh Sơn,Minh Son
VN-37,Lạng Sơn,Lang Son,VNAP25-FF1EF4E54C,VNAP25-87DA454DD8,Minh Tiến,Minh Tien
VN-37,Lạng Sơn,Lang Son,VNAP25-60C8D4D037,VNAP25-87DA454DD8,Nhật Tiến,Nhat Tien
VN-37,Lạng Sơn,Lang Son,VNAP25-2953D3138C,VNAP25-87DA454DD8,Quyết Thắng,Quyet Thang
VN-37,Lạng Sơn,Lang Son,VNAP25-10E3CFA3DC,VNAP25-87DA454DD8,Tân Thành,Tan Thanh
VN-37,Lạng Sơn,Lang Son,VNAP25-3D4C265C33,VNAP25-87DA454DD8,Thanh Sơn,Thanh Son
VN-37,Lạng Sơn,Lang Son,VNAP25-5BC3646D9D,VNAP25-87DA454DD8,Thiện Tân,Thien Tan
VN-37,Lạng Sơn,Lang Son,VNAP25-1B0F481209,VNAP25-87DA454DD8,Vân Nham,Van Nham
VN-37,Lạng Sơn,Lang Son,VNAP25-AD41FA4F1E,VNAP25-87DA454DD8,Yên Bình,Yen Binh
VN-37,Lạng Sơn,Lang Son,VNAP25-64767ABFFA,VNAP25-87DA454DD8,Yên Sơn,Yen Son
VN-37,Lạng Sơn,Lang Son,VNAP25-98BEFD8F3A,VNAP25-87DA454DD8,Yên Thịnh,Yen Thinh
VN-37,Lạng Sơn,Lang Son,VNAP25-FCD34BD6B4,VNAP25-87DA454DD8,Yên Vượng,Yen Vuong
VN-37,Lạng Sơn,Lang Son,VNAP25-7C281C4149,,Lạng Sơn,Lang Son
VN-37,Lạng Sơn,Lang Son,VNAP25-4F37C238A6,VNAP25-7C281C4149,Chi Lăng,Chi Lang
VN-37,Lạng Sơn,Lang Son,VNAP25-C9AC34D783,VNAP25-7C281C4149,Đông Kinh,Dong Kinh
VN-37,Lạng Sơn,Lang Son,VNAP25-A1930D78B5,VNAP25-7C281C4149,Hoàng Đồng,Hoang Dong
VN-37,Lạng Sơn,Lang Son,VNAP25-DA995B674E,VNAP25-7C281C4149,Hoàng Văn Thụ,Hoang Van Thu
VN-37,Lạng Sơn,Lang Son,VNAP25-34B4462D03,VNAP25-7C281C4149,Mai Pha,Mai Pha
VN-37,Lạng Sơn,Lang Son,VNAP25-017CBEF0CE,VNAP25-7C281C4149,Quảng Lạc,Quang Lac
VN-37,Lạng Sơn,Lang Son,VNAP25-505DDE0AA5,VNAP25-7C281C4149,Tam Thanh,Tam Thanh
VN-37,Lạng Sơn,Lang Son,VNAP25-95985792FF,VNAP25-7C281C4149,Vĩnh Trại,Vinh Trai
VN-37,Lạng Sơn,Lang Son,VNAP25-2F8BACAABF,,Lộc Bình,Loc Binh
VN-37,Lạng Sơn,Lang Son,VNAP25-0F99F7814B,VNAP25-2F8BACAABF,Ái Quốc,Ai Quoc
VN-37,Lạng Sơn,Lang Son,VNAP25-D5DCFF2833,VNAP25-2F8BACAABF,Đồng Bục,Dong Buc
VN-37,Lạng Sơn,Lang Son,VNAP25-A102374CBA,VNAP25-2F8BACAABF,Đông Quan,Dong Quan
VN-37,Lạng Sơn,Lang Son,VNAP25-B2C6B1A9C3,VNAP25-2F8BACAABF,Hữu Khánh,Huu Khanh
VN-37,Lạng Sơn,Lang Son,VNAP25-A9C77B18F0,VNAP25-2F8BACAABF,Hữu Lân,Huu Lan
VN-37,Lạng Sơn,Lang Son,VNAP25-19D2A07EAA,VNAP25-2F8BACAABF,Khánh Xuân,Khanh Xuan
VN-37,Lạng Sơn,Lang Son,VNAP25-5EDC38D270,VNAP25-2F8BACAABF,Khuất Xá,Khuat Xa
VN-37,Lạng Sơn,Lang Son,VNAP25-D195C557C5,VNAP25-2F8BACAABF,Lộc Bình,Loc Binh
VN-37,Lạng Sơn,Lang Son,VNAP25-593C7A0D58,VNAP25-2F8BACAABF,Lợi Bác,Loi Bac
VN-37,Lạng Sơn,Lang Son,VNAP25-81B64D069D,VNAP25-2F8BACAABF,Mẫu Sơn,Mau Son
VN-37,Lạng Sơn,Lang Son,VNAP25-DB02F55D73,VNAP25-2F8BACAABF,Minh Hiệp,Minh Hiep
VN-37,Lạng Sơn,Lang Son,VNAP25-2B30915359,VNAP25-2F8BACAABF,Na Dương,Na Duong
VN-37,Lạng Sơn,Lang Son,VNAP25-00F58B3646,VNAP25-2F8BACAABF,Nam Quan,Nam Quan
VN-37,Lạng Sơn,Lang Son,VNAP25-7F88211226,VNAP25-2F8BACAABF,Sàn Viên,San Vien
VN-37,Lạng Sơn,Lang Son,VNAP25-3C8D34DC22,VNAP25-2F8BACAABF,Tam Gia,Tam Gia
VN-37,Lạng Sơn,Lang Son,VNAP25-9E3EA39F2A,VNAP25-2F8BACAABF,Thống Nhất,Thong Nhat
VN-37,Lạng Sơn,Lang Son,VNAP25-FA2728995D,VNAP25-2F8BACAABF,Tú Đoạn,Tu Doan
VN-37,Lạng Sơn,Lang Son,VNAP25-66525E31D4,VNAP25-2F8BACAABF,Tú Mịch,Tu Mich
VN-37,Lạng Sơn,Lang Son,VNAP25-B398396A37,VNAP25-2F8BACAABF,Xuân Dương,Xuan Duong
VN-37,Lạng Sơn,Lang Son,VNAP25-B6E86B4218,VNAP25-2F8BACAABF,Yên Khoái,Yen Khoai
VN-37,Lạng Sơn,Lang Son,VNAP25-C4705B2167,,Tràng Định,Trang Dinh
VN-37,Lạng Sơn,Lang Son,VNAP25-A5CCA94A63,VNAP25-C4705B2167,Cao Minh,Cao Minh
VN-37,Lạng Sơn,Lang Son,VNAP25-43141A9EC6,VNAP25-C4705B2167,Chi Lăng,Chi Lang
VN-37,Lạng Sơn,Lang Son,VNAP25-4A372CDED2,VNAP25-C4705B2167,Chí Minh,Chi Minh
VN-37,Lạng Sơn,Lang Son,VNAP25-5F197F230C,VNAP25-C4705B2167,Đào Viên,Dao Vien
VN-37,Lạng Sơn,Lang Son,VNAP25-CCAFD46B1B,VNAP25-C4705B2167,Đề Thám,De Tham
VN-37,Lạng Sơn,Lang Son,VNAP25-20B5FFF9F8,VNAP25-C4705B2167,Đoàn Kết,Doan Ket
VN-37,Lạng Sơn,Lang Son,VNAP25-D4F6B6A2DB,VNAP25-C4705B2167,Đội Cấn,Doi Can
VN-37,Lạng Sơn,Lang Son,VNAP25-6A7913C052,VNAP25-C4705B2167,Hùng Sơn,Hung Son
VN-37,Lạng Sơn,Lang Son,VNAP25-5E059C8683,VNAP25-C4705B2167,Hùng Việt,Hung Viet
VN-37,Lạng Sơn,Lang Son,VNAP25-E3D6609E45,VNAP25-C4705B2167,Kháng Chiến,Khang Chien
VN-37,Lạng Sơn,Lang Son,VNAP25-5427069FB7,VNAP25-C4705B2167,Khánh Long,Khanh Long
VN-37,Lạng Sơn,Lang Son,VNAP25-89AF50E1EE,VNAP25-C4705B2167,Kim Đồng,Kim Dong
VN-37,Lạng Sơn,Lang Son,VNAP25-C0EA3A7A6A,VNAP25-C4705B2167,Quốc Khánh,Quoc Khanh
VN-37,Lạng Sơn,Lang Son,VNAP25-89CA584D1F,VNAP25-C4705B2167,Quốc Việt,Quoc Viet
VN-37,Lạng Sơn,Lang Son,VNAP25-AFBFBF1698,VNAP25-C4705B2167,Tân Minh,Tan Minh
VN-37,Lạng Sơn,Lang Son,VNAP25-1C520F98F6,VNAP25-C4705B2167,Tân Tiến,Tan Tien
VN-37,Lạng Sơn,Lang Son,VNAP25-4F2A118413,VNAP25-C4705B2167,Tân Yên,Tan Yen
VN-37,Lạng Sơn,Lang Son,VNAP25-7F6649302D,VNAP25-C4705B2167,Thất Khê,That Khe
VN-37,Lạng Sơn,Lang Son,VNAP25-8B469FC0F0,VNAP25-C4705B2167,Tri Phương,Tri Phuong
VN-37,Lạng Sơn,Lang Son,VNAP25-0C45A26F7B,VNAP25-C4705B2167,Trung Thành,Trung Thanh
VN-37,Lạng Sơn,Lang Son,VNAP25-E2D9385B76,,Văn Lãng,Van Lang
VN-37,Lạng Sơn,Lang Son,VNAP25-39854D87BF,VNAP25-E2D9385B76,Bắc Hùng,Bac Hung
VN-37,Lạng Sơn,Lang Son,VNAP25-E30278B439,VNAP25-E2D9385B76,Bắc La,Bac La
VN-37,Lạng Sơn,Lang Son,VNAP25-C09899C094,VNAP25-E2D9385B76,Bắc Việt,Bac Viet
VN-37,Lạng Sơn,Lang Son,VNAP25-4090BED94B,VNAP25-E2D9385B76,Gia Miễn,Gia Mien
VN-37,Lạng Sơn,Lang Son,VNAP25-82CA6A09C2,VNAP25-E2D9385B76,Hoàng Văn Thụ,Hoang Van Thu
VN-37,Lạng Sơn,Lang Son,VNAP25-FFC2585CFF,VNAP25-E2D9385B76,Hoàng Việt,Hoang Viet
VN-37,Lạng Sơn,Lang Son,VNAP25-2304EC8C29,VNAP25-E2D9385B76,Hội Hoan,Hoi Hoan
VN-37,Lạng Sơn,Lang Son,VNAP25-C0898B07FA,VNAP25-E2D9385B76,Hồng Thái,Hong Thai
VN-37,Lạng Sơn,Lang Son,VNAP25-C144A93EB3,VNAP25-E2D9385B76,Na Sầm,Na Sam
VN-37,Lạng Sơn,Lang Son,VNAP25-E1164FDB83,VNAP25-E2D9385B76,Nhạc Kỳ,Nhac Ky
VN-37,Lạng Sơn,Lang Son,VNAP25-CF5D517116,VNAP25-E2D9385B76,Tân Mỹ,Tan My
VN-37,Lạng Sơn,Lang Son,VNAP25-868D6EEF5E,VNAP25-E2D9385B76,Tân Tác,Tan Tac
VN-37,Lạng Sơn,Lang Son,VNAP25-55F6FCD0E3,VNAP25-E2D9385B76,Tân Thanh,Tan Thanh
VN-37,Lạng Sơn,Lang Son,VNAP25-57DD3513CC,VNAP25-E2D9385B76,Thành Hòa,Thanh Hoa
VN-37,Lạng Sơn,Lang Son,VNAP25-B122281FA4,VNAP25-E2D9385B76,Thanh Long,Thanh Long
VN-37,Lạng Sơn,Lang Son,VNAP25-2A28A8CEB3,VNAP25-E2D9385B76,Thụy Hùng,Thuy Hung
VN-37,Lạng Sơn,Lang Son,VNAP25-7A6E8077E9,VNAP25-E2D9385B76,Trùng Khánh,Trung Khanh
VN-37,Lạng Sơn,Lang Son,VNAP25-2EA6D3EEFA,,Văn Quan,Van Quan
VN-37,Lạng Sơn,Lang Son,VNAP25-116D72D183,VNAP25-2EA6D3EEFA,An Sơn,An Son
VN-37,Lạng Sơn,Lang Son,VNAP25-8E308B6DAF,VNAP25-2EA6D3EEFA,Bình Phúc,Binh Phuc
VN-37,Lạng Sơn,Lang Son,VNAP25-D3C62A02D7,VNAP25-2EA6D3EEFA,Điềm He,Diem He
VN-37,Lạng Sơn,Lang Son,VNAP25-A0F02ACD02,VNAP25-2EA6D3EEFA,Hòa Bình,Hoa Binh
VN-37,Lạng Sơn,Lang Son,VNAP25-2D91A10AEC,VNAP25-2EA6D3EEFA,Hữu Lễ,Huu Le
VN-37,Lạng Sơn,Lang Son,VNAP25-2027F35817,VNAP25-2EA6D3EEFA,Khánh Khê,Khanh Khe
VN-37,Lạng Sơn,Lang Son,VNAP25-5195C776FF,VNAP25-2EA6D3EEFA,Liên Hội,Lien Hoi
VN-37,Lạng Sơn,Lang Son,VNAP25-C9771A0712,VNAP25-2EA6D3EEFA,Lương Năng,Luong Nang
VN-37,Lạng Sơn,Lang Son,VNAP25-0DDE7EEDF9,VNAP25-2EA6D3EEFA,Tân Đoàn,Tan Doan
VN-37,Lạng Sơn,Lang Son,VNAP25-626D09307D,VNAP25-2EA6D3EEFA,Trấn Ninh,Tran Ninh
VN-37,Lạng Sơn,Lang Son,VNAP25-CCB6427D98,VNAP25-2EA6D3EEFA,Tràng Phái,Trang Phai
VN-37,Lạng Sơn,Lang Son,VNAP25-6A886BF26D,VNAP25-2EA6D3EEFA,Tri Lễ,Tri Le
VN-37,Lạng Sơn,Lang Son,VNAP25-423589978A,VNAP25-2EA6D3EEFA,Tú Xuyên,Tu Xuyen
VN-37,Lạng Sơn,Lang Son,VNAP25-6FEF5873EB,VNAP25-2EA6D3EEFA,Văn Quan,Van Quan
VN-37,Lạng Sơn,Lang Son,VNAP25-C0520FC08F,VNAP25-2EA6D3EEFA,Yên Phúc,Yen Phuc
VN-38,Lào Cai,Lao Cai,VNAP25-599E3001B7,,Bắc Hà,Bac Ha
VN-38,Lào Cai,Lao Cai,VNAP25-6C5B4754A2,VNAP25-599E3001B7,Bắc Hà,Bac Ha
VN-38,Lào Cai,Lao Cai,VNAP25-EA254FEC9B,VNAP25-599E3001B7,Bản Cái,Ban Cai
VN-38,Lào Cai,Lao Cai,VNAP25-15247CB8D8,VNAP25-599E3001B7,Bản Liền,Ban Lien
VN-38,Lào Cai,Lao Cai,VNAP25-C434BBCDDF,VNAP25-599E3001B7,Bản Phố,Ban Pho
VN-38,Lào Cai,Lao Cai,VNAP25-E30367EFBD,VNAP25-599E3001B7,Bảo Nhai,Bao Nhai
VN-38,Lào Cai,Lao Cai,VNAP25-7BDAB32225,VNAP25-599E3001B7,Cốc Lầu,Coc Lau
VN-38,Lào Cai,Lao Cai,VNAP25-A826091EFF,VNAP25-599E3001B7,Cốc Ly,Coc Ly
VN-38,Lào Cai,Lao Cai,VNAP25-0FEAE4D370,VNAP25-599E3001B7,Hoàng Thu Phố,Hoang Thu Pho
VN-38,Lào Cai,Lao Cai,VNAP25-BA3328EAB5,VNAP25-599E3001B7,Lùng Cải,Lung Cai
VN-38,Lào Cai,Lao Cai,VNAP25-110E7E5307,VNAP25-599E3001B7,Lùng Phình,Lung Phinh
VN-38,Lào Cai,Lao Cai,VNAP25-92E0522B6B,VNAP25-599E3001B7,Na Hối,Na Hoi
VN-38,Lào Cai,Lao Cai,VNAP25-A446B8E894,VNAP25-599E3001B7,Nậm Đét,Nam Det
VN-38,Lào Cai,Lao Cai,VNAP25-6F82DCE579,VNAP25-599E3001B7,Nậm Khánh,Nam Khanh
VN-38,Lào Cai,Lao Cai,VNAP25-07F655D839,VNAP25-599E3001B7,Nậm Lúc,Nam Luc
VN-38,Lào Cai,Lao Cai,VNAP25-534001C414,VNAP25-599E3001B7,Nậm Mòn,Nam Mon
VN-38,Lào Cai,Lao Cai,VNAP25-47E59E81FC,VNAP25-599E3001B7,Tả Củ Tỷ,Ta Cu Ty
VN-38,Lào Cai,Lao Cai,VNAP25-BFCFBFD075,VNAP25-599E3001B7,Tả Van Chư,Ta Van Chu
VN-38,Lào Cai,Lao Cai,VNAP25-0AE0885A55,VNAP25-599E3001B7,Thải Giàng Phố,Thai Giang Pho
VN-38,Lào Cai,Lao Cai,VNAP25-DC700ECAF2,,Bảo Thắng,Bao Thang
VN-38,Lào Cai,Lao Cai,VNAP25-609E8774A3,VNAP25-DC700ECAF2,Bản Cầm,Ban Cam
VN-38,Lào Cai,Lao Cai,VNAP25-7120FA8249,VNAP25-DC700ECAF2,Bản Phiệt,Ban Phiet
VN-38,Lào Cai,Lao Cai,VNAP25-52CDD50F2B,VNAP25-DC700ECAF2,Gia Phú,Gia Phu
VN-38,Lào Cai,Lao Cai,VNAP25-90169FB88F,VNAP25-DC700ECAF2,Nông Trường Phong Hải,Nong Truong Phong Hai
VN-38,Lào Cai,Lao Cai,VNAP25-6EF22402B7,VNAP25-DC700ECAF2,Phố Lu,Pho Lu
VN-38,Lào Cai,Lao Cai,VNAP25-5CD023A0EA,VNAP25-DC700ECAF2,Phong Niên,Phong Nien
VN-38,Lào Cai,Lao Cai,VNAP25-EF6B3348A0,VNAP25-DC700ECAF2,Phú Nhuận,Phu Nhuan
VN-38,Lào Cai,Lao Cai,VNAP25-E2B8920320,VNAP25-DC700ECAF2,Sơn Hà,Son Ha
VN-38,Lào Cai,Lao Cai,VNAP25-E1D28787A5,VNAP25-DC700ECAF2,Sơn Hải,Son Hai
VN-38,Lào Cai,Lao Cai,VNAP25-7E615E88A7,VNAP25-DC700ECAF2,Tằng Loỏng,Tang Loong
VN-38,Lào Cai,Lao Cai,VNAP25-BF2E5340A1,VNAP25-DC700ECAF2,Thái Niên,Thai Nien
VN-38,Lào Cai,Lao Cai,VNAP25-250D0EFBE9,VNAP25-DC700ECAF2,Trì Quang,Tri Quang
VN-38,Lào Cai,Lao Cai,VNAP25-74D1F09332,VNAP25-DC700ECAF2,Xuân Giao,Xuan Giao
VN-38,Lào Cai,Lao Cai,VNAP25-D388379780,VNAP25-DC700ECAF2,Xuân Quang,Xuan Quang
VN-38,Lào Cai,Lao Cai,VNAP25-E85AB97C49,,Bảo Yên,Bao Yen
VN-38,Lào Cai,Lao Cai,VNAP25-11B076DF2B,VNAP25-E85AB97C49,Bảo Hà,Bao Ha
VN-38,Lào Cai,Lao Cai,VNAP25-54116F47C1,VNAP25-E85AB97C49,Cam Cọn,Cam Con
VN-38,Lào Cai,Lao Cai,VNAP25-4F294B8E1E,VNAP25-E85AB97C49,Điện Quan,Dien Quan
VN-38,Lào Cai,Lao Cai,VNAP25-9DEB5F8C17,VNAP25-E85AB97C49,Kim Sơn,Kim Son
VN-38,Lào Cai,Lao Cai,VNAP25-E41AD766A0,VNAP25-E85AB97C49,Lương Sơn,Luong Son
VN-38,Lào Cai,Lao Cai,VNAP25-991B8A5FF4,VNAP25-E85AB97C49,Minh Tân,Minh Tan
VN-38,Lào Cai,Lao Cai,VNAP25-98209619E3,VNAP25-E85AB97C49,Nghĩa Đô,Nghia Do
VN-38,Lào Cai,Lao Cai,VNAP25-59FDC08DF2,VNAP25-E85AB97C49,Phố Ràng,Pho Rang
VN-38,Lào Cai,Lao Cai,VNAP25-25BFCF1687,VNAP25-E85AB97C49,Phúc Khánh,Phuc Khanh
VN-38,Lào Cai,Lao Cai,VNAP25-5DBE7E1016,VNAP25-E85AB97C49,Tân Dương,Tan Duong
VN-38,Lào Cai,Lao Cai,VNAP25-7F7F506BEC,VNAP25-E85AB97C49,Tân Tiến,Tan Tien
VN-38,Lào Cai,Lao Cai,VNAP25-B5572E4CB5,VNAP25-E85AB97C49,Thượng Hà,Thuong Ha
VN-38,Lào Cai,Lao Cai,VNAP25-8E631FEDF6,VNAP25-E85AB97C49,Việt Tiến,Viet Tien
VN-38,Lào Cai,Lao Cai,VNAP25-3BFED7CA7D,VNAP25-E85AB97C49,Vĩnh Yên,Vinh Yen
VN-38,Lào Cai,Lao Cai,VNAP25-9EF30E8B1E,VNAP25-E85AB97C49,Xuân Hòa,Xuan Hoa
VN-38,Lào Cai,Lao Cai,VNAP25-0A80F9197B,VNAP25-E85AB97C49,Xuân Thượng,Xuan Thuong
VN-38,Lào Cai,Lao Cai,VNAP25-9DA2B0A84B,VNAP25-E85AB97C49,Yên Sơn,Yen Son
VN-38,Lào Cai,Lao Cai,VNAP25-45E80E3D23,,Bát Xát,Bat Xat
VN-38,Lào Cai,Lao Cai,VNAP25-1DCF968CF0,VNAP25-45E80E3D23,A Lù,A Lu
VN-38,Lào Cai,Lao Cai,VNAP25-ACECE2D766,VNAP25-45E80E3D23,A Mú Sung,A Mu Sung
VN-38,Lào Cai,Lao Cai,VNAP25-53AB479305,VNAP25-45E80E3D23,Bản Qua,Ban Qua
VN-38,Lào Cai,Lao Cai,VNAP25-EACA866D24,VNAP25-45E80E3D23,Bản Vược,Ban Vuoc
VN-38,Lào Cai,Lao Cai,VNAP25-A9AFBFBBFE,VNAP25-45E80E3D23,Bản Xèo,Ban Xeo
VN-38,Lào Cai,Lao Cai,VNAP25-6F31EE7228,VNAP25-45E80E3D23,Bát Xát,Bat Xat
VN-38,Lào Cai,Lao Cai,VNAP25-6EFFC1837D,VNAP25-45E80E3D23,Cốc Mỳ,Coc My
VN-38,Lào Cai,Lao Cai,VNAP25-443F6BA0A6,VNAP25-45E80E3D23,Dền Sáng,Den Sang
VN-38,Lào Cai,Lao Cai,VNAP25-B06E2338B9,VNAP25-45E80E3D23,Dền Thàng,Den Thang
VN-38,Lào Cai,Lao Cai,VNAP25-37B60AF0F6,VNAP25-45E80E3D23,Mường Hum,Muong Hum
VN-38,Lào Cai,Lao Cai,VNAP25-030B64622A,VNAP25-45E80E3D23,Mường Vi,Muong Vi
VN-38,Lào Cai,Lao Cai,VNAP25-9FA9658A3F,VNAP25-45E80E3D23,Nậm Chạc,Nam Chac
VN-38,Lào Cai,Lao Cai,VNAP25-2F897C7670,VNAP25-45E80E3D23,Nậm Pung,Nam Pung
VN-38,Lào Cai,Lao Cai,VNAP25-7A4696862D,VNAP25-45E80E3D23,Pa Cheo,Pa Cheo
VN-38,Lào Cai,Lao Cai,VNAP25-86D659CCDA,VNAP25-45E80E3D23,Phìn Ngan,Phin Ngan
VN-38,Lào Cai,Lao Cai,VNAP25-32A3564EB2,VNAP25-45E80E3D23,Quang Kim,Quang Kim
VN-38,Lào Cai,Lao Cai,VNAP25-A6DA548527,VNAP25-45E80E3D23,Sàng Ma Sáo,Sang Ma Sao
VN-38,Lào Cai,Lao Cai,VNAP25-8112A61691,VNAP25-45E80E3D23,Tòng Sành,Tong Sanh
VN-38,Lào Cai,Lao Cai,VNAP25-CC6AE553F6,VNAP25-45E80E3D23,Trịnh Tường,Trinh Tuong
VN-38,Lào Cai,Lao Cai,VNAP25-0644E5B385,VNAP25-45E80E3D23,Trung Lèng Hồ,Trung Leng Ho
VN-38,Lào Cai,Lao Cai,VNAP25-D956D7B5BA,VNAP25-45E80E3D23,Y Tý,Y Ty
VN-38,Lào Cai,Lao Cai,VNAP25-127F0D1F60,,Lào Cai,Lao Cai
VN-38,Lào Cai,Lao Cai,VNAP25-205564D941,VNAP25-127F0D1F60,Bắc Cường,Bac Cuong
VN-38,Lào Cai,Lao Cai,VNAP25-BBCFB32088,VNAP25-127F0D1F60,Bắc Lệnh,Bac Lenh
VN-38,Lào Cai,Lao Cai,VNAP25-EF98BE192C,VNAP25-127F0D1F60,Bình Minh,Binh Minh
VN-38,Lào Cai,Lao Cai,VNAP25-8BF8CE82C1,VNAP25-127F0D1F60,Cam Đường,Cam Duong
VN-38,Lào Cai,Lao Cai,VNAP25-A46DC5000E,VNAP25-127F0D1F60,Cốc Lếu,Coc Leu
VN-38,Lào Cai,Lao Cai,VNAP25-290C1B517F,VNAP25-127F0D1F60,Cốc San,Coc San
VN-38,Lào Cai,Lao Cai,VNAP25-80E91692BB,VNAP25-127F0D1F60,Đồng Tuyển,Dong Tuyen
VN-38,Lào Cai,Lao Cai,VNAP25-A33E6B18E5,VNAP25-127F0D1F60,Duyên Hải,Duyen Hai
VN-38,Lào Cai,Lao Cai,VNAP25-A10914C27D,VNAP25-127F0D1F60,Hợp Thành,Hop Thanh
VN-38,Lào Cai,Lao Cai,VNAP25-9C06F16F66,VNAP25-127F0D1F60,Kim Tân,Kim Tan
VN-38,Lào Cai,Lao Cai,VNAP25-4E53481724,VNAP25-127F0D1F60,Lào Cai,Lao Cai
VN-38,Lào Cai,Lao Cai,VNAP25-4BF82672D7,VNAP25-127F0D1F60,Nam Cường,Nam Cuong
VN-38,Lào Cai,Lao Cai,VNAP25-E000B2C84C,VNAP25-127F0D1F60,Pom Hán,Pom Han
VN-38,Lào Cai,Lao Cai,VNAP25-438A24F12A,VNAP25-127F0D1F60,Tả Phời,Ta Phoi
VN-38,Lào Cai,Lao Cai,VNAP25-BEA571090F,VNAP25-127F0D1F60,Thống Nhất,Thong Nhat
VN-38,Lào Cai,Lao Cai,VNAP25-9943B024E1,VNAP25-127F0D1F60,Vạn Hòa,Van Hoa
VN-38,Lào Cai,Lao Cai,VNAP25-5A774ED0DE,VNAP25-127F0D1F60,Xuân Tăng,Xuan Tang
VN-38,Lào Cai,Lao Cai,VNAP25-05677FBDD1,,Mường Khương,Muong Khuong
VN-38,Lào Cai,Lao Cai,VNAP25-541185070F,VNAP25-05677FBDD1,Bản Lầu,Ban Lau
VN-38,Lào Cai,Lao Cai,VNAP25-19DBE90422,VNAP25-05677FBDD1,Bản Sen,Ban Sen
VN-38,Lào Cai,Lao Cai,VNAP25-6DDA28C1EC,VNAP25-05677FBDD1,Cao Sơn,Cao Son
VN-38,Lào Cai,Lao Cai,VNAP25-5A540E792A,VNAP25-05677FBDD1,Dìn Chin,Din Chin
VN-38,Lào Cai,Lao Cai,VNAP25-F4C1186C62,VNAP25-05677FBDD1,La Pan Tẩn,La Pan Tan
VN-38,Lào Cai,Lao Cai,VNAP25-4E8EB0E8A2,VNAP25-05677FBDD1,Lùng Khấu Nhin,Lung Khau Nhin
VN-38,Lào Cai,Lao Cai,VNAP25-2CA7C771EB,VNAP25-05677FBDD1,Lùng Vai,Lung Vai
VN-38,Lào Cai,Lao Cai,VNAP25-F83CCE92A3,VNAP25-05677FBDD1,Mường Khương,Muong Khuong
VN-38,Lào Cai,Lao Cai,VNAP25-02D5289561,VNAP25-05677FBDD1,Nậm Chảy,Nam Chay
VN-38,Lào Cai,Lao Cai,VNAP25-C3BE699EAB,VNAP25-05677FBDD1,Nấm Lư,Nam Lu
VN-38,Lào Cai,Lao Cai,VNAP25-CA7CB8E076,VNAP25-05677FBDD1,Pha Long,Pha Long
VN-38,Lào Cai,Lao Cai,VNAP25-59E01EC26D,VNAP25-05677FBDD1,Tả Gia Khâu,Ta Gia Khau
VN-38,Lào Cai,Lao Cai,VNAP25-7A26EFB972,VNAP25-05677FBDD1,Tả Ngải Chồ,Ta Ngai Cho
VN-38,Lào Cai,Lao Cai,VNAP25-939B2932F0,VNAP25-05677FBDD1,Tả Thàng,Ta Thang
VN-38,Lào Cai,Lao Cai,VNAP25-3702420880,VNAP25-05677FBDD1,Thanh Bình,Thanh Binh
VN-38,Lào Cai,Lao Cai,VNAP25-CB53D363FD,VNAP25-05677FBDD1,Tung Chung Phố,Tung Chung Pho
VN-38,Lào Cai,Lao Cai,VNAP25-FC5DF61C25,,Sa Pa,Sa Pa
VN-38,Lào Cai,Lao Cai,VNAP25-A76995F214,VNAP25-FC5DF61C25,Bản Hồ,Ban Ho
VN-38,Lào Cai,Lao Cai,VNAP25-E319E27143,VNAP25-FC5DF61C25,Cầu Mây,Cau May
VN-38,Lào Cai,Lao Cai,VNAP25-515B2AE7FE,VNAP25-FC5DF61C25,Hàm Rồng,Ham Rong
VN-38,Lào Cai,Lao Cai,VNAP25-9F3174A7EE,VNAP25-FC5DF61C25,Hoàng Liên,Hoang Lien
VN-38,Lào Cai,Lao Cai,VNAP25-D78D4F4B9A,VNAP25-FC5DF61C25,Liên Minh,Lien Minh
VN-38,Lào Cai,Lao Cai,VNAP25-E4F04FFD3B,VNAP25-FC5DF61C25,Mường Bo,Muong Bo
VN-38,Lào Cai,Lao Cai,VNAP25-F0CF12FBCD,VNAP25-FC5DF61C25,Mường Hoa,Muong Hoa
VN-38,Lào Cai,Lao Cai,VNAP25-B678058D28,VNAP25-FC5DF61C25,Ngũ Chỉ Sơn,Ngu Chi Son
VN-38,Lào Cai,Lao Cai,VNAP25-67584B168B,VNAP25-FC5DF61C25,Ô Quý Hồ,O Quy Ho
VN-38,Lào Cai,Lao Cai,VNAP25-8C4B750A55,VNAP25-FC5DF61C25,Phan Si Păng,Phan Si Pang
VN-38,Lào Cai,Lao Cai,VNAP25-7CEBDC058F,VNAP25-FC5DF61C25,Sa Pả,Sa Pa
VN-38,Lào Cai,Lao Cai,VNAP25-2A10E5C757,VNAP25-FC5DF61C25,Tả Phìn,Ta Phin
VN-38,Lào Cai,Lao Cai,VNAP25-1552E51BBF,VNAP25-FC5DF61C25,Tả Van,Ta Van
VN-38,Lào Cai,Lao Cai,VNAP25-3BA63A5CDA,VNAP25-FC5DF61C25,Thanh Bình,Thanh Binh
VN-38,Lào Cai,Lao Cai,VNAP25-0FF04B2A81,VNAP25-FC5DF61C25,Trung Chải,Trung Chai
VN-38,Lào Cai,Lao Cai,VNAP25-7DE18173CC,,Si Ma Cai,Si Ma Cai
VN-38,Lào Cai,Lao Cai,VNAP25-B7AA33B286,VNAP25-7DE18173CC,Bản Mế,Ban Me
VN-38,Lào Cai,Lao Cai,VNAP25-551F5F6E33,VNAP25-7DE18173CC,Cán Cấu,Can Cau
VN-38,Lào Cai,Lao Cai,VNAP25-9F6AAACD07,VNAP25-7DE18173CC,Lùng Thẩn,Lung Than
VN-38,Lào Cai,Lao Cai,VNAP25-BB3120525C,VNAP25-7DE18173CC,Nàn Sán,Nan San
VN-38,Lào Cai,Lao Cai,VNAP25-3A87BE6B0C,VNAP25-7DE18173CC,Nàn Xín,Nan Xin
VN-38,Lào Cai,Lao Cai,VNAP25-BC23219998,VNAP25-7DE18173CC,Quan Hồ Thẩn,Quan Ho Than
VN-38,Lào Cai,Lao Cai,VNAP25-80525BB256,VNAP25-7DE18173CC,Sán Chải,San Chai
VN-38,Lào Cai,Lao Cai,VNAP25-A3092B3B34,VNAP25-7DE18173CC,Si Ma Cai,Si Ma Cai
VN-38,Lào Cai,Lao Cai,VNAP25-D7C9AA3615,VNAP25-7DE18173CC,Sín Chéng,Sin Cheng
VN-38,Lào Cai,Lao Cai,VNAP25-7DB735695C,VNAP25-7DE18173CC,Thào Chư Phìn,Thao Chu Phin
VN-38,Lào Cai,Lao Cai,VNAP25-3F3C699BF2,,Văn Bàn,Van Ban
VN-38,Lào Cai,Lao Cai,VNAP25-465CBAB730,VNAP25-3F3C699BF2,Chiềng Ken,Chieng Ken
VN-38,Lào Cai,Lao Cai,VNAP25-F6F75582D8,VNAP25-3F3C699BF2,Dần Thàng,Dan Thang
VN-38,Lào Cai,Lao Cai,VNAP25-66ECA6E0A8,VNAP25-3F3C699BF2,Dương Quỳ,Duong Quy
VN-38,Lào Cai,Lao Cai,VNAP25-6C3A2EB2EC,VNAP25-3F3C699BF2,Hòa Mạc,Hoa Mac
VN-38,Lào Cai,Lao Cai,VNAP25-A38F47CD62,VNAP25-3F3C699BF2,Khánh Yên,Khanh Yen
VN-38,Lào Cai,Lao Cai,VNAP25-250216FD76,VNAP25-3F3C699BF2,Khánh Yên Hạ,Khanh Yen Ha
VN-38,Lào Cai,Lao Cai,VNAP25-25543DA5EF,VNAP25-3F3C699BF2,Khánh Yên Thượng,Khanh Yen Thuong
VN-38,Lào Cai,Lao Cai,VNAP25-AFC72BB166,VNAP25-3F3C699BF2,Khánh Yên Trung,Khanh Yen Trung
VN-38,Lào Cai,Lao Cai,VNAP25-D540A916E2,VNAP25-3F3C699BF2,Làng Giàng,Lang Giang
VN-38,Lào Cai,Lao Cai,VNAP25-436FEB8721,VNAP25-3F3C699BF2,Liêm Phú,Liem Phu
VN-38,Lào Cai,Lao Cai,VNAP25-DDAE631684,VNAP25-3F3C699BF2,Minh Lương,Minh Luong
VN-38,Lào Cai,Lao Cai,VNAP25-1CD8BB8FDE,VNAP25-3F3C699BF2,Nậm Chầy,Nam Chay
VN-38,Lào Cai,Lao Cai,VNAP25-3DB350B875,VNAP25-3F3C699BF2,Nậm Mả,Nam Ma
VN-38,Lào Cai,Lao Cai,VNAP25-23CCE43061,VNAP25-3F3C699BF2,Nậm Rạng,Nam Rang
VN-38,Lào Cai,Lao Cai,VNAP25-3FDC2E90EC,VNAP25-3F3C699BF2,Nậm Tha,Nam Tha
VN-38,Lào Cai,Lao Cai,VNAP25-4DEE2E7DC6,VNAP25-3F3C699BF2,Nậm Xây,Nam Xay
VN-38,Lào Cai,Lao Cai,VNAP25-53CBD1C27D,VNAP25-3F3C699BF2,Nậm Xé,Nam Xe
VN-38,Lào Cai,Lao Cai,VNAP25-69A7D73CC1,VNAP25-3F3C699BF2,Sơn Thủy,Son Thuy
VN-38,Lào Cai,Lao Cai,VNAP25-C60F6ACD4D,VNAP25-3F3C699BF2,Tân An,Tan An
VN-38,Lào Cai,Lao Cai,VNAP25-9735553EAB,VNAP25-3F3C699BF2,Tân Thượng,Tan Thuong
VN-38,Lào Cai,Lao Cai,VNAP25-6FA961B09C,VNAP25-3F3C699BF2,Thẩm Dương,Tham Duong
VN-38,Lào Cai,Lao Cai,VNAP25-D101D62B70,VNAP25-3F3C699BF2,Võ Lao,Vo Lao
VN-39,Long An,Long An,VNAP25-AF9479EE81,,Bến Lức,Ben Luc
VN-39,Long An,Long An,VNAP25-4DB67B1C22,VNAP25-AF9479EE81,An Thạnh,An Thanh
VN-39,Long An,Long An,VNAP25-5C5336081F,VNAP25-AF9479EE81,Bến Lức,Ben Luc
VN-39,Long An,Long An,VNAP25-CC0E5BCA06,VNAP25-AF9479EE81,Bình Đức,Binh Duc
VN-39,Long An,Long An,VNAP25-87B9391B16,VNAP25-AF9479EE81,Long Hiệp,Long Hiep
VN-39,Long An,Long An,VNAP25-8B271F0985,VNAP25-AF9479EE81,Lương Bình,Luong Binh
VN-39,Long An,Long An,VNAP25-9A39966746,VNAP25-AF9479EE81,Lương Hòa,Luong Hoa
VN-39,Long An,Long An,VNAP25-56FABB99E7,VNAP25-AF9479EE81,Mỹ Yên,My Yen
VN-39,Long An,Long An,VNAP25-508E88A40C,VNAP25-AF9479EE81,Nhựt Chánh,Nhut Chanh
VN-39,Long An,Long An,VNAP25-54F2BAB163,VNAP25-AF9479EE81,Phước Lợi,Phuoc Loi
VN-39,Long An,Long An,VNAP25-1A36F6F6AA,VNAP25-AF9479EE81,Tân Bửu,Tan Buu
VN-39,Long An,Long An,VNAP25-56E4528E5B,VNAP25-AF9479EE81,Thạnh Đức,Thanh Duc
VN-39,Long An,Long An,VNAP25-7C05EC0E78,VNAP25-AF9479EE81,Thạnh Hòa,Thanh Hoa
VN-39,Long An,Long An,VNAP25-C86FAEC1A4,VNAP25-AF9479EE81,Thạnh Lợi,Thanh Loi
VN-39,Long An,Long An,VNAP25-DA9408E820,VNAP25-AF9479EE81,Thanh Phú,Thanh Phu
VN-39,Long An,Long An,VNAP25-7266B132EC,,Cần Đước,Can Duoc
VN-39,Long An,Long An,VNAP25-9BBDBE4BD1,VNAP25-7266B132EC,Cần Đước,Can Duoc
VN-39,Long An,Long An,VNAP25-3BB3421D7A,VNAP25-7266B132EC,Long Cang,Long Cang
VN-39,Long An,Long An,VNAP25-38E35FF635,VNAP25-7266B132EC,Long Định,Long Dinh
VN-39,Long An,Long An,VNAP25-B8B4043A0B,VNAP25-7266B132EC,Long Hòa,Long Hoa
VN-39,Long An,Long An,VNAP25-0B982D31F9,VNAP25-7266B132EC,Long Hựu Đông,Long Huu Dong
VN-39,Long An,Long An,VNAP25-7A6A981977,VNAP25-7266B132EC,Long Hựu Tây,Long Huu Tay
VN-39,Long An,Long An,VNAP25-63D82AABB4,VNAP25-7266B132EC,Long Khê,Long Khe
VN-39,Long An,Long An,VNAP25-1BF20502C1,VNAP25-7266B132EC,Long Sơn,Long Son
VN-39,Long An,Long An,VNAP25-3C99F959FA,VNAP25-7266B132EC,Long Trạch,Long Trach
VN-39,Long An,Long An,VNAP25-1391DDF10D,VNAP25-7266B132EC,Mỹ Lệ,My Le
VN-39,Long An,Long An,VNAP25-19065860BA,VNAP25-7266B132EC,Phước Đông,Phuoc Dong
VN-39,Long An,Long An,VNAP25-941F7A52BC,VNAP25-7266B132EC,Phước Tuy,Phuoc Tuy
VN-39,Long An,Long An,VNAP25-236881CD9A,VNAP25-7266B132EC,Phước Vân,Phuoc Van
VN-39,Long An,Long An,VNAP25-146CE3DEA3,VNAP25-7266B132EC,Tân Ân,Tan An
VN-39,Long An,Long An,VNAP25-314036B3F0,VNAP25-7266B132EC,Tân Chánh,Tan Chanh
VN-39,Long An,Long An,VNAP25-468D6B7EA5,VNAP25-7266B132EC,Tân Lân,Tan Lan
VN-39,Long An,Long An,VNAP25-491BF6F510,VNAP25-7266B132EC,Tân Trạch,Tan Trach
VN-39,Long An,Long An,VNAP25-DAB324BEAD,,Cần Giuộc,Can Giuoc
VN-39,Long An,Long An,VNAP25-6A9667E1AD,VNAP25-DAB324BEAD,Cần Giuộc,Can Giuoc
VN-39,Long An,Long An,VNAP25-0944230D4A,VNAP25-DAB324BEAD,Đông Thạnh,Dong Thanh
VN-39,Long An,Long An,VNAP25-BD565933C8,VNAP25-DAB324BEAD,Long An,Long An
VN-39,Long An,Long An,VNAP25-667ACD23E4,VNAP25-DAB324BEAD,Long Hậu,Long Hau
VN-39,Long An,Long An,VNAP25-05D56378CB,VNAP25-DAB324BEAD,Long Phụng,Long Phung
VN-39,Long An,Long An,VNAP25-391C6D1428,VNAP25-DAB324BEAD,Long Thượng,Long Thuong
VN-39,Long An,Long An,VNAP25-2C043AB5BF,VNAP25-DAB324BEAD,Mỹ Lộc,My Loc
VN-39,Long An,Long An,VNAP25-A6CF4F1768,VNAP25-DAB324BEAD,Phước Hậu,Phuoc Hau
VN-39,Long An,Long An,VNAP25-B5DC934C2E,VNAP25-DAB324BEAD,Phước Lại,Phuoc Lai
VN-39,Long An,Long An,VNAP25-34BF48FC81,VNAP25-DAB324BEAD,Phước Lâm,Phuoc Lam
VN-39,Long An,Long An,VNAP25-F34AF2A910,VNAP25-DAB324BEAD,Phước Lý,Phuoc Ly
VN-39,Long An,Long An,VNAP25-83131DE00F,VNAP25-DAB324BEAD,Phước Vĩnh Đông,Phuoc Vinh Dong
VN-39,Long An,Long An,VNAP25-B2E46CE8F9,VNAP25-DAB324BEAD,Phước Vĩnh Tây,Phuoc Vinh Tay
VN-39,Long An,Long An,VNAP25-E7AFDBF9E2,VNAP25-DAB324BEAD,Tân Tập,Tan Tap
VN-39,Long An,Long An,VNAP25-628E0E0322,VNAP25-DAB324BEAD,Thuận Thành,Thuan Thanh
VN-39,Long An,Long An,VNAP25-0A96FE92DD,,Châu Thành,Chau Thanh
VN-39,Long An,Long An,VNAP25-6CEA3AD0E0,VNAP25-0A96FE92DD,An Lục Long,An Luc Long
VN-39,Long An,Long An,VNAP25-2E6F40B38E,VNAP25-0A96FE92DD,Bình Quới,Binh Quoi
VN-39,Long An,Long An,VNAP25-E877FE34BA,VNAP25-0A96FE92DD,Dương Xuân Hội,Duong Xuan Hoi
VN-39,Long An,Long An,VNAP25-FC728E9491,VNAP25-0A96FE92DD,Hiệp Thạnh,Hiep Thanh
VN-39,Long An,Long An,VNAP25-679892378E,VNAP25-0A96FE92DD,Hòa Phú,Hoa Phu
VN-39,Long An,Long An,VNAP25-5E492C20F2,VNAP25-0A96FE92DD,Long Trì,Long Tri
VN-39,Long An,Long An,VNAP25-54EF1162A6,VNAP25-0A96FE92DD,Phú Ngãi Trị,Phu Ngai Tri
VN-39,Long An,Long An,VNAP25-3BFCC5C16D,VNAP25-0A96FE92DD,Phước Tân Hưng,Phuoc Tan Hung
VN-39,Long An,Long An,VNAP25-19BACE4C48,VNAP25-0A96FE92DD,Tầm Vu,Tam Vu
VN-39,Long An,Long An,VNAP25-9E8CD7A2BD,VNAP25-0A96FE92DD,Thanh Phú Long,Thanh Phu Long
VN-39,Long An,Long An,VNAP25-58DB647FC6,VNAP25-0A96FE92DD,Thanh Vĩnh Đông,Thanh Vinh Dong
VN-39,Long An,Long An,VNAP25-D02EE4086C,VNAP25-0A96FE92DD,Thuận Mỹ,Thuan My
VN-39,Long An,Long An,VNAP25-6411B66CEE,VNAP25-0A96FE92DD,Vĩnh Công,Vinh Cong
VN-39,Long An,Long An,VNAP25-D6E1DD4EEC,,Đức Hòa,Duc Hoa
VN-39,Long An,Long An,VNAP25-9498AAF95A,VNAP25-D6E1DD4EEC,An Ninh Đông,An Ninh Dong
VN-39,Long An,Long An,VNAP25-700B05CACA,VNAP25-D6E1DD4EEC,An Ninh Tây,An Ninh Tay
VN-39,Long An,Long An,VNAP25-51C637F622,VNAP25-D6E1DD4EEC,Đức Hòa,Duc Hoa
VN-39,Long An,Long An,VNAP25-03240E8497,VNAP25-D6E1DD4EEC,Đức Hòa Đông,Duc Hoa Dong
VN-39,Long An,Long An,VNAP25-2E13645D83,VNAP25-D6E1DD4EEC,Đức Hòa Hạ,Duc Hoa Ha
VN-39,Long An,Long An,VNAP25-667EB4FEB6,VNAP25-D6E1DD4EEC,Đức Hòa Thượng,Duc Hoa Thuong
VN-39,Long An,Long An,VNAP25-2AA0C1FFDD,VNAP25-D6E1DD4EEC,Đức Lập Hạ,Duc Lap Ha
VN-39,Long An,Long An,VNAP25-FB81EC07DC,VNAP25-D6E1DD4EEC,Đức Lập Thượng,Duc Lap Thuong
VN-39,Long An,Long An,VNAP25-6C5FDDDD08,VNAP25-D6E1DD4EEC,Hậu Nghĩa,Hau Nghia
VN-39,Long An,Long An,VNAP25-5B9D1A3A04,VNAP25-D6E1DD4EEC,Hiệp Hòa (Thị trấn),Hiep Hoa (Town)
VN-39,Long An,Long An,VNAP25-5FBC192588,VNAP25-D6E1DD4EEC,Hiệp Hòa (Xã),Hiep Hoa (Commune)
VN-39,Long An,Long An,VNAP25-73A33D4330,VNAP25-D6E1DD4EEC,Hòa Khánh Đông,Hoa Khanh Dong
VN-39,Long An,Long An,VNAP25-61E6F24358,VNAP25-D6E1DD4EEC,Hòa Khánh Nam,Hoa Khanh Nam
VN-39,Long An,Long An,VNAP25-5383E43A3E,VNAP25-D6E1DD4EEC,Hòa Khánh Tây,Hoa Khanh Tay
VN-39,Long An,Long An,VNAP25-CD02F71172,VNAP25-D6E1DD4EEC,Hựu Thạnh,Huu Thanh
VN-39,Long An,Long An,VNAP25-ABBE2397CB,VNAP25-D6E1DD4EEC,Lộc Giang,Loc Giang
VN-39,Long An,Long An,VNAP25-03404FF392,VNAP25-D6E1DD4EEC,Mỹ Hạnh Bắc,My Hanh Bac
VN-39,Long An,Long An,VNAP25-2A5A86353C,VNAP25-D6E1DD4EEC,Mỹ Hạnh Nam,My Hanh Nam
VN-39,Long An,Long An,VNAP25-F2EB84039E,VNAP25-D6E1DD4EEC,Tân Mỹ,Tan My
VN-39,Long An,Long An,VNAP25-07D184E466,VNAP25-D6E1DD4EEC,Tân Phú,Tan Phu
VN-39,Long An,Long An,VNAP25-BC9DDB0307,,Đức Huệ,Duc Hue
VN-39,Long An,Long An,VNAP25-4339DE765A,VNAP25-BC9DDB0307,Bình Hòa Bắc,Binh Hoa Bac
VN-39,Long An,Long An,VNAP25-F796AD1DD3,VNAP25-BC9DDB0307,Bình Hòa Hưng,Binh Hoa Hung
VN-39,Long An,Long An,VNAP25-AD9FE237B1,VNAP25-BC9DDB0307,Bình Hòa Nam,Binh Hoa Nam
VN-39,Long An,Long An,VNAP25-851C2D7D02,VNAP25-BC9DDB0307,Bình Thành,Binh Thanh
VN-39,Long An,Long An,VNAP25-3F0E14A3AD,VNAP25-BC9DDB0307,Đông Thành,Dong Thanh
VN-39,Long An,Long An,VNAP25-64B86670E7,VNAP25-BC9DDB0307,Mỹ Bình,My Binh
VN-39,Long An,Long An,VNAP25-B3A37B555D,VNAP25-BC9DDB0307,Mỹ Quý Đông,My Quy Dong
VN-39,Long An,Long An,VNAP25-A17D6F6E94,VNAP25-BC9DDB0307,Mỹ Quý Tây,My Quy Tay
VN-39,Long An,Long An,VNAP25-90AF1D9A1E,VNAP25-BC9DDB0307,Mỹ Thạnh Bắc,My Thanh Bac
VN-39,Long An,Long An,VNAP25-58E59C5EC1,VNAP25-BC9DDB0307,Mỹ Thạnh Đông,My Thanh Dong
VN-39,Long An,Long An,VNAP25-C3F71D4036,VNAP25-BC9DDB0307,Mỹ Thạnh Tây,My Thanh Tay
VN-39,Long An,Long An,VNAP25-69E5F70C94,,Kiến Tường,Kien Tuong
VN-39,Long An,Long An,VNAP25-C7050B95FC,VNAP25-69E5F70C94,1,1
VN-39,Long An,Long An,VNAP25-D62853C0D6,VNAP25-69E5F70C94,2,2
VN-39,Long An,Long An,VNAP25-DB2FF53B45,VNAP25-69E5F70C94,3,3
VN-39,Long An,Long An,VNAP25-2C457D782E,VNAP25-69E5F70C94,Bình Hiệp,Binh Hiep
VN-39,Long An,Long An,VNAP25-DC54EEDC90,VNAP25-69E5F70C94,Bình Tân,Binh Tan
VN-39,Long An,Long An,VNAP25-A9203622E9,VNAP25-69E5F70C94,Thạnh Hưng,Thanh Hung
VN-39,Long An,Long An,VNAP25-6DF9BA9AFF,VNAP25-69E5F70C94,Thạnh Trị,Thanh Tri
VN-39,Long An,Long An,VNAP25-9587CC030B,VNAP25-69E5F70C94,Tuyên Thạnh,Tuyen Thanh
VN-39,Long An,Long An,VNAP25-8014F8A6C3,,Mộc Hóa,Moc Hoa
VN-39,Long An,Long An,VNAP25-FA563A052E,VNAP25-8014F8A6C3,Bình Hòa Đông,Binh Hoa Dong
VN-39,Long An,Long An,VNAP25-D5C9EFFCC3,VNAP25-8014F8A6C3,Bình Hòa Tây,Binh Hoa Tay
VN-39,Long An,Long An,VNAP25-ECC256C0C0,VNAP25-8014F8A6C3,Bình Hòa Trung,Binh Hoa Trung
VN-39,Long An,Long An,VNAP25-BA2AC12A0D,VNAP25-8014F8A6C3,Bình Phong Thạnh,Binh Phong Thanh
VN-39,Long An,Long An,VNAP25-03649CD46D,VNAP25-8014F8A6C3,Bình Thạnh,Binh Thanh
VN-39,Long An,Long An,VNAP25-A26C4A7C29,VNAP25-8014F8A6C3,Tân Lập,Tan Lap
VN-39,Long An,Long An,VNAP25-6D3A5E4F05,VNAP25-8014F8A6C3,Tân Thành,Tan Thanh
VN-39,Long An,Long An,VNAP25-089471037F,,Tân An,Tan An
VN-39,Long An,Long An,VNAP25-64EC51D523,VNAP25-089471037F,1,1
VN-39,Long An,Long An,VNAP25-F9971B64F5,VNAP25-089471037F,3,3
VN-39,Long An,Long An,VNAP25-221CDEA2F7,VNAP25-089471037F,4,4
VN-39,Long An,Long An,VNAP25-FE1A406D68,VNAP25-089471037F,5,5
VN-39,Long An,Long An,VNAP25-2223B8C428,VNAP25-089471037F,6,6
VN-39,Long An,Long An,VNAP25-1AB94F43B4,VNAP25-089471037F,7,7
VN-39,Long An,Long An,VNAP25-F1693B96B4,VNAP25-089471037F,An Vĩnh Ngãi,An Vinh Ngai
VN-39,Long An,Long An,VNAP25-A81A6376F0,VNAP25-089471037F,Bình Tâm,Binh Tam
VN-39,Long An,Long An,VNAP25-2DCC3D52F5,VNAP25-089471037F,Hướng Thọ Phú,Huong Tho Phu
VN-39,Long An,Long An,VNAP25-001032AAE4,VNAP25-089471037F,Khánh Hậu,Khanh Hau
VN-39,Long An,Long An,VNAP25-1ACE043424,VNAP25-089471037F,Lợi Bình Nhơn,Loi Binh Nhon
VN-39,Long An,Long An,VNAP25-428AF81449,VNAP25-089471037F,Nhơn Thạnh Trung,Nhon Thanh Trung
VN-39,Long An,Long An,VNAP25-07CF4C1C82,VNAP25-089471037F,Tân Khánh,Tan Khanh
VN-39,Long An,Long An,VNAP25-9B9F301710,,Tân Hưng,Tan Hung
VN-39,Long An,Long An,VNAP25-91E9B59737,VNAP25-9B9F301710,Hưng Điền,Hung Dien
VN-39,Long An,Long An,VNAP25-A50A5D5F10,VNAP25-9B9F301710,Hưng Điền B,Hung Dien B
VN-39,Long An,Long An,VNAP25-58C51CACD1,VNAP25-9B9F301710,Hưng Hà,Hung Ha
VN-39,Long An,Long An,VNAP25-4A525173D7,VNAP25-9B9F301710,Hưng Thạnh,Hung Thanh
VN-39,Long An,Long An,VNAP25-2C645AB0CA,VNAP25-9B9F301710,Tân Hưng,Tan Hung
VN-39,Long An,Long An,VNAP25-7282408A8D,VNAP25-9B9F301710,Thạnh Hưng,Thanh Hung
VN-39,Long An,Long An,VNAP25-2EB2F4A855,VNAP25-9B9F301710,Vĩnh Bửu,Vinh Buu
VN-39,Long An,Long An,VNAP25-43C6EB3089,VNAP25-9B9F301710,Vĩnh Châu A,Vinh Chau A
VN-39,Long An,Long An,VNAP25-EDDC411DB4,VNAP25-9B9F301710,Vĩnh Châu B,Vinh Chau B
VN-39,Long An,Long An,VNAP25-867B6A6DD4,VNAP25-9B9F301710,Vĩnh Đại,Vinh Dai
VN-39,Long An,Long An,VNAP25-5D536BDA5C,VNAP25-9B9F301710,Vĩnh Lợi,Vinh Loi
VN-39,Long An,Long An,VNAP25-17C0A31CF2,VNAP25-9B9F301710,Vĩnh Thạnh,Vinh Thanh
VN-39,Long An,Long An,VNAP25-A097487716,,Tân Thạnh,Tan Thanh
VN-39,Long An,Long An,VNAP25-AFC458FD5D,VNAP25-A097487716,Bắc Hòa,Bac Hoa
VN-39,Long An,Long An,VNAP25-DCC0CD775D,VNAP25-A097487716,Hậu Thạnh Đông,Hau Thanh Dong
VN-39,Long An,Long An,VNAP25-1688D22CF4,VNAP25-A097487716,Hậu Thạnh Tây,Hau Thanh Tay
VN-39,Long An,Long An,VNAP25-857F3D77B5,VNAP25-A097487716,Kiến Bình,Kien Binh
VN-39,Long An,Long An,VNAP25-F3AB7DE945,VNAP25-A097487716,Nhơn Hòa,Nhon Hoa
VN-39,Long An,Long An,VNAP25-5960EBF576,VNAP25-A097487716,Nhơn Hòa Lập,Nhon Hoa Lap
VN-39,Long An,Long An,VNAP25-651CF81191,VNAP25-A097487716,Nhơn Ninh,Nhon Ninh
VN-39,Long An,Long An,VNAP25-BA16AF53AB,VNAP25-A097487716,Tân Bình,Tan Binh
VN-39,Long An,Long An,VNAP25-59DA6E1742,VNAP25-A097487716,Tân Hòa,Tan Hoa
VN-39,Long An,Long An,VNAP25-E71F774372,VNAP25-A097487716,Tân Lập,Tan Lap
VN-39,Long An,Long An,VNAP25-19568F3494,VNAP25-A097487716,Tân Ninh,Tan Ninh
VN-39,Long An,Long An,VNAP25-D91307C148,VNAP25-A097487716,Tân Thành,Tan Thanh
VN-39,Long An,Long An,VNAP25-8BA2C9EA3F,VNAP25-A097487716,Tân Thạnh,Tan Thanh
VN-39,Long An,Long An,VNAP25-404E47C6A3,,Tân Trụ,Tan Tru
VN-39,Long An,Long An,VNAP25-2EEB44EA65,VNAP25-404E47C6A3,Bình Lãng,Binh Lang
VN-39,Long An,Long An,VNAP25-72645B4419,VNAP25-404E47C6A3,Bình Tịnh,Binh Tinh
VN-39,Long An,Long An,VNAP25-E4675FC041,VNAP25-404E47C6A3,Bình Trinh Đông,Binh Trinh Dong
VN-39,Long An,Long An,VNAP25-430F8D832F,VNAP25-404E47C6A3,Đức Tân,Duc Tan
VN-39,Long An,Long An,VNAP25-0534243DE7,VNAP25-404E47C6A3,Lạc Tấn,Lac Tan
VN-39,Long An,Long An,VNAP25-CC6D70D15E,VNAP25-404E47C6A3,Nhựt Ninh,Nhut Ninh
VN-39,Long An,Long An,VNAP25-5A391CBCEA,VNAP25-404E47C6A3,Quê Mỹ Thạnh,Que My Thanh
VN-39,Long An,Long An,VNAP25-9E621CFA14,VNAP25-404E47C6A3,Tân Bình,Tan Binh
VN-39,Long An,Long An,VNAP25-2FFA0EA63C,VNAP25-404E47C6A3,Tân Phước Tây,Tan Phuoc Tay
VN-39,Long An,Long An,VNAP25-06C5687A9F,VNAP25-404E47C6A3,Tân Trụ,Tan Tru
VN-39,Long An,Long An,VNAP25-043832DD15,,Thạnh Hóa,Thanh Hoa
VN-39,Long An,Long An,VNAP25-DADC51FD9A,VNAP25-043832DD15,Tân Đông,Tan Dong
VN-39,Long An,Long An,VNAP25-A5738D2AB9,VNAP25-043832DD15,Tân Hiệp,Tan Hiep
VN-39,Long An,Long An,VNAP25-5CDE083811,VNAP25-043832DD15,Tân Tây,Tan Tay
VN-39,Long An,Long An,VNAP25-6E83383BA3,VNAP25-043832DD15,Thạnh An,Thanh An
VN-39,Long An,Long An,VNAP25-AA92602366,VNAP25-043832DD15,Thạnh Hóa,Thanh Hoa
VN-39,Long An,Long An,VNAP25-0817667D03,VNAP25-043832DD15,Thạnh Phú,Thanh Phu
VN-39,Long An,Long An,VNAP25-6FAF21301A,VNAP25-043832DD15,Thạnh Phước,Thanh Phuoc
VN-39,Long An,Long An,VNAP25-B02B5B0B3F,VNAP25-043832DD15,Thuận Bình,Thuan Binh
VN-39,Long An,Long An,VNAP25-56C6169F5F,VNAP25-043832DD15,Thuận Nghĩa Hòa,Thuan Nghia Hoa
VN-39,Long An,Long An,VNAP25-88F615013A,VNAP25-043832DD15,Thủy Đông,Thuy Dong
VN-39,Long An,Long An,VNAP25-D8B7EE7793,VNAP25-043832DD15,Thủy Tây,Thuy Tay
VN-39,Long An,Long An,VNAP25-FB7A3DF99F,,Thủ Thừa,Thu Thua
VN-39,Long An,Long An,VNAP25-CA71B176BC,VNAP25-FB7A3DF99F,Bình An,Binh An
VN-39,Long An,Long An,VNAP25-89C0BBF346,VNAP25-FB7A3DF99F,Bình Thạnh,Binh Thanh
VN-39,Long An,Long An,VNAP25-B41650C6C4,VNAP25-FB7A3DF99F,Long Thạnh,Long Thanh
VN-39,Long An,Long An,VNAP25-5001410573,VNAP25-FB7A3DF99F,Long Thuận,Long Thuan
VN-39,Long An,Long An,VNAP25-699BF2D09D,VNAP25-FB7A3DF99F,Mỹ An,My An
VN-39,Long An,Long An,VNAP25-9BA9D869DD,VNAP25-FB7A3DF99F,Mỹ Lạc,My Lac
VN-39,Long An,Long An,VNAP25-E842FAEFC7,VNAP25-FB7A3DF99F,Mỹ Phú,My Phu
VN-39,Long An,Long An,VNAP25-73DA9F79EA,VNAP25-FB7A3DF99F,Mỹ Thạnh,My Thanh
VN-39,Long An,Long An,VNAP25-CAAF231C67,VNAP25-FB7A3DF99F,Nhị Thành,Nhi Thanh
VN-39,Long An,Long An,VNAP25-03BBA2D40C,VNAP25-FB7A3DF99F,Tân Long,Tan Long
VN-39,Long An,Long An,VNAP25-688611E37B,VNAP25-FB7A3DF99F,Tân Thành,Tan Thanh
VN-39,Long An,Long An,VNAP25-14C6254A1F,VNAP25-FB7A3DF99F,Thủ Thừa,Thu Thua
VN-39,Long An,Long An,VNAP25-966CE22B1A,,Vĩnh Hưng,Vinh Hung
VN-39,Long An,Long An,VNAP25-C1CF7FECF1,VNAP25-966CE22B1A,Hưng Điền A,Hung Dien A
VN-39,Long An,Long An,VNAP25-B9689C23D3,VNAP25-966CE22B1A,Khánh Hưng,Khanh Hung
VN-39,Long An,Long An,VNAP25-C4A72FD515,VNAP25-966CE22B1A,Thái Bình Trung,Thai Binh Trung
VN-39,Long An,Long An,VNAP25-5FA96AEB23,VNAP25-966CE22B1A,Thái Trị,Thai Tri
VN-39,Long An,Long An,VNAP25-B331BACCAF,VNAP25-966CE22B1A,Tuyên Bình,Tuyen Binh
VN-39,Long An,Long An,VNAP25-AD2AC696BA,VNAP25-966CE22B1A,Tuyên Bình Tây,Tuyen Binh Tay
VN-39,Long An,Long An,VNAP25-412954B376,VNAP25-966CE22B1A,Vĩnh Bình,Vinh Binh
VN-39,Long An,Long An,VNAP25-7CD57561C0,VNAP25-966CE22B1A,Vĩnh Hưng,Vinh Hung
VN-39,Long An,Long An,VNAP25-8809ADEB40,VNAP25-966CE22B1A,Vĩnh Thuận,Vinh Thuan
VN-39,Long An,Long An,VNAP25-1B32208620,VNAP25-966CE22B1A,Vĩnh Trị,Vinh Tri
VN-40,Nam Định,Nam Dinh,VNAP25-A7830D246E,,Giao Thủy,Giao Thuy
VN-40,Nam Định,Nam Dinh,VNAP25-75953EE006,VNAP25-A7830D246E,Bạch Long,Bach Long
VN-40,Nam Định,Nam Dinh,VNAP25-DB279DDD0D,VNAP25-A7830D246E,Bình Hòa,Binh Hoa
VN-40,Nam Định,Nam Dinh,VNAP25-DB31986CB9,VNAP25-A7830D246E,Giao An,Giao An
VN-40,Nam Định,Nam Dinh,VNAP25-C3BFBCEDA3,VNAP25-A7830D246E,Giao Châu,Giao Chau
VN-40,Nam Định,Nam Dinh,VNAP25-F18A8D1CE7,VNAP25-A7830D246E,Giao Hà,Giao Ha
VN-40,Nam Định,Nam Dinh,VNAP25-FFD0D35C41,VNAP25-A7830D246E,Giao Hải,Giao Hai
VN-40,Nam Định,Nam Dinh,VNAP25-65FDA5FDD2,VNAP25-A7830D246E,Giao Hương,Giao Huong
VN-40,Nam Định,Nam Dinh,VNAP25-A7F00A2209,VNAP25-A7830D246E,Giao Lạc,Giao Lac
VN-40,Nam Định,Nam Dinh,VNAP25-1D946C9C8E,VNAP25-A7830D246E,Giao Long,Giao Long
VN-40,Nam Định,Nam Dinh,VNAP25-5D4CE5EB6E,VNAP25-A7830D246E,Giao Nhân,Giao Nhan
VN-40,Nam Định,Nam Dinh,VNAP25-36CBBE0EC2,VNAP25-A7830D246E,Giao Phong,Giao Phong
VN-40,Nam Định,Nam Dinh,VNAP25-432556BEF6,VNAP25-A7830D246E,Giao Tân,Giao Tan
VN-40,Nam Định,Nam Dinh,VNAP25-570ED0EF89,VNAP25-A7830D246E,Giao Thanh,Giao Thanh
VN-40,Nam Định,Nam Dinh,VNAP25-F282A31A5D,VNAP25-A7830D246E,Giao Thiện,Giao Thien
VN-40,Nam Định,Nam Dinh,VNAP25-13F12B8ADC,VNAP25-A7830D246E,Giao Thịnh,Giao Thinh
VN-40,Nam Định,Nam Dinh,VNAP25-CEE62D7A62,VNAP25-A7830D246E,Giao Thủy,Giao Thuy
VN-40,Nam Định,Nam Dinh,VNAP25-61C93F5588,VNAP25-A7830D246E,Giao Xuân,Giao Xuan
VN-40,Nam Định,Nam Dinh,VNAP25-7775841BEA,VNAP25-A7830D246E,Giao Yến,Giao Yen
VN-40,Nam Định,Nam Dinh,VNAP25-0FE892D5DB,VNAP25-A7830D246E,Hồng Thuận,Hong Thuan
VN-40,Nam Định,Nam Dinh,VNAP25-3099E52DA7,VNAP25-A7830D246E,Quất Lâm,Quat Lam
VN-40,Nam Định,Nam Dinh,VNAP25-938E447F93,,Hải Hậu,Hai Hau
VN-40,Nam Định,Nam Dinh,VNAP25-32F026798E,VNAP25-938E447F93,Cồn,Con
VN-40,Nam Định,Nam Dinh,VNAP25-2A5D17AD8F,VNAP25-938E447F93,Hải An,Hai An
VN-40,Nam Định,Nam Dinh,VNAP25-911E798E95,VNAP25-938E447F93,Hải Anh,Hai Anh
VN-40,Nam Định,Nam Dinh,VNAP25-957E426474,VNAP25-938E447F93,Hải Châu,Hai Chau
VN-40,Nam Định,Nam Dinh,VNAP25-EF36265A89,VNAP25-938E447F93,Hải Đông,Hai Dong
VN-40,Nam Định,Nam Dinh,VNAP25-0B972D4904,VNAP25-938E447F93,Hải Đường,Hai Duong
VN-40,Nam Định,Nam Dinh,VNAP25-28B3203E2F,VNAP25-938E447F93,Hải Giang,Hai Giang
VN-40,Nam Định,Nam Dinh,VNAP25-EB8BD8E393,VNAP25-938E447F93,Hải Hòa,Hai Hoa
VN-40,Nam Định,Nam Dinh,VNAP25-C8571F4AB1,VNAP25-938E447F93,Hải Hưng,Hai Hung
VN-40,Nam Định,Nam Dinh,VNAP25-6C318D88DB,VNAP25-938E447F93,Hải Lộc,Hai Loc
VN-40,Nam Định,Nam Dinh,VNAP25-95FA7A0F56,VNAP25-938E447F93,Hải Long,Hai Long
VN-40,Nam Định,Nam Dinh,VNAP25-2EE635A281,VNAP25-938E447F93,Hải Minh,Hai Minh
VN-40,Nam Định,Nam Dinh,VNAP25-65E85302B8,VNAP25-938E447F93,Hải Nam,Hai Nam
VN-40,Nam Định,Nam Dinh,VNAP25-A0799EF74B,VNAP25-938E447F93,Hải Ninh,Hai Ninh
VN-40,Nam Định,Nam Dinh,VNAP25-9967BB0849,VNAP25-938E447F93,Hải Phong,Hai Phong
VN-40,Nam Định,Nam Dinh,VNAP25-5C4B0F0610,VNAP25-938E447F93,Hải Phú,Hai Phu
VN-40,Nam Định,Nam Dinh,VNAP25-3C8B6719B7,VNAP25-938E447F93,Hải Quang,Hai Quang
VN-40,Nam Định,Nam Dinh,VNAP25-6C3284165C,VNAP25-938E447F93,Hải Sơn,Hai Son
VN-40,Nam Định,Nam Dinh,VNAP25-A515431CD6,VNAP25-938E447F93,Hải Tân,Hai Tan
VN-40,Nam Định,Nam Dinh,VNAP25-53EFFC8029,VNAP25-938E447F93,Hải Tây,Hai Tay
VN-40,Nam Định,Nam Dinh,VNAP25-C2B65E1916,VNAP25-938E447F93,Hải Trung,Hai Trung
VN-40,Nam Định,Nam Dinh,VNAP25-2E9B808812,VNAP25-938E447F93,Hải Xuân,Hai Xuan
VN-40,Nam Định,Nam Dinh,VNAP25-7F39F046A0,VNAP25-938E447F93,Thịnh Long,Thinh Long
VN-40,Nam Định,Nam Dinh,VNAP25-0AD1E4CD45,VNAP25-938E447F93,Yên Định,Yen Dinh
VN-40,Nam Định,Nam Dinh,VNAP25-42325DAB64,,Nam Định,Nam Dinh
VN-40,Nam Định,Nam Dinh,VNAP25-D6014B647F,VNAP25-42325DAB64,Cửa Bắc,Cua Bac
VN-40,Nam Định,Nam Dinh,VNAP25-071AF2D43C,VNAP25-42325DAB64,Cửa Nam,Cua Nam
VN-40,Nam Định,Nam Dinh,VNAP25-6E7D6412BC,VNAP25-42325DAB64,Hưng Lộc,Hung Loc
VN-40,Nam Định,Nam Dinh,VNAP25-35038B4372,VNAP25-42325DAB64,Lộc Hạ,Loc Ha
VN-40,Nam Định,Nam Dinh,VNAP25-C8EF712A8C,VNAP25-42325DAB64,Lộc Hòa,Loc Hoa
VN-40,Nam Định,Nam Dinh,VNAP25-5C3E564584,VNAP25-42325DAB64,Lộc Vượng,Loc Vuong
VN-40,Nam Định,Nam Dinh,VNAP25-9DFE1EA17A,VNAP25-42325DAB64,Mỹ Hà,My Ha
VN-40,Nam Định,Nam Dinh,VNAP25-841D407D44,VNAP25-42325DAB64,Mỹ Lộc,My Loc
VN-40,Nam Định,Nam Dinh,VNAP25-DA7D6A3B66,VNAP25-42325DAB64,Mỹ Phúc,My Phuc
VN-40,Nam Định,Nam Dinh,VNAP25-2961C975DB,VNAP25-42325DAB64,Mỹ Tân,My Tan
VN-40,Nam Định,Nam Dinh,VNAP25-BE795C65A6,VNAP25-42325DAB64,Mỹ Thắng,My Thang
VN-40,Nam Định,Nam Dinh,VNAP25-C960996101,VNAP25-42325DAB64,Mỹ Thuận,My Thuan
VN-40,Nam Định,Nam Dinh,VNAP25-CCC7E1A359,VNAP25-42325DAB64,Mỹ Trung,My Trung
VN-40,Nam Định,Nam Dinh,VNAP25-9EE2E9B987,VNAP25-42325DAB64,Mỹ Xá,My Xa
VN-40,Nam Định,Nam Dinh,VNAP25-6748C24BD8,VNAP25-42325DAB64,Nam Phong,Nam Phong
VN-40,Nam Định,Nam Dinh,VNAP25-E857CA3769,VNAP25-42325DAB64,Nam Vân,Nam Van
VN-40,Nam Định,Nam Dinh,VNAP25-C8BB658242,VNAP25-42325DAB64,Năng Tĩnh,Nang Tinh
VN-40,Nam Định,Nam Dinh,VNAP25-5CCFE62296,VNAP25-42325DAB64,Quang Trung,Quang Trung
VN-40,Nam Định,Nam Dinh,VNAP25-3E5615E023,VNAP25-42325DAB64,Trần Hưng Đạo,Tran Hung Dao
VN-40,Nam Định,Nam Dinh,VNAP25-E050489C20,VNAP25-42325DAB64,Trường Thi,Truong Thi
VN-40,Nam Định,Nam Dinh,VNAP25-F526B593AB,VNAP25-42325DAB64,Vị Xuyên,Vi Xuyen
VN-40,Nam Định,Nam Dinh,VNAP25-F62B1E3A68,,Nam Trực,Nam Truc
VN-40,Nam Định,Nam Dinh,VNAP25-EAA66BCB36,VNAP25-F62B1E3A68,Bình Minh,Binh Minh
VN-40,Nam Định,Nam Dinh,VNAP25-46058C88BF,VNAP25-F62B1E3A68,Đồng Sơn,Dong Son
VN-40,Nam Định,Nam Dinh,VNAP25-421E25DE37,VNAP25-F62B1E3A68,Hồng Quang,Hong Quang
VN-40,Nam Định,Nam Dinh,VNAP25-5002E8D068,VNAP25-F62B1E3A68,Nam Cường,Nam Cuong
VN-40,Nam Định,Nam Dinh,VNAP25-572CE137C0,VNAP25-F62B1E3A68,Nam Điền,Nam Dien
VN-40,Nam Định,Nam Dinh,VNAP25-A1C7A1D9F7,VNAP25-F62B1E3A68,Nam Dương,Nam Duong
VN-40,Nam Định,Nam Dinh,VNAP25-06BDF707B7,VNAP25-F62B1E3A68,Nam Giang,Nam Giang
VN-40,Nam Định,Nam Dinh,VNAP25-198028D29B,VNAP25-F62B1E3A68,Nam Hải,Nam Hai
VN-40,Nam Định,Nam Dinh,VNAP25-488B9786CB,VNAP25-F62B1E3A68,Nam Hoa,Nam Hoa
VN-40,Nam Định,Nam Dinh,VNAP25-0BEF232740,VNAP25-F62B1E3A68,Nam Hồng,Nam Hong
VN-40,Nam Định,Nam Dinh,VNAP25-BC62A8D0E1,VNAP25-F62B1E3A68,Nam Hùng,Nam Hung
VN-40,Nam Định,Nam Dinh,VNAP25-BAC16C7DE4,VNAP25-F62B1E3A68,Nam Lợi,Nam Loi
VN-40,Nam Định,Nam Dinh,VNAP25-C53844AF43,VNAP25-F62B1E3A68,Nam Thái,Nam Thai
VN-40,Nam Định,Nam Dinh,VNAP25-C35A13E140,VNAP25-F62B1E3A68,Nam Thắng,Nam Thang
VN-40,Nam Định,Nam Dinh,VNAP25-1F4963EE90,VNAP25-F62B1E3A68,Nam Thanh,Nam Thanh
VN-40,Nam Định,Nam Dinh,VNAP25-0E03D8AA8A,VNAP25-F62B1E3A68,Nam Tiến,Nam Tien
VN-40,Nam Định,Nam Dinh,VNAP25-01938C3FD9,VNAP25-F62B1E3A68,Nghĩa An,Nghia An
VN-40,Nam Định,Nam Dinh,VNAP25-A861483AB2,VNAP25-F62B1E3A68,Tân Thịnh,Tan Thinh
VN-40,Nam Định,Nam Dinh,VNAP25-BC1E165F49,,Nghĩa Hưng,Nghia Hung
VN-40,Nam Định,Nam Dinh,VNAP25-55BEBB48E1,VNAP25-BC1E165F49,Đồng Thịnh,Dong Thinh
VN-40,Nam Định,Nam Dinh,VNAP25-10531DD787,VNAP25-BC1E165F49,Hoàng Nam,Hoang Nam
VN-40,Nam Định,Nam Dinh,VNAP25-75691CC3C9,VNAP25-BC1E165F49,Liễu Đề,Lieu De
VN-40,Nam Định,Nam Dinh,VNAP25-F76E618183,VNAP25-BC1E165F49,Nam Điền,Nam Dien
VN-40,Nam Định,Nam Dinh,VNAP25-2B5B6DB7C0,VNAP25-BC1E165F49,Nghĩa Châu,Nghia Chau
VN-40,Nam Định,Nam Dinh,VNAP25-7CF5665D38,VNAP25-BC1E165F49,Nghĩa Hải,Nghia Hai
VN-40,Nam Định,Nam Dinh,VNAP25-A1CF435EED,VNAP25-BC1E165F49,Nghĩa Hồng,Nghia Hong
VN-40,Nam Định,Nam Dinh,VNAP25-1501BFCD9B,VNAP25-BC1E165F49,Nghĩa Hùng,Nghia Hung
VN-40,Nam Định,Nam Dinh,VNAP25-6865EE3544,VNAP25-BC1E165F49,Nghĩa Lạc,Nghia Lac
VN-40,Nam Định,Nam Dinh,VNAP25-F1C2867E6B,VNAP25-BC1E165F49,Nghĩa Lâm,Nghia Lam
VN-40,Nam Định,Nam Dinh,VNAP25-FBFED3243B,VNAP25-BC1E165F49,Nghĩa Lợi,Nghia Loi
VN-40,Nam Định,Nam Dinh,VNAP25-353A4EAEC0,VNAP25-BC1E165F49,Nghĩa Phong,Nghia Phong
VN-40,Nam Định,Nam Dinh,VNAP25-C03D9185CB,VNAP25-BC1E165F49,Nghĩa Phú,Nghia Phu
VN-40,Nam Định,Nam Dinh,VNAP25-BACDFD2049,VNAP25-BC1E165F49,Nghĩa Sơn,Nghia Son
VN-40,Nam Định,Nam Dinh,VNAP25-A99FF33401,VNAP25-BC1E165F49,Nghĩa Thái,Nghia Thai
VN-40,Nam Định,Nam Dinh,VNAP25-5F39C6FCEE,VNAP25-BC1E165F49,Nghĩa Thành,Nghia Thanh
VN-40,Nam Định,Nam Dinh,VNAP25-B0B4CC5FBC,VNAP25-BC1E165F49,Nghĩa Trung,Nghia Trung
VN-40,Nam Định,Nam Dinh,VNAP25-6DBD9F152B,VNAP25-BC1E165F49,Phúc Thắng,Phuc Thang
VN-40,Nam Định,Nam Dinh,VNAP25-E032E1A8E9,VNAP25-BC1E165F49,Quỹ Nhất,Quy Nhat
VN-40,Nam Định,Nam Dinh,VNAP25-9DDCAC89FA,VNAP25-BC1E165F49,Rạng Đông,Rang Dong
VN-40,Nam Định,Nam Dinh,VNAP25-545E189D3F,,Trực Ninh,Truc Ninh
VN-40,Nam Định,Nam Dinh,VNAP25-C9F2823109,VNAP25-545E189D3F,Cát Thành,Cat Thanh
VN-40,Nam Định,Nam Dinh,VNAP25-E2C6379030,VNAP25-545E189D3F,Cổ Lễ,Co Le
VN-40,Nam Định,Nam Dinh,VNAP25-ACCC2E117C,VNAP25-545E189D3F,Liêm Hải,Liem Hai
VN-40,Nam Định,Nam Dinh,VNAP25-C9401C3CAE,VNAP25-545E189D3F,Ninh Cường,Ninh Cuong
VN-40,Nam Định,Nam Dinh,VNAP25-C1AE8C0E2C,VNAP25-545E189D3F,Phương Định,Phuong Dinh
VN-40,Nam Định,Nam Dinh,VNAP25-4E7624F169,VNAP25-545E189D3F,Trực Chính,Truc Chinh
VN-40,Nam Định,Nam Dinh,VNAP25-AA1C75B27A,VNAP25-545E189D3F,Trực Cường,Truc Cuong
VN-40,Nam Định,Nam Dinh,VNAP25-D8397C1680,VNAP25-545E189D3F,Trực Đại,Truc Dai
VN-40,Nam Định,Nam Dinh,VNAP25-69568EE58B,VNAP25-545E189D3F,Trực Đạo,Truc Dao
VN-40,Nam Định,Nam Dinh,VNAP25-500BFF0F7F,VNAP25-545E189D3F,Trực Hùng,Truc Hung
VN-40,Nam Định,Nam Dinh,VNAP25-4BE744A7BF,VNAP25-545E189D3F,Trực Hưng,Truc Hung
VN-40,Nam Định,Nam Dinh,VNAP25-4E2C3931B8,VNAP25-545E189D3F,Trực Khang,Truc Khang
VN-40,Nam Định,Nam Dinh,VNAP25-DD86E77D39,VNAP25-545E189D3F,Trực Mỹ,Truc My
VN-40,Nam Định,Nam Dinh,VNAP25-B51704A697,VNAP25-545E189D3F,Trực Nội,Truc Noi
VN-40,Nam Định,Nam Dinh,VNAP25-CD1DBF259A,VNAP25-545E189D3F,Trực Thái,Truc Thai
VN-40,Nam Định,Nam Dinh,VNAP25-99FBC4107B,VNAP25-545E189D3F,Trực Thắng,Truc Thang
VN-40,Nam Định,Nam Dinh,VNAP25-1E99D07A29,VNAP25-545E189D3F,Trực Thanh,Truc Thanh
VN-40,Nam Định,Nam Dinh,VNAP25-2DDC648F51,VNAP25-545E189D3F,Trực Thuận,Truc Thuan
VN-40,Nam Định,Nam Dinh,VNAP25-C0EFAD5F7B,VNAP25-545E189D3F,Trực Tuấn,Truc Tuan
VN-40,Nam Định,Nam Dinh,VNAP25-050C07C87C,VNAP25-545E189D3F,Trung Đông,Trung Dong
VN-40,Nam Định,Nam Dinh,VNAP25-7B49075867,VNAP25-545E189D3F,Việt Hùng,Viet Hung
VN-40,Nam Định,Nam Dinh,VNAP25-3DE19B0A92,,Vụ Bản,Vu Ban
VN-40,Nam Định,Nam Dinh,VNAP25-FD4F413F9B,VNAP25-3DE19B0A92,Cộng Hòa,Cong Hoa
VN-40,Nam Định,Nam Dinh,VNAP25-1B4EE924EA,VNAP25-3DE19B0A92,Đại An,Dai An
VN-40,Nam Định,Nam Dinh,VNAP25-83A94BC66F,VNAP25-3DE19B0A92,Đại Thắng,Dai Thang
VN-40,Nam Định,Nam Dinh,VNAP25-CB6502B64F,VNAP25-3DE19B0A92,Gôi,Goi
VN-40,Nam Định,Nam Dinh,VNAP25-D3505DD23A,VNAP25-3DE19B0A92,Hiển Khánh,Hien Khanh
VN-40,Nam Định,Nam Dinh,VNAP25-D5A146440E,VNAP25-3DE19B0A92,Hợp Hưng,Hop Hung
VN-40,Nam Định,Nam Dinh,VNAP25-914744191C,VNAP25-3DE19B0A92,Kim Thái,Kim Thai
VN-40,Nam Định,Nam Dinh,VNAP25-CC47685DA5,VNAP25-3DE19B0A92,Liên Minh,Lien Minh
VN-40,Nam Định,Nam Dinh,VNAP25-35184663F3,VNAP25-3DE19B0A92,Minh Tân,Minh Tan
VN-40,Nam Định,Nam Dinh,VNAP25-94EC519F18,VNAP25-3DE19B0A92,Quang Trung,Quang Trung
VN-40,Nam Định,Nam Dinh,VNAP25-037ADE2380,VNAP25-3DE19B0A92,Tam Thanh,Tam Thanh
VN-40,Nam Định,Nam Dinh,VNAP25-5E6216EB64,VNAP25-3DE19B0A92,Thành Lợi,Thanh Loi
VN-40,Nam Định,Nam Dinh,VNAP25-5CD8BE58C5,VNAP25-3DE19B0A92,Trung Thành,Trung Thanh
VN-40,Nam Định,Nam Dinh,VNAP25-5FCE368DCB,VNAP25-3DE19B0A92,Vĩnh Hào,Vinh Hao
VN-40,Nam Định,Nam Dinh,VNAP25-065F0ADF6A,,Xuân Trường,Xuan Truong
VN-40,Nam Định,Nam Dinh,VNAP25-67BDBF5878,VNAP25-065F0ADF6A,Thọ Nghiệp,Tho Nghiep
VN-40,Nam Định,Nam Dinh,VNAP25-617AA1C98A,VNAP25-065F0ADF6A,Trà Lũ,Tra Lu
VN-40,Nam Định,Nam Dinh,VNAP25-A55B824E1C,VNAP25-065F0ADF6A,Xuân Châu,Xuan Chau
VN-40,Nam Định,Nam Dinh,VNAP25-0D57B656E9,VNAP25-065F0ADF6A,Xuân Giang,Xuan Giang
VN-40,Nam Định,Nam Dinh,VNAP25-4293BAD5BD,VNAP25-065F0ADF6A,Xuân Hồng,Xuan Hong
VN-40,Nam Định,Nam Dinh,VNAP25-36E04009F4,VNAP25-065F0ADF6A,Xuân Ngọc,Xuan Ngoc
VN-40,Nam Định,Nam Dinh,VNAP25-8C6BBC5904,VNAP25-065F0ADF6A,Xuân Ninh,Xuan Ninh
VN-40,Nam Định,Nam Dinh,VNAP25-34605C5BC3,VNAP25-065F0ADF6A,Xuân Phú,Xuan Phu
VN-40,Nam Định,Nam Dinh,VNAP25-CDF99CB2C5,VNAP25-065F0ADF6A,Xuân Phúc,Xuan Phuc
VN-40,Nam Định,Nam Dinh,VNAP25-ADBCE6AD77,VNAP25-065F0ADF6A,Xuân Tân,Xuan Tan
VN-40,Nam Định,Nam Dinh,VNAP25-9448C8B3A8,VNAP25-065F0ADF6A,Xuân Thành,Xuan Thanh
VN-40,Nam Định,Nam Dinh,VNAP25-D547AC49E2,VNAP25-065F0ADF6A,Xuân Thượng,Xuan Thuong
VN-40,Nam Định,Nam Dinh,VNAP25-67B0225EFD,VNAP25-065F0ADF6A,Xuân Trường,Xuan Truong
VN-40,Nam Định,Nam Dinh,VNAP25-04875E1023,VNAP25-065F0ADF6A,Xuân Vinh,Xuan Vinh
VN-40,Nam Định,Nam Dinh,VNAP25-207118AFF0,,Ý Yên,Y Yen
VN-40,Nam Định,Nam Dinh,VNAP25-D211E1ED1E,VNAP25-207118AFF0,Hồng Quang,Hong Quang
VN-40,Nam Định,Nam Dinh,VNAP25-64920DB4B1,VNAP25-207118AFF0,Lâm,Lam
VN-40,Nam Định,Nam Dinh,VNAP25-820B8B2F7F,VNAP25-207118AFF0,Phú Hưng,Phu Hung
VN-40,Nam Định,Nam Dinh,VNAP25-F7DC1A604D,VNAP25-207118AFF0,Tân Minh,Tan Minh
VN-40,Nam Định,Nam Dinh,VNAP25-165E103DD9,VNAP25-207118AFF0,Trung Nghĩa,Trung Nghia
VN-40,Nam Định,Nam Dinh,VNAP25-E4124AE4D4,VNAP25-207118AFF0,Yên Bình,Yen Binh
VN-40,Nam Định,Nam Dinh,VNAP25-6E55999DB4,VNAP25-207118AFF0,Yên Chính,Yen Chinh
VN-40,Nam Định,Nam Dinh,VNAP25-EE7ABFEEFC,VNAP25-207118AFF0,Yên Cường,Yen Cuong
VN-40,Nam Định,Nam Dinh,VNAP25-74EBABE1D5,VNAP25-207118AFF0,Yên Đồng,Yen Dong
VN-40,Nam Định,Nam Dinh,VNAP25-91D378C8DD,VNAP25-207118AFF0,Yên Dương,Yen Duong
VN-40,Nam Định,Nam Dinh,VNAP25-120461E8A3,VNAP25-207118AFF0,Yên Khang,Yen Khang
VN-40,Nam Định,Nam Dinh,VNAP25-3E25513A9E,VNAP25-207118AFF0,Yên Khánh,Yen Khanh
VN-40,Nam Định,Nam Dinh,VNAP25-FA7A5D53E3,VNAP25-207118AFF0,Yên Lộc,Yen Loc
VN-40,Nam Định,Nam Dinh,VNAP25-32733182C9,VNAP25-207118AFF0,Yên Lương,Yen Luong
VN-40,Nam Định,Nam Dinh,VNAP25-C5CBB2B996,VNAP25-207118AFF0,Yên Mỹ,Yen My
VN-40,Nam Định,Nam Dinh,VNAP25-500C1F98EC,VNAP25-207118AFF0,Yên Nhân,Yen Nhan
VN-40,Nam Định,Nam Dinh,VNAP25-AD9D187791,VNAP25-207118AFF0,Yên Ninh,Yen Ninh
VN-40,Nam Định,Nam Dinh,VNAP25-7208736815,VNAP25-207118AFF0,Yên Phong,Yen Phong
VN-40,Nam Định,Nam Dinh,VNAP25-BF29553EE2,VNAP25-207118AFF0,Yên Phúc,Yen Phuc
VN-40,Nam Định,Nam Dinh,VNAP25-B5F679EF4B,VNAP25-207118AFF0,Yên Thắng,Yen Thang
VN-40,Nam Định,Nam Dinh,VNAP25-D99C1CDAF7,VNAP25-207118AFF0,Yên Thọ,Yen Tho
VN-40,Nam Định,Nam Dinh,VNAP25-738012D106,VNAP25-207118AFF0,Yên Tiến,Yen Tien
VN-40,Nam Định,Nam Dinh,VNAP25-37CCDDAB5E,VNAP25-207118AFF0,Yên Trị,Yen Tri
VN-41,Nghệ An,Nghe An,VNAP25-9F02BB85DA,,Anh Sơn,Anh Son
VN-41,Nghệ An,Nghe An,VNAP25-1B25803D16,VNAP25-9F02BB85DA,Bình Sơn,Binh Son
VN-41,Nghệ An,Nghe An,VNAP25-29A91FD2BE,VNAP25-9F02BB85DA,Cẩm Sơn,Cam Son
VN-41,Nghệ An,Nghe An,VNAP25-C9D7C4169C,VNAP25-9F02BB85DA,Cao Sơn,Cao Son
VN-41,Nghệ An,Nghe An,VNAP25-61344CCC2E,VNAP25-9F02BB85DA,Đức Sơn,Duc Son
VN-41,Nghệ An,Nghe An,VNAP25-66C6E21BC7,VNAP25-9F02BB85DA,Hoa Sơn,Hoa Son
VN-41,Nghệ An,Nghe An,VNAP25-35760D1F87,VNAP25-9F02BB85DA,Hội Sơn,Hoi Son
VN-41,Nghệ An,Nghe An,VNAP25-E5EA2C01C1,VNAP25-9F02BB85DA,Hùng Sơn,Hung Son
VN-41,Nghệ An,Nghe An,VNAP25-C2E16D3408,VNAP25-9F02BB85DA,Khai Sơn,Khai Son
VN-41,Nghệ An,Nghe An,VNAP25-DDD7768AF2,VNAP25-9F02BB85DA,Kim Nhan,Kim Nhan
VN-41,Nghệ An,Nghe An,VNAP25-120C9D5A66,VNAP25-9F02BB85DA,Lạng Sơn,Lang Son
VN-41,Nghệ An,Nghe An,VNAP25-488403FEEF,VNAP25-9F02BB85DA,Lĩnh Sơn,Linh Son
VN-41,Nghệ An,Nghe An,VNAP25-1D35B0441A,VNAP25-9F02BB85DA,Long Sơn,Long Son
VN-41,Nghệ An,Nghe An,VNAP25-4D124B8B26,VNAP25-9F02BB85DA,Phúc Sơn,Phuc Son
VN-41,Nghệ An,Nghe An,VNAP25-8DAE381501,VNAP25-9F02BB85DA,Tam Đỉnh,Tam Dinh
VN-41,Nghệ An,Nghe An,VNAP25-5D71274A35,VNAP25-9F02BB85DA,Tào Sơn,Tao Son
VN-41,Nghệ An,Nghe An,VNAP25-06EE87238A,VNAP25-9F02BB85DA,Thành Sơn,Thanh Son
VN-41,Nghệ An,Nghe An,VNAP25-AD89FB2DB3,VNAP25-9F02BB85DA,Thọ Sơn,Tho Son
VN-41,Nghệ An,Nghe An,VNAP25-60C45FC69E,VNAP25-9F02BB85DA,Tường Sơn,Tuong Son
VN-41,Nghệ An,Nghe An,VNAP25-0DED40C789,VNAP25-9F02BB85DA,Vĩnh Sơn,Vinh Son
VN-41,Nghệ An,Nghe An,VNAP25-BE73ADE115,,Con Cuông,Con Cuong
VN-41,Nghệ An,Nghe An,VNAP25-765CE39A43,VNAP25-BE73ADE115,Bình Chuẩn,Binh Chuan
VN-41,Nghệ An,Nghe An,VNAP25-8258E323D2,VNAP25-BE73ADE115,Cam Lâm,Cam Lam
VN-41,Nghệ An,Nghe An,VNAP25-2889CF7701,VNAP25-BE73ADE115,Châu Khê,Chau Khe
VN-41,Nghệ An,Nghe An,VNAP25-CCFF671D60,VNAP25-BE73ADE115,Chi Khê,Chi Khe
VN-41,Nghệ An,Nghe An,VNAP25-773A0E3610,VNAP25-BE73ADE115,Đôn Phục,Don Phuc
VN-41,Nghệ An,Nghe An,VNAP25-7A13D3E9CC,VNAP25-BE73ADE115,Lạng Khê,Lang Khe
VN-41,Nghệ An,Nghe An,VNAP25-17A23A0E17,VNAP25-BE73ADE115,Lục Dạ,Luc Da
VN-41,Nghệ An,Nghe An,VNAP25-D433899AF5,VNAP25-BE73ADE115,Mậu Đức,Mau Duc
VN-41,Nghệ An,Nghe An,VNAP25-6968B086CF,VNAP25-BE73ADE115,Môn Sơn,Mon Son
VN-41,Nghệ An,Nghe An,VNAP25-AF648622AC,VNAP25-BE73ADE115,Thạch Ngàn,Thach Ngan
VN-41,Nghệ An,Nghe An,VNAP25-59F89E4D81,VNAP25-BE73ADE115,Trà Lân,Tra Lan
VN-41,Nghệ An,Nghe An,VNAP25-9B104D8F63,VNAP25-BE73ADE115,Yên Khê,Yen Khe
VN-41,Nghệ An,Nghe An,VNAP25-5B19501ECC,,Diễn Châu,Dien Chau
VN-41,Nghệ An,Nghe An,VNAP25-D4537B5011,VNAP25-5B19501ECC,Diễn An,Dien An
VN-41,Nghệ An,Nghe An,VNAP25-97A4C19EF1,VNAP25-5B19501ECC,Diễn Cát,Dien Cat
VN-41,Nghệ An,Nghe An,VNAP25-C74973E0BC,VNAP25-5B19501ECC,Diễn Đoài,Dien Doai
VN-41,Nghệ An,Nghe An,VNAP25-AA11C50058,VNAP25-5B19501ECC,Diễn Đồng,Dien Dong
VN-41,Nghệ An,Nghe An,VNAP25-F012ED8D42,VNAP25-5B19501ECC,Diễn Hoa,Dien Hoa
VN-41,Nghệ An,Nghe An,VNAP25-B4546C5FFD,VNAP25-5B19501ECC,Diễn Hoàng,Dien Hoang
VN-41,Nghệ An,Nghe An,VNAP25-535704E125,VNAP25-5B19501ECC,Diễn Hồng,Dien Hong
VN-41,Nghệ An,Nghe An,VNAP25-24D9739D28,VNAP25-5B19501ECC,Diễn Kim,Dien Kim
VN-41,Nghệ An,Nghe An,VNAP25-67749ADBC1,VNAP25-5B19501ECC,Diễn Kỷ,Dien Ky
VN-41,Nghệ An,Nghe An,VNAP25-E1FB84A0CD,VNAP25-5B19501ECC,Diễn Lâm,Dien Lam
VN-41,Nghệ An,Nghe An,VNAP25-E28E9C487B,VNAP25-5B19501ECC,Diễn Liên,Dien Lien
VN-41,Nghệ An,Nghe An,VNAP25-565730990D,VNAP25-5B19501ECC,Diễn Lộc,Dien Loc
VN-41,Nghệ An,Nghe An,VNAP25-BFB0FC3C6F,VNAP25-5B19501ECC,Diễn Lợi,Dien Loi
VN-41,Nghệ An,Nghe An,VNAP25-0D3BE224AA,VNAP25-5B19501ECC,Diễn Mỹ,Dien My
VN-41,Nghệ An,Nghe An,VNAP25-3ADA36520E,VNAP25-5B19501ECC,Diễn Nguyên,Dien Nguyen
VN-41,Nghệ An,Nghe An,VNAP25-8DF3EC90B1,VNAP25-5B19501ECC,Diễn Phong,Dien Phong
VN-41,Nghệ An,Nghe An,VNAP25-C45FB609DB,VNAP25-5B19501ECC,Diễn Phú,Dien Phu
VN-41,Nghệ An,Nghe An,VNAP25-FF1D3ECC57,VNAP25-5B19501ECC,Diễn Phúc,Dien Phuc
VN-41,Nghệ An,Nghe An,VNAP25-1C5F199E82,VNAP25-5B19501ECC,Diễn Tân,Dien Tan
VN-41,Nghệ An,Nghe An,VNAP25-A5950F220D,VNAP25-5B19501ECC,Diễn Thái,Dien Thai
VN-41,Nghệ An,Nghe An,VNAP25-1882FB1C38,VNAP25-5B19501ECC,Diễn Thành,Dien Thanh
VN-41,Nghệ An,Nghe An,VNAP25-7138EB62BC,VNAP25-5B19501ECC,Diễn Thịnh,Dien Thinh
VN-41,Nghệ An,Nghe An,VNAP25-C271C86915,VNAP25-5B19501ECC,Diễn Thọ,Dien Tho
VN-41,Nghệ An,Nghe An,VNAP25-E4066AAA1E,VNAP25-5B19501ECC,Diễn Trung,Dien Trung
VN-41,Nghệ An,Nghe An,VNAP25-EFA2E83F1B,VNAP25-5B19501ECC,Diễn Trường,Dien Truong
VN-41,Nghệ An,Nghe An,VNAP25-DADEFCF3FD,VNAP25-5B19501ECC,Diễn Vạn,Dien Van
VN-41,Nghệ An,Nghe An,VNAP25-0E614F6E13,VNAP25-5B19501ECC,Diễn Yên,Dien Yen
VN-41,Nghệ An,Nghe An,VNAP25-EBF72073BF,VNAP25-5B19501ECC,Hạnh Quảng,Hanh Quang
VN-41,Nghệ An,Nghe An,VNAP25-136924E345,VNAP25-5B19501ECC,Hùng Hải,Hung Hai
VN-41,Nghệ An,Nghe An,VNAP25-60DDC16A82,VNAP25-5B19501ECC,Minh Châu,Minh Chau
VN-41,Nghệ An,Nghe An,VNAP25-CB361DBA87,VNAP25-5B19501ECC,Ngọc Bích,Ngoc Bich
VN-41,Nghệ An,Nghe An,VNAP25-8F7B977A7F,VNAP25-5B19501ECC,Xuân Tháp,Xuan Thap
VN-41,Nghệ An,Nghe An,VNAP25-A16AA81EDE,,Đô Lương,Do Luong
VN-41,Nghệ An,Nghe An,VNAP25-5A9B68D45F,VNAP25-A16AA81EDE,Bắc Sơn,Bac Son
VN-41,Nghệ An,Nghe An,VNAP25-1534AB57F3,VNAP25-A16AA81EDE,Bạch Ngọc,Bach Ngoc
VN-41,Nghệ An,Nghe An,VNAP25-EBC9280341,VNAP25-A16AA81EDE,Bài Sơn,Bai Son
VN-41,Nghệ An,Nghe An,VNAP25-497BF93385,VNAP25-A16AA81EDE,Bồi Sơn,Boi Son
VN-41,Nghệ An,Nghe An,VNAP25-E45FA9F6D9,VNAP25-A16AA81EDE,Đà Sơn,Da Son
VN-41,Nghệ An,Nghe An,VNAP25-6FFD74A8EE,VNAP25-A16AA81EDE,Đại Sơn,Dai Son
VN-41,Nghệ An,Nghe An,VNAP25-67D71692E4,VNAP25-A16AA81EDE,Đặng Sơn,Dang Son
VN-41,Nghệ An,Nghe An,VNAP25-02F029DAB6,VNAP25-A16AA81EDE,Đô Lương,Do Luong
VN-41,Nghệ An,Nghe An,VNAP25-8CA050F47A,VNAP25-A16AA81EDE,Đông Sơn,Dong Son
VN-41,Nghệ An,Nghe An,VNAP25-9E538FB157,VNAP25-A16AA81EDE,Giang Sơn Đông,Giang Son Dong
VN-41,Nghệ An,Nghe An,VNAP25-F8142FEC3D,VNAP25-A16AA81EDE,Giang Sơn Tây,Giang Son Tay
VN-41,Nghệ An,Nghe An,VNAP25-D47C6F1F99,VNAP25-A16AA81EDE,Hiến Sơn,Hien Son
VN-41,Nghệ An,Nghe An,VNAP25-7D87CD3CE4,VNAP25-A16AA81EDE,Hòa Sơn,Hoa Son
VN-41,Nghệ An,Nghe An,VNAP25-4453C05B9D,VNAP25-A16AA81EDE,Hồng Sơn,Hong Son
VN-41,Nghệ An,Nghe An,VNAP25-8CEE05CED5,VNAP25-A16AA81EDE,Lạc Sơn,Lac Son
VN-41,Nghệ An,Nghe An,VNAP25-98C68483BE,VNAP25-A16AA81EDE,Lưu Sơn,Luu Son
VN-41,Nghệ An,Nghe An,VNAP25-417D1F6AEB,VNAP25-A16AA81EDE,Minh Sơn,Minh Son
VN-41,Nghệ An,Nghe An,VNAP25-9DB7B1010A,VNAP25-A16AA81EDE,Mỹ Sơn,My Son
VN-41,Nghệ An,Nghe An,VNAP25-13B6B3B461,VNAP25-A16AA81EDE,Nam Sơn,Nam Son
VN-41,Nghệ An,Nghe An,VNAP25-CB8CC7D953,VNAP25-A16AA81EDE,Nhân Sơn,Nhan Son
VN-41,Nghệ An,Nghe An,VNAP25-DDCC7F5CF5,VNAP25-A16AA81EDE,Quang Sơn,Quang Son
VN-41,Nghệ An,Nghe An,VNAP25-8C71984FAC,VNAP25-A16AA81EDE,Tân Sơn,Tan Son
VN-41,Nghệ An,Nghe An,VNAP25-7F43847160,VNAP25-A16AA81EDE,Thái Sơn,Thai Son
VN-41,Nghệ An,Nghe An,VNAP25-665C3D93EE,VNAP25-A16AA81EDE,Thịnh Sơn,Thinh Son
VN-41,Nghệ An,Nghe An,VNAP25-35EAD2950E,VNAP25-A16AA81EDE,Thuận Sơn,Thuan Son
VN-41,Nghệ An,Nghe An,VNAP25-A858000062,VNAP25-A16AA81EDE,Thượng Sơn,Thuong Son
VN-41,Nghệ An,Nghe An,VNAP25-CA23046895,VNAP25-A16AA81EDE,Tràng Sơn,Trang Son
VN-41,Nghệ An,Nghe An,VNAP25-E07641C9BD,VNAP25-A16AA81EDE,Trù Sơn,Tru Son
VN-41,Nghệ An,Nghe An,VNAP25-6609DB113C,VNAP25-A16AA81EDE,Trung Sơn,Trung Son
VN-41,Nghệ An,Nghe An,VNAP25-B1F691AA8B,VNAP25-A16AA81EDE,Văn Sơn,Van Son
VN-41,Nghệ An,Nghe An,VNAP25-E80B1A670B,VNAP25-A16AA81EDE,Xuân Sơn,Xuan Son
VN-41,Nghệ An,Nghe An,VNAP25-3FB90F4C54,VNAP25-A16AA81EDE,Yên Sơn,Yen Son
VN-41,Nghệ An,Nghe An,VNAP25-94A66E8A83,,Hoàng Mai,Hoang Mai
VN-41,Nghệ An,Nghe An,VNAP25-8AE857B080,VNAP25-94A66E8A83,Mai Hùng,Mai Hung
VN-41,Nghệ An,Nghe An,VNAP25-87B70A9846,VNAP25-94A66E8A83,Quỳnh Dị,Quynh Di
VN-41,Nghệ An,Nghe An,VNAP25-870539054D,VNAP25-94A66E8A83,Quỳnh Lập,Quynh Lap
VN-41,Nghệ An,Nghe An,VNAP25-7C7D218FB3,VNAP25-94A66E8A83,Quỳnh Liên,Quynh Lien
VN-41,Nghệ An,Nghe An,VNAP25-B5CAB8D12D,VNAP25-94A66E8A83,Quỳnh Lộc,Quynh Loc
VN-41,Nghệ An,Nghe An,VNAP25-7C4FF2F1A7,VNAP25-94A66E8A83,Quỳnh Phương,Quynh Phuong
VN-41,Nghệ An,Nghe An,VNAP25-2BBDFFF7FC,VNAP25-94A66E8A83,Quỳnh Thiện,Quynh Thien
VN-41,Nghệ An,Nghe An,VNAP25-5E6ADEC291,VNAP25-94A66E8A83,Quỳnh Trang,Quynh Trang
VN-41,Nghệ An,Nghe An,VNAP25-86A0363A7F,VNAP25-94A66E8A83,Quỳnh Vinh,Quynh Vinh
VN-41,Nghệ An,Nghe An,VNAP25-4DAFA48A90,VNAP25-94A66E8A83,Quỳnh Xuân,Quynh Xuan
VN-41,Nghệ An,Nghe An,VNAP25-30A4C408F9,,Hưng Nguyên,Hung Nguyen
VN-41,Nghệ An,Nghe An,VNAP25-25A94E1AAF,VNAP25-30A4C408F9,Châu Nhân,Chau Nhan
VN-41,Nghệ An,Nghe An,VNAP25-CE52DB2E0B,VNAP25-30A4C408F9,Hưng Đạo,Hung Dao
VN-41,Nghệ An,Nghe An,VNAP25-CFD11F1745,VNAP25-30A4C408F9,Hưng Lĩnh,Hung Linh
VN-41,Nghệ An,Nghe An,VNAP25-9741E4A139,VNAP25-30A4C408F9,Hưng Nghĩa,Hung Nghia
VN-41,Nghệ An,Nghe An,VNAP25-8D11DC4656,VNAP25-30A4C408F9,Hưng Nguyên,Hung Nguyen
VN-41,Nghệ An,Nghe An,VNAP25-CA51DBC703,VNAP25-30A4C408F9,Hưng Tây,Hung Tay
VN-41,Nghệ An,Nghe An,VNAP25-2AC05BB46F,VNAP25-30A4C408F9,Hưng Thành,Hung Thanh
VN-41,Nghệ An,Nghe An,VNAP25-E32CB465C8,VNAP25-30A4C408F9,Hưng Trung,Hung Trung
VN-41,Nghệ An,Nghe An,VNAP25-C82379246C,VNAP25-30A4C408F9,Hưng Yên,Hung Yen
VN-41,Nghệ An,Nghe An,VNAP25-22A5214874,VNAP25-30A4C408F9,Hưng Yên Bắc,Hung Yen Bac
VN-41,Nghệ An,Nghe An,VNAP25-E68ED83E0A,VNAP25-30A4C408F9,Long Xá,Long Xa
VN-41,Nghệ An,Nghe An,VNAP25-81030D53C0,VNAP25-30A4C408F9,Phúc Lợi,Phuc Loi
VN-41,Nghệ An,Nghe An,VNAP25-296CE6F71C,VNAP25-30A4C408F9,Thịnh Mỹ,Thinh My
VN-41,Nghệ An,Nghe An,VNAP25-D2813FCEDF,VNAP25-30A4C408F9,Thông Tân,Thong Tan
VN-41,Nghệ An,Nghe An,VNAP25-EB4E7078E3,VNAP25-30A4C408F9,Xuân Lam,Xuan Lam
VN-41,Nghệ An,Nghe An,VNAP25-018E057D37,,Kỳ Sơn,Ky Son
VN-41,Nghệ An,Nghe An,VNAP25-D39C50F098,VNAP25-018E057D37,Bắc Lý,Bac Ly
VN-41,Nghệ An,Nghe An,VNAP25-4F1540BE2A,VNAP25-018E057D37,Bảo Nam,Bao Nam
VN-41,Nghệ An,Nghe An,VNAP25-6FB5A56FA6,VNAP25-018E057D37,Bảo Thắng,Bao Thang
VN-41,Nghệ An,Nghe An,VNAP25-A0629F72EB,VNAP25-018E057D37,Chiêu Lưu,Chieu Luu
VN-41,Nghệ An,Nghe An,VNAP25-A32F07AEB3,VNAP25-018E057D37,Đoọc Mạy,Dooc May
VN-41,Nghệ An,Nghe An,VNAP25-D334AECC7E,VNAP25-018E057D37,Huồi Tụ,Huoi Tu
VN-41,Nghệ An,Nghe An,VNAP25-1D3B19BEC0,VNAP25-018E057D37,Hữu Kiệm,Huu Kiem
VN-41,Nghệ An,Nghe An,VNAP25-25A74F9FB0,VNAP25-018E057D37,Hữu Lập,Huu Lap
VN-41,Nghệ An,Nghe An,VNAP25-A673244BEA,VNAP25-018E057D37,Keng Đu,Keng Du
VN-41,Nghệ An,Nghe An,VNAP25-A1FD3343F7,VNAP25-018E057D37,Mường Ải,Muong Ai
VN-41,Nghệ An,Nghe An,VNAP25-5D5D88E55E,VNAP25-018E057D37,Mường Lống,Muong Long
VN-41,Nghệ An,Nghe An,VNAP25-DE74D03D59,VNAP25-018E057D37,Mường Típ,Muong Tip
VN-41,Nghệ An,Nghe An,VNAP25-F6C1470E26,VNAP25-018E057D37,Mường Xén,Muong Xen
VN-41,Nghệ An,Nghe An,VNAP25-B096DC6935,VNAP25-018E057D37,Mỹ Lý,My Ly
VN-41,Nghệ An,Nghe An,VNAP25-007BF4A8AB,VNAP25-018E057D37,Na Loi,Na Loi
VN-41,Nghệ An,Nghe An,VNAP25-AE2E1592F3,VNAP25-018E057D37,Na Ngoi,Na Ngoi
VN-41,Nghệ An,Nghe An,VNAP25-0A9F5F04AC,VNAP25-018E057D37,Nậm Càn,Nam Can
VN-41,Nghệ An,Nghe An,VNAP25-A07CA69F27,VNAP25-018E057D37,Nậm Cắn,Nam Can
VN-41,Nghệ An,Nghe An,VNAP25-471208AC45,VNAP25-018E057D37,Phà Đánh,Pha Danh
VN-41,Nghệ An,Nghe An,VNAP25-B0926381AF,VNAP25-018E057D37,Tà Cạ,Ta Ca
VN-41,Nghệ An,Nghe An,VNAP25-96BF6A8F00,VNAP25-018E057D37,Tây Sơn,Tay Son
VN-41,Nghệ An,Nghe An,VNAP25-C60B861361,,Nam Đàn,Nam Dan
VN-41,Nghệ An,Nghe An,VNAP25-5890DD2B4B,VNAP25-C60B861361,Hùng Tiến,Hung Tien
VN-41,Nghệ An,Nghe An,VNAP25-04B239F066,VNAP25-C60B861361,Khánh Sơn,Khanh Son
VN-41,Nghệ An,Nghe An,VNAP25-B1EE16B8AA,VNAP25-C60B861361,Kim Liên,Kim Lien
VN-41,Nghệ An,Nghe An,VNAP25-1C50E7E7F8,VNAP25-C60B861361,Nam Anh,Nam Anh
VN-41,Nghệ An,Nghe An,VNAP25-49B8E35800,VNAP25-C60B861361,Nam Cát,Nam Cat
VN-41,Nghệ An,Nghe An,VNAP25-6E709C4E3D,VNAP25-C60B861361,Nam Đàn,Nam Dan
VN-41,Nghệ An,Nghe An,VNAP25-745029717D,VNAP25-C60B861361,Nam Giang,Nam Giang
VN-41,Nghệ An,Nghe An,VNAP25-A501F894BA,VNAP25-C60B861361,Nam Hưng,Nam Hung
VN-41,Nghệ An,Nghe An,VNAP25-1F5E25C5CB,VNAP25-C60B861361,Nam Kim,Nam Kim
VN-41,Nghệ An,Nghe An,VNAP25-6690539596,VNAP25-C60B861361,Nam Lĩnh,Nam Linh
VN-41,Nghệ An,Nghe An,VNAP25-608B0B376A,VNAP25-C60B861361,Nam Thanh,Nam Thanh
VN-41,Nghệ An,Nghe An,VNAP25-EBE0540822,VNAP25-C60B861361,Nam Xuân,Nam Xuan
VN-41,Nghệ An,Nghe An,VNAP25-7CAEF0550B,VNAP25-C60B861361,Nghĩa Thái,Nghia Thai
VN-41,Nghệ An,Nghe An,VNAP25-06C7366B93,VNAP25-C60B861361,Thượng Tân Lộc,Thuong Tan Loc
VN-41,Nghệ An,Nghe An,VNAP25-78C9D0216D,VNAP25-C60B861361,Trung Phúc Cường,Trung Phuc Cuong
VN-41,Nghệ An,Nghe An,VNAP25-7448B0D958,VNAP25-C60B861361,Xuân Hòa,Xuan Hoa
VN-41,Nghệ An,Nghe An,VNAP25-7741922ECC,VNAP25-C60B861361,Xuân Hồng,Xuan Hong
VN-41,Nghệ An,Nghe An,VNAP25-32D7A92E34,,Nghi Lộc,Nghi Loc
VN-41,Nghệ An,Nghe An,VNAP25-E889D2D85C,VNAP25-32D7A92E34,Diên Hoa,Dien Hoa
VN-41,Nghệ An,Nghe An,VNAP25-80A5F686CF,VNAP25-32D7A92E34,Khánh Hợp,Khanh Hop
VN-41,Nghệ An,Nghe An,VNAP25-1AD6958F61,VNAP25-32D7A92E34,Nghi Công Bắc,Nghi Cong Bac
VN-41,Nghệ An,Nghe An,VNAP25-E1821D0589,VNAP25-32D7A92E34,Nghi Công Nam,Nghi Cong Nam
VN-41,Nghệ An,Nghe An,VNAP25-D57749A6A1,VNAP25-32D7A92E34,Nghi Đồng,Nghi Dong
VN-41,Nghệ An,Nghe An,VNAP25-E2B42C88A9,VNAP25-32D7A92E34,Nghi Hưng,Nghi Hung
VN-41,Nghệ An,Nghe An,VNAP25-BC7CC16676,VNAP25-32D7A92E34,Nghi Kiều,Nghi Kieu
VN-41,Nghệ An,Nghe An,VNAP25-B57BD48046,VNAP25-32D7A92E34,Nghi Lâm,Nghi Lam
VN-41,Nghệ An,Nghe An,VNAP25-575FA0E08E,VNAP25-32D7A92E34,Nghi Long,Nghi Long
VN-41,Nghệ An,Nghe An,VNAP25-73E67F687D,VNAP25-32D7A92E34,Nghi Mỹ,Nghi My
VN-41,Nghệ An,Nghe An,VNAP25-7FAF11E6ED,VNAP25-32D7A92E34,Nghi Phương,Nghi Phuong
VN-41,Nghệ An,Nghe An,VNAP25-1ACCBD2249,VNAP25-32D7A92E34,Nghi Quang,Nghi Quang
VN-41,Nghệ An,Nghe An,VNAP25-0506001BC9,VNAP25-32D7A92E34,Nghi Thạch,Nghi Thach
VN-41,Nghệ An,Nghe An,VNAP25-408648747C,VNAP25-32D7A92E34,Nghi Thiết,Nghi Thiet
VN-41,Nghệ An,Nghe An,VNAP25-3C8316A89D,VNAP25-32D7A92E34,Nghi Thuận,Nghi Thuan
VN-41,Nghệ An,Nghe An,VNAP25-9C0986710B,VNAP25-32D7A92E34,Nghi Tiến,Nghi Tien
VN-41,Nghệ An,Nghe An,VNAP25-73115B8DA6,VNAP25-32D7A92E34,Nghi Trung,Nghi Trung
VN-41,Nghệ An,Nghe An,VNAP25-3F7DEEEF9C,VNAP25-32D7A92E34,Nghi Văn,Nghi Van
VN-41,Nghệ An,Nghe An,VNAP25-7E3A71406E,VNAP25-32D7A92E34,Nghi Vạn,Nghi Van
VN-41,Nghệ An,Nghe An,VNAP25-3455DD4A9B,VNAP25-32D7A92E34,Nghi Xá,Nghi Xa
VN-41,Nghệ An,Nghe An,VNAP25-81A38A5D2B,VNAP25-32D7A92E34,Nghi Yên,Nghi Yen
VN-41,Nghệ An,Nghe An,VNAP25-766892CDC4,VNAP25-32D7A92E34,Quán Hành,Quan Hanh
VN-41,Nghệ An,Nghe An,VNAP25-3505851698,VNAP25-32D7A92E34,Thịnh Trường,Thinh Truong
VN-41,Nghệ An,Nghe An,VNAP25-27BE10E9DD,,Nghĩa Đàn,Nghia Dan
VN-41,Nghệ An,Nghe An,VNAP25-50E637939E,VNAP25-27BE10E9DD,Nghĩa An,Nghia An
VN-41,Nghệ An,Nghe An,VNAP25-E73ADAAC76,VNAP25-27BE10E9DD,Nghĩa Bình,Nghia Binh
VN-41,Nghệ An,Nghe An,VNAP25-9A1464E8E4,VNAP25-27BE10E9DD,Nghĩa Đàn,Nghia Dan
VN-41,Nghệ An,Nghe An,VNAP25-9F8022C3AE,VNAP25-27BE10E9DD,Nghĩa Đức,Nghia Duc
VN-41,Nghệ An,Nghe An,VNAP25-8D5127FFA8,VNAP25-27BE10E9DD,Nghĩa Hội,Nghia Hoi
VN-41,Nghệ An,Nghe An,VNAP25-C15797A02B,VNAP25-27BE10E9DD,Nghĩa Hồng,Nghia Hong
VN-41,Nghệ An,Nghe An,VNAP25-C7EF3DEA72,VNAP25-27BE10E9DD,Nghĩa Hưng,Nghia Hung
VN-41,Nghệ An,Nghe An,VNAP25-9285265FF6,VNAP25-27BE10E9DD,Nghĩa Khánh,Nghia Khanh
VN-41,Nghệ An,Nghe An,VNAP25-7331471B34,VNAP25-27BE10E9DD,Nghĩa Lạc,Nghia Lac
VN-41,Nghệ An,Nghe An,VNAP25-B931CBDAD2,VNAP25-27BE10E9DD,Nghĩa Lâm,Nghia Lam
VN-41,Nghệ An,Nghe An,VNAP25-B1A67B5069,VNAP25-27BE10E9DD,Nghĩa Lộc,Nghia Loc
VN-41,Nghệ An,Nghe An,VNAP25-5C26D57FFA,VNAP25-27BE10E9DD,Nghĩa Lợi,Nghia Loi
VN-41,Nghệ An,Nghe An,VNAP25-11E860D3C8,VNAP25-27BE10E9DD,Nghĩa Long,Nghia Long
VN-41,Nghệ An,Nghe An,VNAP25-36C67717C9,VNAP25-27BE10E9DD,Nghĩa Mai,Nghia Mai
VN-41,Nghệ An,Nghe An,VNAP25-44AF316914,VNAP25-27BE10E9DD,Nghĩa Minh,Nghia Minh
VN-41,Nghệ An,Nghe An,VNAP25-76487FFDB3,VNAP25-27BE10E9DD,Nghĩa Sơn,Nghia Son
VN-41,Nghệ An,Nghe An,VNAP25-8046BC4DAE,VNAP25-27BE10E9DD,Nghĩa Thành,Nghia Thanh
VN-41,Nghệ An,Nghe An,VNAP25-CF437DF0DF,VNAP25-27BE10E9DD,Nghĩa Thọ,Nghia Tho
VN-41,Nghệ An,Nghe An,VNAP25-B86A71C89B,VNAP25-27BE10E9DD,Nghĩa Trung,Nghia Trung
VN-41,Nghệ An,Nghe An,VNAP25-8898E6CE5F,VNAP25-27BE10E9DD,Nghĩa Yên,Nghia Yen
VN-41,Nghệ An,Nghe An,VNAP25-B793D3A720,,Quế Phong,Que Phong
VN-41,Nghệ An,Nghe An,VNAP25-4B14742DCF,VNAP25-B793D3A720,Căm Muộn,Cam Muon
VN-41,Nghệ An,Nghe An,VNAP25-752DE0B49C,VNAP25-B793D3A720,Châu Kim,Chau Kim
VN-41,Nghệ An,Nghe An,VNAP25-AF6EB38BDD,VNAP25-B793D3A720,Châu Thôn,Chau Thon
VN-41,Nghệ An,Nghe An,VNAP25-C5997E9297,VNAP25-B793D3A720,Đồng Văn,Dong Van
VN-41,Nghệ An,Nghe An,VNAP25-FD7F679AA4,VNAP25-B793D3A720,Hạnh Dịch,Hanh Dich
VN-41,Nghệ An,Nghe An,VNAP25-1EEEBBE5BC,VNAP25-B793D3A720,Kim Sơn,Kim Son
VN-41,Nghệ An,Nghe An,VNAP25-7B487890DE,VNAP25-B793D3A720,Mường Nọc,Muong Noc
VN-41,Nghệ An,Nghe An,VNAP25-AE15E56296,VNAP25-B793D3A720,Nậm Giải,Nam Giai
VN-41,Nghệ An,Nghe An,VNAP25-5941E67B6F,VNAP25-B793D3A720,Nậm Nhoóng,Nam Nhoong
VN-41,Nghệ An,Nghe An,VNAP25-E70904C277,VNAP25-B793D3A720,Quang Phong,Quang Phong
VN-41,Nghệ An,Nghe An,VNAP25-75EC83501E,VNAP25-B793D3A720,Thông Thụ,Thong Thu
VN-41,Nghệ An,Nghe An,VNAP25-2476CB61A6,VNAP25-B793D3A720,Tiền Phong,Tien Phong
VN-41,Nghệ An,Nghe An,VNAP25-84AE1912DC,VNAP25-B793D3A720,Tri Lễ,Tri Le
VN-41,Nghệ An,Nghe An,VNAP25-A76B464D6E,,Quỳ Châu,Quy Chau
VN-41,Nghệ An,Nghe An,VNAP25-3797294BFE,VNAP25-A76B464D6E,Châu Bình,Chau Binh
VN-41,Nghệ An,Nghe An,VNAP25-5F5E34CAB5,VNAP25-A76B464D6E,Châu Bính,Chau Binh
VN-41,Nghệ An,Nghe An,VNAP25-A1BE6978E7,VNAP25-A76B464D6E,Châu Hạnh,Chau Hanh
VN-41,Nghệ An,Nghe An,VNAP25-ED90DD1A63,VNAP25-A76B464D6E,Châu Hoàn,Chau Hoan
VN-41,Nghệ An,Nghe An,VNAP25-D77FBA17FC,VNAP25-A76B464D6E,Châu Hội,Chau Hoi
VN-41,Nghệ An,Nghe An,VNAP25-2E1E7EB18A,VNAP25-A76B464D6E,Châu Nga,Chau Nga
VN-41,Nghệ An,Nghe An,VNAP25-3AFDEE3F4A,VNAP25-A76B464D6E,Châu Phong,Chau Phong
VN-41,Nghệ An,Nghe An,VNAP25-F333CF3259,VNAP25-A76B464D6E,Châu Thắng,Chau Thang
VN-41,Nghệ An,Nghe An,VNAP25-61EF393D78,VNAP25-A76B464D6E,Châu Thuận,Chau Thuan
VN-41,Nghệ An,Nghe An,VNAP25-A02F791570,VNAP25-A76B464D6E,Châu Tiến,Chau Tien
VN-41,Nghệ An,Nghe An,VNAP25-62134BF59C,VNAP25-A76B464D6E,Diên Lãm,Dien Lam
VN-41,Nghệ An,Nghe An,VNAP25-99E77319A2,VNAP25-A76B464D6E,Tân Lạc,Tan Lac
VN-41,Nghệ An,Nghe An,VNAP25-6CB7F32044,,Quỳ Hợp,Quy Hop
VN-41,Nghệ An,Nghe An,VNAP25-7D71A008AF,VNAP25-6CB7F32044,Bắc Sơn,Bac Son
VN-41,Nghệ An,Nghe An,VNAP25-7E92060A50,VNAP25-6CB7F32044,Châu Cường,Chau Cuong
VN-41,Nghệ An,Nghe An,VNAP25-29EF62417F,VNAP25-6CB7F32044,Châu Đình,Chau Dinh
VN-41,Nghệ An,Nghe An,VNAP25-5580D5DB9D,VNAP25-6CB7F32044,Châu Hồng,Chau Hong
VN-41,Nghệ An,Nghe An,VNAP25-A780B2B692,VNAP25-6CB7F32044,Châu Lộc,Chau Loc
VN-41,Nghệ An,Nghe An,VNAP25-212FDE1742,VNAP25-6CB7F32044,Châu Lý,Chau Ly
VN-41,Nghệ An,Nghe An,VNAP25-7FADD6BB05,VNAP25-6CB7F32044,Châu Quang,Chau Quang
VN-41,Nghệ An,Nghe An,VNAP25-E69FAF36B0,VNAP25-6CB7F32044,Châu Thái,Chau Thai
VN-41,Nghệ An,Nghe An,VNAP25-D83BC85ECF,VNAP25-6CB7F32044,Châu Thành,Chau Thanh
VN-41,Nghệ An,Nghe An,VNAP25-6427137367,VNAP25-6CB7F32044,Châu Tiến,Chau Tien
VN-41,Nghệ An,Nghe An,VNAP25-C018D95D03,VNAP25-6CB7F32044,Đồng Hợp,Dong Hop
VN-41,Nghệ An,Nghe An,VNAP25-C3430F40C8,VNAP25-6CB7F32044,Hạ Sơn,Ha Son
VN-41,Nghệ An,Nghe An,VNAP25-530DEF42FC,VNAP25-6CB7F32044,Liên Hợp,Lien Hop
VN-41,Nghệ An,Nghe An,VNAP25-37A40F1B38,VNAP25-6CB7F32044,Minh Hợp,Minh Hop
VN-41,Nghệ An,Nghe An,VNAP25-8642D2D53B,VNAP25-6CB7F32044,Nam Sơn,Nam Son
VN-41,Nghệ An,Nghe An,VNAP25-0C185E51A5,VNAP25-6CB7F32044,Nghĩa Xuân,Nghia Xuan
VN-41,Nghệ An,Nghe An,VNAP25-087AF4CDD1,VNAP25-6CB7F32044,Quỳ Hợp,Quy Hop
VN-41,Nghệ An,Nghe An,VNAP25-3E0E4DC594,VNAP25-6CB7F32044,Tam Hợp,Tam Hop
VN-41,Nghệ An,Nghe An,VNAP25-28073C0734,VNAP25-6CB7F32044,Thọ Hợp,Tho Hop
VN-41,Nghệ An,Nghe An,VNAP25-6326544BBF,VNAP25-6CB7F32044,Văn Lợi,Van Loi
VN-41,Nghệ An,Nghe An,VNAP25-99409D6283,VNAP25-6CB7F32044,Yên Hợp,Yen Hop
VN-41,Nghệ An,Nghe An,VNAP25-F626277577,,Quỳnh Lưu,Quynh Luu
VN-41,Nghệ An,Nghe An,VNAP25-E6BFE33D95,VNAP25-F626277577,An Hòa,An Hoa
VN-41,Nghệ An,Nghe An,VNAP25-02EA5FE70E,VNAP25-F626277577,Bình Sơn,Binh Son
VN-41,Nghệ An,Nghe An,VNAP25-4460DECA23,VNAP25-F626277577,Cầu Giát,Cau Giat
VN-41,Nghệ An,Nghe An,VNAP25-DA462FB42D,VNAP25-F626277577,Minh Lương,Minh Luong
VN-41,Nghệ An,Nghe An,VNAP25-E6549F7F20,VNAP25-F626277577,Ngọc Sơn,Ngoc Son
VN-41,Nghệ An,Nghe An,VNAP25-7E672D408A,VNAP25-F626277577,Phú Nghĩa,Phu Nghia
VN-41,Nghệ An,Nghe An,VNAP25-F65F1B337F,VNAP25-F626277577,Quỳnh Bảng,Quynh Bang
VN-41,Nghệ An,Nghe An,VNAP25-3390A11CE7,VNAP25-F626277577,Quỳnh Châu,Quynh Chau
VN-41,Nghệ An,Nghe An,VNAP25-BF0295C341,VNAP25-F626277577,Quỳnh Diễn,Quynh Dien
VN-41,Nghệ An,Nghe An,VNAP25-FFBBF5BC78,VNAP25-F626277577,Quỳnh Đôi,Quynh Doi
VN-41,Nghệ An,Nghe An,VNAP25-F5EC7F562F,VNAP25-F626277577,Quỳnh Giang,Quynh Giang
VN-41,Nghệ An,Nghe An,VNAP25-A28DAD3A66,VNAP25-F626277577,Quỳnh Hậu,Quynh Hau
VN-41,Nghệ An,Nghe An,VNAP25-EEEE2D1F78,VNAP25-F626277577,Quỳnh Lâm,Quynh Lam
VN-41,Nghệ An,Nghe An,VNAP25-1A3B1AD888,VNAP25-F626277577,Quỳnh Sơn,Quynh Son
VN-41,Nghệ An,Nghe An,VNAP25-29E0D253F5,VNAP25-F626277577,Quỳnh Tam,Quynh Tam
VN-41,Nghệ An,Nghe An,VNAP25-3A83B11735,VNAP25-F626277577,Quỳnh Tân,Quynh Tan
VN-41,Nghệ An,Nghe An,VNAP25-6A81A90D3A,VNAP25-F626277577,Quỳnh Thạch,Quynh Thach
VN-41,Nghệ An,Nghe An,VNAP25-3CABFE0544,VNAP25-F626277577,Quỳnh Thắng,Quynh Thang
VN-41,Nghệ An,Nghe An,VNAP25-9913592BD8,VNAP25-F626277577,Quỳnh Thanh,Quynh Thanh
VN-41,Nghệ An,Nghe An,VNAP25-5BC4FE571C,VNAP25-F626277577,Quỳnh Văn,Quynh Van
VN-41,Nghệ An,Nghe An,VNAP25-8DB402FF1C,VNAP25-F626277577,Quỳnh Yên,Quynh Yen
VN-41,Nghệ An,Nghe An,VNAP25-D4F21378DB,VNAP25-F626277577,Tân Sơn,Tan Son
VN-41,Nghệ An,Nghe An,VNAP25-54C6DE4F0A,VNAP25-F626277577,Tân Thắng,Tan Thang
VN-41,Nghệ An,Nghe An,VNAP25-AFE10C5277,VNAP25-F626277577,Thuận Long,Thuan Long
VN-41,Nghệ An,Nghe An,VNAP25-AA8E84D193,VNAP25-F626277577,Văn Hải,Van Hai
VN-41,Nghệ An,Nghe An,VNAP25-23C7E9E701,,Tân Kỳ,Tan Ky
VN-41,Nghệ An,Nghe An,VNAP25-4CF53B3D93,VNAP25-23C7E9E701,Bình Hợp,Binh Hop
VN-41,Nghệ An,Nghe An,VNAP25-8ADE13CAC1,VNAP25-23C7E9E701,Đồng Văn,Dong Van
VN-41,Nghệ An,Nghe An,VNAP25-D889E738A5,VNAP25-23C7E9E701,Giai Xuân,Giai Xuan
VN-41,Nghệ An,Nghe An,VNAP25-DDD09AEDD2,VNAP25-23C7E9E701,Hoàn Long,Hoan Long
VN-41,Nghệ An,Nghe An,VNAP25-E6DAD53921,VNAP25-23C7E9E701,Hương Sơn,Huong Son
VN-41,Nghệ An,Nghe An,VNAP25-860CD4F39C,VNAP25-23C7E9E701,Kỳ Sơn,Ky Son
VN-41,Nghệ An,Nghe An,VNAP25-752C8263FA,VNAP25-23C7E9E701,Kỳ Tân,Ky Tan
VN-41,Nghệ An,Nghe An,VNAP25-06FDB3161C,VNAP25-23C7E9E701,Nghĩa Đồng,Nghia Dong
VN-41,Nghệ An,Nghe An,VNAP25-4E6FF94F34,VNAP25-23C7E9E701,Nghĩa Dũng,Nghia Dung
VN-41,Nghệ An,Nghe An,VNAP25-FA74700BBF,VNAP25-23C7E9E701,Nghĩa Hành,Nghia Hanh
VN-41,Nghệ An,Nghe An,VNAP25-CF3BC9501C,VNAP25-23C7E9E701,Nghĩa Phúc,Nghia Phuc
VN-41,Nghệ An,Nghe An,VNAP25-55B33C8513,VNAP25-23C7E9E701,Nghĩa Thái,Nghia Thai
VN-41,Nghệ An,Nghe An,VNAP25-FDE43E4B39,VNAP25-23C7E9E701,Phú Sơn,Phu Son
VN-41,Nghệ An,Nghe An,VNAP25-FE2DDCA54E,VNAP25-23C7E9E701,Tân An,Tan An
VN-41,Nghệ An,Nghe An,VNAP25-EAB68CD666,VNAP25-23C7E9E701,Tân Hợp,Tan Hop
VN-41,Nghệ An,Nghe An,VNAP25-2DEFAB4544,VNAP25-23C7E9E701,Tân Hương,Tan Huong
VN-41,Nghệ An,Nghe An,VNAP25-5BC6AFA785,VNAP25-23C7E9E701,Tân Kỳ,Tan Ky
VN-41,Nghệ An,Nghe An,VNAP25-8F402DADA8,VNAP25-23C7E9E701,Tân Phú,Tan Phu
VN-41,Nghệ An,Nghe An,VNAP25-FE9C039B53,VNAP25-23C7E9E701,Tân Xuân,Tan Xuan
VN-41,Nghệ An,Nghe An,VNAP25-430F43D03B,VNAP25-23C7E9E701,Tiên Kỳ,Tien Ky
VN-41,Nghệ An,Nghe An,VNAP25-5C51D7AF0C,,Thái Hòa,Thai Hoa
VN-41,Nghệ An,Nghe An,VNAP25-BD91CEA269,VNAP25-5C51D7AF0C,Đông Hiếu,Dong Hieu
VN-41,Nghệ An,Nghe An,VNAP25-9FC2EF5FC7,VNAP25-5C51D7AF0C,Hòa Hiếu,Hoa Hieu
VN-41,Nghệ An,Nghe An,VNAP25-6F7C65016F,VNAP25-5C51D7AF0C,Long Sơn,Long Son
VN-41,Nghệ An,Nghe An,VNAP25-AC9AC4DAF4,VNAP25-5C51D7AF0C,Nghĩa Mỹ,Nghia My
VN-41,Nghệ An,Nghe An,VNAP25-68B5D362D0,VNAP25-5C51D7AF0C,Nghĩa Thuận,Nghia Thuan
VN-41,Nghệ An,Nghe An,VNAP25-CBE7FF28B0,VNAP25-5C51D7AF0C,Nghĩa Tiến,Nghia Tien
VN-41,Nghệ An,Nghe An,VNAP25-D5F6E062E5,VNAP25-5C51D7AF0C,Quang Phong,Quang Phong
VN-41,Nghệ An,Nghe An,VNAP25-32CE081340,VNAP25-5C51D7AF0C,Quang Tiến,Quang Tien
VN-41,Nghệ An,Nghe An,VNAP25-029E0C6FFB,VNAP25-5C51D7AF0C,Tây Hiếu,Tay Hieu
VN-41,Nghệ An,Nghe An,VNAP25-2EC4B12674,,Thanh Chương,Thanh Chuong
VN-41,Nghệ An,Nghe An,VNAP25-1C7CAC9632,VNAP25-2EC4B12674,Cát Văn,Cat Van
VN-41,Nghệ An,Nghe An,VNAP25-DD9BD580EC,VNAP25-2EC4B12674,Đại Đồng,Dai Dong
VN-41,Nghệ An,Nghe An,VNAP25-2282528205,VNAP25-2EC4B12674,Đồng Văn,Dong Van
VN-41,Nghệ An,Nghe An,VNAP25-4E61C1A874,VNAP25-2EC4B12674,Dùng,Dung
VN-41,Nghệ An,Nghe An,VNAP25-B0AC7DA90F,VNAP25-2EC4B12674,Hạnh Lâm,Hanh Lam
VN-41,Nghệ An,Nghe An,VNAP25-30D93FD75F,VNAP25-2EC4B12674,Kim Bảng,Kim Bang
VN-41,Nghệ An,Nghe An,VNAP25-44D01BB4EC,VNAP25-2EC4B12674,Mai Giang,Mai Giang
VN-41,Nghệ An,Nghe An,VNAP25-6DCDFDB99E,VNAP25-2EC4B12674,Minh Sơn,Minh Son
VN-41,Nghệ An,Nghe An,VNAP25-2D3A1E4486,VNAP25-2EC4B12674,Minh Tiến,Minh Tien
VN-41,Nghệ An,Nghe An,VNAP25-441167CAC3,VNAP25-2EC4B12674,Ngọc Lâm,Ngoc Lam
VN-41,Nghệ An,Nghe An,VNAP25-F87EF26165,VNAP25-2EC4B12674,Ngọc Sơn,Ngoc Son
VN-41,Nghệ An,Nghe An,VNAP25-0385F2517F,VNAP25-2EC4B12674,Phong Thịnh,Phong Thinh
VN-41,Nghệ An,Nghe An,VNAP25-6D91F243EF,VNAP25-2EC4B12674,Thanh An,Thanh An
VN-41,Nghệ An,Nghe An,VNAP25-B3FF6AAF66,VNAP25-2EC4B12674,Thanh Đức,Thanh Duc
VN-41,Nghệ An,Nghe An,VNAP25-A16AC7DFC6,VNAP25-2EC4B12674,Thanh Hà,Thanh Ha
VN-41,Nghệ An,Nghe An,VNAP25-902FD1FC12,VNAP25-2EC4B12674,Thanh Hương,Thanh Huong
VN-41,Nghệ An,Nghe An,VNAP25-D116316432,VNAP25-2EC4B12674,Thanh Lâm,Thanh Lam
VN-41,Nghệ An,Nghe An,VNAP25-D01DE4A98F,VNAP25-2EC4B12674,Thanh Liên,Thanh Lien
VN-41,Nghệ An,Nghe An,VNAP25-86F82E158E,VNAP25-2EC4B12674,Thanh Mỹ,Thanh My
VN-41,Nghệ An,Nghe An,VNAP25-4381F9304D,VNAP25-2EC4B12674,Thanh Ngọc,Thanh Ngoc
VN-41,Nghệ An,Nghe An,VNAP25-834E380DA2,VNAP25-2EC4B12674,Thanh Phong,Thanh Phong
VN-41,Nghệ An,Nghe An,VNAP25-BCCA0BF6C2,VNAP25-2EC4B12674,Thanh Quả,Thanh Qua
VN-41,Nghệ An,Nghe An,VNAP25-80519DBC78,VNAP25-2EC4B12674,Thanh Sơn,Thanh Son
VN-41,Nghệ An,Nghe An,VNAP25-7DECBF1F2A,VNAP25-2EC4B12674,Thanh Thịnh,Thanh Thinh
VN-41,Nghệ An,Nghe An,VNAP25-157773372B,VNAP25-2EC4B12674,Thanh Thủy,Thanh Thuy
VN-41,Nghệ An,Nghe An,VNAP25-3445375C6D,VNAP25-2EC4B12674,Thanh Tiên,Thanh Tien
VN-41,Nghệ An,Nghe An,VNAP25-D3F58D7336,VNAP25-2EC4B12674,Thanh Tùng,Thanh Tung
VN-41,Nghệ An,Nghe An,VNAP25-F78A325C2E,VNAP25-2EC4B12674,Thanh Xuân,Thanh Xuan
VN-41,Nghệ An,Nghe An,VNAP25-ED631B75C2,VNAP25-2EC4B12674,Xuân Dương,Xuan Duong
VN-41,Nghệ An,Nghe An,VNAP25-3DBE87CC4A,,Tương Dương,Tuong Duong
VN-41,Nghệ An,Nghe An,VNAP25-5DAA71B1FF,VNAP25-3DBE87CC4A,Hữu Khuông,Huu Khuong
VN-41,Nghệ An,Nghe An,VNAP25-CD6DB8465B,VNAP25-3DBE87CC4A,Lưỡng Minh,Luong Minh
VN-41,Nghệ An,Nghe An,VNAP25-4CBC5D9371,VNAP25-3DBE87CC4A,Lưu Kiền,Luu Kien
VN-41,Nghệ An,Nghe An,VNAP25-4FB135443F,VNAP25-3DBE87CC4A,Mai Sơn,Mai Son
VN-41,Nghệ An,Nghe An,VNAP25-E97A3D8AA4,VNAP25-3DBE87CC4A,Nga My,Nga My
VN-41,Nghệ An,Nghe An,VNAP25-3169B3F066,VNAP25-3DBE87CC4A,Nhôn Mai,Nhon Mai
VN-41,Nghệ An,Nghe An,VNAP25-8710CE9E4F,VNAP25-3DBE87CC4A,Tam Đình,Tam Dinh
VN-41,Nghệ An,Nghe An,VNAP25-0692C8D46B,VNAP25-3DBE87CC4A,Tam Hợp,Tam Hop
VN-41,Nghệ An,Nghe An,VNAP25-B127FE7EE8,VNAP25-3DBE87CC4A,Tam Quang,Tam Quang
VN-41,Nghệ An,Nghe An,VNAP25-26F1E2A636,VNAP25-3DBE87CC4A,Tam Thái,Tam Thai
VN-41,Nghệ An,Nghe An,VNAP25-0F7D730B27,VNAP25-3DBE87CC4A,Thạch Giám,Thach Giam
VN-41,Nghệ An,Nghe An,VNAP25-5E189A21E4,VNAP25-3DBE87CC4A,Xá Lượng,Xa Luong
VN-41,Nghệ An,Nghe An,VNAP25-6554922BA7,VNAP25-3DBE87CC4A,Xiêng My,Xieng My
VN-41,Nghệ An,Nghe An,VNAP25-34D4B00CCB,VNAP25-3DBE87CC4A,Yên Hòa,Yen Hoa
VN-41,Nghệ An,Nghe An,VNAP25-165E40F2BE,VNAP25-3DBE87CC4A,Yên Na,Yen Na
VN-41,Nghệ An,Nghe An,VNAP25-59435D7B5B,VNAP25-3DBE87CC4A,Yên Thắng,Yen Thang
VN-41,Nghệ An,Nghe An,VNAP25-C9C26AEE43,VNAP25-3DBE87CC4A,Yên Tĩnh,Yen Tinh
VN-41,Nghệ An,Nghe An,VNAP25-2096D239B8,,Vinh,Vinh
VN-41,Nghệ An,Nghe An,VNAP25-71EE31A727,VNAP25-2096D239B8,Bến Thủy,Ben Thuy
VN-41,Nghệ An,Nghe An,VNAP25-BAEE3AC7A8,VNAP25-2096D239B8,Cửa Nam,Cua Nam
VN-41,Nghệ An,Nghe An,VNAP25-664181398E,VNAP25-2096D239B8,Đông Vĩnh,Dong Vinh
VN-41,Nghệ An,Nghe An,VNAP25-47F9C4C61C,VNAP25-2096D239B8,Hà Huy Tập,Ha Huy Tap
VN-41,Nghệ An,Nghe An,VNAP25-62B9ED3D4B,VNAP25-2096D239B8,Hưng Bình,Hung Binh
VN-41,Nghệ An,Nghe An,VNAP25-A6C4364950,VNAP25-2096D239B8,Hưng Chính,Hung Chinh
VN-41,Nghệ An,Nghe An,VNAP25-98AAB30354,VNAP25-2096D239B8,Hưng Đông,Hung Dong
VN-41,Nghệ An,Nghe An,VNAP25-BCD4E6B938,VNAP25-2096D239B8,Hưng Dũng,Hung Dung
VN-41,Nghệ An,Nghe An,VNAP25-CB5F07FEDF,VNAP25-2096D239B8,Hưng Hòa,Hung Hoa
VN-41,Nghệ An,Nghe An,VNAP25-D05AB38023,VNAP25-2096D239B8,Hưng Lộc,Hung Loc
VN-41,Nghệ An,Nghe An,VNAP25-5A8F086E54,VNAP25-2096D239B8,Hưng Phúc,Hung Phuc
VN-41,Nghệ An,Nghe An,VNAP25-F1A312521D,VNAP25-2096D239B8,Lê Lợi,Le Loi
VN-41,Nghệ An,Nghe An,VNAP25-8C5ECC9F4D,VNAP25-2096D239B8,Nghi Ân,Nghi An
VN-41,Nghệ An,Nghe An,VNAP25-564A43A84F,VNAP25-2096D239B8,Nghi Đức,Nghi Duc
VN-41,Nghệ An,Nghe An,VNAP25-4B7586DEFE,VNAP25-2096D239B8,Nghi Hải,Nghi Hai
VN-41,Nghệ An,Nghe An,VNAP25-7C1DA53B20,VNAP25-2096D239B8,Nghi Hòa,Nghi Hoa
VN-41,Nghệ An,Nghe An,VNAP25-FE32D6B43F,VNAP25-2096D239B8,Nghi Hương,Nghi Huong
VN-41,Nghệ An,Nghe An,VNAP25-9CA7133FC7,VNAP25-2096D239B8,Nghi Kim,Nghi Kim
VN-41,Nghệ An,Nghe An,VNAP25-8314C8902E,VNAP25-2096D239B8,Nghi Liên,Nghi Lien
VN-41,Nghệ An,Nghe An,VNAP25-A0FED1D87F,VNAP25-2096D239B8,Nghi Phong,Nghi Phong
VN-41,Nghệ An,Nghe An,VNAP25-FCBF9D3676,VNAP25-2096D239B8,Nghi Phú,Nghi Phu
VN-41,Nghệ An,Nghe An,VNAP25-B953A53D25,VNAP25-2096D239B8,Nghi Tân,Nghi Tan
VN-41,Nghệ An,Nghe An,VNAP25-2DE4ECCECA,VNAP25-2096D239B8,Nghi Thái,Nghi Thai
VN-41,Nghệ An,Nghe An,VNAP25-9D74C58564,VNAP25-2096D239B8,Nghi Thu,Nghi Thu
VN-41,Nghệ An,Nghe An,VNAP25-594176AD89,VNAP25-2096D239B8,Nghi Thủy,Nghi Thuy
VN-41,Nghệ An,Nghe An,VNAP25-B6304F8D0B,VNAP25-2096D239B8,Nghi Xuân,Nghi Xuan
VN-41,Nghệ An,Nghe An,VNAP25-1D36E6F8DA,VNAP25-2096D239B8,Phúc Thọ,Phuc Tho
VN-41,Nghệ An,Nghe An,VNAP25-715C6180B2,VNAP25-2096D239B8,Quán Bàu,Quan Bau
VN-41,Nghệ An,Nghe An,VNAP25-EDA114DB7A,VNAP25-2096D239B8,Quang Trung,Quang Trung
VN-41,Nghệ An,Nghe An,VNAP25-5A6FA2FC1A,VNAP25-2096D239B8,Thu Thủy,Thu Thuy
VN-41,Nghệ An,Nghe An,VNAP25-E026AF9281,VNAP25-2096D239B8,Trung Đô,Trung Do
VN-41,Nghệ An,Nghe An,VNAP25-7E01CC278F,VNAP25-2096D239B8,Trường Thi,Truong Thi
VN-41,Nghệ An,Nghe An,VNAP25-9B700E12A9,VNAP25-2096D239B8,Vinh Tân,Vinh Tan
VN-41,Nghệ An,Nghe An,VNAP25-25FBE79F7A,,Yên Thành,Yen Thanh
VN-41,Nghệ An,Nghe An,VNAP25-DC54609F1C,VNAP25-25FBE79F7A,Bắc Thành,Bac Thanh
VN-41,Nghệ An,Nghe An,VNAP25-3F37543AF1,VNAP25-25FBE79F7A,Bảo Thành,Bao Thanh
VN-41,Nghệ An,Nghe An,VNAP25-1630BD0641,VNAP25-25FBE79F7A,Đô Thành,Do Thanh
VN-41,Nghệ An,Nghe An,VNAP25-6A84B015D0,VNAP25-25FBE79F7A,Đông Thành,Dong Thanh
VN-41,Nghệ An,Nghe An,VNAP25-345818A9DA,VNAP25-25FBE79F7A,Đồng Thành,Dong Thanh
VN-41,Nghệ An,Nghe An,VNAP25-D4C80926D6,VNAP25-25FBE79F7A,Đức Thành,Duc Thanh
VN-41,Nghệ An,Nghe An,VNAP25-1DD3EF5132,VNAP25-25FBE79F7A,Hậu Thành,Hau Thanh
VN-41,Nghệ An,Nghe An,VNAP25-16C95BB059,VNAP25-25FBE79F7A,Hoa Thành,Hoa Thanh
VN-41,Nghệ An,Nghe An,VNAP25-BD8C49D65F,VNAP25-25FBE79F7A,Kim Thành,Kim Thanh
VN-41,Nghệ An,Nghe An,VNAP25-E62FF13461,VNAP25-25FBE79F7A,Lăng Thành,Lang Thanh
VN-41,Nghệ An,Nghe An,VNAP25-E79AB301EF,VNAP25-25FBE79F7A,Liên Thành,Lien Thanh
VN-41,Nghệ An,Nghe An,VNAP25-F6F710456D,VNAP25-25FBE79F7A,Long Thành,Long Thanh
VN-41,Nghệ An,Nghe An,VNAP25-48F64E2194,VNAP25-25FBE79F7A,Mã Thành,Ma Thanh
VN-41,Nghệ An,Nghe An,VNAP25-131A98ED33,VNAP25-25FBE79F7A,Minh Thành,Minh Thanh
VN-41,Nghệ An,Nghe An,VNAP25-840F6E01D9,VNAP25-25FBE79F7A,Mỹ Thành,My Thanh
VN-41,Nghệ An,Nghe An,VNAP25-BFDEAF2633,VNAP25-25FBE79F7A,Nam Thành,Nam Thanh
VN-41,Nghệ An,Nghe An,VNAP25-06ED443152,VNAP25-25FBE79F7A,Phú Thành,Phu Thanh
VN-41,Nghệ An,Nghe An,VNAP25-E6C3F28FB1,VNAP25-25FBE79F7A,Phúc Thành,Phuc Thanh
VN-41,Nghệ An,Nghe An,VNAP25-7AEB2428AF,VNAP25-25FBE79F7A,Quang Thành,Quang Thanh
VN-41,Nghệ An,Nghe An,VNAP25-504C145133,VNAP25-25FBE79F7A,Sơn Thành,Son Thanh
VN-41,Nghệ An,Nghe An,VNAP25-EF50DA787F,VNAP25-25FBE79F7A,Tân Thành,Tan Thanh
VN-41,Nghệ An,Nghe An,VNAP25-85BBB368D9,VNAP25-25FBE79F7A,Tăng Thành,Tang Thanh
VN-41,Nghệ An,Nghe An,VNAP25-0869ABC1E9,VNAP25-25FBE79F7A,Tây Thành,Tay Thanh
VN-41,Nghệ An,Nghe An,VNAP25-9BCF2BFB44,VNAP25-25FBE79F7A,Thịnh Thành,Thinh Thanh
VN-41,Nghệ An,Nghe An,VNAP25-718CA54C01,VNAP25-25FBE79F7A,Thọ Thành,Tho Thanh
VN-41,Nghệ An,Nghe An,VNAP25-89313DDEBF,VNAP25-25FBE79F7A,Tiến Thành,Tien Thanh
VN-41,Nghệ An,Nghe An,VNAP25-70CF494CB2,VNAP25-25FBE79F7A,Trung Thành,Trung Thanh
VN-41,Nghệ An,Nghe An,VNAP25-3B6A3F0541,VNAP25-25FBE79F7A,Văn Thành,Van Thanh
VN-41,Nghệ An,Nghe An,VNAP25-6B2F4819EE,VNAP25-25FBE79F7A,Vân Tụ,Van Tu
VN-41,Nghệ An,Nghe An,VNAP25-B8B3A1305B,VNAP25-25FBE79F7A,Viên Thành,Vien Thanh
VN-41,Nghệ An,Nghe An,VNAP25-E3BEA54C98,VNAP25-25FBE79F7A,Vĩnh Thành,Vinh Thanh
VN-41,Nghệ An,Nghe An,VNAP25-73C5205250,VNAP25-25FBE79F7A,Xuân Thành,Xuan Thanh
VN-42,Ninh Bình,Ninh Binh,VNAP25-BB12F5D8C8,,Gia Viễn,Gia Vien
VN-42,Ninh Bình,Ninh Binh,VNAP25-59B679880F,VNAP25-BB12F5D8C8,Gia Hòa,Gia Hoa
VN-42,Ninh Bình,Ninh Binh,VNAP25-22C4C6E28E,VNAP25-BB12F5D8C8,Gia Hưng,Gia Hung
VN-42,Ninh Bình,Ninh Binh,VNAP25-B0DECBC60F,VNAP25-BB12F5D8C8,Gia Lạc,Gia Lac
VN-42,Ninh Bình,Ninh Binh,VNAP25-D108950E96,VNAP25-BB12F5D8C8,Gia Lập,Gia Lap
VN-42,Ninh Bình,Ninh Binh,VNAP25-14ED6352F5,VNAP25-BB12F5D8C8,Gia Minh,Gia Minh
VN-42,Ninh Bình,Ninh Binh,VNAP25-71A914D5B5,VNAP25-BB12F5D8C8,Gia Phong,Gia Phong
VN-42,Ninh Bình,Ninh Binh,VNAP25-CA3C7E8CC9,VNAP25-BB12F5D8C8,Gia Phú,Gia Phu
VN-42,Ninh Bình,Ninh Binh,VNAP25-AAEC5ABBCA,VNAP25-BB12F5D8C8,Gia Phương,Gia Phuong
VN-42,Ninh Bình,Ninh Binh,VNAP25-41AC159FE2,VNAP25-BB12F5D8C8,Gia Sinh,Gia Sinh
VN-42,Ninh Bình,Ninh Binh,VNAP25-F28D47F8F4,VNAP25-BB12F5D8C8,Gia Tân,Gia Tan
VN-42,Ninh Bình,Ninh Binh,VNAP25-B4C3336BBE,VNAP25-BB12F5D8C8,Gia Thanh,Gia Thanh
VN-42,Ninh Bình,Ninh Binh,VNAP25-20F1B17C7D,VNAP25-BB12F5D8C8,Gia Trấn,Gia Tran
VN-42,Ninh Bình,Ninh Binh,VNAP25-391979DF92,VNAP25-BB12F5D8C8,Gia Trung,Gia Trung
VN-42,Ninh Bình,Ninh Binh,VNAP25-9DF8290E57,VNAP25-BB12F5D8C8,Gia Vân,Gia Van
VN-42,Ninh Bình,Ninh Binh,VNAP25-C3BFFE269D,VNAP25-BB12F5D8C8,Gia Xuân,Gia Xuan
VN-42,Ninh Bình,Ninh Binh,VNAP25-8FCF1F1596,VNAP25-BB12F5D8C8,Liên Sơn,Lien Son
VN-42,Ninh Bình,Ninh Binh,VNAP25-C636B973F5,VNAP25-BB12F5D8C8,Thịnh Vượng,Thinh Vuong
VN-42,Ninh Bình,Ninh Binh,VNAP25-0CFF068D74,VNAP25-BB12F5D8C8,Tiến Thắng,Tien Thang
VN-42,Ninh Bình,Ninh Binh,VNAP25-35E6C73FDD,,Hoa Lư,Hoa Lu
VN-42,Ninh Bình,Ninh Binh,VNAP25-170CAFE9D5,VNAP25-35E6C73FDD,Bích Đào,Bich Dao
VN-42,Ninh Bình,Ninh Binh,VNAP25-B4F8645D27,VNAP25-35E6C73FDD,Đông Thành,Dong Thanh
VN-42,Ninh Bình,Ninh Binh,VNAP25-ED2D334174,VNAP25-35E6C73FDD,Nam Bình,Nam Binh
VN-42,Ninh Bình,Ninh Binh,VNAP25-52C43D1349,VNAP25-35E6C73FDD,Nam Thành,Nam Thanh
VN-42,Ninh Bình,Ninh Binh,VNAP25-D886A46809,VNAP25-35E6C73FDD,Ninh An,Ninh An
VN-42,Ninh Bình,Ninh Binh,VNAP25-B48E312474,VNAP25-35E6C73FDD,Ninh Giang,Ninh Giang
VN-42,Ninh Bình,Ninh Binh,VNAP25-8790F92397,VNAP25-35E6C73FDD,Ninh Hải,Ninh Hai
VN-42,Ninh Bình,Ninh Binh,VNAP25-6E9D52DBB8,VNAP25-35E6C73FDD,Ninh Hòa,Ninh Hoa
VN-42,Ninh Bình,Ninh Binh,VNAP25-E399D1E22D,VNAP25-35E6C73FDD,Ninh Khang,Ninh Khang
VN-42,Ninh Bình,Ninh Binh,VNAP25-D6A57CD1B4,VNAP25-35E6C73FDD,Ninh Khánh,Ninh Khanh
VN-42,Ninh Bình,Ninh Binh,VNAP25-6E8CB609D6,VNAP25-35E6C73FDD,Ninh Mỹ,Ninh My
VN-42,Ninh Bình,Ninh Binh,VNAP25-2680B6CC5A,VNAP25-35E6C73FDD,Ninh Nhất,Ninh Nhat
VN-42,Ninh Bình,Ninh Binh,VNAP25-80CF7A34D6,VNAP25-35E6C73FDD,Ninh Phong,Ninh Phong
VN-42,Ninh Bình,Ninh Binh,VNAP25-3BFB883386,VNAP25-35E6C73FDD,Ninh Phúc,Ninh Phuc
VN-42,Ninh Bình,Ninh Binh,VNAP25-EFD3DE5A77,VNAP25-35E6C73FDD,Ninh Sơn,Ninh Son
VN-42,Ninh Bình,Ninh Binh,VNAP25-2EDA2BBAE7,VNAP25-35E6C73FDD,Ninh Tiến,Ninh Tien
VN-42,Ninh Bình,Ninh Binh,VNAP25-5DD20E1C9D,VNAP25-35E6C73FDD,Ninh Vân,Ninh Van
VN-42,Ninh Bình,Ninh Binh,VNAP25-6EF40C97E2,VNAP25-35E6C73FDD,Tân Thành,Tan Thanh
VN-42,Ninh Bình,Ninh Binh,VNAP25-0674A5E5B8,VNAP25-35E6C73FDD,Trường Yên,Truong Yen
VN-42,Ninh Bình,Ninh Binh,VNAP25-9C75A5391F,VNAP25-35E6C73FDD,Vân Giang,Van Giang
VN-42,Ninh Bình,Ninh Binh,VNAP25-60ABBF9D43,,Kim Sơn,Kim Son
VN-42,Ninh Bình,Ninh Binh,VNAP25-B2EE54EB4E,VNAP25-60ABBF9D43,Ân Hòa,An Hoa
VN-42,Ninh Bình,Ninh Binh,VNAP25-D16C21710D,VNAP25-60ABBF9D43,Bình Minh,Binh Minh
VN-42,Ninh Bình,Ninh Binh,VNAP25-1F9B381398,VNAP25-60ABBF9D43,Chất Bình,Chat Binh
VN-42,Ninh Bình,Ninh Binh,VNAP25-DE4FB26A7D,VNAP25-60ABBF9D43,Cồn Thoi,Con Thoi
VN-42,Ninh Bình,Ninh Binh,VNAP25-77D6B5B191,VNAP25-60ABBF9D43,Định Hóa,Dinh Hoa
VN-42,Ninh Bình,Ninh Binh,VNAP25-C1ADACB4F7,VNAP25-60ABBF9D43,Đồng Hướng,Dong Huong
VN-42,Ninh Bình,Ninh Binh,VNAP25-A587CF1DAA,VNAP25-60ABBF9D43,Hồi Ninh,Hoi Ninh
VN-42,Ninh Bình,Ninh Binh,VNAP25-55E77DE3D8,VNAP25-60ABBF9D43,Hùng Tiến,Hung Tien
VN-42,Ninh Bình,Ninh Binh,VNAP25-4B05624F36,VNAP25-60ABBF9D43,Kim Chính,Kim Chinh
VN-42,Ninh Bình,Ninh Binh,VNAP25-7FF344C142,VNAP25-60ABBF9D43,Kim Định,Kim Dinh
VN-42,Ninh Bình,Ninh Binh,VNAP25-7B59B11E13,VNAP25-60ABBF9D43,Kim Đông,Kim Dong
VN-42,Ninh Bình,Ninh Binh,VNAP25-29B8095789,VNAP25-60ABBF9D43,Kim Mỹ,Kim My
VN-42,Ninh Bình,Ninh Binh,VNAP25-A1EC17DA61,VNAP25-60ABBF9D43,Kim Tân,Kim Tan
VN-42,Ninh Bình,Ninh Binh,VNAP25-E8A2685B82,VNAP25-60ABBF9D43,Kim Trung,Kim Trung
VN-42,Ninh Bình,Ninh Binh,VNAP25-06EEF307BC,VNAP25-60ABBF9D43,Lai Thành,Lai Thanh
VN-42,Ninh Bình,Ninh Binh,VNAP25-15DA4BF688,VNAP25-60ABBF9D43,Như Hòa,Nhu Hoa
VN-42,Ninh Bình,Ninh Binh,VNAP25-B3A734EE12,VNAP25-60ABBF9D43,Phát Diệm,Phat Diem
VN-42,Ninh Bình,Ninh Binh,VNAP25-3A297418A9,VNAP25-60ABBF9D43,Quang Thiện,Quang Thien
VN-42,Ninh Bình,Ninh Binh,VNAP25-E273E2A9B1,VNAP25-60ABBF9D43,Tân Thành,Tan Thanh
VN-42,Ninh Bình,Ninh Binh,VNAP25-63FDAF708F,VNAP25-60ABBF9D43,Thượng Kiệm,Thuong Kiem
VN-42,Ninh Bình,Ninh Binh,VNAP25-8873931F40,VNAP25-60ABBF9D43,Văn Hải,Van Hai
VN-42,Ninh Bình,Ninh Binh,VNAP25-B5B521701A,VNAP25-60ABBF9D43,Xuân Chính,Xuan Chinh
VN-42,Ninh Bình,Ninh Binh,VNAP25-6756FD107F,VNAP25-60ABBF9D43,Yên Lộc,Yen Loc
VN-42,Ninh Bình,Ninh Binh,VNAP25-CF331E8177,,Nho Quan,Nho Quan
VN-42,Ninh Bình,Ninh Binh,VNAP25-3DB7FF4930,VNAP25-CF331E8177,Cúc Phương,Cuc Phuong
VN-42,Ninh Bình,Ninh Binh,VNAP25-3046731F30,VNAP25-CF331E8177,Đồng Phong,Dong Phong
VN-42,Ninh Bình,Ninh Binh,VNAP25-E8C9C7A0B0,VNAP25-CF331E8177,Đức Long,Duc Long
VN-42,Ninh Bình,Ninh Binh,VNAP25-B817FD98CA,VNAP25-CF331E8177,Gia Lâm,Gia Lam
VN-42,Ninh Bình,Ninh Binh,VNAP25-2CC5FB2B67,VNAP25-CF331E8177,Gia Sơn,Gia Son
VN-42,Ninh Bình,Ninh Binh,VNAP25-5300A02B17,VNAP25-CF331E8177,Gia Thủy,Gia Thuy
VN-42,Ninh Bình,Ninh Binh,VNAP25-D6D41E924A,VNAP25-CF331E8177,Gia Tường,Gia Tuong
VN-42,Ninh Bình,Ninh Binh,VNAP25-C0483F679A,VNAP25-CF331E8177,Kỳ Phú,Ky Phu
VN-42,Ninh Bình,Ninh Binh,VNAP25-C82187F958,VNAP25-CF331E8177,Lạc Vân,Lac Van
VN-42,Ninh Bình,Ninh Binh,VNAP25-9A9C8DCF19,VNAP25-CF331E8177,Nho Quan,Nho Quan
VN-42,Ninh Bình,Ninh Binh,VNAP25-A88D1B56A3,VNAP25-CF331E8177,Phú Lộc,Phu Loc
VN-42,Ninh Bình,Ninh Binh,VNAP25-FDD89CEC07,VNAP25-CF331E8177,Phú Long,Phu Long
VN-42,Ninh Bình,Ninh Binh,VNAP25-2EEC24E863,VNAP25-CF331E8177,Phú Sơn,Phu Son
VN-42,Ninh Bình,Ninh Binh,VNAP25-39F62CD7E7,VNAP25-CF331E8177,Phúc Sơn,Phuc Son
VN-42,Ninh Bình,Ninh Binh,VNAP25-89E3E2E982,VNAP25-CF331E8177,Quảng Lạc,Quang Lac
VN-42,Ninh Bình,Ninh Binh,VNAP25-5B7BC2C291,VNAP25-CF331E8177,Quỳnh Lưu,Quynh Luu
VN-42,Ninh Bình,Ninh Binh,VNAP25-9142824AE4,VNAP25-CF331E8177,Thạch Bình,Thach Binh
VN-42,Ninh Bình,Ninh Binh,VNAP25-A2A934A002,VNAP25-CF331E8177,Thanh Sơn,Thanh Son
VN-42,Ninh Bình,Ninh Binh,VNAP25-71A0121834,VNAP25-CF331E8177,Thượng Hòa,Thuong Hoa
VN-42,Ninh Bình,Ninh Binh,VNAP25-E67DE7674F,VNAP25-CF331E8177,Văn Phú,Van Phu
VN-42,Ninh Bình,Ninh Binh,VNAP25-6EE24BE068,VNAP25-CF331E8177,Văn Phương,Van Phuong
VN-42,Ninh Bình,Ninh Binh,VNAP25-FBA8885119,VNAP25-CF331E8177,Xích Thổ,Xich Tho
VN-42,Ninh Bình,Ninh Binh,VNAP25-FD7D579E2A,VNAP25-CF331E8177,Yên Quang,Yen Quang
VN-42,Ninh Bình,Ninh Binh,VNAP25-F0953B015A,,Tam Điệp,Tam Diep
VN-42,Ninh Bình,Ninh Binh,VNAP25-43CEC2B28A,VNAP25-F0953B015A,Bắc Sơn,Bac Son
VN-42,Ninh Bình,Ninh Binh,VNAP25-F3D1947964,VNAP25-F0953B015A,Đông Sơn,Dong Son
VN-42,Ninh Bình,Ninh Binh,VNAP25-A5BA87DE09,VNAP25-F0953B015A,Nam Sơn,Nam Son
VN-42,Ninh Bình,Ninh Binh,VNAP25-D2677FA22B,VNAP25-F0953B015A,Quang Sơn,Quang Son
VN-42,Ninh Bình,Ninh Binh,VNAP25-59D5A3EB14,VNAP25-F0953B015A,Tân Bình,Tan Binh
VN-42,Ninh Bình,Ninh Binh,VNAP25-5743328920,VNAP25-F0953B015A,Tây Sơn,Tay Son
VN-42,Ninh Bình,Ninh Binh,VNAP25-6641D2C3C0,VNAP25-F0953B015A,Trung Sơn,Trung Son
VN-42,Ninh Bình,Ninh Binh,VNAP25-6B3A380D0D,VNAP25-F0953B015A,Yên Bình,Yen Binh
VN-42,Ninh Bình,Ninh Binh,VNAP25-C84AFFC838,VNAP25-F0953B015A,Yên Sơn,Yen Son
VN-42,Ninh Bình,Ninh Binh,VNAP25-98E3EDC88D,,Yên Khánh,Yen Khanh
VN-42,Ninh Bình,Ninh Binh,VNAP25-CC92877DE3,VNAP25-98E3EDC88D,Khánh An,Khanh An
VN-42,Ninh Bình,Ninh Binh,VNAP25-E70CC4EBDD,VNAP25-98E3EDC88D,Khánh Công,Khanh Cong
VN-42,Ninh Bình,Ninh Binh,VNAP25-11A6D3B221,VNAP25-98E3EDC88D,Khánh Cư,Khanh Cu
VN-42,Ninh Bình,Ninh Binh,VNAP25-A16D151D84,VNAP25-98E3EDC88D,Khánh Cường,Khanh Cuong
VN-42,Ninh Bình,Ninh Binh,VNAP25-F672D2F8DC,VNAP25-98E3EDC88D,Khánh Hải,Khanh Hai
VN-42,Ninh Bình,Ninh Binh,VNAP25-F12C957EC2,VNAP25-98E3EDC88D,Khánh Hòa,Khanh Hoa
VN-42,Ninh Bình,Ninh Binh,VNAP25-CE3C11A70B,VNAP25-98E3EDC88D,Khánh Hội,Khanh Hoi
VN-42,Ninh Bình,Ninh Binh,VNAP25-1E07FF59F2,VNAP25-98E3EDC88D,Khánh Hồng,Khanh Hong
VN-42,Ninh Bình,Ninh Binh,VNAP25-3CA46EB0A2,VNAP25-98E3EDC88D,Khánh Lợi,Khanh Loi
VN-42,Ninh Bình,Ninh Binh,VNAP25-15BF66B36F,VNAP25-98E3EDC88D,Khánh Mậu,Khanh Mau
VN-42,Ninh Bình,Ninh Binh,VNAP25-3C3C6D7C87,VNAP25-98E3EDC88D,Khánh Nhạc,Khanh Nhac
VN-42,Ninh Bình,Ninh Binh,VNAP25-35A0BFFD5F,VNAP25-98E3EDC88D,Khánh Phú,Khanh Phu
VN-42,Ninh Bình,Ninh Binh,VNAP25-11F680091D,VNAP25-98E3EDC88D,Khánh Thành,Khanh Thanh
VN-42,Ninh Bình,Ninh Binh,VNAP25-AA46F6FF81,VNAP25-98E3EDC88D,Khánh Thiện,Khanh Thien
VN-42,Ninh Bình,Ninh Binh,VNAP25-356FEC7861,VNAP25-98E3EDC88D,Khánh Thủy,Khanh Thuy
VN-42,Ninh Bình,Ninh Binh,VNAP25-CBB9AC04DA,VNAP25-98E3EDC88D,Khánh Trung,Khanh Trung
VN-42,Ninh Bình,Ninh Binh,VNAP25-BBFF5D552F,VNAP25-98E3EDC88D,Khánh Vân,Khanh Van
VN-42,Ninh Bình,Ninh Binh,VNAP25-E8D8ECB1E3,VNAP25-98E3EDC88D,Yên Ninh,Yen Ninh
VN-42,Ninh Bình,Ninh Binh,VNAP25-333D7BF566,,Yên Mô,Yen Mo
VN-42,Ninh Bình,Ninh Binh,VNAP25-BE214F9D38,VNAP25-333D7BF566,Khánh Dương,Khanh Duong
VN-42,Ninh Bình,Ninh Binh,VNAP25-4CE84FB3DE,VNAP25-333D7BF566,Khánh Thượng,Khanh Thuong
VN-42,Ninh Bình,Ninh Binh,VNAP25-74067BD107,VNAP25-333D7BF566,Yên Đồng,Yen Dong
VN-42,Ninh Bình,Ninh Binh,VNAP25-91B9A972DE,VNAP25-333D7BF566,Yên Hòa,Yen Hoa
VN-42,Ninh Bình,Ninh Binh,VNAP25-FD5B7595ED,VNAP25-333D7BF566,Yên Lâm,Yen Lam
VN-42,Ninh Bình,Ninh Binh,VNAP25-407745433B,VNAP25-333D7BF566,Yên Mạc,Yen Mac
VN-42,Ninh Bình,Ninh Binh,VNAP25-48985128FE,VNAP25-333D7BF566,Yên Mỹ,Yen My
VN-42,Ninh Bình,Ninh Binh,VNAP25-66C7589517,VNAP25-333D7BF566,Yên Nhân,Yen Nhan
VN-42,Ninh Bình,Ninh Binh,VNAP25-4A1E1265CB,VNAP25-333D7BF566,Yên Phong,Yen Phong
VN-42,Ninh Bình,Ninh Binh,VNAP25-49A70D01AE,VNAP25-333D7BF566,Yên Thái,Yen Thai
VN-42,Ninh Bình,Ninh Binh,VNAP25-1F99D0C147,VNAP25-333D7BF566,Yên Thắng,Yen Thang
VN-42,Ninh Bình,Ninh Binh,VNAP25-1F42B049EC,VNAP25-333D7BF566,Yên Thành,Yen Thanh
VN-42,Ninh Bình,Ninh Binh,VNAP25-6AF0AEBE7E,VNAP25-333D7BF566,Yên Thịnh,Yen Thinh
VN-42,Ninh Bình,Ninh Binh,VNAP25-6C849BA054,VNAP25-333D7BF566,Yên Từ,Yen Tu
VN-43,Ninh Thuận,Ninh Thuan,VNAP25-C27CE978FF,,Bác Ái,Bac Ai
VN-43,Ninh Thuận,Ninh Thuan,VNAP25-F50654EA51,VNAP25-C27CE978FF,Phước Bình,Phuoc Binh
VN-43,Ninh Thuận,Ninh Thuan,VNAP25-2F82AB56D4,VNAP25-C27CE978FF,Phước Chính,Phuoc Chinh
VN-43,Ninh Thuận,Ninh Thuan,VNAP25-A01F4DE0AC,VNAP25-C27CE978FF,Phước Đại,Phuoc Dai
VN-43,Ninh Thuận,Ninh Thuan,VNAP25-547674D5EF,VNAP25-C27CE978FF,Phước Hòa,Phuoc Hoa
VN-43,Ninh Thuận,Ninh Thuan,VNAP25-D7AD687772,VNAP25-C27CE978FF,Phước Tân,Phuoc Tan
VN-43,Ninh Thuận,Ninh Thuan,VNAP25-499E02BC34,VNAP25-C27CE978FF,Phước Thắng,Phuoc Thang
VN-43,Ninh Thuận,Ninh Thuan,VNAP25-C2924AD3A4,VNAP25-C27CE978FF,Phước Thành,Phuoc Thanh
VN-43,Ninh Thuận,Ninh Thuan,VNAP25-FEDAE145BD,VNAP25-C27CE978FF,Phước Tiến,Phuoc Tien
VN-43,Ninh Thuận,Ninh Thuan,VNAP25-59A6C88AE3,VNAP25-C27CE978FF,Phước Trung,Phuoc Trung
VN-43,Ninh Thuận,Ninh Thuan,VNAP25-422E18B914,,Ninh Hải,Ninh Hai
VN-43,Ninh Thuận,Ninh Thuan,VNAP25-BDA3041A2F,VNAP25-422E18B914,Hộ Hải,Ho Hai
VN-43,Ninh Thuận,Ninh Thuan,VNAP25-AABF01B2E0,VNAP25-422E18B914,Khánh Hải,Khanh Hai
VN-43,Ninh Thuận,Ninh Thuan,VNAP25-82ABEDC190,VNAP25-422E18B914,Nhơn Hải,Nhon Hai
VN-43,Ninh Thuận,Ninh Thuan,VNAP25-5ECD509E00,VNAP25-422E18B914,Phương Hải,Phuong Hai
VN-43,Ninh Thuận,Ninh Thuan,VNAP25-41F56358F7,VNAP25-422E18B914,Tân Hải,Tan Hai
VN-43,Ninh Thuận,Ninh Thuan,VNAP25-94A8F7EA97,VNAP25-422E18B914,Thanh Hải,Thanh Hai
VN-43,Ninh Thuận,Ninh Thuan,VNAP25-7587FC6D9E,VNAP25-422E18B914,Tri Hải,Tri Hai
VN-43,Ninh Thuận,Ninh Thuan,VNAP25-73EC47F5A3,VNAP25-422E18B914,Vĩnh Hải,Vinh Hai
VN-43,Ninh Thuận,Ninh Thuan,VNAP25-82D5EA1D32,VNAP25-422E18B914,Xuân Hải,Xuan Hai
VN-43,Ninh Thuận,Ninh Thuan,VNAP25-EB656A14BE,,Ninh Phước,Ninh Phuoc
VN-43,Ninh Thuận,Ninh Thuan,VNAP25-BFCA089F39,VNAP25-EB656A14BE,An Hải,An Hai
VN-43,Ninh Thuận,Ninh Thuan,VNAP25-D1D6ADD246,VNAP25-EB656A14BE,Phước Dân,Phuoc Dan
VN-43,Ninh Thuận,Ninh Thuan,VNAP25-2546089557,VNAP25-EB656A14BE,Phước Hải,Phuoc Hai
VN-43,Ninh Thuận,Ninh Thuan,VNAP25-6790A8C44A,VNAP25-EB656A14BE,Phước Hậu,Phuoc Hau
VN-43,Ninh Thuận,Ninh Thuan,VNAP25-88AE388F94,VNAP25-EB656A14BE,Phước Hữu,Phuoc Huu
VN-43,Ninh Thuận,Ninh Thuan,VNAP25-5EB9690C37,VNAP25-EB656A14BE,Phước Sơn,Phuoc Son
VN-43,Ninh Thuận,Ninh Thuan,VNAP25-A95B500D88,VNAP25-EB656A14BE,Phước Thái,Phuoc Thai
VN-43,Ninh Thuận,Ninh Thuan,VNAP25-D2169D7BED,VNAP25-EB656A14BE,Phước Thuận,Phuoc Thuan
VN-43,Ninh Thuận,Ninh Thuan,VNAP25-A5E0221829,VNAP25-EB656A14BE,Phước Vinh,Phuoc Vinh
VN-43,Ninh Thuận,Ninh Thuan,VNAP25-412444FE73,,Ninh Sơn,Ninh Son
VN-43,Ninh Thuận,Ninh Thuan,VNAP25-945CE841DA,VNAP25-412444FE73,Hòa Sơn,Hoa Son
VN-43,Ninh Thuận,Ninh Thuan,VNAP25-73F3CB8E3D,VNAP25-412444FE73,Lâm Sơn,Lam Son
VN-43,Ninh Thuận,Ninh Thuan,VNAP25-A6E2EB98AD,VNAP25-412444FE73,Lương Sơn,Luong Son
VN-43,Ninh Thuận,Ninh Thuan,VNAP25-D2683D1AD9,VNAP25-412444FE73,Ma Nới,Ma Noi
VN-43,Ninh Thuận,Ninh Thuan,VNAP25-893668A00F,VNAP25-412444FE73,Mỹ Sơn,My Son
VN-43,Ninh Thuận,Ninh Thuan,VNAP25-22593229A7,VNAP25-412444FE73,Nhơn Sơn,Nhon Son
VN-43,Ninh Thuận,Ninh Thuan,VNAP25-C142285331,VNAP25-412444FE73,Quảng Sơn,Quang Son
VN-43,Ninh Thuận,Ninh Thuan,VNAP25-23F19E05C9,VNAP25-412444FE73,Tân Sơn,Tan Son
VN-43,Ninh Thuận,Ninh Thuan,VNAP25-5BA7FFEC1A,,Phan Rang-Tháp Chàm,Phan Rang-Thap Cham
VN-43,Ninh Thuận,Ninh Thuan,VNAP25-BC6E07D6EE,VNAP25-5BA7FFEC1A,Bảo An,Bao An
VN-43,Ninh Thuận,Ninh Thuan,VNAP25-CA6517BB2B,VNAP25-5BA7FFEC1A,Đài Sơn,Dai Son
VN-43,Ninh Thuận,Ninh Thuan,VNAP25-F33F4E579C,VNAP25-5BA7FFEC1A,Đạo Long,Dao Long
VN-43,Ninh Thuận,Ninh Thuan,VNAP25-041E1A9945,VNAP25-5BA7FFEC1A,Đô Vinh,Do Vinh
VN-43,Ninh Thuận,Ninh Thuan,VNAP25-134C217586,VNAP25-5BA7FFEC1A,Đông Hải,Dong Hai
VN-43,Ninh Thuận,Ninh Thuan,VNAP25-4F98918E95,VNAP25-5BA7FFEC1A,Kinh Dinh,Kinh Dinh
VN-43,Ninh Thuận,Ninh Thuan,VNAP25-43D781CAB6,VNAP25-5BA7FFEC1A,Mỹ Bình,My Binh
VN-43,Ninh Thuận,Ninh Thuan,VNAP25-AE642A252F,VNAP25-5BA7FFEC1A,Mỹ Đông,My Dong
VN-43,Ninh Thuận,Ninh Thuan,VNAP25-44751F71B1,VNAP25-5BA7FFEC1A,Mỹ Hải,My Hai
VN-43,Ninh Thuận,Ninh Thuan,VNAP25-7CEFCE1265,VNAP25-5BA7FFEC1A,Phủ Hà,Phu Ha
VN-43,Ninh Thuận,Ninh Thuan,VNAP25-6466C412D5,VNAP25-5BA7FFEC1A,Phước Mỹ,Phuoc My
VN-43,Ninh Thuận,Ninh Thuan,VNAP25-6F2BBC163C,VNAP25-5BA7FFEC1A,Thành Hải,Thanh Hai
VN-43,Ninh Thuận,Ninh Thuan,VNAP25-E611BD0A4C,VNAP25-5BA7FFEC1A,Văn Hải,Van Hai
VN-43,Ninh Thuận,Ninh Thuan,VNAP25-256844011A,,Thuận Bắc,Thuan Bac
VN-43,Ninh Thuận,Ninh Thuan,VNAP25-E3D64B22E1,VNAP25-256844011A,Bắc Phong,Bac Phong
VN-43,Ninh Thuận,Ninh Thuan,VNAP25-ED06C11372,VNAP25-256844011A,Bắc Sơn,Bac Son
VN-43,Ninh Thuận,Ninh Thuan,VNAP25-D71977A815,VNAP25-256844011A,Công Hải,Cong Hai
VN-43,Ninh Thuận,Ninh Thuan,VNAP25-F442719A3C,VNAP25-256844011A,Lợi Hải,Loi Hai
VN-43,Ninh Thuận,Ninh Thuan,VNAP25-C5E6CEA334,VNAP25-256844011A,Phước Chiến,Phuoc Chien
VN-43,Ninh Thuận,Ninh Thuan,VNAP25-012CDBBD99,VNAP25-256844011A,Phước Kháng,Phuoc Khang
VN-43,Ninh Thuận,Ninh Thuan,VNAP25-EE7CD80E8C,,Thuận Nam,Thuan Nam
VN-43,Ninh Thuận,Ninh Thuan,VNAP25-16A517AAC3,VNAP25-EE7CD80E8C,Cà Ná,Ca Na
VN-43,Ninh Thuận,Ninh Thuan,VNAP25-1668486CEA,VNAP25-EE7CD80E8C,Nhị Hà,Nhi Ha
VN-43,Ninh Thuận,Ninh Thuan,VNAP25-66E7C38568,VNAP25-EE7CD80E8C,Phước Diêm,Phuoc Diem
VN-43,Ninh Thuận,Ninh Thuan,VNAP25-A9C344F5B1,VNAP25-EE7CD80E8C,Phước Dinh,Phuoc Dinh
VN-43,Ninh Thuận,Ninh Thuan,VNAP25-DA5DD7F28C,VNAP25-EE7CD80E8C,Phước Hà,Phuoc Ha
VN-43,Ninh Thuận,Ninh Thuan,VNAP25-56E4DC769B,VNAP25-EE7CD80E8C,Phước Minh,Phuoc Minh
VN-43,Ninh Thuận,Ninh Thuan,VNAP25-BB2F3663E0,VNAP25-EE7CD80E8C,Phước Nam,Phuoc Nam
VN-43,Ninh Thuận,Ninh Thuan,VNAP25-F084040736,VNAP25-EE7CD80E8C,Phước Ninh,Phuoc Ninh
VN-44,Phú Thọ,Phu Tho,VNAP25-4B316990C9,,Cẩm Khê,Cam Khe
VN-44,Phú Thọ,Phu Tho,VNAP25-C3B100E089,VNAP25-4B316990C9,Cẩm Khê,Cam Khe
VN-44,Phú Thọ,Phu Tho,VNAP25-2B60FB92EF,VNAP25-4B316990C9,Điêu Lương,Dieu Luong
VN-44,Phú Thọ,Phu Tho,VNAP25-81F103897A,VNAP25-4B316990C9,Đồng Lương,Dong Luong
VN-44,Phú Thọ,Phu Tho,VNAP25-1DF83C0FB0,VNAP25-4B316990C9,Hùng Việt,Hung Viet
VN-44,Phú Thọ,Phu Tho,VNAP25-F03A29C0CF,VNAP25-4B316990C9,Hương Lung,Huong Lung
VN-44,Phú Thọ,Phu Tho,VNAP25-A6D58EE0EC,VNAP25-4B316990C9,Minh Tân,Minh Tan
VN-44,Phú Thọ,Phu Tho,VNAP25-C6E9A5AD74,VNAP25-4B316990C9,Minh Thắng,Minh Thang
VN-44,Phú Thọ,Phu Tho,VNAP25-99E12F6690,VNAP25-4B316990C9,Nhật Tiến,Nhat Tien
VN-44,Phú Thọ,Phu Tho,VNAP25-2840642D63,VNAP25-4B316990C9,Phong Thịnh,Phong Thinh
VN-44,Phú Thọ,Phu Tho,VNAP25-2744733E3F,VNAP25-4B316990C9,Phú Khê,Phu Khe
VN-44,Phú Thọ,Phu Tho,VNAP25-F3A0286A52,VNAP25-4B316990C9,Phượng Vĩ,Phuong Vi
VN-44,Phú Thọ,Phu Tho,VNAP25-B4D1A2DEB0,VNAP25-4B316990C9,Tam Sơn,Tam Son
VN-44,Phú Thọ,Phu Tho,VNAP25-B20775CE59,VNAP25-4B316990C9,Tiên Lương,Tien Luong
VN-44,Phú Thọ,Phu Tho,VNAP25-570A7859C2,VNAP25-4B316990C9,Tùng Khê,Tung Khe
VN-44,Phú Thọ,Phu Tho,VNAP25-9AD3F0A517,VNAP25-4B316990C9,Văn Bán,Van Ban
VN-44,Phú Thọ,Phu Tho,VNAP25-CB3595DD38,VNAP25-4B316990C9,Yên Dưỡng,Yen Duong
VN-44,Phú Thọ,Phu Tho,VNAP25-1677D6880C,,Đoan Hùng,Doan Hung
VN-44,Phú Thọ,Phu Tho,VNAP25-25ED6B8092,VNAP25-1677D6880C,Bằng Doãn,Bang Doan
VN-44,Phú Thọ,Phu Tho,VNAP25-293903E8AE,VNAP25-1677D6880C,Bằng Luân,Bang Luan
VN-44,Phú Thọ,Phu Tho,VNAP25-2561F28205,VNAP25-1677D6880C,Ca Đình,Ca Dinh
VN-44,Phú Thọ,Phu Tho,VNAP25-880C8D618B,VNAP25-1677D6880C,Chân Mộng,Chan Mong
VN-44,Phú Thọ,Phu Tho,VNAP25-7C5CF568F6,VNAP25-1677D6880C,Chí Đám,Chi Dam
VN-44,Phú Thọ,Phu Tho,VNAP25-B37E6A26D3,VNAP25-1677D6880C,Đoan Hùng,Doan Hung
VN-44,Phú Thọ,Phu Tho,VNAP25-644A999BF8,VNAP25-1677D6880C,Hợp Nhất,Hop Nhat
VN-44,Phú Thọ,Phu Tho,VNAP25-88D2762473,VNAP25-1677D6880C,Hùng Long,Hung Long
VN-44,Phú Thọ,Phu Tho,VNAP25-D9E6DE7378,VNAP25-1677D6880C,Hùng Xuyên,Hung Xuyen
VN-44,Phú Thọ,Phu Tho,VNAP25-D2B7B362CD,VNAP25-1677D6880C,Ngọc Quan,Ngoc Quan
VN-44,Phú Thọ,Phu Tho,VNAP25-A2053270AA,VNAP25-1677D6880C,Phú Lâm,Phu Lam
VN-44,Phú Thọ,Phu Tho,VNAP25-17C6DD7A5F,VNAP25-1677D6880C,Phúc Lai,Phuc Lai
VN-44,Phú Thọ,Phu Tho,VNAP25-90E767BF23,VNAP25-1677D6880C,Tây Cốc,Tay Coc
VN-44,Phú Thọ,Phu Tho,VNAP25-3434EF028D,VNAP25-1677D6880C,Yên Kiện,Yen Kien
VN-44,Phú Thọ,Phu Tho,VNAP25-B274E57610,,Hạ Hòa,Ha Hoa
VN-44,Phú Thọ,Phu Tho,VNAP25-A7FA3F75A9,VNAP25-B274E57610,Ấm Hạ,Am Ha
VN-44,Phú Thọ,Phu Tho,VNAP25-08942740E8,VNAP25-B274E57610,Bằng Giã,Bang Gia
VN-44,Phú Thọ,Phu Tho,VNAP25-DA79B77098,VNAP25-B274E57610,Đại Phạm,Dai Pham
VN-44,Phú Thọ,Phu Tho,VNAP25-C3FBA1AF5B,VNAP25-B274E57610,Đan Thượng,Dan Thuong
VN-44,Phú Thọ,Phu Tho,VNAP25-F0E6E859D6,VNAP25-B274E57610,Gia Điền,Gia Dien
VN-44,Phú Thọ,Phu Tho,VNAP25-178328FA3E,VNAP25-B274E57610,Hạ Hòa,Ha Hoa
VN-44,Phú Thọ,Phu Tho,VNAP25-4064B43B4B,VNAP25-B274E57610,Hà Lương,Ha Luong
VN-44,Phú Thọ,Phu Tho,VNAP25-899C13F49E,VNAP25-B274E57610,Hiền Lương,Hien Luong
VN-44,Phú Thọ,Phu Tho,VNAP25-F9788CA086,VNAP25-B274E57610,Hương Xạ,Huong Xa
VN-44,Phú Thọ,Phu Tho,VNAP25-E311498FBF,VNAP25-B274E57610,Lang Sơn,Lang Son
VN-44,Phú Thọ,Phu Tho,VNAP25-AE966D467F,VNAP25-B274E57610,Minh Côi,Minh Coi
VN-44,Phú Thọ,Phu Tho,VNAP25-432DDA1DB8,VNAP25-B274E57610,Minh Hạc,Minh Hac
VN-44,Phú Thọ,Phu Tho,VNAP25-FC3D431F12,VNAP25-B274E57610,Phương Viên,Phuong Vien
VN-44,Phú Thọ,Phu Tho,VNAP25-6162620397,VNAP25-B274E57610,Tứ Hiệp,Tu Hiep
VN-44,Phú Thọ,Phu Tho,VNAP25-BD17BFDA44,VNAP25-B274E57610,Văn Lang,Van Lang
VN-44,Phú Thọ,Phu Tho,VNAP25-8143FB5E01,VNAP25-B274E57610,Vĩnh Chân,Vinh Chan
VN-44,Phú Thọ,Phu Tho,VNAP25-329AD50D1B,VNAP25-B274E57610,Vô Tranh,Vo Tranh
VN-44,Phú Thọ,Phu Tho,VNAP25-E804C0FC3C,VNAP25-B274E57610,Xuân Áng,Xuan Ang
VN-44,Phú Thọ,Phu Tho,VNAP25-025D12A42B,VNAP25-B274E57610,Yên Kỳ,Yen Ky
VN-44,Phú Thọ,Phu Tho,VNAP25-09CC26BC1F,VNAP25-B274E57610,Yên Luật,Yen Luat
VN-44,Phú Thọ,Phu Tho,VNAP25-3BC3C0FE53,,Lâm Thao,Lam Thao
VN-44,Phú Thọ,Phu Tho,VNAP25-8ECAF7C5BC,VNAP25-3BC3C0FE53,Bản Nguyên,Ban Nguyen
VN-44,Phú Thọ,Phu Tho,VNAP25-93AED48094,VNAP25-3BC3C0FE53,Cao Xá,Cao Xa
VN-44,Phú Thọ,Phu Tho,VNAP25-2D365697A3,VNAP25-3BC3C0FE53,Hùng Sơn,Hung Son
VN-44,Phú Thọ,Phu Tho,VNAP25-E0B0BEC1B7,VNAP25-3BC3C0FE53,Lâm Thao,Lam Thao
VN-44,Phú Thọ,Phu Tho,VNAP25-953C38256D,VNAP25-3BC3C0FE53,Phùng Nguyên,Phung Nguyen
VN-44,Phú Thọ,Phu Tho,VNAP25-9C9278E68C,VNAP25-3BC3C0FE53,Sơn Vi,Son Vi
VN-44,Phú Thọ,Phu Tho,VNAP25-3803E1E074,VNAP25-3BC3C0FE53,Thạch Sơn,Thach Son
VN-44,Phú Thọ,Phu Tho,VNAP25-F30A3C891D,VNAP25-3BC3C0FE53,Tiên Kiên,Tien Kien
VN-44,Phú Thọ,Phu Tho,VNAP25-3EAF16A961,VNAP25-3BC3C0FE53,Tứ Xã,Tu Xa
VN-44,Phú Thọ,Phu Tho,VNAP25-5F681C6394,VNAP25-3BC3C0FE53,Vĩnh Lại,Vinh Lai
VN-44,Phú Thọ,Phu Tho,VNAP25-5497AC8845,VNAP25-3BC3C0FE53,Xuân Huy,Xuan Huy
VN-44,Phú Thọ,Phu Tho,VNAP25-2DE385A217,VNAP25-3BC3C0FE53,Xuân Lũng,Xuan Lung
VN-44,Phú Thọ,Phu Tho,VNAP25-576E25D3CB,,Phù Ninh,Phu Ninh
VN-44,Phú Thọ,Phu Tho,VNAP25-DC2ED4E9EC,VNAP25-576E25D3CB,An Đạo,An Dao
VN-44,Phú Thọ,Phu Tho,VNAP25-E9BD6EE20A,VNAP25-576E25D3CB,Bảo Thanh,Bao Thanh
VN-44,Phú Thọ,Phu Tho,VNAP25-994C8C5B59,VNAP25-576E25D3CB,Bình Phú,Binh Phu
VN-44,Phú Thọ,Phu Tho,VNAP25-7EF396DAD4,VNAP25-576E25D3CB,Gia Thanh,Gia Thanh
VN-44,Phú Thọ,Phu Tho,VNAP25-32B9AC2451,VNAP25-576E25D3CB,Hạ Giáp,Ha Giap
VN-44,Phú Thọ,Phu Tho,VNAP25-72F2510E60,VNAP25-576E25D3CB,Lệ Mỹ,Le My
VN-44,Phú Thọ,Phu Tho,VNAP25-E6D4DAFBF4,VNAP25-576E25D3CB,Liên Hoa,Lien Hoa
VN-44,Phú Thọ,Phu Tho,VNAP25-0F2A2E5CD8,VNAP25-576E25D3CB,Phong Châu,Phong Chau
VN-44,Phú Thọ,Phu Tho,VNAP25-443A2BC534,VNAP25-576E25D3CB,Phú Lộc,Phu Loc
VN-44,Phú Thọ,Phu Tho,VNAP25-E6A1CA7501,VNAP25-576E25D3CB,Phú Mỹ,Phu My
VN-44,Phú Thọ,Phu Tho,VNAP25-A06878DCB0,VNAP25-576E25D3CB,Phú Nham,Phu Nham
VN-44,Phú Thọ,Phu Tho,VNAP25-9948E71B61,VNAP25-576E25D3CB,Phù Ninh,Phu Ninh
VN-44,Phú Thọ,Phu Tho,VNAP25-AC0AA07418,VNAP25-576E25D3CB,Tiên Du,Tien Du
VN-44,Phú Thọ,Phu Tho,VNAP25-EB1812243B,VNAP25-576E25D3CB,Tiên Phú,Tien Phu
VN-44,Phú Thọ,Phu Tho,VNAP25-D45F98C365,VNAP25-576E25D3CB,Trạm Thản,Tram Than
VN-44,Phú Thọ,Phu Tho,VNAP25-08FD0B46DA,VNAP25-576E25D3CB,Trị Quận,Tri Quan
VN-44,Phú Thọ,Phu Tho,VNAP25-67C6D3240F,VNAP25-576E25D3CB,Trung Giáp,Trung Giap
VN-44,Phú Thọ,Phu Tho,VNAP25-371B9DF527,,Phú Thọ,Phu Tho
VN-44,Phú Thọ,Phu Tho,VNAP25-4B658E493A,VNAP25-371B9DF527,Âu Cơ,Au Co
VN-44,Phú Thọ,Phu Tho,VNAP25-671E53EC9A,VNAP25-371B9DF527,Hà Lộc,Ha Loc
VN-44,Phú Thọ,Phu Tho,VNAP25-AF9EA0C0B8,VNAP25-371B9DF527,Hà Thạch,Ha Thach
VN-44,Phú Thọ,Phu Tho,VNAP25-910374FEF3,VNAP25-371B9DF527,Hùng Vương,Hung Vuong
VN-44,Phú Thọ,Phu Tho,VNAP25-BB02FDBFF0,VNAP25-371B9DF527,Phong Châu,Phong Chau
VN-44,Phú Thọ,Phu Tho,VNAP25-A98FE2F66D,VNAP25-371B9DF527,Phú Hộ,Phu Ho
VN-44,Phú Thọ,Phu Tho,VNAP25-2C41047B84,VNAP25-371B9DF527,Thanh Minh,Thanh Minh
VN-44,Phú Thọ,Phu Tho,VNAP25-1F59FE833D,VNAP25-371B9DF527,Thanh Vinh,Thanh Vinh
VN-44,Phú Thọ,Phu Tho,VNAP25-5AC1FBC803,VNAP25-371B9DF527,Văn Lung,Van Lung
VN-44,Phú Thọ,Phu Tho,VNAP25-41DD3B6AE8,,Tam Nông,Tam Nong
VN-44,Phú Thọ,Phu Tho,VNAP25-6CBB83F7D1,VNAP25-41DD3B6AE8,Bắc Sơn,Bac Son
VN-44,Phú Thọ,Phu Tho,VNAP25-BBCAA3C364,VNAP25-41DD3B6AE8,Dân Quyền,Dan Quyen
VN-44,Phú Thọ,Phu Tho,VNAP25-8A426D7A81,VNAP25-41DD3B6AE8,Dị Nậu,Di Nau
VN-44,Phú Thọ,Phu Tho,VNAP25-4554AC1B32,VNAP25-41DD3B6AE8,Hiền Quan,Hien Quan
VN-44,Phú Thọ,Phu Tho,VNAP25-40CF30A8C2,VNAP25-41DD3B6AE8,Hưng Hóa,Hung Hoa
VN-44,Phú Thọ,Phu Tho,VNAP25-9C2191408F,VNAP25-41DD3B6AE8,Hương Nộn,Huong Non
VN-44,Phú Thọ,Phu Tho,VNAP25-7A823E2E0C,VNAP25-41DD3B6AE8,Lam Sơn,Lam Son
VN-44,Phú Thọ,Phu Tho,VNAP25-0CA183BDA4,VNAP25-41DD3B6AE8,Quang Húc,Quang Huc
VN-44,Phú Thọ,Phu Tho,VNAP25-C05346AD63,VNAP25-41DD3B6AE8,Tề Lễ,Te Le
VN-44,Phú Thọ,Phu Tho,VNAP25-14B08AB2E5,VNAP25-41DD3B6AE8,Thanh Uyên,Thanh Uyen
VN-44,Phú Thọ,Phu Tho,VNAP25-5ED8B1DD2B,VNAP25-41DD3B6AE8,Thọ Văn,Tho Van
VN-44,Phú Thọ,Phu Tho,VNAP25-EB98E53ECA,VNAP25-41DD3B6AE8,Vạn Xuân,Van Xuan
VN-44,Phú Thọ,Phu Tho,VNAP25-982ED15564,,Tân Sơn,Tan Son
VN-44,Phú Thọ,Phu Tho,VNAP25-AC20DFF702,VNAP25-982ED15564,Đồng Sơn,Dong Son
VN-44,Phú Thọ,Phu Tho,VNAP25-218DE7B76E,VNAP25-982ED15564,Kiệt Sơn,Kiet Son
VN-44,Phú Thọ,Phu Tho,VNAP25-E853B4E616,VNAP25-982ED15564,Kim Thượng,Kim Thuong
VN-44,Phú Thọ,Phu Tho,VNAP25-3C591C4728,VNAP25-982ED15564,Lai Đồng,Lai Dong
VN-44,Phú Thọ,Phu Tho,VNAP25-0BC8E40CFA,VNAP25-982ED15564,Long Cốc,Long Coc
VN-44,Phú Thọ,Phu Tho,VNAP25-263B0E8E82,VNAP25-982ED15564,Minh Đài,Minh Dai
VN-44,Phú Thọ,Phu Tho,VNAP25-413F15B4A8,VNAP25-982ED15564,Mỹ Thuận,My Thuan
VN-44,Phú Thọ,Phu Tho,VNAP25-C5A7C8EC41,VNAP25-982ED15564,Tam Thanh,Tam Thanh
VN-44,Phú Thọ,Phu Tho,VNAP25-D3A72D3B6A,VNAP25-982ED15564,Tân Phú,Tan Phu
VN-44,Phú Thọ,Phu Tho,VNAP25-03DA18B183,VNAP25-982ED15564,Tân Sơn,Tan Son
VN-44,Phú Thọ,Phu Tho,VNAP25-3FBF515401,VNAP25-982ED15564,Thạch Kiệt,Thach Kiet
VN-44,Phú Thọ,Phu Tho,VNAP25-7737E563EF,VNAP25-982ED15564,Thu Cúc,Thu Cuc
VN-44,Phú Thọ,Phu Tho,VNAP25-8742634570,VNAP25-982ED15564,Thu Ngạc,Thu Ngac
VN-44,Phú Thọ,Phu Tho,VNAP25-653AB6BC7D,VNAP25-982ED15564,Văn Luông,Van Luong
VN-44,Phú Thọ,Phu Tho,VNAP25-13C60E0FFA,VNAP25-982ED15564,Vinh Tiền,Vinh Tien
VN-44,Phú Thọ,Phu Tho,VNAP25-C604AF0274,VNAP25-982ED15564,Xuân Đài,Xuan Dai
VN-44,Phú Thọ,Phu Tho,VNAP25-D1DCB04539,VNAP25-982ED15564,Xuân Sơn,Xuan Son
VN-44,Phú Thọ,Phu Tho,VNAP25-3121125795,,Thanh Ba,Thanh Ba
VN-44,Phú Thọ,Phu Tho,VNAP25-2DE06A3520,VNAP25-3121125795,Chí Tiên,Chi Tien
VN-44,Phú Thọ,Phu Tho,VNAP25-384CC499E8,VNAP25-3121125795,Đại An,Dai An
VN-44,Phú Thọ,Phu Tho,VNAP25-06B815B4FC,VNAP25-3121125795,Đỗ Sơn,Do Son
VN-44,Phú Thọ,Phu Tho,VNAP25-599DC706E7,VNAP25-3121125795,Đỗ Xuyên,Do Xuyen
VN-44,Phú Thọ,Phu Tho,VNAP25-5DC94D4BFC,VNAP25-3121125795,Đông Lĩnh,Dong Linh
VN-44,Phú Thọ,Phu Tho,VNAP25-D15DF59F08,VNAP25-3121125795,Đông Thành,Dong Thanh
VN-44,Phú Thọ,Phu Tho,VNAP25-9B4A678C5B,VNAP25-3121125795,Đồng Xuân,Dong Xuan
VN-44,Phú Thọ,Phu Tho,VNAP25-C62A279A40,VNAP25-3121125795,Hanh Cù,Hanh Cu
VN-44,Phú Thọ,Phu Tho,VNAP25-54FFBEDD38,VNAP25-3121125795,Hoàng Cương,Hoang Cuong
VN-44,Phú Thọ,Phu Tho,VNAP25-AF13AD3723,VNAP25-3121125795,Khải Xuân,Khai Xuan
VN-44,Phú Thọ,Phu Tho,VNAP25-B94CE2C9B7,VNAP25-3121125795,Lương Lỗ,Luong Lo
VN-44,Phú Thọ,Phu Tho,VNAP25-210CE15DCF,VNAP25-3121125795,Mạn Lạn,Man Lan
VN-44,Phú Thọ,Phu Tho,VNAP25-6A9DCE11A6,VNAP25-3121125795,Ninh Dân,Ninh Dan
VN-44,Phú Thọ,Phu Tho,VNAP25-FC90397C42,VNAP25-3121125795,Quảng Yên,Quang Yen
VN-44,Phú Thọ,Phu Tho,VNAP25-CF34AB735C,VNAP25-3121125795,Sơn Cương,Son Cuong
VN-44,Phú Thọ,Phu Tho,VNAP25-60B83E7211,VNAP25-3121125795,Thanh Ba,Thanh Ba
VN-44,Phú Thọ,Phu Tho,VNAP25-7DF91861CC,VNAP25-3121125795,Thanh Hà,Thanh Ha
VN-44,Phú Thọ,Phu Tho,VNAP25-FC9AC54342,VNAP25-3121125795,Vân Lĩnh,Van Linh
VN-44,Phú Thọ,Phu Tho,VNAP25-00857AB907,VNAP25-3121125795,Võ Lao,Vo Lao
VN-44,Phú Thọ,Phu Tho,VNAP25-FB38AC905D,,Thanh Sơn,Thanh Son
VN-44,Phú Thọ,Phu Tho,VNAP25-C2C51897B9,VNAP25-FB38AC905D,Cự Đồng,Cu Dong
VN-44,Phú Thọ,Phu Tho,VNAP25-055ABB6FA1,VNAP25-FB38AC905D,Cự Thắng,Cu Thang
VN-44,Phú Thọ,Phu Tho,VNAP25-FA36741B10,VNAP25-FB38AC905D,Địch Quả,Dich Qua
VN-44,Phú Thọ,Phu Tho,VNAP25-7DE94C1F5A,VNAP25-FB38AC905D,Đông Cửu,Dong Cuu
VN-44,Phú Thọ,Phu Tho,VNAP25-087F824DDC,VNAP25-FB38AC905D,Giáp Lai,Giap Lai
VN-44,Phú Thọ,Phu Tho,VNAP25-0CCEFECF40,VNAP25-FB38AC905D,Hương Cần,Huong Can
VN-44,Phú Thọ,Phu Tho,VNAP25-4FEE23DFC1,VNAP25-FB38AC905D,Khả Cửu,Kha Cuu
VN-44,Phú Thọ,Phu Tho,VNAP25-3A56CBB01F,VNAP25-FB38AC905D,Lương Nha,Luong Nha
VN-44,Phú Thọ,Phu Tho,VNAP25-803F9D82B0,VNAP25-FB38AC905D,Sơn Hùng,Son Hung
VN-44,Phú Thọ,Phu Tho,VNAP25-4C1EFEA1E2,VNAP25-FB38AC905D,Tân Lập,Tan Lap
VN-44,Phú Thọ,Phu Tho,VNAP25-CE8CB7992B,VNAP25-FB38AC905D,Tân Minh,Tan Minh
VN-44,Phú Thọ,Phu Tho,VNAP25-BB0AFF6CEB,VNAP25-FB38AC905D,Tất Thắng,Tat Thang
VN-44,Phú Thọ,Phu Tho,VNAP25-64FB8FF3CE,VNAP25-FB38AC905D,Thạch Khoán,Thach Khoan
VN-44,Phú Thọ,Phu Tho,VNAP25-7C4F53DA8E,VNAP25-FB38AC905D,Thắng Sơn,Thang Son
VN-44,Phú Thọ,Phu Tho,VNAP25-78CE247A80,VNAP25-FB38AC905D,Thanh Sơn,Thanh Son
VN-44,Phú Thọ,Phu Tho,VNAP25-CF2545D450,VNAP25-FB38AC905D,Thục Luyện,Thuc Luyen
VN-44,Phú Thọ,Phu Tho,VNAP25-2692D90E65,VNAP25-FB38AC905D,Thượng Cửu,Thuong Cuu
VN-44,Phú Thọ,Phu Tho,VNAP25-73C2DD4B96,VNAP25-FB38AC905D,Tinh Nhuệ,Tinh Nhue
VN-44,Phú Thọ,Phu Tho,VNAP25-61C926E15D,VNAP25-FB38AC905D,Văn Miếu,Van Mieu
VN-44,Phú Thọ,Phu Tho,VNAP25-4BCDEEEC30,VNAP25-FB38AC905D,Võ Miếu,Vo Mieu
VN-44,Phú Thọ,Phu Tho,VNAP25-F0256E39E6,VNAP25-FB38AC905D,Yên Lãng,Yen Lang
VN-44,Phú Thọ,Phu Tho,VNAP25-5C4E72B59F,VNAP25-FB38AC905D,Yên Lương,Yen Luong
VN-44,Phú Thọ,Phu Tho,VNAP25-23528BE6DB,VNAP25-FB38AC905D,Yên Sơn,Yen Son
VN-44,Phú Thọ,Phu Tho,VNAP25-1CB3DA3C78,,Thanh Thủy,Thanh Thuy
VN-44,Phú Thọ,Phu Tho,VNAP25-0F2920B5E3,VNAP25-1CB3DA3C78,Bảo Yên,Bao Yen
VN-44,Phú Thọ,Phu Tho,VNAP25-B9C7E75753,VNAP25-1CB3DA3C78,Đào Xá,Dao Xa
VN-44,Phú Thọ,Phu Tho,VNAP25-FA890B4C1B,VNAP25-1CB3DA3C78,Đoan Hạ,Doan Ha
VN-44,Phú Thọ,Phu Tho,VNAP25-4D30BB3BC9,VNAP25-1CB3DA3C78,Đồng Trung,Dong Trung
VN-44,Phú Thọ,Phu Tho,VNAP25-A6B8DCBB20,VNAP25-1CB3DA3C78,Hoàng Xá,Hoang Xa
VN-44,Phú Thọ,Phu Tho,VNAP25-87C2AE6978,VNAP25-1CB3DA3C78,Sơn Thủy,Son Thuy
VN-44,Phú Thọ,Phu Tho,VNAP25-DFF7D274BD,VNAP25-1CB3DA3C78,Tân Phương,Tan Phuong
VN-44,Phú Thọ,Phu Tho,VNAP25-2DB4CB7A47,VNAP25-1CB3DA3C78,Thạch Đồng,Thach Dong
VN-44,Phú Thọ,Phu Tho,VNAP25-89FBB764E0,VNAP25-1CB3DA3C78,Thanh Thủy,Thanh Thuy
VN-44,Phú Thọ,Phu Tho,VNAP25-3D267BF7F2,VNAP25-1CB3DA3C78,Tu Vũ,Tu Vu
VN-44,Phú Thọ,Phu Tho,VNAP25-B628019D08,VNAP25-1CB3DA3C78,Xuân Lộc,Xuan Loc
VN-44,Phú Thọ,Phu Tho,VNAP25-4DC3E2FE2E,,Việt Trì,Viet Tri
VN-44,Phú Thọ,Phu Tho,VNAP25-7367677E23,VNAP25-4DC3E2FE2E,Bạch Hạc,Bach Hac
VN-44,Phú Thọ,Phu Tho,VNAP25-0A27A1E40F,VNAP25-4DC3E2FE2E,Chu Hóa,Chu Hoa
VN-44,Phú Thọ,Phu Tho,VNAP25-83BE94A7C0,VNAP25-4DC3E2FE2E,Dữu Lâu,Duu Lau
VN-44,Phú Thọ,Phu Tho,VNAP25-5F46276D0F,VNAP25-4DC3E2FE2E,Gia Cẩm,Gia Cam
VN-44,Phú Thọ,Phu Tho,VNAP25-6A61C87AAA,VNAP25-4DC3E2FE2E,Hùng Lô,Hung Lo
VN-44,Phú Thọ,Phu Tho,VNAP25-2D4051C197,VNAP25-4DC3E2FE2E,Hy Cương,Hy Cuong
VN-44,Phú Thọ,Phu Tho,VNAP25-7805276B96,VNAP25-4DC3E2FE2E,Kim Đức,Kim Duc
VN-44,Phú Thọ,Phu Tho,VNAP25-30B555B2BA,VNAP25-4DC3E2FE2E,Minh Nông,Minh Nong
VN-44,Phú Thọ,Phu Tho,VNAP25-F7945B6844,VNAP25-4DC3E2FE2E,Minh Phương,Minh Phuong
VN-44,Phú Thọ,Phu Tho,VNAP25-3F8EDD9A14,VNAP25-4DC3E2FE2E,Nông Trang,Nong Trang
VN-44,Phú Thọ,Phu Tho,VNAP25-F89A927F4C,VNAP25-4DC3E2FE2E,Phượng Lâu,Phuong Lau
VN-44,Phú Thọ,Phu Tho,VNAP25-2986CFA6E1,VNAP25-4DC3E2FE2E,Sông Lô,Song Lo
VN-44,Phú Thọ,Phu Tho,VNAP25-1059ADC981,VNAP25-4DC3E2FE2E,Tân Dân,Tan Dan
VN-44,Phú Thọ,Phu Tho,VNAP25-4E4E74D31F,VNAP25-4DC3E2FE2E,Thanh Đình,Thanh Dinh
VN-44,Phú Thọ,Phu Tho,VNAP25-1BDBD09702,VNAP25-4DC3E2FE2E,Thanh Miếu,Thanh Mieu
VN-44,Phú Thọ,Phu Tho,VNAP25-56ED921D07,VNAP25-4DC3E2FE2E,Thọ Sơn,Tho Son
VN-44,Phú Thọ,Phu Tho,VNAP25-46F3978C9E,VNAP25-4DC3E2FE2E,Thụy Vân,Thuy Van
VN-44,Phú Thọ,Phu Tho,VNAP25-DEAB3120F9,VNAP25-4DC3E2FE2E,Tiên Cát,Tien Cat
VN-44,Phú Thọ,Phu Tho,VNAP25-496A230E5C,VNAP25-4DC3E2FE2E,Trưng Vương,Trung Vuong
VN-44,Phú Thọ,Phu Tho,VNAP25-552BE3DCD0,VNAP25-4DC3E2FE2E,Vân Phú,Van Phu
VN-44,Phú Thọ,Phu Tho,VNAP25-E546111720,,Yên Lập,Yen Lap
VN-44,Phú Thọ,Phu Tho,VNAP25-63442621A0,VNAP25-E546111720,Đồng Lạc,Dong Lac
VN-44,Phú Thọ,Phu Tho,VNAP25-889363041C,VNAP25-E546111720,Đồng Thịnh,Dong Thinh
VN-44,Phú Thọ,Phu Tho,VNAP25-E679ECCAA0,VNAP25-E546111720,Hưng Long,Hung Long
VN-44,Phú Thọ,Phu Tho,VNAP25-61F61A5FC2,VNAP25-E546111720,Lương Sơn,Luong Son
VN-44,Phú Thọ,Phu Tho,VNAP25-A908D056B1,VNAP25-E546111720,Minh Hòa,Minh Hoa
VN-44,Phú Thọ,Phu Tho,VNAP25-E1A8D83429,VNAP25-E546111720,Mỹ Lung,My Lung
VN-44,Phú Thọ,Phu Tho,VNAP25-8A2774221D,VNAP25-E546111720,Mỹ Lương,My Luong
VN-44,Phú Thọ,Phu Tho,VNAP25-EE8430C65C,VNAP25-E546111720,Nga Hoàng,Nga Hoang
VN-44,Phú Thọ,Phu Tho,VNAP25-C34FC59B56,VNAP25-E546111720,Ngọc Đồng,Ngoc Dong
VN-44,Phú Thọ,Phu Tho,VNAP25-7243FA38D0,VNAP25-E546111720,Ngọc Lập,Ngoc Lap
VN-44,Phú Thọ,Phu Tho,VNAP25-73B944BA25,VNAP25-E546111720,Phúc Khánh,Phuc Khanh
VN-44,Phú Thọ,Phu Tho,VNAP25-CD9624F133,VNAP25-E546111720,Thượng Long,Thuong Long
VN-44,Phú Thọ,Phu Tho,VNAP25-EA56E0FAFB,VNAP25-E546111720,Trung Sơn,Trung Son
VN-44,Phú Thọ,Phu Tho,VNAP25-BD9B0DBFF8,VNAP25-E546111720,Xuân An,Xuan An
VN-44,Phú Thọ,Phu Tho,VNAP25-61967EADF7,VNAP25-E546111720,Xuân Thủy,Xuan Thuy
VN-44,Phú Thọ,Phu Tho,VNAP25-A5C838A30B,VNAP25-E546111720,Xuân Viên,Xuan Vien
VN-44,Phú Thọ,Phu Tho,VNAP25-01AA49E664,VNAP25-E546111720,Yên Lập,Yen Lap
VN-45,Phú Yên,Phu Yen,VNAP25-727B5967EE,,Đông Hòa,Dong Hoa
VN-45,Phú Yên,Phu Yen,VNAP25-A7F43CDAC3,VNAP25-727B5967EE,Hòa Hiệp Bắc,Hoa Hiep Bac
VN-45,Phú Yên,Phu Yen,VNAP25-6A49D28A9D,VNAP25-727B5967EE,Hòa Hiệp Nam,Hoa Hiep Nam
VN-45,Phú Yên,Phu Yen,VNAP25-06ABBE0976,VNAP25-727B5967EE,Hòa Hiệp Trung,Hoa Hiep Trung
VN-45,Phú Yên,Phu Yen,VNAP25-6ACD825437,VNAP25-727B5967EE,Hòa Tâm,Hoa Tam
VN-45,Phú Yên,Phu Yen,VNAP25-666B04C88F,VNAP25-727B5967EE,Hòa Tân Đông,Hoa Tan Dong
VN-45,Phú Yên,Phu Yen,VNAP25-EC56337764,VNAP25-727B5967EE,Hòa Thành,Hoa Thanh
VN-45,Phú Yên,Phu Yen,VNAP25-0FCC546DB8,VNAP25-727B5967EE,Hòa Vinh,Hoa Vinh
VN-45,Phú Yên,Phu Yen,VNAP25-7ED6E43441,VNAP25-727B5967EE,Hòa Xuân Đông,Hoa Xuan Dong
VN-45,Phú Yên,Phu Yen,VNAP25-622F55D1A0,VNAP25-727B5967EE,Hòa Xuân Nam,Hoa Xuan Nam
VN-45,Phú Yên,Phu Yen,VNAP25-AA6AF9BA33,VNAP25-727B5967EE,Hòa Xuân Tây,Hoa Xuan Tay
VN-45,Phú Yên,Phu Yen,VNAP25-937FCB1936,,Đồng Xuân,Dong Xuan
VN-45,Phú Yên,Phu Yen,VNAP25-F64E4732ED,VNAP25-937FCB1936,Đa Lộc,Da Loc
VN-45,Phú Yên,Phu Yen,VNAP25-36DBE80C43,VNAP25-937FCB1936,La Hai,La Hai
VN-45,Phú Yên,Phu Yen,VNAP25-54809FF21C,VNAP25-937FCB1936,Phú Mỡ,Phu Mo
VN-45,Phú Yên,Phu Yen,VNAP25-2EFC77C0C5,VNAP25-937FCB1936,Xuân Lãnh,Xuan Lanh
VN-45,Phú Yên,Phu Yen,VNAP25-D6301EF574,VNAP25-937FCB1936,Xuân Long,Xuan Long
VN-45,Phú Yên,Phu Yen,VNAP25-04FA2905E8,VNAP25-937FCB1936,Xuân Phước,Xuan Phuoc
VN-45,Phú Yên,Phu Yen,VNAP25-8D36889EED,VNAP25-937FCB1936,Xuân Quang 1,Xuan Quang 1
VN-45,Phú Yên,Phu Yen,VNAP25-A6A46FD395,VNAP25-937FCB1936,Xuân Quang 2,Xuan Quang 2
VN-45,Phú Yên,Phu Yen,VNAP25-A1D8EEF339,VNAP25-937FCB1936,Xuân Quang 3,Xuan Quang 3
VN-45,Phú Yên,Phu Yen,VNAP25-28F72145A3,VNAP25-937FCB1936,Xuân Sơn Bắc,Xuan Son Bac
VN-45,Phú Yên,Phu Yen,VNAP25-D3B1CE4BB5,VNAP25-937FCB1936,Xuân Sơn Nam,Xuan Son Nam
VN-45,Phú Yên,Phu Yen,VNAP25-81E7055974,,Phú Hòa,Phu Hoa
VN-45,Phú Yên,Phu Yen,VNAP25-8CBEB64F8F,VNAP25-81E7055974,Hòa An,Hoa An
VN-45,Phú Yên,Phu Yen,VNAP25-D2FE168289,VNAP25-81E7055974,Hòa Định Đông,Hoa Dinh Dong
VN-45,Phú Yên,Phu Yen,VNAP25-1240F9D32D,VNAP25-81E7055974,Hòa Định Tây,Hoa Dinh Tay
VN-45,Phú Yên,Phu Yen,VNAP25-EB4D9B59DC,VNAP25-81E7055974,Hòa Hội,Hoa Hoi
VN-45,Phú Yên,Phu Yen,VNAP25-358434036E,VNAP25-81E7055974,Hòa Quang Bắc,Hoa Quang Bac
VN-45,Phú Yên,Phu Yen,VNAP25-52FFDDD078,VNAP25-81E7055974,Hòa Quang Nam,Hoa Quang Nam
VN-45,Phú Yên,Phu Yen,VNAP25-621658F204,VNAP25-81E7055974,Hòa Thắng,Hoa Thang
VN-45,Phú Yên,Phu Yen,VNAP25-7A5CF56C9B,VNAP25-81E7055974,Hòa Trị,Hoa Tri
VN-45,Phú Yên,Phu Yen,VNAP25-5D99C6BB14,VNAP25-81E7055974,Phú Hòa,Phu Hoa
VN-45,Phú Yên,Phu Yen,VNAP25-87404273FA,,Sơn Hòa,Son Hoa
VN-45,Phú Yên,Phu Yen,VNAP25-3AAF2DE26D,VNAP25-87404273FA,Cà Lúi,Ca Lui
VN-45,Phú Yên,Phu Yen,VNAP25-735115D531,VNAP25-87404273FA,Củng Sơn,Cung Son
VN-45,Phú Yên,Phu Yen,VNAP25-316F504938,VNAP25-87404273FA,Eachà Rang,Eacha Rang
VN-45,Phú Yên,Phu Yen,VNAP25-289829A048,VNAP25-87404273FA,Krông Pa,Krong Pa
VN-45,Phú Yên,Phu Yen,VNAP25-FB71F22A63,VNAP25-87404273FA,Phước Tân,Phuoc Tan
VN-45,Phú Yên,Phu Yen,VNAP25-9F59DBF367,VNAP25-87404273FA,Sơn Định,Son Dinh
VN-45,Phú Yên,Phu Yen,VNAP25-655EAF70D2,VNAP25-87404273FA,Sơn Hà,Son Ha
VN-45,Phú Yên,Phu Yen,VNAP25-7BA4C406E6,VNAP25-87404273FA,Sơn Hội,Son Hoi
VN-45,Phú Yên,Phu Yen,VNAP25-B962F9F6C5,VNAP25-87404273FA,Sơn Long,Son Long
VN-45,Phú Yên,Phu Yen,VNAP25-4F9373248B,VNAP25-87404273FA,Sơn Nguyên,Son Nguyen
VN-45,Phú Yên,Phu Yen,VNAP25-12A30F6D3C,VNAP25-87404273FA,Sơn Phước,Son Phuoc
VN-45,Phú Yên,Phu Yen,VNAP25-50E1389ED3,VNAP25-87404273FA,Sơn Xuân,Son Xuan
VN-45,Phú Yên,Phu Yen,VNAP25-6DE32EE9D8,VNAP25-87404273FA,Suối Bạc,Suoi Bac
VN-45,Phú Yên,Phu Yen,VNAP25-A5697AD1CA,VNAP25-87404273FA,Suối Trai,Suoi Trai
VN-45,Phú Yên,Phu Yen,VNAP25-856CA4D4BB,,Sông Cầu,Song Cau
VN-45,Phú Yên,Phu Yen,VNAP25-C9B560A912,VNAP25-856CA4D4BB,Xuân Bình,Xuan Binh
VN-45,Phú Yên,Phu Yen,VNAP25-DB043ED232,VNAP25-856CA4D4BB,Xuân Cảnh,Xuan Canh
VN-45,Phú Yên,Phu Yen,VNAP25-06E3902A4B,VNAP25-856CA4D4BB,Xuân Đài,Xuan Dai
VN-45,Phú Yên,Phu Yen,VNAP25-14CA7C8534,VNAP25-856CA4D4BB,Xuân Hải,Xuan Hai
VN-45,Phú Yên,Phu Yen,VNAP25-75531D76D9,VNAP25-856CA4D4BB,Xuân Lâm,Xuan Lam
VN-45,Phú Yên,Phu Yen,VNAP25-8D04A918A0,VNAP25-856CA4D4BB,Xuân Lộc,Xuan Loc
VN-45,Phú Yên,Phu Yen,VNAP25-03FDF89BA9,VNAP25-856CA4D4BB,Xuân Phú,Xuan Phu
VN-45,Phú Yên,Phu Yen,VNAP25-D670D185B2,VNAP25-856CA4D4BB,Xuân Phương,Xuan Phuong
VN-45,Phú Yên,Phu Yen,VNAP25-709E7D940F,VNAP25-856CA4D4BB,Xuân Thành,Xuan Thanh
VN-45,Phú Yên,Phu Yen,VNAP25-BB0E4BDBDC,VNAP25-856CA4D4BB,Xuân Thịnh,Xuan Thinh
VN-45,Phú Yên,Phu Yen,VNAP25-46698C2EC3,VNAP25-856CA4D4BB,Xuân Thọ 1,Xuan Tho 1
VN-45,Phú Yên,Phu Yen,VNAP25-B24910382F,VNAP25-856CA4D4BB,Xuân Thọ 2,Xuan Tho 2
VN-45,Phú Yên,Phu Yen,VNAP25-6E20D10247,VNAP25-856CA4D4BB,Xuân Yên,Xuan Yen
VN-45,Phú Yên,Phu Yen,VNAP25-5F2D87A0DD,,Sông Hinh,Song Hinh
VN-45,Phú Yên,Phu Yen,VNAP25-1683864B5A,VNAP25-5F2D87A0DD,Đức Bình Đông,Duc Binh Dong
VN-45,Phú Yên,Phu Yen,VNAP25-C91D704F87,VNAP25-5F2D87A0DD,Đức Bình Tây,Duc Binh Tay
VN-45,Phú Yên,Phu Yen,VNAP25-2E128F42CA,VNAP25-5F2D87A0DD,Ea Bá,Ea Ba
VN-45,Phú Yên,Phu Yen,VNAP25-62720A5771,VNAP25-5F2D87A0DD,Ea Bar,Ea Bar
VN-45,Phú Yên,Phu Yen,VNAP25-DFFE7816DD,VNAP25-5F2D87A0DD,Ea Lâm,Ea Lam
VN-45,Phú Yên,Phu Yen,VNAP25-2061BA1B12,VNAP25-5F2D87A0DD,EaBia,EaBia
VN-45,Phú Yên,Phu Yen,VNAP25-37773FF3E6,VNAP25-5F2D87A0DD,Ealy,Ealy
VN-45,Phú Yên,Phu Yen,VNAP25-EAED6EA16B,VNAP25-5F2D87A0DD,EaTrol,EaTrol
VN-45,Phú Yên,Phu Yen,VNAP25-EA8C4861F4,VNAP25-5F2D87A0DD,Hai Riêng,Hai Rieng
VN-45,Phú Yên,Phu Yen,VNAP25-0F557E4EC2,VNAP25-5F2D87A0DD,Sơn Giang,Son Giang
VN-45,Phú Yên,Phu Yen,VNAP25-A6F0F75699,VNAP25-5F2D87A0DD,Sông Hinh,Song Hinh
VN-45,Phú Yên,Phu Yen,VNAP25-F51727BC8F,,Tây Hòa,Tay Hoa
VN-45,Phú Yên,Phu Yen,VNAP25-D5361EC491,VNAP25-F51727BC8F,Hòa Bình 1,Hoa Binh 1
VN-45,Phú Yên,Phu Yen,VNAP25-13A145DC77,VNAP25-F51727BC8F,Hòa Đồng,Hoa Dong
VN-45,Phú Yên,Phu Yen,VNAP25-28C647DED5,VNAP25-F51727BC8F,Hòa Mỹ Đông,Hoa My Dong
VN-45,Phú Yên,Phu Yen,VNAP25-14D17B003B,VNAP25-F51727BC8F,Hòa Mỹ Tây,Hoa My Tay
VN-45,Phú Yên,Phu Yen,VNAP25-FBBF745BC2,VNAP25-F51727BC8F,Hòa Phong,Hoa Phong
VN-45,Phú Yên,Phu Yen,VNAP25-9BDD398E66,VNAP25-F51727BC8F,Hòa Phú,Hoa Phu
VN-45,Phú Yên,Phu Yen,VNAP25-7C5EAABCB7,VNAP25-F51727BC8F,Hòa Tân Tây,Hoa Tan Tay
VN-45,Phú Yên,Phu Yen,VNAP25-BBF9F6FD58,VNAP25-F51727BC8F,Hòa Thịnh,Hoa Thinh
VN-45,Phú Yên,Phu Yen,VNAP25-48895DFEF4,VNAP25-F51727BC8F,Phú Thứ,Phu Thu
VN-45,Phú Yên,Phu Yen,VNAP25-A71677679B,VNAP25-F51727BC8F,Sơn Thành Đông,Son Thanh Dong
VN-45,Phú Yên,Phu Yen,VNAP25-CB1AFC5469,VNAP25-F51727BC8F,Sơn Thành Tây,Son Thanh Tay
VN-45,Phú Yên,Phu Yen,VNAP25-30AC8E9BD3,,Tuy An,Tuy An
VN-45,Phú Yên,Phu Yen,VNAP25-E77D0AAE64,VNAP25-30AC8E9BD3,An Chấn,An Chan
VN-45,Phú Yên,Phu Yen,VNAP25-B8FC447C48,VNAP25-30AC8E9BD3,An Cư,An Cu
VN-45,Phú Yên,Phu Yen,VNAP25-45B88CD24E,VNAP25-30AC8E9BD3,An Dân,An Dan
VN-45,Phú Yên,Phu Yen,VNAP25-312E4724EB,VNAP25-30AC8E9BD3,An Định,An Dinh
VN-45,Phú Yên,Phu Yen,VNAP25-66A8663D79,VNAP25-30AC8E9BD3,An Hiệp,An Hiep
VN-45,Phú Yên,Phu Yen,VNAP25-D14A7C8203,VNAP25-30AC8E9BD3,An Hòa Hải,An Hoa Hai
VN-45,Phú Yên,Phu Yen,VNAP25-28515052C6,VNAP25-30AC8E9BD3,An Lĩnh,An Linh
VN-45,Phú Yên,Phu Yen,VNAP25-CB3AF169D9,VNAP25-30AC8E9BD3,An Mỹ,An My
VN-45,Phú Yên,Phu Yen,VNAP25-D148F9CD51,VNAP25-30AC8E9BD3,An Nghiệp,An Nghiep
VN-45,Phú Yên,Phu Yen,VNAP25-32ABCDB54C,VNAP25-30AC8E9BD3,An Ninh Đông,An Ninh Dong
VN-45,Phú Yên,Phu Yen,VNAP25-94CFB72CC3,VNAP25-30AC8E9BD3,An Ninh Tây,An Ninh Tay
VN-45,Phú Yên,Phu Yen,VNAP25-1F849A835D,VNAP25-30AC8E9BD3,An Thạch,An Thach
VN-45,Phú Yên,Phu Yen,VNAP25-BAA46BCDFD,VNAP25-30AC8E9BD3,An Thọ,An Tho
VN-45,Phú Yên,Phu Yen,VNAP25-54C79445DF,VNAP25-30AC8E9BD3,An Xuân,An Xuan
VN-45,Phú Yên,Phu Yen,VNAP25-D64971211F,VNAP25-30AC8E9BD3,Chí Thạnh,Chi Thanh
VN-45,Phú Yên,Phu Yen,VNAP25-0FBED2C599,,Tuy Hòa,Tuy Hoa
VN-45,Phú Yên,Phu Yen,VNAP25-676D390BF5,VNAP25-0FBED2C599,1,1
VN-45,Phú Yên,Phu Yen,VNAP25-BE4C63304F,VNAP25-0FBED2C599,2,2
VN-45,Phú Yên,Phu Yen,VNAP25-EA70F01AA8,VNAP25-0FBED2C599,4,4
VN-45,Phú Yên,Phu Yen,VNAP25-B7914624AA,VNAP25-0FBED2C599,5,5
VN-45,Phú Yên,Phu Yen,VNAP25-EC15E7256C,VNAP25-0FBED2C599,7,7
VN-45,Phú Yên,Phu Yen,VNAP25-CD5979DE85,VNAP25-0FBED2C599,9,9
VN-45,Phú Yên,Phu Yen,VNAP25-79F0528B20,VNAP25-0FBED2C599,An Phú,An Phu
VN-45,Phú Yên,Phu Yen,VNAP25-814BE980BE,VNAP25-0FBED2C599,Bình Kiến,Binh Kien
VN-45,Phú Yên,Phu Yen,VNAP25-F22998F2EE,VNAP25-0FBED2C599,Hòa Kiến,Hoa Kien
VN-45,Phú Yên,Phu Yen,VNAP25-C5A983EBD5,VNAP25-0FBED2C599,Phú Đông,Phu Dong
VN-45,Phú Yên,Phu Yen,VNAP25-42246EBF9A,VNAP25-0FBED2C599,Phú Lâm,Phu Lam
VN-45,Phú Yên,Phu Yen,VNAP25-5EE6E7EAAB,VNAP25-0FBED2C599,Phú Thạnh,Phu Thanh
VN-46,Quảng Bình,Quang Binh,VNAP25-F612BD1E74,,Ba Đồn,Ba Don
VN-46,Quảng Bình,Quang Binh,VNAP25-3DE3594EE8,VNAP25-F612BD1E74,Ba Đồn,Ba Don
VN-46,Quảng Bình,Quang Binh,VNAP25-7E16204FBF,VNAP25-F612BD1E74,Quảng Hải,Quang Hai
VN-46,Quảng Bình,Quang Binh,VNAP25-7B1A9AEAE4,VNAP25-F612BD1E74,Quảng Hòa,Quang Hoa
VN-46,Quảng Bình,Quang Binh,VNAP25-EFC2A50B99,VNAP25-F612BD1E74,Quảng Lộc,Quang Loc
VN-46,Quảng Bình,Quang Binh,VNAP25-E20F12D8E7,VNAP25-F612BD1E74,Quảng Long,Quang Long
VN-46,Quảng Bình,Quang Binh,VNAP25-079D232C58,VNAP25-F612BD1E74,Quảng Minh,Quang Minh
VN-46,Quảng Bình,Quang Binh,VNAP25-E0BBF2574C,VNAP25-F612BD1E74,Quảng Phong,Quang Phong
VN-46,Quảng Bình,Quang Binh,VNAP25-70D8AC44CA,VNAP25-F612BD1E74,Quảng Phúc,Quang Phuc
VN-46,Quảng Bình,Quang Binh,VNAP25-5EFBDAC7DE,VNAP25-F612BD1E74,Quảng Sơn,Quang Son
VN-46,Quảng Bình,Quang Binh,VNAP25-1BE74FBF79,VNAP25-F612BD1E74,Quảng Tân,Quang Tan
VN-46,Quảng Bình,Quang Binh,VNAP25-A2DFD3483A,VNAP25-F612BD1E74,Quảng Thọ,Quang Tho
VN-46,Quảng Bình,Quang Binh,VNAP25-AF0FCBE2CD,VNAP25-F612BD1E74,Quảng Thuận,Quang Thuan
VN-46,Quảng Bình,Quang Binh,VNAP25-9910F2A258,VNAP25-F612BD1E74,Quảng Thủy,Quang Thuy
VN-46,Quảng Bình,Quang Binh,VNAP25-5BC9105453,VNAP25-F612BD1E74,Quảng Tiên,Quang Tien
VN-46,Quảng Bình,Quang Binh,VNAP25-2710A9B96B,VNAP25-F612BD1E74,Quảng Trung,Quang Trung
VN-46,Quảng Bình,Quang Binh,VNAP25-CEC1D9E347,VNAP25-F612BD1E74,Quảng Văn,Quang Van
VN-46,Quảng Bình,Quang Binh,VNAP25-40CF262347,,Bố Trạch,Bo Trach
VN-46,Quảng Bình,Quang Binh,VNAP25-6138504568,VNAP25-40CF262347,Bắc Trạch,Bac Trach
VN-46,Quảng Bình,Quang Binh,VNAP25-29F7DBF160,VNAP25-40CF262347,Cự Nẫm,Cu Nam
VN-46,Quảng Bình,Quang Binh,VNAP25-F95B7EB500,VNAP25-40CF262347,Đại Trạch,Dai Trach
VN-46,Quảng Bình,Quang Binh,VNAP25-AA08931129,VNAP25-40CF262347,Đồng Trạch,Dong Trach
VN-46,Quảng Bình,Quang Binh,VNAP25-48AAF0EE39,VNAP25-40CF262347,Đức Trạch,Duc Trach
VN-46,Quảng Bình,Quang Binh,VNAP25-0A1A3A79DA,VNAP25-40CF262347,Hạ Mỹ,Ha My
VN-46,Quảng Bình,Quang Binh,VNAP25-C33ADDB6EB,VNAP25-40CF262347,Hải Phú,Hai Phu
VN-46,Quảng Bình,Quang Binh,VNAP25-E1BE4559F0,VNAP25-40CF262347,Hòa Trạch,Hoa Trach
VN-46,Quảng Bình,Quang Binh,VNAP25-E1F95C0B85,VNAP25-40CF262347,Hoàn Lão,Hoan Lao
VN-46,Quảng Bình,Quang Binh,VNAP25-0822F70B81,VNAP25-40CF262347,Hưng Trạch,Hung Trach
VN-46,Quảng Bình,Quang Binh,VNAP25-DA39C17C2A,VNAP25-40CF262347,Lâm Trạch,Lam Trach
VN-46,Quảng Bình,Quang Binh,VNAP25-960F924AFA,VNAP25-40CF262347,Liên Trạch,Lien Trach
VN-46,Quảng Bình,Quang Binh,VNAP25-225F8F6CFA,VNAP25-40CF262347,Lý Nam,Ly Nam
VN-46,Quảng Bình,Quang Binh,VNAP25-0481F92D79,VNAP25-40CF262347,Nhân Trạch,Nhan Trach
VN-46,Quảng Bình,Quang Binh,VNAP25-D233068F0E,VNAP25-40CF262347,Nông Trường Việt Trung,Nong Truong Viet Trung
VN-46,Quảng Bình,Quang Binh,VNAP25-4DD670F594,VNAP25-40CF262347,Phong Nha,Phong Nha
VN-46,Quảng Bình,Quang Binh,VNAP25-C2D9136C32,VNAP25-40CF262347,Phú Định,Phu Dinh
VN-46,Quảng Bình,Quang Binh,VNAP25-B6516F3116,VNAP25-40CF262347,Phúc Trạch,Phuc Trach
VN-46,Quảng Bình,Quang Binh,VNAP25-2A456B0B4E,VNAP25-40CF262347,Sơn Lộc,Son Loc
VN-46,Quảng Bình,Quang Binh,VNAP25-F617AAE0C7,VNAP25-40CF262347,Tân Trạch,Tan Trach
VN-46,Quảng Bình,Quang Binh,VNAP25-958BA09FB3,VNAP25-40CF262347,Tây Trạch,Tay Trach
VN-46,Quảng Bình,Quang Binh,VNAP25-A45C2766D4,VNAP25-40CF262347,Thanh Trạch,Thanh Trach
VN-46,Quảng Bình,Quang Binh,VNAP25-563F2802E8,VNAP25-40CF262347,Thượng Trạch,Thuong Trach
VN-46,Quảng Bình,Quang Binh,VNAP25-00CFC31F3E,VNAP25-40CF262347,Trung Trạch,Trung Trach
VN-46,Quảng Bình,Quang Binh,VNAP25-A671D2B38F,VNAP25-40CF262347,Vạn Trạch,Van Trach
VN-46,Quảng Bình,Quang Binh,VNAP25-008D593ED7,VNAP25-40CF262347,Xuân Trạch,Xuan Trach
VN-46,Quảng Bình,Quang Binh,VNAP25-58251D59FC,,Đồng Hới,Dong Hoi
VN-46,Quảng Bình,Quang Binh,VNAP25-98522753CD,VNAP25-58251D59FC,Bắc Lý,Bac Ly
VN-46,Quảng Bình,Quang Binh,VNAP25-CA145DC630,VNAP25-58251D59FC,Bắc Nghĩa,Bac Nghia
VN-46,Quảng Bình,Quang Binh,VNAP25-D59D8C40B0,VNAP25-58251D59FC,Bảo Ninh,Bao Ninh
VN-46,Quảng Bình,Quang Binh,VNAP25-8306F1159A,VNAP25-58251D59FC,Đồng Hải,Dong Hai
VN-46,Quảng Bình,Quang Binh,VNAP25-84DFE5BD76,VNAP25-58251D59FC,Đồng Phú,Dong Phu
VN-46,Quảng Bình,Quang Binh,VNAP25-086B7CA74D,VNAP25-58251D59FC,Đồng Sơn,Dong Son
VN-46,Quảng Bình,Quang Binh,VNAP25-41D2F02E24,VNAP25-58251D59FC,Đức Ninh,Duc Ninh
VN-46,Quảng Bình,Quang Binh,VNAP25-A0B428A83C,VNAP25-58251D59FC,Đức Ninh Đông,Duc Ninh Dong
VN-46,Quảng Bình,Quang Binh,VNAP25-35F84926E6,VNAP25-58251D59FC,Hải Thành,Hai Thanh
VN-46,Quảng Bình,Quang Binh,VNAP25-BF7B1D810F,VNAP25-58251D59FC,Lộc Ninh,Loc Ninh
VN-46,Quảng Bình,Quang Binh,VNAP25-1CB4651D2C,VNAP25-58251D59FC,Nam Lý,Nam Ly
VN-46,Quảng Bình,Quang Binh,VNAP25-CFFFDD352D,VNAP25-58251D59FC,Nghĩa Ninh,Nghia Ninh
VN-46,Quảng Bình,Quang Binh,VNAP25-07856B89E8,VNAP25-58251D59FC,Phú Hải,Phu Hai
VN-46,Quảng Bình,Quang Binh,VNAP25-04F5E72349,VNAP25-58251D59FC,Quang Phú,Quang Phu
VN-46,Quảng Bình,Quang Binh,VNAP25-974951DC2E,VNAP25-58251D59FC,Thuận Đức,Thuan Duc
VN-46,Quảng Bình,Quang Binh,VNAP25-B867200A54,,Lệ Thủy,Le Thuy
VN-46,Quảng Bình,Quang Binh,VNAP25-1661703650,VNAP25-B867200A54,An Thủy,An Thuy
VN-46,Quảng Bình,Quang Binh,VNAP25-935B406CC5,VNAP25-B867200A54,Cam Thủy,Cam Thuy
VN-46,Quảng Bình,Quang Binh,VNAP25-19A7BD84E4,VNAP25-B867200A54,Dương Thủy,Duong Thuy
VN-46,Quảng Bình,Quang Binh,VNAP25-B445487659,VNAP25-B867200A54,Hoa Thủy,Hoa Thuy
VN-46,Quảng Bình,Quang Binh,VNAP25-9A9AD0735E,VNAP25-B867200A54,Hồng Thủy,Hong Thuy
VN-46,Quảng Bình,Quang Binh,VNAP25-DA035A086F,VNAP25-B867200A54,Hưng Thủy,Hung Thuy
VN-46,Quảng Bình,Quang Binh,VNAP25-0ABA524BEF,VNAP25-B867200A54,Kiến Giang,Kien Giang
VN-46,Quảng Bình,Quang Binh,VNAP25-FB0FD8D7D4,VNAP25-B867200A54,Kim Thủy,Kim Thuy
VN-46,Quảng Bình,Quang Binh,VNAP25-2F7FC54D7E,VNAP25-B867200A54,Lâm Thủy,Lam Thuy
VN-46,Quảng Bình,Quang Binh,VNAP25-1C2C587D82,VNAP25-B867200A54,Liên Thủy,Lien Thuy
VN-46,Quảng Bình,Quang Binh,VNAP25-20C2860B86,VNAP25-B867200A54,Lộc Thủy,Loc Thuy
VN-46,Quảng Bình,Quang Binh,VNAP25-788B96C8FB,VNAP25-B867200A54,Mai Thủy,Mai Thuy
VN-46,Quảng Bình,Quang Binh,VNAP25-066113DE3E,VNAP25-B867200A54,Mỹ Thủy,My Thuy
VN-46,Quảng Bình,Quang Binh,VNAP25-ABA9BF59D7,VNAP25-B867200A54,Ngân Thủy,Ngan Thuy
VN-46,Quảng Bình,Quang Binh,VNAP25-595D269FEE,VNAP25-B867200A54,Ngư Thủy,Ngu Thuy
VN-46,Quảng Bình,Quang Binh,VNAP25-5340FE6653,VNAP25-B867200A54,Ngư Thủy Bắc,Ngu Thuy Bac
VN-46,Quảng Bình,Quang Binh,VNAP25-F97BF7C643,VNAP25-B867200A54,Nông Trường Lệ Ninh,Nong Truong Le Ninh
VN-46,Quảng Bình,Quang Binh,VNAP25-EAE1568113,VNAP25-B867200A54,Phong Thủy,Phong Thuy
VN-46,Quảng Bình,Quang Binh,VNAP25-DA258A50A4,VNAP25-B867200A54,Phú Thủy,Phu Thuy
VN-46,Quảng Bình,Quang Binh,VNAP25-4510149A62,VNAP25-B867200A54,Sen Thủy,Sen Thuy
VN-46,Quảng Bình,Quang Binh,VNAP25-72E198A2A5,VNAP25-B867200A54,Sơn Thủy,Son Thuy
VN-46,Quảng Bình,Quang Binh,VNAP25-8CC2B76CE4,VNAP25-B867200A54,Tân Thủy,Tan Thuy
VN-46,Quảng Bình,Quang Binh,VNAP25-1185CC6282,VNAP25-B867200A54,Thái Thủy,Thai Thuy
VN-46,Quảng Bình,Quang Binh,VNAP25-FC1A10D86A,VNAP25-B867200A54,Thanh Thủy,Thanh Thuy
VN-46,Quảng Bình,Quang Binh,VNAP25-8D173706BF,VNAP25-B867200A54,Trường Thủy,Truong Thuy
VN-46,Quảng Bình,Quang Binh,VNAP25-01B6E9E92D,VNAP25-B867200A54,Xuân Thủy,Xuan Thuy
VN-46,Quảng Bình,Quang Binh,VNAP25-6BAB718E76,,Minh Hóa,Minh Hoa
VN-46,Quảng Bình,Quang Binh,VNAP25-84A8484EBC,VNAP25-6BAB718E76,Dân Hóa,Dan Hoa
VN-46,Quảng Bình,Quang Binh,VNAP25-0E828AEEEA,VNAP25-6BAB718E76,Hóa Hợp,Hoa Hop
VN-46,Quảng Bình,Quang Binh,VNAP25-56B214B469,VNAP25-6BAB718E76,Hóa Sơn,Hoa Son
VN-46,Quảng Bình,Quang Binh,VNAP25-AEC58CC324,VNAP25-6BAB718E76,Hồng Hóa,Hong Hoa
VN-46,Quảng Bình,Quang Binh,VNAP25-D15FAB18AA,VNAP25-6BAB718E76,Minh Hóa,Minh Hoa
VN-46,Quảng Bình,Quang Binh,VNAP25-9482CEB3B1,VNAP25-6BAB718E76,Quy Đạt,Quy Dat
VN-46,Quảng Bình,Quang Binh,VNAP25-519AD0336B,VNAP25-6BAB718E76,Tân Hóa,Tan Hoa
VN-46,Quảng Bình,Quang Binh,VNAP25-C1972F9D81,VNAP25-6BAB718E76,Tân Thành,Tan Thanh
VN-46,Quảng Bình,Quang Binh,VNAP25-9F39345A2E,VNAP25-6BAB718E76,Thượng Hóa,Thuong Hoa
VN-46,Quảng Bình,Quang Binh,VNAP25-69EB867A62,VNAP25-6BAB718E76,Trọng Hóa,Trong Hoa
VN-46,Quảng Bình,Quang Binh,VNAP25-A26D2B0CD3,VNAP25-6BAB718E76,Trung Hóa,Trung Hoa
VN-46,Quảng Bình,Quang Binh,VNAP25-7AFD685DC1,VNAP25-6BAB718E76,Xuân Hóa,Xuan Hoa
VN-46,Quảng Bình,Quang Binh,VNAP25-780713572B,VNAP25-6BAB718E76,Yên Hóa,Yen Hoa
VN-46,Quảng Bình,Quang Binh,VNAP25-9BC5EB8D03,,Quảng Ninh,Quang Ninh
VN-46,Quảng Bình,Quang Binh,VNAP25-3B1149F3BA,VNAP25-9BC5EB8D03,An Ninh,An Ninh
VN-46,Quảng Bình,Quang Binh,VNAP25-3D94937057,VNAP25-9BC5EB8D03,Duy Ninh,Duy Ninh
VN-46,Quảng Bình,Quang Binh,VNAP25-ED84B93FBF,VNAP25-9BC5EB8D03,Gia Ninh,Gia Ninh
VN-46,Quảng Bình,Quang Binh,VNAP25-A4633F6243,VNAP25-9BC5EB8D03,Hải Ninh,Hai Ninh
VN-46,Quảng Bình,Quang Binh,VNAP25-05A4C81E82,VNAP25-9BC5EB8D03,Hàm Ninh,Ham Ninh
VN-46,Quảng Bình,Quang Binh,VNAP25-CEBCEDFDC4,VNAP25-9BC5EB8D03,Hiền Ninh,Hien Ninh
VN-46,Quảng Bình,Quang Binh,VNAP25-1CEAC9085A,VNAP25-9BC5EB8D03,Quán Hàu,Quan Hau
VN-46,Quảng Bình,Quang Binh,VNAP25-09FFCF828F,VNAP25-9BC5EB8D03,Tân Ninh,Tan Ninh
VN-46,Quảng Bình,Quang Binh,VNAP25-41E330D5FB,VNAP25-9BC5EB8D03,Trường Sơn,Truong Son
VN-46,Quảng Bình,Quang Binh,VNAP25-6D0C739FC9,VNAP25-9BC5EB8D03,Trường Xuân,Truong Xuan
VN-46,Quảng Bình,Quang Binh,VNAP25-25097884C5,VNAP25-9BC5EB8D03,Vạn Ninh,Van Ninh
VN-46,Quảng Bình,Quang Binh,VNAP25-227824D82B,VNAP25-9BC5EB8D03,Vĩnh Ninh,Vinh Ninh
VN-46,Quảng Bình,Quang Binh,VNAP25-56C2C8D59E,VNAP25-9BC5EB8D03,Võ Ninh,Vo Ninh
VN-46,Quảng Bình,Quang Binh,VNAP25-016BE21E97,VNAP25-9BC5EB8D03,Xuân Ninh,Xuan Ninh
VN-46,Quảng Bình,Quang Binh,VNAP25-7A56266D5D,,Quảng Trạch,Quang Trach
VN-46,Quảng Bình,Quang Binh,VNAP25-F69A3B4AD7,VNAP25-7A56266D5D,Cảnh Dương,Canh Duong
VN-46,Quảng Bình,Quang Binh,VNAP25-7B81A6A07F,VNAP25-7A56266D5D,Liên Trường,Lien Truong
VN-46,Quảng Bình,Quang Binh,VNAP25-0CB8C56C22,VNAP25-7A56266D5D,Phù Cảnh,Phu Canh
VN-46,Quảng Bình,Quang Binh,VNAP25-3928856B04,VNAP25-7A56266D5D,Quảng Châu,Quang Chau
VN-46,Quảng Bình,Quang Binh,VNAP25-0AF3ACA7F1,VNAP25-7A56266D5D,Quảng Đông,Quang Dong
VN-46,Quảng Bình,Quang Binh,VNAP25-111BA2A725,VNAP25-7A56266D5D,Quảng Hợp,Quang Hop
VN-46,Quảng Bình,Quang Binh,VNAP25-9289FAFD8A,VNAP25-7A56266D5D,Quảng Hưng,Quang Hung
VN-46,Quảng Bình,Quang Binh,VNAP25-50B918F10E,VNAP25-7A56266D5D,Quảng Kim,Quang Kim
VN-46,Quảng Bình,Quang Binh,VNAP25-59BE18AD96,VNAP25-7A56266D5D,Quảng Lưu,Quang Luu
VN-46,Quảng Bình,Quang Binh,VNAP25-7640859597,VNAP25-7A56266D5D,Quảng Phú,Quang Phu
VN-46,Quảng Bình,Quang Binh,VNAP25-CEC362FAB0,VNAP25-7A56266D5D,Quảng Phương,Quang Phuong
VN-46,Quảng Bình,Quang Binh,VNAP25-8600A2AC9C,VNAP25-7A56266D5D,Quảng Thạch,Quang Thach
VN-46,Quảng Bình,Quang Binh,VNAP25-6C39D0CBA2,VNAP25-7A56266D5D,Quảng Thanh,Quang Thanh
VN-46,Quảng Bình,Quang Binh,VNAP25-2ED5EDB0FC,VNAP25-7A56266D5D,Quảng Tiến,Quang Tien
VN-46,Quảng Bình,Quang Binh,VNAP25-A8452D673D,VNAP25-7A56266D5D,Quảng Tùng,Quang Tung
VN-46,Quảng Bình,Quang Binh,VNAP25-4AA4401376,VNAP25-7A56266D5D,Quảng Xuân,Quang Xuan
VN-46,Quảng Bình,Quang Binh,VNAP25-28ECFD3B73,,Tuyên Hóa,Tuyen Hoa
VN-46,Quảng Bình,Quang Binh,VNAP25-FF80767828,VNAP25-28ECFD3B73,Cao Quảng,Cao Quang
VN-46,Quảng Bình,Quang Binh,VNAP25-1391E7D8C2,VNAP25-28ECFD3B73,Châu Hóa,Chau Hoa
VN-46,Quảng Bình,Quang Binh,VNAP25-72BD0CA206,VNAP25-28ECFD3B73,Đồng Hóa,Dong Hoa
VN-46,Quảng Bình,Quang Binh,VNAP25-EDC4A4592D,VNAP25-28ECFD3B73,Đồng Lê,Dong Le
VN-46,Quảng Bình,Quang Binh,VNAP25-070F1B0696,VNAP25-28ECFD3B73,Đức Hóa,Duc Hoa
VN-46,Quảng Bình,Quang Binh,VNAP25-E57BC2F99C,VNAP25-28ECFD3B73,Hương Hóa,Huong Hoa
VN-46,Quảng Bình,Quang Binh,VNAP25-72199AC20C,VNAP25-28ECFD3B73,Kim Hóa,Kim Hoa
VN-46,Quảng Bình,Quang Binh,VNAP25-5F6BDE2469,VNAP25-28ECFD3B73,Lâm Hóa,Lam Hoa
VN-46,Quảng Bình,Quang Binh,VNAP25-8C1CF4B78C,VNAP25-28ECFD3B73,Lê Hóa,Le Hoa
VN-46,Quảng Bình,Quang Binh,VNAP25-E198444C8A,VNAP25-28ECFD3B73,Mai Hóa,Mai Hoa
VN-46,Quảng Bình,Quang Binh,VNAP25-EF0CEBAAA8,VNAP25-28ECFD3B73,Ngư Hóa,Ngu Hoa
VN-46,Quảng Bình,Quang Binh,VNAP25-6867EAC672,VNAP25-28ECFD3B73,Phong Hóa,Phong Hoa
VN-46,Quảng Bình,Quang Binh,VNAP25-958A03030C,VNAP25-28ECFD3B73,Sơn Hóa,Son Hoa
VN-46,Quảng Bình,Quang Binh,VNAP25-4EEDC90414,VNAP25-28ECFD3B73,Thạch Hóa,Thach Hoa
VN-46,Quảng Bình,Quang Binh,VNAP25-30674FA4BE,VNAP25-28ECFD3B73,Thanh Hóa,Thanh Hoa
VN-46,Quảng Bình,Quang Binh,VNAP25-84E998D483,VNAP25-28ECFD3B73,Thanh Thạch,Thanh Thach
VN-46,Quảng Bình,Quang Binh,VNAP25-9CEB4B0C1E,VNAP25-28ECFD3B73,Thuận Hóa,Thuan Hoa
VN-46,Quảng Bình,Quang Binh,VNAP25-300F35086B,VNAP25-28ECFD3B73,Tiến Hóa,Tien Hoa
VN-46,Quảng Bình,Quang Binh,VNAP25-8C48313705,VNAP25-28ECFD3B73,Văn Hóa,Van Hoa
VN-47,Quảng Nam,Quang Nam,VNAP25-8160E0FFAC,,Bắc Trà My,Bac Tra My
VN-47,Quảng Nam,Quang Nam,VNAP25-E8A2F7EE50,VNAP25-8160E0FFAC,Trà Bui,Tra Bui
VN-47,Quảng Nam,Quang Nam,VNAP25-1BB06480EE,VNAP25-8160E0FFAC,Trà Đốc,Tra Doc
VN-47,Quảng Nam,Quang Nam,VNAP25-0588101FB1,VNAP25-8160E0FFAC,Trà Đông,Tra Dong
VN-47,Quảng Nam,Quang Nam,VNAP25-D4812B98AB,VNAP25-8160E0FFAC,Trà Dương,Tra Duong
VN-47,Quảng Nam,Quang Nam,VNAP25-869B5CFFFD,VNAP25-8160E0FFAC,Trà Giác,Tra Giac
VN-47,Quảng Nam,Quang Nam,VNAP25-42674938D2,VNAP25-8160E0FFAC,Trà Giang,Tra Giang
VN-47,Quảng Nam,Quang Nam,VNAP25-29E86289F5,VNAP25-8160E0FFAC,Trà Giáp,Tra Giap
VN-47,Quảng Nam,Quang Nam,VNAP25-5F24B6D49D,VNAP25-8160E0FFAC,Trà Ka,Tra Ka
VN-47,Quảng Nam,Quang Nam,VNAP25-5B0A5228DC,VNAP25-8160E0FFAC,Trà Kót,Tra Kot
VN-47,Quảng Nam,Quang Nam,VNAP25-369287AF79,VNAP25-8160E0FFAC,Trà My,Tra My
VN-47,Quảng Nam,Quang Nam,VNAP25-DE924BFCCE,VNAP25-8160E0FFAC,Trà Nú,Tra Nu
VN-47,Quảng Nam,Quang Nam,VNAP25-4B2DFCDEBD,VNAP25-8160E0FFAC,Trà Sơn,Tra Son
VN-47,Quảng Nam,Quang Nam,VNAP25-FB99CEB5FC,VNAP25-8160E0FFAC,Trà Tân,Tra Tan
VN-47,Quảng Nam,Quang Nam,VNAP25-E183DF3E99,,Đại Lộc,Dai Loc
VN-47,Quảng Nam,Quang Nam,VNAP25-2F76225C89,VNAP25-E183DF3E99,Ái Nghĩa,Ai Nghia
VN-47,Quảng Nam,Quang Nam,VNAP25-7419F9C846,VNAP25-E183DF3E99,Đại An,Dai An
VN-47,Quảng Nam,Quang Nam,VNAP25-A557497276,VNAP25-E183DF3E99,Đại Chánh,Dai Chanh
VN-47,Quảng Nam,Quang Nam,VNAP25-D9C744B54E,VNAP25-E183DF3E99,Đại Cường,Dai Cuong
VN-47,Quảng Nam,Quang Nam,VNAP25-7AFC83689A,VNAP25-E183DF3E99,Đại Đồng,Dai Dong
VN-47,Quảng Nam,Quang Nam,VNAP25-65AEFF7171,VNAP25-E183DF3E99,Đại Hiệp,Dai Hiep
VN-47,Quảng Nam,Quang Nam,VNAP25-7DA0E654B3,VNAP25-E183DF3E99,Đại Hòa,Dai Hoa
VN-47,Quảng Nam,Quang Nam,VNAP25-E6BEF8C3B4,VNAP25-E183DF3E99,Đại Hồng,Dai Hong
VN-47,Quảng Nam,Quang Nam,VNAP25-2BCDF9E2E3,VNAP25-E183DF3E99,Đại Hưng,Dai Hung
VN-47,Quảng Nam,Quang Nam,VNAP25-D9AF2B1017,VNAP25-E183DF3E99,Đại Lãnh,Dai Lanh
VN-47,Quảng Nam,Quang Nam,VNAP25-A0F1AFB6AA,VNAP25-E183DF3E99,Đại Minh,Dai Minh
VN-47,Quảng Nam,Quang Nam,VNAP25-2F02FEA0FC,VNAP25-E183DF3E99,Đại Nghĩa,Dai Nghia
VN-47,Quảng Nam,Quang Nam,VNAP25-5E471AE51D,VNAP25-E183DF3E99,Đại Phong,Dai Phong
VN-47,Quảng Nam,Quang Nam,VNAP25-C1E114E305,VNAP25-E183DF3E99,Đại Quang,Dai Quang
VN-47,Quảng Nam,Quang Nam,VNAP25-9450F0B25D,VNAP25-E183DF3E99,Đại Sơn,Dai Son
VN-47,Quảng Nam,Quang Nam,VNAP25-67DE78583D,VNAP25-E183DF3E99,Đại Tân,Dai Tan
VN-47,Quảng Nam,Quang Nam,VNAP25-8FB191B06E,VNAP25-E183DF3E99,Đại Thắng,Dai Thang
VN-47,Quảng Nam,Quang Nam,VNAP25-C7C0909EEC,VNAP25-E183DF3E99,Đại Thạnh,Dai Thanh
VN-47,Quảng Nam,Quang Nam,VNAP25-E0351838CD,,Điện Bàn,Dien Ban
VN-47,Quảng Nam,Quang Nam,VNAP25-A063E57881,VNAP25-E0351838CD,Điện An,Dien An
VN-47,Quảng Nam,Quang Nam,VNAP25-4EB5E7D64F,VNAP25-E0351838CD,Điện Dương,Dien Duong
VN-47,Quảng Nam,Quang Nam,VNAP25-D8DAB95D2E,VNAP25-E0351838CD,Điện Hòa,Dien Hoa
VN-47,Quảng Nam,Quang Nam,VNAP25-A734ECC39B,VNAP25-E0351838CD,Điện Hồng,Dien Hong
VN-47,Quảng Nam,Quang Nam,VNAP25-4214C26860,VNAP25-E0351838CD,Điện Minh,Dien Minh
VN-47,Quảng Nam,Quang Nam,VNAP25-8E24036740,VNAP25-E0351838CD,Điện Nam Bắc,Dien Nam Bac
VN-47,Quảng Nam,Quang Nam,VNAP25-238F291F32,VNAP25-E0351838CD,Điện Nam Đông,Dien Nam Dong
VN-47,Quảng Nam,Quang Nam,VNAP25-3E79CBEB29,VNAP25-E0351838CD,Điện Nam Trung,Dien Nam Trung
VN-47,Quảng Nam,Quang Nam,VNAP25-EEC5D0B4FE,VNAP25-E0351838CD,Điện Ngọc,Dien Ngoc
VN-47,Quảng Nam,Quang Nam,VNAP25-3247E9F4AE,VNAP25-E0351838CD,Điện Phong,Dien Phong
VN-47,Quảng Nam,Quang Nam,VNAP25-C5D44D99C7,VNAP25-E0351838CD,Điện Phước,Dien Phuoc
VN-47,Quảng Nam,Quang Nam,VNAP25-354774D6B8,VNAP25-E0351838CD,Điện Phương,Dien Phuong
VN-47,Quảng Nam,Quang Nam,VNAP25-83730448E2,VNAP25-E0351838CD,Điện Quang,Dien Quang
VN-47,Quảng Nam,Quang Nam,VNAP25-DA807A8138,VNAP25-E0351838CD,Điện Thắng Bắc,Dien Thang Bac
VN-47,Quảng Nam,Quang Nam,VNAP25-A6E5980789,VNAP25-E0351838CD,Điện Thắng Nam,Dien Thang Nam
VN-47,Quảng Nam,Quang Nam,VNAP25-E87F9A9BB2,VNAP25-E0351838CD,Điện Thắng Trung,Dien Thang Trung
VN-47,Quảng Nam,Quang Nam,VNAP25-341671448B,VNAP25-E0351838CD,Điện Thọ,Dien Tho
VN-47,Quảng Nam,Quang Nam,VNAP25-90DAF3DB46,VNAP25-E0351838CD,Điện Tiến,Dien Tien
VN-47,Quảng Nam,Quang Nam,VNAP25-CE499E81B0,VNAP25-E0351838CD,Điện Trung,Dien Trung
VN-47,Quảng Nam,Quang Nam,VNAP25-B3FEB526B5,VNAP25-E0351838CD,Vĩnh Điện,Vinh Dien
VN-47,Quảng Nam,Quang Nam,VNAP25-016E6332CA,,Đông Giang,Dong Giang
VN-47,Quảng Nam,Quang Nam,VNAP25-1D91B31721,VNAP25-016E6332CA,A Rooi,A Rooi
VN-47,Quảng Nam,Quang Nam,VNAP25-7ABF564086,VNAP25-016E6332CA,A Ting,A Ting
VN-47,Quảng Nam,Quang Nam,VNAP25-C82AC7DC29,VNAP25-016E6332CA,Ba,Ba
VN-47,Quảng Nam,Quang Nam,VNAP25-AECCD43219,VNAP25-016E6332CA,Jơ Ngây,Jo Ngay
VN-47,Quảng Nam,Quang Nam,VNAP25-3D8C56F5CF,VNAP25-016E6332CA,Ka Dăng,Ka Dang
VN-47,Quảng Nam,Quang Nam,VNAP25-EE1565B6BD,VNAP25-016E6332CA,Mà Cooi,Ma Cooi
VN-47,Quảng Nam,Quang Nam,VNAP25-A489F053F0,VNAP25-016E6332CA,P Rao,P Rao
VN-47,Quảng Nam,Quang Nam,VNAP25-229AB4DCEA,VNAP25-016E6332CA,Sông Kôn,Song Kon
VN-47,Quảng Nam,Quang Nam,VNAP25-B61ED3CBAA,VNAP25-016E6332CA,Tà Lu,Ta Lu
VN-47,Quảng Nam,Quang Nam,VNAP25-7D2E8ED595,VNAP25-016E6332CA,Tư,Tu
VN-47,Quảng Nam,Quang Nam,VNAP25-6F882DCDBB,VNAP25-016E6332CA,Za Hung,Za Hung
VN-47,Quảng Nam,Quang Nam,VNAP25-B683D1D7C1,,Duy Xuyên,Duy Xuyen
VN-47,Quảng Nam,Quang Nam,VNAP25-26B3490FEB,VNAP25-B683D1D7C1,Duy Châu,Duy Chau
VN-47,Quảng Nam,Quang Nam,VNAP25-FDA75A0A74,VNAP25-B683D1D7C1,Duy Hải,Duy Hai
VN-47,Quảng Nam,Quang Nam,VNAP25-52C2890E86,VNAP25-B683D1D7C1,Duy Hòa,Duy Hoa
VN-47,Quảng Nam,Quang Nam,VNAP25-8B996CF927,VNAP25-B683D1D7C1,Duy Nghĩa,Duy Nghia
VN-47,Quảng Nam,Quang Nam,VNAP25-631C3E36AE,VNAP25-B683D1D7C1,Duy Phú,Duy Phu
VN-47,Quảng Nam,Quang Nam,VNAP25-AF6514DC22,VNAP25-B683D1D7C1,Duy Phước,Duy Phuoc
VN-47,Quảng Nam,Quang Nam,VNAP25-35DF6AECF7,VNAP25-B683D1D7C1,Duy Sơn,Duy Son
VN-47,Quảng Nam,Quang Nam,VNAP25-68A116E78E,VNAP25-B683D1D7C1,Duy Tân,Duy Tan
VN-47,Quảng Nam,Quang Nam,VNAP25-46546AD538,VNAP25-B683D1D7C1,Duy Thành,Duy Thanh
VN-47,Quảng Nam,Quang Nam,VNAP25-2A5CCD3C96,VNAP25-B683D1D7C1,Duy Trinh,Duy Trinh
VN-47,Quảng Nam,Quang Nam,VNAP25-20AE731294,VNAP25-B683D1D7C1,Duy Trung,Duy Trung
VN-47,Quảng Nam,Quang Nam,VNAP25-D75FD788A8,VNAP25-B683D1D7C1,Duy Vinh,Duy Vinh
VN-47,Quảng Nam,Quang Nam,VNAP25-C29D230A66,VNAP25-B683D1D7C1,Nam Phước,Nam Phuoc
VN-47,Quảng Nam,Quang Nam,VNAP25-CE9CE37FD6,,Hiệp Đức,Hiep Duc
VN-47,Quảng Nam,Quang Nam,VNAP25-19FD4EF38A,VNAP25-CE9CE37FD6,Bình Lâm,Binh Lam
VN-47,Quảng Nam,Quang Nam,VNAP25-65A4BA60EE,VNAP25-CE9CE37FD6,Bình Sơn,Binh Son
VN-47,Quảng Nam,Quang Nam,VNAP25-40AA20236F,VNAP25-CE9CE37FD6,Phước Gia,Phuoc Gia
VN-47,Quảng Nam,Quang Nam,VNAP25-07DCBAEA26,VNAP25-CE9CE37FD6,Phước Trà,Phuoc Tra
VN-47,Quảng Nam,Quang Nam,VNAP25-28F6DDFFFD,VNAP25-CE9CE37FD6,Quế Lưu,Que Luu
VN-47,Quảng Nam,Quang Nam,VNAP25-531E72846D,VNAP25-CE9CE37FD6,Quế Tân,Que Tan
VN-47,Quảng Nam,Quang Nam,VNAP25-51E6625881,VNAP25-CE9CE37FD6,Quế Thọ,Que Tho
VN-47,Quảng Nam,Quang Nam,VNAP25-01F0E936F3,VNAP25-CE9CE37FD6,Sông Trà,Song Tra
VN-47,Quảng Nam,Quang Nam,VNAP25-22E6FE2E53,VNAP25-CE9CE37FD6,Tân Bình,Tan Binh
VN-47,Quảng Nam,Quang Nam,VNAP25-6FB396EFF1,VNAP25-CE9CE37FD6,Thăng Phước,Thang Phuoc
VN-47,Quảng Nam,Quang Nam,VNAP25-6A5D939B0F,,Hội An,Hoi An
VN-47,Quảng Nam,Quang Nam,VNAP25-04E6532305,VNAP25-6A5D939B0F,Cẩm An,Cam An
VN-47,Quảng Nam,Quang Nam,VNAP25-651CACA723,VNAP25-6A5D939B0F,Cẩm Châu,Cam Chau
VN-47,Quảng Nam,Quang Nam,VNAP25-54819B8186,VNAP25-6A5D939B0F,Cẩm Hà,Cam Ha
VN-47,Quảng Nam,Quang Nam,VNAP25-D8AC3B0E6C,VNAP25-6A5D939B0F,Cẩm Kim,Cam Kim
VN-47,Quảng Nam,Quang Nam,VNAP25-0909EFA2BC,VNAP25-6A5D939B0F,Cẩm Nam,Cam Nam
VN-47,Quảng Nam,Quang Nam,VNAP25-5767CC3EBD,VNAP25-6A5D939B0F,Cẩm Phô,Cam Pho
VN-47,Quảng Nam,Quang Nam,VNAP25-809EE75F28,VNAP25-6A5D939B0F,Cẩm Thanh,Cam Thanh
VN-47,Quảng Nam,Quang Nam,VNAP25-51DFE05A5D,VNAP25-6A5D939B0F,Cửa Đại,Cua Dai
VN-47,Quảng Nam,Quang Nam,VNAP25-DCFD386B6C,VNAP25-6A5D939B0F,Minh An,Minh An
VN-47,Quảng Nam,Quang Nam,VNAP25-E37C1EA514,VNAP25-6A5D939B0F,Sơn Phong,Son Phong
VN-47,Quảng Nam,Quang Nam,VNAP25-E2F548489B,VNAP25-6A5D939B0F,Tân An,Tan An
VN-47,Quảng Nam,Quang Nam,VNAP25-D83A86766F,VNAP25-6A5D939B0F,Tân Hiệp,Tan Hiep
VN-47,Quảng Nam,Quang Nam,VNAP25-1248642619,VNAP25-6A5D939B0F,Thanh Hà,Thanh Ha
VN-47,Quảng Nam,Quang Nam,VNAP25-06C0DC2F26,,Nam Giang,Nam Giang
VN-47,Quảng Nam,Quang Nam,VNAP25-A29A928DD1,VNAP25-06C0DC2F26,Cà Dy,Ca Dy
VN-47,Quảng Nam,Quang Nam,VNAP25-42C74D44CE,VNAP25-06C0DC2F26,Chà Vàl,Cha Val
VN-47,Quảng Nam,Quang Nam,VNAP25-E7C42F2EBF,VNAP25-06C0DC2F26,Chơ Chun,Cho Chun
VN-47,Quảng Nam,Quang Nam,VNAP25-AE3A5EDEFE,VNAP25-06C0DC2F26,Đắc Pre,Dac Pre
VN-47,Quảng Nam,Quang Nam,VNAP25-177DB3F08D,VNAP25-06C0DC2F26,Đắc Pring,Dac Pring
VN-47,Quảng Nam,Quang Nam,VNAP25-8F667F9567,VNAP25-06C0DC2F26,Đắc Tôi,Dac Toi
VN-47,Quảng Nam,Quang Nam,VNAP25-57F9186DD8,VNAP25-06C0DC2F26,La Dêê,La Dee
VN-47,Quảng Nam,Quang Nam,VNAP25-CAF97D753E,VNAP25-06C0DC2F26,Laêê,Laee
VN-47,Quảng Nam,Quang Nam,VNAP25-B3D721D5A7,VNAP25-06C0DC2F26,Tà Bhinh,Ta Bhinh
VN-47,Quảng Nam,Quang Nam,VNAP25-A77A5D04CA,VNAP25-06C0DC2F26,Tà Pơơ,Ta Poo
VN-47,Quảng Nam,Quang Nam,VNAP25-AF205B514A,VNAP25-06C0DC2F26,Thạnh Mỹ,Thanh My
VN-47,Quảng Nam,Quang Nam,VNAP25-CF1C493A7C,VNAP25-06C0DC2F26,Zuôich,Zuoich
VN-47,Quảng Nam,Quang Nam,VNAP25-F2970300CE,,Nam Trà My,Nam Tra My
VN-47,Quảng Nam,Quang Nam,VNAP25-AE0DE71CDB,VNAP25-F2970300CE,Trà Cang,Tra Cang
VN-47,Quảng Nam,Quang Nam,VNAP25-DDBE9FBE43,VNAP25-F2970300CE,Trà Don,Tra Don
VN-47,Quảng Nam,Quang Nam,VNAP25-C65EF4BDE3,VNAP25-F2970300CE,Trà Dơn,Tra Don
VN-47,Quảng Nam,Quang Nam,VNAP25-9A44309448,VNAP25-F2970300CE,Trà Leng,Tra Leng
VN-47,Quảng Nam,Quang Nam,VNAP25-06889A796B,VNAP25-F2970300CE,Trà Linh,Tra Linh
VN-47,Quảng Nam,Quang Nam,VNAP25-99EC3C9C4D,VNAP25-F2970300CE,Trà Mai,Tra Mai
VN-47,Quảng Nam,Quang Nam,VNAP25-3E740E4B96,VNAP25-F2970300CE,Trà Nam,Tra Nam
VN-47,Quảng Nam,Quang Nam,VNAP25-FC2DA8ABAD,VNAP25-F2970300CE,Trà Tập,Tra Tap
VN-47,Quảng Nam,Quang Nam,VNAP25-5E83E586B9,VNAP25-F2970300CE,Trà Vân,Tra Van
VN-47,Quảng Nam,Quang Nam,VNAP25-F154A71E7D,VNAP25-F2970300CE,Trà Vinh,Tra Vinh
VN-47,Quảng Nam,Quang Nam,VNAP25-32FE6BA60D,,Núi Thành,Nui Thanh
VN-47,Quảng Nam,Quang Nam,VNAP25-03471C7A17,VNAP25-32FE6BA60D,Núi Thành,Nui Thanh
VN-47,Quảng Nam,Quang Nam,VNAP25-9242294E58,VNAP25-32FE6BA60D,Tam Anh Bắc,Tam Anh Bac
VN-47,Quảng Nam,Quang Nam,VNAP25-C682235783,VNAP25-32FE6BA60D,Tam Anh Nam,Tam Anh Nam
VN-47,Quảng Nam,Quang Nam,VNAP25-5FDEBE4C36,VNAP25-32FE6BA60D,Tam Giang,Tam Giang
VN-47,Quảng Nam,Quang Nam,VNAP25-043E21A895,VNAP25-32FE6BA60D,Tam Hải,Tam Hai
VN-47,Quảng Nam,Quang Nam,VNAP25-0603BEAB58,VNAP25-32FE6BA60D,Tam Hiệp,Tam Hiep
VN-47,Quảng Nam,Quang Nam,VNAP25-4A4F8B8902,VNAP25-32FE6BA60D,Tam Hòa,Tam Hoa
VN-47,Quảng Nam,Quang Nam,VNAP25-A2FF7C725E,VNAP25-32FE6BA60D,Tam Mỹ Đông,Tam My Dong
VN-47,Quảng Nam,Quang Nam,VNAP25-609F3DA4DB,VNAP25-32FE6BA60D,Tam Mỹ Tây,Tam My Tay
VN-47,Quảng Nam,Quang Nam,VNAP25-15F9CAEC43,VNAP25-32FE6BA60D,Tam Nghĩa,Tam Nghia
VN-47,Quảng Nam,Quang Nam,VNAP25-5DF9ED9C9F,VNAP25-32FE6BA60D,Tam Quang,Tam Quang
VN-47,Quảng Nam,Quang Nam,VNAP25-7EB7CC1373,VNAP25-32FE6BA60D,Tam Sơn,Tam Son
VN-47,Quảng Nam,Quang Nam,VNAP25-2860B78412,VNAP25-32FE6BA60D,Tam Thạnh,Tam Thanh
VN-47,Quảng Nam,Quang Nam,VNAP25-FF93A3F9B1,VNAP25-32FE6BA60D,Tam Tiến,Tam Tien
VN-47,Quảng Nam,Quang Nam,VNAP25-446A4737F9,VNAP25-32FE6BA60D,Tam Trà,Tam Tra
VN-47,Quảng Nam,Quang Nam,VNAP25-B6FDF89AB1,VNAP25-32FE6BA60D,Tam Xuân 1,Tam Xuan 1
VN-47,Quảng Nam,Quang Nam,VNAP25-359D64AE10,VNAP25-32FE6BA60D,Tam Xuân 2,Tam Xuan 2
VN-47,Quảng Nam,Quang Nam,VNAP25-D97A690816,,Phú Ninh,Phu Ninh
VN-47,Quảng Nam,Quang Nam,VNAP25-B8DA13990F,VNAP25-D97A690816,Phú Thịnh,Phu Thinh
VN-47,Quảng Nam,Quang Nam,VNAP25-6F88982FE5,VNAP25-D97A690816,Tam An,Tam An
VN-47,Quảng Nam,Quang Nam,VNAP25-79E4B9A7EA,VNAP25-D97A690816,Tam Đại,Tam Dai
VN-47,Quảng Nam,Quang Nam,VNAP25-FC8FBFDD47,VNAP25-D97A690816,Tam Dân,Tam Dan
VN-47,Quảng Nam,Quang Nam,VNAP25-BD5838CBC7,VNAP25-D97A690816,Tam Đàn,Tam Dan
VN-47,Quảng Nam,Quang Nam,VNAP25-DD6BE016AE,VNAP25-D97A690816,Tam Lãnh,Tam Lanh
VN-47,Quảng Nam,Quang Nam,VNAP25-1CF568E737,VNAP25-D97A690816,Tam Lộc,Tam Loc
VN-47,Quảng Nam,Quang Nam,VNAP25-FD5E62B15D,VNAP25-D97A690816,Tam Phước,Tam Phuoc
VN-47,Quảng Nam,Quang Nam,VNAP25-33796D220D,VNAP25-D97A690816,Tam Thái,Tam Thai
VN-47,Quảng Nam,Quang Nam,VNAP25-39240E89A7,VNAP25-D97A690816,Tam Thành,Tam Thanh
VN-47,Quảng Nam,Quang Nam,VNAP25-AEC9AD53BE,,Phước Sơn,Phuoc Son
VN-47,Quảng Nam,Quang Nam,VNAP25-7F1208FB4E,VNAP25-AEC9AD53BE,Khâm Đức,Kham Duc
VN-47,Quảng Nam,Quang Nam,VNAP25-2AB3E1AFC3,VNAP25-AEC9AD53BE,Phước Chánh,Phuoc Chanh
VN-47,Quảng Nam,Quang Nam,VNAP25-06AE487731,VNAP25-AEC9AD53BE,Phước Công,Phuoc Cong
VN-47,Quảng Nam,Quang Nam,VNAP25-AABCC8252C,VNAP25-AEC9AD53BE,Phước Đức,Phuoc Duc
VN-47,Quảng Nam,Quang Nam,VNAP25-848C6D93C4,VNAP25-AEC9AD53BE,Phước Hiệp,Phuoc Hiep
VN-47,Quảng Nam,Quang Nam,VNAP25-0B323ABC23,VNAP25-AEC9AD53BE,Phước Hòa,Phuoc Hoa
VN-47,Quảng Nam,Quang Nam,VNAP25-37ECEBD23D,VNAP25-AEC9AD53BE,Phước Kim,Phuoc Kim
VN-47,Quảng Nam,Quang Nam,VNAP25-D99CD23878,VNAP25-AEC9AD53BE,Phước Lộc,Phuoc Loc
VN-47,Quảng Nam,Quang Nam,VNAP25-7DF9C44068,VNAP25-AEC9AD53BE,Phước Mỹ,Phuoc My
VN-47,Quảng Nam,Quang Nam,VNAP25-1E790A7B26,VNAP25-AEC9AD53BE,Phước Năng,Phuoc Nang
VN-47,Quảng Nam,Quang Nam,VNAP25-26FA5A0A02,VNAP25-AEC9AD53BE,Phước Thành,Phuoc Thanh
VN-47,Quảng Nam,Quang Nam,VNAP25-67E53CB814,VNAP25-AEC9AD53BE,Phước Xuân,Phuoc Xuan
VN-47,Quảng Nam,Quang Nam,VNAP25-10FED71038,,Quế Sơn,Que Son
VN-47,Quảng Nam,Quang Nam,VNAP25-B0F01C0ED8,VNAP25-10FED71038,Đông Phú,Dong Phu
VN-47,Quảng Nam,Quang Nam,VNAP25-C01F1C9DE5,VNAP25-10FED71038,Hương An,Huong An
VN-47,Quảng Nam,Quang Nam,VNAP25-28C193771F,VNAP25-10FED71038,Ninh Phước,Ninh Phuoc
VN-47,Quảng Nam,Quang Nam,VNAP25-FC2220BAFD,VNAP25-10FED71038,Phước Ninh,Phuoc Ninh
VN-47,Quảng Nam,Quang Nam,VNAP25-5AF1F0917E,VNAP25-10FED71038,Quế An,Que An
VN-47,Quảng Nam,Quang Nam,VNAP25-0EEB19AF69,VNAP25-10FED71038,Quế Châu,Que Chau
VN-47,Quảng Nam,Quang Nam,VNAP25-DDCAABA921,VNAP25-10FED71038,Quế Hiệp,Que Hiep
VN-47,Quảng Nam,Quang Nam,VNAP25-B487E741BD,VNAP25-10FED71038,Quế Lâm,Que Lam
VN-47,Quảng Nam,Quang Nam,VNAP25-165C302571,VNAP25-10FED71038,Quế Lộc,Que Loc
VN-47,Quảng Nam,Quang Nam,VNAP25-8EE8FFC369,VNAP25-10FED71038,Quế Long,Que Long
VN-47,Quảng Nam,Quang Nam,VNAP25-C0823C52BD,VNAP25-10FED71038,Quế Minh,Que Minh
VN-47,Quảng Nam,Quang Nam,VNAP25-B7ECF8A3A0,VNAP25-10FED71038,Quế Mỹ,Que My
VN-47,Quảng Nam,Quang Nam,VNAP25-9FEDBA47DA,VNAP25-10FED71038,Quế Phong,Que Phong
VN-47,Quảng Nam,Quang Nam,VNAP25-8197D1ADA6,VNAP25-10FED71038,Quế Phú,Que Phu
VN-47,Quảng Nam,Quang Nam,VNAP25-679DB2AA41,VNAP25-10FED71038,Quế Thuận,Que Thuan
VN-47,Quảng Nam,Quang Nam,VNAP25-4C29D59920,VNAP25-10FED71038,Quế Xuân 1,Que Xuan 1
VN-47,Quảng Nam,Quang Nam,VNAP25-D45F9D0BB1,VNAP25-10FED71038,Quế Xuân 2,Que Xuan 2
VN-47,Quảng Nam,Quang Nam,VNAP25-80651ED420,VNAP25-10FED71038,Trung Phước,Trung Phuoc
VN-47,Quảng Nam,Quang Nam,VNAP25-FDC4F9A89C,,Tam Kỳ,Tam Ky
VN-47,Quảng Nam,Quang Nam,VNAP25-91FB079BE6,VNAP25-FDC4F9A89C,An Mỹ,An My
VN-47,Quảng Nam,Quang Nam,VNAP25-3C442C18E4,VNAP25-FDC4F9A89C,An Phú,An Phu
VN-47,Quảng Nam,Quang Nam,VNAP25-8143F2E0F6,VNAP25-FDC4F9A89C,An Sơn,An Son
VN-47,Quảng Nam,Quang Nam,VNAP25-0724D7D024,VNAP25-FDC4F9A89C,An Xuân,An Xuan
VN-47,Quảng Nam,Quang Nam,VNAP25-36E8B5D30D,VNAP25-FDC4F9A89C,Hòa Hương,Hoa Huong
VN-47,Quảng Nam,Quang Nam,VNAP25-FBFA775D6E,VNAP25-FDC4F9A89C,Hòa Thuận,Hoa Thuan
VN-47,Quảng Nam,Quang Nam,VNAP25-91F03C9396,VNAP25-FDC4F9A89C,Tam Ngọc,Tam Ngoc
VN-47,Quảng Nam,Quang Nam,VNAP25-FD942DDF3A,VNAP25-FDC4F9A89C,Tam Phú,Tam Phu
VN-47,Quảng Nam,Quang Nam,VNAP25-7132EF5251,VNAP25-FDC4F9A89C,Tam Thăng,Tam Thang
VN-47,Quảng Nam,Quang Nam,VNAP25-F02174F2F7,VNAP25-FDC4F9A89C,Tam Thanh,Tam Thanh
VN-47,Quảng Nam,Quang Nam,VNAP25-F9FC3B14FD,VNAP25-FDC4F9A89C,Tân Thạnh,Tan Thanh
VN-47,Quảng Nam,Quang Nam,VNAP25-526A6F0F0C,VNAP25-FDC4F9A89C,Trường Xuân,Truong Xuan
VN-47,Quảng Nam,Quang Nam,VNAP25-4DBA935850,,Tây Giang,Tay Giang
VN-47,Quảng Nam,Quang Nam,VNAP25-79A96044B2,VNAP25-4DBA935850,A Nông,A Nong
VN-47,Quảng Nam,Quang Nam,VNAP25-3367090023,VNAP25-4DBA935850,A Tiêng,A Tieng
VN-47,Quảng Nam,Quang Nam,VNAP25-E2C3377DC8,VNAP25-4DBA935850,A Vương,A Vuong
VN-47,Quảng Nam,Quang Nam,VNAP25-AB78D5D6E3,VNAP25-4DBA935850,A Xan,A Xan
VN-47,Quảng Nam,Quang Nam,VNAP25-562A3496F7,VNAP25-4DBA935850,Bha Lê,Bha Le
VN-47,Quảng Nam,Quang Nam,VNAP25-9FC62FC781,VNAP25-4DBA935850,Ch'ơm,Ch'om
VN-47,Quảng Nam,Quang Nam,VNAP25-749655F74A,VNAP25-4DBA935850,Dang,Dang
VN-47,Quảng Nam,Quang Nam,VNAP25-DD0F2E5307,VNAP25-4DBA935850,Ga Ri,Ga Ri
VN-47,Quảng Nam,Quang Nam,VNAP25-4ECFE0204D,VNAP25-4DBA935850,Lăng,Lang
VN-47,Quảng Nam,Quang Nam,VNAP25-BD10B457B5,VNAP25-4DBA935850,Tr'Hy,Tr'Hy
VN-47,Quảng Nam,Quang Nam,VNAP25-58E78AD5EB,,Thăng Bình,Thang Binh
VN-47,Quảng Nam,Quang Nam,VNAP25-10ABF2AF37,VNAP25-58E78AD5EB,Bình An,Binh An
VN-47,Quảng Nam,Quang Nam,VNAP25-F3D6D9E144,VNAP25-58E78AD5EB,Bình Đào,Binh Dao
VN-47,Quảng Nam,Quang Nam,VNAP25-C1698DA138,VNAP25-58E78AD5EB,Bình Định,Binh Dinh
VN-47,Quảng Nam,Quang Nam,VNAP25-390868668B,VNAP25-58E78AD5EB,Bình Dương,Binh Duong
VN-47,Quảng Nam,Quang Nam,VNAP25-D6C9C0CA59,VNAP25-58E78AD5EB,Bình Giang,Binh Giang
VN-47,Quảng Nam,Quang Nam,VNAP25-6068E40B2C,VNAP25-58E78AD5EB,Bình Hải,Binh Hai
VN-47,Quảng Nam,Quang Nam,VNAP25-9375FCDDFC,VNAP25-58E78AD5EB,Bình Lãnh,Binh Lanh
VN-47,Quảng Nam,Quang Nam,VNAP25-B222DD8E7C,VNAP25-58E78AD5EB,Bình Minh,Binh Minh
VN-47,Quảng Nam,Quang Nam,VNAP25-D2AF741405,VNAP25-58E78AD5EB,Bình Nam,Binh Nam
VN-47,Quảng Nam,Quang Nam,VNAP25-95CEE8279D,VNAP25-58E78AD5EB,Bình Nguyên,Binh Nguyen
VN-47,Quảng Nam,Quang Nam,VNAP25-D9B1E7AFAE,VNAP25-58E78AD5EB,Bình Phú,Binh Phu
VN-47,Quảng Nam,Quang Nam,VNAP25-826DEAA5BC,VNAP25-58E78AD5EB,Bình Phục,Binh Phuc
VN-47,Quảng Nam,Quang Nam,VNAP25-26C25E1AB8,VNAP25-58E78AD5EB,Bình Quế,Binh Que
VN-47,Quảng Nam,Quang Nam,VNAP25-F9F174D57B,VNAP25-58E78AD5EB,Bình Quý,Binh Quy
VN-47,Quảng Nam,Quang Nam,VNAP25-BC88352FC4,VNAP25-58E78AD5EB,Bình Sa,Binh Sa
VN-47,Quảng Nam,Quang Nam,VNAP25-8F75BF43A9,VNAP25-58E78AD5EB,Bình Trị,Binh Tri
VN-47,Quảng Nam,Quang Nam,VNAP25-0D0BB08BEF,VNAP25-58E78AD5EB,Bình Triều,Binh Trieu
VN-47,Quảng Nam,Quang Nam,VNAP25-58701E1FF4,VNAP25-58E78AD5EB,Bình Trung,Binh Trung
VN-47,Quảng Nam,Quang Nam,VNAP25-98A3EF6A7F,VNAP25-58E78AD5EB,Bình Tú,Binh Tu
VN-47,Quảng Nam,Quang Nam,VNAP25-A8534C7075,VNAP25-58E78AD5EB,Hà Lam,Ha Lam
VN-47,Quảng Nam,Quang Nam,VNAP25-816F1BD697,,Tiên Phước,Tien Phuoc
VN-47,Quảng Nam,Quang Nam,VNAP25-0C463D00D7,VNAP25-816F1BD697,Tiên An,Tien An
VN-47,Quảng Nam,Quang Nam,VNAP25-7B0F99A698,VNAP25-816F1BD697,Tiên Cảnh,Tien Canh
VN-47,Quảng Nam,Quang Nam,VNAP25-7E307A70DB,VNAP25-816F1BD697,Tiên Châu,Tien Chau
VN-47,Quảng Nam,Quang Nam,VNAP25-956F1E423C,VNAP25-816F1BD697,Tiên Hà,Tien Ha
VN-47,Quảng Nam,Quang Nam,VNAP25-401873D4D3,VNAP25-816F1BD697,Tiên Hiệp,Tien Hiep
VN-47,Quảng Nam,Quang Nam,VNAP25-409C933000,VNAP25-816F1BD697,Tiên Kỳ,Tien Ky
VN-47,Quảng Nam,Quang Nam,VNAP25-26451353DD,VNAP25-816F1BD697,Tiên Lãnh,Tien Lanh
VN-47,Quảng Nam,Quang Nam,VNAP25-8CF6D4F89B,VNAP25-816F1BD697,Tiên Lập,Tien Lap
VN-47,Quảng Nam,Quang Nam,VNAP25-165A5FE834,VNAP25-816F1BD697,Tiên Lộc,Tien Loc
VN-47,Quảng Nam,Quang Nam,VNAP25-BFE9B3FF82,VNAP25-816F1BD697,Tiên Mỹ,Tien My
VN-47,Quảng Nam,Quang Nam,VNAP25-C7EB9B9070,VNAP25-816F1BD697,Tiên Ngọc,Tien Ngoc
VN-47,Quảng Nam,Quang Nam,VNAP25-68F4008231,VNAP25-816F1BD697,Tiên Phong,Tien Phong
VN-47,Quảng Nam,Quang Nam,VNAP25-79993BC740,VNAP25-816F1BD697,Tiên Sơn,Tien Son
VN-47,Quảng Nam,Quang Nam,VNAP25-CE5B5C215D,VNAP25-816F1BD697,Tiên Thọ,Tien Tho
VN-48,Quảng Ngãi,Quang Ngai,VNAP25-2F44555F8E,,Ba Tơ,Ba To
VN-48,Quảng Ngãi,Quang Ngai,VNAP25-3AE5999ADE,VNAP25-2F44555F8E,Ba Bích,Ba Bich
VN-48,Quảng Ngãi,Quang Ngai,VNAP25-C48A364151,VNAP25-2F44555F8E,Ba Cung,Ba Cung
VN-48,Quảng Ngãi,Quang Ngai,VNAP25-C4F76A7E07,VNAP25-2F44555F8E,Ba Điền,Ba Dien
VN-48,Quảng Ngãi,Quang Ngai,VNAP25-EC54BC2781,VNAP25-2F44555F8E,Ba Dinh,Ba Dinh
VN-48,Quảng Ngãi,Quang Ngai,VNAP25-460E4F9F0F,VNAP25-2F44555F8E,Ba Động,Ba Dong
VN-48,Quảng Ngãi,Quang Ngai,VNAP25-F3930A3BA3,VNAP25-2F44555F8E,Ba Giang,Ba Giang
VN-48,Quảng Ngãi,Quang Ngai,VNAP25-10BC265AA8,VNAP25-2F44555F8E,Ba Khâm,Ba Kham
VN-48,Quảng Ngãi,Quang Ngai,VNAP25-191B64F487,VNAP25-2F44555F8E,Ba Lế,Ba Le
VN-48,Quảng Ngãi,Quang Ngai,VNAP25-69C05772A1,VNAP25-2F44555F8E,Ba Liên,Ba Lien
VN-48,Quảng Ngãi,Quang Ngai,VNAP25-DB00CC3E3F,VNAP25-2F44555F8E,Ba Nam,Ba Nam
VN-48,Quảng Ngãi,Quang Ngai,VNAP25-6ED9026799,VNAP25-2F44555F8E,Ba Ngạc,Ba Ngac
VN-48,Quảng Ngãi,Quang Ngai,VNAP25-3C0165C450,VNAP25-2F44555F8E,Ba Thành,Ba Thanh
VN-48,Quảng Ngãi,Quang Ngai,VNAP25-AD959AB2EE,VNAP25-2F44555F8E,Ba Tiêu,Ba Tieu
VN-48,Quảng Ngãi,Quang Ngai,VNAP25-D59BE8A194,VNAP25-2F44555F8E,Ba Tô,Ba To
VN-48,Quảng Ngãi,Quang Ngai,VNAP25-B4F010BE08,VNAP25-2F44555F8E,Ba Tơ,Ba To
VN-48,Quảng Ngãi,Quang Ngai,VNAP25-16040C1E8E,VNAP25-2F44555F8E,Ba Trang,Ba Trang
VN-48,Quảng Ngãi,Quang Ngai,VNAP25-61770BFAA3,VNAP25-2F44555F8E,Ba Vì,Ba Vi
VN-48,Quảng Ngãi,Quang Ngai,VNAP25-810C13FFE6,VNAP25-2F44555F8E,Ba Vinh,Ba Vinh
VN-48,Quảng Ngãi,Quang Ngai,VNAP25-ECAA413AF6,VNAP25-2F44555F8E,Ba Xa,Ba Xa
VN-48,Quảng Ngãi,Quang Ngai,VNAP25-5133E10879,,Bình Sơn,Binh Son
VN-48,Quảng Ngãi,Quang Ngai,VNAP25-4F77C78C8A,VNAP25-5133E10879,Bình An,Binh An
VN-48,Quảng Ngãi,Quang Ngai,VNAP25-BF49EA164A,VNAP25-5133E10879,Bình Chánh,Binh Chanh
VN-48,Quảng Ngãi,Quang Ngai,VNAP25-F9488D6962,VNAP25-5133E10879,Bình Châu,Binh Chau
VN-48,Quảng Ngãi,Quang Ngai,VNAP25-73D0AEC54A,VNAP25-5133E10879,Bình Chương,Binh Chuong
VN-48,Quảng Ngãi,Quang Ngai,VNAP25-EFAA04DAA4,VNAP25-5133E10879,Bình Đông,Binh Dong
VN-48,Quảng Ngãi,Quang Ngai,VNAP25-111F3329BB,VNAP25-5133E10879,Bình Dương,Binh Duong
VN-48,Quảng Ngãi,Quang Ngai,VNAP25-81985E85F7,VNAP25-5133E10879,Bình Hải,Binh Hai
VN-48,Quảng Ngãi,Quang Ngai,VNAP25-6F50A7987F,VNAP25-5133E10879,Bình Hiệp,Binh Hiep
VN-48,Quảng Ngãi,Quang Ngai,VNAP25-DC5561060F,VNAP25-5133E10879,Bình Hòa,Binh Hoa
VN-48,Quảng Ngãi,Quang Ngai,VNAP25-84DB2EC14B,VNAP25-5133E10879,Bình Khương,Binh Khuong
VN-48,Quảng Ngãi,Quang Ngai,VNAP25-F25E733FE2,VNAP25-5133E10879,Bình Long,Binh Long
VN-48,Quảng Ngãi,Quang Ngai,VNAP25-13915A63DF,VNAP25-5133E10879,Bình Minh,Binh Minh
VN-48,Quảng Ngãi,Quang Ngai,VNAP25-695FC5425C,VNAP25-5133E10879,Bình Mỹ,Binh My
VN-48,Quảng Ngãi,Quang Ngai,VNAP25-BAB3C19C7E,VNAP25-5133E10879,Bình Nguyên,Binh Nguyen
VN-48,Quảng Ngãi,Quang Ngai,VNAP25-E4FCA4A435,VNAP25-5133E10879,Bình Phước,Binh Phuoc
VN-48,Quảng Ngãi,Quang Ngai,VNAP25-1314BEEF67,VNAP25-5133E10879,Bình Tân Phú,Binh Tan Phu
VN-48,Quảng Ngãi,Quang Ngai,VNAP25-39A21F4CB5,VNAP25-5133E10879,Bình Thanh,Binh Thanh
VN-48,Quảng Ngãi,Quang Ngai,VNAP25-C9B8D1BC90,VNAP25-5133E10879,Bình Thạnh,Binh Thanh
VN-48,Quảng Ngãi,Quang Ngai,VNAP25-6320196870,VNAP25-5133E10879,Bình Thuận,Binh Thuan
VN-48,Quảng Ngãi,Quang Ngai,VNAP25-B5A9FB87B2,VNAP25-5133E10879,Bình Trị,Binh Tri
VN-48,Quảng Ngãi,Quang Ngai,VNAP25-9E41988DAA,VNAP25-5133E10879,Bình Trung,Binh Trung
VN-48,Quảng Ngãi,Quang Ngai,VNAP25-BA10211595,VNAP25-5133E10879,Châu Ổ,Chau O
VN-48,Quảng Ngãi,Quang Ngai,VNAP25-DB40463DCE,,Đức Phổ,Duc Pho
VN-48,Quảng Ngãi,Quang Ngai,VNAP25-98F0DB247C,VNAP25-DB40463DCE,Nguyễn Nghiêm,Nguyen Nghiem
VN-48,Quảng Ngãi,Quang Ngai,VNAP25-6D17FBC59B,VNAP25-DB40463DCE,Phổ An,Pho An
VN-48,Quảng Ngãi,Quang Ngai,VNAP25-DE70CFDCDB,VNAP25-DB40463DCE,Phổ Châu,Pho Chau
VN-48,Quảng Ngãi,Quang Ngai,VNAP25-99626DC591,VNAP25-DB40463DCE,Phổ Cường,Pho Cuong
VN-48,Quảng Ngãi,Quang Ngai,VNAP25-3F65BDDCAD,VNAP25-DB40463DCE,Phổ Hòa,Pho Hoa
VN-48,Quảng Ngãi,Quang Ngai,VNAP25-201BE00539,VNAP25-DB40463DCE,Phổ Khánh,Pho Khanh
VN-48,Quảng Ngãi,Quang Ngai,VNAP25-36DB550DA5,VNAP25-DB40463DCE,Phổ Minh,Pho Minh
VN-48,Quảng Ngãi,Quang Ngai,VNAP25-5266043DD0,VNAP25-DB40463DCE,Phổ Nhơn,Pho Nhon
VN-48,Quảng Ngãi,Quang Ngai,VNAP25-80D590E88A,VNAP25-DB40463DCE,Phổ Ninh,Pho Ninh
VN-48,Quảng Ngãi,Quang Ngai,VNAP25-E70AD20700,VNAP25-DB40463DCE,Phổ Phong,Pho Phong
VN-48,Quảng Ngãi,Quang Ngai,VNAP25-23A98DB704,VNAP25-DB40463DCE,Phổ Quang,Pho Quang
VN-48,Quảng Ngãi,Quang Ngai,VNAP25-6C6806E853,VNAP25-DB40463DCE,Phổ Thạnh,Pho Thanh
VN-48,Quảng Ngãi,Quang Ngai,VNAP25-4FBE5242E1,VNAP25-DB40463DCE,Phổ Thuận,Pho Thuan
VN-48,Quảng Ngãi,Quang Ngai,VNAP25-674C7CAB93,VNAP25-DB40463DCE,Phổ Văn,Pho Van
VN-48,Quảng Ngãi,Quang Ngai,VNAP25-8F9D097CFB,VNAP25-DB40463DCE,Phổ Vinh,Pho Vinh
VN-48,Quảng Ngãi,Quang Ngai,VNAP25-85371DD203,,Lý Sơn,Ly Son
VN-48,Quảng Ngãi,Quang Ngai,VNAP25-8A9B4581E8,,Minh Long,Minh Long
VN-48,Quảng Ngãi,Quang Ngai,VNAP25-5DB338B3D9,VNAP25-8A9B4581E8,Long Hiệp,Long Hiep
VN-48,Quảng Ngãi,Quang Ngai,VNAP25-7899611891,VNAP25-8A9B4581E8,Long Mai,Long Mai
VN-48,Quảng Ngãi,Quang Ngai,VNAP25-66E7FDB27E,VNAP25-8A9B4581E8,Long Môn,Long Mon
VN-48,Quảng Ngãi,Quang Ngai,VNAP25-A62D24CAA4,VNAP25-8A9B4581E8,Long Sơn,Long Son
VN-48,Quảng Ngãi,Quang Ngai,VNAP25-8DD6E29CC4,VNAP25-8A9B4581E8,Thanh An,Thanh An
VN-48,Quảng Ngãi,Quang Ngai,VNAP25-1DE591C1EE,,Mộ Đức,Mo Duc
VN-48,Quảng Ngãi,Quang Ngai,VNAP25-BD75251E82,VNAP25-1DE591C1EE,Đức Chánh,Duc Chanh
VN-48,Quảng Ngãi,Quang Ngai,VNAP25-C8E696140C,VNAP25-1DE591C1EE,Đức Hiệp,Duc Hiep
VN-48,Quảng Ngãi,Quang Ngai,VNAP25-A3ADF94978,VNAP25-1DE591C1EE,Đức Hòa,Duc Hoa
VN-48,Quảng Ngãi,Quang Ngai,VNAP25-5696CA29FB,VNAP25-1DE591C1EE,Đức Lân,Duc Lan
VN-48,Quảng Ngãi,Quang Ngai,VNAP25-01BD818AC3,VNAP25-1DE591C1EE,Đức Minh,Duc Minh
VN-48,Quảng Ngãi,Quang Ngai,VNAP25-43D37918EC,VNAP25-1DE591C1EE,Đức Nhuận,Duc Nhuan
VN-48,Quảng Ngãi,Quang Ngai,VNAP25-EB746989CC,VNAP25-1DE591C1EE,Đức Phong,Duc Phong
VN-48,Quảng Ngãi,Quang Ngai,VNAP25-21527038E5,VNAP25-1DE591C1EE,Đức Phú,Duc Phu
VN-48,Quảng Ngãi,Quang Ngai,VNAP25-D7D90B3CDD,VNAP25-1DE591C1EE,Đức Tân,Duc Tan
VN-48,Quảng Ngãi,Quang Ngai,VNAP25-5889B9AB46,VNAP25-1DE591C1EE,Đức Thạnh,Duc Thanh
VN-48,Quảng Ngãi,Quang Ngai,VNAP25-BF24D98B6F,VNAP25-1DE591C1EE,Mộ Đức,Mo Duc
VN-48,Quảng Ngãi,Quang Ngai,VNAP25-C03128381E,VNAP25-1DE591C1EE,Thắng Lợi,Thang Loi
VN-48,Quảng Ngãi,Quang Ngai,VNAP25-D8F1612872,,Nghĩa Hành,Nghia Hanh
VN-48,Quảng Ngãi,Quang Ngai,VNAP25-E9340F57F8,VNAP25-D8F1612872,Chợ Chùa,Cho Chua
VN-48,Quảng Ngãi,Quang Ngai,VNAP25-9F51E4ECBA,VNAP25-D8F1612872,Hành Đức,Hanh Duc
VN-48,Quảng Ngãi,Quang Ngai,VNAP25-A03CC8310D,VNAP25-D8F1612872,Hành Dũng,Hanh Dung
VN-48,Quảng Ngãi,Quang Ngai,VNAP25-1AACDD438D,VNAP25-D8F1612872,Hành Minh,Hanh Minh
VN-48,Quảng Ngãi,Quang Ngai,VNAP25-A82B88B904,VNAP25-D8F1612872,Hành Nhân,Hanh Nhan
VN-48,Quảng Ngãi,Quang Ngai,VNAP25-DFC91DCBE9,VNAP25-D8F1612872,Hành Phước,Hanh Phuoc
VN-48,Quảng Ngãi,Quang Ngai,VNAP25-CF0BE69DB0,VNAP25-D8F1612872,Hành Thiện,Hanh Thien
VN-48,Quảng Ngãi,Quang Ngai,VNAP25-AE2AC177EC,VNAP25-D8F1612872,Hành Thịnh,Hanh Thinh
VN-48,Quảng Ngãi,Quang Ngai,VNAP25-504660DEA3,VNAP25-D8F1612872,Hành Thuận,Hanh Thuan
VN-48,Quảng Ngãi,Quang Ngai,VNAP25-E54C754FEE,VNAP25-D8F1612872,Hành Tín Đông,Hanh Tin Dong
VN-48,Quảng Ngãi,Quang Ngai,VNAP25-85EF27F65D,VNAP25-D8F1612872,Hành Tín Tây,Hanh Tin Tay
VN-48,Quảng Ngãi,Quang Ngai,VNAP25-9975B76502,VNAP25-D8F1612872,Hành Trung,Hanh Trung
VN-48,Quảng Ngãi,Quang Ngai,VNAP25-B80BD0A5F7,,Quảng Ngãi,Quang Ngai
VN-48,Quảng Ngãi,Quang Ngai,VNAP25-EBABCD741A,VNAP25-B80BD0A5F7,An Phú,An Phu
VN-48,Quảng Ngãi,Quang Ngai,VNAP25-8EB20A450E,VNAP25-B80BD0A5F7,Chánh Lộ,Chanh Lo
VN-48,Quảng Ngãi,Quang Ngai,VNAP25-CDD898ADB5,VNAP25-B80BD0A5F7,Lê Hồng Phong,Le Hong Phong
VN-48,Quảng Ngãi,Quang Ngai,VNAP25-0167F2AECC,VNAP25-B80BD0A5F7,Nghĩa Chánh,Nghia Chanh
VN-48,Quảng Ngãi,Quang Ngai,VNAP25-F5312351CA,VNAP25-B80BD0A5F7,Nghĩa Dõng,Nghia Dong
VN-48,Quảng Ngãi,Quang Ngai,VNAP25-377EF9F09F,VNAP25-B80BD0A5F7,Nghĩa Dũng,Nghia Dung
VN-48,Quảng Ngãi,Quang Ngai,VNAP25-AF0F247D3F,VNAP25-B80BD0A5F7,Nghĩa Hà,Nghia Ha
VN-48,Quảng Ngãi,Quang Ngai,VNAP25-C6A00AD358,VNAP25-B80BD0A5F7,Nghĩa Lộ,Nghia Lo
VN-48,Quảng Ngãi,Quang Ngai,VNAP25-FEE826FCF1,VNAP25-B80BD0A5F7,Nguyễn Nghiêm,Nguyen Nghiem
VN-48,Quảng Ngãi,Quang Ngai,VNAP25-32FC07864D,VNAP25-B80BD0A5F7,Quảng Phú,Quang Phu
VN-48,Quảng Ngãi,Quang Ngai,VNAP25-735FC8895E,VNAP25-B80BD0A5F7,Tịnh An,Tinh An
VN-48,Quảng Ngãi,Quang Ngai,VNAP25-B520BA3028,VNAP25-B80BD0A5F7,Tịnh Ấn Đông,Tinh An Dong
VN-48,Quảng Ngãi,Quang Ngai,VNAP25-5167E3A5ED,VNAP25-B80BD0A5F7,Tịnh Ấn Tây,Tinh An Tay
VN-48,Quảng Ngãi,Quang Ngai,VNAP25-98C361C297,VNAP25-B80BD0A5F7,Tịnh Châu,Tinh Chau
VN-48,Quảng Ngãi,Quang Ngai,VNAP25-726514F4BA,VNAP25-B80BD0A5F7,Tịnh Hòa,Tinh Hoa
VN-48,Quảng Ngãi,Quang Ngai,VNAP25-6EA4710D0C,VNAP25-B80BD0A5F7,Tịnh Khê,Tinh Khe
VN-48,Quảng Ngãi,Quang Ngai,VNAP25-ABACC21B5B,VNAP25-B80BD0A5F7,Tịnh Kỳ,Tinh Ky
VN-48,Quảng Ngãi,Quang Ngai,VNAP25-EB5C855E9A,VNAP25-B80BD0A5F7,Tịnh Long,Tinh Long
VN-48,Quảng Ngãi,Quang Ngai,VNAP25-0DAC4AB113,VNAP25-B80BD0A5F7,Tịnh Thiện,Tinh Thien
VN-48,Quảng Ngãi,Quang Ngai,VNAP25-460F437CC1,VNAP25-B80BD0A5F7,Trần Hưng Đạo,Tran Hung Dao
VN-48,Quảng Ngãi,Quang Ngai,VNAP25-FCCD5C7884,VNAP25-B80BD0A5F7,Trần Phú,Tran Phu
VN-48,Quảng Ngãi,Quang Ngai,VNAP25-1E4C6491A2,VNAP25-B80BD0A5F7,Trương Quang Trọng,Truong Quang Trong
VN-48,Quảng Ngãi,Quang Ngai,VNAP25-6F254F62D8,,Sơn Hà,Son Ha
VN-48,Quảng Ngãi,Quang Ngai,VNAP25-558B8E3CF1,VNAP25-6F254F62D8,Di Lăng,Di Lang
VN-48,Quảng Ngãi,Quang Ngai,VNAP25-EE029AECE8,VNAP25-6F254F62D8,Sơn Ba,Son Ba
VN-48,Quảng Ngãi,Quang Ngai,VNAP25-2EF6B9C1B5,VNAP25-6F254F62D8,Sơn Bao,Son Bao
VN-48,Quảng Ngãi,Quang Ngai,VNAP25-CABCCD0C7B,VNAP25-6F254F62D8,Sơn Cao,Son Cao
VN-48,Quảng Ngãi,Quang Ngai,VNAP25-871215A74B,VNAP25-6F254F62D8,Sơn Giang,Son Giang
VN-48,Quảng Ngãi,Quang Ngai,VNAP25-275308FC38,VNAP25-6F254F62D8,Sơn Hạ,Son Ha
VN-48,Quảng Ngãi,Quang Ngai,VNAP25-DFBCCA5235,VNAP25-6F254F62D8,Sơn Hải,Son Hai
VN-48,Quảng Ngãi,Quang Ngai,VNAP25-116933351D,VNAP25-6F254F62D8,Sơn Kỳ,Son Ky
VN-48,Quảng Ngãi,Quang Ngai,VNAP25-17CB248746,VNAP25-6F254F62D8,Sơn Linh,Son Linh
VN-48,Quảng Ngãi,Quang Ngai,VNAP25-036E484A1C,VNAP25-6F254F62D8,Sơn Nham,Son Nham
VN-48,Quảng Ngãi,Quang Ngai,VNAP25-AA0A792CD9,VNAP25-6F254F62D8,Sơn Thành,Son Thanh
VN-48,Quảng Ngãi,Quang Ngai,VNAP25-B8A6DAECB4,VNAP25-6F254F62D8,Sơn Thượng,Son Thuong
VN-48,Quảng Ngãi,Quang Ngai,VNAP25-12560EC3F8,VNAP25-6F254F62D8,Sơn Thủy,Son Thuy
VN-48,Quảng Ngãi,Quang Ngai,VNAP25-750955869C,VNAP25-6F254F62D8,Sơn Trung,Son Trung
VN-48,Quảng Ngãi,Quang Ngai,VNAP25-6E87327862,,Sơn Tây,Son Tay
VN-48,Quảng Ngãi,Quang Ngai,VNAP25-0111162126,VNAP25-6E87327862,Sơn Bua,Son Bua
VN-48,Quảng Ngãi,Quang Ngai,VNAP25-09DDF1D3FD,VNAP25-6E87327862,Sơn Dung,Son Dung
VN-48,Quảng Ngãi,Quang Ngai,VNAP25-F12801778A,VNAP25-6E87327862,Sơn Lập,Son Lap
VN-48,Quảng Ngãi,Quang Ngai,VNAP25-A1239E4363,VNAP25-6E87327862,Sơn Liên,Son Lien
VN-48,Quảng Ngãi,Quang Ngai,VNAP25-3B2C1304D2,VNAP25-6E87327862,Sơn Long,Son Long
VN-48,Quảng Ngãi,Quang Ngai,VNAP25-ED0CAEA4D6,VNAP25-6E87327862,Sơn Màu,Son Mau
VN-48,Quảng Ngãi,Quang Ngai,VNAP25-2FC2EE1252,VNAP25-6E87327862,Sơn Mùa,Son Mua
VN-48,Quảng Ngãi,Quang Ngai,VNAP25-39E19C81F0,VNAP25-6E87327862,Sơn Tân,Son Tan
VN-48,Quảng Ngãi,Quang Ngai,VNAP25-3512B90568,VNAP25-6E87327862,Sơn Tinh,Son Tinh
VN-48,Quảng Ngãi,Quang Ngai,VNAP25-56234FEDC1,,Sơn Tịnh,Son Tinh
VN-48,Quảng Ngãi,Quang Ngai,VNAP25-6E42EE9A8F,VNAP25-56234FEDC1,Tịnh Bắc,Tinh Bac
VN-48,Quảng Ngãi,Quang Ngai,VNAP25-E4ED089367,VNAP25-56234FEDC1,Tịnh Bình,Tinh Binh
VN-48,Quảng Ngãi,Quang Ngai,VNAP25-325790100F,VNAP25-56234FEDC1,Tịnh Đông,Tinh Dong
VN-48,Quảng Ngãi,Quang Ngai,VNAP25-02B94AEE31,VNAP25-56234FEDC1,Tịnh Giang,Tinh Giang
VN-48,Quảng Ngãi,Quang Ngai,VNAP25-D582FA50D1,VNAP25-56234FEDC1,Tịnh Hà,Tinh Ha
VN-48,Quảng Ngãi,Quang Ngai,VNAP25-536E2AEDB5,VNAP25-56234FEDC1,Tịnh Hiệp,Tinh Hiep
VN-48,Quảng Ngãi,Quang Ngai,VNAP25-7B6A0FBFB4,VNAP25-56234FEDC1,Tịnh Minh,Tinh Minh
VN-48,Quảng Ngãi,Quang Ngai,VNAP25-79A7E6596A,VNAP25-56234FEDC1,Tịnh Phong,Tinh Phong
VN-48,Quảng Ngãi,Quang Ngai,VNAP25-FE281F0D45,VNAP25-56234FEDC1,Tịnh Sơn,Tinh Son
VN-48,Quảng Ngãi,Quang Ngai,VNAP25-2D1FB0097A,VNAP25-56234FEDC1,Tịnh Thọ,Tinh Tho
VN-48,Quảng Ngãi,Quang Ngai,VNAP25-526147A159,VNAP25-56234FEDC1,Tịnh Trà,Tinh Tra
VN-48,Quảng Ngãi,Quang Ngai,VNAP25-63F1EABC20,,Trà Bồng,Tra Bong
VN-48,Quảng Ngãi,Quang Ngai,VNAP25-C360995D15,VNAP25-63F1EABC20,Hương Trà,Huong Tra
VN-48,Quảng Ngãi,Quang Ngai,VNAP25-5D0FF82DD1,VNAP25-63F1EABC20,Sơn Trà,Son Tra
VN-48,Quảng Ngãi,Quang Ngai,VNAP25-153DAF1B42,VNAP25-63F1EABC20,Trà Bình,Tra Binh
VN-48,Quảng Ngãi,Quang Ngai,VNAP25-09ABF82A2A,VNAP25-63F1EABC20,Trà Bùi,Tra Bui
VN-48,Quảng Ngãi,Quang Ngai,VNAP25-641FB53395,VNAP25-63F1EABC20,Trà Giang,Tra Giang
VN-48,Quảng Ngãi,Quang Ngai,VNAP25-18C738A562,VNAP25-63F1EABC20,Trà Hiệp,Tra Hiep
VN-48,Quảng Ngãi,Quang Ngai,VNAP25-CADF13CD66,VNAP25-63F1EABC20,Trà Lâm,Tra Lam
VN-48,Quảng Ngãi,Quang Ngai,VNAP25-BCD3C4430F,VNAP25-63F1EABC20,Trà Phong,Tra Phong
VN-48,Quảng Ngãi,Quang Ngai,VNAP25-01B5DF9AE7,VNAP25-63F1EABC20,Trà Phú,Tra Phu
VN-48,Quảng Ngãi,Quang Ngai,VNAP25-5746A04C2D,VNAP25-63F1EABC20,Trà Sơn,Tra Son
VN-48,Quảng Ngãi,Quang Ngai,VNAP25-8BCB6EAD9B,VNAP25-63F1EABC20,Trà Tân,Tra Tan
VN-48,Quảng Ngãi,Quang Ngai,VNAP25-719D6EC48E,VNAP25-63F1EABC20,Trà Tây,Tra Tay
VN-48,Quảng Ngãi,Quang Ngai,VNAP25-D7A267BA32,VNAP25-63F1EABC20,Trà Thanh,Tra Thanh
VN-48,Quảng Ngãi,Quang Ngai,VNAP25-463AC8519F,VNAP25-63F1EABC20,Trà Thủy,Tra Thuy
VN-48,Quảng Ngãi,Quang Ngai,VNAP25-14CACE628E,VNAP25-63F1EABC20,Trà Xinh,Tra Xinh
VN-48,Quảng Ngãi,Quang Ngai,VNAP25-0057107236,VNAP25-63F1EABC20,Trà Xuân,Tra Xuan
VN-48,Quảng Ngãi,Quang Ngai,VNAP25-7DA4970BC1,,Tư Nghĩa,Tu Nghia
VN-48,Quảng Ngãi,Quang Ngai,VNAP25-4C49595B38,VNAP25-7DA4970BC1,La Hà,La Ha
VN-48,Quảng Ngãi,Quang Ngai,VNAP25-66619143C4,VNAP25-7DA4970BC1,Nghĩa Điền,Nghia Dien
VN-48,Quảng Ngãi,Quang Ngai,VNAP25-BF0A10BC74,VNAP25-7DA4970BC1,Nghĩa Hiệp,Nghia Hiep
VN-48,Quảng Ngãi,Quang Ngai,VNAP25-BE80C5E1D1,VNAP25-7DA4970BC1,Nghĩa Hòa,Nghia Hoa
VN-48,Quảng Ngãi,Quang Ngai,VNAP25-873CEE1005,VNAP25-7DA4970BC1,Nghĩa Kỳ,Nghia Ky
VN-48,Quảng Ngãi,Quang Ngai,VNAP25-415AAC85AC,VNAP25-7DA4970BC1,Nghĩa Lâm,Nghia Lam
VN-48,Quảng Ngãi,Quang Ngai,VNAP25-08A6A0B1E4,VNAP25-7DA4970BC1,Nghĩa Phương,Nghia Phuong
VN-48,Quảng Ngãi,Quang Ngai,VNAP25-784B44F1FB,VNAP25-7DA4970BC1,Nghĩa Sơn,Nghia Son
VN-48,Quảng Ngãi,Quang Ngai,VNAP25-4E82852DA8,VNAP25-7DA4970BC1,Nghĩa Thắng,Nghia Thang
VN-48,Quảng Ngãi,Quang Ngai,VNAP25-E6E5800E81,VNAP25-7DA4970BC1,Nghĩa Thuận,Nghia Thuan
VN-48,Quảng Ngãi,Quang Ngai,VNAP25-B879AB10A3,VNAP25-7DA4970BC1,Nghĩa Thương,Nghia Thuong
VN-48,Quảng Ngãi,Quang Ngai,VNAP25-9D215D632E,VNAP25-7DA4970BC1,Nghĩa Trung,Nghia Trung
VN-48,Quảng Ngãi,Quang Ngai,VNAP25-22C2D92A4B,VNAP25-7DA4970BC1,Sông Vệ,Song Ve
VN-49,Quảng Ninh,Quang Ninh,VNAP25-9CF43B8801,,Ba Chẽ,Ba Che
VN-49,Quảng Ninh,Quang Ninh,VNAP25-01E4942A1A,VNAP25-9CF43B8801,Ba Chẽ,Ba Che
VN-49,Quảng Ninh,Quang Ninh,VNAP25-E02AEBD1A8,VNAP25-9CF43B8801,Đạp Thanh,Dap Thanh
VN-49,Quảng Ninh,Quang Ninh,VNAP25-C5A069BD16,VNAP25-9CF43B8801,Đồn Đạc,Don Dac
VN-49,Quảng Ninh,Quang Ninh,VNAP25-5A6B7E3F4A,VNAP25-9CF43B8801,Lương Minh,Luong Minh
VN-49,Quảng Ninh,Quang Ninh,VNAP25-4C40481000,VNAP25-9CF43B8801,Nam Sơn,Nam Son
VN-49,Quảng Ninh,Quang Ninh,VNAP25-1DD1E6B778,VNAP25-9CF43B8801,Thanh Lâm,Thanh Lam
VN-49,Quảng Ninh,Quang Ninh,VNAP25-DCEFD55697,VNAP25-9CF43B8801,Thanh Sơn,Thanh Son
VN-49,Quảng Ninh,Quang Ninh,VNAP25-14760DEADB,,Bình Liêu,Binh Lieu
VN-49,Quảng Ninh,Quang Ninh,VNAP25-15B6E07470,VNAP25-14760DEADB,Bình Liêu,Binh Lieu
VN-49,Quảng Ninh,Quang Ninh,VNAP25-CD113B976A,VNAP25-14760DEADB,Đồng Tâm,Dong Tam
VN-49,Quảng Ninh,Quang Ninh,VNAP25-DE0F017789,VNAP25-14760DEADB,Đồng Văn,Dong Van
VN-49,Quảng Ninh,Quang Ninh,VNAP25-5AB092A026,VNAP25-14760DEADB,Hoành Mô,Hoanh Mo
VN-49,Quảng Ninh,Quang Ninh,VNAP25-3ADC132DFF,VNAP25-14760DEADB,Húc Động,Huc Dong
VN-49,Quảng Ninh,Quang Ninh,VNAP25-5163D81D51,VNAP25-14760DEADB,Lục Hồn,Luc Hon
VN-49,Quảng Ninh,Quang Ninh,VNAP25-01994D1DDF,VNAP25-14760DEADB,Vô Ngại,Vo Ngai
VN-49,Quảng Ninh,Quang Ninh,VNAP25-E883972661,,Cẩm Phả,Cam Pha
VN-49,Quảng Ninh,Quang Ninh,VNAP25-9F1B87D598,VNAP25-E883972661,Cẩm Bình,Cam Binh
VN-49,Quảng Ninh,Quang Ninh,VNAP25-4E689B35C4,VNAP25-E883972661,Cẩm Đông,Cam Dong
VN-49,Quảng Ninh,Quang Ninh,VNAP25-B8566F3959,VNAP25-E883972661,Cẩm Phú,Cam Phu
VN-49,Quảng Ninh,Quang Ninh,VNAP25-BB9D43F92A,VNAP25-E883972661,Cẩm Sơn,Cam Son
VN-49,Quảng Ninh,Quang Ninh,VNAP25-83BEC38D2B,VNAP25-E883972661,Cẩm Tây,Cam Tay
VN-49,Quảng Ninh,Quang Ninh,VNAP25-EFD0D5A6F8,VNAP25-E883972661,Cẩm Thạch,Cam Thach
VN-49,Quảng Ninh,Quang Ninh,VNAP25-AA93060E6C,VNAP25-E883972661,Cẩm Thành,Cam Thanh
VN-49,Quảng Ninh,Quang Ninh,VNAP25-F98F98C6EC,VNAP25-E883972661,Cẩm Thịnh,Cam Thinh
VN-49,Quảng Ninh,Quang Ninh,VNAP25-465814C8C2,VNAP25-E883972661,Cẩm Thủy,Cam Thuy
VN-49,Quảng Ninh,Quang Ninh,VNAP25-AC88CE7DCD,VNAP25-E883972661,Cẩm Trung,Cam Trung
VN-49,Quảng Ninh,Quang Ninh,VNAP25-1162B62EBD,VNAP25-E883972661,Cửa Ông,Cua Ong
VN-49,Quảng Ninh,Quang Ninh,VNAP25-0541DB1CDA,VNAP25-E883972661,Dương Huy,Duong Huy
VN-49,Quảng Ninh,Quang Ninh,VNAP25-AA2E231AFB,VNAP25-E883972661,Hải Hòa,Hai Hoa
VN-49,Quảng Ninh,Quang Ninh,VNAP25-35E2BCDE65,VNAP25-E883972661,Mông Dương,Mong Duong
VN-49,Quảng Ninh,Quang Ninh,VNAP25-FBCA3A916F,VNAP25-E883972661,Quang Hanh,Quang Hanh
VN-49,Quảng Ninh,Quang Ninh,VNAP25-072E3B9A81,,Cô Tô,Co To
VN-49,Quảng Ninh,Quang Ninh,VNAP25-F288F5BEB0,VNAP25-072E3B9A81,Cô Tô,Co To
VN-49,Quảng Ninh,Quang Ninh,VNAP25-D402F529A7,VNAP25-072E3B9A81,Đồng Tiến,Dong Tien
VN-49,Quảng Ninh,Quang Ninh,VNAP25-5E508F05F8,VNAP25-072E3B9A81,Thanh Lân,Thanh Lan
VN-49,Quảng Ninh,Quang Ninh,VNAP25-14F130C7F6,,Đầm Hà,Dam Ha
VN-49,Quảng Ninh,Quang Ninh,VNAP25-C46C57DCD0,VNAP25-14F130C7F6,Đại Bình,Dai Binh
VN-49,Quảng Ninh,Quang Ninh,VNAP25-CC297CB1C4,VNAP25-14F130C7F6,Đầm Hà (Thị trấn),Dam Ha (Town)
VN-49,Quảng Ninh,Quang Ninh,VNAP25-71B9648301,VNAP25-14F130C7F6,Đầm Hà (Xã),Dam Ha (Commune)
VN-49,Quảng Ninh,Quang Ninh,VNAP25-3BFF27C6B9,VNAP25-14F130C7F6,Dực Yên,Duc Yen
VN-49,Quảng Ninh,Quang Ninh,VNAP25-D64B71E74D,VNAP25-14F130C7F6,Quảng An,Quang An
VN-49,Quảng Ninh,Quang Ninh,VNAP25-73AB1051F2,VNAP25-14F130C7F6,Quảng Lâm,Quang Lam
VN-49,Quảng Ninh,Quang Ninh,VNAP25-92AA27A9E9,VNAP25-14F130C7F6,Quảng Tân,Quang Tan
VN-49,Quảng Ninh,Quang Ninh,VNAP25-27703EA870,VNAP25-14F130C7F6,Tân Bình,Tan Binh
VN-49,Quảng Ninh,Quang Ninh,VNAP25-606B78EAC3,VNAP25-14F130C7F6,Tân Lập,Tan Lap
VN-49,Quảng Ninh,Quang Ninh,VNAP25-D663CE9F77,,Đông Triều,Dong Trieu
VN-49,Quảng Ninh,Quang Ninh,VNAP25-8E6CAA2846,VNAP25-D663CE9F77,An Sinh,An Sinh
VN-49,Quảng Ninh,Quang Ninh,VNAP25-9DE53DE97D,VNAP25-D663CE9F77,Bình Dương,Binh Duong
VN-49,Quảng Ninh,Quang Ninh,VNAP25-F17271F1BA,VNAP25-D663CE9F77,Bình Khê,Binh Khe
VN-49,Quảng Ninh,Quang Ninh,VNAP25-17107199DA,VNAP25-D663CE9F77,Đức Chính,Duc Chinh
VN-49,Quảng Ninh,Quang Ninh,VNAP25-00B0180DD4,VNAP25-D663CE9F77,Hoàng Quế,Hoang Que
VN-49,Quảng Ninh,Quang Ninh,VNAP25-8537B1F6EC,VNAP25-D663CE9F77,Hồng Phong,Hong Phong
VN-49,Quảng Ninh,Quang Ninh,VNAP25-0B4D47A967,VNAP25-D663CE9F77,Hồng Thái Đông,Hong Thai Dong
VN-49,Quảng Ninh,Quang Ninh,VNAP25-D824D0987F,VNAP25-D663CE9F77,Hồng Thái Tây,Hong Thai Tay
VN-49,Quảng Ninh,Quang Ninh,VNAP25-D86B78C16E,VNAP25-D663CE9F77,Hưng Đạo,Hung Dao
VN-49,Quảng Ninh,Quang Ninh,VNAP25-2C268DA830,VNAP25-D663CE9F77,Kim Sơn,Kim Son
VN-49,Quảng Ninh,Quang Ninh,VNAP25-AE41B78C95,VNAP25-D663CE9F77,Mạo Khê,Mao Khe
VN-49,Quảng Ninh,Quang Ninh,VNAP25-D43807E3FB,VNAP25-D663CE9F77,Nguyễn Huệ,Nguyen Hue
VN-49,Quảng Ninh,Quang Ninh,VNAP25-C76541241D,VNAP25-D663CE9F77,Thủy An,Thuy An
VN-49,Quảng Ninh,Quang Ninh,VNAP25-1970D08433,VNAP25-D663CE9F77,Tràng An,Trang An
VN-49,Quảng Ninh,Quang Ninh,VNAP25-AF6437BAC5,VNAP25-D663CE9F77,Tràng Lương,Trang Luong
VN-49,Quảng Ninh,Quang Ninh,VNAP25-8D07F021F9,VNAP25-D663CE9F77,Việt Dân,Viet Dan
VN-49,Quảng Ninh,Quang Ninh,VNAP25-2B51535C99,VNAP25-D663CE9F77,Xuân Sơn,Xuan Son
VN-49,Quảng Ninh,Quang Ninh,VNAP25-BB3B8D7349,VNAP25-D663CE9F77,Yên Đức,Yen Duc
VN-49,Quảng Ninh,Quang Ninh,VNAP25-1908F3DA03,VNAP25-D663CE9F77,Yên Thọ,Yen Tho
VN-49,Quảng Ninh,Quang Ninh,VNAP25-B297CAAE8C,,Hạ Long,Ha Long
VN-49,Quảng Ninh,Quang Ninh,VNAP25-A05CC50FB5,VNAP25-B297CAAE8C,Bạch Đằng,Bach Dang
VN-49,Quảng Ninh,Quang Ninh,VNAP25-6AA8496F06,VNAP25-B297CAAE8C,Bãi Cháy,Bai Chay
VN-49,Quảng Ninh,Quang Ninh,VNAP25-282908F351,VNAP25-B297CAAE8C,Bằng Cả,Bang Ca
VN-49,Quảng Ninh,Quang Ninh,VNAP25-D66F95DE58,VNAP25-B297CAAE8C,Cao Thắng,Cao Thang
VN-49,Quảng Ninh,Quang Ninh,VNAP25-D2332CCD26,VNAP25-B297CAAE8C,Cao Xanh,Cao Xanh
VN-49,Quảng Ninh,Quang Ninh,VNAP25-BA49A8A5CA,VNAP25-B297CAAE8C,Đại Yên,Dai Yen
VN-49,Quảng Ninh,Quang Ninh,VNAP25-09924B548B,VNAP25-B297CAAE8C,Dân Chủ,Dan Chu
VN-49,Quảng Ninh,Quang Ninh,VNAP25-D510F76A71,VNAP25-B297CAAE8C,Đồng Lâm,Dong Lam
VN-49,Quảng Ninh,Quang Ninh,VNAP25-B908CA69A9,VNAP25-B297CAAE8C,Đồng Sơn,Dong Son
VN-49,Quảng Ninh,Quang Ninh,VNAP25-ABED32B66F,VNAP25-B297CAAE8C,Giếng Đáy,Gieng Day
VN-49,Quảng Ninh,Quang Ninh,VNAP25-88831A8A1E,VNAP25-B297CAAE8C,Hà Khánh,Ha Khanh
VN-49,Quảng Ninh,Quang Ninh,VNAP25-0D3CBD48C5,VNAP25-B297CAAE8C,Hà Khẩu,Ha Khau
VN-49,Quảng Ninh,Quang Ninh,VNAP25-19F739B267,VNAP25-B297CAAE8C,Hà Lầm,Ha Lam
VN-49,Quảng Ninh,Quang Ninh,VNAP25-6CD981A6BE,VNAP25-B297CAAE8C,Hà Phong,Ha Phong
VN-49,Quảng Ninh,Quang Ninh,VNAP25-86C7A585F8,VNAP25-B297CAAE8C,Hà Trung,Ha Trung
VN-49,Quảng Ninh,Quang Ninh,VNAP25-75B0EDE7A6,VNAP25-B297CAAE8C,Hà Tu,Ha Tu
VN-49,Quảng Ninh,Quang Ninh,VNAP25-D3CF6794F1,VNAP25-B297CAAE8C,Hòa Bình,Hoa Binh
VN-49,Quảng Ninh,Quang Ninh,VNAP25-3BBB886EF2,VNAP25-B297CAAE8C,Hoành Bồ,Hoanh Bo
VN-49,Quảng Ninh,Quang Ninh,VNAP25-1960267B72,VNAP25-B297CAAE8C,Hồng Gai,Hong Gai
VN-49,Quảng Ninh,Quang Ninh,VNAP25-A0C490AACD,VNAP25-B297CAAE8C,Hồng Hà,Hong Ha
VN-49,Quảng Ninh,Quang Ninh,VNAP25-EEB2625CE7,VNAP25-B297CAAE8C,Hồng Hải,Hong Hai
VN-49,Quảng Ninh,Quang Ninh,VNAP25-C6CF80860E,VNAP25-B297CAAE8C,Hùng Thắng,Hung Thang
VN-49,Quảng Ninh,Quang Ninh,VNAP25-A188D5840A,VNAP25-B297CAAE8C,Kỳ Thượng,Ky Thuong
VN-49,Quảng Ninh,Quang Ninh,VNAP25-52ACFDFF2D,VNAP25-B297CAAE8C,Lê Lợi,Le Loi
VN-49,Quảng Ninh,Quang Ninh,VNAP25-0B451DA828,VNAP25-B297CAAE8C,Quảng La,Quang La
VN-49,Quảng Ninh,Quang Ninh,VNAP25-9664285126,VNAP25-B297CAAE8C,Sơn Dương,Son Duong
VN-49,Quảng Ninh,Quang Ninh,VNAP25-8196D29B75,VNAP25-B297CAAE8C,Tân Dân,Tan Dan
VN-49,Quảng Ninh,Quang Ninh,VNAP25-FE74C2E38C,VNAP25-B297CAAE8C,Thống Nhất,Thong Nhat
VN-49,Quảng Ninh,Quang Ninh,VNAP25-840319E6B6,VNAP25-B297CAAE8C,Trần Hưng Đạo,Tran Hung Dao
VN-49,Quảng Ninh,Quang Ninh,VNAP25-2027AB3E85,VNAP25-B297CAAE8C,Tuần Châu,Tuan Chau
VN-49,Quảng Ninh,Quang Ninh,VNAP25-CC0BE8CD25,VNAP25-B297CAAE8C,Việt Hưng,Viet Hung
VN-49,Quảng Ninh,Quang Ninh,VNAP25-D544278D20,VNAP25-B297CAAE8C,Vũ Oai,Vu Oai
VN-49,Quảng Ninh,Quang Ninh,VNAP25-9CEC3DADB5,,Hải Hà,Hai Ha
VN-49,Quảng Ninh,Quang Ninh,VNAP25-5052524672,VNAP25-9CEC3DADB5,Cái Chiên,Cai Chien
VN-49,Quảng Ninh,Quang Ninh,VNAP25-CB24FB0579,VNAP25-9CEC3DADB5,Đường Hoa,Duong Hoa
VN-49,Quảng Ninh,Quang Ninh,VNAP25-E1DC2C8A11,VNAP25-9CEC3DADB5,Quảng Chính,Quang Chinh
VN-49,Quảng Ninh,Quang Ninh,VNAP25-6995890C2C,VNAP25-9CEC3DADB5,Quảng Đức,Quang Duc
VN-49,Quảng Ninh,Quang Ninh,VNAP25-EB760E444E,VNAP25-9CEC3DADB5,Quảng Hà,Quang Ha
VN-49,Quảng Ninh,Quang Ninh,VNAP25-44B34C8FBC,VNAP25-9CEC3DADB5,Quảng Long,Quang Long
VN-49,Quảng Ninh,Quang Ninh,VNAP25-6D82A8A93E,VNAP25-9CEC3DADB5,Quảng Minh,Quang Minh
VN-49,Quảng Ninh,Quang Ninh,VNAP25-5BF5695232,VNAP25-9CEC3DADB5,Quảng Phong,Quang Phong
VN-49,Quảng Ninh,Quang Ninh,VNAP25-AEF6D82EDF,VNAP25-9CEC3DADB5,Quảng Sơn,Quang Son
VN-49,Quảng Ninh,Quang Ninh,VNAP25-A6126B17B4,VNAP25-9CEC3DADB5,Quảng Thành,Quang Thanh
VN-49,Quảng Ninh,Quang Ninh,VNAP25-2C71FFF9C1,VNAP25-9CEC3DADB5,Quảng Thịnh,Quang Thinh
VN-49,Quảng Ninh,Quang Ninh,VNAP25-A02BF207F3,,Móng Cái,Mong Cai
VN-49,Quảng Ninh,Quang Ninh,VNAP25-BEE177D9D7,VNAP25-A02BF207F3,Bắc Sơn,Bac Son
VN-49,Quảng Ninh,Quang Ninh,VNAP25-98DFB62F39,VNAP25-A02BF207F3,Bình Ngọc,Binh Ngoc
VN-49,Quảng Ninh,Quang Ninh,VNAP25-15A3D028DC,VNAP25-A02BF207F3,Hải Đông,Hai Dong
VN-49,Quảng Ninh,Quang Ninh,VNAP25-57410D75B9,VNAP25-A02BF207F3,Hải Hòa,Hai Hoa
VN-49,Quảng Ninh,Quang Ninh,VNAP25-E4C665E16B,VNAP25-A02BF207F3,Hải Sơn,Hai Son
VN-49,Quảng Ninh,Quang Ninh,VNAP25-C5E980372E,VNAP25-A02BF207F3,Hải Tiến,Hai Tien
VN-49,Quảng Ninh,Quang Ninh,VNAP25-68A093834B,VNAP25-A02BF207F3,Hải Xuân,Hai Xuan
VN-49,Quảng Ninh,Quang Ninh,VNAP25-474A96464A,VNAP25-A02BF207F3,Hải Yên,Hai Yen
VN-49,Quảng Ninh,Quang Ninh,VNAP25-D0C1851CC1,VNAP25-A02BF207F3,Ka Long,Ka Long
VN-49,Quảng Ninh,Quang Ninh,VNAP25-0DF1E21EEC,VNAP25-A02BF207F3,Ninh Dương,Ninh Duong
VN-49,Quảng Ninh,Quang Ninh,VNAP25-D10DD30A1D,VNAP25-A02BF207F3,Quảng Nghĩa,Quang Nghia
VN-49,Quảng Ninh,Quang Ninh,VNAP25-A144293A69,VNAP25-A02BF207F3,Trà Cổ,Tra Co
VN-49,Quảng Ninh,Quang Ninh,VNAP25-0D31D61270,VNAP25-A02BF207F3,Trần Phú,Tran Phu
VN-49,Quảng Ninh,Quang Ninh,VNAP25-34BEF7C4A2,VNAP25-A02BF207F3,Vạn Ninh,Van Ninh
VN-49,Quảng Ninh,Quang Ninh,VNAP25-214CF2FDE3,VNAP25-A02BF207F3,Vĩnh Thực,Vinh Thuc
VN-49,Quảng Ninh,Quang Ninh,VNAP25-541789865F,VNAP25-A02BF207F3,Vĩnh Trung,Vinh Trung
VN-49,Quảng Ninh,Quang Ninh,VNAP25-EF05A5153C,,Quảng Yên,Quang Yen
VN-49,Quảng Ninh,Quang Ninh,VNAP25-B1CA507A66,VNAP25-EF05A5153C,Cẩm La,Cam La
VN-49,Quảng Ninh,Quang Ninh,VNAP25-141A7A3005,VNAP25-EF05A5153C,Cộng Hòa,Cong Hoa
VN-49,Quảng Ninh,Quang Ninh,VNAP25-D50A8D9B23,VNAP25-EF05A5153C,Đông Mai,Dong Mai
VN-49,Quảng Ninh,Quang Ninh,VNAP25-519DDCB039,VNAP25-EF05A5153C,Hà An,Ha An
VN-49,Quảng Ninh,Quang Ninh,VNAP25-10F08BD7F3,VNAP25-EF05A5153C,Hiệp Hòa,Hiep Hoa
VN-49,Quảng Ninh,Quang Ninh,VNAP25-1071DF8E2D,VNAP25-EF05A5153C,Hoàng Tân,Hoang Tan
VN-49,Quảng Ninh,Quang Ninh,VNAP25-4D2BDBF72D,VNAP25-EF05A5153C,Liên Hòa,Lien Hoa
VN-49,Quảng Ninh,Quang Ninh,VNAP25-BC6D34A585,VNAP25-EF05A5153C,Liên Vị,Lien Vi
VN-49,Quảng Ninh,Quang Ninh,VNAP25-DB4205C899,VNAP25-EF05A5153C,Minh Thành,Minh Thanh
VN-49,Quảng Ninh,Quang Ninh,VNAP25-16AD371ADC,VNAP25-EF05A5153C,Nam Hòa,Nam Hoa
VN-49,Quảng Ninh,Quang Ninh,VNAP25-A4EF209BBB,VNAP25-EF05A5153C,Phong Cốc,Phong Coc
VN-49,Quảng Ninh,Quang Ninh,VNAP25-18224C7722,VNAP25-EF05A5153C,Phong Hải,Phong Hai
VN-49,Quảng Ninh,Quang Ninh,VNAP25-52BA8A08E6,VNAP25-EF05A5153C,Quảng Yên,Quang Yen
VN-49,Quảng Ninh,Quang Ninh,VNAP25-4CE05355A7,VNAP25-EF05A5153C,Sông Khoai,Song Khoai
VN-49,Quảng Ninh,Quang Ninh,VNAP25-DBD711EFEA,VNAP25-EF05A5153C,Tân An,Tan An
VN-49,Quảng Ninh,Quang Ninh,VNAP25-FAA666FBA2,VNAP25-EF05A5153C,Tiền An,Tien An
VN-49,Quảng Ninh,Quang Ninh,VNAP25-835798ED98,VNAP25-EF05A5153C,Tiền Phong,Tien Phong
VN-49,Quảng Ninh,Quang Ninh,VNAP25-0196EF0DB5,VNAP25-EF05A5153C,Yên Giang,Yen Giang
VN-49,Quảng Ninh,Quang Ninh,VNAP25-EE16A63638,VNAP25-EF05A5153C,Yên Hải,Yen Hai
VN-49,Quảng Ninh,Quang Ninh,VNAP25-260F82B391,,Tiên Yên,Tien Yen
VN-49,Quảng Ninh,Quang Ninh,VNAP25-B6D1C51012,VNAP25-260F82B391,Đại Dực,Dai Duc
VN-49,Quảng Ninh,Quang Ninh,VNAP25-12B29B3782,VNAP25-260F82B391,Điền Xá,Dien Xa
VN-49,Quảng Ninh,Quang Ninh,VNAP25-F4A3B3CFE0,VNAP25-260F82B391,Đông Hải,Dong Hai
VN-49,Quảng Ninh,Quang Ninh,VNAP25-51F598CA15,VNAP25-260F82B391,Đông Ngũ,Dong Ngu
VN-49,Quảng Ninh,Quang Ninh,VNAP25-3C00961B23,VNAP25-260F82B391,Đồng Rui,Dong Rui
VN-49,Quảng Ninh,Quang Ninh,VNAP25-793EE18483,VNAP25-260F82B391,Hà Lâu,Ha Lau
VN-49,Quảng Ninh,Quang Ninh,VNAP25-1414E121C6,VNAP25-260F82B391,Hải Lạng,Hai Lang
VN-49,Quảng Ninh,Quang Ninh,VNAP25-4BB5EEF44D,VNAP25-260F82B391,Phong Dụ,Phong Du
VN-49,Quảng Ninh,Quang Ninh,VNAP25-40178949B3,VNAP25-260F82B391,Tiên Lãng,Tien Lang
VN-49,Quảng Ninh,Quang Ninh,VNAP25-D4E6610180,VNAP25-260F82B391,Tiên Yên,Tien Yen
VN-49,Quảng Ninh,Quang Ninh,VNAP25-86A4C3FB47,VNAP25-260F82B391,Yên Than,Yen Than
VN-49,Quảng Ninh,Quang Ninh,VNAP25-DAACF10EBD,,Uông Bí,Uong Bi
VN-49,Quảng Ninh,Quang Ninh,VNAP25-C2BB64DDDC,VNAP25-DAACF10EBD,Bắc Sơn,Bac Son
VN-49,Quảng Ninh,Quang Ninh,VNAP25-EC273ADE46,VNAP25-DAACF10EBD,Nam Khê,Nam Khe
VN-49,Quảng Ninh,Quang Ninh,VNAP25-81E79F7ED1,VNAP25-DAACF10EBD,Phương Đông,Phuong Dong
VN-49,Quảng Ninh,Quang Ninh,VNAP25-97F2E870AD,VNAP25-DAACF10EBD,Phương Nam,Phuong Nam
VN-49,Quảng Ninh,Quang Ninh,VNAP25-F2D09997DA,VNAP25-DAACF10EBD,Quang Trung,Quang Trung
VN-49,Quảng Ninh,Quang Ninh,VNAP25-AAFB94ED94,VNAP25-DAACF10EBD,Thanh Sơn,Thanh Son
VN-49,Quảng Ninh,Quang Ninh,VNAP25-5AECD5123F,VNAP25-DAACF10EBD,Thượng Yên Công,Thuong Yen Cong
VN-49,Quảng Ninh,Quang Ninh,VNAP25-4435D4499A,VNAP25-DAACF10EBD,Trưng Vương,Trung Vuong
VN-49,Quảng Ninh,Quang Ninh,VNAP25-E9BF21FC8E,VNAP25-DAACF10EBD,Vàng Danh,Vang Danh
VN-49,Quảng Ninh,Quang Ninh,VNAP25-17AAC04267,VNAP25-DAACF10EBD,Yên Thanh,Yen Thanh
VN-49,Quảng Ninh,Quang Ninh,VNAP25-4BAD844789,,Vân Đồn,Van Don
VN-49,Quảng Ninh,Quang Ninh,VNAP25-4143B6345A,VNAP25-4BAD844789,Bản Sen,Ban Sen
VN-49,Quảng Ninh,Quang Ninh,VNAP25-CD4AB75CFA,VNAP25-4BAD844789,Bình Dân,Binh Dan
VN-49,Quảng Ninh,Quang Ninh,VNAP25-F6F0BF7FFC,VNAP25-4BAD844789,Cái Rồng,Cai Rong
VN-49,Quảng Ninh,Quang Ninh,VNAP25-5A8D4EE20D,VNAP25-4BAD844789,Đài Xuyên,Dai Xuyen
VN-49,Quảng Ninh,Quang Ninh,VNAP25-F2C9CDD709,VNAP25-4BAD844789,Đoàn Kết,Doan Ket
VN-49,Quảng Ninh,Quang Ninh,VNAP25-EA74F619FB,VNAP25-4BAD844789,Đông Xá,Dong Xa
VN-49,Quảng Ninh,Quang Ninh,VNAP25-BD76E3E053,VNAP25-4BAD844789,Hạ Long,Ha Long
VN-49,Quảng Ninh,Quang Ninh,VNAP25-55C9FEB2F7,VNAP25-4BAD844789,Minh Châu,Minh Chau
VN-49,Quảng Ninh,Quang Ninh,VNAP25-6AD48DA9E9,VNAP25-4BAD844789,Ngọc Vừng,Ngoc Vung
VN-49,Quảng Ninh,Quang Ninh,VNAP25-250DAA862F,VNAP25-4BAD844789,Quan Lạn,Quan Lan
VN-49,Quảng Ninh,Quang Ninh,VNAP25-BF191F3C83,VNAP25-4BAD844789,Thắng Lợi,Thang Loi
VN-49,Quảng Ninh,Quang Ninh,VNAP25-6A2DC2717C,VNAP25-4BAD844789,Vạn Yên,Van Yen
VN-50,Quảng Trị,Quang Tri,VNAP25-BE3A07697F,,Cam Lộ,Cam Lo
VN-50,Quảng Trị,Quang Tri,VNAP25-3B816AA649,VNAP25-BE3A07697F,Cam Chính,Cam Chinh
VN-50,Quảng Trị,Quang Tri,VNAP25-4EB4F16F9E,VNAP25-BE3A07697F,Cam Hiếu,Cam Hieu
VN-50,Quảng Trị,Quang Tri,VNAP25-2DA64BF052,VNAP25-BE3A07697F,Cam Lộ,Cam Lo
VN-50,Quảng Trị,Quang Tri,VNAP25-4E6D588C01,VNAP25-BE3A07697F,Cam Nghĩa,Cam Nghia
VN-50,Quảng Trị,Quang Tri,VNAP25-87F72838D0,VNAP25-BE3A07697F,Cam Thành,Cam Thanh
VN-50,Quảng Trị,Quang Tri,VNAP25-88C2F1B404,VNAP25-BE3A07697F,Cam Thủy,Cam Thuy
VN-50,Quảng Trị,Quang Tri,VNAP25-E1A29CC866,VNAP25-BE3A07697F,Cam Tuyền,Cam Tuyen
VN-50,Quảng Trị,Quang Tri,VNAP25-4E85F26474,VNAP25-BE3A07697F,Thanh An,Thanh An
VN-50,Quảng Trị,Quang Tri,VNAP25-13E2BD3191,,Cồn Cỏ,Con Co
VN-50,Quảng Trị,Quang Tri,VNAP25-0E5864DFBF,,Đa Krông,Da Krong
VN-50,Quảng Trị,Quang Tri,VNAP25-95CE763695,VNAP25-0E5864DFBF,A Bung,A Bung
VN-50,Quảng Trị,Quang Tri,VNAP25-4B82D2C0B0,VNAP25-0E5864DFBF,A Ngo,A Ngo
VN-50,Quảng Trị,Quang Tri,VNAP25-55A3CA5B02,VNAP25-0E5864DFBF,A Vao,A Vao
VN-50,Quảng Trị,Quang Tri,VNAP25-244B6AF35B,VNAP25-0E5864DFBF,Ba Lòng,Ba Long
VN-50,Quảng Trị,Quang Tri,VNAP25-9E80DEB70A,VNAP25-0E5864DFBF,Ba Nang,Ba Nang
VN-50,Quảng Trị,Quang Tri,VNAP25-3C0B0C7B09,VNAP25-0E5864DFBF,Đa Krông,Da Krong
VN-50,Quảng Trị,Quang Tri,VNAP25-FFD7696598,VNAP25-0E5864DFBF,Húc Nghì,Huc Nghi
VN-50,Quảng Trị,Quang Tri,VNAP25-F4E7186E93,VNAP25-0E5864DFBF,Hướng Hiệp,Huong Hiep
VN-50,Quảng Trị,Quang Tri,VNAP25-9AE534BC4A,VNAP25-0E5864DFBF,Krông KLang,Krong KLang
VN-50,Quảng Trị,Quang Tri,VNAP25-A7406C0231,VNAP25-0E5864DFBF,Mò Ó,Mo O
VN-50,Quảng Trị,Quang Tri,VNAP25-784B18EEE1,VNAP25-0E5864DFBF,Tà Long,Ta Long
VN-50,Quảng Trị,Quang Tri,VNAP25-D9E1B89E20,VNAP25-0E5864DFBF,Tà Rụt,Ta Rut
VN-50,Quảng Trị,Quang Tri,VNAP25-C8D61DA175,VNAP25-0E5864DFBF,Triệu Nguyên,Trieu Nguyen
VN-50,Quảng Trị,Quang Tri,VNAP25-028AD5E5CC,,Đông Hà,Dong Ha
VN-50,Quảng Trị,Quang Tri,VNAP25-82C20D9A83,VNAP25-028AD5E5CC,1,1
VN-50,Quảng Trị,Quang Tri,VNAP25-52E243D845,VNAP25-028AD5E5CC,2,2
VN-50,Quảng Trị,Quang Tri,VNAP25-D2E9C35CFF,VNAP25-028AD5E5CC,3,3
VN-50,Quảng Trị,Quang Tri,VNAP25-8F8BE42E19,VNAP25-028AD5E5CC,4,4
VN-50,Quảng Trị,Quang Tri,VNAP25-EB6C68B7DD,VNAP25-028AD5E5CC,5,5
VN-50,Quảng Trị,Quang Tri,VNAP25-C4C3C3CC0F,VNAP25-028AD5E5CC,Đông Giang,Dong Giang
VN-50,Quảng Trị,Quang Tri,VNAP25-A344BDAD7D,VNAP25-028AD5E5CC,Đông Lễ,Dong Le
VN-50,Quảng Trị,Quang Tri,VNAP25-1F7A38AEE9,VNAP25-028AD5E5CC,Đông Lương,Dong Luong
VN-50,Quảng Trị,Quang Tri,VNAP25-A06F554BE0,VNAP25-028AD5E5CC,Đông Thanh,Dong Thanh
VN-50,Quảng Trị,Quang Tri,VNAP25-D014D6F66A,,Gio Linh,Gio Linh
VN-50,Quảng Trị,Quang Tri,VNAP25-EA6F3ADA99,VNAP25-D014D6F66A,Cửa Việt,Cua Viet
VN-50,Quảng Trị,Quang Tri,VNAP25-EA4C7F2BAF,VNAP25-D014D6F66A,Gio An,Gio An
VN-50,Quảng Trị,Quang Tri,VNAP25-DA6897FAE5,VNAP25-D014D6F66A,Gio Hải,Gio Hai
VN-50,Quảng Trị,Quang Tri,VNAP25-4136919C63,VNAP25-D014D6F66A,Gio Linh,Gio Linh
VN-50,Quảng Trị,Quang Tri,VNAP25-09DA695241,VNAP25-D014D6F66A,Gio Mai,Gio Mai
VN-50,Quảng Trị,Quang Tri,VNAP25-30B7849A44,VNAP25-D014D6F66A,Gio Mỹ,Gio My
VN-50,Quảng Trị,Quang Tri,VNAP25-005EA2F396,VNAP25-D014D6F66A,Gio Quang,Gio Quang
VN-50,Quảng Trị,Quang Tri,VNAP25-C1AA10CC72,VNAP25-D014D6F66A,Gio Sơn,Gio Son
VN-50,Quảng Trị,Quang Tri,VNAP25-DC0622DE25,VNAP25-D014D6F66A,Hải Thái,Hai Thai
VN-50,Quảng Trị,Quang Tri,VNAP25-DFE59525B8,VNAP25-D014D6F66A,Linh Trường,Linh Truong
VN-50,Quảng Trị,Quang Tri,VNAP25-CE15136DEC,VNAP25-D014D6F66A,Phong Bình,Phong Binh
VN-50,Quảng Trị,Quang Tri,VNAP25-72579B8E06,VNAP25-D014D6F66A,Trung Giang,Trung Giang
VN-50,Quảng Trị,Quang Tri,VNAP25-8B43AEF5E1,VNAP25-D014D6F66A,Trung Hải,Trung Hai
VN-50,Quảng Trị,Quang Tri,VNAP25-1218121F2C,VNAP25-D014D6F66A,Trung Sơn,Trung Son
VN-50,Quảng Trị,Quang Tri,VNAP25-D4960183DC,,Hải Lăng,Hai Lang
VN-50,Quảng Trị,Quang Tri,VNAP25-9632BB016C,VNAP25-D4960183DC,Diên Sanh,Dien Sanh
VN-50,Quảng Trị,Quang Tri,VNAP25-C81B8FDF7A,VNAP25-D4960183DC,Hải An,Hai An
VN-50,Quảng Trị,Quang Tri,VNAP25-25F3101D86,VNAP25-D4960183DC,Hải Bình,Hai Binh
VN-50,Quảng Trị,Quang Tri,VNAP25-0D421FBB59,VNAP25-D4960183DC,Hải Chánh,Hai Chanh
VN-50,Quảng Trị,Quang Tri,VNAP25-0467278EC6,VNAP25-D4960183DC,Hải Định,Hai Dinh
VN-50,Quảng Trị,Quang Tri,VNAP25-C811B8A08D,VNAP25-D4960183DC,Hải Dương,Hai Duong
VN-50,Quảng Trị,Quang Tri,VNAP25-724ACAD871,VNAP25-D4960183DC,Hải Hưng,Hai Hung
VN-50,Quảng Trị,Quang Tri,VNAP25-645CDF2802,VNAP25-D4960183DC,Hải Khê,Hai Khe
VN-50,Quảng Trị,Quang Tri,VNAP25-CE32E1B4FC,VNAP25-D4960183DC,Hải Lâm,Hai Lam
VN-50,Quảng Trị,Quang Tri,VNAP25-2662B5D97D,VNAP25-D4960183DC,Hải Phong,Hai Phong
VN-50,Quảng Trị,Quang Tri,VNAP25-BCC9BA5D76,VNAP25-D4960183DC,Hải Phú,Hai Phu
VN-50,Quảng Trị,Quang Tri,VNAP25-26BDB82F96,VNAP25-D4960183DC,Hải Quy,Hai Quy
VN-50,Quảng Trị,Quang Tri,VNAP25-EA41A6D5C3,VNAP25-D4960183DC,Hải Sơn,Hai Son
VN-50,Quảng Trị,Quang Tri,VNAP25-412A21A753,VNAP25-D4960183DC,Hải Thượng,Hai Thuong
VN-50,Quảng Trị,Quang Tri,VNAP25-017E864067,VNAP25-D4960183DC,Hải Trường,Hai Truong
VN-50,Quảng Trị,Quang Tri,VNAP25-5E74BC3A9A,,Hướng Hóa,Huong Hoa
VN-50,Quảng Trị,Quang Tri,VNAP25-33D5E9AEE2,VNAP25-5E74BC3A9A,A Dơi,A Doi
VN-50,Quảng Trị,Quang Tri,VNAP25-22C15B3B4F,VNAP25-5E74BC3A9A,Ba Tầng,Ba Tang
VN-50,Quảng Trị,Quang Tri,VNAP25-38564D35F1,VNAP25-5E74BC3A9A,Húc,Huc
VN-50,Quảng Trị,Quang Tri,VNAP25-366142C325,VNAP25-5E74BC3A9A,Hướng Lập,Huong Lap
VN-50,Quảng Trị,Quang Tri,VNAP25-941CAED0BC,VNAP25-5E74BC3A9A,Hướng Linh,Huong Linh
VN-50,Quảng Trị,Quang Tri,VNAP25-37092ADF3D,VNAP25-5E74BC3A9A,Hướng Lộc,Huong Loc
VN-50,Quảng Trị,Quang Tri,VNAP25-CB45386457,VNAP25-5E74BC3A9A,Hướng Phùng,Huong Phung
VN-50,Quảng Trị,Quang Tri,VNAP25-BF4086F365,VNAP25-5E74BC3A9A,Hướng Sơn,Huong Son
VN-50,Quảng Trị,Quang Tri,VNAP25-8113BC83BB,VNAP25-5E74BC3A9A,Hướng Tân,Huong Tan
VN-50,Quảng Trị,Quang Tri,VNAP25-D69EFF4547,VNAP25-5E74BC3A9A,Hướng Việt,Huong Viet
VN-50,Quảng Trị,Quang Tri,VNAP25-F85C7B9A43,VNAP25-5E74BC3A9A,Khe Sanh,Khe Sanh
VN-50,Quảng Trị,Quang Tri,VNAP25-885D370F2D,VNAP25-5E74BC3A9A,Lao Bảo,Lao Bao
VN-50,Quảng Trị,Quang Tri,VNAP25-CEBC918606,VNAP25-5E74BC3A9A,Lìa,Lia
VN-50,Quảng Trị,Quang Tri,VNAP25-B789334324,VNAP25-5E74BC3A9A,Tân Hợp,Tan Hop
VN-50,Quảng Trị,Quang Tri,VNAP25-596CC08CBE,VNAP25-5E74BC3A9A,Tân Lập,Tan Lap
VN-50,Quảng Trị,Quang Tri,VNAP25-90708B9806,VNAP25-5E74BC3A9A,Tân Liên,Tan Lien
VN-50,Quảng Trị,Quang Tri,VNAP25-AF4DF85E90,VNAP25-5E74BC3A9A,Tân Long,Tan Long
VN-50,Quảng Trị,Quang Tri,VNAP25-9C467B5406,VNAP25-5E74BC3A9A,Tân Thành,Tan Thanh
VN-50,Quảng Trị,Quang Tri,VNAP25-BE8EE86D84,VNAP25-5E74BC3A9A,Thanh,Thanh
VN-50,Quảng Trị,Quang Tri,VNAP25-3DBCE82478,VNAP25-5E74BC3A9A,Thuận,Thuan
VN-50,Quảng Trị,Quang Tri,VNAP25-90BA18CDB0,VNAP25-5E74BC3A9A,Xy,Xy
VN-50,Quảng Trị,Quang Tri,VNAP25-0073EBC9DE,,Quảng Trị,Quang Tri
VN-50,Quảng Trị,Quang Tri,VNAP25-27A9A39D71,VNAP25-0073EBC9DE,1,1
VN-50,Quảng Trị,Quang Tri,VNAP25-C11B2E4EB2,VNAP25-0073EBC9DE,2,2
VN-50,Quảng Trị,Quang Tri,VNAP25-9A07575A2B,VNAP25-0073EBC9DE,3,3
VN-50,Quảng Trị,Quang Tri,VNAP25-E564E6DACF,VNAP25-0073EBC9DE,An Đôn,An Don
VN-50,Quảng Trị,Quang Tri,VNAP25-FAF02C7A96,VNAP25-0073EBC9DE,Hải Lệ,Hai Le
VN-50,Quảng Trị,Quang Tri,VNAP25-BE3F025C85,,Triệu Phong,Trieu Phong
VN-50,Quảng Trị,Quang Tri,VNAP25-9D93362F53,VNAP25-BE3F025C85,Ái Tử,Ai Tu
VN-50,Quảng Trị,Quang Tri,VNAP25-0EEBA0B078,VNAP25-BE3F025C85,Triệu Ái,Trieu Ai
VN-50,Quảng Trị,Quang Tri,VNAP25-B4795B4866,VNAP25-BE3F025C85,Triệu Cơ,Trieu Co
VN-50,Quảng Trị,Quang Tri,VNAP25-271E8B915F,VNAP25-BE3F025C85,Triệu Đại,Trieu Dai
VN-50,Quảng Trị,Quang Tri,VNAP25-5CD6220FD7,VNAP25-BE3F025C85,Triệu Độ,Trieu Do
VN-50,Quảng Trị,Quang Tri,VNAP25-7A195CF8E7,VNAP25-BE3F025C85,Triệu Giang,Trieu Giang
VN-50,Quảng Trị,Quang Tri,VNAP25-65C216BC76,VNAP25-BE3F025C85,Triệu Hòa,Trieu Hoa
VN-50,Quảng Trị,Quang Tri,VNAP25-DD1CB0CB8B,VNAP25-BE3F025C85,Triệu Long,Trieu Long
VN-50,Quảng Trị,Quang Tri,VNAP25-70774628C7,VNAP25-BE3F025C85,Triệu Phước,Trieu Phuoc
VN-50,Quảng Trị,Quang Tri,VNAP25-4EE5E73CC8,VNAP25-BE3F025C85,Triệu Tài,Trieu Tai
VN-50,Quảng Trị,Quang Tri,VNAP25-361859F3AD,VNAP25-BE3F025C85,Triệu Tân,Trieu Tan
VN-50,Quảng Trị,Quang Tri,VNAP25-77AE52667E,VNAP25-BE3F025C85,Triệu Thành,Trieu Thanh
VN-50,Quảng Trị,Quang Tri,VNAP25-6CC46A177D,VNAP25-BE3F025C85,Triệu Thuận,Trieu Thuan
VN-50,Quảng Trị,Quang Tri,VNAP25-12885EF0C2,VNAP25-BE3F025C85,Triệu Thượng,Trieu Thuong
VN-50,Quảng Trị,Quang Tri,VNAP25-B01141AE4A,VNAP25-BE3F025C85,Triệu Trạch,Trieu Trach
VN-50,Quảng Trị,Quang Tri,VNAP25-00CD905C0F,VNAP25-BE3F025C85,Triệu Trung,Trieu Trung
VN-50,Quảng Trị,Quang Tri,VNAP25-6A134107E7,,Vĩnh Linh,Vinh Linh
VN-50,Quảng Trị,Quang Tri,VNAP25-DC45ED43B2,VNAP25-6A134107E7,Bến Quan,Ben Quan
VN-50,Quảng Trị,Quang Tri,VNAP25-1492B8AF66,VNAP25-6A134107E7,Cửa Tùng,Cua Tung
VN-50,Quảng Trị,Quang Tri,VNAP25-2C55ECAB12,VNAP25-6A134107E7,Hiền Thành,Hien Thanh
VN-50,Quảng Trị,Quang Tri,VNAP25-323273D200,VNAP25-6A134107E7,Hồ Xá,Ho Xa
VN-50,Quảng Trị,Quang Tri,VNAP25-A285064217,VNAP25-6A134107E7,Kim Thạch,Kim Thach
VN-50,Quảng Trị,Quang Tri,VNAP25-4B5B2AD79F,VNAP25-6A134107E7,Trung Nam,Trung Nam
VN-50,Quảng Trị,Quang Tri,VNAP25-4858B53188,VNAP25-6A134107E7,Vĩnh Chấp,Vinh Chap
VN-50,Quảng Trị,Quang Tri,VNAP25-B0445DBED2,VNAP25-6A134107E7,Vĩnh Giang,Vinh Giang
VN-50,Quảng Trị,Quang Tri,VNAP25-021D6A1167,VNAP25-6A134107E7,Vĩnh Hà,Vinh Ha
VN-50,Quảng Trị,Quang Tri,VNAP25-D775E327A8,VNAP25-6A134107E7,Vĩnh Hòa,Vinh Hoa
VN-50,Quảng Trị,Quang Tri,VNAP25-423265AE32,VNAP25-6A134107E7,Vĩnh Khê,Vinh Khe
VN-50,Quảng Trị,Quang Tri,VNAP25-342FBED82E,VNAP25-6A134107E7,Vĩnh Lâm,Vinh Lam
VN-50,Quảng Trị,Quang Tri,VNAP25-48F7DE5F75,VNAP25-6A134107E7,Vĩnh Long,Vinh Long
VN-50,Quảng Trị,Quang Tri,VNAP25-5A6CCF3382,VNAP25-6A134107E7,Vĩnh Ô,Vinh O
VN-50,Quảng Trị,Quang Tri,VNAP25-44CC6D9289,VNAP25-6A134107E7,Vĩnh Sơn,Vinh Son
VN-50,Quảng Trị,Quang Tri,VNAP25-000046EF49,VNAP25-6A134107E7,Vĩnh Thái,Vinh Thai
VN-50,Quảng Trị,Quang Tri,VNAP25-85A08F33A4,VNAP25-6A134107E7,Vĩnh Thủy,Vinh Thuy
VN-50,Quảng Trị,Quang Tri,VNAP25-163F21BBF3,VNAP25-6A134107E7,Vĩnh Tú,Vinh Tu
VN-51,Sóc Trăng,Soc Trang,VNAP25-97465717B3,,Châu Thành,Chau Thanh
VN-51,Sóc Trăng,Soc Trang,VNAP25-42631C4B9C,VNAP25-97465717B3,An Hiệp,An Hiep
VN-51,Sóc Trăng,Soc Trang,VNAP25-48585A5D2D,VNAP25-97465717B3,An Ninh,An Ninh
VN-51,Sóc Trăng,Soc Trang,VNAP25-91F6792BBA,VNAP25-97465717B3,Châu Thành,Chau Thanh
VN-51,Sóc Trăng,Soc Trang,VNAP25-95819B873A,VNAP25-97465717B3,Hồ Đắc Kiện,Ho Dac Kien
VN-51,Sóc Trăng,Soc Trang,VNAP25-FCC0C36567,VNAP25-97465717B3,Phú Tâm,Phu Tam
VN-51,Sóc Trăng,Soc Trang,VNAP25-ED7CA0EFBF,VNAP25-97465717B3,Phú Tân,Phu Tan
VN-51,Sóc Trăng,Soc Trang,VNAP25-985655D4D9,VNAP25-97465717B3,Thiện Mỹ,Thien My
VN-51,Sóc Trăng,Soc Trang,VNAP25-6A736CD876,VNAP25-97465717B3,Thuận Hòa,Thuan Hoa
VN-51,Sóc Trăng,Soc Trang,VNAP25-6779BE0BAD,,Cù Lao Dung,Cu Lao Dung
VN-51,Sóc Trăng,Soc Trang,VNAP25-29EAEAD077,VNAP25-6779BE0BAD,An Thạnh 1,An Thanh 1
VN-51,Sóc Trăng,Soc Trang,VNAP25-B7A3B06589,VNAP25-6779BE0BAD,An Thạnh 2,An Thanh 2
VN-51,Sóc Trăng,Soc Trang,VNAP25-9CFE25424A,VNAP25-6779BE0BAD,An Thạnh 3,An Thanh 3
VN-51,Sóc Trăng,Soc Trang,VNAP25-BDC8077375,VNAP25-6779BE0BAD,An Thạnh Đông,An Thanh Dong
VN-51,Sóc Trăng,Soc Trang,VNAP25-5829565BB6,VNAP25-6779BE0BAD,An Thạnh Nam,An Thanh Nam
VN-51,Sóc Trăng,Soc Trang,VNAP25-6276FA6721,VNAP25-6779BE0BAD,An Thạnh Tây,An Thanh Tay
VN-51,Sóc Trăng,Soc Trang,VNAP25-E67C8514D3,VNAP25-6779BE0BAD,Cù Lao Dung,Cu Lao Dung
VN-51,Sóc Trăng,Soc Trang,VNAP25-668DE482BE,VNAP25-6779BE0BAD,Đại Ân 1,Dai An 1
VN-51,Sóc Trăng,Soc Trang,VNAP25-F9B23FEBB2,,Kế Sách,Ke Sach
VN-51,Sóc Trăng,Soc Trang,VNAP25-BDCE0491CF,VNAP25-F9B23FEBB2,An Lạc Tây,An Lac Tay
VN-51,Sóc Trăng,Soc Trang,VNAP25-5460415C9A,VNAP25-F9B23FEBB2,An Lạc Thôn,An Lac Thon
VN-51,Sóc Trăng,Soc Trang,VNAP25-F90ECC4CA1,VNAP25-F9B23FEBB2,An Mỹ,An My
VN-51,Sóc Trăng,Soc Trang,VNAP25-8AA5C8AAE5,VNAP25-F9B23FEBB2,Ba Trinh,Ba Trinh
VN-51,Sóc Trăng,Soc Trang,VNAP25-156778EEB2,VNAP25-F9B23FEBB2,Đại Hải,Dai Hai
VN-51,Sóc Trăng,Soc Trang,VNAP25-5CFE561F1B,VNAP25-F9B23FEBB2,Kế An,Ke An
VN-51,Sóc Trăng,Soc Trang,VNAP25-CFFE285D88,VNAP25-F9B23FEBB2,Kế Sách,Ke Sach
VN-51,Sóc Trăng,Soc Trang,VNAP25-E8D61393AA,VNAP25-F9B23FEBB2,Kế Thành,Ke Thanh
VN-51,Sóc Trăng,Soc Trang,VNAP25-DA3A212F09,VNAP25-F9B23FEBB2,Nhơn Mỹ,Nhon My
VN-51,Sóc Trăng,Soc Trang,VNAP25-6EFF534680,VNAP25-F9B23FEBB2,Phong Nẫm,Phong Nam
VN-51,Sóc Trăng,Soc Trang,VNAP25-AF7CB5AD0F,VNAP25-F9B23FEBB2,Thới An Hội,Thoi An Hoi
VN-51,Sóc Trăng,Soc Trang,VNAP25-909744A00B,VNAP25-F9B23FEBB2,Trinh Phú,Trinh Phu
VN-51,Sóc Trăng,Soc Trang,VNAP25-9A3A2EF8EE,VNAP25-F9B23FEBB2,Xuân Hòa,Xuan Hoa
VN-51,Sóc Trăng,Soc Trang,VNAP25-2463BC3510,,Long Phú,Long Phu
VN-51,Sóc Trăng,Soc Trang,VNAP25-C3FD18D867,VNAP25-2463BC3510,Châu Khánh,Chau Khanh
VN-51,Sóc Trăng,Soc Trang,VNAP25-22C5EDD66D,VNAP25-2463BC3510,Đại Ngãi,Dai Ngai
VN-51,Sóc Trăng,Soc Trang,VNAP25-72B7355EA0,VNAP25-2463BC3510,Hậu Thạnh,Hau Thanh
VN-51,Sóc Trăng,Soc Trang,VNAP25-CD5F415F48,VNAP25-2463BC3510,Long Đức,Long Duc
VN-51,Sóc Trăng,Soc Trang,VNAP25-DD071C4DF3,VNAP25-2463BC3510,Long Phú (Thị trấn),Long Phu (Town)
VN-51,Sóc Trăng,Soc Trang,VNAP25-F45B63CD5B,VNAP25-2463BC3510,Long Phú (Xã),Long Phu (Commune)
VN-51,Sóc Trăng,Soc Trang,VNAP25-66B9FFEB37,VNAP25-2463BC3510,Phú Hữu,Phu Huu
VN-51,Sóc Trăng,Soc Trang,VNAP25-3E8C8EB3ED,VNAP25-2463BC3510,Song Phụng,Song Phung
VN-51,Sóc Trăng,Soc Trang,VNAP25-AD6AC59476,VNAP25-2463BC3510,Tân Hưng,Tan Hung
VN-51,Sóc Trăng,Soc Trang,VNAP25-096AEC534C,VNAP25-2463BC3510,Tân Thạnh,Tan Thanh
VN-51,Sóc Trăng,Soc Trang,VNAP25-414781F05B,VNAP25-2463BC3510,Trường Khánh,Truong Khanh
VN-51,Sóc Trăng,Soc Trang,VNAP25-60C59E40FB,,Mỹ Tú,My Tu
VN-51,Sóc Trăng,Soc Trang,VNAP25-0C1713BF2B,VNAP25-60C59E40FB,Hưng Phú,Hung Phu
VN-51,Sóc Trăng,Soc Trang,VNAP25-A837B65E26,VNAP25-60C59E40FB,Huỳnh Hữu Nghĩa,Huynh Huu Nghia
VN-51,Sóc Trăng,Soc Trang,VNAP25-51319C9AE7,VNAP25-60C59E40FB,Long Hưng,Long Hung
VN-51,Sóc Trăng,Soc Trang,VNAP25-D70D8F3385,VNAP25-60C59E40FB,Mỹ Hương,My Huong
VN-51,Sóc Trăng,Soc Trang,VNAP25-73C81B2E96,VNAP25-60C59E40FB,Mỹ Phước,My Phuoc
VN-51,Sóc Trăng,Soc Trang,VNAP25-FBEB9C6A54,VNAP25-60C59E40FB,Mỹ Thuận,My Thuan
VN-51,Sóc Trăng,Soc Trang,VNAP25-44116C0B40,VNAP25-60C59E40FB,Mỹ Tú,My Tu
VN-51,Sóc Trăng,Soc Trang,VNAP25-63A63BBF04,VNAP25-60C59E40FB,Phú Mỹ,Phu My
VN-51,Sóc Trăng,Soc Trang,VNAP25-8B23719B70,VNAP25-60C59E40FB,Thuận Hưng,Thuan Hung
VN-51,Sóc Trăng,Soc Trang,VNAP25-CE92E879B6,,Mỹ Xuyên,My Xuyen
VN-51,Sóc Trăng,Soc Trang,VNAP25-79F94AC3D4,VNAP25-CE92E879B6,Đại Tâm,Dai Tam
VN-51,Sóc Trăng,Soc Trang,VNAP25-ABE76CCBF1,VNAP25-CE92E879B6,Gia Hòa 1,Gia Hoa 1
VN-51,Sóc Trăng,Soc Trang,VNAP25-AFA8A8EB6B,VNAP25-CE92E879B6,Gia Hòa 2,Gia Hoa 2
VN-51,Sóc Trăng,Soc Trang,VNAP25-8A618BD30C,VNAP25-CE92E879B6,Hòa Tú 1,Hoa Tu 1
VN-51,Sóc Trăng,Soc Trang,VNAP25-C0DE817B94,VNAP25-CE92E879B6,Hòa Tú 2,Hoa Tu 2
VN-51,Sóc Trăng,Soc Trang,VNAP25-28377F3EF0,VNAP25-CE92E879B6,Mỹ Xuyên,My Xuyen
VN-51,Sóc Trăng,Soc Trang,VNAP25-D4B17A5DF3,VNAP25-CE92E879B6,Ngọc Đông,Ngoc Dong
VN-51,Sóc Trăng,Soc Trang,VNAP25-9708F89AA4,VNAP25-CE92E879B6,Ngọc Tố,Ngoc To
VN-51,Sóc Trăng,Soc Trang,VNAP25-2C2E8E0E10,VNAP25-CE92E879B6,Tham Đôn,Tham Don
VN-51,Sóc Trăng,Soc Trang,VNAP25-F7019AC055,VNAP25-CE92E879B6,Thạnh Phú,Thanh Phu
VN-51,Sóc Trăng,Soc Trang,VNAP25-709CA5F64F,VNAP25-CE92E879B6,Thạnh Quới,Thanh Quoi
VN-51,Sóc Trăng,Soc Trang,VNAP25-B2F6843EA7,,Ngã Năm,Nga Nam
VN-51,Sóc Trăng,Soc Trang,VNAP25-2429BADAA3,VNAP25-B2F6843EA7,1,1
VN-51,Sóc Trăng,Soc Trang,VNAP25-A6F055CD00,VNAP25-B2F6843EA7,2,2
VN-51,Sóc Trăng,Soc Trang,VNAP25-4E0EA6043E,VNAP25-B2F6843EA7,3,3
VN-51,Sóc Trăng,Soc Trang,VNAP25-E4B0A95FDD,VNAP25-B2F6843EA7,Long Bình,Long Binh
VN-51,Sóc Trăng,Soc Trang,VNAP25-AA57892D58,VNAP25-B2F6843EA7,Mỹ Bình,My Binh
VN-51,Sóc Trăng,Soc Trang,VNAP25-543C2203DF,VNAP25-B2F6843EA7,Mỹ Quới,My Quoi
VN-51,Sóc Trăng,Soc Trang,VNAP25-387EA7E14A,VNAP25-B2F6843EA7,Tân Long,Tan Long
VN-51,Sóc Trăng,Soc Trang,VNAP25-610253DE4B,VNAP25-B2F6843EA7,Vĩnh Quới,Vinh Quoi
VN-51,Sóc Trăng,Soc Trang,VNAP25-A952D70B6C,,Sóc Trăng,Soc Trang
VN-51,Sóc Trăng,Soc Trang,VNAP25-91B86A507B,VNAP25-A952D70B6C,1,1
VN-51,Sóc Trăng,Soc Trang,VNAP25-B9DF4280AE,VNAP25-A952D70B6C,10,10
VN-51,Sóc Trăng,Soc Trang,VNAP25-61FFCAFC26,VNAP25-A952D70B6C,2,2
VN-51,Sóc Trăng,Soc Trang,VNAP25-ECF416DDF9,VNAP25-A952D70B6C,3,3
VN-51,Sóc Trăng,Soc Trang,VNAP25-2774709312,VNAP25-A952D70B6C,4,4
VN-51,Sóc Trăng,Soc Trang,VNAP25-FA6C4CE781,VNAP25-A952D70B6C,5,5
VN-51,Sóc Trăng,Soc Trang,VNAP25-32B9E7B956,VNAP25-A952D70B6C,6,6
VN-51,Sóc Trăng,Soc Trang,VNAP25-FD16B568FF,VNAP25-A952D70B6C,7,7
VN-51,Sóc Trăng,Soc Trang,VNAP25-5ECFBF71E5,VNAP25-A952D70B6C,8,8
VN-51,Sóc Trăng,Soc Trang,VNAP25-D398799273,,Thạnh Trị,Thanh Tri
VN-51,Sóc Trăng,Soc Trang,VNAP25-7A21E77CA6,VNAP25-D398799273,Châu Hưng,Chau Hung
VN-51,Sóc Trăng,Soc Trang,VNAP25-A78530FD44,VNAP25-D398799273,Hưng Lợi,Hung Loi
VN-51,Sóc Trăng,Soc Trang,VNAP25-BEAA308790,VNAP25-D398799273,Lâm Kiết,Lam Kiet
VN-51,Sóc Trăng,Soc Trang,VNAP25-1879AE5F96,VNAP25-D398799273,Lâm Tân,Lam Tan
VN-51,Sóc Trăng,Soc Trang,VNAP25-7B91938F6F,VNAP25-D398799273,Phú Lộc,Phu Loc
VN-51,Sóc Trăng,Soc Trang,VNAP25-CAD08B1B8A,VNAP25-D398799273,Thạnh Tân,Thanh Tan
VN-51,Sóc Trăng,Soc Trang,VNAP25-BC76B9735D,VNAP25-D398799273,Thạnh Trị,Thanh Tri
VN-51,Sóc Trăng,Soc Trang,VNAP25-F495F3642E,VNAP25-D398799273,Tuân Tức,Tuan Tuc
VN-51,Sóc Trăng,Soc Trang,VNAP25-1F6F639E06,VNAP25-D398799273,Vĩnh Lợi,Vinh Loi
VN-51,Sóc Trăng,Soc Trang,VNAP25-6B935BDDE6,VNAP25-D398799273,Vĩnh Thành,Vinh Thanh
VN-51,Sóc Trăng,Soc Trang,VNAP25-83CBDB7B91,,Trần Đề,Tran De
VN-51,Sóc Trăng,Soc Trang,VNAP25-E8D80F0E3B,VNAP25-83CBDB7B91,Đại Ân 2,Dai An 2
VN-51,Sóc Trăng,Soc Trang,VNAP25-3769D0454E,VNAP25-83CBDB7B91,Lịch Hội Thượng (Thị trấn),Lich Hoi Thuong (Town)
VN-51,Sóc Trăng,Soc Trang,VNAP25-1732A99112,VNAP25-83CBDB7B91,Lịch Hội Thượng (Xã),Lich Hoi Thuong (Commune)
VN-51,Sóc Trăng,Soc Trang,VNAP25-8FBC8B919B,VNAP25-83CBDB7B91,Liêu Tú,Lieu Tu
VN-51,Sóc Trăng,Soc Trang,VNAP25-8C3425A872,VNAP25-83CBDB7B91,Tài Văn,Tai Van
VN-51,Sóc Trăng,Soc Trang,VNAP25-F1B6A96B3E,VNAP25-83CBDB7B91,Thạnh Thới An,Thanh Thoi An
VN-51,Sóc Trăng,Soc Trang,VNAP25-583198A926,VNAP25-83CBDB7B91,Thạnh Thới Thuận,Thanh Thoi Thuan
VN-51,Sóc Trăng,Soc Trang,VNAP25-2E77D2EA8A,VNAP25-83CBDB7B91,Trần Đề,Tran De
VN-51,Sóc Trăng,Soc Trang,VNAP25-4AF129E3DC,VNAP25-83CBDB7B91,Trung Bình,Trung Binh
VN-51,Sóc Trăng,Soc Trang,VNAP25-E8710A9C8E,VNAP25-83CBDB7B91,Viên An,Vien An
VN-51,Sóc Trăng,Soc Trang,VNAP25-FD68607FBF,VNAP25-83CBDB7B91,Viên Bình,Vien Binh
VN-51,Sóc Trăng,Soc Trang,VNAP25-C2A18DC4A6,,Vĩnh Châu,Vinh Chau
VN-51,Sóc Trăng,Soc Trang,VNAP25-3906AF6C88,VNAP25-C2A18DC4A6,1,1
VN-51,Sóc Trăng,Soc Trang,VNAP25-19302B8065,VNAP25-C2A18DC4A6,2,2
VN-51,Sóc Trăng,Soc Trang,VNAP25-AA5780F5AB,VNAP25-C2A18DC4A6,Hòa Đông,Hoa Dong
VN-51,Sóc Trăng,Soc Trang,VNAP25-AFB6591D86,VNAP25-C2A18DC4A6,Khánh Hòa,Khanh Hoa
VN-51,Sóc Trăng,Soc Trang,VNAP25-1E6461C54D,VNAP25-C2A18DC4A6,Lạc Hòa,Lac Hoa
VN-51,Sóc Trăng,Soc Trang,VNAP25-3D67733447,VNAP25-C2A18DC4A6,Lai Hòa,Lai Hoa
VN-51,Sóc Trăng,Soc Trang,VNAP25-93426BC8F6,VNAP25-C2A18DC4A6,Vĩnh Hải,Vinh Hai
VN-51,Sóc Trăng,Soc Trang,VNAP25-CF820981A0,VNAP25-C2A18DC4A6,Vĩnh Hiệp,Vinh Hiep
VN-51,Sóc Trăng,Soc Trang,VNAP25-F0B2EB2D2C,VNAP25-C2A18DC4A6,Vĩnh Phước,Vinh Phuoc
VN-51,Sóc Trăng,Soc Trang,VNAP25-CA1D7F080F,VNAP25-C2A18DC4A6,Vĩnh Tân,Vinh Tan
VN-52,Sơn La,Son La,VNAP25-AAC9062E8A,,Bắc Yên,Bac Yen
VN-52,Sơn La,Son La,VNAP25-5253B714F3,VNAP25-AAC9062E8A,Bắc Yên,Bac Yen
VN-52,Sơn La,Son La,VNAP25-1CA9A55FFC,VNAP25-AAC9062E8A,Chiềng Sại,Chieng Sai
VN-52,Sơn La,Son La,VNAP25-BA0A2C3C5B,VNAP25-AAC9062E8A,Chim Vàn,Chim Van
VN-52,Sơn La,Son La,VNAP25-79B1B0F68A,VNAP25-AAC9062E8A,Hang Chú,Hang Chu
VN-52,Sơn La,Son La,VNAP25-56E5C6DADD,VNAP25-AAC9062E8A,Háng Đồng,Hang Dong
VN-52,Sơn La,Son La,VNAP25-5301BB39D4,VNAP25-AAC9062E8A,Hồng Ngài,Hong Ngai
VN-52,Sơn La,Son La,VNAP25-9FEB8096DB,VNAP25-AAC9062E8A,Hua Nhàn,Hua Nhan
VN-52,Sơn La,Son La,VNAP25-D9C63DFC97,VNAP25-AAC9062E8A,Làng Chếu,Lang Cheu
VN-52,Sơn La,Son La,VNAP25-58B443FE00,VNAP25-AAC9062E8A,Mường Khoa,Muong Khoa
VN-52,Sơn La,Son La,VNAP25-476C4400AB,VNAP25-AAC9062E8A,Pắc Ngà,Pac Nga
VN-52,Sơn La,Son La,VNAP25-5F226D8198,VNAP25-AAC9062E8A,Phiêng Ban,Phieng Ban
VN-52,Sơn La,Son La,VNAP25-C89E393837,VNAP25-AAC9062E8A,Phiêng Côn,Phieng Con
VN-52,Sơn La,Son La,VNAP25-E28A1761F2,VNAP25-AAC9062E8A,Song Pe,Song Pe
VN-52,Sơn La,Son La,VNAP25-49759FD850,VNAP25-AAC9062E8A,Tạ Khoa,Ta Khoa
VN-52,Sơn La,Son La,VNAP25-8D01B217E9,VNAP25-AAC9062E8A,Tà Xùa,Ta Xua
VN-52,Sơn La,Son La,VNAP25-22C173BD01,VNAP25-AAC9062E8A,Xím Vàng,Xim Vang
VN-52,Sơn La,Son La,VNAP25-7DACB88A9C,,Mai Sơn,Mai Son
VN-52,Sơn La,Son La,VNAP25-ECA966FE55,VNAP25-7DACB88A9C,Chiềng Ban,Chieng Ban
VN-52,Sơn La,Son La,VNAP25-A6E8A0A6C0,VNAP25-7DACB88A9C,Chiềng Chăn,Chieng Chan
VN-52,Sơn La,Son La,VNAP25-F5CE9DC205,VNAP25-7DACB88A9C,Chiềng Chung,Chieng Chung
VN-52,Sơn La,Son La,VNAP25-1CB9625CE5,VNAP25-7DACB88A9C,Chiềng Dong,Chieng Dong
VN-52,Sơn La,Son La,VNAP25-D04C3B5997,VNAP25-7DACB88A9C,Chiềng Kheo,Chieng Kheo
VN-52,Sơn La,Son La,VNAP25-77BBD3359F,VNAP25-7DACB88A9C,Chiềng Lương,Chieng Luong
VN-52,Sơn La,Son La,VNAP25-E5F2DFF649,VNAP25-7DACB88A9C,Chiềng Mai,Chieng Mai
VN-52,Sơn La,Son La,VNAP25-C766975C21,VNAP25-7DACB88A9C,Chiềng Mung,Chieng Mung
VN-52,Sơn La,Son La,VNAP25-E58746BB4F,VNAP25-7DACB88A9C,Chiềng Nơi,Chieng Noi
VN-52,Sơn La,Son La,VNAP25-E8AB2E8952,VNAP25-7DACB88A9C,Chiềng Sung,Chieng Sung
VN-52,Sơn La,Son La,VNAP25-490AD3AA11,VNAP25-7DACB88A9C,Chiềng Ve,Chieng Ve
VN-52,Sơn La,Son La,VNAP25-7EFE2A3647,VNAP25-7DACB88A9C,Cò Nòi,Co Noi
VN-52,Sơn La,Son La,VNAP25-05EB1DAC86,VNAP25-7DACB88A9C,Hát Lót (Thị trấn),Hat Lot (Town)
VN-52,Sơn La,Son La,VNAP25-4996F1BEC5,VNAP25-7DACB88A9C,Hát Lót (Xã),Hat Lot (Commune)
VN-52,Sơn La,Son La,VNAP25-9D7252B959,VNAP25-7DACB88A9C,Mường Bằng,Muong Bang
VN-52,Sơn La,Son La,VNAP25-14D48D326C,VNAP25-7DACB88A9C,Mường Bon,Muong Bon
VN-52,Sơn La,Son La,VNAP25-339E4F0DC1,VNAP25-7DACB88A9C,Mương Chanh,Muong Chanh
VN-52,Sơn La,Son La,VNAP25-82CC5B1BE1,VNAP25-7DACB88A9C,Nà Ơt,Na Ot
VN-52,Sơn La,Son La,VNAP25-0B128EA261,VNAP25-7DACB88A9C,Nà Pó,Na Po
VN-52,Sơn La,Son La,VNAP25-DC5097EF3D,VNAP25-7DACB88A9C,Phiêng Cằm,Phieng Cam
VN-52,Sơn La,Son La,VNAP25-95E8AFE4C9,VNAP25-7DACB88A9C,Phiêng Pằn,Phieng Pan
VN-52,Sơn La,Son La,VNAP25-2BC87187C7,VNAP25-7DACB88A9C,Tà Hộc,Ta Hoc
VN-52,Sơn La,Son La,VNAP25-C22F278091,,Mộc Châu,Moc Chau
VN-52,Sơn La,Son La,VNAP25-0270E2106F,VNAP25-C22F278091,Bình Minh,Binh Minh
VN-52,Sơn La,Son La,VNAP25-0840A2F708,VNAP25-C22F278091,Chiềng Chung,Chieng Chung
VN-52,Sơn La,Son La,VNAP25-47FBED4622,VNAP25-C22F278091,Chiềng Hắc,Chieng Hac
VN-52,Sơn La,Son La,VNAP25-1BE977CB47,VNAP25-C22F278091,Chiềng Khừa,Chieng Khua
VN-52,Sơn La,Son La,VNAP25-E1BB9EB4A7,VNAP25-C22F278091,Chiềng Sơn,Chieng Son
VN-52,Sơn La,Son La,VNAP25-70636D2844,VNAP25-C22F278091,Cờ Đỏ,Co Do
VN-52,Sơn La,Son La,VNAP25-CE92F2F1F4,VNAP25-C22F278091,Đoàn Kết,Doan Ket
VN-52,Sơn La,Son La,VNAP25-4B88246888,VNAP25-C22F278091,Đông Sang,Dong Sang
VN-52,Sơn La,Son La,VNAP25-2A5146715A,VNAP25-C22F278091,Lóng Sập,Long Sap
VN-52,Sơn La,Son La,VNAP25-3C00416A78,VNAP25-C22F278091,Mộc Lỵ,Moc Ly
VN-52,Sơn La,Son La,VNAP25-EEEDFC3F73,VNAP25-C22F278091,Mộc Sơn,Moc Son
VN-52,Sơn La,Son La,VNAP25-740BABF0C6,VNAP25-C22F278091,Mường Sang,Muong Sang
VN-52,Sơn La,Son La,VNAP25-B8F122B9F8,VNAP25-C22F278091,Tân Yên,Tan Yen
VN-52,Sơn La,Son La,VNAP25-B29D14E105,VNAP25-C22F278091,Thảo Nguyên,Thao Nguyen
VN-52,Sơn La,Son La,VNAP25-3E5C0F5955,VNAP25-C22F278091,Vân Sơn,Van Son
VN-52,Sơn La,Son La,VNAP25-AD728DA860,,Mường La,Muong La
VN-52,Sơn La,Son La,VNAP25-4CCE7573F8,VNAP25-AD728DA860,Chiềng Ân,Chieng An
VN-52,Sơn La,Son La,VNAP25-8D8EFF3395,VNAP25-AD728DA860,Chiềng Công,Chieng Cong
VN-52,Sơn La,Son La,VNAP25-6B33105407,VNAP25-AD728DA860,Chiềng Hoa,Chieng Hoa
VN-52,Sơn La,Son La,VNAP25-3FDDE8C42A,VNAP25-AD728DA860,Chiềng Lao,Chieng Lao
VN-52,Sơn La,Son La,VNAP25-968E298E3F,VNAP25-AD728DA860,Chiềng Muôn,Chieng Muon
VN-52,Sơn La,Son La,VNAP25-0C69354935,VNAP25-AD728DA860,Chiềng San,Chieng San
VN-52,Sơn La,Son La,VNAP25-133097DC9A,VNAP25-AD728DA860,Hua Trai,Hua Trai
VN-52,Sơn La,Son La,VNAP25-9BF6C72689,VNAP25-AD728DA860,Ít Ong,It Ong
VN-52,Sơn La,Son La,VNAP25-B50545E1BD,VNAP25-AD728DA860,Mường Bú,Muong Bu
VN-52,Sơn La,Son La,VNAP25-80304E97C7,VNAP25-AD728DA860,Mường Chùm,Muong Chum
VN-52,Sơn La,Son La,VNAP25-3F88B1D4A1,VNAP25-AD728DA860,Mường Trai,Muong Trai
VN-52,Sơn La,Son La,VNAP25-C9378A2E4C,VNAP25-AD728DA860,Nậm Giôn,Nam Gion
VN-52,Sơn La,Son La,VNAP25-835645D2AF,VNAP25-AD728DA860,Nậm Păm,Nam Pam
VN-52,Sơn La,Son La,VNAP25-DFE98D41C9,VNAP25-AD728DA860,Ngọc Chiến,Ngoc Chien
VN-52,Sơn La,Son La,VNAP25-8F7FFC0395,VNAP25-AD728DA860,Pi Toong,Pi Toong
VN-52,Sơn La,Son La,VNAP25-E73AFCAD39,VNAP25-AD728DA860,Tạ Bú,Ta Bu
VN-52,Sơn La,Son La,VNAP25-FE3224D27D,,Phù Yên,Phu Yen
VN-52,Sơn La,Son La,VNAP25-346F1D26BF,VNAP25-FE3224D27D,Bắc Phong,Bac Phong
VN-52,Sơn La,Son La,VNAP25-6E87998C96,VNAP25-FE3224D27D,Đá Đỏ,Da Do
VN-52,Sơn La,Son La,VNAP25-F044759136,VNAP25-FE3224D27D,Gia Phù,Gia Phu
VN-52,Sơn La,Son La,VNAP25-ECBFB69267,VNAP25-FE3224D27D,Huy Hạ,Huy Ha
VN-52,Sơn La,Son La,VNAP25-F85B7AD8BB,VNAP25-FE3224D27D,Huy Tân,Huy Tan
VN-52,Sơn La,Son La,VNAP25-039C45BD90,VNAP25-FE3224D27D,Huy Thượng,Huy Thuong
VN-52,Sơn La,Son La,VNAP25-F01AE0E2F1,VNAP25-FE3224D27D,Huy Tường,Huy Tuong
VN-52,Sơn La,Son La,VNAP25-095F94209F,VNAP25-FE3224D27D,Kim Bon,Kim Bon
VN-52,Sơn La,Son La,VNAP25-A9EDFFDD9D,VNAP25-FE3224D27D,Mường Bang,Muong Bang
VN-52,Sơn La,Son La,VNAP25-0CFA047816,VNAP25-FE3224D27D,Mường Cơi,Muong Coi
VN-52,Sơn La,Son La,VNAP25-1A2C21E03D,VNAP25-FE3224D27D,Mường Do,Muong Do
VN-52,Sơn La,Son La,VNAP25-1397A6BE67,VNAP25-FE3224D27D,Mường Lang,Muong Lang
VN-52,Sơn La,Son La,VNAP25-4E308BB3E0,VNAP25-FE3224D27D,Mường Thải,Muong Thai
VN-52,Sơn La,Son La,VNAP25-6E46741050,VNAP25-FE3224D27D,Nam Phong,Nam Phong
VN-52,Sơn La,Son La,VNAP25-C6272465F6,VNAP25-FE3224D27D,Quang Huy,Quang Huy
VN-52,Sơn La,Son La,VNAP25-70CCF8884A,VNAP25-FE3224D27D,Sập Xa,Sap Xa
VN-52,Sơn La,Son La,VNAP25-01FF37845D,VNAP25-FE3224D27D,Suối Bau,Suoi Bau
VN-52,Sơn La,Son La,VNAP25-2060268D25,VNAP25-FE3224D27D,Suối Tọ,Suoi To
VN-52,Sơn La,Son La,VNAP25-41E6363714,VNAP25-FE3224D27D,Tân Lang,Tan Lang
VN-52,Sơn La,Son La,VNAP25-1EE4BDF559,VNAP25-FE3224D27D,Tân Phong,Tan Phong
VN-52,Sơn La,Son La,VNAP25-81155DCA3C,VNAP25-FE3224D27D,Tường Hạ,Tuong Ha
VN-52,Sơn La,Son La,VNAP25-70FF71B7AE,VNAP25-FE3224D27D,Tường Phong,Tuong Phong
VN-52,Sơn La,Son La,VNAP25-78A39E2C08,VNAP25-FE3224D27D,Tường Phù,Tuong Phu
VN-52,Sơn La,Son La,VNAP25-4F8E2C906A,VNAP25-FE3224D27D,Tường Thượng,Tuong Thuong
VN-52,Sơn La,Son La,VNAP25-1DA96DA3A5,VNAP25-FE3224D27D,Tường Tiến,Tuong Tien
VN-52,Sơn La,Son La,VNAP25-7BC8116AA8,,Quỳnh Nhai,Quynh Nhai
VN-52,Sơn La,Son La,VNAP25-C8D1D62409,VNAP25-7BC8116AA8,Cà Nàng,Ca Nang
VN-52,Sơn La,Son La,VNAP25-3AAE6FD457,VNAP25-7BC8116AA8,Chiềng Bằng,Chieng Bang
VN-52,Sơn La,Son La,VNAP25-890E494CB4,VNAP25-7BC8116AA8,Chiềng Khay,Chieng Khay
VN-52,Sơn La,Son La,VNAP25-0C32E226BA,VNAP25-7BC8116AA8,Chiềng Khoang,Chieng Khoang
VN-52,Sơn La,Son La,VNAP25-55E1FC3F7F,VNAP25-7BC8116AA8,Chiềng Ơn,Chieng On
VN-52,Sơn La,Son La,VNAP25-40E3CF576B,VNAP25-7BC8116AA8,Mường Chiên,Muong Chien
VN-52,Sơn La,Son La,VNAP25-5D4883D11B,VNAP25-7BC8116AA8,Mường Giàng,Muong Giang
VN-52,Sơn La,Son La,VNAP25-B1C78987AE,VNAP25-7BC8116AA8,Mường Giôn,Muong Gion
VN-52,Sơn La,Son La,VNAP25-315964FBB8,VNAP25-7BC8116AA8,Mường Sại,Muong Sai
VN-52,Sơn La,Son La,VNAP25-22C6BFA8FB,VNAP25-7BC8116AA8,Nậm Ét,Nam Et
VN-52,Sơn La,Son La,VNAP25-27EC901C5A,VNAP25-7BC8116AA8,Pá Ma Pha Khinh,Pa Ma Pha Khinh
VN-52,Sơn La,Son La,VNAP25-47813A9468,,Sơn La,Son La
VN-52,Sơn La,Son La,VNAP25-F1EF289F58,VNAP25-47813A9468,Chiềng An,Chieng An
VN-52,Sơn La,Son La,VNAP25-1915DC8810,VNAP25-47813A9468,Chiềng Cọ,Chieng Co
VN-52,Sơn La,Son La,VNAP25-42E0A99AD0,VNAP25-47813A9468,Chiềng Cơi,Chieng Coi
VN-52,Sơn La,Son La,VNAP25-C2C6F73FBE,VNAP25-47813A9468,Chiềng Đen,Chieng Den
VN-52,Sơn La,Son La,VNAP25-ABCB642EAE,VNAP25-47813A9468,Chiềng Lề,Chieng Le
VN-52,Sơn La,Son La,VNAP25-46A74EDDF5,VNAP25-47813A9468,Chiềng Ngần,Chieng Ngan
VN-52,Sơn La,Son La,VNAP25-81CDD2AD96,VNAP25-47813A9468,Chiềng Sinh,Chieng Sinh
VN-52,Sơn La,Son La,VNAP25-8D313F1795,VNAP25-47813A9468,Chiềng Xôm,Chieng Xom
VN-52,Sơn La,Son La,VNAP25-758E728096,VNAP25-47813A9468,Hua La,Hua La
VN-52,Sơn La,Son La,VNAP25-C480652697,VNAP25-47813A9468,Quyết Tâm,Quyet Tam
VN-52,Sơn La,Son La,VNAP25-8B272B3207,VNAP25-47813A9468,Quyết Thắng,Quyet Thang
VN-52,Sơn La,Son La,VNAP25-E814ADE96B,VNAP25-47813A9468,Tô Hiệu,To Hieu
VN-52,Sơn La,Son La,VNAP25-590247329A,,Sông Mã,Song Ma
VN-52,Sơn La,Son La,VNAP25-8FCCB1CF29,VNAP25-590247329A,Bó Sinh,Bo Sinh
VN-52,Sơn La,Son La,VNAP25-845091632C,VNAP25-590247329A,Chiềng Cang,Chieng Cang
VN-52,Sơn La,Son La,VNAP25-425DE627FB,VNAP25-590247329A,Chiềng En,Chieng En
VN-52,Sơn La,Son La,VNAP25-1D1BEF55FF,VNAP25-590247329A,Chiềng Khoong,Chieng Khoong
VN-52,Sơn La,Son La,VNAP25-919CD4AEA2,VNAP25-590247329A,Chiềng Khương,Chieng Khuong
VN-52,Sơn La,Son La,VNAP25-5D8C7FEA80,VNAP25-590247329A,Chiềng Phung,Chieng Phung
VN-52,Sơn La,Son La,VNAP25-E940BF7B67,VNAP25-590247329A,Chiềng Sơ,Chieng So
VN-52,Sơn La,Son La,VNAP25-1BEA98BE99,VNAP25-590247329A,Đứa Mòn,Dua Mon
VN-52,Sơn La,Son La,VNAP25-973F93DD93,VNAP25-590247329A,Huổi Một,Huoi Mot
VN-52,Sơn La,Son La,VNAP25-F9ECAC5921,VNAP25-590247329A,Mường Cai,Muong Cai
VN-52,Sơn La,Son La,VNAP25-5E44FF8E60,VNAP25-590247329A,Mường Hung,Muong Hung
VN-52,Sơn La,Son La,VNAP25-119859295F,VNAP25-590247329A,Mường Lầm,Muong Lam
VN-52,Sơn La,Son La,VNAP25-B82DFC335E,VNAP25-590247329A,Mường Sai,Muong Sai
VN-52,Sơn La,Son La,VNAP25-694E59C23B,VNAP25-590247329A,Nà Nghịu,Na Nghiu
VN-52,Sơn La,Son La,VNAP25-E0B46D7242,VNAP25-590247329A,Nậm Mằn,Nam Man
VN-52,Sơn La,Son La,VNAP25-5101CEA88D,VNAP25-590247329A,Nậm Ty,Nam Ty
VN-52,Sơn La,Son La,VNAP25-E4C8865F0F,VNAP25-590247329A,Pú Pẩu,Pu Pau
VN-52,Sơn La,Son La,VNAP25-BF558787F9,VNAP25-590247329A,Sông Mã,Song Ma
VN-52,Sơn La,Son La,VNAP25-ADA2C43FA7,VNAP25-590247329A,Yên Hưng,Yen Hung
VN-52,Sơn La,Son La,VNAP25-E21ADB74A8,,Sốp Cộp,Sop Cop
VN-52,Sơn La,Son La,VNAP25-D9F4BBBB82,VNAP25-E21ADB74A8,Dồm Cang,Dom Cang
VN-52,Sơn La,Son La,VNAP25-5B39B9FE38,VNAP25-E21ADB74A8,Mường Lạn,Muong Lan
VN-52,Sơn La,Son La,VNAP25-F6D1E325C3,VNAP25-E21ADB74A8,Mường Lèo,Muong Leo
VN-52,Sơn La,Son La,VNAP25-2BBCD855A8,VNAP25-E21ADB74A8,Mường Và,Muong Va
VN-52,Sơn La,Son La,VNAP25-30C186BE4B,VNAP25-E21ADB74A8,Nậm Lạnh,Nam Lanh
VN-52,Sơn La,Son La,VNAP25-6B3099759A,VNAP25-E21ADB74A8,Púng Bánh,Pung Banh
VN-52,Sơn La,Son La,VNAP25-A66C567B22,VNAP25-E21ADB74A8,Sam Kha,Sam Kha
VN-52,Sơn La,Son La,VNAP25-618FD09CF2,VNAP25-E21ADB74A8,Sốp Cộp,Sop Cop
VN-52,Sơn La,Son La,VNAP25-780276CC26,,Thuận Châu,Thuan Chau
VN-52,Sơn La,Son La,VNAP25-7AFCD59FF1,VNAP25-780276CC26,Bản Lầm,Ban Lam
VN-52,Sơn La,Son La,VNAP25-86FC81AFC5,VNAP25-780276CC26,Bó Mười,Bo Muoi
VN-52,Sơn La,Son La,VNAP25-8FB4C215FC,VNAP25-780276CC26,Bon Phặng,Bon Phang
VN-52,Sơn La,Son La,VNAP25-CA54CC840E,VNAP25-780276CC26,Chiềng Bôm,Chieng Bom
VN-52,Sơn La,Son La,VNAP25-46373ADB18,VNAP25-780276CC26,Chiềng La,Chieng La
VN-52,Sơn La,Son La,VNAP25-1D2A69580B,VNAP25-780276CC26,Chiềng Ngàm,Chieng Ngam
VN-52,Sơn La,Son La,VNAP25-678767196D,VNAP25-780276CC26,Chiềng Pấc,Chieng Pac
VN-52,Sơn La,Son La,VNAP25-4319203BA6,VNAP25-780276CC26,Chiềng Pha,Chieng Pha
VN-52,Sơn La,Son La,VNAP25-2321B97E93,VNAP25-780276CC26,Co Mạ,Co Ma
VN-52,Sơn La,Son La,VNAP25-6601E57B93,VNAP25-780276CC26,Co Tòng,Co Tong
VN-52,Sơn La,Son La,VNAP25-22CED36952,VNAP25-780276CC26,É Tòng,E Tong
VN-52,Sơn La,Son La,VNAP25-024B2E6197,VNAP25-780276CC26,Liệp Tè,Liep Te
VN-52,Sơn La,Son La,VNAP25-DB79A58819,VNAP25-780276CC26,Long Hẹ,Long He
VN-52,Sơn La,Son La,VNAP25-ADF8BE8666,VNAP25-780276CC26,Muổi Nọi,Muoi Noi
VN-52,Sơn La,Son La,VNAP25-B4515E8D2D,VNAP25-780276CC26,Mường Bám,Muong Bam
VN-52,Sơn La,Son La,VNAP25-7B17F195EC,VNAP25-780276CC26,Mường É,Muong E
VN-52,Sơn La,Son La,VNAP25-575F7E6730,VNAP25-780276CC26,Mường Khiêng,Muong Khieng
VN-52,Sơn La,Son La,VNAP25-4BAA83CC54,VNAP25-780276CC26,Nậm Lầu,Nam Lau
VN-52,Sơn La,Son La,VNAP25-2C1FE2F81C,VNAP25-780276CC26,Noong Lay,Noong Lay
VN-52,Sơn La,Son La,VNAP25-619791FE0F,VNAP25-780276CC26,Pá Lông,Pa Long
VN-52,Sơn La,Son La,VNAP25-F029F60483,VNAP25-780276CC26,Phổng Lái,Phong Lai
VN-52,Sơn La,Son La,VNAP25-54D02B3AA8,VNAP25-780276CC26,Phổng Lập,Phong Lap
VN-52,Sơn La,Son La,VNAP25-0319E19DB1,VNAP25-780276CC26,Phổng Ly,Phong Ly
VN-52,Sơn La,Son La,VNAP25-3CA45DE8D0,VNAP25-780276CC26,Púng Tra,Pung Tra
VN-52,Sơn La,Son La,VNAP25-0AAE405920,VNAP25-780276CC26,Thôm Mòn,Thom Mon
VN-52,Sơn La,Son La,VNAP25-1D9BF1A735,VNAP25-780276CC26,Thuận Châu,Thuan Chau
VN-52,Sơn La,Son La,VNAP25-1A01B1E572,VNAP25-780276CC26,Tông Cọ,Tong Co
VN-52,Sơn La,Son La,VNAP25-A8C81F6705,VNAP25-780276CC26,Tông Lạnh,Tong Lanh
VN-52,Sơn La,Son La,VNAP25-2FB5654642,,Vân Hồ,Van Ho
VN-52,Sơn La,Son La,VNAP25-0521BB5C0E,VNAP25-2FB5654642,Chiềng Khoa,Chieng Khoa
VN-52,Sơn La,Son La,VNAP25-51623A6A8D,VNAP25-2FB5654642,Chiềng Xuân,Chieng Xuan
VN-52,Sơn La,Son La,VNAP25-41903E7EF9,VNAP25-2FB5654642,Chiềng Yên,Chieng Yen
VN-52,Sơn La,Son La,VNAP25-73D4AEA29A,VNAP25-2FB5654642,Liên Hòa,Lien Hoa
VN-52,Sơn La,Son La,VNAP25-BEC8378878,VNAP25-2FB5654642,Lóng Luông,Long Luong
VN-52,Sơn La,Son La,VNAP25-5B8F25F04A,VNAP25-2FB5654642,Mường Men,Muong Men
VN-52,Sơn La,Son La,VNAP25-93047EEB05,VNAP25-2FB5654642,Mường Tè,Muong Te
VN-52,Sơn La,Son La,VNAP25-217FA37A97,VNAP25-2FB5654642,Quang Minh,Quang Minh
VN-52,Sơn La,Son La,VNAP25-3D63B26F19,VNAP25-2FB5654642,Song Khủa,Song Khua
VN-52,Sơn La,Son La,VNAP25-1FD07B242C,VNAP25-2FB5654642,Suối Bàng,Suoi Bang
VN-52,Sơn La,Son La,VNAP25-613121E710,VNAP25-2FB5654642,Tân Xuân,Tan Xuan
VN-52,Sơn La,Son La,VNAP25-14575BD5BB,VNAP25-2FB5654642,Tô Múa,To Mua
VN-52,Sơn La,Son La,VNAP25-318479C114,VNAP25-2FB5654642,Vân Hồ,Van Ho
VN-52,Sơn La,Son La,VNAP25-6DF30FB294,VNAP25-2FB5654642,Xuân Nha,Xuan Nha
VN-52,Sơn La,Son La,VNAP25-867C376A8A,,Yên Châu,Yen Chau
VN-52,Sơn La,Son La,VNAP25-45B692D79F,VNAP25-867C376A8A,Chiềng Đông,Chieng Dong
VN-52,Sơn La,Son La,VNAP25-14FE048BC2,VNAP25-867C376A8A,Chiềng Hặc,Chieng Hac
VN-52,Sơn La,Son La,VNAP25-1527EA11DA,VNAP25-867C376A8A,Chiềng Khoi,Chieng Khoi
VN-52,Sơn La,Son La,VNAP25-88DAD90599,VNAP25-867C376A8A,Chiềng On,Chieng On
VN-52,Sơn La,Son La,VNAP25-480FC2E496,VNAP25-867C376A8A,Chiềng Pằn,Chieng Pan
VN-52,Sơn La,Son La,VNAP25-34AF0AFD0F,VNAP25-867C376A8A,Chiềng Sàng,Chieng Sang
VN-52,Sơn La,Son La,VNAP25-5FE9D1881E,VNAP25-867C376A8A,Chiềng Tương,Chieng Tuong
VN-52,Sơn La,Son La,VNAP25-6974EF212D,VNAP25-867C376A8A,Lóng Phiêng,Long Phieng
VN-52,Sơn La,Son La,VNAP25-65317AEA4F,VNAP25-867C376A8A,Mường Lựm,Muong Lum
VN-52,Sơn La,Son La,VNAP25-362DA04FB2,VNAP25-867C376A8A,Phiêng Khoài,Phieng Khoai
VN-52,Sơn La,Son La,VNAP25-3AF4FAC654,VNAP25-867C376A8A,Sập Vạt,Sap Vat
VN-52,Sơn La,Son La,VNAP25-D7E197E7CC,VNAP25-867C376A8A,Tú Nang,Tu Nang
VN-52,Sơn La,Son La,VNAP25-AD9C4B2048,VNAP25-867C376A8A,Yên Châu,Yen Chau
VN-52,Sơn La,Son La,VNAP25-905818D073,VNAP25-867C376A8A,Yên Sơn,Yen Son
VN-53,Tây Ninh,Tay Ninh,VNAP25-91BBFF9027,,Bến Cầu,Ben Cau
VN-53,Tây Ninh,Tay Ninh,VNAP25-3951C7018B,VNAP25-91BBFF9027,An Thạnh,An Thanh
VN-53,Tây Ninh,Tay Ninh,VNAP25-D041616AE8,VNAP25-91BBFF9027,Bến Cầu,Ben Cau
VN-53,Tây Ninh,Tay Ninh,VNAP25-CE3C115902,VNAP25-91BBFF9027,Lợi Thuận,Loi Thuan
VN-53,Tây Ninh,Tay Ninh,VNAP25-201595A8B6,VNAP25-91BBFF9027,Long Chữ,Long Chu
VN-53,Tây Ninh,Tay Ninh,VNAP25-F6037453A4,VNAP25-91BBFF9027,Long Giang,Long Giang
VN-53,Tây Ninh,Tay Ninh,VNAP25-F5573E2E24,VNAP25-91BBFF9027,Long Khánh,Long Khanh
VN-53,Tây Ninh,Tay Ninh,VNAP25-E05DC32469,VNAP25-91BBFF9027,Long Phước,Long Phuoc
VN-53,Tây Ninh,Tay Ninh,VNAP25-257C91B840,VNAP25-91BBFF9027,Long Thuận,Long Thuan
VN-53,Tây Ninh,Tay Ninh,VNAP25-DB733FA5E0,VNAP25-91BBFF9027,Tiên Thuận,Tien Thuan
VN-53,Tây Ninh,Tay Ninh,VNAP25-3E97CDE072,,Châu Thành,Chau Thanh
VN-53,Tây Ninh,Tay Ninh,VNAP25-F6052DD84F,VNAP25-3E97CDE072,An Bình,An Binh
VN-53,Tây Ninh,Tay Ninh,VNAP25-55020C20EA,VNAP25-3E97CDE072,An Cơ,An Co
VN-53,Tây Ninh,Tay Ninh,VNAP25-6F01B70BF9,VNAP25-3E97CDE072,Biên Giới,Bien Gioi
VN-53,Tây Ninh,Tay Ninh,VNAP25-F0DFFA8854,VNAP25-3E97CDE072,Châu Thành,Chau Thanh
VN-53,Tây Ninh,Tay Ninh,VNAP25-AAE7AC9095,VNAP25-3E97CDE072,Đồng Khởi,Dong Khoi
VN-53,Tây Ninh,Tay Ninh,VNAP25-C29265BA0C,VNAP25-3E97CDE072,Hảo Đước,Hao Duoc
VN-53,Tây Ninh,Tay Ninh,VNAP25-5A50FCE88D,VNAP25-3E97CDE072,Hòa Hội,Hoa Hoi
VN-53,Tây Ninh,Tay Ninh,VNAP25-A460508B03,VNAP25-3E97CDE072,Hòa Thạnh,Hoa Thanh
VN-53,Tây Ninh,Tay Ninh,VNAP25-F4A5A70005,VNAP25-3E97CDE072,Long Vĩnh,Long Vinh
VN-53,Tây Ninh,Tay Ninh,VNAP25-0754C922F2,VNAP25-3E97CDE072,Ninh Điền,Ninh Dien
VN-53,Tây Ninh,Tay Ninh,VNAP25-221FC1A07B,VNAP25-3E97CDE072,Phước Vinh,Phuoc Vinh
VN-53,Tây Ninh,Tay Ninh,VNAP25-6E8EC3A3C5,VNAP25-3E97CDE072,Thái Bình,Thai Binh
VN-53,Tây Ninh,Tay Ninh,VNAP25-25E7AAE227,VNAP25-3E97CDE072,Thanh Điền,Thanh Dien
VN-53,Tây Ninh,Tay Ninh,VNAP25-06C7C1BF5C,VNAP25-3E97CDE072,Thành Long,Thanh Long
VN-53,Tây Ninh,Tay Ninh,VNAP25-454727E29A,VNAP25-3E97CDE072,Trí Bình,Tri Binh
VN-53,Tây Ninh,Tay Ninh,VNAP25-70650FC66F,,Dương Minh Châu,Duong Minh Chau
VN-53,Tây Ninh,Tay Ninh,VNAP25-489DFCF050,VNAP25-70650FC66F,Bàu Năng,Bau Nang
VN-53,Tây Ninh,Tay Ninh,VNAP25-6AC0FB52D0,VNAP25-70650FC66F,Bến Củi,Ben Cui
VN-53,Tây Ninh,Tay Ninh,VNAP25-2B3311EAE9,VNAP25-70650FC66F,Cầu Khởi,Cau Khoi
VN-53,Tây Ninh,Tay Ninh,VNAP25-5FB70B1932,VNAP25-70650FC66F,Chà Là,Cha La
VN-53,Tây Ninh,Tay Ninh,VNAP25-AE90B932BC,VNAP25-70650FC66F,Dương Minh Châu,Duong Minh Chau
VN-53,Tây Ninh,Tay Ninh,VNAP25-0D39B4361E,VNAP25-70650FC66F,Lộc Ninh,Loc Ninh
VN-53,Tây Ninh,Tay Ninh,VNAP25-38917FC796,VNAP25-70650FC66F,Phan,Phan
VN-53,Tây Ninh,Tay Ninh,VNAP25-0D911A5B09,VNAP25-70650FC66F,Phước Minh,Phuoc Minh
VN-53,Tây Ninh,Tay Ninh,VNAP25-91E2C0C19D,VNAP25-70650FC66F,Phước Ninh,Phuoc Ninh
VN-53,Tây Ninh,Tay Ninh,VNAP25-9D7AD0FBCC,VNAP25-70650FC66F,Suối Đá,Suoi Da
VN-53,Tây Ninh,Tay Ninh,VNAP25-0A3CE12363,VNAP25-70650FC66F,Truông Mít,Truong Mit
VN-53,Tây Ninh,Tay Ninh,VNAP25-C67DBCD769,,Gò Dầu,Go Dau
VN-53,Tây Ninh,Tay Ninh,VNAP25-18A41B1479,VNAP25-C67DBCD769,Bàu Đồn,Bau Don
VN-53,Tây Ninh,Tay Ninh,VNAP25-D4478F27A0,VNAP25-C67DBCD769,Cẩm Giang,Cam Giang
VN-53,Tây Ninh,Tay Ninh,VNAP25-475B1CFC02,VNAP25-C67DBCD769,Gò Dầu,Go Dau
VN-53,Tây Ninh,Tay Ninh,VNAP25-B65B6811D2,VNAP25-C67DBCD769,Hiệp Thạnh,Hiep Thanh
VN-53,Tây Ninh,Tay Ninh,VNAP25-FA3A6F3F79,VNAP25-C67DBCD769,Phước Đông,Phuoc Dong
VN-53,Tây Ninh,Tay Ninh,VNAP25-403E2505BE,VNAP25-C67DBCD769,Phước Thạnh,Phuoc Thanh
VN-53,Tây Ninh,Tay Ninh,VNAP25-37265BD33F,VNAP25-C67DBCD769,Phước Trạch,Phuoc Trach
VN-53,Tây Ninh,Tay Ninh,VNAP25-2208ED6F80,VNAP25-C67DBCD769,Thạnh Đức,Thanh Duc
VN-53,Tây Ninh,Tay Ninh,VNAP25-7515540961,VNAP25-C67DBCD769,Thanh Phước,Thanh Phuoc
VN-53,Tây Ninh,Tay Ninh,VNAP25-36205ADD14,,Hòa Thành,Hoa Thanh
VN-53,Tây Ninh,Tay Ninh,VNAP25-B3233F8971,VNAP25-36205ADD14,Hiệp Tân,Hiep Tan
VN-53,Tây Ninh,Tay Ninh,VNAP25-CF09D4DFDB,VNAP25-36205ADD14,Long Hoa,Long Hoa
VN-53,Tây Ninh,Tay Ninh,VNAP25-220B3A1419,VNAP25-36205ADD14,Long Thành Bắc,Long Thanh Bac
VN-53,Tây Ninh,Tay Ninh,VNAP25-6BC5238ECB,VNAP25-36205ADD14,Long Thành Nam,Long Thanh Nam
VN-53,Tây Ninh,Tay Ninh,VNAP25-33A215B528,VNAP25-36205ADD14,Long Thành Trung,Long Thanh Trung
VN-53,Tây Ninh,Tay Ninh,VNAP25-5FA28589CE,VNAP25-36205ADD14,Trường Đông,Truong Dong
VN-53,Tây Ninh,Tay Ninh,VNAP25-82B5BFEF62,VNAP25-36205ADD14,Trường Hòa,Truong Hoa
VN-53,Tây Ninh,Tay Ninh,VNAP25-0B2CCA4B8B,VNAP25-36205ADD14,Trường Tây,Truong Tay
VN-53,Tây Ninh,Tay Ninh,VNAP25-08C09F86B7,,Tân Biên,Tan Bien
VN-53,Tây Ninh,Tay Ninh,VNAP25-80E984F5C4,VNAP25-08C09F86B7,Hòa Hiệp,Hoa Hiep
VN-53,Tây Ninh,Tay Ninh,VNAP25-C7F27B010E,VNAP25-08C09F86B7,Mỏ Công,Mo Cong
VN-53,Tây Ninh,Tay Ninh,VNAP25-FD6236181C,VNAP25-08C09F86B7,Tân Biên,Tan Bien
VN-53,Tây Ninh,Tay Ninh,VNAP25-3D0982EE19,VNAP25-08C09F86B7,Tân Bình,Tan Binh
VN-53,Tây Ninh,Tay Ninh,VNAP25-0B13B68961,VNAP25-08C09F86B7,Tân Lập,Tan Lap
VN-53,Tây Ninh,Tay Ninh,VNAP25-8C68CFDC02,VNAP25-08C09F86B7,Tân Phong,Tan Phong
VN-53,Tây Ninh,Tay Ninh,VNAP25-FD10102620,VNAP25-08C09F86B7,Thạnh Bắc,Thanh Bac
VN-53,Tây Ninh,Tay Ninh,VNAP25-7DA3DBC7DB,VNAP25-08C09F86B7,Thạnh Bình,Thanh Binh
VN-53,Tây Ninh,Tay Ninh,VNAP25-CEF32C310F,VNAP25-08C09F86B7,Thạnh Tây,Thanh Tay
VN-53,Tây Ninh,Tay Ninh,VNAP25-3D57BF4F86,VNAP25-08C09F86B7,Trà Vong,Tra Vong
VN-53,Tây Ninh,Tay Ninh,VNAP25-CEE49EFCCB,,Tân Châu,Tan Chau
VN-53,Tây Ninh,Tay Ninh,VNAP25-1AF97611A8,VNAP25-CEE49EFCCB,Suối Dây,Suoi Day
VN-53,Tây Ninh,Tay Ninh,VNAP25-82B61098C6,VNAP25-CEE49EFCCB,Suối Ngô,Suoi Ngo
VN-53,Tây Ninh,Tay Ninh,VNAP25-41EE3BA53A,VNAP25-CEE49EFCCB,Tân Châu,Tan Chau
VN-53,Tây Ninh,Tay Ninh,VNAP25-FEBC4D1E08,VNAP25-CEE49EFCCB,Tân Đông,Tan Dong
VN-53,Tây Ninh,Tay Ninh,VNAP25-0FBB0F4DEE,VNAP25-CEE49EFCCB,Tân Hà,Tan Ha
VN-53,Tây Ninh,Tay Ninh,VNAP25-E803109EB2,VNAP25-CEE49EFCCB,Tân Hiệp,Tan Hiep
VN-53,Tây Ninh,Tay Ninh,VNAP25-AB3AED2B81,VNAP25-CEE49EFCCB,Tân Hòa,Tan Hoa
VN-53,Tây Ninh,Tay Ninh,VNAP25-13C1C87A26,VNAP25-CEE49EFCCB,Tân Hội,Tan Hoi
VN-53,Tây Ninh,Tay Ninh,VNAP25-BD7F9FFD97,VNAP25-CEE49EFCCB,Tân Hưng,Tan Hung
VN-53,Tây Ninh,Tay Ninh,VNAP25-4F2AEC7F8B,VNAP25-CEE49EFCCB,Tân Phú,Tan Phu
VN-53,Tây Ninh,Tay Ninh,VNAP25-3D54E4D099,VNAP25-CEE49EFCCB,Tân Thành,Tan Thanh
VN-53,Tây Ninh,Tay Ninh,VNAP25-0717EF4164,VNAP25-CEE49EFCCB,Thạnh Đông,Thanh Dong
VN-53,Tây Ninh,Tay Ninh,VNAP25-13BB65712A,,Tây Ninh,Tay Ninh
VN-53,Tây Ninh,Tay Ninh,VNAP25-B8F607129C,VNAP25-13BB65712A,1,1
VN-53,Tây Ninh,Tay Ninh,VNAP25-43E1110C0F,VNAP25-13BB65712A,2,2
VN-53,Tây Ninh,Tay Ninh,VNAP25-5FF029B2D7,VNAP25-13BB65712A,3,3
VN-53,Tây Ninh,Tay Ninh,VNAP25-3FABEAF74A,VNAP25-13BB65712A,4,4
VN-53,Tây Ninh,Tay Ninh,VNAP25-B500DA476B,VNAP25-13BB65712A,Bình Minh,Binh Minh
VN-53,Tây Ninh,Tay Ninh,VNAP25-6AC25BE13C,VNAP25-13BB65712A,Hiệp Ninh,Hiep Ninh
VN-53,Tây Ninh,Tay Ninh,VNAP25-785E8E57EF,VNAP25-13BB65712A,Ninh Sơn,Ninh Son
VN-53,Tây Ninh,Tay Ninh,VNAP25-3F2766BB4F,VNAP25-13BB65712A,Ninh Thạnh,Ninh Thanh
VN-53,Tây Ninh,Tay Ninh,VNAP25-EA0B5E8532,VNAP25-13BB65712A,Tân Bình,Tan Binh
VN-53,Tây Ninh,Tay Ninh,VNAP25-92C69D0DF4,VNAP25-13BB65712A,Thạnh Tân,Thanh Tan
VN-53,Tây Ninh,Tay Ninh,VNAP25-1E960F3A26,,Trảng Bàng,Trang Bang
VN-53,Tây Ninh,Tay Ninh,VNAP25-864A42AAFC,VNAP25-1E960F3A26,An Hòa,An Hoa
VN-53,Tây Ninh,Tay Ninh,VNAP25-F72BD1141F,VNAP25-1E960F3A26,An Tịnh,An Tinh
VN-53,Tây Ninh,Tay Ninh,VNAP25-27518320B6,VNAP25-1E960F3A26,Đôn Thuận,Don Thuan
VN-53,Tây Ninh,Tay Ninh,VNAP25-7AFC522258,VNAP25-1E960F3A26,Gia Bình,Gia Binh
VN-53,Tây Ninh,Tay Ninh,VNAP25-5B70FD86C9,VNAP25-1E960F3A26,Gia Lộc,Gia Loc
VN-53,Tây Ninh,Tay Ninh,VNAP25-E0413F5217,VNAP25-1E960F3A26,Hưng Thuận,Hung Thuan
VN-53,Tây Ninh,Tay Ninh,VNAP25-861566EFCD,VNAP25-1E960F3A26,Lộc Hưng,Loc Hung
VN-53,Tây Ninh,Tay Ninh,VNAP25-3183BDF49F,VNAP25-1E960F3A26,Phước Bình,Phuoc Binh
VN-53,Tây Ninh,Tay Ninh,VNAP25-1EBB07A921,VNAP25-1E960F3A26,Phước Chỉ,Phuoc Chi
VN-53,Tây Ninh,Tay Ninh,VNAP25-84C58E7E64,VNAP25-1E960F3A26,Trảng Bàng,Trang Bang
VN-54,Thái Bình,Thai Binh,VNAP25-3C0CCCA7ED,,Đông Hưng,Dong Hung
VN-54,Thái Bình,Thai Binh,VNAP25-567F25A2A4,VNAP25-3C0CCCA7ED,Đông Á,Dong A
VN-54,Thái Bình,Thai Binh,VNAP25-1897CFBF22,VNAP25-3C0CCCA7ED,Đông Các,Dong Cac
VN-54,Thái Bình,Thai Binh,VNAP25-C6DB04655B,VNAP25-3C0CCCA7ED,Đông Cường,Dong Cuong
VN-54,Thái Bình,Thai Binh,VNAP25-9840A9543E,VNAP25-3C0CCCA7ED,Đông Dương,Dong Duong
VN-54,Thái Bình,Thai Binh,VNAP25-08E6FA49A8,VNAP25-3C0CCCA7ED,Đông Hoàng,Dong Hoang
VN-54,Thái Bình,Thai Binh,VNAP25-BAFC471475,VNAP25-3C0CCCA7ED,Đông Hợp,Dong Hop
VN-54,Thái Bình,Thai Binh,VNAP25-DF228A7F81,VNAP25-3C0CCCA7ED,Đông Hưng,Dong Hung
VN-54,Thái Bình,Thai Binh,VNAP25-E5A7C6B3FF,VNAP25-3C0CCCA7ED,Đông Kinh,Dong Kinh
VN-54,Thái Bình,Thai Binh,VNAP25-D280743168,VNAP25-3C0CCCA7ED,Đông La,Dong La
VN-54,Thái Bình,Thai Binh,VNAP25-BE9A22CBD8,VNAP25-3C0CCCA7ED,Đông Phương,Dong Phuong
VN-54,Thái Bình,Thai Binh,VNAP25-CDF1C9DA5F,VNAP25-3C0CCCA7ED,Đông Quan,Dong Quan
VN-54,Thái Bình,Thai Binh,VNAP25-01C3784C19,VNAP25-3C0CCCA7ED,Đông Sơn,Dong Son
VN-54,Thái Bình,Thai Binh,VNAP25-D8AF652E58,VNAP25-3C0CCCA7ED,Đông Tân,Dong Tan
VN-54,Thái Bình,Thai Binh,VNAP25-E90336E05B,VNAP25-3C0CCCA7ED,Đông Vinh,Dong Vinh
VN-54,Thái Bình,Thai Binh,VNAP25-B9E5915703,VNAP25-3C0CCCA7ED,Đông Xá,Dong Xa
VN-54,Thái Bình,Thai Binh,VNAP25-CA0B1FE634,VNAP25-3C0CCCA7ED,Hà Giang,Ha Giang
VN-54,Thái Bình,Thai Binh,VNAP25-69E7B48F20,VNAP25-3C0CCCA7ED,Hồng Bạch,Hong Bach
VN-54,Thái Bình,Thai Binh,VNAP25-3F8A2D05CB,VNAP25-3C0CCCA7ED,Hồng Giang,Hong Giang
VN-54,Thái Bình,Thai Binh,VNAP25-4E7A81D302,VNAP25-3C0CCCA7ED,Hồng Việt,Hong Viet
VN-54,Thái Bình,Thai Binh,VNAP25-222C33D1DB,VNAP25-3C0CCCA7ED,Liên An Đô,Lien An Do
VN-54,Thái Bình,Thai Binh,VNAP25-69D92B0B93,VNAP25-3C0CCCA7ED,Liên Hoa,Lien Hoa
VN-54,Thái Bình,Thai Binh,VNAP25-2BD7B0593E,VNAP25-3C0CCCA7ED,Lô Giang,Lo Giang
VN-54,Thái Bình,Thai Binh,VNAP25-79D0227222,VNAP25-3C0CCCA7ED,Mê Linh,Me Linh
VN-54,Thái Bình,Thai Binh,VNAP25-96A793888D,VNAP25-3C0CCCA7ED,Minh Phú,Minh Phu
VN-54,Thái Bình,Thai Binh,VNAP25-083DE85B16,VNAP25-3C0CCCA7ED,Minh Tân,Minh Tan
VN-54,Thái Bình,Thai Binh,VNAP25-9C40A491B1,VNAP25-3C0CCCA7ED,Nguyên Xá,Nguyen Xa
VN-54,Thái Bình,Thai Binh,VNAP25-EC31BF7045,VNAP25-3C0CCCA7ED,Phong Dương Tiến,Phong Duong Tien
VN-54,Thái Bình,Thai Binh,VNAP25-BFD343C17D,VNAP25-3C0CCCA7ED,Phú Châu,Phu Chau
VN-54,Thái Bình,Thai Binh,VNAP25-D1F78682D8,VNAP25-3C0CCCA7ED,Phú Lương,Phu Luong
VN-54,Thái Bình,Thai Binh,VNAP25-1306A6BCA2,VNAP25-3C0CCCA7ED,Thăng Long,Thang Long
VN-54,Thái Bình,Thai Binh,VNAP25-D32617EE74,VNAP25-3C0CCCA7ED,Trọng Quan,Trong Quan
VN-54,Thái Bình,Thai Binh,VNAP25-035B86E7DA,VNAP25-3C0CCCA7ED,Xuân Quang Động,Xuan Quang Dong
VN-54,Thái Bình,Thai Binh,VNAP25-17FA4867E2,,Hưng Hà,Hung Ha
VN-54,Thái Bình,Thai Binh,VNAP25-CD8613186B,VNAP25-17FA4867E2,Bắc Sơn,Bac Son
VN-54,Thái Bình,Thai Binh,VNAP25-B04A7E899D,VNAP25-17FA4867E2,Canh Tân,Canh Tan
VN-54,Thái Bình,Thai Binh,VNAP25-37AB6C701B,VNAP25-17FA4867E2,Chí Hòa,Chi Hoa
VN-54,Thái Bình,Thai Binh,VNAP25-AF3D0C3F7B,VNAP25-17FA4867E2,Chi Lăng,Chi Lang
VN-54,Thái Bình,Thai Binh,VNAP25-C00580FD43,VNAP25-17FA4867E2,Cộng Hòa,Cong Hoa
VN-54,Thái Bình,Thai Binh,VNAP25-AB48A63547,VNAP25-17FA4867E2,Đoan Hùng,Doan Hung
VN-54,Thái Bình,Thai Binh,VNAP25-C61C7DFC83,VNAP25-17FA4867E2,Độc Lập,Doc Lap
VN-54,Thái Bình,Thai Binh,VNAP25-3456078FF5,VNAP25-17FA4867E2,Đông Đô,Dong Do
VN-54,Thái Bình,Thai Binh,VNAP25-49634EA841,VNAP25-17FA4867E2,Duyên Hải,Duyen Hai
VN-54,Thái Bình,Thai Binh,VNAP25-155DC0B10A,VNAP25-17FA4867E2,Hòa Bình,Hoa Binh
VN-54,Thái Bình,Thai Binh,VNAP25-953366E953,VNAP25-17FA4867E2,Hòa Tiến,Hoa Tien
VN-54,Thái Bình,Thai Binh,VNAP25-514F931D28,VNAP25-17FA4867E2,Hồng An,Hong An
VN-54,Thái Bình,Thai Binh,VNAP25-A3DBEC221B,VNAP25-17FA4867E2,Hồng Lĩnh,Hong Linh
VN-54,Thái Bình,Thai Binh,VNAP25-AE6D4E3FB9,VNAP25-17FA4867E2,Hồng Minh,Hong Minh
VN-54,Thái Bình,Thai Binh,VNAP25-160F388BAC,VNAP25-17FA4867E2,Hưng Hà,Hung Ha
VN-54,Thái Bình,Thai Binh,VNAP25-2A327067F8,VNAP25-17FA4867E2,Hưng Nhân,Hung Nhan
VN-54,Thái Bình,Thai Binh,VNAP25-7EC282BBEF,VNAP25-17FA4867E2,Kim Chung,Kim Chung
VN-54,Thái Bình,Thai Binh,VNAP25-E422086CF9,VNAP25-17FA4867E2,Liên Hiệp,Lien Hiep
VN-54,Thái Bình,Thai Binh,VNAP25-AEBE8247F5,VNAP25-17FA4867E2,Minh Hòa,Minh Hoa
VN-54,Thái Bình,Thai Binh,VNAP25-424DF5F386,VNAP25-17FA4867E2,Minh Khai,Minh Khai
VN-54,Thái Bình,Thai Binh,VNAP25-D3084E3433,VNAP25-17FA4867E2,Minh Tân,Minh Tan
VN-54,Thái Bình,Thai Binh,VNAP25-57A9BDED16,VNAP25-17FA4867E2,Phúc Khánh,Phuc Khanh
VN-54,Thái Bình,Thai Binh,VNAP25-D75C13B119,VNAP25-17FA4867E2,Quang Trung,Quang Trung
VN-54,Thái Bình,Thai Binh,VNAP25-55614CBA43,VNAP25-17FA4867E2,Tân Hòa,Tan Hoa
VN-54,Thái Bình,Thai Binh,VNAP25-20C8FD283B,VNAP25-17FA4867E2,Tân Lễ,Tan Le
VN-54,Thái Bình,Thai Binh,VNAP25-8A7137F809,VNAP25-17FA4867E2,Tân Tiến,Tan Tien
VN-54,Thái Bình,Thai Binh,VNAP25-1E2577FC38,VNAP25-17FA4867E2,Tây Đô,Tay Do
VN-54,Thái Bình,Thai Binh,VNAP25-E30A034ED4,VNAP25-17FA4867E2,Thái Hưng,Thai Hung
VN-54,Thái Bình,Thai Binh,VNAP25-6BE2E95E87,VNAP25-17FA4867E2,Thái Phương,Thai Phuong
VN-54,Thái Bình,Thai Binh,VNAP25-A5C10145C5,VNAP25-17FA4867E2,Thống Nhất,Thong Nhat
VN-54,Thái Bình,Thai Binh,VNAP25-701726C354,VNAP25-17FA4867E2,Tiến Đức,Tien Duc
VN-54,Thái Bình,Thai Binh,VNAP25-4FA71FB8E1,VNAP25-17FA4867E2,Văn Cẩm,Van Cam
VN-54,Thái Bình,Thai Binh,VNAP25-DAF5AECC83,VNAP25-17FA4867E2,Văn Lang,Van Lang
VN-54,Thái Bình,Thai Binh,VNAP25-E102A6C5BE,,Kiến Xương,Kien Xuong
VN-54,Thái Bình,Thai Binh,VNAP25-AF3D82A376,VNAP25-E102A6C5BE,An Bình,An Binh
VN-54,Thái Bình,Thai Binh,VNAP25-9E70D57F70,VNAP25-E102A6C5BE,Bình Định,Binh Dinh
VN-54,Thái Bình,Thai Binh,VNAP25-EA7FD49232,VNAP25-E102A6C5BE,Bình Minh,Binh Minh
VN-54,Thái Bình,Thai Binh,VNAP25-8EA761E35D,VNAP25-E102A6C5BE,Bình Nguyên,Binh Nguyen
VN-54,Thái Bình,Thai Binh,VNAP25-275B80507C,VNAP25-E102A6C5BE,Bình Thanh,Binh Thanh
VN-54,Thái Bình,Thai Binh,VNAP25-103386C934,VNAP25-E102A6C5BE,Hòa Bình,Hoa Binh
VN-54,Thái Bình,Thai Binh,VNAP25-281ED724E7,VNAP25-E102A6C5BE,Hồng Thái,Hong Thai
VN-54,Thái Bình,Thai Binh,VNAP25-E61EDB3E91,VNAP25-E102A6C5BE,Hồng Tiến,Hong Tien
VN-54,Thái Bình,Thai Binh,VNAP25-AC1963F757,VNAP25-E102A6C5BE,Hồng Vũ,Hong Vu
VN-54,Thái Bình,Thai Binh,VNAP25-C903DAA44C,VNAP25-E102A6C5BE,Kiến Xương,Kien Xuong
VN-54,Thái Bình,Thai Binh,VNAP25-203938701C,VNAP25-E102A6C5BE,Lê Lợi,Le Loi
VN-54,Thái Bình,Thai Binh,VNAP25-6F1E87844B,VNAP25-E102A6C5BE,Minh Quang,Minh Quang
VN-54,Thái Bình,Thai Binh,VNAP25-43F67DAC08,VNAP25-E102A6C5BE,Minh Tân,Minh Tan
VN-54,Thái Bình,Thai Binh,VNAP25-8A9EBB6897,VNAP25-E102A6C5BE,Nam Bình,Nam Binh
VN-54,Thái Bình,Thai Binh,VNAP25-35AEEF0428,VNAP25-E102A6C5BE,Quang Bình,Quang Binh
VN-54,Thái Bình,Thai Binh,VNAP25-3146B04D21,VNAP25-E102A6C5BE,Quang Lịch,Quang Lich
VN-54,Thái Bình,Thai Binh,VNAP25-86ED0F1450,VNAP25-E102A6C5BE,Quang Minh,Quang Minh
VN-54,Thái Bình,Thai Binh,VNAP25-82090F5935,VNAP25-E102A6C5BE,Quang Trung,Quang Trung
VN-54,Thái Bình,Thai Binh,VNAP25-C5A4B00C06,VNAP25-E102A6C5BE,Quốc Tuấn,Quoc Tuan
VN-54,Thái Bình,Thai Binh,VNAP25-D0E3166F90,VNAP25-E102A6C5BE,Tây Sơn,Tay Son
VN-54,Thái Bình,Thai Binh,VNAP25-3A52CD3F59,VNAP25-E102A6C5BE,Thanh Tân,Thanh Tan
VN-54,Thái Bình,Thai Binh,VNAP25-45A62E721A,VNAP25-E102A6C5BE,Thống Nhất,Thong Nhat
VN-54,Thái Bình,Thai Binh,VNAP25-A3A622A747,VNAP25-E102A6C5BE,Trà Giang,Tra Giang
VN-54,Thái Bình,Thai Binh,VNAP25-479100145D,VNAP25-E102A6C5BE,Vũ An,Vu An
VN-54,Thái Bình,Thai Binh,VNAP25-2E10627DAF,VNAP25-E102A6C5BE,Vũ Công,Vu Cong
VN-54,Thái Bình,Thai Binh,VNAP25-8F91844787,VNAP25-E102A6C5BE,Vũ Lễ,Vu Le
VN-54,Thái Bình,Thai Binh,VNAP25-4C7BF876D4,VNAP25-E102A6C5BE,Vũ Ninh,Vu Ninh
VN-54,Thái Bình,Thai Binh,VNAP25-CEAB1668B3,VNAP25-E102A6C5BE,Vũ Quí,Vu Qui
VN-54,Thái Bình,Thai Binh,VNAP25-030D721E24,VNAP25-E102A6C5BE,Vũ Trung,Vu Trung
VN-54,Thái Bình,Thai Binh,VNAP25-79A782837A,,Quỳnh Phụ,Quynh Phu
VN-54,Thái Bình,Thai Binh,VNAP25-25CD70AB9A,VNAP25-79A782837A,An Ấp,An Ap
VN-54,Thái Bình,Thai Binh,VNAP25-B2543CBB13,VNAP25-79A782837A,An Bài,An Bai
VN-54,Thái Bình,Thai Binh,VNAP25-30D996362C,VNAP25-79A782837A,An Cầu,An Cau
VN-54,Thái Bình,Thai Binh,VNAP25-5CB6895023,VNAP25-79A782837A,An Đồng,An Dong
VN-54,Thái Bình,Thai Binh,VNAP25-641E3AA70E,VNAP25-79A782837A,An Dục,An Duc
VN-54,Thái Bình,Thai Binh,VNAP25-670FD0A6EA,VNAP25-79A782837A,An Hiệp,An Hiep
VN-54,Thái Bình,Thai Binh,VNAP25-5EC3FCD88C,VNAP25-79A782837A,An Khê,An Khe
VN-54,Thái Bình,Thai Binh,VNAP25-5D699E8BBC,VNAP25-79A782837A,An Lễ,An Le
VN-54,Thái Bình,Thai Binh,VNAP25-029E3B2BE5,VNAP25-79A782837A,An Mỹ,An My
VN-54,Thái Bình,Thai Binh,VNAP25-A1A3D45B0F,VNAP25-79A782837A,An Ninh,An Ninh
VN-54,Thái Bình,Thai Binh,VNAP25-1602A7D5DE,VNAP25-79A782837A,An Quí,An Qui
VN-54,Thái Bình,Thai Binh,VNAP25-0BB3A1B46D,VNAP25-79A782837A,An Thái,An Thai
VN-54,Thái Bình,Thai Binh,VNAP25-FDBEBC01F2,VNAP25-79A782837A,An Thanh,An Thanh
VN-54,Thái Bình,Thai Binh,VNAP25-9C8433DD43,VNAP25-79A782837A,An Tràng,An Trang
VN-54,Thái Bình,Thai Binh,VNAP25-0E3F2D0D4C,VNAP25-79A782837A,An Vinh,An Vinh
VN-54,Thái Bình,Thai Binh,VNAP25-EB4063A6EC,VNAP25-79A782837A,An Vũ,An Vu
VN-54,Thái Bình,Thai Binh,VNAP25-900EED4A2C,VNAP25-79A782837A,Châu Sơn,Chau Son
VN-54,Thái Bình,Thai Binh,VNAP25-2A289C072B,VNAP25-79A782837A,Đông Hải,Dong Hai
VN-54,Thái Bình,Thai Binh,VNAP25-A621E03D42,VNAP25-79A782837A,Đồng Tiến,Dong Tien
VN-54,Thái Bình,Thai Binh,VNAP25-B5470AF2D6,VNAP25-79A782837A,Quỳnh Côi,Quynh Coi
VN-54,Thái Bình,Thai Binh,VNAP25-F3D04C4912,VNAP25-79A782837A,Quỳnh Giao,Quynh Giao
VN-54,Thái Bình,Thai Binh,VNAP25-02450E117F,VNAP25-79A782837A,Quỳnh Hải,Quynh Hai
VN-54,Thái Bình,Thai Binh,VNAP25-CDFF174B19,VNAP25-79A782837A,Quỳnh Hoa,Quynh Hoa
VN-54,Thái Bình,Thai Binh,VNAP25-D69594FED1,VNAP25-79A782837A,Quỳnh Hoàng,Quynh Hoang
VN-54,Thái Bình,Thai Binh,VNAP25-59E8F3B99F,VNAP25-79A782837A,Quỳnh Hội,Quynh Hoi
VN-54,Thái Bình,Thai Binh,VNAP25-E89E1BE11C,VNAP25-79A782837A,Quỳnh Hồng,Quynh Hong
VN-54,Thái Bình,Thai Binh,VNAP25-F9E05FDAB2,VNAP25-79A782837A,Quỳnh Hưng,Quynh Hung
VN-54,Thái Bình,Thai Binh,VNAP25-AEB7B40B47,VNAP25-79A782837A,Quỳnh Khê,Quynh Khe
VN-54,Thái Bình,Thai Binh,VNAP25-BFB2500D5E,VNAP25-79A782837A,Quỳnh Lâm,Quynh Lam
VN-54,Thái Bình,Thai Binh,VNAP25-D8F9438F22,VNAP25-79A782837A,Quỳnh Minh,Quynh Minh
VN-54,Thái Bình,Thai Binh,VNAP25-A234F51CB0,VNAP25-79A782837A,Quỳnh Mỹ,Quynh My
VN-54,Thái Bình,Thai Binh,VNAP25-D221C5E0E4,VNAP25-79A782837A,Quỳnh Ngọc,Quynh Ngoc
VN-54,Thái Bình,Thai Binh,VNAP25-A71D6E0158,VNAP25-79A782837A,Quỳnh Nguyên,Quynh Nguyen
VN-54,Thái Bình,Thai Binh,VNAP25-962D581416,VNAP25-79A782837A,Quỳnh Thọ,Quynh Tho
VN-54,Thái Bình,Thai Binh,VNAP25-22A8137070,VNAP25-79A782837A,Trang Bảo Xá,Trang Bao Xa
VN-54,Thái Bình,Thai Binh,VNAP25-F16536CED7,,Thái Bình,Thai Binh
VN-54,Thái Bình,Thai Binh,VNAP25-7909A28735,VNAP25-F16536CED7,Bồ Xuyên,Bo Xuyen
VN-54,Thái Bình,Thai Binh,VNAP25-7966B7F6EA,VNAP25-F16536CED7,Đề Thám,De Tham
VN-54,Thái Bình,Thai Binh,VNAP25-1E1DE483A1,VNAP25-F16536CED7,Đông Hòa,Dong Hoa
VN-54,Thái Bình,Thai Binh,VNAP25-9D70CEBEEA,VNAP25-F16536CED7,Đông Mỹ,Dong My
VN-54,Thái Bình,Thai Binh,VNAP25-AA28C13EA6,VNAP25-F16536CED7,Đông Thọ,Dong Tho
VN-54,Thái Bình,Thai Binh,VNAP25-1E4FEB633D,VNAP25-F16536CED7,Hoàng Diệu,Hoang Dieu
VN-54,Thái Bình,Thai Binh,VNAP25-E49B37A892,VNAP25-F16536CED7,Kỳ Bá,Ky Ba
VN-54,Thái Bình,Thai Binh,VNAP25-9086A91328,VNAP25-F16536CED7,Lê Hồng Phong,Le Hong Phong
VN-54,Thái Bình,Thai Binh,VNAP25-21EE608FD1,VNAP25-F16536CED7,Phú Khánh,Phu Khanh
VN-54,Thái Bình,Thai Binh,VNAP25-C542D8C840,VNAP25-F16536CED7,Phú Xuân,Phu Xuan
VN-54,Thái Bình,Thai Binh,VNAP25-2800412C4E,VNAP25-F16536CED7,Quang Trung,Quang Trung
VN-54,Thái Bình,Thai Binh,VNAP25-078FDF1E83,VNAP25-F16536CED7,Tân Bình,Tan Binh
VN-54,Thái Bình,Thai Binh,VNAP25-3A0EA440F4,VNAP25-F16536CED7,Tiền Phong,Tien Phong
VN-54,Thái Bình,Thai Binh,VNAP25-FF8F2C6180,VNAP25-F16536CED7,Trần Hưng Đạo,Tran Hung Dao
VN-54,Thái Bình,Thai Binh,VNAP25-E978A85F41,VNAP25-F16536CED7,Trần Lãm,Tran Lam
VN-54,Thái Bình,Thai Binh,VNAP25-D05E8127F3,VNAP25-F16536CED7,Vũ Chính,Vu Chinh
VN-54,Thái Bình,Thai Binh,VNAP25-640FB249E0,VNAP25-F16536CED7,Vũ Đông,Vu Dong
VN-54,Thái Bình,Thai Binh,VNAP25-468E2DE021,VNAP25-F16536CED7,Vũ Lạc,Vu Lac
VN-54,Thái Bình,Thai Binh,VNAP25-45E92677EB,VNAP25-F16536CED7,Vũ Phúc,Vu Phuc
VN-54,Thái Bình,Thai Binh,VNAP25-74C736884A,,Thái Thụy,Thai Thuy
VN-54,Thái Bình,Thai Binh,VNAP25-A275C85C8B,VNAP25-74C736884A,An Tân,An Tan
VN-54,Thái Bình,Thai Binh,VNAP25-13372080E1,VNAP25-74C736884A,Diêm Điền,Diem Dien
VN-54,Thái Bình,Thai Binh,VNAP25-0CF54A690B,VNAP25-74C736884A,Dương Hồng Thủy,Duong Hong Thuy
VN-54,Thái Bình,Thai Binh,VNAP25-B3C2EFB260,VNAP25-74C736884A,Dương Phúc,Duong Phuc
VN-54,Thái Bình,Thai Binh,VNAP25-68069EB465,VNAP25-74C736884A,Hòa An,Hoa An
VN-54,Thái Bình,Thai Binh,VNAP25-B01241D60F,VNAP25-74C736884A,Hồng Dũng,Hong Dung
VN-54,Thái Bình,Thai Binh,VNAP25-70BA35F3F3,VNAP25-74C736884A,Mỹ Lộc,My Loc
VN-54,Thái Bình,Thai Binh,VNAP25-4CE15384F5,VNAP25-74C736884A,Sơn Hà,Son Ha
VN-54,Thái Bình,Thai Binh,VNAP25-E924DA4AB3,VNAP25-74C736884A,Tân Học,Tan Hoc
VN-54,Thái Bình,Thai Binh,VNAP25-113D5301E3,VNAP25-74C736884A,Thái Đô,Thai Do
VN-54,Thái Bình,Thai Binh,VNAP25-C2A40480C8,VNAP25-74C736884A,Thái Giang,Thai Giang
VN-54,Thái Bình,Thai Binh,VNAP25-7107D7E3D4,VNAP25-74C736884A,Thái Hưng,Thai Hung
VN-54,Thái Bình,Thai Binh,VNAP25-534E7ACD63,VNAP25-74C736884A,Thái Nguyên,Thai Nguyen
VN-54,Thái Bình,Thai Binh,VNAP25-F1EF40C083,VNAP25-74C736884A,Thái Phúc,Thai Phuc
VN-54,Thái Bình,Thai Binh,VNAP25-C4397EF966,VNAP25-74C736884A,Thái Thịnh,Thai Thinh
VN-54,Thái Bình,Thai Binh,VNAP25-6F566E0C9B,VNAP25-74C736884A,Thái Thọ,Thai Tho
VN-54,Thái Bình,Thai Binh,VNAP25-03A0409FEF,VNAP25-74C736884A,Thái Thượng,Thai Thuong
VN-54,Thái Bình,Thai Binh,VNAP25-7504BCC01E,VNAP25-74C736884A,Thái Xuyên,Thai Xuyen
VN-54,Thái Bình,Thai Binh,VNAP25-D9C43EFEBD,VNAP25-74C736884A,Thuần Thành,Thuan Thanh
VN-54,Thái Bình,Thai Binh,VNAP25-256628A359,VNAP25-74C736884A,Thụy Bình,Thuy Binh
VN-54,Thái Bình,Thai Binh,VNAP25-B479220509,VNAP25-74C736884A,Thụy Chính,Thuy Chinh
VN-54,Thái Bình,Thai Binh,VNAP25-95D393CDE3,VNAP25-74C736884A,Thụy Dân,Thuy Dan
VN-54,Thái Bình,Thai Binh,VNAP25-3B17760740,VNAP25-74C736884A,Thụy Duyên,Thuy Duyen
VN-54,Thái Bình,Thai Binh,VNAP25-A513C35932,VNAP25-74C736884A,Thụy Hải,Thuy Hai
VN-54,Thái Bình,Thai Binh,VNAP25-1643A2369F,VNAP25-74C736884A,Thụy Hưng,Thuy Hung
VN-54,Thái Bình,Thai Binh,VNAP25-BAEAC50E86,VNAP25-74C736884A,Thụy Liên,Thuy Lien
VN-54,Thái Bình,Thai Binh,VNAP25-7522A2B88A,VNAP25-74C736884A,Thụy Ninh,Thuy Ninh
VN-54,Thái Bình,Thai Binh,VNAP25-CFE7302CB5,VNAP25-74C736884A,Thụy Phong,Thuy Phong
VN-54,Thái Bình,Thai Binh,VNAP25-D578FF325B,VNAP25-74C736884A,Thụy Quỳnh,Thuy Quynh
VN-54,Thái Bình,Thai Binh,VNAP25-991922564C,VNAP25-74C736884A,Thụy Sơn,Thuy Son
VN-54,Thái Bình,Thai Binh,VNAP25-B997B78448,VNAP25-74C736884A,Thụy Thanh,Thuy Thanh
VN-54,Thái Bình,Thai Binh,VNAP25-A108FABDE4,VNAP25-74C736884A,Thụy Trình,Thuy Trinh
VN-54,Thái Bình,Thai Binh,VNAP25-E1ED970ABA,VNAP25-74C736884A,Thụy Trường,Thuy Truong
VN-54,Thái Bình,Thai Binh,VNAP25-6BA0266654,VNAP25-74C736884A,Thụy Văn,Thuy Van
VN-54,Thái Bình,Thai Binh,VNAP25-8FABEF2DDD,VNAP25-74C736884A,Thụy Việt,Thuy Viet
VN-54,Thái Bình,Thai Binh,VNAP25-49C57AC7A1,VNAP25-74C736884A,Thụy Xuân,Thuy Xuan
VN-54,Thái Bình,Thai Binh,VNAP25-558CC6219F,,Tiền Hải,Tien Hai
VN-54,Thái Bình,Thai Binh,VNAP25-B41FE98C37,VNAP25-558CC6219F,Ái Quốc,Ai Quoc
VN-54,Thái Bình,Thai Binh,VNAP25-DD4F410BB8,VNAP25-558CC6219F,An Ninh,An Ninh
VN-54,Thái Bình,Thai Binh,VNAP25-A042D62A9F,VNAP25-558CC6219F,Bắc Hải,Bac Hai
VN-54,Thái Bình,Thai Binh,VNAP25-27EA725089,VNAP25-558CC6219F,Đông Cơ,Dong Co
VN-54,Thái Bình,Thai Binh,VNAP25-887D6AADCC,VNAP25-558CC6219F,Đông Hoàng,Dong Hoang
VN-54,Thái Bình,Thai Binh,VNAP25-9117FE7511,VNAP25-558CC6219F,Đông Lâm,Dong Lam
VN-54,Thái Bình,Thai Binh,VNAP25-43B94D8C5A,VNAP25-558CC6219F,Đông Long,Dong Long
VN-54,Thái Bình,Thai Binh,VNAP25-47F45D1EFB,VNAP25-558CC6219F,Đông Minh,Dong Minh
VN-54,Thái Bình,Thai Binh,VNAP25-39B80211D3,VNAP25-558CC6219F,Đông Quang,Dong Quang
VN-54,Thái Bình,Thai Binh,VNAP25-C53E530149,VNAP25-558CC6219F,Đông Trà,Dong Tra
VN-54,Thái Bình,Thai Binh,VNAP25-D5EAC8BB85,VNAP25-558CC6219F,Đông Xuyên,Dong Xuyen
VN-54,Thái Bình,Thai Binh,VNAP25-3481EBCAE6,VNAP25-558CC6219F,Nam Chính,Nam Chinh
VN-54,Thái Bình,Thai Binh,VNAP25-BCE1709A10,VNAP25-558CC6219F,Nam Cường,Nam Cuong
VN-54,Thái Bình,Thai Binh,VNAP25-02353F4EE4,VNAP25-558CC6219F,Nam Hà,Nam Ha
VN-54,Thái Bình,Thai Binh,VNAP25-803D7DB51E,VNAP25-558CC6219F,Nam Hải,Nam Hai
VN-54,Thái Bình,Thai Binh,VNAP25-250E366007,VNAP25-558CC6219F,Nam Hồng,Nam Hong
VN-54,Thái Bình,Thai Binh,VNAP25-74378A5987,VNAP25-558CC6219F,Nam Hưng,Nam Hung
VN-54,Thái Bình,Thai Binh,VNAP25-CEE99CCF08,VNAP25-558CC6219F,Nam Phú,Nam Phu
VN-54,Thái Bình,Thai Binh,VNAP25-A3B745B8A4,VNAP25-558CC6219F,Nam Thịnh,Nam Thinh
VN-54,Thái Bình,Thai Binh,VNAP25-F969D7BEC2,VNAP25-558CC6219F,Nam Tiến,Nam Tien
VN-54,Thái Bình,Thai Binh,VNAP25-65DF6C3846,VNAP25-558CC6219F,Nam Trung,Nam Trung
VN-54,Thái Bình,Thai Binh,VNAP25-4A31CDC3FF,VNAP25-558CC6219F,Phương Công,Phuong Cong
VN-54,Thái Bình,Thai Binh,VNAP25-3E89635BEF,VNAP25-558CC6219F,Tây Giang,Tay Giang
VN-54,Thái Bình,Thai Binh,VNAP25-902368BF5A,VNAP25-558CC6219F,Tây Lương,Tay Luong
VN-54,Thái Bình,Thai Binh,VNAP25-0BE8B930F1,VNAP25-558CC6219F,Tây Ninh,Tay Ninh
VN-54,Thái Bình,Thai Binh,VNAP25-89AF1220DD,VNAP25-558CC6219F,Tiền Hải,Tien Hai
VN-54,Thái Bình,Thai Binh,VNAP25-5B8506DAEE,VNAP25-558CC6219F,Vân Trường,Van Truong
VN-54,Thái Bình,Thai Binh,VNAP25-FC1F70CEC5,VNAP25-558CC6219F,Vũ Lăng,Vu Lang
VN-54,Thái Bình,Thai Binh,VNAP25-B959B46321,,Vũ Thư,Vu Thu
VN-54,Thái Bình,Thai Binh,VNAP25-676797A1B7,VNAP25-B959B46321,Bách Thuận,Bach Thuan
VN-54,Thái Bình,Thai Binh,VNAP25-4C3C678906,VNAP25-B959B46321,Đồng Thanh,Dong Thanh
VN-54,Thái Bình,Thai Binh,VNAP25-6C1BC439FD,VNAP25-B959B46321,Dũng Nghĩa,Dung Nghia
VN-54,Thái Bình,Thai Binh,VNAP25-9CFD8DCAA8,VNAP25-B959B46321,Duy Nhất,Duy Nhat
VN-54,Thái Bình,Thai Binh,VNAP25-F53B024947,VNAP25-B959B46321,Hiệp Hòa,Hiep Hoa
VN-54,Thái Bình,Thai Binh,VNAP25-5EDCA0505F,VNAP25-B959B46321,Hòa Bình,Hoa Binh
VN-54,Thái Bình,Thai Binh,VNAP25-FDDA109467,VNAP25-B959B46321,Hồng Lý,Hong Ly
VN-54,Thái Bình,Thai Binh,VNAP25-7273E0EDA1,VNAP25-B959B46321,Hồng Phong,Hong Phong
VN-54,Thái Bình,Thai Binh,VNAP25-3EC7E1F47D,VNAP25-B959B46321,Minh Khai,Minh Khai
VN-54,Thái Bình,Thai Binh,VNAP25-705E0EDBAD,VNAP25-B959B46321,Minh Lãng,Minh Lang
VN-54,Thái Bình,Thai Binh,VNAP25-79A332854A,VNAP25-B959B46321,Minh Quang,Minh Quang
VN-54,Thái Bình,Thai Binh,VNAP25-E0071EBAEC,VNAP25-B959B46321,Nguyên Xá,Nguyen Xa
VN-54,Thái Bình,Thai Binh,VNAP25-77908CC7BE,VNAP25-B959B46321,Phúc Thành,Phuc Thanh
VN-54,Thái Bình,Thai Binh,VNAP25-3D85F95737,VNAP25-B959B46321,Song An,Song An
VN-54,Thái Bình,Thai Binh,VNAP25-80023D6247,VNAP25-B959B46321,Song Lãng,Song Lang
VN-54,Thái Bình,Thai Binh,VNAP25-EE58889568,VNAP25-B959B46321,Tam Quang,Tam Quang
VN-54,Thái Bình,Thai Binh,VNAP25-42A2626905,VNAP25-B959B46321,Tân Hòa,Tan Hoa
VN-54,Thái Bình,Thai Binh,VNAP25-1059B8CBF3,VNAP25-B959B46321,Tân Lập,Tan Lap
VN-54,Thái Bình,Thai Binh,VNAP25-AC97CE04AB,VNAP25-B959B46321,Tân Phong,Tan Phong
VN-54,Thái Bình,Thai Binh,VNAP25-9ED1ED19C2,VNAP25-B959B46321,Trung An,Trung An
VN-54,Thái Bình,Thai Binh,VNAP25-B44F719DFD,VNAP25-B959B46321,Tự Tân,Tu Tan
VN-54,Thái Bình,Thai Binh,VNAP25-BDFB2105D4,VNAP25-B959B46321,Việt Hùng,Viet Hung
VN-54,Thái Bình,Thai Binh,VNAP25-3B3922AE59,VNAP25-B959B46321,Việt Thuận,Viet Thuan
VN-54,Thái Bình,Thai Binh,VNAP25-CAB34C484F,VNAP25-B959B46321,Vũ Đoài,Vu Doai
VN-54,Thái Bình,Thai Binh,VNAP25-7DD521E451,VNAP25-B959B46321,Vũ Hội,Vu Hoi
VN-54,Thái Bình,Thai Binh,VNAP25-B6D444CA98,VNAP25-B959B46321,Vũ Thư,Vu Thu
VN-54,Thái Bình,Thai Binh,VNAP25-5BB990A756,VNAP25-B959B46321,Vũ Tiến,Vu Tien
VN-54,Thái Bình,Thai Binh,VNAP25-1C60A3E24A,VNAP25-B959B46321,Vũ Vân,Vu Van
VN-54,Thái Bình,Thai Binh,VNAP25-EFA3D7CF8F,VNAP25-B959B46321,Vũ Vinh,Vu Vinh
VN-54,Thái Bình,Thai Binh,VNAP25-BB80BFDA1B,VNAP25-B959B46321,Xuân Hòa,Xuan Hoa
VN-55,Thái Nguyên,Thai Nguyen,VNAP25-89CF74913F,,Đại Từ,Dai Tu
VN-55,Thái Nguyên,Thai Nguyen,VNAP25-D698E084DE,VNAP25-89CF74913F,An Khánh,An Khanh
VN-55,Thái Nguyên,Thai Nguyen,VNAP25-C1346EDC76,VNAP25-89CF74913F,Bản Ngoại,Ban Ngoai
VN-55,Thái Nguyên,Thai Nguyen,VNAP25-AE000B5004,VNAP25-89CF74913F,Bình Thuận,Binh Thuan
VN-55,Thái Nguyên,Thai Nguyen,VNAP25-A32CC7E8FE,VNAP25-89CF74913F,Cát Nê,Cat Ne
VN-55,Thái Nguyên,Thai Nguyen,VNAP25-ED40A28E91,VNAP25-89CF74913F,Cù Vân,Cu Van
VN-55,Thái Nguyên,Thai Nguyen,VNAP25-F70A88BF7D,VNAP25-89CF74913F,Đức Lương,Duc Luong
VN-55,Thái Nguyên,Thai Nguyen,VNAP25-44D212AF91,VNAP25-89CF74913F,Hà Thượng,Ha Thuong
VN-55,Thái Nguyên,Thai Nguyen,VNAP25-39AC5ACD7B,VNAP25-89CF74913F,Hoàng Nông,Hoang Nong
VN-55,Thái Nguyên,Thai Nguyen,VNAP25-9AD8370268,VNAP25-89CF74913F,Hùng Sơn,Hung Son
VN-55,Thái Nguyên,Thai Nguyen,VNAP25-BE9E8115EF,VNAP25-89CF74913F,Khôi Kỳ,Khoi Ky
VN-55,Thái Nguyên,Thai Nguyen,VNAP25-EE9F7FCA85,VNAP25-89CF74913F,La Bằng,La Bang
VN-55,Thái Nguyên,Thai Nguyen,VNAP25-D67F2B6DCD,VNAP25-89CF74913F,Lục Ba,Luc Ba
VN-55,Thái Nguyên,Thai Nguyen,VNAP25-E531B4951B,VNAP25-89CF74913F,Minh Tiến,Minh Tien
VN-55,Thái Nguyên,Thai Nguyen,VNAP25-9192D741EB,VNAP25-89CF74913F,Mỹ Yên,My Yen
VN-55,Thái Nguyên,Thai Nguyen,VNAP25-F621C6244A,VNAP25-89CF74913F,Phú Cường,Phu Cuong
VN-55,Thái Nguyên,Thai Nguyen,VNAP25-23ECF77690,VNAP25-89CF74913F,Phú Lạc,Phu Lac
VN-55,Thái Nguyên,Thai Nguyen,VNAP25-0B42BD3286,VNAP25-89CF74913F,Phú Thịnh,Phu Thinh
VN-55,Thái Nguyên,Thai Nguyen,VNAP25-201004632A,VNAP25-89CF74913F,Phú Xuyên,Phu Xuyen
VN-55,Thái Nguyên,Thai Nguyen,VNAP25-650DC946D1,VNAP25-89CF74913F,Phục Linh,Phuc Linh
VN-55,Thái Nguyên,Thai Nguyen,VNAP25-AA6B6685EE,VNAP25-89CF74913F,Phúc Lương,Phuc Luong
VN-55,Thái Nguyên,Thai Nguyen,VNAP25-4F80BEC1B2,VNAP25-89CF74913F,Quân Chu,Quan Chu
VN-55,Thái Nguyên,Thai Nguyen,VNAP25-F44EA493E0,VNAP25-89CF74913F,Tân Linh,Tan Linh
VN-55,Thái Nguyên,Thai Nguyen,VNAP25-4FD83F1A38,VNAP25-89CF74913F,Tân Thái,Tan Thai
VN-55,Thái Nguyên,Thai Nguyen,VNAP25-8079715854,VNAP25-89CF74913F,Tiên Hội,Tien Hoi
VN-55,Thái Nguyên,Thai Nguyen,VNAP25-4D8B683289,VNAP25-89CF74913F,Vạn Phú,Van Phu
VN-55,Thái Nguyên,Thai Nguyen,VNAP25-B496E38D07,VNAP25-89CF74913F,Văn Yên,Van Yen
VN-55,Thái Nguyên,Thai Nguyen,VNAP25-157C0113CC,VNAP25-89CF74913F,Yên Lãng,Yen Lang
VN-55,Thái Nguyên,Thai Nguyen,VNAP25-09A640784B,,Định Hóa,Dinh Hoa
VN-55,Thái Nguyên,Thai Nguyen,VNAP25-7B4A9DBE95,VNAP25-09A640784B,Bảo Linh,Bao Linh
VN-55,Thái Nguyên,Thai Nguyen,VNAP25-9AB4DBCC39,VNAP25-09A640784B,Bình Thành,Binh Thanh
VN-55,Thái Nguyên,Thai Nguyen,VNAP25-CFD594E4F1,VNAP25-09A640784B,Bình Yên,Binh Yen
VN-55,Thái Nguyên,Thai Nguyen,VNAP25-90F09C76BA,VNAP25-09A640784B,Bộc Nhiêu,Boc Nhieu
VN-55,Thái Nguyên,Thai Nguyen,VNAP25-00176365DD,VNAP25-09A640784B,Chợ Chu,Cho Chu
VN-55,Thái Nguyên,Thai Nguyen,VNAP25-DCEF0FF018,VNAP25-09A640784B,Điềm Mặc,Diem Mac
VN-55,Thái Nguyên,Thai Nguyen,VNAP25-5057E4EC04,VNAP25-09A640784B,Định Biên,Dinh Bien
VN-55,Thái Nguyên,Thai Nguyen,VNAP25-32B0674E8F,VNAP25-09A640784B,Đồng Thịnh,Dong Thinh
VN-55,Thái Nguyên,Thai Nguyen,VNAP25-A9A906171A,VNAP25-09A640784B,Kim Phượng,Kim Phuong
VN-55,Thái Nguyên,Thai Nguyen,VNAP25-8081E2A532,VNAP25-09A640784B,Lam Vỹ,Lam Vy
VN-55,Thái Nguyên,Thai Nguyen,VNAP25-117311FC68,VNAP25-09A640784B,Linh Thông,Linh Thong
VN-55,Thái Nguyên,Thai Nguyen,VNAP25-B4571EFB73,VNAP25-09A640784B,Phú Đình,Phu Dinh
VN-55,Thái Nguyên,Thai Nguyen,VNAP25-8A1C88ACFB,VNAP25-09A640784B,Phú Tiến,Phu Tien
VN-55,Thái Nguyên,Thai Nguyen,VNAP25-FFB5608A3B,VNAP25-09A640784B,Phúc Chu,Phuc Chu
VN-55,Thái Nguyên,Thai Nguyen,VNAP25-851AEAD33B,VNAP25-09A640784B,Phượng Tiến,Phuong Tien
VN-55,Thái Nguyên,Thai Nguyen,VNAP25-DEF58A4D15,VNAP25-09A640784B,Quy Kỳ,Quy Ky
VN-55,Thái Nguyên,Thai Nguyen,VNAP25-29F62E53C9,VNAP25-09A640784B,Sơn Phú,Son Phu
VN-55,Thái Nguyên,Thai Nguyen,VNAP25-B22D700FBD,VNAP25-09A640784B,Tân Dương,Tan Duong
VN-55,Thái Nguyên,Thai Nguyen,VNAP25-2262336093,VNAP25-09A640784B,Tân Thịnh,Tan Thinh
VN-55,Thái Nguyên,Thai Nguyen,VNAP25-F0D371861F,VNAP25-09A640784B,Thanh Định,Thanh Dinh
VN-55,Thái Nguyên,Thai Nguyen,VNAP25-060B6C1F87,VNAP25-09A640784B,Trung Hội,Trung Hoi
VN-55,Thái Nguyên,Thai Nguyen,VNAP25-6A791E4D93,VNAP25-09A640784B,Trung Lương,Trung Luong
VN-55,Thái Nguyên,Thai Nguyen,VNAP25-6A8138D106,,Đồng Hỷ,Dong Hy
VN-55,Thái Nguyên,Thai Nguyen,VNAP25-05ED3B1DEF,VNAP25-6A8138D106,Cây Thị,Cay Thi
VN-55,Thái Nguyên,Thai Nguyen,VNAP25-1F38A305E7,VNAP25-6A8138D106,Hòa Bình,Hoa Binh
VN-55,Thái Nguyên,Thai Nguyen,VNAP25-2140B101DC,VNAP25-6A8138D106,Hóa Thượng,Hoa Thuong
VN-55,Thái Nguyên,Thai Nguyen,VNAP25-8EA0565052,VNAP25-6A8138D106,Hóa Trung,Hoa Trung
VN-55,Thái Nguyên,Thai Nguyen,VNAP25-8854219191,VNAP25-6A8138D106,Hợp Tiến,Hop Tien
VN-55,Thái Nguyên,Thai Nguyen,VNAP25-4F1A336AD8,VNAP25-6A8138D106,Khe Mo,Khe Mo
VN-55,Thái Nguyên,Thai Nguyen,VNAP25-E8A7E03F64,VNAP25-6A8138D106,Minh Lập,Minh Lap
VN-55,Thái Nguyên,Thai Nguyen,VNAP25-DB0DC2C9B3,VNAP25-6A8138D106,Nam Hòa,Nam Hoa
VN-55,Thái Nguyên,Thai Nguyen,VNAP25-2AF7849B78,VNAP25-6A8138D106,Quang Sơn,Quang Son
VN-55,Thái Nguyên,Thai Nguyen,VNAP25-183EA32D09,VNAP25-6A8138D106,Sông Cầu,Song Cau
VN-55,Thái Nguyên,Thai Nguyen,VNAP25-28F2D79CA6,VNAP25-6A8138D106,Tân Long,Tan Long
VN-55,Thái Nguyên,Thai Nguyen,VNAP25-70EF75595B,VNAP25-6A8138D106,Trại Cau,Trai Cau
VN-55,Thái Nguyên,Thai Nguyen,VNAP25-BF91731820,VNAP25-6A8138D106,Văn Hán,Van Han
VN-55,Thái Nguyên,Thai Nguyen,VNAP25-2BFFEB1E50,VNAP25-6A8138D106,Văn Lăng,Van Lang
VN-55,Thái Nguyên,Thai Nguyen,VNAP25-4C3659209B,,Phổ Yên,Pho Yen
VN-55,Thái Nguyên,Thai Nguyen,VNAP25-9FBD353576,VNAP25-4C3659209B,Ba Hàng,Ba Hang
VN-55,Thái Nguyên,Thai Nguyen,VNAP25-2D47A2C14E,VNAP25-4C3659209B,Bắc Sơn,Bac Son
VN-55,Thái Nguyên,Thai Nguyen,VNAP25-D78ABB8B67,VNAP25-4C3659209B,Bãi Bông,Bai Bong
VN-55,Thái Nguyên,Thai Nguyen,VNAP25-382F66BB4F,VNAP25-4C3659209B,Đắc Sơn,Dac Son
VN-55,Thái Nguyên,Thai Nguyen,VNAP25-D88FD4C6A2,VNAP25-4C3659209B,Đông Cao,Dong Cao
VN-55,Thái Nguyên,Thai Nguyen,VNAP25-521A526CE8,VNAP25-4C3659209B,Đồng Tiến,Dong Tien
VN-55,Thái Nguyên,Thai Nguyen,VNAP25-A1F1CE8536,VNAP25-4C3659209B,Hồng Tiến,Hong Tien
VN-55,Thái Nguyên,Thai Nguyen,VNAP25-BCE1B3C757,VNAP25-4C3659209B,Minh Đức,Minh Duc
VN-55,Thái Nguyên,Thai Nguyen,VNAP25-6515AFD8C5,VNAP25-4C3659209B,Nam Tiến,Nam Tien
VN-55,Thái Nguyên,Thai Nguyen,VNAP25-B6888199DE,VNAP25-4C3659209B,Phúc Tân,Phuc Tan
VN-55,Thái Nguyên,Thai Nguyen,VNAP25-8A2C151783,VNAP25-4C3659209B,Phúc Thuận,Phuc Thuan
VN-55,Thái Nguyên,Thai Nguyen,VNAP25-EB6D7993A0,VNAP25-4C3659209B,Tân Hương,Tan Huong
VN-55,Thái Nguyên,Thai Nguyen,VNAP25-7DC0DB2509,VNAP25-4C3659209B,Tân Phú,Tan Phu
VN-55,Thái Nguyên,Thai Nguyen,VNAP25-5A55804EB1,VNAP25-4C3659209B,Thành Công,Thanh Cong
VN-55,Thái Nguyên,Thai Nguyen,VNAP25-0E3B6D94D9,VNAP25-4C3659209B,Thuận Thành,Thuan Thanh
VN-55,Thái Nguyên,Thai Nguyen,VNAP25-D30727028D,VNAP25-4C3659209B,Tiên Phong,Tien Phong
VN-55,Thái Nguyên,Thai Nguyen,VNAP25-DE91377D1D,VNAP25-4C3659209B,Trung Thành,Trung Thanh
VN-55,Thái Nguyên,Thai Nguyen,VNAP25-ECADE6AA06,VNAP25-4C3659209B,Vạn Phái,Van Phai
VN-55,Thái Nguyên,Thai Nguyen,VNAP25-8E80483E2B,,Phú Bình,Phu Binh
VN-55,Thái Nguyên,Thai Nguyen,VNAP25-1D8E963AB5,VNAP25-8E80483E2B,Bàn Đạt,Ban Dat
VN-55,Thái Nguyên,Thai Nguyen,VNAP25-E9D44FCBAD,VNAP25-8E80483E2B,Bảo Lý,Bao Ly
VN-55,Thái Nguyên,Thai Nguyen,VNAP25-4CD504170E,VNAP25-8E80483E2B,Đào Xá,Dao Xa
VN-55,Thái Nguyên,Thai Nguyen,VNAP25-7AAD2C0483,VNAP25-8E80483E2B,Điềm Thụy,Diem Thuy
VN-55,Thái Nguyên,Thai Nguyen,VNAP25-F339A3CBBB,VNAP25-8E80483E2B,Dương Thành,Duong Thanh
VN-55,Thái Nguyên,Thai Nguyen,VNAP25-335C8B9E3F,VNAP25-8E80483E2B,Hà Châu,Ha Chau
VN-55,Thái Nguyên,Thai Nguyen,VNAP25-CA9D9865CC,VNAP25-8E80483E2B,Hương Sơn,Huong Son
VN-55,Thái Nguyên,Thai Nguyen,VNAP25-019489FC1D,VNAP25-8E80483E2B,Kha Sơn,Kha Son
VN-55,Thái Nguyên,Thai Nguyen,VNAP25-AC1EDE9110,VNAP25-8E80483E2B,Lương Phú,Luong Phu
VN-55,Thái Nguyên,Thai Nguyen,VNAP25-FA95C1103A,VNAP25-8E80483E2B,Nga My,Nga My
VN-55,Thái Nguyên,Thai Nguyen,VNAP25-1B521DAFBA,VNAP25-8E80483E2B,Nhã Lộng,Nha Long
VN-55,Thái Nguyên,Thai Nguyen,VNAP25-866FE7FD22,VNAP25-8E80483E2B,Tân Đức,Tan Duc
VN-55,Thái Nguyên,Thai Nguyen,VNAP25-44EB614741,VNAP25-8E80483E2B,Tân Hòa,Tan Hoa
VN-55,Thái Nguyên,Thai Nguyen,VNAP25-17ABE9F7C4,VNAP25-8E80483E2B,Tân Khánh,Tan Khanh
VN-55,Thái Nguyên,Thai Nguyen,VNAP25-40F6A05B8D,VNAP25-8E80483E2B,Tân Kim,Tan Kim
VN-55,Thái Nguyên,Thai Nguyen,VNAP25-4334E360CF,VNAP25-8E80483E2B,Tân Thành,Tan Thanh
VN-55,Thái Nguyên,Thai Nguyen,VNAP25-061C33F752,VNAP25-8E80483E2B,Thanh Ninh,Thanh Ninh
VN-55,Thái Nguyên,Thai Nguyen,VNAP25-22CE30674A,VNAP25-8E80483E2B,Thượng Đình,Thuong Dinh
VN-55,Thái Nguyên,Thai Nguyen,VNAP25-71F705862E,VNAP25-8E80483E2B,Úc Kỳ,Uc Ky
VN-55,Thái Nguyên,Thai Nguyen,VNAP25-735F1CB820,VNAP25-8E80483E2B,Xuân Phương,Xuan Phuong
VN-55,Thái Nguyên,Thai Nguyen,VNAP25-31552478C7,,Phú Lương,Phu Luong
VN-55,Thái Nguyên,Thai Nguyen,VNAP25-9E963EDBFE,VNAP25-31552478C7,Cổ Lũng,Co Lung
VN-55,Thái Nguyên,Thai Nguyen,VNAP25-301DC51357,VNAP25-31552478C7,Động Đạt,Dong Dat
VN-55,Thái Nguyên,Thai Nguyen,VNAP25-EC2095CFAB,VNAP25-31552478C7,Đu,Du
VN-55,Thái Nguyên,Thai Nguyen,VNAP25-0D87A4A144,VNAP25-31552478C7,Giang Tiên,Giang Tien
VN-55,Thái Nguyên,Thai Nguyen,VNAP25-3E57312B2C,VNAP25-31552478C7,Hợp Thành,Hop Thanh
VN-55,Thái Nguyên,Thai Nguyen,VNAP25-E148B19732,VNAP25-31552478C7,Ôn Lương,On Luong
VN-55,Thái Nguyên,Thai Nguyen,VNAP25-35DA4E1F8E,VNAP25-31552478C7,Phú Đô,Phu Do
VN-55,Thái Nguyên,Thai Nguyen,VNAP25-A3C73B6C6D,VNAP25-31552478C7,Phủ Lý,Phu Ly
VN-55,Thái Nguyên,Thai Nguyen,VNAP25-6C5622F97D,VNAP25-31552478C7,Tức Tranh,Tuc Tranh
VN-55,Thái Nguyên,Thai Nguyen,VNAP25-D281A11A47,VNAP25-31552478C7,Vô Tranh,Vo Tranh
VN-55,Thái Nguyên,Thai Nguyen,VNAP25-716825BA5B,VNAP25-31552478C7,Yên Đổ,Yen Do
VN-55,Thái Nguyên,Thai Nguyen,VNAP25-F9CDCD6E77,VNAP25-31552478C7,Yên Lạc,Yen Lac
VN-55,Thái Nguyên,Thai Nguyen,VNAP25-80BA290F78,VNAP25-31552478C7,Yên Ninh,Yen Ninh
VN-55,Thái Nguyên,Thai Nguyen,VNAP25-EF4EAB805F,VNAP25-31552478C7,Yên Trạch,Yen Trach
VN-55,Thái Nguyên,Thai Nguyen,VNAP25-51DBB442B1,,Sông Công,Song Cong
VN-55,Thái Nguyên,Thai Nguyen,VNAP25-FA23BCF48B,VNAP25-51DBB442B1,Bá Xuyên,Ba Xuyen
VN-55,Thái Nguyên,Thai Nguyen,VNAP25-67EE38B10A,VNAP25-51DBB442B1,Bách Quang,Bach Quang
VN-55,Thái Nguyên,Thai Nguyen,VNAP25-682C5FDF3B,VNAP25-51DBB442B1,Bình Sơn,Binh Son
VN-55,Thái Nguyên,Thai Nguyen,VNAP25-E99606D95A,VNAP25-51DBB442B1,Cải Đan,Cai Dan
VN-55,Thái Nguyên,Thai Nguyen,VNAP25-22011F1D4F,VNAP25-51DBB442B1,Châu Sơn,Chau Son
VN-55,Thái Nguyên,Thai Nguyen,VNAP25-387334FD4E,VNAP25-51DBB442B1,Lương Sơn,Luong Son
VN-55,Thái Nguyên,Thai Nguyen,VNAP25-1270C2AFF4,VNAP25-51DBB442B1,Mỏ Chè,Mo Che
VN-55,Thái Nguyên,Thai Nguyen,VNAP25-8A905C71D1,VNAP25-51DBB442B1,Phố Cò,Pho Co
VN-55,Thái Nguyên,Thai Nguyen,VNAP25-999336A161,VNAP25-51DBB442B1,Tân Quang,Tan Quang
VN-55,Thái Nguyên,Thai Nguyen,VNAP25-802E7AE767,VNAP25-51DBB442B1,Thắng Lợi,Thang Loi
VN-55,Thái Nguyên,Thai Nguyen,VNAP25-85BDED1FF1,,Thái Nguyên,Thai Nguyen
VN-55,Thái Nguyên,Thai Nguyen,VNAP25-038B6652D1,VNAP25-85BDED1FF1,Cam Giá,Cam Gia
VN-55,Thái Nguyên,Thai Nguyen,VNAP25-76C37302F5,VNAP25-85BDED1FF1,Cao Ngạn,Cao Ngan
VN-55,Thái Nguyên,Thai Nguyen,VNAP25-223A7FC278,VNAP25-85BDED1FF1,Chùa Hang,Chua Hang
VN-55,Thái Nguyên,Thai Nguyen,VNAP25-C6AAAF4F9D,VNAP25-85BDED1FF1,Đồng Bẩm,Dong Bam
VN-55,Thái Nguyên,Thai Nguyen,VNAP25-4A77274C7C,VNAP25-85BDED1FF1,Đồng Liên,Dong Lien
VN-55,Thái Nguyên,Thai Nguyen,VNAP25-43988EE027,VNAP25-85BDED1FF1,Đồng Quang,Dong Quang
VN-55,Thái Nguyên,Thai Nguyen,VNAP25-7E90BED76A,VNAP25-85BDED1FF1,Gia Sàng,Gia Sang
VN-55,Thái Nguyên,Thai Nguyen,VNAP25-16995DDBBC,VNAP25-85BDED1FF1,Hoàng Văn Thụ,Hoang Van Thu
VN-55,Thái Nguyên,Thai Nguyen,VNAP25-B539059BE2,VNAP25-85BDED1FF1,Hương Sơn,Huong Son
VN-55,Thái Nguyên,Thai Nguyen,VNAP25-062CFA1B02,VNAP25-85BDED1FF1,Huống Thượng,Huong Thuong
VN-55,Thái Nguyên,Thai Nguyen,VNAP25-3E0C06C7E4,VNAP25-85BDED1FF1,Linh Sơn,Linh Son
VN-55,Thái Nguyên,Thai Nguyen,VNAP25-4BA028BD31,VNAP25-85BDED1FF1,Phan Đình Phùng,Phan Dinh Phung
VN-55,Thái Nguyên,Thai Nguyen,VNAP25-85433A43FF,VNAP25-85BDED1FF1,Phú Xá,Phu Xa
VN-55,Thái Nguyên,Thai Nguyen,VNAP25-55956D603A,VNAP25-85BDED1FF1,Phúc Hà,Phuc Ha
VN-55,Thái Nguyên,Thai Nguyen,VNAP25-A87D872557,VNAP25-85BDED1FF1,Phúc Trìu,Phuc Triu
VN-55,Thái Nguyên,Thai Nguyen,VNAP25-F6350580C3,VNAP25-85BDED1FF1,Phúc Xuân,Phuc Xuan
VN-55,Thái Nguyên,Thai Nguyen,VNAP25-6872A9B485,VNAP25-85BDED1FF1,Quán Triều,Quan Trieu
VN-55,Thái Nguyên,Thai Nguyen,VNAP25-6F3367B000,VNAP25-85BDED1FF1,Quang Trung,Quang Trung
VN-55,Thái Nguyên,Thai Nguyen,VNAP25-326C2DF8B3,VNAP25-85BDED1FF1,Quang Vinh,Quang Vinh
VN-55,Thái Nguyên,Thai Nguyen,VNAP25-6106D1F4EC,VNAP25-85BDED1FF1,Quyết Thắng,Quyet Thang
VN-55,Thái Nguyên,Thai Nguyen,VNAP25-68AF0D882A,VNAP25-85BDED1FF1,Sơn Cẩm,Son Cam
VN-55,Thái Nguyên,Thai Nguyen,VNAP25-FECDA1FC78,VNAP25-85BDED1FF1,Tân Cương,Tan Cuong
VN-55,Thái Nguyên,Thai Nguyen,VNAP25-4A4A77B98D,VNAP25-85BDED1FF1,Tân Lập,Tan Lap
VN-55,Thái Nguyên,Thai Nguyen,VNAP25-637A8FB4C8,VNAP25-85BDED1FF1,Tân Long,Tan Long
VN-55,Thái Nguyên,Thai Nguyen,VNAP25-108AF538C9,VNAP25-85BDED1FF1,Tân Thành,Tan Thanh
VN-55,Thái Nguyên,Thai Nguyen,VNAP25-F3D1BA10E1,VNAP25-85BDED1FF1,Tân Thịnh,Tan Thinh
VN-55,Thái Nguyên,Thai Nguyen,VNAP25-BAAB2A99A8,VNAP25-85BDED1FF1,Thịnh Đán,Thinh Dan
VN-55,Thái Nguyên,Thai Nguyen,VNAP25-FCF517F769,VNAP25-85BDED1FF1,Thịnh Đức,Thinh Duc
VN-55,Thái Nguyên,Thai Nguyen,VNAP25-CEED13579A,VNAP25-85BDED1FF1,Tích Lương,Tich Luong
VN-55,Thái Nguyên,Thai Nguyen,VNAP25-734E7B4C63,VNAP25-85BDED1FF1,Trung Thành,Trung Thanh
VN-55,Thái Nguyên,Thai Nguyen,VNAP25-B6E52076A4,VNAP25-85BDED1FF1,Trưng Vương,Trung Vuong
VN-55,Thái Nguyên,Thai Nguyen,VNAP25-B56DC53362,VNAP25-85BDED1FF1,Túc Duyên,Tuc Duyen
VN-55,Thái Nguyên,Thai Nguyen,VNAP25-9D7BF04528,,Võ Nhai,Vo Nhai
VN-55,Thái Nguyên,Thai Nguyen,VNAP25-35876A4735,VNAP25-9D7BF04528,Bình Long,Binh Long
VN-55,Thái Nguyên,Thai Nguyen,VNAP25-9585E0D9A9,VNAP25-9D7BF04528,Cúc Đường,Cuc Duong
VN-55,Thái Nguyên,Thai Nguyen,VNAP25-0139FC885A,VNAP25-9D7BF04528,Dân Tiến,Dan Tien
VN-55,Thái Nguyên,Thai Nguyen,VNAP25-ECF1BC39E0,VNAP25-9D7BF04528,Đình Cả,Dinh Ca
VN-55,Thái Nguyên,Thai Nguyen,VNAP25-EF40E9FF2E,VNAP25-9D7BF04528,La Hiên,La Hien
VN-55,Thái Nguyên,Thai Nguyen,VNAP25-82642D48A1,VNAP25-9D7BF04528,Lâu Thượng,Lau Thuong
VN-55,Thái Nguyên,Thai Nguyen,VNAP25-C3031FFEEC,VNAP25-9D7BF04528,Liên Minh,Lien Minh
VN-55,Thái Nguyên,Thai Nguyen,VNAP25-AC417A0A79,VNAP25-9D7BF04528,Nghinh Tường,Nghinh Tuong
VN-55,Thái Nguyên,Thai Nguyen,VNAP25-2A1E7B004D,VNAP25-9D7BF04528,Phú Thượng,Phu Thuong
VN-55,Thái Nguyên,Thai Nguyen,VNAP25-5AD3DEBA5E,VNAP25-9D7BF04528,Phương Giao,Phuong Giao
VN-55,Thái Nguyên,Thai Nguyen,VNAP25-AF47857C38,VNAP25-9D7BF04528,Sảng Mộc,Sang Moc
VN-55,Thái Nguyên,Thai Nguyen,VNAP25-420247E0E6,VNAP25-9D7BF04528,Thần Xa,Than Xa
VN-55,Thái Nguyên,Thai Nguyen,VNAP25-039FC29D74,VNAP25-9D7BF04528,Thượng Nung,Thuong Nung
VN-55,Thái Nguyên,Thai Nguyen,VNAP25-1E1C435814,VNAP25-9D7BF04528,Tràng Xá,Trang Xa
VN-55,Thái Nguyên,Thai Nguyen,VNAP25-BB83AB68F3,VNAP25-9D7BF04528,Vũ Chấn,Vu Chan
VN-56,Thanh Hóa,Thanh Hoa,VNAP25-4FFCF7F80A,,Bá Thước,Ba Thuoc
VN-56,Thanh Hóa,Thanh Hoa,VNAP25-1D7625D8EF,VNAP25-4FFCF7F80A,Ái Thượng,Ai Thuong
VN-56,Thanh Hóa,Thanh Hoa,VNAP25-F1CC12FB7C,VNAP25-4FFCF7F80A,Ban Công,Ban Cong
VN-56,Thanh Hóa,Thanh Hoa,VNAP25-7EEC9C6D61,VNAP25-4FFCF7F80A,Cành Nàng,Canh Nang
VN-56,Thanh Hóa,Thanh Hoa,VNAP25-4A7F5ECE38,VNAP25-4FFCF7F80A,Cổ Lũng,Co Lung
VN-56,Thanh Hóa,Thanh Hoa,VNAP25-0B9982A0EB,VNAP25-4FFCF7F80A,Điền Hạ,Dien Ha
VN-56,Thanh Hóa,Thanh Hoa,VNAP25-B205A394DB,VNAP25-4FFCF7F80A,Điền Lư,Dien Lu
VN-56,Thanh Hóa,Thanh Hoa,VNAP25-68497B7828,VNAP25-4FFCF7F80A,Điền Quang,Dien Quang
VN-56,Thanh Hóa,Thanh Hoa,VNAP25-671177B558,VNAP25-4FFCF7F80A,Điền Thượng,Dien Thuong
VN-56,Thanh Hóa,Thanh Hoa,VNAP25-4378858D42,VNAP25-4FFCF7F80A,Điền Trung,Dien Trung
VN-56,Thanh Hóa,Thanh Hoa,VNAP25-88E027F1D0,VNAP25-4FFCF7F80A,Hạ Trung,Ha Trung
VN-56,Thanh Hóa,Thanh Hoa,VNAP25-AB68819C69,VNAP25-4FFCF7F80A,Kỳ Tân,Ky Tan
VN-56,Thanh Hóa,Thanh Hoa,VNAP25-479BFE0EE5,VNAP25-4FFCF7F80A,Lũng Cao,Lung Cao
VN-56,Thanh Hóa,Thanh Hoa,VNAP25-59646628BA,VNAP25-4FFCF7F80A,Lũng Niêm,Lung Niem
VN-56,Thanh Hóa,Thanh Hoa,VNAP25-C8D233E99A,VNAP25-4FFCF7F80A,Lương Ngoại,Luong Ngoai
VN-56,Thanh Hóa,Thanh Hoa,VNAP25-DAC54D085A,VNAP25-4FFCF7F80A,Lương Nội,Luong Noi
VN-56,Thanh Hóa,Thanh Hoa,VNAP25-D0049DE33D,VNAP25-4FFCF7F80A,Lương Trung,Luong Trung
VN-56,Thanh Hóa,Thanh Hoa,VNAP25-B3212EA8EB,VNAP25-4FFCF7F80A,Thành Lâm,Thanh Lam
VN-56,Thanh Hóa,Thanh Hoa,VNAP25-C7F621EFCA,VNAP25-4FFCF7F80A,Thành Sơn,Thanh Son
VN-56,Thanh Hóa,Thanh Hoa,VNAP25-6FC6B13CB1,VNAP25-4FFCF7F80A,Thiết Kế,Thiet Ke
VN-56,Thanh Hóa,Thanh Hoa,VNAP25-BAE416C0CD,VNAP25-4FFCF7F80A,Thiết Ống,Thiet Ong
VN-56,Thanh Hóa,Thanh Hoa,VNAP25-5FF5888814,VNAP25-4FFCF7F80A,Văn Nho,Van Nho
VN-56,Thanh Hóa,Thanh Hoa,VNAP25-F59344F38E,,Bỉm Sơn,Bim Son
VN-56,Thanh Hóa,Thanh Hoa,VNAP25-BB8F952730,VNAP25-F59344F38E,Ba Đình,Ba Dinh
VN-56,Thanh Hóa,Thanh Hoa,VNAP25-1132548BC0,VNAP25-F59344F38E,Bắc Sơn,Bac Son
VN-56,Thanh Hóa,Thanh Hoa,VNAP25-AE583177AA,VNAP25-F59344F38E,Đông Sơn,Dong Son
VN-56,Thanh Hóa,Thanh Hoa,VNAP25-E2948C9B54,VNAP25-F59344F38E,Lam Sơn,Lam Son
VN-56,Thanh Hóa,Thanh Hoa,VNAP25-E4D57770E2,VNAP25-F59344F38E,Ngọc Trạo,Ngoc Trao
VN-56,Thanh Hóa,Thanh Hoa,VNAP25-DDC227C283,VNAP25-F59344F38E,Phú Sơn,Phu Son
VN-56,Thanh Hóa,Thanh Hoa,VNAP25-8725AEE245,VNAP25-F59344F38E,Quang Trung,Quang Trung
VN-56,Thanh Hóa,Thanh Hoa,VNAP25-70DA952DD2,,Cẩm Thủy,Cam Thuy
VN-56,Thanh Hóa,Thanh Hoa,VNAP25-DE1AB208C5,VNAP25-70DA952DD2,Cẩm Bình,Cam Binh
VN-56,Thanh Hóa,Thanh Hoa,VNAP25-FAB2317063,VNAP25-70DA952DD2,Cẩm Châu,Cam Chau
VN-56,Thanh Hóa,Thanh Hoa,VNAP25-454D73D213,VNAP25-70DA952DD2,Cẩm Giang,Cam Giang
VN-56,Thanh Hóa,Thanh Hoa,VNAP25-AA2A6ECEE1,VNAP25-70DA952DD2,Cẩm Liên,Cam Lien
VN-56,Thanh Hóa,Thanh Hoa,VNAP25-2D03810853,VNAP25-70DA952DD2,Cẩm Long,Cam Long
VN-56,Thanh Hóa,Thanh Hoa,VNAP25-58A7B2DF37,VNAP25-70DA952DD2,Cẩm Lương,Cam Luong
VN-56,Thanh Hóa,Thanh Hoa,VNAP25-B51AAEE444,VNAP25-70DA952DD2,Cẩm Ngọc,Cam Ngoc
VN-56,Thanh Hóa,Thanh Hoa,VNAP25-A82E7C50C1,VNAP25-70DA952DD2,Cẩm Phú,Cam Phu
VN-56,Thanh Hóa,Thanh Hoa,VNAP25-3899314624,VNAP25-70DA952DD2,Cẩm Quý,Cam Quy
VN-56,Thanh Hóa,Thanh Hoa,VNAP25-9B4098684B,VNAP25-70DA952DD2,Cẩm Tâm,Cam Tam
VN-56,Thanh Hóa,Thanh Hoa,VNAP25-93579F1958,VNAP25-70DA952DD2,Cẩm Tân,Cam Tan
VN-56,Thanh Hóa,Thanh Hoa,VNAP25-58F11295D4,VNAP25-70DA952DD2,Cẩm Thạch,Cam Thach
VN-56,Thanh Hóa,Thanh Hoa,VNAP25-CD9519CD82,VNAP25-70DA952DD2,Cẩm Thành,Cam Thanh
VN-56,Thanh Hóa,Thanh Hoa,VNAP25-0CDEA2DE85,VNAP25-70DA952DD2,Cẩm Tú,Cam Tu
VN-56,Thanh Hóa,Thanh Hoa,VNAP25-581A049067,VNAP25-70DA952DD2,Cẩm Vân,Cam Van
VN-56,Thanh Hóa,Thanh Hoa,VNAP25-6F2B4FCC73,VNAP25-70DA952DD2,Cẩm Yên,Cam Yen
VN-56,Thanh Hóa,Thanh Hoa,VNAP25-725ADFF312,VNAP25-70DA952DD2,Phong Sơn,Phong Son
VN-56,Thanh Hóa,Thanh Hoa,VNAP25-8CD9A84455,,Hà Trung,Ha Trung
VN-56,Thanh Hóa,Thanh Hoa,VNAP25-BD351EDF4A,VNAP25-8CD9A84455,Hà Bắc,Ha Bac
VN-56,Thanh Hóa,Thanh Hoa,VNAP25-1FE36F9C63,VNAP25-8CD9A84455,Hà Bình,Ha Binh
VN-56,Thanh Hóa,Thanh Hoa,VNAP25-DA8FC49083,VNAP25-8CD9A84455,Hà Châu,Ha Chau
VN-56,Thanh Hóa,Thanh Hoa,VNAP25-CB0918F0E5,VNAP25-8CD9A84455,Hà Đông,Ha Dong
VN-56,Thanh Hóa,Thanh Hoa,VNAP25-347693743D,VNAP25-8CD9A84455,Hà Giang,Ha Giang
VN-56,Thanh Hóa,Thanh Hoa,VNAP25-C54E7EAAF5,VNAP25-8CD9A84455,Hà Hải,Ha Hai
VN-56,Thanh Hóa,Thanh Hoa,VNAP25-745CDE8EBA,VNAP25-8CD9A84455,Hà Lĩnh,Ha Linh
VN-56,Thanh Hóa,Thanh Hoa,VNAP25-002C0BDDE4,VNAP25-8CD9A84455,Hà Long,Ha Long
VN-56,Thanh Hóa,Thanh Hoa,VNAP25-4D9D6E601E,VNAP25-8CD9A84455,Hà Ngọc,Ha Ngoc
VN-56,Thanh Hóa,Thanh Hoa,VNAP25-054A55A4CD,VNAP25-8CD9A84455,Hà Sơn,Ha Son
VN-56,Thanh Hóa,Thanh Hoa,VNAP25-47D87DF1A7,VNAP25-8CD9A84455,Hà Tân,Ha Tan
VN-56,Thanh Hóa,Thanh Hoa,VNAP25-EA75B8577B,VNAP25-8CD9A84455,Hà Tiến,Ha Tien
VN-56,Thanh Hóa,Thanh Hoa,VNAP25-3511FDA5CE,VNAP25-8CD9A84455,Hà Trung,Ha Trung
VN-56,Thanh Hóa,Thanh Hoa,VNAP25-0AD2A1A68D,VNAP25-8CD9A84455,Hà Vinh,Ha Vinh
VN-56,Thanh Hóa,Thanh Hoa,VNAP25-800B6964E3,VNAP25-8CD9A84455,Hoạt Giang,Hoat Giang
VN-56,Thanh Hóa,Thanh Hoa,VNAP25-5C86AB0ED5,VNAP25-8CD9A84455,Lĩnh Toại,Linh Toai
VN-56,Thanh Hóa,Thanh Hoa,VNAP25-739B4E4172,VNAP25-8CD9A84455,Thái Lai,Thai Lai
VN-56,Thanh Hóa,Thanh Hoa,VNAP25-C2C9339F16,VNAP25-8CD9A84455,Yên Dương,Yen Duong
VN-56,Thanh Hóa,Thanh Hoa,VNAP25-265936F8F3,VNAP25-8CD9A84455,Yến Sơn,Yen Son
VN-56,Thanh Hóa,Thanh Hoa,VNAP25-BDBDD74C97,,Hậu Lộc,Hau Loc
VN-56,Thanh Hóa,Thanh Hoa,VNAP25-CE69C41A96,VNAP25-BDBDD74C97,Cầu Lộc,Cau Loc
VN-56,Thanh Hóa,Thanh Hoa,VNAP25-6F2E9F1470,VNAP25-BDBDD74C97,Đa Lộc,Da Loc
VN-56,Thanh Hóa,Thanh Hoa,VNAP25-A6CCA58DAF,VNAP25-BDBDD74C97,Đại Lộc,Dai Loc
VN-56,Thanh Hóa,Thanh Hoa,VNAP25-025EE749AB,VNAP25-BDBDD74C97,Đồng Lộc,Dong Loc
VN-56,Thanh Hóa,Thanh Hoa,VNAP25-DB8FABD40D,VNAP25-BDBDD74C97,Hải Lộc,Hai Loc
VN-56,Thanh Hóa,Thanh Hoa,VNAP25-FB8B5907FB,VNAP25-BDBDD74C97,Hậu Lộc,Hau Loc
VN-56,Thanh Hóa,Thanh Hoa,VNAP25-4D41BE07B6,VNAP25-BDBDD74C97,Hoa Lộc,Hoa Loc
VN-56,Thanh Hóa,Thanh Hoa,VNAP25-4B38D05F6D,VNAP25-BDBDD74C97,Hòa Lộc,Hoa Loc
VN-56,Thanh Hóa,Thanh Hoa,VNAP25-7B765CEEF5,VNAP25-BDBDD74C97,Hưng Lộc,Hung Loc
VN-56,Thanh Hóa,Thanh Hoa,VNAP25-C17DB5D43C,VNAP25-BDBDD74C97,Liên Lộc,Lien Loc
VN-56,Thanh Hóa,Thanh Hoa,VNAP25-6EA215EC0B,VNAP25-BDBDD74C97,Lộc Sơn,Loc Son
VN-56,Thanh Hóa,Thanh Hoa,VNAP25-7447125218,VNAP25-BDBDD74C97,Minh Lộc,Minh Loc
VN-56,Thanh Hóa,Thanh Hoa,VNAP25-50A2E985A2,VNAP25-BDBDD74C97,Mỹ Lộc,My Loc
VN-56,Thanh Hóa,Thanh Hoa,VNAP25-2D76972780,VNAP25-BDBDD74C97,Ngư Lộc,Ngu Loc
VN-56,Thanh Hóa,Thanh Hoa,VNAP25-4AE1AEDF43,VNAP25-BDBDD74C97,Phú Lộc,Phu Loc
VN-56,Thanh Hóa,Thanh Hoa,VNAP25-E63E5D6E13,VNAP25-BDBDD74C97,Quang Lộc,Quang Loc
VN-56,Thanh Hóa,Thanh Hoa,VNAP25-528D433EF3,VNAP25-BDBDD74C97,Thành Lộc,Thanh Loc
VN-56,Thanh Hóa,Thanh Hoa,VNAP25-CA0DEEE7FA,VNAP25-BDBDD74C97,Thuần Lộc,Thuan Loc
VN-56,Thanh Hóa,Thanh Hoa,VNAP25-9D92B1267B,VNAP25-BDBDD74C97,Tiến Lộc,Tien Loc
VN-56,Thanh Hóa,Thanh Hoa,VNAP25-C4D2382BCF,VNAP25-BDBDD74C97,Triệu Lộc,Trieu Loc
VN-56,Thanh Hóa,Thanh Hoa,VNAP25-C36CE666E7,VNAP25-BDBDD74C97,Tuy Lộc,Tuy Loc
VN-56,Thanh Hóa,Thanh Hoa,VNAP25-0327C5E802,VNAP25-BDBDD74C97,Xuân Lộc,Xuan Loc
VN-56,Thanh Hóa,Thanh Hoa,VNAP25-D92C753B24,,Hoằng Hóa,Hoang Hoa
VN-56,Thanh Hóa,Thanh Hoa,VNAP25-457CEA9618,VNAP25-D92C753B24,Bút Sơn,But Son
VN-56,Thanh Hóa,Thanh Hoa,VNAP25-95FFBAA2C7,VNAP25-D92C753B24,Hoằng Cát,Hoang Cat
VN-56,Thanh Hóa,Thanh Hoa,VNAP25-7E2C5CE9E0,VNAP25-D92C753B24,Hoằng Châu,Hoang Chau
VN-56,Thanh Hóa,Thanh Hoa,VNAP25-476BC6A151,VNAP25-D92C753B24,Hoằng Đạo,Hoang Dao
VN-56,Thanh Hóa,Thanh Hoa,VNAP25-1D4834EC00,VNAP25-D92C753B24,Hoằng Đạt,Hoang Dat
VN-56,Thanh Hóa,Thanh Hoa,VNAP25-CAAF084D19,VNAP25-D92C753B24,Hoằng Đông,Hoang Dong
VN-56,Thanh Hóa,Thanh Hoa,VNAP25-04E707C24A,VNAP25-D92C753B24,Hoằng Đồng,Hoang Dong
VN-56,Thanh Hóa,Thanh Hoa,VNAP25-C4208137B6,VNAP25-D92C753B24,Hoằng Đức,Hoang Duc
VN-56,Thanh Hóa,Thanh Hoa,VNAP25-2C4B2449BC,VNAP25-D92C753B24,Hoằng Giang,Hoang Giang
VN-56,Thanh Hóa,Thanh Hoa,VNAP25-F6F6AE04C3,VNAP25-D92C753B24,Hoằng Hà,Hoang Ha
VN-56,Thanh Hóa,Thanh Hoa,VNAP25-EC7B12AC16,VNAP25-D92C753B24,Hoằng Hải,Hoang Hai
VN-56,Thanh Hóa,Thanh Hoa,VNAP25-FC2B217BD9,VNAP25-D92C753B24,Hoằng Hợp,Hoang Hop
VN-56,Thanh Hóa,Thanh Hoa,VNAP25-039BF93601,VNAP25-D92C753B24,Hoằng Kim,Hoang Kim
VN-56,Thanh Hóa,Thanh Hoa,VNAP25-7BC47CFF50,VNAP25-D92C753B24,Hoằng Lộc,Hoang Loc
VN-56,Thanh Hóa,Thanh Hoa,VNAP25-193D8FB0BE,VNAP25-D92C753B24,Hoằng Lưu,Hoang Luu
VN-56,Thanh Hóa,Thanh Hoa,VNAP25-7336F6C9A4,VNAP25-D92C753B24,Hoằng Ngọc,Hoang Ngoc
VN-56,Thanh Hóa,Thanh Hoa,VNAP25-C084841E36,VNAP25-D92C753B24,Hoằng Phong,Hoang Phong
VN-56,Thanh Hóa,Thanh Hoa,VNAP25-5017208157,VNAP25-D92C753B24,Hoằng Phú,Hoang Phu
VN-56,Thanh Hóa,Thanh Hoa,VNAP25-745CB4B457,VNAP25-D92C753B24,Hoằng Phụ,Hoang Phu
VN-56,Thanh Hóa,Thanh Hoa,VNAP25-A3DD34102B,VNAP25-D92C753B24,Hoằng Quý,Hoang Quy
VN-56,Thanh Hóa,Thanh Hoa,VNAP25-01D393A9C4,VNAP25-D92C753B24,Hoằng Quỳ,Hoang Quy
VN-56,Thanh Hóa,Thanh Hoa,VNAP25-C48A21065F,VNAP25-D92C753B24,Hoằng Sơn,Hoang Son
VN-56,Thanh Hóa,Thanh Hoa,VNAP25-1F9742B0AA,VNAP25-D92C753B24,Hoằng Tân,Hoang Tan
VN-56,Thanh Hóa,Thanh Hoa,VNAP25-B10E187172,VNAP25-D92C753B24,Hoằng Thái,Hoang Thai
VN-56,Thanh Hóa,Thanh Hoa,VNAP25-14D42C7CC1,VNAP25-D92C753B24,Hoằng Thắng,Hoang Thang
VN-56,Thanh Hóa,Thanh Hoa,VNAP25-022BEA4859,VNAP25-D92C753B24,Hoằng Thanh,Hoang Thanh
VN-56,Thanh Hóa,Thanh Hoa,VNAP25-A3D699EF36,VNAP25-D92C753B24,Hoằng Thành,Hoang Thanh
VN-56,Thanh Hóa,Thanh Hoa,VNAP25-181936CEAE,VNAP25-D92C753B24,Hoằng Thịnh,Hoang Thinh
VN-56,Thanh Hóa,Thanh Hoa,VNAP25-6369647D95,VNAP25-D92C753B24,Hoằng Tiến,Hoang Tien
VN-56,Thanh Hóa,Thanh Hoa,VNAP25-3180E5D507,VNAP25-D92C753B24,Hoằng Trạch,Hoang Trach
VN-56,Thanh Hóa,Thanh Hoa,VNAP25-230237B1DD,VNAP25-D92C753B24,Hoằng Trinh,Hoang Trinh
VN-56,Thanh Hóa,Thanh Hoa,VNAP25-D40C172B46,VNAP25-D92C753B24,Hoằng Trung,Hoang Trung
VN-56,Thanh Hóa,Thanh Hoa,VNAP25-81C1A089DB,VNAP25-D92C753B24,Hoằng Trường,Hoang Truong
VN-56,Thanh Hóa,Thanh Hoa,VNAP25-7B6D067E0D,VNAP25-D92C753B24,Hoằng Xuân,Hoang Xuan
VN-56,Thanh Hóa,Thanh Hoa,VNAP25-0597027C6C,VNAP25-D92C753B24,Hoằng Xuyên,Hoang Xuyen
VN-56,Thanh Hóa,Thanh Hoa,VNAP25-4E0A566B2D,VNAP25-D92C753B24,Hoằng Yến,Hoang Yen
VN-56,Thanh Hóa,Thanh Hoa,VNAP25-6052B48C2F,,Lang Chánh,Lang Chanh
VN-56,Thanh Hóa,Thanh Hoa,VNAP25-DB2229C0EC,VNAP25-6052B48C2F,Đồng Lương,Dong Luong
VN-56,Thanh Hóa,Thanh Hoa,VNAP25-72E73FAB81,VNAP25-6052B48C2F,Giao An,Giao An
VN-56,Thanh Hóa,Thanh Hoa,VNAP25-B14DD3C480,VNAP25-6052B48C2F,Giao Thiện,Giao Thien
VN-56,Thanh Hóa,Thanh Hoa,VNAP25-FA16B4B3ED,VNAP25-6052B48C2F,Lâm Phú,Lam Phu
VN-56,Thanh Hóa,Thanh Hoa,VNAP25-AF0EA43C43,VNAP25-6052B48C2F,Lang Chánh,Lang Chanh
VN-56,Thanh Hóa,Thanh Hoa,VNAP25-1E492F2693,VNAP25-6052B48C2F,Tam Văn,Tam Van
VN-56,Thanh Hóa,Thanh Hoa,VNAP25-CB32AA2D7A,VNAP25-6052B48C2F,Tân Phúc,Tan Phuc
VN-56,Thanh Hóa,Thanh Hoa,VNAP25-3772D6A9B0,VNAP25-6052B48C2F,Trí Nang,Tri Nang
VN-56,Thanh Hóa,Thanh Hoa,VNAP25-992F4925B7,VNAP25-6052B48C2F,Yên Khương,Yen Khuong
VN-56,Thanh Hóa,Thanh Hoa,VNAP25-7F454CF11D,VNAP25-6052B48C2F,Yên Thắng,Yen Thang
VN-56,Thanh Hóa,Thanh Hoa,VNAP25-50B327A0CC,,Mường Lát,Muong Lat
VN-56,Thanh Hóa,Thanh Hoa,VNAP25-A51EB0AA56,VNAP25-50B327A0CC,Mường Chanh,Muong Chanh
VN-56,Thanh Hóa,Thanh Hoa,VNAP25-048886762B,VNAP25-50B327A0CC,Mường Lát,Muong Lat
VN-56,Thanh Hóa,Thanh Hoa,VNAP25-0DF73B8445,VNAP25-50B327A0CC,Mường Lý,Muong Ly
VN-56,Thanh Hóa,Thanh Hoa,VNAP25-92D91630F3,VNAP25-50B327A0CC,Nhi Sơn,Nhi Son
VN-56,Thanh Hóa,Thanh Hoa,VNAP25-C3C170110D,VNAP25-50B327A0CC,Pù Nhi,Pu Nhi
VN-56,Thanh Hóa,Thanh Hoa,VNAP25-D87110F75D,VNAP25-50B327A0CC,Quang Chiểu,Quang Chieu
VN-56,Thanh Hóa,Thanh Hoa,VNAP25-D59104BC81,VNAP25-50B327A0CC,Tam Chung,Tam Chung
VN-56,Thanh Hóa,Thanh Hoa,VNAP25-F3C2A6A9B7,VNAP25-50B327A0CC,Trung Lý,Trung Ly
VN-56,Thanh Hóa,Thanh Hoa,VNAP25-D0ADE25F61,,Nga Sơn,Nga Son
VN-56,Thanh Hóa,Thanh Hoa,VNAP25-C5BF807E9C,VNAP25-D0ADE25F61,Ba Đình,Ba Dinh
VN-56,Thanh Hóa,Thanh Hoa,VNAP25-F8D62BCA2C,VNAP25-D0ADE25F61,Nga An,Nga An
VN-56,Thanh Hóa,Thanh Hoa,VNAP25-A21DB11B59,VNAP25-D0ADE25F61,Nga Điền,Nga Dien
VN-56,Thanh Hóa,Thanh Hoa,VNAP25-ACCBB74FC4,VNAP25-D0ADE25F61,Nga Giáp,Nga Giap
VN-56,Thanh Hóa,Thanh Hoa,VNAP25-FAA1B9C0C5,VNAP25-D0ADE25F61,Nga Hải,Nga Hai
VN-56,Thanh Hóa,Thanh Hoa,VNAP25-CDFBCBF0C2,VNAP25-D0ADE25F61,Nga Hiệp,Nga Hiep
VN-56,Thanh Hóa,Thanh Hoa,VNAP25-00325AC901,VNAP25-D0ADE25F61,Nga Liên,Nga Lien
VN-56,Thanh Hóa,Thanh Hoa,VNAP25-63F30FEF5D,VNAP25-D0ADE25F61,Nga Phú,Nga Phu
VN-56,Thanh Hóa,Thanh Hoa,VNAP25-37D5173913,VNAP25-D0ADE25F61,Nga Phượng,Nga Phuong
VN-56,Thanh Hóa,Thanh Hoa,VNAP25-EDE2DC01A1,VNAP25-D0ADE25F61,Nga Sơn,Nga Son
VN-56,Thanh Hóa,Thanh Hoa,VNAP25-CF5B4A582F,VNAP25-D0ADE25F61,Nga Tân,Nga Tan
VN-56,Thanh Hóa,Thanh Hoa,VNAP25-D251B363B9,VNAP25-D0ADE25F61,Nga Thạch,Nga Thach
VN-56,Thanh Hóa,Thanh Hoa,VNAP25-BFB03F1ACB,VNAP25-D0ADE25F61,Nga Thái,Nga Thai
VN-56,Thanh Hóa,Thanh Hoa,VNAP25-5AE978EEAC,VNAP25-D0ADE25F61,Nga Thắng,Nga Thang
VN-56,Thanh Hóa,Thanh Hoa,VNAP25-B8915C066F,VNAP25-D0ADE25F61,Nga Thanh,Nga Thanh
VN-56,Thanh Hóa,Thanh Hoa,VNAP25-2DB3B60001,VNAP25-D0ADE25F61,Nga Thành,Nga Thanh
VN-56,Thanh Hóa,Thanh Hoa,VNAP25-F08D0482FF,VNAP25-D0ADE25F61,Nga Thiện,Nga Thien
VN-56,Thanh Hóa,Thanh Hoa,VNAP25-1B7FD41676,VNAP25-D0ADE25F61,Nga Thủy,Nga Thuy
VN-56,Thanh Hóa,Thanh Hoa,VNAP25-E2DE00CD56,VNAP25-D0ADE25F61,Nga Tiến,Nga Tien
VN-56,Thanh Hóa,Thanh Hoa,VNAP25-0313B8D095,VNAP25-D0ADE25F61,Nga Trường,Nga Truong
VN-56,Thanh Hóa,Thanh Hoa,VNAP25-65192756A8,VNAP25-D0ADE25F61,Nga Văn,Nga Van
VN-56,Thanh Hóa,Thanh Hoa,VNAP25-B3B2B2FDAC,VNAP25-D0ADE25F61,Nga Vịnh,Nga Vinh
VN-56,Thanh Hóa,Thanh Hoa,VNAP25-42C4E255FA,VNAP25-D0ADE25F61,Nga Yên,Nga Yen
VN-56,Thanh Hóa,Thanh Hoa,VNAP25-B7B38835B5,,Nghi Sơn,Nghi Son
VN-56,Thanh Hóa,Thanh Hoa,VNAP25-99E3ED0425,VNAP25-B7B38835B5,Anh Sơn,Anh Son
VN-56,Thanh Hóa,Thanh Hoa,VNAP25-5BB020844B,VNAP25-B7B38835B5,Bình Minh,Binh Minh
VN-56,Thanh Hóa,Thanh Hoa,VNAP25-952CC7CEFE,VNAP25-B7B38835B5,Các Sơn,Cac Son
VN-56,Thanh Hóa,Thanh Hoa,VNAP25-343CB73AF4,VNAP25-B7B38835B5,Định Hải,Dinh Hai
VN-56,Thanh Hóa,Thanh Hoa,VNAP25-B916D7437B,VNAP25-B7B38835B5,Hải An,Hai An
VN-56,Thanh Hóa,Thanh Hoa,VNAP25-15DDAF41ED,VNAP25-B7B38835B5,Hải Bình,Hai Binh
VN-56,Thanh Hóa,Thanh Hoa,VNAP25-12FD20C9CD,VNAP25-B7B38835B5,Hải Châu,Hai Chau
VN-56,Thanh Hóa,Thanh Hoa,VNAP25-57EAD9CAF1,VNAP25-B7B38835B5,Hải Hà,Hai Ha
VN-56,Thanh Hóa,Thanh Hoa,VNAP25-C1753ADE00,VNAP25-B7B38835B5,Hải Hòa,Hai Hoa
VN-56,Thanh Hóa,Thanh Hoa,VNAP25-B58729F9BF,VNAP25-B7B38835B5,Hải Lĩnh,Hai Linh
VN-56,Thanh Hóa,Thanh Hoa,VNAP25-C75CFCC9BF,VNAP25-B7B38835B5,Hải Nhân,Hai Nhan
VN-56,Thanh Hóa,Thanh Hoa,VNAP25-4956C96F61,VNAP25-B7B38835B5,Hải Ninh,Hai Ninh
VN-56,Thanh Hóa,Thanh Hoa,VNAP25-CB99067123,VNAP25-B7B38835B5,Hải Thanh,Hai Thanh
VN-56,Thanh Hóa,Thanh Hoa,VNAP25-4F0E9A3927,VNAP25-B7B38835B5,Hải Thượng,Hai Thuong
VN-56,Thanh Hóa,Thanh Hoa,VNAP25-0066D36CFE,VNAP25-B7B38835B5,Mai Lâm,Mai Lam
VN-56,Thanh Hóa,Thanh Hoa,VNAP25-8C1E1F5757,VNAP25-B7B38835B5,Nghi Sơn,Nghi Son
VN-56,Thanh Hóa,Thanh Hoa,VNAP25-FE55AA6F57,VNAP25-B7B38835B5,Ngọc Lĩnh,Ngoc Linh
VN-56,Thanh Hóa,Thanh Hoa,VNAP25-75A7F54824,VNAP25-B7B38835B5,Nguyên Bình,Nguyen Binh
VN-56,Thanh Hóa,Thanh Hoa,VNAP25-6FC9900A04,VNAP25-B7B38835B5,Ninh Hải,Ninh Hai
VN-56,Thanh Hóa,Thanh Hoa,VNAP25-85F9700DCF,VNAP25-B7B38835B5,Phú Lâm,Phu Lam
VN-56,Thanh Hóa,Thanh Hoa,VNAP25-F0B3E5D628,VNAP25-B7B38835B5,Phú Sơn,Phu Son
VN-56,Thanh Hóa,Thanh Hoa,VNAP25-0FC07EB18B,VNAP25-B7B38835B5,Tân Dân,Tan Dan
VN-56,Thanh Hóa,Thanh Hoa,VNAP25-B5C2F7B3F4,VNAP25-B7B38835B5,Tân Trường,Tan Truong
VN-56,Thanh Hóa,Thanh Hoa,VNAP25-ED364348C7,VNAP25-B7B38835B5,Thanh Sơn,Thanh Son
VN-56,Thanh Hóa,Thanh Hoa,VNAP25-48F9FFAA18,VNAP25-B7B38835B5,Thanh Thủy,Thanh Thuy
VN-56,Thanh Hóa,Thanh Hoa,VNAP25-B90C732313,VNAP25-B7B38835B5,Tĩnh Hải,Tinh Hai
VN-56,Thanh Hóa,Thanh Hoa,VNAP25-858345EE3E,VNAP25-B7B38835B5,Trúc Lâm,Truc Lam
VN-56,Thanh Hóa,Thanh Hoa,VNAP25-559C8F4DE1,VNAP25-B7B38835B5,Trường Lâm,Truong Lam
VN-56,Thanh Hóa,Thanh Hoa,VNAP25-6D661FB1C0,VNAP25-B7B38835B5,Tùng Lâm,Tung Lam
VN-56,Thanh Hóa,Thanh Hoa,VNAP25-25F6A811AA,VNAP25-B7B38835B5,Xuân Lâm,Xuan Lam
VN-56,Thanh Hóa,Thanh Hoa,VNAP25-0F69DF7411,,Ngọc Lặc,Ngoc Lac
VN-56,Thanh Hóa,Thanh Hoa,VNAP25-8AFE577B7D,VNAP25-0F69DF7411,Cao Ngọc,Cao Ngoc
VN-56,Thanh Hóa,Thanh Hoa,VNAP25-B40D8CD0CE,VNAP25-0F69DF7411,Cao Thịnh,Cao Thinh
VN-56,Thanh Hóa,Thanh Hoa,VNAP25-B2673CF3CC,VNAP25-0F69DF7411,Đồng Thịnh,Dong Thinh
VN-56,Thanh Hóa,Thanh Hoa,VNAP25-8F8040580A,VNAP25-0F69DF7411,Kiên Thọ,Kien Tho
VN-56,Thanh Hóa,Thanh Hoa,VNAP25-34796E7467,VNAP25-0F69DF7411,Lam Sơn,Lam Son
VN-56,Thanh Hóa,Thanh Hoa,VNAP25-2CC618AF63,VNAP25-0F69DF7411,Lộc Thịnh,Loc Thinh
VN-56,Thanh Hóa,Thanh Hoa,VNAP25-1DECC440AC,VNAP25-0F69DF7411,Minh Sơn,Minh Son
VN-56,Thanh Hóa,Thanh Hoa,VNAP25-DCBE77D3C5,VNAP25-0F69DF7411,Minh Tiến,Minh Tien
VN-56,Thanh Hóa,Thanh Hoa,VNAP25-BA0A7D2B38,VNAP25-0F69DF7411,Mỹ Tân,My Tan
VN-56,Thanh Hóa,Thanh Hoa,VNAP25-3C732D2262,VNAP25-0F69DF7411,Ngọc Lặc,Ngoc Lac
VN-56,Thanh Hóa,Thanh Hoa,VNAP25-8F4F6C4214,VNAP25-0F69DF7411,Ngọc Liên,Ngoc Lien
VN-56,Thanh Hóa,Thanh Hoa,VNAP25-8C515DFBBC,VNAP25-0F69DF7411,Ngọc Sơn,Ngoc Son
VN-56,Thanh Hóa,Thanh Hoa,VNAP25-81BD9DC392,VNAP25-0F69DF7411,Ngọc Trung,Ngoc Trung
VN-56,Thanh Hóa,Thanh Hoa,VNAP25-6FA817C0B5,VNAP25-0F69DF7411,Nguyệt Ấn,Nguyet An
VN-56,Thanh Hóa,Thanh Hoa,VNAP25-80D8841B74,VNAP25-0F69DF7411,Phúc Thịnh,Phuc Thinh
VN-56,Thanh Hóa,Thanh Hoa,VNAP25-C97C05A63C,VNAP25-0F69DF7411,Phùng Giáo,Phung Giao
VN-56,Thanh Hóa,Thanh Hoa,VNAP25-AB0EDE1A6F,VNAP25-0F69DF7411,Phùng Minh,Phung Minh
VN-56,Thanh Hóa,Thanh Hoa,VNAP25-1B89D8EE59,VNAP25-0F69DF7411,Quang Trung,Quang Trung
VN-56,Thanh Hóa,Thanh Hoa,VNAP25-8DCEFD53DE,VNAP25-0F69DF7411,Thạch Lập,Thach Lap
VN-56,Thanh Hóa,Thanh Hoa,VNAP25-1447E20FF3,VNAP25-0F69DF7411,Thúy Sơn,Thuy Son
VN-56,Thanh Hóa,Thanh Hoa,VNAP25-DEED6226C4,VNAP25-0F69DF7411,Vân Âm,Van Am
VN-56,Thanh Hóa,Thanh Hoa,VNAP25-7057958703,,Như Thanh,Nhu Thanh
VN-56,Thanh Hóa,Thanh Hoa,VNAP25-9CC76B423A,VNAP25-7057958703,Bến Sung,Ben Sung
VN-56,Thanh Hóa,Thanh Hoa,VNAP25-9B4C62BA6A,VNAP25-7057958703,Cán Khê,Can Khe
VN-56,Thanh Hóa,Thanh Hoa,VNAP25-79228C8C31,VNAP25-7057958703,Hải Long,Hai Long
VN-56,Thanh Hóa,Thanh Hoa,VNAP25-A7A353E339,VNAP25-7057958703,Mậu Lâm,Mau Lam
VN-56,Thanh Hóa,Thanh Hoa,VNAP25-E016F42E6A,VNAP25-7057958703,Phú Nhuận,Phu Nhuan
VN-56,Thanh Hóa,Thanh Hoa,VNAP25-210AFBB75F,VNAP25-7057958703,Phượng Nghi,Phuong Nghi
VN-56,Thanh Hóa,Thanh Hoa,VNAP25-4A34997F8F,VNAP25-7057958703,Thanh Kỳ,Thanh Ky
VN-56,Thanh Hóa,Thanh Hoa,VNAP25-2895493370,VNAP25-7057958703,Thanh Tân,Thanh Tan
VN-56,Thanh Hóa,Thanh Hoa,VNAP25-8228D4CB59,VNAP25-7057958703,Xuân Du,Xuan Du
VN-56,Thanh Hóa,Thanh Hoa,VNAP25-010F3193A1,VNAP25-7057958703,Xuân Khang,Xuan Khang
VN-56,Thanh Hóa,Thanh Hoa,VNAP25-F3BF0E35A9,VNAP25-7057958703,Xuân Phúc,Xuan Phuc
VN-56,Thanh Hóa,Thanh Hoa,VNAP25-3AB28828EB,VNAP25-7057958703,Xuân Thái,Xuan Thai
VN-56,Thanh Hóa,Thanh Hoa,VNAP25-3105551C16,VNAP25-7057958703,Yên Lạc,Yen Lac
VN-56,Thanh Hóa,Thanh Hoa,VNAP25-F21FFEBACA,VNAP25-7057958703,Yên Thọ,Yen Tho
VN-56,Thanh Hóa,Thanh Hoa,VNAP25-71BE91A42A,,Như Xuân,Nhu Xuan
VN-56,Thanh Hóa,Thanh Hoa,VNAP25-CB14C51F02,VNAP25-71BE91A42A,Bãi Trành,Bai Tranh
VN-56,Thanh Hóa,Thanh Hoa,VNAP25-42BEBA6225,VNAP25-71BE91A42A,Bình Lương,Binh Luong
VN-56,Thanh Hóa,Thanh Hoa,VNAP25-067D74D1BF,VNAP25-71BE91A42A,Cát Tân,Cat Tan
VN-56,Thanh Hóa,Thanh Hoa,VNAP25-8FD29D689A,VNAP25-71BE91A42A,Cát Vân,Cat Van
VN-56,Thanh Hóa,Thanh Hoa,VNAP25-BBC6AE9AC6,VNAP25-71BE91A42A,Hóa Quỳ,Hoa Quy
VN-56,Thanh Hóa,Thanh Hoa,VNAP25-A355B8CB14,VNAP25-71BE91A42A,Tân Bình,Tan Binh
VN-56,Thanh Hóa,Thanh Hoa,VNAP25-3289D945DE,VNAP25-71BE91A42A,Thanh Hòa,Thanh Hoa
VN-56,Thanh Hóa,Thanh Hoa,VNAP25-B94AF77DF5,VNAP25-71BE91A42A,Thanh Lâm,Thanh Lam
VN-56,Thanh Hóa,Thanh Hoa,VNAP25-53D801D08D,VNAP25-71BE91A42A,Thanh Phong,Thanh Phong
VN-56,Thanh Hóa,Thanh Hoa,VNAP25-9BC4E4D403,VNAP25-71BE91A42A,Thanh Quân,Thanh Quan
VN-56,Thanh Hóa,Thanh Hoa,VNAP25-E5C061093A,VNAP25-71BE91A42A,Thanh Sơn,Thanh Son
VN-56,Thanh Hóa,Thanh Hoa,VNAP25-9FB6D305D6,VNAP25-71BE91A42A,Thanh Xuân,Thanh Xuan
VN-56,Thanh Hóa,Thanh Hoa,VNAP25-F8EB23447C,VNAP25-71BE91A42A,Thượng Ninh,Thuong Ninh
VN-56,Thanh Hóa,Thanh Hoa,VNAP25-D33B771C2F,VNAP25-71BE91A42A,Xuân Bình,Xuan Binh
VN-56,Thanh Hóa,Thanh Hoa,VNAP25-E0BA2D5A78,VNAP25-71BE91A42A,Xuân Hòa,Xuan Hoa
VN-56,Thanh Hóa,Thanh Hoa,VNAP25-EB6AF31110,VNAP25-71BE91A42A,Yên Cát,Yen Cat
VN-56,Thanh Hóa,Thanh Hoa,VNAP25-09E6B3002D,,Nông Cống,Nong Cong
VN-56,Thanh Hóa,Thanh Hoa,VNAP25-A205A2B541,VNAP25-09E6B3002D,Công Chính,Cong Chinh
VN-56,Thanh Hóa,Thanh Hoa,VNAP25-993B905A8B,VNAP25-09E6B3002D,Công Liêm,Cong Liem
VN-56,Thanh Hóa,Thanh Hoa,VNAP25-D49CEF43BE,VNAP25-09E6B3002D,Hoàng Giang,Hoang Giang
VN-56,Thanh Hóa,Thanh Hoa,VNAP25-C85D07A9C7,VNAP25-09E6B3002D,Hoàng Sơn,Hoang Son
VN-56,Thanh Hóa,Thanh Hoa,VNAP25-0D9AC3CE77,VNAP25-09E6B3002D,Minh Khôi,Minh Khoi
VN-56,Thanh Hóa,Thanh Hoa,VNAP25-73721487EF,VNAP25-09E6B3002D,Minh Nghĩa,Minh Nghia
VN-56,Thanh Hóa,Thanh Hoa,VNAP25-0C81DB31F9,VNAP25-09E6B3002D,Nông Cống,Nong Cong
VN-56,Thanh Hóa,Thanh Hoa,VNAP25-B350CFEC8D,VNAP25-09E6B3002D,Tân Khang,Tan Khang
VN-56,Thanh Hóa,Thanh Hoa,VNAP25-C586FDE0E8,VNAP25-09E6B3002D,Tân Phúc,Tan Phuc
VN-56,Thanh Hóa,Thanh Hoa,VNAP25-3C81C4840D,VNAP25-09E6B3002D,Tân Thọ,Tan Tho
VN-56,Thanh Hóa,Thanh Hoa,VNAP25-4DA1BC5CB3,VNAP25-09E6B3002D,Tế Lợi,Te Loi
VN-56,Thanh Hóa,Thanh Hoa,VNAP25-45A349DA31,VNAP25-09E6B3002D,Tế Nông,Te Nong
VN-56,Thanh Hóa,Thanh Hoa,VNAP25-34E37505AE,VNAP25-09E6B3002D,Tế Thắng,Te Thang
VN-56,Thanh Hóa,Thanh Hoa,VNAP25-31C0512FF6,VNAP25-09E6B3002D,Thăng Bình,Thang Binh
VN-56,Thanh Hóa,Thanh Hoa,VNAP25-1592B4D945,VNAP25-09E6B3002D,Thăng Long,Thang Long
VN-56,Thanh Hóa,Thanh Hoa,VNAP25-882F272BA7,VNAP25-09E6B3002D,Thăng Thọ,Thang Tho
VN-56,Thanh Hóa,Thanh Hoa,VNAP25-7BCC175CA5,VNAP25-09E6B3002D,Trung Chính,Trung Chinh
VN-56,Thanh Hóa,Thanh Hoa,VNAP25-9E9A4F0ABA,VNAP25-09E6B3002D,Trung Thành,Trung Thanh
VN-56,Thanh Hóa,Thanh Hoa,VNAP25-DFF0150A86,VNAP25-09E6B3002D,Trường Giang,Truong Giang
VN-56,Thanh Hóa,Thanh Hoa,VNAP25-12C4FE7163,VNAP25-09E6B3002D,Trường Minh,Truong Minh
VN-56,Thanh Hóa,Thanh Hoa,VNAP25-437DA8214B,VNAP25-09E6B3002D,Trường Sơn,Truong Son
VN-56,Thanh Hóa,Thanh Hoa,VNAP25-B57CE57EE9,VNAP25-09E6B3002D,Trường Trung,Truong Trung
VN-56,Thanh Hóa,Thanh Hoa,VNAP25-ADAFF9319E,VNAP25-09E6B3002D,Tượng Lĩnh,Tuong Linh
VN-56,Thanh Hóa,Thanh Hoa,VNAP25-6964DBA5CD,VNAP25-09E6B3002D,Tượng Sơn,Tuong Son
VN-56,Thanh Hóa,Thanh Hoa,VNAP25-A3FC168BEB,VNAP25-09E6B3002D,Tượng Văn,Tuong Van
VN-56,Thanh Hóa,Thanh Hoa,VNAP25-A3F070B938,VNAP25-09E6B3002D,Vạn Hòa,Van Hoa
VN-56,Thanh Hóa,Thanh Hoa,VNAP25-670E6734AF,VNAP25-09E6B3002D,Vạn Thắng,Van Thang
VN-56,Thanh Hóa,Thanh Hoa,VNAP25-53CC031738,VNAP25-09E6B3002D,Vạn Thiện,Van Thien
VN-56,Thanh Hóa,Thanh Hoa,VNAP25-14D0245A6E,VNAP25-09E6B3002D,Yên Mỹ,Yen My
VN-56,Thanh Hóa,Thanh Hoa,VNAP25-CF9C912BCC,,Quan Hóa,Quan Hoa
VN-56,Thanh Hóa,Thanh Hoa,VNAP25-8A93173DDE,VNAP25-CF9C912BCC,Hiền Chung,Hien Chung
VN-56,Thanh Hóa,Thanh Hoa,VNAP25-4A2165B2C9,VNAP25-CF9C912BCC,Hiền Kiệt,Hien Kiet
VN-56,Thanh Hóa,Thanh Hoa,VNAP25-12D1858E8B,VNAP25-CF9C912BCC,Hồi Xuân,Hoi Xuan
VN-56,Thanh Hóa,Thanh Hoa,VNAP25-F6C734EB01,VNAP25-CF9C912BCC,Nam Động,Nam Dong
VN-56,Thanh Hóa,Thanh Hoa,VNAP25-88E79E7B30,VNAP25-CF9C912BCC,Nam Tiến,Nam Tien
VN-56,Thanh Hóa,Thanh Hoa,VNAP25-1D208A0BA2,VNAP25-CF9C912BCC,Nam Xuân,Nam Xuan
VN-56,Thanh Hóa,Thanh Hoa,VNAP25-01D53D3286,VNAP25-CF9C912BCC,Phú Lệ,Phu Le
VN-56,Thanh Hóa,Thanh Hoa,VNAP25-CBB9EEA1B2,VNAP25-CF9C912BCC,Phú Nghiêm,Phu Nghiem
VN-56,Thanh Hóa,Thanh Hoa,VNAP25-F1A7A131D2,VNAP25-CF9C912BCC,Phú Sơn,Phu Son
VN-56,Thanh Hóa,Thanh Hoa,VNAP25-69307F2605,VNAP25-CF9C912BCC,Phú Thanh,Phu Thanh
VN-56,Thanh Hóa,Thanh Hoa,VNAP25-F48162FBFD,VNAP25-CF9C912BCC,Phú Xuân,Phu Xuan
VN-56,Thanh Hóa,Thanh Hoa,VNAP25-71B1AEA0B6,VNAP25-CF9C912BCC,Thành Sơn,Thanh Son
VN-56,Thanh Hóa,Thanh Hoa,VNAP25-B815B25C85,VNAP25-CF9C912BCC,Thiên Phủ,Thien Phu
VN-56,Thanh Hóa,Thanh Hoa,VNAP25-4D2BEC5965,VNAP25-CF9C912BCC,Trung Sơn,Trung Son
VN-56,Thanh Hóa,Thanh Hoa,VNAP25-0488772BF4,VNAP25-CF9C912BCC,Trung Thành,Trung Thanh
VN-56,Thanh Hóa,Thanh Hoa,VNAP25-6B4C2A3E57,,Quan Sơn,Quan Son
VN-56,Thanh Hóa,Thanh Hoa,VNAP25-D339D42E72,VNAP25-6B4C2A3E57,Mường Mìn,Muong Min
VN-56,Thanh Hóa,Thanh Hoa,VNAP25-1CC6F272E0,VNAP25-6B4C2A3E57,Na Mèo,Na Meo
VN-56,Thanh Hóa,Thanh Hoa,VNAP25-E0B5F439AC,VNAP25-6B4C2A3E57,Sơn Điện,Son Dien
VN-56,Thanh Hóa,Thanh Hoa,VNAP25-AA50C2C3A2,VNAP25-6B4C2A3E57,Sơn Hà,Son Ha
VN-56,Thanh Hóa,Thanh Hoa,VNAP25-C51E10866F,VNAP25-6B4C2A3E57,Sơn Lư,Son Lu
VN-56,Thanh Hóa,Thanh Hoa,VNAP25-01FD888D13,VNAP25-6B4C2A3E57,Sơn Thủy,Son Thuy
VN-56,Thanh Hóa,Thanh Hoa,VNAP25-5FF97D50C4,VNAP25-6B4C2A3E57,Tam Lư,Tam Lu
VN-56,Thanh Hóa,Thanh Hoa,VNAP25-9A401C6A26,VNAP25-6B4C2A3E57,Tam Thanh,Tam Thanh
VN-56,Thanh Hóa,Thanh Hoa,VNAP25-7FA08E91B6,VNAP25-6B4C2A3E57,Trung Hạ,Trung Ha
VN-56,Thanh Hóa,Thanh Hoa,VNAP25-453712863D,VNAP25-6B4C2A3E57,Trung Thượng,Trung Thuong
VN-56,Thanh Hóa,Thanh Hoa,VNAP25-931F4E77AE,VNAP25-6B4C2A3E57,Trung Tiến,Trung Tien
VN-56,Thanh Hóa,Thanh Hoa,VNAP25-4781790E3F,VNAP25-6B4C2A3E57,Trung Xuân,Trung Xuan
VN-56,Thanh Hóa,Thanh Hoa,VNAP25-90C65D23A3,,Quảng Xương,Quang Xuong
VN-56,Thanh Hóa,Thanh Hoa,VNAP25-C6EABA967C,VNAP25-90C65D23A3,Quảng Bình,Quang Binh
VN-56,Thanh Hóa,Thanh Hoa,VNAP25-F3CA94A993,VNAP25-90C65D23A3,Quảng Chính,Quang Chinh
VN-56,Thanh Hóa,Thanh Hoa,VNAP25-BFB3898EB6,VNAP25-90C65D23A3,Quảng Định,Quang Dinh
VN-56,Thanh Hóa,Thanh Hoa,VNAP25-18EF92D678,VNAP25-90C65D23A3,Quảng Đức,Quang Duc
VN-56,Thanh Hóa,Thanh Hoa,VNAP25-48989F4D8A,VNAP25-90C65D23A3,Quảng Giao,Quang Giao
VN-56,Thanh Hóa,Thanh Hoa,VNAP25-2180778F95,VNAP25-90C65D23A3,Quảng Hải,Quang Hai
VN-56,Thanh Hóa,Thanh Hoa,VNAP25-E2C88852F2,VNAP25-90C65D23A3,Quảng Hòa,Quang Hoa
VN-56,Thanh Hóa,Thanh Hoa,VNAP25-A84C009C4F,VNAP25-90C65D23A3,Quảng Hợp,Quang Hop
VN-56,Thanh Hóa,Thanh Hoa,VNAP25-E212E9200F,VNAP25-90C65D23A3,Quảng Khê,Quang Khe
VN-56,Thanh Hóa,Thanh Hoa,VNAP25-8D635A8276,VNAP25-90C65D23A3,Quảng Lộc,Quang Loc
VN-56,Thanh Hóa,Thanh Hoa,VNAP25-BF188F5309,VNAP25-90C65D23A3,Quảng Long,Quang Long
VN-56,Thanh Hóa,Thanh Hoa,VNAP25-31C1EFC99A,VNAP25-90C65D23A3,Quảng Lưu,Quang Luu
VN-56,Thanh Hóa,Thanh Hoa,VNAP25-FC3F66AC39,VNAP25-90C65D23A3,Quảng Ngọc,Quang Ngoc
VN-56,Thanh Hóa,Thanh Hoa,VNAP25-A1778EF7C8,VNAP25-90C65D23A3,Quảng Nham,Quang Nham
VN-56,Thanh Hóa,Thanh Hoa,VNAP25-ABC5919D6A,VNAP25-90C65D23A3,Quảng Nhân,Quang Nhan
VN-56,Thanh Hóa,Thanh Hoa,VNAP25-9F032A8D4D,VNAP25-90C65D23A3,Quảng Ninh,Quang Ninh
VN-56,Thanh Hóa,Thanh Hoa,VNAP25-6CA95D24E5,VNAP25-90C65D23A3,Quảng Phúc,Quang Phuc
VN-56,Thanh Hóa,Thanh Hoa,VNAP25-D37ECE84EA,VNAP25-90C65D23A3,Quảng Thạch,Quang Thach
VN-56,Thanh Hóa,Thanh Hoa,VNAP25-B0B7CA54FE,VNAP25-90C65D23A3,Quảng Thái,Quang Thai
VN-56,Thanh Hóa,Thanh Hoa,VNAP25-2F1509C89D,VNAP25-90C65D23A3,Quảng Trạch,Quang Trach
VN-56,Thanh Hóa,Thanh Hoa,VNAP25-0FBE4C3172,VNAP25-90C65D23A3,Quảng Trung,Quang Trung
VN-56,Thanh Hóa,Thanh Hoa,VNAP25-73189FD255,VNAP25-90C65D23A3,Quảng Trường,Quang Truong
VN-56,Thanh Hóa,Thanh Hoa,VNAP25-DB43997B55,VNAP25-90C65D23A3,Quảng Văn,Quang Van
VN-56,Thanh Hóa,Thanh Hoa,VNAP25-55DEE05CBB,VNAP25-90C65D23A3,Quảng Yên,Quang Yen
VN-56,Thanh Hóa,Thanh Hoa,VNAP25-6DF11636EE,VNAP25-90C65D23A3,Tân Phong,Tan Phong
VN-56,Thanh Hóa,Thanh Hoa,VNAP25-37C0EB9338,VNAP25-90C65D23A3,Tiên Trang,Tien Trang
VN-56,Thanh Hóa,Thanh Hoa,VNAP25-AE2A0752F2,,Sầm Sơn,Sam Son
VN-56,Thanh Hóa,Thanh Hoa,VNAP25-D3855DE633,VNAP25-AE2A0752F2,Bắc Sơn,Bac Son
VN-56,Thanh Hóa,Thanh Hoa,VNAP25-762A507861,VNAP25-AE2A0752F2,Đại Hùng,Dai Hung
VN-56,Thanh Hóa,Thanh Hoa,VNAP25-0233838C1A,VNAP25-AE2A0752F2,Quảng Châu,Quang Chau
VN-56,Thanh Hóa,Thanh Hoa,VNAP25-F9F8693FBA,VNAP25-AE2A0752F2,Quảng Cư,Quang Cu
VN-56,Thanh Hóa,Thanh Hoa,VNAP25-B860CE94C1,VNAP25-AE2A0752F2,Quảng Minh,Quang Minh
VN-56,Thanh Hóa,Thanh Hoa,VNAP25-FFD1534ED4,VNAP25-AE2A0752F2,Quảng Thọ,Quang Tho
VN-56,Thanh Hóa,Thanh Hoa,VNAP25-7A71094378,VNAP25-AE2A0752F2,Quảng Tiến,Quang Tien
VN-56,Thanh Hóa,Thanh Hoa,VNAP25-895C36C82D,VNAP25-AE2A0752F2,Quảng Vinh,Quang Vinh
VN-56,Thanh Hóa,Thanh Hoa,VNAP25-E04C5251B0,VNAP25-AE2A0752F2,Trung Sơn,Trung Son
VN-56,Thanh Hóa,Thanh Hoa,VNAP25-34A215517C,VNAP25-AE2A0752F2,Trường Sơn,Truong Son
VN-56,Thanh Hóa,Thanh Hoa,VNAP25-B1A048E5E4,,Thạch Thành,Thach Thanh
VN-56,Thanh Hóa,Thanh Hoa,VNAP25-D983F881EA,VNAP25-B1A048E5E4,Kim Tân,Kim Tan
VN-56,Thanh Hóa,Thanh Hoa,VNAP25-C9BEABA459,VNAP25-B1A048E5E4,Ngọc Trạo,Ngoc Trao
VN-56,Thanh Hóa,Thanh Hoa,VNAP25-0D91454B18,VNAP25-B1A048E5E4,Thạch Bình,Thach Binh
VN-56,Thanh Hóa,Thanh Hoa,VNAP25-CD2ADFD38C,VNAP25-B1A048E5E4,Thạch Cẩm,Thach Cam
VN-56,Thanh Hóa,Thanh Hoa,VNAP25-31229DA5F9,VNAP25-B1A048E5E4,Thạch Định,Thach Dinh
VN-56,Thanh Hóa,Thanh Hoa,VNAP25-4AD534237A,VNAP25-B1A048E5E4,Thạch Lâm,Thach Lam
VN-56,Thanh Hóa,Thanh Hoa,VNAP25-EAE562F0BC,VNAP25-B1A048E5E4,Thạch Long,Thach Long
VN-56,Thanh Hóa,Thanh Hoa,VNAP25-7731B3B673,VNAP25-B1A048E5E4,Thạch Quảng,Thach Quang
VN-56,Thanh Hóa,Thanh Hoa,VNAP25-CC42ED8A0A,VNAP25-B1A048E5E4,Thạch Sơn,Thach Son
VN-56,Thanh Hóa,Thanh Hoa,VNAP25-CA46B53EA2,VNAP25-B1A048E5E4,Thạch Tượng,Thach Tuong
VN-56,Thanh Hóa,Thanh Hoa,VNAP25-00F0FB3A5C,VNAP25-B1A048E5E4,Thành An,Thanh An
VN-56,Thanh Hóa,Thanh Hoa,VNAP25-23C244BB89,VNAP25-B1A048E5E4,Thành Công,Thanh Cong
VN-56,Thanh Hóa,Thanh Hoa,VNAP25-46438694C1,VNAP25-B1A048E5E4,Thành Hưng,Thanh Hung
VN-56,Thanh Hóa,Thanh Hoa,VNAP25-4EF5D8D614,VNAP25-B1A048E5E4,Thành Long,Thanh Long
VN-56,Thanh Hóa,Thanh Hoa,VNAP25-9E6004FFFF,VNAP25-B1A048E5E4,Thành Minh,Thanh Minh
VN-56,Thanh Hóa,Thanh Hoa,VNAP25-B16941E492,VNAP25-B1A048E5E4,Thành Mỹ,Thanh My
VN-56,Thanh Hóa,Thanh Hoa,VNAP25-5F7A1A95AA,VNAP25-B1A048E5E4,Thành Tâm,Thanh Tam
VN-56,Thanh Hóa,Thanh Hoa,VNAP25-195F07235F,VNAP25-B1A048E5E4,Thành Tân,Thanh Tan
VN-56,Thanh Hóa,Thanh Hoa,VNAP25-EA3ED93B90,VNAP25-B1A048E5E4,Thành Thọ,Thanh Tho
VN-56,Thanh Hóa,Thanh Hoa,VNAP25-661362B563,VNAP25-B1A048E5E4,Thành Tiến,Thanh Tien
VN-56,Thanh Hóa,Thanh Hoa,VNAP25-397F010D90,VNAP25-B1A048E5E4,Thành Trực,Thanh Truc
VN-56,Thanh Hóa,Thanh Hoa,VNAP25-23B63C8E7B,VNAP25-B1A048E5E4,Thành Vinh,Thanh Vinh
VN-56,Thanh Hóa,Thanh Hoa,VNAP25-3D697A5531,VNAP25-B1A048E5E4,Thành Yên,Thanh Yen
VN-56,Thanh Hóa,Thanh Hoa,VNAP25-58FCACB52B,VNAP25-B1A048E5E4,Vân Du,Van Du
VN-56,Thanh Hóa,Thanh Hoa,VNAP25-E7BADD306F,,Thanh Hóa,Thanh Hoa
VN-56,Thanh Hóa,Thanh Hoa,VNAP25-E54E78F146,VNAP25-E7BADD306F,An Hưng,An Hung
VN-56,Thanh Hóa,Thanh Hoa,VNAP25-2456A6106E,VNAP25-E7BADD306F,Ba Đình,Ba Dinh
VN-56,Thanh Hóa,Thanh Hoa,VNAP25-0B288C0CC4,VNAP25-E7BADD306F,Điện Biên,Dien Bien
VN-56,Thanh Hóa,Thanh Hoa,VNAP25-54C5B05BA9,VNAP25-E7BADD306F,Đông Cương,Dong Cuong
VN-56,Thanh Hóa,Thanh Hoa,VNAP25-39555EBA96,VNAP25-E7BADD306F,Đông Hải,Dong Hai
VN-56,Thanh Hóa,Thanh Hoa,VNAP25-5DD0DA3F4F,VNAP25-E7BADD306F,Đông Hòa,Dong Hoa
VN-56,Thanh Hóa,Thanh Hoa,VNAP25-85B3B0B47F,VNAP25-E7BADD306F,Đông Hoàng,Dong Hoang
VN-56,Thanh Hóa,Thanh Hoa,VNAP25-B56DCBA99E,VNAP25-E7BADD306F,Đông Hương,Dong Huong
VN-56,Thanh Hóa,Thanh Hoa,VNAP25-1631D24AA6,VNAP25-E7BADD306F,Đông Khê,Dong Khe
VN-56,Thanh Hóa,Thanh Hoa,VNAP25-38BF037FAD,VNAP25-E7BADD306F,Đông Lĩnh,Dong Linh
VN-56,Thanh Hóa,Thanh Hoa,VNAP25-479D62F5F6,VNAP25-E7BADD306F,Đông Minh,Dong Minh
VN-56,Thanh Hóa,Thanh Hoa,VNAP25-9C268700C0,VNAP25-E7BADD306F,Đông Nam,Dong Nam
VN-56,Thanh Hóa,Thanh Hoa,VNAP25-60727DFC81,VNAP25-E7BADD306F,Đông Ninh,Dong Ninh
VN-56,Thanh Hóa,Thanh Hoa,VNAP25-558319FC3F,VNAP25-E7BADD306F,Đông Phú,Dong Phu
VN-56,Thanh Hóa,Thanh Hoa,VNAP25-4967CD92ED,VNAP25-E7BADD306F,Đông Quang,Dong Quang
VN-56,Thanh Hóa,Thanh Hoa,VNAP25-3DEDAC0278,VNAP25-E7BADD306F,Đông Sơn,Dong Son
VN-56,Thanh Hóa,Thanh Hoa,VNAP25-1DFA22A66E,VNAP25-E7BADD306F,Đông Tân,Dong Tan
VN-56,Thanh Hóa,Thanh Hoa,VNAP25-873746F474,VNAP25-E7BADD306F,Đông Thanh,Dong Thanh
VN-56,Thanh Hóa,Thanh Hoa,VNAP25-CC107E1303,VNAP25-E7BADD306F,Đông Thịnh,Dong Thinh
VN-56,Thanh Hóa,Thanh Hoa,VNAP25-2A14310941,VNAP25-E7BADD306F,Đông Thọ,Dong Tho
VN-56,Thanh Hóa,Thanh Hoa,VNAP25-332FD6197D,VNAP25-E7BADD306F,Đông Tiến,Dong Tien
VN-56,Thanh Hóa,Thanh Hoa,VNAP25-67DC2559DA,VNAP25-E7BADD306F,Đông Văn,Dong Van
VN-56,Thanh Hóa,Thanh Hoa,VNAP25-41A76E978E,VNAP25-E7BADD306F,Đông Vệ,Dong Ve
VN-56,Thanh Hóa,Thanh Hoa,VNAP25-962999502B,VNAP25-E7BADD306F,Đông Vinh,Dong Vinh
VN-56,Thanh Hóa,Thanh Hoa,VNAP25-12E8EF3DBD,VNAP25-E7BADD306F,Đông Yên,Dong Yen
VN-56,Thanh Hóa,Thanh Hoa,VNAP25-04EF269525,VNAP25-E7BADD306F,Hàm Rồng,Ham Rong
VN-56,Thanh Hóa,Thanh Hoa,VNAP25-1AFE2E8436,VNAP25-E7BADD306F,Hoằng Đại,Hoang Dai
VN-56,Thanh Hóa,Thanh Hoa,VNAP25-3F3421252B,VNAP25-E7BADD306F,Hoằng Quang,Hoang Quang
VN-56,Thanh Hóa,Thanh Hoa,VNAP25-1086A3A39B,VNAP25-E7BADD306F,Lam Sơn,Lam Son
VN-56,Thanh Hóa,Thanh Hoa,VNAP25-0024416E70,VNAP25-E7BADD306F,Long Anh,Long Anh
VN-56,Thanh Hóa,Thanh Hoa,VNAP25-5620A4BEC1,VNAP25-E7BADD306F,Nam Ngạn,Nam Ngan
VN-56,Thanh Hóa,Thanh Hoa,VNAP25-4627939AAA,VNAP25-E7BADD306F,Ngọc Trạo,Ngoc Trao
VN-56,Thanh Hóa,Thanh Hoa,VNAP25-0C83F71EE5,VNAP25-E7BADD306F,Phú Sơn,Phu Son
VN-56,Thanh Hóa,Thanh Hoa,VNAP25-ACBAFEA2C5,VNAP25-E7BADD306F,Quảng Cát,Quang Cat
VN-56,Thanh Hóa,Thanh Hoa,VNAP25-025A1647C7,VNAP25-E7BADD306F,Quảng Đông,Quang Dong
VN-56,Thanh Hóa,Thanh Hoa,VNAP25-38C4E86727,VNAP25-E7BADD306F,Quảng Hưng,Quang Hung
VN-56,Thanh Hóa,Thanh Hoa,VNAP25-B5B545AE64,VNAP25-E7BADD306F,Quảng Phú,Quang Phu
VN-56,Thanh Hóa,Thanh Hoa,VNAP25-D0580CB599,VNAP25-E7BADD306F,Quảng Tâm,Quang Tam
VN-56,Thanh Hóa,Thanh Hoa,VNAP25-56E58286C6,VNAP25-E7BADD306F,Quảng Thắng,Quang Thang
VN-56,Thanh Hóa,Thanh Hoa,VNAP25-9F6E8F5F28,VNAP25-E7BADD306F,Quảng Thành,Quang Thanh
VN-56,Thanh Hóa,Thanh Hoa,VNAP25-0540753AE5,VNAP25-E7BADD306F,Quảng Thịnh,Quang Thinh
VN-56,Thanh Hóa,Thanh Hoa,VNAP25-B5C44346FE,VNAP25-E7BADD306F,Rừng Thông,Rung Thong
VN-56,Thanh Hóa,Thanh Hoa,VNAP25-AD2A325042,VNAP25-E7BADD306F,Tào Xuyên,Tao Xuyen
VN-56,Thanh Hóa,Thanh Hoa,VNAP25-2C8DC4B2DE,VNAP25-E7BADD306F,Thiệu Dương,Thieu Duong
VN-56,Thanh Hóa,Thanh Hoa,VNAP25-7EC382D4C3,VNAP25-E7BADD306F,Thiệu Khánh,Thieu Khanh
VN-56,Thanh Hóa,Thanh Hoa,VNAP25-2F4AC66C27,VNAP25-E7BADD306F,Thiệu Vân,Thieu Van
VN-56,Thanh Hóa,Thanh Hoa,VNAP25-43BF0108F0,VNAP25-E7BADD306F,Trường Thi,Truong Thi
VN-56,Thanh Hóa,Thanh Hoa,VNAP25-1A4B9044CD,,Thiệu Hóa,Thieu Hoa
VN-56,Thanh Hóa,Thanh Hoa,VNAP25-984841FC5A,VNAP25-1A4B9044CD,Hậu Hiền,Hau Hien
VN-56,Thanh Hóa,Thanh Hoa,VNAP25-4DD7D1839F,VNAP25-1A4B9044CD,Tân Châu,Tan Chau
VN-56,Thanh Hóa,Thanh Hoa,VNAP25-0D86400128,VNAP25-1A4B9044CD,Thiệu Chính,Thieu Chinh
VN-56,Thanh Hóa,Thanh Hoa,VNAP25-C53C5FCC27,VNAP25-1A4B9044CD,Thiệu Công,Thieu Cong
VN-56,Thanh Hóa,Thanh Hoa,VNAP25-AEAEDC10DE,VNAP25-1A4B9044CD,Thiệu Duy,Thieu Duy
VN-56,Thanh Hóa,Thanh Hoa,VNAP25-8A5B51A055,VNAP25-1A4B9044CD,Thiệu Giang,Thieu Giang
VN-56,Thanh Hóa,Thanh Hoa,VNAP25-9398FE2BBE,VNAP25-1A4B9044CD,Thiệu Giao,Thieu Giao
VN-56,Thanh Hóa,Thanh Hoa,VNAP25-80CE29FD67,VNAP25-1A4B9044CD,Thiệu Hòa,Thieu Hoa
VN-56,Thanh Hóa,Thanh Hoa,VNAP25-9884949BD2,VNAP25-1A4B9044CD,Thiệu Hóa,Thieu Hoa
VN-56,Thanh Hóa,Thanh Hoa,VNAP25-20086FC760,VNAP25-1A4B9044CD,Thiệu Hợp,Thieu Hop
VN-56,Thanh Hóa,Thanh Hoa,VNAP25-B2DCF33455,VNAP25-1A4B9044CD,Thiệu Long,Thieu Long
VN-56,Thanh Hóa,Thanh Hoa,VNAP25-9C1362867F,VNAP25-1A4B9044CD,Thiệu Lý,Thieu Ly
VN-56,Thanh Hóa,Thanh Hoa,VNAP25-6566A23F4D,VNAP25-1A4B9044CD,Thiệu Ngọc,Thieu Ngoc
VN-56,Thanh Hóa,Thanh Hoa,VNAP25-FDE138DA1D,VNAP25-1A4B9044CD,Thiệu Nguyên,Thieu Nguyen
VN-56,Thanh Hóa,Thanh Hoa,VNAP25-F02D140282,VNAP25-1A4B9044CD,Thiệu Phúc,Thieu Phuc
VN-56,Thanh Hóa,Thanh Hoa,VNAP25-575FE6F689,VNAP25-1A4B9044CD,Thiệu Quang,Thieu Quang
VN-56,Thanh Hóa,Thanh Hoa,VNAP25-C760BF8B37,VNAP25-1A4B9044CD,Thiệu Thành,Thieu Thanh
VN-56,Thanh Hóa,Thanh Hoa,VNAP25-AF61639465,VNAP25-1A4B9044CD,Thiệu Thịnh,Thieu Thinh
VN-56,Thanh Hóa,Thanh Hoa,VNAP25-22CC795B45,VNAP25-1A4B9044CD,Thiệu Tiến,Thieu Tien
VN-56,Thanh Hóa,Thanh Hoa,VNAP25-79D55E20F2,VNAP25-1A4B9044CD,Thiệu Toán,Thieu Toan
VN-56,Thanh Hóa,Thanh Hoa,VNAP25-FB078D71CA,VNAP25-1A4B9044CD,Thiệu Trung,Thieu Trung
VN-56,Thanh Hóa,Thanh Hoa,VNAP25-2B5CA4E365,VNAP25-1A4B9044CD,Thiệu Vận,Thieu Van
VN-56,Thanh Hóa,Thanh Hoa,VNAP25-0FA32FEFE1,VNAP25-1A4B9044CD,Thiệu Viên,Thieu Vien
VN-56,Thanh Hóa,Thanh Hoa,VNAP25-B54A682C23,VNAP25-1A4B9044CD,Thiệu Vũ,Thieu Vu
VN-56,Thanh Hóa,Thanh Hoa,VNAP25-C8F710C68E,,Thọ Xuân,Tho Xuan
VN-56,Thanh Hóa,Thanh Hoa,VNAP25-AAE57058A7,VNAP25-C8F710C68E,Bắc Lương,Bac Luong
VN-56,Thanh Hóa,Thanh Hoa,VNAP25-85CFDCABA7,VNAP25-C8F710C68E,Lam Sơn,Lam Son
VN-56,Thanh Hóa,Thanh Hoa,VNAP25-74362DD51A,VNAP25-C8F710C68E,Nam Giang,Nam Giang
VN-56,Thanh Hóa,Thanh Hoa,VNAP25-58A670F1CC,VNAP25-C8F710C68E,Phú Xuân,Phu Xuan
VN-56,Thanh Hóa,Thanh Hoa,VNAP25-A955307E13,VNAP25-C8F710C68E,Quảng Phú,Quang Phu
VN-56,Thanh Hóa,Thanh Hoa,VNAP25-038137808F,VNAP25-C8F710C68E,Sao Vàng,Sao Vang
VN-56,Thanh Hóa,Thanh Hoa,VNAP25-BDD8BF9B8C,VNAP25-C8F710C68E,Tây Hồ,Tay Ho
VN-56,Thanh Hóa,Thanh Hoa,VNAP25-F0500F6BD1,VNAP25-C8F710C68E,Thọ Diên,Tho Dien
VN-56,Thanh Hóa,Thanh Hoa,VNAP25-69324098A2,VNAP25-C8F710C68E,Thọ Hải,Tho Hai
VN-56,Thanh Hóa,Thanh Hoa,VNAP25-13050D720A,VNAP25-C8F710C68E,Thọ Lâm,Tho Lam
VN-56,Thanh Hóa,Thanh Hoa,VNAP25-46D098C69D,VNAP25-C8F710C68E,Thọ Lập,Tho Lap
VN-56,Thanh Hóa,Thanh Hoa,VNAP25-80E2432C3C,VNAP25-C8F710C68E,Thọ Lộc,Tho Loc
VN-56,Thanh Hóa,Thanh Hoa,VNAP25-3F96F42392,VNAP25-C8F710C68E,Thọ Xuân,Tho Xuan
VN-56,Thanh Hóa,Thanh Hoa,VNAP25-D7938AD786,VNAP25-C8F710C68E,Thọ Xương,Tho Xuong
VN-56,Thanh Hóa,Thanh Hoa,VNAP25-1694605E69,VNAP25-C8F710C68E,Thuận Minh,Thuan Minh
VN-56,Thanh Hóa,Thanh Hoa,VNAP25-727240F715,VNAP25-C8F710C68E,Trường Xuân,Truong Xuan
VN-56,Thanh Hóa,Thanh Hoa,VNAP25-163C2C7098,VNAP25-C8F710C68E,Xuân Bái,Xuan Bai
VN-56,Thanh Hóa,Thanh Hoa,VNAP25-FEB6061F63,VNAP25-C8F710C68E,Xuân Giang,Xuan Giang
VN-56,Thanh Hóa,Thanh Hoa,VNAP25-1C2A8557FA,VNAP25-C8F710C68E,Xuân Hòa,Xuan Hoa
VN-56,Thanh Hóa,Thanh Hoa,VNAP25-0A747D8249,VNAP25-C8F710C68E,Xuân Hồng,Xuan Hong
VN-56,Thanh Hóa,Thanh Hoa,VNAP25-B7D22CCF29,VNAP25-C8F710C68E,Xuân Hưng,Xuan Hung
VN-56,Thanh Hóa,Thanh Hoa,VNAP25-1B63554C7A,VNAP25-C8F710C68E,Xuân Lai,Xuan Lai
VN-56,Thanh Hóa,Thanh Hoa,VNAP25-0DBDC328DC,VNAP25-C8F710C68E,Xuân Lập,Xuan Lap
VN-56,Thanh Hóa,Thanh Hoa,VNAP25-EC007E4DB2,VNAP25-C8F710C68E,Xuân Minh,Xuan Minh
VN-56,Thanh Hóa,Thanh Hoa,VNAP25-95711D61DB,VNAP25-C8F710C68E,Xuân Phong,Xuan Phong
VN-56,Thanh Hóa,Thanh Hoa,VNAP25-81FF67D7CC,VNAP25-C8F710C68E,Xuân Phú,Xuan Phu
VN-56,Thanh Hóa,Thanh Hoa,VNAP25-B0B195E4DC,VNAP25-C8F710C68E,Xuân Sinh,Xuan Sinh
VN-56,Thanh Hóa,Thanh Hoa,VNAP25-EC093B8E23,VNAP25-C8F710C68E,Xuân Thiên,Xuan Thien
VN-56,Thanh Hóa,Thanh Hoa,VNAP25-096C558B25,VNAP25-C8F710C68E,Xuân Tín,Xuan Tin
VN-56,Thanh Hóa,Thanh Hoa,VNAP25-89A4B7D42B,VNAP25-C8F710C68E,Xuân Trường,Xuan Truong
VN-56,Thanh Hóa,Thanh Hoa,VNAP25-34A0591AAE,,Thường Xuân,Thuong Xuan
VN-56,Thanh Hóa,Thanh Hoa,VNAP25-EB631D634E,VNAP25-34A0591AAE,Bát Mọt,Bat Mot
VN-56,Thanh Hóa,Thanh Hoa,VNAP25-61213DECE5,VNAP25-34A0591AAE,Luận Khê,Luan Khe
VN-56,Thanh Hóa,Thanh Hoa,VNAP25-EDF1D13E6E,VNAP25-34A0591AAE,Luận Thành,Luan Thanh
VN-56,Thanh Hóa,Thanh Hoa,VNAP25-C792FCA6E2,VNAP25-34A0591AAE,Lương Sơn,Luong Son
VN-56,Thanh Hóa,Thanh Hoa,VNAP25-F7987A8ACF,VNAP25-34A0591AAE,Ngọc Phụng,Ngoc Phung
VN-56,Thanh Hóa,Thanh Hoa,VNAP25-FADB8420FB,VNAP25-34A0591AAE,Tân Thành,Tan Thanh
VN-56,Thanh Hóa,Thanh Hoa,VNAP25-372EED9394,VNAP25-34A0591AAE,Thọ Thanh,Tho Thanh
VN-56,Thanh Hóa,Thanh Hoa,VNAP25-E13C955CDB,VNAP25-34A0591AAE,Thường Xuân,Thuong Xuan
VN-56,Thanh Hóa,Thanh Hoa,VNAP25-AA385C3CC8,VNAP25-34A0591AAE,Vạn Xuân,Van Xuan
VN-56,Thanh Hóa,Thanh Hoa,VNAP25-7E78370FF3,VNAP25-34A0591AAE,Xuân Cao,Xuan Cao
VN-56,Thanh Hóa,Thanh Hoa,VNAP25-C2DE2A5291,VNAP25-34A0591AAE,Xuân Chinh,Xuan Chinh
VN-56,Thanh Hóa,Thanh Hoa,VNAP25-3A6AADE7F6,VNAP25-34A0591AAE,Xuân Dương,Xuan Duong
VN-56,Thanh Hóa,Thanh Hoa,VNAP25-8B57846CB6,VNAP25-34A0591AAE,Xuân Lẹ,Xuan Le
VN-56,Thanh Hóa,Thanh Hoa,VNAP25-DFECC19C6B,VNAP25-34A0591AAE,Xuân Lộc,Xuan Loc
VN-56,Thanh Hóa,Thanh Hoa,VNAP25-A3D5262A28,VNAP25-34A0591AAE,Xuân Thắng,Xuan Thang
VN-56,Thanh Hóa,Thanh Hoa,VNAP25-BB1CF1F7D1,VNAP25-34A0591AAE,Yên Nhân,Yen Nhan
VN-56,Thanh Hóa,Thanh Hoa,VNAP25-59D3E812A0,,Triệu Sơn,Trieu Son
VN-56,Thanh Hóa,Thanh Hoa,VNAP25-D3D501A440,VNAP25-59D3E812A0,An Nông,An Nong
VN-56,Thanh Hóa,Thanh Hoa,VNAP25-8A2E5F41C8,VNAP25-59D3E812A0,Bình Sơn,Binh Son
VN-56,Thanh Hóa,Thanh Hoa,VNAP25-A20C21D664,VNAP25-59D3E812A0,Dân Lực,Dan Luc
VN-56,Thanh Hóa,Thanh Hoa,VNAP25-8DEC298F06,VNAP25-59D3E812A0,Dân Lý,Dan Ly
VN-56,Thanh Hóa,Thanh Hoa,VNAP25-813CC66A2C,VNAP25-59D3E812A0,Dân Quyền,Dan Quyen
VN-56,Thanh Hóa,Thanh Hoa,VNAP25-861E3411A4,VNAP25-59D3E812A0,Đồng Lợi,Dong Loi
VN-56,Thanh Hóa,Thanh Hoa,VNAP25-4EED23C860,VNAP25-59D3E812A0,Đồng Thắng,Dong Thang
VN-56,Thanh Hóa,Thanh Hoa,VNAP25-7301DEC7A3,VNAP25-59D3E812A0,Đồng Tiến,Dong Tien
VN-56,Thanh Hóa,Thanh Hoa,VNAP25-30B2474EA3,VNAP25-59D3E812A0,Hợp Lý,Hop Ly
VN-56,Thanh Hóa,Thanh Hoa,VNAP25-537DCDE963,VNAP25-59D3E812A0,Hợp Thắng,Hop Thang
VN-56,Thanh Hóa,Thanh Hoa,VNAP25-FDB20E149D,VNAP25-59D3E812A0,Hợp Thành,Hop Thanh
VN-56,Thanh Hóa,Thanh Hoa,VNAP25-C5899DEB8E,VNAP25-59D3E812A0,Hợp Tiến,Hop Tien
VN-56,Thanh Hóa,Thanh Hoa,VNAP25-A5C753D231,VNAP25-59D3E812A0,Khuyến Nông,Khuyen Nong
VN-56,Thanh Hóa,Thanh Hoa,VNAP25-D528662875,VNAP25-59D3E812A0,Minh Sơn,Minh Son
VN-56,Thanh Hóa,Thanh Hoa,VNAP25-C100F57B5A,VNAP25-59D3E812A0,Nông Trường,Nong Truong
VN-56,Thanh Hóa,Thanh Hoa,VNAP25-8697256130,VNAP25-59D3E812A0,Nưa,Nua
VN-56,Thanh Hóa,Thanh Hoa,VNAP25-EFEF398468,VNAP25-59D3E812A0,Thái Hòa,Thai Hoa
VN-56,Thanh Hóa,Thanh Hoa,VNAP25-BDDFA1A7FA,VNAP25-59D3E812A0,Thọ Bình,Tho Binh
VN-56,Thanh Hóa,Thanh Hoa,VNAP25-9A91F76BBC,VNAP25-59D3E812A0,Thọ Cường,Tho Cuong
VN-56,Thanh Hóa,Thanh Hoa,VNAP25-E9C5517050,VNAP25-59D3E812A0,Thọ Dân,Tho Dan
VN-56,Thanh Hóa,Thanh Hoa,VNAP25-9C66FBA864,VNAP25-59D3E812A0,Thọ Ngọc,Tho Ngoc
VN-56,Thanh Hóa,Thanh Hoa,VNAP25-8A1358EAA0,VNAP25-59D3E812A0,Thọ Phú,Tho Phu
VN-56,Thanh Hóa,Thanh Hoa,VNAP25-97F2DA3C11,VNAP25-59D3E812A0,Thọ Sơn,Tho Son
VN-56,Thanh Hóa,Thanh Hoa,VNAP25-D4F7E0B2DD,VNAP25-59D3E812A0,Thọ Tân,Tho Tan
VN-56,Thanh Hóa,Thanh Hoa,VNAP25-92971447AB,VNAP25-59D3E812A0,Thọ Thế,Tho The
VN-56,Thanh Hóa,Thanh Hoa,VNAP25-49E6208C43,VNAP25-59D3E812A0,Thọ Tiến,Tho Tien
VN-56,Thanh Hóa,Thanh Hoa,VNAP25-34352162F8,VNAP25-59D3E812A0,Tiến Nông,Tien Nong
VN-56,Thanh Hóa,Thanh Hoa,VNAP25-ED453FD3FC,VNAP25-59D3E812A0,Triệu Sơn,Trieu Son
VN-56,Thanh Hóa,Thanh Hoa,VNAP25-00E4F87499,VNAP25-59D3E812A0,Triệu Thành,Trieu Thanh
VN-56,Thanh Hóa,Thanh Hoa,VNAP25-862AF0639C,VNAP25-59D3E812A0,Văn Sơn,Van Son
VN-56,Thanh Hóa,Thanh Hoa,VNAP25-58B381BFFD,VNAP25-59D3E812A0,Xuân Lộc,Xuan Loc
VN-56,Thanh Hóa,Thanh Hoa,VNAP25-DA737640B4,VNAP25-59D3E812A0,Xuân Thọ,Xuan Tho
VN-56,Thanh Hóa,Thanh Hoa,VNAP25-A4AE9C2D6F,,Vĩnh Lộc,Vinh Loc
VN-56,Thanh Hóa,Thanh Hoa,VNAP25-2DCA155000,VNAP25-A4AE9C2D6F,Minh Tân,Minh Tan
VN-56,Thanh Hóa,Thanh Hoa,VNAP25-D4E9CC074A,VNAP25-A4AE9C2D6F,Ninh Khang,Ninh Khang
VN-56,Thanh Hóa,Thanh Hoa,VNAP25-77CE6B23DD,VNAP25-A4AE9C2D6F,Vĩnh An,Vinh An
VN-56,Thanh Hóa,Thanh Hoa,VNAP25-70CE9E142E,VNAP25-A4AE9C2D6F,Vĩnh Hòa,Vinh Hoa
VN-56,Thanh Hóa,Thanh Hoa,VNAP25-B7EBC3F2EC,VNAP25-A4AE9C2D6F,Vĩnh Hùng,Vinh Hung
VN-56,Thanh Hóa,Thanh Hoa,VNAP25-5EAE79BFAA,VNAP25-A4AE9C2D6F,Vĩnh Hưng,Vinh Hung
VN-56,Thanh Hóa,Thanh Hoa,VNAP25-148C633467,VNAP25-A4AE9C2D6F,Vĩnh Lộc,Vinh Loc
VN-56,Thanh Hóa,Thanh Hoa,VNAP25-D4F670423D,VNAP25-A4AE9C2D6F,Vĩnh Long,Vinh Long
VN-56,Thanh Hóa,Thanh Hoa,VNAP25-BC4ED29993,VNAP25-A4AE9C2D6F,Vĩnh Phúc,Vinh Phuc
VN-56,Thanh Hóa,Thanh Hoa,VNAP25-AB8152FFCA,VNAP25-A4AE9C2D6F,Vĩnh Quang,Vinh Quang
VN-56,Thanh Hóa,Thanh Hoa,VNAP25-6BE8F64CC9,VNAP25-A4AE9C2D6F,Vĩnh Thịnh,Vinh Thinh
VN-56,Thanh Hóa,Thanh Hoa,VNAP25-FF5E8B93AA,VNAP25-A4AE9C2D6F,Vĩnh Tiến,Vinh Tien
VN-56,Thanh Hóa,Thanh Hoa,VNAP25-12A1077C68,VNAP25-A4AE9C2D6F,Vĩnh Yên,Vinh Yen
VN-56,Thanh Hóa,Thanh Hoa,VNAP25-2AC41B76ED,,Yên Định,Yen Dinh
VN-56,Thanh Hóa,Thanh Hoa,VNAP25-CF5803EAA0,VNAP25-2AC41B76ED,Định Bình,Dinh Binh
VN-56,Thanh Hóa,Thanh Hoa,VNAP25-9A2DDB1C67,VNAP25-2AC41B76ED,Định Công,Dinh Cong
VN-56,Thanh Hóa,Thanh Hoa,VNAP25-1287B5B7C6,VNAP25-2AC41B76ED,Định Hải,Dinh Hai
VN-56,Thanh Hóa,Thanh Hoa,VNAP25-4FC9432F32,VNAP25-2AC41B76ED,Định Hòa,Dinh Hoa
VN-56,Thanh Hóa,Thanh Hoa,VNAP25-EE46920C88,VNAP25-2AC41B76ED,Định Hưng,Dinh Hung
VN-56,Thanh Hóa,Thanh Hoa,VNAP25-12F337847C,VNAP25-2AC41B76ED,Định Liên,Dinh Lien
VN-56,Thanh Hóa,Thanh Hoa,VNAP25-54371B1BA2,VNAP25-2AC41B76ED,Định Long,Dinh Long
VN-56,Thanh Hóa,Thanh Hoa,VNAP25-6FB1EF6D2F,VNAP25-2AC41B76ED,Định Tân,Dinh Tan
VN-56,Thanh Hóa,Thanh Hoa,VNAP25-62D82C5CBA,VNAP25-2AC41B76ED,Định Tăng,Dinh Tang
VN-56,Thanh Hóa,Thanh Hoa,VNAP25-E1064DA730,VNAP25-2AC41B76ED,Định Thành,Dinh Thanh
VN-56,Thanh Hóa,Thanh Hoa,VNAP25-D6CAA6CD74,VNAP25-2AC41B76ED,Định Tiến,Dinh Tien
VN-56,Thanh Hóa,Thanh Hoa,VNAP25-A85C304269,VNAP25-2AC41B76ED,Quán Lào,Quan Lao
VN-56,Thanh Hóa,Thanh Hoa,VNAP25-965140FB1F,VNAP25-2AC41B76ED,Quý Lộc,Quy Loc
VN-56,Thanh Hóa,Thanh Hoa,VNAP25-2032309476,VNAP25-2AC41B76ED,Thống Nhất,Thong Nhat
VN-56,Thanh Hóa,Thanh Hoa,VNAP25-E98A625D97,VNAP25-2AC41B76ED,Yên Hùng,Yen Hung
VN-56,Thanh Hóa,Thanh Hoa,VNAP25-F989DDF1D9,VNAP25-2AC41B76ED,Yên Lâm,Yen Lam
VN-56,Thanh Hóa,Thanh Hoa,VNAP25-8758D3957A,VNAP25-2AC41B76ED,Yên Ninh,Yen Ninh
VN-56,Thanh Hóa,Thanh Hoa,VNAP25-7DC54FD9EB,VNAP25-2AC41B76ED,Yên Phong,Yen Phong
VN-56,Thanh Hóa,Thanh Hoa,VNAP25-586FFE67BA,VNAP25-2AC41B76ED,Yên Phú,Yen Phu
VN-56,Thanh Hóa,Thanh Hoa,VNAP25-E0F72C675F,VNAP25-2AC41B76ED,Yên Tâm,Yen Tam
VN-56,Thanh Hóa,Thanh Hoa,VNAP25-D8D8EA8C65,VNAP25-2AC41B76ED,Yên Thái,Yen Thai
VN-56,Thanh Hóa,Thanh Hoa,VNAP25-3FEE6BA981,VNAP25-2AC41B76ED,Yên Thịnh,Yen Thinh
VN-56,Thanh Hóa,Thanh Hoa,VNAP25-D3CCC0CD2A,VNAP25-2AC41B76ED,Yên Thọ,Yen Tho
VN-56,Thanh Hóa,Thanh Hoa,VNAP25-A8AA4E9C4B,VNAP25-2AC41B76ED,Yên Trung,Yen Trung
VN-56,Thanh Hóa,Thanh Hoa,VNAP25-DBDC68D04A,VNAP25-2AC41B76ED,Yên Trường,Yen Truong
VN-57,Huế,Hue,VNAP25-DCECDED0AB,,A Lưới,A Luoi
VN-57,Huế,Hue,VNAP25-6BB43EF247,VNAP25-DCECDED0AB,A Lưới,A Luoi
VN-57,Huế,Hue,VNAP25-5618ACA0C4,VNAP25-DCECDED0AB,A Ngo,A Ngo
VN-57,Huế,Hue,VNAP25-5CD5E9E551,VNAP25-DCECDED0AB,A Roàng,A Roang
VN-57,Huế,Hue,VNAP25-E3FA19D7EC,VNAP25-DCECDED0AB,Đông Sơn,Dong Son
VN-57,Huế,Hue,VNAP25-6294CB5807,VNAP25-DCECDED0AB,Hồng Bắc,Hong Bac
VN-57,Huế,Hue,VNAP25-CFA0FD2A6E,VNAP25-DCECDED0AB,Hồng Hạ,Hong Ha
VN-57,Huế,Hue,VNAP25-4C849B377E,VNAP25-DCECDED0AB,Hồng Kim,Hong Kim
VN-57,Huế,Hue,VNAP25-B64D6EDB0A,VNAP25-DCECDED0AB,Hồng Thái,Hong Thai
VN-57,Huế,Hue,VNAP25-D0CA95B2CB,VNAP25-DCECDED0AB,Hồng Thượng,Hong Thuong
VN-57,Huế,Hue,VNAP25-6350A059A1,VNAP25-DCECDED0AB,Hồng Thủy,Hong Thuy
VN-57,Huế,Hue,VNAP25-450204E440,VNAP25-DCECDED0AB,Hồng Vân,Hong Van
VN-57,Huế,Hue,VNAP25-CE16124252,VNAP25-DCECDED0AB,Hương Nguyên,Huong Nguyen
VN-57,Huế,Hue,VNAP25-804E7E4DF2,VNAP25-DCECDED0AB,Hương Phong,Huong Phong
VN-57,Huế,Hue,VNAP25-9B7FC01582,VNAP25-DCECDED0AB,Lâm Đớt,Lam Dot
VN-57,Huế,Hue,VNAP25-CAB9E14CC9,VNAP25-DCECDED0AB,Phú Vinh,Phu Vinh
VN-57,Huế,Hue,VNAP25-AD7FB3FE63,VNAP25-DCECDED0AB,Quảng Nhâm,Quang Nham
VN-57,Huế,Hue,VNAP25-98AC407883,VNAP25-DCECDED0AB,Sơn Thủy,Son Thuy
VN-57,Huế,Hue,VNAP25-454C248A18,VNAP25-DCECDED0AB,Trung Sơn,Trung Son
VN-57,Huế,Hue,VNAP25-0E179F2BE8,,Hương Thủy,Huong Thuy
VN-57,Huế,Hue,VNAP25-1249500015,VNAP25-0E179F2BE8,Dương Hòa,Duong Hoa
VN-57,Huế,Hue,VNAP25-75A03DF0C2,VNAP25-0E179F2BE8,Phú Bài,Phu Bai
VN-57,Huế,Hue,VNAP25-DEEFCBCB66,VNAP25-0E179F2BE8,Phú Sơn,Phu Son
VN-57,Huế,Hue,VNAP25-8649563AAB,VNAP25-0E179F2BE8,Thủy Châu,Thuy Chau
VN-57,Huế,Hue,VNAP25-9149A4727E,VNAP25-0E179F2BE8,Thủy Dương,Thuy Duong
VN-57,Huế,Hue,VNAP25-6459B2C2B9,VNAP25-0E179F2BE8,Thủy Lương,Thuy Luong
VN-57,Huế,Hue,VNAP25-293B7DA8EA,VNAP25-0E179F2BE8,Thủy Phù,Thuy Phu
VN-57,Huế,Hue,VNAP25-C5E2152442,VNAP25-0E179F2BE8,Thủy Phương,Thuy Phuong
VN-57,Huế,Hue,VNAP25-350F0A5B85,VNAP25-0E179F2BE8,Thủy Tân,Thuy Tan
VN-57,Huế,Hue,VNAP25-F421A178D1,VNAP25-0E179F2BE8,Thủy Thanh,Thuy Thanh
VN-57,Huế,Hue,VNAP25-5D5149C778,,Hương Trà,Huong Tra
VN-57,Huế,Hue,VNAP25-5F5012290B,VNAP25-5D5149C778,Bình Thành,Binh Thanh
VN-57,Huế,Hue,VNAP25-4828DDC94E,VNAP25-5D5149C778,Bình Tiến,Binh Tien
VN-57,Huế,Hue,VNAP25-0AD5D36E3F,VNAP25-5D5149C778,Hương Bình,Huong Binh
VN-57,Huế,Hue,VNAP25-7090D53D32,VNAP25-5D5149C778,Hương Chữ,Huong Chu
VN-57,Huế,Hue,VNAP25-7EF372DB10,VNAP25-5D5149C778,Hương Toàn,Huong Toan
VN-57,Huế,Hue,VNAP25-A621850CAF,VNAP25-5D5149C778,Hương Vân,Huong Van
VN-57,Huế,Hue,VNAP25-505B11ADF4,VNAP25-5D5149C778,Hương Văn,Huong Van
VN-57,Huế,Hue,VNAP25-6A236B5E95,VNAP25-5D5149C778,Hương Xuân,Huong Xuan
VN-57,Huế,Hue,VNAP25-153A3281FB,VNAP25-5D5149C778,Tứ Hạ,Tu Ha
VN-57,Huế,Hue,VNAP25-26ACDD0904,,Phong Điền,Phong Dien
VN-57,Huế,Hue,VNAP25-7945D35F28,VNAP25-26ACDD0904,Phong An,Phong An
VN-57,Huế,Hue,VNAP25-6E9BE39A3D,VNAP25-26ACDD0904,Phong Bình,Phong Binh
VN-57,Huế,Hue,VNAP25-00EE575C5B,VNAP25-26ACDD0904,Phong Chương,Phong Chuong
VN-57,Huế,Hue,VNAP25-3130D1BB81,VNAP25-26ACDD0904,Phong Hải,Phong Hai
VN-57,Huế,Hue,VNAP25-8040CE733C,VNAP25-26ACDD0904,Phong Hiền,Phong Hien
VN-57,Huế,Hue,VNAP25-EC4CE6C722,VNAP25-26ACDD0904,Phong Hòa,Phong Hoa
VN-57,Huế,Hue,VNAP25-2E54B03C2F,VNAP25-26ACDD0904,Phong Mỹ,Phong My
VN-57,Huế,Hue,VNAP25-BE5411B145,VNAP25-26ACDD0904,Phong Phú,Phong Phu
VN-57,Huế,Hue,VNAP25-8DED1EA4A7,VNAP25-26ACDD0904,Phong Sơn,Phong Son
VN-57,Huế,Hue,VNAP25-673444FDD7,VNAP25-26ACDD0904,Phong Thạnh,Phong Thanh
VN-57,Huế,Hue,VNAP25-B8BBE7FBB8,VNAP25-26ACDD0904,Phong Thu,Phong Thu
VN-57,Huế,Hue,VNAP25-3A2055719D,VNAP25-26ACDD0904,Phong Xuân,Phong Xuan
VN-57,Huế,Hue,VNAP25-BA60447238,,Phú Lộc,Phu Loc
VN-57,Huế,Hue,VNAP25-7B1BDCD2FE,VNAP25-BA60447238,Giang Hải,Giang Hai
VN-57,Huế,Hue,VNAP25-8D1F02A9FA,VNAP25-BA60447238,Hương Hữu,Huong Huu
VN-57,Huế,Hue,VNAP25-D87B946AC6,VNAP25-BA60447238,Hương Lộc,Huong Loc
VN-57,Huế,Hue,VNAP25-ACBFF4CC2D,VNAP25-BA60447238,Hương Phú,Huong Phu
VN-57,Huế,Hue,VNAP25-28B39FDC0F,VNAP25-BA60447238,Hương Sơn,Huong Son
VN-57,Huế,Hue,VNAP25-314FF3F85F,VNAP25-BA60447238,Hương Xuân,Huong Xuan
VN-57,Huế,Hue,VNAP25-091320D784,VNAP25-BA60447238,Khe Tre,Khe Tre
VN-57,Huế,Hue,VNAP25-66230DCCE0,VNAP25-BA60447238,Lăng Cô,Lang Co
VN-57,Huế,Hue,VNAP25-AA0BA24C24,VNAP25-BA60447238,Lộc An,Loc An
VN-57,Huế,Hue,VNAP25-D88F2D507E,VNAP25-BA60447238,Lộc Bình,Loc Binh
VN-57,Huế,Hue,VNAP25-9387587607,VNAP25-BA60447238,Lộc Bổn,Loc Bon
VN-57,Huế,Hue,VNAP25-DB87783CEA,VNAP25-BA60447238,Lộc Điền,Loc Dien
VN-57,Huế,Hue,VNAP25-898B1311CB,VNAP25-BA60447238,Lộc Hòa,Loc Hoa
VN-57,Huế,Hue,VNAP25-2D0BE8E299,VNAP25-BA60447238,Lộc Sơn,Loc Son
VN-57,Huế,Hue,VNAP25-42E8A87499,VNAP25-BA60447238,Lộc Thủy,Loc Thuy
VN-57,Huế,Hue,VNAP25-1CFC7DA5E6,VNAP25-BA60447238,Lộc Tiến,Loc Tien
VN-57,Huế,Hue,VNAP25-DD4BE10928,VNAP25-BA60447238,Lộc Trì,Loc Tri
VN-57,Huế,Hue,VNAP25-EAD76D06F3,VNAP25-BA60447238,Lộc Vĩnh,Loc Vinh
VN-57,Huế,Hue,VNAP25-EE59CEA906,VNAP25-BA60447238,Phú Lộc,Phu Loc
VN-57,Huế,Hue,VNAP25-C9DE12015F,VNAP25-BA60447238,Thượng Lộ,Thuong Lo
VN-57,Huế,Hue,VNAP25-A4230D862F,VNAP25-BA60447238,Thượng Long,Thuong Long
VN-57,Huế,Hue,VNAP25-A0C4AD0DD2,VNAP25-BA60447238,Thượng Nhật,Thuong Nhat
VN-57,Huế,Hue,VNAP25-5CD929E08D,VNAP25-BA60447238,Thượng Quảng,Thuong Quang
VN-57,Huế,Hue,VNAP25-C34E73F3D9,VNAP25-BA60447238,Vinh Hiền,Vinh Hien
VN-57,Huế,Hue,VNAP25-FDB5CF2974,VNAP25-BA60447238,Vinh Hưng,Vinh Hung
VN-57,Huế,Hue,VNAP25-2729968313,VNAP25-BA60447238,Vinh Mỹ,Vinh My
VN-57,Huế,Hue,VNAP25-E4419C5472,VNAP25-BA60447238,Xuân Lộc,Xuan Loc
VN-57,Huế,Hue,VNAP25-301D70AD81,,Phú Vang,Phu Vang
VN-57,Huế,Hue,VNAP25-625B094C0C,VNAP25-301D70AD81,Phú An,Phu An
VN-57,Huế,Hue,VNAP25-BAA360AC11,VNAP25-301D70AD81,Phú Đa,Phu Da
VN-57,Huế,Hue,VNAP25-011A4E8CC7,VNAP25-301D70AD81,Phú Diên,Phu Dien
VN-57,Huế,Hue,VNAP25-5DC9D32BD4,VNAP25-301D70AD81,Phú Gia,Phu Gia
VN-57,Huế,Hue,VNAP25-5251D30817,VNAP25-301D70AD81,Phú Hải,Phu Hai
VN-57,Huế,Hue,VNAP25-B35D00549C,VNAP25-301D70AD81,Phú Hồ,Phu Ho
VN-57,Huế,Hue,VNAP25-F5354A0925,VNAP25-301D70AD81,Phú Lương,Phu Luong
VN-57,Huế,Hue,VNAP25-2A56433A17,VNAP25-301D70AD81,Phú Mỹ,Phu My
VN-57,Huế,Hue,VNAP25-65ADF15CDB,VNAP25-301D70AD81,Phú Thuận,Phu Thuan
VN-57,Huế,Hue,VNAP25-60FA84308B,VNAP25-301D70AD81,Phú Xuân,Phu Xuan
VN-57,Huế,Hue,VNAP25-963F33C5F2,VNAP25-301D70AD81,Vinh An,Vinh An
VN-57,Huế,Hue,VNAP25-85D934F90C,VNAP25-301D70AD81,Vinh Hà,Vinh Ha
VN-57,Huế,Hue,VNAP25-A7138AC2E9,VNAP25-301D70AD81,Vinh Thanh,Vinh Thanh
VN-57,Huế,Hue,VNAP25-A49BC16CA9,VNAP25-301D70AD81,Vinh Xuân,Vinh Xuan
VN-57,Huế,Hue,VNAP25-A0092F4C57,,Phú Xuân,Phu Xuan
VN-57,Huế,Hue,VNAP25-138FE07769,VNAP25-A0092F4C57,An Hòa,An Hoa
VN-57,Huế,Hue,VNAP25-1A0AF32FDD,VNAP25-A0092F4C57,Đông Ba,Dong Ba
VN-57,Huế,Hue,VNAP25-A88ED68DED,VNAP25-A0092F4C57,Gia Hội,Gia Hoi
VN-57,Huế,Hue,VNAP25-48B0466305,VNAP25-A0092F4C57,Hương An,Huong An
VN-57,Huế,Hue,VNAP25-1306754BA1,VNAP25-A0092F4C57,Hương Long,Huong Long
VN-57,Huế,Hue,VNAP25-C8CAB8BF4E,VNAP25-A0092F4C57,Hương Sơ,Huong So
VN-57,Huế,Hue,VNAP25-C42C7D3E56,VNAP25-A0092F4C57,Hương Vinh,Huong Vinh
VN-57,Huế,Hue,VNAP25-32B1F9686D,VNAP25-A0092F4C57,Kim Long,Kim Long
VN-57,Huế,Hue,VNAP25-1D06AF9149,VNAP25-A0092F4C57,Long Hồ,Long Ho
VN-57,Huế,Hue,VNAP25-E43B065FC3,VNAP25-A0092F4C57,Phú Hậu,Phu Hau
VN-57,Huế,Hue,VNAP25-6C0DDED373,VNAP25-A0092F4C57,Tây Lộc,Tay Loc
VN-57,Huế,Hue,VNAP25-1FF0B9F9C4,VNAP25-A0092F4C57,Thuận Hòa,Thuan Hoa
VN-57,Huế,Hue,VNAP25-B2A14D4F73,VNAP25-A0092F4C57,Thuận Lộc,Thuan Loc
VN-57,Huế,Hue,VNAP25-8106581C06,,Quảng Điền,Quang Dien
VN-57,Huế,Hue,VNAP25-4CAE033D70,VNAP25-8106581C06,Quảng An,Quang An
VN-57,Huế,Hue,VNAP25-2E9463F3D9,VNAP25-8106581C06,Quảng Công,Quang Cong
VN-57,Huế,Hue,VNAP25-04837C7A50,VNAP25-8106581C06,Quảng Lợi,Quang Loi
VN-57,Huế,Hue,VNAP25-19D2CADA6B,VNAP25-8106581C06,Quảng Ngạn,Quang Ngan
VN-57,Huế,Hue,VNAP25-256E5CA740,VNAP25-8106581C06,Quảng Phú,Quang Phu
VN-57,Huế,Hue,VNAP25-07F013137B,VNAP25-8106581C06,Quảng Phước,Quang Phuoc
VN-57,Huế,Hue,VNAP25-65E7398F4F,VNAP25-8106581C06,Quảng Thái,Quang Thai
VN-57,Huế,Hue,VNAP25-704840D443,VNAP25-8106581C06,Quảng Thành,Quang Thanh
VN-57,Huế,Hue,VNAP25-538E60FFAC,VNAP25-8106581C06,Quảng Thọ,Quang Tho
VN-57,Huế,Hue,VNAP25-97FE0BD2B6,VNAP25-8106581C06,Quảng Vinh,Quang Vinh
VN-57,Huế,Hue,VNAP25-41D2FF0BF5,VNAP25-8106581C06,Sịa,Sia
VN-57,Huế,Hue,VNAP25-26B28AE5B8,,Thuận Hóa,Thuan Hoa
VN-57,Huế,Hue,VNAP25-5C85587455,VNAP25-26B28AE5B8,An Cựu,An Cuu
VN-57,Huế,Hue,VNAP25-F51D98F465,VNAP25-26B28AE5B8,An Đông,An Dong
VN-57,Huế,Hue,VNAP25-1E72627703,VNAP25-26B28AE5B8,An Tây,An Tay
VN-57,Huế,Hue,VNAP25-16E79A7423,VNAP25-26B28AE5B8,Dương Nỗ,Duong No
VN-57,Huế,Hue,VNAP25-5824243889,VNAP25-26B28AE5B8,Hương Phong,Huong Phong
VN-57,Huế,Hue,VNAP25-2674105ADF,VNAP25-26B28AE5B8,Phú Hội,Phu Hoi
VN-57,Huế,Hue,VNAP25-49FF17A9F5,VNAP25-26B28AE5B8,Phú Nhuận,Phu Nhuan
VN-57,Huế,Hue,VNAP25-E9B77B72B2,VNAP25-26B28AE5B8,Phú Thượng,Phu Thuong
VN-57,Huế,Hue,VNAP25-7AECF085EB,VNAP25-26B28AE5B8,Phước Vĩnh,Phuoc Vinh
VN-57,Huế,Hue,VNAP25-B95507FA04,VNAP25-26B28AE5B8,Phường Đúc,Phuong Duc
VN-57,Huế,Hue,VNAP25-392A470773,VNAP25-26B28AE5B8,Thuận An,Thuan An
VN-57,Huế,Hue,VNAP25-3CE16C6ED6,VNAP25-26B28AE5B8,Thủy Bằng,Thuy Bang
VN-57,Huế,Hue,VNAP25-07002E3113,VNAP25-26B28AE5B8,Thủy Biều,Thuy Bieu
VN-57,Huế,Hue,VNAP25-3577FEF878,VNAP25-26B28AE5B8,Thủy Vân,Thuy Van
VN-57,Huế,Hue,VNAP25-AE3B5E8C9D,VNAP25-26B28AE5B8,Thủy Xuân,Thuy Xuan
VN-57,Huế,Hue,VNAP25-2699E84562,VNAP25-26B28AE5B8,Trường An,Truong An
VN-57,Huế,Hue,VNAP25-41A027CC48,VNAP25-26B28AE5B8,Vĩnh Ninh,Vinh Ninh
VN-57,Huế,Hue,VNAP25-A945B4001B,VNAP25-26B28AE5B8,Vỹ Dạ,Vy Da
VN-57,Huế,Hue,VNAP25-EB50590E81,VNAP25-26B28AE5B8,Xuân Phú,Xuan Phu
VN-58,Tiền Giang,Tien Giang,VNAP25-7525618479,,Cái Bè,Cai Be
VN-58,Tiền Giang,Tien Giang,VNAP25-D8A64DF300,VNAP25-7525618479,An Cư,An Cu
VN-58,Tiền Giang,Tien Giang,VNAP25-D293415434,VNAP25-7525618479,An Hữu,An Huu
VN-58,Tiền Giang,Tien Giang,VNAP25-44505DA805,VNAP25-7525618479,An Thái Đông,An Thai Dong
VN-58,Tiền Giang,Tien Giang,VNAP25-E1C18E6141,VNAP25-7525618479,An Thái Trung,An Thai Trung
VN-58,Tiền Giang,Tien Giang,VNAP25-A6D1AE2983,VNAP25-7525618479,Cái Bè,Cai Be
VN-58,Tiền Giang,Tien Giang,VNAP25-1B30B49E15,VNAP25-7525618479,Đông Hòa Hiệp,Dong Hoa Hiep
VN-58,Tiền Giang,Tien Giang,VNAP25-FF5C7A531C,VNAP25-7525618479,Hậu Mỹ Bắc A,Hau My Bac A
VN-58,Tiền Giang,Tien Giang,VNAP25-F494FBA48F,VNAP25-7525618479,Hậu Mỹ Bắc B,Hau My Bac B
VN-58,Tiền Giang,Tien Giang,VNAP25-5DB113F140,VNAP25-7525618479,Hậu Mỹ Phú,Hau My Phu
VN-58,Tiền Giang,Tien Giang,VNAP25-74A43CAF13,VNAP25-7525618479,Hậu Mỹ Trinh,Hau My Trinh
VN-58,Tiền Giang,Tien Giang,VNAP25-A5D134A467,VNAP25-7525618479,Hậu Thành,Hau Thanh
VN-58,Tiền Giang,Tien Giang,VNAP25-589788BCA0,VNAP25-7525618479,Hòa Hưng,Hoa Hung
VN-58,Tiền Giang,Tien Giang,VNAP25-8AA5AA8BF6,VNAP25-7525618479,Hòa Khánh,Hoa Khanh
VN-58,Tiền Giang,Tien Giang,VNAP25-372A2989AB,VNAP25-7525618479,Mỹ Đức Đông,My Duc Dong
VN-58,Tiền Giang,Tien Giang,VNAP25-FB50F9401B,VNAP25-7525618479,Mỹ Đức Tây,My Duc Tay
VN-58,Tiền Giang,Tien Giang,VNAP25-B345761401,VNAP25-7525618479,Mỹ Hội,My Hoi
VN-58,Tiền Giang,Tien Giang,VNAP25-855828BD19,VNAP25-7525618479,Mỹ Lợi A,My Loi A
VN-58,Tiền Giang,Tien Giang,VNAP25-1268D7B324,VNAP25-7525618479,Mỹ Lợi B,My Loi B
VN-58,Tiền Giang,Tien Giang,VNAP25-2A7BB9DA09,VNAP25-7525618479,Mỹ Lương,My Luong
VN-58,Tiền Giang,Tien Giang,VNAP25-DDA96D7B48,VNAP25-7525618479,Mỹ Tân,My Tan
VN-58,Tiền Giang,Tien Giang,VNAP25-7FFAEB3F47,VNAP25-7525618479,Mỹ Trung,My Trung
VN-58,Tiền Giang,Tien Giang,VNAP25-4D32C021B4,VNAP25-7525618479,Tân Hưng,Tan Hung
VN-58,Tiền Giang,Tien Giang,VNAP25-E4B813CF7C,VNAP25-7525618479,Tân Thanh,Tan Thanh
VN-58,Tiền Giang,Tien Giang,VNAP25-8845944A2B,VNAP25-7525618479,Thiện Trí,Thien Tri
VN-58,Tiền Giang,Tien Giang,VNAP25-AE9C931379,VNAP25-7525618479,Thiện Trung,Thien Trung
VN-58,Tiền Giang,Tien Giang,VNAP25-B0616F9627,,Cai Lậy (Thị xã),Cai Lay (Town)
VN-58,Tiền Giang,Tien Giang,VNAP25-57FCB12FFF,VNAP25-B0616F9627,1,1
VN-58,Tiền Giang,Tien Giang,VNAP25-4BFB237CF7,VNAP25-B0616F9627,2,2
VN-58,Tiền Giang,Tien Giang,VNAP25-00476E7D26,VNAP25-B0616F9627,3,3
VN-58,Tiền Giang,Tien Giang,VNAP25-300FA73DF8,VNAP25-B0616F9627,4,4
VN-58,Tiền Giang,Tien Giang,VNAP25-E94C31E8B0,VNAP25-B0616F9627,5,5
VN-58,Tiền Giang,Tien Giang,VNAP25-C72A3A65E5,VNAP25-B0616F9627,Long Khánh,Long Khanh
VN-58,Tiền Giang,Tien Giang,VNAP25-9CDF877FBB,VNAP25-B0616F9627,Mỹ Hạnh Đông,My Hanh Dong
VN-58,Tiền Giang,Tien Giang,VNAP25-EF61FB6B63,VNAP25-B0616F9627,Mỹ Hạnh Trung,My Hanh Trung
VN-58,Tiền Giang,Tien Giang,VNAP25-E98E9AE538,VNAP25-B0616F9627,Mỹ Phước Tây,My Phuoc Tay
VN-58,Tiền Giang,Tien Giang,VNAP25-8D297C13A2,VNAP25-B0616F9627,Nhị Mỹ,Nhi My
VN-58,Tiền Giang,Tien Giang,VNAP25-0E85E4ED0F,VNAP25-B0616F9627,Nhị Quý,Nhi Quy
VN-58,Tiền Giang,Tien Giang,VNAP25-9A2761268E,VNAP25-B0616F9627,Phú Quý,Phu Quy
VN-58,Tiền Giang,Tien Giang,VNAP25-A2A8B500F8,VNAP25-B0616F9627,Tân Bình,Tan Binh
VN-58,Tiền Giang,Tien Giang,VNAP25-A5A0FA02CD,VNAP25-B0616F9627,Tân Hội,Tan Hoi
VN-58,Tiền Giang,Tien Giang,VNAP25-CA2D571CBD,VNAP25-B0616F9627,Tân Phú,Tan Phu
VN-58,Tiền Giang,Tien Giang,VNAP25-11F651B6D1,VNAP25-B0616F9627,Thanh Hòa,Thanh Hoa
VN-58,Tiền Giang,Tien Giang,VNAP25-015A774261,,Cai Lậy (Huyện),Cai Lay (District)
VN-58,Tiền Giang,Tien Giang,VNAP25-89DEE27BEE,VNAP25-015A774261,Bình Phú,Binh Phu
VN-58,Tiền Giang,Tien Giang,VNAP25-40DD5B2FC3,VNAP25-015A774261,Cẩm Sơn,Cam Son
VN-58,Tiền Giang,Tien Giang,VNAP25-31EED90F85,VNAP25-015A774261,Hiệp Đức,Hiep Duc
VN-58,Tiền Giang,Tien Giang,VNAP25-33706C937F,VNAP25-015A774261,Hội Xuân,Hoi Xuan
VN-58,Tiền Giang,Tien Giang,VNAP25-AC746F7289,VNAP25-015A774261,Long Tiên,Long Tien
VN-58,Tiền Giang,Tien Giang,VNAP25-6C4C157877,VNAP25-015A774261,Long Trung,Long Trung
VN-58,Tiền Giang,Tien Giang,VNAP25-74451D3945,VNAP25-015A774261,Mỹ Long,My Long
VN-58,Tiền Giang,Tien Giang,VNAP25-A041B0ACD0,VNAP25-015A774261,Mỹ Thành Bắc,My Thanh Bac
VN-58,Tiền Giang,Tien Giang,VNAP25-7366D700CC,VNAP25-015A774261,Mỹ Thành Nam,My Thanh Nam
VN-58,Tiền Giang,Tien Giang,VNAP25-187659140C,VNAP25-015A774261,Ngũ Hiệp,Ngu Hiep
VN-58,Tiền Giang,Tien Giang,VNAP25-EAA0AC4D12,VNAP25-015A774261,Phú An,Phu An
VN-58,Tiền Giang,Tien Giang,VNAP25-BE3AF98D7C,VNAP25-015A774261,Phú Cường,Phu Cuong
VN-58,Tiền Giang,Tien Giang,VNAP25-8F97837AE1,VNAP25-015A774261,Phú Nhuận,Phu Nhuan
VN-58,Tiền Giang,Tien Giang,VNAP25-1FC36C5A87,VNAP25-015A774261,Tam Bình,Tam Binh
VN-58,Tiền Giang,Tien Giang,VNAP25-4C4AD96E9C,VNAP25-015A774261,Tân Phong,Tan Phong
VN-58,Tiền Giang,Tien Giang,VNAP25-ABAFB9AA14,VNAP25-015A774261,Thạnh Lộc,Thanh Loc
VN-58,Tiền Giang,Tien Giang,VNAP25-78DE79C5DB,,Châu Thành,Chau Thanh
VN-58,Tiền Giang,Tien Giang,VNAP25-C9174F09B6,VNAP25-78DE79C5DB,Bàn Long,Ban Long
VN-58,Tiền Giang,Tien Giang,VNAP25-CA81DCF747,VNAP25-78DE79C5DB,Bình Đức,Binh Duc
VN-58,Tiền Giang,Tien Giang,VNAP25-D71D20A6C8,VNAP25-78DE79C5DB,Bình Trưng,Binh Trung
VN-58,Tiền Giang,Tien Giang,VNAP25-2B84D4D43C,VNAP25-78DE79C5DB,Điềm Hy,Diem Hy
VN-58,Tiền Giang,Tien Giang,VNAP25-483C82AEE5,VNAP25-78DE79C5DB,Đông Hòa,Dong Hoa
VN-58,Tiền Giang,Tien Giang,VNAP25-EA8935183E,VNAP25-78DE79C5DB,Kim Sơn,Kim Son
VN-58,Tiền Giang,Tien Giang,VNAP25-540DD89F34,VNAP25-78DE79C5DB,Long An,Long An
VN-58,Tiền Giang,Tien Giang,VNAP25-C3C3E9D941,VNAP25-78DE79C5DB,Long Định,Long Dinh
VN-58,Tiền Giang,Tien Giang,VNAP25-C8EC152D5A,VNAP25-78DE79C5DB,Long Hưng,Long Hung
VN-58,Tiền Giang,Tien Giang,VNAP25-2E4B061BF4,VNAP25-78DE79C5DB,Nhị Bình,Nhi Binh
VN-58,Tiền Giang,Tien Giang,VNAP25-62C3934C05,VNAP25-78DE79C5DB,Phú Phong,Phu Phong
VN-58,Tiền Giang,Tien Giang,VNAP25-2784A86D80,VNAP25-78DE79C5DB,Song Thuận,Song Thuan
VN-58,Tiền Giang,Tien Giang,VNAP25-91A855CA7A,VNAP25-78DE79C5DB,Tam Hiệp,Tam Hiep
VN-58,Tiền Giang,Tien Giang,VNAP25-85711AE556,VNAP25-78DE79C5DB,Tân Hiệp,Tan Hiep
VN-58,Tiền Giang,Tien Giang,VNAP25-26429DA34A,VNAP25-78DE79C5DB,Tân Hội Đông,Tan Hoi Dong
VN-58,Tiền Giang,Tien Giang,VNAP25-5A1DD51E3B,VNAP25-78DE79C5DB,Tân Hương,Tan Huong
VN-58,Tiền Giang,Tien Giang,VNAP25-0EAB9E0920,VNAP25-78DE79C5DB,Tân Lý Đông,Tan Ly Dong
VN-58,Tiền Giang,Tien Giang,VNAP25-45FDD530E4,VNAP25-78DE79C5DB,Thân Cửu Nghĩa,Than Cuu Nghia
VN-58,Tiền Giang,Tien Giang,VNAP25-B8692A74A2,VNAP25-78DE79C5DB,Thạnh Phú,Thanh Phu
VN-58,Tiền Giang,Tien Giang,VNAP25-9A19206FD1,VNAP25-78DE79C5DB,Vĩnh Kim,Vinh Kim
VN-58,Tiền Giang,Tien Giang,VNAP25-EF284A4A14,,Chợ Gạo,Cho Gao
VN-58,Tiền Giang,Tien Giang,VNAP25-CAAA4A9CB0,VNAP25-EF284A4A14,An Thạnh Thủy,An Thanh Thuy
VN-58,Tiền Giang,Tien Giang,VNAP25-0696822FC0,VNAP25-EF284A4A14,Bình Ninh,Binh Ninh
VN-58,Tiền Giang,Tien Giang,VNAP25-005B35730B,VNAP25-EF284A4A14,Bình Phan,Binh Phan
VN-58,Tiền Giang,Tien Giang,VNAP25-97ACB49F33,VNAP25-EF284A4A14,Bình Phục Nhứt,Binh Phuc Nhut
VN-58,Tiền Giang,Tien Giang,VNAP25-37487EA3F2,VNAP25-EF284A4A14,Chợ Gạo,Cho Gao
VN-58,Tiền Giang,Tien Giang,VNAP25-62462FE148,VNAP25-EF284A4A14,Đăng Hưng Phước,Dang Hung Phuoc
VN-58,Tiền Giang,Tien Giang,VNAP25-B7A76C4DB7,VNAP25-EF284A4A14,Hòa Định,Hoa Dinh
VN-58,Tiền Giang,Tien Giang,VNAP25-270E85E2DA,VNAP25-EF284A4A14,Hòa Tịnh,Hoa Tinh
VN-58,Tiền Giang,Tien Giang,VNAP25-202FF225AC,VNAP25-EF284A4A14,Long Bình Điền,Long Binh Dien
VN-58,Tiền Giang,Tien Giang,VNAP25-A16450A3B0,VNAP25-EF284A4A14,Lương Hòa Lạc,Luong Hoa Lac
VN-58,Tiền Giang,Tien Giang,VNAP25-1F0F978074,VNAP25-EF284A4A14,Mỹ Tịnh An,My Tinh An
VN-58,Tiền Giang,Tien Giang,VNAP25-9B700272DA,VNAP25-EF284A4A14,Phú Kiết,Phu Kiet
VN-58,Tiền Giang,Tien Giang,VNAP25-F3CE589855,VNAP25-EF284A4A14,Quơn Long,Quon Long
VN-58,Tiền Giang,Tien Giang,VNAP25-A6510A8F4F,VNAP25-EF284A4A14,Song Bình,Song Binh
VN-58,Tiền Giang,Tien Giang,VNAP25-1371A06B85,VNAP25-EF284A4A14,Tân Bình Thạnh,Tan Binh Thanh
VN-58,Tiền Giang,Tien Giang,VNAP25-C4FB9AF98F,VNAP25-EF284A4A14,Tân Thuận Bình,Tan Thuan Binh
VN-58,Tiền Giang,Tien Giang,VNAP25-7F6D9FBCB5,VNAP25-EF284A4A14,Thanh Bình,Thanh Binh
VN-58,Tiền Giang,Tien Giang,VNAP25-9636010676,VNAP25-EF284A4A14,Trung Hòa,Trung Hoa
VN-58,Tiền Giang,Tien Giang,VNAP25-A7471FAF04,VNAP25-EF284A4A14,Xuân Đông,Xuan Dong
VN-58,Tiền Giang,Tien Giang,VNAP25-3485A428FA,,Gò Công,Go Cong
VN-58,Tiền Giang,Tien Giang,VNAP25-5C25848AB7,VNAP25-3485A428FA,1,1
VN-58,Tiền Giang,Tien Giang,VNAP25-926F97DF7C,VNAP25-3485A428FA,2,2
VN-58,Tiền Giang,Tien Giang,VNAP25-593132F276,VNAP25-3485A428FA,5,5
VN-58,Tiền Giang,Tien Giang,VNAP25-E7CE6D0131,VNAP25-3485A428FA,Bình Đông,Binh Dong
VN-58,Tiền Giang,Tien Giang,VNAP25-1442C52CE7,VNAP25-3485A428FA,Bình Xuân,Binh Xuan
VN-58,Tiền Giang,Tien Giang,VNAP25-34B8AA6133,VNAP25-3485A428FA,Long Chánh,Long Chanh
VN-58,Tiền Giang,Tien Giang,VNAP25-F67086EECF,VNAP25-3485A428FA,Long Hòa,Long Hoa
VN-58,Tiền Giang,Tien Giang,VNAP25-B3DA5D5338,VNAP25-3485A428FA,Long Hưng,Long Hung
VN-58,Tiền Giang,Tien Giang,VNAP25-C910F0CFE3,VNAP25-3485A428FA,Long Thuận,Long Thuan
VN-58,Tiền Giang,Tien Giang,VNAP25-669D71FEE2,VNAP25-3485A428FA,Tân Trung,Tan Trung
VN-58,Tiền Giang,Tien Giang,VNAP25-2276CD9F34,,Gò Công Đông,Go Cong Dong
VN-58,Tiền Giang,Tien Giang,VNAP25-3471C38239,VNAP25-2276CD9F34,Bình Ân,Binh An
VN-58,Tiền Giang,Tien Giang,VNAP25-455A41B40F,VNAP25-2276CD9F34,Bình Nghị,Binh Nghi
VN-58,Tiền Giang,Tien Giang,VNAP25-AE51029AAF,VNAP25-2276CD9F34,Gia Thuận,Gia Thuan
VN-58,Tiền Giang,Tien Giang,VNAP25-15AEB6513E,VNAP25-2276CD9F34,Kiểng Phước,Kieng Phuoc
VN-58,Tiền Giang,Tien Giang,VNAP25-491B12D23C,VNAP25-2276CD9F34,Phước Trung,Phuoc Trung
VN-58,Tiền Giang,Tien Giang,VNAP25-DCF4AFA994,VNAP25-2276CD9F34,Tân Điền,Tan Dien
VN-58,Tiền Giang,Tien Giang,VNAP25-B365281EFE,VNAP25-2276CD9F34,Tân Đông,Tan Dong
VN-58,Tiền Giang,Tien Giang,VNAP25-077B26BD82,VNAP25-2276CD9F34,Tân Hòa,Tan Hoa
VN-58,Tiền Giang,Tien Giang,VNAP25-CBA86D2558,VNAP25-2276CD9F34,Tân Phước,Tan Phuoc
VN-58,Tiền Giang,Tien Giang,VNAP25-9B246FC4DC,VNAP25-2276CD9F34,Tân Tây,Tan Tay
VN-58,Tiền Giang,Tien Giang,VNAP25-AC46F62B3F,VNAP25-2276CD9F34,Tân Thành,Tan Thanh
VN-58,Tiền Giang,Tien Giang,VNAP25-50C0842DB5,VNAP25-2276CD9F34,Tăng Hòa,Tang Hoa
VN-58,Tiền Giang,Tien Giang,VNAP25-CDAB71416F,VNAP25-2276CD9F34,Vàm Láng,Vam Lang
VN-58,Tiền Giang,Tien Giang,VNAP25-749615627C,,Gò Công Tây,Go Cong Tay
VN-58,Tiền Giang,Tien Giang,VNAP25-C2C66C1DD9,VNAP25-749615627C,Bình Nhì,Binh Nhi
VN-58,Tiền Giang,Tien Giang,VNAP25-17A7CAA88B,VNAP25-749615627C,Bình Phú,Binh Phu
VN-58,Tiền Giang,Tien Giang,VNAP25-95700E826E,VNAP25-749615627C,Bình Tân,Binh Tan
VN-58,Tiền Giang,Tien Giang,VNAP25-06C349B7EC,VNAP25-749615627C,Đồng Sơn,Dong Son
VN-58,Tiền Giang,Tien Giang,VNAP25-999F468CD7,VNAP25-749615627C,Đồng Thạnh,Dong Thanh
VN-58,Tiền Giang,Tien Giang,VNAP25-30C8B72714,VNAP25-749615627C,Long Bình,Long Binh
VN-58,Tiền Giang,Tien Giang,VNAP25-6A0B4144A2,VNAP25-749615627C,Long Vĩnh,Long Vinh
VN-58,Tiền Giang,Tien Giang,VNAP25-A71E134578,VNAP25-749615627C,Thành Công,Thanh Cong
VN-58,Tiền Giang,Tien Giang,VNAP25-91E5A95852,VNAP25-749615627C,Thạnh Nhựt,Thanh Nhut
VN-58,Tiền Giang,Tien Giang,VNAP25-22264F1AAC,VNAP25-749615627C,Thạnh Trị,Thanh Tri
VN-58,Tiền Giang,Tien Giang,VNAP25-9AE02650F8,VNAP25-749615627C,Vĩnh Bình,Vinh Binh
VN-58,Tiền Giang,Tien Giang,VNAP25-BB6A85DC87,VNAP25-749615627C,Vĩnh Hựu,Vinh Huu
VN-58,Tiền Giang,Tien Giang,VNAP25-549161CF6D,VNAP25-749615627C,Yên Luông,Yen Luong
VN-58,Tiền Giang,Tien Giang,VNAP25-F6CA0BB3A7,,Mỹ Tho,My Tho
VN-58,Tiền Giang,Tien Giang,VNAP25-57F120AB9F,VNAP25-F6CA0BB3A7,1,1
VN-58,Tiền Giang,Tien Giang,VNAP25-E7214F46DD,VNAP25-F6CA0BB3A7,10,10
VN-58,Tiền Giang,Tien Giang,VNAP25-5EAB095025,VNAP25-F6CA0BB3A7,2,2
VN-58,Tiền Giang,Tien Giang,VNAP25-BA6FF052C8,VNAP25-F6CA0BB3A7,4,4
VN-58,Tiền Giang,Tien Giang,VNAP25-4E8FB10A0C,VNAP25-F6CA0BB3A7,5,5
VN-58,Tiền Giang,Tien Giang,VNAP25-5F45222B16,VNAP25-F6CA0BB3A7,6,6
VN-58,Tiền Giang,Tien Giang,VNAP25-AF6B5254B3,VNAP25-F6CA0BB3A7,9,9
VN-58,Tiền Giang,Tien Giang,VNAP25-95A198A744,VNAP25-F6CA0BB3A7,Đạo Thạnh,Dao Thanh
VN-58,Tiền Giang,Tien Giang,VNAP25-44B110A9D4,VNAP25-F6CA0BB3A7,Mỹ Phong,My Phong
VN-58,Tiền Giang,Tien Giang,VNAP25-62148E915A,VNAP25-F6CA0BB3A7,Phước Thạnh,Phuoc Thanh
VN-58,Tiền Giang,Tien Giang,VNAP25-C818C601D0,VNAP25-F6CA0BB3A7,Tân Long,Tan Long
VN-58,Tiền Giang,Tien Giang,VNAP25-74E492FA23,VNAP25-F6CA0BB3A7,Tân Mỹ Chánh,Tan My Chanh
VN-58,Tiền Giang,Tien Giang,VNAP25-6BC7C493F7,VNAP25-F6CA0BB3A7,Thới Sơn,Thoi Son
VN-58,Tiền Giang,Tien Giang,VNAP25-9DB27E70F2,VNAP25-F6CA0BB3A7,Trung An,Trung An
VN-58,Tiền Giang,Tien Giang,VNAP25-5556B9C1FE,,Tân Phú Đông,Tan Phu Dong
VN-58,Tiền Giang,Tien Giang,VNAP25-EC43DA3CB6,VNAP25-5556B9C1FE,Phú Đông,Phu Dong
VN-58,Tiền Giang,Tien Giang,VNAP25-2C05573361,VNAP25-5556B9C1FE,Phú Tân,Phu Tan
VN-58,Tiền Giang,Tien Giang,VNAP25-68F31F9287,VNAP25-5556B9C1FE,Phú Thạnh,Phu Thanh
VN-58,Tiền Giang,Tien Giang,VNAP25-0006B21241,VNAP25-5556B9C1FE,Tân Phú,Tan Phu
VN-58,Tiền Giang,Tien Giang,VNAP25-BC9D859BB8,VNAP25-5556B9C1FE,Tân Thạnh,Tan Thanh
VN-58,Tiền Giang,Tien Giang,VNAP25-B0189D7701,VNAP25-5556B9C1FE,Tân Thới,Tan Thoi
VN-58,Tiền Giang,Tien Giang,VNAP25-441DE7110E,,Tân Phước,Tan Phuoc
VN-58,Tiền Giang,Tien Giang,VNAP25-58E61AD361,VNAP25-441DE7110E,Hưng Thạnh,Hung Thanh
VN-58,Tiền Giang,Tien Giang,VNAP25-202BFD715F,VNAP25-441DE7110E,Mỹ Phước,My Phuoc
VN-58,Tiền Giang,Tien Giang,VNAP25-9F49E4AE65,VNAP25-441DE7110E,Phú Mỹ,Phu My
VN-58,Tiền Giang,Tien Giang,VNAP25-DC079BCA6C,VNAP25-441DE7110E,Phước Lập,Phuoc Lap
VN-58,Tiền Giang,Tien Giang,VNAP25-CBD5DFBC73,VNAP25-441DE7110E,Tân Hòa Đông,Tan Hoa Dong
VN-58,Tiền Giang,Tien Giang,VNAP25-529EAC0E94,VNAP25-441DE7110E,Tân Hòa Tây,Tan Hoa Tay
VN-58,Tiền Giang,Tien Giang,VNAP25-16421A0338,VNAP25-441DE7110E,Tân Hòa Thành,Tan Hoa Thanh
VN-58,Tiền Giang,Tien Giang,VNAP25-7D04BAAA4C,VNAP25-441DE7110E,Tân Lập 1,Tan Lap 1
VN-58,Tiền Giang,Tien Giang,VNAP25-FA936FBAF5,VNAP25-441DE7110E,Tân Lập 2,Tan Lap 2
VN-58,Tiền Giang,Tien Giang,VNAP25-FBAA0F4BF5,VNAP25-441DE7110E,Thạnh Hòa,Thanh Hoa
VN-58,Tiền Giang,Tien Giang,VNAP25-8543CC7BBB,VNAP25-441DE7110E,Thạnh Mỹ,Thanh My
VN-58,Tiền Giang,Tien Giang,VNAP25-A6A648DC98,VNAP25-441DE7110E,Thạnh Tân,Thanh Tan
VN-59,Trà Vinh,Tra Vinh,VNAP25-9A946EA1CE,,Càng Long,Cang Long
VN-59,Trà Vinh,Tra Vinh,VNAP25-B9DE310077,VNAP25-9A946EA1CE,An Trường,An Truong
VN-59,Trà Vinh,Tra Vinh,VNAP25-C340E7E8C2,VNAP25-9A946EA1CE,An Trường A,An Truong A
VN-59,Trà Vinh,Tra Vinh,VNAP25-24BEB5E4AD,VNAP25-9A946EA1CE,Bình Phú,Binh Phu
VN-59,Trà Vinh,Tra Vinh,VNAP25-94727801C1,VNAP25-9A946EA1CE,Càng Long,Cang Long
VN-59,Trà Vinh,Tra Vinh,VNAP25-0627CACACF,VNAP25-9A946EA1CE,Đại Phúc,Dai Phuc
VN-59,Trà Vinh,Tra Vinh,VNAP25-C7AE28B899,VNAP25-9A946EA1CE,Đại Phước,Dai Phuoc
VN-59,Trà Vinh,Tra Vinh,VNAP25-3A8CAF7662,VNAP25-9A946EA1CE,Đức Mỹ,Duc My
VN-59,Trà Vinh,Tra Vinh,VNAP25-35DE0EE581,VNAP25-9A946EA1CE,Huyền Hội,Huyen Hoi
VN-59,Trà Vinh,Tra Vinh,VNAP25-7B19096460,VNAP25-9A946EA1CE,Mỹ Cẩm,My Cam
VN-59,Trà Vinh,Tra Vinh,VNAP25-3E1D84D119,VNAP25-9A946EA1CE,Nhị Long,Nhi Long
VN-59,Trà Vinh,Tra Vinh,VNAP25-DC22F431D9,VNAP25-9A946EA1CE,Nhị Long Phú,Nhi Long Phu
VN-59,Trà Vinh,Tra Vinh,VNAP25-3E2AE6939E,VNAP25-9A946EA1CE,Phương Thạnh,Phuong Thanh
VN-59,Trà Vinh,Tra Vinh,VNAP25-71E8D9EA5D,VNAP25-9A946EA1CE,Tân An,Tan An
VN-59,Trà Vinh,Tra Vinh,VNAP25-C5914A7108,VNAP25-9A946EA1CE,Tân Bình,Tan Binh
VN-59,Trà Vinh,Tra Vinh,VNAP25-1EF00AE4D6,,Cầu Kè,Cau Ke
VN-59,Trà Vinh,Tra Vinh,VNAP25-2242FE115C,VNAP25-1EF00AE4D6,An Phú Tân,An Phu Tan
VN-59,Trà Vinh,Tra Vinh,VNAP25-6EE4FF93EA,VNAP25-1EF00AE4D6,Cầu Kè,Cau Ke
VN-59,Trà Vinh,Tra Vinh,VNAP25-B8D8F2FF56,VNAP25-1EF00AE4D6,Châu Điền,Chau Dien
VN-59,Trà Vinh,Tra Vinh,VNAP25-02CC390201,VNAP25-1EF00AE4D6,Hòa Ân,Hoa An
VN-59,Trà Vinh,Tra Vinh,VNAP25-FD39D628B5,VNAP25-1EF00AE4D6,Hòa Tân,Hoa Tan
VN-59,Trà Vinh,Tra Vinh,VNAP25-D22E48C403,VNAP25-1EF00AE4D6,Ninh Thới,Ninh Thoi
VN-59,Trà Vinh,Tra Vinh,VNAP25-772D311488,VNAP25-1EF00AE4D6,Phong Phú,Phong Phu
VN-59,Trà Vinh,Tra Vinh,VNAP25-98DD6A4D04,VNAP25-1EF00AE4D6,Phong Thạnh,Phong Thanh
VN-59,Trà Vinh,Tra Vinh,VNAP25-3B3584881E,VNAP25-1EF00AE4D6,Tam Ngãi,Tam Ngai
VN-59,Trà Vinh,Tra Vinh,VNAP25-B9B6142D44,VNAP25-1EF00AE4D6,Thạnh Phú,Thanh Phu
VN-59,Trà Vinh,Tra Vinh,VNAP25-39BAEDC1BE,VNAP25-1EF00AE4D6,Thông Hòa,Thong Hoa
VN-59,Trà Vinh,Tra Vinh,VNAP25-8790D82FFD,,Cầu Ngang,Cau Ngang
VN-59,Trà Vinh,Tra Vinh,VNAP25-8D173CBCB5,VNAP25-8790D82FFD,Cầu Ngang,Cau Ngang
VN-59,Trà Vinh,Tra Vinh,VNAP25-2573317C08,VNAP25-8790D82FFD,Hiệp Hòa,Hiep Hoa
VN-59,Trà Vinh,Tra Vinh,VNAP25-2707D621C3,VNAP25-8790D82FFD,Hiệp Mỹ Đông,Hiep My Dong
VN-59,Trà Vinh,Tra Vinh,VNAP25-B4E864EE9C,VNAP25-8790D82FFD,Hiệp Mỹ Tây,Hiep My Tay
VN-59,Trà Vinh,Tra Vinh,VNAP25-468CC64D8E,VNAP25-8790D82FFD,Kim Hòa,Kim Hoa
VN-59,Trà Vinh,Tra Vinh,VNAP25-5A28CCF23C,VNAP25-8790D82FFD,Long Sơn,Long Son
VN-59,Trà Vinh,Tra Vinh,VNAP25-292EC63806,VNAP25-8790D82FFD,Mỹ Hòa,My Hoa
VN-59,Trà Vinh,Tra Vinh,VNAP25-A1620D16C5,VNAP25-8790D82FFD,Mỹ Long,My Long
VN-59,Trà Vinh,Tra Vinh,VNAP25-895EA5731A,VNAP25-8790D82FFD,Mỹ Long Bắc,My Long Bac
VN-59,Trà Vinh,Tra Vinh,VNAP25-AF36ECFCF0,VNAP25-8790D82FFD,Mỹ Long Nam,My Long Nam
VN-59,Trà Vinh,Tra Vinh,VNAP25-970DDDBC52,VNAP25-8790D82FFD,Nhị Trường,Nhi Truong
VN-59,Trà Vinh,Tra Vinh,VNAP25-4CF4210CA3,VNAP25-8790D82FFD,Thạnh Hòa Sơn,Thanh Hoa Son
VN-59,Trà Vinh,Tra Vinh,VNAP25-989773BB9C,VNAP25-8790D82FFD,Thuận Hòa,Thuan Hoa
VN-59,Trà Vinh,Tra Vinh,VNAP25-82855B2CD7,VNAP25-8790D82FFD,Trường Thọ,Truong Tho
VN-59,Trà Vinh,Tra Vinh,VNAP25-170E3879B9,VNAP25-8790D82FFD,Vinh Kim,Vinh Kim
VN-59,Trà Vinh,Tra Vinh,VNAP25-6D4621B3E9,,Châu Thành,Chau Thanh
VN-59,Trà Vinh,Tra Vinh,VNAP25-FC51D352E3,VNAP25-6D4621B3E9,Châu Thành,Chau Thanh
VN-59,Trà Vinh,Tra Vinh,VNAP25-639071315E,VNAP25-6D4621B3E9,Đa Lộc,Da Loc
VN-59,Trà Vinh,Tra Vinh,VNAP25-144885C8BA,VNAP25-6D4621B3E9,Hòa Lợi,Hoa Loi
VN-59,Trà Vinh,Tra Vinh,VNAP25-84F0E31701,VNAP25-6D4621B3E9,Hòa Minh,Hoa Minh
VN-59,Trà Vinh,Tra Vinh,VNAP25-05D08B91A7,VNAP25-6D4621B3E9,Hòa Thuận,Hoa Thuan
VN-59,Trà Vinh,Tra Vinh,VNAP25-03A380A876,VNAP25-6D4621B3E9,Hưng Mỹ,Hung My
VN-59,Trà Vinh,Tra Vinh,VNAP25-FD0AC31EBF,VNAP25-6D4621B3E9,Long Hòa,Long Hoa
VN-59,Trà Vinh,Tra Vinh,VNAP25-627F8964B4,VNAP25-6D4621B3E9,Lương Hòa,Luong Hoa
VN-59,Trà Vinh,Tra Vinh,VNAP25-CF2E56129A,VNAP25-6D4621B3E9,Lương Hòa A,Luong Hoa A
VN-59,Trà Vinh,Tra Vinh,VNAP25-7DB3E94BF7,VNAP25-6D4621B3E9,Mỹ Chánh,My Chanh
VN-59,Trà Vinh,Tra Vinh,VNAP25-64CB5DBA84,VNAP25-6D4621B3E9,Nguyệt Hóa,Nguyet Hoa
VN-59,Trà Vinh,Tra Vinh,VNAP25-A50BB670D8,VNAP25-6D4621B3E9,Phước Hảo,Phuoc Hao
VN-59,Trà Vinh,Tra Vinh,VNAP25-F8DABE6476,VNAP25-6D4621B3E9,Song Lộc,Song Loc
VN-59,Trà Vinh,Tra Vinh,VNAP25-72E0253330,VNAP25-6D4621B3E9,Thanh Mỹ,Thanh My
VN-59,Trà Vinh,Tra Vinh,VNAP25-B51E245DA5,,Duyên Hải (Thị xã),Duyen Hai (Town)
VN-59,Trà Vinh,Tra Vinh,VNAP25-922F15B0C8,VNAP25-B51E245DA5,1,1
VN-59,Trà Vinh,Tra Vinh,VNAP25-00F47A4CD4,VNAP25-B51E245DA5,2,2
VN-59,Trà Vinh,Tra Vinh,VNAP25-D240496DF9,VNAP25-B51E245DA5,Dân Thành,Dan Thanh
VN-59,Trà Vinh,Tra Vinh,VNAP25-7BD183FF50,VNAP25-B51E245DA5,Hiệp Thạnh,Hiep Thanh
VN-59,Trà Vinh,Tra Vinh,VNAP25-4A7DDC8A31,VNAP25-B51E245DA5,Long Hữu,Long Huu
VN-59,Trà Vinh,Tra Vinh,VNAP25-871986241D,VNAP25-B51E245DA5,Long Toàn,Long Toan
VN-59,Trà Vinh,Tra Vinh,VNAP25-B837ACE952,VNAP25-B51E245DA5,Trường Long Hòa,Truong Long Hoa
VN-59,Trà Vinh,Tra Vinh,VNAP25-C5B8541622,,Duyên Hải (Huyện),Duyen Hai (District)
VN-59,Trà Vinh,Tra Vinh,VNAP25-3BEC719929,VNAP25-C5B8541622,Đôn Châu,Don Chau
VN-59,Trà Vinh,Tra Vinh,VNAP25-89D6490D05,VNAP25-C5B8541622,Đôn Xuân,Don Xuan
VN-59,Trà Vinh,Tra Vinh,VNAP25-1245B74054,VNAP25-C5B8541622,Đông Hải,Dong Hai
VN-59,Trà Vinh,Tra Vinh,VNAP25-78AE7F6F3A,VNAP25-C5B8541622,Long Khánh,Long Khanh
VN-59,Trà Vinh,Tra Vinh,VNAP25-A12B916097,VNAP25-C5B8541622,Long Thành,Long Thanh
VN-59,Trà Vinh,Tra Vinh,VNAP25-01965FA7E0,VNAP25-C5B8541622,Long Vĩnh,Long Vinh
VN-59,Trà Vinh,Tra Vinh,VNAP25-712ACD4051,VNAP25-C5B8541622,Ngũ Lạc,Ngu Lac
VN-59,Trà Vinh,Tra Vinh,VNAP25-5C0F421EBA,,Tiểu Cần,Tieu Can
VN-59,Trà Vinh,Tra Vinh,VNAP25-C7DEBD99B7,VNAP25-5C0F421EBA,Cầu Quan,Cau Quan
VN-59,Trà Vinh,Tra Vinh,VNAP25-02A3BF4871,VNAP25-5C0F421EBA,Hiếu Trung,Hieu Trung
VN-59,Trà Vinh,Tra Vinh,VNAP25-FD0E7AB194,VNAP25-5C0F421EBA,Hiếu Tử,Hieu Tu
VN-59,Trà Vinh,Tra Vinh,VNAP25-95B8829CBA,VNAP25-5C0F421EBA,Hùng Hòa,Hung Hoa
VN-59,Trà Vinh,Tra Vinh,VNAP25-EACE0BD990,VNAP25-5C0F421EBA,Long Thới,Long Thoi
VN-59,Trà Vinh,Tra Vinh,VNAP25-30DBC20927,VNAP25-5C0F421EBA,Ngãi Hùng,Ngai Hung
VN-59,Trà Vinh,Tra Vinh,VNAP25-B0482DF10B,VNAP25-5C0F421EBA,Phú Cần,Phu Can
VN-59,Trà Vinh,Tra Vinh,VNAP25-74980AC07C,VNAP25-5C0F421EBA,Tân Hòa,Tan Hoa
VN-59,Trà Vinh,Tra Vinh,VNAP25-E8559DB149,VNAP25-5C0F421EBA,Tân Hùng,Tan Hung
VN-59,Trà Vinh,Tra Vinh,VNAP25-B601FB535E,VNAP25-5C0F421EBA,Tập Ngãi,Tap Ngai
VN-59,Trà Vinh,Tra Vinh,VNAP25-583D1133E8,VNAP25-5C0F421EBA,Tiểu Cần,Tieu Can
VN-59,Trà Vinh,Tra Vinh,VNAP25-60EA88342A,,Trà Cú,Tra Cu
VN-59,Trà Vinh,Tra Vinh,VNAP25-9929E2FD1E,VNAP25-60EA88342A,An Quảng Hữu,An Quang Huu
VN-59,Trà Vinh,Tra Vinh,VNAP25-A644C77B39,VNAP25-60EA88342A,Đại An,Dai An
VN-59,Trà Vinh,Tra Vinh,VNAP25-ED850F20B0,VNAP25-60EA88342A,Định An (Thị trấn),Dinh An (Town)
VN-59,Trà Vinh,Tra Vinh,VNAP25-E3EBFADA6F,VNAP25-60EA88342A,Định An (Xã),Dinh An (Commune)
VN-59,Trà Vinh,Tra Vinh,VNAP25-3D26E74761,VNAP25-60EA88342A,Hàm Giang,Ham Giang
VN-59,Trà Vinh,Tra Vinh,VNAP25-8FC75C3FCC,VNAP25-60EA88342A,Hàm Tân,Ham Tan
VN-59,Trà Vinh,Tra Vinh,VNAP25-BBE7D31578,VNAP25-60EA88342A,Kim Sơn,Kim Son
VN-59,Trà Vinh,Tra Vinh,VNAP25-BED473E6CB,VNAP25-60EA88342A,Long Hiệp,Long Hiep
VN-59,Trà Vinh,Tra Vinh,VNAP25-BC9971F99E,VNAP25-60EA88342A,Lưu Nghiệp Anh,Luu Nghiep Anh
VN-59,Trà Vinh,Tra Vinh,VNAP25-51B8146934,VNAP25-60EA88342A,Ngãi Xuyên,Ngai Xuyen
VN-59,Trà Vinh,Tra Vinh,VNAP25-5F8176C68A,VNAP25-60EA88342A,Ngọc Biên,Ngoc Bien
VN-59,Trà Vinh,Tra Vinh,VNAP25-4E658A1D25,VNAP25-60EA88342A,Phước Hưng,Phuoc Hung
VN-59,Trà Vinh,Tra Vinh,VNAP25-3AF7A544FD,VNAP25-60EA88342A,Tân Hiệp,Tan Hiep
VN-59,Trà Vinh,Tra Vinh,VNAP25-513A8E2BA4,VNAP25-60EA88342A,Tân Sơn,Tan Son
VN-59,Trà Vinh,Tra Vinh,VNAP25-0D8CCC7553,VNAP25-60EA88342A,Tập Sơn,Tap Son
VN-59,Trà Vinh,Tra Vinh,VNAP25-C6D4C888C2,VNAP25-60EA88342A,Thanh Sơn,Thanh Son
VN-59,Trà Vinh,Tra Vinh,VNAP25-496BDA23FA,VNAP25-60EA88342A,Trà Cú,Tra Cu
VN-59,Trà Vinh,Tra Vinh,VNAP25-C98DED57E1,,Trà Vinh,Tra Vinh
VN-59,Trà Vinh,Tra Vinh,VNAP25-A3CE60CCA1,VNAP25-C98DED57E1,1,1
VN-59,Trà Vinh,Tra Vinh,VNAP25-2D41ED32F3,VNAP25-C98DED57E1,3,3
VN-59,Trà Vinh,Tra Vinh,VNAP25-6B3D60ACE0,VNAP25-C98DED57E1,4,4
VN-59,Trà Vinh,Tra Vinh,VNAP25-9B2ACFF85A,VNAP25-C98DED57E1,5,5
VN-59,Trà Vinh,Tra Vinh,VNAP25-84974B47BF,VNAP25-C98DED57E1,7,7
VN-59,Trà Vinh,Tra Vinh,VNAP25-36DE27711F,VNAP25-C98DED57E1,8,8
VN-59,Trà Vinh,Tra Vinh,VNAP25-1A4CDD5F58,VNAP25-C98DED57E1,9,9
VN-59,Trà Vinh,Tra Vinh,VNAP25-A4CB1EE842,VNAP25-C98DED57E1,Long Đức,Long Duc
VN-60,Tuyên Quang,Tuyen Quang,VNAP25-DF5FBB9763,,Chiêm Hóa,Chiem Hoa
VN-60,Tuyên Quang,Tuyen Quang,VNAP25-D95C81697F,VNAP25-DF5FBB9763,Bình Nhân,Binh Nhan
VN-60,Tuyên Quang,Tuyen Quang,VNAP25-3D1468B6AD,VNAP25-DF5FBB9763,Bình Phú,Binh Phu
VN-60,Tuyên Quang,Tuyen Quang,VNAP25-FB7153F179,VNAP25-DF5FBB9763,Hà Lang,Ha Lang
VN-60,Tuyên Quang,Tuyen Quang,VNAP25-77BE497A55,VNAP25-DF5FBB9763,Hòa An,Hoa An
VN-60,Tuyên Quang,Tuyen Quang,VNAP25-B8A7BDFE0B,VNAP25-DF5FBB9763,Hòa Phú,Hoa Phu
VN-60,Tuyên Quang,Tuyen Quang,VNAP25-E835BAF3E3,VNAP25-DF5FBB9763,Hùng Mỹ,Hung My
VN-60,Tuyên Quang,Tuyen Quang,VNAP25-139147F271,VNAP25-DF5FBB9763,Kiên Đài,Kien Dai
VN-60,Tuyên Quang,Tuyen Quang,VNAP25-8396E29747,VNAP25-DF5FBB9763,Kim Bình,Kim Binh
VN-60,Tuyên Quang,Tuyen Quang,VNAP25-11E250EAC8,VNAP25-DF5FBB9763,Linh Phú,Linh Phu
VN-60,Tuyên Quang,Tuyen Quang,VNAP25-91A504F78A,VNAP25-DF5FBB9763,Ngọc Hội,Ngoc Hoi
VN-60,Tuyên Quang,Tuyen Quang,VNAP25-CDC0C98781,VNAP25-DF5FBB9763,Nhân Lý,Nhan Ly
VN-60,Tuyên Quang,Tuyen Quang,VNAP25-1290E03E2D,VNAP25-DF5FBB9763,Phú Bình,Phu Binh
VN-60,Tuyên Quang,Tuyen Quang,VNAP25-E5D8C6D2F8,VNAP25-DF5FBB9763,Phúc Thịnh,Phuc Thinh
VN-60,Tuyên Quang,Tuyen Quang,VNAP25-9FB7BA9888,VNAP25-DF5FBB9763,Tân An,Tan An
VN-60,Tuyên Quang,Tuyen Quang,VNAP25-5AA19445FB,VNAP25-DF5FBB9763,Tân Mỹ,Tan My
VN-60,Tuyên Quang,Tuyen Quang,VNAP25-A9B9239876,VNAP25-DF5FBB9763,Tân Thịnh,Tan Thinh
VN-60,Tuyên Quang,Tuyen Quang,VNAP25-B88698333D,VNAP25-DF5FBB9763,Tri Phú,Tri Phu
VN-60,Tuyên Quang,Tuyen Quang,VNAP25-C33B56CA73,VNAP25-DF5FBB9763,Trung Hà,Trung Ha
VN-60,Tuyên Quang,Tuyen Quang,VNAP25-42C0A45C40,VNAP25-DF5FBB9763,Trung Hòa,Trung Hoa
VN-60,Tuyên Quang,Tuyen Quang,VNAP25-7448AF4B9B,VNAP25-DF5FBB9763,Vĩnh Lộc,Vinh Loc
VN-60,Tuyên Quang,Tuyen Quang,VNAP25-92F760AEA4,VNAP25-DF5FBB9763,Vinh Quang,Vinh Quang
VN-60,Tuyên Quang,Tuyen Quang,VNAP25-38C4EA93FC,VNAP25-DF5FBB9763,Xuân Quang,Xuan Quang
VN-60,Tuyên Quang,Tuyen Quang,VNAP25-7D279DF7EA,VNAP25-DF5FBB9763,Yên Lập,Yen Lap
VN-60,Tuyên Quang,Tuyen Quang,VNAP25-BBDB3CE658,VNAP25-DF5FBB9763,Yên Nguyên,Yen Nguyen
VN-60,Tuyên Quang,Tuyen Quang,VNAP25-B3AD0F0408,,Hàm Yên,Ham Yen
VN-60,Tuyên Quang,Tuyen Quang,VNAP25-9D7B3E1471,VNAP25-B3AD0F0408,Bạch Xa,Bach Xa
VN-60,Tuyên Quang,Tuyen Quang,VNAP25-0640A44E8A,VNAP25-B3AD0F0408,Bằng Cốc,Bang Coc
VN-60,Tuyên Quang,Tuyen Quang,VNAP25-A388354E96,VNAP25-B3AD0F0408,Bình Xa,Binh Xa
VN-60,Tuyên Quang,Tuyen Quang,VNAP25-2AB24D1BBD,VNAP25-B3AD0F0408,Đức Ninh,Duc Ninh
VN-60,Tuyên Quang,Tuyen Quang,VNAP25-C2C4F48A05,VNAP25-B3AD0F0408,Hùng Đức,Hung Duc
VN-60,Tuyên Quang,Tuyen Quang,VNAP25-C4DF6E760A,VNAP25-B3AD0F0408,Minh Dân,Minh Dan
VN-60,Tuyên Quang,Tuyen Quang,VNAP25-48C5648C59,VNAP25-B3AD0F0408,Minh Hương,Minh Huong
VN-60,Tuyên Quang,Tuyen Quang,VNAP25-8778516F2F,VNAP25-B3AD0F0408,Minh Khương,Minh Khuong
VN-60,Tuyên Quang,Tuyen Quang,VNAP25-C146031317,VNAP25-B3AD0F0408,Nhân Mục,Nhan Muc
VN-60,Tuyên Quang,Tuyen Quang,VNAP25-77FA286456,VNAP25-B3AD0F0408,Phù Lưu,Phu Luu
VN-60,Tuyên Quang,Tuyen Quang,VNAP25-FE01AB7D74,VNAP25-B3AD0F0408,Tân Thành,Tan Thanh
VN-60,Tuyên Quang,Tuyen Quang,VNAP25-0B30F753B8,VNAP25-B3AD0F0408,Tân Yên,Tan Yen
VN-60,Tuyên Quang,Tuyen Quang,VNAP25-1B553003D4,VNAP25-B3AD0F0408,Thái Hòa,Thai Hoa
VN-60,Tuyên Quang,Tuyen Quang,VNAP25-44C2AB530D,VNAP25-B3AD0F0408,Thái Sơn,Thai Son
VN-60,Tuyên Quang,Tuyen Quang,VNAP25-C23FDD905C,VNAP25-B3AD0F0408,Thành Long,Thanh Long
VN-60,Tuyên Quang,Tuyen Quang,VNAP25-534A291C4D,VNAP25-B3AD0F0408,Yên Lâm,Yen Lam
VN-60,Tuyên Quang,Tuyen Quang,VNAP25-C7A336BE0F,VNAP25-B3AD0F0408,Yên Phú,Yen Phu
VN-60,Tuyên Quang,Tuyen Quang,VNAP25-6AAFBDC98D,VNAP25-B3AD0F0408,Yên Thuận,Yen Thuan
VN-60,Tuyên Quang,Tuyen Quang,VNAP25-4D92956978,,Lâm Bình,Lam Binh
VN-60,Tuyên Quang,Tuyen Quang,VNAP25-CA8C929CFC,VNAP25-4D92956978,Bình An,Binh An
VN-60,Tuyên Quang,Tuyen Quang,VNAP25-0A822A6B95,VNAP25-4D92956978,Hồng Quang,Hong Quang
VN-60,Tuyên Quang,Tuyen Quang,VNAP25-E1E90EEDC9,VNAP25-4D92956978,Khuôn Hà,Khuon Ha
VN-60,Tuyên Quang,Tuyen Quang,VNAP25-FA57FB9977,VNAP25-4D92956978,Lăng Can,Lang Can
VN-60,Tuyên Quang,Tuyen Quang,VNAP25-15D098586D,VNAP25-4D92956978,Minh Quang,Minh Quang
VN-60,Tuyên Quang,Tuyen Quang,VNAP25-89F6A7C7A2,VNAP25-4D92956978,Phúc Sơn,Phuc Son
VN-60,Tuyên Quang,Tuyen Quang,VNAP25-D3E46F2B7C,VNAP25-4D92956978,Phúc Yên,Phuc Yen
VN-60,Tuyên Quang,Tuyen Quang,VNAP25-FFC1AC0ABC,VNAP25-4D92956978,Thổ Bình,Tho Binh
VN-60,Tuyên Quang,Tuyen Quang,VNAP25-E2BCF0BB40,VNAP25-4D92956978,Thượng Lâm,Thuong Lam
VN-60,Tuyên Quang,Tuyen Quang,VNAP25-588A454199,VNAP25-4D92956978,Xuân Lập,Xuan Lap
VN-60,Tuyên Quang,Tuyen Quang,VNAP25-D05660A239,,Na Hang,Na Hang
VN-60,Tuyên Quang,Tuyen Quang,VNAP25-436F8EB3D2,VNAP25-D05660A239,Côn Lôn,Con Lon
VN-60,Tuyên Quang,Tuyen Quang,VNAP25-884E623BD2,VNAP25-D05660A239,Đà Vị,Da Vi
VN-60,Tuyên Quang,Tuyen Quang,VNAP25-C319B09A2B,VNAP25-D05660A239,Hồng Thái,Hong Thai
VN-60,Tuyên Quang,Tuyen Quang,VNAP25-0F727AED07,VNAP25-D05660A239,Khau Tinh,Khau Tinh
VN-60,Tuyên Quang,Tuyen Quang,VNAP25-496253B9DB,VNAP25-D05660A239,Na Hang,Na Hang
VN-60,Tuyên Quang,Tuyen Quang,VNAP25-14E656AD01,VNAP25-D05660A239,Năng Khả,Nang Kha
VN-60,Tuyên Quang,Tuyen Quang,VNAP25-AA1F5722B6,VNAP25-D05660A239,Sinh Long,Sinh Long
VN-60,Tuyên Quang,Tuyen Quang,VNAP25-663CB66AB1,VNAP25-D05660A239,Sơn Phú,Son Phu
VN-60,Tuyên Quang,Tuyen Quang,VNAP25-BB3667208D,VNAP25-D05660A239,Thanh Tương,Thanh Tuong
VN-60,Tuyên Quang,Tuyen Quang,VNAP25-2CB600BB54,VNAP25-D05660A239,Thượng Giáp,Thuong Giap
VN-60,Tuyên Quang,Tuyen Quang,VNAP25-87CDA6492F,VNAP25-D05660A239,Thượng Nông,Thuong Nong
VN-60,Tuyên Quang,Tuyen Quang,VNAP25-7EB1D61E7F,VNAP25-D05660A239,Yên Hoa,Yen Hoa
VN-60,Tuyên Quang,Tuyen Quang,VNAP25-D79620896F,,Sơn Dương,Son Duong
VN-60,Tuyên Quang,Tuyen Quang,VNAP25-A0AF5E7ECE,VNAP25-D79620896F,Bình Yên,Binh Yen
VN-60,Tuyên Quang,Tuyen Quang,VNAP25-BF642B6F05,VNAP25-D79620896F,Cấp Tiến,Cap Tien
VN-60,Tuyên Quang,Tuyen Quang,VNAP25-EAA2B96726,VNAP25-D79620896F,Chi Thiết,Chi Thiet
VN-60,Tuyên Quang,Tuyen Quang,VNAP25-E3B22F1E42,VNAP25-D79620896F,Đại Phú,Dai Phu
VN-60,Tuyên Quang,Tuyen Quang,VNAP25-7D1752F075,VNAP25-D79620896F,Đông Lợi,Dong Loi
VN-60,Tuyên Quang,Tuyen Quang,VNAP25-5D94822B18,VNAP25-D79620896F,Đồng Quý,Dong Quy
VN-60,Tuyên Quang,Tuyen Quang,VNAP25-5C791794A7,VNAP25-D79620896F,Đông Thọ,Dong Tho
VN-60,Tuyên Quang,Tuyen Quang,VNAP25-AD25E25B8E,VNAP25-D79620896F,Hào Phú,Hao Phu
VN-60,Tuyên Quang,Tuyen Quang,VNAP25-50541003C9,VNAP25-D79620896F,Hồng Sơn,Hong Son
VN-60,Tuyên Quang,Tuyen Quang,VNAP25-0A4E244309,VNAP25-D79620896F,Hợp Hòa,Hop Hoa
VN-60,Tuyên Quang,Tuyen Quang,VNAP25-C19490789B,VNAP25-D79620896F,Hợp Thành,Hop Thanh
VN-60,Tuyên Quang,Tuyen Quang,VNAP25-18A9FD801D,VNAP25-D79620896F,Kháng Nhật,Khang Nhat
VN-60,Tuyên Quang,Tuyen Quang,VNAP25-EE522CBB7D,VNAP25-D79620896F,Lương Thiện,Luong Thien
VN-60,Tuyên Quang,Tuyen Quang,VNAP25-77FCCDB8ED,VNAP25-D79620896F,Minh Thanh,Minh Thanh
VN-60,Tuyên Quang,Tuyen Quang,VNAP25-4A6AB8CBBE,VNAP25-D79620896F,Ninh Lai,Ninh Lai
VN-60,Tuyên Quang,Tuyen Quang,VNAP25-FEDD372B63,VNAP25-D79620896F,Phú Lương,Phu Luong
VN-60,Tuyên Quang,Tuyen Quang,VNAP25-66C1857F4D,VNAP25-D79620896F,Phúc Ứng,Phuc Ung
VN-60,Tuyên Quang,Tuyen Quang,VNAP25-C38A4D1127,VNAP25-D79620896F,Quyết Thắng,Quyet Thang
VN-60,Tuyên Quang,Tuyen Quang,VNAP25-4FC1B73F4D,VNAP25-D79620896F,Sơn Dương,Son Duong
VN-60,Tuyên Quang,Tuyen Quang,VNAP25-81F62B0C77,VNAP25-D79620896F,Sơn Nam,Son Nam
VN-60,Tuyên Quang,Tuyen Quang,VNAP25-E185A4F5B2,VNAP25-D79620896F,Tam Đa,Tam Da
VN-60,Tuyên Quang,Tuyen Quang,VNAP25-ECE85F15B2,VNAP25-D79620896F,Tân Thanh,Tan Thanh
VN-60,Tuyên Quang,Tuyen Quang,VNAP25-55EB1425D9,VNAP25-D79620896F,Tân Trào,Tan Trao
VN-60,Tuyên Quang,Tuyen Quang,VNAP25-BDF5571BCA,VNAP25-D79620896F,Thiện Kế,Thien Ke
VN-60,Tuyên Quang,Tuyen Quang,VNAP25-6F932914DE,VNAP25-D79620896F,Thượng Ấm,Thuong Am
VN-60,Tuyên Quang,Tuyen Quang,VNAP25-56816B04F1,VNAP25-D79620896F,Trung Yên,Trung Yen
VN-60,Tuyên Quang,Tuyen Quang,VNAP25-2824614143,VNAP25-D79620896F,Trường Sinh,Truong Sinh
VN-60,Tuyên Quang,Tuyen Quang,VNAP25-CB111E8826,VNAP25-D79620896F,Tú Thịnh,Tu Thinh
VN-60,Tuyên Quang,Tuyen Quang,VNAP25-13F1BE1549,VNAP25-D79620896F,Văn Phú,Van Phu
VN-60,Tuyên Quang,Tuyen Quang,VNAP25-AE8AABD4B5,VNAP25-D79620896F,Vĩnh Lợi,Vinh Loi
VN-60,Tuyên Quang,Tuyen Quang,VNAP25-65BE41245E,,Tuyên Quang,Tuyen Quang
VN-60,Tuyên Quang,Tuyen Quang,VNAP25-986BC1E356,VNAP25-65BE41245E,An Khang,An Khang
VN-60,Tuyên Quang,Tuyen Quang,VNAP25-537708B7B1,VNAP25-65BE41245E,An Tường,An Tuong
VN-60,Tuyên Quang,Tuyen Quang,VNAP25-2354F118AA,VNAP25-65BE41245E,Đội Cấn,Doi Can
VN-60,Tuyên Quang,Tuyen Quang,VNAP25-FE12021820,VNAP25-65BE41245E,Hưng Thành,Hung Thanh
VN-60,Tuyên Quang,Tuyen Quang,VNAP25-21D269D996,VNAP25-65BE41245E,Kim Phú,Kim Phu
VN-60,Tuyên Quang,Tuyen Quang,VNAP25-51A75C9654,VNAP25-65BE41245E,Lưỡng Vượng,Luong Vuong
VN-60,Tuyên Quang,Tuyen Quang,VNAP25-6AC4489011,VNAP25-65BE41245E,Minh Xuân,Minh Xuan
VN-60,Tuyên Quang,Tuyen Quang,VNAP25-DEAD71D911,VNAP25-65BE41245E,Mỹ Lâm,My Lam
VN-60,Tuyên Quang,Tuyen Quang,VNAP25-F8DD536B75,VNAP25-65BE41245E,Nông Tiến,Nong Tien
VN-60,Tuyên Quang,Tuyen Quang,VNAP25-6A58AAF4AF,VNAP25-65BE41245E,Phan Thiết,Phan Thiet
VN-60,Tuyên Quang,Tuyen Quang,VNAP25-95F3292786,VNAP25-65BE41245E,Tân Hà,Tan Ha
VN-60,Tuyên Quang,Tuyen Quang,VNAP25-E14B9BC87D,VNAP25-65BE41245E,Tân Quang,Tan Quang
VN-60,Tuyên Quang,Tuyen Quang,VNAP25-1BC9F4D1F0,VNAP25-65BE41245E,Thái Long,Thai Long
VN-60,Tuyên Quang,Tuyen Quang,VNAP25-3F6EEF2EB1,VNAP25-65BE41245E,Tràng Đà,Trang Da
VN-60,Tuyên Quang,Tuyen Quang,VNAP25-75CCA7EF0D,VNAP25-65BE41245E,Ỷ La,Y La
VN-60,Tuyên Quang,Tuyen Quang,VNAP25-45DAE12813,,Yên Sơn,Yen Son
VN-60,Tuyên Quang,Tuyen Quang,VNAP25-A97555E739,VNAP25-45DAE12813,Chân Sơn,Chan Son
VN-60,Tuyên Quang,Tuyen Quang,VNAP25-ABEE2547B9,VNAP25-45DAE12813,Chiêu Yên,Chieu Yen
VN-60,Tuyên Quang,Tuyen Quang,VNAP25-D2D67A5CFD,VNAP25-45DAE12813,Công Đa,Cong Da
VN-60,Tuyên Quang,Tuyen Quang,VNAP25-C6EC25C20C,VNAP25-45DAE12813,Đạo Viện,Dao Vien
VN-60,Tuyên Quang,Tuyen Quang,VNAP25-18313D908B,VNAP25-45DAE12813,Đội Bình,Doi Binh
VN-60,Tuyên Quang,Tuyen Quang,VNAP25-39A11CD0B0,VNAP25-45DAE12813,Hoàng Khai,Hoang Khai
VN-60,Tuyên Quang,Tuyen Quang,VNAP25-D9C12C3824,VNAP25-45DAE12813,Hùng Lợi,Hung Loi
VN-60,Tuyên Quang,Tuyen Quang,VNAP25-145F37B301,VNAP25-45DAE12813,Kiến Thiết,Kien Thiet
VN-60,Tuyên Quang,Tuyen Quang,VNAP25-1C08A9AE83,VNAP25-45DAE12813,Kim Quan,Kim Quan
VN-60,Tuyên Quang,Tuyen Quang,VNAP25-3DFCF3306B,VNAP25-45DAE12813,Lang Quán,Lang Quan
VN-60,Tuyên Quang,Tuyen Quang,VNAP25-D0B2C14F95,VNAP25-45DAE12813,Lực Hành,Luc Hanh
VN-60,Tuyên Quang,Tuyen Quang,VNAP25-7D23C8678B,VNAP25-45DAE12813,Mỹ Bằng,My Bang
VN-60,Tuyên Quang,Tuyen Quang,VNAP25-42FE9246EF,VNAP25-45DAE12813,Nhữ Hán,Nhu Han
VN-60,Tuyên Quang,Tuyen Quang,VNAP25-BF2F8FD425,VNAP25-45DAE12813,Nhữ Khê,Nhu Khe
VN-60,Tuyên Quang,Tuyen Quang,VNAP25-5915676F19,VNAP25-45DAE12813,Phú Thịnh,Phu Thinh
VN-60,Tuyên Quang,Tuyen Quang,VNAP25-A4C4645D4E,VNAP25-45DAE12813,Phúc Ninh,Phuc Ninh
VN-60,Tuyên Quang,Tuyen Quang,VNAP25-910D35E937,VNAP25-45DAE12813,Quí Quân,Qui Quan
VN-60,Tuyên Quang,Tuyen Quang,VNAP25-C3CCD22E57,VNAP25-45DAE12813,Tân Long,Tan Long
VN-60,Tuyên Quang,Tuyen Quang,VNAP25-5823523C30,VNAP25-45DAE12813,Tân Tiến,Tan Tien
VN-60,Tuyên Quang,Tuyen Quang,VNAP25-F3D1292002,VNAP25-45DAE12813,Thái Bình,Thai Binh
VN-60,Tuyên Quang,Tuyen Quang,VNAP25-FB3C5FE8D4,VNAP25-45DAE12813,Tiến Bộ,Tien Bo
VN-60,Tuyên Quang,Tuyen Quang,VNAP25-36766FBBE8,VNAP25-45DAE12813,Trung Minh,Trung Minh
VN-60,Tuyên Quang,Tuyen Quang,VNAP25-8DB93292BC,VNAP25-45DAE12813,Trung Môn,Trung Mon
VN-60,Tuyên Quang,Tuyen Quang,VNAP25-D34545D2D8,VNAP25-45DAE12813,Trung Sơn,Trung Son
VN-60,Tuyên Quang,Tuyen Quang,VNAP25-238AE8A114,VNAP25-45DAE12813,Trung Trực,Trung Truc
VN-60,Tuyên Quang,Tuyen Quang,VNAP25-40D332E723,VNAP25-45DAE12813,Tứ Quận,Tu Quan
VN-60,Tuyên Quang,Tuyen Quang,VNAP25-EEAE400C6A,VNAP25-45DAE12813,Xuân Vân,Xuan Van
VN-60,Tuyên Quang,Tuyen Quang,VNAP25-B5E3BB1785,VNAP25-45DAE12813,Yên Sơn,Yen Son
VN-61,Vĩnh Long,Vinh Long,VNAP25-854EA32753,,Bình Minh,Binh Minh
VN-61,Vĩnh Long,Vinh Long,VNAP25-AE23B42DB4,VNAP25-854EA32753,Cái Vồn,Cai Von
VN-61,Vĩnh Long,Vinh Long,VNAP25-DDE807B1B4,VNAP25-854EA32753,Đông Bình,Dong Binh
VN-61,Vĩnh Long,Vinh Long,VNAP25-D08CE552B3,VNAP25-854EA32753,Đông Thành,Dong Thanh
VN-61,Vĩnh Long,Vinh Long,VNAP25-DA01BCCE74,VNAP25-854EA32753,Đông Thạnh,Dong Thanh
VN-61,Vĩnh Long,Vinh Long,VNAP25-8F1ED68648,VNAP25-854EA32753,Đông Thuận,Dong Thuan
VN-61,Vĩnh Long,Vinh Long,VNAP25-E7C4762179,VNAP25-854EA32753,Mỹ Hòa,My Hoa
VN-61,Vĩnh Long,Vinh Long,VNAP25-77C489D9F9,VNAP25-854EA32753,Thành Phước,Thanh Phuoc
VN-61,Vĩnh Long,Vinh Long,VNAP25-BDAC63E530,VNAP25-854EA32753,Thuận An,Thuan An
VN-61,Vĩnh Long,Vinh Long,VNAP25-772247F872,,Bình Tân,Binh Tan
VN-61,Vĩnh Long,Vinh Long,VNAP25-5A59C7BE16,VNAP25-772247F872,Mỹ Thuận,My Thuan
VN-61,Vĩnh Long,Vinh Long,VNAP25-5DA2950D50,VNAP25-772247F872,Nguyễn Văn Thảnh,Nguyen Van Thanh
VN-61,Vĩnh Long,Vinh Long,VNAP25-0A44A37C5E,VNAP25-772247F872,Tân An Thạnh,Tan An Thanh
VN-61,Vĩnh Long,Vinh Long,VNAP25-7729DB9AF7,VNAP25-772247F872,Tân Bình,Tan Binh
VN-61,Vĩnh Long,Vinh Long,VNAP25-A1048CB518,VNAP25-772247F872,Tân Lược,Tan Luoc
VN-61,Vĩnh Long,Vinh Long,VNAP25-F1DB52A4E0,VNAP25-772247F872,Tân Quới,Tan Quoi
VN-61,Vĩnh Long,Vinh Long,VNAP25-AF955D6663,VNAP25-772247F872,Tân Thành,Tan Thanh
VN-61,Vĩnh Long,Vinh Long,VNAP25-DB8E2C4929,VNAP25-772247F872,Thành Lợi,Thanh Loi
VN-61,Vĩnh Long,Vinh Long,VNAP25-AEC844ADEA,VNAP25-772247F872,Thành Trung,Thanh Trung
VN-61,Vĩnh Long,Vinh Long,VNAP25-1B12E2BFF5,,Long Hồ,Long Ho
VN-61,Vĩnh Long,Vinh Long,VNAP25-4072FFDF3E,VNAP25-1B12E2BFF5,An Bình,An Binh
VN-61,Vĩnh Long,Vinh Long,VNAP25-A864CBFA8C,VNAP25-1B12E2BFF5,Bình Hòa Phước,Binh Hoa Phuoc
VN-61,Vĩnh Long,Vinh Long,VNAP25-29F4E37095,VNAP25-1B12E2BFF5,Đồng Phú,Dong Phu
VN-61,Vĩnh Long,Vinh Long,VNAP25-DF6B4EDC8F,VNAP25-1B12E2BFF5,Hòa Ninh,Hoa Ninh
VN-61,Vĩnh Long,Vinh Long,VNAP25-212479FB45,VNAP25-1B12E2BFF5,Hòa Phú,Hoa Phu
VN-61,Vĩnh Long,Vinh Long,VNAP25-F5DBBEE085,VNAP25-1B12E2BFF5,Lộc Hòa,Loc Hoa
VN-61,Vĩnh Long,Vinh Long,VNAP25-B2E60D7816,VNAP25-1B12E2BFF5,Long An,Long An
VN-61,Vĩnh Long,Vinh Long,VNAP25-DCC0EF74EF,VNAP25-1B12E2BFF5,Long Hồ,Long Ho
VN-61,Vĩnh Long,Vinh Long,VNAP25-8699631900,VNAP25-1B12E2BFF5,Long Phước,Long Phuoc
VN-61,Vĩnh Long,Vinh Long,VNAP25-4371738035,VNAP25-1B12E2BFF5,Phú Quới,Phu Quoi
VN-61,Vĩnh Long,Vinh Long,VNAP25-9AE47F9A83,VNAP25-1B12E2BFF5,Phước Hậu,Phuoc Hau
VN-61,Vĩnh Long,Vinh Long,VNAP25-9DCE0AA0D8,VNAP25-1B12E2BFF5,Tân Hạnh,Tan Hanh
VN-61,Vĩnh Long,Vinh Long,VNAP25-4A6BD3C710,VNAP25-1B12E2BFF5,Thanh Đức,Thanh Duc
VN-61,Vĩnh Long,Vinh Long,VNAP25-18C43C48EA,VNAP25-1B12E2BFF5,Thạnh Quới,Thanh Quoi
VN-61,Vĩnh Long,Vinh Long,VNAP25-7E645327FA,,Mang Thít,Mang Thit
VN-61,Vĩnh Long,Vinh Long,VNAP25-F2586399C2,VNAP25-7E645327FA,An Phước,An Phuoc
VN-61,Vĩnh Long,Vinh Long,VNAP25-FA493C6F57,VNAP25-7E645327FA,Bình Phước,Binh Phuoc
VN-61,Vĩnh Long,Vinh Long,VNAP25-0137B3C211,VNAP25-7E645327FA,Cái Nhum,Cai Nhum
VN-61,Vĩnh Long,Vinh Long,VNAP25-1BC31619D2,VNAP25-7E645327FA,Chánh An,Chanh An
VN-61,Vĩnh Long,Vinh Long,VNAP25-E7AADB5D81,VNAP25-7E645327FA,Hòa Tịnh,Hoa Tinh
VN-61,Vĩnh Long,Vinh Long,VNAP25-22BBD543D8,VNAP25-7E645327FA,Long Mỹ,Long My
VN-61,Vĩnh Long,Vinh Long,VNAP25-734B6D13CC,VNAP25-7E645327FA,Mỹ An,My An
VN-61,Vĩnh Long,Vinh Long,VNAP25-2D3FCDE1C6,VNAP25-7E645327FA,Mỹ Phước,My Phuoc
VN-61,Vĩnh Long,Vinh Long,VNAP25-EEB29BAD57,VNAP25-7E645327FA,Nhơn Phú,Nhon Phu
VN-61,Vĩnh Long,Vinh Long,VNAP25-B7C2381ED0,VNAP25-7E645327FA,Tân An Hội,Tan An Hoi
VN-61,Vĩnh Long,Vinh Long,VNAP25-67CD73834E,VNAP25-7E645327FA,Tân Long,Tan Long
VN-61,Vĩnh Long,Vinh Long,VNAP25-50FFD5E392,VNAP25-7E645327FA,Tân Long Hội,Tan Long Hoi
VN-61,Vĩnh Long,Vinh Long,VNAP25-ED831007E4,,Tam Bình,Tam Binh
VN-61,Vĩnh Long,Vinh Long,VNAP25-FFC8DCA3C4,VNAP25-ED831007E4,Bình Ninh,Binh Ninh
VN-61,Vĩnh Long,Vinh Long,VNAP25-1FBC9308B7,VNAP25-ED831007E4,Hậu Lộc,Hau Loc
VN-61,Vĩnh Long,Vinh Long,VNAP25-CED27CC70D,VNAP25-ED831007E4,Hòa Hiệp,Hoa Hiep
VN-61,Vĩnh Long,Vinh Long,VNAP25-8B15FC13AE,VNAP25-ED831007E4,Hòa Lộc,Hoa Loc
VN-61,Vĩnh Long,Vinh Long,VNAP25-FA1157EEE1,VNAP25-ED831007E4,Hòa Thạnh,Hoa Thanh
VN-61,Vĩnh Long,Vinh Long,VNAP25-D50F7A086F,VNAP25-ED831007E4,Loan Mỹ,Loan My
VN-61,Vĩnh Long,Vinh Long,VNAP25-2BB2F719E9,VNAP25-ED831007E4,Long Phú,Long Phu
VN-61,Vĩnh Long,Vinh Long,VNAP25-4A0C8C638A,VNAP25-ED831007E4,Mỹ Lộc,My Loc
VN-61,Vĩnh Long,Vinh Long,VNAP25-77F0035DDA,VNAP25-ED831007E4,Mỹ Thạnh Trung,My Thanh Trung
VN-61,Vĩnh Long,Vinh Long,VNAP25-A43F39E1F3,VNAP25-ED831007E4,Ngãi Tứ,Ngai Tu
VN-61,Vĩnh Long,Vinh Long,VNAP25-6E910081AC,VNAP25-ED831007E4,Phú Lộc,Phu Loc
VN-61,Vĩnh Long,Vinh Long,VNAP25-391E9EA299,VNAP25-ED831007E4,Phú Thịnh,Phu Thinh
VN-61,Vĩnh Long,Vinh Long,VNAP25-9E73201045,VNAP25-ED831007E4,Song Phú,Song Phu
VN-61,Vĩnh Long,Vinh Long,VNAP25-2234C6BB76,VNAP25-ED831007E4,Tam Bình,Tam Binh
VN-61,Vĩnh Long,Vinh Long,VNAP25-18B2B0E18C,VNAP25-ED831007E4,Tân Lộc,Tan Loc
VN-61,Vĩnh Long,Vinh Long,VNAP25-4AF8E11B1C,VNAP25-ED831007E4,Tân Phú,Tan Phu
VN-61,Vĩnh Long,Vinh Long,VNAP25-967B4CB5B0,,Trà Ôn,Tra On
VN-61,Vĩnh Long,Vinh Long,VNAP25-2312EE39E3,VNAP25-967B4CB5B0,Hòa Bình,Hoa Binh
VN-61,Vĩnh Long,Vinh Long,VNAP25-C91483E2BD,VNAP25-967B4CB5B0,Hựu Thành,Huu Thanh
VN-61,Vĩnh Long,Vinh Long,VNAP25-B1FB7281BC,VNAP25-967B4CB5B0,Lục Sỹ Thành,Luc Sy Thanh
VN-61,Vĩnh Long,Vinh Long,VNAP25-9A7DFB8FF7,VNAP25-967B4CB5B0,Nhơn Bình,Nhon Binh
VN-61,Vĩnh Long,Vinh Long,VNAP25-C8228D78F7,VNAP25-967B4CB5B0,Phú Thành,Phu Thanh
VN-61,Vĩnh Long,Vinh Long,VNAP25-9F21BF901B,VNAP25-967B4CB5B0,Tân Mỹ,Tan My
VN-61,Vĩnh Long,Vinh Long,VNAP25-AF6A596623,VNAP25-967B4CB5B0,Thới Hòa,Thoi Hoa
VN-61,Vĩnh Long,Vinh Long,VNAP25-3D68660E60,VNAP25-967B4CB5B0,Thuận Thới,Thuan Thoi
VN-61,Vĩnh Long,Vinh Long,VNAP25-115230539D,VNAP25-967B4CB5B0,Tích Thiện,Tich Thien
VN-61,Vĩnh Long,Vinh Long,VNAP25-791C141B78,VNAP25-967B4CB5B0,Trà Côn,Tra Con
VN-61,Vĩnh Long,Vinh Long,VNAP25-81868D7282,VNAP25-967B4CB5B0,Trà Ôn,Tra On
VN-61,Vĩnh Long,Vinh Long,VNAP25-73F2F2CBA2,VNAP25-967B4CB5B0,Vĩnh Xuân,Vinh Xuan
VN-61,Vĩnh Long,Vinh Long,VNAP25-F96984DD8D,VNAP25-967B4CB5B0,Xuân Hiệp,Xuan Hiep
VN-61,Vĩnh Long,Vinh Long,VNAP25-89D93EA6F5,,Vĩnh Long,Vinh Long
VN-61,Vĩnh Long,Vinh Long,VNAP25-9F186C30E6,VNAP25-89D93EA6F5,1,1
VN-61,Vĩnh Long,Vinh Long,VNAP25-7398707125,VNAP25-89D93EA6F5,3,3
VN-61,Vĩnh Long,Vinh Long,VNAP25-C91DAA4095,VNAP25-89D93EA6F5,4,4
VN-61,Vĩnh Long,Vinh Long,VNAP25-9ABCC865B5,VNAP25-89D93EA6F5,5,5
VN-61,Vĩnh Long,Vinh Long,VNAP25-E40062D391,VNAP25-89D93EA6F5,8,8
VN-61,Vĩnh Long,Vinh Long,VNAP25-34741F785E,VNAP25-89D93EA6F5,9,9
VN-61,Vĩnh Long,Vinh Long,VNAP25-7DEA986C40,VNAP25-89D93EA6F5,Tân Hòa,Tan Hoa
VN-61,Vĩnh Long,Vinh Long,VNAP25-11479F48B5,VNAP25-89D93EA6F5,Tân Hội,Tan Hoi
VN-61,Vĩnh Long,Vinh Long,VNAP25-5DDD20CF90,VNAP25-89D93EA6F5,Tân Ngãi,Tan Ngai
VN-61,Vĩnh Long,Vinh Long,VNAP25-A78E8F3D7F,VNAP25-89D93EA6F5,Trường An,Truong An
VN-61,Vĩnh Long,Vinh Long,VNAP25-1AFCC6DF78,,Vũng Liêm,Vung Liem
VN-61,Vĩnh Long,Vinh Long,VNAP25-A7607DED9C,VNAP25-1AFCC6DF78,Hiếu Nghĩa,Hieu Nghia
VN-61,Vĩnh Long,Vinh Long,VNAP25-BCDCA144A9,VNAP25-1AFCC6DF78,Hiếu Nhơn,Hieu Nhon
VN-61,Vĩnh Long,Vinh Long,VNAP25-563B08665F,VNAP25-1AFCC6DF78,Hiếu Phụng,Hieu Phung
VN-61,Vĩnh Long,Vinh Long,VNAP25-E3AF85EB4D,VNAP25-1AFCC6DF78,Hiếu Thành,Hieu Thanh
VN-61,Vĩnh Long,Vinh Long,VNAP25-9CCB99BD81,VNAP25-1AFCC6DF78,Hiếu Thuận,Hieu Thuan
VN-61,Vĩnh Long,Vinh Long,VNAP25-F4BB8FF064,VNAP25-1AFCC6DF78,Quới An,Quoi An
VN-61,Vĩnh Long,Vinh Long,VNAP25-2799A6B7F8,VNAP25-1AFCC6DF78,Quới Thiện,Quoi Thien
VN-61,Vĩnh Long,Vinh Long,VNAP25-57936E26EA,VNAP25-1AFCC6DF78,Tân An Luông,Tan An Luong
VN-61,Vĩnh Long,Vinh Long,VNAP25-854AE6808B,VNAP25-1AFCC6DF78,Tân Quới Trung,Tan Quoi Trung
VN-61,Vĩnh Long,Vinh Long,VNAP25-BCCEF5E47C,VNAP25-1AFCC6DF78,Thanh Bình,Thanh Binh
VN-61,Vĩnh Long,Vinh Long,VNAP25-CB3776FD5D,VNAP25-1AFCC6DF78,Trung An,Trung An
VN-61,Vĩnh Long,Vinh Long,VNAP25-F7EA27BE0F,VNAP25-1AFCC6DF78,Trung Chánh,Trung Chanh
VN-61,Vĩnh Long,Vinh Long,VNAP25-38930E8FD5,VNAP25-1AFCC6DF78,Trung Hiệp,Trung Hiep
VN-61,Vĩnh Long,Vinh Long,VNAP25-49A26F2925,VNAP25-1AFCC6DF78,Trung Hiếu,Trung Hieu
VN-61,Vĩnh Long,Vinh Long,VNAP25-925B7201A6,VNAP25-1AFCC6DF78,Trung Ngãi,Trung Ngai
VN-61,Vĩnh Long,Vinh Long,VNAP25-70757B8843,VNAP25-1AFCC6DF78,Trung Nghĩa,Trung Nghia
VN-61,Vĩnh Long,Vinh Long,VNAP25-874B1DB79B,VNAP25-1AFCC6DF78,Trung Thành,Trung Thanh
VN-61,Vĩnh Long,Vinh Long,VNAP25-CB75ECEE87,VNAP25-1AFCC6DF78,Trung Thành Đông,Trung Thanh Dong
VN-61,Vĩnh Long,Vinh Long,VNAP25-1207C9028C,VNAP25-1AFCC6DF78,Trung Thành Tây,Trung Thanh Tay
VN-61,Vĩnh Long,Vinh Long,VNAP25-5AD279404C,VNAP25-1AFCC6DF78,Vũng Liêm,Vung Liem
VN-62,Vĩnh Phúc,Vinh Phuc,VNAP25-E1F1A2A282,,Bình Xuyên,Binh Xuyen
VN-62,Vĩnh Phúc,Vinh Phuc,VNAP25-837DA99D48,VNAP25-E1F1A2A282,Bá Hiến,Ba Hien
VN-62,Vĩnh Phúc,Vinh Phuc,VNAP25-F6245B2630,VNAP25-E1F1A2A282,Đạo Đức,Dao Duc
VN-62,Vĩnh Phúc,Vinh Phuc,VNAP25-B5BAC1E1DD,VNAP25-E1F1A2A282,Gia Khánh,Gia Khanh
VN-62,Vĩnh Phúc,Vinh Phuc,VNAP25-674C432205,VNAP25-E1F1A2A282,Hương Canh,Huong Canh
VN-62,Vĩnh Phúc,Vinh Phuc,VNAP25-D911D19486,VNAP25-E1F1A2A282,Hương Sơn,Huong Son
VN-62,Vĩnh Phúc,Vinh Phuc,VNAP25-86EFBA13A1,VNAP25-E1F1A2A282,Phú Xuân,Phu Xuan
VN-62,Vĩnh Phúc,Vinh Phuc,VNAP25-9F7A6984C9,VNAP25-E1F1A2A282,Quất Lưu,Quat Luu
VN-62,Vĩnh Phúc,Vinh Phuc,VNAP25-C06261ED01,VNAP25-E1F1A2A282,Sơn Lôi,Son Loi
VN-62,Vĩnh Phúc,Vinh Phuc,VNAP25-D58AC668EB,VNAP25-E1F1A2A282,Tam Hợp,Tam Hop
VN-62,Vĩnh Phúc,Vinh Phuc,VNAP25-736AEDD71B,VNAP25-E1F1A2A282,Tân Phong,Tan Phong
VN-62,Vĩnh Phúc,Vinh Phuc,VNAP25-8D93D91A2F,VNAP25-E1F1A2A282,Thanh Lãng,Thanh Lang
VN-62,Vĩnh Phúc,Vinh Phuc,VNAP25-A65C3807B3,VNAP25-E1F1A2A282,Thiện Kế,Thien Ke
VN-62,Vĩnh Phúc,Vinh Phuc,VNAP25-550BDD2E62,VNAP25-E1F1A2A282,Trung Mỹ,Trung My
VN-62,Vĩnh Phúc,Vinh Phuc,VNAP25-E9F4E21B66,,Lập Thạch,Lap Thach
VN-62,Vĩnh Phúc,Vinh Phuc,VNAP25-400480717A,VNAP25-E9F4E21B66,Bắc Bình,Bac Binh
VN-62,Vĩnh Phúc,Vinh Phuc,VNAP25-05533F9C98,VNAP25-E9F4E21B66,Bàn Giản,Ban Gian
VN-62,Vĩnh Phúc,Vinh Phuc,VNAP25-50A556A298,VNAP25-E9F4E21B66,Đồng Ích,Dong Ich
VN-62,Vĩnh Phúc,Vinh Phuc,VNAP25-886A61383F,VNAP25-E9F4E21B66,Hoa Sơn,Hoa Son
VN-62,Vĩnh Phúc,Vinh Phuc,VNAP25-945CEA8DDA,VNAP25-E9F4E21B66,Hợp Lý,Hop Ly
VN-62,Vĩnh Phúc,Vinh Phuc,VNAP25-E8C2E6ABDA,VNAP25-E9F4E21B66,Lập Thạch,Lap Thach
VN-62,Vĩnh Phúc,Vinh Phuc,VNAP25-70FB614167,VNAP25-E9F4E21B66,Liên Hòa,Lien Hoa
VN-62,Vĩnh Phúc,Vinh Phuc,VNAP25-87D5B85102,VNAP25-E9F4E21B66,Liễn Sơn,Lien Son
VN-62,Vĩnh Phúc,Vinh Phuc,VNAP25-6BBF710EC0,VNAP25-E9F4E21B66,Ngọc Mỹ,Ngoc My
VN-62,Vĩnh Phúc,Vinh Phuc,VNAP25-E6EA4BC193,VNAP25-E9F4E21B66,Quang Sơn,Quang Son
VN-62,Vĩnh Phúc,Vinh Phuc,VNAP25-A743BD51A2,VNAP25-E9F4E21B66,Sơn Đông,Son Dong
VN-62,Vĩnh Phúc,Vinh Phuc,VNAP25-BE46AD6E12,VNAP25-E9F4E21B66,Tây Sơn,Tay Son
VN-62,Vĩnh Phúc,Vinh Phuc,VNAP25-F915CAB81D,VNAP25-E9F4E21B66,Thái Hòa,Thai Hoa
VN-62,Vĩnh Phúc,Vinh Phuc,VNAP25-4E4C73070B,VNAP25-E9F4E21B66,Tiên Lữ,Tien Lu
VN-62,Vĩnh Phúc,Vinh Phuc,VNAP25-EA4427152A,VNAP25-E9F4E21B66,Tử Du,Tu Du
VN-62,Vĩnh Phúc,Vinh Phuc,VNAP25-3E937E5D44,VNAP25-E9F4E21B66,Văn Quán,Van Quan
VN-62,Vĩnh Phúc,Vinh Phuc,VNAP25-64F8E6C2FB,VNAP25-E9F4E21B66,Vân Trục,Van Truc
VN-62,Vĩnh Phúc,Vinh Phuc,VNAP25-720CB95F01,VNAP25-E9F4E21B66,Xuân Hòa,Xuan Hoa
VN-62,Vĩnh Phúc,Vinh Phuc,VNAP25-809E37C5FE,VNAP25-E9F4E21B66,Xuân Lôi,Xuan Loi
VN-62,Vĩnh Phúc,Vinh Phuc,VNAP25-530D4C72E1,,Phúc Yên,Phuc Yen
VN-62,Vĩnh Phúc,Vinh Phuc,VNAP25-2FB0CEF344,VNAP25-530D4C72E1,Cao Minh,Cao Minh
VN-62,Vĩnh Phúc,Vinh Phuc,VNAP25-97439F3A68,VNAP25-530D4C72E1,Đồng Xuân,Dong Xuan
VN-62,Vĩnh Phúc,Vinh Phuc,VNAP25-71207770DF,VNAP25-530D4C72E1,Hai Bà Trưng,Hai Ba Trung
VN-62,Vĩnh Phúc,Vinh Phuc,VNAP25-57399B0E72,VNAP25-530D4C72E1,Hùng Vương,Hung Vuong
VN-62,Vĩnh Phúc,Vinh Phuc,VNAP25-9F4C854D44,VNAP25-530D4C72E1,Nam Viêm,Nam Viem
VN-62,Vĩnh Phúc,Vinh Phuc,VNAP25-85286EA332,VNAP25-530D4C72E1,Ngọc Thanh,Ngoc Thanh
VN-62,Vĩnh Phúc,Vinh Phuc,VNAP25-42E26157A4,VNAP25-530D4C72E1,Phúc Thắng,Phuc Thang
VN-62,Vĩnh Phúc,Vinh Phuc,VNAP25-53B48A6148,VNAP25-530D4C72E1,Tiền Châu,Tien Chau
VN-62,Vĩnh Phúc,Vinh Phuc,VNAP25-35FDBD94C1,VNAP25-530D4C72E1,Xuân Hòa,Xuan Hoa
VN-62,Vĩnh Phúc,Vinh Phuc,VNAP25-24F363C2F7,,Sông Lô,Song Lo
VN-62,Vĩnh Phúc,Vinh Phuc,VNAP25-F7F33C066A,VNAP25-24F363C2F7,Cao Phong,Cao Phong
VN-62,Vĩnh Phúc,Vinh Phuc,VNAP25-4B7A555F0E,VNAP25-24F363C2F7,Đôn Nhân,Don Nhan
VN-62,Vĩnh Phúc,Vinh Phuc,VNAP25-08035836BC,VNAP25-24F363C2F7,Đồng Quế,Dong Que
VN-62,Vĩnh Phúc,Vinh Phuc,VNAP25-E9F2064778,VNAP25-24F363C2F7,Đồng Thịnh,Dong Thinh
VN-62,Vĩnh Phúc,Vinh Phuc,VNAP25-FDBC5B9147,VNAP25-24F363C2F7,Đức Bác,Duc Bac
VN-62,Vĩnh Phúc,Vinh Phuc,VNAP25-701A2A5586,VNAP25-24F363C2F7,Hải Lựu,Hai Luu
VN-62,Vĩnh Phúc,Vinh Phuc,VNAP25-FE1F3CBDBD,VNAP25-24F363C2F7,Lãng Công,Lang Cong
VN-62,Vĩnh Phúc,Vinh Phuc,VNAP25-6AE1CE24D6,VNAP25-24F363C2F7,Nhân Đạo,Nhan Dao
VN-62,Vĩnh Phúc,Vinh Phuc,VNAP25-27F8A4CE08,VNAP25-24F363C2F7,Phương Khoan,Phuong Khoan
VN-62,Vĩnh Phúc,Vinh Phuc,VNAP25-879A541FD8,VNAP25-24F363C2F7,Quang Yên,Quang Yen
VN-62,Vĩnh Phúc,Vinh Phuc,VNAP25-5F9394251D,VNAP25-24F363C2F7,Tam Sơn,Tam Son
VN-62,Vĩnh Phúc,Vinh Phuc,VNAP25-8E39887516,VNAP25-24F363C2F7,Tân Lập,Tan Lap
VN-62,Vĩnh Phúc,Vinh Phuc,VNAP25-5749327922,VNAP25-24F363C2F7,Tứ Yên,Tu Yen
VN-62,Vĩnh Phúc,Vinh Phuc,VNAP25-D6104EA11F,VNAP25-24F363C2F7,Yên Thạch,Yen Thach
VN-62,Vĩnh Phúc,Vinh Phuc,VNAP25-94B934595D,,Tam Đảo,Tam Dao
VN-62,Vĩnh Phúc,Vinh Phuc,VNAP25-8C43F2FAF8,VNAP25-94B934595D,Bồ Lý,Bo Ly
VN-62,Vĩnh Phúc,Vinh Phuc,VNAP25-02456A1EDE,VNAP25-94B934595D,Đại Đình,Dai Dinh
VN-62,Vĩnh Phúc,Vinh Phuc,VNAP25-13CF6477B2,VNAP25-94B934595D,Đạo Trù,Dao Tru
VN-62,Vĩnh Phúc,Vinh Phuc,VNAP25-EDA778056F,VNAP25-94B934595D,Hồ Sơn,Ho Son
VN-62,Vĩnh Phúc,Vinh Phuc,VNAP25-D6DE11FFAF,VNAP25-94B934595D,Hợp Châu,Hop Chau
VN-62,Vĩnh Phúc,Vinh Phuc,VNAP25-CB11143E22,VNAP25-94B934595D,Minh Quang,Minh Quang
VN-62,Vĩnh Phúc,Vinh Phuc,VNAP25-4927A5D490,VNAP25-94B934595D,Tam Đảo,Tam Dao
VN-62,Vĩnh Phúc,Vinh Phuc,VNAP25-7B2EEAC564,VNAP25-94B934595D,Tam Quan,Tam Quan
VN-62,Vĩnh Phúc,Vinh Phuc,VNAP25-6DC1BBE0EC,VNAP25-94B934595D,Yên Dương,Yen Duong
VN-62,Vĩnh Phúc,Vinh Phuc,VNAP25-1738B43762,,Tam Dương,Tam Duong
VN-62,Vĩnh Phúc,Vinh Phuc,VNAP25-76B8B4EB4E,VNAP25-1738B43762,An Hòa,An Hoa
VN-62,Vĩnh Phúc,Vinh Phuc,VNAP25-0388D196FB,VNAP25-1738B43762,Đạo Tú,Dao Tu
VN-62,Vĩnh Phúc,Vinh Phuc,VNAP25-A60E479C6D,VNAP25-1738B43762,Đồng Tĩnh,Dong Tinh
VN-62,Vĩnh Phúc,Vinh Phuc,VNAP25-0C17E12213,VNAP25-1738B43762,Duy Phiên,Duy Phien
VN-62,Vĩnh Phúc,Vinh Phuc,VNAP25-46603537DD,VNAP25-1738B43762,Hoàng Đan,Hoang Dan
VN-62,Vĩnh Phúc,Vinh Phuc,VNAP25-E720D13786,VNAP25-1738B43762,Hoàng Hoa,Hoang Hoa
VN-62,Vĩnh Phúc,Vinh Phuc,VNAP25-960C2581B1,VNAP25-1738B43762,Hoàng Lâu,Hoang Lau
VN-62,Vĩnh Phúc,Vinh Phuc,VNAP25-51A4A3FF89,VNAP25-1738B43762,Hội Thịnh,Hoi Thinh
VN-62,Vĩnh Phúc,Vinh Phuc,VNAP25-4076570A89,VNAP25-1738B43762,Hợp Hòa,Hop Hoa
VN-62,Vĩnh Phúc,Vinh Phuc,VNAP25-416D6062F9,VNAP25-1738B43762,Hướng Đạo,Huong Dao
VN-62,Vĩnh Phúc,Vinh Phuc,VNAP25-58453FEA3A,VNAP25-1738B43762,Kim Long,Kim Long
VN-62,Vĩnh Phúc,Vinh Phuc,VNAP25-B16D458313,VNAP25-1738B43762,Thanh Vân,Thanh Van
VN-62,Vĩnh Phúc,Vinh Phuc,VNAP25-F301847045,,Vĩnh Tường,Vinh Tuong
VN-62,Vĩnh Phúc,Vinh Phuc,VNAP25-6B4B0C1968,VNAP25-F301847045,An Nhân,An Nhan
VN-62,Vĩnh Phúc,Vinh Phuc,VNAP25-67F3A1C47E,VNAP25-F301847045,Chấn Hưng,Chan Hung
VN-62,Vĩnh Phúc,Vinh Phuc,VNAP25-A9EE0B9C13,VNAP25-F301847045,Đại Đồng,Dai Dong
VN-62,Vĩnh Phúc,Vinh Phuc,VNAP25-C182F7D9EE,VNAP25-F301847045,Kim Xá,Kim Xa
VN-62,Vĩnh Phúc,Vinh Phuc,VNAP25-1D414FF382,VNAP25-F301847045,Lũng Hòa,Lung Hoa
VN-62,Vĩnh Phúc,Vinh Phuc,VNAP25-BEE71B236B,VNAP25-F301847045,Lương Điền,Luong Dien
VN-62,Vĩnh Phúc,Vinh Phuc,VNAP25-9BD2C54C5B,VNAP25-F301847045,Nghĩa Hưng,Nghia Hung
VN-62,Vĩnh Phúc,Vinh Phuc,VNAP25-FC91AE6436,VNAP25-F301847045,Ngũ Kiên,Ngu Kien
VN-62,Vĩnh Phúc,Vinh Phuc,VNAP25-121B70871A,VNAP25-F301847045,Sao Đại Việt,Sao Dai Viet
VN-62,Vĩnh Phúc,Vinh Phuc,VNAP25-B872F303D6,VNAP25-F301847045,Tân Phú,Tan Phu
VN-62,Vĩnh Phúc,Vinh Phuc,VNAP25-5F63C40FC1,VNAP25-F301847045,Thổ Tang,Tho Tang
VN-62,Vĩnh Phúc,Vinh Phuc,VNAP25-8D0E0F8396,VNAP25-F301847045,Thượng Trưng,Thuong Trung
VN-62,Vĩnh Phúc,Vinh Phuc,VNAP25-7061C6D02D,VNAP25-F301847045,Tứ Trưng,Tu Trung
VN-62,Vĩnh Phúc,Vinh Phuc,VNAP25-980DA5EE6D,VNAP25-F301847045,Tuân Chính,Tuan Chinh
VN-62,Vĩnh Phúc,Vinh Phuc,VNAP25-5F9EF6A924,VNAP25-F301847045,Vĩnh Phú,Vinh Phu
VN-62,Vĩnh Phúc,Vinh Phuc,VNAP25-2E8160135F,VNAP25-F301847045,Vĩnh Thịnh,Vinh Thinh
VN-62,Vĩnh Phúc,Vinh Phuc,VNAP25-C51D4D3657,VNAP25-F301847045,Vĩnh Tường,Vinh Tuong
VN-62,Vĩnh Phúc,Vinh Phuc,VNAP25-3037D54277,VNAP25-F301847045,Vũ Di,Vu Di
VN-62,Vĩnh Phúc,Vinh Phuc,VNAP25-6A4E360381,VNAP25-F301847045,Yên Bình,Yen Binh
VN-62,Vĩnh Phúc,Vinh Phuc,VNAP25-7321072965,VNAP25-F301847045,Yên Lập,Yen Lap
VN-62,Vĩnh Phúc,Vinh Phuc,VNAP25-36D81EC583,,Vĩnh Yên,Vinh Yen
VN-62,Vĩnh Phúc,Vinh Phuc,VNAP25-1EC1DA49EC,VNAP25-36D81EC583,Định Trung,Dinh Trung
VN-62,Vĩnh Phúc,Vinh Phuc,VNAP25-B02529A02A,VNAP25-36D81EC583,Đống Đa,Dong Da
VN-62,Vĩnh Phúc,Vinh Phuc,VNAP25-B91BA5B556,VNAP25-36D81EC583,Đồng Tâm,Dong Tam
VN-62,Vĩnh Phúc,Vinh Phuc,VNAP25-3EF52850B9,VNAP25-36D81EC583,Hội Hợp,Hoi Hop
VN-62,Vĩnh Phúc,Vinh Phuc,VNAP25-DED5D3592A,VNAP25-36D81EC583,Khai Quang,Khai Quang
VN-62,Vĩnh Phúc,Vinh Phuc,VNAP25-A4CE721B2F,VNAP25-36D81EC583,Liên Bảo,Lien Bao
VN-62,Vĩnh Phúc,Vinh Phuc,VNAP25-E691E9331F,VNAP25-36D81EC583,Ngô Quyền,Ngo Quyen
VN-62,Vĩnh Phúc,Vinh Phuc,VNAP25-8105F23CC5,VNAP25-36D81EC583,Thanh Trù,Thanh Tru
VN-62,Vĩnh Phúc,Vinh Phuc,VNAP25-61EC112126,VNAP25-36D81EC583,Tích Sơn,Tich Son
VN-62,Vĩnh Phúc,Vinh Phuc,VNAP25-7620541D7E,,Yên Lạc,Yen Lac
VN-62,Vĩnh Phúc,Vinh Phuc,VNAP25-70E8FF9544,VNAP25-7620541D7E,Bình Định,Binh Dinh
VN-62,Vĩnh Phúc,Vinh Phuc,VNAP25-201D7BBD01,VNAP25-7620541D7E,Đại Tự,Dai Tu
VN-62,Vĩnh Phúc,Vinh Phuc,VNAP25-CA188D89B3,VNAP25-7620541D7E,Đồng Cương,Dong Cuong
VN-62,Vĩnh Phúc,Vinh Phuc,VNAP25-6364D1932C,VNAP25-7620541D7E,Đồng Văn,Dong Van
VN-62,Vĩnh Phúc,Vinh Phuc,VNAP25-C2E14D1C97,VNAP25-7620541D7E,Hồng Châu,Hong Chau
VN-62,Vĩnh Phúc,Vinh Phuc,VNAP25-6E813B2427,VNAP25-7620541D7E,Liên Châu,Lien Chau
VN-62,Vĩnh Phúc,Vinh Phuc,VNAP25-CB21A763B9,VNAP25-7620541D7E,Nguyệt Đức,Nguyet Duc
VN-62,Vĩnh Phúc,Vinh Phuc,VNAP25-8B2873F267,VNAP25-7620541D7E,Tam Hồng,Tam Hong
VN-62,Vĩnh Phúc,Vinh Phuc,VNAP25-52C7934E04,VNAP25-7620541D7E,Tề Lỗ,Te Lo
VN-62,Vĩnh Phúc,Vinh Phuc,VNAP25-373A3DEE66,VNAP25-7620541D7E,Trung Hà,Trung Ha
VN-62,Vĩnh Phúc,Vinh Phuc,VNAP25-E811737C65,VNAP25-7620541D7E,Trung Kiên,Trung Kien
VN-62,Vĩnh Phúc,Vinh Phuc,VNAP25-76FA0F5910,VNAP25-7620541D7E,Trung Nguyên,Trung Nguyen
VN-62,Vĩnh Phúc,Vinh Phuc,VNAP25-A447BAD27C,VNAP25-7620541D7E,Văn Tiến,Van Tien
VN-62,Vĩnh Phúc,Vinh Phuc,VNAP25-D83CCCD0C3,VNAP25-7620541D7E,Yên Đồng,Yen Dong
VN-62,Vĩnh Phúc,Vinh Phuc,VNAP25-EA998C3F1A,VNAP25-7620541D7E,Yên Lạc,Yen Lac
VN-62,Vĩnh Phúc,Vinh Phuc,VNAP25-CE324FA5AF,VNAP25-7620541D7E,Yên Phương,Yen Phuong
VN-63,Yên Bái,Yen Bai,VNAP25-F41CD7435E,,Lục Yên,Luc Yen
VN-63,Yên Bái,Yen Bai,VNAP25-7116D15E91,VNAP25-F41CD7435E,An Lạc,An Lac
VN-63,Yên Bái,Yen Bai,VNAP25-232FD44C07,VNAP25-F41CD7435E,An Phú,An Phu
VN-63,Yên Bái,Yen Bai,VNAP25-F7938D736A,VNAP25-F41CD7435E,Động Quan,Dong Quan
VN-63,Yên Bái,Yen Bai,VNAP25-B043381C90,VNAP25-F41CD7435E,Khai Trung,Khai Trung
VN-63,Yên Bái,Yen Bai,VNAP25-A0C367558C,VNAP25-F41CD7435E,Khánh Hòa,Khanh Hoa
VN-63,Yên Bái,Yen Bai,VNAP25-517843024B,VNAP25-F41CD7435E,Khánh Thiện,Khanh Thien
VN-63,Yên Bái,Yen Bai,VNAP25-668B34EB19,VNAP25-F41CD7435E,Lâm Thượng,Lam Thuong
VN-63,Yên Bái,Yen Bai,VNAP25-20EFD89E01,VNAP25-F41CD7435E,Liễu Đô,Lieu Do
VN-63,Yên Bái,Yen Bai,VNAP25-0DAF7E9129,VNAP25-F41CD7435E,Mai Sơn,Mai Son
VN-63,Yên Bái,Yen Bai,VNAP25-23792FC326,VNAP25-F41CD7435E,Minh Chuẩn,Minh Chuan
VN-63,Yên Bái,Yen Bai,VNAP25-2867AC64C8,VNAP25-F41CD7435E,Minh Tiến,Minh Tien
VN-63,Yên Bái,Yen Bai,VNAP25-1A1F26F54B,VNAP25-F41CD7435E,Minh Xuân,Minh Xuan
VN-63,Yên Bái,Yen Bai,VNAP25-60C8E34F95,VNAP25-F41CD7435E,Mường Lai,Muong Lai
VN-63,Yên Bái,Yen Bai,VNAP25-AD57BA6E2E,VNAP25-F41CD7435E,Phan Thanh,Phan Thanh
VN-63,Yên Bái,Yen Bai,VNAP25-6564734C98,VNAP25-F41CD7435E,Phúc Lợi,Phuc Loi
VN-63,Yên Bái,Yen Bai,VNAP25-779C2F6903,VNAP25-F41CD7435E,Tân Lập,Tan Lap
VN-63,Yên Bái,Yen Bai,VNAP25-3CDD54396D,VNAP25-F41CD7435E,Tân Lĩnh,Tan Linh
VN-63,Yên Bái,Yen Bai,VNAP25-55CB4ACEB1,VNAP25-F41CD7435E,Tân Phượng,Tan Phuong
VN-63,Yên Bái,Yen Bai,VNAP25-6BC02A0C4E,VNAP25-F41CD7435E,Tô Mậu,To Mau
VN-63,Yên Bái,Yen Bai,VNAP25-774ED1EA0C,VNAP25-F41CD7435E,Trúc Lâu,Truc Lau
VN-63,Yên Bái,Yen Bai,VNAP25-56BD9CC281,VNAP25-F41CD7435E,Trung Tâm,Trung Tam
VN-63,Yên Bái,Yen Bai,VNAP25-B044129C62,VNAP25-F41CD7435E,Vĩnh Lạc,Vinh Lac
VN-63,Yên Bái,Yen Bai,VNAP25-50F4D79D19,VNAP25-F41CD7435E,Yên Thắng,Yen Thang
VN-63,Yên Bái,Yen Bai,VNAP25-1C429F5B2A,VNAP25-F41CD7435E,Yên Thế,Yen The
VN-63,Yên Bái,Yen Bai,VNAP25-A0B68FD9FA,,Mù Căng Chải,Mu Cang Chai
VN-63,Yên Bái,Yen Bai,VNAP25-7D2B25E0A5,VNAP25-A0B68FD9FA,Cao Phạ,Cao Pha
VN-63,Yên Bái,Yen Bai,VNAP25-D62BDDA647,VNAP25-A0B68FD9FA,Chế Cu Nha,Che Cu Nha
VN-63,Yên Bái,Yen Bai,VNAP25-B6B865E2FA,VNAP25-A0B68FD9FA,Chế Tạo,Che Tao
VN-63,Yên Bái,Yen Bai,VNAP25-ED258BA6DA,VNAP25-A0B68FD9FA,Dế Su Phình,De Su Phinh
VN-63,Yên Bái,Yen Bai,VNAP25-624C3BE41E,VNAP25-A0B68FD9FA,Hồ Bốn,Ho Bon
VN-63,Yên Bái,Yen Bai,VNAP25-57B49DD051,VNAP25-A0B68FD9FA,Khao Mang,Khao Mang
VN-63,Yên Bái,Yen Bai,VNAP25-3C92F0E9F1,VNAP25-A0B68FD9FA,Kim Nọi,Kim Noi
VN-63,Yên Bái,Yen Bai,VNAP25-175D98B065,VNAP25-A0B68FD9FA,La Pán Tẩn,La Pan Tan
VN-63,Yên Bái,Yen Bai,VNAP25-AFDE212CDB,VNAP25-A0B68FD9FA,Lao Chải,Lao Chai
VN-63,Yên Bái,Yen Bai,VNAP25-586A98720D,VNAP25-A0B68FD9FA,Mồ Dề,Mo De
VN-63,Yên Bái,Yen Bai,VNAP25-EC1CEB9DA0,VNAP25-A0B68FD9FA,Mù Căng Chải,Mu Cang Chai
VN-63,Yên Bái,Yen Bai,VNAP25-FC613B3D40,VNAP25-A0B68FD9FA,Nậm Có,Nam Co
VN-63,Yên Bái,Yen Bai,VNAP25-8815496814,VNAP25-A0B68FD9FA,Nậm Khắt,Nam Khat
VN-63,Yên Bái,Yen Bai,VNAP25-E513A266D4,VNAP25-A0B68FD9FA,Púng Luông,Pung Luong
VN-63,Yên Bái,Yen Bai,VNAP25-DAE42F72BA,,Nghĩa Lộ,Nghia Lo
VN-63,Yên Bái,Yen Bai,VNAP25-D1BE69F493,VNAP25-DAE42F72BA,Cầu Thia,Cau Thia
VN-63,Yên Bái,Yen Bai,VNAP25-FE590AADCC,VNAP25-DAE42F72BA,Hạnh Sơn,Hanh Son
VN-63,Yên Bái,Yen Bai,VNAP25-E57A60C8B4,VNAP25-DAE42F72BA,Nghĩa An,Nghia An
VN-63,Yên Bái,Yen Bai,VNAP25-5DA96C8961,VNAP25-DAE42F72BA,Nghĩa Lộ,Nghia Lo
VN-63,Yên Bái,Yen Bai,VNAP25-EAEBF36B53,VNAP25-DAE42F72BA,Nghĩa Lợi,Nghia Loi
VN-63,Yên Bái,Yen Bai,VNAP25-503082A3CF,VNAP25-DAE42F72BA,Nghĩa Phúc,Nghia Phuc
VN-63,Yên Bái,Yen Bai,VNAP25-D1A6D7C334,VNAP25-DAE42F72BA,Phù Nham,Phu Nham
VN-63,Yên Bái,Yen Bai,VNAP25-5689055235,VNAP25-DAE42F72BA,Phúc Sơn,Phuc Son
VN-63,Yên Bái,Yen Bai,VNAP25-C5708A53E2,VNAP25-DAE42F72BA,Pú Trạng,Pu Trang
VN-63,Yên Bái,Yen Bai,VNAP25-EADBA13050,VNAP25-DAE42F72BA,Sơn A,Son A
VN-63,Yên Bái,Yen Bai,VNAP25-46E533CC1C,VNAP25-DAE42F72BA,Tân An,Tan An
VN-63,Yên Bái,Yen Bai,VNAP25-D83B3F7D29,VNAP25-DAE42F72BA,Thạch Lương,Thach Luong
VN-63,Yên Bái,Yen Bai,VNAP25-97E14919E1,VNAP25-DAE42F72BA,Thanh Lương,Thanh Luong
VN-63,Yên Bái,Yen Bai,VNAP25-0D58A4A99A,VNAP25-DAE42F72BA,Trung Tâm,Trung Tam
VN-63,Yên Bái,Yen Bai,VNAP25-E85E45499E,,Trạm Tấu,Tram Tau
VN-63,Yên Bái,Yen Bai,VNAP25-1F71C3B003,VNAP25-E85E45499E,Bản Công,Ban Cong
VN-63,Yên Bái,Yen Bai,VNAP25-9A5C35E635,VNAP25-E85E45499E,Bản Mù,Ban Mu
VN-63,Yên Bái,Yen Bai,VNAP25-2EF7BBD8DA,VNAP25-E85E45499E,Hát Lìu,Hat Liu
VN-63,Yên Bái,Yen Bai,VNAP25-C7CD8A7184,VNAP25-E85E45499E,Làng Nhì,Lang Nhi
VN-63,Yên Bái,Yen Bai,VNAP25-C5878FDEC8,VNAP25-E85E45499E,Pá Hu,Pa Hu
VN-63,Yên Bái,Yen Bai,VNAP25-982CC4493B,VNAP25-E85E45499E,Pá Lau,Pa Lau
VN-63,Yên Bái,Yen Bai,VNAP25-428BA64F78,VNAP25-E85E45499E,Phình Hồ,Phinh Ho
VN-63,Yên Bái,Yen Bai,VNAP25-E2736FA730,VNAP25-E85E45499E,Tà Si Láng,Ta Si Lang
VN-63,Yên Bái,Yen Bai,VNAP25-04745FA271,VNAP25-E85E45499E,Trạm Tấu (Thị trấn),Tram Tau (Town)
VN-63,Yên Bái,Yen Bai,VNAP25-01DFDD7C6C,VNAP25-E85E45499E,Trạm Tấu (Xã),Tram Tau (Commune)
VN-63,Yên Bái,Yen Bai,VNAP25-F3FE9E633B,VNAP25-E85E45499E,Túc Đán,Tuc Dan
VN-63,Yên Bái,Yen Bai,VNAP25-CD46F4E12C,VNAP25-E85E45499E,Xà Hồ,Xa Ho
VN-63,Yên Bái,Yen Bai,VNAP25-8521C75A58,,Trấn Yên,Tran Yen
VN-63,Yên Bái,Yen Bai,VNAP25-77640AF797,VNAP25-8521C75A58,Báo Đáp,Bao Dap
VN-63,Yên Bái,Yen Bai,VNAP25-8079871446,VNAP25-8521C75A58,Cổ Phúc,Co Phuc
VN-63,Yên Bái,Yen Bai,VNAP25-4C71D2216B,VNAP25-8521C75A58,Cường Thịnh,Cuong Thinh
VN-63,Yên Bái,Yen Bai,VNAP25-440E134E30,VNAP25-8521C75A58,Hòa Cuông,Hoa Cuong
VN-63,Yên Bái,Yen Bai,VNAP25-84A5F35C08,VNAP25-8521C75A58,Hồng Ca,Hong Ca
VN-63,Yên Bái,Yen Bai,VNAP25-1CE7930AB0,VNAP25-8521C75A58,Hưng Khánh,Hung Khanh
VN-63,Yên Bái,Yen Bai,VNAP25-3F1FEA6F7E,VNAP25-8521C75A58,Hưng Thịnh,Hung Thinh
VN-63,Yên Bái,Yen Bai,VNAP25-C7E4A45559,VNAP25-8521C75A58,Kiên Thành,Kien Thanh
VN-63,Yên Bái,Yen Bai,VNAP25-FF9463F8D2,VNAP25-8521C75A58,Lương Thịnh,Luong Thinh
VN-63,Yên Bái,Yen Bai,VNAP25-B0206DEC9D,VNAP25-8521C75A58,Minh Quán,Minh Quan
VN-63,Yên Bái,Yen Bai,VNAP25-2C244DD5B3,VNAP25-8521C75A58,Minh Quân,Minh Quan
VN-63,Yên Bái,Yen Bai,VNAP25-B72AD546FE,VNAP25-8521C75A58,Quy Mông,Quy Mong
VN-63,Yên Bái,Yen Bai,VNAP25-A7D24B9549,VNAP25-8521C75A58,Tân Đồng,Tan Dong
VN-63,Yên Bái,Yen Bai,VNAP25-481DE975D3,VNAP25-8521C75A58,Thành Thịnh,Thanh Thinh
VN-63,Yên Bái,Yen Bai,VNAP25-E567C7ACDF,VNAP25-8521C75A58,Vân Hội,Van Hoi
VN-63,Yên Bái,Yen Bai,VNAP25-CB79BFEBB0,VNAP25-8521C75A58,Việt Cường,Viet Cuong
VN-63,Yên Bái,Yen Bai,VNAP25-2E7ABF16FD,VNAP25-8521C75A58,Việt Hồng,Viet Hong
VN-63,Yên Bái,Yen Bai,VNAP25-E1991DF731,VNAP25-8521C75A58,Y Can,Y Can
VN-63,Yên Bái,Yen Bai,VNAP25-399A972488,,Văn Chấn,Van Chan
VN-63,Yên Bái,Yen Bai,VNAP25-8877EF7163,VNAP25-399A972488,An Lương,An Luong
VN-63,Yên Bái,Yen Bai,VNAP25-C54A7B7DC0,VNAP25-399A972488,Bình Thuận,Binh Thuan
VN-63,Yên Bái,Yen Bai,VNAP25-839A191A66,VNAP25-399A972488,Cát Thịnh,Cat Thinh
VN-63,Yên Bái,Yen Bai,VNAP25-440732D4B4,VNAP25-399A972488,Chấn Thịnh,Chan Thinh
VN-63,Yên Bái,Yen Bai,VNAP25-06F7BAFE82,VNAP25-399A972488,Đại Lịch,Dai Lich
VN-63,Yên Bái,Yen Bai,VNAP25-9A72240983,VNAP25-399A972488,Đồng Khê,Dong Khe
VN-63,Yên Bái,Yen Bai,VNAP25-CE8FFA6DD2,VNAP25-399A972488,Gia Hội,Gia Hoi
VN-63,Yên Bái,Yen Bai,VNAP25-CA85CA2AF9,VNAP25-399A972488,Minh An,Minh An
VN-63,Yên Bái,Yen Bai,VNAP25-8E3A12A571,VNAP25-399A972488,Nậm Búng,Nam Bung
VN-63,Yên Bái,Yen Bai,VNAP25-37BF28C27A,VNAP25-399A972488,Nậm Lành,Nam Lanh
VN-63,Yên Bái,Yen Bai,VNAP25-0DF7983915,VNAP25-399A972488,Nậm Mười,Nam Muoi
VN-63,Yên Bái,Yen Bai,VNAP25-01377E392F,VNAP25-399A972488,Nghĩa Sơn,Nghia Son
VN-63,Yên Bái,Yen Bai,VNAP25-569C9963D1,VNAP25-399A972488,Nghĩa Tâm,Nghia Tam
VN-63,Yên Bái,Yen Bai,VNAP25-926C7B0B28,VNAP25-399A972488,Nông Trường Liên Sơn,Nong Truong Lien Son
VN-63,Yên Bái,Yen Bai,VNAP25-08F007AC14,VNAP25-399A972488,Nông Trường Trần Phú,Nong Truong Tran Phu
VN-63,Yên Bái,Yen Bai,VNAP25-43124AAB7A,VNAP25-399A972488,Sơn Lương,Son Luong
VN-63,Yên Bái,Yen Bai,VNAP25-5C07A5744C,VNAP25-399A972488,Sơn Thịnh,Son Thinh
VN-63,Yên Bái,Yen Bai,VNAP25-545CF99BB0,VNAP25-399A972488,Sùng Đô,Sung Do
VN-63,Yên Bái,Yen Bai,VNAP25-413FAF9115,VNAP25-399A972488,Suối Bu,Suoi Bu
VN-63,Yên Bái,Yen Bai,VNAP25-DA41471981,VNAP25-399A972488,Suối Giàng,Suoi Giang
VN-63,Yên Bái,Yen Bai,VNAP25-A4F6731FA9,VNAP25-399A972488,Suối Quyền,Suoi Quyen
VN-63,Yên Bái,Yen Bai,VNAP25-60A2D7D6E4,VNAP25-399A972488,Tân Thịnh,Tan Thinh
VN-63,Yên Bái,Yen Bai,VNAP25-E916BC712A,VNAP25-399A972488,Thượng Bằng La,Thuong Bang La
VN-63,Yên Bái,Yen Bai,VNAP25-DE770B0507,VNAP25-399A972488,Tú Lệ,Tu Le
VN-63,Yên Bái,Yen Bai,VNAP25-F04F18C40A,,Văn Yên,Van Yen
VN-63,Yên Bái,Yen Bai,VNAP25-D1BAB057BC,VNAP25-F04F18C40A,An Bình,An Binh
VN-63,Yên Bái,Yen Bai,VNAP25-7CAA706758,VNAP25-F04F18C40A,An Thịnh,An Thinh
VN-63,Yên Bái,Yen Bai,VNAP25-32EAC21D96,VNAP25-F04F18C40A,Châu Quế Hạ,Chau Que Ha
VN-63,Yên Bái,Yen Bai,VNAP25-C5E0A5224B,VNAP25-F04F18C40A,Châu Quế Thượng,Chau Que Thuong
VN-63,Yên Bái,Yen Bai,VNAP25-E081972721,VNAP25-F04F18C40A,Đại Phác,Dai Phac
VN-63,Yên Bái,Yen Bai,VNAP25-F8E070FA08,VNAP25-F04F18C40A,Đại Sơn,Dai Son
VN-63,Yên Bái,Yen Bai,VNAP25-BC7276D70B,VNAP25-F04F18C40A,Đông An,Dong An
VN-63,Yên Bái,Yen Bai,VNAP25-4AA0C7991C,VNAP25-F04F18C40A,Đông Cuông,Dong Cuong
VN-63,Yên Bái,Yen Bai,VNAP25-13DABFEE53,VNAP25-F04F18C40A,Lâm Giang,Lam Giang
VN-63,Yên Bái,Yen Bai,VNAP25-15F8EDD934,VNAP25-F04F18C40A,Lang Thíp,Lang Thip
VN-63,Yên Bái,Yen Bai,VNAP25-01067A74C3,VNAP25-F04F18C40A,Mậu A,Mau A
VN-63,Yên Bái,Yen Bai,VNAP25-CA21AB9171,VNAP25-F04F18C40A,Mậu Đông,Mau Dong
VN-63,Yên Bái,Yen Bai,VNAP25-CA8504FF50,VNAP25-F04F18C40A,Mỏ Vàng,Mo Vang
VN-63,Yên Bái,Yen Bai,VNAP25-E1248C2713,VNAP25-F04F18C40A,Nà Hẩu,Na Hau
VN-63,Yên Bái,Yen Bai,VNAP25-BDAEDCE12D,VNAP25-F04F18C40A,Ngòi A,Ngoi A
VN-63,Yên Bái,Yen Bai,VNAP25-005C4289DF,VNAP25-F04F18C40A,Phong Dụ Hạ,Phong Du Ha
VN-63,Yên Bái,Yen Bai,VNAP25-E8226777C4,VNAP25-F04F18C40A,Phong Dụ Thượng,Phong Du Thuong
VN-63,Yên Bái,Yen Bai,VNAP25-8C144D5B06,VNAP25-F04F18C40A,Quang Minh,Quang Minh
VN-63,Yên Bái,Yen Bai,VNAP25-72942A3BFC,VNAP25-F04F18C40A,Tân Hợp,Tan Hop
VN-63,Yên Bái,Yen Bai,VNAP25-2334DF34D1,VNAP25-F04F18C40A,Viễn Sơn,Vien Son
VN-63,Yên Bái,Yen Bai,VNAP25-7D3E677454,VNAP25-F04F18C40A,Xuân Ái,Xuan Ai
VN-63,Yên Bái,Yen Bai,VNAP25-D524E6F419,VNAP25-F04F18C40A,Xuân Tầm,Xuan Tam
VN-63,Yên Bái,Yen Bai,VNAP25-07C28D733D,VNAP25-F04F18C40A,Yên Hợp,Yen Hop
VN-63,Yên Bái,Yen Bai,VNAP25-8F7ABA8E46,VNAP25-F04F18C40A,Yên Phú,Yen Phu
VN-63,Yên Bái,Yen Bai,VNAP25-4ADA597DF7,VNAP25-F04F18C40A,Yên Thái,Yen Thai
VN-63,Yên Bái,Yen Bai,VNAP25-98F78EE79E,,Yên Bái,Yen Bai
VN-63,Yên Bái,Yen Bai,VNAP25-8EB046E43D,VNAP25-98F78EE79E,Âu Lâu,Au Lau
VN-63,Yên Bái,Yen Bai,VNAP25-10211849DF,VNAP25-98F78EE79E,Đồng Tâm,Dong Tam
VN-63,Yên Bái,Yen Bai,VNAP25-1500AD7136,VNAP25-98F78EE79E,Giới Phiên,Gioi Phien
VN-63,Yên Bái,Yen Bai,VNAP25-570FB5C60B,VNAP25-98F78EE79E,Hồng Hà,Hong Ha
VN-63,Yên Bái,Yen Bai,VNAP25-BB51D01A6E,VNAP25-98F78EE79E,Hợp Minh,Hop Minh
VN-63,Yên Bái,Yen Bai,VNAP25-36A9CE14A8,VNAP25-98F78EE79E,Minh Bảo,Minh Bao
VN-63,Yên Bái,Yen Bai,VNAP25-A1439A05A4,VNAP25-98F78EE79E,Minh Tân,Minh Tan
VN-63,Yên Bái,Yen Bai,VNAP25-B99711513F,VNAP25-98F78EE79E,Nam Cường,Nam Cuong
VN-63,Yên Bái,Yen Bai,VNAP25-1A6A6532C0,VNAP25-98F78EE79E,Nguyễn Thái Học,Nguyen Thai Hoc
VN-63,Yên Bái,Yen Bai,VNAP25-B8DE8BEA2A,VNAP25-98F78EE79E,Tân Thịnh,Tan Thinh
VN-63,Yên Bái,Yen Bai,VNAP25-FE28595969,VNAP25-98F78EE79E,Tuy Lộc,Tuy Loc
VN-63,Yên Bái,Yen Bai,VNAP25-07B9939EFB,VNAP25-98F78EE79E,Văn Phú,Van Phu
VN-63,Yên Bái,Yen Bai,VNAP25-16976DFFD0,VNAP25-98F78EE79E,Yên Ninh,Yen Ninh
VN-63,Yên Bái,Yen Bai,VNAP25-747AB4FAAA,VNAP25-98F78EE79E,Yên Thịnh,Yen Thinh
VN-63,Yên Bái,Yen Bai,VNAP25-85E8B9875C,,Yên Bình,Yen Binh
VN-63,Yên Bái,Yen Bai,VNAP25-5F933757BF,VNAP25-85E8B9875C,Bạch Hà,Bach Ha
VN-63,Yên Bái,Yen Bai,VNAP25-B863B06268,VNAP25-85E8B9875C,Bảo Ái,Bao Ai
VN-63,Yên Bái,Yen Bai,VNAP25-47EDD9B9D8,VNAP25-85E8B9875C,Cảm Ân,Cam An
VN-63,Yên Bái,Yen Bai,VNAP25-2708384357,VNAP25-85E8B9875C,Cảm Nhân,Cam Nhan
VN-63,Yên Bái,Yen Bai,VNAP25-6FAFD9B5DA,VNAP25-85E8B9875C,Đại Đồng,Dai Dong
VN-63,Yên Bái,Yen Bai,VNAP25-0CD306F901,VNAP25-85E8B9875C,Đại Minh,Dai Minh
VN-63,Yên Bái,Yen Bai,VNAP25-28A24AB2A2,VNAP25-85E8B9875C,Hán Đà,Han Da
VN-63,Yên Bái,Yen Bai,VNAP25-0720FB2FE4,VNAP25-85E8B9875C,Mông Sơn,Mong Son
VN-63,Yên Bái,Yen Bai,VNAP25-2FEF10601D,VNAP25-85E8B9875C,Mỹ Gia,My Gia
VN-63,Yên Bái,Yen Bai,VNAP25-342D2B69CC,VNAP25-85E8B9875C,Ngọc Chấn,Ngoc Chan
VN-63,Yên Bái,Yen Bai,VNAP25-3D96017153,VNAP25-85E8B9875C,Phú Thịnh,Phu Thinh
VN-63,Yên Bái,Yen Bai,VNAP25-1F7348FF65,VNAP25-85E8B9875C,Phúc An,Phuc An
VN-63,Yên Bái,Yen Bai,VNAP25-67ADE1841B,VNAP25-85E8B9875C,Phúc Ninh,Phuc Ninh
VN-63,Yên Bái,Yen Bai,VNAP25-48AFE3CD91,VNAP25-85E8B9875C,Tân Hương,Tan Huong
VN-63,Yên Bái,Yen Bai,VNAP25-B164E1197E,VNAP25-85E8B9875C,Tân Nguyên,Tan Nguyen
VN-63,Yên Bái,Yen Bai,VNAP25-84DCCA8EE2,VNAP25-85E8B9875C,Thác Bà,Thac Ba
VN-63,Yên Bái,Yen Bai,VNAP25-2B9D515E3C,VNAP25-85E8B9875C,Thịnh Hưng,Thinh Hung
VN-63,Yên Bái,Yen Bai,VNAP25-1F9176B343,VNAP25-85E8B9875C,Vĩnh Kiên,Vinh Kien
VN-63,Yên Bái,Yen Bai,VNAP25-4C9958B3C9,VNAP25-85E8B9875C,Vũ Linh,Vu Linh
VN-63,Yên Bái,Yen Bai,VNAP25-F653EED004,VNAP25-85E8B9875C,Xuân Lai,Xuan Lai
VN-63,Yên Bái,Yen Bai,VNAP25-8F0C15071E,VNAP25-85E8B9875C,Xuân Long,Xuan Long
VN-63,Yên Bái,Yen Bai,VNAP25-16CD82C285,VNAP25-85E8B9875C,Yên Bình,Yen Binh
VN-63,Yên Bái,Yen Bai,VNAP25-FC666E7840,VNAP25-85E8B9875C,Yên Thành,Yen Thanh
