locale,country_id,code_region,region_default_name,region_name,city_default_name,city_name,sub_city_default_name,sub_city_name
vi_VN,VN,01,Hanoi City,Thành phố Hà Nội,Hoan Kiem Ward,Phường Hoàn Kiếm,,
vi_VN,VN,01,Hanoi City,Thành phố Hà Nội,Cua Nam Ward,Phường Cửa Nam,,
vi_VN,VN,01,Hanoi City,Thành phố Hà Nội,Ba Dinh Ward,Phường Ba Đình,,
vi_VN,VN,01,Hanoi City,Thành phố Hà Nội,Ngoc Ha Ward,Phường Ngọc Hà,,
vi_VN,VN,01,Hanoi City,Thành phố Hà Nội,Giang Vo Ward,Phường Giảng Võ,,
vi_VN,VN,01,Hanoi City,Thành phố Hà Nội,Hai Ba Trung Ward,Phường Hai Bà Trưng,,
vi_VN,VN,01,Hanoi City,Thành phố Hà Nội,Vinh Tuy Ward,Phường Vĩnh Tuy,,
vi_VN,VN,01,Hanoi City,Thành phố Hà Nội,Bach Mai Ward,Phường Bạch Mai,,
vi_VN,VN,01,Hanoi City,Thành phố Hà Nội,Dong Da Ward,Phường Đống Đa,,
vi_VN,VN,01,Hanoi City,Thành phố Hà Nội,Kim Lien Ward,Phường Kim Liên,,
vi_VN,VN,01,Hanoi City,Thành phố Hà Nội,Van Mieu - Quoc Tu Giam Ward,Phường Văn Miếu - Quốc Tử Giám,,
vi_VN,VN,01,Hanoi City,Thành phố Hà Nội,Lang Ward,Phường Láng,,
vi_VN,VN,01,Hanoi City,Thành phố Hà Nội,O Cho Dua Ward,Phường Ô Chợ Dừa,,
vi_VN,VN,01,Hanoi City,Thành phố Hà Nội,Hong Ha Ward,Phường Hồng Hà,,
vi_VN,VN,01,Hanoi City,Thành phố Hà Nội,Linh Nam Ward,Phường Lĩnh Nam,,
vi_VN,VN,01,Hanoi City,Thành phố Hà Nội,Hoang Mai Ward,Phường Hoàng Mai,,
vi_VN,VN,01,Hanoi City,Thành phố Hà Nội,Vinh Hung Ward,Phường Vĩnh Hưng,,
vi_VN,VN,01,Hanoi City,Thành phố Hà Nội,Tuong Mai Ward,Phường Tương Mai,,
vi_VN,VN,01,Hanoi City,Thành phố Hà Nội,Dinh Cong Ward,Phường Định Công,,
vi_VN,VN,01,Hanoi City,Thành phố Hà Nội,Hoang Liet Ward,Phường Hoàng Liệt,,
vi_VN,VN,01,Hanoi City,Thành phố Hà Nội,Yen So Ward,Phường Yên Sở,,
vi_VN,VN,01,Hanoi City,Thành phố Hà Nội,Thanh Xuan Ward,Phường Thanh Xuân,,
vi_VN,VN,01,Hanoi City,Thành phố Hà Nội,Khuong Dinh Ward,Phường Khương Đình,,
vi_VN,VN,01,Hanoi City,Thành phố Hà Nội,Phuong Liet Ward,Phường Phương Liệt,,
vi_VN,VN,01,Hanoi City,Thành phố Hà Nội,Cau Giay Ward,Phường Cầu Giấy,,
vi_VN,VN,01,Hanoi City,Thành phố Hà Nội,Nghia Do Ward,Phường Nghĩa Đô,,
vi_VN,VN,01,Hanoi City,Thành phố Hà Nội,Yen Hoa Ward,Phường Yên Hoà,,
vi_VN,VN,01,Hanoi City,Thành phố Hà Nội,Tay Ho Ward,Phường Tây Hồ,,
vi_VN,VN,01,Hanoi City,Thành phố Hà Nội,Phu Thuong Ward,Phường Phú Thượng,,
vi_VN,VN,01,Hanoi City,Thành phố Hà Nội,Tay Tuu Ward,Phường Tây Tựu,,
vi_VN,VN,01,Hanoi City,Thành phố Hà Nội,Phu Dien Ward,Phường Phú Diễn,,
vi_VN,VN,01,Hanoi City,Thành phố Hà Nội,Xuan Dinh Ward,Phường Xuân Đỉnh,,
vi_VN,VN,01,Hanoi City,Thành phố Hà Nội,Dong Ngac Ward,Phường Đông Ngạc,,
vi_VN,VN,01,Hanoi City,Thành phố Hà Nội,Thuong Cat Ward,Phường Thượng Cát,,
vi_VN,VN,01,Hanoi City,Thành phố Hà Nội,Tu Liem Ward,Phường Từ Liêm,,
vi_VN,VN,01,Hanoi City,Thành phố Hà Nội,Xuan Phuong Ward,Phường Xuân Phương,,
vi_VN,VN,01,Hanoi City,Thành phố Hà Nội,Tay Mo Ward,Phường Tây Mỗ,,
vi_VN,VN,01,Hanoi City,Thành phố Hà Nội,Dai Mo Ward,Phường Đại Mỗ,,
vi_VN,VN,01,Hanoi City,Thành phố Hà Nội,Long Bien Ward,Phường Long Biên,,
vi_VN,VN,01,Hanoi City,Thành phố Hà Nội,Bo De Ward,Phường Bồ Đề,,
vi_VN,VN,01,Hanoi City,Thành phố Hà Nội,Viet Hung Ward,Phường Việt Hưng,,
vi_VN,VN,01,Hanoi City,Thành phố Hà Nội,Phuc Loi Ward,Phường Phúc Lợi,,
vi_VN,VN,01,Hanoi City,Thành phố Hà Nội,Ha Dong Ward,Phường Hà Đông,,
vi_VN,VN,01,Hanoi City,Thành phố Hà Nội,Duong Noi Ward,Phường Dương Nội,,
vi_VN,VN,01,Hanoi City,Thành phố Hà Nội,Yen Nghia Ward,Phường Yên Nghĩa,,
vi_VN,VN,01,Hanoi City,Thành phố Hà Nội,Phu Luong Ward,Phường Phú Lương,,
vi_VN,VN,01,Hanoi City,Thành phố Hà Nội,Kien Hung Ward,Phường Kiến Hưng,,
vi_VN,VN,01,Hanoi City,Thành phố Hà Nội,Thanh Tri Commune,Xã Thanh Trì,,
vi_VN,VN,01,Hanoi City,Thành phố Hà Nội,Dai Thanh Commune,Xã Đại Thanh,,
vi_VN,VN,01,Hanoi City,Thành phố Hà Nội,Nam Phu Commune,Xã Nam Phù,,
vi_VN,VN,01,Hanoi City,Thành phố Hà Nội,Ngoc Hoi Commune,Xã Ngọc Hồi,,
vi_VN,VN,01,Hanoi City,Thành phố Hà Nội,Thanh Liet Ward,Phường Thanh Liệt,,
vi_VN,VN,01,Hanoi City,Thành phố Hà Nội,Thuong Phuc Commune,Xã Thượng Phúc,,
vi_VN,VN,01,Hanoi City,Thành phố Hà Nội,Thuong Tin Commune,Xã Thường Tín,,
vi_VN,VN,01,Hanoi City,Thành phố Hà Nội,Chuong Duong Commune,Xã Chương Dương,,
vi_VN,VN,01,Hanoi City,Thành phố Hà Nội,Hong Van Commune,Xã Hồng Vân,,
vi_VN,VN,01,Hanoi City,Thành phố Hà Nội,Phu Xuyen Commune,Xã Phú Xuyên,,
vi_VN,VN,01,Hanoi City,Thành phố Hà Nội,Phuong Duc Commune,Xã Phượng Dực,,
vi_VN,VN,01,Hanoi City,Thành phố Hà Nội,Chuyen My Commune,Xã Chuyên Mỹ,,
vi_VN,VN,01,Hanoi City,Thành phố Hà Nội,Dai Xuyen Commune,Xã Đại Xuyên,,
vi_VN,VN,01,Hanoi City,Thành phố Hà Nội,Thanh Oai Commune,Xã Thanh Oai,,
vi_VN,VN,01,Hanoi City,Thành phố Hà Nội,Binh Minh Commune,Xã Bình Minh,,
vi_VN,VN,01,Hanoi City,Thành phố Hà Nội,Tam Hung Commune,Xã Tam Hưng,,
vi_VN,VN,01,Hanoi City,Thành phố Hà Nội,Dan Hoa Commune,Xã Dân Hoà,,
vi_VN,VN,01,Hanoi City,Thành phố Hà Nội,Van Dinh Commune,Xã Vân Đình,,
vi_VN,VN,01,Hanoi City,Thành phố Hà Nội,Ung Thien Commune,Xã Ứng Thiên,,
vi_VN,VN,01,Hanoi City,Thành phố Hà Nội,Hoa Xa Commune,Xã Hoà Xá,,
vi_VN,VN,01,Hanoi City,Thành phố Hà Nội,Ung Hoa Commune,Xã Ứng Hoà,,
vi_VN,VN,01,Hanoi City,Thành phố Hà Nội,My Duc Commune,Xã Mỹ Đức,,
vi_VN,VN,01,Hanoi City,Thành phố Hà Nội,Hong Son Commune,Xã Hồng Sơn,,
vi_VN,VN,01,Hanoi City,Thành phố Hà Nội,Phuc Son Commune,Xã Phúc Sơn,,
vi_VN,VN,01,Hanoi City,Thành phố Hà Nội,Huong Son Commune,Xã Hương Sơn,,
vi_VN,VN,01,Hanoi City,Thành phố Hà Nội,Chuong My Ward,Phường Chương Mỹ,,
vi_VN,VN,01,Hanoi City,Thành phố Hà Nội,Phu Nghia Commune,Xã Phú Nghĩa,,
vi_VN,VN,01,Hanoi City,Thành phố Hà Nội,Xuan Mai Commune,Xã Xuân Mai,,
vi_VN,VN,01,Hanoi City,Thành phố Hà Nội,Tran Phu Commune,Xã Trần Phú,,
vi_VN,VN,01,Hanoi City,Thành phố Hà Nội,Hoa Phu Commune,Xã Hoà Phú,,
vi_VN,VN,01,Hanoi City,Thành phố Hà Nội,Quang Bi Commune,Xã Quảng Bị,,
vi_VN,VN,01,Hanoi City,Thành phố Hà Nội,Minh Chau Commune,Xã Minh Châu,,
vi_VN,VN,01,Hanoi City,Thành phố Hà Nội,Quang Oai Commune,Xã Quảng Oai,,
vi_VN,VN,01,Hanoi City,Thành phố Hà Nội,Vat Lai Commune,Xã Vật Lại,,
vi_VN,VN,01,Hanoi City,Thành phố Hà Nội,Co Do Commune,Xã Cổ Đô,,
vi_VN,VN,01,Hanoi City,Thành phố Hà Nội,Bat Bat Commune,Xã Bất Bạt,,
vi_VN,VN,01,Hanoi City,Thành phố Hà Nội,Suoi Hai Commune,Xã Suối Hai,,
vi_VN,VN,01,Hanoi City,Thành phố Hà Nội,Ba Vi Commune,Xã Ba Vì,,
vi_VN,VN,01,Hanoi City,Thành phố Hà Nội,Yen Bai Commune,Xã Yên Bài,,
vi_VN,VN,01,Hanoi City,Thành phố Hà Nội,Son Tay Ward,Phường Sơn Tây,,
vi_VN,VN,01,Hanoi City,Thành phố Hà Nội,Tung Thien Ward,Phường Tùng Thiện,,
vi_VN,VN,01,Hanoi City,Thành phố Hà Nội,Doai Phuong Commune,Xã Đoài Phương,,
vi_VN,VN,01,Hanoi City,Thành phố Hà Nội,Phuc Tho Commune,Xã Phúc Thọ,,
vi_VN,VN,01,Hanoi City,Thành phố Hà Nội,Phuc Loc Commune,Xã Phúc Lộc,,
vi_VN,VN,01,Hanoi City,Thành phố Hà Nội,Hat Mon Commune,Xã Hát Môn,,
vi_VN,VN,01,Hanoi City,Thành phố Hà Nội,Thach That Commune,Xã Thạch Thất,,
vi_VN,VN,01,Hanoi City,Thành phố Hà Nội,Ha Bang Commune,Xã Hạ Bằng,,
vi_VN,VN,01,Hanoi City,Thành phố Hà Nội,Tay Phuong Commune,Xã Tây Phương,,
vi_VN,VN,01,Hanoi City,Thành phố Hà Nội,Hoa Lac Commune,Xã Hoà Lạc,,
vi_VN,VN,01,Hanoi City,Thành phố Hà Nội,Yen Xuan Commune,Xã Yên Xuân,,
vi_VN,VN,01,Hanoi City,Thành phố Hà Nội,Quoc Oai Commune,Xã Quốc Oai,,
vi_VN,VN,01,Hanoi City,Thành phố Hà Nội,Hung Dao Commune,Xã Hưng Đạo,,
vi_VN,VN,01,Hanoi City,Thành phố Hà Nội,Kieu Phu Commune,Xã Kiều Phú,,
vi_VN,VN,01,Hanoi City,Thành phố Hà Nội,Phu Cat Commune,Xã Phú Cát,,
vi_VN,VN,01,Hanoi City,Thành phố Hà Nội,Hoai Duc Commune,Xã Hoài Đức,,
vi_VN,VN,01,Hanoi City,Thành phố Hà Nội,Duong Hoa Commune,Xã Dương Hoà,,
vi_VN,VN,01,Hanoi City,Thành phố Hà Nội,Son Dong Commune,Xã Sơn Đồng,,
vi_VN,VN,01,Hanoi City,Thành phố Hà Nội,An Khanh Commune,Xã An Khánh,,
vi_VN,VN,01,Hanoi City,Thành phố Hà Nội,Dan Phuong Commune,Xã Đan Phượng,,
vi_VN,VN,01,Hanoi City,Thành phố Hà Nội,O Dien Commune,Xã Ô Diên,,
vi_VN,VN,01,Hanoi City,Thành phố Hà Nội,Lien Minh Commune,Xã Liên Minh,,
vi_VN,VN,01,Hanoi City,Thành phố Hà Nội,Gia Lam Commune,Xã Gia Lâm,,
vi_VN,VN,01,Hanoi City,Thành phố Hà Nội,Thuan An Commune,Xã Thuận An,,
vi_VN,VN,01,Hanoi City,Thành phố Hà Nội,Bat Trang Commune,Xã Bát Tràng,,
vi_VN,VN,01,Hanoi City,Thành phố Hà Nội,Phu Dong Commune,Xã Phù Đổng,,
vi_VN,VN,01,Hanoi City,Thành phố Hà Nội,Thu Lam Commune,Xã Thư Lâm,,
vi_VN,VN,01,Hanoi City,Thành phố Hà Nội,Dong Anh Commune,Xã Đông Anh,,
vi_VN,VN,01,Hanoi City,Thành phố Hà Nội,Phuc Thinh Commune,Xã Phúc Thịnh,,
vi_VN,VN,01,Hanoi City,Thành phố Hà Nội,Thien Loc Commune,Xã Thiên Lộc,,
vi_VN,VN,01,Hanoi City,Thành phố Hà Nội,Vinh Thanh Commune,Xã Vĩnh Thanh,,
vi_VN,VN,01,Hanoi City,Thành phố Hà Nội,Me Linh Commune,Xã Mê Linh,,
vi_VN,VN,01,Hanoi City,Thành phố Hà Nội,Yen Lang Commune,Xã Yên Lãng,,
vi_VN,VN,01,Hanoi City,Thành phố Hà Nội,Tien Thang Commune,Xã Tiến Thắng,,
vi_VN,VN,01,Hanoi City,Thành phố Hà Nội,Quang Minh Commune,Xã Quang Minh,,
vi_VN,VN,01,Hanoi City,Thành phố Hà Nội,Soc Son Commune,Xã Sóc Sơn,,
vi_VN,VN,01,Hanoi City,Thành phố Hà Nội,Da Phuc Commune,Xã Đa Phúc,,
vi_VN,VN,01,Hanoi City,Thành phố Hà Nội,Noi Bai Commune,Xã Nội Bài,,
vi_VN,VN,01,Hanoi City,Thành phố Hà Nội,Trung Gia Commune,Xã Trung Giã,,
vi_VN,VN,01,Hanoi City,Thành phố Hà Nội,Kim Anh Commune,Xã Kim Anh,,
vi_VN,VN,02,Bac Ninh Province,Tỉnh Bắc Ninh,Dai Son Commune,Xã Đại Sơn,,
vi_VN,VN,02,Bac Ninh Province,Tỉnh Bắc Ninh,Son Dong Commune,Xã Sơn Động,,
vi_VN,VN,02,Bac Ninh Province,Tỉnh Bắc Ninh,Tay Yen Tu Commune,Xã Tây Yên Tử,,
vi_VN,VN,02,Bac Ninh Province,Tỉnh Bắc Ninh,Duong Huu Commune,Xã Dương Hưu,,
vi_VN,VN,02,Bac Ninh Province,Tỉnh Bắc Ninh,Yen Dinh Commune,Xã Yên Định,,
vi_VN,VN,02,Bac Ninh Province,Tỉnh Bắc Ninh,An Lac Commune,Xã An Lạc,,
vi_VN,VN,02,Bac Ninh Province,Tỉnh Bắc Ninh,Van Son Commune,Xã Vân Sơn,,
vi_VN,VN,02,Bac Ninh Province,Tỉnh Bắc Ninh,Bien Dong Commune,Xã Biển Động,,
vi_VN,VN,02,Bac Ninh Province,Tỉnh Bắc Ninh,Luc Ngan Commune,Xã Lục Ngạn,,
vi_VN,VN,02,Bac Ninh Province,Tỉnh Bắc Ninh,Deo Gia Commune,Xã Đèo Gia,,
vi_VN,VN,02,Bac Ninh Province,Tỉnh Bắc Ninh,Son Hai Commune,Xã Sơn Hải,,
vi_VN,VN,02,Bac Ninh Province,Tỉnh Bắc Ninh,Tan Son Commune,Xã Tân Sơn,,
vi_VN,VN,02,Bac Ninh Province,Tỉnh Bắc Ninh,Bien Son Commune,Xã Biên Sơn,,
vi_VN,VN,02,Bac Ninh Province,Tỉnh Bắc Ninh,Sa Ly Commune,Xã Sa Lý,,
vi_VN,VN,02,Bac Ninh Province,Tỉnh Bắc Ninh,Nam Duong Commune,Xã Nam Dương,,
vi_VN,VN,02,Bac Ninh Province,Tỉnh Bắc Ninh,Kien Lao Commune,Xã Kiên Lao,,
vi_VN,VN,02,Bac Ninh Province,Tỉnh Bắc Ninh,Chu Ward,Phường Chũ,,
vi_VN,VN,02,Bac Ninh Province,Tỉnh Bắc Ninh,Phuong Son Ward,Phường Phượng Sơn,,
vi_VN,VN,02,Bac Ninh Province,Tỉnh Bắc Ninh,Luc Son Commune,Xã Lục Sơn,,
vi_VN,VN,02,Bac Ninh Province,Tỉnh Bắc Ninh,Truong Son Commune,Xã Trường Sơn,,
vi_VN,VN,02,Bac Ninh Province,Tỉnh Bắc Ninh,Cam Ly Commune,Xã Cẩm Lý,,
vi_VN,VN,02,Bac Ninh Province,Tỉnh Bắc Ninh,Dong Phu Commune,Xã Đông Phú,,
vi_VN,VN,02,Bac Ninh Province,Tỉnh Bắc Ninh,Nghia Phuong Commune,Xã Nghĩa Phương,,
vi_VN,VN,02,Bac Ninh Province,Tỉnh Bắc Ninh,Luc Nam Commune,Xã Lục Nam,,
vi_VN,VN,02,Bac Ninh Province,Tỉnh Bắc Ninh,Bac Lung Commune,Xã Bắc Lũng,,
vi_VN,VN,02,Bac Ninh Province,Tỉnh Bắc Ninh,Bao Dai Commune,Xã Bảo Đài,,
vi_VN,VN,02,Bac Ninh Province,Tỉnh Bắc Ninh,Lang Giang Commune,Xã Lạng Giang,,
vi_VN,VN,02,Bac Ninh Province,Tỉnh Bắc Ninh,My Thai Commune,Xã Mỹ Thái,,
vi_VN,VN,02,Bac Ninh Province,Tỉnh Bắc Ninh,Kep Commune,Xã Kép,,
vi_VN,VN,02,Bac Ninh Province,Tỉnh Bắc Ninh,Tan Dinh Commune,Xã Tân Dĩnh,,
vi_VN,VN,02,Bac Ninh Province,Tỉnh Bắc Ninh,Tien Luc Commune,Xã Tiên Lục,,
vi_VN,VN,02,Bac Ninh Province,Tỉnh Bắc Ninh,Yen The Commune,Xã Yên Thế,,
vi_VN,VN,02,Bac Ninh Province,Tỉnh Bắc Ninh,Bo Ha Commune,Xã Bố Hạ,,
vi_VN,VN,02,Bac Ninh Province,Tỉnh Bắc Ninh,Dong Ky Commune,Xã Đồng Kỳ,,
vi_VN,VN,02,Bac Ninh Province,Tỉnh Bắc Ninh,Xuan Luong Commune,Xã Xuân Lương,,
vi_VN,VN,02,Bac Ninh Province,Tỉnh Bắc Ninh,Tam Tien Commune,Xã Tam Tiến,,
vi_VN,VN,02,Bac Ninh Province,Tỉnh Bắc Ninh,Tan Yen Commune,Xã Tân Yên,,
vi_VN,VN,02,Bac Ninh Province,Tỉnh Bắc Ninh,Ngoc Thien Commune,Xã Ngọc Thiện,,
vi_VN,VN,02,Bac Ninh Province,Tỉnh Bắc Ninh,Nha Nam Commune,Xã Nhã Nam,,
vi_VN,VN,02,Bac Ninh Province,Tỉnh Bắc Ninh,Phuc Hoa Commune,Xã Phúc Hoà,,
vi_VN,VN,02,Bac Ninh Province,Tỉnh Bắc Ninh,Quang Trung Commune,Xã Quang Trung,,
vi_VN,VN,02,Bac Ninh Province,Tỉnh Bắc Ninh,Hop Thinh Commune,Xã Hợp Thịnh,,
vi_VN,VN,02,Bac Ninh Province,Tỉnh Bắc Ninh,Hiep Hoa Commune,Xã Hiệp Hoà,,
vi_VN,VN,02,Bac Ninh Province,Tỉnh Bắc Ninh,Hoang Van Commune,Xã Hoàng Vân,,
vi_VN,VN,02,Bac Ninh Province,Tỉnh Bắc Ninh,Xuan Cam Commune,Xã Xuân Cẩm,,
vi_VN,VN,02,Bac Ninh Province,Tỉnh Bắc Ninh,Tu Lan Ward,Phường Tự Lạn,,
vi_VN,VN,02,Bac Ninh Province,Tỉnh Bắc Ninh,Viet Yen Ward,Phường Việt Yên,,
vi_VN,VN,02,Bac Ninh Province,Tỉnh Bắc Ninh,Nenh Ward,Phường Nếnh,,
vi_VN,VN,02,Bac Ninh Province,Tỉnh Bắc Ninh,Van Ha Ward,Phường Vân Hà,,
vi_VN,VN,02,Bac Ninh Province,Tỉnh Bắc Ninh,Dong Viet Commune,Xã Đồng Việt,,
vi_VN,VN,02,Bac Ninh Province,Tỉnh Bắc Ninh,Bac Giang Ward,Phường Bắc Giang,,
vi_VN,VN,02,Bac Ninh Province,Tỉnh Bắc Ninh,Da Mai Ward,Phường Đa Mai,,
vi_VN,VN,02,Bac Ninh Province,Tỉnh Bắc Ninh,Tien Phong Ward,Phường Tiền Phong,,
vi_VN,VN,02,Bac Ninh Province,Tỉnh Bắc Ninh,Tan An Ward,Phường Tân An,,
vi_VN,VN,02,Bac Ninh Province,Tỉnh Bắc Ninh,Yen Dung Ward,Phường Yên Dũng,,
vi_VN,VN,02,Bac Ninh Province,Tỉnh Bắc Ninh,Tan Tien Ward,Phường Tân Tiến,,
vi_VN,VN,02,Bac Ninh Province,Tỉnh Bắc Ninh,Canh Thuy Ward,Phường Cảnh Thụy,,
vi_VN,VN,02,Bac Ninh Province,Tỉnh Bắc Ninh,Kinh Bac Ward,Phường Kinh Bắc,,
vi_VN,VN,02,Bac Ninh Province,Tỉnh Bắc Ninh,Vo Cuong Ward,Phường Võ Cường,,
vi_VN,VN,02,Bac Ninh Province,Tỉnh Bắc Ninh,Vu Ninh Ward,Phường Vũ Ninh,,
vi_VN,VN,02,Bac Ninh Province,Tỉnh Bắc Ninh,Hap Linh Ward,Phường Hạp Lĩnh,,
vi_VN,VN,02,Bac Ninh Province,Tỉnh Bắc Ninh,Nam Son Ward,Phường Nam Sơn,,
vi_VN,VN,02,Bac Ninh Province,Tỉnh Bắc Ninh,Tu Son Ward,Phường Từ Sơn,,
vi_VN,VN,02,Bac Ninh Province,Tỉnh Bắc Ninh,Tam Son Ward,Phường Tam Sơn,,
vi_VN,VN,02,Bac Ninh Province,Tỉnh Bắc Ninh,Dong Nguyen Ward,Phường Đồng Nguyên,,
vi_VN,VN,02,Bac Ninh Province,Tỉnh Bắc Ninh,Phu Khe Ward,Phường Phù Khê,,
vi_VN,VN,02,Bac Ninh Province,Tỉnh Bắc Ninh,Thuan Thanh Ward,Phường Thuận Thành,,
vi_VN,VN,02,Bac Ninh Province,Tỉnh Bắc Ninh,Mao Dien Ward,Phường Mão Điền,,
vi_VN,VN,02,Bac Ninh Province,Tỉnh Bắc Ninh,Tram Lo Ward,Phường Trạm Lộ,,
vi_VN,VN,02,Bac Ninh Province,Tỉnh Bắc Ninh,Tri Qua Ward,Phường Trí Quả,,
vi_VN,VN,02,Bac Ninh Province,Tỉnh Bắc Ninh,Song Lieu Ward,Phường Song Liễu,,
vi_VN,VN,02,Bac Ninh Province,Tỉnh Bắc Ninh,Ninh Xa Ward,Phường Ninh Xá,,
vi_VN,VN,02,Bac Ninh Province,Tỉnh Bắc Ninh,Que Vo Ward,Phường Quế Võ,,
vi_VN,VN,02,Bac Ninh Province,Tỉnh Bắc Ninh,Phuong Lieu Ward,Phường Phương Liễu,,
vi_VN,VN,02,Bac Ninh Province,Tỉnh Bắc Ninh,Nhan Hoa Ward,Phường Nhân Hoà,,
vi_VN,VN,02,Bac Ninh Province,Tỉnh Bắc Ninh,Dao Vien Ward,Phường Đào Viên,,
vi_VN,VN,02,Bac Ninh Province,Tỉnh Bắc Ninh,Bong Lai Ward,Phường Bồng Lai,,
vi_VN,VN,02,Bac Ninh Province,Tỉnh Bắc Ninh,Chi Lang Commune,Xã Chi Lăng,,
vi_VN,VN,02,Bac Ninh Province,Tỉnh Bắc Ninh,Phu Lang Commune,Xã Phù Lãng,,
vi_VN,VN,02,Bac Ninh Province,Tỉnh Bắc Ninh,Yen Phong Commune,Xã Yên Phong,,
vi_VN,VN,02,Bac Ninh Province,Tỉnh Bắc Ninh,Van Mon Commune,Xã Văn Môn,,
vi_VN,VN,02,Bac Ninh Province,Tỉnh Bắc Ninh,Tam Giang Commune,Xã Tam Giang,,
vi_VN,VN,02,Bac Ninh Province,Tỉnh Bắc Ninh,Yen Trung Commune,Xã Yên Trung,,
vi_VN,VN,02,Bac Ninh Province,Tỉnh Bắc Ninh,Tam Da Commune,Xã Tam Đa,,
vi_VN,VN,02,Bac Ninh Province,Tỉnh Bắc Ninh,Tien Du Commune,Xã Tiên Du,,
vi_VN,VN,02,Bac Ninh Province,Tỉnh Bắc Ninh,Lien Bao Commune,Xã Liên Bão,,
vi_VN,VN,02,Bac Ninh Province,Tỉnh Bắc Ninh,Tan Chi Commune,Xã Tân Chi,,
vi_VN,VN,02,Bac Ninh Province,Tỉnh Bắc Ninh,Dai Dong Commune,Xã Đại Đồng,,
vi_VN,VN,02,Bac Ninh Province,Tỉnh Bắc Ninh,Phat Tich Commune,Xã Phật Tích,,
vi_VN,VN,02,Bac Ninh Province,Tỉnh Bắc Ninh,Gia Binh Commune,Xã Gia Bình,,
vi_VN,VN,02,Bac Ninh Province,Tỉnh Bắc Ninh,Nhan Thang Commune,Xã Nhân Thắng,,
vi_VN,VN,02,Bac Ninh Province,Tỉnh Bắc Ninh,Dai Lai Commune,Xã Đại Lai,,
vi_VN,VN,02,Bac Ninh Province,Tỉnh Bắc Ninh,Cao Duc Commune,Xã Cao Đức,,
vi_VN,VN,02,Bac Ninh Province,Tỉnh Bắc Ninh,Dong Cuu Commune,Xã Đông Cứu,,
vi_VN,VN,02,Bac Ninh Province,Tỉnh Bắc Ninh,Luong Tai Commune,Xã Lương Tài,,
vi_VN,VN,02,Bac Ninh Province,Tỉnh Bắc Ninh,Lam Thao Commune,Xã Lâm Thao,,
vi_VN,VN,02,Bac Ninh Province,Tỉnh Bắc Ninh,Trung Chinh Commune,Xã Trung Chính,,
vi_VN,VN,02,Bac Ninh Province,Tỉnh Bắc Ninh,Trung Kenh Commune,Xã Trung Kênh,,
vi_VN,VN,02,Bac Ninh Province,Tỉnh Bắc Ninh,Tuan Dao Commune,Xã Tuấn Đạo,,
vi_VN,VN,03,Quang Ninh Province,Tỉnh Quảng Ninh,An Sinh Ward,Phường An Sinh,,
vi_VN,VN,03,Quang Ninh Province,Tỉnh Quảng Ninh,Dong Trieu Ward,Phường Đông Triều,,
vi_VN,VN,03,Quang Ninh Province,Tỉnh Quảng Ninh,Binh Khe Ward,Phường Bình Khê,,
vi_VN,VN,03,Quang Ninh Province,Tỉnh Quảng Ninh,Mao Khe Ward,Phường Mạo Khê,,
vi_VN,VN,03,Quang Ninh Province,Tỉnh Quảng Ninh,Hoang Que Ward,Phường Hoàng Quế,,
vi_VN,VN,03,Quang Ninh Province,Tỉnh Quảng Ninh,Yen Tu Ward,Phường Yên Tử,,
vi_VN,VN,03,Quang Ninh Province,Tỉnh Quảng Ninh,Vang Danh Ward,Phường Vàng Danh,,
vi_VN,VN,03,Quang Ninh Province,Tỉnh Quảng Ninh,Uong Bi Ward,Phường Uông Bí,,
vi_VN,VN,03,Quang Ninh Province,Tỉnh Quảng Ninh,Dong Mai Ward,Phường Đông Mai,,
vi_VN,VN,03,Quang Ninh Province,Tỉnh Quảng Ninh,Hiep Hoa Ward,Phường Hiệp Hoà,,
vi_VN,VN,03,Quang Ninh Province,Tỉnh Quảng Ninh,Quang Yen Ward,Phường Quảng Yên,,
vi_VN,VN,03,Quang Ninh Province,Tỉnh Quảng Ninh,Ha An Ward,Phường Hà An,,
vi_VN,VN,03,Quang Ninh Province,Tỉnh Quảng Ninh,Phong Coc Ward,Phường Phong Cốc,,
vi_VN,VN,03,Quang Ninh Province,Tỉnh Quảng Ninh,Lien Hoa Ward,Phường Liên Hoà,,
vi_VN,VN,03,Quang Ninh Province,Tỉnh Quảng Ninh,Tuan Chau Ward,Phường Tuần Châu,,
vi_VN,VN,03,Quang Ninh Province,Tỉnh Quảng Ninh,Viet Hung Ward,Phường Việt Hưng,,
vi_VN,VN,03,Quang Ninh Province,Tỉnh Quảng Ninh,Bai Chay Ward,Phường Bãi Cháy,,
vi_VN,VN,03,Quang Ninh Province,Tỉnh Quảng Ninh,Ha Tu Ward,Phường Hà Tu,,
vi_VN,VN,03,Quang Ninh Province,Tỉnh Quảng Ninh,Ha Lam Ward,Phường Hà Lầm,,
vi_VN,VN,03,Quang Ninh Province,Tỉnh Quảng Ninh,Cao Xanh Ward,Phường Cao Xanh,,
vi_VN,VN,03,Quang Ninh Province,Tỉnh Quảng Ninh,Hong Gai Ward,Phường Hồng Gai,,
vi_VN,VN,03,Quang Ninh Province,Tỉnh Quảng Ninh,Ha Long Ward,Phường Hạ Long,,
vi_VN,VN,03,Quang Ninh Province,Tỉnh Quảng Ninh,Hoanh Bo Ward,Phường Hoành Bồ,,
vi_VN,VN,03,Quang Ninh Province,Tỉnh Quảng Ninh,Quang La Commune,Xã Quảng La,,
vi_VN,VN,03,Quang Ninh Province,Tỉnh Quảng Ninh,Thong Nhat Commune,Xã Thống Nhất,,
vi_VN,VN,03,Quang Ninh Province,Tỉnh Quảng Ninh,Mong Duong Ward,Phường Mông Dương,,
vi_VN,VN,03,Quang Ninh Province,Tỉnh Quảng Ninh,Quang Hanh Ward,Phường Quang Hanh,,
vi_VN,VN,03,Quang Ninh Province,Tỉnh Quảng Ninh,Cam Pha Ward,Phường Cẩm Phả,,
vi_VN,VN,03,Quang Ninh Province,Tỉnh Quảng Ninh,Cua Ong Ward,Phường Cửa Ông,,
vi_VN,VN,03,Quang Ninh Province,Tỉnh Quảng Ninh,Hai Hoa Commune,Xã Hải Hoà,,
vi_VN,VN,03,Quang Ninh Province,Tỉnh Quảng Ninh,Tien Yen Commune,Xã Tiên Yên,,
vi_VN,VN,03,Quang Ninh Province,Tỉnh Quảng Ninh,Dien Xa Commune,Xã Điền Xá,,
vi_VN,VN,03,Quang Ninh Province,Tỉnh Quảng Ninh,Dong Ngu Commune,Xã Đông Ngũ,,
vi_VN,VN,03,Quang Ninh Province,Tỉnh Quảng Ninh,Hai Lang Commune,Xã Hải Lạng,,
vi_VN,VN,03,Quang Ninh Province,Tỉnh Quảng Ninh,Luong Minh Commune,Xã Lương Minh,,
vi_VN,VN,03,Quang Ninh Province,Tỉnh Quảng Ninh,Ky Thuong Commune,Xã Kỳ Thượng,,
vi_VN,VN,03,Quang Ninh Province,Tỉnh Quảng Ninh,Ba Che Commune,Xã Ba Chẽ,,
vi_VN,VN,03,Quang Ninh Province,Tỉnh Quảng Ninh,Quang Tan Commune,Xã Quảng Tân,,
vi_VN,VN,03,Quang Ninh Province,Tỉnh Quảng Ninh,Dam Ha Commune,Xã Đầm Hà,,
vi_VN,VN,03,Quang Ninh Province,Tỉnh Quảng Ninh,Quang Ha Commune,Xã Quảng Hà,,
vi_VN,VN,03,Quang Ninh Province,Tỉnh Quảng Ninh,Duong Hoa Commune,Xã Đường Hoa,,
vi_VN,VN,03,Quang Ninh Province,Tỉnh Quảng Ninh,Quang Duc Commune,Xã Quảng Đức,,
vi_VN,VN,03,Quang Ninh Province,Tỉnh Quảng Ninh,Hoanh Mo Commune,Xã Hoành Mô,,
vi_VN,VN,03,Quang Ninh Province,Tỉnh Quảng Ninh,Luc Hon Commune,Xã Lục Hồn,,
vi_VN,VN,03,Quang Ninh Province,Tỉnh Quảng Ninh,Binh Lieu Commune,Xã Bình Liêu,,
vi_VN,VN,03,Quang Ninh Province,Tỉnh Quảng Ninh,Hai Son Commune,Xã Hải Sơn,,
vi_VN,VN,03,Quang Ninh Province,Tỉnh Quảng Ninh,Hai Ninh Commune,Xã Hải Ninh,,
vi_VN,VN,03,Quang Ninh Province,Tỉnh Quảng Ninh,Vinh Thuc Commune,Xã Vĩnh Thực,,
vi_VN,VN,03,Quang Ninh Province,Tỉnh Quảng Ninh,Mong Cai 1 Ward,Phường Móng Cái 1,,
vi_VN,VN,03,Quang Ninh Province,Tỉnh Quảng Ninh,Mong Cai 2 Ward,Phường Móng Cái 2,,
vi_VN,VN,03,Quang Ninh Province,Tỉnh Quảng Ninh,Mong Cai 3 Ward,Phường Móng Cái 3,,
vi_VN,VN,03,Quang Ninh Province,Tỉnh Quảng Ninh,Van Don Special Economic Zone,Đặc khu Vân Đồn,,
vi_VN,VN,03,Quang Ninh Province,Tỉnh Quảng Ninh,Co To Special Economic Zone,Đặc khu Cô Tô,,
vi_VN,VN,03,Quang Ninh Province,Tỉnh Quảng Ninh,Cai Chien Commune,Xã Cái Chiên,,
vi_VN,VN,04,Hai Phong City,Tp Hải Phòng,Thuy Nguyen Ward,Phường Thuỷ Nguyên,,
vi_VN,VN,04,Hai Phong City,Tp Hải Phòng,Thien Huong Ward,Phường Thiên Hương,,
vi_VN,VN,04,Hai Phong City,Tp Hải Phòng,Hoa Binh Ward,Phường Hoà Bình,,
vi_VN,VN,04,Hai Phong City,Tp Hải Phòng,Nam Trieu Ward,Phường Nam Triệu,,
vi_VN,VN,04,Hai Phong City,Tp Hải Phòng,Bach Dang Ward,Phường Bạch Đằng,,
vi_VN,VN,04,Hai Phong City,Tp Hải Phòng,Luu Kiem Ward,Phường Lưu Kiếm,,
vi_VN,VN,04,Hai Phong City,Tp Hải Phòng,Le Ich Moc Ward,Phường Lê Ích Mộc,,
vi_VN,VN,04,Hai Phong City,Tp Hải Phòng,Hong Bang Ward,Phường Hồng Bàng,,
vi_VN,VN,04,Hai Phong City,Tp Hải Phòng,Hong An Ward,Phường Hồng An,,
vi_VN,VN,04,Hai Phong City,Tp Hải Phòng,Ngo Quyen Ward,Phường Ngô Quyền,,
vi_VN,VN,04,Hai Phong City,Tp Hải Phòng,Gia Vien Ward,Phường Gia Viên,,
vi_VN,VN,04,Hai Phong City,Tp Hải Phòng,Le Chan Ward,Phường Lê Chân,,
vi_VN,VN,04,Hai Phong City,Tp Hải Phòng,An Bien Ward,Phường An Biên,,
vi_VN,VN,04,Hai Phong City,Tp Hải Phòng,Hai An Ward,Phường Hải An,,
vi_VN,VN,04,Hai Phong City,Tp Hải Phòng,Dong Hai Ward,Phường Đông Hải,,
vi_VN,VN,04,Hai Phong City,Tp Hải Phòng,Kien An Ward,Phường Kiến An,,
vi_VN,VN,04,Hai Phong City,Tp Hải Phòng,Phu Lien Ward,Phường Phù Liễn,,
vi_VN,VN,04,Hai Phong City,Tp Hải Phòng,Nam Do Son Ward,Phường Nam Đồ Sơn,,
vi_VN,VN,04,Hai Phong City,Tp Hải Phòng,Do Son Ward,Phường Đồ Sơn,,
vi_VN,VN,04,Hai Phong City,Tp Hải Phòng,Hung Dao Ward,Phường Hưng Đạo,,
vi_VN,VN,04,Hai Phong City,Tp Hải Phòng,Duong Kinh Ward,Phường Dương Kinh,,
vi_VN,VN,04,Hai Phong City,Tp Hải Phòng,An Duong Ward,Phường An Dương,,
vi_VN,VN,04,Hai Phong City,Tp Hải Phòng,An Hai Ward,Phường An Hải,,
vi_VN,VN,04,Hai Phong City,Tp Hải Phòng,An Phong Ward,Phường An Phong,,
vi_VN,VN,04,Hai Phong City,Tp Hải Phòng,An Hung Commune,Xã An Hưng,,
vi_VN,VN,04,Hai Phong City,Tp Hải Phòng,An Khanh Commune,Xã An Khánh,,
vi_VN,VN,04,Hai Phong City,Tp Hải Phòng,An Quang Commune,Xã An Quang,,
vi_VN,VN,04,Hai Phong City,Tp Hải Phòng,An Truong Commune,Xã An Trường,,
vi_VN,VN,04,Hai Phong City,Tp Hải Phòng,An Lao Commune,Xã An Lão,,
vi_VN,VN,04,Hai Phong City,Tp Hải Phòng,Kien Thuy Commune,Xã Kiến Thụy,,
vi_VN,VN,04,Hai Phong City,Tp Hải Phòng,Kien Minh Commune,Xã Kiến Minh,,
vi_VN,VN,04,Hai Phong City,Tp Hải Phòng,Kien Hai Commune,Xã Kiến Hải,,
vi_VN,VN,04,Hai Phong City,Tp Hải Phòng,Kien Hung Commune,Xã Kiến Hưng,,
vi_VN,VN,04,Hai Phong City,Tp Hải Phòng,Nghi Duong Commune,Xã Nghi Dương,,
vi_VN,VN,04,Hai Phong City,Tp Hải Phòng,Quyet Thang Commune,Xã Quyết Thắng,,
vi_VN,VN,04,Hai Phong City,Tp Hải Phòng,Tien Lang Commune,Xã Tiên Lãng,,
vi_VN,VN,04,Hai Phong City,Tp Hải Phòng,Tan Minh Commune,Xã Tân Minh,,
vi_VN,VN,04,Hai Phong City,Tp Hải Phòng,Tien Minh Commune,Xã Tiên Minh,,
vi_VN,VN,04,Hai Phong City,Tp Hải Phòng,Chan Hung Commune,Xã Chấn Hưng,,
vi_VN,VN,04,Hai Phong City,Tp Hải Phòng,Hung Thang Commune,Xã Hùng Thắng,,
vi_VN,VN,04,Hai Phong City,Tp Hải Phòng,Vinh Bao Commune,Xã Vĩnh Bảo,,
vi_VN,VN,04,Hai Phong City,Tp Hải Phòng,Nguyen Binh Khiem Commune,Xã Nguyễn Bỉnh Khiêm,,
vi_VN,VN,04,Hai Phong City,Tp Hải Phòng,Vinh Am Commune,Xã Vĩnh Am,,
vi_VN,VN,04,Hai Phong City,Tp Hải Phòng,Vinh Hai Commune,Xã Vĩnh Hải,,
vi_VN,VN,04,Hai Phong City,Tp Hải Phòng,Vinh Hoa Commune,Xã Vĩnh Hoà,,
vi_VN,VN,04,Hai Phong City,Tp Hải Phòng,Vinh Thinh Commune,Xã Vĩnh Thịnh,,
vi_VN,VN,04,Hai Phong City,Tp Hải Phòng,Vinh Thuan Commune,Xã Vĩnh Thuận,,
vi_VN,VN,04,Hai Phong City,Tp Hải Phòng,Viet Khe Commune,Xã Việt Khê,,
vi_VN,VN,04,Hai Phong City,Tp Hải Phòng,Cat Hai Special Economic Zone,Đặc khu Cát Hải,,
vi_VN,VN,04,Hai Phong City,Tp Hải Phòng,Bach Long Vi Special Zone,Đặc khu Bạch Long Vĩ,,
vi_VN,VN,04,Hai Phong City,Tp Hải Phòng,Hai Duong Ward,Phường Hải Dương,,
vi_VN,VN,04,Hai Phong City,Tp Hải Phòng,Le Thanh Nghi Ward,Phường Lê Thanh Nghị,,
vi_VN,VN,04,Hai Phong City,Tp Hải Phòng,Viet Hoa Ward,Phường Việt Hoà,,
vi_VN,VN,04,Hai Phong City,Tp Hải Phòng,Thanh Dong Ward,Phường Thành Đông,,
vi_VN,VN,04,Hai Phong City,Tp Hải Phòng,Nam Dong Ward,Phường Nam Đồng,,
vi_VN,VN,04,Hai Phong City,Tp Hải Phòng,Tan Hung Ward,Phường Tân Hưng,,
vi_VN,VN,04,Hai Phong City,Tp Hải Phòng,Thach Khoi Ward,Phường Thạch Khôi,,
vi_VN,VN,04,Hai Phong City,Tp Hải Phòng,Tu Minh Ward,Phường Tứ Minh,,
vi_VN,VN,04,Hai Phong City,Tp Hải Phòng,Ai Quoc Ward,Phường Ái Quốc,,
vi_VN,VN,04,Hai Phong City,Tp Hải Phòng,Chu Van An Ward,Phường Chu Văn An,,
vi_VN,VN,04,Hai Phong City,Tp Hải Phòng,Chi Linh Ward,Phường Chí Linh,,
vi_VN,VN,04,Hai Phong City,Tp Hải Phòng,Tran Hung Dao Ward,Phường Trần Hưng Đạo,,
vi_VN,VN,04,Hai Phong City,Tp Hải Phòng,Nguyen Trai Ward,Phường Nguyễn Trãi,,
vi_VN,VN,04,Hai Phong City,Tp Hải Phòng,Tran Nhan Tong Ward,Phường Trần Nhân Tông,,
vi_VN,VN,04,Hai Phong City,Tp Hải Phòng,Le Dai Hanh Ward,Phường Lê Đại Hành,,
vi_VN,VN,04,Hai Phong City,Tp Hải Phòng,Kinh Mon Ward,Phường Kinh Môn,,
vi_VN,VN,04,Hai Phong City,Tp Hải Phòng,Nguyen Dai Nang Ward,Phường Nguyễn Đại Năng,,
vi_VN,VN,04,Hai Phong City,Tp Hải Phòng,Tran Lieu Ward,Phường Trần Liễu,,
vi_VN,VN,04,Hai Phong City,Tp Hải Phòng,Bac An Phu Ward,Phường Bắc An Phụ,,
vi_VN,VN,04,Hai Phong City,Tp Hải Phòng,Pham Su Manh Ward,Phường Phạm Sư Mạnh,,
vi_VN,VN,04,Hai Phong City,Tp Hải Phòng,Nhi Chieu Ward,Phường Nhị Chiểu,,
vi_VN,VN,04,Hai Phong City,Tp Hải Phòng,Nam An Phu Commune,Xã Nam An Phụ,,
vi_VN,VN,04,Hai Phong City,Tp Hải Phòng,Nam Sach Commune,Xã Nam Sách,,
vi_VN,VN,04,Hai Phong City,Tp Hải Phòng,Thai Tan Commune,Xã Thái Tân,,
vi_VN,VN,04,Hai Phong City,Tp Hải Phòng,Hop Tien Commune,Xã Hợp Tiến,,
vi_VN,VN,04,Hai Phong City,Tp Hải Phòng,Tran Phu Commune,Xã Trần Phú,,
vi_VN,VN,04,Hai Phong City,Tp Hải Phòng,An Phu Commune,Xã An Phú,,
vi_VN,VN,04,Hai Phong City,Tp Hải Phòng,Thanh Ha Commune,Xã Thanh Hà,,
vi_VN,VN,04,Hai Phong City,Tp Hải Phòng,Ha Tay Commune,Xã Hà Tây,,
vi_VN,VN,04,Hai Phong City,Tp Hải Phòng,Ha Bac Commune,Xã Hà Bắc,,
vi_VN,VN,04,Hai Phong City,Tp Hải Phòng,Ha Nam Commune,Xã Hà Nam,,
vi_VN,VN,04,Hai Phong City,Tp Hải Phòng,Ha Dong Commune,Xã Hà Đông,,
vi_VN,VN,04,Hai Phong City,Tp Hải Phòng,Cam Giang Commune,Xã Cẩm Giang,,
vi_VN,VN,04,Hai Phong City,Tp Hải Phòng,Tue Tinh Commune,Xã Tuệ Tĩnh,,
vi_VN,VN,04,Hai Phong City,Tp Hải Phòng,Mao Dien Commune,Xã Mao Điền,,
vi_VN,VN,04,Hai Phong City,Tp Hải Phòng,Cam Giang Commune,Xã Cẩm Giàng,,
vi_VN,VN,04,Hai Phong City,Tp Hải Phòng,Ke Sat Commune,Xã Kẻ Sặt,,
vi_VN,VN,04,Hai Phong City,Tp Hải Phòng,Binh Giang Commune,Xã Bình Giang,,
vi_VN,VN,04,Hai Phong City,Tp Hải Phòng,Duong An Commune,Xã Đường An,,
vi_VN,VN,04,Hai Phong City,Tp Hải Phòng,Thuong Hong Commune,Xã Thượng Hồng,,
vi_VN,VN,04,Hai Phong City,Tp Hải Phòng,Gia Loc Commune,Xã Gia Lộc,,
vi_VN,VN,04,Hai Phong City,Tp Hải Phòng,Yet Kieu Commune,Xã Yết Kiêu,,
vi_VN,VN,04,Hai Phong City,Tp Hải Phòng,Gia Phuc Commune,Xã Gia Phúc,,
vi_VN,VN,04,Hai Phong City,Tp Hải Phòng,Truong Tan Commune,Xã Trường Tân,,
vi_VN,VN,04,Hai Phong City,Tp Hải Phòng,Tu Ky Commune,Xã Tứ Kỳ,,
vi_VN,VN,04,Hai Phong City,Tp Hải Phòng,Tan Ky Commune,Xã Tân Kỳ,,
vi_VN,VN,04,Hai Phong City,Tp Hải Phòng,Dai Son Commune,Xã Đại Sơn,,
vi_VN,VN,04,Hai Phong City,Tp Hải Phòng,Ho Chi Minh Commune,Xã Chí Minh,,
vi_VN,VN,04,Hai Phong City,Tp Hải Phòng,Lac Phuong Commune,Xã Lạc Phượng,,
vi_VN,VN,04,Hai Phong City,Tp Hải Phòng,Nguyen Giap Commune,Xã Nguyên Giáp,,
vi_VN,VN,04,Hai Phong City,Tp Hải Phòng,Ninh Giang Commune,Xã Ninh Giang,,
vi_VN,VN,04,Hai Phong City,Tp Hải Phòng,Vinh Lai Commune,Xã Vĩnh Lại,,
vi_VN,VN,04,Hai Phong City,Tp Hải Phòng,Khuc Thua Du Commune,Xã Khúc Thừa Dụ,,
vi_VN,VN,04,Hai Phong City,Tp Hải Phòng,Tan An Commune,Xã Tân An,,
vi_VN,VN,04,Hai Phong City,Tp Hải Phòng,Hong Chau Commune,Xã Hồng Châu,,
vi_VN,VN,04,Hai Phong City,Tp Hải Phòng,Thanh Mien Commune,Xã Thanh Miện,,
vi_VN,VN,04,Hai Phong City,Tp Hải Phòng,Bac Thanh Mien Commune,Xã Bắc Thanh Miện,,
vi_VN,VN,04,Hai Phong City,Tp Hải Phòng,Hai Hung Commune,Xã Hải Hưng,,
vi_VN,VN,04,Hai Phong City,Tp Hải Phòng,Nguyen Luong Bang Commune,Xã Nguyễn Lương Bằng,,
vi_VN,VN,04,Hai Phong City,Tp Hải Phòng,Nam Thanh Mien Commune,Xã Nam Thanh Miện,,
vi_VN,VN,04,Hai Phong City,Tp Hải Phòng,Phu Thai Commune,Xã Phú Thái,,
vi_VN,VN,04,Hai Phong City,Tp Hải Phòng,Lai Khe Commune,Xã Lai Khê,,
vi_VN,VN,04,Hai Phong City,Tp Hải Phòng,An Thanh Commune,Xã An Thành,,
vi_VN,VN,04,Hai Phong City,Tp Hải Phòng,Kim Thanh Commune,Xã Kim Thành,,
vi_VN,VN,05,Hung Yen Province,Tỉnh Hưng Yên,Pho Hien Ward,Phường Phố Hiến,,
vi_VN,VN,05,Hung Yen Province,Tỉnh Hưng Yên,Son Nam Ward,Phường Sơn Nam,,
vi_VN,VN,05,Hung Yen Province,Tỉnh Hưng Yên,Hong Chau Ward,Phường Hồng Châu,,
vi_VN,VN,05,Hung Yen Province,Tỉnh Hưng Yên,My Hao Ward,Phường Mỹ Hào,,
vi_VN,VN,05,Hung Yen Province,Tỉnh Hưng Yên,Duong Hao Ward,Phường Đường Hào,,
vi_VN,VN,05,Hung Yen Province,Tỉnh Hưng Yên,Thuong Hong Ward,Phường Thượng Hồng,,
vi_VN,VN,05,Hung Yen Province,Tỉnh Hưng Yên,Tan Hung Commune,Xã Tân Hưng,,
vi_VN,VN,05,Hung Yen Province,Tỉnh Hưng Yên,Hoang Hoa Tham Commune,Xã Hoàng Hoa Thám,,
vi_VN,VN,05,Hung Yen Province,Tỉnh Hưng Yên,Tien Lu Commune,Xã Tiên Lữ,,
vi_VN,VN,05,Hung Yen Province,Tỉnh Hưng Yên,Tien Hoa Commune,Xã Tiên Hoa,,
vi_VN,VN,05,Hung Yen Province,Tỉnh Hưng Yên,Quang Hung Commune,Xã Quang Hưng,,
vi_VN,VN,05,Hung Yen Province,Tỉnh Hưng Yên,Dao Doan Commune,Xã Đoàn Đào,,
vi_VN,VN,05,Hung Yen Province,Tỉnh Hưng Yên,Tien Tien Commune,Xã Tiên Tiến,,
vi_VN,VN,05,Hung Yen Province,Tỉnh Hưng Yên,Tong Tran Commune,Xã Tống Trân,,
vi_VN,VN,05,Hung Yen Province,Tỉnh Hưng Yên,Luong Bang Commune,Xã Lương Bằng,,
vi_VN,VN,05,Hung Yen Province,Tỉnh Hưng Yên,Nghia Dan Commune,Xã Nghĩa Dân,,
vi_VN,VN,05,Hung Yen Province,Tỉnh Hưng Yên,Hiep Cuong Commune,Xã Hiệp Cường,,
vi_VN,VN,05,Hung Yen Province,Tỉnh Hưng Yên,Duc Hop Commune,Xã Đức Hợp,,
vi_VN,VN,05,Hung Yen Province,Tỉnh Hưng Yên,An Thi Commune,Xã Ân Thi,,
vi_VN,VN,05,Hung Yen Province,Tỉnh Hưng Yên,Xuan Truc Commune,Xã Xuân Trúc,,
vi_VN,VN,05,Hung Yen Province,Tỉnh Hưng Yên,Pham Ngu Lao Commune,Xã Phạm Ngũ Lão,,
vi_VN,VN,05,Hung Yen Province,Tỉnh Hưng Yên,Nguyen Trai Commune,Xã Nguyễn Trãi,,
vi_VN,VN,05,Hung Yen Province,Tỉnh Hưng Yên,Hong Quang Commune,Xã Hồng Quang,,
vi_VN,VN,05,Hung Yen Province,Tỉnh Hưng Yên,Khoai Chau Commune,Xã Khoái Châu,,
vi_VN,VN,05,Hung Yen Province,Tỉnh Hưng Yên,Trieu Viet Vuong Commune,Xã Triệu Việt Vương,,
vi_VN,VN,05,Hung Yen Province,Tỉnh Hưng Yên,Viet Tien Commune,Xã Việt Tiến,,
vi_VN,VN,05,Hung Yen Province,Tỉnh Hưng Yên,Ho Chi Minh Commune,Xã Chí Minh,,
vi_VN,VN,05,Hung Yen Province,Tỉnh Hưng Yên,Chau Ninh Commune,Xã Châu Ninh,,
vi_VN,VN,05,Hung Yen Province,Tỉnh Hưng Yên,Yen My Commune,Xã Yên Mỹ,,
vi_VN,VN,05,Hung Yen Province,Tỉnh Hưng Yên,Viet Yen Commune,Xã Việt Yên,,
vi_VN,VN,05,Hung Yen Province,Tỉnh Hưng Yên,Hoan Long Commune,Xã Hoàn Long,,
vi_VN,VN,05,Hung Yen Province,Tỉnh Hưng Yên,Nguyen Van Linh Commune,Xã Nguyễn Văn Linh,,
vi_VN,VN,05,Hung Yen Province,Tỉnh Hưng Yên,Nhu Quynh Commune,Xã Như Quỳnh,,
vi_VN,VN,05,Hung Yen Province,Tỉnh Hưng Yên,Lac Dao Commune,Xã Lạc Đạo,,
vi_VN,VN,05,Hung Yen Province,Tỉnh Hưng Yên,Dai Dong Commune,Xã Đại Đồng,,
vi_VN,VN,05,Hung Yen Province,Tỉnh Hưng Yên,Nghia Tru Commune,Xã Nghĩa Trụ,,
vi_VN,VN,05,Hung Yen Province,Tỉnh Hưng Yên,Phung Cong Commune,Xã Phụng Công,,
vi_VN,VN,05,Hung Yen Province,Tỉnh Hưng Yên,Van Giang Commune,Xã Văn Giang,,
vi_VN,VN,05,Hung Yen Province,Tỉnh Hưng Yên,Me So Commune,Xã Mễ Sở,,
vi_VN,VN,05,Hung Yen Province,Tỉnh Hưng Yên,Thai Binh Ward,Phường Thái Bình,,
vi_VN,VN,05,Hung Yen Province,Tỉnh Hưng Yên,Tran Lam Ward,Phường Trần Lãm,,
vi_VN,VN,05,Hung Yen Province,Tỉnh Hưng Yên,Tran Hung Dao Ward,Phường Trần Hưng Đạo,,
vi_VN,VN,05,Hung Yen Province,Tỉnh Hưng Yên,Tra Ly Ward,Phường Trà Lý,,
vi_VN,VN,05,Hung Yen Province,Tỉnh Hưng Yên,Vu Phuc Ward,Phường Vũ Phúc,,
vi_VN,VN,05,Hung Yen Province,Tỉnh Hưng Yên,Thai Thuy Commune,Xã Thái Thụy,,
vi_VN,VN,05,Hung Yen Province,Tỉnh Hưng Yên,Dong Thuy Anh Commune,Xã Đông Thụy Anh,,
vi_VN,VN,05,Hung Yen Province,Tỉnh Hưng Yên,Bac Thuy Anh Commune,Xã Bắc Thụy Anh,,
vi_VN,VN,05,Hung Yen Province,Tỉnh Hưng Yên,Thuy Anh Commune,Xã Thụy Anh,,
vi_VN,VN,05,Hung Yen Province,Tỉnh Hưng Yên,Nam Thuy Anh Commune,Xã Nam Thụy Anh,,
vi_VN,VN,05,Hung Yen Province,Tỉnh Hưng Yên,Bac Thai Ninh Commune,Xã Bắc Thái Ninh,,
vi_VN,VN,05,Hung Yen Province,Tỉnh Hưng Yên,Thai Ninh Commune,Xã Thái Ninh,,
vi_VN,VN,05,Hung Yen Province,Tỉnh Hưng Yên,Dong Thai Ninh Commune,Xã Đông Thái Ninh,,
vi_VN,VN,05,Hung Yen Province,Tỉnh Hưng Yên,Nam Thai Ninh Commune,Xã Nam Thái Ninh,,
vi_VN,VN,05,Hung Yen Province,Tỉnh Hưng Yên,Tay Thai Ninh Commune,Xã Tây Thái Ninh,,
vi_VN,VN,05,Hung Yen Province,Tỉnh Hưng Yên,Tay Thuy Anh Commune,Xã Tây Thụy Anh,,
vi_VN,VN,05,Hung Yen Province,Tỉnh Hưng Yên,Tien Hai Commune,Xã Tiền Hải,,
vi_VN,VN,05,Hung Yen Province,Tỉnh Hưng Yên,Tay Tien Hai Commune,Xã Tây Tiền Hải,,
vi_VN,VN,05,Hung Yen Province,Tỉnh Hưng Yên,Ai Quoc Ward,Xã Ái Quốc,,
vi_VN,VN,05,Hung Yen Province,Tỉnh Hưng Yên,Dong Chau Commune,Xã Đồng Châu,,
vi_VN,VN,05,Hung Yen Province,Tỉnh Hưng Yên,Dong Tien Hai Commune,Xã Đông Tiền Hải,,
vi_VN,VN,05,Hung Yen Province,Tỉnh Hưng Yên,Nam Cuong Commune,Xã Nam Cường,,
vi_VN,VN,05,Hung Yen Province,Tỉnh Hưng Yên,Hung Phu Commune,Xã Hưng Phú,,
vi_VN,VN,05,Hung Yen Province,Tỉnh Hưng Yên,Nam Tien Hai Commune,Xã Nam Tiền Hải,,
vi_VN,VN,05,Hung Yen Province,Tỉnh Hưng Yên,Quynh Phu Commune,Xã Quỳnh Phụ,,
vi_VN,VN,05,Hung Yen Province,Tỉnh Hưng Yên,Minh Tho Commune,Xã Minh Thọ,,
vi_VN,VN,05,Hung Yen Province,Tỉnh Hưng Yên,Nguyen Du Commune,Xã Nguyễn Du,,
vi_VN,VN,05,Hung Yen Province,Tỉnh Hưng Yên,Quynh An Commune,Xã Quỳnh An,,
vi_VN,VN,05,Hung Yen Province,Tỉnh Hưng Yên,Ngoc Lam Commune,Xã Ngọc Lâm,,
vi_VN,VN,05,Hung Yen Province,Tỉnh Hưng Yên,Dong Bang Commune,Xã Đồng Bằng,,
vi_VN,VN,05,Hung Yen Province,Tỉnh Hưng Yên,A Sao Commune,Xã A Sào,,
vi_VN,VN,05,Hung Yen Province,Tỉnh Hưng Yên,Phu Duc Commune,Xã Phụ Dực,,
vi_VN,VN,05,Hung Yen Province,Tỉnh Hưng Yên,Tan Tien Commune,Xã Tân Tiến,,
vi_VN,VN,05,Hung Yen Province,Tỉnh Hưng Yên,Hung Ha Commune,Xã Hưng Hà,,
vi_VN,VN,05,Hung Yen Province,Tỉnh Hưng Yên,Tien La Commune,Xã Tiên La,,
vi_VN,VN,05,Hung Yen Province,Tỉnh Hưng Yên,Le Quy Don Commune,Xã Lê Quý Đôn,,
vi_VN,VN,05,Hung Yen Province,Tỉnh Hưng Yên,Hong Minh Commune,Xã Hồng Minh,,
vi_VN,VN,05,Hung Yen Province,Tỉnh Hưng Yên,Than Khe Commune,Xã Thần Khê,,
vi_VN,VN,05,Hung Yen Province,Tỉnh Hưng Yên,Dien Ha Commune,Xã Diên Hà,,
vi_VN,VN,05,Hung Yen Province,Tỉnh Hưng Yên,Ngu Thien Commune,Xã Ngự Thiên,,
vi_VN,VN,05,Hung Yen Province,Tỉnh Hưng Yên,Long Hung Commune,Xã Long Hưng,,
vi_VN,VN,05,Hung Yen Province,Tỉnh Hưng Yên,Dong Hung Commune,Xã Đông Hưng,,
vi_VN,VN,05,Hung Yen Province,Tỉnh Hưng Yên,Bac Tien Hung Commune,Xã Bắc Tiên Hưng,,
vi_VN,VN,05,Hung Yen Province,Tỉnh Hưng Yên,Dong Tien Hung Commune,Xã Đông Tiên Hưng,,
vi_VN,VN,05,Hung Yen Province,Tỉnh Hưng Yên,Nam Dong Hung Commune,Xã Nam Đông Hưng,,
vi_VN,VN,05,Hung Yen Province,Tỉnh Hưng Yên,Bac Dong Quan Commune,Xã Bắc Đông Quan,,
vi_VN,VN,05,Hung Yen Province,Tỉnh Hưng Yên,Bac Dong Hung Commune,Xã Bắc Đông Hưng,,
vi_VN,VN,05,Hung Yen Province,Tỉnh Hưng Yên,Dong Quan Commune,Xã Đông Quan,,
vi_VN,VN,05,Hung Yen Province,Tỉnh Hưng Yên,Nam Tien Hung Commune,Xã Nam Tiên Hưng,,
vi_VN,VN,05,Hung Yen Province,Tỉnh Hưng Yên,Tien Hung Commune,Xã Tiên Hưng,,
vi_VN,VN,05,Hung Yen Province,Tỉnh Hưng Yên,Le Loi Commune,Xã Lê Lợi,,
vi_VN,VN,05,Hung Yen Province,Tỉnh Hưng Yên,Kien Xuong Commune,Xã Kiến Xương,,
vi_VN,VN,05,Hung Yen Province,Tỉnh Hưng Yên,Quang Lich Commune,Xã Quang Lịch,,
vi_VN,VN,05,Hung Yen Province,Tỉnh Hưng Yên,Vu Quy Commune,Xã Vũ Quý,,
vi_VN,VN,05,Hung Yen Province,Tỉnh Hưng Yên,Binh Thanh Commune,Xã Bình Thanh,,
vi_VN,VN,05,Hung Yen Province,Tỉnh Hưng Yên,Binh Dinh Commune,Xã Bình Định,,
vi_VN,VN,05,Hung Yen Province,Tỉnh Hưng Yên,Hong Vu Commune,Xã Hồng Vũ,,
vi_VN,VN,05,Hung Yen Province,Tỉnh Hưng Yên,Binh Nguyen Commune,Xã Bình Nguyên,,
vi_VN,VN,05,Hung Yen Province,Tỉnh Hưng Yên,Tra Giang Commune,Xã Trà Giang,,
vi_VN,VN,05,Hung Yen Province,Tỉnh Hưng Yên,Vu Thu Commune,Xã Vũ Thư,,
vi_VN,VN,05,Hung Yen Province,Tỉnh Hưng Yên,Thu Tri Commune,Xã Thư Trì,,
vi_VN,VN,05,Hung Yen Province,Tỉnh Hưng Yên,Tan Thuan Commune,Xã Tân Thuận,,
vi_VN,VN,05,Hung Yen Province,Tỉnh Hưng Yên,Thu Vu Commune,Xã Thư Vũ,,
vi_VN,VN,05,Hung Yen Province,Tỉnh Hưng Yên,Vu Tien Commune,Xã Vũ Tiên,,
vi_VN,VN,05,Hung Yen Province,Tỉnh Hưng Yên,Van Xuan Commune,Xã Vạn Xuân,,
vi_VN,VN,06,Ninh Binh Province,Tỉnh Ninh Bình,Gia Vien Commune,Xã Gia Viễn,,
vi_VN,VN,06,Ninh Binh Province,Tỉnh Ninh Bình,Dai Hoang Commune,Xã Đại Hoàng,,
vi_VN,VN,06,Ninh Binh Province,Tỉnh Ninh Bình,Gia Hung Commune,Xã Gia Hưng,,
vi_VN,VN,06,Ninh Binh Province,Tỉnh Ninh Bình,Gia Phong Commune,Xã Gia Phong,,
vi_VN,VN,06,Ninh Binh Province,Tỉnh Ninh Bình,Gia Van Commune,Xã Gia Vân,,
vi_VN,VN,06,Ninh Binh Province,Tỉnh Ninh Bình,Gia Tran Commune,Xã Gia Trấn,,
vi_VN,VN,06,Ninh Binh Province,Tỉnh Ninh Bình,Nho Quan Commune,Xã Nho Quan,,
vi_VN,VN,06,Ninh Binh Province,Tỉnh Ninh Bình,Gia Lam Commune,Xã Gia Lâm,,
vi_VN,VN,06,Ninh Binh Province,Tỉnh Ninh Bình,Gia Tuong Commune,Xã Gia Tường,,
vi_VN,VN,06,Ninh Binh Province,Tỉnh Ninh Bình,Phu Son Commune,Xã Phú Sơn,,
vi_VN,VN,06,Ninh Binh Province,Tỉnh Ninh Bình,Cuc Phuong Commune,Xã Cúc Phương,,
vi_VN,VN,06,Ninh Binh Province,Tỉnh Ninh Bình,Phu Long Commune,Xã Phú Long,,
vi_VN,VN,06,Ninh Binh Province,Tỉnh Ninh Bình,Thanh Son Commune,Xã Thanh Sơn,,
vi_VN,VN,06,Ninh Binh Province,Tỉnh Ninh Bình,Quynh Luu Commune,Xã Quỳnh Lưu,,
vi_VN,VN,06,Ninh Binh Province,Tỉnh Ninh Bình,Yen Khanh Commune,Xã Yên Khánh,,
vi_VN,VN,06,Ninh Binh Province,Tỉnh Ninh Bình,Khanh Nhac Commune,Xã Khánh Nhạc,,
vi_VN,VN,06,Ninh Binh Province,Tỉnh Ninh Bình,Khanh Thien Commune,Xã Khánh Thiện,,
vi_VN,VN,06,Ninh Binh Province,Tỉnh Ninh Bình,Khanh Hoi Commune,Xã Khánh Hội,,
vi_VN,VN,06,Ninh Binh Province,Tỉnh Ninh Bình,Khanh Trung Commune,Xã Khánh Trung,,
vi_VN,VN,06,Ninh Binh Province,Tỉnh Ninh Bình,Yen Mo Commune,Xã Yên Mô,,
vi_VN,VN,06,Ninh Binh Province,Tỉnh Ninh Bình,Yen Tu Commune,Xã Yên Từ,,
vi_VN,VN,06,Ninh Binh Province,Tỉnh Ninh Bình,Yen Mac Commune,Xã Yên Mạc,,
vi_VN,VN,06,Ninh Binh Province,Tỉnh Ninh Bình,Dong Thai Commune,Xã Đồng Thái,,
vi_VN,VN,06,Ninh Binh Province,Tỉnh Ninh Bình,Chat Binh Commune,Xã Chất Bình,,
vi_VN,VN,06,Ninh Binh Province,Tỉnh Ninh Bình,Kim Son Commune,Xã Kim Sơn,,
vi_VN,VN,06,Ninh Binh Province,Tỉnh Ninh Bình,Quang Thien Commune,Xã Quang Thiện,,
vi_VN,VN,06,Ninh Binh Province,Tỉnh Ninh Bình,Phat Diem Commune,Xã Phát Diệm,,
vi_VN,VN,06,Ninh Binh Province,Tỉnh Ninh Bình,Lai Thanh Commune,Xã Lai Thành,,
vi_VN,VN,06,Ninh Binh Province,Tỉnh Ninh Bình,Dinh Hoa Commune,Xã Định Hóa,,
vi_VN,VN,06,Ninh Binh Province,Tỉnh Ninh Bình,Binh Minh Commune,Xã Bình Minh,,
vi_VN,VN,06,Ninh Binh Province,Tỉnh Ninh Bình,Kim Dong Commune,Xã Kim Đông,,
vi_VN,VN,06,Ninh Binh Province,Tỉnh Ninh Bình,Binh Luc Commune,Xã Bình Lục,,
vi_VN,VN,06,Ninh Binh Province,Tỉnh Ninh Bình,Binh My Commune,Xã Bình Mỹ,,
vi_VN,VN,06,Ninh Binh Province,Tỉnh Ninh Bình,Binh An Commune,Xã Bình An,,
vi_VN,VN,06,Ninh Binh Province,Tỉnh Ninh Bình,Binh Giang Commune,Xã Bình Giang,,
vi_VN,VN,06,Ninh Binh Province,Tỉnh Ninh Bình,Binh Son Commune,Xã Bình Sơn,,
vi_VN,VN,06,Ninh Binh Province,Tỉnh Ninh Bình,Liem Ha Commune,Xã Liêm Hà,,
vi_VN,VN,06,Ninh Binh Province,Tỉnh Ninh Bình,Tan Thanh Commune,Xã Tân Thanh,,
vi_VN,VN,06,Ninh Binh Province,Tỉnh Ninh Bình,Thanh Binh Commune,Xã Thanh Bình,,
vi_VN,VN,06,Ninh Binh Province,Tỉnh Ninh Bình,Thanh Lam Commune,Xã Thanh Lâm,,
vi_VN,VN,06,Ninh Binh Province,Tỉnh Ninh Bình,Thanh Liem Commune,Xã Thanh Liêm,,
vi_VN,VN,06,Ninh Binh Province,Tỉnh Ninh Bình,Ly Nhan Commune,Xã Lý Nhân,,
vi_VN,VN,06,Ninh Binh Province,Tỉnh Ninh Bình,Nam Xang Commune,Xã Nam Xang,,
vi_VN,VN,06,Ninh Binh Province,Tỉnh Ninh Bình,Bac Ly Commune,Xã Bắc Lý,,
vi_VN,VN,06,Ninh Binh Province,Tỉnh Ninh Bình,Vinh Tru Commune,Xã Vĩnh Trụ,,
vi_VN,VN,06,Ninh Binh Province,Tỉnh Ninh Bình,Tran Thuong Commune,Xã Trần Thương,,
vi_VN,VN,06,Ninh Binh Province,Tỉnh Ninh Bình,Nhan Ha Commune,Xã Nhân Hà,,
vi_VN,VN,06,Ninh Binh Province,Tỉnh Ninh Bình,Nam Ly Commune,Xã Nam Lý,,
vi_VN,VN,06,Ninh Binh Province,Tỉnh Ninh Bình,Nam Truc Commune,Xã Nam Trực,,
vi_VN,VN,06,Ninh Binh Province,Tỉnh Ninh Bình,Nam Minh Commune,Xã Nam Minh,,
vi_VN,VN,06,Ninh Binh Province,Tỉnh Ninh Bình,Nam Dong Commune,Xã Nam Đồng,,
vi_VN,VN,06,Ninh Binh Province,Tỉnh Ninh Bình,Nam Ninh Commune,Xã Nam Ninh,,
vi_VN,VN,06,Ninh Binh Province,Tỉnh Ninh Bình,Nam Hong Commune,Xã Nam Hồng,,
vi_VN,VN,06,Ninh Binh Province,Tỉnh Ninh Bình,Minh Tan Commune,Xã Minh Tân,,
vi_VN,VN,06,Ninh Binh Province,Tỉnh Ninh Bình,Hien Khanh Commune,Xã Hiển Khánh,,
vi_VN,VN,06,Ninh Binh Province,Tỉnh Ninh Bình,Vu Ban Commune,Xã Vụ Bản,,
vi_VN,VN,06,Ninh Binh Province,Tỉnh Ninh Bình,Lien Minh Commune,Xã Liên Minh,,
vi_VN,VN,06,Ninh Binh Province,Tỉnh Ninh Bình,Y Yen Commune,Xã Ý Yên,,
vi_VN,VN,06,Ninh Binh Province,Tỉnh Ninh Bình,Yen Dong Commune,Xã Yên Đồng,,
vi_VN,VN,06,Ninh Binh Province,Tỉnh Ninh Bình,Yen Cuong Commune,Xã Yên Cường,,
vi_VN,VN,06,Ninh Binh Province,Tỉnh Ninh Bình,Van Thang Commune,Xã Vạn Thắng,,
vi_VN,VN,06,Ninh Binh Province,Tỉnh Ninh Bình,Vu Duong Commune,Xã Vũ Dương,,
vi_VN,VN,06,Ninh Binh Province,Tỉnh Ninh Bình,Tan Minh Commune,Xã Tân Minh,,
vi_VN,VN,06,Ninh Binh Province,Tỉnh Ninh Bình,Phong Doanh Commune,Xã Phong Doanh,,
vi_VN,VN,06,Ninh Binh Province,Tỉnh Ninh Bình,Co Le Commune,Xã Cổ Lễ,,
vi_VN,VN,06,Ninh Binh Province,Tỉnh Ninh Bình,Ninh Giang Commune,Xã Ninh Giang,,
vi_VN,VN,06,Ninh Binh Province,Tỉnh Ninh Bình,Cat Thanh Commune,Xã Cát Thành,,
vi_VN,VN,06,Ninh Binh Province,Tỉnh Ninh Bình,Truc Ninh Commune,Xã Trực Ninh,,
vi_VN,VN,06,Ninh Binh Province,Tỉnh Ninh Bình,Quang Hung Commune,Xã Quang Hưng,,
vi_VN,VN,06,Ninh Binh Province,Tỉnh Ninh Bình,Minh Thai Commune,Xã Minh Thái,,
vi_VN,VN,06,Ninh Binh Province,Tỉnh Ninh Bình,Ninh Cuong Commune,Xã Ninh Cường,,
vi_VN,VN,06,Ninh Binh Province,Tỉnh Ninh Bình,Xuan Truong Commune,Xã Xuân Trường,,
vi_VN,VN,06,Ninh Binh Province,Tỉnh Ninh Bình,Xuan Hung Commune,Xã Xuân Hưng,,
vi_VN,VN,06,Ninh Binh Province,Tỉnh Ninh Bình,Xuan Giang Commune,Xã Xuân Giang,,
vi_VN,VN,06,Ninh Binh Province,Tỉnh Ninh Bình,Xuan Hong Commune,Xã Xuân Hồng,,
vi_VN,VN,06,Ninh Binh Province,Tỉnh Ninh Bình,Hai Hau Commune,Xã Hải Hậu,,
vi_VN,VN,06,Ninh Binh Province,Tỉnh Ninh Bình,Hai Anh Commune,Xã Hải Anh,,
vi_VN,VN,06,Ninh Binh Province,Tỉnh Ninh Bình,Hai Tien Commune,Xã Hải Tiến,,
vi_VN,VN,06,Ninh Binh Province,Tỉnh Ninh Bình,Hai Hung Commune,Xã Hải Hưng,,
vi_VN,VN,06,Ninh Binh Province,Tỉnh Ninh Bình,Hai An Commune,Xã Hải An,,
vi_VN,VN,06,Ninh Binh Province,Tỉnh Ninh Bình,Hai Quang Commune,Xã Hải Quang,,
vi_VN,VN,06,Ninh Binh Province,Tỉnh Ninh Bình,Hai Xuan Commune,Xã Hải Xuân,,
vi_VN,VN,06,Ninh Binh Province,Tỉnh Ninh Bình,Hai Thinh Commune,Xã Hải Thịnh,,
vi_VN,VN,06,Ninh Binh Province,Tỉnh Ninh Bình,Giao Minh Commune,Xã Giao Minh,,
vi_VN,VN,06,Ninh Binh Province,Tỉnh Ninh Bình,Giao Hoa Commune,Xã Giao Hoà,,
vi_VN,VN,06,Ninh Binh Province,Tỉnh Ninh Bình,Giao Thuy Commune,Xã Giao Thuỷ,,
vi_VN,VN,06,Ninh Binh Province,Tỉnh Ninh Bình,Giao Phuc Commune,Xã Giao Phúc,,
vi_VN,VN,06,Ninh Binh Province,Tỉnh Ninh Bình,Giao Hung Commune,Xã Giao Hưng,,
vi_VN,VN,06,Ninh Binh Province,Tỉnh Ninh Bình,Giao Binh Commune,Xã Giao Bình,,
vi_VN,VN,06,Ninh Binh Province,Tỉnh Ninh Bình,Giao Ninh Commune,Xã Giao Ninh,,
vi_VN,VN,06,Ninh Binh Province,Tỉnh Ninh Bình,Dong Thinh Commune,Xã Đồng Thịnh,,
vi_VN,VN,06,Ninh Binh Province,Tỉnh Ninh Bình,Nghia Hung Commune,Xã Nghĩa Hưng,,
vi_VN,VN,06,Ninh Binh Province,Tỉnh Ninh Bình,Nghia Son Commune,Xã Nghĩa Sơn,,
vi_VN,VN,06,Ninh Binh Province,Tỉnh Ninh Bình,Hong Phong Commune,Xã Hồng Phong,,
vi_VN,VN,06,Ninh Binh Province,Tỉnh Ninh Bình,Quy Nhat Commune,Xã Quỹ Nhất,,
vi_VN,VN,06,Ninh Binh Province,Tỉnh Ninh Bình,Nghia Lam Commune,Xã Nghĩa Lâm,,
vi_VN,VN,06,Ninh Binh Province,Tỉnh Ninh Bình,Rang Dong Commune,Xã Rạng Đông,,
vi_VN,VN,06,Ninh Binh Province,Tỉnh Ninh Bình,Tay Hoa Lu Ward,Phường Tây Hoa Lư,,
vi_VN,VN,06,Ninh Binh Province,Tỉnh Ninh Bình,Hoa Lu Ward,Phường Hoa Lư,,
vi_VN,VN,06,Ninh Binh Province,Tỉnh Ninh Bình,Nam Hoa Lu Ward,Phường Nam Hoa Lư,,
vi_VN,VN,06,Ninh Binh Province,Tỉnh Ninh Bình,Dong Hoa Lu Ward,Phường Đông Hoa Lư,,
vi_VN,VN,06,Ninh Binh Province,Tỉnh Ninh Bình,Tam Diep Ward,Phường Tam Điệp,,
vi_VN,VN,06,Ninh Binh Province,Tỉnh Ninh Bình,Yen Son Ward,Phường Yên Sơn,,
vi_VN,VN,06,Ninh Binh Province,Tỉnh Ninh Bình,Trung Son Ward,Phường Trung Sơn,,
vi_VN,VN,06,Ninh Binh Province,Tỉnh Ninh Bình,Yen Thang Ward,Phường Yên Thắng,,
vi_VN,VN,06,Ninh Binh Province,Tỉnh Ninh Bình,Ha Nam Ward,Phường Hà Nam,,
vi_VN,VN,06,Ninh Binh Province,Tỉnh Ninh Bình,Phu Ly Ward,Phường Phủ Lý,,
vi_VN,VN,06,Ninh Binh Province,Tỉnh Ninh Bình,Phu Van Ward,Phường Phù Vân,,
vi_VN,VN,06,Ninh Binh Province,Tỉnh Ninh Bình,Chau Son Ward,Phường Châu Sơn,,
vi_VN,VN,06,Ninh Binh Province,Tỉnh Ninh Bình,Liem Tuyen Ward,Phường Liêm Tuyền,,
vi_VN,VN,06,Ninh Binh Province,Tỉnh Ninh Bình,Duy Tien Ward,Phường Duy Tiên,,
vi_VN,VN,06,Ninh Binh Province,Tỉnh Ninh Bình,Duy Tan Ward,Phường Duy Tân,,
vi_VN,VN,06,Ninh Binh Province,Tỉnh Ninh Bình,Dong Van Ward,Phường Đồng Văn,,
vi_VN,VN,06,Ninh Binh Province,Tỉnh Ninh Bình,Duy Ha Ward,Phường Duy Hà,,
vi_VN,VN,06,Ninh Binh Province,Tỉnh Ninh Bình,Tien Son Ward,Phường Tiên Sơn,,
vi_VN,VN,06,Ninh Binh Province,Tỉnh Ninh Bình,Le Ho Ward,Phường Lê Hồ,,
vi_VN,VN,06,Ninh Binh Province,Tỉnh Ninh Bình,Nguyen Uy Ward,Phường Nguyễn Úy,,
vi_VN,VN,06,Ninh Binh Province,Tỉnh Ninh Bình,Ly Thuong Kiet Ward,Phường Lý Thường Kiệt,,
vi_VN,VN,06,Ninh Binh Province,Tỉnh Ninh Bình,Kim Thanh Ward,Phường Kim Thanh,,
vi_VN,VN,06,Ninh Binh Province,Tỉnh Ninh Bình,Tam Chuc Ward,Phường Tam Chúc,,
vi_VN,VN,06,Ninh Binh Province,Tỉnh Ninh Bình,Kim Bang Ward,Phường Kim Bảng,,
vi_VN,VN,06,Ninh Binh Province,Tỉnh Ninh Bình,Nam Dinh Ward,Phường Nam Định,,
vi_VN,VN,06,Ninh Binh Province,Tỉnh Ninh Bình,Thien Truong Ward,Phường Thiên Trường,,
vi_VN,VN,06,Ninh Binh Province,Tỉnh Ninh Bình,Dong A Ward,Phường Đông A,,
vi_VN,VN,06,Ninh Binh Province,Tỉnh Ninh Bình,Vi Khe Ward,Phường Vị Khê,,
vi_VN,VN,06,Ninh Binh Province,Tỉnh Ninh Bình,Thanh Nam Ward,Phường Thành Nam,,
vi_VN,VN,06,Ninh Binh Province,Tỉnh Ninh Bình,Truong Thi Ward,Phường Trường Thi,,
vi_VN,VN,06,Ninh Binh Province,Tỉnh Ninh Bình,Hong Quang Ward,Phường Hồng Quang,,
vi_VN,VN,06,Ninh Binh Province,Tỉnh Ninh Bình,My Loc Ward,Phường Mỹ Lộc,,
vi_VN,VN,07,Cao Bang Province,Tỉnh Cao Bằng,Thuc Phan Ward,Phường Thục Phán,,
vi_VN,VN,07,Cao Bang Province,Tỉnh Cao Bằng,Nung Tri Cao Ward,Phường Nùng Trí Cao,,
vi_VN,VN,07,Cao Bang Province,Tỉnh Cao Bằng,Tan Giang Ward,Phường Tân Giang,,
vi_VN,VN,07,Cao Bang Province,Tỉnh Cao Bằng,Quang Lam Commune,Xã Quảng Lâm,,
vi_VN,VN,07,Cao Bang Province,Tỉnh Cao Bằng,Nam Quang Commune,Xã Nam Quang,,
vi_VN,VN,07,Cao Bang Province,Tỉnh Cao Bằng,Ly Bon Commune,Xã Lý Bôn,,
vi_VN,VN,07,Cao Bang Province,Tỉnh Cao Bằng,Bao Lam Commune,Xã Bảo Lâm,,
vi_VN,VN,07,Cao Bang Province,Tỉnh Cao Bằng,Yen Tho Commune,Xã Yên Thổ,,
vi_VN,VN,07,Cao Bang Province,Tỉnh Cao Bằng,Son Lo Commune,Xã Sơn Lộ,,
vi_VN,VN,07,Cao Bang Province,Tỉnh Cao Bằng,Hung Dao Commune,Xã Hưng Đạo,,
vi_VN,VN,07,Cao Bang Province,Tỉnh Cao Bằng,Bao Lac Commune,Xã Bảo Lạc,,
vi_VN,VN,07,Cao Bang Province,Tỉnh Cao Bằng,Coc Pang Commune,Xã Cốc Pàng,,
vi_VN,VN,07,Cao Bang Province,Tỉnh Cao Bằng,Co Ba Commune,Xã Cô Ba,,
vi_VN,VN,07,Cao Bang Province,Tỉnh Cao Bằng,Khanh Xuan Commune,Xã Khánh Xuân,,
vi_VN,VN,07,Cao Bang Province,Tỉnh Cao Bằng,Xuan Truong Commune,Xã Xuân Trường,,
vi_VN,VN,07,Cao Bang Province,Tỉnh Cao Bằng,Huy Giap Commune,Xã Huy Giáp,,
vi_VN,VN,07,Cao Bang Province,Tỉnh Cao Bằng,Ca Thanh Commune,Xã Ca Thành,,
vi_VN,VN,07,Cao Bang Province,Tỉnh Cao Bằng,Phan Thanh Commune,Xã Phan Thanh,,
vi_VN,VN,07,Cao Bang Province,Tỉnh Cao Bằng,Thanh Cong Commune,Xã Thành Công,,
vi_VN,VN,07,Cao Bang Province,Tỉnh Cao Bằng,Tinh Tuc Commune,Xã Tĩnh Túc,,
vi_VN,VN,07,Cao Bang Province,Tỉnh Cao Bằng,Tam Kim Commune,Xã Tam Kim,,
vi_VN,VN,07,Cao Bang Province,Tỉnh Cao Bằng,Nguyen Binh Commune,Xã Nguyên Bình,,
vi_VN,VN,07,Cao Bang Province,Tỉnh Cao Bằng,Minh Tam Commune,Xã Minh Tâm,,
vi_VN,VN,07,Cao Bang Province,Tỉnh Cao Bằng,Thanh Long Commune,Xã Thanh Long,,
vi_VN,VN,07,Cao Bang Province,Tỉnh Cao Bằng,Can Yen Commune,Xã Cần Yên,,
vi_VN,VN,07,Cao Bang Province,Tỉnh Cao Bằng,Thong Nong Commune,Xã Thông Nông,,
vi_VN,VN,07,Cao Bang Province,Tỉnh Cao Bằng,Truong Ha Commune,Xã Trường Hà,,
vi_VN,VN,07,Cao Bang Province,Tỉnh Cao Bằng,Ha Quang Commune,Xã Hà Quảng,,
vi_VN,VN,07,Cao Bang Province,Tỉnh Cao Bằng,Lung Nam Commune,Xã Lũng Nặm,,
vi_VN,VN,07,Cao Bang Province,Tỉnh Cao Bằng,Tong Cot Commune,Xã Tổng Cọt,,
vi_VN,VN,07,Cao Bang Province,Tỉnh Cao Bằng,Nam Tuan Commune,Xã Nam Tuấn,,
vi_VN,VN,07,Cao Bang Province,Tỉnh Cao Bằng,Hoa An Commune,Xã Hoà An,,
vi_VN,VN,07,Cao Bang Province,Tỉnh Cao Bằng,Bach Dang Commune,Xã Bạch Đằng,,
vi_VN,VN,07,Cao Bang Province,Tỉnh Cao Bằng,Nguyen Hue Commune,Xã Nguyễn Huệ,,
vi_VN,VN,07,Cao Bang Province,Tỉnh Cao Bằng,Minh Khai Commune,Xã Minh Khai,,
vi_VN,VN,07,Cao Bang Province,Tỉnh Cao Bằng,Canh Tan Commune,Xã Canh Tân,,
vi_VN,VN,07,Cao Bang Province,Tỉnh Cao Bằng,Kim Dong Commune,Xã Kim Đồng,,
vi_VN,VN,07,Cao Bang Province,Tỉnh Cao Bằng,Thach An Commune,Xã Thạch An,,
vi_VN,VN,07,Cao Bang Province,Tỉnh Cao Bằng,Dong Khe Commune,Xã Đông Khê,,
vi_VN,VN,07,Cao Bang Province,Tỉnh Cao Bằng,Duc Long Commune,Xã Đức Long,,
vi_VN,VN,07,Cao Bang Province,Tỉnh Cao Bằng,Phuc Hoa Commune,Xã Phục Hoà,,
vi_VN,VN,07,Cao Bang Province,Tỉnh Cao Bằng,Be Van Dan Commune,Xã Bế Văn Đàn,,
vi_VN,VN,07,Cao Bang Province,Tỉnh Cao Bằng,Doc Lap Commune,Xã Độc Lập,,
vi_VN,VN,07,Cao Bang Province,Tỉnh Cao Bằng,Quang Uyen Commune,Xã Quảng Uyên,,
vi_VN,VN,07,Cao Bang Province,Tỉnh Cao Bằng,Hanh Phuc Commune,Xã Hạnh Phúc,,
vi_VN,VN,07,Cao Bang Province,Tỉnh Cao Bằng,Quang Han Commune,Xã Quang Hán,,
vi_VN,VN,07,Cao Bang Province,Tỉnh Cao Bằng,Tra Linh Commune,Xã Trà Lĩnh,,
vi_VN,VN,07,Cao Bang Province,Tỉnh Cao Bằng,Quang Trung Commune,Xã Quang Trung,,
vi_VN,VN,07,Cao Bang Province,Tỉnh Cao Bằng,Doai Duong Commune,Xã Đoài Dương,,
vi_VN,VN,07,Cao Bang Province,Tỉnh Cao Bằng,Trung Khanh Commune,Xã Trùng Khánh,,
vi_VN,VN,07,Cao Bang Province,Tỉnh Cao Bằng,Dam Thuy Commune,Xã Đàm Thuỷ,,
vi_VN,VN,07,Cao Bang Province,Tỉnh Cao Bằng,Dinh Phong Commune,Xã Đình Phong,,
vi_VN,VN,07,Cao Bang Province,Tỉnh Cao Bằng,Ly Quoc Commune,Xã Lý Quốc,,
vi_VN,VN,07,Cao Bang Province,Tỉnh Cao Bằng,Ha Lang Commune,Xã Hạ Lang,,
vi_VN,VN,07,Cao Bang Province,Tỉnh Cao Bằng,Vinh Quy Commune,Xã Vinh Quý,,
vi_VN,VN,07,Cao Bang Province,Tỉnh Cao Bằng,Quang Long Commune,Xã Quang Long,,
vi_VN,VN,08,Tuyen Quang Province,Tỉnh Tuyên Quang,Thuong Lam Commune,Xã Thượng Lâm,,
vi_VN,VN,08,Tuyen Quang Province,Tỉnh Tuyên Quang,Lam Binh Commune,Xã Lâm Bình,,
vi_VN,VN,08,Tuyen Quang Province,Tỉnh Tuyên Quang,Minh Quang Commune,Xã Minh Quang,,
vi_VN,VN,08,Tuyen Quang Province,Tỉnh Tuyên Quang,Binh An Commune,Xã Bình An,,
vi_VN,VN,08,Tuyen Quang Province,Tỉnh Tuyên Quang,Con Lon Commune,Xã Côn Lôn,,
vi_VN,VN,08,Tuyen Quang Province,Tỉnh Tuyên Quang,Yen Hoa Commune,Xã Yên Hoa,,
vi_VN,VN,08,Tuyen Quang Province,Tỉnh Tuyên Quang,Thuong Nong Commune,Xã Thượng Nông,,
vi_VN,VN,08,Tuyen Quang Province,Tỉnh Tuyên Quang,Hong Thai Commune,Xã Hồng Thái,,
vi_VN,VN,08,Tuyen Quang Province,Tỉnh Tuyên Quang,Na Hang Commune,Xã Nà Hang,,
vi_VN,VN,08,Tuyen Quang Province,Tỉnh Tuyên Quang,Tan My Commune,Xã Tân Mỹ,,
vi_VN,VN,08,Tuyen Quang Province,Tỉnh Tuyên Quang,Yen Lap Commune,Xã Yên Lập,,
vi_VN,VN,08,Tuyen Quang Province,Tỉnh Tuyên Quang,Tan An Commune,Xã Tân An,,
vi_VN,VN,08,Tuyen Quang Province,Tỉnh Tuyên Quang,Chiem Hoa Commune,Xã Chiêm Hoá,,
vi_VN,VN,08,Tuyen Quang Province,Tỉnh Tuyên Quang,Hoa An Commune,Xã Hoà An,,
vi_VN,VN,08,Tuyen Quang Province,Tỉnh Tuyên Quang,Kien Dai Commune,Xã Kiên Đài,,
vi_VN,VN,08,Tuyen Quang Province,Tỉnh Tuyên Quang,Tri Phu Commune,Xã Tri Phú,,
vi_VN,VN,08,Tuyen Quang Province,Tỉnh Tuyên Quang,Kim Binh Commune,Xã Kim Bình,,
vi_VN,VN,08,Tuyen Quang Province,Tỉnh Tuyên Quang,Yen Nguyen Commune,Xã Yên Nguyên,,
vi_VN,VN,08,Tuyen Quang Province,Tỉnh Tuyên Quang,Trung Ha Commune,Xã Trung Hà,,
vi_VN,VN,08,Tuyen Quang Province,Tỉnh Tuyên Quang,Yen Phu Commune,Xã Yên Phú,,
vi_VN,VN,08,Tuyen Quang Province,Tỉnh Tuyên Quang,Bach Xa Commune,Xã Bạch Xa,,
vi_VN,VN,08,Tuyen Quang Province,Tỉnh Tuyên Quang,Phu Luu Commune,Xã Phù Lưu,,
vi_VN,VN,08,Tuyen Quang Province,Tỉnh Tuyên Quang,Ham Yen Commune,Xã Hàm Yên,,
vi_VN,VN,08,Tuyen Quang Province,Tỉnh Tuyên Quang,Binh Xa Commune,Xã Bình Xa,,
vi_VN,VN,08,Tuyen Quang Province,Tỉnh Tuyên Quang,Thai Son Commune,Xã Thái Sơn,,
vi_VN,VN,08,Tuyen Quang Province,Tỉnh Tuyên Quang,Thai Hoa Commune,Xã Thái Hoà,,
vi_VN,VN,08,Tuyen Quang Province,Tỉnh Tuyên Quang,Hung Duc Commune,Xã Hùng Đức,,
vi_VN,VN,08,Tuyen Quang Province,Tỉnh Tuyên Quang,Hung Loi Commune,Xã Hùng Lợi,,
vi_VN,VN,08,Tuyen Quang Province,Tỉnh Tuyên Quang,Trung Son Commune,Xã Trung Sơn,,
vi_VN,VN,08,Tuyen Quang Province,Tỉnh Tuyên Quang,Thai Binh Commune,Xã Thái Bình,,
vi_VN,VN,08,Tuyen Quang Province,Tỉnh Tuyên Quang,Tan Long Commune,Xã Tân Long,,
vi_VN,VN,08,Tuyen Quang Province,Tỉnh Tuyên Quang,Xuan Van Commune,Xã Xuân Vân,,
vi_VN,VN,08,Tuyen Quang Province,Tỉnh Tuyên Quang,Luc Hanh Commune,Xã Lực Hành,,
vi_VN,VN,08,Tuyen Quang Province,Tỉnh Tuyên Quang,Yen Son Commune,Xã Yên Sơn,,
vi_VN,VN,08,Tuyen Quang Province,Tỉnh Tuyên Quang,Nhu Khe Commune,Xã Nhữ Khê,,
vi_VN,VN,08,Tuyen Quang Province,Tỉnh Tuyên Quang,Kien Thiet Commune,Xã Kiến Thiết,,
vi_VN,VN,08,Tuyen Quang Province,Tỉnh Tuyên Quang,Tan Trao Commune,Xã Tân Trào,,
vi_VN,VN,08,Tuyen Quang Province,Tỉnh Tuyên Quang,Minh Thanh Commune,Xã Minh Thanh,,
vi_VN,VN,08,Tuyen Quang Province,Tỉnh Tuyên Quang,Son Duong Commune,Xã Sơn Dương,,
vi_VN,VN,08,Tuyen Quang Province,Tỉnh Tuyên Quang,Binh Ca Commune,Xã Bình Ca,,
vi_VN,VN,08,Tuyen Quang Province,Tỉnh Tuyên Quang,Tan Thanh Commune,Xã Tân Thanh,,
vi_VN,VN,08,Tuyen Quang Province,Tỉnh Tuyên Quang,Son Thuy Commune,Xã Sơn Thuỷ,,
vi_VN,VN,08,Tuyen Quang Province,Tỉnh Tuyên Quang,Phu Luong Commune,Xã Phú Lương,,
vi_VN,VN,08,Tuyen Quang Province,Tỉnh Tuyên Quang,Truong Sinh Commune,Xã Trường Sinh,,
vi_VN,VN,08,Tuyen Quang Province,Tỉnh Tuyên Quang,Hong Son Commune,Xã Hồng Sơn,,
vi_VN,VN,08,Tuyen Quang Province,Tỉnh Tuyên Quang,Dong Tho Commune,Xã Đông Thọ,,
vi_VN,VN,08,Tuyen Quang Province,Tỉnh Tuyên Quang,My Lam Ward,Phường Mỹ Lâm,,
vi_VN,VN,08,Tuyen Quang Province,Tỉnh Tuyên Quang,Minh Xuan Ward,Phường Minh Xuân,,
vi_VN,VN,08,Tuyen Quang Province,Tỉnh Tuyên Quang,Nong Tien Ward,Phường Nông Tiến,,
vi_VN,VN,08,Tuyen Quang Province,Tỉnh Tuyên Quang,An Tuong Ward,Phường An Tường,,
vi_VN,VN,08,Tuyen Quang Province,Tỉnh Tuyên Quang,Binh Thuan Ward,Phường Bình Thuận,,
vi_VN,VN,08,Tuyen Quang Province,Tỉnh Tuyên Quang,Lung Cu Commune,Xã Lũng Cú,,
vi_VN,VN,08,Tuyen Quang Province,Tỉnh Tuyên Quang,Dong Van Commune,Xã Đồng Văn,,
vi_VN,VN,08,Tuyen Quang Province,Tỉnh Tuyên Quang,Sa Phin Commune,Xã Sà Phìn,,
vi_VN,VN,08,Tuyen Quang Province,Tỉnh Tuyên Quang,Pho Bang Commune,Xã Phố Bảng,,
vi_VN,VN,08,Tuyen Quang Province,Tỉnh Tuyên Quang,Lung Phin Commune,Xã Lũng Phìn,,
vi_VN,VN,08,Tuyen Quang Province,Tỉnh Tuyên Quang,Sung Mang Commune,Xã Sủng Máng,,
vi_VN,VN,08,Tuyen Quang Province,Tỉnh Tuyên Quang,Son Vi Commune,Xã Sơn Vĩ,,
vi_VN,VN,08,Tuyen Quang Province,Tỉnh Tuyên Quang,Meo Vac Commune,Xã Mèo Vạc,,
vi_VN,VN,08,Tuyen Quang Province,Tỉnh Tuyên Quang,Khau Vai Commune,Xã Khâu Vai,,
vi_VN,VN,08,Tuyen Quang Province,Tỉnh Tuyên Quang,Niem Son Commune,Xã Niêm Sơn,,
vi_VN,VN,08,Tuyen Quang Province,Tỉnh Tuyên Quang,Tat Nga Commune,Xã Tát Ngà,,
vi_VN,VN,08,Tuyen Quang Province,Tỉnh Tuyên Quang,Thang Mo Commune,Xã Thắng Mố,,
vi_VN,VN,08,Tuyen Quang Province,Tỉnh Tuyên Quang,Bach Dich Commune,Xã Bạch Đích,,
vi_VN,VN,08,Tuyen Quang Province,Tỉnh Tuyên Quang,Yen Minh Commune,Xã Yên Minh,,
vi_VN,VN,08,Tuyen Quang Province,Tỉnh Tuyên Quang,Mau Due Commune,Xã Mậu Duệ,,
vi_VN,VN,08,Tuyen Quang Province,Tỉnh Tuyên Quang,Ngoc Long Commune,Xã Ngọc Long,,
vi_VN,VN,08,Tuyen Quang Province,Tỉnh Tuyên Quang,Du Gia Commune,Xã Du Già,,
vi_VN,VN,08,Tuyen Quang Province,Tỉnh Tuyên Quang,Duong Thuong Commune,Xã Đường Thượng,,
vi_VN,VN,08,Tuyen Quang Province,Tỉnh Tuyên Quang,Lung Tam Commune,Xã Lùng Tám,,
vi_VN,VN,08,Tuyen Quang Province,Tỉnh Tuyên Quang,Can Ty Commune,Xã Cán Tỷ,,
vi_VN,VN,08,Tuyen Quang Province,Tỉnh Tuyên Quang,Nghia Thuan Commune,Xã Nghĩa Thuận,,
vi_VN,VN,08,Tuyen Quang Province,Tỉnh Tuyên Quang,Quan Ba ​​Commune,Xã Quản Bạ,,
vi_VN,VN,08,Tuyen Quang Province,Tỉnh Tuyên Quang,Tung Vai Commune,Xã Tùng Vài,,
vi_VN,VN,08,Tuyen Quang Province,Tỉnh Tuyên Quang,Yen Cuong Commune,Xã Yên Cường,,
vi_VN,VN,08,Tuyen Quang Province,Tỉnh Tuyên Quang,Duong Hong Commune,Xã Đường Hồng,,
vi_VN,VN,08,Tuyen Quang Province,Tỉnh Tuyên Quang,Bac Me Commune,Xã Bắc Mê,,
vi_VN,VN,08,Tuyen Quang Province,Tỉnh Tuyên Quang,Giap Trung Commune,Xã Giáp Trung,,
vi_VN,VN,08,Tuyen Quang Province,Tỉnh Tuyên Quang,Minh Son Commune,Xã Minh Sơn,,
vi_VN,VN,08,Tuyen Quang Province,Tỉnh Tuyên Quang,Minh Ngoc Commune,Xã Minh Ngọc,,
vi_VN,VN,08,Tuyen Quang Province,Tỉnh Tuyên Quang,Ngoc Duong Commune,Xã Ngọc Đường,,
vi_VN,VN,08,Tuyen Quang Province,Tỉnh Tuyên Quang,Ha Giang 1 Ward,Phường Hà Giang 1,,
vi_VN,VN,08,Tuyen Quang Province,Tỉnh Tuyên Quang,Ha Giang 2 Ward,Phường Hà Giang 2,,
vi_VN,VN,08,Tuyen Quang Province,Tỉnh Tuyên Quang,Lao Chai Commune,Xã Lao Chải,,
vi_VN,VN,08,Tuyen Quang Province,Tỉnh Tuyên Quang,Thanh Thuy Commune,Xã Thanh Thuỷ,,
vi_VN,VN,08,Tuyen Quang Province,Tỉnh Tuyên Quang,Minh Tan Commune,Xã Minh Tân,,
vi_VN,VN,08,Tuyen Quang Province,Tỉnh Tuyên Quang,Thuan Hoa Commune,Xã Thuận Hoà,,
vi_VN,VN,08,Tuyen Quang Province,Tỉnh Tuyên Quang,Tung Ba Commune,Xã Tùng Bá,,
vi_VN,VN,08,Tuyen Quang Province,Tỉnh Tuyên Quang,Phu Linh Commune,Xã Phú Linh,,
vi_VN,VN,08,Tuyen Quang Province,Tỉnh Tuyên Quang,Linh Ho Commune,Xã Linh Hồ,,
vi_VN,VN,08,Tuyen Quang Province,Tỉnh Tuyên Quang,Bach Ngoc Commune,Xã Bạch Ngọc,,
vi_VN,VN,08,Tuyen Quang Province,Tỉnh Tuyên Quang,Vi Xuyen Commune,Xã Vị Xuyên,,
vi_VN,VN,08,Tuyen Quang Province,Tỉnh Tuyên Quang,Viet Lam Commune,Xã Việt Lâm,,
vi_VN,VN,08,Tuyen Quang Province,Tỉnh Tuyên Quang,Cao Bo Commune,Xã Cao Bồ,,
vi_VN,VN,08,Tuyen Quang Province,Tỉnh Tuyên Quang,Thuong Son Commune,Xã Thượng Sơn,,
vi_VN,VN,08,Tuyen Quang Province,Tỉnh Tuyên Quang,Tan Quang Commune,Xã Tân Quang,,
vi_VN,VN,08,Tuyen Quang Province,Tỉnh Tuyên Quang,Dong Tam Commune,Xã Đồng Tâm,,
vi_VN,VN,08,Tuyen Quang Province,Tỉnh Tuyên Quang,Lien Hiep Commune,Xã Liên Hiệp,,
vi_VN,VN,08,Tuyen Quang Province,Tỉnh Tuyên Quang,Bang Hanh Commune,Xã Bằng Hành,,
vi_VN,VN,08,Tuyen Quang Province,Tỉnh Tuyên Quang,Bac Quang Commune,Xã Bắc Quang,,
vi_VN,VN,08,Tuyen Quang Province,Tỉnh Tuyên Quang,Hung An Commune,Xã Hùng An,,
vi_VN,VN,08,Tuyen Quang Province,Tỉnh Tuyên Quang,Vinh Tuy Commune,Xã Vĩnh Tuy,,
vi_VN,VN,08,Tuyen Quang Province,Tỉnh Tuyên Quang,Dong Yen Commune,Xã Đồng Yên,,
vi_VN,VN,08,Tuyen Quang Province,Tỉnh Tuyên Quang,Tien Yen Commune,Xã Tiên Yên,,
vi_VN,VN,08,Tuyen Quang Province,Tỉnh Tuyên Quang,Xuan Giang Commune,Xã Xuân Giang,,
vi_VN,VN,08,Tuyen Quang Province,Tỉnh Tuyên Quang,Bang Lang Commune,Xã Bằng Lang,,
vi_VN,VN,08,Tuyen Quang Province,Tỉnh Tuyên Quang,Yen Thanh Commune,Xã Yên Thành,,
vi_VN,VN,08,Tuyen Quang Province,Tỉnh Tuyên Quang,Quang Binh Commune,Xã Quang Bình,,
vi_VN,VN,08,Tuyen Quang Province,Tỉnh Tuyên Quang,Tan Trinh Commune,Xã Tân Trịnh,,
vi_VN,VN,08,Tuyen Quang Province,Tỉnh Tuyên Quang,Tien Nguyen Commune,Xã Tiên Nguyên,,
vi_VN,VN,08,Tuyen Quang Province,Tỉnh Tuyên Quang,Thong Nguyen Commune,Xã Thông Nguyên,,
vi_VN,VN,08,Tuyen Quang Province,Tỉnh Tuyên Quang,Ho Thau Commune,Xã Hồ Thầu,,
vi_VN,VN,08,Tuyen Quang Province,Tỉnh Tuyên Quang,Nam Dich Commune,Xã Nậm Dịch,,
vi_VN,VN,08,Tuyen Quang Province,Tỉnh Tuyên Quang,Tan Tien Commune,Xã Tân Tiến,,
vi_VN,VN,08,Tuyen Quang Province,Tỉnh Tuyên Quang,Hoang Su Phi Commune,Xã Hoàng Su Phì,,
vi_VN,VN,08,Tuyen Quang Province,Tỉnh Tuyên Quang,Thanh Tin Commune,Xã Thàng Tín,,
vi_VN,VN,08,Tuyen Quang Province,Tỉnh Tuyên Quang,Ban May Commune,Xã Bản Máy,,
vi_VN,VN,08,Tuyen Quang Province,Tỉnh Tuyên Quang,Po Ly Ngai Commune,Xã Pờ Ly Ngài,,
vi_VN,VN,08,Tuyen Quang Province,Tỉnh Tuyên Quang,Xin Man Commune,Xã Xín Mần,,
vi_VN,VN,08,Tuyen Quang Province,Tỉnh Tuyên Quang,Pa Vay Su Commune,Xã Pà Vầy Sủ,,
vi_VN,VN,08,Tuyen Quang Province,Tỉnh Tuyên Quang,Nam Dan Commune,Xã Nấm Dẩn,,
vi_VN,VN,08,Tuyen Quang Province,Tỉnh Tuyên Quang,Trung Thinh Commune,Xã Trung Thịnh,,
vi_VN,VN,08,Tuyen Quang Province,Tỉnh Tuyên Quang,Quang Nguyen Commune,Xã Quảng Nguyên,,
vi_VN,VN,08,Tuyen Quang Province,Tỉnh Tuyên Quang,Khuon Lung Commune,Xã Khuôn Lùng,,
vi_VN,VN,09,Lao Cai Province,Tỉnh Lào Cai,Khao Mang Commune,Xã Khao Mang,,
vi_VN,VN,09,Lao Cai Province,Tỉnh Lào Cai,Mu Cang Chai Commune,Xã Mù Cang Chải,,
vi_VN,VN,09,Lao Cai Province,Tỉnh Lào Cai,Pung Luong Commune,Xã Púng Luông,,
vi_VN,VN,09,Lao Cai Province,Tỉnh Lào Cai,Tu Le Commune,Xã Tú Lệ,,
vi_VN,VN,09,Lao Cai Province,Tỉnh Lào Cai,Tram Tau Commune,Xã Trạm Tấu,,
vi_VN,VN,09,Lao Cai Province,Tỉnh Lào Cai,Happiness Commune,Xã Hạnh Phúc,,
vi_VN,VN,09,Lao Cai Province,Tỉnh Lào Cai,Phinh Ho Commune,Xã Phình Hồ,,
vi_VN,VN,09,Lao Cai Province,Tỉnh Lào Cai,Nghia Lo Ward,Phường Nghĩa Lộ,,
vi_VN,VN,09,Lao Cai Province,Tỉnh Lào Cai,Central Ward,Phường Trung Tâm,,
vi_VN,VN,09,Lao Cai Province,Tỉnh Lào Cai,Cau Thia Ward,Phường Cầu Thia,,
vi_VN,VN,09,Lao Cai Province,Tỉnh Lào Cai,Lien Son Commune,Xã Liên Sơn,,
vi_VN,VN,09,Lao Cai Province,Tỉnh Lào Cai,Gia Hoi Commune,Xã Gia Hội,,
vi_VN,VN,09,Lao Cai Province,Tỉnh Lào Cai,Son Luong Commune,Xã Sơn Lương,,
vi_VN,VN,09,Lao Cai Province,Tỉnh Lào Cai,Thuong Bang La Commune,Xã Thượng Bằng La,,
vi_VN,VN,09,Lao Cai Province,Tỉnh Lào Cai,Chan Thinh Commune,Xã Chấn Thịnh,,
vi_VN,VN,09,Lao Cai Province,Tỉnh Lào Cai,Nghia Tam Commune,Xã Nghĩa Tâm,,
vi_VN,VN,09,Lao Cai Province,Tỉnh Lào Cai,Van Chan Commune,Xã Văn Chấn,,
vi_VN,VN,09,Lao Cai Province,Tỉnh Lào Cai,Phong Du Ha Commune,Xã Phong Dụ Hạ,,
vi_VN,VN,09,Lao Cai Province,Tỉnh Lào Cai,Chau Que Commune,Xã Châu Quế,,
vi_VN,VN,09,Lao Cai Province,Tỉnh Lào Cai,Lam Giang Commune,Xã Lâm Giang,,
vi_VN,VN,09,Lao Cai Province,Tỉnh Lào Cai,Dong Cuong Commune,Xã Đông Cuông,,
vi_VN,VN,09,Lao Cai Province,Tỉnh Lào Cai,Tan Hop Commune,Xã Tân Hợp,,
vi_VN,VN,09,Lao Cai Province,Tỉnh Lào Cai,Mau A Commune,Xã Mậu A,,
vi_VN,VN,09,Lao Cai Province,Tỉnh Lào Cai,Xuan Ai Commune,Xã Xuân Ái,,
vi_VN,VN,09,Lao Cai Province,Tỉnh Lào Cai,Gold Mine Commune,Xã Mỏ Vàng,,
vi_VN,VN,09,Lao Cai Province,Tỉnh Lào Cai,Lam Thuong Commune,Xã Lâm Thượng,,
vi_VN,VN,09,Lao Cai Province,Tỉnh Lào Cai,Luc Yen Commune,Xã Lục Yên,,
vi_VN,VN,09,Lao Cai Province,Tỉnh Lào Cai,Tan Linh Commune,Xã Tân Lĩnh,,
vi_VN,VN,09,Lao Cai Province,Tỉnh Lào Cai,Khanh Hoa Commune,Xã Khánh Hoà,,
vi_VN,VN,09,Lao Cai Province,Tỉnh Lào Cai,Phuc Loi Commune,Xã Phúc Lợi,,
vi_VN,VN,09,Lao Cai Province,Tỉnh Lào Cai,Muong Lai Commune,Xã Mường Lai,,
vi_VN,VN,09,Lao Cai Province,Tỉnh Lào Cai,Cam Nhan Commune,Xã Cảm Nhân,,
vi_VN,VN,09,Lao Cai Province,Tỉnh Lào Cai,Yen Thanh Commune,Xã Yên Thành,,
vi_VN,VN,09,Lao Cai Province,Tỉnh Lào Cai,Thac Ba Commune,Xã Thác Bà,,
vi_VN,VN,09,Lao Cai Province,Tỉnh Lào Cai,Yen Binh Commune,Xã Yên Bình,,
vi_VN,VN,09,Lao Cai Province,Tỉnh Lào Cai,Bao Ai Commune,Xã Bảo Ái,,
vi_VN,VN,09,Lao Cai Province,Tỉnh Lào Cai,Van Phu Ward,Phường Văn Phú,,
vi_VN,VN,09,Lao Cai Province,Tỉnh Lào Cai,Yen Bai Ward,Phường Yên Bái,,
vi_VN,VN,09,Lao Cai Province,Tỉnh Lào Cai,Nam Cuong Ward,Phường Nam Cường,,
vi_VN,VN,09,Lao Cai Province,Tỉnh Lào Cai,Au Lau Ward,Phường Âu Lâu,,
vi_VN,VN,09,Lao Cai Province,Tỉnh Lào Cai,Tran Yen Commune,Xã Trấn Yên,,
vi_VN,VN,09,Lao Cai Province,Tỉnh Lào Cai,Hung Khanh Commune,Xã Hưng Khánh,,
vi_VN,VN,09,Lao Cai Province,Tỉnh Lào Cai,Luong Thinh Commune,Xã Lương Thịnh,,
vi_VN,VN,09,Lao Cai Province,Tỉnh Lào Cai,Viet Hong Commune,Xã Việt Hồng,,
vi_VN,VN,09,Lao Cai Province,Tỉnh Lào Cai,Quy Mong Commune,Xã Quy Mông,,
vi_VN,VN,09,Lao Cai Province,Tỉnh Lào Cai,Phong Hai Commune,Xã Phong Hải,,
vi_VN,VN,09,Lao Cai Province,Tỉnh Lào Cai,Xuan Quang Commune,Xã Xuân Quang,,
vi_VN,VN,09,Lao Cai Province,Tỉnh Lào Cai,Bao Thang Commune,Xã Bảo Thắng,,
vi_VN,VN,09,Lao Cai Province,Tỉnh Lào Cai,Tang Loong Commune,Xã Tằng Lỏong,,
vi_VN,VN,09,Lao Cai Province,Tỉnh Lào Cai,Gia Phu Commune,Xã Gia Phú,,
vi_VN,VN,09,Lao Cai Province,Tỉnh Lào Cai,Coc San Commune,Xã Cốc San,,
vi_VN,VN,09,Lao Cai Province,Tỉnh Lào Cai,Hop Thanh Commune,Xã Hợp Thành,,
vi_VN,VN,09,Lao Cai Province,Tỉnh Lào Cai,Cam Duong Ward,Phường Cam Đường,,
vi_VN,VN,09,Lao Cai Province,Tỉnh Lào Cai,Lao Cai Ward,Phường Lào Cai,,
vi_VN,VN,09,Lao Cai Province,Tỉnh Lào Cai,Muong Hum Commune,Xã Mường Hum,,
vi_VN,VN,09,Lao Cai Province,Tỉnh Lào Cai,Den Sang Commune,Xã Dền Sáng,,
vi_VN,VN,09,Lao Cai Province,Tỉnh Lào Cai,Y Ty Commune,Xã Y Tý,,
vi_VN,VN,09,Lao Cai Province,Tỉnh Lào Cai,A Mu Sung Commune,Xã A Mú Sung,,
vi_VN,VN,09,Lao Cai Province,Tỉnh Lào Cai,Trinh Tuong Commune,Xã Trịnh Tường,,
vi_VN,VN,09,Lao Cai Province,Tỉnh Lào Cai,Ban Xeo Commune,Xã Bản Xèo,,
vi_VN,VN,09,Lao Cai Province,Tỉnh Lào Cai,Bat Xat Commune,Xã Bát Xát,,
vi_VN,VN,09,Lao Cai Province,Tỉnh Lào Cai,Nghia Do Commune,Xã Nghĩa Đô,,
vi_VN,VN,09,Lao Cai Province,Tỉnh Lào Cai,Thuong Ha Commune,Xã Thượng Hà,,
vi_VN,VN,09,Lao Cai Province,Tỉnh Lào Cai,Bao Yen Commune,Xã Bảo Yên,,
vi_VN,VN,09,Lao Cai Province,Tỉnh Lào Cai,Xuan Hoa Commune,Xã Xuân Hoà,,
vi_VN,VN,09,Lao Cai Province,Tỉnh Lào Cai,Phuc Khanh Commune,Xã Phúc Khánh,,
vi_VN,VN,09,Lao Cai Province,Tỉnh Lào Cai,Bao Ha Commune,Xã Bảo Hà,,
vi_VN,VN,09,Lao Cai Province,Tỉnh Lào Cai,Vo Lao Commune,Xã Võ Lao,,
vi_VN,VN,09,Lao Cai Province,Tỉnh Lào Cai,Khanh Yen Commune,Xã Khánh Yên,,
vi_VN,VN,09,Lao Cai Province,Tỉnh Lào Cai,Van Ban Commune,Xã Văn Bàn,,
vi_VN,VN,09,Lao Cai Province,Tỉnh Lào Cai,Duong Quy Commune,Xã Dương Quỳ,,
vi_VN,VN,09,Lao Cai Province,Tỉnh Lào Cai,Chieng Ken Commune,Xã Chiềng Ken,,
vi_VN,VN,09,Lao Cai Province,Tỉnh Lào Cai,Minh Luong Commune,Xã Minh Lương,,
vi_VN,VN,09,Lao Cai Province,Tỉnh Lào Cai,Nam Chay Commune,Xã Nậm Chày,,
vi_VN,VN,09,Lao Cai Province,Tỉnh Lào Cai,Muong Bo Commune,Xã Mường Bo,,
vi_VN,VN,09,Lao Cai Province,Tỉnh Lào Cai,Ban Ho Commune,Xã Bản Hồ,,
vi_VN,VN,09,Lao Cai Province,Tỉnh Lào Cai,Ta Phin Commune,Xã Tả Phìn,,
vi_VN,VN,09,Lao Cai Province,Tỉnh Lào Cai,Ta Van Commune,Xã Tả Van,,
vi_VN,VN,09,Lao Cai Province,Tỉnh Lào Cai,Sapa Ward,Phường Sa Pa,,
vi_VN,VN,09,Lao Cai Province,Tỉnh Lào Cai,Coc Lau Commune,Xã Cốc Lầu,,
vi_VN,VN,09,Lao Cai Province,Tỉnh Lào Cai,Bao Nhai Commune,Xã Bảo Nhai,,
vi_VN,VN,09,Lao Cai Province,Tỉnh Lào Cai,Ban Lien Commune,Xã Bản Liền,,
vi_VN,VN,09,Lao Cai Province,Tỉnh Lào Cai,Bac Ha Commune,Xã Bắc Hà,,
vi_VN,VN,09,Lao Cai Province,Tỉnh Lào Cai,Ta Cu Ty Commune,Xã Tả Củ Tỷ,,
vi_VN,VN,09,Lao Cai Province,Tỉnh Lào Cai,Lung Phinh Commune,Xã Lùng Phình,,
vi_VN,VN,09,Lao Cai Province,Tỉnh Lào Cai,Pha Long Commune,Xã Pha Long,,
vi_VN,VN,09,Lao Cai Province,Tỉnh Lào Cai,Muong Khuong Commune,Xã Mường Khương,,
vi_VN,VN,09,Lao Cai Province,Tỉnh Lào Cai,Ban Lau Commune,Xã Bản Lầu,,
vi_VN,VN,09,Lao Cai Province,Tỉnh Lào Cai,Cao Son Commune,Xã Cao Sơn,,
vi_VN,VN,09,Lao Cai Province,Tỉnh Lào Cai,Simacai Commune,Xã Si Ma Cai,,
vi_VN,VN,09,Lao Cai Province,Tỉnh Lào Cai,Sin Cheng Commune,Xã Sín Chéng,,
vi_VN,VN,09,Lao Cai Province,Tỉnh Lào Cai,Lao Chai Commune,Xã Lao Chải,,
vi_VN,VN,09,Lao Cai Province,Tỉnh Lào Cai,Manufacturing Commune,Xã Chế Tạo,,
vi_VN,VN,09,Lao Cai Province,Tỉnh Lào Cai,Nam Co Commune,Xã Nậm Có,,
vi_VN,VN,09,Lao Cai Province,Tỉnh Lào Cai,Ta Xi Lang Commune,Xã Tà Xi Láng,,
vi_VN,VN,09,Lao Cai Province,Tỉnh Lào Cai,Phong Du Thuong Commune,Xã Phong Dụ Thượng,,
vi_VN,VN,09,Lao Cai Province,Tỉnh Lào Cai,Cat Thinh Commune,Xã Cát Thịnh,,
vi_VN,VN,09,Lao Cai Province,Tỉnh Lào Cai,Nam Xe Commune,Xã Nậm Xé,,
vi_VN,VN,09,Lao Cai Province,Tỉnh Lào Cai,Ngu Chi Son Commune,Xã Ngũ Chỉ Sơn,,
vi_VN,VN,10,Thai Nguyen Province,Tỉnh Thái Nguyên,Phan Dinh Phung Ward,Phường Phan Đình Phùng,,
vi_VN,VN,10,Thai Nguyen Province,Tỉnh Thái Nguyên,Linh Son Ward,Phường Linh Sơn,,
vi_VN,VN,10,Thai Nguyen Province,Tỉnh Thái Nguyên,Tich Luong Ward,Phường Tích Lương,,
vi_VN,VN,10,Thai Nguyen Province,Tỉnh Thái Nguyên,Gia Sang Ward,Phường Gia Sàng,,
vi_VN,VN,10,Thai Nguyen Province,Tỉnh Thái Nguyên,Quyet Thang Ward,Phường Quyết Thắng,,
vi_VN,VN,10,Thai Nguyen Province,Tỉnh Thái Nguyên,Quan Trieu Ward,Phường Quan Triều,,
vi_VN,VN,10,Thai Nguyen Province,Tỉnh Thái Nguyên,Tan Cuong Commune,Xã Tân Cương,,
vi_VN,VN,10,Thai Nguyen Province,Tỉnh Thái Nguyên,Dai Phuc Commune,Xã Đại Phúc,,
vi_VN,VN,10,Thai Nguyen Province,Tỉnh Thái Nguyên,Dai Tu Commune,Xã Đại Từ,,
vi_VN,VN,10,Thai Nguyen Province,Tỉnh Thái Nguyên,Duc Luong Commune,Xã Đức Lương,,
vi_VN,VN,10,Thai Nguyen Province,Tỉnh Thái Nguyên,Phu Thinh Commune,Xã Phú Thịnh,,
vi_VN,VN,10,Thai Nguyen Province,Tỉnh Thái Nguyên,La Bang Commune,Xã La Bằng,,
vi_VN,VN,10,Thai Nguyen Province,Tỉnh Thái Nguyên,Phu Lac Commune,Xã Phú Lạc,,
vi_VN,VN,10,Thai Nguyen Province,Tỉnh Thái Nguyên,An Khanh Commune,Xã An Khánh,,
vi_VN,VN,10,Thai Nguyen Province,Tỉnh Thái Nguyên,Quan Chu Commune,Xã Quân Chu,,
vi_VN,VN,10,Thai Nguyen Province,Tỉnh Thái Nguyên,Van Phu Commune,Xã Vạn Phú,,
vi_VN,VN,10,Thai Nguyen Province,Tỉnh Thái Nguyên,Phu Xuyen Commune,Xã Phú Xuyên,,
vi_VN,VN,10,Thai Nguyen Province,Tỉnh Thái Nguyên,Pho Yen Ward,Phường Phổ Yên,,
vi_VN,VN,10,Thai Nguyen Province,Tỉnh Thái Nguyên,Van Xuan Ward,Phường Vạn Xuân,,
vi_VN,VN,10,Thai Nguyen Province,Tỉnh Thái Nguyên,Trung Thanh Ward,Phường Trung Thành,,
vi_VN,VN,10,Thai Nguyen Province,Tỉnh Thái Nguyên,Phuc Thuan Ward,Phường Phúc Thuận,,
vi_VN,VN,10,Thai Nguyen Province,Tỉnh Thái Nguyên,Thanh Cong Commune,Xã Thành Công,,
vi_VN,VN,10,Thai Nguyen Province,Tỉnh Thái Nguyên,Phu Binh Commune,Xã Phú Bình,,
vi_VN,VN,10,Thai Nguyen Province,Tỉnh Thái Nguyên,Tan Thanh Commune,Xã Tân Thành,,
vi_VN,VN,10,Thai Nguyen Province,Tỉnh Thái Nguyên,Diem Thuy Commune,Xã Điềm Thụy,,
vi_VN,VN,10,Thai Nguyen Province,Tỉnh Thái Nguyên,Kha Son Commune,Xã Kha Sơn,,
vi_VN,VN,10,Thai Nguyen Province,Tỉnh Thái Nguyên,Tan Khanh Commune,Xã Tân Khánh,,
vi_VN,VN,10,Thai Nguyen Province,Tỉnh Thái Nguyên,Dong Hy Commune,Xã Đồng Hỷ,,
vi_VN,VN,10,Thai Nguyen Province,Tỉnh Thái Nguyên,Quang Son Commune,Xã Quang Sơn,,
vi_VN,VN,10,Thai Nguyen Province,Tỉnh Thái Nguyên,Trai Cau Commune,Xã Trại Cau,,
vi_VN,VN,10,Thai Nguyen Province,Tỉnh Thái Nguyên,Nam Hoa Commune,Xã Nam Hoà,,
vi_VN,VN,10,Thai Nguyen Province,Tỉnh Thái Nguyên,Van Han Commune,Xã Văn Hán,,
vi_VN,VN,10,Thai Nguyen Province,Tỉnh Thái Nguyên,Van Lang Commune,Xã Văn Lăng,,
vi_VN,VN,10,Thai Nguyen Province,Tỉnh Thái Nguyên,Song Cong Ward,Phường Sông Công,,
vi_VN,VN,10,Thai Nguyen Province,Tỉnh Thái Nguyên,Ba Xuyen Ward,Phường Bá Xuyên,,
vi_VN,VN,10,Thai Nguyen Province,Tỉnh Thái Nguyên,Bach Quang Ward,Phường Bách Quang,,
vi_VN,VN,10,Thai Nguyen Province,Tỉnh Thái Nguyên,Phu Luong Commune,Xã Phú Lương,,
vi_VN,VN,10,Thai Nguyen Province,Tỉnh Thái Nguyên,Vo Tranh Commune,Xã Vô Tranh,,
vi_VN,VN,10,Thai Nguyen Province,Tỉnh Thái Nguyên,Yen Trach Commune,Xã Yên Trạch,,
vi_VN,VN,10,Thai Nguyen Province,Tỉnh Thái Nguyên,Hop Thanh Commune,Xã Hợp Thành,,
vi_VN,VN,10,Thai Nguyen Province,Tỉnh Thái Nguyên,Dinh Hoa Commune,Xã Định Hóa,,
vi_VN,VN,10,Thai Nguyen Province,Tỉnh Thái Nguyên,Binh Yen Commune,Xã Bình Yên,,
vi_VN,VN,10,Thai Nguyen Province,Tỉnh Thái Nguyên,Trung Hoi Commune,Xã Trung Hội,,
vi_VN,VN,10,Thai Nguyen Province,Tỉnh Thái Nguyên,Phuong Tien Commune,Xã Phượng Tiến,,
vi_VN,VN,10,Thai Nguyen Province,Tỉnh Thái Nguyên,Phu Dinh Commune,Xã Phú Đình,,
vi_VN,VN,10,Thai Nguyen Province,Tỉnh Thái Nguyên,Binh Thanh Commune,Xã Bình Thành,,
vi_VN,VN,10,Thai Nguyen Province,Tỉnh Thái Nguyên,Kim Phuong Commune,Xã Kim Phượng,,
vi_VN,VN,10,Thai Nguyen Province,Tỉnh Thái Nguyên,Lam Vy Commune,Xã Lam Vỹ,,
vi_VN,VN,10,Thai Nguyen Province,Tỉnh Thái Nguyên,Vo Nhai Commune,Xã Võ Nhai,,
vi_VN,VN,10,Thai Nguyen Province,Tỉnh Thái Nguyên,Dan Tien Commune,Xã Dân Tiến,,
vi_VN,VN,10,Thai Nguyen Province,Tỉnh Thái Nguyên,Nghinh Tuong Commune,Xã Nghinh Tường,,
vi_VN,VN,10,Thai Nguyen Province,Tỉnh Thái Nguyên,Than Sa Commune,Xã Thần Sa,,
vi_VN,VN,10,Thai Nguyen Province,Tỉnh Thái Nguyên,La Hien Commune,Xã La Hiên,,
vi_VN,VN,10,Thai Nguyen Province,Tỉnh Thái Nguyên,Trang Xa Commune,Xã Tràng Xá,,
vi_VN,VN,10,Thai Nguyen Province,Tỉnh Thái Nguyên,Bang Thanh Commune,Xã Bằng Thành,,
vi_VN,VN,10,Thai Nguyen Province,Tỉnh Thái Nguyên,Nghien Loan Commune,Xã Nghiên Loan,,
vi_VN,VN,10,Thai Nguyen Province,Tỉnh Thái Nguyên,Cao Minh Commune,Xã Cao Minh,,
vi_VN,VN,10,Thai Nguyen Province,Tỉnh Thái Nguyên,Ba Be Commune,Xã Ba Bể,,
vi_VN,VN,10,Thai Nguyen Province,Tỉnh Thái Nguyên,Cho Ra Commune,Xã Chợ Rã,,
vi_VN,VN,10,Thai Nguyen Province,Tỉnh Thái Nguyên,Phuc Loc Commune,Xã Phúc Lộc,,
vi_VN,VN,10,Thai Nguyen Province,Tỉnh Thái Nguyên,Thuong Minh Commune,Xã Thượng Minh,,
vi_VN,VN,10,Thai Nguyen Province,Tỉnh Thái Nguyên,Dong Phuc Commune,Xã Đồng Phúc,,
vi_VN,VN,10,Thai Nguyen Province,Tỉnh Thái Nguyên,Yen Binh Commune,Xã Yên Bình,,
vi_VN,VN,10,Thai Nguyen Province,Tỉnh Thái Nguyên,Bang Van Commune,Xã Bằng Vân,,
vi_VN,VN,10,Thai Nguyen Province,Tỉnh Thái Nguyên,Ngan Son Commune,Xã Ngân Sơn,,
vi_VN,VN,10,Thai Nguyen Province,Tỉnh Thái Nguyên,Na Phac Commune,Xã Nà Phặc,,
vi_VN,VN,10,Thai Nguyen Province,Tỉnh Thái Nguyên,Hiep Luc Commune,Xã Hiệp Lực,,
vi_VN,VN,10,Thai Nguyen Province,Tỉnh Thái Nguyên,Nam Cuong Commune,Xã Nam Cường,,
vi_VN,VN,10,Thai Nguyen Province,Tỉnh Thái Nguyên,Quang Bach Commune,Xã Quảng Bạch,,
vi_VN,VN,10,Thai Nguyen Province,Tỉnh Thái Nguyên,Yen Thinh Commune,Xã Yên Thịnh,,
vi_VN,VN,10,Thai Nguyen Province,Tỉnh Thái Nguyên,Cho Don Commune,Xã Chợ Đồn,,
vi_VN,VN,10,Thai Nguyen Province,Tỉnh Thái Nguyên,Yen Phong Commune,Xã Yên Phong,,
vi_VN,VN,10,Thai Nguyen Province,Tỉnh Thái Nguyên,Nghia Ta Commune,Xã Nghĩa Tá,,
vi_VN,VN,10,Thai Nguyen Province,Tỉnh Thái Nguyên,Phu Thong Commune,Xã Phủ Thông,,
vi_VN,VN,10,Thai Nguyen Province,Tỉnh Thái Nguyên,Cam Giang Commune,Xã Cẩm Giàng,,
vi_VN,VN,10,Thai Nguyen Province,Tỉnh Thái Nguyên,Vinh Thong Commune,Xã Vĩnh Thông,,
vi_VN,VN,10,Thai Nguyen Province,Tỉnh Thái Nguyên,Bach Thong Commune,Xã Bạch Thông,,
vi_VN,VN,10,Thai Nguyen Province,Tỉnh Thái Nguyên,Phong Quang Commune,Xã Phong Quang,,
vi_VN,VN,10,Thai Nguyen Province,Tỉnh Thái Nguyên,Duc Xuan Ward,Phường Đức Xuân,,
vi_VN,VN,10,Thai Nguyen Province,Tỉnh Thái Nguyên,Bac Kan Ward,Phường Bắc Kạn,,
vi_VN,VN,10,Thai Nguyen Province,Tỉnh Thái Nguyên,Van Lang Commune,Xã Văn Lang,,
vi_VN,VN,10,Thai Nguyen Province,Tỉnh Thái Nguyên,Cuong Loi Commune,Xã Cường Lợi,,
vi_VN,VN,10,Thai Nguyen Province,Tỉnh Thái Nguyên,Na Ri Commune,Xã Na Rì,,
vi_VN,VN,10,Thai Nguyen Province,Tỉnh Thái Nguyên,Tran Phu Commune,Xã Trần Phú,,
vi_VN,VN,10,Thai Nguyen Province,Tỉnh Thái Nguyên,Kunming Commune,Xã Côn Minh,,
vi_VN,VN,10,Thai Nguyen Province,Tỉnh Thái Nguyên,Xuan Duong Commune,Xã Xuân Dương,,
vi_VN,VN,10,Thai Nguyen Province,Tỉnh Thái Nguyên,Tan Ky Commune,Xã Tân Kỳ,,
vi_VN,VN,10,Thai Nguyen Province,Tỉnh Thái Nguyên,Thanh Mai Commune,Xã Thanh Mai,,
vi_VN,VN,10,Thai Nguyen Province,Tỉnh Thái Nguyên,Thanh Thinh Commune,Xã Thanh Thịnh,,
vi_VN,VN,10,Thai Nguyen Province,Tỉnh Thái Nguyên,Cho Moi Commune,Xã Chợ Mới,,
vi_VN,VN,10,Thai Nguyen Province,Tỉnh Thái Nguyên,Sang Moc Commune,Xã Sảng Mộc,,
vi_VN,VN,10,Thai Nguyen Province,Tỉnh Thái Nguyên,Thuong Quan Commune,Xã Thượng Quan,,
vi_VN,VN,11,Lang Son Province,Tỉnh Lạng Sơn,That Khe Commune,Xã Thất Khê,,
vi_VN,VN,11,Lang Son Province,Tỉnh Lạng Sơn,Solidarity Commune,Xã Đoàn Kết,,
vi_VN,VN,11,Lang Son Province,Tỉnh Lạng Sơn,Tan Tien Commune,Xã Tân Tiến,,
vi_VN,VN,11,Lang Son Province,Tỉnh Lạng Sơn,Trang Dinh Commune,Xã Tràng Định,,
vi_VN,VN,11,Lang Son Province,Tỉnh Lạng Sơn,Quoc Khanh Commune,Xã Quốc Khánh,,
vi_VN,VN,11,Lang Son Province,Tỉnh Lạng Sơn,Resistance Commune,Xã Kháng Chiến,,
vi_VN,VN,11,Lang Son Province,Tỉnh Lạng Sơn,Quoc Viet Commune,Xã Quốc Việt,,
vi_VN,VN,11,Lang Son Province,Tỉnh Lạng Sơn,Binh Gia Commune,Xã Bình Gia,,
vi_VN,VN,11,Lang Son Province,Tỉnh Lạng Sơn,Tan Van Commune,Xã Tân Văn,,
vi_VN,VN,11,Lang Son Province,Tỉnh Lạng Sơn,Hong Phong Commune,Xã Hồng Phong,,
vi_VN,VN,11,Lang Son Province,Tỉnh Lạng Sơn,Hoa Tham Commune,Xã Hoa Thám,,
vi_VN,VN,11,Lang Son Province,Tỉnh Lạng Sơn,Quy Hoa Commune,Xã Quý Hoà,,
vi_VN,VN,11,Lang Son Province,Tỉnh Lạng Sơn,Thien Hoa Commune,Xã Thiện Hoà,,
vi_VN,VN,11,Lang Son Province,Tỉnh Lạng Sơn,Thien Thuat Commune,Xã Thiện Thuật,,
vi_VN,VN,11,Lang Son Province,Tỉnh Lạng Sơn,Thien Long Commune,Xã Thiện Long,,
vi_VN,VN,11,Lang Son Province,Tỉnh Lạng Sơn,Bac Son Commune,Xã Bắc Sơn,,
vi_VN,VN,11,Lang Son Province,Tỉnh Lạng Sơn,Hung Vu Commune,Xã Hưng Vũ,,
vi_VN,VN,11,Lang Son Province,Tỉnh Lạng Sơn,Vu Lang Commune,Xã Vũ Lăng,,
vi_VN,VN,11,Lang Son Province,Tỉnh Lạng Sơn,Nhat Hoa Commune,Xã Nhất Hoà,,
vi_VN,VN,11,Lang Son Province,Tỉnh Lạng Sơn,Vu Le Commune,Xã Vũ Lễ,,
vi_VN,VN,11,Lang Son Province,Tỉnh Lạng Sơn,Tan Tri Commune,Xã Tân Tri,,
vi_VN,VN,11,Lang Son Province,Tỉnh Lạng Sơn,Van Quan Commune,Xã Văn Quan,,
vi_VN,VN,11,Lang Son Province,Tỉnh Lạng Sơn,Diem He Commune,Xã Điềm He,,
vi_VN,VN,11,Lang Son Province,Tỉnh Lạng Sơn,Tri Le Commune,Xã Tri Lễ,,
vi_VN,VN,11,Lang Son Province,Tỉnh Lạng Sơn,Yen Phuc Commune,Xã Yên Phúc,,
vi_VN,VN,11,Lang Son Province,Tỉnh Lạng Sơn,Tan Doan Commune,Xã Tân Đoàn,,
vi_VN,VN,11,Lang Son Province,Tỉnh Lạng Sơn,Khanh Khe Commune,Xã Khánh Khê,,
vi_VN,VN,11,Lang Son Province,Tỉnh Lạng Sơn,Na Sam Commune,Xã Na Sầm,,
vi_VN,VN,11,Lang Son Province,Tỉnh Lạng Sơn,Van Lang Commune,Xã Văn Lãng,,
vi_VN,VN,11,Lang Son Province,Tỉnh Lạng Sơn,Hoi Hoan Commune,Xã Hội Hoan,,
vi_VN,VN,11,Lang Son Province,Tỉnh Lạng Sơn,Thuy Hung Commune,Xã Thụy Hùng,,
vi_VN,VN,11,Lang Son Province,Tỉnh Lạng Sơn,Hoang Van Thu Commune,Xã Hoàng Văn Thụ,,
vi_VN,VN,11,Lang Son Province,Tỉnh Lạng Sơn,Loc Binh Commune,Xã Lộc Bình,,
vi_VN,VN,11,Lang Son Province,Tỉnh Lạng Sơn,Mau Son Commune,Xã Mẫu Sơn,,
vi_VN,VN,11,Lang Son Province,Tỉnh Lạng Sơn,Na Duong Commune,Xã Na Dương,,
vi_VN,VN,11,Lang Son Province,Tỉnh Lạng Sơn,Loi Bac Commune,Xã Lợi Bác,,
vi_VN,VN,11,Lang Son Province,Tỉnh Lạng Sơn,Thong Nhat Commune,Xã Thống Nhất,,
vi_VN,VN,11,Lang Son Province,Tỉnh Lạng Sơn,Xuan Duong Commune,Xã Xuân Dương,,
vi_VN,VN,11,Lang Son Province,Tỉnh Lạng Sơn,Khuat Xa Commune,Xã Khuất Xá,,
vi_VN,VN,11,Lang Son Province,Tỉnh Lạng Sơn,Dinh Lap Commune,Xã Đình Lập,,
vi_VN,VN,11,Lang Son Province,Tỉnh Lạng Sơn,Chau Son Commune,Xã Châu Sơn,,
vi_VN,VN,11,Lang Son Province,Tỉnh Lạng Sơn,Kien Moc Commune,Xã Kiên Mộc,,
vi_VN,VN,11,Lang Son Province,Tỉnh Lạng Sơn,Thai Binh Commune,Xã Thái Bình,,
vi_VN,VN,11,Lang Son Province,Tỉnh Lạng Sơn,Huu Lung Commune,Xã Hữu Lũng,,
vi_VN,VN,11,Lang Son Province,Tỉnh Lạng Sơn,Tuan Son Commune,Xã Tuấn Sơn,,
vi_VN,VN,11,Lang Son Province,Tỉnh Lạng Sơn,Tan Thanh Commune,Xã Tân Thành,,
vi_VN,VN,11,Lang Son Province,Tỉnh Lạng Sơn,Van Nham Commune,Xã Vân Nham,,
vi_VN,VN,11,Lang Son Province,Tỉnh Lạng Sơn,Thien Tan Commune,Xã Thiện Tân,,
vi_VN,VN,11,Lang Son Province,Tỉnh Lạng Sơn,Yen Binh Commune,Xã Yên Bình,,
vi_VN,VN,11,Lang Son Province,Tỉnh Lạng Sơn,Huu Lien Commune,Xã Hữu Liên,,
vi_VN,VN,11,Lang Son Province,Tỉnh Lạng Sơn,Cai Kinh Commune,Xã Cai Kinh,,
vi_VN,VN,11,Lang Son Province,Tỉnh Lạng Sơn,Chi Lang Commune,Xã Chi Lăng,,
vi_VN,VN,11,Lang Son Province,Tỉnh Lạng Sơn,Nhan Ly Commune,Xã Nhân Lý,,
vi_VN,VN,11,Lang Son Province,Tỉnh Lạng Sơn,Chien Thang Commune,Xã Chiến Thắng,,
vi_VN,VN,11,Lang Son Province,Tỉnh Lạng Sơn,Quan Son Commune,Xã Quan Sơn,,
vi_VN,VN,11,Lang Son Province,Tỉnh Lạng Sơn,Bang Mac Commune,Xã Bằng Mạc,,
vi_VN,VN,11,Lang Son Province,Tỉnh Lạng Sơn,Van Linh Commune,Xã Vạn Linh,,
vi_VN,VN,11,Lang Son Province,Tỉnh Lạng Sơn,Dong Dang Commune,Xã Đồng Đăng,,
vi_VN,VN,11,Lang Son Province,Tỉnh Lạng Sơn,Cao Loc Commune,Xã Cao Lộc,,
vi_VN,VN,11,Lang Son Province,Tỉnh Lạng Sơn,Cong Son Commune,Xã Công Sơn,,
vi_VN,VN,11,Lang Son Province,Tỉnh Lạng Sơn,Ba Son Commune,Xã Ba Sơn,,
vi_VN,VN,11,Lang Son Province,Tỉnh Lạng Sơn,Tam Thanh Ward,Phường Tam Thanh,,
vi_VN,VN,11,Lang Son Province,Tỉnh Lạng Sơn,Luong Van Tri Ward,Phường Lương Văn Tri,,
vi_VN,VN,11,Lang Son Province,Tỉnh Lạng Sơn,Ky Lua Ward,Phường Kỳ Lừa,,
vi_VN,VN,11,Lang Son Province,Tỉnh Lạng Sơn,Dong Kinh Ward,Phường Đông Kinh,,
vi_VN,VN,12,Phu Tho Province,Tỉnh Phú Thọ,Viet Tri Ward,Phường Việt Trì,,
vi_VN,VN,12,Phu Tho Province,Tỉnh Phú Thọ,Nong Trang Ward,Phường Nông Trang,,
vi_VN,VN,12,Phu Tho Province,Tỉnh Phú Thọ,Thanh Mieu Ward,Phường Thanh Miếu,,
vi_VN,VN,12,Phu Tho Province,Tỉnh Phú Thọ,Van Phu Ward,Phường Vân Phú,,
vi_VN,VN,12,Phu Tho Province,Tỉnh Phú Thọ,Hy Cuong Commune,Xã Hy Cương,,
vi_VN,VN,12,Phu Tho Province,Tỉnh Phú Thọ,Lam Thao Commune,Xã Lâm Thao,,
vi_VN,VN,12,Phu Tho Province,Tỉnh Phú Thọ,Xuan Lung Commune,Xã Xuân Lũng,,
vi_VN,VN,12,Phu Tho Province,Tỉnh Phú Thọ,Phung Nguyen Commune,Xã Phùng Nguyên,,
vi_VN,VN,12,Phu Tho Province,Tỉnh Phú Thọ,Ban Nguyen Commune,Xã Bản Nguyên,,
vi_VN,VN,12,Phu Tho Province,Tỉnh Phú Thọ,Phong Chau Ward,Phường Phong Châu,,
vi_VN,VN,12,Phu Tho Province,Tỉnh Phú Thọ,Phu Tho Ward,Phường Phú Thọ,,
vi_VN,VN,12,Phu Tho Province,Tỉnh Phú Thọ,Au Co Ward,Phường Âu Cơ,,
vi_VN,VN,12,Phu Tho Province,Tỉnh Phú Thọ,Phu Ninh Commune,Xã Phù Ninh,,
vi_VN,VN,12,Phu Tho Province,Tỉnh Phú Thọ,Democratic Commune,Xã Dân Chủ,,
vi_VN,VN,12,Phu Tho Province,Tỉnh Phú Thọ,Phu My Commune,Xã Phú Mỹ,,
vi_VN,VN,12,Phu Tho Province,Tỉnh Phú Thọ,Tram Than Commune,Xã Trạm Thản,,
vi_VN,VN,12,Phu Tho Province,Tỉnh Phú Thọ,Binh Phu Commune,Xã Bình Phú,,
vi_VN,VN,12,Phu Tho Province,Tỉnh Phú Thọ,Thanh Ba Commune,Xã Thanh Ba,,
vi_VN,VN,12,Phu Tho Province,Tỉnh Phú Thọ,Quang Yen Commune,Xã Quảng Yên,,
vi_VN,VN,12,Phu Tho Province,Tỉnh Phú Thọ,Hoang Cuong Commune,Xã Hoàng Cương,,
vi_VN,VN,12,Phu Tho Province,Tỉnh Phú Thọ,Dong Thanh Commune,Xã Đông Thành,,
vi_VN,VN,12,Phu Tho Province,Tỉnh Phú Thọ,Chi Tien Commune,Xã Chí Tiên,,
vi_VN,VN,12,Phu Tho Province,Tỉnh Phú Thọ,Lien Minh Commune,Xã Liên Minh,,
vi_VN,VN,12,Phu Tho Province,Tỉnh Phú Thọ,Doan Hung Commune,Xã Đoan Hùng,,
vi_VN,VN,12,Phu Tho Province,Tỉnh Phú Thọ,Tay Coc Commune,Xã Tây Cốc,,
vi_VN,VN,12,Phu Tho Province,Tỉnh Phú Thọ,Chan Mong Commune,Xã Chân Mộng,,
vi_VN,VN,12,Phu Tho Province,Tỉnh Phú Thọ,Chi Dam Commune,Xã Chí Đám,,
vi_VN,VN,12,Phu Tho Province,Tỉnh Phú Thọ,Bang Luan Commune,Xã Bằng Luân,,
vi_VN,VN,12,Phu Tho Province,Tỉnh Phú Thọ,Ha Hoa Commune,Xã Hạ Hòa,,
vi_VN,VN,12,Phu Tho Province,Tỉnh Phú Thọ,Dan Thuong Commune,Xã Đan Thượng,,
vi_VN,VN,12,Phu Tho Province,Tỉnh Phú Thọ,Yen Ky Commune,Xã Yên Kỳ,,
vi_VN,VN,12,Phu Tho Province,Tỉnh Phú Thọ,Vinh Chan Commune,Xã Vĩnh Chân,,
vi_VN,VN,12,Phu Tho Province,Tỉnh Phú Thọ,Van Lang Commune,Xã Văn Lang,,
vi_VN,VN,12,Phu Tho Province,Tỉnh Phú Thọ,Hien Luong Commune,Xã Hiền Lương,,
vi_VN,VN,12,Phu Tho Province,Tỉnh Phú Thọ,Cam Khe Commune,Xã Cẩm Khê,,
vi_VN,VN,12,Phu Tho Province,Tỉnh Phú Thọ,Phu Khe Commune,Xã Phú Khê,,
vi_VN,VN,12,Phu Tho Province,Tỉnh Phú Thọ,Hung Viet Commune,Xã Hùng Việt,,
vi_VN,VN,12,Phu Tho Province,Tỉnh Phú Thọ,Dong Luong Commune,Xã Đồng Lương,,
vi_VN,VN,12,Phu Tho Province,Tỉnh Phú Thọ,Tien Luong Commune,Xã Tiên Lương,,
vi_VN,VN,12,Phu Tho Province,Tỉnh Phú Thọ,Van Ban Commune,Xã Vân Bán,,
vi_VN,VN,12,Phu Tho Province,Tỉnh Phú Thọ,Tam Nong Commune,Xã Tam Nông,,
vi_VN,VN,12,Phu Tho Province,Tỉnh Phú Thọ,Tho Van Commune,Xã Thọ Văn,,
vi_VN,VN,12,Phu Tho Province,Tỉnh Phú Thọ,Van Xuan Commune,Xã Vạn Xuân,,
vi_VN,VN,12,Phu Tho Province,Tỉnh Phú Thọ,Hien Quan Commune,Xã Hiền Quan,,
vi_VN,VN,12,Phu Tho Province,Tỉnh Phú Thọ,Thanh Thuy Commune,Xã Thanh Thuỷ,,
vi_VN,VN,12,Phu Tho Province,Tỉnh Phú Thọ,Dao Xa Commune,Xã Đào Xá,,
vi_VN,VN,12,Phu Tho Province,Tỉnh Phú Thọ,Tu Vu Commune,Xã Tu Vũ,,
vi_VN,VN,12,Phu Tho Province,Tỉnh Phú Thọ,Thanh Son Commune,Xã Thanh Sơn,,
vi_VN,VN,12,Phu Tho Province,Tỉnh Phú Thọ,Vo Mieu Commune,Xã Võ Miếu,,
vi_VN,VN,12,Phu Tho Province,Tỉnh Phú Thọ,Van Mieu Commune,Xã Văn Miếu,,
vi_VN,VN,12,Phu Tho Province,Tỉnh Phú Thọ,Cu Dong Commune,Xã Cự Đồng,,
vi_VN,VN,12,Phu Tho Province,Tỉnh Phú Thọ,Huong Can Commune,Xã Hương Cần,,
vi_VN,VN,12,Phu Tho Province,Tỉnh Phú Thọ,Yen Son Commune,Xã Yên Sơn,,
vi_VN,VN,12,Phu Tho Province,Tỉnh Phú Thọ,Kha Cuu Commune,Xã Khả Cửu,,
vi_VN,VN,12,Phu Tho Province,Tỉnh Phú Thọ,Tan Son Commune,Xã Tân Sơn,,
vi_VN,VN,12,Phu Tho Province,Tỉnh Phú Thọ,Minh Dai Commune,Xã Minh Đài,,
vi_VN,VN,12,Phu Tho Province,Tỉnh Phú Thọ,Lai Dong Commune,Xã Lai Đồng,,
vi_VN,VN,12,Phu Tho Province,Tỉnh Phú Thọ,Thu Cuc Commune,Xã Thu Cúc,,
vi_VN,VN,12,Phu Tho Province,Tỉnh Phú Thọ,Xuan Dai Commune,Xã Xuân Đài,,
vi_VN,VN,12,Phu Tho Province,Tỉnh Phú Thọ,Long Coc Commune,Xã Long Cốc,,
vi_VN,VN,12,Phu Tho Province,Tỉnh Phú Thọ,Yen Lap Commune,Xã Yên Lập,,
vi_VN,VN,12,Phu Tho Province,Tỉnh Phú Thọ,Thuong Long Commune,Xã Thượng Long,,
vi_VN,VN,12,Phu Tho Province,Tỉnh Phú Thọ,Son Luong Commune,Xã Sơn Lương,,
vi_VN,VN,12,Phu Tho Province,Tỉnh Phú Thọ,Xuan Vien Commune,Xã Xuân Viên,,
vi_VN,VN,12,Phu Tho Province,Tỉnh Phú Thọ,Minh Hoa Commune,Xã Minh Hòa,,
vi_VN,VN,12,Phu Tho Province,Tỉnh Phú Thọ,Trung Son Commune,Xã Trung Sơn,,
vi_VN,VN,12,Phu Tho Province,Tỉnh Phú Thọ,Tam Son Commune,Xã Tam Sơn,,
vi_VN,VN,12,Phu Tho Province,Tỉnh Phú Thọ,Song Lo Commune,Xã Sông Lô,,
vi_VN,VN,12,Phu Tho Province,Tỉnh Phú Thọ,Hai Luu Commune,Xã Hải Lựu,,
vi_VN,VN,12,Phu Tho Province,Tỉnh Phú Thọ,Yen Lang Commune,Xã Yên Lãng,,
vi_VN,VN,12,Phu Tho Province,Tỉnh Phú Thọ,Lap Thach Commune,Xã Lập Thạch,,
vi_VN,VN,12,Phu Tho Province,Tỉnh Phú Thọ,Tien Lu Commune,Xã Tiên Lữ,,
vi_VN,VN,12,Phu Tho Province,Tỉnh Phú Thọ,Thai Hoa Commune,Xã Thái Hòa,,
vi_VN,VN,12,Phu Tho Province,Tỉnh Phú Thọ,Lien Hoa Commune,Xã Liên Hòa,,
vi_VN,VN,12,Phu Tho Province,Tỉnh Phú Thọ,Hop Ly Commune,Xã Hợp Lý,,
vi_VN,VN,12,Phu Tho Province,Tỉnh Phú Thọ,Son Dong Commune,Xã Sơn Đông,,
vi_VN,VN,12,Phu Tho Province,Tỉnh Phú Thọ,Tam Dao Commune,Xã Tam Đảo,,
vi_VN,VN,12,Phu Tho Province,Tỉnh Phú Thọ,Dai Dinh Commune,Xã Đại Đình,,
vi_VN,VN,12,Phu Tho Province,Tỉnh Phú Thọ,Dao Tru Commune,Xã Đạo Trù,,
vi_VN,VN,12,Phu Tho Province,Tỉnh Phú Thọ,Tam Duong Commune,Xã Tam Dương,,
vi_VN,VN,12,Phu Tho Province,Tỉnh Phú Thọ,Prosperous Society,Xã Hội Thịnh,,
vi_VN,VN,12,Phu Tho Province,Tỉnh Phú Thọ,Hoang An Commune,Xã Hoàng An,,
vi_VN,VN,12,Phu Tho Province,Tỉnh Phú Thọ,Tam Duong Bac Commune,Xã Tam Dương Bắc,,
vi_VN,VN,12,Phu Tho Province,Tỉnh Phú Thọ,Vinh Tuong Commune,Xã Vĩnh Tường,,
vi_VN,VN,12,Phu Tho Province,Tỉnh Phú Thọ,Tho Tang Commune,Xã Thổ Tang,,
vi_VN,VN,12,Phu Tho Province,Tỉnh Phú Thọ,Vinh Hung Commune,Xã Vĩnh Hưng,,
vi_VN,VN,12,Phu Tho Province,Tỉnh Phú Thọ,Vinh An Commune,Xã Vĩnh An,,
vi_VN,VN,12,Phu Tho Province,Tỉnh Phú Thọ,Vinh Phu Commune,Xã Vĩnh Phú,,
vi_VN,VN,12,Phu Tho Province,Tỉnh Phú Thọ,Vinh Thanh Commune,Xã Vĩnh Thành,,
vi_VN,VN,12,Phu Tho Province,Tỉnh Phú Thọ,Yen Lac Commune,Xã Yên Lạc,,
vi_VN,VN,12,Phu Tho Province,Tỉnh Phú Thọ,Te Lo Commune,Xã Tề Lỗ,,
vi_VN,VN,12,Phu Tho Province,Tỉnh Phú Thọ,Lien Chau Commune,Xã Liên Châu,,
vi_VN,VN,12,Phu Tho Province,Tỉnh Phú Thọ,Tam Hong Commune,Xã Tam Hồng,,
vi_VN,VN,12,Phu Tho Province,Tỉnh Phú Thọ,Nguyet Duc Commune,Xã Nguyệt Đức,,
vi_VN,VN,12,Phu Tho Province,Tỉnh Phú Thọ,Binh Nguyen Commune,Xã Bình Nguyên,,
vi_VN,VN,12,Phu Tho Province,Tỉnh Phú Thọ,Xuan Lang Commune,Xã Xuân Lãng,,
vi_VN,VN,12,Phu Tho Province,Tỉnh Phú Thọ,Binh Xuyen Commune,Xã Bình Xuyên,,
vi_VN,VN,12,Phu Tho Province,Tỉnh Phú Thọ,Binh Tuyen Commune,Xã Bình Tuyền,,
vi_VN,VN,12,Phu Tho Province,Tỉnh Phú Thọ,Vinh Phuc Ward,Phường Vĩnh Phúc,,
vi_VN,VN,12,Phu Tho Province,Tỉnh Phú Thọ,Vinh Yen Ward,Phường Vĩnh Yên,,
vi_VN,VN,12,Phu Tho Province,Tỉnh Phú Thọ,Phuc Yen Ward,Phường Phúc Yên,,
vi_VN,VN,12,Phu Tho Province,Tỉnh Phú Thọ,Xuan Hoa Ward,Phường Xuân Hòa,,
vi_VN,VN,12,Phu Tho Province,Tỉnh Phú Thọ,Cao Phong Commune,Xã Cao Phong,,
vi_VN,VN,12,Phu Tho Province,Tỉnh Phú Thọ,Muong Thanh Commune,Xã Mường Thàng,,
vi_VN,VN,12,Phu Tho Province,Tỉnh Phú Thọ,Thung Nai Commune,Xã Thung Nai,,
vi_VN,VN,12,Phu Tho Province,Tỉnh Phú Thọ,Da Bac Commune,Xã Đà Bắc,,
vi_VN,VN,12,Phu Tho Province,Tỉnh Phú Thọ,Cao Son Commune,Xã Cao Sơn,,
vi_VN,VN,12,Phu Tho Province,Tỉnh Phú Thọ,Duc Nhan Commune,Xã Đức Nhàn,,
vi_VN,VN,12,Phu Tho Province,Tỉnh Phú Thọ,Quy Duc Commune,Xã Quy Đức,,
vi_VN,VN,12,Phu Tho Province,Tỉnh Phú Thọ,Tan Pheo Commune,Xã Tân Pheo,,
vi_VN,VN,12,Phu Tho Province,Tỉnh Phú Thọ,Tien Phong Commune,Xã Tiền Phong,,
vi_VN,VN,12,Phu Tho Province,Tỉnh Phú Thọ,Kim Boi Commune,Xã Kim Bôi,,
vi_VN,VN,12,Phu Tho Province,Tỉnh Phú Thọ,Muong Dong Commune,Xã Mường Động,,
vi_VN,VN,12,Phu Tho Province,Tỉnh Phú Thọ,Dung Tien Commune,Xã Dũng Tiến,,
vi_VN,VN,12,Phu Tho Province,Tỉnh Phú Thọ,Hop Kim Commune,Xã Hợp Kim,,
vi_VN,VN,12,Phu Tho Province,Tỉnh Phú Thọ,Nat Son Commune,Xã Nật Sơn,,
vi_VN,VN,12,Phu Tho Province,Tỉnh Phú Thọ,Lac Son Commune,Xã Lạc Sơn,,
vi_VN,VN,12,Phu Tho Province,Tỉnh Phú Thọ,Muong Vang Commune,Xã Mường Vang,,
vi_VN,VN,12,Phu Tho Province,Tỉnh Phú Thọ,Dai Dong Commune,Xã Đại Đồng,,
vi_VN,VN,12,Phu Tho Province,Tỉnh Phú Thọ,Ngoc Son Commune,Xã Ngọc Sơn,,
vi_VN,VN,12,Phu Tho Province,Tỉnh Phú Thọ,Nhan Nghia Commune,Xã Nhân Nghĩa,,
vi_VN,VN,12,Phu Tho Province,Tỉnh Phú Thọ,Quyet Thang Commune,Xã Quyết Thắng,,
vi_VN,VN,12,Phu Tho Province,Tỉnh Phú Thọ,Thuong Coc Commune,Xã Thượng Cốc,,
vi_VN,VN,12,Phu Tho Province,Tỉnh Phú Thọ,Yen Phu Commune,Xã Yên Phú,,
vi_VN,VN,12,Phu Tho Province,Tỉnh Phú Thọ,Lac Thuy Commune,Xã Lạc Thủy,,
vi_VN,VN,12,Phu Tho Province,Tỉnh Phú Thọ,An Binh Commune,Xã An Bình,,
vi_VN,VN,12,Phu Tho Province,Tỉnh Phú Thọ,An Nghia Commune,Xã An Nghĩa,,
vi_VN,VN,12,Phu Tho Province,Tỉnh Phú Thọ,Luong Son Commune,Xã Lương Sơn,,
vi_VN,VN,12,Phu Tho Province,Tỉnh Phú Thọ,Cao Duong Commune,Xã Cao Dương,,
vi_VN,VN,12,Phu Tho Province,Tỉnh Phú Thọ,Lien Son Commune,Xã Liên Sơn,,
vi_VN,VN,12,Phu Tho Province,Tỉnh Phú Thọ,Mai Chau Commune,Xã Mai Châu,,
vi_VN,VN,12,Phu Tho Province,Tỉnh Phú Thọ,Bao La Commune,Xã Bao La,,
vi_VN,VN,12,Phu Tho Province,Tỉnh Phú Thọ,Mai Ha Commune,Xã Mai Hạ,,
vi_VN,VN,12,Phu Tho Province,Tỉnh Phú Thọ,Pa Co Commune,Xã Pà Cò,,
vi_VN,VN,12,Phu Tho Province,Tỉnh Phú Thọ,Tan Mai Commune,Xã Tân Mai,,
vi_VN,VN,12,Phu Tho Province,Tỉnh Phú Thọ,Tan Lac Commune,Xã Tân Lạc,,
vi_VN,VN,12,Phu Tho Province,Tỉnh Phú Thọ,Muong Bi Commune,Xã Mường Bi,,
vi_VN,VN,12,Phu Tho Province,Tỉnh Phú Thọ,Muong Hoa Commune,Xã Mường Hoa,,
vi_VN,VN,12,Phu Tho Province,Tỉnh Phú Thọ,Toan Thang Commune,Xã Toàn Thắng,,
vi_VN,VN,12,Phu Tho Province,Tỉnh Phú Thọ,Van Son Commune,Xã Vân Sơn,,
vi_VN,VN,12,Phu Tho Province,Tỉnh Phú Thọ,Yen Thuy Commune,Xã Yên Thủy,,
vi_VN,VN,12,Phu Tho Province,Tỉnh Phú Thọ,Lac Luong Commune,Xã Lạc Lương,,
vi_VN,VN,12,Phu Tho Province,Tỉnh Phú Thọ,Yen Tri Commune,Xã Yên Trị,,
vi_VN,VN,12,Phu Tho Province,Tỉnh Phú Thọ,Thinh Minh Commune,Xã Thịnh Minh,,
vi_VN,VN,12,Phu Tho Province,Tỉnh Phú Thọ,Hoa Binh Ward,Phường Hoà Bình,,
vi_VN,VN,12,Phu Tho Province,Tỉnh Phú Thọ,Ky Son Ward,Phường Kỳ Sơn,,
vi_VN,VN,12,Phu Tho Province,Tỉnh Phú Thọ,Tan Hoa Ward,Phường Tân Hoà,,
vi_VN,VN,12,Phu Tho Province,Tỉnh Phú Thọ,Thong Nhat Ward,Phường Thống Nhất,,
vi_VN,VN,13,Dien Bien Province,Tỉnh Điện Biên,Muong Phang Commune,Xã Mường Phăng,,
vi_VN,VN,13,Dien Bien Province,Tỉnh Điện Biên,Dien Bien Phu Ward,Phường Điện Biên Phủ,,
vi_VN,VN,13,Dien Bien Province,Tỉnh Điện Biên,Muong Thanh Ward,Phường Mường Thanh,,
vi_VN,VN,13,Dien Bien Province,Tỉnh Điện Biên,Muong Lay Ward,Phường Mường Lay,,
vi_VN,VN,13,Dien Bien Province,Tỉnh Điện Biên,Thanh Nua Commune,Xã Thanh Nưa,,
vi_VN,VN,13,Dien Bien Province,Tỉnh Điện Biên,Thanh An Commune,Xã Thanh An,,
vi_VN,VN,13,Dien Bien Province,Tỉnh Điện Biên,Thanh Yen Commune,Xã Thanh Yên,,
vi_VN,VN,13,Dien Bien Province,Tỉnh Điện Biên,Sam Mun Commune,Xã Sam Mứn,,
vi_VN,VN,13,Dien Bien Province,Tỉnh Điện Biên,Nua Ngam Commune,Xã Núa Ngam,,
vi_VN,VN,13,Dien Bien Province,Tỉnh Điện Biên,Muong Nha Commune,Xã Mường Nhà,,
vi_VN,VN,13,Dien Bien Province,Tỉnh Điện Biên,Tuan Giao Commune,Xã Tuần Giáo,,
vi_VN,VN,13,Dien Bien Province,Tỉnh Điện Biên,Quai To Commune,Xã Quài Tở,,
vi_VN,VN,13,Dien Bien Province,Tỉnh Điện Biên,Muong Mun Commune,Xã Mường Mùn,,
vi_VN,VN,13,Dien Bien Province,Tỉnh Điện Biên,Pu Nhung Commune,Xã Pú Nhung,,
vi_VN,VN,13,Dien Bien Province,Tỉnh Điện Biên,Chieng Sinh Commune,Xã Chiềng Sinh,,
vi_VN,VN,13,Dien Bien Province,Tỉnh Điện Biên,Tua Chua Commune,Xã Tủa Chùa,,
vi_VN,VN,13,Dien Bien Province,Tỉnh Điện Biên,Sin Chai Commune,Xã Sín Chải,,
vi_VN,VN,13,Dien Bien Province,Tỉnh Điện Biên,Sinh Phinh Commune,Xã Sính Phình,,
vi_VN,VN,13,Dien Bien Province,Tỉnh Điện Biên,Tua Thang Commune,Xã Tủa Thàng,,
vi_VN,VN,13,Dien Bien Province,Tỉnh Điện Biên,Sang Nhe Commune,Xã Sáng Nhè,,
vi_VN,VN,13,Dien Bien Province,Tỉnh Điện Biên,Na Sang Commune,Xã Na Sang,,
vi_VN,VN,13,Dien Bien Province,Tỉnh Điện Biên,Muong Tung Commune,Xã Mường Tùng,,
vi_VN,VN,13,Dien Bien Province,Tỉnh Điện Biên,Pa Ham Commune,Xã Pa Ham,,
vi_VN,VN,13,Dien Bien Province,Tỉnh Điện Biên,Nam Nen Commune,Xã Nậm Nèn,,
vi_VN,VN,13,Dien Bien Province,Tỉnh Điện Biên,Muong Pon Commune,Xã Mường Pồn,,
vi_VN,VN,13,Dien Bien Province,Tỉnh Điện Biên,Na Son Commune,Xã Na Son,,
vi_VN,VN,13,Dien Bien Province,Tỉnh Điện Biên,Xa Dung Commune,Xã Xa Dung,,
vi_VN,VN,13,Dien Bien Province,Tỉnh Điện Biên,Pu Nhi Commune,Xã Pu Nhi,,
vi_VN,VN,13,Dien Bien Province,Tỉnh Điện Biên,Muong Luan Commune,Xã Mường Luân,,
vi_VN,VN,13,Dien Bien Province,Tỉnh Điện Biên,Tia Dinh Commune,Xã Tìa Dình,,
vi_VN,VN,13,Dien Bien Province,Tỉnh Điện Biên,Phinh Giang Commune,Xã Phình Giàng,,
vi_VN,VN,13,Dien Bien Province,Tỉnh Điện Biên,Muong Cha Commune,Xã Mường Chà,,
vi_VN,VN,13,Dien Bien Province,Tỉnh Điện Biên,Na Hy Commune,Xã Nà Hỳ,,
vi_VN,VN,13,Dien Bien Province,Tỉnh Điện Biên,Na Bung Commune,Xã Nà Bủng,,
vi_VN,VN,13,Dien Bien Province,Tỉnh Điện Biên,Cha To Commune,Xã Chà Tở,,
vi_VN,VN,13,Dien Bien Province,Tỉnh Điện Biên,Si Pa Phin Commune,Xã Si Pa Phìn,,
vi_VN,VN,13,Dien Bien Province,Tỉnh Điện Biên,Muong Nhe Commune,Xã Mường Nhé,,
vi_VN,VN,13,Dien Bien Province,Tỉnh Điện Biên,Sin Thau Commune,Xã Sín Thầu,,
vi_VN,VN,13,Dien Bien Province,Tỉnh Điện Biên,Muong Toong Commune,Xã Mường Toong,,
vi_VN,VN,13,Dien Bien Province,Tỉnh Điện Biên,Nam Ke Commune,Xã Nậm Kè,,
vi_VN,VN,13,Dien Bien Province,Tỉnh Điện Biên,Quang Lam Commune,Xã Quảng Lâm,,
vi_VN,VN,13,Dien Bien Province,Tỉnh Điện Biên,Muong Ang Commune,Xã Mường Ảng,,
vi_VN,VN,13,Dien Bien Province,Tỉnh Điện Biên,Na Tau Commune,Xã Nà Tấu,,
vi_VN,VN,13,Dien Bien Province,Tỉnh Điện Biên,Bung Lao Commune,Xã Búng Lao,,
vi_VN,VN,13,Dien Bien Province,Tỉnh Điện Biên,Muong Lan Commune,Xã Mường Lạn,,
vi_VN,VN,14,Lai Chau Province,Tỉnh Lai Châu,Muong Kim Commune,Xã Mường Kim,,
vi_VN,VN,14,Lai Chau Province,Tỉnh Lai Châu,Khoen On Commune,Xã Khoen On,,
vi_VN,VN,14,Lai Chau Province,Tỉnh Lai Châu,Than Uyen Commune,Xã Than Uyên,,
vi_VN,VN,14,Lai Chau Province,Tỉnh Lai Châu,Muong Than Commune,Xã Mường Than,,
vi_VN,VN,14,Lai Chau Province,Tỉnh Lai Châu,Pac Ta Commune,Xã Pắc Ta,,
vi_VN,VN,14,Lai Chau Province,Tỉnh Lai Châu,Nam So Commune,Xã Nậm Sỏ,,
vi_VN,VN,14,Lai Chau Province,Tỉnh Lai Châu,Tan Uyen Commune,Xã Tân Uyên,,
vi_VN,VN,14,Lai Chau Province,Tỉnh Lai Châu,Muong Khoa Commune,Xã Mường Khoa,,
vi_VN,VN,14,Lai Chau Province,Tỉnh Lai Châu,Ban Bo Commune,Xã Bản Bo,,
vi_VN,VN,14,Lai Chau Province,Tỉnh Lai Châu,Binh Lu Commune,Xã Bình Lư,,
vi_VN,VN,14,Lai Chau Province,Tỉnh Lai Châu,Ta Leng Commune,Xã Tả Lèng,,
vi_VN,VN,14,Lai Chau Province,Tỉnh Lai Châu,Khun Ha Commune,Xã Khun Há,,
vi_VN,VN,14,Lai Chau Province,Tỉnh Lai Châu,Tan Phong Ward,Phường Tân Phong,,
vi_VN,VN,14,Lai Chau Province,Tỉnh Lai Châu,Doan Ket Ward,Phường Đoàn Kết,,
vi_VN,VN,14,Lai Chau Province,Tỉnh Lai Châu,Sin Suoi Ho Commune,Xã Sin Suối Hồ,,
vi_VN,VN,14,Lai Chau Province,Tỉnh Lai Châu,Phong Tho Commune,Xã Phong Thổ,,
vi_VN,VN,14,Lai Chau Province,Tỉnh Lai Châu,Si Lo Lau Commune,Xã Sì Lở Lầu,,
vi_VN,VN,14,Lai Chau Province,Tỉnh Lai Châu,Dao San Commune,Xã Dào San,,
vi_VN,VN,14,Lai Chau Province,Tỉnh Lai Châu,Khong Lao Commune,Xã Khổng Lào,,
vi_VN,VN,14,Lai Chau Province,Tỉnh Lai Châu,Tua Sin Chai Commune,Xã Tủa Sín Chải,,
vi_VN,VN,14,Lai Chau Province,Tỉnh Lai Châu,Sin Ho Commune,Xã Sìn Hồ,,
vi_VN,VN,14,Lai Chau Province,Tỉnh Lai Châu,Hong Thu Commune,Xã Hồng Thu,,
vi_VN,VN,14,Lai Chau Province,Tỉnh Lai Châu,Nam Tam Commune,Xã Nậm Tăm,,
vi_VN,VN,14,Lai Chau Province,Tỉnh Lai Châu,Pu Sam Cap Commune,Xã Pu Sam Cáp,,
vi_VN,VN,14,Lai Chau Province,Tỉnh Lai Châu,Nam Cuoi Commune,Xã Nậm Cuổi,,
vi_VN,VN,14,Lai Chau Province,Tỉnh Lai Châu,Nam Ma Commune,Xã Nậm Mạ,,
vi_VN,VN,14,Lai Chau Province,Tỉnh Lai Châu,Le Loi Commune,Xã Lê Lợi,,
vi_VN,VN,14,Lai Chau Province,Tỉnh Lai Châu,Nam Hang Commune,Xã Nậm Hàng,,
vi_VN,VN,14,Lai Chau Province,Tỉnh Lai Châu,Muong Mo Commune,Xã Mường Mô,,
vi_VN,VN,14,Lai Chau Province,Tỉnh Lai Châu,Hua Bum Commune,Xã Hua Bum,,
vi_VN,VN,14,Lai Chau Province,Tỉnh Lai Châu,Pa Tan Commune,Xã Pa Tần,,
vi_VN,VN,14,Lai Chau Province,Tỉnh Lai Châu,Bum Nua Commune,Xã Bum Nưa,,
vi_VN,VN,14,Lai Chau Province,Tỉnh Lai Châu,Bum To Commune,Xã Bum Tở,,
vi_VN,VN,14,Lai Chau Province,Tỉnh Lai Châu,Muong Te Commune,Xã Mường Tè,,
vi_VN,VN,14,Lai Chau Province,Tỉnh Lai Châu,Thu Lum Commune,Xã Thu Lũm,,
vi_VN,VN,14,Lai Chau Province,Tỉnh Lai Châu,Pa U Commune,Xã Pa Ủ,,
vi_VN,VN,14,Lai Chau Province,Tỉnh Lai Châu,Ta Tong Commune,Xã Tà Tổng,,
vi_VN,VN,14,Lai Chau Province,Tỉnh Lai Châu,Mu Ca Commune,Xã Mù Cả,,
vi_VN,VN,15,Son La Province,Tỉnh Sơn La,To Hieu Ward,Phường Tô Hiệu,,
vi_VN,VN,15,Son La Province,Tỉnh Sơn La,Chieng An Ward,Phường Chiềng An,,
vi_VN,VN,15,Son La Province,Tỉnh Sơn La,Chieng Coi Ward,Phường Chiềng Cơi,,
vi_VN,VN,15,Son La Province,Tỉnh Sơn La,Chieng Sinh Ward,Phường Chiềng Sinh,,
vi_VN,VN,15,Son La Province,Tỉnh Sơn La,Moc Chau Ward,Phường Mộc Châu,,
vi_VN,VN,15,Son La Province,Tỉnh Sơn La,Moc Son Ward,Phường Mộc Sơn,,
vi_VN,VN,15,Son La Province,Tỉnh Sơn La,Van Son Ward,Phường Vân Sơn,,
vi_VN,VN,15,Son La Province,Tỉnh Sơn La,Thao Nguyen Ward,Phường Thảo Nguyên,,
vi_VN,VN,15,Son La Province,Tỉnh Sơn La,Doan Ket Commune,Xã Đoàn Kết,,
vi_VN,VN,15,Son La Province,Tỉnh Sơn La,Long Sap Commune,Xã Lóng Sập,,
vi_VN,VN,15,Son La Province,Tỉnh Sơn La,Chieng Son Commune,Xã Chiềng Sơn,,
vi_VN,VN,15,Son La Province,Tỉnh Sơn La,Van Ho Commune,Xã Vân Hồ,,
vi_VN,VN,15,Son La Province,Tỉnh Sơn La,Song Khua Commune,Xã Song Khủa,,
vi_VN,VN,15,Son La Province,Tỉnh Sơn La,To Mua Commune,Xã Tô Múa,,
vi_VN,VN,15,Son La Province,Tỉnh Sơn La,Xuan Nha Commune,Xã Xuân Nha,,
vi_VN,VN,15,Son La Province,Tỉnh Sơn La,Quynh Nhai Commune,Xã Quỳnh Nhai,,
vi_VN,VN,15,Son La Province,Tỉnh Sơn La,Muong Chien Commune,Xã Mường Chiên,,
vi_VN,VN,15,Son La Province,Tỉnh Sơn La,Muong Gion Commune,Xã Mường Giôn,,
vi_VN,VN,15,Son La Province,Tỉnh Sơn La,Muong Sai Commune,Xã Mường Sại,,
vi_VN,VN,15,Son La Province,Tỉnh Sơn La,Thuan Chau Commune,Xã Thuận Châu,,
vi_VN,VN,15,Son La Province,Tỉnh Sơn La,Chieng La Commune,Xã Chiềng La,,
vi_VN,VN,15,Son La Province,Tỉnh Sơn La,Nam Lau Commune,Xã Nậm Lầu,,
vi_VN,VN,15,Son La Province,Tỉnh Sơn La,Muoi Noi Commune,Xã Muổi Nọi,,
vi_VN,VN,15,Son La Province,Tỉnh Sơn La,Muong Khieng Commune,Xã Mường Khiêng,,
vi_VN,VN,15,Son La Province,Tỉnh Sơn La,Co Ma Commune,Xã Co Mạ,,
vi_VN,VN,15,Son La Province,Tỉnh Sơn La,Binh Thuan Commune,Xã Bình Thuận,,
vi_VN,VN,15,Son La Province,Tỉnh Sơn La,Muong E Commune,Xã Mường É,,
vi_VN,VN,15,Son La Province,Tỉnh Sơn La,Long He Commune,Xã Long Hẹ,,
vi_VN,VN,15,Son La Province,Tỉnh Sơn La,Muong La Commune,Xã Mường La,,
vi_VN,VN,15,Son La Province,Tỉnh Sơn La,Chieng Lao Commune,Xã Chiềng Lao,,
vi_VN,VN,15,Son La Province,Tỉnh Sơn La,Muong Bu Commune,Xã Mường Bú,,
vi_VN,VN,15,Son La Province,Tỉnh Sơn La,Chieng Hoa Commune,Xã Chiềng Hoa,,
vi_VN,VN,15,Son La Province,Tỉnh Sơn La,Bac Yen Commune,Xã Bắc Yên,,
vi_VN,VN,15,Son La Province,Tỉnh Sơn La,Ta Xua Commune,Xã Tà Xùa,,
vi_VN,VN,15,Son La Province,Tỉnh Sơn La,Ta Khoa Commune,Xã Tạ Khoa,,
vi_VN,VN,15,Son La Province,Tỉnh Sơn La,Xim Vang Commune,Xã Xím Vàng,,
vi_VN,VN,15,Son La Province,Tỉnh Sơn La,Pac Nga Commune,Xã Pắc Ngà,,
vi_VN,VN,15,Son La Province,Tỉnh Sơn La,Chieng Sai Commune,Xã Chiềng Sại,,
vi_VN,VN,15,Son La Province,Tỉnh Sơn La,Phu Yen Commune,Xã Phù Yên,,
vi_VN,VN,15,Son La Province,Tỉnh Sơn La,Gia Phu Commune,Xã Gia Phù,,
vi_VN,VN,15,Son La Province,Tỉnh Sơn La,Tuong Ha Commune,Xã Tường Hạ,,
vi_VN,VN,15,Son La Province,Tỉnh Sơn La,Muong Coi Commune,Xã Mường Cơi,,
vi_VN,VN,15,Son La Province,Tỉnh Sơn La,Muong Bang Commune,Xã Mường Bang,,
vi_VN,VN,15,Son La Province,Tỉnh Sơn La,Tan Phong Commune,Xã Tân Phong,,
vi_VN,VN,15,Son La Province,Tỉnh Sơn La,Kim Bon Commune,Xã Kim Bon,,
vi_VN,VN,15,Son La Province,Tỉnh Sơn La,Yen Chau Commune,Xã Yên Châu,,
vi_VN,VN,15,Son La Province,Tỉnh Sơn La,Chieng Hac Commune,Xã Chiềng Hặc,,
vi_VN,VN,15,Son La Province,Tỉnh Sơn La,Long Phieng Commune,Xã Lóng Phiêng,,
vi_VN,VN,15,Son La Province,Tỉnh Sơn La,Yen Son Commune,Xã Yên Sơn,,
vi_VN,VN,15,Son La Province,Tỉnh Sơn La,Chiang Mai Commune,Xã Chiềng Mai,,
vi_VN,VN,15,Son La Province,Tỉnh Sơn La,Mai Son Commune,Xã Mai Sơn,,
vi_VN,VN,15,Son La Province,Tỉnh Sơn La,Phieng Pan Commune,Xã Phiêng Pằn,,
vi_VN,VN,15,Son La Province,Tỉnh Sơn La,Chieng Mung Commune,Xã Chiềng Mung,,
vi_VN,VN,15,Son La Province,Tỉnh Sơn La,Phieng Cam Commune,Xã Phiêng Cằm,,
vi_VN,VN,15,Son La Province,Tỉnh Sơn La,Muong Chanh Commune,Xã Mường Chanh,,
vi_VN,VN,15,Son La Province,Tỉnh Sơn La,Ta Hoc Commune,Xã Tà Hộc,,
vi_VN,VN,15,Son La Province,Tỉnh Sơn La,Chieng Sung Commune,Xã Chiềng Sung,,
vi_VN,VN,15,Son La Province,Tỉnh Sơn La,Bo Sinh Commune,Xã Bó Sinh,,
vi_VN,VN,15,Son La Province,Tỉnh Sơn La,Chieng Khuong Commune,Xã Chiềng Khương,,
vi_VN,VN,15,Son La Province,Tỉnh Sơn La,Muong Hung Commune,Xã Mường Hung,,
vi_VN,VN,15,Son La Province,Tỉnh Sơn La,Chieng Khoong Commune,Xã Chiềng Khoong,,
vi_VN,VN,15,Son La Province,Tỉnh Sơn La,Muong Lam Commune,Xã Mường Lầm,,
vi_VN,VN,15,Son La Province,Tỉnh Sơn La,Nam Ty Commune,Xã Nậm Ty,,
vi_VN,VN,15,Son La Province,Tỉnh Sơn La,Song Ma Commune,Xã Sông Mã,,
vi_VN,VN,15,Son La Province,Tỉnh Sơn La,Huoi Mot Commune,Xã Huổi Một,,
vi_VN,VN,15,Son La Province,Tỉnh Sơn La,Chieng So Commune,Xã Chiềng Sơ,,
vi_VN,VN,15,Son La Province,Tỉnh Sơn La,Sop Cop Commune,Xã Sốp Cộp,,
vi_VN,VN,15,Son La Province,Tỉnh Sơn La,Pung Banh Commune,Xã Púng Bánh,,
vi_VN,VN,15,Son La Province,Tỉnh Sơn La,Tan Yen Commune,Xã Tân Yên,,
vi_VN,VN,15,Son La Province,Tỉnh Sơn La,Muong Bam Commune,Xã Mường Bám,,
vi_VN,VN,15,Son La Province,Tỉnh Sơn La,Ngoc Chien Commune,Xã Ngọc Chiến,,
vi_VN,VN,15,Son La Province,Tỉnh Sơn La,Suoi To Commune,Xã Suối Tọ,,
vi_VN,VN,15,Son La Province,Tỉnh Sơn La,Phieng Khoai Commune,Xã Phiêng Khoài,,
vi_VN,VN,15,Son La Province,Tỉnh Sơn La,Muong Lan Commune,Xã Mường Lạn,,
vi_VN,VN,15,Son La Province,Tỉnh Sơn La,Muong Leo Commune,Xã Mường Lèo,,
vi_VN,VN,16,Thanh Hoa Province,Tỉnh Thanh Hóa,Hac Thanh Ward,Phường Hạc Thành,,
vi_VN,VN,16,Thanh Hoa Province,Tỉnh Thanh Hóa,Quang Phu Ward,Phường Quảng Phú,,
vi_VN,VN,16,Thanh Hoa Province,Tỉnh Thanh Hóa,Dong Quang Ward,Phường Đông Quang,,
vi_VN,VN,16,Thanh Hoa Province,Tỉnh Thanh Hóa,Dong Son Ward,Phường Đông Sơn,,
vi_VN,VN,16,Thanh Hoa Province,Tỉnh Thanh Hóa,Dong Tien Ward,Phường Đông Tiến,,
vi_VN,VN,16,Thanh Hoa Province,Tỉnh Thanh Hóa,Ham Rong Ward,Phường Hàm Rồng,,
vi_VN,VN,16,Thanh Hoa Province,Tỉnh Thanh Hóa,Nguyet Vien Ward,Phường Nguyệt Viên,,
vi_VN,VN,16,Thanh Hoa Province,Tỉnh Thanh Hóa,Sam Son Ward,Phường Sầm Sơn,,
vi_VN,VN,16,Thanh Hoa Province,Tỉnh Thanh Hóa,Nam Sam Son Ward,Phường Nam Sầm Sơn,,
vi_VN,VN,16,Thanh Hoa Province,Tỉnh Thanh Hóa,Bim Son Ward,Phường Bỉm Sơn,,
vi_VN,VN,16,Thanh Hoa Province,Tỉnh Thanh Hóa,Quang Trung Ward,Phường Quang Trung,,
vi_VN,VN,16,Thanh Hoa Province,Tỉnh Thanh Hóa,Ngoc Son Ward,Phường Ngọc Sơn,,
vi_VN,VN,16,Thanh Hoa Province,Tỉnh Thanh Hóa,Tan Dan Ward,Phường Tân Dân,,
vi_VN,VN,16,Thanh Hoa Province,Tỉnh Thanh Hóa,Hai Linh Ward,Phường Hải Lĩnh,,
vi_VN,VN,16,Thanh Hoa Province,Tỉnh Thanh Hóa,Tinh Gia Ward,Phường Tĩnh Gia,,
vi_VN,VN,16,Thanh Hoa Province,Tỉnh Thanh Hóa,Dao Duy Tu Ward,Phường Đào Duy Tư,,
vi_VN,VN,16,Thanh Hoa Province,Tỉnh Thanh Hóa,Hai Binh Ward,Phường Hải Bình,,
vi_VN,VN,16,Thanh Hoa Province,Tỉnh Thanh Hóa,Truc Lam Ward,Phường Trúc Lâm,,
vi_VN,VN,16,Thanh Hoa Province,Tỉnh Thanh Hóa,Nghi Son Ward,Phường Nghi Sơn,,
vi_VN,VN,16,Thanh Hoa Province,Tỉnh Thanh Hóa,Cac Son Commune,Xã Các Sơn,,
vi_VN,VN,16,Thanh Hoa Province,Tỉnh Thanh Hóa,Truong Lam Commune,Xã Trường Lâm,,
vi_VN,VN,16,Thanh Hoa Province,Tỉnh Thanh Hóa,Ha Trung Commune,Xã Hà Trung,,
vi_VN,VN,16,Thanh Hoa Province,Tỉnh Thanh Hóa,Tong Son Commune,Xã Tống Sơn,,
vi_VN,VN,16,Thanh Hoa Province,Tỉnh Thanh Hóa,Ha Long Commune,Xã Hà Long,,
vi_VN,VN,16,Thanh Hoa Province,Tỉnh Thanh Hóa,Hoat Giang Commune,Xã Hoạt Giang,,
vi_VN,VN,16,Thanh Hoa Province,Tỉnh Thanh Hóa,Linh Toai Commune,Xã Lĩnh Toại,,
vi_VN,VN,16,Thanh Hoa Province,Tỉnh Thanh Hóa,Trieu Loc Commune,Xã Triệu Lộc,,
vi_VN,VN,16,Thanh Hoa Province,Tỉnh Thanh Hóa,Dong Thanh Commune,Xã Đông Thành,,
vi_VN,VN,16,Thanh Hoa Province,Tỉnh Thanh Hóa,Hau Loc Commune,Xã Hậu Lộc,,
vi_VN,VN,16,Thanh Hoa Province,Tỉnh Thanh Hóa,Hoa Loc Commune,Xã Hoa Lộc,,
vi_VN,VN,16,Thanh Hoa Province,Tỉnh Thanh Hóa,Van Loc Commune,Xã Vạn Lộc,,
vi_VN,VN,16,Thanh Hoa Province,Tỉnh Thanh Hóa,Nga Son Commune,Xã Nga Sơn,,
vi_VN,VN,16,Thanh Hoa Province,Tỉnh Thanh Hóa,Nga Thang Commune,Xã Nga Thắng,,
vi_VN,VN,16,Thanh Hoa Province,Tỉnh Thanh Hóa,Ho Vuong Commune,Xã Hồ Vương,,
vi_VN,VN,16,Thanh Hoa Province,Tỉnh Thanh Hóa,Tan Tien Commune,Xã Tân Tiến,,
vi_VN,VN,16,Thanh Hoa Province,Tỉnh Thanh Hóa,Nga An Commune,Xã Nga An,,
vi_VN,VN,16,Thanh Hoa Province,Tỉnh Thanh Hóa,Ba Dinh Commune,Xã Ba Đình,,
vi_VN,VN,16,Thanh Hoa Province,Tỉnh Thanh Hóa,Hoang Hoa Commune,Xã Hoằng Hóa,,
vi_VN,VN,16,Thanh Hoa Province,Tỉnh Thanh Hóa,Hoang Tien Commune,Xã Hoằng Tiến,,
vi_VN,VN,16,Thanh Hoa Province,Tỉnh Thanh Hóa,Hoang Thanh Commune,Xã Hoằng Thanh,,
vi_VN,VN,16,Thanh Hoa Province,Tỉnh Thanh Hóa,Hoang Loc Commune,Xã Hoằng Lộc,,
vi_VN,VN,16,Thanh Hoa Province,Tỉnh Thanh Hóa,Hoang Chau Commune,Xã Hoằng Châu,,
vi_VN,VN,16,Thanh Hoa Province,Tỉnh Thanh Hóa,Hoang Son Commune,Xã Hoằng Sơn,,
vi_VN,VN,16,Thanh Hoa Province,Tỉnh Thanh Hóa,Hoang Phu Commune,Xã Hoằng Phú,,
vi_VN,VN,16,Thanh Hoa Province,Tỉnh Thanh Hóa,Hoang Giang Commune,Xã Hoằng Giang,,
vi_VN,VN,16,Thanh Hoa Province,Tỉnh Thanh Hóa,Liu Wei Commune,Xã Lưu Vệ,,
vi_VN,VN,16,Thanh Hoa Province,Tỉnh Thanh Hóa,Quang Yen Commune,Xã Quảng Yên,,
vi_VN,VN,16,Thanh Hoa Province,Tỉnh Thanh Hóa,Quang Ngoc Commune,Xã Quảng Ngọc,,
vi_VN,VN,16,Thanh Hoa Province,Tỉnh Thanh Hóa,Quang Ninh Commune,Xã Quảng Ninh,,
vi_VN,VN,16,Thanh Hoa Province,Tỉnh Thanh Hóa,Quang Binh Commune,Xã Quảng Bình,,
vi_VN,VN,16,Thanh Hoa Province,Tỉnh Thanh Hóa,Tien Trang Commune,Xã Tiên Trang,,
vi_VN,VN,16,Thanh Hoa Province,Tỉnh Thanh Hóa,Quang Chinh Commune,Xã Quảng Chính,,
vi_VN,VN,16,Thanh Hoa Province,Tỉnh Thanh Hóa,Nong Cong Commune,Xã Nông Cống,,
vi_VN,VN,16,Thanh Hoa Province,Tỉnh Thanh Hóa,Thang Loi Commune,Xã Thắng Lợi,,
vi_VN,VN,16,Thanh Hoa Province,Tỉnh Thanh Hóa,Trung Chinh Commune,Xã Trung Chính,,
vi_VN,VN,16,Thanh Hoa Province,Tỉnh Thanh Hóa,Truong Van Commune,Xã Trường Văn,,
vi_VN,VN,16,Thanh Hoa Province,Tỉnh Thanh Hóa,Thang Binh Commune,Xã Thăng Bình,,
vi_VN,VN,16,Thanh Hoa Province,Tỉnh Thanh Hóa,Tuong Linh Commune,Xã Tượng Lĩnh,,
vi_VN,VN,16,Thanh Hoa Province,Tỉnh Thanh Hóa,Cong Chinh Commune,Xã Công Chính,,
vi_VN,VN,16,Thanh Hoa Province,Tỉnh Thanh Hóa,Thieu Hoa Commune,Xã Thiệu Hóa,,
vi_VN,VN,16,Thanh Hoa Province,Tỉnh Thanh Hóa,Thieu Quang Commune,Xã Thiệu Quang,,
vi_VN,VN,16,Thanh Hoa Province,Tỉnh Thanh Hóa,Thieu Tien Commune,Xã Thiệu Tiến,,
vi_VN,VN,16,Thanh Hoa Province,Tỉnh Thanh Hóa,Thieu Toan Commune,Xã Thiệu Toán,,
vi_VN,VN,16,Thanh Hoa Province,Tỉnh Thanh Hóa,Thieu Trung Commune,Xã Thiệu Trung,,
vi_VN,VN,16,Thanh Hoa Province,Tỉnh Thanh Hóa,Yen Dinh Commune,Xã Yên Định,,
vi_VN,VN,16,Thanh Hoa Province,Tỉnh Thanh Hóa,Yen Truong Commune,Xã Yên Trường,,
vi_VN,VN,16,Thanh Hoa Province,Tỉnh Thanh Hóa,Yen Phu Commune,Xã Yên Phú,,
vi_VN,VN,16,Thanh Hoa Province,Tỉnh Thanh Hóa,Quy Loc Commune,Xã Quý Lộc,,
vi_VN,VN,16,Thanh Hoa Province,Tỉnh Thanh Hóa,Yen Ninh Commune,Xã Yên Ninh,,
vi_VN,VN,16,Thanh Hoa Province,Tỉnh Thanh Hóa,Dinh Tan Commune,Xã Định Tân,,
vi_VN,VN,16,Thanh Hoa Province,Tỉnh Thanh Hóa,Dinh Hoa Commune,Xã Định Hoà,,
vi_VN,VN,16,Thanh Hoa Province,Tỉnh Thanh Hóa,Tho Xuan Commune,Xã Thọ Xuân,,
vi_VN,VN,16,Thanh Hoa Province,Tỉnh Thanh Hóa,Tho Long Commune,Xã Thọ Long,,
vi_VN,VN,16,Thanh Hoa Province,Tỉnh Thanh Hóa,Xuan Hoa Commune,Xã Xuân Hoà,,
vi_VN,VN,16,Thanh Hoa Province,Tỉnh Thanh Hóa,Sao Vang Commune,Xã Sao Vàng,,
vi_VN,VN,16,Thanh Hoa Province,Tỉnh Thanh Hóa,Lam Son Commune,Xã Lam Sơn,,
vi_VN,VN,16,Thanh Hoa Province,Tỉnh Thanh Hóa,Tho Lap Commune,Xã Thọ Lập,,
vi_VN,VN,16,Thanh Hoa Province,Tỉnh Thanh Hóa,Xuan Tin Commune,Xã Xuân Tín,,
vi_VN,VN,16,Thanh Hoa Province,Tỉnh Thanh Hóa,Xuan Lap Commune,Xã Xuân Lập,,
vi_VN,VN,16,Thanh Hoa Province,Tỉnh Thanh Hóa,Vinh Loc Commune,Xã Vĩnh Lộc,,
vi_VN,VN,16,Thanh Hoa Province,Tỉnh Thanh Hóa,Tay Do Commune,Xã Tây Đô,,
vi_VN,VN,16,Thanh Hoa Province,Tỉnh Thanh Hóa,Bien Thuong Commune,Xã Biện Thượng,,
vi_VN,VN,16,Thanh Hoa Province,Tỉnh Thanh Hóa,Trieu Son Commune,Xã Triệu Sơn,,
vi_VN,VN,16,Thanh Hoa Province,Tỉnh Thanh Hóa,Tho Binh Commune,Xã Thọ Bình,,
vi_VN,VN,16,Thanh Hoa Province,Tỉnh Thanh Hóa,Tho Ngoc Commune,Xã Thọ Ngọc,,
vi_VN,VN,16,Thanh Hoa Province,Tỉnh Thanh Hóa,Tho Phu Commune,Xã Thọ Phú,,
vi_VN,VN,16,Thanh Hoa Province,Tỉnh Thanh Hóa,Hop Tien Commune,Xã Hợp Tiến,,
vi_VN,VN,16,Thanh Hoa Province,Tỉnh Thanh Hóa,An Nong Commune,Xã An Nông,,
vi_VN,VN,16,Thanh Hoa Province,Tỉnh Thanh Hóa,Tan Ninh Commune,Xã Tân Ninh,,
vi_VN,VN,16,Thanh Hoa Province,Tỉnh Thanh Hóa,Dong Tien Commune,Xã Đồng Tiến,,
vi_VN,VN,16,Thanh Hoa Province,Tỉnh Thanh Hóa,Muong Chanh Commune,Xã Mường Chanh,,
vi_VN,VN,16,Thanh Hoa Province,Tỉnh Thanh Hóa,Quang Chieu Commune,Xã Quang Chiểu,,
vi_VN,VN,16,Thanh Hoa Province,Tỉnh Thanh Hóa,Tam Chung Commune,Xã Tam chung,,
vi_VN,VN,16,Thanh Hoa Province,Tỉnh Thanh Hóa,Muong Lat Commune,Xã Mường Lát,,
vi_VN,VN,16,Thanh Hoa Province,Tỉnh Thanh Hóa,Pu Nhi Commune,Xã Pù Nhi,,
vi_VN,VN,16,Thanh Hoa Province,Tỉnh Thanh Hóa,Nhi Son Commune,Xã Nhi Sơn,,
vi_VN,VN,16,Thanh Hoa Province,Tỉnh Thanh Hóa,Muong Ly Commune,Xã Mường Lý,,
vi_VN,VN,16,Thanh Hoa Province,Tỉnh Thanh Hóa,Trung Ly Commune,Xã Trung Lý,,
vi_VN,VN,16,Thanh Hoa Province,Tỉnh Thanh Hóa,Hoi Xuan Commune,Xã Hồi Xuân,,
vi_VN,VN,16,Thanh Hoa Province,Tỉnh Thanh Hóa,Nam Xuan Commune,Xã Nam Xuân,,
vi_VN,VN,16,Thanh Hoa Province,Tỉnh Thanh Hóa,Thien Phu Commune,Xã Thiên Phủ,,
vi_VN,VN,16,Thanh Hoa Province,Tỉnh Thanh Hóa,Hien Kiet Commune,Xã Hiền Kiệt,,
vi_VN,VN,16,Thanh Hoa Province,Tỉnh Thanh Hóa,Phu Xuan Commune,Xã Phú Xuân,,
vi_VN,VN,16,Thanh Hoa Province,Tỉnh Thanh Hóa,Phu Le Commune,Xã Phú Lệ,,
vi_VN,VN,16,Thanh Hoa Province,Tỉnh Thanh Hóa,Trung Thanh Commune,Xã Trung Thành,,
vi_VN,VN,16,Thanh Hoa Province,Tỉnh Thanh Hóa,Trung Son Commune,Xã Trung Sơn,,
vi_VN,VN,16,Thanh Hoa Province,Tỉnh Thanh Hóa,Na Meo Commune,Xã Na Mèo,,
vi_VN,VN,16,Thanh Hoa Province,Tỉnh Thanh Hóa,Son Thuy Commune,Xã Sơn Thủy,,
vi_VN,VN,16,Thanh Hoa Province,Tỉnh Thanh Hóa,Son Dien Commune,Xã Sơn Điện,,
vi_VN,VN,16,Thanh Hoa Province,Tỉnh Thanh Hóa,Muong Min Commune,Xã Mường Mìn,,
vi_VN,VN,16,Thanh Hoa Province,Tỉnh Thanh Hóa,Tam Thanh Commune,Xã Tam Thanh,,
vi_VN,VN,16,Thanh Hoa Province,Tỉnh Thanh Hóa,Tam Lu Commune,Xã Tam Lư,,
vi_VN,VN,16,Thanh Hoa Province,Tỉnh Thanh Hóa,Quan Son Commune,Xã Quan Sơn,,
vi_VN,VN,16,Thanh Hoa Province,Tỉnh Thanh Hóa,Trung Ha Commune,Xã Trung Hạ,,
vi_VN,VN,16,Thanh Hoa Province,Tỉnh Thanh Hóa,Linh Son Commune,Xã Linh Sơn,,
vi_VN,VN,16,Thanh Hoa Province,Tỉnh Thanh Hóa,Dong Luong Commune,Xã Đồng Lương,,
vi_VN,VN,16,Thanh Hoa Province,Tỉnh Thanh Hóa,Van Phu Commune,Xã Văn Phú,,
vi_VN,VN,16,Thanh Hoa Province,Tỉnh Thanh Hóa,Giao An Commune,Xã Giao An,,
vi_VN,VN,16,Thanh Hoa Province,Tỉnh Thanh Hóa,Yen Khuong Commune,Xã Yên Khương,,
vi_VN,VN,16,Thanh Hoa Province,Tỉnh Thanh Hóa,Yen Thang Commune,Xã Yên Thắng,,
vi_VN,VN,16,Thanh Hoa Province,Tỉnh Thanh Hóa,Van Nho Commune,Xã Văn Nho,,
vi_VN,VN,16,Thanh Hoa Province,Tỉnh Thanh Hóa,Thiet Ong Commune,Xã Thiết Ống,,
vi_VN,VN,16,Thanh Hoa Province,Tỉnh Thanh Hóa,Ba Thuoc Commune,Xã Bá Thước,,
vi_VN,VN,16,Thanh Hoa Province,Tỉnh Thanh Hóa,Co Lung Commune,Xã Cổ Lũng,,
vi_VN,VN,16,Thanh Hoa Province,Tỉnh Thanh Hóa,Pu Luong Commune,Xã Pù Luông,,
vi_VN,VN,16,Thanh Hoa Province,Tỉnh Thanh Hóa,Dien Lu Commune,Xã Điền Lư,,
vi_VN,VN,16,Thanh Hoa Province,Tỉnh Thanh Hóa,Dien Quang Commune,Xã Điền Quang,,
vi_VN,VN,16,Thanh Hoa Province,Tỉnh Thanh Hóa,Quy Luong Commune,Xã Quý Lương,,
vi_VN,VN,16,Thanh Hoa Province,Tỉnh Thanh Hóa,Ngoc Lac Commune,Xã Ngọc Lặc,,
vi_VN,VN,16,Thanh Hoa Province,Tỉnh Thanh Hóa,Thach Lap Commune,Xã Thạch Lập,,
vi_VN,VN,16,Thanh Hoa Province,Tỉnh Thanh Hóa,Ngoc Lien Commune,Xã Ngọc Liên,,
vi_VN,VN,16,Thanh Hoa Province,Tỉnh Thanh Hóa,Minh Son Commune,Xã Minh Sơn,,
vi_VN,VN,16,Thanh Hoa Province,Tỉnh Thanh Hóa,Nguyet An Commune,Xã Nguyệt Ấn,,
vi_VN,VN,16,Thanh Hoa Province,Tỉnh Thanh Hóa,Kien Tho Commune,Xã Kiên Thọ,,
vi_VN,VN,16,Thanh Hoa Province,Tỉnh Thanh Hóa,Cam Thach Commune,Xã Cẩm Thạch,,
vi_VN,VN,16,Thanh Hoa Province,Tỉnh Thanh Hóa,Cam Thuy Commune,Xã Cẩm Thủy,,
vi_VN,VN,16,Thanh Hoa Province,Tỉnh Thanh Hóa,Cam Tu Commune,Xã Cẩm Tú,,
vi_VN,VN,16,Thanh Hoa Province,Tỉnh Thanh Hóa,Cam Van Commune,Xã Cẩm Vân,,
vi_VN,VN,16,Thanh Hoa Province,Tỉnh Thanh Hóa,Cam Tan Commune,Xã Cẩm Tân,,
vi_VN,VN,16,Thanh Hoa Province,Tỉnh Thanh Hóa,Kim Tan Commune,Xã Kim Tân,,
vi_VN,VN,16,Thanh Hoa Province,Tỉnh Thanh Hóa,Van Du Commune,Xã Vân Du,,
vi_VN,VN,16,Thanh Hoa Province,Tỉnh Thanh Hóa,Ngoc Trao Commune,Xã Ngọc Trạo,,
vi_VN,VN,16,Thanh Hoa Province,Tỉnh Thanh Hóa,Thach Binh Commune,Xã Thạch Bình,,
vi_VN,VN,16,Thanh Hoa Province,Tỉnh Thanh Hóa,Thanh Vinh Commune,Xã Thành Vinh,,
vi_VN,VN,16,Thanh Hoa Province,Tỉnh Thanh Hóa,Thach Quang Commune,Xã Thạch Quảng,,
vi_VN,VN,16,Thanh Hoa Province,Tỉnh Thanh Hóa,Nhu Xuan Commune,Xã Như Xuân,,
vi_VN,VN,16,Thanh Hoa Province,Tỉnh Thanh Hóa,Thuong Ninh Commune,Xã Thượng Ninh,,
vi_VN,VN,16,Thanh Hoa Province,Tỉnh Thanh Hóa,Xuan Binh Commune,Xã Xuân Bình,,
vi_VN,VN,16,Thanh Hoa Province,Tỉnh Thanh Hóa,Hoa Quy Commune,Xã Hóa Quỳ,,
vi_VN,VN,16,Thanh Hoa Province,Tỉnh Thanh Hóa,Thanh Quan Commune,Xã Thanh Quân,,
vi_VN,VN,16,Thanh Hoa Province,Tỉnh Thanh Hóa,Thanh Phong Commune,Xã Thanh Phong,,
vi_VN,VN,16,Thanh Hoa Province,Tỉnh Thanh Hóa,Xuan Du Commune,Xã Xuân Du,,
vi_VN,VN,16,Thanh Hoa Province,Tỉnh Thanh Hóa,Mau Lam Commune,Xã Mậu Lâm,,
vi_VN,VN,16,Thanh Hoa Province,Tỉnh Thanh Hóa,Nhu Thanh Commune,Xã Như Thanh,,
vi_VN,VN,16,Thanh Hoa Province,Tỉnh Thanh Hóa,Yen Tho Commune,Xã Yên Thọ,,
vi_VN,VN,16,Thanh Hoa Province,Tỉnh Thanh Hóa,Xuan Thai Commune,Xã Xuân Thái,,
vi_VN,VN,16,Thanh Hoa Province,Tỉnh Thanh Hóa,Thanh Ky Commune,Xã Thanh Kỳ,,
vi_VN,VN,16,Thanh Hoa Province,Tỉnh Thanh Hóa,Bat Mot Commune,Xã Bát Mọt,,
vi_VN,VN,16,Thanh Hoa Province,Tỉnh Thanh Hóa,Yen Nhan Commune,Xã Yên Nhân,,
vi_VN,VN,16,Thanh Hoa Province,Tỉnh Thanh Hóa,Luong Son Commune,Xã Lương Sơn,,
vi_VN,VN,16,Thanh Hoa Province,Tỉnh Thanh Hóa,Thuong Xuan Commune,Xã Thường Xuân,,
vi_VN,VN,16,Thanh Hoa Province,Tỉnh Thanh Hóa,Luan Thanh Commune,Xã Luận Thành,,
vi_VN,VN,16,Thanh Hoa Province,Tỉnh Thanh Hóa,Tan Thanh Commune,Xã Tân Thành,,
vi_VN,VN,16,Thanh Hoa Province,Tỉnh Thanh Hóa,Van Xuan Commune,Xã Vạn Xuân,,
vi_VN,VN,16,Thanh Hoa Province,Tỉnh Thanh Hóa,Thang Loc Commune,Xã Thắng Lộc,,
vi_VN,VN,16,Thanh Hoa Province,Tỉnh Thanh Hóa,Xuan Chinh Commune,Xã Xuân Chinh,,
vi_VN,VN,17,Nghe An Province,Tỉnh Nghệ An,Anh Son Commune,Xã Anh Sơn,,
vi_VN,VN,17,Nghe An Province,Tỉnh Nghệ An,Yen Xuan Commune,Xã Yên Xuân,,
vi_VN,VN,17,Nghe An Province,Tỉnh Nghệ An,Nhan Hoa Commune,Xã Nhân Hoà,,
vi_VN,VN,17,Nghe An Province,Tỉnh Nghệ An,Anh Son Dong Commune,Xã Anh Sơn Đông,,
vi_VN,VN,17,Nghe An Province,Tỉnh Nghệ An,Vinh Tuong Commune,Xã Vĩnh Tường,,
vi_VN,VN,17,Nghe An Province,Tỉnh Nghệ An,Thanh Binh Tho Commune,Xã Thành Bình Thọ,,
vi_VN,VN,17,Nghe An Province,Tỉnh Nghệ An,Con Cuong Commune,Xã Con Cuông,,
vi_VN,VN,17,Nghe An Province,Tỉnh Nghệ An,Mon Son Commune,Xã Môn Sơn,,
vi_VN,VN,17,Nghe An Province,Tỉnh Nghệ An,Mau Thach Commune,Xã Mậu Thạch,,
vi_VN,VN,17,Nghe An Province,Tỉnh Nghệ An,Cam Phuc Commune,Xã Cam Phục,,
vi_VN,VN,17,Nghe An Province,Tỉnh Nghệ An,Chau Khe Commune,Xã Châu Khê,,
vi_VN,VN,17,Nghe An Province,Tỉnh Nghệ An,Binh Chuan Commune,Xã Bình Chuẩn,,
vi_VN,VN,17,Nghe An Province,Tỉnh Nghệ An,Dien Chau Commune,Xã Diễn Châu,,
vi_VN,VN,17,Nghe An Province,Tỉnh Nghệ An,Duc Chau Commune,Xã Đức Châu,,
vi_VN,VN,17,Nghe An Province,Tỉnh Nghệ An,Quang Chau Commune,Xã Quảng Châu,,
vi_VN,VN,17,Nghe An Province,Tỉnh Nghệ An,Hai Chau Commune,Xã Hải Châu,,
vi_VN,VN,17,Nghe An Province,Tỉnh Nghệ An,Tan Chau Commune,Xã Tân Châu,,
vi_VN,VN,17,Nghe An Province,Tỉnh Nghệ An,An Chau Commune,Xã An Châu,,
vi_VN,VN,17,Nghe An Province,Tỉnh Nghệ An,Minh Chau Commune,Xã Minh Châu,,
vi_VN,VN,17,Nghe An Province,Tỉnh Nghệ An,Hung Chau Commune,Xã Hùng Châu,,
vi_VN,VN,17,Nghe An Province,Tỉnh Nghệ An,Do Luong Commune,Xã Đô Lương,,
vi_VN,VN,17,Nghe An Province,Tỉnh Nghệ An,Bach Ngoc Commune,Xã Bạch Ngọc,,
vi_VN,VN,17,Nghe An Province,Tỉnh Nghệ An,Van Hien Commune,Xã Văn Hiến,,
vi_VN,VN,17,Nghe An Province,Tỉnh Nghệ An,Bach Ha Commune,Xã Bạch Hà,,
vi_VN,VN,17,Nghe An Province,Tỉnh Nghệ An,Thuan Trung Commune,Xã Thuần Trung,,
vi_VN,VN,17,Nghe An Province,Tỉnh Nghệ An,Luong Son Commune,Xã Lương Sơn,,
vi_VN,VN,17,Nghe An Province,Tỉnh Nghệ An,Hoang Mai Ward,Phường Hoàng Mai,,
vi_VN,VN,17,Nghe An Province,Tỉnh Nghệ An,Tan Mai Ward,Phường Tân Mai,,
vi_VN,VN,17,Nghe An Province,Tỉnh Nghệ An,Quynh Mai Ward,Phường Quỳnh Mai,,
vi_VN,VN,17,Nghe An Province,Tỉnh Nghệ An,Hung Nguyen Commune,Xã Hưng Nguyên,,
vi_VN,VN,17,Nghe An Province,Tỉnh Nghệ An,Yen Trung Commune,Xã Yên Trung,,
vi_VN,VN,17,Nghe An Province,Tỉnh Nghệ An,Hung Nguyen Nam Commune,Xã Hưng Nguyên Nam,,
vi_VN,VN,17,Nghe An Province,Tỉnh Nghệ An,Lam Thanh Commune,Xã Lam Thành,,
vi_VN,VN,17,Nghe An Province,Tỉnh Nghệ An,Muong Xen Commune,Xã Mường Xén,,
vi_VN,VN,17,Nghe An Province,Tỉnh Nghệ An,Huu Kiem Commune,Xã Hữu Kiệm,,
vi_VN,VN,17,Nghe An Province,Tỉnh Nghệ An,Nam Can Commune,Xã Nậm Cắn,,
vi_VN,VN,17,Nghe An Province,Tỉnh Nghệ An,Chieu Luu Commune,Xã Chiêu Lưu,,
vi_VN,VN,17,Nghe An Province,Tỉnh Nghệ An,Na Loi Commune,Xã Na Loi,,
vi_VN,VN,17,Nghe An Province,Tỉnh Nghệ An,Muong Tip Commune,Xã Mường Típ,,
vi_VN,VN,17,Nghe An Province,Tỉnh Nghệ An,Na Ngoi Commune,Xã Na Ngoi,,
vi_VN,VN,17,Nghe An Province,Tỉnh Nghệ An,My Ly Commune,Xã Mỹ Lý,,
vi_VN,VN,17,Nghe An Province,Tỉnh Nghệ An,Bac Ly Commune,Xã Bắc Lý,,
vi_VN,VN,17,Nghe An Province,Tỉnh Nghệ An,Keng Du Commune,Xã Keng Đu,,
vi_VN,VN,17,Nghe An Province,Tỉnh Nghệ An,Huoi Tu Commune,Xã Huồi Tụ,,
vi_VN,VN,17,Nghe An Province,Tỉnh Nghệ An,Muong Long Commune,Xã Mường Lống,,
vi_VN,VN,17,Nghe An Province,Tỉnh Nghệ An,Van An Commune,Xã Vạn An,,
vi_VN,VN,17,Nghe An Province,Tỉnh Nghệ An,Nam Dan Commune,Xã Nam Đàn,,
vi_VN,VN,17,Nghe An Province,Tỉnh Nghệ An,Dai Hue Commune,Xã Đại Huệ,,
vi_VN,VN,17,Nghe An Province,Tỉnh Nghệ An,Thien Nhan Commune,Xã Thiên Nhẫn,,
vi_VN,VN,17,Nghe An Province,Tỉnh Nghệ An,Kim Lien Commune,Xã Kim Liên,,
vi_VN,VN,17,Nghe An Province,Tỉnh Nghệ An,Nghia Dan Commune,Xã Nghĩa Đàn,,
vi_VN,VN,17,Nghe An Province,Tỉnh Nghệ An,Nghia Tho Commune,Xã Nghĩa Thọ,,
vi_VN,VN,17,Nghe An Province,Tỉnh Nghệ An,Nghia Lam Commune,Xã Nghĩa Lâm,,
vi_VN,VN,17,Nghe An Province,Tỉnh Nghệ An,Nghia Mai Commune,Xã Nghĩa Mai,,
vi_VN,VN,17,Nghe An Province,Tỉnh Nghệ An,Nghia Hung Commune,Xã Nghĩa Hưng,,
vi_VN,VN,17,Nghe An Province,Tỉnh Nghệ An,Nghia Khanh Commune,Xã Nghĩa Khánh,,
vi_VN,VN,17,Nghe An Province,Tỉnh Nghệ An,Nghia Loc Commune,Xã Nghĩa Lộc,,
vi_VN,VN,17,Nghe An Province,Tỉnh Nghệ An,Nghi Loc Commune,Xã Nghi Lộc,,
vi_VN,VN,17,Nghe An Province,Tỉnh Nghệ An,Phuc Loc Commune,Xã Phúc Lộc,,
vi_VN,VN,17,Nghe An Province,Tỉnh Nghệ An,Dong Loc Commune,Xã Đông Lộc,,
vi_VN,VN,17,Nghe An Province,Tỉnh Nghệ An,Trung Loc Commune,Xã Trung Lộc,,
vi_VN,VN,17,Nghe An Province,Tỉnh Nghệ An,Than Linh Commune,Xã Thần Lĩnh,,
vi_VN,VN,17,Nghe An Province,Tỉnh Nghệ An,Hai Loc Commune,Xã Hải Lộc,,
vi_VN,VN,17,Nghe An Province,Tỉnh Nghệ An,Van Kieu Commune,Xã Văn Kiều,,
vi_VN,VN,17,Nghe An Province,Tỉnh Nghệ An,Que Phong Commune,Xã Quế Phong,,
vi_VN,VN,17,Nghe An Province,Tỉnh Nghệ An,Tien Phong Commune,Xã Tiền Phong,,
vi_VN,VN,17,Nghe An Province,Tỉnh Nghệ An,Tri Le Commune,Xã Tri Lễ,,
vi_VN,VN,17,Nghe An Province,Tỉnh Nghệ An,Muong Quang Commune,Xã Mường Quàng,,
vi_VN,VN,17,Nghe An Province,Tỉnh Nghệ An,Thong Thu Commune,Xã Thông Thụ,,
vi_VN,VN,17,Nghe An Province,Tỉnh Nghệ An,Quy Chau Commune,Xã Quỳ Châu,,
vi_VN,VN,17,Nghe An Province,Tỉnh Nghệ An,Chau Tien Commune,Xã Châu Tiến,,
vi_VN,VN,17,Nghe An Province,Tỉnh Nghệ An,Hung Chan Commune,Xã Hùng Chân,,
vi_VN,VN,17,Nghe An Province,Tỉnh Nghệ An,Chau Binh Commune,Xã Châu Bình,,
vi_VN,VN,17,Nghe An Province,Tỉnh Nghệ An,Quy Hop Commune,Xã Quỳ Hợp,,
vi_VN,VN,17,Nghe An Province,Tỉnh Nghệ An,Tam Hop Commune,Xã Tam Hợp,,
vi_VN,VN,17,Nghe An Province,Tỉnh Nghệ An,Chau Loc Commune,Xã Châu Lộc,,
vi_VN,VN,17,Nghe An Province,Tỉnh Nghệ An,Chau Hong Commune,Xã Châu Hồng,,
vi_VN,VN,17,Nghe An Province,Tỉnh Nghệ An,Muong Ham Commune,Xã Mường Ham,,
vi_VN,VN,17,Nghe An Province,Tỉnh Nghệ An,Muong Chong Commune,Xã Mường Chọng,,
vi_VN,VN,17,Nghe An Province,Tỉnh Nghệ An,Minh Hop Commune,Xã Minh Hợp,,
vi_VN,VN,17,Nghe An Province,Tỉnh Nghệ An,Quynh Luu Commune,Xã Quỳnh Lưu,,
vi_VN,VN,17,Nghe An Province,Tỉnh Nghệ An,Quynh Van Commune,Xã Quỳnh Văn,,
vi_VN,VN,17,Nghe An Province,Tỉnh Nghệ An,Quynh Anh Commune,Xã Quỳnh Anh,,
vi_VN,VN,17,Nghe An Province,Tỉnh Nghệ An,Quynh Tam Commune,Xã Quỳnh Tam,,
vi_VN,VN,17,Nghe An Province,Tỉnh Nghệ An,Quynh Phu Commune,Xã Quỳnh Phú,,
vi_VN,VN,17,Nghe An Province,Tỉnh Nghệ An,Quynh Son Commune,Xã Quỳnh Sơn,,
vi_VN,VN,17,Nghe An Province,Tỉnh Nghệ An,Quynh Thang Commune,Xã Quỳnh Thắng,,
vi_VN,VN,17,Nghe An Province,Tỉnh Nghệ An,Tan Ky Commune,Xã Tân Kỳ,,
vi_VN,VN,17,Nghe An Province,Tỉnh Nghệ An,Tan Phu Commune,Xã Tân Phú,,
vi_VN,VN,17,Nghe An Province,Tỉnh Nghệ An,Tan An Commune,Xã Tân An,,
vi_VN,VN,17,Nghe An Province,Tỉnh Nghệ An,Nghia Dong Commune,Xã Nghĩa Đồng,,
vi_VN,VN,17,Nghe An Province,Tỉnh Nghệ An,Giai Xuan Commune,Xã Giai Xuân,,
vi_VN,VN,17,Nghe An Province,Tỉnh Nghệ An,Nghia Hanh Commune,Xã Nghĩa Hành,,
vi_VN,VN,17,Nghe An Province,Tỉnh Nghệ An,Tien Dong Commune,Xã Tiên Đồng,,
vi_VN,VN,17,Nghe An Province,Tỉnh Nghệ An,Thai Hoa Ward,Phường Thái Hoà,,
vi_VN,VN,17,Nghe An Province,Tỉnh Nghệ An,Tay Hieu Ward,Phường Tây Hiếu,,
vi_VN,VN,17,Nghe An Province,Tỉnh Nghệ An,Dong Hieu Commune,Xã Đông Hiếu,,
vi_VN,VN,17,Nghe An Province,Tỉnh Nghệ An,Cat Ngan Commune,Xã Cát Ngạn,,
vi_VN,VN,17,Nghe An Province,Tỉnh Nghệ An,Tam Dong Commune,Xã Tam Đồng,,
vi_VN,VN,17,Nghe An Province,Tỉnh Nghệ An,Hanh Lam Commune,Xã Hạnh Lâm,,
vi_VN,VN,17,Nghe An Province,Tỉnh Nghệ An,Son Lam Commune,Xã Sơn Lâm,,
vi_VN,VN,17,Nghe An Province,Tỉnh Nghệ An,Hoa Quan Commune,Xã Hoa Quân,,
vi_VN,VN,17,Nghe An Province,Tỉnh Nghệ An,Kim Bang Commune,Xã Kim Bảng,,
vi_VN,VN,17,Nghe An Province,Tỉnh Nghệ An,Bich Hao Commune,Xã Bích Hào,,
vi_VN,VN,17,Nghe An Province,Tỉnh Nghệ An,Dai Dong Commune,Xã Đại Đồng,,
vi_VN,VN,17,Nghe An Province,Tỉnh Nghệ An,Xuan Lam Commune,Xã Xuân Lâm,,
vi_VN,VN,17,Nghe An Province,Tỉnh Nghệ An,Tam Quang Commune,Xã Tam Quang,,
vi_VN,VN,17,Nghe An Province,Tỉnh Nghệ An,Tam Thai Commune,Xã Tam Thái,,
vi_VN,VN,17,Nghe An Province,Tỉnh Nghệ An,Tuong Duong Commune,Xã Tương Dương,,
vi_VN,VN,17,Nghe An Province,Tỉnh Nghệ An,Luong Minh Commune,Xã Lượng Minh,,
vi_VN,VN,17,Nghe An Province,Tỉnh Nghệ An,Yen Na Commune,Xã Yên Na,,
vi_VN,VN,17,Nghe An Province,Tỉnh Nghệ An,Yen Hoa Commune,Xã Yên Hoà,,
vi_VN,VN,17,Nghe An Province,Tỉnh Nghệ An,Nga My Commune,Xã Nga My,,
vi_VN,VN,17,Nghe An Province,Tỉnh Nghệ An,Huu Khuong Commune,Xã Hữu Khuông,,
vi_VN,VN,17,Nghe An Province,Tỉnh Nghệ An,Nhon Mai Commune,Xã Nhôn Mai,,
vi_VN,VN,17,Nghe An Province,Tỉnh Nghệ An,Truong Vinh Ward,Phường Trường Vinh,,
vi_VN,VN,17,Nghe An Province,Tỉnh Nghệ An,Thanh Vinh Ward,Phường Thành Vinh,,
vi_VN,VN,17,Nghe An Province,Tỉnh Nghệ An,Vinh Hung Ward,Phường Vinh Hưng,,
vi_VN,VN,17,Nghe An Province,Tỉnh Nghệ An,Vinh Phu Ward,Phường Vinh Phú,,
vi_VN,VN,17,Nghe An Province,Tỉnh Nghệ An,Vinh Loc Ward,Phường Vinh Lộc,,
vi_VN,VN,17,Nghe An Province,Tỉnh Nghệ An,Cua Lo Ward,Phường Cửa Lò,,
vi_VN,VN,17,Nghe An Province,Tỉnh Nghệ An,Yen Thanh Commune,Xã Yên Thành,,
vi_VN,VN,17,Nghe An Province,Tỉnh Nghệ An,Quan Thanh Commune,Xã Quan Thành,,
vi_VN,VN,17,Nghe An Province,Tỉnh Nghệ An,Hop Minh Commune,Xã Hợp Minh,,
vi_VN,VN,17,Nghe An Province,Tỉnh Nghệ An,Van Tu Commune,Xã Vân Tụ,,
vi_VN,VN,17,Nghe An Province,Tỉnh Nghệ An,Van Du Commune,Xã Vân Du,,
vi_VN,VN,17,Nghe An Province,Tỉnh Nghệ An,Quang Dong Commune,Xã Quang Đồng,,
vi_VN,VN,17,Nghe An Province,Tỉnh Nghệ An,Giai Lac Commune,Xã Giai Lạc,,
vi_VN,VN,17,Nghe An Province,Tỉnh Nghệ An,Binh Minh Commune,Xã Bình Minh,,
vi_VN,VN,17,Nghe An Province,Tỉnh Nghệ An,Dong Thanh Commune,Xã Đông Thành,,
vi_VN,VN,18,Ha Tinh Province,Tỉnh Hà Tĩnh,Song Tri Ward,Phường Sông Trí,,
vi_VN,VN,18,Ha Tinh Province,Tỉnh Hà Tĩnh,Hai Ninh Ward,Phường Hải Ninh,,
vi_VN,VN,18,Ha Tinh Province,Tỉnh Hà Tĩnh,Hoanh Son Ward,Phường Hoành Sơn,,
vi_VN,VN,18,Ha Tinh Province,Tỉnh Hà Tĩnh,Vung Ang Ward,Phường Vũng Áng,,
vi_VN,VN,18,Ha Tinh Province,Tỉnh Hà Tĩnh,Ky Xuan Commune,Xã Kỳ Xuân,,
vi_VN,VN,18,Ha Tinh Province,Tỉnh Hà Tĩnh,Ky Anh Commune,Xã Kỳ Anh,,
vi_VN,VN,18,Ha Tinh Province,Tỉnh Hà Tĩnh,Ky Hoa Commune,Xã Kỳ Hoa,,
vi_VN,VN,18,Ha Tinh Province,Tỉnh Hà Tĩnh,Ky Van Commune,Xã Kỳ Văn,,
vi_VN,VN,18,Ha Tinh Province,Tỉnh Hà Tĩnh,Ky Khang Commune,Xã Kỳ Khang,,
vi_VN,VN,18,Ha Tinh Province,Tỉnh Hà Tĩnh,Ky Lac Commune,Xã Kỳ Lạc,,
vi_VN,VN,18,Ha Tinh Province,Tỉnh Hà Tĩnh,Ky Thuong Commune,Xã Kỳ Thượng,,
vi_VN,VN,18,Ha Tinh Province,Tỉnh Hà Tĩnh,Cam Xuyen Commune,Xã Cẩm Xuyên,,
vi_VN,VN,18,Ha Tinh Province,Tỉnh Hà Tĩnh,Thien Cam Commune,Xã Thiên Cầm,,
vi_VN,VN,18,Ha Tinh Province,Tỉnh Hà Tĩnh,Cam Due Commune,Xã Cẩm Duệ,,
vi_VN,VN,18,Ha Tinh Province,Tỉnh Hà Tĩnh,Cam Hung Commune,Xã Cẩm Hưng,,
vi_VN,VN,18,Ha Tinh Province,Tỉnh Hà Tĩnh,Cam Lac Commune,Xã Cẩm Lạc,,
vi_VN,VN,18,Ha Tinh Province,Tỉnh Hà Tĩnh,Cam Trung Commune,Xã Cẩm Trung,,
vi_VN,VN,18,Ha Tinh Province,Tỉnh Hà Tĩnh,Yen Hoa Commune,Xã Yên Hoà,,
vi_VN,VN,18,Ha Tinh Province,Tỉnh Hà Tĩnh,Thanh Sen Ward,Phường Thành Sen,,
vi_VN,VN,18,Ha Tinh Province,Tỉnh Hà Tĩnh,Tran Phu Ward,Phường Trần Phú,,
vi_VN,VN,18,Ha Tinh Province,Tỉnh Hà Tĩnh,Ha Huy Tap Ward,Phường Hà Huy Tập,,
vi_VN,VN,18,Ha Tinh Province,Tỉnh Hà Tĩnh,Thach Lac Commune,Xã Thạch Lạc,,
vi_VN,VN,18,Ha Tinh Province,Tỉnh Hà Tĩnh,Dong Tien Commune,Xã Đồng Tiến,,
vi_VN,VN,18,Ha Tinh Province,Tỉnh Hà Tĩnh,Thach Khe Commune,Xã Thạch Khê,,
vi_VN,VN,18,Ha Tinh Province,Tỉnh Hà Tĩnh,Cam Binh Commune,Xã Cẩm Bình,,
vi_VN,VN,18,Ha Tinh Province,Tỉnh Hà Tĩnh,Thach Ha Commune,Xã Thạch Hà,,
vi_VN,VN,18,Ha Tinh Province,Tỉnh Hà Tĩnh,Toan Luu Commune,Xã Toàn Lưu,,
vi_VN,VN,18,Ha Tinh Province,Tỉnh Hà Tĩnh,Viet Xuyen Commune,Xã Việt Xuyên,,
vi_VN,VN,18,Ha Tinh Province,Tỉnh Hà Tĩnh,Dong Kinh Commune,Xã Đông Kinh,,
vi_VN,VN,18,Ha Tinh Province,Tỉnh Hà Tĩnh,Thach Xuan Commune,Xã Thạch Xuân,,
vi_VN,VN,18,Ha Tinh Province,Tỉnh Hà Tĩnh,Loc Ha Commune,Xã Lộc Hà,,
vi_VN,VN,18,Ha Tinh Province,Tỉnh Hà Tĩnh,Hong Loc Commune,Xã Hồng Lộc,,
vi_VN,VN,18,Ha Tinh Province,Tỉnh Hà Tĩnh,Mai Phu Commune,Xã Mai Phụ,,
vi_VN,VN,18,Ha Tinh Province,Tỉnh Hà Tĩnh,Can Loc Commune,Xã Can Lộc,,
vi_VN,VN,18,Ha Tinh Province,Tỉnh Hà Tĩnh,Tung Loc Commune,Xã Tùng Lộc,,
vi_VN,VN,18,Ha Tinh Province,Tỉnh Hà Tĩnh,Gia Hanh Commune,Xã Gia Hanh,,
vi_VN,VN,18,Ha Tinh Province,Tỉnh Hà Tĩnh,Truong Luu Commune,Xã Trường Lưu,,
vi_VN,VN,18,Ha Tinh Province,Tỉnh Hà Tĩnh,Xuan Loc Commune,Xã Xuân Lộc,,
vi_VN,VN,18,Ha Tinh Province,Tỉnh Hà Tĩnh,Dong Loc Commune,Xã Đồng Lộc,,
vi_VN,VN,18,Ha Tinh Province,Tỉnh Hà Tĩnh,Bac Hong Linh Ward,Phường Bắc Hồng Lĩnh,,
vi_VN,VN,18,Ha Tinh Province,Tỉnh Hà Tĩnh,Nam Hong Linh Ward,Phường Nam Hồng Lĩnh,,
vi_VN,VN,18,Ha Tinh Province,Tỉnh Hà Tĩnh,Tien Dien Commune,Xã Tiên Điền,,
vi_VN,VN,18,Ha Tinh Province,Tỉnh Hà Tĩnh,Nghi Xuan Commune,Xã Nghi Xuân,,
vi_VN,VN,18,Ha Tinh Province,Tỉnh Hà Tĩnh,Co Dam Commune,Xã Cổ Đạm,,
vi_VN,VN,18,Ha Tinh Province,Tỉnh Hà Tĩnh,Dan Hai Commune,Xã Đan Hải,,
vi_VN,VN,18,Ha Tinh Province,Tỉnh Hà Tĩnh,Duc Tho Commune,Xã Đức Thọ,,
vi_VN,VN,18,Ha Tinh Province,Tỉnh Hà Tĩnh,Duc Quang Commune,Xã Đức Quang,,
vi_VN,VN,18,Ha Tinh Province,Tỉnh Hà Tĩnh,Duc Dong Commune,Xã Đức Đồng,,
vi_VN,VN,18,Ha Tinh Province,Tỉnh Hà Tĩnh,Duc Thinh Commune,Xã Đức Thịnh,,
vi_VN,VN,18,Ha Tinh Province,Tỉnh Hà Tĩnh,Duc Minh Commune,Xã Đức Minh,,
vi_VN,VN,18,Ha Tinh Province,Tỉnh Hà Tĩnh,Huong Son Commune,Xã Hương Sơn,,
vi_VN,VN,18,Ha Tinh Province,Tỉnh Hà Tĩnh,Son Tay Commune,Xã Sơn Tây,,
vi_VN,VN,18,Ha Tinh Province,Tỉnh Hà Tĩnh,Tu My Commune,Xã Tứ Mỹ,,
vi_VN,VN,18,Ha Tinh Province,Tỉnh Hà Tĩnh,Son Giang Commune,Xã Sơn Giang,,
vi_VN,VN,18,Ha Tinh Province,Tỉnh Hà Tĩnh,Son Tien Commune,Xã Sơn Tiến,,
vi_VN,VN,18,Ha Tinh Province,Tỉnh Hà Tĩnh,Son Hong Commune,Xã Sơn Hồng,,
vi_VN,VN,18,Ha Tinh Province,Tỉnh Hà Tĩnh,Kim Hoa Commune,Xã Kim Hoa,,
vi_VN,VN,18,Ha Tinh Province,Tỉnh Hà Tĩnh,Vu Quang Commune,Xã Vũ Quang,,
vi_VN,VN,18,Ha Tinh Province,Tỉnh Hà Tĩnh,Mai Hoa Commune,Xã Mai Hoa,,
vi_VN,VN,18,Ha Tinh Province,Tỉnh Hà Tĩnh,Thuong Duc Commune,Xã Thượng Đức,,
vi_VN,VN,18,Ha Tinh Province,Tỉnh Hà Tĩnh,Huong Khe Commune,Xã Hương Khê,,
vi_VN,VN,18,Ha Tinh Province,Tỉnh Hà Tĩnh,Huong Pho Commune,Xã Hương Phố,,
vi_VN,VN,18,Ha Tinh Province,Tỉnh Hà Tĩnh,Huong Do Commune,Xã Hương Đô,,
vi_VN,VN,18,Ha Tinh Province,Tỉnh Hà Tĩnh,Ha Linh Commune,Xã Hà Linh,,
vi_VN,VN,18,Ha Tinh Province,Tỉnh Hà Tĩnh,Huong Binh Commune,Xã Hương Bình,,
vi_VN,VN,18,Ha Tinh Province,Tỉnh Hà Tĩnh,Phuc Trach Commune,Xã Phúc Trạch,,
vi_VN,VN,18,Ha Tinh Province,Tỉnh Hà Tĩnh,Huong Xuan Commune,Xã Hương Xuân,,
vi_VN,VN,18,Ha Tinh Province,Tỉnh Hà Tĩnh,Son Kim 1 Commune,Xã Sơn Kim 1,,
vi_VN,VN,18,Ha Tinh Province,Tỉnh Hà Tĩnh,Son Kim 2 Commune,Xã Sơn Kim 2,,
vi_VN,VN,19,Quang Tri Province,Tỉnh Quảng Trị,Dong Hoi Ward,Phường Đồng Hới,,
vi_VN,VN,19,Quang Tri Province,Tỉnh Quảng Trị,Dong Thuan Ward,Phường Đồng Thuận,,
vi_VN,VN,19,Quang Tri Province,Tỉnh Quảng Trị,Dong Son Ward,Phường Đồng Sơn,,
vi_VN,VN,19,Quang Tri Province,Tỉnh Quảng Trị,Nam Gianh Commune,Xã Nam Gianh,,
vi_VN,VN,19,Quang Tri Province,Tỉnh Quảng Trị,Nam Ba Don Commune,Xã Nam Ba Đồn,,
vi_VN,VN,19,Quang Tri Province,Tỉnh Quảng Trị,Ba Don Ward,Phường Ba Đồn,,
vi_VN,VN,19,Quang Tri Province,Tỉnh Quảng Trị,Bac Gianh Ward,Phường Bắc Gianh,,
vi_VN,VN,19,Quang Tri Province,Tỉnh Quảng Trị,Dan Hoa Commune,Xã Dân Hóa,,
vi_VN,VN,19,Quang Tri Province,Tỉnh Quảng Trị,Kim Dien Commune,Xã Kim Điền,,
vi_VN,VN,19,Quang Tri Province,Tỉnh Quảng Trị,Kim Phu Commune,Xã Kim Phú,,
vi_VN,VN,19,Quang Tri Province,Tỉnh Quảng Trị,Minh Hoa Commune,Xã Minh Hóa,,
vi_VN,VN,19,Quang Tri Province,Tỉnh Quảng Trị,Tan Thanh Commune,Xã Tân Thành,,
vi_VN,VN,19,Quang Tri Province,Tỉnh Quảng Trị,Tuyen Lam Commune,Xã Tuyên Lâm,,
vi_VN,VN,19,Quang Tri Province,Tỉnh Quảng Trị,Tuyen Son Commune,Xã Tuyên Sơn,,
vi_VN,VN,19,Quang Tri Province,Tỉnh Quảng Trị,Dong Le Commune,Xã Đồng Lê,,
vi_VN,VN,19,Quang Tri Province,Tỉnh Quảng Trị,Tuyen Phu Commune,Xã Tuyên Phú,,
vi_VN,VN,19,Quang Tri Province,Tỉnh Quảng Trị,Tuyen Binh Commune,Xã Tuyên Bình,,
vi_VN,VN,19,Quang Tri Province,Tỉnh Quảng Trị,Tuyen Hoa Commune,Xã Tuyên Hóa,,
vi_VN,VN,19,Quang Tri Province,Tỉnh Quảng Trị,Tan Gianh Commune,Xã Tân Gianh,,
vi_VN,VN,19,Quang Tri Province,Tỉnh Quảng Trị,Trung Thuan Commune,Xã Trung Thuần,,
vi_VN,VN,19,Quang Tri Province,Tỉnh Quảng Trị,Quang Trach Commune,Xã Quảng Trạch,,
vi_VN,VN,19,Quang Tri Province,Tỉnh Quảng Trị,Hoa Trach Commune,Xã Hoà Trạch,,
vi_VN,VN,19,Quang Tri Province,Tỉnh Quảng Trị,Phu Trach Commune,Xã Phú Trạch,,
vi_VN,VN,19,Quang Tri Province,Tỉnh Quảng Trị,Thuong Trach Commune,Xã Thượng Trạch,,
vi_VN,VN,19,Quang Tri Province,Tỉnh Quảng Trị,Phong Nha Commune,Xã Phong Nha,,
vi_VN,VN,19,Quang Tri Province,Tỉnh Quảng Trị,Bac Trach Commune,Xã Bắc Trạch,,
vi_VN,VN,19,Quang Tri Province,Tỉnh Quảng Trị,Dong Trach Commune,Xã Đông Trạch,,
vi_VN,VN,19,Quang Tri Province,Tỉnh Quảng Trị,Hoan Lao Commune,Xã Hoàn Lão,,
vi_VN,VN,19,Quang Tri Province,Tỉnh Quảng Trị,Bo Trach Commune,Xã Bố Trạch,,
vi_VN,VN,19,Quang Tri Province,Tỉnh Quảng Trị,Nam Trach Commune,Xã Nam Trạch,,
vi_VN,VN,19,Quang Tri Province,Tỉnh Quảng Trị,Quang Ninh Commune,Xã Quảng Ninh,,
vi_VN,VN,19,Quang Tri Province,Tỉnh Quảng Trị,Ninh Chau Commune,Xã Ninh Châu,,
vi_VN,VN,19,Quang Tri Province,Tỉnh Quảng Trị,Truong Ninh Commune,Xã Trường Ninh,,
vi_VN,VN,19,Quang Tri Province,Tỉnh Quảng Trị,Truong Son Commune,Xã Trường Sơn,,
vi_VN,VN,19,Quang Tri Province,Tỉnh Quảng Trị,Le Thuy Commune,Xã Lệ Thủy,,
vi_VN,VN,19,Quang Tri Province,Tỉnh Quảng Trị,Cam Hong Commune,Xã Cam Hồng,,
vi_VN,VN,19,Quang Tri Province,Tỉnh Quảng Trị,Sen Ngu Commune,Xã Sen Ngư,,
vi_VN,VN,19,Quang Tri Province,Tỉnh Quảng Trị,Tan My Commune,Xã Tân Mỹ,,
vi_VN,VN,19,Quang Tri Province,Tỉnh Quảng Trị,Truong Phu Commune,Xã Trường Phú,,
vi_VN,VN,19,Quang Tri Province,Tỉnh Quảng Trị,Le Ninh Commune,Xã Lệ Ninh,,
vi_VN,VN,19,Quang Tri Province,Tỉnh Quảng Trị,Kim Ngan Commune,Xã Kim Ngân,,
vi_VN,VN,19,Quang Tri Province,Tỉnh Quảng Trị,Dong Ha Ward,Phường Đông Hà,,
vi_VN,VN,19,Quang Tri Province,Tỉnh Quảng Trị,Nam Dong Ha Ward,Phường Nam Đông Hà,,
vi_VN,VN,19,Quang Tri Province,Tỉnh Quảng Trị,Quang Tri Ward,Phường Quảng Trị,,
vi_VN,VN,19,Quang Tri Province,Tỉnh Quảng Trị,Vinh Linh Commune,Xã Vĩnh Linh,,
vi_VN,VN,19,Quang Tri Province,Tỉnh Quảng Trị,Cua Tung Commune,Xã Cửa Tùng,,
vi_VN,VN,19,Quang Tri Province,Tỉnh Quảng Trị,Vinh Hoang Commune,Xã Vĩnh Hoàng,,
vi_VN,VN,19,Quang Tri Province,Tỉnh Quảng Trị,Vinh Thuy Commune,Xã Vĩnh Thủy,,
vi_VN,VN,19,Quang Tri Province,Tỉnh Quảng Trị,Ben Quan Commune,Xã Bến Quan,,
vi_VN,VN,19,Quang Tri Province,Tỉnh Quảng Trị,Con Tien Commune,Xã Cồn Tiên,,
vi_VN,VN,19,Quang Tri Province,Tỉnh Quảng Trị,Cua Viet Commune,Xã Cửa Việt,,
vi_VN,VN,19,Quang Tri Province,Tỉnh Quảng Trị,Gio Linh Commune,Xã Gio Linh,,
vi_VN,VN,19,Quang Tri Province,Tỉnh Quảng Trị,Ben Hai Commune,Xã Bến Hải,,
vi_VN,VN,19,Quang Tri Province,Tỉnh Quảng Trị,Huong Lap Commune,Xã Hướng Lập,,
vi_VN,VN,19,Quang Tri Province,Tỉnh Quảng Trị,Huong Phung Commune,Xã Hướng Phùng,,
vi_VN,VN,19,Quang Tri Province,Tỉnh Quảng Trị,Khe Sanh Commune,Xã Khe Sanh,,
vi_VN,VN,19,Quang Tri Province,Tỉnh Quảng Trị,Tan Lap Commune,Xã Tân Lập,,
vi_VN,VN,19,Quang Tri Province,Tỉnh Quảng Trị,Lao Bao Commune,Xã Lao Bảo,,
vi_VN,VN,19,Quang Tri Province,Tỉnh Quảng Trị,Separated Commune,Xã Lìa,,
vi_VN,VN,19,Quang Tri Province,Tỉnh Quảng Trị,A Doi Commune,Xã A Dơi,,
vi_VN,VN,19,Quang Tri Province,Tỉnh Quảng Trị,La Lay Commune,Xã La Lay,,
vi_VN,VN,19,Quang Tri Province,Tỉnh Quảng Trị,Ta Rut Commune,Xã Tà Rụt,,
vi_VN,VN,19,Quang Tri Province,Tỉnh Quảng Trị,Dakrong Commune,Xã Đakrông,,
vi_VN,VN,19,Quang Tri Province,Tỉnh Quảng Trị,Ba Long Commune,Xã Ba Lòng,,
vi_VN,VN,19,Quang Tri Province,Tỉnh Quảng Trị,Huong Hiep Commune,Xã Hướng Hiệp,,
vi_VN,VN,19,Quang Tri Province,Tỉnh Quảng Trị,Cam Lo Commune,Xã Cam Lộ,,
vi_VN,VN,19,Quang Tri Province,Tỉnh Quảng Trị,Hieu Giang Commune,Xã Hiếu Giang,,
vi_VN,VN,19,Quang Tri Province,Tỉnh Quảng Trị,Trieu Phong Commune,Xã Triệu Phong,,
vi_VN,VN,19,Quang Tri Province,Tỉnh Quảng Trị,Ai Tu Commune,Xã Ái Tử,,
vi_VN,VN,19,Quang Tri Province,Tỉnh Quảng Trị,Trieu Binh Commune,Xã Triệu Bình,,
vi_VN,VN,19,Quang Tri Province,Tỉnh Quảng Trị,Trieu Co Commune,Xã Triệu Cơ,,
vi_VN,VN,19,Quang Tri Province,Tỉnh Quảng Trị,Nam Cua Viet Commune,Xã Nam Cửa Việt,,
vi_VN,VN,19,Quang Tri Province,Tỉnh Quảng Trị,Dien Sanh Commune,Xã Diên Sanh,,
vi_VN,VN,19,Quang Tri Province,Tỉnh Quảng Trị,My Thuy Commune,Xã Mỹ Thủy,,
vi_VN,VN,19,Quang Tri Province,Tỉnh Quảng Trị,Hai Lang Commune,Xã Hải Lăng,,
vi_VN,VN,19,Quang Tri Province,Tỉnh Quảng Trị,Vinh Dinh Commune,Xã Vĩnh Định,,
vi_VN,VN,19,Quang Tri Province,Tỉnh Quảng Trị,Nam Hai Lang Commune,Xã Nam Hải Lăng,,
vi_VN,VN,19,Quang Tri Province,Tỉnh Quảng Trị,Con Co Special Economic Zone,Đặc khu Cồn Cỏ,,
vi_VN,VN,20,Hue City,Thành phố Huế,Thuan An Ward,Phường Thuận An,,
vi_VN,VN,20,Hue City,Thành phố Huế,Hoa Chau Ward,Phường Hóa Châu,,
vi_VN,VN,20,Hue City,Thành phố Huế,My Thuong Ward,Phường Mỹ Thượng,,
vi_VN,VN,20,Hue City,Thành phố Huế,Vy Da Ward,Phường Vỹ Dạ,,
vi_VN,VN,20,Hue City,Thành phố Huế,Thuan Hoa Ward,Phường Thuận Hóa,,
vi_VN,VN,20,Hue City,Thành phố Huế,An Cuu Ward,Phường An Cựu,,
vi_VN,VN,20,Hue City,Thành phố Huế,Thuy Xuan Ward,Phường Thủy Xuân,,
vi_VN,VN,20,Hue City,Thành phố Huế,Kim Long Ward,Phường Kim Long,,
vi_VN,VN,20,Hue City,Thành phố Huế,Huong An Ward,Phường Hương An,,
vi_VN,VN,20,Hue City,Thành phố Huế,Phu Xuan Ward,Phường Phú Xuân,,
vi_VN,VN,20,Hue City,Thành phố Huế,Huong Tra Ward,Phường Hương Trà,,
vi_VN,VN,20,Hue City,Thành phố Huế,Kim Tra Ward,Phường Kim Trà,,
vi_VN,VN,20,Hue City,Thành phố Huế,Thanh Thuy Ward,Phường Thanh Thủy,,
vi_VN,VN,20,Hue City,Thành phố Huế,Huong Thuy Ward,Phường Hương Thủy,,
vi_VN,VN,20,Hue City,Thành phố Huế,Phu Bai Ward,Phường Phú Bài,,
vi_VN,VN,20,Hue City,Thành phố Huế,Phong Dien Ward,Phường Phong Điền,,
vi_VN,VN,20,Hue City,Thành phố Huế,Phong Thai Ward,Phường Phong Thái,,
vi_VN,VN,20,Hue City,Thành phố Huế,Phong Dinh Ward,Phường Phong Dinh,,
vi_VN,VN,20,Hue City,Thành phố Huế,Phong Phu Ward,Phường Phong Phú,,
vi_VN,VN,20,Hue City,Thành phố Huế,Phong Quang Ward,Phường Phong Quảng,,
vi_VN,VN,20,Hue City,Thành phố Huế,Dan Dien Commune,Xã Đan Điền,,
vi_VN,VN,20,Hue City,Thành phố Huế,Quang Dien Commune,Xã Quảng Điền,,
vi_VN,VN,20,Hue City,Thành phố Huế,Phu Vinh Commune,Xã Phú Vinh,,
vi_VN,VN,20,Hue City,Thành phố Huế,Phu Ho Commune,Xã Phú Hồ,,
vi_VN,VN,20,Hue City,Thành phố Huế,Phu Vang Commune,Xã Phú Vang,,
vi_VN,VN,20,Hue City,Thành phố Huế,Vinh Loc Commune,Xã Vinh Lộc,,
vi_VN,VN,20,Hue City,Thành phố Huế,Hung Loc Commune,Xã Hưng Lộc,,
vi_VN,VN,20,Hue City,Thành phố Huế,Loc An Commune,Xã Lộc An,,
vi_VN,VN,20,Hue City,Thành phố Huế,Phu Loc Commune,Xã Phú Lộc,,
vi_VN,VN,20,Hue City,Thành phố Huế,Chan May - Lang Co Commune,Xã Chân Mây – Lăng Cô,,
vi_VN,VN,20,Hue City,Thành phố Huế,Long Quang Commune,Xã Long Quảng,,
vi_VN,VN,20,Hue City,Thành phố Huế,Nam Dong Commune,Xã Nam Đông,,
vi_VN,VN,20,Hue City,Thành phố Huế,Khe Tre Commune,Xã Khe Tre,,
vi_VN,VN,20,Hue City,Thành phố Huế,Binh Dien Commune,Xã Bình Điền,,
vi_VN,VN,20,Hue City,Thành phố Huế,A Luoi 1 Commune,Xã A Lưới 1,,
vi_VN,VN,20,Hue City,Thành phố Huế,A Luoi 2 Commune,Xã A Lưới 2,,
vi_VN,VN,20,Hue City,Thành phố Huế,A Luoi 3 Commune,Xã A Lưới 3,,
vi_VN,VN,20,Hue City,Thành phố Huế,A Luoi 4 Commune,Xã A Lưới 4,,
vi_VN,VN,20,Hue City,Thành phố Huế,A Luoi 5 Commune,Xã A Lưới 5,,
vi_VN,VN,20,Hue City,Thành phố Huế,Duong No Ward,Phường Dương Nỗ,,
vi_VN,VN,21,Da Nang City,Tp Đà Nẵng,Hai Chau Ward,Phường Hải Châu,,
vi_VN,VN,21,Da Nang City,Tp Đà Nẵng,Hoa Cuong Ward,Phường Hoà Cường,,
vi_VN,VN,21,Da Nang City,Tp Đà Nẵng,Thanh Khe Ward,Phường Thanh Khê,,
vi_VN,VN,21,Da Nang City,Tp Đà Nẵng,An Khe Ward,Phường An Khê,,
vi_VN,VN,21,Da Nang City,Tp Đà Nẵng,An Hai Ward,Phường An Hải,,
vi_VN,VN,21,Da Nang City,Tp Đà Nẵng,Son Tra Ward,Phường Sơn Trà,,
vi_VN,VN,21,Da Nang City,Tp Đà Nẵng,Ngu Hanh Son Ward,Phường Ngũ Hành Sơn,,
vi_VN,VN,21,Da Nang City,Tp Đà Nẵng,Hoa Khanh Ward,Phường Hoà Khánh,,
vi_VN,VN,21,Da Nang City,Tp Đà Nẵng,Hai Van Ward,Phường Hải Vân,,
vi_VN,VN,21,Da Nang City,Tp Đà Nẵng,Lien Chieu Ward,Phường Liên Chiểu,,
vi_VN,VN,21,Da Nang City,Tp Đà Nẵng,Cam Le Ward,Phường Cẩm Lệ,,
vi_VN,VN,21,Da Nang City,Tp Đà Nẵng,Hoa Xuan Ward,Phường Hoà Xuân,,
vi_VN,VN,21,Da Nang City,Tp Đà Nẵng,Hoa Vang Commune,Xã Hoà Vang,,
vi_VN,VN,21,Da Nang City,Tp Đà Nẵng,Hoa Tien Commune,Xã Hoà Tiến,,
vi_VN,VN,21,Da Nang City,Tp Đà Nẵng,Ba Na Commune,Xã Bà Nà,,
vi_VN,VN,21,Da Nang City,Tp Đà Nẵng,Hoang Sa Special Economic Zone,Đặc khu Hoàng Sa,,
vi_VN,VN,21,Da Nang City,Tp Đà Nẵng,Nui Thanh Commune,Xã Núi Thành,,
vi_VN,VN,21,Da Nang City,Tp Đà Nẵng,Tam My Commune,Xã Tam Mỹ,,
vi_VN,VN,21,Da Nang City,Tp Đà Nẵng,Tam Anh Commune,Xã Tam Anh,,
vi_VN,VN,21,Da Nang City,Tp Đà Nẵng,Duc Phu Commune,Xã Đức Phú,,
vi_VN,VN,21,Da Nang City,Tp Đà Nẵng,Tam Xuan Commune,Xã Tam Xuân,,
vi_VN,VN,21,Da Nang City,Tp Đà Nẵng,Tam Hai Commune,Xã Tam Hải,,
vi_VN,VN,21,Da Nang City,Tp Đà Nẵng,Tam Ky Ward,Phường Tam Kỳ,,
vi_VN,VN,21,Da Nang City,Tp Đà Nẵng,Quang Phu Ward,Phường Quảng Phú,,
vi_VN,VN,21,Da Nang City,Tp Đà Nẵng,Huong Tra Ward,Phường Hương Trà,,
vi_VN,VN,21,Da Nang City,Tp Đà Nẵng,Ban Thach Ward,Phường Bàn Thạch,,
vi_VN,VN,21,Da Nang City,Tp Đà Nẵng,Tay Ho Commune,Xã Tây Hồ,,
vi_VN,VN,21,Da Nang City,Tp Đà Nẵng,Chien Dan Commune,Xã Chiên Đàn,,
vi_VN,VN,21,Da Nang City,Tp Đà Nẵng,Phu Ninh Commune,Xã Phú Ninh,,
vi_VN,VN,21,Da Nang City,Tp Đà Nẵng,Lanh Ngoc Commune,Xã Lãnh Ngọc,,
vi_VN,VN,21,Da Nang City,Tp Đà Nẵng,Tien Phuoc Commune,Xã Tiên Phước,,
vi_VN,VN,21,Da Nang City,Tp Đà Nẵng,Thanh Binh Commune,Xã Thạnh Bình,,
vi_VN,VN,21,Da Nang City,Tp Đà Nẵng,Son Cam Ha Commune,Xã Sơn Cẩm Hà,,
vi_VN,VN,21,Da Nang City,Tp Đà Nẵng,Tra Lien Commune,Xã Trà Liên,,
vi_VN,VN,21,Da Nang City,Tp Đà Nẵng,Tra Giap Commune,Xã Trà Giáp,,
vi_VN,VN,21,Da Nang City,Tp Đà Nẵng,Tra Tan Commune,Xã Trà Tân,,
vi_VN,VN,21,Da Nang City,Tp Đà Nẵng,Tra Doc Commune,Xã Trà Đốc,,
vi_VN,VN,21,Da Nang City,Tp Đà Nẵng,Tra My Commune,Xã Trà My,,
vi_VN,VN,21,Da Nang City,Tp Đà Nẵng,Nam Tra My Commune,Xã Nam Trà My,,
vi_VN,VN,21,Da Nang City,Tp Đà Nẵng,Tra Tap Commune,Xã Trà Tập,,
vi_VN,VN,21,Da Nang City,Tp Đà Nẵng,Tra Van Commune,Xã Trà Vân,,
vi_VN,VN,21,Da Nang City,Tp Đà Nẵng,Tra Linh Commune,Xã Trà Linh,,
vi_VN,VN,21,Da Nang City,Tp Đà Nẵng,Tra Leng Commune,Xã Trà Leng,,
vi_VN,VN,21,Da Nang City,Tp Đà Nẵng,Thang Binh Commune,Xã Thăng Bình,,
vi_VN,VN,21,Da Nang City,Tp Đà Nẵng,Thang An Commune,Xã Thăng An,,
vi_VN,VN,21,Da Nang City,Tp Đà Nẵng,Thang Truong Commune,Xã Thăng Trường,,
vi_VN,VN,21,Da Nang City,Tp Đà Nẵng,Thang Dien Commune,Xã Thăng Điền,,
vi_VN,VN,21,Da Nang City,Tp Đà Nẵng,Thang Phu Commune,Xã Thăng Phú,,
vi_VN,VN,21,Da Nang City,Tp Đà Nẵng,Dong Duong Commune,Xã Đồng Dương,,
vi_VN,VN,21,Da Nang City,Tp Đà Nẵng,Que Son Trung Commune,Xã Quế Sơn Trung,,
vi_VN,VN,21,Da Nang City,Tp Đà Nẵng,Que Son Commune,Xã Quế Sơn,,
vi_VN,VN,21,Da Nang City,Tp Đà Nẵng,Xuan Phu Commune,Xã Xuân Phú,,
vi_VN,VN,21,Da Nang City,Tp Đà Nẵng,Nong Son Commune,Xã Nông Sơn,,
vi_VN,VN,21,Da Nang City,Tp Đà Nẵng,Que Phuoc Commune,Xã Quế Phước,,
vi_VN,VN,21,Da Nang City,Tp Đà Nẵng,Duy Nghia Commune,Xã Duy Nghĩa,,
vi_VN,VN,21,Da Nang City,Tp Đà Nẵng,Nam Phuoc Commune,Xã Nam Phước,,
vi_VN,VN,21,Da Nang City,Tp Đà Nẵng,Duy Xuyen Commune,Xã Duy Xuyên,,
vi_VN,VN,21,Da Nang City,Tp Đà Nẵng,Thu Bon Commune,Xã Thu Bồn,,
vi_VN,VN,21,Da Nang City,Tp Đà Nẵng,Dien Ban Ward,Phường Điện Bàn,,
vi_VN,VN,21,Da Nang City,Tp Đà Nẵng,Dien Ban Dong Ward,Phường Điện Bàn Đông,,
vi_VN,VN,21,Da Nang City,Tp Đà Nẵng,An Thang Ward,Phường An Thắng,,
vi_VN,VN,21,Da Nang City,Tp Đà Nẵng,Dien Ban Bac Ward,Phường Điện Bàn Bắc,,
vi_VN,VN,21,Da Nang City,Tp Đà Nẵng,Dien Ban Tay Commune,Xã Điện Bàn Tây,,
vi_VN,VN,21,Da Nang City,Tp Đà Nẵng,Go Noi Commune,Xã Gò Nổi,,
vi_VN,VN,21,Da Nang City,Tp Đà Nẵng,Hoi An Ward,Phường Hội An,,
vi_VN,VN,21,Da Nang City,Tp Đà Nẵng,Hoi An Dong Ward,Phường Hội An Đông,,
vi_VN,VN,21,Da Nang City,Tp Đà Nẵng,Hoi An Tay Ward,Phường Hội An Tây,,
vi_VN,VN,21,Da Nang City,Tp Đà Nẵng,Tan Hiep Commune,Xã Tân Hiệp,,
vi_VN,VN,21,Da Nang City,Tp Đà Nẵng,Dai Loc Commune,Xã Đại Lộc,,
vi_VN,VN,21,Da Nang City,Tp Đà Nẵng,Ha Nha Commune,Xã Hà Nha,,
vi_VN,VN,21,Da Nang City,Tp Đà Nẵng,Thuong Duc Commune,Xã Thượng Đức,,
vi_VN,VN,21,Da Nang City,Tp Đà Nẵng,Vu Gia Commune,Xã Vu Gia,,
vi_VN,VN,21,Da Nang City,Tp Đà Nẵng,Phu Thuan Commune,Xã Phú Thuận,,
vi_VN,VN,21,Da Nang City,Tp Đà Nẵng,Thanh My Commune,Xã Thạnh Mỹ,,
vi_VN,VN,21,Da Nang City,Tp Đà Nẵng,Ben Giang Commune,Xã Bến Giằng,,
vi_VN,VN,21,Da Nang City,Tp Đà Nẵng,Nam Giang Commune,Xã Nam Giang,,
vi_VN,VN,21,Da Nang City,Tp Đà Nẵng,Dak Pring Commune,Xã Đắc Pring,,
vi_VN,VN,21,Da Nang City,Tp Đà Nẵng,La Dee Commune,Xã La Dêê,,
vi_VN,VN,21,Da Nang City,Tp Đà Nẵng,La Ee Commune,Xã La Êê,,
vi_VN,VN,21,Da Nang City,Tp Đà Nẵng,Song Vang Commune,Xã Sông Vàng,,
vi_VN,VN,21,Da Nang City,Tp Đà Nẵng,Song Kon Commune,Xã Sông Kôn,,
vi_VN,VN,21,Da Nang City,Tp Đà Nẵng,Dong Giang Commune,Xã Đông Giang,,
vi_VN,VN,21,Da Nang City,Tp Đà Nẵng,Ben Hien Commune,Xã Bến Hiên,,
vi_VN,VN,21,Da Nang City,Tp Đà Nẵng,Avuong Commune,Xã Avương,,
vi_VN,VN,21,Da Nang City,Tp Đà Nẵng,Tay Giang Commune,Xã Tây Giang,,
vi_VN,VN,21,Da Nang City,Tp Đà Nẵng,Hung Son Commune,Xã Hùng Sơn,,
vi_VN,VN,21,Da Nang City,Tp Đà Nẵng,Hiep Duc Commune,Xã Hiệp Đức,,
vi_VN,VN,21,Da Nang City,Tp Đà Nẵng,Viet An Commune,Xã Việt An,,
vi_VN,VN,21,Da Nang City,Tp Đà Nẵng,Phuoc Tra Commune,Xã Phước Trà,,
vi_VN,VN,21,Da Nang City,Tp Đà Nẵng,Kham Duc Commune,Xã Khâm Đức,,
vi_VN,VN,21,Da Nang City,Tp Đà Nẵng,Phuoc Nang Commune,Xã Phước Năng,,
vi_VN,VN,21,Da Nang City,Tp Đà Nẵng,Phuoc Chanh Commune,Xã Phước Chánh,,
vi_VN,VN,21,Da Nang City,Tp Đà Nẵng,Phuoc Thanh Commune,Xã Phước Thành,,
vi_VN,VN,21,Da Nang City,Tp Đà Nẵng,Phuoc Hiep Commune,Xã Phước Hiệp,,
vi_VN,VN,22,Quang Ngai Province,Tỉnh Quảng Ngãi,Tinh Khe Commune,Xã Tịnh Khê,,
vi_VN,VN,22,Quang Ngai Province,Tỉnh Quảng Ngãi,Truong Quang Trong Ward,Phường Trương Quang Trọng,,
vi_VN,VN,22,Quang Ngai Province,Tỉnh Quảng Ngãi,An Phu Commune,Xã An Phú,,
vi_VN,VN,22,Quang Ngai Province,Tỉnh Quảng Ngãi,Cam Thanh Ward,Phường Cẩm Thành,,
vi_VN,VN,22,Quang Ngai Province,Tỉnh Quảng Ngãi,Nghia Lo Ward,Phường Nghĩa Lộ,,
vi_VN,VN,22,Quang Ngai Province,Tỉnh Quảng Ngãi,Tra Cau Ward,Phường Trà Câu,,
vi_VN,VN,22,Quang Ngai Province,Tỉnh Quảng Ngãi,Nguyen Nghiem Commune,Xã Nguyễn Nghiêm,,
vi_VN,VN,22,Quang Ngai Province,Tỉnh Quảng Ngãi,Duc Pho Ward,Phường Đức Phổ,,
vi_VN,VN,22,Quang Ngai Province,Tỉnh Quảng Ngãi,Khanh Cuong Commune,Xã Khánh Cường,,
vi_VN,VN,22,Quang Ngai Province,Tỉnh Quảng Ngãi,Sa Huynh Ward,Phường Sa Huỳnh,,
vi_VN,VN,22,Quang Ngai Province,Tỉnh Quảng Ngãi,Binh Minh Commune,Xã Bình Minh,,
vi_VN,VN,22,Quang Ngai Province,Tỉnh Quảng Ngãi,Binh Chuong Commune,Xã Bình Chương,,
vi_VN,VN,22,Quang Ngai Province,Tỉnh Quảng Ngãi,Binh Son Commune,Xã Bình Sơn,,
vi_VN,VN,22,Quang Ngai Province,Tỉnh Quảng Ngãi,Van Tuong Commune,Xã Vạn Tường,,
vi_VN,VN,22,Quang Ngai Province,Tỉnh Quảng Ngãi,Dong Son Commune,Xã Đông Sơn,,
vi_VN,VN,22,Quang Ngai Province,Tỉnh Quảng Ngãi,Truong Giang Commune,Xã Trường Giang,,
vi_VN,VN,22,Quang Ngai Province,Tỉnh Quảng Ngãi,Ba Gia Commune,Xã Ba Gia,,
vi_VN,VN,22,Quang Ngai Province,Tỉnh Quảng Ngãi,Son Tinh Commune,Xã Sơn Tịnh,,
vi_VN,VN,22,Quang Ngai Province,Tỉnh Quảng Ngãi,Tho Phong Commune,Xã Thọ Phong,,
vi_VN,VN,22,Quang Ngai Province,Tỉnh Quảng Ngãi,Tu Nghia Commune,Xã Tư Nghĩa,,
vi_VN,VN,22,Quang Ngai Province,Tỉnh Quảng Ngãi,Ve Giang Commune,Xã Vệ Giang,,
vi_VN,VN,22,Quang Ngai Province,Tỉnh Quảng Ngãi,Nghia Giang Commune,Xã Nghĩa Giang,,
vi_VN,VN,22,Quang Ngai Province,Tỉnh Quảng Ngãi,Tra Giang Commune,Xã Trà Giang,,
vi_VN,VN,22,Quang Ngai Province,Tỉnh Quảng Ngãi,Nghia Hanh Commune,Xã Nghĩa Hành,,
vi_VN,VN,22,Quang Ngai Province,Tỉnh Quảng Ngãi,Dinh Cuong Commune,Xã Đình Cương,,
vi_VN,VN,22,Quang Ngai Province,Tỉnh Quảng Ngãi,Thien Tin Commune,Xã Thiện Tín,,
vi_VN,VN,22,Quang Ngai Province,Tỉnh Quảng Ngãi,Phuoc Giang Commune,Xã Phước Giang,,
vi_VN,VN,22,Quang Ngai Province,Tỉnh Quảng Ngãi,Long Phung Commune,Xã Long Phụng,,
vi_VN,VN,22,Quang Ngai Province,Tỉnh Quảng Ngãi,Mo Cay Commune,Xã Mỏ Cày,,
vi_VN,VN,22,Quang Ngai Province,Tỉnh Quảng Ngãi,Mo Duc Commune,Xã Mộ Đức,,
vi_VN,VN,22,Quang Ngai Province,Tỉnh Quảng Ngãi,Lan Phong Commune,Xã Lân Phong,,
vi_VN,VN,22,Quang Ngai Province,Tỉnh Quảng Ngãi,Tra Bong Commune,Xã Trà Bồng,,
vi_VN,VN,22,Quang Ngai Province,Tỉnh Quảng Ngãi,Dong Tra Bong Commune,Xã Đông Trà Bồng,,
vi_VN,VN,22,Quang Ngai Province,Tỉnh Quảng Ngãi,Tay Tra Commune,Xã Tây Trà,,
vi_VN,VN,22,Quang Ngai Province,Tỉnh Quảng Ngãi,Thanh Bong Commune,Xã Thanh Bồng,,
vi_VN,VN,22,Quang Ngai Province,Tỉnh Quảng Ngãi,Ca Dam Commune,Xã Cà Đam,,
vi_VN,VN,22,Quang Ngai Province,Tỉnh Quảng Ngãi,Tay Tra Bong Commune,Xã Tây Trà Bồng,,
vi_VN,VN,22,Quang Ngai Province,Tỉnh Quảng Ngãi,Son Ha Commune,Xã Sơn Hạ,,
vi_VN,VN,22,Quang Ngai Province,Tỉnh Quảng Ngãi,Son Linh Commune,Xã Sơn Linh,,
vi_VN,VN,22,Quang Ngai Province,Tỉnh Quảng Ngãi,Son Ha Commune,Xã Sơn Hà,,
vi_VN,VN,22,Quang Ngai Province,Tỉnh Quảng Ngãi,Son Thuy Commune,Xã Sơn Thủy,,
vi_VN,VN,22,Quang Ngai Province,Tỉnh Quảng Ngãi,Son Ky Commune,Xã Sơn Kỳ,,
vi_VN,VN,22,Quang Ngai Province,Tỉnh Quảng Ngãi,Son Tay Commune,Xã Sơn Tây,,
vi_VN,VN,22,Quang Ngai Province,Tỉnh Quảng Ngãi,Son Tay Thuong Commune,Xã Sơn Tây Thượng,,
vi_VN,VN,22,Quang Ngai Province,Tỉnh Quảng Ngãi,Son Tay Ha Commune,Xã Sơn Tây Hạ,,
vi_VN,VN,22,Quang Ngai Province,Tỉnh Quảng Ngãi,Minh Long Commune,Xã Minh Long,,
vi_VN,VN,22,Quang Ngai Province,Tỉnh Quảng Ngãi,Son Mai Commune,Xã Sơn Mai,,
vi_VN,VN,22,Quang Ngai Province,Tỉnh Quảng Ngãi,Ba Vi Commune,Xã Ba Vì,,
vi_VN,VN,22,Quang Ngai Province,Tỉnh Quảng Ngãi,Ba To Commune,Xã Ba Tô,,
vi_VN,VN,22,Quang Ngai Province,Tỉnh Quảng Ngãi,Ba Dinh Commune,Xã Ba Dinh,,
vi_VN,VN,22,Quang Ngai Province,Tỉnh Quảng Ngãi,Ba To Commune,Xã Ba Tơ,,
vi_VN,VN,22,Quang Ngai Province,Tỉnh Quảng Ngãi,Ba Vinh Commune,Xã Ba Vinh,,
vi_VN,VN,22,Quang Ngai Province,Tỉnh Quảng Ngãi,Ba Dong Commune,Xã Ba Động,,
vi_VN,VN,22,Quang Ngai Province,Tỉnh Quảng Ngãi,Dang Thuy Tram Commune,Xã Đặng Thùy Trâm,,
vi_VN,VN,22,Quang Ngai Province,Tỉnh Quảng Ngãi,Ba Xa Commune,Xã Ba Xa,,
vi_VN,VN,22,Quang Ngai Province,Tỉnh Quảng Ngãi,Ly Son Special Economic Zone,Đặc khu Lý Sơn,,
vi_VN,VN,22,Quang Ngai Province,Tỉnh Quảng Ngãi,Kon Tum Ward,Phường Kon Tum,,
vi_VN,VN,22,Quang Ngai Province,Tỉnh Quảng Ngãi,Dak Cam Ward,Phường Đăk Cấm,,
vi_VN,VN,22,Quang Ngai Province,Tỉnh Quảng Ngãi,Dak Bla Ward,Phường Đăk BLa,,
vi_VN,VN,22,Quang Ngai Province,Tỉnh Quảng Ngãi,Ngok Bay Commune,Xã Ngọk Bay,,
vi_VN,VN,22,Quang Ngai Province,Tỉnh Quảng Ngãi,Ia Chim Commune,Xã Ia Chim,,
vi_VN,VN,22,Quang Ngai Province,Tỉnh Quảng Ngãi,Dak Ro Wa Commune,Xã Đăk Rơ Wa,,
vi_VN,VN,22,Quang Ngai Province,Tỉnh Quảng Ngãi,Dak Pxi Commune,Xã Đăk Pxi,,
vi_VN,VN,22,Quang Ngai Province,Tỉnh Quảng Ngãi,Dak Mar Commune,Xã Đăk Mar,,
vi_VN,VN,22,Quang Ngai Province,Tỉnh Quảng Ngãi,Dak Ui Commune,Xã Đăk Ui,,
vi_VN,VN,22,Quang Ngai Province,Tỉnh Quảng Ngãi,Ngok Reo Commune,Xã Ngọk Réo,,
vi_VN,VN,22,Quang Ngai Province,Tỉnh Quảng Ngãi,Dak Ha Commune,Xã Đăk Hà,,
vi_VN,VN,22,Quang Ngai Province,Tỉnh Quảng Ngãi,Ngok Tu Commune,Xã Ngọk Tụ,,
vi_VN,VN,22,Quang Ngai Province,Tỉnh Quảng Ngãi,Dak To Commune,Xã Đăk Tô,,
vi_VN,VN,22,Quang Ngai Province,Tỉnh Quảng Ngãi,Kon Dao Commune,Xã Kon Đào,,
vi_VN,VN,22,Quang Ngai Province,Tỉnh Quảng Ngãi,Dak Sao Commune,Xã Đăk Sao,,
vi_VN,VN,22,Quang Ngai Province,Tỉnh Quảng Ngãi,Dak To Kan Commune,Xã Đăk Tờ Kan,,
vi_VN,VN,22,Quang Ngai Province,Tỉnh Quảng Ngãi,Tu Mo Rong Commune,Xã Tu Mơ Rông,,
vi_VN,VN,22,Quang Ngai Province,Tỉnh Quảng Ngãi,Mang Ri Commune,Xã Măng Ri,,
vi_VN,VN,22,Quang Ngai Province,Tỉnh Quảng Ngãi,Bo Y Commune,Xã Bờ Y,,
vi_VN,VN,22,Quang Ngai Province,Tỉnh Quảng Ngãi,Sa Loong Commune,Xã Sa Loong,,
vi_VN,VN,22,Quang Ngai Province,Tỉnh Quảng Ngãi,Duc Nong Commune,Xã Dục Nông,,
vi_VN,VN,22,Quang Ngai Province,Tỉnh Quảng Ngãi,Xop Commune,Xã Xốp,,
vi_VN,VN,22,Quang Ngai Province,Tỉnh Quảng Ngãi,Ngoc Linh Commune,Xã Ngọc Linh,,
vi_VN,VN,22,Quang Ngai Province,Tỉnh Quảng Ngãi,Dak Plo Commune,Xã Đăk Plô,,
vi_VN,VN,22,Quang Ngai Province,Tỉnh Quảng Ngãi,Dak Pek Commune,Xã Đăk Pék,,
vi_VN,VN,22,Quang Ngai Province,Tỉnh Quảng Ngãi,Dak Mon Commune,Xã Đăk Môn,,
vi_VN,VN,22,Quang Ngai Province,Tỉnh Quảng Ngãi,Sa Thay Commune,Xã Sa Thầy,,
vi_VN,VN,22,Quang Ngai Province,Tỉnh Quảng Ngãi,Sa Binh Commune,Xã Sa Bình,,
vi_VN,VN,22,Quang Ngai Province,Tỉnh Quảng Ngãi,Ya Ly Commune,Xã Ya Ly,,
vi_VN,VN,22,Quang Ngai Province,Tỉnh Quảng Ngãi,Ia Toi Commune,Xã Ia Tơi,,
vi_VN,VN,22,Quang Ngai Province,Tỉnh Quảng Ngãi,Dak Koi Commune,Xã Đăk Kôi,,
vi_VN,VN,22,Quang Ngai Province,Tỉnh Quảng Ngãi,Kon Braih Commune,Xã Kon Braih,,
vi_VN,VN,22,Quang Ngai Province,Tỉnh Quảng Ngãi,Dak Rve Commune,Xã Đăk Rve,,
vi_VN,VN,22,Quang Ngai Province,Tỉnh Quảng Ngãi,Mang Den Commune,Xã Măng Đen,,
vi_VN,VN,22,Quang Ngai Province,Tỉnh Quảng Ngãi,Mang But Commune,Xã Măng Bút,,
vi_VN,VN,22,Quang Ngai Province,Tỉnh Quảng Ngãi,Kon Plông Commune,Xã Kon Plông,,
vi_VN,VN,22,Quang Ngai Province,Tỉnh Quảng Ngãi,Dak Long Commune,Xã Đăk Long,,
vi_VN,VN,22,Quang Ngai Province,Tỉnh Quảng Ngãi,Ro Koi Commune,Xã Rờ Kơi,,
vi_VN,VN,22,Quang Ngai Province,Tỉnh Quảng Ngãi,Mo Rai Commune,Xã Mô Rai,,
vi_VN,VN,22,Quang Ngai Province,Tỉnh Quảng Ngãi,Ia Dal Commune,Xã Ia Đal,,
vi_VN,VN,23,Khanh Hoa Province,Tỉnh Khánh Hòa,Nha Trang Ward,Phường Nha Trang,,
vi_VN,VN,23,Khanh Hoa Province,Tỉnh Khánh Hòa,North Nha Trang Ward,Phường Bắc Nha Trang,,
vi_VN,VN,23,Khanh Hoa Province,Tỉnh Khánh Hòa,West Nha Trang Ward,Phường Tây Nha Trang,,
vi_VN,VN,23,Khanh Hoa Province,Tỉnh Khánh Hòa,South Nha Trang Ward,Phường Nam Nha Trang,,
vi_VN,VN,23,Khanh Hoa Province,Tỉnh Khánh Hòa,North Cam Ranh Ward,Phường Bắc Cam Ranh,,
vi_VN,VN,23,Khanh Hoa Province,Tỉnh Khánh Hòa,Cam Ranh Ward,Phường Cam Ranh,,
vi_VN,VN,23,Khanh Hoa Province,Tỉnh Khánh Hòa,Cam Linh Ward,Phường Cam Linh,,
vi_VN,VN,23,Khanh Hoa Province,Tỉnh Khánh Hòa,Ba Ngoi Ward,Phường Ba Ngòi,,
vi_VN,VN,23,Khanh Hoa Province,Tỉnh Khánh Hòa,Nam Cam Ranh Commune,Xã Nam Cam Ranh,,
vi_VN,VN,23,Khanh Hoa Province,Tỉnh Khánh Hòa,Bac Ninh Hoa Commune,Xã Bắc Ninh Hoà,,
vi_VN,VN,23,Khanh Hoa Province,Tỉnh Khánh Hòa,Ninh Hoa Ward,Phường Ninh Hoà,,
vi_VN,VN,23,Khanh Hoa Province,Tỉnh Khánh Hòa,Tan Dinh Commune,Xã Tân Định,,
vi_VN,VN,23,Khanh Hoa Province,Tỉnh Khánh Hòa,Dong Ninh Hoa Ward,Phường Đông Ninh Hoà,,
vi_VN,VN,23,Khanh Hoa Province,Tỉnh Khánh Hòa,Hoa Thang Ward,Phường Hoà Thắng,,
vi_VN,VN,23,Khanh Hoa Province,Tỉnh Khánh Hòa,Nam Ninh Hoa Commune,Xã Nam Ninh Hoà,,
vi_VN,VN,23,Khanh Hoa Province,Tỉnh Khánh Hòa,Tay Ninh Hoa Commune,Xã Tây Ninh Hoà,,
vi_VN,VN,23,Khanh Hoa Province,Tỉnh Khánh Hòa,Hoa Tri Commune,Xã Hoà Trí,,
vi_VN,VN,23,Khanh Hoa Province,Tỉnh Khánh Hòa,Dai Lanh Commune,Xã Đại Lãnh,,
vi_VN,VN,23,Khanh Hoa Province,Tỉnh Khánh Hòa,Tu Bong Commune,Xã Tu Bông,,
vi_VN,VN,23,Khanh Hoa Province,Tỉnh Khánh Hòa,Van Thang Commune,Xã Vạn Thắng,,
vi_VN,VN,23,Khanh Hoa Province,Tỉnh Khánh Hòa,Van Ninh Commune,Xã Vạn Ninh,,
vi_VN,VN,23,Khanh Hoa Province,Tỉnh Khánh Hòa,Van Hung Commune,Xã Vạn Hưng,,
vi_VN,VN,23,Khanh Hoa Province,Tỉnh Khánh Hòa,Dien Khanh Commune,Xã Diên Khánh,,
vi_VN,VN,23,Khanh Hoa Province,Tỉnh Khánh Hòa,Dien Lac Commune,Xã Diên Lạc,,
vi_VN,VN,23,Khanh Hoa Province,Tỉnh Khánh Hòa,Dien Dien Commune,Xã Diên Điền,,
vi_VN,VN,23,Khanh Hoa Province,Tỉnh Khánh Hòa,Dien Lam Commune,Xã Diên Lâm,,
vi_VN,VN,23,Khanh Hoa Province,Tỉnh Khánh Hòa,Dien Tho Commune,Xã Diên Thọ,,
vi_VN,VN,23,Khanh Hoa Province,Tỉnh Khánh Hòa,Suoi Hiep Commune,Xã Suối Hiệp,,
vi_VN,VN,23,Khanh Hoa Province,Tỉnh Khánh Hòa,Cam Lam Commune,Xã Cam Lâm,,
vi_VN,VN,23,Khanh Hoa Province,Tỉnh Khánh Hòa,Suoi Dau Commune,Xã Suối Dầu,,
vi_VN,VN,23,Khanh Hoa Province,Tỉnh Khánh Hòa,Cam Hiep Commune,Xã Cam Hiệp,,
vi_VN,VN,23,Khanh Hoa Province,Tỉnh Khánh Hòa,Cam An Commune,Xã Cam An,,
vi_VN,VN,23,Khanh Hoa Province,Tỉnh Khánh Hòa,Bac Khanh Vinh Commune,Xã Bắc Khánh Vĩnh,,
vi_VN,VN,23,Khanh Hoa Province,Tỉnh Khánh Hòa,Trung Khanh Vinh Commune,Xã Trung Khánh Vĩnh,,
vi_VN,VN,23,Khanh Hoa Province,Tỉnh Khánh Hòa,Tay Khanh Vinh Commune,Xã Tây Khánh Vĩnh,,
vi_VN,VN,23,Khanh Hoa Province,Tỉnh Khánh Hòa,Nam Khanh Vinh Commune,Xã Nam Khánh Vĩnh,,
vi_VN,VN,23,Khanh Hoa Province,Tỉnh Khánh Hòa,Khanh Vinh Commune,Xã Khánh Vĩnh,,
vi_VN,VN,23,Khanh Hoa Province,Tỉnh Khánh Hòa,Khanh Son Commune,Xã Khánh Sơn,,
vi_VN,VN,23,Khanh Hoa Province,Tỉnh Khánh Hòa,Tay Khanh Son Commune,Xã Tây Khánh Sơn,,
vi_VN,VN,23,Khanh Hoa Province,Tỉnh Khánh Hòa,Dong Khanh Son Commune,Xã Đông Khánh Sơn,,
vi_VN,VN,23,Khanh Hoa Province,Tỉnh Khánh Hòa,Truong Sa Special Economic Zone,Đặc khu Trường Sa,,
vi_VN,VN,23,Khanh Hoa Province,Tỉnh Khánh Hòa,Phan Rang Ward,Phường Phan Rang,,
vi_VN,VN,23,Khanh Hoa Province,Tỉnh Khánh Hòa,Dong Hai Ward,Phường Đông Hải,,
vi_VN,VN,23,Khanh Hoa Province,Tỉnh Khánh Hòa,Ninh Chu Ward,Phường Ninh Chử,,
vi_VN,VN,23,Khanh Hoa Province,Tỉnh Khánh Hòa,Bao An Ward,Phường Bảo An,,
vi_VN,VN,23,Khanh Hoa Province,Tỉnh Khánh Hòa,Do Vinh Ward,Phường Đô Vinh,,
vi_VN,VN,23,Khanh Hoa Province,Tỉnh Khánh Hòa,Ninh Phuoc Commune,Xã Ninh Phước,,
vi_VN,VN,23,Khanh Hoa Province,Tỉnh Khánh Hòa,Phuoc Huu Commune,Xã Phước Hữu,,
vi_VN,VN,23,Khanh Hoa Province,Tỉnh Khánh Hòa,Phuoc Hau Commune,Xã Phước Hậu,,
vi_VN,VN,23,Khanh Hoa Province,Tỉnh Khánh Hòa,Thuan Nam Commune,Xã Thuận Nam,,
vi_VN,VN,23,Khanh Hoa Province,Tỉnh Khánh Hòa,Ca Na Commune,Xã Cà Ná,,
vi_VN,VN,23,Khanh Hoa Province,Tỉnh Khánh Hòa,Phuoc Ha Commune,Xã Phước Hà,,
vi_VN,VN,23,Khanh Hoa Province,Tỉnh Khánh Hòa,Phuoc Dinh Commune,Xã Phước Dinh,,
vi_VN,VN,23,Khanh Hoa Province,Tỉnh Khánh Hòa,Ninh Hai Commune,Xã Ninh Hải,,
vi_VN,VN,23,Khanh Hoa Province,Tỉnh Khánh Hòa,Xuan Hai Commune,Xã Xuân Hải,,
vi_VN,VN,23,Khanh Hoa Province,Tỉnh Khánh Hòa,Vinh Hai Commune,Xã Vĩnh Hải,,
vi_VN,VN,23,Khanh Hoa Province,Tỉnh Khánh Hòa,Thuan Bac Commune,Xã Thuận Bắc,,
vi_VN,VN,23,Khanh Hoa Province,Tỉnh Khánh Hòa,Cong Hai Commune,Xã Công Hải,,
vi_VN,VN,23,Khanh Hoa Province,Tỉnh Khánh Hòa,Ninh Son Commune,Xã Ninh Sơn,,
vi_VN,VN,23,Khanh Hoa Province,Tỉnh Khánh Hòa,Lam Son Commune,Xã Lâm Sơn,,
vi_VN,VN,23,Khanh Hoa Province,Tỉnh Khánh Hòa,Anh Dung Commune,Xã Anh Dũng,,
vi_VN,VN,23,Khanh Hoa Province,Tỉnh Khánh Hòa,My Son Commune,Xã Mỹ Sơn,,
vi_VN,VN,23,Khanh Hoa Province,Tỉnh Khánh Hòa,Bac Ai Dong Commune,Xã Bác Ái Đông,,
vi_VN,VN,23,Khanh Hoa Province,Tỉnh Khánh Hòa,Bac Ai Commune,Xã Bác Ái,,
vi_VN,VN,23,Khanh Hoa Province,Tỉnh Khánh Hòa,Bac Ai Tay Commune,Xã Bác Ái Tây,,
vi_VN,VN,24,Gia Lai Province,Tỉnh Gia Lai,Quy Nhon Ward,Phường Quy Nhơn,,
vi_VN,VN,24,Gia Lai Province,Tỉnh Gia Lai,Quy Nhon Dong Ward,Phường Quy Nhơn Đông,,
vi_VN,VN,24,Gia Lai Province,Tỉnh Gia Lai,Quy Nhon Tay Ward,Phường Quy Nhơn Tây,,
vi_VN,VN,24,Gia Lai Province,Tỉnh Gia Lai,Quy Nhon South Ward,Phường Quy Nhơn Nam,,
vi_VN,VN,24,Gia Lai Province,Tỉnh Gia Lai,Quy Nhon Bac Ward,Phường Quy Nhơn Bắc,,
vi_VN,VN,24,Gia Lai Province,Tỉnh Gia Lai,Binh Dinh Ward,Phường Bình Định,,
vi_VN,VN,24,Gia Lai Province,Tỉnh Gia Lai,An Nhon Ward,Phường An Nhơn,,
vi_VN,VN,24,Gia Lai Province,Tỉnh Gia Lai,An Nhon Dong Ward,Phường An Nhơn Đông,,
vi_VN,VN,24,Gia Lai Province,Tỉnh Gia Lai,An Nhon Nam Ward,Phường An Nhơn Nam,,
vi_VN,VN,24,Gia Lai Province,Tỉnh Gia Lai,An Nhon Bac Ward,Phường An Nhơn Bắc,,
vi_VN,VN,24,Gia Lai Province,Tỉnh Gia Lai,An Nhon Tay Commune,Xã An Nhơn Tây,,
vi_VN,VN,24,Gia Lai Province,Tỉnh Gia Lai,Bong Son Ward,Phường Bồng Sơn,,
vi_VN,VN,24,Gia Lai Province,Tỉnh Gia Lai,Hoai Nhon Ward,Phường Hoài Nhơn,,
vi_VN,VN,24,Gia Lai Province,Tỉnh Gia Lai,Tam Quan Ward,Phường Tam Quan,,
vi_VN,VN,24,Gia Lai Province,Tỉnh Gia Lai,Hoai Nhon Dong Ward,Phường Hoài Nhơn Đông,,
vi_VN,VN,24,Gia Lai Province,Tỉnh Gia Lai,Hoai Nhon Tay Ward,Phường Hoài Nhơn Tây,,
vi_VN,VN,24,Gia Lai Province,Tỉnh Gia Lai,Hoai Nhon Nam Ward,Phường Hoài Nhơn Nam,,
vi_VN,VN,24,Gia Lai Province,Tỉnh Gia Lai,Hoai Nhon Bac Ward,Phường Hoài Nhơn Bắc,,
vi_VN,VN,24,Gia Lai Province,Tỉnh Gia Lai,Phu Cat Commune,Xã Phù Cát,,
vi_VN,VN,24,Gia Lai Province,Tỉnh Gia Lai,Xuan An Commune,Xã Xuân An,,
vi_VN,VN,24,Gia Lai Province,Tỉnh Gia Lai,Ngo May Commune,Xã Ngô Mây,,
vi_VN,VN,24,Gia Lai Province,Tỉnh Gia Lai,Cat Tien Commune,Xã Cát Tiến,,
vi_VN,VN,24,Gia Lai Province,Tỉnh Gia Lai,De Gi Commune,Xã Đề Gi,,
vi_VN,VN,24,Gia Lai Province,Tỉnh Gia Lai,Hoa Hoi Commune,Xã Hoà Hội,,
vi_VN,VN,24,Gia Lai Province,Tỉnh Gia Lai,Son Society,Xã Hội Sơn,,
vi_VN,VN,24,Gia Lai Province,Tỉnh Gia Lai,Phu My Commune,Xã Phù Mỹ,,
vi_VN,VN,24,Gia Lai Province,Tỉnh Gia Lai,An Luong Commune,Xã An Lương,,
vi_VN,VN,24,Gia Lai Province,Tỉnh Gia Lai,Binh Duong Commune,Xã Bình Dương,,
vi_VN,VN,24,Gia Lai Province,Tỉnh Gia Lai,Phu My Dong Commune,Xã Phù Mỹ Đông,,
vi_VN,VN,24,Gia Lai Province,Tỉnh Gia Lai,Phu My Tay Commune,Xã Phù Mỹ Tây,,
vi_VN,VN,24,Gia Lai Province,Tỉnh Gia Lai,Phu My Nam Commune,Xã Phù Mỹ Nam,,
vi_VN,VN,24,Gia Lai Province,Tỉnh Gia Lai,Phu My Bac Commune,Xã Phù Mỹ Bắc,,
vi_VN,VN,24,Gia Lai Province,Tỉnh Gia Lai,Tuy Phuoc Commune,Xã Tuy Phước,,
vi_VN,VN,24,Gia Lai Province,Tỉnh Gia Lai,Tuy Phuoc Dong Commune,Xã Tuy Phước Đông,,
vi_VN,VN,24,Gia Lai Province,Tỉnh Gia Lai,Tuy Phuoc Tay Commune,Xã Tuy Phước Tây,,
vi_VN,VN,24,Gia Lai Province,Tỉnh Gia Lai,Tuy Phuoc Bac Commune,Xã Tuy Phước Bắc,,
vi_VN,VN,24,Gia Lai Province,Tỉnh Gia Lai,Tay Son Commune,Xã Tây Sơn,,
vi_VN,VN,24,Gia Lai Province,Tỉnh Gia Lai,Binh Khe Commune,Xã Bình Khê,,
vi_VN,VN,24,Gia Lai Province,Tỉnh Gia Lai,Binh Phu Commune,Xã Bình Phú,,
vi_VN,VN,24,Gia Lai Province,Tỉnh Gia Lai,Binh Hiep Commune,Xã Bình Hiệp,,
vi_VN,VN,24,Gia Lai Province,Tỉnh Gia Lai,Binh An Commune,Xã Bình An,,
vi_VN,VN,24,Gia Lai Province,Tỉnh Gia Lai,Hoai An Commune,Xã Hoài Ân,,
vi_VN,VN,24,Gia Lai Province,Tỉnh Gia Lai,An Tuong Commune,Xã Ân Tường,,
vi_VN,VN,24,Gia Lai Province,Tỉnh Gia Lai,Kim Son Commune,Xã Kim Sơn,,
vi_VN,VN,24,Gia Lai Province,Tỉnh Gia Lai,Van Duc Commune,Xã Vạn Đức,,
vi_VN,VN,24,Gia Lai Province,Tỉnh Gia Lai,An Hao Commune,Xã Ân Hảo,,
vi_VN,VN,24,Gia Lai Province,Tỉnh Gia Lai,Van Canh Commune,Xã Vân Canh,,
vi_VN,VN,24,Gia Lai Province,Tỉnh Gia Lai,Canh Vinh Commune,Xã Canh Vinh,,
vi_VN,VN,24,Gia Lai Province,Tỉnh Gia Lai,Canh Lien Commune,Xã Canh Liên,,
vi_VN,VN,24,Gia Lai Province,Tỉnh Gia Lai,Vinh Thanh Commune,Xã Vĩnh Thạnh,,
vi_VN,VN,24,Gia Lai Province,Tỉnh Gia Lai,Vinh Thinh Commune,Xã Vĩnh Thịnh,,
vi_VN,VN,24,Gia Lai Province,Tỉnh Gia Lai,Vinh Quang Commune,Xã Vĩnh Quang,,
vi_VN,VN,24,Gia Lai Province,Tỉnh Gia Lai,Vinh Son Commune,Xã Vĩnh Sơn,,
vi_VN,VN,24,Gia Lai Province,Tỉnh Gia Lai,An Hoa Commune,Xã An Hoà,,
vi_VN,VN,24,Gia Lai Province,Tỉnh Gia Lai,An Lao Commune,Xã An Lão,,
vi_VN,VN,24,Gia Lai Province,Tỉnh Gia Lai,An Vinh Commune,Xã An Vinh,,
vi_VN,VN,24,Gia Lai Province,Tỉnh Gia Lai,An Toan Commune,Xã An Toàn,,
vi_VN,VN,24,Gia Lai Province,Tỉnh Gia Lai,Pleiku Ward,Phường Pleiku,,
vi_VN,VN,24,Gia Lai Province,Tỉnh Gia Lai,Hoi Phu Ward,Phường Hội Phú,,
vi_VN,VN,24,Gia Lai Province,Tỉnh Gia Lai,Thong Nhat Ward,Phường Thống Nhất,,
vi_VN,VN,24,Gia Lai Province,Tỉnh Gia Lai,Dien Hong Ward,Phường Diên Hồng,,
vi_VN,VN,24,Gia Lai Province,Tỉnh Gia Lai,An Phu Ward,Phường An Phú,,
vi_VN,VN,24,Gia Lai Province,Tỉnh Gia Lai,Bien Ho Commune,Xã Biển Hồ,,
vi_VN,VN,24,Gia Lai Province,Tỉnh Gia Lai,Gao Commune,Xã Gào,,
vi_VN,VN,24,Gia Lai Province,Tỉnh Gia Lai,Ia Ly Commune,Xã Ia Ly,,
vi_VN,VN,24,Gia Lai Province,Tỉnh Gia Lai,Chu Pah Commune,Xã Chư Păh,,
vi_VN,VN,24,Gia Lai Province,Tỉnh Gia Lai,Ia Khuol Commune,Xã Ia Khươl,,
vi_VN,VN,24,Gia Lai Province,Tỉnh Gia Lai,Ia Phi Commune,Xã Ia Phí,,
vi_VN,VN,24,Gia Lai Province,Tỉnh Gia Lai,Chu Prong Commune,Xã Chư Prông,,
vi_VN,VN,24,Gia Lai Province,Tỉnh Gia Lai,Bau Can Commune,Xã Bàu Cạn,,
vi_VN,VN,24,Gia Lai Province,Tỉnh Gia Lai,Ia Boong Commune,Xã Ia Boòng,,
vi_VN,VN,24,Gia Lai Province,Tỉnh Gia Lai,Ia Lau Commune,Xã Ia Lâu,,
vi_VN,VN,24,Gia Lai Province,Tỉnh Gia Lai,Ia Pia Commune,Xã Ia Pia,,
vi_VN,VN,24,Gia Lai Province,Tỉnh Gia Lai,Ia Tor Commune,Xã Ia Tôr,,
vi_VN,VN,24,Gia Lai Province,Tỉnh Gia Lai,Chu Se Commune,Xã Chư Sê,,
vi_VN,VN,24,Gia Lai Province,Tỉnh Gia Lai,Bo Ngoong Commune,Xã Bờ Ngoong,,
vi_VN,VN,24,Gia Lai Province,Tỉnh Gia Lai,Ia Ko Commune,Xã Ia Ko,,
vi_VN,VN,24,Gia Lai Province,Tỉnh Gia Lai,Alba Commune,Xã Albá,,
vi_VN,VN,24,Gia Lai Province,Tỉnh Gia Lai,Chu Puh Commune,Xã Chư Pưh,,
vi_VN,VN,24,Gia Lai Province,Tỉnh Gia Lai,Ia Le Commune,Xã Ia Le,,
vi_VN,VN,24,Gia Lai Province,Tỉnh Gia Lai,Ia Hru Commune,Xã Ia Hrú,,
vi_VN,VN,24,Gia Lai Province,Tỉnh Gia Lai,An Khe Ward,Phường An Khê,,
vi_VN,VN,24,Gia Lai Province,Tỉnh Gia Lai,An Binh Ward,Phường An Bình,,
vi_VN,VN,24,Gia Lai Province,Tỉnh Gia Lai,Cuu An Commune,Xã Cửu An,,
vi_VN,VN,24,Gia Lai Province,Tỉnh Gia Lai,Dak Po Commune,Xã Đak Pơ,,
vi_VN,VN,24,Gia Lai Province,Tỉnh Gia Lai,Ya Hoi Commune,Xã Ya Hội,,
vi_VN,VN,24,Gia Lai Province,Tỉnh Gia Lai,Kbang Commune,Xã Kbang,,
vi_VN,VN,24,Gia Lai Province,Tỉnh Gia Lai,Kong Bo La Commune,Xã Kông Bơ La,,
vi_VN,VN,24,Gia Lai Province,Tỉnh Gia Lai,To Tung Commune,Xã Tơ Tung,,
vi_VN,VN,24,Gia Lai Province,Tỉnh Gia Lai,Son Lang Commune,Xã Sơn Lang,,
vi_VN,VN,24,Gia Lai Province,Tỉnh Gia Lai,Dak Rong Commune,Xã Đak Rong,,
vi_VN,VN,24,Gia Lai Province,Tỉnh Gia Lai,Kong Chro Commune,Xã Kông Chro,,
vi_VN,VN,24,Gia Lai Province,Tỉnh Gia Lai,Ya Ma Commune,Xã Ya Ma,,
vi_VN,VN,24,Gia Lai Province,Tỉnh Gia Lai,Chu Krey Commune,Xã Chư Krey,,
vi_VN,VN,24,Gia Lai Province,Tỉnh Gia Lai,Sro Commune,Xã SRó,,
vi_VN,VN,24,Gia Lai Province,Tỉnh Gia Lai,Dak Song Commune,Xã Đăk Song,,
vi_VN,VN,24,Gia Lai Province,Tỉnh Gia Lai,Cho Long Commune,Xã Chơ Long,,
vi_VN,VN,24,Gia Lai Province,Tỉnh Gia Lai,Ayun Pa Ward,Phường Ayun Pa,,
vi_VN,VN,24,Gia Lai Province,Tỉnh Gia Lai,Ia Rbol Commune,Xã Ia Rbol,,
vi_VN,VN,24,Gia Lai Province,Tỉnh Gia Lai,Ia Sao Commune,Xã Ia Sao,,
vi_VN,VN,24,Gia Lai Province,Tỉnh Gia Lai,Phu Thien Commune,Xã Phú Thiện,,
vi_VN,VN,24,Gia Lai Province,Tỉnh Gia Lai,Chu A Thai Commune,Xã Chư A Thai,,
vi_VN,VN,24,Gia Lai Province,Tỉnh Gia Lai,Ia Hiao Commune,Xã Ia Hiao,,
vi_VN,VN,24,Gia Lai Province,Tỉnh Gia Lai,Po To Commune,Xã Pờ Tó,,
vi_VN,VN,24,Gia Lai Province,Tỉnh Gia Lai,Ia Pa Commune,Xã Ia Pa,,
vi_VN,VN,24,Gia Lai Province,Tỉnh Gia Lai,Ia Tul Commune,Xã Ia Tul,,
vi_VN,VN,24,Gia Lai Province,Tỉnh Gia Lai,Phu Tuc Commune,Xã Phú Túc,,
vi_VN,VN,24,Gia Lai Province,Tỉnh Gia Lai,Ia Dreh Commune,Xã Ia Dreh,,
vi_VN,VN,24,Gia Lai Province,Tỉnh Gia Lai,Ia Rsai Commune,Xã Ia Rsai,,
vi_VN,VN,24,Gia Lai Province,Tỉnh Gia Lai,Uar Commune,Xã Uar,,
vi_VN,VN,24,Gia Lai Province,Tỉnh Gia Lai,Dak Doa Commune,Xã Đak Đoa,,
vi_VN,VN,24,Gia Lai Province,Tỉnh Gia Lai,Kon Gang Commune,Xã Kon Gang,,
vi_VN,VN,24,Gia Lai Province,Tỉnh Gia Lai,Ia Bang Commune,Xã Ia Băng,,
vi_VN,VN,24,Gia Lai Province,Tỉnh Gia Lai,KDang Commune,Xã KDang,,
vi_VN,VN,24,Gia Lai Province,Tỉnh Gia Lai,Dak Somei Commune,Xã Đak Sơmei,,
vi_VN,VN,24,Gia Lai Province,Tỉnh Gia Lai,Mang Yang Commune,Xã Mang Yang,,
vi_VN,VN,24,Gia Lai Province,Tỉnh Gia Lai,Lo Pang Commune,Xã Lơ Pang,,
vi_VN,VN,24,Gia Lai Province,Tỉnh Gia Lai,Kon Chieng Commune,Xã Kon Chiêng,,
vi_VN,VN,24,Gia Lai Province,Tỉnh Gia Lai,Hra Commune,Xã Hra,,
vi_VN,VN,24,Gia Lai Province,Tỉnh Gia Lai,Ayun Commune,Xã Ayun,,
vi_VN,VN,24,Gia Lai Province,Tỉnh Gia Lai,Ia Grai Commune,Xã Ia Grai,,
vi_VN,VN,24,Gia Lai Province,Tỉnh Gia Lai,Ia Krai Commune,Xã Ia Krái,,
vi_VN,VN,24,Gia Lai Province,Tỉnh Gia Lai,Ia Hrung Commune,Xã Ia Hrung,,
vi_VN,VN,24,Gia Lai Province,Tỉnh Gia Lai,Duc Co Commune,Xã Đức Cơ,,
vi_VN,VN,24,Gia Lai Province,Tỉnh Gia Lai,Ia Dok Commune,Xã Ia Dơk,,
vi_VN,VN,24,Gia Lai Province,Tỉnh Gia Lai,Ia Krel Commune,Xã Ia Krêl,,
vi_VN,VN,24,Gia Lai Province,Tỉnh Gia Lai,Nhon Chau Commune,Xã Nhơn Châu,,
vi_VN,VN,24,Gia Lai Province,Tỉnh Gia Lai,Ia Puch Commune,Xã Ia Púch,,
vi_VN,VN,24,Gia Lai Province,Tỉnh Gia Lai,Ia Mo Commune,Xã Ia Mơ,,
vi_VN,VN,24,Gia Lai Province,Tỉnh Gia Lai,Ia Pnon Commune,Xã Ia Pnôn,,
vi_VN,VN,24,Gia Lai Province,Tỉnh Gia Lai,Ia Nan Commune,Xã Ia Nan,,
vi_VN,VN,24,Gia Lai Province,Tỉnh Gia Lai,Ia Dom Commune,Xã Ia Dom,,
vi_VN,VN,24,Gia Lai Province,Tỉnh Gia Lai,Ia Chia Commune,Xã Ia Chia,,
vi_VN,VN,24,Gia Lai Province,Tỉnh Gia Lai,Ia O Commune,Xã Ia O,,
vi_VN,VN,24,Gia Lai Province,Tỉnh Gia Lai,Krong Commune,Xã Krong,,
vi_VN,VN,25,Dak Lak Province,Tỉnh Đắk Lắk,Hoa Phu Commune,Xã Hoà Phú,,
vi_VN,VN,25,Dak Lak Province,Tỉnh Đắk Lắk,Buon Ma Thuot Ward,Phường Buôn Ma Thuột,,
vi_VN,VN,25,Dak Lak Province,Tỉnh Đắk Lắk,Tan An Ward,Phường Tân An,,
vi_VN,VN,25,Dak Lak Province,Tỉnh Đắk Lắk,Tan Lap Ward,Phường Tân Lập,,
vi_VN,VN,25,Dak Lak Province,Tỉnh Đắk Lắk,Thanh Nhat Ward,Phường Thành Nhất,,
vi_VN,VN,25,Dak Lak Province,Tỉnh Đắk Lắk,Ea Kao Ward,Phường Ea Kao,,
vi_VN,VN,25,Dak Lak Province,Tỉnh Đắk Lắk,Ea Drong Commune,Xã Ea Drông,,
vi_VN,VN,25,Dak Lak Province,Tỉnh Đắk Lắk,Buon Ho Ward,Phường Buôn Hồ,,
vi_VN,VN,25,Dak Lak Province,Tỉnh Đắk Lắk,Cu Bao Ward,Phường Cư Bao,,
vi_VN,VN,25,Dak Lak Province,Tỉnh Đắk Lắk,Ea Sup Commune,Xã Ea Súp,,
vi_VN,VN,25,Dak Lak Province,Tỉnh Đắk Lắk,Ea Rok Commune,Xã Ea Rốk,,
vi_VN,VN,25,Dak Lak Province,Tỉnh Đắk Lắk,Ea Bung Commune,Xã Ea Bung,,
vi_VN,VN,25,Dak Lak Province,Tỉnh Đắk Lắk,Ia Rve Commune,Xã Ia Rvê,,
vi_VN,VN,25,Dak Lak Province,Tỉnh Đắk Lắk,Ia Lop Commune,Xã Ia Lốp,,
vi_VN,VN,25,Dak Lak Province,Tỉnh Đắk Lắk,Ea Wer Commune,Xã Ea Wer,,
vi_VN,VN,25,Dak Lak Province,Tỉnh Đắk Lắk,Ea Nuol Commune,Xã Ea Nuôl,,
vi_VN,VN,25,Dak Lak Province,Tỉnh Đắk Lắk,Buon Don Commune,Xã Buôn Đôn,,
vi_VN,VN,25,Dak Lak Province,Tỉnh Đắk Lắk,Ea Kiet Commune,Xã Ea Kiết,,
vi_VN,VN,25,Dak Lak Province,Tỉnh Đắk Lắk,Ea M'Droh Commune,Xã Ea M’Droh,,
vi_VN,VN,25,Dak Lak Province,Tỉnh Đắk Lắk,Quang Phu Commune,Xã Quảng Phú,,
vi_VN,VN,25,Dak Lak Province,Tỉnh Đắk Lắk,Cuor Dang Commune,Xã Cuôr Đăng,,
vi_VN,VN,25,Dak Lak Province,Tỉnh Đắk Lắk,Cu M'gar Commune,Xã Cư M’gar,,
vi_VN,VN,25,Dak Lak Province,Tỉnh Đắk Lắk,Ea Tul Commune,Xã Ea Tul,,
vi_VN,VN,25,Dak Lak Province,Tỉnh Đắk Lắk,Pong Drang Commune,Xã Pơng Drang,,
vi_VN,VN,25,Dak Lak Province,Tỉnh Đắk Lắk,Krong Buk Commune,Xã Krông Búk,,
vi_VN,VN,25,Dak Lak Province,Tỉnh Đắk Lắk,Cu Pong Commune,Xã Cư Pơng,,
vi_VN,VN,25,Dak Lak Province,Tỉnh Đắk Lắk,Ea Khal Commune,Xã Ea Khăl,,
vi_VN,VN,25,Dak Lak Province,Tỉnh Đắk Lắk,Ea Drang Commune,Xã Ea Drăng,,
vi_VN,VN,25,Dak Lak Province,Tỉnh Đắk Lắk,Ea Wy Commune,Xã Ea Wy,,
vi_VN,VN,25,Dak Lak Province,Tỉnh Đắk Lắk,Ea H'leo Commune,Xã Ea H’leo,,
vi_VN,VN,25,Dak Lak Province,Tỉnh Đắk Lắk,Ea Hiao Commune,Xã Ea Hiao,,
vi_VN,VN,25,Dak Lak Province,Tỉnh Đắk Lắk,Krong Nang Commune,Xã Krông Năng,,
vi_VN,VN,25,Dak Lak Province,Tỉnh Đắk Lắk,Dliê Ya Commune,Xã Dliê Ya,,
vi_VN,VN,25,Dak Lak Province,Tỉnh Đắk Lắk,Tam Giang Commune,Xã Tam Giang,,
vi_VN,VN,25,Dak Lak Province,Tỉnh Đắk Lắk,Phu Xuan Commune,Xã Phú Xuân,,
vi_VN,VN,25,Dak Lak Province,Tỉnh Đắk Lắk,Krong Pac Commune,Xã Krông Pắc,,
vi_VN,VN,25,Dak Lak Province,Tỉnh Đắk Lắk,Ea Knuec Commune,Xã Ea Knuếc,,
vi_VN,VN,25,Dak Lak Province,Tỉnh Đắk Lắk,Tan Tien Commune,Xã Tân Tiến,,
vi_VN,VN,25,Dak Lak Province,Tỉnh Đắk Lắk,Ea Phe Commune,Xã Ea Phê,,
vi_VN,VN,25,Dak Lak Province,Tỉnh Đắk Lắk,Ea Kly Commune,Xã Ea Kly,,
vi_VN,VN,25,Dak Lak Province,Tỉnh Đắk Lắk,Vu Bon Commune,Xã Vụ Bổn,,
vi_VN,VN,25,Dak Lak Province,Tỉnh Đắk Lắk,Ea Kar Commune,Xã Ea Kar,,
vi_VN,VN,25,Dak Lak Province,Tỉnh Đắk Lắk,Ea O Commune,Xã Ea Ô,,
vi_VN,VN,25,Dak Lak Province,Tỉnh Đắk Lắk,Ea Knop Commune,Xã Ea Knốp,,
vi_VN,VN,25,Dak Lak Province,Tỉnh Đắk Lắk,Cu Yang Commune,Xã Cư Yang,,
vi_VN,VN,25,Dak Lak Province,Tỉnh Đắk Lắk,Ea Pal Commune,Xã Ea Păl,,
vi_VN,VN,25,Dak Lak Province,Tỉnh Đắk Lắk,M'Drak Commune,Xã M’Drắk,,
vi_VN,VN,25,Dak Lak Province,Tỉnh Đắk Lắk,Ea Rieng Commune,Xã Ea Riêng,,
vi_VN,VN,25,Dak Lak Province,Tỉnh Đắk Lắk,Cu M'ta Commune,Xã Cư M’ta,,
vi_VN,VN,25,Dak Lak Province,Tỉnh Đắk Lắk,Krong A Commune,Xã Krông Á,,
vi_VN,VN,25,Dak Lak Province,Tỉnh Đắk Lắk,Cu Prao Commune,Xã Cư Prao,,
vi_VN,VN,25,Dak Lak Province,Tỉnh Đắk Lắk,Ea Trang Commune,Xã Ea Trang,,
vi_VN,VN,25,Dak Lak Province,Tỉnh Đắk Lắk,Hoa Son Commune,Xã Hoà Sơn,,
vi_VN,VN,25,Dak Lak Province,Tỉnh Đắk Lắk,Dang Kang Commune,Xã Dang Kang,,
vi_VN,VN,25,Dak Lak Province,Tỉnh Đắk Lắk,Krong Bong Commune,Xã Krông Bông,,
vi_VN,VN,25,Dak Lak Province,Tỉnh Đắk Lắk,Yang Mao Commune,Xã Yang Mao,,
vi_VN,VN,25,Dak Lak Province,Tỉnh Đắk Lắk,Cu Pui Commune,Xã Cư Pui,,
vi_VN,VN,25,Dak Lak Province,Tỉnh Đắk Lắk,Lien Son Lak Commune,Xã Liên Sơn Lắk,,
vi_VN,VN,25,Dak Lak Province,Tỉnh Đắk Lắk,Dak Lieng Commune,Xã Đắk Liêng,,
vi_VN,VN,25,Dak Lak Province,Tỉnh Đắk Lắk,Nam Ka Commune,Xã Nam Ka,,
vi_VN,VN,25,Dak Lak Province,Tỉnh Đắk Lắk,Dak Phoi Commune,Xã Đắk Phơi,,
vi_VN,VN,25,Dak Lak Province,Tỉnh Đắk Lắk,Krong No Commune,Xã Krông Nô,,
vi_VN,VN,25,Dak Lak Province,Tỉnh Đắk Lắk,Ea Ning Commune,Xã Ea Ning,,
vi_VN,VN,25,Dak Lak Province,Tỉnh Đắk Lắk,Dray Bhang Commune,Xã Dray Bhăng,,
vi_VN,VN,25,Dak Lak Province,Tỉnh Đắk Lắk,Ea Ktur Commune,Xã Ea Ktur,,
vi_VN,VN,25,Dak Lak Province,Tỉnh Đắk Lắk,Krong Ana Commune,Xã Krông Ana,,
vi_VN,VN,25,Dak Lak Province,Tỉnh Đắk Lắk,Dur Kmăl Commune,Xã Dur Kmăl,,
vi_VN,VN,25,Dak Lak Province,Tỉnh Đắk Lắk,Ea Na Commune,Xã Ea Na,,
vi_VN,VN,25,Dak Lak Province,Tỉnh Đắk Lắk,Tuy Hoa Ward,Phường Tuy Hòa,,
vi_VN,VN,25,Dak Lak Province,Tỉnh Đắk Lắk,Phu Yen Ward,Phường Phú Yên,,
vi_VN,VN,25,Dak Lak Province,Tỉnh Đắk Lắk,Binh Kien Ward,Phường Bình Kiến,,
vi_VN,VN,25,Dak Lak Province,Tỉnh Đắk Lắk,Xuan Tho Commune,Xã Xuân Thọ,,
vi_VN,VN,25,Dak Lak Province,Tỉnh Đắk Lắk,Xuan Canh Commune,Xã Xuân Cảnh,,
vi_VN,VN,25,Dak Lak Province,Tỉnh Đắk Lắk,Xuan Loc Commune,Xã Xuân Lộc,,
vi_VN,VN,25,Dak Lak Province,Tỉnh Đắk Lắk,Xuan Dai Ward,Phường Xuân Đài,,
vi_VN,VN,25,Dak Lak Province,Tỉnh Đắk Lắk,Song Cau Ward,Phường Sông Cầu,,
vi_VN,VN,25,Dak Lak Province,Tỉnh Đắk Lắk,Hoa Xuan Commune,Xã Hòa Xuân,,
vi_VN,VN,25,Dak Lak Province,Tỉnh Đắk Lắk,Dong Hoa Ward,Phường Đông Hòa,,
vi_VN,VN,25,Dak Lak Province,Tỉnh Đắk Lắk,Hoa Hiep Ward,Phường Hòa Hiệp,,
vi_VN,VN,25,Dak Lak Province,Tỉnh Đắk Lắk,Tuy An Bac Commune,Xã Tuy An Bắc,,
vi_VN,VN,25,Dak Lak Province,Tỉnh Đắk Lắk,Tuy An Dong Commune,Xã Tuy An Đông,,
vi_VN,VN,25,Dak Lak Province,Tỉnh Đắk Lắk,O Loan Commune,Xã Ô Loan,,
vi_VN,VN,25,Dak Lak Province,Tỉnh Đắk Lắk,Tuy An Nam Commune,Xã Tuy An Nam,,
vi_VN,VN,25,Dak Lak Province,Tỉnh Đắk Lắk,Tuy An Tay Commune,Xã Tuy An Tây,,
vi_VN,VN,25,Dak Lak Province,Tỉnh Đắk Lắk,Phu Hoa 1 Commune,Xã Phú Hòa 1,,
vi_VN,VN,25,Dak Lak Province,Tỉnh Đắk Lắk,Phu Hoa 2 Commune,Xã Phú Hòa 2,,
vi_VN,VN,25,Dak Lak Province,Tỉnh Đắk Lắk,Tay Hoa Commune,Xã Tây Hòa,,
vi_VN,VN,25,Dak Lak Province,Tỉnh Đắk Lắk,Hoa Thinh Commune,Xã Hòa Thịnh,,
vi_VN,VN,25,Dak Lak Province,Tỉnh Đắk Lắk,Hoa My Commune,Xã Hòa Mỹ,,
vi_VN,VN,25,Dak Lak Province,Tỉnh Đắk Lắk,Son Thanh Commune,Xã Sơn Thành,,
vi_VN,VN,25,Dak Lak Province,Tỉnh Đắk Lắk,Son Hoa Commune,Xã Sơn Hòa,,
vi_VN,VN,25,Dak Lak Province,Tỉnh Đắk Lắk,Van Hoa Commune,Xã Vân Hòa,,
vi_VN,VN,25,Dak Lak Province,Tỉnh Đắk Lắk,Tay Son Commune,Xã Tây Sơn,,
vi_VN,VN,25,Dak Lak Province,Tỉnh Đắk Lắk,Suoi Trai Commune,Xã Suối Trai,,
vi_VN,VN,25,Dak Lak Province,Tỉnh Đắk Lắk,Ea Ly Commune,Xã Ea Ly,,
vi_VN,VN,25,Dak Lak Province,Tỉnh Đắk Lắk,Ea Ba Commune,Xã Ea Bá,,
vi_VN,VN,25,Dak Lak Province,Tỉnh Đắk Lắk,Duc Binh Commune,Xã Đức Bình,,
vi_VN,VN,25,Dak Lak Province,Tỉnh Đắk Lắk,Song Hinh Commune,Xã Sông Hinh,,
vi_VN,VN,25,Dak Lak Province,Tỉnh Đắk Lắk,Xuan Lanh Commune,Xã Xuân Lãnh,,
vi_VN,VN,25,Dak Lak Province,Tỉnh Đắk Lắk,Phu Mo Commune,Xã Phú Mỡ,,
vi_VN,VN,25,Dak Lak Province,Tỉnh Đắk Lắk,Xuan Phuoc Commune,Xã Xuân Phước,,
vi_VN,VN,25,Dak Lak Province,Tỉnh Đắk Lắk,Dong Xuan Commune,Xã Đồng Xuân,,
vi_VN,VN,26,Lam Dong Province,Tỉnh Lâm Đồng,Xuan Huong - Da Lat - Ward,Phường Xuân Hương - Đà Lạt,,
vi_VN,VN,26,Lam Dong Province,Tỉnh Lâm Đồng,Cam Ly - Da Lat Ward,Phường Cam Ly - Đà Lạt,,
vi_VN,VN,26,Lam Dong Province,Tỉnh Lâm Đồng,Lam Vien - Da Lat Ward,Phường Lâm Viên - Đà Lạt,,
vi_VN,VN,26,Lam Dong Province,Tỉnh Lâm Đồng,Xuan Truong - Da Lat Ward,Phường Xuân Trường - Đà Lạt,,
vi_VN,VN,26,Lam Dong Province,Tỉnh Lâm Đồng,Langbiang - Da Lat Ward,Phường Langbiang - Đà Lạt,,
vi_VN,VN,26,Lam Dong Province,Tỉnh Lâm Đồng,Bao Loc 1 Ward,Phường 1 Bảo Lộc,,
vi_VN,VN,26,Lam Dong Province,Tỉnh Lâm Đồng,Bao Loc 2 Ward,Phường 2 Bảo Lộc,,
vi_VN,VN,26,Lam Dong Province,Tỉnh Lâm Đồng,Bao Loc 3 Ward,Phường 3 Bảo Lộc,,
vi_VN,VN,26,Lam Dong Province,Tỉnh Lâm Đồng,B'Lao Ward,Phường B' Lao,,
vi_VN,VN,26,Lam Dong Province,Tỉnh Lâm Đồng,Lac Duong Commune,Xã Lạc Dương,,
vi_VN,VN,26,Lam Dong Province,Tỉnh Lâm Đồng,Don Duong Commune,Xã Đơn Dương,,
vi_VN,VN,26,Lam Dong Province,Tỉnh Lâm Đồng,Ka Do Commune,Xã Ka Đô,,
vi_VN,VN,26,Lam Dong Province,Tỉnh Lâm Đồng,Quang Lap Commune,Xã Quảng Lập,,
vi_VN,VN,26,Lam Dong Province,Tỉnh Lâm Đồng,D'Ran Commune,Xã D'Ran,,
vi_VN,VN,26,Lam Dong Province,Tỉnh Lâm Đồng,Hiep Thanh Commune,Xã Hiệp Thạnh,,
vi_VN,VN,26,Lam Dong Province,Tỉnh Lâm Đồng,Duc Trong Commune,Xã Đức Trọng,,
vi_VN,VN,26,Lam Dong Province,Tỉnh Lâm Đồng,Tan Hoi Commune,Xã Tân Hội,,
vi_VN,VN,26,Lam Dong Province,Tỉnh Lâm Đồng,Ta Hine Commune,Xã Tà Hine,,
vi_VN,VN,26,Lam Dong Province,Tỉnh Lâm Đồng,Ta Nang Commune,Xã Tà Năng,,
vi_VN,VN,26,Lam Dong Province,Tỉnh Lâm Đồng,Dinh Van - Lam Ha Commune,Xã Đinh Văn - Lâm Hà,,
vi_VN,VN,26,Lam Dong Province,Tỉnh Lâm Đồng,Phu Son - Lam Ha Commune,Xã Phú Sơn - Lâm Hà,,
vi_VN,VN,26,Lam Dong Province,Tỉnh Lâm Đồng,Nam Ha - Lam Ha Commune,Xã Nam Hà - Lâm Hà,,
vi_VN,VN,26,Lam Dong Province,Tỉnh Lâm Đồng,Nam Ban - Lam Ha Commune,Xã Nam Ban - Lâm Hà,,
vi_VN,VN,26,Lam Dong Province,Tỉnh Lâm Đồng,Tan Ha - Lam Ha Commune,Xã Tân Hà - Lâm Hà,,
vi_VN,VN,26,Lam Dong Province,Tỉnh Lâm Đồng,Phuc Tho - Lam Ha Commune,Xã Phúc Thọ - Lâm Hà,,
vi_VN,VN,26,Lam Dong Province,Tỉnh Lâm Đồng,Dam Rong 1 Commune,Xã Đam Rông 1,,
vi_VN,VN,26,Lam Dong Province,Tỉnh Lâm Đồng,Dam Rong 2 Commune,Xã Đam Rông 2,,
vi_VN,VN,26,Lam Dong Province,Tỉnh Lâm Đồng,Dam Rong 3 Commune,Xã Đam Rông 3,,
vi_VN,VN,26,Lam Dong Province,Tỉnh Lâm Đồng,Dam Rong 4 Commune,Xã Đam Rông 4,,
vi_VN,VN,26,Lam Dong Province,Tỉnh Lâm Đồng,Di Linh Commune,Xã Di Linh,,
vi_VN,VN,26,Lam Dong Province,Tỉnh Lâm Đồng,Hoa Ninh Commune,Xã Hoà Ninh,,
vi_VN,VN,26,Lam Dong Province,Tỉnh Lâm Đồng,Hoa Bac Commune,Xã Hoà Bắc,,
vi_VN,VN,26,Lam Dong Province,Tỉnh Lâm Đồng,Dinh Trang Thuong Commune,Xã Đinh Trang Thượng,,
vi_VN,VN,26,Lam Dong Province,Tỉnh Lâm Đồng,Bao Thuan Commune,Xã Bảo Thuận,,
vi_VN,VN,26,Lam Dong Province,Tỉnh Lâm Đồng,Son Dien Commune,Xã Sơn Điền,,
vi_VN,VN,26,Lam Dong Province,Tỉnh Lâm Đồng,Gia Hiep Commune,Xã Gia Hiệp,,
vi_VN,VN,26,Lam Dong Province,Tỉnh Lâm Đồng,Bao Lam 1 Commune,Xã Bảo Lâm 1,,
vi_VN,VN,26,Lam Dong Province,Tỉnh Lâm Đồng,Bao Lam 2 Commune,Xã Bảo Lâm 2,,
vi_VN,VN,26,Lam Dong Province,Tỉnh Lâm Đồng,Bao Lam 3 Commune,Xã Bảo Lâm 3,,
vi_VN,VN,26,Lam Dong Province,Tỉnh Lâm Đồng,Bao Lam 4 Commune,Xã Bảo Lâm 4,,
vi_VN,VN,26,Lam Dong Province,Tỉnh Lâm Đồng,Bao Lam 5 Commune,Xã Bảo Lâm 5,,
vi_VN,VN,26,Lam Dong Province,Tỉnh Lâm Đồng,Da Huoai Commune,Xã Đạ Huoai,,
vi_VN,VN,26,Lam Dong Province,Tỉnh Lâm Đồng,Da Huoai 2 Commune,Xã Đạ Huoai 2,,
vi_VN,VN,26,Lam Dong Province,Tỉnh Lâm Đồng,Da Huoai 3 Commune,Xã Đạ Huoai 3,,
vi_VN,VN,26,Lam Dong Province,Tỉnh Lâm Đồng,Da Teh Commune,Xã Đạ Tẻh,,
vi_VN,VN,26,Lam Dong Province,Tỉnh Lâm Đồng,Da Teh 2 Commune,Xã Đạ Tẻh 2,,
vi_VN,VN,26,Lam Dong Province,Tỉnh Lâm Đồng,Da Teh 3 Commune,Xã Đạ Tẻh 3,,
vi_VN,VN,26,Lam Dong Province,Tỉnh Lâm Đồng,Cat Tien Commune,Xã Cát Tiên,,
vi_VN,VN,26,Lam Dong Province,Tỉnh Lâm Đồng,Cat Tien 2 Commune,Xã Cát Tiên 2,,
vi_VN,VN,26,Lam Dong Province,Tỉnh Lâm Đồng,Cat Tien 3 Commune,Xã Cát Tiên 3,,
vi_VN,VN,26,Lam Dong Province,Tỉnh Lâm Đồng,Ham Thang Ward,Phường Hàm Thắng,,
vi_VN,VN,26,Lam Dong Province,Tỉnh Lâm Đồng,Binh Thuan Ward,Phường Bình Thuận,,
vi_VN,VN,26,Lam Dong Province,Tỉnh Lâm Đồng,Mui Ne Ward,Phường Mũi Né,,
vi_VN,VN,26,Lam Dong Province,Tỉnh Lâm Đồng,Phu Thuy Ward,Phường Phú Thuỷ,,
vi_VN,VN,26,Lam Dong Province,Tỉnh Lâm Đồng,Phan Thiet Ward,Phường Phan Thiết,,
vi_VN,VN,26,Lam Dong Province,Tỉnh Lâm Đồng,Tien Thanh Ward,Phường Tiến Thành,,
vi_VN,VN,26,Lam Dong Province,Tỉnh Lâm Đồng,La Gi Ward,Phường La Gi,,
vi_VN,VN,26,Lam Dong Province,Tỉnh Lâm Đồng,Phuoc Hoi Ward,Phường Phước Hội,,
vi_VN,VN,26,Lam Dong Province,Tỉnh Lâm Đồng,Tuyen Quang Commune,Xã Tuyên Quang,,
vi_VN,VN,26,Lam Dong Province,Tỉnh Lâm Đồng,Tan Hai Commune,Xã Tân Hải,,
vi_VN,VN,26,Lam Dong Province,Tỉnh Lâm Đồng,Vinh Hao Commune,Xã Vĩnh Hảo,,
vi_VN,VN,26,Lam Dong Province,Tỉnh Lâm Đồng,Lien Huong Commune,Xã Liên Hương,,
vi_VN,VN,26,Lam Dong Province,Tỉnh Lâm Đồng,Tuy Phong Commune,Xã Tuy Phong,,
vi_VN,VN,26,Lam Dong Province,Tỉnh Lâm Đồng,Phan Ri Cua Commune,Xã Phan Rí Cửa,,
vi_VN,VN,26,Lam Dong Province,Tỉnh Lâm Đồng,Bac Binh Commune,Xã Bắc Bình,,
vi_VN,VN,26,Lam Dong Province,Tỉnh Lâm Đồng,Hong Thai Commune,Xã Hồng Thái,,
vi_VN,VN,26,Lam Dong Province,Tỉnh Lâm Đồng,Hai Ninh Commune,Xã Hải Ninh,,
vi_VN,VN,26,Lam Dong Province,Tỉnh Lâm Đồng,Phan Son Commune,Xã Phan Sơn,,
vi_VN,VN,26,Lam Dong Province,Tỉnh Lâm Đồng,Song Luy Commune,Xã Sông Lũy,,
vi_VN,VN,26,Lam Dong Province,Tỉnh Lâm Đồng,Luong Son Commune,Xã Lương Sơn,,
vi_VN,VN,26,Lam Dong Province,Tỉnh Lâm Đồng,Hoa Thang Commune,Xã Hoà Thắng,,
vi_VN,VN,26,Lam Dong Province,Tỉnh Lâm Đồng,Dong Giang Commune,Xã Đông Giang,,
vi_VN,VN,26,Lam Dong Province,Tỉnh Lâm Đồng,La Da Commune,Xã La Dạ,,
vi_VN,VN,26,Lam Dong Province,Tỉnh Lâm Đồng,Ham Thuan Bac Commune,Xã Hàm Thuận Bắc,,
vi_VN,VN,26,Lam Dong Province,Tỉnh Lâm Đồng,Ham Thuan Commune,Xã Hàm Thuận,,
vi_VN,VN,26,Lam Dong Province,Tỉnh Lâm Đồng,Hong Son Commune,Xã Hồng Sơn,,
vi_VN,VN,26,Lam Dong Province,Tỉnh Lâm Đồng,Ham Liem Commune,Xã Hàm Liêm,,
vi_VN,VN,26,Lam Dong Province,Tỉnh Lâm Đồng,Ham Thanh Commune,Xã Hàm Thạnh,,
vi_VN,VN,26,Lam Dong Province,Tỉnh Lâm Đồng,Ham Kiem Commune,Xã Hàm Kiệm,,
vi_VN,VN,26,Lam Dong Province,Tỉnh Lâm Đồng,Tan Thanh Commune,Xã Tân Thành,,
vi_VN,VN,26,Lam Dong Province,Tỉnh Lâm Đồng,Ham Thuan Nam Commune,Xã Hàm Thuận Nam,,
vi_VN,VN,26,Lam Dong Province,Tỉnh Lâm Đồng,Tan Lap Commune,Xã Tân Lập,,
vi_VN,VN,26,Lam Dong Province,Tỉnh Lâm Đồng,Tan Minh Commune,Xã Tân Minh,,
vi_VN,VN,26,Lam Dong Province,Tỉnh Lâm Đồng,Ham Tan Commune,Xã Hàm Tân,,
vi_VN,VN,26,Lam Dong Province,Tỉnh Lâm Đồng,Son My Commune,Xã Sơn Mỹ,,
vi_VN,VN,26,Lam Dong Province,Tỉnh Lâm Đồng,Bac Ruong Commune,Xã Bắc Ruộng,,
vi_VN,VN,26,Lam Dong Province,Tỉnh Lâm Đồng,Nghi Duc Commune,Xã Nghị Đức,,
vi_VN,VN,26,Lam Dong Province,Tỉnh Lâm Đồng,Dong Kho Commune,Xã Đồng Kho,,
vi_VN,VN,26,Lam Dong Province,Tỉnh Lâm Đồng,Tanh Linh Commune,Xã Tánh Linh,,
vi_VN,VN,26,Lam Dong Province,Tỉnh Lâm Đồng,Suoi Kiet Commune,Xã Suối Kiết,,
vi_VN,VN,26,Lam Dong Province,Tỉnh Lâm Đồng,Nam Thanh Commune,Xã Nam Thành,,
vi_VN,VN,26,Lam Dong Province,Tỉnh Lâm Đồng,Duc Linh Commune,Xã Đức Linh,,
vi_VN,VN,26,Lam Dong Province,Tỉnh Lâm Đồng,Hoai Duc Commune,Xã Hoài Đức,,
vi_VN,VN,26,Lam Dong Province,Tỉnh Lâm Đồng,Tra Tan Commune,Xã Trà Tân,,
vi_VN,VN,26,Lam Dong Province,Tỉnh Lâm Đồng,Phu Quy Special Economic Zone,Đặc khu Phú Quý,,
vi_VN,VN,26,Lam Dong Province,Tỉnh Lâm Đồng,Bac Gia Nghia Ward,Phường Bắc Gia Nghĩa,,
vi_VN,VN,26,Lam Dong Province,Tỉnh Lâm Đồng,Nam Gia Nghia Ward,Phường Nam Gia Nghĩa,,
vi_VN,VN,26,Lam Dong Province,Tỉnh Lâm Đồng,Dong Gia Nghia Ward,Phường Đông Gia Nghĩa,,
vi_VN,VN,26,Lam Dong Province,Tỉnh Lâm Đồng,Dak Wil Commune,Xã Đắk Wil,,
vi_VN,VN,26,Lam Dong Province,Tỉnh Lâm Đồng,Nam Dong Commune,Xã Nam Dong,,
vi_VN,VN,26,Lam Dong Province,Tỉnh Lâm Đồng,Cu Jut Commune,Xã Cư Jút,,
vi_VN,VN,26,Lam Dong Province,Tỉnh Lâm Đồng,Thuan An Commune,Xã Thuận An,,
vi_VN,VN,26,Lam Dong Province,Tỉnh Lâm Đồng,Duc Lap Commune,Xã Đức Lập,,
vi_VN,VN,26,Lam Dong Province,Tỉnh Lâm Đồng,Dak Mil Commune,Xã Đắk Mil,,
vi_VN,VN,26,Lam Dong Province,Tỉnh Lâm Đồng,Dak Sak Commune,Xã Đắk Sắk,,
vi_VN,VN,26,Lam Dong Province,Tỉnh Lâm Đồng,Nam Da Commune,Xã Nam Đà,,
vi_VN,VN,26,Lam Dong Province,Tỉnh Lâm Đồng,Krong No Commune,Xã Krông Nô,,
vi_VN,VN,26,Lam Dong Province,Tỉnh Lâm Đồng,Nam Nung Commune,Xã Nâm Nung,,
vi_VN,VN,26,Lam Dong Province,Tỉnh Lâm Đồng,Quang Phu Commune,Xã Quảng Phú,,
vi_VN,VN,26,Lam Dong Province,Tỉnh Lâm Đồng,Dak Song Commune,Xã Đắk song,,
vi_VN,VN,26,Lam Dong Province,Tỉnh Lâm Đồng,Duc An Commune,Xã Đức An,,
vi_VN,VN,26,Lam Dong Province,Tỉnh Lâm Đồng,Thuan Hanh Commune,Xã Thuận Hạnh,,
vi_VN,VN,26,Lam Dong Province,Tỉnh Lâm Đồng,Truong Xuan Commune,Xã Trường Xuân,,
vi_VN,VN,26,Lam Dong Province,Tỉnh Lâm Đồng,Ta Dung Commune,Xã Tà Đùng,,
vi_VN,VN,26,Lam Dong Province,Tỉnh Lâm Đồng,Quang Khe Commune,Xã Quảng Khê,,
vi_VN,VN,26,Lam Dong Province,Tỉnh Lâm Đồng,Quang Tan Commune,Xã Quảng Tân,,
vi_VN,VN,26,Lam Dong Province,Tỉnh Lâm Đồng,Tuy Duc Commune,Xã Tuy Đức,,
vi_VN,VN,26,Lam Dong Province,Tỉnh Lâm Đồng,Kien Duc Commune,Xã Kiến Đức,,
vi_VN,VN,26,Lam Dong Province,Tỉnh Lâm Đồng,Nhan Co Commune,Xã Nhân Cơ,,
vi_VN,VN,26,Lam Dong Province,Tỉnh Lâm Đồng,Quang Tin Commune,Xã Quảng Tín,,
vi_VN,VN,26,Lam Dong Province,Tỉnh Lâm Đồng,Ninh Gia Commune,Xã Ninh Gia,,
vi_VN,VN,26,Lam Dong Province,Tỉnh Lâm Đồng,Quang Hoa Commune,Xã Quảng Hoà,,
vi_VN,VN,26,Lam Dong Province,Tỉnh Lâm Đồng,Quang Son Commune,Xã Quảng Sơn,,
vi_VN,VN,26,Lam Dong Province,Tỉnh Lâm Đồng,Quang Truc Commune,Xã Quảng Trực,,
vi_VN,VN,27,Tay Ninh Province,Tỉnh Tây Ninh,Hung Dien Commune,Xã Hưng Điền,,
vi_VN,VN,27,Tay Ninh Province,Tỉnh Tây Ninh,Vinh Thanh Commune,Xã Vĩnh Thạnh,,
vi_VN,VN,27,Tay Ninh Province,Tỉnh Tây Ninh,Tan Hung Commune,Xã Tân Hưng,,
vi_VN,VN,27,Tay Ninh Province,Tỉnh Tây Ninh,Vinh Chau Commune,Xã Vĩnh Châu,,
vi_VN,VN,27,Tay Ninh Province,Tỉnh Tây Ninh,Tuyen Binh Commune,Xã Tuyên Bình,,
vi_VN,VN,27,Tay Ninh Province,Tỉnh Tây Ninh,Vinh Hung Commune,Xã Vĩnh Hưng,,
vi_VN,VN,27,Tay Ninh Province,Tỉnh Tây Ninh,Khanh Hung Commune,Xã Khánh Hưng,,
vi_VN,VN,27,Tay Ninh Province,Tỉnh Tây Ninh,Tuyen Thanh Commune,Xã Tuyên Thạnh,,
vi_VN,VN,27,Tay Ninh Province,Tỉnh Tây Ninh,Binh Hiep Commune,Xã Bình Hiệp,,
vi_VN,VN,27,Tay Ninh Province,Tỉnh Tây Ninh,Kien Tuong Ward,Phường Kiến Tường,,
vi_VN,VN,27,Tay Ninh Province,Tỉnh Tây Ninh,Binh Hoa Commune,Xã Bình Hoà,,
vi_VN,VN,27,Tay Ninh Province,Tỉnh Tây Ninh,Moc Hoa Commune,Xã Mộc Hoá,,
vi_VN,VN,27,Tay Ninh Province,Tỉnh Tây Ninh,Hau Thanh Commune,Xã Hậu Thạnh,,
vi_VN,VN,27,Tay Ninh Province,Tỉnh Tây Ninh,Nhon Hoa Lap Commune,Xã Nhơn Hoà Lập,,
vi_VN,VN,27,Tay Ninh Province,Tỉnh Tây Ninh,Nhon Ninh Commune,Xã Nhơn Ninh,,
vi_VN,VN,27,Tay Ninh Province,Tỉnh Tây Ninh,Tan Thanh Commune,Xã Tân Thạnh,,
vi_VN,VN,27,Tay Ninh Province,Tỉnh Tây Ninh,Binh Thanh Commune,Xã Bình Thành,,
vi_VN,VN,27,Tay Ninh Province,Tỉnh Tây Ninh,Thanh Phuoc Commune,Xã Thạnh Phước,,
vi_VN,VN,27,Tay Ninh Province,Tỉnh Tây Ninh,Thanh Hoa Commune,Xã Thạnh Hóa,,
vi_VN,VN,27,Tay Ninh Province,Tỉnh Tây Ninh,Tan Tay Commune,Xã Tân Tây,,
vi_VN,VN,27,Tay Ninh Province,Tỉnh Tây Ninh,Thu Thua Commune,Xã Thủ Thừa,,
vi_VN,VN,27,Tay Ninh Province,Tỉnh Tây Ninh,My An Commune,Xã Mỹ An,,
vi_VN,VN,27,Tay Ninh Province,Tỉnh Tây Ninh,My Thanh Commune,Xã Mỹ Thạnh,,
vi_VN,VN,27,Tay Ninh Province,Tỉnh Tây Ninh,Tan Long Commune,Xã Tân Long,,
vi_VN,VN,27,Tay Ninh Province,Tỉnh Tây Ninh,My Quy Commune,Xã Mỹ Quý,,
vi_VN,VN,27,Tay Ninh Province,Tỉnh Tây Ninh,Dong Thanh Commune,Xã Đông Thành,,
vi_VN,VN,27,Tay Ninh Province,Tỉnh Tây Ninh,Duc Hue Commune,Xã Đức Huệ,,
vi_VN,VN,27,Tay Ninh Province,Tỉnh Tây Ninh,An Ninh Commune,Xã An Ninh,,
vi_VN,VN,27,Tay Ninh Province,Tỉnh Tây Ninh,Hiep Hoa Commune,Xã Hiệp Hoà,,
vi_VN,VN,27,Tay Ninh Province,Tỉnh Tây Ninh,Hau Nghia Commune,Xã Hậu Nghĩa,,
vi_VN,VN,27,Tay Ninh Province,Tỉnh Tây Ninh,Hoa Khanh Commune,Xã Hoà Khánh,,
vi_VN,VN,27,Tay Ninh Province,Tỉnh Tây Ninh,Duc Lap Commune,Xã Đức Lập,,
vi_VN,VN,27,Tay Ninh Province,Tỉnh Tây Ninh,My Hanh Commune,Xã Mỹ Hạnh,,
vi_VN,VN,27,Tay Ninh Province,Tỉnh Tây Ninh,Duc Hoa Commune,Xã Đức Hoà,,
vi_VN,VN,27,Tay Ninh Province,Tỉnh Tây Ninh,Thanh Loi Commune,Xã Thạnh Lợi,,
vi_VN,VN,27,Tay Ninh Province,Tỉnh Tây Ninh,Binh Duc Commune,Xã Bình Đức,,
vi_VN,VN,27,Tay Ninh Province,Tỉnh Tây Ninh,Luong Hoa Commune,Xã Lương Hoà,,
vi_VN,VN,27,Tay Ninh Province,Tỉnh Tây Ninh,Ben Luc Commune,Xã Bến Lức,,
vi_VN,VN,27,Tay Ninh Province,Tỉnh Tây Ninh,My Yen Commune,Xã Mỹ Yên,,
vi_VN,VN,27,Tay Ninh Province,Tỉnh Tây Ninh,Long Cang Commune,Xã Long Cang,,
vi_VN,VN,27,Tay Ninh Province,Tỉnh Tây Ninh,Rach Kien Commune,Xã Rạch Kiến,,
vi_VN,VN,27,Tay Ninh Province,Tỉnh Tây Ninh,My Le Commune,Xã Mỹ Lệ,,
vi_VN,VN,27,Tay Ninh Province,Tỉnh Tây Ninh,Tan Lan Commune,Xã Tân Lân,,
vi_VN,VN,27,Tay Ninh Province,Tỉnh Tây Ninh,Can Duoc Commune,Xã Cần Đước,,
vi_VN,VN,27,Tay Ninh Province,Tỉnh Tây Ninh,Long Huu Commune,Xã Long Hựu,,
vi_VN,VN,27,Tay Ninh Province,Tỉnh Tây Ninh,Phuoc Ly Commune,Xã Phước Lý,,
vi_VN,VN,27,Tay Ninh Province,Tỉnh Tây Ninh,My Loc Commune,Xã Mỹ Lộc,,
vi_VN,VN,27,Tay Ninh Province,Tỉnh Tây Ninh,Can Giuoc Commune,Xã Cần Giuộc,,
vi_VN,VN,27,Tay Ninh Province,Tỉnh Tây Ninh,Phuoc Vinh Tay Commune,Xã Phước Vĩnh Tây,,
vi_VN,VN,27,Tay Ninh Province,Tỉnh Tây Ninh,Tan Tap Commune,Xã Tân Tập,,
vi_VN,VN,27,Tay Ninh Province,Tỉnh Tây Ninh,Vam Co Commune,Xã Vàm Cỏ,,
vi_VN,VN,27,Tay Ninh Province,Tỉnh Tây Ninh,Tan Tru Commune,Xã Tân Trụ,,
vi_VN,VN,27,Tay Ninh Province,Tỉnh Tây Ninh,Nhut Tao Commune,Xã Nhựt Tảo,,
vi_VN,VN,27,Tay Ninh Province,Tỉnh Tây Ninh,Thuan My Commune,Xã Thuận Mỹ,,
vi_VN,VN,27,Tay Ninh Province,Tỉnh Tây Ninh,An Luc Long Commune,Xã An Lục Long,,
vi_VN,VN,27,Tay Ninh Province,Tỉnh Tây Ninh,Tam Vu Commune,Xã Tầm Vu,,
vi_VN,VN,27,Tay Ninh Province,Tỉnh Tây Ninh,Vinh Cong Commune,Xã Vĩnh Công,,
vi_VN,VN,27,Tay Ninh Province,Tỉnh Tây Ninh,Long An Ward,Phường Long An,,
vi_VN,VN,27,Tay Ninh Province,Tỉnh Tây Ninh,Tan An Ward,Phường Tân An,,
vi_VN,VN,27,Tay Ninh Province,Tỉnh Tây Ninh,Khanh Hau Ward,Phường Khánh Hậu,,
vi_VN,VN,27,Tay Ninh Province,Tỉnh Tây Ninh,Tan Ninh Ward,Phường Tân Ninh,,
vi_VN,VN,27,Tay Ninh Province,Tỉnh Tây Ninh,Binh Minh Ward,Phường Bình Minh,,
vi_VN,VN,27,Tay Ninh Province,Tỉnh Tây Ninh,Ninh Thanh Ward,Phường Ninh Thạnh,,
vi_VN,VN,27,Tay Ninh Province,Tỉnh Tây Ninh,Long Hoa Ward,Phường Long Hoa,,
vi_VN,VN,27,Tay Ninh Province,Tỉnh Tây Ninh,Hoa Thanh Ward,Phường Hoà Thành,,
vi_VN,VN,27,Tay Ninh Province,Tỉnh Tây Ninh,Thanh Dien Ward,Phường Thanh Điền,,
vi_VN,VN,27,Tay Ninh Province,Tỉnh Tây Ninh,Trang Bang Ward,Phường Trảng Bàng,,
vi_VN,VN,27,Tay Ninh Province,Tỉnh Tây Ninh,An Tinh Ward,Phường An Tịnh,,
vi_VN,VN,27,Tay Ninh Province,Tỉnh Tây Ninh,Go Dau Ward,Phường Gò Dầu,,
vi_VN,VN,27,Tay Ninh Province,Tỉnh Tây Ninh,Gia Loc Ward,Phường Gia Lộc,,
vi_VN,VN,27,Tay Ninh Province,Tỉnh Tây Ninh,Hung Thuan Commune,Xã Hưng Thuận,,
vi_VN,VN,27,Tay Ninh Province,Tỉnh Tây Ninh,Phuoc Chi Commune,Xã Phước Chỉ,,
vi_VN,VN,27,Tay Ninh Province,Tỉnh Tây Ninh,Thanh Duc Commune,Xã Thạnh Đức,,
vi_VN,VN,27,Tay Ninh Province,Tỉnh Tây Ninh,Phuoc Thanh Commune,Xã Phước Thạnh,,
vi_VN,VN,27,Tay Ninh Province,Tỉnh Tây Ninh,Truong Mit Commune,Xã Truông Mít,,
vi_VN,VN,27,Tay Ninh Province,Tỉnh Tây Ninh,Loc Ninh Commune,Xã Lộc Ninh,,
vi_VN,VN,27,Tay Ninh Province,Tỉnh Tây Ninh,Cau Khoi Commune,Xã Cầu Khởi,,
vi_VN,VN,27,Tay Ninh Province,Tỉnh Tây Ninh,Duong Minh Chau Commune,Xã Dương Minh Châu,,
vi_VN,VN,27,Tay Ninh Province,Tỉnh Tây Ninh,Tan Dong Commune,Xã Tân Đông,,
vi_VN,VN,27,Tay Ninh Province,Tỉnh Tây Ninh,Tan Chau Commune,Xã Tân Châu,,
vi_VN,VN,27,Tay Ninh Province,Tỉnh Tây Ninh,Tan Phu Commune,Xã Tân Phú,,
vi_VN,VN,27,Tay Ninh Province,Tỉnh Tây Ninh,Tan Hoi Commune,Xã Tân Hội,,
vi_VN,VN,27,Tay Ninh Province,Tỉnh Tây Ninh,Tan Thanh Commune,Xã Tân Thành,,
vi_VN,VN,27,Tay Ninh Province,Tỉnh Tây Ninh,Tan Hoa Commune,Xã Tân Hoà,,
vi_VN,VN,27,Tay Ninh Province,Tỉnh Tây Ninh,Tan Lap Commune,Xã Tân Lập,,
vi_VN,VN,27,Tay Ninh Province,Tỉnh Tây Ninh,Tan Bien Commune,Xã Tân Biên,,
vi_VN,VN,27,Tay Ninh Province,Tỉnh Tây Ninh,Thanh Binh Commune,Xã Thạnh Bình,,
vi_VN,VN,27,Tay Ninh Province,Tỉnh Tây Ninh,Tra Vong Commune,Xã Trà Vong,,
vi_VN,VN,27,Tay Ninh Province,Tỉnh Tây Ninh,Phuoc Vinh Commune,Xã Phước Vinh,,
vi_VN,VN,27,Tay Ninh Province,Tỉnh Tây Ninh,Hoa Hoi Commune,Xã Hoà Hội,,
vi_VN,VN,27,Tay Ninh Province,Tỉnh Tây Ninh,Ninh Dien Commune,Xã Ninh Điền,,
vi_VN,VN,27,Tay Ninh Province,Tỉnh Tây Ninh,Chau Thanh Commune,Xã Châu Thành,,
vi_VN,VN,27,Tay Ninh Province,Tỉnh Tây Ninh,Hao Duoc Commune,Xã Hảo Đước,,
vi_VN,VN,27,Tay Ninh Province,Tỉnh Tây Ninh,Long Chu Commune,Xã Long Chữ,,
vi_VN,VN,27,Tay Ninh Province,Tỉnh Tây Ninh,Long Thuan Commune,Xã Long Thuận,,
vi_VN,VN,27,Tay Ninh Province,Tỉnh Tây Ninh,Ben Cau Commune,Xã Bến Cầu,,
vi_VN,VN,28,Dong Nai Province,Tỉnh Đồng Nai,Bien Hoa Ward,Phường Biên Hoà,,
vi_VN,VN,28,Dong Nai Province,Tỉnh Đồng Nai,Tran Bien Ward,Phường Trấn Biên,,
vi_VN,VN,28,Dong Nai Province,Tỉnh Đồng Nai,Tam Hiep Ward,Phường Tam Hiệp,,
vi_VN,VN,28,Dong Nai Province,Tỉnh Đồng Nai,Long Binh Ward,Phường Long Bình,,
vi_VN,VN,28,Dong Nai Province,Tỉnh Đồng Nai,Trang Dai Ward,Phường Trảng Dài,,
vi_VN,VN,28,Dong Nai Province,Tỉnh Đồng Nai,Ho Nai Ward,Phường Hố Nai,,
vi_VN,VN,28,Dong Nai Province,Tỉnh Đồng Nai,Long Hung Ward,Phường Long Hưng,,
vi_VN,VN,28,Dong Nai Province,Tỉnh Đồng Nai,Dai Phuoc Commune,Xã Đại Phước,,
vi_VN,VN,28,Dong Nai Province,Tỉnh Đồng Nai,Nhon Trach Commune,Xã Nhơn Trạch,,
vi_VN,VN,28,Dong Nai Province,Tỉnh Đồng Nai,Phuoc An Commune,Xã Phước An,,
vi_VN,VN,28,Dong Nai Province,Tỉnh Đồng Nai,Phuoc Thai Commune,Xã Phước Thái,,
vi_VN,VN,28,Dong Nai Province,Tỉnh Đồng Nai,Long Phuoc Commune,Xã Long Phước,,
vi_VN,VN,28,Dong Nai Province,Tỉnh Đồng Nai,Binh An Commune,Xã Bình An,,
vi_VN,VN,28,Dong Nai Province,Tỉnh Đồng Nai,Long Thanh Commune,Xã Long Thành,,
vi_VN,VN,28,Dong Nai Province,Tỉnh Đồng Nai,An Phuoc Commune,Xã An Phước,,
vi_VN,VN,28,Dong Nai Province,Tỉnh Đồng Nai,An Vien Commune,Xã An Viễn,,
vi_VN,VN,28,Dong Nai Province,Tỉnh Đồng Nai,Binh Minh Commune,Xã Bình Minh,,
vi_VN,VN,28,Dong Nai Province,Tỉnh Đồng Nai,Trang Bom Commune,Xã Trảng Bom,,
vi_VN,VN,28,Dong Nai Province,Tỉnh Đồng Nai,Bau Ham Commune,Xã Bàu Hàm,,
vi_VN,VN,28,Dong Nai Province,Tỉnh Đồng Nai,Hung Thinh Commune,Xã Hưng Thịnh,,
vi_VN,VN,28,Dong Nai Province,Tỉnh Đồng Nai,Dau Giay Commune,Xã Dầu Giây,,
vi_VN,VN,28,Dong Nai Province,Tỉnh Đồng Nai,Gia Kiem Commune,Xã Gia Kiệm,,
vi_VN,VN,28,Dong Nai Province,Tỉnh Đồng Nai,Thong Nhat Commune,Xã Thống Nhất,,
vi_VN,VN,28,Dong Nai Province,Tỉnh Đồng Nai,Binh Loc Ward,Phường Bình Lộc,,
vi_VN,VN,28,Dong Nai Province,Tỉnh Đồng Nai,Bao Vinh Ward,Phường Bảo Vinh,,
vi_VN,VN,28,Dong Nai Province,Tỉnh Đồng Nai,Xuan Lap Ward,Phường Xuân Lập,,
vi_VN,VN,28,Dong Nai Province,Tỉnh Đồng Nai,Long Khanh Ward,Phường Long Khánh,,
vi_VN,VN,28,Dong Nai Province,Tỉnh Đồng Nai,Hang Gon Ward,Phường Hàng Gòn,,
vi_VN,VN,28,Dong Nai Province,Tỉnh Đồng Nai,Xuan Que Commune,Xã Xuân Quế,,
vi_VN,VN,28,Dong Nai Province,Tỉnh Đồng Nai,Xuan Duong Commune,Xã Xuân Đường,,
vi_VN,VN,28,Dong Nai Province,Tỉnh Đồng Nai,Cam My Commune,Xã Cẩm Mỹ,,
vi_VN,VN,28,Dong Nai Province,Tỉnh Đồng Nai,Song Ray Commune,Xã Sông Ray,,
vi_VN,VN,28,Dong Nai Province,Tỉnh Đồng Nai,Xuan Dong Commune,Xã Xuân Đông,,
vi_VN,VN,28,Dong Nai Province,Tỉnh Đồng Nai,Xuan Dinh Commune,Xã Xuân Định,,
vi_VN,VN,28,Dong Nai Province,Tỉnh Đồng Nai,Xuan Phu Commune,Xã Xuân Phú,,
vi_VN,VN,28,Dong Nai Province,Tỉnh Đồng Nai,Xuan Loc Commune,Xã Xuân Lộc,,
vi_VN,VN,28,Dong Nai Province,Tỉnh Đồng Nai,Xuan Hoa Commune,Xã Xuân Hoà,,
vi_VN,VN,28,Dong Nai Province,Tỉnh Đồng Nai,Xuan Thanh Commune,Xã Xuân Thành,,
vi_VN,VN,28,Dong Nai Province,Tỉnh Đồng Nai,Xuan Bac Commune,Xã Xuân Bắc,,
vi_VN,VN,28,Dong Nai Province,Tỉnh Đồng Nai,La Nga Commune,Xã La Ngà,,
vi_VN,VN,28,Dong Nai Province,Tỉnh Đồng Nai,Dinh Quan Commune,Xã Định Quán,,
vi_VN,VN,28,Dong Nai Province,Tỉnh Đồng Nai,Phu Vinh Commune,Xã Phú Vinh,,
vi_VN,VN,28,Dong Nai Province,Tỉnh Đồng Nai,Phu Hoa Commune,Xã Phú Hoà,,
vi_VN,VN,28,Dong Nai Province,Tỉnh Đồng Nai,Ta Lai Commune,Xã Tà Lài,,
vi_VN,VN,28,Dong Nai Province,Tỉnh Đồng Nai,Nam Cat Tien Commune,Xã Nam Cát Tiên,,
vi_VN,VN,28,Dong Nai Province,Tỉnh Đồng Nai,Tan Phu Commune,Xã Tân Phú,,
vi_VN,VN,28,Dong Nai Province,Tỉnh Đồng Nai,Phu Lam Commune,Xã Phú Lâm,,
vi_VN,VN,28,Dong Nai Province,Tỉnh Đồng Nai,Tri An Commune,Xã Trị An,,
vi_VN,VN,28,Dong Nai Province,Tỉnh Đồng Nai,Tan An Commune,Xã Tân An,,
vi_VN,VN,28,Dong Nai Province,Tỉnh Đồng Nai,Tan Trieu Ward,Phường Tân Triều,,
vi_VN,VN,28,Dong Nai Province,Tỉnh Đồng Nai,Minh Hung Ward,Phường Minh Hưng,,
vi_VN,VN,28,Dong Nai Province,Tỉnh Đồng Nai,Chon Thanh Ward,Phường Chơn Thành,,
vi_VN,VN,28,Dong Nai Province,Tỉnh Đồng Nai,Nha Bich Commune,Xã Nha Bích,,
vi_VN,VN,28,Dong Nai Province,Tỉnh Đồng Nai,Tan Quan Commune,Xã Tân Quan,,
vi_VN,VN,28,Dong Nai Province,Tỉnh Đồng Nai,Tan Hung Commune,Xã Tân Hưng,,
vi_VN,VN,28,Dong Nai Province,Tỉnh Đồng Nai,Tan Khai Commune,Xã Tân Khai,,
vi_VN,VN,28,Dong Nai Province,Tỉnh Đồng Nai,Minh Duc Commune,Xã Minh Đức,,
vi_VN,VN,28,Dong Nai Province,Tỉnh Đồng Nai,Binh Long Ward,Phường Bình Long,,
vi_VN,VN,28,Dong Nai Province,Tỉnh Đồng Nai,An Loc Ward,Phường An Lộc,,
vi_VN,VN,28,Dong Nai Province,Tỉnh Đồng Nai,Loc Thanh Commune,Xã Lộc Thành,,
vi_VN,VN,28,Dong Nai Province,Tỉnh Đồng Nai,Loc Ninh Commune,Xã Lộc Ninh,,
vi_VN,VN,28,Dong Nai Province,Tỉnh Đồng Nai,Loc Hung Commune,Xã Lộc Hưng,,
vi_VN,VN,28,Dong Nai Province,Tỉnh Đồng Nai,Loc Tan Commune,Xã Lộc Tấn,,
vi_VN,VN,28,Dong Nai Province,Tỉnh Đồng Nai,Loc Thanh Commune,Xã Lộc Thạnh,,
vi_VN,VN,28,Dong Nai Province,Tỉnh Đồng Nai,Loc Quang Commune,Xã Lộc Quang,,
vi_VN,VN,28,Dong Nai Province,Tỉnh Đồng Nai,Tan Tien Commune,Xã Tân Tiến,,
vi_VN,VN,28,Dong Nai Province,Tỉnh Đồng Nai,Thien Hung Commune,Xã Thiện Hưng,,
vi_VN,VN,28,Dong Nai Province,Tỉnh Đồng Nai,Hung Phuoc Commune,Xã Hưng Phước,,
vi_VN,VN,28,Dong Nai Province,Tỉnh Đồng Nai,Phu Nghia Commune,Xã Phú Nghĩa,,
vi_VN,VN,28,Dong Nai Province,Tỉnh Đồng Nai,Da Kia Commune,Xã Đa Kia,,
vi_VN,VN,28,Dong Nai Province,Tỉnh Đồng Nai,Phuoc Binh Ward,Phường Phước Bình,,
vi_VN,VN,28,Dong Nai Province,Tỉnh Đồng Nai,Phuoc Long Ward,Phường Phước Long,,
vi_VN,VN,28,Dong Nai Province,Tỉnh Đồng Nai,Binh Tan Commune,Xã Bình Tân,,
vi_VN,VN,28,Dong Nai Province,Tỉnh Đồng Nai,Long Ha Commune,Xã Long Hà,,
vi_VN,VN,28,Dong Nai Province,Tỉnh Đồng Nai,Phu Rieng Commune,Xã Phú Riềng,,
vi_VN,VN,28,Dong Nai Province,Tỉnh Đồng Nai,Phu Trung Commune,Xã Phú Trung,,
vi_VN,VN,28,Dong Nai Province,Tỉnh Đồng Nai,Dong Xoai Ward,Phường Đồng Xoài,,
vi_VN,VN,28,Dong Nai Province,Tỉnh Đồng Nai,Binh Phuoc Ward,Phường Bình Phước,,
vi_VN,VN,28,Dong Nai Province,Tỉnh Đồng Nai,Thuan Loi Commune,Xã Thuận Lợi,,
vi_VN,VN,28,Dong Nai Province,Tỉnh Đồng Nai,Dong Tam Commune,Xã Đồng Tâm,,
vi_VN,VN,28,Dong Nai Province,Tỉnh Đồng Nai,Tan Loi Commune,Xã Tân Lợi,,
vi_VN,VN,28,Dong Nai Province,Tỉnh Đồng Nai,Dong Phu Commune,Xã Đồng Phú,,
vi_VN,VN,28,Dong Nai Province,Tỉnh Đồng Nai,Phuoc Son Commune,Xã Phước Sơn,,
vi_VN,VN,28,Dong Nai Province,Tỉnh Đồng Nai,Nghia Trung Commune,Xã Nghĩa Trung,,
vi_VN,VN,28,Dong Nai Province,Tỉnh Đồng Nai,Bu Dang Commune,Xã Bù Đăng,,
vi_VN,VN,28,Dong Nai Province,Tỉnh Đồng Nai,Tho Son Commune,Xã Thọ Sơn,,
vi_VN,VN,28,Dong Nai Province,Tỉnh Đồng Nai,Dak Nhau Commune,Xã Đak Nhau,,
vi_VN,VN,28,Dong Nai Province,Tỉnh Đồng Nai,Bom Bo Commune,Xã Bom Bo,,
vi_VN,VN,28,Dong Nai Province,Tỉnh Đồng Nai,Tam Phuoc Ward,Phường Tam Phước,,
vi_VN,VN,28,Dong Nai Province,Tỉnh Đồng Nai,Phuoc Tan Ward,Phường Phước Tân,,
vi_VN,VN,28,Dong Nai Province,Tỉnh Đồng Nai,Thanh Son Commune,Xã Thanh Sơn,,
vi_VN,VN,28,Dong Nai Province,Tỉnh Đồng Nai,Dak Lua Commune,Xã Đak Lua,,
vi_VN,VN,28,Dong Nai Province,Tỉnh Đồng Nai,Phu Ly Commune,Xã Phú Lý,,
vi_VN,VN,28,Dong Nai Province,Tỉnh Đồng Nai,Bu Gia Map Commune,Xã Bù Gia Mập,,
vi_VN,VN,28,Dong Nai Province,Tỉnh Đồng Nai,Dak O Commune,Xã Đăk Ơ,,
vi_VN,VN,29,Ho Chi Minh City,Tp Hồ Chí Minh,Vung Tau Ward,Phường Vũng Tàu,,
vi_VN,VN,29,Ho Chi Minh City,Tp Hồ Chí Minh,Tam Thang Ward,Phường Tam Thắng,,
vi_VN,VN,29,Ho Chi Minh City,Tp Hồ Chí Minh,Rach Dua Ward,Phường Rạch Dừa,,
vi_VN,VN,29,Ho Chi Minh City,Tp Hồ Chí Minh,Phuoc Thang Ward,Phường Phước Thắng,,
vi_VN,VN,29,Ho Chi Minh City,Tp Hồ Chí Minh,Ba Ria Ward,Phường Bà Rịa,,
vi_VN,VN,29,Ho Chi Minh City,Tp Hồ Chí Minh,Long Huong Ward,Phường Long Hương,,
vi_VN,VN,29,Ho Chi Minh City,Tp Hồ Chí Minh,Phu My Ward,Phường Phú Mỹ,,
vi_VN,VN,29,Ho Chi Minh City,Tp Hồ Chí Minh,Tam Long Ward,Phường Tam Long,,
vi_VN,VN,29,Ho Chi Minh City,Tp Hồ Chí Minh,Tan Thanh Ward,Phường Tân Thành,,
vi_VN,VN,29,Ho Chi Minh City,Tp Hồ Chí Minh,Tan Phuoc Ward,Phường Tân Phước,,
vi_VN,VN,29,Ho Chi Minh City,Tp Hồ Chí Minh,Tan Hai Ward,Phường Tân Hải,,
vi_VN,VN,29,Ho Chi Minh City,Tp Hồ Chí Minh,Chau Pha Commune,Xã Châu Pha,,
vi_VN,VN,29,Ho Chi Minh City,Tp Hồ Chí Minh,Ngai Giao Commune,Xã Ngãi Giao,,
vi_VN,VN,29,Ho Chi Minh City,Tp Hồ Chí Minh,Binh Gia Commune,Xã Bình Giã,,
vi_VN,VN,29,Ho Chi Minh City,Tp Hồ Chí Minh,Kim Long Commune,Xã Kim Long,,
vi_VN,VN,29,Ho Chi Minh City,Tp Hồ Chí Minh,Chau Duc Commune,Xã Châu Đức,,
vi_VN,VN,29,Ho Chi Minh City,Tp Hồ Chí Minh,Xuan Son Commune,Xã Xuân Sơn,,
vi_VN,VN,29,Ho Chi Minh City,Tp Hồ Chí Minh,Nghia Thanh Commune,Xã Nghĩa Thành,,
vi_VN,VN,29,Ho Chi Minh City,Tp Hồ Chí Minh,Ho Tram Commune,Xã Hồ Tràm,,
vi_VN,VN,29,Ho Chi Minh City,Tp Hồ Chí Minh,Xuyen Moc Commune,Xã Xuyên Mộc,,
vi_VN,VN,29,Ho Chi Minh City,Tp Hồ Chí Minh,Hoa Hoi Commune,Xã Hòa Hội,,
vi_VN,VN,29,Ho Chi Minh City,Tp Hồ Chí Minh,Bau Lam Commune,Xã Bàu Lâm,,
vi_VN,VN,29,Ho Chi Minh City,Tp Hồ Chí Minh,Phuoc Hai Commune,Xã Phước Hải,,
vi_VN,VN,29,Ho Chi Minh City,Tp Hồ Chí Minh,Long Hai Commune,Xã Long Hải,,
vi_VN,VN,29,Ho Chi Minh City,Tp Hồ Chí Minh,Dat Do Commune,Xã Đất Đỏ,,
vi_VN,VN,29,Ho Chi Minh City,Tp Hồ Chí Minh,Long Dien Commune,Xã Long Điền,,
vi_VN,VN,29,Ho Chi Minh City,Tp Hồ Chí Minh,Con Dao Special Economic Zone,Đặc khu Côn Đảo,,
vi_VN,VN,29,Ho Chi Minh City,Tp Hồ Chí Minh,Dong Hoa Ward,Phường Đông Hoà,,
vi_VN,VN,29,Ho Chi Minh City,Tp Hồ Chí Minh,Di An Ward,Phường Dĩ An,,
vi_VN,VN,29,Ho Chi Minh City,Tp Hồ Chí Minh,Tan Dong Hiep Ward,Phường Tân Đông Hiệp,,
vi_VN,VN,29,Ho Chi Minh City,Tp Hồ Chí Minh,Thuan An Ward,Phường Thuận An,,
vi_VN,VN,29,Ho Chi Minh City,Tp Hồ Chí Minh,Thuan Giao Ward,Phường Thuận Giao,,
vi_VN,VN,29,Ho Chi Minh City,Tp Hồ Chí Minh,Binh Hoa Ward,Phường Bình Hoà,,
vi_VN,VN,29,Ho Chi Minh City,Tp Hồ Chí Minh,Lai Thieu Ward,Phường Lái Thiêu,,
vi_VN,VN,29,Ho Chi Minh City,Tp Hồ Chí Minh,An Phu Ward,Phường An Phú,,
vi_VN,VN,29,Ho Chi Minh City,Tp Hồ Chí Minh,Binh Duong Ward,Phường Bình Dương,,
vi_VN,VN,29,Ho Chi Minh City,Tp Hồ Chí Minh,Chanh Hiep Ward,Phường Chánh Hiệp,,
vi_VN,VN,29,Ho Chi Minh City,Tp Hồ Chí Minh,Thu Dau Mot Ward,Phường Thủ Dầu Một,,
vi_VN,VN,29,Ho Chi Minh City,Tp Hồ Chí Minh,Phu Loi Ward,Phường Phú Lợi,,
vi_VN,VN,29,Ho Chi Minh City,Tp Hồ Chí Minh,Vinh Tan Ward,Phường Vĩnh Tân,,
vi_VN,VN,29,Ho Chi Minh City,Tp Hồ Chí Minh,Binh Co Ward,Phường Bình Cơ,,
vi_VN,VN,29,Ho Chi Minh City,Tp Hồ Chí Minh,Tan Uyen Ward,Phường Tân Uyên,,
vi_VN,VN,29,Ho Chi Minh City,Tp Hồ Chí Minh,Tan Hiep Ward,Phường Tân Hiệp,,
vi_VN,VN,29,Ho Chi Minh City,Tp Hồ Chí Minh,Tan Khanh Ward,Phường Tân Khánh,,
vi_VN,VN,29,Ho Chi Minh City,Tp Hồ Chí Minh,Hoa Loi Ward,Phường Hoà Lợi,,
vi_VN,VN,29,Ho Chi Minh City,Tp Hồ Chí Minh,Phu An Ward,Phường Phú An,,
vi_VN,VN,29,Ho Chi Minh City,Tp Hồ Chí Minh,Tay Nam Ward,Phường Tây Nam,,
vi_VN,VN,29,Ho Chi Minh City,Tp Hồ Chí Minh,Long Nguyen Ward,Phường Long Nguyên,,
vi_VN,VN,29,Ho Chi Minh City,Tp Hồ Chí Minh,Ben Cat Ward,Phường Bến Cát,,
vi_VN,VN,29,Ho Chi Minh City,Tp Hồ Chí Minh,Ward Chanh Phu Hoa,Phường Chánh Phú Hoà,,
vi_VN,VN,29,Ho Chi Minh City,Tp Hồ Chí Minh,Bac Tan Uyen Commune,Xã Bắc Tân Uyên,,
vi_VN,VN,29,Ho Chi Minh City,Tp Hồ Chí Minh,Thuong Tan Commune,Xã Thường Tân,,
vi_VN,VN,29,Ho Chi Minh City,Tp Hồ Chí Minh,An Long Commune,Xã An Long,,
vi_VN,VN,29,Ho Chi Minh City,Tp Hồ Chí Minh,Phuoc Thanh Commune,Xã Phước Thành,,
vi_VN,VN,29,Ho Chi Minh City,Tp Hồ Chí Minh,Phuoc Hoa Commune,Xã Phước Hoà,,
vi_VN,VN,29,Ho Chi Minh City,Tp Hồ Chí Minh,Phu Giao Commune,Xã Phú Giáo,,
vi_VN,VN,29,Ho Chi Minh City,Tp Hồ Chí Minh,Tru Van Tho Commune,Xã Trừ Văn Thố,,
vi_VN,VN,29,Ho Chi Minh City,Tp Hồ Chí Minh,Bau Bang Commune,Xã Bàu Bàng,,
vi_VN,VN,29,Ho Chi Minh City,Tp Hồ Chí Minh,Minh Thanh Commune,Xã Minh Thạnh,,
vi_VN,VN,29,Ho Chi Minh City,Tp Hồ Chí Minh,Long Hoa Commune,Xã Long Hoà,,
vi_VN,VN,29,Ho Chi Minh City,Tp Hồ Chí Minh,Dau Tieng Commune,Xã Dầu Tiếng,,
vi_VN,VN,29,Ho Chi Minh City,Tp Hồ Chí Minh,Thanh An Commune,Xã Thanh An,,
vi_VN,VN,29,Ho Chi Minh City,Tp Hồ Chí Minh,Sai Gon Ward,Phường Sài Gòn,,
vi_VN,VN,29,Ho Chi Minh City,Tp Hồ Chí Minh,Tan Dinh Ward,Phường Tân Định,,
vi_VN,VN,29,Ho Chi Minh City,Tp Hồ Chí Minh,Ben Thanh Ward,Phường Bến Thành,,
vi_VN,VN,29,Ho Chi Minh City,Tp Hồ Chí Minh,Cau Ong Lanh Ward,Phường Cầu Ông Lãnh,,
vi_VN,VN,29,Ho Chi Minh City,Tp Hồ Chí Minh,Ban Co Ward,Phường Bàn Cờ,,
vi_VN,VN,29,Ho Chi Minh City,Tp Hồ Chí Minh,Xuan Hoa Ward,Phường Xuân Hoà,,
vi_VN,VN,29,Ho Chi Minh City,Tp Hồ Chí Minh,Nhieu Loc Ward,Phường Nhiêu Lộc,,
vi_VN,VN,29,Ho Chi Minh City,Tp Hồ Chí Minh,Xom Chieu Ward,Phường Xóm Chiếu,,
vi_VN,VN,29,Ho Chi Minh City,Tp Hồ Chí Minh,Khanh Hoi Ward,Phường Khánh Hội,,
vi_VN,VN,29,Ho Chi Minh City,Tp Hồ Chí Minh,Vinh Hoi Ward,Phường Vĩnh Hội,,
vi_VN,VN,29,Ho Chi Minh City,Tp Hồ Chí Minh,Cho Quan Ward,Phường Chợ Quán,,
vi_VN,VN,29,Ho Chi Minh City,Tp Hồ Chí Minh,An Dong Ward,Phường An Đông,,
vi_VN,VN,29,Ho Chi Minh City,Tp Hồ Chí Minh,Cho Lon Ward,Phường Chợ Lớn,,
vi_VN,VN,29,Ho Chi Minh City,Tp Hồ Chí Minh,Binh Tay Ward,Phường Bình Tây,,
vi_VN,VN,29,Ho Chi Minh City,Tp Hồ Chí Minh,Binh Tien Ward,Phường Bình Tiên,,
vi_VN,VN,29,Ho Chi Minh City,Tp Hồ Chí Minh,Binh Phu Ward,Phường Bình Phú,,
vi_VN,VN,29,Ho Chi Minh City,Tp Hồ Chí Minh,Phu Lam Ward,Phường Phú Lâm,,
vi_VN,VN,29,Ho Chi Minh City,Tp Hồ Chí Minh,Tan Thuan Ward,Phường Tân Thuận,,
vi_VN,VN,29,Ho Chi Minh City,Tp Hồ Chí Minh,Phu Thuan Ward,Phường Phú Thuận,,
vi_VN,VN,29,Ho Chi Minh City,Tp Hồ Chí Minh,Tan My Ward,Phường Tân Mỹ,,
vi_VN,VN,29,Ho Chi Minh City,Tp Hồ Chí Minh,Tan Hung Ward,Phường Tân Hưng,,
vi_VN,VN,29,Ho Chi Minh City,Tp Hồ Chí Minh,Chanh Hung Ward,Phường Chánh Hưng,,
vi_VN,VN,29,Ho Chi Minh City,Tp Hồ Chí Minh,Phu Dinh Ward,Phường Phú Định,,
vi_VN,VN,29,Ho Chi Minh City,Tp Hồ Chí Minh,Binh Dong Ward,Phường Bình Đông,,
vi_VN,VN,29,Ho Chi Minh City,Tp Hồ Chí Minh,Dien Hong Ward,Phường Diên Hồng,,
vi_VN,VN,29,Ho Chi Minh City,Tp Hồ Chí Minh,Vuon Lai Ward,Phường Vườn Lài,,
vi_VN,VN,29,Ho Chi Minh City,Tp Hồ Chí Minh,Hoa Hung Ward,Phường Hoà Hưng,,
vi_VN,VN,29,Ho Chi Minh City,Tp Hồ Chí Minh,Minh Phung Ward,Phường Minh Phụng,,
vi_VN,VN,29,Ho Chi Minh City,Tp Hồ Chí Minh,Binh Thoi Ward,Phường Bình Thới,,
vi_VN,VN,29,Ho Chi Minh City,Tp Hồ Chí Minh,Hoa Binh Ward,Phường Hoà Bình,,
vi_VN,VN,29,Ho Chi Minh City,Tp Hồ Chí Minh,Phu Tho Ward,Phường Phú Thọ,,
vi_VN,VN,29,Ho Chi Minh City,Tp Hồ Chí Minh,Dong Hung Thuan Ward,Phường Đông Hưng Thuận,,
vi_VN,VN,29,Ho Chi Minh City,Tp Hồ Chí Minh,Trung My Tay Ward,Phường Trung Mỹ Tây,,
vi_VN,VN,29,Ho Chi Minh City,Tp Hồ Chí Minh,Tan Thoi Hiep Ward,Phường Tân Thới Hiệp,,
vi_VN,VN,29,Ho Chi Minh City,Tp Hồ Chí Minh,Thoi An Ward,Phường Thới An,,
vi_VN,VN,29,Ho Chi Minh City,Tp Hồ Chí Minh,An Phu Dong Ward,Phường An Phú Đông,,
vi_VN,VN,29,Ho Chi Minh City,Tp Hồ Chí Minh,An Lac Ward,Phường An Lạc,,
vi_VN,VN,29,Ho Chi Minh City,Tp Hồ Chí Minh,Tan Tao Ward,Phường Tân Tạo,,
vi_VN,VN,29,Ho Chi Minh City,Tp Hồ Chí Minh,Binh Tan Ward,Phường Bình Tân,,
vi_VN,VN,29,Ho Chi Minh City,Tp Hồ Chí Minh,Binh Tri Dong Ward,Phường Bình Trị Đông,,
vi_VN,VN,29,Ho Chi Minh City,Tp Hồ Chí Minh,Binh Hung Hoa Ward,Phường Bình Hưng Hoà,,
vi_VN,VN,29,Ho Chi Minh City,Tp Hồ Chí Minh,Gia Dinh Ward,Phường Gia Định,,
vi_VN,VN,29,Ho Chi Minh City,Tp Hồ Chí Minh,Binh Thanh Ward,Phường Bình Thạnh,,
vi_VN,VN,29,Ho Chi Minh City,Tp Hồ Chí Minh,Binh Loi Trung Ward,Phường Bình Lợi Trung,,
vi_VN,VN,29,Ho Chi Minh City,Tp Hồ Chí Minh,Thanh My Tay Ward,Phường Thạnh Mỹ Tây,,
vi_VN,VN,29,Ho Chi Minh City,Tp Hồ Chí Minh,Binh Quoi Ward,Phường Bình Quới,,
vi_VN,VN,29,Ho Chi Minh City,Tp Hồ Chí Minh,Hanh Thong Ward,Phường Hạnh Thông,,
vi_VN,VN,29,Ho Chi Minh City,Tp Hồ Chí Minh,An Nhon Ward,Phường An Nhơn,,
vi_VN,VN,29,Ho Chi Minh City,Tp Hồ Chí Minh,Go Vap Ward,Phường Gò Vấp,,
vi_VN,VN,29,Ho Chi Minh City,Tp Hồ Chí Minh,An Hoi Dong Ward,Phường An Hội Đông,,
vi_VN,VN,29,Ho Chi Minh City,Tp Hồ Chí Minh,Thong Tay Hoi Ward,Phường Thông Tây Hội,,
vi_VN,VN,29,Ho Chi Minh City,Tp Hồ Chí Minh,An Hoi Tay Ward,Phường An Hội Tây,,
vi_VN,VN,29,Ho Chi Minh City,Tp Hồ Chí Minh,Duc Nhuan Ward,Phường Đức Nhuận,,
vi_VN,VN,29,Ho Chi Minh City,Tp Hồ Chí Minh,Cau Kieu Ward,Phường Cầu Kiệu,,
vi_VN,VN,29,Ho Chi Minh City,Tp Hồ Chí Minh,Phu Nhuan Ward,Phường Phú Nhuận,,
vi_VN,VN,29,Ho Chi Minh City,Tp Hồ Chí Minh,Tan Son Hoa Ward,Phường Tân Sơn Hoà,,
vi_VN,VN,29,Ho Chi Minh City,Tp Hồ Chí Minh,Tan Son Nhat Ward,Phường Tân Sơn Nhất,,
vi_VN,VN,29,Ho Chi Minh City,Tp Hồ Chí Minh,Tan Hoa Ward,Phường Tân Hoà,,
vi_VN,VN,29,Ho Chi Minh City,Tp Hồ Chí Minh,Bay Hien Ward,Phường Bảy Hiền,,
vi_VN,VN,29,Ho Chi Minh City,Tp Hồ Chí Minh,Tan Binh Ward,Phường Tân Bình,,
vi_VN,VN,29,Ho Chi Minh City,Tp Hồ Chí Minh,Tan Son Ward,Phường Tân Sơn,,
vi_VN,VN,29,Ho Chi Minh City,Tp Hồ Chí Minh,Tay Thanh Ward,Phường Tây Thạnh,,
vi_VN,VN,29,Ho Chi Minh City,Tp Hồ Chí Minh,Tan Son Nhi Ward,Phường Tân Sơn Nhì,,
vi_VN,VN,29,Ho Chi Minh City,Tp Hồ Chí Minh,Phu Tho Hoa Ward,Phường Phú Thọ Hoà,,
vi_VN,VN,29,Ho Chi Minh City,Tp Hồ Chí Minh,Tan Phu Ward,Phường Tân Phú,,
vi_VN,VN,29,Ho Chi Minh City,Tp Hồ Chí Minh,Phu Thanh Ward,Phường Phú Thạnh,,
vi_VN,VN,29,Ho Chi Minh City,Tp Hồ Chí Minh,Hiep Binh Ward,Phường Hiệp Bình,,
vi_VN,VN,29,Ho Chi Minh City,Tp Hồ Chí Minh,Thu Duc Ward,Phường Thủ Đức,,
vi_VN,VN,29,Ho Chi Minh City,Tp Hồ Chí Minh,Tam Binh Ward,Phường Tam Bình,,
vi_VN,VN,29,Ho Chi Minh City,Tp Hồ Chí Minh,Linh Xuan Ward,Phường Linh Xuân,,
vi_VN,VN,29,Ho Chi Minh City,Tp Hồ Chí Minh,Tang Nhon Phu Ward,Phường Tăng Nhơn Phú,,
vi_VN,VN,29,Ho Chi Minh City,Tp Hồ Chí Minh,Long Binh Ward,Phường Long Bình,,
vi_VN,VN,29,Ho Chi Minh City,Tp Hồ Chí Minh,Long Phuoc Ward,Phường Long Phước,,
vi_VN,VN,29,Ho Chi Minh City,Tp Hồ Chí Minh,Long Truong Ward,Phường Long Trường,,
vi_VN,VN,29,Ho Chi Minh City,Tp Hồ Chí Minh,Cat Lai Ward,Phường Cát Lái,,
vi_VN,VN,29,Ho Chi Minh City,Tp Hồ Chí Minh,Binh Trung Ward,Phường Bình Trưng,,
vi_VN,VN,29,Ho Chi Minh City,Tp Hồ Chí Minh,Phuoc Long Ward,Phường Phước Long,,
vi_VN,VN,29,Ho Chi Minh City,Tp Hồ Chí Minh,An Khanh Ward,Phường An Khánh,,
vi_VN,VN,29,Ho Chi Minh City,Tp Hồ Chí Minh,Vinh Loc Commune,Xã Vĩnh Lộc,,
vi_VN,VN,29,Ho Chi Minh City,Tp Hồ Chí Minh,Tan Vinh Loc Commune,Xã Tân Vĩnh Lộc,,
vi_VN,VN,29,Ho Chi Minh City,Tp Hồ Chí Minh,Binh Loi Commune,Xã Bình Lợi,,
vi_VN,VN,29,Ho Chi Minh City,Tp Hồ Chí Minh,Tan Nhat Commune,Xã Tân Nhựt,,
vi_VN,VN,29,Ho Chi Minh City,Tp Hồ Chí Minh,Binh Chanh Commune,Xã Bình Chánh,,
vi_VN,VN,29,Ho Chi Minh City,Tp Hồ Chí Minh,Hung Long Commune,Xã Hưng Long,,
vi_VN,VN,29,Ho Chi Minh City,Tp Hồ Chí Minh,Binh Hung Commune,Xã Bình Hưng,,
vi_VN,VN,29,Ho Chi Minh City,Tp Hồ Chí Minh,Binh Khanh Commune,Xã Bình Khánh,,
vi_VN,VN,29,Ho Chi Minh City,Tp Hồ Chí Minh,An Thoi Dong Commune,Xã An Thới Đông,,
vi_VN,VN,29,Ho Chi Minh City,Tp Hồ Chí Minh,Can Gio Commune,Xã Cần Giờ,,
vi_VN,VN,29,Ho Chi Minh City,Tp Hồ Chí Minh,Cu Chi Commune,Xã Củ Chi,,
vi_VN,VN,29,Ho Chi Minh City,Tp Hồ Chí Minh,Tan An Hoi Commune,Xã Tân An Hội,,
vi_VN,VN,29,Ho Chi Minh City,Tp Hồ Chí Minh,Thai My Commune,Xã Thái Mỹ,,
vi_VN,VN,29,Ho Chi Minh City,Tp Hồ Chí Minh,An Nhon Tay Commune,Xã An Nhơn Tây,,
vi_VN,VN,29,Ho Chi Minh City,Tp Hồ Chí Minh,Nhuan Duc Commune,Xã Nhuận Đức,,
vi_VN,VN,29,Ho Chi Minh City,Tp Hồ Chí Minh,Phu Hoa Dong Commune,Xã Phú Hoà Đông,,
vi_VN,VN,29,Ho Chi Minh City,Tp Hồ Chí Minh,Binh My Commune,Xã Bình Mỹ,,
vi_VN,VN,29,Ho Chi Minh City,Tp Hồ Chí Minh,Dong Thanh Commune,Xã Đông Thạnh,,
vi_VN,VN,29,Ho Chi Minh City,Tp Hồ Chí Minh,Hoc Mon Commune,Xã Hóc Môn,,
vi_VN,VN,29,Ho Chi Minh City,Tp Hồ Chí Minh,Xuan Thoi Son Commune,Xã Xuân Thới Sơn,,
vi_VN,VN,29,Ho Chi Minh City,Tp Hồ Chí Minh,Ba Diem Commune,Xã Bà Điểm,,
vi_VN,VN,29,Ho Chi Minh City,Tp Hồ Chí Minh,Nha Be Commune,Xã Nhà Bè,,
vi_VN,VN,29,Ho Chi Minh City,Tp Hồ Chí Minh,Hiep Phuoc Commune,Xã Hiệp Phước,,
vi_VN,VN,29,Ho Chi Minh City,Tp Hồ Chí Minh,Long Son Commune,Xã Long Sơn,,
vi_VN,VN,29,Ho Chi Minh City,Tp Hồ Chí Minh,Hoa Hiep Commune,Xã Hòa Hiệp,,
vi_VN,VN,29,Ho Chi Minh City,Tp Hồ Chí Minh,Binh Chau Commune,Xã Bình Châu,,
vi_VN,VN,29,Ho Chi Minh City,Tp Hồ Chí Minh,Thoi Hoa Ward,Phường Thới Hoà,,
vi_VN,VN,29,Ho Chi Minh City,Tp Hồ Chí Minh,Thanh An Commune,Xã Thạnh An,,
vi_VN,VN,30,Vinh Long Province,Tỉnh Vĩnh Long,Tra Vinh Ward,Phường Trà Vinh,,
vi_VN,VN,30,Vinh Long Province,Tỉnh Vĩnh Long,Cai Nhum Commune,Xã Cái Nhum,,
vi_VN,VN,30,Vinh Long Province,Tỉnh Vĩnh Long,Long Duc Ward,Phường Long Đức,,
vi_VN,VN,30,Vinh Long Province,Tỉnh Vĩnh Long,Tan Long Hoi Commune,Xã Tân Long Hội,,
vi_VN,VN,30,Vinh Long Province,Tỉnh Vĩnh Long,Nguyet Hoa Ward,Phường Nguyệt Hóa,,
vi_VN,VN,30,Vinh Long Province,Tỉnh Vĩnh Long,Nhon Phu Commune,Xã Nhơn Phú,,
vi_VN,VN,30,Vinh Long Province,Tỉnh Vĩnh Long,Hoa Thuan Ward,Phường Hòa Thuận,,
vi_VN,VN,30,Vinh Long Province,Tỉnh Vĩnh Long,Binh Phuoc Commune,Xã Bình Phước,,
vi_VN,VN,30,Vinh Long Province,Tỉnh Vĩnh Long,Cang Long Commune,Xã Càng Long,,
vi_VN,VN,30,Vinh Long Province,Tỉnh Vĩnh Long,An Binh Commune,Xã An Bình,,
vi_VN,VN,30,Vinh Long Province,Tỉnh Vĩnh Long,An Truong Commune,Xã An Trường,,
vi_VN,VN,30,Vinh Long Province,Tỉnh Vĩnh Long,Long Ho Commune,Xã Long Hồ,,
vi_VN,VN,30,Vinh Long Province,Tỉnh Vĩnh Long,Tan An Commune,Xã Tân An,,
vi_VN,VN,30,Vinh Long Province,Tỉnh Vĩnh Long,Phu Quoi Commune,Xã Phú Quới,,
vi_VN,VN,30,Vinh Long Province,Tỉnh Vĩnh Long,Nhi Long Commune,Xã Nhị Long,,
vi_VN,VN,30,Vinh Long Province,Tỉnh Vĩnh Long,Thanh Duc Ward,Phường Thanh Đức,,
vi_VN,VN,30,Vinh Long Province,Tỉnh Vĩnh Long,Binh Phu Commune,Xã Bình Phú,,
vi_VN,VN,30,Vinh Long Province,Tỉnh Vĩnh Long,Long Chau Ward,Phường Long Châu,,
vi_VN,VN,30,Vinh Long Province,Tỉnh Vĩnh Long,Chau Thanh Commune,Xã Châu Thành,,
vi_VN,VN,30,Vinh Long Province,Tỉnh Vĩnh Long,Phuoc Hau Ward,Phường Phước Hậu,,
vi_VN,VN,30,Vinh Long Province,Tỉnh Vĩnh Long,Song Loc Commune,Xã Song Lộc,,
vi_VN,VN,30,Vinh Long Province,Tỉnh Vĩnh Long,Tan Hanh Ward,Phường Tân Hạnh,,
vi_VN,VN,30,Vinh Long Province,Tỉnh Vĩnh Long,Hung My Commune,Xã Hưng Mỹ,,
vi_VN,VN,30,Vinh Long Province,Tỉnh Vĩnh Long,Tan Ngai Ward,Phường Tân Ngãi,,
vi_VN,VN,30,Vinh Long Province,Tỉnh Vĩnh Long,Hoa Minh Commune,Xã Hòa Minh,,
vi_VN,VN,30,Vinh Long Province,Tỉnh Vĩnh Long,Quoi Thien Commune,Xã Quới Thiện,,
vi_VN,VN,30,Vinh Long Province,Tỉnh Vĩnh Long,Long Hoa Commune,Xã Long Hòa,,
vi_VN,VN,30,Vinh Long Province,Tỉnh Vĩnh Long,Trung Thanh Commune,Xã Trung Thành,,
vi_VN,VN,30,Vinh Long Province,Tỉnh Vĩnh Long,Cau Ke Commune,Xã Cầu Kè,,
vi_VN,VN,30,Vinh Long Province,Tỉnh Vĩnh Long,Trung Ngai Commune,Xã Trung Ngãi,,
vi_VN,VN,30,Vinh Long Province,Tỉnh Vĩnh Long,Phong Thanh Commune,Xã Phong Thạnh,,
vi_VN,VN,30,Vinh Long Province,Tỉnh Vĩnh Long,Quoi An Commune,Xã Quới An,,
vi_VN,VN,30,Vinh Long Province,Tỉnh Vĩnh Long,An Phu Tan Commune,Xã An Phú Tân,,
vi_VN,VN,30,Vinh Long Province,Tỉnh Vĩnh Long,Trung Hiep Commune,Xã Trung Hiệp,,
vi_VN,VN,30,Vinh Long Province,Tỉnh Vĩnh Long,Tam Ngai Commune,Xã Tam Ngãi,,
vi_VN,VN,30,Vinh Long Province,Tỉnh Vĩnh Long,Hieu Phung Commune,Xã Hiếu Phụng,,
vi_VN,VN,30,Vinh Long Province,Tỉnh Vĩnh Long,Tieu Can Commune,Xã Tiểu Cần,,
vi_VN,VN,30,Vinh Long Province,Tỉnh Vĩnh Long,Hieu Thanh Commune,Xã Hiếu Thành,,
vi_VN,VN,30,Vinh Long Province,Tỉnh Vĩnh Long,Tan Hoa Commune,Xã Tân Hòa,,
vi_VN,VN,30,Vinh Long Province,Tỉnh Vĩnh Long,Luc Sy Thanh Commune,Xã Lục Sỹ Thành,,
vi_VN,VN,30,Vinh Long Province,Tỉnh Vĩnh Long,Hung Hoa Commune,Xã Hùng Hòa,,
vi_VN,VN,30,Vinh Long Province,Tỉnh Vĩnh Long,Tra On Commune,Xã Trà Ôn,,
vi_VN,VN,30,Vinh Long Province,Tỉnh Vĩnh Long,Tap Ngai Commune,Xã Tập Ngãi,,
vi_VN,VN,30,Vinh Long Province,Tỉnh Vĩnh Long,Tra Con Commune,Xã Trà Côn,,
vi_VN,VN,30,Vinh Long Province,Tỉnh Vĩnh Long,Cau Ngang Commune,Xã Cầu Ngang,,
vi_VN,VN,30,Vinh Long Province,Tỉnh Vĩnh Long,Vinh Xuan Commune,Xã Vĩnh Xuân,,
vi_VN,VN,30,Vinh Long Province,Tỉnh Vĩnh Long,My Long Commune,Xã Mỹ Long,,
vi_VN,VN,30,Vinh Long Province,Tỉnh Vĩnh Long,Hoa Binh Commune,Xã Hòa Bình,,
vi_VN,VN,30,Vinh Long Province,Tỉnh Vĩnh Long,Vinh Kim Commune,Xã Vinh Kim,,
vi_VN,VN,30,Vinh Long Province,Tỉnh Vĩnh Long,Hoa Hiep Commune,Xã Hòa Hiệp,,
vi_VN,VN,30,Vinh Long Province,Tỉnh Vĩnh Long,Nhi Truong Commune,Xã Nhị Trường,,
vi_VN,VN,30,Vinh Long Province,Tỉnh Vĩnh Long,Tam Binh Commune,Xã Tam Bình,,
vi_VN,VN,30,Vinh Long Province,Tỉnh Vĩnh Long,Hiep My Commune,Xã Hiệp Mỹ,,
vi_VN,VN,30,Vinh Long Province,Tỉnh Vĩnh Long,Ngai Tu Commune,Xã Ngãi Tứ,,
vi_VN,VN,30,Vinh Long Province,Tỉnh Vĩnh Long,Tra Cu Commune,Xã Trà Cú,,
vi_VN,VN,30,Vinh Long Province,Tỉnh Vĩnh Long,Song Phu Commune,Xã Song Phú,,
vi_VN,VN,30,Vinh Long Province,Tỉnh Vĩnh Long,Liu Nghiep Anh Commune,Xã Lưu Nghiệp Anh,,
vi_VN,VN,30,Vinh Long Province,Tỉnh Vĩnh Long,Cai Ngang Commune,Xã Cái Ngang,,
vi_VN,VN,30,Vinh Long Province,Tỉnh Vĩnh Long,Dai An Commune,Xã Đại An,,
vi_VN,VN,30,Vinh Long Province,Tỉnh Vĩnh Long,Tan Quoi Commune,Xã Tân Quới,,
vi_VN,VN,30,Vinh Long Province,Tỉnh Vĩnh Long,Ham Giang Commune,Xã Hàm Giang,,
vi_VN,VN,30,Vinh Long Province,Tỉnh Vĩnh Long,Tan Luoc Commune,Xã Tân Lược,,
vi_VN,VN,30,Vinh Long Province,Tỉnh Vĩnh Long,Long Hiep Commune,Xã Long Hiệp,,
vi_VN,VN,30,Vinh Long Province,Tỉnh Vĩnh Long,My Thuan Commune,Xã Mỹ Thuận,,
vi_VN,VN,30,Vinh Long Province,Tỉnh Vĩnh Long,Tap Son Commune,Xã Tập Sơn,,
vi_VN,VN,30,Vinh Long Province,Tỉnh Vĩnh Long,Binh Minh Ward,Phường Bình Minh,,
vi_VN,VN,30,Vinh Long Province,Tỉnh Vĩnh Long,Duyen Hai Ward,Phường Duyên Hải,,
vi_VN,VN,30,Vinh Long Province,Tỉnh Vĩnh Long,Cai Von Ward,Phường Cái Vồn,,
vi_VN,VN,30,Vinh Long Province,Tỉnh Vĩnh Long,Truong Long Hoa Ward,Phường Trường Long Hòa,,
vi_VN,VN,30,Vinh Long Province,Tỉnh Vĩnh Long,Dong Thanh Ward,Phường Đông Thành,,
vi_VN,VN,30,Vinh Long Province,Tỉnh Vĩnh Long,Long Huu Commune,Xã Long Hữu,,
vi_VN,VN,30,Vinh Long Province,Tỉnh Vĩnh Long,Long Thanh Commune,Xã Long Thành,,
vi_VN,VN,30,Vinh Long Province,Tỉnh Vĩnh Long,Dong Hai Commune,Xã Đông Hải,,
vi_VN,VN,30,Vinh Long Province,Tỉnh Vĩnh Long,Long Vinh Commune,Xã Long Vĩnh,,
vi_VN,VN,30,Vinh Long Province,Tỉnh Vĩnh Long,Don Chau Commune,Xã Đôn Châu,,
vi_VN,VN,30,Vinh Long Province,Tỉnh Vĩnh Long,Ngu Lac Commune,Xã Ngũ Lạc,,
vi_VN,VN,30,Vinh Long Province,Tỉnh Vĩnh Long,An Hoi Ward,Phường An Hội,,
vi_VN,VN,30,Vinh Long Province,Tỉnh Vĩnh Long,Phu Khuong Ward,Phường Phú Khương,,
vi_VN,VN,30,Vinh Long Province,Tỉnh Vĩnh Long,Ben Tre Ward,Phường Bến Tre,,
vi_VN,VN,30,Vinh Long Province,Tỉnh Vĩnh Long,Son Dong Ward,Phường Sơn Đông,,
vi_VN,VN,30,Vinh Long Province,Tỉnh Vĩnh Long,Phu Tan Ward,Phường Phú Tân,,
vi_VN,VN,30,Vinh Long Province,Tỉnh Vĩnh Long,Phu Tuc Commune,Xã Phú Túc,,
vi_VN,VN,30,Vinh Long Province,Tỉnh Vĩnh Long,Giao Long Commune,Xã Giao Long,,
vi_VN,VN,30,Vinh Long Province,Tỉnh Vĩnh Long,Tien Thuy Commune,Xã Tiên Thủy,,
vi_VN,VN,30,Vinh Long Province,Tỉnh Vĩnh Long,Tan Phu Commune,Xã Tân Phú,,
vi_VN,VN,30,Vinh Long Province,Tỉnh Vĩnh Long,Phu Phung Commune,Xã Phú Phụng,,
vi_VN,VN,30,Vinh Long Province,Tỉnh Vĩnh Long,Cho Lach Commune,Xã Chợ Lách,,
vi_VN,VN,30,Vinh Long Province,Tỉnh Vĩnh Long,Vinh Thanh Commune,Xã Vĩnh Thành,,
vi_VN,VN,30,Vinh Long Province,Tỉnh Vĩnh Long,Hung Khanh Trung Commune,Xã Hưng Khánh Trung,,
vi_VN,VN,30,Vinh Long Province,Tỉnh Vĩnh Long,Phuoc My Trung Commune,Xã Phước Mỹ Trung,,
vi_VN,VN,30,Vinh Long Province,Tỉnh Vĩnh Long,Tan Thanh Binh Commune,Xã Tân Thành Bình,,
vi_VN,VN,30,Vinh Long Province,Tỉnh Vĩnh Long,Nhuan Phu Tan Commune,Xã Nhuận Phú Tân,,
vi_VN,VN,30,Vinh Long Province,Tỉnh Vĩnh Long,Dong Khoi Commune,Xã Đồng Khởi,,
vi_VN,VN,30,Vinh Long Province,Tỉnh Vĩnh Long,Mo Cay Commune,Xã Mỏ Cày,,
vi_VN,VN,30,Vinh Long Province,Tỉnh Vĩnh Long,Thanh Thoi Commune,Xã Thành Thới,,
vi_VN,VN,30,Vinh Long Province,Tỉnh Vĩnh Long,An Dinh Commune,Xã An Định,,
vi_VN,VN,30,Vinh Long Province,Tỉnh Vĩnh Long,Huong My Commune,Xã Hương Mỹ,,
vi_VN,VN,30,Vinh Long Province,Tỉnh Vĩnh Long,Dai Dien Commune,Xã Đại Điền,,
vi_VN,VN,30,Vinh Long Province,Tỉnh Vĩnh Long,Quoi Dien Commune,Xã Quới Điền,,
vi_VN,VN,30,Vinh Long Province,Tỉnh Vĩnh Long,Thanh Phu Commune,Xã Thạnh Phú,,
vi_VN,VN,30,Vinh Long Province,Tỉnh Vĩnh Long,An Qui Commune,Xã An Qui,,
vi_VN,VN,30,Vinh Long Province,Tỉnh Vĩnh Long,Thanh Hai Commune,Xã Thạnh Hải,,
vi_VN,VN,30,Vinh Long Province,Tỉnh Vĩnh Long,Thanh Phong Commune,Xã Thạnh Phong,,
vi_VN,VN,30,Vinh Long Province,Tỉnh Vĩnh Long,Tan Thuy Commune,Xã Tân Thủy,,
vi_VN,VN,30,Vinh Long Province,Tỉnh Vĩnh Long,Bao Thanh Commune,Xã Bảo Thạnh,,
vi_VN,VN,30,Vinh Long Province,Tỉnh Vĩnh Long,Ba Tri Commune,Xã Ba Tri,,
vi_VN,VN,30,Vinh Long Province,Tỉnh Vĩnh Long,Tan Xuan Commune,Xã Tân Xuân,,
vi_VN,VN,30,Vinh Long Province,Tỉnh Vĩnh Long,My Chanh Hoa Commune,Xã Mỹ Chánh Hòa,,
vi_VN,VN,30,Vinh Long Province,Tỉnh Vĩnh Long,An Ngai Trung Commune,Xã An Ngãi Trung,,
vi_VN,VN,30,Vinh Long Province,Tỉnh Vĩnh Long,An Hiep Commune,Xã An Hiệp,,
vi_VN,VN,30,Vinh Long Province,Tỉnh Vĩnh Long,Hung Nhuong Commune,Xã Hưng Nhượng,,
vi_VN,VN,30,Vinh Long Province,Tỉnh Vĩnh Long,Giong Trom Commune,Xã Giồng Trôm,,
vi_VN,VN,30,Vinh Long Province,Tỉnh Vĩnh Long,Tan Hao Commune,Xã Tân Hào,,
vi_VN,VN,30,Vinh Long Province,Tỉnh Vĩnh Long,Phuoc Long Commune,Xã Phước Long,,
vi_VN,VN,30,Vinh Long Province,Tỉnh Vĩnh Long,Luong Phu Commune,Xã Lương Phú,,
vi_VN,VN,30,Vinh Long Province,Tỉnh Vĩnh Long,Chau Hoa Commune,Xã Châu Hòa,,
vi_VN,VN,30,Vinh Long Province,Tỉnh Vĩnh Long,Luong Hoa Commune,Xã Lương Hòa,,
vi_VN,VN,30,Vinh Long Province,Tỉnh Vĩnh Long,Thoi Thuan Commune,Xã Thới Thuận,,
vi_VN,VN,30,Vinh Long Province,Tỉnh Vĩnh Long,Thanh Phuoc Commune,Xã Thạnh Phước,,
vi_VN,VN,30,Vinh Long Province,Tỉnh Vĩnh Long,Binh Dai Commune,Xã Bình Đại,,
vi_VN,VN,30,Vinh Long Province,Tỉnh Vĩnh Long,Thanh Tri Commune,Xã Thạnh Trị,,
vi_VN,VN,30,Vinh Long Province,Tỉnh Vĩnh Long,Loc Thuan Commune,Xã Lộc Thuận,,
vi_VN,VN,30,Vinh Long Province,Tỉnh Vĩnh Long,Chau Hung Commune,Xã Châu Hưng,,
vi_VN,VN,30,Vinh Long Province,Tỉnh Vĩnh Long,Phu Thuan Commune,Xã Phú Thuận,,
vi_VN,VN,31,Dong Thap Province,Tỉnh Đồng Tháp,My Tho Ward,Phường Mỹ Tho,,
vi_VN,VN,31,Dong Thap Province,Tỉnh Đồng Tháp,Dao Thanh Ward,Phường Đạo Thạnh,,
vi_VN,VN,31,Dong Thap Province,Tỉnh Đồng Tháp,My Phong Ward,Phường Mỹ Phong,,
vi_VN,VN,31,Dong Thap Province,Tỉnh Đồng Tháp,Thoi Son Ward,Phường Thới Sơn,,
vi_VN,VN,31,Dong Thap Province,Tỉnh Đồng Tháp,Trung An Ward,Phường Trung An,,
vi_VN,VN,31,Dong Thap Province,Tỉnh Đồng Tháp,Go Cong Ward,Phường Gò Công,,
vi_VN,VN,31,Dong Thap Province,Tỉnh Đồng Tháp,Long Thuan Ward,Phường Long Thuận,,
vi_VN,VN,31,Dong Thap Province,Tỉnh Đồng Tháp,Son Qui Ward,Phường Sơn Qui,,
vi_VN,VN,31,Dong Thap Province,Tỉnh Đồng Tháp,Binh Xuan Ward,Phường Bình Xuân,,
vi_VN,VN,31,Dong Thap Province,Tỉnh Đồng Tháp,My Phuoc Tay Ward,Phường Mỹ Phước Tây,,
vi_VN,VN,31,Dong Thap Province,Tỉnh Đồng Tháp,Thanh Hoa Ward,Phường Thanh Hoà,,
vi_VN,VN,31,Dong Thap Province,Tỉnh Đồng Tháp,Cai Lay Ward,Phường Cai Lậy,,
vi_VN,VN,31,Dong Thap Province,Tỉnh Đồng Tháp,Nhi Quy Ward,Phường Nhị Quý,,
vi_VN,VN,31,Dong Thap Province,Tỉnh Đồng Tháp,Tan Phu Commune,Xã Tân Phú,,
vi_VN,VN,31,Dong Thap Province,Tỉnh Đồng Tháp,Thanh Hung Commune,Xã Thanh Hưng,,
vi_VN,VN,31,Dong Thap Province,Tỉnh Đồng Tháp,An Huu Commune,Xã An Hữu,,
vi_VN,VN,31,Dong Thap Province,Tỉnh Đồng Tháp,My Loi Commune,Xã Mỹ Lợi,,
vi_VN,VN,31,Dong Thap Province,Tỉnh Đồng Tháp,My Duc Tay Commune,Xã Mỹ Đức Tây,,
vi_VN,VN,31,Dong Thap Province,Tỉnh Đồng Tháp,My Thien Commune,Xã Mỹ Thiện,,
vi_VN,VN,31,Dong Thap Province,Tỉnh Đồng Tháp,Hau My Commune,Xã Hậu Mỹ,,
vi_VN,VN,31,Dong Thap Province,Tỉnh Đồng Tháp,Hoi Cu Commune,Xã Hội Cư,,
vi_VN,VN,31,Dong Thap Province,Tỉnh Đồng Tháp,Cai Be Commune,Xã Cái Bè,,
vi_VN,VN,31,Dong Thap Province,Tỉnh Đồng Tháp,Binh Phu Commune,Xã Bình Phú,,
vi_VN,VN,31,Dong Thap Province,Tỉnh Đồng Tháp,Hiep Duc Commune,Xã Hiệp Đức,,
vi_VN,VN,31,Dong Thap Province,Tỉnh Đồng Tháp,Ngu Hiep Commune,Xã Ngũ Hiệp,,
vi_VN,VN,31,Dong Thap Province,Tỉnh Đồng Tháp,Long Tien Commune,Xã Long Tiên,,
vi_VN,VN,31,Dong Thap Province,Tỉnh Đồng Tháp,My Thanh Commune,Xã Mỹ Thành,,
vi_VN,VN,31,Dong Thap Province,Tỉnh Đồng Tháp,Thanh Phu Commune,Xã Thạnh Phú,,
vi_VN,VN,31,Dong Thap Province,Tỉnh Đồng Tháp,Tan Phuoc 1 Commune,Xã Tân Phước 1,,
vi_VN,VN,31,Dong Thap Province,Tỉnh Đồng Tháp,Tan Phuoc 2 Commune,Xã Tân Phước 2,,
vi_VN,VN,31,Dong Thap Province,Tỉnh Đồng Tháp,Tan Phuoc 3 Commune,Xã Tân Phước 3,,
vi_VN,VN,31,Dong Thap Province,Tỉnh Đồng Tháp,Hung Thanh Commune,Xã Hưng Thạnh,,
vi_VN,VN,31,Dong Thap Province,Tỉnh Đồng Tháp,Tan Huong Commune,Xã Tân Hương,,
vi_VN,VN,31,Dong Thap Province,Tỉnh Đồng Tháp,Chau Thanh Commune,Xã Châu Thành,,
vi_VN,VN,31,Dong Thap Province,Tỉnh Đồng Tháp,Long Hung Commune,Xã Long Hưng,,
vi_VN,VN,31,Dong Thap Province,Tỉnh Đồng Tháp,Long Dinh Commune,Xã Long Định,,
vi_VN,VN,31,Dong Thap Province,Tỉnh Đồng Tháp,Vinh Kim Commune,Xã Vĩnh Kim,,
vi_VN,VN,31,Dong Thap Province,Tỉnh Đồng Tháp,Kim Son Commune,Xã Kim Sơn,,
vi_VN,VN,31,Dong Thap Province,Tỉnh Đồng Tháp,Binh Trung Commune,Xã Bình Trưng,,
vi_VN,VN,31,Dong Thap Province,Tỉnh Đồng Tháp,My Tinh An Commune,Xã Mỹ Tịnh An,,
vi_VN,VN,31,Dong Thap Province,Tỉnh Đồng Tháp,Luong Hoa Lac Commune,Xã Lương Hoà Lạc,,
vi_VN,VN,31,Dong Thap Province,Tỉnh Đồng Tháp,Tan Thuan Binh Commune,Xã Tân Thuận Bình,,
vi_VN,VN,31,Dong Thap Province,Tỉnh Đồng Tháp,Cho Gao Commune,Xã Chợ Gạo,,
vi_VN,VN,31,Dong Thap Province,Tỉnh Đồng Tháp,An Thanh Thuy Commune,Xã An Thạnh Thủy,,
vi_VN,VN,31,Dong Thap Province,Tỉnh Đồng Tháp,Binh Ninh Commune,Xã Bình Ninh,,
vi_VN,VN,31,Dong Thap Province,Tỉnh Đồng Tháp,Vinh Binh Commune,Xã Vĩnh Bình,,
vi_VN,VN,31,Dong Thap Province,Tỉnh Đồng Tháp,Dong Son Commune,Xã Đồng Sơn,,
vi_VN,VN,31,Dong Thap Province,Tỉnh Đồng Tháp,Phu Thanh Commune,Xã Phú Thành,,
vi_VN,VN,31,Dong Thap Province,Tỉnh Đồng Tháp,Long Binh Commune,Xã Long Bình,,
vi_VN,VN,31,Dong Thap Province,Tỉnh Đồng Tháp,Vinh Huu Commune,Xã Vĩnh Hựu,,
vi_VN,VN,31,Dong Thap Province,Tỉnh Đồng Tháp,Go Cong Dong Commune,Xã Gò Công Đông,,
vi_VN,VN,31,Dong Thap Province,Tỉnh Đồng Tháp,Tan Dien Commune,Xã Tân Điền,,
vi_VN,VN,31,Dong Thap Province,Tỉnh Đồng Tháp,Tan Hoa Commune,Xã Tân Hoà,,
vi_VN,VN,31,Dong Thap Province,Tỉnh Đồng Tháp,Tan Dong Commune,Xã Tân Đông,,
vi_VN,VN,31,Dong Thap Province,Tỉnh Đồng Tháp,Gia Thuan Commune,Xã Gia Thuận,,
vi_VN,VN,31,Dong Thap Province,Tỉnh Đồng Tháp,Tan Thoi Commune,Xã Tân Thới,,
vi_VN,VN,31,Dong Thap Province,Tỉnh Đồng Tháp,Tan Phu Dong Commune,Xã Tân Phú Đông,,
vi_VN,VN,31,Dong Thap Province,Tỉnh Đồng Tháp,Tan Hong Commune,Xã Tân Hồng,,
vi_VN,VN,31,Dong Thap Province,Tỉnh Đồng Tháp,Tan Thanh Commune,Xã Tân Thành,,
vi_VN,VN,31,Dong Thap Province,Tỉnh Đồng Tháp,Tan Ho Co Commune,Xã Tân Hộ Cơ,,
vi_VN,VN,31,Dong Thap Province,Tỉnh Đồng Tháp,An Phuoc Commune,Xã An Phước,,
vi_VN,VN,31,Dong Thap Province,Tỉnh Đồng Tháp,An Binh Ward,Phường An Bình,,
vi_VN,VN,31,Dong Thap Province,Tỉnh Đồng Tháp,Hong Ngu Ward,Phường Hồng Ngự,,
vi_VN,VN,31,Dong Thap Province,Tỉnh Đồng Tháp,Thuong Lac Ward,Phường Thường Lạc,,
vi_VN,VN,31,Dong Thap Province,Tỉnh Đồng Tháp,Thuong Phuoc Commune,Xã Thường Phước,,
vi_VN,VN,31,Dong Thap Province,Tỉnh Đồng Tháp,Long Khanh Commune,Xã Long Khánh,,
vi_VN,VN,31,Dong Thap Province,Tỉnh Đồng Tháp,Long Phu Thuan Commune,Xã Long Phú Thuận,,
vi_VN,VN,31,Dong Thap Province,Tỉnh Đồng Tháp,An Hoa Commune,Xã An Hoà,,
vi_VN,VN,31,Dong Thap Province,Tỉnh Đồng Tháp,Tam Nong Commune,Xã Tam Nông,,
vi_VN,VN,31,Dong Thap Province,Tỉnh Đồng Tháp,Phu Tho Commune,Xã Phú Thọ,,
vi_VN,VN,31,Dong Thap Province,Tỉnh Đồng Tháp,Tram Chim Commune,Xã Tràm Chim,,
vi_VN,VN,31,Dong Thap Province,Tỉnh Đồng Tháp,Phu Cuong Commune,Xã Phú Cường,,
vi_VN,VN,31,Dong Thap Province,Tỉnh Đồng Tháp,An Long Commune,Xã An Long,,
vi_VN,VN,31,Dong Thap Province,Tỉnh Đồng Tháp,Thanh Binh Commune,Xã Thanh Bình,,
vi_VN,VN,31,Dong Thap Province,Tỉnh Đồng Tháp,Tan Thanh Commune,Xã Tân Thạnh,,
vi_VN,VN,31,Dong Thap Province,Tỉnh Đồng Tháp,Binh Thanh Commune,Xã Bình Thành,,
vi_VN,VN,31,Dong Thap Province,Tỉnh Đồng Tháp,Tan Long Commune,Xã Tân Long,,
vi_VN,VN,31,Dong Thap Province,Tỉnh Đồng Tháp,Thap Muoi Commune,Xã Tháp Mười,,
vi_VN,VN,31,Dong Thap Province,Tỉnh Đồng Tháp,Thanh My Commune,Xã Thanh Mỹ,,
vi_VN,VN,31,Dong Thap Province,Tỉnh Đồng Tháp,My Qui Commune,Xã Mỹ Quí,,
vi_VN,VN,31,Dong Thap Province,Tỉnh Đồng Tháp,Doc Binh Kieu Commune,Xã Đốc Binh Kiều,,
vi_VN,VN,31,Dong Thap Province,Tỉnh Đồng Tháp,Truong Xuan Commune,Xã Trường Xuân,,
vi_VN,VN,31,Dong Thap Province,Tỉnh Đồng Tháp,Phuong Thinh Commune,Xã Phương Thịnh,,
vi_VN,VN,31,Dong Thap Province,Tỉnh Đồng Tháp,Phong My Commune,Xã Phong Mỹ,,
vi_VN,VN,31,Dong Thap Province,Tỉnh Đồng Tháp,Ba Sao Commune,Xã Ba Sao,,
vi_VN,VN,31,Dong Thap Province,Tỉnh Đồng Tháp,My Tho Commune,Xã Mỹ Thọ,,
vi_VN,VN,31,Dong Thap Province,Tỉnh Đồng Tháp,Binh Hang Trung Commune,Xã Bình Hàng Trung,,
vi_VN,VN,31,Dong Thap Province,Tỉnh Đồng Tháp,My Hiep Commune,Xã Mỹ Hiệp,,
vi_VN,VN,31,Dong Thap Province,Tỉnh Đồng Tháp,Cao Lanh Ward,Phường Cao Lãnh,,
vi_VN,VN,31,Dong Thap Province,Tỉnh Đồng Tháp,My Ngai Ward,Phường Mỹ Ngãi,,
vi_VN,VN,31,Dong Thap Province,Tỉnh Đồng Tháp,My Tra Ward,Phường Mỹ Trà,,
vi_VN,VN,31,Dong Thap Province,Tỉnh Đồng Tháp,My An Hung Commune,Xã Mỹ An Hưng,,
vi_VN,VN,31,Dong Thap Province,Tỉnh Đồng Tháp,Tan Khanh Trung Commune,Xã Tân Khánh Trung,,
vi_VN,VN,31,Dong Thap Province,Tỉnh Đồng Tháp,Lap Vo Commune,Xã Lấp Vò,,
vi_VN,VN,31,Dong Thap Province,Tỉnh Đồng Tháp,Lai Vung Commune,Xã Lai Vung,,
vi_VN,VN,31,Dong Thap Province,Tỉnh Đồng Tháp,Hoa Long Commune,Xã Hoà Long,,
vi_VN,VN,31,Dong Thap Province,Tỉnh Đồng Tháp,Phong Hoa Commune,Xã Phong Hoà,,
vi_VN,VN,31,Dong Thap Province,Tỉnh Đồng Tháp,Sa Dec Ward,Phường Sa Đéc,,
vi_VN,VN,31,Dong Thap Province,Tỉnh Đồng Tháp,Tan Duong Commune,Xã Tân Dương,,
vi_VN,VN,31,Dong Thap Province,Tỉnh Đồng Tháp,Phu Huu Commune,Xã Phú Hựu,,
vi_VN,VN,31,Dong Thap Province,Tỉnh Đồng Tháp,Tan Nhuan Dong Commune,Xã Tân Nhuận Đông,,
vi_VN,VN,31,Dong Thap Province,Tỉnh Đồng Tháp,Tan Phu Trung Commune,Xã Tân Phú Trung,,
vi_VN,VN,32,An Giang Province,Tỉnh An Giang,My Hoa Hung Commune,Xã Mỹ Hoà Hưng,,
vi_VN,VN,32,An Giang Province,Tỉnh An Giang,Long Xuyen Ward,Phường Long Xuyên,,
vi_VN,VN,32,An Giang Province,Tỉnh An Giang,Binh Duc Ward,Phường Bình Đức,,
vi_VN,VN,32,An Giang Province,Tỉnh An Giang,My Thoi Ward,Phường Mỹ Thới,,
vi_VN,VN,32,An Giang Province,Tỉnh An Giang,Chau Doc Ward,Phường Châu Đốc,,
vi_VN,VN,32,An Giang Province,Tỉnh An Giang,Vinh Te Ward,Phường Vĩnh Tế,,
vi_VN,VN,32,An Giang Province,Tỉnh An Giang,An Phu Commune,Xã An Phú,,
vi_VN,VN,32,An Giang Province,Tỉnh An Giang,Vinh Hau Commune,Xã Vĩnh Hậu,,
vi_VN,VN,32,An Giang Province,Tỉnh An Giang,Nhon Hoi Commune,Xã Nhơn Hội,,
vi_VN,VN,32,An Giang Province,Tỉnh An Giang,Khanh Binh Commune,Xã Khánh Bình,,
vi_VN,VN,32,An Giang Province,Tỉnh An Giang,Phu Huu Commune,Xã Phú Hữu,,
vi_VN,VN,32,An Giang Province,Tỉnh An Giang,Tan An Commune,Xã Tân An,,
vi_VN,VN,32,An Giang Province,Tỉnh An Giang,Chau Phong Commune,Xã Châu Phong,,
vi_VN,VN,32,An Giang Province,Tỉnh An Giang,Vinh Xuong Commune,Xã Vĩnh Xương,,
vi_VN,VN,32,An Giang Province,Tỉnh An Giang,Tan Chau Ward,Phường Tân Châu,,
vi_VN,VN,32,An Giang Province,Tỉnh An Giang,Long Phu Ward,Phường Long Phú,,
vi_VN,VN,32,An Giang Province,Tỉnh An Giang,Phu Tan Commune,Xã Phú Tân,,
vi_VN,VN,32,An Giang Province,Tỉnh An Giang,Phu An Commune,Xã Phú An,,
vi_VN,VN,32,An Giang Province,Tỉnh An Giang,Binh Thanh Dong Commune,Xã Bình Thạnh Đông,,
vi_VN,VN,32,An Giang Province,Tỉnh An Giang,Cho Vam Commune,Xã Chợ Vàm,,
vi_VN,VN,32,An Giang Province,Tỉnh An Giang,Hoa Lac Commune,Xã Hoà Lạc,,
vi_VN,VN,32,An Giang Province,Tỉnh An Giang,Phu Lam Commune,Xã Phú Lâm,,
vi_VN,VN,32,An Giang Province,Tỉnh An Giang,Chau Phu Commune,Xã Châu Phú,,
vi_VN,VN,32,An Giang Province,Tỉnh An Giang,My Duc Commune,Xã Mỹ Đức,,
vi_VN,VN,32,An Giang Province,Tỉnh An Giang,Vinh Thanh Trung Commune,Xã Vĩnh Thạnh Trung,,
vi_VN,VN,32,An Giang Province,Tỉnh An Giang,Binh My Commune,Xã Bình Mỹ,,
vi_VN,VN,32,An Giang Province,Tỉnh An Giang,Thanh My Tay Commune,Xã Thạnh Mỹ Tây,,
vi_VN,VN,32,An Giang Province,Tỉnh An Giang,An Cu Commune,Xã An Cư,,
vi_VN,VN,32,An Giang Province,Tỉnh An Giang,Nui Cam Commune,Xã Núi Cấm,,
vi_VN,VN,32,An Giang Province,Tỉnh An Giang,Tinh Bien Ward,Phường Tịnh Biên,,
vi_VN,VN,32,An Giang Province,Tỉnh An Giang,Thoi Son Ward,Phường Thới Sơn,,
vi_VN,VN,32,An Giang Province,Tỉnh An Giang,Chi Lang Ward,Phường Chi Lăng,,
vi_VN,VN,32,An Giang Province,Tỉnh An Giang,Ba Chuc Commune,Xã Ba Chúc,,
vi_VN,VN,32,An Giang Province,Tỉnh An Giang,Tri Ton Commune,Xã Tri Tôn,,
vi_VN,VN,32,An Giang Province,Tỉnh An Giang,O Lam Commune,Xã Ô Lâm,,
vi_VN,VN,32,An Giang Province,Tỉnh An Giang,Co To Commune,Xã Cô Tô,,
vi_VN,VN,32,An Giang Province,Tỉnh An Giang,Vinh Gia Commune,Xã Vĩnh Gia,,
vi_VN,VN,32,An Giang Province,Tỉnh An Giang,An Chau Commune,Xã An Châu,,
vi_VN,VN,32,An Giang Province,Tỉnh An Giang,Binh Hoa Commune,Xã Bình Hoà,,
vi_VN,VN,32,An Giang Province,Tỉnh An Giang,Can Dang Commune,Xã Cần Đăng,,
vi_VN,VN,32,An Giang Province,Tỉnh An Giang,Vinh Hanh Commune,Xã Vĩnh Hanh,,
vi_VN,VN,32,An Giang Province,Tỉnh An Giang,Vinh An Commune,Xã Vĩnh An,,
vi_VN,VN,32,An Giang Province,Tỉnh An Giang,Cho Moi Commune,Xã Chợ Mới,,
vi_VN,VN,32,An Giang Province,Tỉnh An Giang,Cu Lao Gieng Commune,Xã Cù Lao Giêng,,
vi_VN,VN,32,An Giang Province,Tỉnh An Giang,Hoi An Commune,Xã Hội An,,
vi_VN,VN,32,An Giang Province,Tỉnh An Giang,Long Dien Commune,Xã Long Điền,,
vi_VN,VN,32,An Giang Province,Tỉnh An Giang,Nhon My Commune,Xã Nhơn Mỹ,,
vi_VN,VN,32,An Giang Province,Tỉnh An Giang,Long Kien Commune,Xã Long Kiến,,
vi_VN,VN,32,An Giang Province,Tỉnh An Giang,Thoai Son Commune,Xã Thoại Sơn,,
vi_VN,VN,32,An Giang Province,Tỉnh An Giang,Oc Eo Commune,Xã Óc Eo,,
vi_VN,VN,32,An Giang Province,Tỉnh An Giang,Dinh My Commune,Xã Định Mỹ,,
vi_VN,VN,32,An Giang Province,Tỉnh An Giang,Phu Hoa Commune,Xã Phú Hoà,,
vi_VN,VN,32,An Giang Province,Tỉnh An Giang,Vinh Trach Commune,Xã Vĩnh Trạch,,
vi_VN,VN,32,An Giang Province,Tỉnh An Giang,Tay Phu Commune,Xã Tây Phú,,
vi_VN,VN,32,An Giang Province,Tỉnh An Giang,Vinh Binh Commune,Xã Vĩnh Bình,,
vi_VN,VN,32,An Giang Province,Tỉnh An Giang,Vinh Thuan Commune,Xã Vĩnh Thuận,,
vi_VN,VN,32,An Giang Province,Tỉnh An Giang,Vinh Phong Commune,Xã Vĩnh Phong,,
vi_VN,VN,32,An Giang Province,Tỉnh An Giang,Vinh Hoa Commune,Xã Vĩnh Hoà,,
vi_VN,VN,32,An Giang Province,Tỉnh An Giang,U Minh Thuong Commune,Xã U Minh Thượng,,
vi_VN,VN,32,An Giang Province,Tỉnh An Giang,Dong Hoa Commune,Xã Đông Hoà,,
vi_VN,VN,32,An Giang Province,Tỉnh An Giang,Tan Thanh Commune,Xã Tân Thạnh,,
vi_VN,VN,32,An Giang Province,Tỉnh An Giang,Dong Hung Commune,Xã Đông Hưng,,
vi_VN,VN,32,An Giang Province,Tỉnh An Giang,An Minh Commune,Xã An Minh,,
vi_VN,VN,32,An Giang Province,Tỉnh An Giang,Van Khanh Commune,Xã Vân Khánh,,
vi_VN,VN,32,An Giang Province,Tỉnh An Giang,Tay Yen Commune,Xã Tây Yên,,
vi_VN,VN,32,An Giang Province,Tỉnh An Giang,Dong Thai Commune,Xã Đông Thái,,
vi_VN,VN,32,An Giang Province,Tỉnh An Giang,An Bien Commune,Xã An Biên,,
vi_VN,VN,32,An Giang Province,Tỉnh An Giang,Dinh Hoa Commune,Xã Định Hoà,,
vi_VN,VN,32,An Giang Province,Tỉnh An Giang,Go Quao Commune,Xã Gò Quao,,
vi_VN,VN,32,An Giang Province,Tỉnh An Giang,Vinh Hoa Hung Commune,Xã Vĩnh Hoà Hưng,,
vi_VN,VN,32,An Giang Province,Tỉnh An Giang,Vinh Tuy Commune,Xã Vĩnh Tuy,,
vi_VN,VN,32,An Giang Province,Tỉnh An Giang,Giong Rieng Commune,Xã Giồng Riềng,,
vi_VN,VN,32,An Giang Province,Tỉnh An Giang,Thanh Hung Commune,Xã Thạnh Hưng,,
vi_VN,VN,32,An Giang Province,Tỉnh An Giang,Long Thanh Commune,Xã Long Thạnh,,
vi_VN,VN,32,An Giang Province,Tỉnh An Giang,Hoa Hung Commune,Xã Hoà Hưng,,
vi_VN,VN,32,An Giang Province,Tỉnh An Giang,Ngoc Chuc Commune,Xã Ngọc Chúc,,
vi_VN,VN,32,An Giang Province,Tỉnh An Giang,Hoa Thuan Commune,Xã Hoà Thuận,,
vi_VN,VN,32,An Giang Province,Tỉnh An Giang,Tan Hoi Commune,Xã Tân Hội,,
vi_VN,VN,32,An Giang Province,Tỉnh An Giang,Tan Hiep Commune,Xã Tân Hiệp,,
vi_VN,VN,32,An Giang Province,Tỉnh An Giang,Thanh Dong Commune,Xã Thạnh Đông,,
vi_VN,VN,32,An Giang Province,Tỉnh An Giang,Thanh Loc Commune,Xã Thạnh Lộc,,
vi_VN,VN,32,An Giang Province,Tỉnh An Giang,Chau Thanh Commune,Xã Châu Thành,,
vi_VN,VN,32,An Giang Province,Tỉnh An Giang,Binh An Commune,Xã Bình An,,
vi_VN,VN,32,An Giang Province,Tỉnh An Giang,Hon Dat Commune,Xã Hòn Đất,,
vi_VN,VN,32,An Giang Province,Tỉnh An Giang,Son Kien Commune,Xã Sơn Kiên,,
vi_VN,VN,32,An Giang Province,Tỉnh An Giang,My Thuan Commune,Xã Mỹ Thuận,,
vi_VN,VN,32,An Giang Province,Tỉnh An Giang,Binh Son Commune,Xã Bình Sơn,,
vi_VN,VN,32,An Giang Province,Tỉnh An Giang,Binh Giang Commune,Xã Bình Giang,,
vi_VN,VN,32,An Giang Province,Tỉnh An Giang,Giang Thanh Commune,Xã Giang Thành,,
vi_VN,VN,32,An Giang Province,Tỉnh An Giang,Vinh Dieu Commune,Xã Vĩnh Điều,,
vi_VN,VN,32,An Giang Province,Tỉnh An Giang,Hoa Dien Commune,Xã Hoà Điền,,
vi_VN,VN,32,An Giang Province,Tỉnh An Giang,Kien Luong Commune,Xã Kiên Lương,,
vi_VN,VN,32,An Giang Province,Tỉnh An Giang,Son Hai Commune,Xã Sơn Hải,,
vi_VN,VN,32,An Giang Province,Tỉnh An Giang,Hon Nghe Commune,Xã Hòn Nghệ,,
vi_VN,VN,32,An Giang Province,Tỉnh An Giang,Kien Hai Special Economic Zone,Đặc khu Kiên Hải,,
vi_VN,VN,32,An Giang Province,Tỉnh An Giang,Vinh Thong Ward,Phường Vĩnh Thông,,
vi_VN,VN,32,An Giang Province,Tỉnh An Giang,Rach Gia Ward,Phường Rạch Giá,,
vi_VN,VN,32,An Giang Province,Tỉnh An Giang,Ha Tien Ward,Phường Hà Tiên,,
vi_VN,VN,32,An Giang Province,Tỉnh An Giang,To Chau Ward,Phường Tô Châu,,
vi_VN,VN,32,An Giang Province,Tỉnh An Giang,Tien Hai Commune,Xã Tiên Hải,,
vi_VN,VN,32,An Giang Province,Tỉnh An Giang,Phu Quoc Special Economic Zone,Đặc khu Phú Quốc,,
vi_VN,VN,32,An Giang Province,Tỉnh An Giang,Tho Chau Special Zone,Đặc khu Thổ Châu,,
vi_VN,VN,33,Can Tho City,Tp Cần Thơ,Ninh Kieu Ward,Phường Ninh Kiều,,
vi_VN,VN,33,Can Tho City,Tp Cần Thơ,Cai Khe Ward,Phường Cái Khế,,
vi_VN,VN,33,Can Tho City,Tp Cần Thơ,Tan An Ward,Phường Tân An,,
vi_VN,VN,33,Can Tho City,Tp Cần Thơ,An Binh Ward,Phường An Bình,,
vi_VN,VN,33,Can Tho City,Tp Cần Thơ,Thoi An Dong Ward,Phường Thới An Đông,,
vi_VN,VN,33,Can Tho City,Tp Cần Thơ,Binh Thuy Ward,Phường Bình Thủy,,
vi_VN,VN,33,Can Tho City,Tp Cần Thơ,Long Tuyen Ward,Phường Long Tuyền,,
vi_VN,VN,33,Can Tho City,Tp Cần Thơ,Cai Rang Ward,Phường Cái Răng,,
vi_VN,VN,33,Can Tho City,Tp Cần Thơ,Hung Phu Ward,Phường Hưng Phú,,
vi_VN,VN,33,Can Tho City,Tp Cần Thơ,O Mon Ward,Phường Ô Môn,,
vi_VN,VN,33,Can Tho City,Tp Cần Thơ,Thoi Long Ward,Phường Thới Long,,
vi_VN,VN,33,Can Tho City,Tp Cần Thơ,Phuoc Thoi Ward,Phường Phước Thới,,
vi_VN,VN,33,Can Tho City,Tp Cần Thơ,Trung Nhat Ward,Phường Trung Nhứt,,
vi_VN,VN,33,Can Tho City,Tp Cần Thơ,Thot Not Ward,Phường Thốt Nốt,,
vi_VN,VN,33,Can Tho City,Tp Cần Thơ,Thuan Hung Ward,Phường Thuận Hưng,,
vi_VN,VN,33,Can Tho City,Tp Cần Thơ,Tan Loc Ward,Phường Tân Lộc,,
vi_VN,VN,33,Can Tho City,Tp Cần Thơ,Phong Dien Commune,Xã Phong Điền,,
vi_VN,VN,33,Can Tho City,Tp Cần Thơ,Nhon Ai Commune,Xã Nhơn Ái,,
vi_VN,VN,33,Can Tho City,Tp Cần Thơ,Truong Long Commune,Xã Trường Long,,
vi_VN,VN,33,Can Tho City,Tp Cần Thơ,Thoi Lai Commune,Xã Thới Lai,,
vi_VN,VN,33,Can Tho City,Tp Cần Thơ,Dong Thuan Commune,Xã Đông Thuận,,
vi_VN,VN,33,Can Tho City,Tp Cần Thơ,Truong Xuan Commune,Xã Trường Xuân,,
vi_VN,VN,33,Can Tho City,Tp Cần Thơ,Truong Thanh Commune,Xã Trường Thành,,
vi_VN,VN,33,Can Tho City,Tp Cần Thơ,Co Do Commune,Xã Cờ Đỏ,,
vi_VN,VN,33,Can Tho City,Tp Cần Thơ,Dong Hiep Commune,Xã Đông Hiệp,,
vi_VN,VN,33,Can Tho City,Tp Cần Thơ,Thanh Phu Commune,Xã Thạnh Phú,,
vi_VN,VN,33,Can Tho City,Tp Cần Thơ,Thoi Hung Commune,Xã Thới Hưng,,
vi_VN,VN,33,Can Tho City,Tp Cần Thơ,Trung Hung Commune,Xã Trung Hưng,,
vi_VN,VN,33,Can Tho City,Tp Cần Thơ,Vinh Thanh Commune,Xã Vĩnh Thạnh,,
vi_VN,VN,33,Can Tho City,Tp Cần Thơ,Vinh Trinh Commune,Xã Vĩnh Trinh,,
vi_VN,VN,33,Can Tho City,Tp Cần Thơ,Thanh An Commune,Xã Thạnh An,,
vi_VN,VN,33,Can Tho City,Tp Cần Thơ,Thanh Quoi Commune,Xã Thạnh Quới,,
vi_VN,VN,33,Can Tho City,Tp Cần Thơ,Hoa Luu Commune,Xã Hỏa Lựu,,
vi_VN,VN,33,Can Tho City,Tp Cần Thơ,Vi Thanh Ward,Phường Vị Thanh,,
vi_VN,VN,33,Can Tho City,Tp Cần Thơ,Vi Tan Ward,Phường Vị Tân,,
vi_VN,VN,33,Can Tho City,Tp Cần Thơ,Vi Thuy Commune,Xã Vị Thủy,,
vi_VN,VN,33,Can Tho City,Tp Cần Thơ,Vinh Thuan Dong Commune,Xã Vĩnh Thuận Đông,,
vi_VN,VN,33,Can Tho City,Tp Cần Thơ,Vi Thanh 1 Commune,Xã Vị Thanh 1,,
vi_VN,VN,33,Can Tho City,Tp Cần Thơ,Vinh Tuong Commune,Xã Vĩnh Tường,,
vi_VN,VN,33,Can Tho City,Tp Cần Thơ,Vinh Vien Commune,Xã Vĩnh Viễn,,
vi_VN,VN,33,Can Tho City,Tp Cần Thơ,Xa Phien Commune,Xã Xà Phiên,,
vi_VN,VN,33,Can Tho City,Tp Cần Thơ,Luong Tam Commune,Xã Lương Tâm,,
vi_VN,VN,33,Can Tho City,Tp Cần Thơ,Long Binh Ward,Phường Long Bình,,
vi_VN,VN,33,Can Tho City,Tp Cần Thơ,Long My Ward,Phường Long Mỹ,,
vi_VN,VN,33,Can Tho City,Tp Cần Thơ,Long Phu 1 Ward,Phường Long Phú 1,,
vi_VN,VN,33,Can Tho City,Tp Cần Thơ,Thanh Xuan Commune,Xã Thạnh Xuân,,
vi_VN,VN,33,Can Tho City,Tp Cần Thơ,Tan Hoa Commune,Xã Tân Hoà,,
vi_VN,VN,33,Can Tho City,Tp Cần Thơ,Truong Long Tay Commune,Xã Trường Long Tây,,
vi_VN,VN,33,Can Tho City,Tp Cần Thơ,Chau Thanh Commune,Xã Châu Thành,,
vi_VN,VN,33,Can Tho City,Tp Cần Thơ,Dong Phuoc Commune,Xã Đông Phước,,
vi_VN,VN,33,Can Tho City,Tp Cần Thơ,Phu Huu Commune,Xã Phú Hữu,,
vi_VN,VN,33,Can Tho City,Tp Cần Thơ,Dai Thanh Ward,Phường Đại Thành,,
vi_VN,VN,33,Can Tho City,Tp Cần Thơ,Nga Bay Ward,Phường Ngã Bảy,,
vi_VN,VN,33,Can Tho City,Tp Cần Thơ,Tan Binh Commune,Xã Tân Bình,,
vi_VN,VN,33,Can Tho City,Tp Cần Thơ,Hoa An Commune,Xã Hoà An,,
vi_VN,VN,33,Can Tho City,Tp Cần Thơ,Phuong Binh Commune,Xã Phương Bình,,
vi_VN,VN,33,Can Tho City,Tp Cần Thơ,Tan Phuoc Hung Commune,Xã Tân Phước Hưng,,
vi_VN,VN,33,Can Tho City,Tp Cần Thơ,Hiep Hung Commune,Xã Hiệp Hưng,,
vi_VN,VN,33,Can Tho City,Tp Cần Thơ,Phung Hiep Commune,Xã Phụng Hiệp,,
vi_VN,VN,33,Can Tho City,Tp Cần Thơ,Thanh Hoa Commune,Xã Thạnh Hoà,,
vi_VN,VN,33,Can Tho City,Tp Cần Thơ,Phu Loi Ward,Phường Phú Lợi,,
vi_VN,VN,33,Can Tho City,Tp Cần Thơ,Soc Trang Ward,Phường Sóc Trăng,,
vi_VN,VN,33,Can Tho City,Tp Cần Thơ,My Xuyen Ward,Phường Mỹ Xuyên,,
vi_VN,VN,33,Can Tho City,Tp Cần Thơ,Hoa Tu Commune,Xã Hoà Tú,,
vi_VN,VN,33,Can Tho City,Tp Cần Thơ,Gia Hoa Commune,Xã Gia Hoà,,
vi_VN,VN,33,Can Tho City,Tp Cần Thơ,Nhu Gia Commune,Xã Nhu Gia,,
vi_VN,VN,33,Can Tho City,Tp Cần Thơ,Ngoc To Commune,Xã Ngọc Tố,,
vi_VN,VN,33,Can Tho City,Tp Cần Thơ,Truong Khanh Commune,Xã Trường Khánh,,
vi_VN,VN,33,Can Tho City,Tp Cần Thơ,Dai Ngai Commune,Xã Đại Ngãi,,
vi_VN,VN,33,Can Tho City,Tp Cần Thơ,Tan Thanh Commune,Xã Tân Thạnh,,
vi_VN,VN,33,Can Tho City,Tp Cần Thơ,Long Phu Commune,Xã Long Phú,,
vi_VN,VN,33,Can Tho City,Tp Cần Thơ,Nhon My Commune,Xã Nhơn Mỹ,,
vi_VN,VN,33,Can Tho City,Tp Cần Thơ,Phong Nam Commune,Xã Phong Nẫm,,
vi_VN,VN,33,Can Tho City,Tp Cần Thơ,An Lac Thon Commune,Xã An Lạc Thôn,,
vi_VN,VN,33,Can Tho City,Tp Cần Thơ,Ke Sach Commune,Xã Kế Sách,,
vi_VN,VN,33,Can Tho City,Tp Cần Thơ,Thoi An Hoi Commune,Xã Thới An Hội,,
vi_VN,VN,33,Can Tho City,Tp Cần Thơ,Dai Hai Commune,Xã Đại Hải,,
vi_VN,VN,33,Can Tho City,Tp Cần Thơ,Phu Tam Commune,Xã Phú Tâm,,
vi_VN,VN,33,Can Tho City,Tp Cần Thơ,An Ninh Commune,Xã An Ninh,,
vi_VN,VN,33,Can Tho City,Tp Cần Thơ,Thuan Hoa Commune,Xã Thuận Hoà,,
vi_VN,VN,33,Can Tho City,Tp Cần Thơ,Ho Dac Kien Commune,Xã Hồ Đắc Kiện,,
vi_VN,VN,33,Can Tho City,Tp Cần Thơ,My Tu Commune,Xã Mỹ Tú,,
vi_VN,VN,33,Can Tho City,Tp Cần Thơ,Long Hung Commune,Xã Long Hưng,,
vi_VN,VN,33,Can Tho City,Tp Cần Thơ,My Phuoc Commune,Xã Mỹ Phước,,
vi_VN,VN,33,Can Tho City,Tp Cần Thơ,My Huong Commune,Xã Mỹ Hương,,
vi_VN,VN,33,Can Tho City,Tp Cần Thơ,Vinh Hai Commune,Xã Vĩnh Hải,,
vi_VN,VN,33,Can Tho City,Tp Cần Thơ,Lai Hoa Commune,Xã Lai Hoà,,
vi_VN,VN,33,Can Tho City,Tp Cần Thơ,Vinh Phuoc Ward,Phường Vĩnh Phước,,
vi_VN,VN,33,Can Tho City,Tp Cần Thơ,Vinh Chau Ward,Phường Vĩnh Châu,,
vi_VN,VN,33,Can Tho City,Tp Cần Thơ,Khanh Hoa Ward,Phường Khánh Hoà,,
vi_VN,VN,33,Can Tho City,Tp Cần Thơ,Tan Long Commune,Xã Tân Long,,
vi_VN,VN,33,Can Tho City,Tp Cần Thơ,Nga Nam Ward,Phường Ngã Năm,,
vi_VN,VN,33,Can Tho City,Tp Cần Thơ,My Quoi Ward,Phường Mỹ Quới,,
vi_VN,VN,33,Can Tho City,Tp Cần Thơ,Phu Loc Commune,Xã Phú Lộc,,
vi_VN,VN,33,Can Tho City,Tp Cần Thơ,Vinh Loi Commune,Xã Vĩnh Lợi,,
vi_VN,VN,33,Can Tho City,Tp Cần Thơ,Lam Tan Commune,Xã Lâm Tân,,
vi_VN,VN,33,Can Tho City,Tp Cần Thơ,Thanh Thoi An Commune,Xã Thạnh Thới An,,
vi_VN,VN,33,Can Tho City,Tp Cần Thơ,Tai Van Commune,Xã Tài Văn,,
vi_VN,VN,33,Can Tho City,Tp Cần Thơ,Lieu Tu Commune,Xã Liêu Tú,,
vi_VN,VN,33,Can Tho City,Tp Cần Thơ,Lich Hoi Thuong Commune,Xã Lịch Hội Thượng,,
vi_VN,VN,33,Can Tho City,Tp Cần Thơ,Tran De Commune,Xã Trần Đề,,
vi_VN,VN,33,Can Tho City,Tp Cần Thơ,An Thanh Commune,Xã An Thạnh,,
vi_VN,VN,33,Can Tho City,Tp Cần Thơ,Cu Lao Dung Commune,Xã Cù Lao Dung,,
vi_VN,VN,34,Ca Mau Province,Tỉnh Cà Mau,An Xuyen Ward,Phường An Xuyên,,
vi_VN,VN,34,Ca Mau Province,Tỉnh Cà Mau,Ly Van Lam Ward,Phường Lý Văn Lâm,,
vi_VN,VN,34,Ca Mau Province,Tỉnh Cà Mau,Tan Thanh Ward,Phường Tân Thành,,
vi_VN,VN,34,Ca Mau Province,Tỉnh Cà Mau,Hoa Thanh Ward,Phường Hòa Thành,,
vi_VN,VN,34,Ca Mau Province,Tỉnh Cà Mau,Tan Thuan Commune,Xã Tân Thuận,,
vi_VN,VN,34,Ca Mau Province,Tỉnh Cà Mau,Tan Tien Commune,Xã Tân Tiến,,
vi_VN,VN,34,Ca Mau Province,Tỉnh Cà Mau,Ta An Khuong Commune,Xã Tạ An Khương,,
vi_VN,VN,34,Ca Mau Province,Tỉnh Cà Mau,Tran Phan Commune,Xã Trần Phán,,
vi_VN,VN,34,Ca Mau Province,Tỉnh Cà Mau,Thanh Tung Commune,Xã Thanh Tùng,,
vi_VN,VN,34,Ca Mau Province,Tỉnh Cà Mau,Dam Doi Commune,Xã Đầm Dơi,,
vi_VN,VN,34,Ca Mau Province,Tỉnh Cà Mau,Quach Pham Commune,Xã Quách Phẩm,,
vi_VN,VN,34,Ca Mau Province,Tỉnh Cà Mau,U Minh Commune,Xã U Minh,,
vi_VN,VN,34,Ca Mau Province,Tỉnh Cà Mau,Nguyen Phich Commune,Xã Nguyễn Phích,,
vi_VN,VN,34,Ca Mau Province,Tỉnh Cà Mau,Khanh Lam Commune,Xã Khánh Lâm,,
vi_VN,VN,34,Ca Mau Province,Tỉnh Cà Mau,Khanh An Commune,Xã Khánh An,,
vi_VN,VN,34,Ca Mau Province,Tỉnh Cà Mau,Phan Ngoc Hien Commune,Xã Phan Ngọc Hiển,,
vi_VN,VN,34,Ca Mau Province,Tỉnh Cà Mau,Dat Mui Commune,Xã Đất Mũi,,
vi_VN,VN,34,Ca Mau Province,Tỉnh Cà Mau,Tan An Commune,Xã Tân Ân,,
vi_VN,VN,34,Ca Mau Province,Tỉnh Cà Mau,Khanh Binh Commune,Xã Khánh Bình,,
vi_VN,VN,34,Ca Mau Province,Tỉnh Cà Mau,Da Bac Commune,Xã Đá Bạc,,
vi_VN,VN,34,Ca Mau Province,Tỉnh Cà Mau,Khanh Hung Commune,Xã Khánh Hưng,,
vi_VN,VN,34,Ca Mau Province,Tỉnh Cà Mau,Song Doc Commune,Xã Sông Đốc,,
vi_VN,VN,34,Ca Mau Province,Tỉnh Cà Mau,Tran Van Thoi Commune,Xã Trần Văn Thời,,
vi_VN,VN,34,Ca Mau Province,Tỉnh Cà Mau,Thoi Binh Commune,Xã Thới Bình,,
vi_VN,VN,34,Ca Mau Province,Tỉnh Cà Mau,Tri Phai Commune,Xã Trí Phải,,
vi_VN,VN,34,Ca Mau Province,Tỉnh Cà Mau,Tan Loc Commune,Xã Tân Lộc,,
vi_VN,VN,34,Ca Mau Province,Tỉnh Cà Mau,Ho Thi Ky Commune,Xã Hồ Thị Kỷ,,
vi_VN,VN,34,Ca Mau Province,Tỉnh Cà Mau,Bien Bach Commune,Xã Biển Bạch,,
vi_VN,VN,34,Ca Mau Province,Tỉnh Cà Mau,Dat Moi Commune,Xã Đất Mới,,
vi_VN,VN,34,Ca Mau Province,Tỉnh Cà Mau,Nam Can Commune,Xã Năm Căn,,
vi_VN,VN,34,Ca Mau Province,Tỉnh Cà Mau,Tam Giang Commune,Xã Tam Giang,,
vi_VN,VN,34,Ca Mau Province,Tỉnh Cà Mau,Cai Doi Vam Commune,Xã Cái Đôi Vàm,,
vi_VN,VN,34,Ca Mau Province,Tỉnh Cà Mau,Nguyen Viet Khai Commune,Xã Nguyễn Việt Khái,,
vi_VN,VN,34,Ca Mau Province,Tỉnh Cà Mau,Phu Tan Commune,Xã Phú Tân,,
vi_VN,VN,34,Ca Mau Province,Tỉnh Cà Mau,Phu My Commune,Xã Phú Mỹ,,
vi_VN,VN,34,Ca Mau Province,Tỉnh Cà Mau,Luong The Tran Commune,Xã Lương Thế Trân,,
vi_VN,VN,34,Ca Mau Province,Tỉnh Cà Mau,Tan Hung Commune,Xã Tân Hưng,,
vi_VN,VN,34,Ca Mau Province,Tỉnh Cà Mau,Hung My Commune,Xã Hưng Mỹ,,
vi_VN,VN,34,Ca Mau Province,Tỉnh Cà Mau,Cai Nuoc Commune,Xã Cái Nước,,
vi_VN,VN,34,Ca Mau Province,Tỉnh Cà Mau,Bac Lieu Ward,Phường Bạc Liêu,,
vi_VN,VN,34,Ca Mau Province,Tỉnh Cà Mau,Vinh Trach Ward,Phường Vĩnh Trạch,,
vi_VN,VN,34,Ca Mau Province,Tỉnh Cà Mau,Hiep Thanh Ward,Phường Hiệp Thành,,
vi_VN,VN,34,Ca Mau Province,Tỉnh Cà Mau,Gia Rai Ward,Phường Giá Rai,,
vi_VN,VN,34,Ca Mau Province,Tỉnh Cà Mau,Lang Tron Ward,Phường Láng Tròn,,
vi_VN,VN,34,Ca Mau Province,Tỉnh Cà Mau,Phong Thanh Commune,Xã Phong Thạnh,,
vi_VN,VN,34,Ca Mau Province,Tỉnh Cà Mau,Hong Dan Commune,Xã Hồng Dân,,
vi_VN,VN,34,Ca Mau Province,Tỉnh Cà Mau,Vinh Loc Commune,Xã Vĩnh Lộc,,
vi_VN,VN,34,Ca Mau Province,Tỉnh Cà Mau,Ninh Thanh Loi Commune,Xã Ninh Thạnh Lợi,,
vi_VN,VN,34,Ca Mau Province,Tỉnh Cà Mau,Ninh Quoi Commune,Xã Ninh Quới,,
vi_VN,VN,34,Ca Mau Province,Tỉnh Cà Mau,Ganh Hao Commune,Xã Gành Hào,,
vi_VN,VN,34,Ca Mau Province,Tỉnh Cà Mau,Dinh Thanh Commune,Xã Định Thành,,
vi_VN,VN,34,Ca Mau Province,Tỉnh Cà Mau,An Trach Commune,Xã An Trạch,,
vi_VN,VN,34,Ca Mau Province,Tỉnh Cà Mau,Long Dien Commune,Xã Long Điền,,
vi_VN,VN,34,Ca Mau Province,Tỉnh Cà Mau,Dong Hai Commune,Xã Đông Hải,,
vi_VN,VN,34,Ca Mau Province,Tỉnh Cà Mau,Hoa Binh Commune,Xã Hoà Bình,,
vi_VN,VN,34,Ca Mau Province,Tỉnh Cà Mau,Vinh My Commune,Xã Vĩnh Mỹ,,
vi_VN,VN,34,Ca Mau Province,Tỉnh Cà Mau,Vinh Hau Commune,Xã Vĩnh Hậu,,
vi_VN,VN,34,Ca Mau Province,Tỉnh Cà Mau,Phuoc Long Commune,Xã Phước Long,,
vi_VN,VN,34,Ca Mau Province,Tỉnh Cà Mau,Vinh Phuoc Commune,Xã Vĩnh Phước,,
vi_VN,VN,34,Ca Mau Province,Tỉnh Cà Mau,Phong Hiep Commune,Xã Phong Hiệp,,
vi_VN,VN,34,Ca Mau Province,Tỉnh Cà Mau,Vinh Thanh Commune,Xã Vĩnh Thanh,,
vi_VN,VN,34,Ca Mau Province,Tỉnh Cà Mau,Vinh Loi Commune,Xã Vĩnh Lợi,,
vi_VN,VN,34,Ca Mau Province,Tỉnh Cà Mau,Hung Hoi Commune,Xã Hưng Hội,,
vi_VN,VN,34,Ca Mau Province,Tỉnh Cà Mau,Chau Thoi Commune,Xã Châu Thới,,
