region_code,region_name_vi,region_name_en,code,parent_code,name_vi,name_en
VN-01,An Giang,An Giang,VNA25-3D6A6CF4D0,,An Biên,An Bien
VN-01,An Giang,An Giang,VNA25-62FC0DA86D,,An Châu,An Chau
VN-01,An Giang,An Giang,VNA25-5FE1DBB446,,An Cư,An Cu
VN-01,An Giang,An Giang,VNA25-D0FE846B9D,,An Minh,An Minh
VN-01,An Giang,An Giang,VNA25-D0C042F304,,An Phú,An Phu
VN-01,An Giang,An Giang,VNA25-AAF0BFFA43,,Ba Chúc,Ba Chuc
VN-01,An Giang,An Giang,VNA25-204FD42547,,Bình An,Binh An
VN-01,An Giang,An Giang,VNA25-EEBDE6AA36,,Bình Đức,Binh Duc
VN-01,An Giang,An Giang,VNA25-9CD6A04CF5,,Bình Giang,Binh Giang
VN-01,An Giang,An Giang,VNA25-7E556EADA9,,Bình Hoà,Binh Hoa
VN-01,An Giang,An Giang,VNA25-B9FA97C6EE,,Bình Mỹ,Binh My
VN-01,An Giang,An Giang,VNA25-CDE3F0D859,,Bình Sơn,Binh Son
VN-01,An Giang,An Giang,VNA25-49678DF97F,,Bình Thạnh Đông,Binh Thanh Dong
VN-01,An Giang,An Giang,VNA25-BF2BB03E30,,Cần Đăng,Can Dang
VN-01,An Giang,An Giang,VNA25-B3D75E05E2,,Châu Đốc,Chau Doc
VN-01,An Giang,An Giang,VNA25-E481C03007,,Châu Phong,Chau Phong
VN-01,An Giang,An Giang,VNA25-9C995C11FE,,Châu Phú,Chau Phu
VN-01,An Giang,An Giang,VNA25-E7AF9B4E89,,Châu Thành,Chau Thanh
VN-01,An Giang,An Giang,VNA25-04E68862F8,,Chi Lăng,Chi Lang
VN-01,An Giang,An Giang,VNA25-54D056A88B,,Chợ Mới,Cho Moi
VN-01,An Giang,An Giang,VNA25-0B210B5C56,,Chợ Vàm,Cho Vam
VN-01,An Giang,An Giang,VNA25-901AC3EF74,,Cô Tô,Co To
VN-01,An Giang,An Giang,VNA25-8F0B46F501,,Cù Lao Giêng,Cu Lao Gieng
VN-01,An Giang,An Giang,VNA25-5740FCD4B6,,Định Hoà,Dinh Hoa
VN-01,An Giang,An Giang,VNA25-5A91C47DC0,,Định Mỹ,Dinh My
VN-01,An Giang,An Giang,VNA25-C3B95C9510,,Đông Hoà,Dong Hoa
VN-01,An Giang,An Giang,VNA25-80CFBD4EAC,,Đông Hưng,Dong Hung
VN-01,An Giang,An Giang,VNA25-DBFEC01B4C,,Đông Thái,Dong Thai
VN-01,An Giang,An Giang,VNA25-D3E1E5F051,,Giang Thành,Giang Thanh
VN-01,An Giang,An Giang,VNA25-28512079EA,,Giồng Riềng,Giong Rieng
VN-01,An Giang,An Giang,VNA25-57C834B0ED,,Gò Quao,Go Quao
VN-01,An Giang,An Giang,VNA25-886DF5D7AD,,Hà Tiên,Ha Tien
VN-01,An Giang,An Giang,VNA25-2B4C700ED9,,Hoà Điền,Hoa Dien
VN-01,An Giang,An Giang,VNA25-755290E4C2,,Hoà Hưng,Hoa Hung
VN-01,An Giang,An Giang,VNA25-A0FA154B56,,Hoà Lạc,Hoa Lac
VN-01,An Giang,An Giang,VNA25-5C40C7CD13,,Hoà Thuận,Hoa Thuan
VN-01,An Giang,An Giang,VNA25-C373E8E6D9,,Hội An,Hoi An
VN-01,An Giang,An Giang,VNA25-9CBC77E76B,,Hòn Đất,Hon Dat
VN-01,An Giang,An Giang,VNA25-71816DACB3,,Hòn Nghệ,Hon Nghe
VN-01,An Giang,An Giang,VNA25-6E0A7896A0,,Khánh Bình,Khanh Binh
VN-01,An Giang,An Giang,VNA25-ED78F70581,,Kiên Hải,Kien Hai
VN-01,An Giang,An Giang,VNA25-85024166D3,,Kiên Lương,Kien Luong
VN-01,An Giang,An Giang,VNA25-4B34ED8C6E,,Long Điền,Long Dien
VN-01,An Giang,An Giang,VNA25-EFFDAE9B0D,,Long Kiến,Long Kien
VN-01,An Giang,An Giang,VNA25-6CCA6D4B5A,,Long Phú,Long Phu
VN-01,An Giang,An Giang,VNA25-9B86031CDB,,Long Thạnh,Long Thanh
VN-01,An Giang,An Giang,VNA25-6556585A18,,Long Xuyên,Long Xuyen
VN-01,An Giang,An Giang,VNA25-4D93EB7B8E,,Mỹ Đức,My Duc
VN-01,An Giang,An Giang,VNA25-3DCD0C3B87,,Mỹ Hoà Hưng,My Hoa Hung
VN-01,An Giang,An Giang,VNA25-094B653D3F,,Mỹ Thới,My Thoi
VN-01,An Giang,An Giang,VNA25-F34FCA5A53,,Mỹ Thuận,My Thuan
VN-01,An Giang,An Giang,VNA25-373AF5ADA1,,Ngọc Chúc,Ngoc Chuc
VN-01,An Giang,An Giang,VNA25-DCA61FD2C5,,Nhơn Hội,Nhon Hoi
VN-01,An Giang,An Giang,VNA25-7AF9D89F0A,,Nhơn Mỹ,Nhon My
VN-01,An Giang,An Giang,VNA25-BAF26692AE,,Núi Cấm,Nui Cam
VN-01,An Giang,An Giang,VNA25-23DC112B6F,,Ô Lâm,O Lam
VN-01,An Giang,An Giang,VNA25-4783AC2FE6,,Óc Eo,Oc Eo
VN-01,An Giang,An Giang,VNA25-118A0AD052,,Phú An,Phu An
VN-01,An Giang,An Giang,VNA25-A57E75FAC4,,Phú Hoà,Phu Hoa
VN-01,An Giang,An Giang,VNA25-DDDC9F6CEE,,Phú Hữu,Phu Huu
VN-01,An Giang,An Giang,VNA25-9AECF7E03C,,Phú Lâm,Phu Lam
VN-01,An Giang,An Giang,VNA25-BEA0C89209,,Phú Quốc,Phu Quoc
VN-01,An Giang,An Giang,VNA25-33FF110D69,,Phú Tân,Phu Tan
VN-01,An Giang,An Giang,VNA25-6007495F53,,Rạch Giá,Rach Gia
VN-01,An Giang,An Giang,VNA25-E2E0E0EE75,,Sơn Hải,Son Hai
VN-01,An Giang,An Giang,VNA25-545888F077,,Sơn Kiên,Son Kien
VN-01,An Giang,An Giang,VNA25-8BBDA044FF,,Tân An,Tan An
VN-01,An Giang,An Giang,VNA25-780D7A88EB,,Tân Châu,Tan Chau
VN-01,An Giang,An Giang,VNA25-3E14B09D9E,,Tân Hiệp,Tan Hiep
VN-01,An Giang,An Giang,VNA25-16DCF681C4,,Tân Hội,Tan Hoi
VN-01,An Giang,An Giang,VNA25-C15147F7B5,,Tân Thạnh,Tan Thanh
VN-01,An Giang,An Giang,VNA25-9DE4F44D6E,,Tây Phú,Tay Phu
VN-01,An Giang,An Giang,VNA25-2B9D03DE00,,Tây Yên,Tay Yen
VN-01,An Giang,An Giang,VNA25-74E84446E6,,Thạnh Đông,Thanh Dong
VN-01,An Giang,An Giang,VNA25-E63B61D970,,Thạnh Hưng,Thanh Hung
VN-01,An Giang,An Giang,VNA25-8C321B5DF0,,Thạnh Lộc,Thanh Loc
VN-01,An Giang,An Giang,VNA25-59C61FC257,,Thạnh Mỹ Tây,Thanh My Tay
VN-01,An Giang,An Giang,VNA25-61B39F9ABE,,Thổ Châu,Tho Chau
VN-01,An Giang,An Giang,VNA25-6D7AFC320A,,Thoại Sơn,Thoai Son
VN-01,An Giang,An Giang,VNA25-42A528AC06,,Thới Sơn,Thoi Son
VN-01,An Giang,An Giang,VNA25-0D7987903C,,Tiên Hải,Tien Hai
VN-01,An Giang,An Giang,VNA25-D5489CBD87,,Tịnh Biên,Tinh Bien
VN-01,An Giang,An Giang,VNA25-002264122B,,Tô Châu,To Chau
VN-01,An Giang,An Giang,VNA25-7BAC7FF908,,Tri Tôn,Tri Ton
VN-01,An Giang,An Giang,VNA25-9E0A751FDF,,U Minh Thượng,U Minh Thuong
VN-01,An Giang,An Giang,VNA25-828E19AD2B,,Vân Khánh,Van Khanh
VN-01,An Giang,An Giang,VNA25-2E4581A4A3,,Vĩnh An,Vinh An
VN-01,An Giang,An Giang,VNA25-E1640F8F9E,,Vĩnh Bình,Vinh Binh
VN-01,An Giang,An Giang,VNA25-F431779925,,Vĩnh Điều,Vinh Dieu
VN-01,An Giang,An Giang,VNA25-8E5BFFB1DA,,Vĩnh Gia,Vinh Gia
VN-01,An Giang,An Giang,VNA25-5B22960C20,,Vĩnh Hanh,Vinh Hanh
VN-01,An Giang,An Giang,VNA25-1E124F55B3,,Vĩnh Hậu,Vinh Hau
VN-01,An Giang,An Giang,VNA25-EB253C6C58,,Vĩnh Hoà,Vinh Hoa
VN-01,An Giang,An Giang,VNA25-720D5B26B1,,Vĩnh Hoà Hưng,Vinh Hoa Hung
VN-01,An Giang,An Giang,VNA25-42E668433C,,Vĩnh Phong,Vinh Phong
VN-01,An Giang,An Giang,VNA25-D60758C0F9,,Vĩnh Tế,Vinh Te
VN-01,An Giang,An Giang,VNA25-4EAD7E752E,,Vĩnh Thạnh Trung,Vinh Thanh Trung
VN-01,An Giang,An Giang,VNA25-A01068C972,,Vĩnh Thông,Vinh Thong
VN-01,An Giang,An Giang,VNA25-955A47A0DA,,Vĩnh Thuận,Vinh Thuan
VN-01,An Giang,An Giang,VNA25-5692C63710,,Vĩnh Trạch,Vinh Trach
VN-01,An Giang,An Giang,VNA25-5494978D0B,,Vĩnh Tuy,Vinh Tuy
VN-01,An Giang,An Giang,VNA25-6B16C802CB,,Vĩnh Xương,Vinh Xuong
VN-02,Bắc Ninh,Bac Ninh,VNA25-1ECD20DA48,,An Lạc,An Lac
VN-02,Bắc Ninh,Bac Ninh,VNA25-9F26FAB1DD,,Bắc Giang,Bac Giang
VN-02,Bắc Ninh,Bac Ninh,VNA25-6A6435A45F,,Bắc Lũng,Bac Lung
VN-02,Bắc Ninh,Bac Ninh,VNA25-223A2846C3,,Bảo Đài,Bao Dai
VN-02,Bắc Ninh,Bac Ninh,VNA25-8BEFC3D931,,Biển Động,Bien Dong
VN-02,Bắc Ninh,Bac Ninh,VNA25-FFE3D94D46,,Biên Sơn,Bien Son
VN-02,Bắc Ninh,Bac Ninh,VNA25-DDA1BEB7CF,,Bố Hạ,Bo Ha
VN-02,Bắc Ninh,Bac Ninh,VNA25-A99F08862F,,Bồng Lai,Bong Lai
VN-02,Bắc Ninh,Bac Ninh,VNA25-9343956096,,Cẩm Lý,Cam Ly
VN-02,Bắc Ninh,Bac Ninh,VNA25-08E8E9D8ED,,Cảnh Thụy,Canh Thuy
VN-02,Bắc Ninh,Bac Ninh,VNA25-5CAC2B743E,,Cao Đức,Cao Duc
VN-02,Bắc Ninh,Bac Ninh,VNA25-940878779E,,Chi Lăng,Chi Lang
VN-02,Bắc Ninh,Bac Ninh,VNA25-5C0E7517C0,,Chũ,Chu
VN-02,Bắc Ninh,Bac Ninh,VNA25-F7728FC61C,,Đa Mai,Da Mai
VN-02,Bắc Ninh,Bac Ninh,VNA25-0356439BDB,,Đại Đồng,Dai Dong
VN-02,Bắc Ninh,Bac Ninh,VNA25-C92D0544CA,,Đại Lai,Dai Lai
VN-02,Bắc Ninh,Bac Ninh,VNA25-A74A00850F,,Đại Sơn,Dai Son
VN-02,Bắc Ninh,Bac Ninh,VNA25-F0F86C9433,,Đào Viên,Dao Vien
VN-02,Bắc Ninh,Bac Ninh,VNA25-AD66AA3A73,,Đèo Gia,Deo Gia
VN-02,Bắc Ninh,Bac Ninh,VNA25-1094F36202,,Đông Cứu,Dong Cuu
VN-02,Bắc Ninh,Bac Ninh,VNA25-ECCB8EA38C,,Đồng Kỳ,Dong Ky
VN-02,Bắc Ninh,Bac Ninh,VNA25-DC759020BC,,Đồng Nguyên,Dong Nguyen
VN-02,Bắc Ninh,Bac Ninh,VNA25-A1C9B7CD6B,,Đông Phú,Dong Phu
VN-02,Bắc Ninh,Bac Ninh,VNA25-21B42F08F0,,Đồng Việt,Dong Viet
VN-02,Bắc Ninh,Bac Ninh,VNA25-EA09426FCD,,Dương Hưu,Duong Huu
VN-02,Bắc Ninh,Bac Ninh,VNA25-138C319438,,Gia Bình,Gia Binh
VN-02,Bắc Ninh,Bac Ninh,VNA25-D8AA10B112,,Hạp Lĩnh,Hap Linh
VN-02,Bắc Ninh,Bac Ninh,VNA25-56542751E0,,Hiệp Hoà,Hiep Hoa
VN-02,Bắc Ninh,Bac Ninh,VNA25-8A9137C60E,,Hoàng Vân,Hoang Van
VN-02,Bắc Ninh,Bac Ninh,VNA25-11E2FAB0A4,,Hợp Thịnh,Hop Thinh
VN-02,Bắc Ninh,Bac Ninh,VNA25-6B131961B1,,Kép,Kep
VN-02,Bắc Ninh,Bac Ninh,VNA25-9652517F5C,,Kiên Lao,Kien Lao
VN-02,Bắc Ninh,Bac Ninh,VNA25-731B1C5443,,Kinh Bắc,Kinh Bac
VN-02,Bắc Ninh,Bac Ninh,VNA25-FE841B720E,,Lâm Thao,Lam Thao
VN-02,Bắc Ninh,Bac Ninh,VNA25-BDD6C22596,,Lạng Giang,Lang Giang
VN-02,Bắc Ninh,Bac Ninh,VNA25-541981980C,,Liên Bão,Lien Bao
VN-02,Bắc Ninh,Bac Ninh,VNA25-506EED098E,,Lục Nam,Luc Nam
VN-02,Bắc Ninh,Bac Ninh,VNA25-336A46736C,,Lục Ngạn,Luc Ngan
VN-02,Bắc Ninh,Bac Ninh,VNA25-E9601A896F,,Lục Sơn,Luc Son
VN-02,Bắc Ninh,Bac Ninh,VNA25-F43ADC842F,,Lương Tài,Luong Tai
VN-02,Bắc Ninh,Bac Ninh,VNA25-645641CA52,,Mão Điền,Mao Dien
VN-02,Bắc Ninh,Bac Ninh,VNA25-6D1A2B3CAC,,Mỹ Thái,My Thai
VN-02,Bắc Ninh,Bac Ninh,VNA25-0DE6BDCDEF,,Nam Dương,Nam Duong
VN-02,Bắc Ninh,Bac Ninh,VNA25-3586C637B7,,Nam Sơn,Nam Son
VN-02,Bắc Ninh,Bac Ninh,VNA25-DFF2B4382B,,Nếnh,Nenh
VN-02,Bắc Ninh,Bac Ninh,VNA25-9E7E244ED8,,Nghĩa Phương,Nghia Phuong
VN-02,Bắc Ninh,Bac Ninh,VNA25-594ED0F1F7,,Ngọc Thiện,Ngoc Thien
VN-02,Bắc Ninh,Bac Ninh,VNA25-3B64162BE5,,Nhã Nam,Nha Nam
VN-02,Bắc Ninh,Bac Ninh,VNA25-1786DF57C6,,Nhân Hoà,Nhan Hoa
VN-02,Bắc Ninh,Bac Ninh,VNA25-3B9B045AEF,,Nhân Thắng,Nhan Thang
VN-02,Bắc Ninh,Bac Ninh,VNA25-68A088379B,,Ninh Xá,Ninh Xa
VN-02,Bắc Ninh,Bac Ninh,VNA25-02F34AD511,,Phật Tích,Phat Tich
VN-02,Bắc Ninh,Bac Ninh,VNA25-5E2593D2BF,,Phù Khê,Phu Khe
VN-02,Bắc Ninh,Bac Ninh,VNA25-E9A7D18FD0,,Phù Lãng,Phu Lang
VN-02,Bắc Ninh,Bac Ninh,VNA25-F767CAED86,,Phúc Hoà,Phuc Hoa
VN-02,Bắc Ninh,Bac Ninh,VNA25-4A7D4D0F36,,Phương Liễu,Phuong Lieu
VN-02,Bắc Ninh,Bac Ninh,VNA25-A03675692B,,Phượng Sơn,Phuong Son
VN-02,Bắc Ninh,Bac Ninh,VNA25-C077943E16,,Quang Trung,Quang Trung
VN-02,Bắc Ninh,Bac Ninh,VNA25-735D533147,,Quế Võ,Que Vo
VN-02,Bắc Ninh,Bac Ninh,VNA25-9076111BBC,,Sa Lý,Sa Ly
VN-02,Bắc Ninh,Bac Ninh,VNA25-E1AC6A3BE5,,Sơn Động,Son Dong
VN-02,Bắc Ninh,Bac Ninh,VNA25-C41FD4C4A8,,Sơn Hải,Son Hai
VN-02,Bắc Ninh,Bac Ninh,VNA25-9545BE857E,,Song Liễu,Song Lieu
VN-02,Bắc Ninh,Bac Ninh,VNA25-75B772C528,,Tam Đa,Tam Da
VN-02,Bắc Ninh,Bac Ninh,VNA25-D49427661F,,Tam Giang,Tam Giang
VN-02,Bắc Ninh,Bac Ninh,VNA25-8C1CBAB415,,Tam Sơn,Tam Son
VN-02,Bắc Ninh,Bac Ninh,VNA25-1B2DC7E9C0,,Tam Tiến,Tam Tien
VN-02,Bắc Ninh,Bac Ninh,VNA25-B910766146,,Tân An,Tan An
VN-02,Bắc Ninh,Bac Ninh,VNA25-01811DB9C5,,Tân Chi,Tan Chi
VN-02,Bắc Ninh,Bac Ninh,VNA25-D9324313F2,,Tân Dĩnh,Tan Dinh
VN-02,Bắc Ninh,Bac Ninh,VNA25-BDFD9F5D73,,Tân Sơn,Tan Son
VN-02,Bắc Ninh,Bac Ninh,VNA25-B4A20DB0C2,,Tân Tiến,Tan Tien
VN-02,Bắc Ninh,Bac Ninh,VNA25-D6C2D3659F,,Tân Yên,Tan Yen
VN-02,Bắc Ninh,Bac Ninh,VNA25-E4A589A673,,Tây Yên Tử,Tay Yen Tu
VN-02,Bắc Ninh,Bac Ninh,VNA25-2F92E5F267,,Thuận Thành,Thuan Thanh
VN-02,Bắc Ninh,Bac Ninh,VNA25-B565AEA55C,,Tiên Du,Tien Du
VN-02,Bắc Ninh,Bac Ninh,VNA25-053B1F94C3,,Tiên Lục,Tien Luc
VN-02,Bắc Ninh,Bac Ninh,VNA25-493F232AD8,,Tiền Phong,Tien Phong
VN-02,Bắc Ninh,Bac Ninh,VNA25-2173D38962,,Trạm Lộ,Tram Lo
VN-02,Bắc Ninh,Bac Ninh,VNA25-2C7FB5619F,,Trí Quả,Tri Qua
VN-02,Bắc Ninh,Bac Ninh,VNA25-236898C54D,,Trung Chính,Trung Chinh
VN-02,Bắc Ninh,Bac Ninh,VNA25-0D5AA02688,,Trung Kênh,Trung Kenh
VN-02,Bắc Ninh,Bac Ninh,VNA25-3D35456057,,Trường Sơn,Truong Son
VN-02,Bắc Ninh,Bac Ninh,VNA25-664DEEF067,,Tự Lạn,Tu Lan
VN-02,Bắc Ninh,Bac Ninh,VNA25-B5CA77924C,,Từ Sơn,Tu Son
VN-02,Bắc Ninh,Bac Ninh,VNA25-5A51A442B0,,Tuấn Đạo,Tuan Dao
VN-02,Bắc Ninh,Bac Ninh,VNA25-B455F255A5,,Vân Hà,Van Ha
VN-02,Bắc Ninh,Bac Ninh,VNA25-E2F092642D,,Văn Môn,Van Mon
VN-02,Bắc Ninh,Bac Ninh,VNA25-DE8F32EB63,,Vân Sơn,Van Son
VN-02,Bắc Ninh,Bac Ninh,VNA25-E45CAF700B,,Việt Yên,Viet Yen
VN-02,Bắc Ninh,Bac Ninh,VNA25-BBA6A2DEBF,,Võ Cường,Vo Cuong
VN-02,Bắc Ninh,Bac Ninh,VNA25-E98A42138F,,Vũ Ninh,Vu Ninh
VN-02,Bắc Ninh,Bac Ninh,VNA25-DDC8CF691C,,Xuân Cẩm,Xuan Cam
VN-02,Bắc Ninh,Bac Ninh,VNA25-46A657C69F,,Xuân Lương,Xuan Luong
VN-02,Bắc Ninh,Bac Ninh,VNA25-D3EB13731C,,Yên Định,Yen Dinh
VN-02,Bắc Ninh,Bac Ninh,VNA25-F592833D66,,Yên Dũng,Yen Dung
VN-02,Bắc Ninh,Bac Ninh,VNA25-345F54CA5F,,Yên Phong,Yen Phong
VN-02,Bắc Ninh,Bac Ninh,VNA25-F248BFE24C,,Yên Thế,Yen The
VN-02,Bắc Ninh,Bac Ninh,VNA25-A976F2C3D9,,Yên Trung,Yen Trung
VN-03,Cà Mau,Ca Mau,VNA25-A2B9F21984,,An Trạch,An Trach
VN-03,Cà Mau,Ca Mau,VNA25-4474790614,,An Xuyên,An Xuyen
VN-03,Cà Mau,Ca Mau,VNA25-57209CB294,,Bạc Liêu,Bac Lieu
VN-03,Cà Mau,Ca Mau,VNA25-A75A268078,,Biển Bạch,Bien Bach
VN-03,Cà Mau,Ca Mau,VNA25-0BF284D976,,Cái Đôi Vàm,Cai Doi Vam
VN-03,Cà Mau,Ca Mau,VNA25-3034E02FBE,,Cái Nước,Cai Nuoc
VN-03,Cà Mau,Ca Mau,VNA25-45EA928F81,,Châu Thới,Chau Thoi
VN-03,Cà Mau,Ca Mau,VNA25-C42DBF9B2F,,Đá Bạc,Da Bac
VN-03,Cà Mau,Ca Mau,VNA25-2A02D3CB69,,Đầm Dơi,Dam Doi
VN-03,Cà Mau,Ca Mau,VNA25-CAEEEFBADF,,Đất Mới,Dat Moi
VN-03,Cà Mau,Ca Mau,VNA25-972F04F474,,Đất Mũi,Dat Mui
VN-03,Cà Mau,Ca Mau,VNA25-716EA7E44B,,Định Thành,Dinh Thanh
VN-03,Cà Mau,Ca Mau,VNA25-39D88085D7,,Đông Hải,Dong Hai
VN-03,Cà Mau,Ca Mau,VNA25-A4D2DA32DA,,Gành Hào,Ganh Hao
VN-03,Cà Mau,Ca Mau,VNA25-AB4CBDBD1F,,Giá Rai,Gia Rai
VN-03,Cà Mau,Ca Mau,VNA25-79A1D12708,,Hiệp Thành,Hiep Thanh
VN-03,Cà Mau,Ca Mau,VNA25-05F425C3B6,,Hồ Thị Kỷ,Ho Thi Ky
VN-03,Cà Mau,Ca Mau,VNA25-B2FCCC35FE,,Hoà Bình,Hoa Binh
VN-03,Cà Mau,Ca Mau,VNA25-12A35F9292,,Hòa Thành,Hoa Thanh
VN-03,Cà Mau,Ca Mau,VNA25-DBE6738602,,Hồng Dân,Hong Dan
VN-03,Cà Mau,Ca Mau,VNA25-B0FE7A84F0,,Hưng Hội,Hung Hoi
VN-03,Cà Mau,Ca Mau,VNA25-F4564F4D06,,Hưng Mỹ,Hung My
VN-03,Cà Mau,Ca Mau,VNA25-4E5D226A0B,,Khánh An,Khanh An
VN-03,Cà Mau,Ca Mau,VNA25-6E676B60E6,,Khánh Bình,Khanh Binh
VN-03,Cà Mau,Ca Mau,VNA25-C8C8A58F05,,Khánh Hưng,Khanh Hung
VN-03,Cà Mau,Ca Mau,VNA25-4EC8B6428C,,Khánh Lâm,Khanh Lam
VN-03,Cà Mau,Ca Mau,VNA25-B5AC760DDE,,Láng Tròn,Lang Tron
VN-03,Cà Mau,Ca Mau,VNA25-D62557919D,,Long Điền,Long Dien
VN-03,Cà Mau,Ca Mau,VNA25-194FE972E2,,Lương Thế Trân,Luong The Tran
VN-03,Cà Mau,Ca Mau,VNA25-16D5AFA764,,Lý Văn Lâm,Ly Van Lam
VN-03,Cà Mau,Ca Mau,VNA25-898CCE9DA1,,Năm Căn,Nam Can
VN-03,Cà Mau,Ca Mau,VNA25-9B678D8CD1,,Nguyễn Phích,Nguyen Phich
VN-03,Cà Mau,Ca Mau,VNA25-E8365B38D1,,Nguyễn Việt Khái,Nguyen Viet Khai
VN-03,Cà Mau,Ca Mau,VNA25-5E85B3412B,,Ninh Quới,Ninh Quoi
VN-03,Cà Mau,Ca Mau,VNA25-53953E7DCC,,Ninh Thạnh Lợi,Ninh Thanh Loi
VN-03,Cà Mau,Ca Mau,VNA25-F029F9C267,,Phan Ngọc Hiển,Phan Ngoc Hien
VN-03,Cà Mau,Ca Mau,VNA25-35FE423E32,,Phong Hiệp,Phong Hiep
VN-03,Cà Mau,Ca Mau,VNA25-9CF9ABE8B7,,Phong Thạnh,Phong Thanh
VN-03,Cà Mau,Ca Mau,VNA25-F72CDA3A76,,Phú Mỹ,Phu My
VN-03,Cà Mau,Ca Mau,VNA25-0CC5DA5044,,Phú Tân,Phu Tan
VN-03,Cà Mau,Ca Mau,VNA25-A173108E59,,Phước Long,Phuoc Long
VN-03,Cà Mau,Ca Mau,VNA25-81C0FE2385,,Quách Phẩm,Quach Pham
VN-03,Cà Mau,Ca Mau,VNA25-22F39CEA6C,,Sông Đốc,Song Doc
VN-03,Cà Mau,Ca Mau,VNA25-80A92A41AD,,Tạ An Khương,Ta An Khuong
VN-03,Cà Mau,Ca Mau,VNA25-8E893F4DBC,,Tam Giang,Tam Giang
VN-03,Cà Mau,Ca Mau,VNA25-3B8AEAD820,,Tân Ân,Tan An
VN-03,Cà Mau,Ca Mau,VNA25-444058DF04,,Tân Hưng,Tan Hung
VN-03,Cà Mau,Ca Mau,VNA25-EA36442CE4,,Tân Lộc,Tan Loc
VN-03,Cà Mau,Ca Mau,VNA25-96FA7383FA,,Tân Thành,Tan Thanh
VN-03,Cà Mau,Ca Mau,VNA25-25D71423EC,,Tân Thuận,Tan Thuan
VN-03,Cà Mau,Ca Mau,VNA25-82AE0B2AB4,,Tân Tiến,Tan Tien
VN-03,Cà Mau,Ca Mau,VNA25-F8F684F3DE,,Thanh Tùng,Thanh Tung
VN-03,Cà Mau,Ca Mau,VNA25-10CAEEA2BE,,Thới Bình,Thoi Binh
VN-03,Cà Mau,Ca Mau,VNA25-339B0E4833,,Trần Phán,Tran Phan
VN-03,Cà Mau,Ca Mau,VNA25-21B8CB55CB,,Trần Văn Thời,Tran Van Thoi
VN-03,Cà Mau,Ca Mau,VNA25-9F9D22BA8E,,Trí Phải,Tri Phai
VN-03,Cà Mau,Ca Mau,VNA25-1BEDBC29B5,,U Minh,U Minh
VN-03,Cà Mau,Ca Mau,VNA25-BE8BC14340,,Vĩnh Hậu,Vinh Hau
VN-03,Cà Mau,Ca Mau,VNA25-FEBEC02569,,Vĩnh Lộc,Vinh Loc
VN-03,Cà Mau,Ca Mau,VNA25-F15E14D1ED,,Vĩnh Lợi,Vinh Loi
VN-03,Cà Mau,Ca Mau,VNA25-07123662F1,,Vĩnh Mỹ,Vinh My
VN-03,Cà Mau,Ca Mau,VNA25-B25B23CD2E,,Vĩnh Phước,Vinh Phuoc
VN-03,Cà Mau,Ca Mau,VNA25-F6E6C1E75C,,Vĩnh Thanh,Vinh Thanh
VN-03,Cà Mau,Ca Mau,VNA25-55D4CF6DC2,,Vĩnh Trạch,Vinh Trach
VN-04,Cần Thơ,Can Tho,VNA25-22DABDD368,,An Bình,An Binh
VN-04,Cần Thơ,Can Tho,VNA25-7A078D60EA,,An Lạc Thôn,An Lac Thon
VN-04,Cần Thơ,Can Tho,VNA25-E171E1CD5C,,An Ninh,An Ninh
VN-04,Cần Thơ,Can Tho,VNA25-4FE5B113FA,,An Thạnh,An Thanh
VN-04,Cần Thơ,Can Tho,VNA25-11D187A779,,Bình Thủy,Binh Thuy
VN-04,Cần Thơ,Can Tho,VNA25-43C2E5CAC7,,Cái Khế,Cai Khe
VN-04,Cần Thơ,Can Tho,VNA25-48CDC2F58F,,Cái Răng,Cai Rang
VN-04,Cần Thơ,Can Tho,VNA25-42B19BAFB4,,Châu Thành,Chau Thanh
VN-04,Cần Thơ,Can Tho,VNA25-A575F2CCAC,,Cờ Đỏ,Co Do
VN-04,Cần Thơ,Can Tho,VNA25-93D54881AD,,Cù Lao Dung,Cu Lao Dung
VN-04,Cần Thơ,Can Tho,VNA25-D34065AF21,,Đại Hải,Dai Hai
VN-04,Cần Thơ,Can Tho,VNA25-43FAF18652,,Đại Ngãi,Dai Ngai
VN-04,Cần Thơ,Can Tho,VNA25-F60039244F,,Đại Thành,Dai Thanh
VN-04,Cần Thơ,Can Tho,VNA25-D0F2BB0049,,Đông Hiệp,Dong Hiep
VN-04,Cần Thơ,Can Tho,VNA25-EFDA1349C4,,Đông Phước,Dong Phuoc
VN-04,Cần Thơ,Can Tho,VNA25-62E58849CA,,Đông Thuận,Dong Thuan
VN-04,Cần Thơ,Can Tho,VNA25-0B82978D74,,Gia Hoà,Gia Hoa
VN-04,Cần Thơ,Can Tho,VNA25-6D2A361449,,Hiệp Hưng,Hiep Hung
VN-04,Cần Thơ,Can Tho,VNA25-33B9F47889,,Hồ Đắc Kiện,Ho Dac Kien
VN-04,Cần Thơ,Can Tho,VNA25-5032368E5A,,Hoà An,Hoa An
VN-04,Cần Thơ,Can Tho,VNA25-B62CC47E88,,Hỏa Lựu,Hoa Luu
VN-04,Cần Thơ,Can Tho,VNA25-087C69C3BE,,Hoà Tú,Hoa Tu
VN-04,Cần Thơ,Can Tho,VNA25-9B6E176F49,,Hưng Phú,Hung Phu
VN-04,Cần Thơ,Can Tho,VNA25-651204F1F8,,Kế Sách,Ke Sach
VN-04,Cần Thơ,Can Tho,VNA25-A0B52CBAB6,,Khánh Hoà,Khanh Hoa
VN-04,Cần Thơ,Can Tho,VNA25-BEA389162F,,Lai Hoà,Lai Hoa
VN-04,Cần Thơ,Can Tho,VNA25-8FA960D88B,,Lâm Tân,Lam Tan
VN-04,Cần Thơ,Can Tho,VNA25-A8236D8DE3,,Lịch Hội Thượng,Lich Hoi Thuong
VN-04,Cần Thơ,Can Tho,VNA25-091D6BEFFC,,Liêu Tú,Lieu Tu
VN-04,Cần Thơ,Can Tho,VNA25-BD524494E4,,Long Bình,Long Binh
VN-04,Cần Thơ,Can Tho,VNA25-5D585EF644,,Long Hưng,Long Hung
VN-04,Cần Thơ,Can Tho,VNA25-EEBC2ABF3B,,Long Mỹ,Long My
VN-04,Cần Thơ,Can Tho,VNA25-9144AC37BD,,Long Phú,Long Phu
VN-04,Cần Thơ,Can Tho,VNA25-EF701ECC68,,Long Phú 1,Long Phu 1
VN-04,Cần Thơ,Can Tho,VNA25-77E90F1C50,,Long Tuyền,Long Tuyen
VN-04,Cần Thơ,Can Tho,VNA25-136AFFF60A,,Lương Tâm,Luong Tam
VN-04,Cần Thơ,Can Tho,VNA25-6D4AED16FA,,Mỹ Hương,My Huong
VN-04,Cần Thơ,Can Tho,VNA25-9720A4B201,,Mỹ Phước,My Phuoc
VN-04,Cần Thơ,Can Tho,VNA25-836613EF79,,Mỹ Quới,My Quoi
VN-04,Cần Thơ,Can Tho,VNA25-2542305CBC,,Mỹ Tú,My Tu
VN-04,Cần Thơ,Can Tho,VNA25-25A81D4B75,,Mỹ Xuyên,My Xuyen
VN-04,Cần Thơ,Can Tho,VNA25-2AC853B41C,,Ngã Bảy,Nga Bay
VN-04,Cần Thơ,Can Tho,VNA25-4C6AD7204C,,Ngã Năm,Nga Nam
VN-04,Cần Thơ,Can Tho,VNA25-A13B5720B3,,Ngọc Tố,Ngoc To
VN-04,Cần Thơ,Can Tho,VNA25-C56036DEB5,,Nhơn Ái,Nhon Ai
VN-04,Cần Thơ,Can Tho,VNA25-A75ABFC477,,Nhơn Mỹ,Nhon My
VN-04,Cần Thơ,Can Tho,VNA25-44AA7DDB2D,,Nhu Gia,Nhu Gia
VN-04,Cần Thơ,Can Tho,VNA25-0F184A893D,,Ninh Kiều,Ninh Kieu
VN-04,Cần Thơ,Can Tho,VNA25-F23242CB7A,,Ô Môn,O Mon
VN-04,Cần Thơ,Can Tho,VNA25-393007CCF6,,Phong Điền,Phong Dien
VN-04,Cần Thơ,Can Tho,VNA25-BEB4F47FC6,,Phong Nẫm,Phong Nam
VN-04,Cần Thơ,Can Tho,VNA25-290CD0E1AF,,Phú Hữu,Phu Huu
VN-04,Cần Thơ,Can Tho,VNA25-888B899990,,Phú Lộc,Phu Loc
VN-04,Cần Thơ,Can Tho,VNA25-50894E5DCC,,Phú Lợi,Phu Loi
VN-04,Cần Thơ,Can Tho,VNA25-D864E91241,,Phú Tâm,Phu Tam
VN-04,Cần Thơ,Can Tho,VNA25-D5D6A6013B,,Phụng Hiệp,Phung Hiep
VN-04,Cần Thơ,Can Tho,VNA25-CC1FD07912,,Phước Thới,Phuoc Thoi
VN-04,Cần Thơ,Can Tho,VNA25-C3C2612DE0,,Phương Bình,Phuong Binh
VN-04,Cần Thơ,Can Tho,VNA25-609E921900,,Sóc Trăng,Soc Trang
VN-04,Cần Thơ,Can Tho,VNA25-9A6BA7467C,,Tài Văn,Tai Van
VN-04,Cần Thơ,Can Tho,VNA25-0D1544CFBF,,Tân An,Tan An
VN-04,Cần Thơ,Can Tho,VNA25-5AA4245CDD,,Tân Bình,Tan Binh
VN-04,Cần Thơ,Can Tho,VNA25-4E96040F54,,Tân Hoà,Tan Hoa
VN-04,Cần Thơ,Can Tho,VNA25-66EA6C25EE,,Tân Lộc,Tan Loc
VN-04,Cần Thơ,Can Tho,VNA25-C9694AB927,,Tân Long,Tan Long
VN-04,Cần Thơ,Can Tho,VNA25-FB12BE8F6D,,Tân Phước Hưng,Tan Phuoc Hung
VN-04,Cần Thơ,Can Tho,VNA25-D3952C90C9,,Tân Thạnh,Tan Thanh
VN-04,Cần Thơ,Can Tho,VNA25-F83A895E94,,Thạnh An,Thanh An
VN-04,Cần Thơ,Can Tho,VNA25-8C9DD84C57,,Thạnh Hoà,Thanh Hoa
VN-04,Cần Thơ,Can Tho,VNA25-ED41BB2CD9,,Thạnh Phú,Thanh Phu
VN-04,Cần Thơ,Can Tho,VNA25-4C519F5205,,Thạnh Quới,Thanh Quoi
VN-04,Cần Thơ,Can Tho,VNA25-B43B56FC7C,,Thạnh Thới An,Thanh Thoi An
VN-04,Cần Thơ,Can Tho,VNA25-C745779BA0,,Thạnh Xuân,Thanh Xuan
VN-04,Cần Thơ,Can Tho,VNA25-2D834B8F2D,,Thới An Đông,Thoi An Dong
VN-04,Cần Thơ,Can Tho,VNA25-796C95E116,,Thới An Hội,Thoi An Hoi
VN-04,Cần Thơ,Can Tho,VNA25-EFE0530246,,Thới Hưng,Thoi Hung
VN-04,Cần Thơ,Can Tho,VNA25-4E4A11E4FC,,Thới Lai,Thoi Lai
VN-04,Cần Thơ,Can Tho,VNA25-1D96F42559,,Thới Long,Thoi Long
VN-04,Cần Thơ,Can Tho,VNA25-008C84A9B8,,Thốt Nốt,Thot Not
VN-04,Cần Thơ,Can Tho,VNA25-388C15B6BC,,Thuận Hoà,Thuan Hoa
VN-04,Cần Thơ,Can Tho,VNA25-D7376D36C5,,Thuận Hưng,Thuan Hung
VN-04,Cần Thơ,Can Tho,VNA25-1174572731,,Trần Đề,Tran De
VN-04,Cần Thơ,Can Tho,VNA25-96D082B536,,Trung Hưng,Trung Hung
VN-04,Cần Thơ,Can Tho,VNA25-2A417EF77A,,Trung Nhứt,Trung Nhat
VN-04,Cần Thơ,Can Tho,VNA25-2B6A86383B,,Trường Khánh,Truong Khanh
VN-04,Cần Thơ,Can Tho,VNA25-F8E4057E72,,Trường Long,Truong Long
VN-04,Cần Thơ,Can Tho,VNA25-C30DA5AC37,,Trường Long Tây,Truong Long Tay
VN-04,Cần Thơ,Can Tho,VNA25-7594EDED95,,Trường Thành,Truong Thanh
VN-04,Cần Thơ,Can Tho,VNA25-E1E3099AC4,,Trường Xuân,Truong Xuan
VN-04,Cần Thơ,Can Tho,VNA25-4C0AA2C108,,Vị Tân,Vi Tan
VN-04,Cần Thơ,Can Tho,VNA25-E415064A42,,Vị Thanh,Vi Thanh
VN-04,Cần Thơ,Can Tho,VNA25-681B4D12CD,,Vị Thanh 1,Vi Thanh 1
VN-04,Cần Thơ,Can Tho,VNA25-AE74563148,,Vị Thủy,Vi Thuy
VN-04,Cần Thơ,Can Tho,VNA25-84B1325663,,Vĩnh Châu,Vinh Chau
VN-04,Cần Thơ,Can Tho,VNA25-F956C5EDF7,,Vĩnh Hải,Vinh Hai
VN-04,Cần Thơ,Can Tho,VNA25-6045669138,,Vĩnh Lợi,Vinh Loi
VN-04,Cần Thơ,Can Tho,VNA25-5D80EA4152,,Vĩnh Phước,Vinh Phuoc
VN-04,Cần Thơ,Can Tho,VNA25-C8A2163692,,Vĩnh Thạnh,Vinh Thanh
VN-04,Cần Thơ,Can Tho,VNA25-9DBF21E5F6,,Vĩnh Thuận Đông,Vinh Thuan Dong
VN-04,Cần Thơ,Can Tho,VNA25-133717A9CC,,Vĩnh Trinh,Vinh Trinh
VN-04,Cần Thơ,Can Tho,VNA25-B99137DA4F,,Vĩnh Tường,Vinh Tuong
VN-04,Cần Thơ,Can Tho,VNA25-AD7935D827,,Vĩnh Viễn,Vinh Vien
VN-04,Cần Thơ,Can Tho,VNA25-C9AA185AE6,,Xà Phiên,Xa Phien
VN-05,Cao Bằng,Cao Bang,VNA25-7E17CC0B57,,Bạch Đằng,Bach Dang
VN-05,Cao Bằng,Cao Bang,VNA25-5A0151A6C1,,Bảo Lạc,Bao Lac
VN-05,Cao Bằng,Cao Bang,VNA25-B40D8E6546,,Bảo Lâm,Bao Lam
VN-05,Cao Bằng,Cao Bang,VNA25-FEB15EB859,,Bế Văn Đàn,Be Van Dan
VN-05,Cao Bằng,Cao Bang,VNA25-BBB9CE1823,,Ca Thành,Ca Thanh
VN-05,Cao Bằng,Cao Bang,VNA25-E42790A356,,Cần Yên,Can Yen
VN-05,Cao Bằng,Cao Bang,VNA25-962D6FB368,,Canh Tân,Canh Tan
VN-05,Cao Bằng,Cao Bang,VNA25-292DADF106,,Cô Ba,Co Ba
VN-05,Cao Bằng,Cao Bang,VNA25-751B53D1C8,,Cốc Pàng,Coc Pang
VN-05,Cao Bằng,Cao Bang,VNA25-FDA6536D53,,Đàm Thuỷ,Dam Thuy
VN-05,Cao Bằng,Cao Bang,VNA25-C31E5D98F5,,Đình Phong,Dinh Phong
VN-05,Cao Bằng,Cao Bang,VNA25-210B104BC2,,Đoài Dương,Doai Duong
VN-05,Cao Bằng,Cao Bang,VNA25-7A6BFFFDDA,,Độc Lập,Doc Lap
VN-05,Cao Bằng,Cao Bang,VNA25-C1E0521C44,,Đông Khê,Dong Khe
VN-05,Cao Bằng,Cao Bang,VNA25-74B82E54C9,,Đức Long,Duc Long
VN-05,Cao Bằng,Cao Bang,VNA25-071672576B,,Hạ Lang,Ha Lang
VN-05,Cao Bằng,Cao Bang,VNA25-0B8FD79557,,Hà Quảng,Ha Quang
VN-05,Cao Bằng,Cao Bang,VNA25-BBCC586434,,Hạnh Phúc,Hanh Phuc
VN-05,Cao Bằng,Cao Bang,VNA25-A928A1BDCC,,Hoà An,Hoa An
VN-05,Cao Bằng,Cao Bang,VNA25-3F6CB1BD17,,Hưng Đạo,Hung Dao
VN-05,Cao Bằng,Cao Bang,VNA25-D7C08927A3,,Huy Giáp,Huy Giap
VN-05,Cao Bằng,Cao Bang,VNA25-206B457454,,Khánh Xuân,Khanh Xuan
VN-05,Cao Bằng,Cao Bang,VNA25-40996347FC,,Kim Đồng,Kim Dong
VN-05,Cao Bằng,Cao Bang,VNA25-E9281B7E5C,,Lũng Nặm,Lung Nam
VN-05,Cao Bằng,Cao Bang,VNA25-AB41274F65,,Lý Bôn,Ly Bon
VN-05,Cao Bằng,Cao Bang,VNA25-13FA5509F2,,Lý Quốc,Ly Quoc
VN-05,Cao Bằng,Cao Bang,VNA25-24A058DC71,,Minh Khai,Minh Khai
VN-05,Cao Bằng,Cao Bang,VNA25-799DA506A9,,Minh Tâm,Minh Tam
VN-05,Cao Bằng,Cao Bang,VNA25-DFFC933A00,,Nam Quang,Nam Quang
VN-05,Cao Bằng,Cao Bang,VNA25-9544A2E5B2,,Nam Tuấn,Nam Tuan
VN-05,Cao Bằng,Cao Bang,VNA25-6D590D7DEB,,Nguyên Bình,Nguyen Binh
VN-05,Cao Bằng,Cao Bang,VNA25-D0DE73778C,,Nguyễn Huệ,Nguyen Hue
VN-05,Cao Bằng,Cao Bang,VNA25-3E99F7878C,,Nùng Trí Cao,Nung Tri Cao
VN-05,Cao Bằng,Cao Bang,VNA25-BD234E95E5,,Phan Thanh,Phan Thanh
VN-05,Cao Bằng,Cao Bang,VNA25-AF3D1879CC,,Phục Hoà,Phuc Hoa
VN-05,Cao Bằng,Cao Bang,VNA25-DA9B52696A,,Quang Hán,Quang Han
VN-05,Cao Bằng,Cao Bang,VNA25-78D3E48061,,Quảng Lâm,Quang Lam
VN-05,Cao Bằng,Cao Bang,VNA25-84558E099B,,Quang Long,Quang Long
VN-05,Cao Bằng,Cao Bang,VNA25-56A7A4A089,,Quang Trung,Quang Trung
VN-05,Cao Bằng,Cao Bang,VNA25-557DCD43D6,,Quảng Uyên,Quang Uyen
VN-05,Cao Bằng,Cao Bang,VNA25-2C4AEAA78F,,Sơn Lộ,Son Lo
VN-05,Cao Bằng,Cao Bang,VNA25-8B015C47A6,,Tam Kim,Tam Kim
VN-05,Cao Bằng,Cao Bang,VNA25-AD0C7563ED,,Tân Giang,Tan Giang
VN-05,Cao Bằng,Cao Bang,VNA25-8622C61E37,,Thạch An,Thach An
VN-05,Cao Bằng,Cao Bang,VNA25-E18584CE03,,Thành Công,Thanh Cong
VN-05,Cao Bằng,Cao Bang,VNA25-FC1C8B91D8,,Thanh Long,Thanh Long
VN-05,Cao Bằng,Cao Bang,VNA25-5A480BEDE7,,Thông Nông,Thong Nong
VN-05,Cao Bằng,Cao Bang,VNA25-078DBA1816,,Thục Phán,Thuc Phan
VN-05,Cao Bằng,Cao Bang,VNA25-04727D5255,,Tĩnh Túc,Tinh Tuc
VN-05,Cao Bằng,Cao Bang,VNA25-133D3F104F,,Tổng Cọt,Tong Cot
VN-05,Cao Bằng,Cao Bang,VNA25-62735A51FA,,Trà Lĩnh,Tra Linh
VN-05,Cao Bằng,Cao Bang,VNA25-984B1DACBB,,Trùng Khánh,Trung Khanh
VN-05,Cao Bằng,Cao Bang,VNA25-AF64276B35,,Trường Hà,Truong Ha
VN-05,Cao Bằng,Cao Bang,VNA25-69608FAA7E,,Vinh Quý,Vinh Quy
VN-05,Cao Bằng,Cao Bang,VNA25-40039EE1F5,,Xuân Trường,Xuan Truong
VN-05,Cao Bằng,Cao Bang,VNA25-FF64181C4A,,Yên Thổ,Yen Tho
VN-06,Đà Nẵng,Da Nang,VNA25-2E592CE98F,,An Hải,An Hai
VN-06,Đà Nẵng,Da Nang,VNA25-CC1242125A,,An Khê,An Khe
VN-06,Đà Nẵng,Da Nang,VNA25-8D3748109A,,An Thắng,An Thang
VN-06,Đà Nẵng,Da Nang,VNA25-A88431B378,,Avương,Avuong
VN-06,Đà Nẵng,Da Nang,VNA25-16990D4980,,Bà Nà,Ba Na
VN-06,Đà Nẵng,Da Nang,VNA25-1F8AA4ACC5,,Bàn Thạch,Ban Thach
VN-06,Đà Nẵng,Da Nang,VNA25-DDD7CAAD75,,Bến Giằng,Ben Giang
VN-06,Đà Nẵng,Da Nang,VNA25-426C41D78A,,Bến Hiên,Ben Hien
VN-06,Đà Nẵng,Da Nang,VNA25-0BCFE479B7,,Cẩm Lệ,Cam Le
VN-06,Đà Nẵng,Da Nang,VNA25-BD7BA8C6EB,,Chiên Đàn,Chien Dan
VN-06,Đà Nẵng,Da Nang,VNA25-3BB5FEE687,,Đắc Pring,Dak Pring
VN-06,Đà Nẵng,Da Nang,VNA25-4CEB3A4046,,Đại Lộc,Dai Loc
VN-06,Đà Nẵng,Da Nang,VNA25-800F252D34,,Điện Bàn,Dien Ban
VN-06,Đà Nẵng,Da Nang,VNA25-3EFED9BD0A,,Điện Bàn Bắc,Dien Ban Bac
VN-06,Đà Nẵng,Da Nang,VNA25-B4681DA65D,,Điện Bàn Đông,Dien Ban Dong
VN-06,Đà Nẵng,Da Nang,VNA25-21642BD72F,,Điện Bàn Tây,Dien Ban Tay
VN-06,Đà Nẵng,Da Nang,VNA25-5E37530F34,,Đồng Dương,Dong Duong
VN-06,Đà Nẵng,Da Nang,VNA25-500AADA775,,Đông Giang,Dong Giang
VN-06,Đà Nẵng,Da Nang,VNA25-B644B141B8,,Đức Phú,Duc Phu
VN-06,Đà Nẵng,Da Nang,VNA25-8E9421CF79,,Duy Nghĩa,Duy Nghia
VN-06,Đà Nẵng,Da Nang,VNA25-FD3B9E20E5,,Duy Xuyên,Duy Xuyen
VN-06,Đà Nẵng,Da Nang,VNA25-0CD01C9688,,Gò Nổi,Go Noi
VN-06,Đà Nẵng,Da Nang,VNA25-5C5B83E682,,Hà Nha,Ha Nha
VN-06,Đà Nẵng,Da Nang,VNA25-D646A6223A,,Hải Châu,Hai Chau
VN-06,Đà Nẵng,Da Nang,VNA25-A46AB34532,,Hải Vân,Hai Van
VN-06,Đà Nẵng,Da Nang,VNA25-BB6499E6EF,,Hiệp Đức,Hiep Duc
VN-06,Đà Nẵng,Da Nang,VNA25-A2156757BB,,Hoà Cường,Hoa Cuong
VN-06,Đà Nẵng,Da Nang,VNA25-6611978598,,Hoà Khánh,Hoa Khanh
VN-06,Đà Nẵng,Da Nang,VNA25-6EF0BDB23D,,Hoà Tiến,Hoa Tien
VN-06,Đà Nẵng,Da Nang,VNA25-60588A0472,,Hoà Vang,Hoa Vang
VN-06,Đà Nẵng,Da Nang,VNA25-CA65D18B91,,Hoà Xuân,Hoa Xuan
VN-06,Đà Nẵng,Da Nang,VNA25-1CADA61989,,Hoàng Sa,Hoang Sa
VN-06,Đà Nẵng,Da Nang,VNA25-73059BDABD,,Hội An,Hoi An
VN-06,Đà Nẵng,Da Nang,VNA25-FEA73EB19F,,Hội An Đông,Hoi An Dong
VN-06,Đà Nẵng,Da Nang,VNA25-84AEF2550A,,Hội An Tây,Hoi An Tay
VN-06,Đà Nẵng,Da Nang,VNA25-60196578C1,,Hùng Sơn,Hung Son
VN-06,Đà Nẵng,Da Nang,VNA25-F6378F2E18,,Hương Trà,Huong Tra
VN-06,Đà Nẵng,Da Nang,VNA25-9D846A9045,,Khâm Đức,Kham Duc
VN-06,Đà Nẵng,Da Nang,VNA25-17FFA4B299,,La Dêê,La Dee
VN-06,Đà Nẵng,Da Nang,VNA25-CDE70B358D,,La Êê,La Ee
VN-06,Đà Nẵng,Da Nang,VNA25-FCAF6FA638,,Lãnh Ngọc,Lanh Ngoc
VN-06,Đà Nẵng,Da Nang,VNA25-FCB179EC01,,Liên Chiểu,Lien Chieu
VN-06,Đà Nẵng,Da Nang,VNA25-A8455729AD,,Nam Giang,Nam Giang
VN-06,Đà Nẵng,Da Nang,VNA25-62F90F8B19,,Nam Phước,Nam Phuoc
VN-06,Đà Nẵng,Da Nang,VNA25-9D27E8721D,,Nam Trà My,Nam Tra My
VN-06,Đà Nẵng,Da Nang,VNA25-12CF32B86B,,Ngũ Hành Sơn,Ngu Hanh Son
VN-06,Đà Nẵng,Da Nang,VNA25-35C626F0F1,,Nông Sơn,Nong Son
VN-06,Đà Nẵng,Da Nang,VNA25-75F0AE3C48,,Núi Thành,Nui Thanh
VN-06,Đà Nẵng,Da Nang,VNA25-089B81B0E8,,Phú Ninh,Phu Ninh
VN-06,Đà Nẵng,Da Nang,VNA25-DDFF0809F8,,Phú Thuận,Phu Thuan
VN-06,Đà Nẵng,Da Nang,VNA25-52595F2AE7,,Phước Chánh,Phuoc Chanh
VN-06,Đà Nẵng,Da Nang,VNA25-6A89C20B62,,Phước Hiệp,Phuoc Hiep
VN-06,Đà Nẵng,Da Nang,VNA25-B08D7D66C9,,Phước Năng,Phuoc Nang
VN-06,Đà Nẵng,Da Nang,VNA25-9D4D1BD089,,Phước Thành,Phuoc Thanh
VN-06,Đà Nẵng,Da Nang,VNA25-54E4C0F6A6,,Phước Trà,Phuoc Tra
VN-06,Đà Nẵng,Da Nang,VNA25-0D17D3D431,,Quảng Phú,Quang Phu
VN-06,Đà Nẵng,Da Nang,VNA25-6F1E351356,,Quế Phước,Que Phuoc
VN-06,Đà Nẵng,Da Nang,VNA25-60C46268EF,,Quế Sơn,Que Son
VN-06,Đà Nẵng,Da Nang,VNA25-7D6F56756C,,Quế Sơn Trung,Que Son Trung
VN-06,Đà Nẵng,Da Nang,VNA25-6A4D05C768,,Sơn Cẩm Hà,Son Cam Ha
VN-06,Đà Nẵng,Da Nang,VNA25-DDC874747D,,Sơn Trà,Son Tra
VN-06,Đà Nẵng,Da Nang,VNA25-B6012C49CF,,Sông Kôn,Song Kon
VN-06,Đà Nẵng,Da Nang,VNA25-FFB710CCCA,,Sông Vàng,Song Vang
VN-06,Đà Nẵng,Da Nang,VNA25-1C2DE8D46D,,Tam Anh,Tam Anh
VN-06,Đà Nẵng,Da Nang,VNA25-62024B1BE7,,Tam Hải,Tam Hai
VN-06,Đà Nẵng,Da Nang,VNA25-43D0FCEC4A,,Tam Kỳ,Tam Ky
VN-06,Đà Nẵng,Da Nang,VNA25-806F1875C0,,Tam Mỹ,Tam My
VN-06,Đà Nẵng,Da Nang,VNA25-6A2CA5CF44,,Tam Xuân,Tam Xuan
VN-06,Đà Nẵng,Da Nang,VNA25-EE7743EC6F,,Tân Hiệp,Tan Hiep
VN-06,Đà Nẵng,Da Nang,VNA25-775DCD1C1C,,Tây Giang,Tay Giang
VN-06,Đà Nẵng,Da Nang,VNA25-6D810EE46D,,Tây Hồ,Tay Ho
VN-06,Đà Nẵng,Da Nang,VNA25-A50F414760,,Thăng An,Thang An
VN-06,Đà Nẵng,Da Nang,VNA25-BACF03E337,,Thăng Bình,Thang Binh
VN-06,Đà Nẵng,Da Nang,VNA25-4EB6752621,,Thăng Điền,Thang Dien
VN-06,Đà Nẵng,Da Nang,VNA25-D395EB3DA8,,Thăng Phú,Thang Phu
VN-06,Đà Nẵng,Da Nang,VNA25-26AF838365,,Thăng Trường,Thang Truong
VN-06,Đà Nẵng,Da Nang,VNA25-0B5D25720F,,Thạnh Bình,Thanh Binh
VN-06,Đà Nẵng,Da Nang,VNA25-BCD38AF10E,,Thanh Khê,Thanh Khe
VN-06,Đà Nẵng,Da Nang,VNA25-A8C36343FF,,Thạnh Mỹ,Thanh My
VN-06,Đà Nẵng,Da Nang,VNA25-FC59D9A5D8,,Thu Bồn,Thu Bon
VN-06,Đà Nẵng,Da Nang,VNA25-2AC7505E9D,,Thượng Đức,Thuong Duc
VN-06,Đà Nẵng,Da Nang,VNA25-8E3BE9097E,,Tiên Phước,Tien Phuoc
VN-06,Đà Nẵng,Da Nang,VNA25-A231C31CA9,,Trà Đốc,Tra Doc
VN-06,Đà Nẵng,Da Nang,VNA25-43E6F636BD,,Trà Giáp,Tra Giap
VN-06,Đà Nẵng,Da Nang,VNA25-7A82BA9D80,,Trà Leng,Tra Leng
VN-06,Đà Nẵng,Da Nang,VNA25-5CD237C613,,Trà Liên,Tra Lien
VN-06,Đà Nẵng,Da Nang,VNA25-F2287BAC71,,Trà Linh,Tra Linh
VN-06,Đà Nẵng,Da Nang,VNA25-FBA1586603,,Trà My,Tra My
VN-06,Đà Nẵng,Da Nang,VNA25-9F073D5381,,Trà Tân,Tra Tan
VN-06,Đà Nẵng,Da Nang,VNA25-77B1C953E5,,Trà Tập,Tra Tap
VN-06,Đà Nẵng,Da Nang,VNA25-434AE72D09,,Trà Vân,Tra Van
VN-06,Đà Nẵng,Da Nang,VNA25-418D92D5ED,,Việt An,Viet An
VN-06,Đà Nẵng,Da Nang,VNA25-AC6A0113AE,,Vu Gia,Vu Gia
VN-06,Đà Nẵng,Da Nang,VNA25-38E6487E89,,Xuân Phú,Xuan Phu
VN-07,Đắk Lắk,Dak Lak,VNA25-14A869BBB1,,Bình Kiến,Binh Kien
VN-07,Đắk Lắk,Dak Lak,VNA25-264FE7C300,,Buôn Đôn,Buon Don
VN-07,Đắk Lắk,Dak Lak,VNA25-11016C037E,,Buôn Hồ,Buon Ho
VN-07,Đắk Lắk,Dak Lak,VNA25-E0E1FB7EA4,,Buôn Ma Thuột,Buon Ma Thuot
VN-07,Đắk Lắk,Dak Lak,VNA25-FFE71FB9AE,,Cư Bao,Cu Bao
VN-07,Đắk Lắk,Dak Lak,VNA25-E3394F379D,,Cư M’gar,Cu M'gar
VN-07,Đắk Lắk,Dak Lak,VNA25-95AEA6ACC8,,Cư M’ta,Cu M'ta
VN-07,Đắk Lắk,Dak Lak,VNA25-BA72FB0335,,Cư Pơng,Cu Pong
VN-07,Đắk Lắk,Dak Lak,VNA25-CA47E33E3C,,Cư Prao,Cu Prao
VN-07,Đắk Lắk,Dak Lak,VNA25-5F7BF8BF12,,Cư Pui,Cu Pui
VN-07,Đắk Lắk,Dak Lak,VNA25-AB36628363,,Cư Yang,Cu Yang
VN-07,Đắk Lắk,Dak Lak,VNA25-ED2E763574,,Cuôr Đăng,Cuor Dang
VN-07,Đắk Lắk,Dak Lak,VNA25-C6651C6777,,Đắk Liêng,Dak Lieng
VN-07,Đắk Lắk,Dak Lak,VNA25-6A28CB7A27,,Đắk Phơi,Dak Phoi
VN-07,Đắk Lắk,Dak Lak,VNA25-89E450BC6C,,Dang Kang,Dang Kang
VN-07,Đắk Lắk,Dak Lak,VNA25-A93DDCE7E6,,Dliê Ya,Dliê Ya
VN-07,Đắk Lắk,Dak Lak,VNA25-7AC02521E4,,Đông Hòa,Dong Hoa
VN-07,Đắk Lắk,Dak Lak,VNA25-475EF857CA,,Đồng Xuân,Dong Xuan
VN-07,Đắk Lắk,Dak Lak,VNA25-19606A11DA,,Dray Bhăng,Dray Bhang
VN-07,Đắk Lắk,Dak Lak,VNA25-8E72E65561,,Đức Bình,Duc Binh
VN-07,Đắk Lắk,Dak Lak,VNA25-99109608A0,,Dur Kmăl,Dur Kmăl
VN-07,Đắk Lắk,Dak Lak,VNA25-2EE41C2E5A,,Ea Bá,Ea Ba
VN-07,Đắk Lắk,Dak Lak,VNA25-93CE8AF542,,Ea Bung,Ea Bung
VN-07,Đắk Lắk,Dak Lak,VNA25-009E10585F,,Ea Drăng,Ea Drang
VN-07,Đắk Lắk,Dak Lak,VNA25-D3454F30AE,,Ea Drông,Ea Drong
VN-07,Đắk Lắk,Dak Lak,VNA25-9313491A4D,,Ea Hiao,Ea Hiao
VN-07,Đắk Lắk,Dak Lak,VNA25-969809994A,,Ea H’leo,Ea H'leo
VN-07,Đắk Lắk,Dak Lak,VNA25-A9F1973520,,Ea Kao,Ea Kao
VN-07,Đắk Lắk,Dak Lak,VNA25-ED4AAA0D69,,Ea Kar,Ea Kar
VN-07,Đắk Lắk,Dak Lak,VNA25-9CFE2EB936,,Ea Khăl,Ea Khal
VN-07,Đắk Lắk,Dak Lak,VNA25-CC85297172,,Ea Kiết,Ea Kiet
VN-07,Đắk Lắk,Dak Lak,VNA25-A42DE6BAFC,,Ea Kly,Ea Kly
VN-07,Đắk Lắk,Dak Lak,VNA25-6127DA5923,,Ea Knốp,Ea Knop
VN-07,Đắk Lắk,Dak Lak,VNA25-07A0B818E2,,Ea Knuếc,Ea Knuec
VN-07,Đắk Lắk,Dak Lak,VNA25-EDF6C135F2,,Ea Ktur,Ea Ktur
VN-07,Đắk Lắk,Dak Lak,VNA25-DEFFDDF81C,,Ea Ly,Ea Ly
VN-07,Đắk Lắk,Dak Lak,VNA25-540F1A8B29,,Ea M’Droh,Ea M'Droh
VN-07,Đắk Lắk,Dak Lak,VNA25-79D87C0A3D,,Ea Na,Ea Na
VN-07,Đắk Lắk,Dak Lak,VNA25-AA64A54C47,,Ea Ning,Ea Ning
VN-07,Đắk Lắk,Dak Lak,VNA25-48F3876AE0,,Ea Nuôl,Ea Nuol
VN-07,Đắk Lắk,Dak Lak,VNA25-1DB7403AE0,,Ea Ô,Ea O
VN-07,Đắk Lắk,Dak Lak,VNA25-5E8F71A25B,,Ea Păl,Ea Pal
VN-07,Đắk Lắk,Dak Lak,VNA25-B044710A2D,,Ea Phê,Ea Phe
VN-07,Đắk Lắk,Dak Lak,VNA25-D31B7A9476,,Ea Riêng,Ea Rieng
VN-07,Đắk Lắk,Dak Lak,VNA25-601FCE8347,,Ea Rốk,Ea Rok
VN-07,Đắk Lắk,Dak Lak,VNA25-B283E3C2AB,,Ea Súp,Ea Sup
VN-07,Đắk Lắk,Dak Lak,VNA25-8543255221,,Ea Trang,Ea Trang
VN-07,Đắk Lắk,Dak Lak,VNA25-491158A333,,Ea Tul,Ea Tul
VN-07,Đắk Lắk,Dak Lak,VNA25-325C9B839C,,Ea Wer,Ea Wer
VN-07,Đắk Lắk,Dak Lak,VNA25-CA91ED83DD,,Ea Wy,Ea Wy
VN-07,Đắk Lắk,Dak Lak,VNA25-2257664EF7,,Hòa Hiệp,Hoa Hiep
VN-07,Đắk Lắk,Dak Lak,VNA25-0015E5DE76,,Hòa Mỹ,Hoa My
VN-07,Đắk Lắk,Dak Lak,VNA25-D3E0718A34,,Hoà Phú,Hoa Phu
VN-07,Đắk Lắk,Dak Lak,VNA25-3C017B54A5,,Hoà Sơn,Hoa Son
VN-07,Đắk Lắk,Dak Lak,VNA25-E709F99C49,,Hòa Thịnh,Hoa Thinh
VN-07,Đắk Lắk,Dak Lak,VNA25-11956AB2A7,,Hòa Xuân,Hoa Xuan
VN-07,Đắk Lắk,Dak Lak,VNA25-5A45B40FA8,,Ia Lốp,Ia Lop
VN-07,Đắk Lắk,Dak Lak,VNA25-331B790258,,Ia Rvê,Ia Rve
VN-07,Đắk Lắk,Dak Lak,VNA25-49CF2F79C5,,Krông Á,Krong A
VN-07,Đắk Lắk,Dak Lak,VNA25-8B0DA80C84,,Krông Ana,Krong Ana
VN-07,Đắk Lắk,Dak Lak,VNA25-0C14581E22,,Krông Bông,Krong Bong
VN-07,Đắk Lắk,Dak Lak,VNA25-9E3BBF484D,,Krông Búk,Krong Buk
VN-07,Đắk Lắk,Dak Lak,VNA25-E91E21640F,,Krông Năng,Krong Nang
VN-07,Đắk Lắk,Dak Lak,VNA25-FA8D407739,,Krông Nô,Krong No
VN-07,Đắk Lắk,Dak Lak,VNA25-1CB5BAC8E3,,Krông Pắc,Krong Pac
VN-07,Đắk Lắk,Dak Lak,VNA25-9031A96D7C,,Liên Sơn Lắk,Lien Son Lak
VN-07,Đắk Lắk,Dak Lak,VNA25-84560C78D9,,M’Drắk,M'Drak
VN-07,Đắk Lắk,Dak Lak,VNA25-2B933644BD,,Nam Ka,Nam Ka
VN-07,Đắk Lắk,Dak Lak,VNA25-1EE0D370C4,,Ô Loan,O Loan
VN-07,Đắk Lắk,Dak Lak,VNA25-6AD555CBF5,,Phú Hòa 1,Phu Hoa 1
VN-07,Đắk Lắk,Dak Lak,VNA25-71AF8FB150,,Phú Hòa 2,Phu Hoa 2
VN-07,Đắk Lắk,Dak Lak,VNA25-CE1F8E1B28,,Phú Mỡ,Phu Mo
VN-07,Đắk Lắk,Dak Lak,VNA25-114CBEBD07,,Phú Xuân,Phu Xuan
VN-07,Đắk Lắk,Dak Lak,VNA25-1811CA48D7,,Phú Yên,Phu Yen
VN-07,Đắk Lắk,Dak Lak,VNA25-E5A69DB487,,Pơng Drang,Pong Drang
VN-07,Đắk Lắk,Dak Lak,VNA25-68228B2425,,Quảng Phú,Quang Phu
VN-07,Đắk Lắk,Dak Lak,VNA25-E6076F4FB4,,Sơn Hòa,Son Hoa
VN-07,Đắk Lắk,Dak Lak,VNA25-B2569F02D3,,Sơn Thành,Son Thanh
VN-07,Đắk Lắk,Dak Lak,VNA25-A0CF80896C,,Sông Cầu,Song Cau
VN-07,Đắk Lắk,Dak Lak,VNA25-1437238611,,Sông Hinh,Song Hinh
VN-07,Đắk Lắk,Dak Lak,VNA25-087F0EE25A,,Suối Trai,Suoi Trai
VN-07,Đắk Lắk,Dak Lak,VNA25-F8BD8BFDA0,,Tam Giang,Tam Giang
VN-07,Đắk Lắk,Dak Lak,VNA25-0D37AA8EEE,,Tân An,Tan An
VN-07,Đắk Lắk,Dak Lak,VNA25-72F94D1A53,,Tân Lập,Tan Lap
VN-07,Đắk Lắk,Dak Lak,VNA25-3CC161E1B7,,Tân Tiến,Tan Tien
VN-07,Đắk Lắk,Dak Lak,VNA25-52D21C1EA8,,Tây Hòa,Tay Hoa
VN-07,Đắk Lắk,Dak Lak,VNA25-B3DFDC56F1,,Tây Sơn,Tay Son
VN-07,Đắk Lắk,Dak Lak,VNA25-76B6BF3F0B,,Thành Nhất,Thanh Nhat
VN-07,Đắk Lắk,Dak Lak,VNA25-D9044422D3,,Tuy An Bắc,Tuy An Bac
VN-07,Đắk Lắk,Dak Lak,VNA25-3D893A29EF,,Tuy An Đông,Tuy An Dong
VN-07,Đắk Lắk,Dak Lak,VNA25-EC51D3B294,,Tuy An Nam,Tuy An Nam
VN-07,Đắk Lắk,Dak Lak,VNA25-E0BBF56038,,Tuy An Tây,Tuy An Tay
VN-07,Đắk Lắk,Dak Lak,VNA25-C7CAF5C3E2,,Tuy Hòa,Tuy Hoa
VN-07,Đắk Lắk,Dak Lak,VNA25-CB1AEDE30D,,Vân Hòa,Van Hoa
VN-07,Đắk Lắk,Dak Lak,VNA25-DD7E307D7B,,Vụ Bổn,Vu Bon
VN-07,Đắk Lắk,Dak Lak,VNA25-10A4A52EAD,,Xuân Cảnh,Xuan Canh
VN-07,Đắk Lắk,Dak Lak,VNA25-0A8F2265F8,,Xuân Đài,Xuan Dai
VN-07,Đắk Lắk,Dak Lak,VNA25-7992DB1616,,Xuân Lãnh,Xuan Lanh
VN-07,Đắk Lắk,Dak Lak,VNA25-151CD856D4,,Xuân Lộc,Xuan Loc
VN-07,Đắk Lắk,Dak Lak,VNA25-742BA3EFC1,,Xuân Phước,Xuan Phuoc
VN-07,Đắk Lắk,Dak Lak,VNA25-F1AE7182DD,,Xuân Thọ,Xuan Tho
VN-07,Đắk Lắk,Dak Lak,VNA25-0E004E4F0F,,Yang Mao,Yang Mao
VN-08,Điện Biên,Dien Bien,VNA25-1B4F08F87E,,Búng Lao,Bung Lao
VN-08,Điện Biên,Dien Bien,VNA25-45F4A221D4,,Chà Tở,Cha To
VN-08,Điện Biên,Dien Bien,VNA25-3C76166EB2,,Chiềng Sinh,Chieng Sinh
VN-08,Điện Biên,Dien Bien,VNA25-238CB22DD7,,Điện Biên Phủ,Dien Bien Phu
VN-08,Điện Biên,Dien Bien,VNA25-5A736CA210,,Mường Ảng,Muong Ang
VN-08,Điện Biên,Dien Bien,VNA25-FCD8675C95,,Mường Chà,Muong Cha
VN-08,Điện Biên,Dien Bien,VNA25-5D86B335B6,,Mường Lạn,Muong Lan
VN-08,Điện Biên,Dien Bien,VNA25-5318152440,,Mường Lay,Muong Lay
VN-08,Điện Biên,Dien Bien,VNA25-1A21AD0014,,Mường Luân,Muong Luan
VN-08,Điện Biên,Dien Bien,VNA25-ABE106CB20,,Mường Mùn,Muong Mun
VN-08,Điện Biên,Dien Bien,VNA25-5802009612,,Mường Nhà,Muong Nha
VN-08,Điện Biên,Dien Bien,VNA25-F6C6BBC75A,,Mường Nhé,Muong Nhe
VN-08,Điện Biên,Dien Bien,VNA25-2F489BE54B,,Mường Phăng,Muong Phang
VN-08,Điện Biên,Dien Bien,VNA25-314B568EA8,,Mường Pồn,Muong Pon
VN-08,Điện Biên,Dien Bien,VNA25-2E48FF2D7E,,Mường Thanh,Muong Thanh
VN-08,Điện Biên,Dien Bien,VNA25-08E3755FF1,,Mường Toong,Muong Toong
VN-08,Điện Biên,Dien Bien,VNA25-777E9072DC,,Mường Tùng,Muong Tung
VN-08,Điện Biên,Dien Bien,VNA25-6FC8A8ADD8,,Nà Bủng,Na Bung
VN-08,Điện Biên,Dien Bien,VNA25-D9D117B096,,Nà Hỳ,Na Hy
VN-08,Điện Biên,Dien Bien,VNA25-BCBE73D33E,,Na Sang,Na Sang
VN-08,Điện Biên,Dien Bien,VNA25-08DDD71C87,,Na Son,Na Son
VN-08,Điện Biên,Dien Bien,VNA25-AEF3DC9977,,Nà Tấu,Na Tau
VN-08,Điện Biên,Dien Bien,VNA25-5C234BA455,,Nậm Kè,Nam Ke
VN-08,Điện Biên,Dien Bien,VNA25-4362876217,,Nậm Nèn,Nam Nen
VN-08,Điện Biên,Dien Bien,VNA25-417C7A966C,,Núa Ngam,Nua Ngam
VN-08,Điện Biên,Dien Bien,VNA25-630F2E46BD,,Pa Ham,Pa Ham
VN-08,Điện Biên,Dien Bien,VNA25-6FA197DB7D,,Phình Giàng,Phinh Giang
VN-08,Điện Biên,Dien Bien,VNA25-C74E35B9E0,,Pu Nhi,Pu Nhi
VN-08,Điện Biên,Dien Bien,VNA25-1D1FDAD61A,,Pú Nhung,Pu Nhung
VN-08,Điện Biên,Dien Bien,VNA25-E59487C953,,Quài Tở,Quai To
VN-08,Điện Biên,Dien Bien,VNA25-62C7ABDC41,,Quảng Lâm,Quang Lam
VN-08,Điện Biên,Dien Bien,VNA25-232A2806CB,,Sam Mứn,Sam Mun
VN-08,Điện Biên,Dien Bien,VNA25-FAE7F9B654,,Sáng Nhè,Sang Nhe
VN-08,Điện Biên,Dien Bien,VNA25-3999F12C26,,Si Pa Phìn,Si Pa Phin
VN-08,Điện Biên,Dien Bien,VNA25-D1BABB8AA2,,Sín Chải,Sin Chai
VN-08,Điện Biên,Dien Bien,VNA25-DBE7788DF8,,Sín Thầu,Sin Thau
VN-08,Điện Biên,Dien Bien,VNA25-E706ED7C32,,Sính Phình,Sinh Phinh
VN-08,Điện Biên,Dien Bien,VNA25-84854FF507,,Thanh An,Thanh An
VN-08,Điện Biên,Dien Bien,VNA25-466ED1113E,,Thanh Nưa,Thanh Nua
VN-08,Điện Biên,Dien Bien,VNA25-A7E379B6FF,,Thanh Yên,Thanh Yen
VN-08,Điện Biên,Dien Bien,VNA25-B116F837A6,,Tìa Dình,Tia Dinh
VN-08,Điện Biên,Dien Bien,VNA25-218DC89809,,Tủa Chùa,Tua Chua
VN-08,Điện Biên,Dien Bien,VNA25-EB7CB40A2A,,Tủa Thàng,Tua Thang
VN-08,Điện Biên,Dien Bien,VNA25-807CE27CF4,,Tuần Giáo,Tuan Giao
VN-08,Điện Biên,Dien Bien,VNA25-D849BF41AD,,Xa Dung,Xa Dung
VN-09,Đồng Nai,Dong Nai,VNA25-E441AA2782,,An Lộc,An Loc
VN-09,Đồng Nai,Dong Nai,VNA25-3B8E4CD4A7,,An Phước,An Phuoc
VN-09,Đồng Nai,Dong Nai,VNA25-E858B03853,,An Viễn,An Vien
VN-09,Đồng Nai,Dong Nai,VNA25-FD13E89049,,Bảo Vinh,Bao Vinh
VN-09,Đồng Nai,Dong Nai,VNA25-7AA7AACE62,,Bàu Hàm,Bau Ham
VN-09,Đồng Nai,Dong Nai,VNA25-4F483D8BB5,,Biên Hoà,Bien Hoa
VN-09,Đồng Nai,Dong Nai,VNA25-771EE4FEF1,,Bình An,Binh An
VN-09,Đồng Nai,Dong Nai,VNA25-99DA2410D4,,Bình Lộc,Binh Loc
VN-09,Đồng Nai,Dong Nai,VNA25-F2BA4ACF3E,,Bình Long,Binh Long
VN-09,Đồng Nai,Dong Nai,VNA25-A7922A2CA7,,Bình Minh,Binh Minh
VN-09,Đồng Nai,Dong Nai,VNA25-988391F7C7,,Bình Phước,Binh Phuoc
VN-09,Đồng Nai,Dong Nai,VNA25-C9EDCE0AEE,,Bình Tân,Binh Tan
VN-09,Đồng Nai,Dong Nai,VNA25-E4B05210AF,,Bom Bo,Bom Bo
VN-09,Đồng Nai,Dong Nai,VNA25-4C1514F5F7,,Bù Đăng,Bu Dang
VN-09,Đồng Nai,Dong Nai,VNA25-2C14AF27F6,,Bù Gia Mập,Bu Gia Map
VN-09,Đồng Nai,Dong Nai,VNA25-A4CB1E7AD6,,Cẩm Mỹ,Cam My
VN-09,Đồng Nai,Dong Nai,VNA25-70D04B51A2,,Chơn Thành,Chon Thanh
VN-09,Đồng Nai,Dong Nai,VNA25-A3E97828F7,,Đa Kia,Da Kia
VN-09,Đồng Nai,Dong Nai,VNA25-90F0D12DC3,,Đại Phước,Dai Phuoc
VN-09,Đồng Nai,Dong Nai,VNA25-5AD0272153,,Đak Lua,Dak Lua
VN-09,Đồng Nai,Dong Nai,VNA25-4E26D550E9,,Đak Nhau,Dak Nhau
VN-09,Đồng Nai,Dong Nai,VNA25-CD2630A73A,,Đăk Ơ,Dak O
VN-09,Đồng Nai,Dong Nai,VNA25-A53C889C82,,Dầu Giây,Dau Giay
VN-09,Đồng Nai,Dong Nai,VNA25-A6E69921DA,,Định Quán,Dinh Quan
VN-09,Đồng Nai,Dong Nai,VNA25-EE3D89409A,,Đồng Phú,Dong Phu
VN-09,Đồng Nai,Dong Nai,VNA25-183CAFAA82,,Đồng Tâm,Dong Tam
VN-09,Đồng Nai,Dong Nai,VNA25-C56FDA7C25,,Đồng Xoài,Dong Xoai
VN-09,Đồng Nai,Dong Nai,VNA25-1ABB3DDC3D,,Gia Kiệm,Gia Kiem
VN-09,Đồng Nai,Dong Nai,VNA25-C0E1931F24,,Hàng Gòn,Hang Gon
VN-09,Đồng Nai,Dong Nai,VNA25-D9F401A3A9,,Hố Nai,Ho Nai
VN-09,Đồng Nai,Dong Nai,VNA25-86CCDD6A27,,Hưng Phước,Hung Phuoc
VN-09,Đồng Nai,Dong Nai,VNA25-131160028B,,Hưng Thịnh,Hung Thinh
VN-09,Đồng Nai,Dong Nai,VNA25-76D3398308,,La Ngà,La Nga
VN-09,Đồng Nai,Dong Nai,VNA25-8D68B0458E,,Lộc Hưng,Loc Hung
VN-09,Đồng Nai,Dong Nai,VNA25-1BBE5AB938,,Lộc Ninh,Loc Ninh
VN-09,Đồng Nai,Dong Nai,VNA25-C4ECDD34D4,,Lộc Quang,Loc Quang
VN-09,Đồng Nai,Dong Nai,VNA25-C73B7B4B76,,Lộc Tấn,Loc Tan
VN-09,Đồng Nai,Dong Nai,VNA25-02A22837AD,,Lộc Thành,Loc Thanh
VN-09,Đồng Nai,Dong Nai,VNA25-4D74363864,,Lộc Thạnh,Loc Thanh
VN-09,Đồng Nai,Dong Nai,VNA25-7094ED31CB,,Long Bình,Long Binh
VN-09,Đồng Nai,Dong Nai,VNA25-B24F051F8F,,Long Hà,Long Ha
VN-09,Đồng Nai,Dong Nai,VNA25-4D79F6EE27,,Long Hưng,Long Hung
VN-09,Đồng Nai,Dong Nai,VNA25-FA62D19EBE,,Long Khánh,Long Khanh
VN-09,Đồng Nai,Dong Nai,VNA25-7CC339BAC0,,Long Phước,Long Phuoc
VN-09,Đồng Nai,Dong Nai,VNA25-987FC5C777,,Long Thành,Long Thanh
VN-09,Đồng Nai,Dong Nai,VNA25-3CD4D019AD,,Minh Đức,Minh Duc
VN-09,Đồng Nai,Dong Nai,VNA25-B6E15484C3,,Minh Hưng,Minh Hung
VN-09,Đồng Nai,Dong Nai,VNA25-2F79F41A4C,,Nam Cát Tiên,Nam Cat Tien
VN-09,Đồng Nai,Dong Nai,VNA25-09AEE8FFB9,,Nghĩa Trung,Nghia Trung
VN-09,Đồng Nai,Dong Nai,VNA25-33E8B6EEEE,,Nha Bích,Nha Bich
VN-09,Đồng Nai,Dong Nai,VNA25-FFAF490E78,,Nhơn Trạch,Nhon Trach
VN-09,Đồng Nai,Dong Nai,VNA25-A05EA29A50,,Phú Hoà,Phu Hoa
VN-09,Đồng Nai,Dong Nai,VNA25-B60564266E,,Phú Lâm,Phu Lam
VN-09,Đồng Nai,Dong Nai,VNA25-28F67D03A3,,Phú Lý,Phu Ly
VN-09,Đồng Nai,Dong Nai,VNA25-5D9C625DA8,,Phú Nghĩa,Phu Nghia
VN-09,Đồng Nai,Dong Nai,VNA25-FE5FEBC7FC,,Phú Riềng,Phu Rieng
VN-09,Đồng Nai,Dong Nai,VNA25-E8FFA9A344,,Phú Trung,Phu Trung
VN-09,Đồng Nai,Dong Nai,VNA25-319DD7A6EC,,Phú Vinh,Phu Vinh
VN-09,Đồng Nai,Dong Nai,VNA25-A29719EDE8,,Phước An,Phuoc An
VN-09,Đồng Nai,Dong Nai,VNA25-94191597FB,,Phước Bình,Phuoc Binh
VN-09,Đồng Nai,Dong Nai,VNA25-EF69A6D109,,Phước Long,Phuoc Long
VN-09,Đồng Nai,Dong Nai,VNA25-8ED6F503D0,,Phước Sơn,Phuoc Son
VN-09,Đồng Nai,Dong Nai,VNA25-E7D86AF911,,Phước Tân,Phuoc Tan
VN-09,Đồng Nai,Dong Nai,VNA25-408ACB6C14,,Phước Thái,Phuoc Thai
VN-09,Đồng Nai,Dong Nai,VNA25-A25E35551F,,Sông Ray,Song Ray
VN-09,Đồng Nai,Dong Nai,VNA25-C354196D72,,Tà Lài,Ta Lai
VN-09,Đồng Nai,Dong Nai,VNA25-54BC3AABE3,,Tam Hiệp,Tam Hiep
VN-09,Đồng Nai,Dong Nai,VNA25-62ECF61169,,Tam Phước,Tam Phuoc
VN-09,Đồng Nai,Dong Nai,VNA25-5268A5348F,,Tân An,Tan An
VN-09,Đồng Nai,Dong Nai,VNA25-F21EA394FE,,Tân Hưng,Tan Hung
VN-09,Đồng Nai,Dong Nai,VNA25-012FC4EFAF,,Tân Khai,Tan Khai
VN-09,Đồng Nai,Dong Nai,VNA25-C96FC5676E,,Tân Lợi,Tan Loi
VN-09,Đồng Nai,Dong Nai,VNA25-96E62461AB,,Tân Phú,Tan Phu
VN-09,Đồng Nai,Dong Nai,VNA25-A7D4255ADC,,Tân Quan,Tan Quan
VN-09,Đồng Nai,Dong Nai,VNA25-BB5767FB92,,Tân Tiến,Tan Tien
VN-09,Đồng Nai,Dong Nai,VNA25-2DC47D980A,,Tân Triều,Tan Trieu
VN-09,Đồng Nai,Dong Nai,VNA25-ADBC63FFFF,,Thanh Sơn,Thanh Son
VN-09,Đồng Nai,Dong Nai,VNA25-1B71C85F95,,Thiện Hưng,Thien Hung
VN-09,Đồng Nai,Dong Nai,VNA25-09685AB226,,Thọ Sơn,Tho Son
VN-09,Đồng Nai,Dong Nai,VNA25-9D8D48E754,,Thống Nhất,Thong Nhat
VN-09,Đồng Nai,Dong Nai,VNA25-6FC1DEE51C,,Thuận Lợi,Thuan Loi
VN-09,Đồng Nai,Dong Nai,VNA25-32EDD8E87D,,Trấn Biên,Tran Bien
VN-09,Đồng Nai,Dong Nai,VNA25-CD1A28424D,,Trảng Bom,Trang Bom
VN-09,Đồng Nai,Dong Nai,VNA25-C2D8340B89,,Trảng Dài,Trang Dai
VN-09,Đồng Nai,Dong Nai,VNA25-1A0BB3C8DD,,Trị An,Tri An
VN-09,Đồng Nai,Dong Nai,VNA25-9F5B9C8605,,Xuân Bắc,Xuan Bac
VN-09,Đồng Nai,Dong Nai,VNA25-A78BAF65AA,,Xuân Định,Xuan Dinh
VN-09,Đồng Nai,Dong Nai,VNA25-A07E7087DD,,Xuân Đông,Xuan Dong
VN-09,Đồng Nai,Dong Nai,VNA25-B2F41E97A2,,Xuân Đường,Xuan Duong
VN-09,Đồng Nai,Dong Nai,VNA25-351378100A,,Xuân Hoà,Xuan Hoa
VN-09,Đồng Nai,Dong Nai,VNA25-4A30CB7503,,Xuân Lập,Xuan Lap
VN-09,Đồng Nai,Dong Nai,VNA25-451D666113,,Xuân Lộc,Xuan Loc
VN-09,Đồng Nai,Dong Nai,VNA25-CD14C546EC,,Xuân Phú,Xuan Phu
VN-09,Đồng Nai,Dong Nai,VNA25-6965B7A379,,Xuân Quế,Xuan Que
VN-09,Đồng Nai,Dong Nai,VNA25-4971934F3D,,Xuân Thành,Xuan Thanh
VN-10,Đồng Tháp,Dong Thap,VNA25-1A0425E738,,An Bình,An Binh
VN-10,Đồng Tháp,Dong Thap,VNA25-9E2783E512,,An Hoà,An Hoa
VN-10,Đồng Tháp,Dong Thap,VNA25-2CFB471743,,An Hữu,An Huu
VN-10,Đồng Tháp,Dong Thap,VNA25-6C9B8DB077,,An Long,An Long
VN-10,Đồng Tháp,Dong Thap,VNA25-9DC0B3905B,,An Phước,An Phuoc
VN-10,Đồng Tháp,Dong Thap,VNA25-CF0AC8C0BA,,An Thạnh Thủy,An Thanh Thuy
VN-10,Đồng Tháp,Dong Thap,VNA25-C5BF36EFDB,,Ba Sao,Ba Sao
VN-10,Đồng Tháp,Dong Thap,VNA25-68AFA96CDA,,Bình Hàng Trung,Binh Hang Trung
VN-10,Đồng Tháp,Dong Thap,VNA25-4CBA084F09,,Bình Ninh,Binh Ninh
VN-10,Đồng Tháp,Dong Thap,VNA25-C24CA6225C,,Bình Phú,Binh Phu
VN-10,Đồng Tháp,Dong Thap,VNA25-95BE6E6DC3,,Bình Thành,Binh Thanh
VN-10,Đồng Tháp,Dong Thap,VNA25-30D0A6DE99,,Bình Trưng,Binh Trung
VN-10,Đồng Tháp,Dong Thap,VNA25-8A7B7BDE58,,Bình Xuân,Binh Xuan
VN-10,Đồng Tháp,Dong Thap,VNA25-5F90AC69DB,,Cái Bè,Cai Be
VN-10,Đồng Tháp,Dong Thap,VNA25-C126250B7C,,Cai Lậy,Cai Lay
VN-10,Đồng Tháp,Dong Thap,VNA25-2715E07DCC,,Cao Lãnh,Cao Lanh
VN-10,Đồng Tháp,Dong Thap,VNA25-ED7B849D80,,Châu Thành,Chau Thanh
VN-10,Đồng Tháp,Dong Thap,VNA25-F7DA2FF3C8,,Chợ Gạo,Cho Gao
VN-10,Đồng Tháp,Dong Thap,VNA25-DED8524B9D,,Đạo Thạnh,Dao Thanh
VN-10,Đồng Tháp,Dong Thap,VNA25-41AF88D2E8,,Đốc Binh Kiều,Doc Binh Kieu
VN-10,Đồng Tháp,Dong Thap,VNA25-6B34BD3251,,Đồng Sơn,Dong Son
VN-10,Đồng Tháp,Dong Thap,VNA25-ACE3D41190,,Gia Thuận,Gia Thuan
VN-10,Đồng Tháp,Dong Thap,VNA25-9E8B1965BA,,Gò Công,Go Cong
VN-10,Đồng Tháp,Dong Thap,VNA25-1E02A272E0,,Gò Công Đông,Go Cong Dong
VN-10,Đồng Tháp,Dong Thap,VNA25-A0F8C139D3,,Hậu Mỹ,Hau My
VN-10,Đồng Tháp,Dong Thap,VNA25-0BA33AD752,,Hiệp Đức,Hiep Duc
VN-10,Đồng Tháp,Dong Thap,VNA25-D8BC2FB606,,Hoà Long,Hoa Long
VN-10,Đồng Tháp,Dong Thap,VNA25-D24AB74AD6,,Hội Cư,Hoi Cu
VN-10,Đồng Tháp,Dong Thap,VNA25-2EC08552D4,,Hồng Ngự,Hong Ngu
VN-10,Đồng Tháp,Dong Thap,VNA25-D8D4F0D899,,Hưng Thạnh,Hung Thanh
VN-10,Đồng Tháp,Dong Thap,VNA25-09384444FB,,Kim Sơn,Kim Son
VN-10,Đồng Tháp,Dong Thap,VNA25-43D0377C42,,Lai Vung,Lai Vung
VN-10,Đồng Tháp,Dong Thap,VNA25-B970FE5067,,Lấp Vò,Lap Vo
VN-10,Đồng Tháp,Dong Thap,VNA25-C303813FA5,,Long Bình,Long Binh
VN-10,Đồng Tháp,Dong Thap,VNA25-982DDCF692,,Long Định,Long Dinh
VN-10,Đồng Tháp,Dong Thap,VNA25-C2EB559F18,,Long Hưng,Long Hung
VN-10,Đồng Tháp,Dong Thap,VNA25-3D7D60EB69,,Long Khánh,Long Khanh
VN-10,Đồng Tháp,Dong Thap,VNA25-316D38299B,,Long Phú Thuận,Long Phu Thuan
VN-10,Đồng Tháp,Dong Thap,VNA25-23AD503878,,Long Thuận,Long Thuan
VN-10,Đồng Tháp,Dong Thap,VNA25-75754367AE,,Long Tiên,Long Tien
VN-10,Đồng Tháp,Dong Thap,VNA25-112BF5CCCC,,Lương Hoà Lạc,Luong Hoa Lac
VN-10,Đồng Tháp,Dong Thap,VNA25-62F221D282,,Mỹ An Hưng,My An Hung
VN-10,Đồng Tháp,Dong Thap,VNA25-F0959F3B20,,Mỹ Đức Tây,My Duc Tay
VN-10,Đồng Tháp,Dong Thap,VNA25-70AEF924DB,,Mỹ Hiệp,My Hiep
VN-10,Đồng Tháp,Dong Thap,VNA25-BDFDF32334,,Mỹ Lợi,My Loi
VN-10,Đồng Tháp,Dong Thap,VNA25-88101039E7,,Mỹ Ngãi,My Ngai
VN-10,Đồng Tháp,Dong Thap,VNA25-97F9BDF7DB,,Mỹ Phong,My Phong
VN-10,Đồng Tháp,Dong Thap,VNA25-7D635A1AAD,,Mỹ Phước Tây,My Phuoc Tay
VN-10,Đồng Tháp,Dong Thap,VNA25-7F43207215,,Mỹ Quí,My Qui
VN-10,Đồng Tháp,Dong Thap,VNA25-DBB30F4D4D,,Mỹ Thành,My Thanh
VN-10,Đồng Tháp,Dong Thap,VNA25-26AD8E92CD,,Mỹ Thiện,My Thien
VN-10,Đồng Tháp,Dong Thap,VNA25-865E574034,,Mỹ Tho,My Tho
VN-10,Đồng Tháp,Dong Thap,VNA25-A99BB70017,,Mỹ Thọ,My Tho
VN-10,Đồng Tháp,Dong Thap,VNA25-DAF03DD6E7,,Mỹ Tịnh An,My Tinh An
VN-10,Đồng Tháp,Dong Thap,VNA25-56FDB61C5F,,Mỹ Trà,My Tra
VN-10,Đồng Tháp,Dong Thap,VNA25-20525BBE09,,Ngũ Hiệp,Ngu Hiep
VN-10,Đồng Tháp,Dong Thap,VNA25-DE706F448E,,Nhị Quý,Nhi Quy
VN-10,Đồng Tháp,Dong Thap,VNA25-5C2A3E541B,,Phong Hoà,Phong Hoa
VN-10,Đồng Tháp,Dong Thap,VNA25-F051FC11D9,,Phong Mỹ,Phong My
VN-10,Đồng Tháp,Dong Thap,VNA25-B5E0F163F3,,Phú Cường,Phu Cuong
VN-10,Đồng Tháp,Dong Thap,VNA25-B8B4706854,,Phú Hựu,Phu Huu
VN-10,Đồng Tháp,Dong Thap,VNA25-7FE2903947,,Phú Thành,Phu Thanh
VN-10,Đồng Tháp,Dong Thap,VNA25-5E1F4C47BD,,Phú Thọ,Phu Tho
VN-10,Đồng Tháp,Dong Thap,VNA25-2009604FE6,,Phương Thịnh,Phuong Thinh
VN-10,Đồng Tháp,Dong Thap,VNA25-6BE8DEE561,,Sa Đéc,Sa Dec
VN-10,Đồng Tháp,Dong Thap,VNA25-AC96774A2B,,Sơn Qui,Son Qui
VN-10,Đồng Tháp,Dong Thap,VNA25-7B6AAFFC38,,Tam Nông,Tam Nong
VN-10,Đồng Tháp,Dong Thap,VNA25-22AE1A1635,,Tân Điền,Tan Dien
VN-10,Đồng Tháp,Dong Thap,VNA25-2656CBCB9C,,Tân Đông,Tan Dong
VN-10,Đồng Tháp,Dong Thap,VNA25-A330DF1FC8,,Tân Dương,Tan Duong
VN-10,Đồng Tháp,Dong Thap,VNA25-10B9897BC4,,Tân Hộ Cơ,Tan Ho Co
VN-10,Đồng Tháp,Dong Thap,VNA25-EFA3DDD798,,Tân Hoà,Tan Hoa
VN-10,Đồng Tháp,Dong Thap,VNA25-A9FFA9346D,,Tân Hồng,Tan Hong
VN-10,Đồng Tháp,Dong Thap,VNA25-ABE590A08F,,Tân Hương,Tan Huong
VN-10,Đồng Tháp,Dong Thap,VNA25-B36D0D501F,,Tân Khánh Trung,Tan Khanh Trung
VN-10,Đồng Tháp,Dong Thap,VNA25-8AF8445BCB,,Tân Long,Tan Long
VN-10,Đồng Tháp,Dong Thap,VNA25-D3AE357CA7,,Tân Nhuận Đông,Tan Nhuan Dong
VN-10,Đồng Tháp,Dong Thap,VNA25-E63B58D7C6,,Tân Phú,Tan Phu
VN-10,Đồng Tháp,Dong Thap,VNA25-ABAA4FDE93,,Tân Phú Đông,Tan Phu Dong
VN-10,Đồng Tháp,Dong Thap,VNA25-958BF5FD92,,Tân Phú Trung,Tan Phu Trung
VN-10,Đồng Tháp,Dong Thap,VNA25-594A0AF0ED,,Tân Phước 1,Tan Phuoc 1
VN-10,Đồng Tháp,Dong Thap,VNA25-1BAED862E9,,Tân Phước 2,Tan Phuoc 2
VN-10,Đồng Tháp,Dong Thap,VNA25-02C09C32C3,,Tân Phước 3,Tan Phuoc 3
VN-10,Đồng Tháp,Dong Thap,VNA25-6F158D3DDB,,Tân Thành,Tan Thanh
VN-10,Đồng Tháp,Dong Thap,VNA25-F118430D42,,Tân Thạnh,Tan Thanh
VN-10,Đồng Tháp,Dong Thap,VNA25-EC4DB10756,,Tân Thới,Tan Thoi
VN-10,Đồng Tháp,Dong Thap,VNA25-910D8545C4,,Tân Thuận Bình,Tan Thuan Binh
VN-10,Đồng Tháp,Dong Thap,VNA25-D1BB72861E,,Thanh Bình,Thanh Binh
VN-10,Đồng Tháp,Dong Thap,VNA25-07C6D2C0E0,,Thanh Hoà,Thanh Hoa
VN-10,Đồng Tháp,Dong Thap,VNA25-48E1D70BD9,,Thanh Hưng,Thanh Hung
VN-10,Đồng Tháp,Dong Thap,VNA25-2E8844FA7C,,Thanh Mỹ,Thanh My
VN-10,Đồng Tháp,Dong Thap,VNA25-20D8BFFF04,,Thạnh Phú,Thanh Phu
VN-10,Đồng Tháp,Dong Thap,VNA25-FD09583532,,Tháp Mười,Thap Muoi
VN-10,Đồng Tháp,Dong Thap,VNA25-098A342084,,Thới Sơn,Thoi Son
VN-10,Đồng Tháp,Dong Thap,VNA25-0558D4B759,,Thường Lạc,Thuong Lac
VN-10,Đồng Tháp,Dong Thap,VNA25-F955CF9911,,Thường Phước,Thuong Phuoc
VN-10,Đồng Tháp,Dong Thap,VNA25-7BAA577E83,,Tràm Chim,Tram Chim
VN-10,Đồng Tháp,Dong Thap,VNA25-3E5714AAD2,,Trung An,Trung An
VN-10,Đồng Tháp,Dong Thap,VNA25-80D7D11B7C,,Trường Xuân,Truong Xuan
VN-10,Đồng Tháp,Dong Thap,VNA25-F76ACC8AA3,,Vĩnh Bình,Vinh Binh
VN-10,Đồng Tháp,Dong Thap,VNA25-2B35AE43E5,,Vĩnh Hựu,Vinh Huu
VN-10,Đồng Tháp,Dong Thap,VNA25-3439ECDE27,,Vĩnh Kim,Vinh Kim
VN-11,Gia Lai,Gia Lai,VNA25-6E2434CF8C,,Albá,Alba
VN-11,Gia Lai,Gia Lai,VNA25-9C07C3C785,,An Bình,An Binh
VN-11,Gia Lai,Gia Lai,VNA25-ADF988FD94,,Ân Hảo,An Hao
VN-11,Gia Lai,Gia Lai,VNA25-37F7F9616B,,An Hoà,An Hoa
VN-11,Gia Lai,Gia Lai,VNA25-2E5BCDD2D1,,An Khê,An Khe
VN-11,Gia Lai,Gia Lai,VNA25-652D690C01,,An Lão,An Lao
VN-11,Gia Lai,Gia Lai,VNA25-B606835D0F,,An Lương,An Luong
VN-11,Gia Lai,Gia Lai,VNA25-A1B8D9B74B,,An Nhơn,An Nhon
VN-11,Gia Lai,Gia Lai,VNA25-2C5A305EDE,,An Nhơn Bắc,An Nhon Bac
VN-11,Gia Lai,Gia Lai,VNA25-DBA63084E5,,An Nhơn Đông,An Nhon Dong
VN-11,Gia Lai,Gia Lai,VNA25-55DA9D80DF,,An Nhơn Nam,An Nhon Nam
VN-11,Gia Lai,Gia Lai,VNA25-52E8246207,,An Nhơn Tây,An Nhon Tay
VN-11,Gia Lai,Gia Lai,VNA25-8B59677BD5,,An Phú,An Phu
VN-11,Gia Lai,Gia Lai,VNA25-F1E66C3266,,An Toàn,An Toan
VN-11,Gia Lai,Gia Lai,VNA25-2EFA60B6C8,,Ân Tường,An Tuong
VN-11,Gia Lai,Gia Lai,VNA25-F26D533633,,An Vinh,An Vinh
VN-11,Gia Lai,Gia Lai,VNA25-B251067ED6,,Ayun,Ayun
VN-11,Gia Lai,Gia Lai,VNA25-5C8AEF4CCB,,Ayun Pa,Ayun Pa
VN-11,Gia Lai,Gia Lai,VNA25-E787764693,,Bàu Cạn,Bau Can
VN-11,Gia Lai,Gia Lai,VNA25-746EA7329E,,Biển Hồ,Bien Ho
VN-11,Gia Lai,Gia Lai,VNA25-1C12718DC9,,Bình An,Binh An
VN-11,Gia Lai,Gia Lai,VNA25-307F7FBAD3,,Bình Định,Binh Dinh
VN-11,Gia Lai,Gia Lai,VNA25-0F2FD4D28B,,Bình Dương,Binh Duong
VN-11,Gia Lai,Gia Lai,VNA25-0529DD94A9,,Bình Hiệp,Binh Hiep
VN-11,Gia Lai,Gia Lai,VNA25-E7D9375DCE,,Bình Khê,Binh Khe
VN-11,Gia Lai,Gia Lai,VNA25-5ABC403606,,Bình Phú,Binh Phu
VN-11,Gia Lai,Gia Lai,VNA25-3892C06818,,Bờ Ngoong,Bo Ngoong
VN-11,Gia Lai,Gia Lai,VNA25-9E91C7CD2C,,Bồng Sơn,Bong Son
VN-11,Gia Lai,Gia Lai,VNA25-D1C9C1630B,,Canh Liên,Canh Lien
VN-11,Gia Lai,Gia Lai,VNA25-478532EB52,,Canh Vinh,Canh Vinh
VN-11,Gia Lai,Gia Lai,VNA25-6A9D71951B,,Cát Tiến,Cat Tien
VN-11,Gia Lai,Gia Lai,VNA25-5D70D4A922,,Chơ Long,Cho Long
VN-11,Gia Lai,Gia Lai,VNA25-4919009874,,Chư A Thai,Chu A Thai
VN-11,Gia Lai,Gia Lai,VNA25-F955C7EB01,,Chư Krey,Chu Krey
VN-11,Gia Lai,Gia Lai,VNA25-94CEFD9FBA,,Chư Păh,Chu Pah
VN-11,Gia Lai,Gia Lai,VNA25-311665C405,,Chư Prông,Chu Prong
VN-11,Gia Lai,Gia Lai,VNA25-644134B966,,Chư Pưh,Chu Puh
VN-11,Gia Lai,Gia Lai,VNA25-BA9A4F84B0,,Chư Sê,Chu Se
VN-11,Gia Lai,Gia Lai,VNA25-4C7470B4E9,,Cửu An,Cuu An
VN-11,Gia Lai,Gia Lai,VNA25-73F86646E4,,Đak Đoa,Dak Doa
VN-11,Gia Lai,Gia Lai,VNA25-C4BBFBA43B,,Đak Pơ,Dak Po
VN-11,Gia Lai,Gia Lai,VNA25-C9CD07BD18,,Đak Rong,Dak Rong
VN-11,Gia Lai,Gia Lai,VNA25-B75D33512F,,Đak Sơmei,Dak Somei
VN-11,Gia Lai,Gia Lai,VNA25-0BBE669376,,Đăk Song,Dak Song
VN-11,Gia Lai,Gia Lai,VNA25-DCD0D5848E,,Đề Gi,De Gi
VN-11,Gia Lai,Gia Lai,VNA25-651273B52D,,Diên Hồng,Dien Hong
VN-11,Gia Lai,Gia Lai,VNA25-A439E3499B,,Đức Cơ,Duc Co
VN-11,Gia Lai,Gia Lai,VNA25-7AD35DD86E,,Gào,Gao
VN-11,Gia Lai,Gia Lai,VNA25-561B532F1F,,Hoà Hội,Hoa Hoi
VN-11,Gia Lai,Gia Lai,VNA25-D123C7146B,,Hoài Ân,Hoai An
VN-11,Gia Lai,Gia Lai,VNA25-F7CA855707,,Hoài Nhơn,Hoai Nhon
VN-11,Gia Lai,Gia Lai,VNA25-E8DF46AFB9,,Hoài Nhơn Bắc,Hoai Nhon Bac
VN-11,Gia Lai,Gia Lai,VNA25-F0F2EEA387,,Hoài Nhơn Đông,Hoai Nhon Dong
VN-11,Gia Lai,Gia Lai,VNA25-2BE6A68875,,Hoài Nhơn Nam,Hoai Nhon Nam
VN-11,Gia Lai,Gia Lai,VNA25-82F307DB2E,,Hoài Nhơn Tây,Hoai Nhon Tay
VN-11,Gia Lai,Gia Lai,VNA25-0E9C81D415,,Hội Phú,Hoi Phu
VN-11,Gia Lai,Gia Lai,VNA25-C94995C1D4,,Hội Sơn,Son
VN-11,Gia Lai,Gia Lai,VNA25-E449E4A85F,,Hra,Hra
VN-11,Gia Lai,Gia Lai,VNA25-808FB370FE,,Ia Băng,Ia Bang
VN-11,Gia Lai,Gia Lai,VNA25-43812FCDA4,,Ia Boòng,Ia Boong
VN-11,Gia Lai,Gia Lai,VNA25-D9860FE11E,,Ia Chia,Ia Chia
VN-11,Gia Lai,Gia Lai,VNA25-5D62E196FE,,Ia Dơk,Ia Dok
VN-11,Gia Lai,Gia Lai,VNA25-9AFE294C47,,Ia Dom,Ia Dom
VN-11,Gia Lai,Gia Lai,VNA25-0B13A24053,,Ia Dreh,Ia Dreh
VN-11,Gia Lai,Gia Lai,VNA25-2BC667A4EC,,Ia Grai,Ia Grai
VN-11,Gia Lai,Gia Lai,VNA25-ED21153808,,Ia Hiao,Ia Hiao
VN-11,Gia Lai,Gia Lai,VNA25-FFBD7CD420,,Ia Hrú,Ia Hru
VN-11,Gia Lai,Gia Lai,VNA25-A94DC6DD0A,,Ia Hrung,Ia Hrung
VN-11,Gia Lai,Gia Lai,VNA25-EFBEC54836,,Ia Khươl,Ia Khuol
VN-11,Gia Lai,Gia Lai,VNA25-A7DB6F7427,,Ia Ko,Ia Ko
VN-11,Gia Lai,Gia Lai,VNA25-7BF1B85000,,Ia Krái,Ia Krai
VN-11,Gia Lai,Gia Lai,VNA25-4C48922C07,,Ia Krêl,Ia Krel
VN-11,Gia Lai,Gia Lai,VNA25-784934DA94,,Ia Lâu,Ia Lau
VN-11,Gia Lai,Gia Lai,VNA25-EDA144819B,,Ia Le,Ia Le
VN-11,Gia Lai,Gia Lai,VNA25-123E80D486,,Ia Ly,Ia Ly
VN-11,Gia Lai,Gia Lai,VNA25-0B05AD6F9E,,Ia Mơ,Ia Mo
VN-11,Gia Lai,Gia Lai,VNA25-23F4E5760A,,Ia Nan,Ia Nan
VN-11,Gia Lai,Gia Lai,VNA25-D2AD395817,,Ia O,Ia O
VN-11,Gia Lai,Gia Lai,VNA25-E6BE3B257B,,Ia Pa,Ia Pa
VN-11,Gia Lai,Gia Lai,VNA25-0C6815B5D8,,Ia Phí,Ia Phi
VN-11,Gia Lai,Gia Lai,VNA25-C84EAD33A2,,Ia Pia,Ia Pia
VN-11,Gia Lai,Gia Lai,VNA25-1FD335A56E,,Ia Pnôn,Ia Pnon
VN-11,Gia Lai,Gia Lai,VNA25-2583B6B4DE,,Ia Púch,Ia Puch
VN-11,Gia Lai,Gia Lai,VNA25-7CD0DA2167,,Ia Rbol,Ia Rbol
VN-11,Gia Lai,Gia Lai,VNA25-C04BF651AC,,Ia Rsai,Ia Rsai
VN-11,Gia Lai,Gia Lai,VNA25-0D7C1C38C0,,Ia Sao,Ia Sao
VN-11,Gia Lai,Gia Lai,VNA25-43218E58D8,,Ia Tôr,Ia Tor
VN-11,Gia Lai,Gia Lai,VNA25-4316D5029A,,Ia Tul,Ia Tul
VN-11,Gia Lai,Gia Lai,VNA25-9883933733,,Kbang,Kbang
VN-11,Gia Lai,Gia Lai,VNA25-956CC1F6A2,,KDang,KDang
VN-11,Gia Lai,Gia Lai,VNA25-CB0DF52B5A,,Kim Sơn,Kim Son
VN-11,Gia Lai,Gia Lai,VNA25-44661E05BD,,Kon Chiêng,Kon Chieng
VN-11,Gia Lai,Gia Lai,VNA25-E6B2C33C24,,Kon Gang,Kon Gang
VN-11,Gia Lai,Gia Lai,VNA25-833C20D09C,,Kông Bơ La,Kong Bo La
VN-11,Gia Lai,Gia Lai,VNA25-DC636BC722,,Kông Chro,Kong Chro
VN-11,Gia Lai,Gia Lai,VNA25-27B4B8B70F,,Krong,Krong
VN-11,Gia Lai,Gia Lai,VNA25-4C21D67BDA,,Lơ Pang,Lo Pang
VN-11,Gia Lai,Gia Lai,VNA25-335186D867,,Mang Yang,Mang Yang
VN-11,Gia Lai,Gia Lai,VNA25-587CB3BC20,,Ngô Mây,Ngo May
VN-11,Gia Lai,Gia Lai,VNA25-0B58E856F7,,Nhơn Châu,Nhon Chau
VN-11,Gia Lai,Gia Lai,VNA25-95EA0E7F16,,Phù Cát,Phu Cat
VN-11,Gia Lai,Gia Lai,VNA25-CB8E247203,,Phù Mỹ,Phu My
VN-11,Gia Lai,Gia Lai,VNA25-C8A1788B6E,,Phù Mỹ Bắc,Phu My Bac
VN-11,Gia Lai,Gia Lai,VNA25-503272943D,,Phù Mỹ Đông,Phu My Dong
VN-11,Gia Lai,Gia Lai,VNA25-8B3EDF7EE2,,Phù Mỹ Nam,Phu My Nam
VN-11,Gia Lai,Gia Lai,VNA25-77A4F34338,,Phù Mỹ Tây,Phu My Tay
VN-11,Gia Lai,Gia Lai,VNA25-5AF03C8B48,,Phú Thiện,Phu Thien
VN-11,Gia Lai,Gia Lai,VNA25-6794BBFCE1,,Phú Túc,Phu Tuc
VN-11,Gia Lai,Gia Lai,VNA25-F0A4F8BB83,,Pleiku,Pleiku
VN-11,Gia Lai,Gia Lai,VNA25-DF7C857B53,,Pờ Tó,Po To
VN-11,Gia Lai,Gia Lai,VNA25-8D47784725,,Quy Nhơn,Quy Nhon
VN-11,Gia Lai,Gia Lai,VNA25-F9F31EBB31,,Quy Nhơn Bắc,Quy Nhon Bac
VN-11,Gia Lai,Gia Lai,VNA25-53E95A8D2E,,Quy Nhơn Đông,Quy Nhon Dong
VN-11,Gia Lai,Gia Lai,VNA25-6857AA8A4D,,Quy Nhơn Nam,Quy Nhon South
VN-11,Gia Lai,Gia Lai,VNA25-ED66383233,,Quy Nhơn Tây,Quy Nhon Tay
VN-11,Gia Lai,Gia Lai,VNA25-C608F32259,,Sơn Lang,Son Lang
VN-11,Gia Lai,Gia Lai,VNA25-DC83FA39D1,,SRó,Sro
VN-11,Gia Lai,Gia Lai,VNA25-6696EC467C,,Tam Quan,Tam Quan
VN-11,Gia Lai,Gia Lai,VNA25-6A323DD049,,Tây Sơn,Tay Son
VN-11,Gia Lai,Gia Lai,VNA25-46E98C228E,,Thống Nhất,Thong Nhat
VN-11,Gia Lai,Gia Lai,VNA25-23CA56A8DE,,Tơ Tung,To Tung
VN-11,Gia Lai,Gia Lai,VNA25-CEC196BAAA,,Tuy Phước,Tuy Phuoc
VN-11,Gia Lai,Gia Lai,VNA25-FBEF12B6DE,,Tuy Phước Bắc,Tuy Phuoc Bac
VN-11,Gia Lai,Gia Lai,VNA25-E6D06C8383,,Tuy Phước Đông,Tuy Phuoc Dong
VN-11,Gia Lai,Gia Lai,VNA25-2304D75423,,Tuy Phước Tây,Tuy Phuoc Tay
VN-11,Gia Lai,Gia Lai,VNA25-2A786CA338,,Uar,Uar
VN-11,Gia Lai,Gia Lai,VNA25-2DD124AEFE,,Vân Canh,Van Canh
VN-11,Gia Lai,Gia Lai,VNA25-B6421303A7,,Vạn Đức,Van Duc
VN-11,Gia Lai,Gia Lai,VNA25-0AD42B524C,,Vĩnh Quang,Vinh Quang
VN-11,Gia Lai,Gia Lai,VNA25-C69BD7833B,,Vĩnh Sơn,Vinh Son
VN-11,Gia Lai,Gia Lai,VNA25-FF51B7F225,,Vĩnh Thạnh,Vinh Thanh
VN-11,Gia Lai,Gia Lai,VNA25-E751CE0B54,,Vĩnh Thịnh,Vinh Thinh
VN-11,Gia Lai,Gia Lai,VNA25-56B057CB8F,,Xuân An,Xuan An
VN-11,Gia Lai,Gia Lai,VNA25-D09BBFF47A,,Ya Hội,Ya Hoi
VN-11,Gia Lai,Gia Lai,VNA25-646B5FB50E,,Ya Ma,Ya Ma
VN-12,Hà Nội,Ha Noi,VNA25-DFD32AB0EF,,An Khánh,An Khanh
VN-12,Hà Nội,Ha Noi,VNA25-418E8951A1,,Ba Đình,Ba Dinh
VN-12,Hà Nội,Ha Noi,VNA25-35C68854CD,,Ba Vì,Ba Vi
VN-12,Hà Nội,Ha Noi,VNA25-0AF82DF58C,,Bạch Mai,Bach Mai
VN-12,Hà Nội,Ha Noi,VNA25-9948FD0375,,Bất Bạt,Bat Bat
VN-12,Hà Nội,Ha Noi,VNA25-0FB4B64B0D,,Bát Tràng,Bat Trang
VN-12,Hà Nội,Ha Noi,VNA25-4811CEDEC0,,Bình Minh,Binh Minh
VN-12,Hà Nội,Ha Noi,VNA25-A4C7C0ACAA,,Bồ Đề,Bo De
VN-12,Hà Nội,Ha Noi,VNA25-AFC2358AD1,,Cầu Giấy,Cau Giay
VN-12,Hà Nội,Ha Noi,VNA25-D2B29E1A43,,Chương Dương,Chuong Duong
VN-12,Hà Nội,Ha Noi,VNA25-C836ADA548,,Chương Mỹ,Chuong My
VN-12,Hà Nội,Ha Noi,VNA25-19C8A7E137,,Chuyên Mỹ,Chuyen My
VN-12,Hà Nội,Ha Noi,VNA25-902B170079,,Cổ Đô,Co Do
VN-12,Hà Nội,Ha Noi,VNA25-9083EA4894,,Cửa Nam,Cua Nam
VN-12,Hà Nội,Ha Noi,VNA25-EA35D4ECC2,,Đa Phúc,Da Phuc
VN-12,Hà Nội,Ha Noi,VNA25-1DF19CCEF5,,Đại Mỗ,Dai Mo
VN-12,Hà Nội,Ha Noi,VNA25-FA4959B06C,,Đại Thanh,Dai Thanh
VN-12,Hà Nội,Ha Noi,VNA25-556EB4C764,,Đại Xuyên,Dai Xuyen
VN-12,Hà Nội,Ha Noi,VNA25-082F3F8455,,Dân Hoà,Dan Hoa
VN-12,Hà Nội,Ha Noi,VNA25-7BE46FD640,,Đan Phượng,Dan Phuong
VN-12,Hà Nội,Ha Noi,VNA25-72420F0A48,,Định Công,Dinh Cong
VN-12,Hà Nội,Ha Noi,VNA25-26623FBF15,,Đoài Phương,Doai Phuong
VN-12,Hà Nội,Ha Noi,VNA25-F445ABCA6E,,Đông Anh,Dong Anh
VN-12,Hà Nội,Ha Noi,VNA25-C229ED4242,,Đống Đa,Dong Da
VN-12,Hà Nội,Ha Noi,VNA25-5CE107443E,,Đông Ngạc,Dong Ngac
VN-12,Hà Nội,Ha Noi,VNA25-D4F8408253,,Dương Hoà,Duong Hoa
VN-12,Hà Nội,Ha Noi,VNA25-40A0C5B590,,Dương Nội,Duong Noi
VN-12,Hà Nội,Ha Noi,VNA25-0C35843083,,Gia Lâm,Gia Lam
VN-12,Hà Nội,Ha Noi,VNA25-E0228A4120,,Giảng Võ,Giang Vo
VN-12,Hà Nội,Ha Noi,VNA25-EFA0D96708,,Hạ Bằng,Ha Bang
VN-12,Hà Nội,Ha Noi,VNA25-B314057769,,Hà Đông,Ha Dong
VN-12,Hà Nội,Ha Noi,VNA25-D90EFADDDA,,Hai Bà Trưng,Hai Ba Trung
VN-12,Hà Nội,Ha Noi,VNA25-A3000A26F6,,Hát Môn,Hat Mon
VN-12,Hà Nội,Ha Noi,VNA25-86C1840AB8,,Hoà Lạc,Hoa Lac
VN-12,Hà Nội,Ha Noi,VNA25-FFD656582A,,Hoà Phú,Hoa Phu
VN-12,Hà Nội,Ha Noi,VNA25-F74A9ABD3D,,Hoà Xá,Hoa Xa
VN-12,Hà Nội,Ha Noi,VNA25-F81EB6D253,,Hoài Đức,Hoai Duc
VN-12,Hà Nội,Ha Noi,VNA25-3823AB39FD,,Hoàn Kiếm,Hoan Kiem
VN-12,Hà Nội,Ha Noi,VNA25-9D599DC16C,,Hoàng Liệt,Hoang Liet
VN-12,Hà Nội,Ha Noi,VNA25-214E69C460,,Hoàng Mai,Hoang Mai
VN-12,Hà Nội,Ha Noi,VNA25-9029E55C07,,Hồng Hà,Hong Ha
VN-12,Hà Nội,Ha Noi,VNA25-22F4E3CE41,,Hồng Sơn,Hong Son
VN-12,Hà Nội,Ha Noi,VNA25-991CD43966,,Hồng Vân,Hong Van
VN-12,Hà Nội,Ha Noi,VNA25-C5A7DAE97F,,Hưng Đạo,Hung Dao
VN-12,Hà Nội,Ha Noi,VNA25-B7D300620B,,Hương Sơn,Huong Son
VN-12,Hà Nội,Ha Noi,VNA25-C494E97F6D,,Khương Đình,Khuong Dinh
VN-12,Hà Nội,Ha Noi,VNA25-48DA5E96EB,,Kiến Hưng,Kien Hung
VN-12,Hà Nội,Ha Noi,VNA25-722416E7F7,,Kiều Phú,Kieu Phu
VN-12,Hà Nội,Ha Noi,VNA25-526E1204FC,,Kim Anh,Kim Anh
VN-12,Hà Nội,Ha Noi,VNA25-CA43A8799C,,Kim Liên,Kim Lien
VN-12,Hà Nội,Ha Noi,VNA25-B5EBABFCF9,,Láng,Lang
VN-12,Hà Nội,Ha Noi,VNA25-5560768176,,Liên Minh,Lien Minh
VN-12,Hà Nội,Ha Noi,VNA25-2794F76497,,Lĩnh Nam,Linh Nam
VN-12,Hà Nội,Ha Noi,VNA25-066441DEF0,,Long Biên,Long Bien
VN-12,Hà Nội,Ha Noi,VNA25-11D98A44F9,,Mê Linh,Me Linh
VN-12,Hà Nội,Ha Noi,VNA25-5F8742131D,,Minh Châu,Minh Chau
VN-12,Hà Nội,Ha Noi,VNA25-A704A5FECD,,Mỹ Đức,My Duc
VN-12,Hà Nội,Ha Noi,VNA25-F46BC473E3,,Nam Phù,Nam Phu
VN-12,Hà Nội,Ha Noi,VNA25-8E3D4C4309,,Nghĩa Đô,Nghia Do
VN-12,Hà Nội,Ha Noi,VNA25-1708ED48EB,,Ngọc Hà,Ngoc Ha
VN-12,Hà Nội,Ha Noi,VNA25-9645D9DBD6,,Ngọc Hồi,Ngoc Hoi
VN-12,Hà Nội,Ha Noi,VNA25-A8D1A0C286,,Nội Bài,Noi Bai
VN-12,Hà Nội,Ha Noi,VNA25-A2E55A35BB,,Ô Chợ Dừa,O Cho Dua
VN-12,Hà Nội,Ha Noi,VNA25-B559BDAEE4,,Ô Diên,O Dien
VN-12,Hà Nội,Ha Noi,VNA25-35A915393F,,Phú Cát,Phu Cat
VN-12,Hà Nội,Ha Noi,VNA25-6B07014B0A,,Phú Diễn,Phu Dien
VN-12,Hà Nội,Ha Noi,VNA25-7A507A8FB1,,Phù Đổng,Phu Dong
VN-12,Hà Nội,Ha Noi,VNA25-4267F65B24,,Phú Lương,Phu Luong
VN-12,Hà Nội,Ha Noi,VNA25-5E2DCA570D,,Phú Nghĩa,Phu Nghia
VN-12,Hà Nội,Ha Noi,VNA25-F2A049E894,,Phú Thượng,Phu Thuong
VN-12,Hà Nội,Ha Noi,VNA25-EC3CE54CA2,,Phú Xuyên,Phu Xuyen
VN-12,Hà Nội,Ha Noi,VNA25-F8F05B8160,,Phúc Lộc,Phuc Loc
VN-12,Hà Nội,Ha Noi,VNA25-789C848B3B,,Phúc Lợi,Phuc Loi
VN-12,Hà Nội,Ha Noi,VNA25-33E62407AE,,Phúc Sơn,Phuc Son
VN-12,Hà Nội,Ha Noi,VNA25-7E76A465B7,,Phúc Thịnh,Phuc Thinh
VN-12,Hà Nội,Ha Noi,VNA25-90ABD98AD7,,Phúc Thọ,Phuc Tho
VN-12,Hà Nội,Ha Noi,VNA25-D77B5D0AEC,,Phượng Dực,Phuong Duc
VN-12,Hà Nội,Ha Noi,VNA25-D8D52E499E,,Phương Liệt,Phuong Liet
VN-12,Hà Nội,Ha Noi,VNA25-AAEF37A121,,Quảng Bị,Quang Bi
VN-12,Hà Nội,Ha Noi,VNA25-3390A6F0AE,,Quang Minh,Quang Minh
VN-12,Hà Nội,Ha Noi,VNA25-593222EF1A,,Quảng Oai,Quang Oai
VN-12,Hà Nội,Ha Noi,VNA25-9E18AD9D5F,,Quốc Oai,Quoc Oai
VN-12,Hà Nội,Ha Noi,VNA25-FA98919C63,,Sóc Sơn,Soc Son
VN-12,Hà Nội,Ha Noi,VNA25-2D69548935,,Sơn Đồng,Son Dong
VN-12,Hà Nội,Ha Noi,VNA25-E98D9C81F0,,Sơn Tây,Son Tay
VN-12,Hà Nội,Ha Noi,VNA25-2D8073C18F,,Suối Hai,Suoi Hai
VN-12,Hà Nội,Ha Noi,VNA25-693AC02BF3,,Tam Hưng,Tam Hung
VN-12,Hà Nội,Ha Noi,VNA25-1039501C86,,Tây Hồ,Tay Ho
VN-12,Hà Nội,Ha Noi,VNA25-3A2B0ACF04,,Tây Mỗ,Tay Mo
VN-12,Hà Nội,Ha Noi,VNA25-1FF824648F,,Tây Phương,Tay Phuong
VN-12,Hà Nội,Ha Noi,VNA25-78CEB3EF8A,,Tây Tựu,Tay Tuu
VN-12,Hà Nội,Ha Noi,VNA25-D0A1022E2C,,Thạch Thất,Thach That
VN-12,Hà Nội,Ha Noi,VNA25-9AB57CEFD4,,Thanh Liệt,Thanh Liet
VN-12,Hà Nội,Ha Noi,VNA25-3CDB87992B,,Thanh Oai,Thanh Oai
VN-12,Hà Nội,Ha Noi,VNA25-F0FAD7385E,,Thanh Trì,Thanh Tri
VN-12,Hà Nội,Ha Noi,VNA25-9F7194C53A,,Thanh Xuân,Thanh Xuan
VN-12,Hà Nội,Ha Noi,VNA25-AE5903765E,,Thiên Lộc,Thien Loc
VN-12,Hà Nội,Ha Noi,VNA25-BD200ECFB4,,Thư Lâm,Thu Lam
VN-12,Hà Nội,Ha Noi,VNA25-4E8989D12C,,Thuận An,Thuan An
VN-12,Hà Nội,Ha Noi,VNA25-6D719EF4C5,,Thượng Cát,Thuong Cat
VN-12,Hà Nội,Ha Noi,VNA25-39FD4A8C95,,Thượng Phúc,Thuong Phuc
VN-12,Hà Nội,Ha Noi,VNA25-9B702C2157,,Thường Tín,Thuong Tin
VN-12,Hà Nội,Ha Noi,VNA25-9B6EAA5B98,,Tiến Thắng,Tien Thang
VN-12,Hà Nội,Ha Noi,VNA25-7481CF30D7,,Trần Phú,Tran Phu
VN-12,Hà Nội,Ha Noi,VNA25-9C7FDE087A,,Trung Giã,Trung Gia
VN-12,Hà Nội,Ha Noi,VNA25-5ABDC9EFDD,,Từ Liêm,Tu Liem
VN-12,Hà Nội,Ha Noi,VNA25-E12B08E49E,,Tùng Thiện,Tung Thien
VN-12,Hà Nội,Ha Noi,VNA25-549249F538,,Tương Mai,Tuong Mai
VN-12,Hà Nội,Ha Noi,VNA25-C4F75B2C47,,Ứng Hoà,Ung Hoa
VN-12,Hà Nội,Ha Noi,VNA25-001EB63245,,Ứng Thiên,Ung Thien
VN-12,Hà Nội,Ha Noi,VNA25-F20BBF6575,,Vân Đình,Van Dinh
VN-12,Hà Nội,Ha Noi,VNA25-C4143CCDDB,,Văn Miếu - Quốc Tử Giám,Van Mieu - Quoc Tu Giam
VN-12,Hà Nội,Ha Noi,VNA25-0BD921B115,,Vật Lại,Vat Lai
VN-12,Hà Nội,Ha Noi,VNA25-2960D24446,,Việt Hưng,Viet Hung
VN-12,Hà Nội,Ha Noi,VNA25-69C6636E6E,,Vĩnh Hưng,Vinh Hung
VN-12,Hà Nội,Ha Noi,VNA25-6A06B7AC64,,Vĩnh Thanh,Vinh Thanh
VN-12,Hà Nội,Ha Noi,VNA25-9AF244D064,,Vĩnh Tuy,Vinh Tuy
VN-12,Hà Nội,Ha Noi,VNA25-4AC0DC83E7,,Xuân Đỉnh,Xuan Dinh
VN-12,Hà Nội,Ha Noi,VNA25-DBB36C02F0,,Xuân Mai,Xuan Mai
VN-12,Hà Nội,Ha Noi,VNA25-F2C22EF14C,,Xuân Phương,Xuan Phuong
VN-12,Hà Nội,Ha Noi,VNA25-FCE4AA6860,,Yên Bài,Yen Bai
VN-12,Hà Nội,Ha Noi,VNA25-8F83903659,,Yên Hoà,Yen Hoa
VN-12,Hà Nội,Ha Noi,VNA25-2809EF8A4E,,Yên Lãng,Yen Lang
VN-12,Hà Nội,Ha Noi,VNA25-ACD54D5D21,,Yên Nghĩa,Yen Nghia
VN-12,Hà Nội,Ha Noi,VNA25-00CFE9F0C0,,Yên Sở,Yen So
VN-12,Hà Nội,Ha Noi,VNA25-9F4E7ADE44,,Yên Xuân,Yen Xuan
VN-13,Hà Tĩnh,Ha Tinh,VNA25-B6A5543CB7,,Bắc Hồng Lĩnh,Bac Hong Linh
VN-13,Hà Tĩnh,Ha Tinh,VNA25-652F29D8E3,,Cẩm Bình,Cam Binh
VN-13,Hà Tĩnh,Ha Tinh,VNA25-F23A23F5BF,,Cẩm Duệ,Cam Due
VN-13,Hà Tĩnh,Ha Tinh,VNA25-D58BC1EB38,,Cẩm Hưng,Cam Hung
VN-13,Hà Tĩnh,Ha Tinh,VNA25-32D96A4022,,Cẩm Lạc,Cam Lac
VN-13,Hà Tĩnh,Ha Tinh,VNA25-208D98406F,,Cẩm Trung,Cam Trung
VN-13,Hà Tĩnh,Ha Tinh,VNA25-B644AFBA13,,Cẩm Xuyên,Cam Xuyen
VN-13,Hà Tĩnh,Ha Tinh,VNA25-FD4AA25A7E,,Can Lộc,Can Loc
VN-13,Hà Tĩnh,Ha Tinh,VNA25-3357F1982F,,Cổ Đạm,Co Dam
VN-13,Hà Tĩnh,Ha Tinh,VNA25-DAD9D8D423,,Đan Hải,Dan Hai
VN-13,Hà Tĩnh,Ha Tinh,VNA25-1EA9B2CF42,,Đông Kinh,Dong Kinh
VN-13,Hà Tĩnh,Ha Tinh,VNA25-DD1D3FF27D,,Đồng Lộc,Dong Loc
VN-13,Hà Tĩnh,Ha Tinh,VNA25-6D5F13A975,,Đồng Tiến,Dong Tien
VN-13,Hà Tĩnh,Ha Tinh,VNA25-21F95F9DAB,,Đức Đồng,Duc Dong
VN-13,Hà Tĩnh,Ha Tinh,VNA25-42DC056525,,Đức Minh,Duc Minh
VN-13,Hà Tĩnh,Ha Tinh,VNA25-6DE0AF2F29,,Đức Quang,Duc Quang
VN-13,Hà Tĩnh,Ha Tinh,VNA25-FD59060A11,,Đức Thịnh,Duc Thinh
VN-13,Hà Tĩnh,Ha Tinh,VNA25-253B786AB2,,Đức Thọ,Duc Tho
VN-13,Hà Tĩnh,Ha Tinh,VNA25-FC155DF66A,,Gia Hanh,Gia Hanh
VN-13,Hà Tĩnh,Ha Tinh,VNA25-6B7BA51BD8,,Hà Huy Tập,Ha Huy Tap
VN-13,Hà Tĩnh,Ha Tinh,VNA25-F5D73837B0,,Hà Linh,Ha Linh
VN-13,Hà Tĩnh,Ha Tinh,VNA25-BD621E6843,,Hải Ninh,Hai Ninh
VN-13,Hà Tĩnh,Ha Tinh,VNA25-1995104BB8,,Hoành Sơn,Hoanh Son
VN-13,Hà Tĩnh,Ha Tinh,VNA25-281DFE5734,,Hồng Lộc,Hong Loc
VN-13,Hà Tĩnh,Ha Tinh,VNA25-E5F033F7A4,,Hương Bình,Huong Binh
VN-13,Hà Tĩnh,Ha Tinh,VNA25-991E1C0EF7,,Hương Đô,Huong Do
VN-13,Hà Tĩnh,Ha Tinh,VNA25-5231233F0B,,Hương Khê,Huong Khe
VN-13,Hà Tĩnh,Ha Tinh,VNA25-5C955D7FF8,,Hương Phố,Huong Pho
VN-13,Hà Tĩnh,Ha Tinh,VNA25-ACDE37FB1A,,Hương Sơn,Huong Son
VN-13,Hà Tĩnh,Ha Tinh,VNA25-9908209E0D,,Hương Xuân,Huong Xuan
VN-13,Hà Tĩnh,Ha Tinh,VNA25-38D3B68D4D,,Kim Hoa,Kim Hoa
VN-13,Hà Tĩnh,Ha Tinh,VNA25-37AE962115,,Kỳ Anh,Ky Anh
VN-13,Hà Tĩnh,Ha Tinh,VNA25-39BECDA64A,,Kỳ Hoa,Ky Hoa
VN-13,Hà Tĩnh,Ha Tinh,VNA25-545CD011B3,,Kỳ Khang,Ky Khang
VN-13,Hà Tĩnh,Ha Tinh,VNA25-3C1E2AB4AB,,Kỳ Lạc,Ky Lac
VN-13,Hà Tĩnh,Ha Tinh,VNA25-77188D7510,,Kỳ Thượng,Ky Thuong
VN-13,Hà Tĩnh,Ha Tinh,VNA25-D3ABD508CF,,Kỳ Văn,Ky Van
VN-13,Hà Tĩnh,Ha Tinh,VNA25-6830E7BAC5,,Kỳ Xuân,Ky Xuan
VN-13,Hà Tĩnh,Ha Tinh,VNA25-D715F1B801,,Lộc Hà,Loc Ha
VN-13,Hà Tĩnh,Ha Tinh,VNA25-C86366CFD5,,Mai Hoa,Mai Hoa
VN-13,Hà Tĩnh,Ha Tinh,VNA25-D82DB13AA7,,Mai Phụ,Mai Phu
VN-13,Hà Tĩnh,Ha Tinh,VNA25-CDF3DF4233,,Nam Hồng Lĩnh,Nam Hong Linh
VN-13,Hà Tĩnh,Ha Tinh,VNA25-BA0193EBA3,,Nghi Xuân,Nghi Xuan
VN-13,Hà Tĩnh,Ha Tinh,VNA25-573118F1B5,,Phúc Trạch,Phuc Trach
VN-13,Hà Tĩnh,Ha Tinh,VNA25-CC8459A1FA,,Sơn Giang,Son Giang
VN-13,Hà Tĩnh,Ha Tinh,VNA25-DCF7FB49EE,,Sơn Hồng,Son Hong
VN-13,Hà Tĩnh,Ha Tinh,VNA25-9704AADB9D,,Sơn Kim 1,Son Kim 1
VN-13,Hà Tĩnh,Ha Tinh,VNA25-A0CA602CF2,,Sơn Kim 2,Son Kim 2
VN-13,Hà Tĩnh,Ha Tinh,VNA25-142213489B,,Sơn Tây,Son Tay
VN-13,Hà Tĩnh,Ha Tinh,VNA25-7D27250828,,Sơn Tiến,Son Tien
VN-13,Hà Tĩnh,Ha Tinh,VNA25-2337F9FABA,,Sông Trí,Song Tri
VN-13,Hà Tĩnh,Ha Tinh,VNA25-60DC20AFE1,,Thạch Hà,Thach Ha
VN-13,Hà Tĩnh,Ha Tinh,VNA25-F5C0AE5296,,Thạch Khê,Thach Khe
VN-13,Hà Tĩnh,Ha Tinh,VNA25-72C26CC728,,Thạch Lạc,Thach Lac
VN-13,Hà Tĩnh,Ha Tinh,VNA25-A4BBBDEDD2,,Thạch Xuân,Thach Xuan
VN-13,Hà Tĩnh,Ha Tinh,VNA25-83D0C9A20F,,Thành Sen,Thanh Sen
VN-13,Hà Tĩnh,Ha Tinh,VNA25-6C9D936517,,Thiên Cầm,Thien Cam
VN-13,Hà Tĩnh,Ha Tinh,VNA25-ACF534430E,,Thượng Đức,Thuong Duc
VN-13,Hà Tĩnh,Ha Tinh,VNA25-4BB48F1CE2,,Tiên Điền,Tien Dien
VN-13,Hà Tĩnh,Ha Tinh,VNA25-FDF7DE2694,,Toàn Lưu,Toan Luu
VN-13,Hà Tĩnh,Ha Tinh,VNA25-11C0880ABD,,Trần Phú,Tran Phu
VN-13,Hà Tĩnh,Ha Tinh,VNA25-0F994BE46A,,Trường Lưu,Truong Luu
VN-13,Hà Tĩnh,Ha Tinh,VNA25-A46339C271,,Tứ Mỹ,Tu My
VN-13,Hà Tĩnh,Ha Tinh,VNA25-D2BFCFD895,,Tùng Lộc,Tung Loc
VN-13,Hà Tĩnh,Ha Tinh,VNA25-BC6E114D7A,,Việt Xuyên,Viet Xuyen
VN-13,Hà Tĩnh,Ha Tinh,VNA25-9F16BA227C,,Vũ Quang,Vu Quang
VN-13,Hà Tĩnh,Ha Tinh,VNA25-A6B3A5B6DE,,Vũng Áng,Vung Ang
VN-13,Hà Tĩnh,Ha Tinh,VNA25-4D08A5D5D6,,Xuân Lộc,Xuan Loc
VN-13,Hà Tĩnh,Ha Tinh,VNA25-1F778FFD07,,Yên Hoà,Yen Hoa
VN-14,Hải Phòng,Hai Phong,VNA25-A74CC06737,,Ái Quốc,Ai Quoc
VN-14,Hải Phòng,Hai Phong,VNA25-23B08408B5,,An Biên,An Bien
VN-14,Hải Phòng,Hai Phong,VNA25-9B702DE590,,An Dương,An Duong
VN-14,Hải Phòng,Hai Phong,VNA25-CB64E4A3EF,,An Hải,An Hai
VN-14,Hải Phòng,Hai Phong,VNA25-BB3BA7D400,,An Hưng,An Hung
VN-14,Hải Phòng,Hai Phong,VNA25-D182F6D21E,,An Khánh,An Khanh
VN-14,Hải Phòng,Hai Phong,VNA25-78423C2591,,An Lão,An Lao
VN-14,Hải Phòng,Hai Phong,VNA25-9956C962E7,,An Phong,An Phong
VN-14,Hải Phòng,Hai Phong,VNA25-D7D86D4DE1,,An Phú,An Phu
VN-14,Hải Phòng,Hai Phong,VNA25-381B3D353B,,An Quang,An Quang
VN-14,Hải Phòng,Hai Phong,VNA25-B631B7A548,,An Thành,An Thanh
VN-14,Hải Phòng,Hai Phong,VNA25-D3A7FA90B8,,An Trường,An Truong
VN-14,Hải Phòng,Hai Phong,VNA25-A055C4A3D1,,Bắc An Phụ,Bac An Phu
VN-14,Hải Phòng,Hai Phong,VNA25-6FE72A2274,,Bắc Thanh Miện,Bac Thanh Mien
VN-14,Hải Phòng,Hai Phong,VNA25-EE0A586FE3,,Bạch Đằng,Bach Dang
VN-14,Hải Phòng,Hai Phong,VNA25-1CB5CB93CB,,Bạch Long Vĩ,Bach Long Vi
VN-14,Hải Phòng,Hai Phong,VNA25-34F62C2D23,,Bình Giang,Binh Giang
VN-14,Hải Phòng,Hai Phong,VNA25-09C1DA8BEB,,Cẩm Giang,Cam Giang
VN-14,Hải Phòng,Hai Phong,VNA25-4B27767913,,Cẩm Giàng,Cam Giang
VN-14,Hải Phòng,Hai Phong,VNA25-6AE1408B57,,Cát Hải,Cat Hai
VN-14,Hải Phòng,Hai Phong,VNA25-B7A9A14C84,,Chấn Hưng,Chan Hung
VN-14,Hải Phòng,Hai Phong,VNA25-5E6CAB33D6,,Chí Linh,Chi Linh
VN-14,Hải Phòng,Hai Phong,VNA25-45DD585EBD,,Chí Minh,Ho Chi Minh
VN-14,Hải Phòng,Hai Phong,VNA25-D092CE57F1,,Chu Văn An,Chu Van An
VN-14,Hải Phòng,Hai Phong,VNA25-2D2FF13AD5,,Đại Sơn,Dai Son
VN-14,Hải Phòng,Hai Phong,VNA25-01F20B6044,,Đồ Sơn,Do Son
VN-14,Hải Phòng,Hai Phong,VNA25-052A6E7190,,Đông Hải,Dong Hai
VN-14,Hải Phòng,Hai Phong,VNA25-38F56A88DD,,Đường An,Duong An
VN-14,Hải Phòng,Hai Phong,VNA25-ACB0962E30,,Dương Kinh,Duong Kinh
VN-14,Hải Phòng,Hai Phong,VNA25-9815781A8C,,Gia Lộc,Gia Loc
VN-14,Hải Phòng,Hai Phong,VNA25-D9D7F5AB13,,Gia Phúc,Gia Phuc
VN-14,Hải Phòng,Hai Phong,VNA25-9A0283F68B,,Gia Viên,Gia Vien
VN-14,Hải Phòng,Hai Phong,VNA25-1D0B089D74,,Hà Bắc,Ha Bac
VN-14,Hải Phòng,Hai Phong,VNA25-194BB14566,,Hà Đông,Ha Dong
VN-14,Hải Phòng,Hai Phong,VNA25-512110F877,,Hà Nam,Ha Nam
VN-14,Hải Phòng,Hai Phong,VNA25-84B4684421,,Hà Tây,Ha Tay
VN-14,Hải Phòng,Hai Phong,VNA25-AC8AEB7348,,Hải An,Hai An
VN-14,Hải Phòng,Hai Phong,VNA25-0F070762C7,,Hải Dương,Hai Duong
VN-14,Hải Phòng,Hai Phong,VNA25-3067C2321F,,Hải Hưng,Hai Hung
VN-14,Hải Phòng,Hai Phong,VNA25-2F7767997E,,Hoà Bình,Hoa Binh
VN-14,Hải Phòng,Hai Phong,VNA25-F1CB1EB84D,,Hồng An,Hong An
VN-14,Hải Phòng,Hai Phong,VNA25-195628DC93,,Hồng Bàng,Hong Bang
VN-14,Hải Phòng,Hai Phong,VNA25-2C0FE48F2A,,Hồng Châu,Hong Chau
VN-14,Hải Phòng,Hai Phong,VNA25-6BD4706C49,,Hợp Tiến,Hop Tien
VN-14,Hải Phòng,Hai Phong,VNA25-CBE6F1B279,,Hưng Đạo,Hung Dao
VN-14,Hải Phòng,Hai Phong,VNA25-A6E889B84A,,Hùng Thắng,Hung Thang
VN-14,Hải Phòng,Hai Phong,VNA25-DC5C051B16,,Kẻ Sặt,Ke Sat
VN-14,Hải Phòng,Hai Phong,VNA25-AB0BABFA75,,Khúc Thừa Dụ,Khuc Thua Du
VN-14,Hải Phòng,Hai Phong,VNA25-5C37B39157,,Kiến An,Kien An
VN-14,Hải Phòng,Hai Phong,VNA25-C8ADCB2F1A,,Kiến Hải,Kien Hai
VN-14,Hải Phòng,Hai Phong,VNA25-4DB88D6055,,Kiến Hưng,Kien Hung
VN-14,Hải Phòng,Hai Phong,VNA25-B178EB85A9,,Kiến Minh,Kien Minh
VN-14,Hải Phòng,Hai Phong,VNA25-F68336F173,,Kiến Thụy,Kien Thuy
VN-14,Hải Phòng,Hai Phong,VNA25-4E1E1E404B,,Kim Thành,Kim Thanh
VN-14,Hải Phòng,Hai Phong,VNA25-9BFAB2D851,,Kinh Môn,Kinh Mon
VN-14,Hải Phòng,Hai Phong,VNA25-2201935553,,Lạc Phượng,Lac Phuong
VN-14,Hải Phòng,Hai Phong,VNA25-B5958B3C9E,,Lai Khê,Lai Khe
VN-14,Hải Phòng,Hai Phong,VNA25-91DC4FE0E9,,Lê Chân,Le Chan
VN-14,Hải Phòng,Hai Phong,VNA25-0D49A4C250,,Lê Đại Hành,Le Dai Hanh
VN-14,Hải Phòng,Hai Phong,VNA25-6BD885EE84,,Lê Ích Mộc,Le Ich Moc
VN-14,Hải Phòng,Hai Phong,VNA25-734E00C587,,Lê Thanh Nghị,Le Thanh Nghi
VN-14,Hải Phòng,Hai Phong,VNA25-A401CADC4E,,Lưu Kiếm,Luu Kiem
VN-14,Hải Phòng,Hai Phong,VNA25-C196751C5D,,Mao Điền,Mao Dien
VN-14,Hải Phòng,Hai Phong,VNA25-B5C33278A0,,Nam An Phụ,Nam An Phu
VN-14,Hải Phòng,Hai Phong,VNA25-67344E1CC0,,Nam Đồ Sơn,Nam Do Son
VN-14,Hải Phòng,Hai Phong,VNA25-ACAB4030FC,,Nam Đồng,Nam Dong
VN-14,Hải Phòng,Hai Phong,VNA25-3B51C22B24,,Nam Sách,Nam Sach
VN-14,Hải Phòng,Hai Phong,VNA25-12CDDF34A7,,Nam Thanh Miện,Nam Thanh Mien
VN-14,Hải Phòng,Hai Phong,VNA25-6997AA27CD,,Nam Triệu,Nam Trieu
VN-14,Hải Phòng,Hai Phong,VNA25-ED3CA9AEDE,,Nghi Dương,Nghi Duong
VN-14,Hải Phòng,Hai Phong,VNA25-F5E175E8C5,,Ngô Quyền,Ngo Quyen
VN-14,Hải Phòng,Hai Phong,VNA25-19D8A1CF91,,Nguyễn Bỉnh Khiêm,Nguyen Binh Khiem
VN-14,Hải Phòng,Hai Phong,VNA25-36A0EB9989,,Nguyễn Đại Năng,Nguyen Dai Nang
VN-14,Hải Phòng,Hai Phong,VNA25-87909E6EA0,,Nguyên Giáp,Nguyen Giap
VN-14,Hải Phòng,Hai Phong,VNA25-FBA305C4D2,,Nguyễn Lương Bằng,Nguyen Luong Bang
VN-14,Hải Phòng,Hai Phong,VNA25-70CE8C4382,,Nguyễn Trãi,Nguyen Trai
VN-14,Hải Phòng,Hai Phong,VNA25-560B804795,,Nhị Chiểu,Nhi Chieu
VN-14,Hải Phòng,Hai Phong,VNA25-6DDC8F53E9,,Ninh Giang,Ninh Giang
VN-14,Hải Phòng,Hai Phong,VNA25-465E031F6D,,Phạm Sư Mạnh,Pham Su Manh
VN-14,Hải Phòng,Hai Phong,VNA25-6326539561,,Phù Liễn,Phu Lien
VN-14,Hải Phòng,Hai Phong,VNA25-AF52938E76,,Phú Thái,Phu Thai
VN-14,Hải Phòng,Hai Phong,VNA25-5B1C1E8029,,Quyết Thắng,Quyet Thang
VN-14,Hải Phòng,Hai Phong,VNA25-241986C2EC,,Tân An,Tan An
VN-14,Hải Phòng,Hai Phong,VNA25-4B6D71A7D0,,Tân Hưng,Tan Hung
VN-14,Hải Phòng,Hai Phong,VNA25-3BC2AE42D6,,Tân Kỳ,Tan Ky
VN-14,Hải Phòng,Hai Phong,VNA25-2050D6FF71,,Tân Minh,Tan Minh
VN-14,Hải Phòng,Hai Phong,VNA25-345BBF0E44,,Thạch Khôi,Thach Khoi
VN-14,Hải Phòng,Hai Phong,VNA25-E13794C4D3,,Thái Tân,Thai Tan
VN-14,Hải Phòng,Hai Phong,VNA25-D5DC005AF5,,Thành Đông,Thanh Dong
VN-14,Hải Phòng,Hai Phong,VNA25-930EC62485,,Thanh Hà,Thanh Ha
VN-14,Hải Phòng,Hai Phong,VNA25-01A0FBE20E,,Thanh Miện,Thanh Mien
VN-14,Hải Phòng,Hai Phong,VNA25-82C750C1ED,,Thiên Hương,Thien Huong
VN-14,Hải Phòng,Hai Phong,VNA25-2798B7A52B,,Thượng Hồng,Thuong Hong
VN-14,Hải Phòng,Hai Phong,VNA25-1BEE70EFF0,,Thuỷ Nguyên,Thuy Nguyen
VN-14,Hải Phòng,Hai Phong,VNA25-A05830ED27,,Tiên Lãng,Tien Lang
VN-14,Hải Phòng,Hai Phong,VNA25-3B486F6704,,Tiên Minh,Tien Minh
VN-14,Hải Phòng,Hai Phong,VNA25-0F79472164,,Trần Hưng Đạo,Tran Hung Dao
VN-14,Hải Phòng,Hai Phong,VNA25-E2924DBC19,,Trần Liễu,Tran Lieu
VN-14,Hải Phòng,Hai Phong,VNA25-D79A8D22CE,,Trần Nhân Tông,Tran Nhan Tong
VN-14,Hải Phòng,Hai Phong,VNA25-B8BA98394D,,Trần Phú,Tran Phu
VN-14,Hải Phòng,Hai Phong,VNA25-E8FCB0219D,,Trường Tân,Truong Tan
VN-14,Hải Phòng,Hai Phong,VNA25-24D88FE8B7,,Tứ Kỳ,Tu Ky
VN-14,Hải Phòng,Hai Phong,VNA25-0FCD183E2E,,Tứ Minh,Tu Minh
VN-14,Hải Phòng,Hai Phong,VNA25-2CD13ECDCF,,Tuệ Tĩnh,Tue Tinh
VN-14,Hải Phòng,Hai Phong,VNA25-15BAC5E101,,Việt Hoà,Viet Hoa
VN-14,Hải Phòng,Hai Phong,VNA25-9AA1019D8D,,Việt Khê,Viet Khe
VN-14,Hải Phòng,Hai Phong,VNA25-4E21A76E49,,Vĩnh Am,Vinh Am
VN-14,Hải Phòng,Hai Phong,VNA25-75A1D2D231,,Vĩnh Bảo,Vinh Bao
VN-14,Hải Phòng,Hai Phong,VNA25-BA744B8C70,,Vĩnh Hải,Vinh Hai
VN-14,Hải Phòng,Hai Phong,VNA25-E0B1751A75,,Vĩnh Hoà,Vinh Hoa
VN-14,Hải Phòng,Hai Phong,VNA25-C448325113,,Vĩnh Lại,Vinh Lai
VN-14,Hải Phòng,Hai Phong,VNA25-DB4B433873,,Vĩnh Thịnh,Vinh Thinh
VN-14,Hải Phòng,Hai Phong,VNA25-C8DF13F337,,Vĩnh Thuận,Vinh Thuan
VN-14,Hải Phòng,Hai Phong,VNA25-BE71DAF3F3,,Yết Kiêu,Yet Kieu
VN-15,Hồ Chí Minh,Ho Chi Minh,VNA25-3DAB2AF0F1,,An Đông,An Dong
VN-15,Hồ Chí Minh,Ho Chi Minh,VNA25-625F2E6C89,,An Hội Đông,An Hoi Dong
VN-15,Hồ Chí Minh,Ho Chi Minh,VNA25-CB1B0E6B7C,,An Hội Tây,An Hoi Tay
VN-15,Hồ Chí Minh,Ho Chi Minh,VNA25-4923447C2F,,An Khánh,An Khanh
VN-15,Hồ Chí Minh,Ho Chi Minh,VNA25-256E2F8977,,An Lạc,An Lac
VN-15,Hồ Chí Minh,Ho Chi Minh,VNA25-42792ECE54,,An Long,An Long
VN-15,Hồ Chí Minh,Ho Chi Minh,VNA25-CFF4DECEBD,,An Nhơn,An Nhon
VN-15,Hồ Chí Minh,Ho Chi Minh,VNA25-6FDAB9B7A5,,An Nhơn Tây,An Nhon Tay
VN-15,Hồ Chí Minh,Ho Chi Minh,VNA25-8956795A91,,An Phú,An Phu
VN-15,Hồ Chí Minh,Ho Chi Minh,VNA25-7BBDEDDFE9,,An Phú Đông,An Phu Dong
VN-15,Hồ Chí Minh,Ho Chi Minh,VNA25-6246229592,,An Thới Đông,An Thoi Dong
VN-15,Hồ Chí Minh,Ho Chi Minh,VNA25-719C6EE594,,Bà Điểm,Ba Diem
VN-15,Hồ Chí Minh,Ho Chi Minh,VNA25-F80F6D6EE3,,Bà Rịa,Ba Ria
VN-15,Hồ Chí Minh,Ho Chi Minh,VNA25-D6EFB1EB49,,Bắc Tân Uyên,Bac Tan Uyen
VN-15,Hồ Chí Minh,Ho Chi Minh,VNA25-58BCDA5E7F,,Bàn Cờ,Ban Co
VN-15,Hồ Chí Minh,Ho Chi Minh,VNA25-23A715C820,,Bàu Bàng,Bau Bang
VN-15,Hồ Chí Minh,Ho Chi Minh,VNA25-C4F33D88C0,,Bàu Lâm,Bau Lam
VN-15,Hồ Chí Minh,Ho Chi Minh,VNA25-EDBF657DBA,,Bảy Hiền,Bay Hien
VN-15,Hồ Chí Minh,Ho Chi Minh,VNA25-E50FBE11DD,,Bến Cát,Ben Cat
VN-15,Hồ Chí Minh,Ho Chi Minh,VNA25-6E2DEAA0CF,,Bến Thành,Ben Thanh
VN-15,Hồ Chí Minh,Ho Chi Minh,VNA25-00F4A0BB48,,Bình Chánh,Binh Chanh
VN-15,Hồ Chí Minh,Ho Chi Minh,VNA25-D133791423,,Bình Châu,Binh Chau
VN-15,Hồ Chí Minh,Ho Chi Minh,VNA25-80B26460A2,,Bình Cơ,Binh Co
VN-15,Hồ Chí Minh,Ho Chi Minh,VNA25-14573BD44C,,Bình Đông,Binh Dong
VN-15,Hồ Chí Minh,Ho Chi Minh,VNA25-B2043E5CF1,,Bình Dương,Binh Duong
VN-15,Hồ Chí Minh,Ho Chi Minh,VNA25-BDA3694E13,,Bình Giã,Binh Gia
VN-15,Hồ Chí Minh,Ho Chi Minh,VNA25-37F5A02D95,,Bình Hoà,Binh Hoa
VN-15,Hồ Chí Minh,Ho Chi Minh,VNA25-0268B5C76C,,Bình Hưng,Binh Hung
VN-15,Hồ Chí Minh,Ho Chi Minh,VNA25-90A6E8DE81,,Bình Hưng Hoà,Binh Hung Hoa
VN-15,Hồ Chí Minh,Ho Chi Minh,VNA25-82640C5C6C,,Bình Khánh,Binh Khanh
VN-15,Hồ Chí Minh,Ho Chi Minh,VNA25-121308475A,,Bình Lợi,Binh Loi
VN-15,Hồ Chí Minh,Ho Chi Minh,VNA25-B006F88CED,,Bình Lợi Trung,Binh Loi Trung
VN-15,Hồ Chí Minh,Ho Chi Minh,VNA25-206CFC0B13,,Bình Mỹ,Binh My
VN-15,Hồ Chí Minh,Ho Chi Minh,VNA25-4AE93E5884,,Bình Phú,Binh Phu
VN-15,Hồ Chí Minh,Ho Chi Minh,VNA25-D919FE8424,,Bình Quới,Binh Quoi
VN-15,Hồ Chí Minh,Ho Chi Minh,VNA25-2B18CA88F3,,Bình Tân,Binh Tan
VN-15,Hồ Chí Minh,Ho Chi Minh,VNA25-1EC99A72C5,,Bình Tây,Binh Tay
VN-15,Hồ Chí Minh,Ho Chi Minh,VNA25-FA9F83C256,,Bình Thạnh,Binh Thanh
VN-15,Hồ Chí Minh,Ho Chi Minh,VNA25-D3A880F342,,Bình Thới,Binh Thoi
VN-15,Hồ Chí Minh,Ho Chi Minh,VNA25-A4554F8080,,Bình Tiên,Binh Tien
VN-15,Hồ Chí Minh,Ho Chi Minh,VNA25-13419A0F31,,Bình Trị Đông,Binh Tri Dong
VN-15,Hồ Chí Minh,Ho Chi Minh,VNA25-566720618D,,Bình Trưng,Binh Trung
VN-15,Hồ Chí Minh,Ho Chi Minh,VNA25-500A1E5791,,Cần Giờ,Can Gio
VN-15,Hồ Chí Minh,Ho Chi Minh,VNA25-0454F93CFF,,Cát Lái,Cat Lai
VN-15,Hồ Chí Minh,Ho Chi Minh,VNA25-AB8559092F,,Cầu Kiệu,Cau Kieu
VN-15,Hồ Chí Minh,Ho Chi Minh,VNA25-ED191229EE,,Cầu Ông Lãnh,Cau Ong Lanh
VN-15,Hồ Chí Minh,Ho Chi Minh,VNA25-216FD48773,,Chánh Hiệp,Chanh Hiep
VN-15,Hồ Chí Minh,Ho Chi Minh,VNA25-E49A1873B5,,Chánh Hưng,Chanh Hung
VN-15,Hồ Chí Minh,Ho Chi Minh,VNA25-EA6BBD3D92,,Chánh Phú Hoà,Chanh Phu Hoa
VN-15,Hồ Chí Minh,Ho Chi Minh,VNA25-B022F44066,,Châu Đức,Chau Duc
VN-15,Hồ Chí Minh,Ho Chi Minh,VNA25-99FF91D6EE,,Châu Pha,Chau Pha
VN-15,Hồ Chí Minh,Ho Chi Minh,VNA25-38FA7841FB,,Chợ Lớn,Cho Lon
VN-15,Hồ Chí Minh,Ho Chi Minh,VNA25-D4638849B5,,Chợ Quán,Cho Quan
VN-15,Hồ Chí Minh,Ho Chi Minh,VNA25-985ACD7CE6,,Côn Đảo,Con Dao
VN-15,Hồ Chí Minh,Ho Chi Minh,VNA25-7E55687EAB,,Củ Chi,Cu Chi
VN-15,Hồ Chí Minh,Ho Chi Minh,VNA25-083B71EA61,,Đất Đỏ,Dat Do
VN-15,Hồ Chí Minh,Ho Chi Minh,VNA25-76A26C8B8A,,Dầu Tiếng,Dau Tieng
VN-15,Hồ Chí Minh,Ho Chi Minh,VNA25-B294093337,,Dĩ An,Di An
VN-15,Hồ Chí Minh,Ho Chi Minh,VNA25-DDC5E4C8C9,,Diên Hồng,Dien Hong
VN-15,Hồ Chí Minh,Ho Chi Minh,VNA25-C53996C50A,,Đông Hoà,Dong Hoa
VN-15,Hồ Chí Minh,Ho Chi Minh,VNA25-2724CBD297,,Đông Hưng Thuận,Dong Hung Thuan
VN-15,Hồ Chí Minh,Ho Chi Minh,VNA25-54906A9A71,,Đông Thạnh,Dong Thanh
VN-15,Hồ Chí Minh,Ho Chi Minh,VNA25-E2FE75DF20,,Đức Nhuận,Duc Nhuan
VN-15,Hồ Chí Minh,Ho Chi Minh,VNA25-C2AD9AF8F9,,Gia Định,Gia Dinh
VN-15,Hồ Chí Minh,Ho Chi Minh,VNA25-BC1B77A134,,Gò Vấp,Go Vap
VN-15,Hồ Chí Minh,Ho Chi Minh,VNA25-F3A0B4DAC5,,Hạnh Thông,Hanh Thong
VN-15,Hồ Chí Minh,Ho Chi Minh,VNA25-63F78542B1,,Hiệp Bình,Hiep Binh
VN-15,Hồ Chí Minh,Ho Chi Minh,VNA25-78CCF5DC4F,,Hiệp Phước,Hiep Phuoc
VN-15,Hồ Chí Minh,Ho Chi Minh,VNA25-E8C5746B2E,,Hồ Tràm,Ho Tram
VN-15,Hồ Chí Minh,Ho Chi Minh,VNA25-530493BDD8,,Hoà Bình,Hoa Binh
VN-15,Hồ Chí Minh,Ho Chi Minh,VNA25-7BFC661C79,,Hòa Hiệp,Hoa Hiep
VN-15,Hồ Chí Minh,Ho Chi Minh,VNA25-5AEB95B0D5,,Hòa Hội,Hoa Hoi
VN-15,Hồ Chí Minh,Ho Chi Minh,VNA25-560849DEE0,,Hoà Hưng,Hoa Hung
VN-15,Hồ Chí Minh,Ho Chi Minh,VNA25-473D265D1E,,Hoà Lợi,Hoa Loi
VN-15,Hồ Chí Minh,Ho Chi Minh,VNA25-B150419F83,,Hóc Môn,Hoc Mon
VN-15,Hồ Chí Minh,Ho Chi Minh,VNA25-8E07A2B5B0,,Hưng Long,Hung Long
VN-15,Hồ Chí Minh,Ho Chi Minh,VNA25-A886939F48,,Khánh Hội,Khanh Hoi
VN-15,Hồ Chí Minh,Ho Chi Minh,VNA25-937F3A9B80,,Kim Long,Kim Long
VN-15,Hồ Chí Minh,Ho Chi Minh,VNA25-1B0E662F3C,,Lái Thiêu,Lai Thieu
VN-15,Hồ Chí Minh,Ho Chi Minh,VNA25-C7726B3AD8,,Linh Xuân,Linh Xuan
VN-15,Hồ Chí Minh,Ho Chi Minh,VNA25-C53C54191E,,Long Bình,Long Binh
VN-15,Hồ Chí Minh,Ho Chi Minh,VNA25-D10B4E2AC6,,Long Điền,Long Dien
VN-15,Hồ Chí Minh,Ho Chi Minh,VNA25-E19D2758FC,,Long Hải,Long Hai
VN-15,Hồ Chí Minh,Ho Chi Minh,VNA25-31946BE04B,,Long Hoà,Long Hoa
VN-15,Hồ Chí Minh,Ho Chi Minh,VNA25-00F959391B,,Long Hương,Long Huong
VN-15,Hồ Chí Minh,Ho Chi Minh,VNA25-FEEC99DDFD,,Long Nguyên,Long Nguyen
VN-15,Hồ Chí Minh,Ho Chi Minh,VNA25-F63A363EE5,,Long Phước,Long Phuoc
VN-15,Hồ Chí Minh,Ho Chi Minh,VNA25-CECECEA8DB,,Long Sơn,Long Son
VN-15,Hồ Chí Minh,Ho Chi Minh,VNA25-44549F1437,,Long Trường,Long Truong
VN-15,Hồ Chí Minh,Ho Chi Minh,VNA25-B7F2555407,,Minh Phụng,Minh Phung
VN-15,Hồ Chí Minh,Ho Chi Minh,VNA25-3DFB0E7FD0,,Minh Thạnh,Minh Thanh
VN-15,Hồ Chí Minh,Ho Chi Minh,VNA25-9F68EA013A,,Ngãi Giao,Ngai Giao
VN-15,Hồ Chí Minh,Ho Chi Minh,VNA25-0EC2570EA9,,Nghĩa Thành,Nghia Thanh
VN-15,Hồ Chí Minh,Ho Chi Minh,VNA25-9635A680A9,,Nhà Bè,Nha Be
VN-15,Hồ Chí Minh,Ho Chi Minh,VNA25-067893515C,,Nhiêu Lộc,Nhieu Loc
VN-15,Hồ Chí Minh,Ho Chi Minh,VNA25-027CA7DA45,,Nhuận Đức,Nhuan Duc
VN-15,Hồ Chí Minh,Ho Chi Minh,VNA25-B76F907CC8,,Phú An,Phu An
VN-15,Hồ Chí Minh,Ho Chi Minh,VNA25-AA82E350A0,,Phú Định,Phu Dinh
VN-15,Hồ Chí Minh,Ho Chi Minh,VNA25-082621C2FF,,Phú Giáo,Phu Giao
VN-15,Hồ Chí Minh,Ho Chi Minh,VNA25-7968E6744C,,Phú Hoà Đông,Phu Hoa Dong
VN-15,Hồ Chí Minh,Ho Chi Minh,VNA25-3026EE0BE4,,Phú Lâm,Phu Lam
VN-15,Hồ Chí Minh,Ho Chi Minh,VNA25-E9488E3C2D,,Phú Lợi,Phu Loi
VN-15,Hồ Chí Minh,Ho Chi Minh,VNA25-2B95D76E3B,,Phú Mỹ,Phu My
VN-15,Hồ Chí Minh,Ho Chi Minh,VNA25-D0852C467E,,Phú Nhuận,Phu Nhuan
VN-15,Hồ Chí Minh,Ho Chi Minh,VNA25-2B816C86E6,,Phú Thạnh,Phu Thanh
VN-15,Hồ Chí Minh,Ho Chi Minh,VNA25-9145D56451,,Phú Thọ,Phu Tho
VN-15,Hồ Chí Minh,Ho Chi Minh,VNA25-CA03DEEAF3,,Phú Thọ Hoà,Phu Tho Hoa
VN-15,Hồ Chí Minh,Ho Chi Minh,VNA25-E5EB763116,,Phú Thuận,Phu Thuan
VN-15,Hồ Chí Minh,Ho Chi Minh,VNA25-438E0094E4,,Phước Hải,Phuoc Hai
VN-15,Hồ Chí Minh,Ho Chi Minh,VNA25-51CA6F2E70,,Phước Hoà,Phuoc Hoa
VN-15,Hồ Chí Minh,Ho Chi Minh,VNA25-6561267821,,Phước Long,Phuoc Long
VN-15,Hồ Chí Minh,Ho Chi Minh,VNA25-594BDD8D50,,Phước Thắng,Phuoc Thang
VN-15,Hồ Chí Minh,Ho Chi Minh,VNA25-4D67C8CE67,,Phước Thành,Phuoc Thanh
VN-15,Hồ Chí Minh,Ho Chi Minh,VNA25-366D0B8D69,,Rạch Dừa,Rach Dua
VN-15,Hồ Chí Minh,Ho Chi Minh,VNA25-CD258FAB99,,Sài Gòn,Sai Gon
VN-15,Hồ Chí Minh,Ho Chi Minh,VNA25-33E5CE695B,,Tam Bình,Tam Binh
VN-15,Hồ Chí Minh,Ho Chi Minh,VNA25-B083C291E5,,Tam Long,Tam Long
VN-15,Hồ Chí Minh,Ho Chi Minh,VNA25-EE9E702CA3,,Tam Thắng,Tam Thang
VN-15,Hồ Chí Minh,Ho Chi Minh,VNA25-F85997330F,,Tân An Hội,Tan An Hoi
VN-15,Hồ Chí Minh,Ho Chi Minh,VNA25-294B977FD6,,Tân Bình,Tan Binh
VN-15,Hồ Chí Minh,Ho Chi Minh,VNA25-7FC6C6109F,,Tân Định,Tan Dinh
VN-15,Hồ Chí Minh,Ho Chi Minh,VNA25-710711ED01,,Tân Đông Hiệp,Tan Dong Hiep
VN-15,Hồ Chí Minh,Ho Chi Minh,VNA25-77ABB31E27,,Tân Hải,Tan Hai
VN-15,Hồ Chí Minh,Ho Chi Minh,VNA25-BE22B7C428,,Tân Hiệp,Tan Hiep
VN-15,Hồ Chí Minh,Ho Chi Minh,VNA25-6EA40FB8AE,,Tân Hoà,Tan Hoa
VN-15,Hồ Chí Minh,Ho Chi Minh,VNA25-1ECE5B9651,,Tân Hưng,Tan Hung
VN-15,Hồ Chí Minh,Ho Chi Minh,VNA25-7B1D2620C0,,Tân Khánh,Tan Khanh
VN-15,Hồ Chí Minh,Ho Chi Minh,VNA25-2554C867B9,,Tân Mỹ,Tan My
VN-15,Hồ Chí Minh,Ho Chi Minh,VNA25-B588BA6D55,,Tân Nhựt,Tan Nhat
VN-15,Hồ Chí Minh,Ho Chi Minh,VNA25-156126ED16,,Tân Phú,Tan Phu
VN-15,Hồ Chí Minh,Ho Chi Minh,VNA25-3C232E5021,,Tân Phước,Tan Phuoc
VN-15,Hồ Chí Minh,Ho Chi Minh,VNA25-1A2B92D6ED,,Tân Sơn,Tan Son
VN-15,Hồ Chí Minh,Ho Chi Minh,VNA25-4BC6A640DD,,Tân Sơn Hoà,Tan Son Hoa
VN-15,Hồ Chí Minh,Ho Chi Minh,VNA25-B2D41ED08D,,Tân Sơn Nhất,Tan Son Nhat
VN-15,Hồ Chí Minh,Ho Chi Minh,VNA25-EB1B6B3E3C,,Tân Sơn Nhì,Tan Son Nhi
VN-15,Hồ Chí Minh,Ho Chi Minh,VNA25-D35A502A7A,,Tân Tạo,Tan Tao
VN-15,Hồ Chí Minh,Ho Chi Minh,VNA25-F041DCFAC6,,Tân Thành,Tan Thanh
VN-15,Hồ Chí Minh,Ho Chi Minh,VNA25-A86ADE74C8,,Tân Thới Hiệp,Tan Thoi Hiep
VN-15,Hồ Chí Minh,Ho Chi Minh,VNA25-6E5DD4BECE,,Tân Thuận,Tan Thuan
VN-15,Hồ Chí Minh,Ho Chi Minh,VNA25-4B1C4F85B7,,Tân Uyên,Tan Uyen
VN-15,Hồ Chí Minh,Ho Chi Minh,VNA25-1B870376A9,,Tân Vĩnh Lộc,Tan Vinh Loc
VN-15,Hồ Chí Minh,Ho Chi Minh,VNA25-03DDBA75CA,,Tăng Nhơn Phú,Tang Nhon Phu
VN-15,Hồ Chí Minh,Ho Chi Minh,VNA25-A37673B57F,,Tây Nam,Tay Nam
VN-15,Hồ Chí Minh,Ho Chi Minh,VNA25-55DFCC8DEA,,Tây Thạnh,Tay Thanh
VN-15,Hồ Chí Minh,Ho Chi Minh,VNA25-BF84AAFB4D,,Thái Mỹ,Thai My
VN-15,Hồ Chí Minh,Ho Chi Minh,VNA25-4210431D8D,,Thanh An,Thanh An
VN-15,Hồ Chí Minh,Ho Chi Minh,VNA25-E0CBC39F65,,Thạnh An,Thanh An
VN-15,Hồ Chí Minh,Ho Chi Minh,VNA25-3D39367575,,Thạnh Mỹ Tây,Thanh My Tay
VN-15,Hồ Chí Minh,Ho Chi Minh,VNA25-B694821FD7,,Thới An,Thoi An
VN-15,Hồ Chí Minh,Ho Chi Minh,VNA25-024AFAE704,,Thới Hoà,Thoi Hoa
VN-15,Hồ Chí Minh,Ho Chi Minh,VNA25-12F91EBB4A,,Thông Tây Hội,Thong Tay Hoi
VN-15,Hồ Chí Minh,Ho Chi Minh,VNA25-09E8E0A08A,,Thủ Dầu Một,Thu Dau Mot
VN-15,Hồ Chí Minh,Ho Chi Minh,VNA25-A6C8809B37,,Thủ Đức,Thu Duc
VN-15,Hồ Chí Minh,Ho Chi Minh,VNA25-E938C0C908,,Thuận An,Thuan An
VN-15,Hồ Chí Minh,Ho Chi Minh,VNA25-A7DBA7675E,,Thuận Giao,Thuan Giao
VN-15,Hồ Chí Minh,Ho Chi Minh,VNA25-8A140CC07A,,Thường Tân,Thuong Tan
VN-15,Hồ Chí Minh,Ho Chi Minh,VNA25-FAB3669ACF,,Trừ Văn Thố,Tru Van Tho
VN-15,Hồ Chí Minh,Ho Chi Minh,VNA25-5CAFF10F9D,,Trung Mỹ Tây,Trung My Tay
VN-15,Hồ Chí Minh,Ho Chi Minh,VNA25-3954C23AA2,,Vĩnh Hội,Vinh Hoi
VN-15,Hồ Chí Minh,Ho Chi Minh,VNA25-650BF869F5,,Vĩnh Lộc,Vinh Loc
VN-15,Hồ Chí Minh,Ho Chi Minh,VNA25-1D3ED11E7B,,Vĩnh Tân,Vinh Tan
VN-15,Hồ Chí Minh,Ho Chi Minh,VNA25-62EFBB3B4A,,Vũng Tàu,Vung Tau
VN-15,Hồ Chí Minh,Ho Chi Minh,VNA25-7691373AD5,,Vườn Lài,Vuon Lai
VN-15,Hồ Chí Minh,Ho Chi Minh,VNA25-3F2917130F,,Xóm Chiếu,Xom Chieu
VN-15,Hồ Chí Minh,Ho Chi Minh,VNA25-71A804BA94,,Xuân Hoà,Xuan Hoa
VN-15,Hồ Chí Minh,Ho Chi Minh,VNA25-6C92140F95,,Xuân Sơn,Xuan Son
VN-15,Hồ Chí Minh,Ho Chi Minh,VNA25-F527EEB8E3,,Xuân Thới Sơn,Xuan Thoi Son
VN-15,Hồ Chí Minh,Ho Chi Minh,VNA25-93804318A2,,Xuyên Mộc,Xuyen Moc
VN-16,Huế,Hue,VNA25-B0BDDF5EDB,,A Lưới 1,A Luoi 1
VN-16,Huế,Hue,VNA25-BE4FEBE896,,A Lưới 2,A Luoi 2
VN-16,Huế,Hue,VNA25-2BE08C6FCB,,A Lưới 3,A Luoi 3
VN-16,Huế,Hue,VNA25-770AE23E8F,,A Lưới 4,A Luoi 4
VN-16,Huế,Hue,VNA25-1D1C96F2B1,,A Lưới 5,A Luoi 5
VN-16,Huế,Hue,VNA25-8D14A167D1,,An Cựu,An Cuu
VN-16,Huế,Hue,VNA25-511F909AC9,,Bình Điền,Binh Dien
VN-16,Huế,Hue,VNA25-D83FFAF30D,,Chân Mây – Lăng Cô,Chan May - Lang Co
VN-16,Huế,Hue,VNA25-D7AF6D49AC,,Đan Điền,Dan Dien
VN-16,Huế,Hue,VNA25-0236EF02A3,,Dương Nỗ,Duong No
VN-16,Huế,Hue,VNA25-35AFF99500,,Hóa Châu,Hoa Chau
VN-16,Huế,Hue,VNA25-E1A37E6905,,Hưng Lộc,Hung Loc
VN-16,Huế,Hue,VNA25-1281AF38B0,,Hương An,Huong An
VN-16,Huế,Hue,VNA25-D38147367E,,Hương Thủy,Huong Thuy
VN-16,Huế,Hue,VNA25-D55795280D,,Hương Trà,Huong Tra
VN-16,Huế,Hue,VNA25-ABCBE7F214,,Khe Tre,Khe Tre
VN-16,Huế,Hue,VNA25-A9AAD32329,,Kim Long,Kim Long
VN-16,Huế,Hue,VNA25-FEEF82EC1A,,Kim Trà,Kim Tra
VN-16,Huế,Hue,VNA25-F90BFE3BFF,,Lộc An,Loc An
VN-16,Huế,Hue,VNA25-34533298E3,,Long Quảng,Long Quang
VN-16,Huế,Hue,VNA25-E659CC6C1C,,Mỹ Thượng,My Thuong
VN-16,Huế,Hue,VNA25-B5F95C1CBE,,Nam Đông,Nam Dong
VN-16,Huế,Hue,VNA25-A64EA22694,,Phong Điền,Phong Dien
VN-16,Huế,Hue,VNA25-83A97EE46D,,Phong Dinh,Phong Dinh
VN-16,Huế,Hue,VNA25-2A515790A1,,Phong Phú,Phong Phu
VN-16,Huế,Hue,VNA25-BF9956C900,,Phong Quảng,Phong Quang
VN-16,Huế,Hue,VNA25-158E099D9D,,Phong Thái,Phong Thai
VN-16,Huế,Hue,VNA25-19064062F2,,Phú Bài,Phu Bai
VN-16,Huế,Hue,VNA25-B659AB1D8C,,Phú Hồ,Phu Ho
VN-16,Huế,Hue,VNA25-22069BE880,,Phú Lộc,Phu Loc
VN-16,Huế,Hue,VNA25-4294BAC501,,Phú Vang,Phu Vang
VN-16,Huế,Hue,VNA25-EDE1E3B38C,,Phú Vinh,Phu Vinh
VN-16,Huế,Hue,VNA25-5D6570C096,,Phú Xuân,Phu Xuan
VN-16,Huế,Hue,VNA25-3E80FDC44D,,Quảng Điền,Quang Dien
VN-16,Huế,Hue,VNA25-36596E14F5,,Thanh Thủy,Thanh Thuy
VN-16,Huế,Hue,VNA25-1F94925DC5,,Thuận An,Thuan An
VN-16,Huế,Hue,VNA25-C7F3EBB4E3,,Thuận Hóa,Thuan Hoa
VN-16,Huế,Hue,VNA25-5A83E2B09B,,Thủy Xuân,Thuy Xuan
VN-16,Huế,Hue,VNA25-91E224EA3F,,Vinh Lộc,Vinh Loc
VN-16,Huế,Hue,VNA25-6C72C5FB1F,,Vỹ Dạ,Vy Da
VN-17,Hưng Yên,Hung Yen,VNA25-351BE56D03,,A Sào,A Sao
VN-17,Hưng Yên,Hung Yen,VNA25-303A0FEC29,,Ái Quốc,Ai Quoc
VN-17,Hưng Yên,Hung Yen,VNA25-E64F19DADC,,Ân Thi,An Thi
VN-17,Hưng Yên,Hung Yen,VNA25-E39CEE97E9,,Bắc Đông Hưng,Bac Dong Hung
VN-17,Hưng Yên,Hung Yen,VNA25-70C8EBC28E,,Bắc Đông Quan,Bac Dong Quan
VN-17,Hưng Yên,Hung Yen,VNA25-E91941419A,,Bắc Thái Ninh,Bac Thai Ninh
VN-17,Hưng Yên,Hung Yen,VNA25-7B5992E0CC,,Bắc Thụy Anh,Bac Thuy Anh
VN-17,Hưng Yên,Hung Yen,VNA25-E1E9E8E3A9,,Bắc Tiên Hưng,Bac Tien Hung
VN-17,Hưng Yên,Hung Yen,VNA25-BB572C6273,,Bình Định,Binh Dinh
VN-17,Hưng Yên,Hung Yen,VNA25-791330C077,,Bình Nguyên,Binh Nguyen
VN-17,Hưng Yên,Hung Yen,VNA25-5E7485BE17,,Bình Thanh,Binh Thanh
VN-17,Hưng Yên,Hung Yen,VNA25-8C939F25FE,,Châu Ninh,Chau Ninh
VN-17,Hưng Yên,Hung Yen,VNA25-59C8B32967,,Chí Minh,Ho Chi Minh
VN-17,Hưng Yên,Hung Yen,VNA25-10027269A0,,Đại Đồng,Dai Dong
VN-17,Hưng Yên,Hung Yen,VNA25-1B6DC3294D,,Diên Hà,Dien Ha
VN-17,Hưng Yên,Hung Yen,VNA25-1CAF39D0F3,,Đoàn Đào,Dao Doan
VN-17,Hưng Yên,Hung Yen,VNA25-CE64D74EEE,,Đồng Bằng,Dong Bang
VN-17,Hưng Yên,Hung Yen,VNA25-9E6C86133F,,Đồng Châu,Dong Chau
VN-17,Hưng Yên,Hung Yen,VNA25-7EDF5EFFF2,,Đông Hưng,Dong Hung
VN-17,Hưng Yên,Hung Yen,VNA25-DB87A34B5C,,Đông Quan,Dong Quan
VN-17,Hưng Yên,Hung Yen,VNA25-994EA58C65,,Đông Thái Ninh,Dong Thai Ninh
VN-17,Hưng Yên,Hung Yen,VNA25-F1E26E1FAF,,Đông Thụy Anh,Dong Thuy Anh
VN-17,Hưng Yên,Hung Yen,VNA25-5C0CADE36F,,Đông Tiền Hải,Dong Tien Hai
VN-17,Hưng Yên,Hung Yen,VNA25-6915EDA54C,,Đông Tiên Hưng,Dong Tien Hung
VN-17,Hưng Yên,Hung Yen,VNA25-9BF7C934ED,,Đức Hợp,Duc Hop
VN-17,Hưng Yên,Hung Yen,VNA25-CAA1CF8C39,,Đường Hào,Duong Hao
VN-17,Hưng Yên,Hung Yen,VNA25-6A40AB703A,,Hiệp Cường,Hiep Cuong
VN-17,Hưng Yên,Hung Yen,VNA25-3162C9B810,,Hoàn Long,Hoan Long
VN-17,Hưng Yên,Hung Yen,VNA25-08905EA154,,Hoàng Hoa Thám,Hoang Hoa Tham
VN-17,Hưng Yên,Hung Yen,VNA25-DC0709FED8,,Hồng Châu,Hong Chau
VN-17,Hưng Yên,Hung Yen,VNA25-CCC750E2F5,,Hồng Minh,Hong Minh
VN-17,Hưng Yên,Hung Yen,VNA25-1FFCA65C5A,,Hồng Quang,Hong Quang
VN-17,Hưng Yên,Hung Yen,VNA25-2866134170,,Hồng Vũ,Hong Vu
VN-17,Hưng Yên,Hung Yen,VNA25-10E50835AD,,Hưng Hà,Hung Ha
VN-17,Hưng Yên,Hung Yen,VNA25-F525C4B9CF,,Hưng Phú,Hung Phu
VN-17,Hưng Yên,Hung Yen,VNA25-1A041D34C3,,Khoái Châu,Khoai Chau
VN-17,Hưng Yên,Hung Yen,VNA25-100CABAD36,,Kiến Xương,Kien Xuong
VN-17,Hưng Yên,Hung Yen,VNA25-347B8EC48A,,Lạc Đạo,Lac Dao
VN-17,Hưng Yên,Hung Yen,VNA25-158125A04C,,Lê Lợi,Le Loi
VN-17,Hưng Yên,Hung Yen,VNA25-FB3A7FB678,,Lê Quý Đôn,Le Quy Don
VN-17,Hưng Yên,Hung Yen,VNA25-985C68375A,,Long Hưng,Long Hung
VN-17,Hưng Yên,Hung Yen,VNA25-E1D693E373,,Lương Bằng,Luong Bang
VN-17,Hưng Yên,Hung Yen,VNA25-D06494A237,,Mễ Sở,Me So
VN-17,Hưng Yên,Hung Yen,VNA25-0ABE3E52CE,,Minh Thọ,Minh Tho
VN-17,Hưng Yên,Hung Yen,VNA25-DFF7BE0D94,,Mỹ Hào,My Hao
VN-17,Hưng Yên,Hung Yen,VNA25-58A6189B23,,Nam Cường,Nam Cuong
VN-17,Hưng Yên,Hung Yen,VNA25-6A72C35A48,,Nam Đông Hưng,Nam Dong Hung
VN-17,Hưng Yên,Hung Yen,VNA25-7ED3E77FB0,,Nam Thái Ninh,Nam Thai Ninh
VN-17,Hưng Yên,Hung Yen,VNA25-275BEE311D,,Nam Thụy Anh,Nam Thuy Anh
VN-17,Hưng Yên,Hung Yen,VNA25-98F1B87158,,Nam Tiền Hải,Nam Tien Hai
VN-17,Hưng Yên,Hung Yen,VNA25-E516376C53,,Nam Tiên Hưng,Nam Tien Hung
VN-17,Hưng Yên,Hung Yen,VNA25-F320BEDCB2,,Nghĩa Dân,Nghia Dan
VN-17,Hưng Yên,Hung Yen,VNA25-063DCC8B56,,Nghĩa Trụ,Nghia Tru
VN-17,Hưng Yên,Hung Yen,VNA25-5C533495D1,,Ngọc Lâm,Ngoc Lam
VN-17,Hưng Yên,Hung Yen,VNA25-E2EC3340A2,,Ngự Thiên,Ngu Thien
VN-17,Hưng Yên,Hung Yen,VNA25-253DD866A8,,Nguyễn Du,Nguyen Du
VN-17,Hưng Yên,Hung Yen,VNA25-753AE5F741,,Nguyễn Trãi,Nguyen Trai
VN-17,Hưng Yên,Hung Yen,VNA25-C7A5FB27C6,,Nguyễn Văn Linh,Nguyen Van Linh
VN-17,Hưng Yên,Hung Yen,VNA25-039FA99483,,Như Quỳnh,Nhu Quynh
VN-17,Hưng Yên,Hung Yen,VNA25-D043267425,,Phạm Ngũ Lão,Pham Ngu Lao
VN-17,Hưng Yên,Hung Yen,VNA25-359CD5BB73,,Phố Hiến,Pho Hien
VN-17,Hưng Yên,Hung Yen,VNA25-FB698196B8,,Phụ Dực,Phu Duc
VN-17,Hưng Yên,Hung Yen,VNA25-5CDF159060,,Phụng Công,Phung Cong
VN-17,Hưng Yên,Hung Yen,VNA25-37773A2CE4,,Quang Hưng,Quang Hung
VN-17,Hưng Yên,Hung Yen,VNA25-FB83D401ED,,Quang Lịch,Quang Lich
VN-17,Hưng Yên,Hung Yen,VNA25-D8C280E895,,Quỳnh An,Quynh An
VN-17,Hưng Yên,Hung Yen,VNA25-B0A0EA0463,,Quỳnh Phụ,Quynh Phu
VN-17,Hưng Yên,Hung Yen,VNA25-B23870085B,,Sơn Nam,Son Nam
VN-17,Hưng Yên,Hung Yen,VNA25-7AD2876586,,Tân Hưng,Tan Hung
VN-17,Hưng Yên,Hung Yen,VNA25-F138FB8AA0,,Tân Thuận,Tan Thuan
VN-17,Hưng Yên,Hung Yen,VNA25-6D177BA1F8,,Tân Tiến,Tan Tien
VN-17,Hưng Yên,Hung Yen,VNA25-6AD878CAD2,,Tây Thái Ninh,Tay Thai Ninh
VN-17,Hưng Yên,Hung Yen,VNA25-39E86A84D9,,Tây Thụy Anh,Tay Thuy Anh
VN-17,Hưng Yên,Hung Yen,VNA25-7764C867C5,,Tây Tiền Hải,Tay Tien Hai
VN-17,Hưng Yên,Hung Yen,VNA25-1B79513C19,,Thái Bình,Thai Binh
VN-17,Hưng Yên,Hung Yen,VNA25-1483A49BDE,,Thái Ninh,Thai Ninh
VN-17,Hưng Yên,Hung Yen,VNA25-20C650A16C,,Thái Thụy,Thai Thuy
VN-17,Hưng Yên,Hung Yen,VNA25-4B3B39FA9E,,Thần Khê,Than Khe
VN-17,Hưng Yên,Hung Yen,VNA25-5B6CB61D10,,Thư Trì,Thu Tri
VN-17,Hưng Yên,Hung Yen,VNA25-8725BBFBB3,,Thư Vũ,Thu Vu
VN-17,Hưng Yên,Hung Yen,VNA25-47C03E4CF7,,Thượng Hồng,Thuong Hong
VN-17,Hưng Yên,Hung Yen,VNA25-7DA2243208,,Thụy Anh,Thuy Anh
VN-17,Hưng Yên,Hung Yen,VNA25-6D31B5B74A,,Tiền Hải,Tien Hai
VN-17,Hưng Yên,Hung Yen,VNA25-ED458734A8,,Tiên Hoa,Tien Hoa
VN-17,Hưng Yên,Hung Yen,VNA25-CFE908DC45,,Tiên Hưng,Tien Hung
VN-17,Hưng Yên,Hung Yen,VNA25-E8C2065B20,,Tiên La,Tien La
VN-17,Hưng Yên,Hung Yen,VNA25-13F7C49C46,,Tiên Lữ,Tien Lu
VN-17,Hưng Yên,Hung Yen,VNA25-CFBF03C87E,,Tiên Tiến,Tien Tien
VN-17,Hưng Yên,Hung Yen,VNA25-91276AE3EF,,Tống Trân,Tong Tran
VN-17,Hưng Yên,Hung Yen,VNA25-5D12BF578B,,Trà Giang,Tra Giang
VN-17,Hưng Yên,Hung Yen,VNA25-5539253872,,Trà Lý,Tra Ly
VN-17,Hưng Yên,Hung Yen,VNA25-1D6E7D40E2,,Trần Hưng Đạo,Tran Hung Dao
VN-17,Hưng Yên,Hung Yen,VNA25-759C9B58D3,,Trần Lãm,Tran Lam
VN-17,Hưng Yên,Hung Yen,VNA25-3AD1BEA5FC,,Triệu Việt Vương,Trieu Viet Vuong
VN-17,Hưng Yên,Hung Yen,VNA25-D56DC34F6B,,Văn Giang,Van Giang
VN-17,Hưng Yên,Hung Yen,VNA25-76A2291641,,Vạn Xuân,Van Xuan
VN-17,Hưng Yên,Hung Yen,VNA25-3D5E6C1A1A,,Việt Tiến,Viet Tien
VN-17,Hưng Yên,Hung Yen,VNA25-6DDD621B55,,Việt Yên,Viet Yen
VN-17,Hưng Yên,Hung Yen,VNA25-DE933FDCB1,,Vũ Phúc,Vu Phuc
VN-17,Hưng Yên,Hung Yen,VNA25-B25E7E254E,,Vũ Quý,Vu Quy
VN-17,Hưng Yên,Hung Yen,VNA25-84E78DDED3,,Vũ Thư,Vu Thu
VN-17,Hưng Yên,Hung Yen,VNA25-E1546DD499,,Vũ Tiên,Vu Tien
VN-17,Hưng Yên,Hung Yen,VNA25-A5EBD0122D,,Xuân Trúc,Xuan Truc
VN-17,Hưng Yên,Hung Yen,VNA25-9EDF6A31D8,,Yên Mỹ,Yen My
VN-18,Khánh Hòa,Khanh Hoa,VNA25-DF30C99082,,Anh Dũng,Anh Dung
VN-18,Khánh Hòa,Khanh Hoa,VNA25-D21CF9D650,,Ba Ngòi,Ba Ngoi
VN-18,Khánh Hòa,Khanh Hoa,VNA25-B001517E4E,,Bác Ái,Bac Ai
VN-18,Khánh Hòa,Khanh Hoa,VNA25-C0D467B600,,Bác Ái Đông,Bac Ai Dong
VN-18,Khánh Hòa,Khanh Hoa,VNA25-42F32A5119,,Bác Ái Tây,Bac Ai Tay
VN-18,Khánh Hòa,Khanh Hoa,VNA25-64B7FF7403,,Bắc Cam Ranh,North Cam Ranh
VN-18,Khánh Hòa,Khanh Hoa,VNA25-D47531E890,,Bắc Khánh Vĩnh,Bac Khanh Vinh
VN-18,Khánh Hòa,Khanh Hoa,VNA25-01A18CD1F7,,Bắc Nha Trang,North Nha Trang
VN-18,Khánh Hòa,Khanh Hoa,VNA25-1CA33866B3,,Bắc Ninh Hoà,Bac Ninh Hoa
VN-18,Khánh Hòa,Khanh Hoa,VNA25-CCF0DCE4C5,,Bảo An,Bao An
VN-18,Khánh Hòa,Khanh Hoa,VNA25-B0D32769AF,,Cà Ná,Ca Na
VN-18,Khánh Hòa,Khanh Hoa,VNA25-8531D80388,,Cam An,Cam An
VN-18,Khánh Hòa,Khanh Hoa,VNA25-759ABF1365,,Cam Hiệp,Cam Hiep
VN-18,Khánh Hòa,Khanh Hoa,VNA25-ED1D7FEA6E,,Cam Lâm,Cam Lam
VN-18,Khánh Hòa,Khanh Hoa,VNA25-471E1238EA,,Cam Linh,Cam Linh
VN-18,Khánh Hòa,Khanh Hoa,VNA25-5BD8C689EF,,Cam Ranh,Cam Ranh
VN-18,Khánh Hòa,Khanh Hoa,VNA25-2546D8A54B,,Công Hải,Cong Hai
VN-18,Khánh Hòa,Khanh Hoa,VNA25-DF8328C8B1,,Đại Lãnh,Dai Lanh
VN-18,Khánh Hòa,Khanh Hoa,VNA25-E607951333,,Diên Điền,Dien Dien
VN-18,Khánh Hòa,Khanh Hoa,VNA25-2AF13E55DF,,Diên Khánh,Dien Khanh
VN-18,Khánh Hòa,Khanh Hoa,VNA25-6C5916601B,,Diên Lạc,Dien Lac
VN-18,Khánh Hòa,Khanh Hoa,VNA25-8328BE3632,,Diên Lâm,Dien Lam
VN-18,Khánh Hòa,Khanh Hoa,VNA25-08575CDD54,,Diên Thọ,Dien Tho
VN-18,Khánh Hòa,Khanh Hoa,VNA25-F21FE8BD3E,,Đô Vinh,Do Vinh
VN-18,Khánh Hòa,Khanh Hoa,VNA25-981DCAC68D,,Đông Hải,Dong Hai
VN-18,Khánh Hòa,Khanh Hoa,VNA25-868B9BB04C,,Đông Khánh Sơn,Dong Khanh Son
VN-18,Khánh Hòa,Khanh Hoa,VNA25-E84C3FCF20,,Đông Ninh Hoà,Dong Ninh Hoa
VN-18,Khánh Hòa,Khanh Hoa,VNA25-A3C68CEF94,,Hoà Thắng,Hoa Thang
VN-18,Khánh Hòa,Khanh Hoa,VNA25-64B673ACD4,,Hoà Trí,Hoa Tri
VN-18,Khánh Hòa,Khanh Hoa,VNA25-165F2CDEFD,,Khánh Sơn,Khanh Son
VN-18,Khánh Hòa,Khanh Hoa,VNA25-BC58E14D90,,Khánh Vĩnh,Khanh Vinh
VN-18,Khánh Hòa,Khanh Hoa,VNA25-45559B5C34,,Lâm Sơn,Lam Son
VN-18,Khánh Hòa,Khanh Hoa,VNA25-91147AD643,,Mỹ Sơn,My Son
VN-18,Khánh Hòa,Khanh Hoa,VNA25-7E04C6B209,,Nam Cam Ranh,Nam Cam Ranh
VN-18,Khánh Hòa,Khanh Hoa,VNA25-888FFD6A89,,Nam Khánh Vĩnh,Nam Khanh Vinh
VN-18,Khánh Hòa,Khanh Hoa,VNA25-BEA658E4EE,,Nam Nha Trang,South Nha Trang
VN-18,Khánh Hòa,Khanh Hoa,VNA25-245257ACE1,,Nam Ninh Hoà,Nam Ninh Hoa
VN-18,Khánh Hòa,Khanh Hoa,VNA25-AFE4B2D050,,Nha Trang,Nha Trang
VN-18,Khánh Hòa,Khanh Hoa,VNA25-7D52DF4972,,Ninh Chử,Ninh Chu
VN-18,Khánh Hòa,Khanh Hoa,VNA25-7DBEF5360D,,Ninh Hải,Ninh Hai
VN-18,Khánh Hòa,Khanh Hoa,VNA25-DDC9E19FE7,,Ninh Hoà,Ninh Hoa
VN-18,Khánh Hòa,Khanh Hoa,VNA25-0FB2F1913E,,Ninh Phước,Ninh Phuoc
VN-18,Khánh Hòa,Khanh Hoa,VNA25-7F61FF7FF4,,Ninh Sơn,Ninh Son
VN-18,Khánh Hòa,Khanh Hoa,VNA25-77064095B2,,Phan Rang,Phan Rang
VN-18,Khánh Hòa,Khanh Hoa,VNA25-19135255A4,,Phước Dinh,Phuoc Dinh
VN-18,Khánh Hòa,Khanh Hoa,VNA25-B8FCE1C9B6,,Phước Hà,Phuoc Ha
VN-18,Khánh Hòa,Khanh Hoa,VNA25-0E931D6855,,Phước Hậu,Phuoc Hau
VN-18,Khánh Hòa,Khanh Hoa,VNA25-C8E38E77F6,,Phước Hữu,Phuoc Huu
VN-18,Khánh Hòa,Khanh Hoa,VNA25-C15B79EF8C,,Suối Dầu,Suoi Dau
VN-18,Khánh Hòa,Khanh Hoa,VNA25-BBBC9F5D8C,,Suối Hiệp,Suoi Hiep
VN-18,Khánh Hòa,Khanh Hoa,VNA25-B35594F5F1,,Tân Định,Tan Dinh
VN-18,Khánh Hòa,Khanh Hoa,VNA25-A47B5B9E8B,,Tây Khánh Sơn,Tay Khanh Son
VN-18,Khánh Hòa,Khanh Hoa,VNA25-658EC263A2,,Tây Khánh Vĩnh,Tay Khanh Vinh
VN-18,Khánh Hòa,Khanh Hoa,VNA25-FF076C402E,,Tây Nha Trang,West Nha Trang
VN-18,Khánh Hòa,Khanh Hoa,VNA25-72F29FE892,,Tây Ninh Hoà,Tay Ninh Hoa
VN-18,Khánh Hòa,Khanh Hoa,VNA25-EBF85D03C2,,Thuận Bắc,Thuan Bac
VN-18,Khánh Hòa,Khanh Hoa,VNA25-04C7D20B3A,,Thuận Nam,Thuan Nam
VN-18,Khánh Hòa,Khanh Hoa,VNA25-8AF358590D,,Trung Khánh Vĩnh,Trung Khanh Vinh
VN-18,Khánh Hòa,Khanh Hoa,VNA25-17AF618953,,Trường Sa,Truong Sa
VN-18,Khánh Hòa,Khanh Hoa,VNA25-59E596C48C,,Tu Bông,Tu Bong
VN-18,Khánh Hòa,Khanh Hoa,VNA25-A581708461,,Vạn Hưng,Van Hung
VN-18,Khánh Hòa,Khanh Hoa,VNA25-B40A917B2E,,Vạn Ninh,Van Ninh
VN-18,Khánh Hòa,Khanh Hoa,VNA25-E54332502A,,Vạn Thắng,Van Thang
VN-18,Khánh Hòa,Khanh Hoa,VNA25-95E6FED8D3,,Vĩnh Hải,Vinh Hai
VN-18,Khánh Hòa,Khanh Hoa,VNA25-F6557D369C,,Xuân Hải,Xuan Hai
VN-19,Lai Châu,Lai Chau,VNA25-005C6CF2A0,,Bản Bo,Ban Bo
VN-19,Lai Châu,Lai Chau,VNA25-585A758DAC,,Bình Lư,Binh Lu
VN-19,Lai Châu,Lai Chau,VNA25-3A4BC078B1,,Bum Nưa,Bum Nua
VN-19,Lai Châu,Lai Chau,VNA25-59DC0DC6A9,,Bum Tở,Bum To
VN-19,Lai Châu,Lai Chau,VNA25-D6AA15A747,,Dào San,Dao San
VN-19,Lai Châu,Lai Chau,VNA25-B394D3F43B,,Đoàn Kết,Doan Ket
VN-19,Lai Châu,Lai Chau,VNA25-19DE5FA573,,Hồng Thu,Hong Thu
VN-19,Lai Châu,Lai Chau,VNA25-5E6CB5FDB4,,Hua Bum,Hua Bum
VN-19,Lai Châu,Lai Chau,VNA25-549F36FCFC,,Khoen On,Khoen On
VN-19,Lai Châu,Lai Chau,VNA25-D227A09F35,,Khổng Lào,Khong Lao
VN-19,Lai Châu,Lai Chau,VNA25-5D30CAD8EB,,Khun Há,Khun Ha
VN-19,Lai Châu,Lai Chau,VNA25-E61CF6CD6F,,Lê Lợi,Le Loi
VN-19,Lai Châu,Lai Chau,VNA25-E80B3F545A,,Mù Cả,Mu Ca
VN-19,Lai Châu,Lai Chau,VNA25-5D24ED4EDD,,Mường Khoa,Muong Khoa
VN-19,Lai Châu,Lai Chau,VNA25-33CA4F73D3,,Mường Kim,Muong Kim
VN-19,Lai Châu,Lai Chau,VNA25-92FCD1AAFD,,Mường Mô,Muong Mo
VN-19,Lai Châu,Lai Chau,VNA25-D16351A04D,,Mường Tè,Muong Te
VN-19,Lai Châu,Lai Chau,VNA25-76E588FAC1,,Mường Than,Muong Than
VN-19,Lai Châu,Lai Chau,VNA25-EABF6A56E6,,Nậm Cuổi,Nam Cuoi
VN-19,Lai Châu,Lai Chau,VNA25-2A4410C8E1,,Nậm Hàng,Nam Hang
VN-19,Lai Châu,Lai Chau,VNA25-1B86BE603F,,Nậm Mạ,Nam Ma
VN-19,Lai Châu,Lai Chau,VNA25-344F38A08D,,Nậm Sỏ,Nam So
VN-19,Lai Châu,Lai Chau,VNA25-6A6F1CA1F6,,Nậm Tăm,Nam Tam
VN-19,Lai Châu,Lai Chau,VNA25-0F971889E5,,Pa Tần,Pa Tan
VN-19,Lai Châu,Lai Chau,VNA25-158C4EF60E,,Pa Ủ,Pa U
VN-19,Lai Châu,Lai Chau,VNA25-5CC706B8BC,,Pắc Ta,Pac Ta
VN-19,Lai Châu,Lai Chau,VNA25-3378F66716,,Phong Thổ,Phong Tho
VN-19,Lai Châu,Lai Chau,VNA25-B5CC324210,,Pu Sam Cáp,Pu Sam Cap
VN-19,Lai Châu,Lai Chau,VNA25-4F34746133,,Sì Lở Lầu,Si Lo Lau
VN-19,Lai Châu,Lai Chau,VNA25-E8B0A942BB,,Sìn Hồ,Sin Ho
VN-19,Lai Châu,Lai Chau,VNA25-0C5097192A,,Sin Suối Hồ,Sin Suoi Ho
VN-19,Lai Châu,Lai Chau,VNA25-C1E973C81C,,Tả Lèng,Ta Leng
VN-19,Lai Châu,Lai Chau,VNA25-C9406053F2,,Tà Tổng,Ta Tong
VN-19,Lai Châu,Lai Chau,VNA25-95FD6BB5E9,,Tân Phong,Tan Phong
VN-19,Lai Châu,Lai Chau,VNA25-0E58434243,,Tân Uyên,Tan Uyen
VN-19,Lai Châu,Lai Chau,VNA25-AD76041558,,Than Uyên,Than Uyen
VN-19,Lai Châu,Lai Chau,VNA25-083AAF2EAD,,Thu Lũm,Thu Lum
VN-19,Lai Châu,Lai Chau,VNA25-D518AD11FD,,Tủa Sín Chải,Tua Sin Chai
VN-20,Lâm Đồng,Lam Dong,VNA25-CFE26260BE,,1 Bảo Lộc,Bao Loc 1
VN-20,Lâm Đồng,Lam Dong,VNA25-A1DE354216,,2 Bảo Lộc,Bao Loc 2
VN-20,Lâm Đồng,Lam Dong,VNA25-9A35A9180E,,3 Bảo Lộc,Bao Loc 3
VN-20,Lâm Đồng,Lam Dong,VNA25-3389AB8BEF,,B' Lao,B'Lao
VN-20,Lâm Đồng,Lam Dong,VNA25-EDB96EA05A,,Bắc Bình,Bac Binh
VN-20,Lâm Đồng,Lam Dong,VNA25-07521EF90A,,Bắc Gia Nghĩa,Bac Gia Nghia
VN-20,Lâm Đồng,Lam Dong,VNA25-CC241B7E49,,Bắc Ruộng,Bac Ruong
VN-20,Lâm Đồng,Lam Dong,VNA25-D911F94203,,Bảo Lâm 1,Bao Lam 1
VN-20,Lâm Đồng,Lam Dong,VNA25-5EE457EDB8,,Bảo Lâm 2,Bao Lam 2
VN-20,Lâm Đồng,Lam Dong,VNA25-A0EA9599A7,,Bảo Lâm 3,Bao Lam 3
VN-20,Lâm Đồng,Lam Dong,VNA25-FF0945AA62,,Bảo Lâm 4,Bao Lam 4
VN-20,Lâm Đồng,Lam Dong,VNA25-37F8913E77,,Bảo Lâm 5,Bao Lam 5
VN-20,Lâm Đồng,Lam Dong,VNA25-4B2CC14C25,,Bảo Thuận,Bao Thuan
VN-20,Lâm Đồng,Lam Dong,VNA25-BBD43E6BB2,,Bình Thuận,Binh Thuan
VN-20,Lâm Đồng,Lam Dong,VNA25-A8A5F7674D,,Cam Ly - Đà Lạt,Cam Ly - Da Lat
VN-20,Lâm Đồng,Lam Dong,VNA25-48598A085B,,Cát Tiên,Cat Tien
VN-20,Lâm Đồng,Lam Dong,VNA25-8925A2B902,,Cát Tiên 2,Cat Tien 2
VN-20,Lâm Đồng,Lam Dong,VNA25-3313452879,,Cát Tiên 3,Cat Tien 3
VN-20,Lâm Đồng,Lam Dong,VNA25-99D0C1CE09,,Cư Jút,Cu Jut
VN-20,Lâm Đồng,Lam Dong,VNA25-8AA1E61BFB,,D'Ran,D'Ran
VN-20,Lâm Đồng,Lam Dong,VNA25-1A2E9D3C35,,Đạ Huoai,Da Huoai
VN-20,Lâm Đồng,Lam Dong,VNA25-6029A6C297,,Đạ Huoai 2,Da Huoai 2
VN-20,Lâm Đồng,Lam Dong,VNA25-6F40A48A3C,,Đạ Huoai 3,Da Huoai 3
VN-20,Lâm Đồng,Lam Dong,VNA25-A054772D05,,Đạ Tẻh,Da Teh
VN-20,Lâm Đồng,Lam Dong,VNA25-A7F3EB77C7,,Đạ Tẻh 2,Da Teh 2
VN-20,Lâm Đồng,Lam Dong,VNA25-FCCE619531,,Đạ Tẻh 3,Da Teh 3
VN-20,Lâm Đồng,Lam Dong,VNA25-A8D4D6CBA3,,Đắk Mil,Dak Mil
VN-20,Lâm Đồng,Lam Dong,VNA25-ABF558FFE3,,Đắk Sắk,Dak Sak
VN-20,Lâm Đồng,Lam Dong,VNA25-0052C6382C,,Đắk song,Dak Song
VN-20,Lâm Đồng,Lam Dong,VNA25-BB66763B59,,Đắk Wil,Dak Wil
VN-20,Lâm Đồng,Lam Dong,VNA25-06CC178EEF,,Đam Rông 1,Dam Rong 1
VN-20,Lâm Đồng,Lam Dong,VNA25-8158054804,,Đam Rông 2,Dam Rong 2
VN-20,Lâm Đồng,Lam Dong,VNA25-E5567EF966,,Đam Rông 3,Dam Rong 3
VN-20,Lâm Đồng,Lam Dong,VNA25-F686208AD5,,Đam Rông 4,Dam Rong 4
VN-20,Lâm Đồng,Lam Dong,VNA25-81631C0299,,Di Linh,Di Linh
VN-20,Lâm Đồng,Lam Dong,VNA25-C1A1E32C3E,,Đinh Trang Thượng,Dinh Trang Thuong
VN-20,Lâm Đồng,Lam Dong,VNA25-C7953A08F0,,Đinh Văn - Lâm Hà,Dinh Van - Lam Ha
VN-20,Lâm Đồng,Lam Dong,VNA25-4B147E2B28,,Đơn Dương,Don Duong
VN-20,Lâm Đồng,Lam Dong,VNA25-44BE78192F,,Đông Gia Nghĩa,Dong Gia Nghia
VN-20,Lâm Đồng,Lam Dong,VNA25-D966099350,,Đông Giang,Dong Giang
VN-20,Lâm Đồng,Lam Dong,VNA25-CCAC631522,,Đồng Kho,Dong Kho
VN-20,Lâm Đồng,Lam Dong,VNA25-A87BF6AC26,,Đức An,Duc An
VN-20,Lâm Đồng,Lam Dong,VNA25-AFE5AAE161,,Đức Lập,Duc Lap
VN-20,Lâm Đồng,Lam Dong,VNA25-CC7054B21F,,Đức Linh,Duc Linh
VN-20,Lâm Đồng,Lam Dong,VNA25-7BAA88BE92,,Đức Trọng,Duc Trong
VN-20,Lâm Đồng,Lam Dong,VNA25-2E7ED8186D,,Gia Hiệp,Gia Hiep
VN-20,Lâm Đồng,Lam Dong,VNA25-CB1422792F,,Hải Ninh,Hai Ninh
VN-20,Lâm Đồng,Lam Dong,VNA25-9925E6784A,,Hàm Kiệm,Ham Kiem
VN-20,Lâm Đồng,Lam Dong,VNA25-C9822CD9F7,,Hàm Liêm,Ham Liem
VN-20,Lâm Đồng,Lam Dong,VNA25-DFFAE637CD,,Hàm Tân,Ham Tan
VN-20,Lâm Đồng,Lam Dong,VNA25-8D5B63BEA2,,Hàm Thắng,Ham Thang
VN-20,Lâm Đồng,Lam Dong,VNA25-AA8E42950E,,Hàm Thạnh,Ham Thanh
VN-20,Lâm Đồng,Lam Dong,VNA25-D7D8C24564,,Hàm Thuận,Ham Thuan
VN-20,Lâm Đồng,Lam Dong,VNA25-8E02B80012,,Hàm Thuận Bắc,Ham Thuan Bac
VN-20,Lâm Đồng,Lam Dong,VNA25-7714C13470,,Hàm Thuận Nam,Ham Thuan Nam
VN-20,Lâm Đồng,Lam Dong,VNA25-99636E41A8,,Hiệp Thạnh,Hiep Thanh
VN-20,Lâm Đồng,Lam Dong,VNA25-35EB64A862,,Hoà Bắc,Hoa Bac
VN-20,Lâm Đồng,Lam Dong,VNA25-70A4A110EB,,Hoà Ninh,Hoa Ninh
VN-20,Lâm Đồng,Lam Dong,VNA25-A54CE5DFE8,,Hoà Thắng,Hoa Thang
VN-20,Lâm Đồng,Lam Dong,VNA25-CB1184EE95,,Hoài Đức,Hoai Duc
VN-20,Lâm Đồng,Lam Dong,VNA25-8755ED154D,,Hồng Sơn,Hong Son
VN-20,Lâm Đồng,Lam Dong,VNA25-C6BB2B5E72,,Hồng Thái,Hong Thai
VN-20,Lâm Đồng,Lam Dong,VNA25-0143FF42F4,,Ka Đô,Ka Do
VN-20,Lâm Đồng,Lam Dong,VNA25-5B2278440C,,Kiến Đức,Kien Duc
VN-20,Lâm Đồng,Lam Dong,VNA25-7D0F5BCEED,,Krông Nô,Krong No
VN-20,Lâm Đồng,Lam Dong,VNA25-12061C365E,,La Dạ,La Da
VN-20,Lâm Đồng,Lam Dong,VNA25-B6B8B1A7EA,,La Gi,La Gi
VN-20,Lâm Đồng,Lam Dong,VNA25-10FE3AA8A5,,Lạc Dương,Lac Duong
VN-20,Lâm Đồng,Lam Dong,VNA25-EF5582D90E,,Lâm Viên - Đà Lạt,Lam Vien - Da Lat
VN-20,Lâm Đồng,Lam Dong,VNA25-EB4B670E6D,,Langbiang - Đà Lạt,Langbiang - Da Lat
VN-20,Lâm Đồng,Lam Dong,VNA25-E7DA38242E,,Liên Hương,Lien Huong
VN-20,Lâm Đồng,Lam Dong,VNA25-5EF06484FC,,Lương Sơn,Luong Son
VN-20,Lâm Đồng,Lam Dong,VNA25-0C3A2B36D9,,Mũi Né,Mui Ne
VN-20,Lâm Đồng,Lam Dong,VNA25-DC3B0D19E6,,Nam Ban - Lâm Hà,Nam Ban - Lam Ha
VN-20,Lâm Đồng,Lam Dong,VNA25-6FA1B6FC7B,,Nam Đà,Nam Da
VN-20,Lâm Đồng,Lam Dong,VNA25-E738A50698,,Nam Dong,Nam Dong
VN-20,Lâm Đồng,Lam Dong,VNA25-D41C10B0FC,,Nam Gia Nghĩa,Nam Gia Nghia
VN-20,Lâm Đồng,Lam Dong,VNA25-D9463557D5,,Nam Hà - Lâm Hà,Nam Ha - Lam Ha
VN-20,Lâm Đồng,Lam Dong,VNA25-8C0A4B356A,,Nâm Nung,Nam Nung
VN-20,Lâm Đồng,Lam Dong,VNA25-9053E815A4,,Nam Thành,Nam Thanh
VN-20,Lâm Đồng,Lam Dong,VNA25-3F18223066,,Nghị Đức,Nghi Duc
VN-20,Lâm Đồng,Lam Dong,VNA25-3DDE1AB1FA,,Nhân Cơ,Nhan Co
VN-20,Lâm Đồng,Lam Dong,VNA25-678361FE67,,Ninh Gia,Ninh Gia
VN-20,Lâm Đồng,Lam Dong,VNA25-612E3CF18B,,Phan Rí Cửa,Phan Ri Cua
VN-20,Lâm Đồng,Lam Dong,VNA25-719528738F,,Phan Sơn,Phan Son
VN-20,Lâm Đồng,Lam Dong,VNA25-7C72C0652C,,Phan Thiết,Phan Thiet
VN-20,Lâm Đồng,Lam Dong,VNA25-6BAF623462,,Phú Quý,Phu Quy
VN-20,Lâm Đồng,Lam Dong,VNA25-FDCE802746,,Phú Sơn - Lâm Hà,Phu Son - Lam Ha
VN-20,Lâm Đồng,Lam Dong,VNA25-729616EE1C,,Phú Thuỷ,Phu Thuy
VN-20,Lâm Đồng,Lam Dong,VNA25-9ABCA506BB,,Phúc Thọ - Lâm Hà,Phuc Tho - Lam Ha
VN-20,Lâm Đồng,Lam Dong,VNA25-D465EDF3F1,,Phước Hội,Phuoc Hoi
VN-20,Lâm Đồng,Lam Dong,VNA25-3BF93842BF,,Quảng Hoà,Quang Hoa
VN-20,Lâm Đồng,Lam Dong,VNA25-D013B83F77,,Quảng Khê,Quang Khe
VN-20,Lâm Đồng,Lam Dong,VNA25-2BFF57A997,,Quảng Lập,Quang Lap
VN-20,Lâm Đồng,Lam Dong,VNA25-A72B7073E7,,Quảng Phú,Quang Phu
VN-20,Lâm Đồng,Lam Dong,VNA25-0984878A7F,,Quảng Sơn,Quang Son
VN-20,Lâm Đồng,Lam Dong,VNA25-A560B174EA,,Quảng Tân,Quang Tan
VN-20,Lâm Đồng,Lam Dong,VNA25-FC0A994615,,Quảng Tín,Quang Tin
VN-20,Lâm Đồng,Lam Dong,VNA25-67EAEFC18B,,Quảng Trực,Quang Truc
VN-20,Lâm Đồng,Lam Dong,VNA25-99563DE00C,,Sơn Điền,Son Dien
VN-20,Lâm Đồng,Lam Dong,VNA25-7B39A51276,,Sơn Mỹ,Son My
VN-20,Lâm Đồng,Lam Dong,VNA25-7E39BAE1D4,,Sông Lũy,Song Luy
VN-20,Lâm Đồng,Lam Dong,VNA25-CE33ABE310,,Suối Kiết,Suoi Kiet
VN-20,Lâm Đồng,Lam Dong,VNA25-FBDEBCC066,,Tà Đùng,Ta Dung
VN-20,Lâm Đồng,Lam Dong,VNA25-D70B9A98D9,,Tà Hine,Ta Hine
VN-20,Lâm Đồng,Lam Dong,VNA25-07B3AF21BE,,Tà Năng,Ta Nang
VN-20,Lâm Đồng,Lam Dong,VNA25-ABFA6F544D,,Tân Hà - Lâm Hà,Tan Ha - Lam Ha
VN-20,Lâm Đồng,Lam Dong,VNA25-DDFF4B5F07,,Tân Hải,Tan Hai
VN-20,Lâm Đồng,Lam Dong,VNA25-E0040786ED,,Tân Hội,Tan Hoi
VN-20,Lâm Đồng,Lam Dong,VNA25-399B2533FB,,Tân Lập,Tan Lap
VN-20,Lâm Đồng,Lam Dong,VNA25-BD485B2339,,Tân Minh,Tan Minh
VN-20,Lâm Đồng,Lam Dong,VNA25-BA2FAB332B,,Tân Thành,Tan Thanh
VN-20,Lâm Đồng,Lam Dong,VNA25-24550AE5F0,,Tánh Linh,Tanh Linh
VN-20,Lâm Đồng,Lam Dong,VNA25-E4C8FD334F,,Thuận An,Thuan An
VN-20,Lâm Đồng,Lam Dong,VNA25-5451B1B3C3,,Thuận Hạnh,Thuan Hanh
VN-20,Lâm Đồng,Lam Dong,VNA25-A70EB3A3B9,,Tiến Thành,Tien Thanh
VN-20,Lâm Đồng,Lam Dong,VNA25-DD448BE508,,Trà Tân,Tra Tan
VN-20,Lâm Đồng,Lam Dong,VNA25-103D3A841F,,Trường Xuân,Truong Xuan
VN-20,Lâm Đồng,Lam Dong,VNA25-49CA737B51,,Tuy Đức,Tuy Duc
VN-20,Lâm Đồng,Lam Dong,VNA25-A659B6AD68,,Tuy Phong,Tuy Phong
VN-20,Lâm Đồng,Lam Dong,VNA25-BFEF5E76E5,,Tuyên Quang,Tuyen Quang
VN-20,Lâm Đồng,Lam Dong,VNA25-D40CF2E4D9,,Vĩnh Hảo,Vinh Hao
VN-20,Lâm Đồng,Lam Dong,VNA25-FBCC195BEA,,Xuân Hương - Đà Lạt,Xuan Huong - Da Lat
VN-20,Lâm Đồng,Lam Dong,VNA25-8BE7A4EF4E,,Xuân Trường - Đà Lạt,Xuan Truong - Da Lat
VN-21,Lạng Sơn,Lang Son,VNA25-4439C5D085,,Ba Sơn,Ba Son
VN-21,Lạng Sơn,Lang Son,VNA25-CECA8550A7,,Bắc Sơn,Bac Son
VN-21,Lạng Sơn,Lang Son,VNA25-D082C0BA38,,Bằng Mạc,Bang Mac
VN-21,Lạng Sơn,Lang Son,VNA25-3F985C2F3C,,Bình Gia,Binh Gia
VN-21,Lạng Sơn,Lang Son,VNA25-7DD2918F93,,Cai Kinh,Cai Kinh
VN-21,Lạng Sơn,Lang Son,VNA25-7B5EDC2EB7,,Cao Lộc,Cao Loc
VN-21,Lạng Sơn,Lang Son,VNA25-5981BA4006,,Châu Sơn,Chau Son
VN-21,Lạng Sơn,Lang Son,VNA25-3B99C57DE7,,Chi Lăng,Chi Lang
VN-21,Lạng Sơn,Lang Son,VNA25-9D7CBEE85E,,Chiến Thắng,Chien Thang
VN-21,Lạng Sơn,Lang Son,VNA25-0A74698CB5,,Công Sơn,Cong Son
VN-21,Lạng Sơn,Lang Son,VNA25-C8D6B402CC,,Điềm He,Diem He
VN-21,Lạng Sơn,Lang Son,VNA25-31C0657674,,Đình Lập,Dinh Lap
VN-21,Lạng Sơn,Lang Son,VNA25-115100B8C4,,Đoàn Kết,Solidarity
VN-21,Lạng Sơn,Lang Son,VNA25-0476C44D62,,Đồng Đăng,Dong Dang
VN-21,Lạng Sơn,Lang Son,VNA25-1EE14BA59F,,Đông Kinh,Dong Kinh
VN-21,Lạng Sơn,Lang Son,VNA25-57C90D7A4E,,Hoa Thám,Hoa Tham
VN-21,Lạng Sơn,Lang Son,VNA25-A006FDC2D8,,Hoàng Văn Thụ,Hoang Van Thu
VN-21,Lạng Sơn,Lang Son,VNA25-92101FED93,,Hội Hoan,Hoi Hoan
VN-21,Lạng Sơn,Lang Son,VNA25-2DE57E9A86,,Hồng Phong,Hong Phong
VN-21,Lạng Sơn,Lang Son,VNA25-A51BBA5A4D,,Hưng Vũ,Hung Vu
VN-21,Lạng Sơn,Lang Son,VNA25-9A4C6959E3,,Hữu Liên,Huu Lien
VN-21,Lạng Sơn,Lang Son,VNA25-9B77601A5E,,Hữu Lũng,Huu Lung
VN-21,Lạng Sơn,Lang Son,VNA25-F2FC102574,,Kháng Chiến,Resistance
VN-21,Lạng Sơn,Lang Son,VNA25-E6408D9C47,,Khánh Khê,Khanh Khe
VN-21,Lạng Sơn,Lang Son,VNA25-66B4A5A89B,,Khuất Xá,Khuat Xa
VN-21,Lạng Sơn,Lang Son,VNA25-C5ED1D7898,,Kiên Mộc,Kien Moc
VN-21,Lạng Sơn,Lang Son,VNA25-4EA3ADA7E1,,Kỳ Lừa,Ky Lua
VN-21,Lạng Sơn,Lang Son,VNA25-BC6AFF4DD6,,Lộc Bình,Loc Binh
VN-21,Lạng Sơn,Lang Son,VNA25-51855B8DC5,,Lợi Bác,Loi Bac
VN-21,Lạng Sơn,Lang Son,VNA25-9519446BDA,,Lương Văn Tri,Luong Van Tri
VN-21,Lạng Sơn,Lang Son,VNA25-125816A382,,Mẫu Sơn,Mau Son
VN-21,Lạng Sơn,Lang Son,VNA25-0BB2B0263A,,Na Dương,Na Duong
VN-21,Lạng Sơn,Lang Son,VNA25-CFAC5B00DB,,Na Sầm,Na Sam
VN-21,Lạng Sơn,Lang Son,VNA25-3D92D14ABD,,Nhân Lý,Nhan Ly
VN-21,Lạng Sơn,Lang Son,VNA25-3270ECE460,,Nhất Hoà,Nhat Hoa
VN-21,Lạng Sơn,Lang Son,VNA25-90D7FA3C49,,Quan Sơn,Quan Son
VN-21,Lạng Sơn,Lang Son,VNA25-08168C9B22,,Quốc Khánh,Quoc Khanh
VN-21,Lạng Sơn,Lang Son,VNA25-B1DF689CE0,,Quốc Việt,Quoc Viet
VN-21,Lạng Sơn,Lang Son,VNA25-0E27C29620,,Quý Hoà,Quy Hoa
VN-21,Lạng Sơn,Lang Son,VNA25-33ED98FF42,,Tam Thanh,Tam Thanh
VN-21,Lạng Sơn,Lang Son,VNA25-7B5987F9E8,,Tân Đoàn,Tan Doan
VN-21,Lạng Sơn,Lang Son,VNA25-77E1711E55,,Tân Thành,Tan Thanh
VN-21,Lạng Sơn,Lang Son,VNA25-21E2467654,,Tân Tiến,Tan Tien
VN-21,Lạng Sơn,Lang Son,VNA25-06128A3476,,Tân Tri,Tan Tri
VN-21,Lạng Sơn,Lang Son,VNA25-58E60F1F10,,Tân Văn,Tan Van
VN-21,Lạng Sơn,Lang Son,VNA25-C1D35100D8,,Thái Bình,Thai Binh
VN-21,Lạng Sơn,Lang Son,VNA25-2845AB3720,,Thất Khê,That Khe
VN-21,Lạng Sơn,Lang Son,VNA25-B9BF6E1DD7,,Thiện Hoà,Thien Hoa
VN-21,Lạng Sơn,Lang Son,VNA25-DEB292A6C0,,Thiện Long,Thien Long
VN-21,Lạng Sơn,Lang Son,VNA25-C3D9127D35,,Thiện Tân,Thien Tan
VN-21,Lạng Sơn,Lang Son,VNA25-870C3352E2,,Thiện Thuật,Thien Thuat
VN-21,Lạng Sơn,Lang Son,VNA25-20AA8C1827,,Thống Nhất,Thong Nhat
VN-21,Lạng Sơn,Lang Son,VNA25-CE70064EAD,,Thụy Hùng,Thuy Hung
VN-21,Lạng Sơn,Lang Son,VNA25-9E2374B35D,,Tràng Định,Trang Dinh
VN-21,Lạng Sơn,Lang Son,VNA25-ECAF0E86CA,,Tri Lễ,Tri Le
VN-21,Lạng Sơn,Lang Son,VNA25-46A65F0C8E,,Tuấn Sơn,Tuan Son
VN-21,Lạng Sơn,Lang Son,VNA25-FC5266F3CE,,Văn Lãng,Van Lang
VN-21,Lạng Sơn,Lang Son,VNA25-5AC8AE1856,,Vạn Linh,Van Linh
VN-21,Lạng Sơn,Lang Son,VNA25-52EFA1D6EE,,Vân Nham,Van Nham
VN-21,Lạng Sơn,Lang Son,VNA25-5D335C3970,,Văn Quan,Van Quan
VN-21,Lạng Sơn,Lang Son,VNA25-CE9172477A,,Vũ Lăng,Vu Lang
VN-21,Lạng Sơn,Lang Son,VNA25-3C7C0E3E7B,,Vũ Lễ,Vu Le
VN-21,Lạng Sơn,Lang Son,VNA25-34C1FAC900,,Xuân Dương,Xuan Duong
VN-21,Lạng Sơn,Lang Son,VNA25-9EE2F52F11,,Yên Bình,Yen Binh
VN-21,Lạng Sơn,Lang Son,VNA25-E720161B81,,Yên Phúc,Yen Phuc
VN-22,Lào Cai,Lao Cai,VNA25-258FFFE76A,,A Mú Sung,A Mu Sung
VN-22,Lào Cai,Lao Cai,VNA25-3D63A71BA5,,Âu Lâu,Au Lau
VN-22,Lào Cai,Lao Cai,VNA25-00BCF7DDB4,,Bắc Hà,Bac Ha
VN-22,Lào Cai,Lao Cai,VNA25-C76B6E8ABD,,Bản Hồ,Ban Ho
VN-22,Lào Cai,Lao Cai,VNA25-F8B9A6D040,,Bản Lầu,Ban Lau
VN-22,Lào Cai,Lao Cai,VNA25-C1A1CDD4A1,,Bản Liền,Ban Lien
VN-22,Lào Cai,Lao Cai,VNA25-585A2C194E,,Bản Xèo,Ban Xeo
VN-22,Lào Cai,Lao Cai,VNA25-453F65C1BA,,Bảo Ái,Bao Ai
VN-22,Lào Cai,Lao Cai,VNA25-3A8DE527AA,,Bảo Hà,Bao Ha
VN-22,Lào Cai,Lao Cai,VNA25-B1950EFF06,,Bảo Nhai,Bao Nhai
VN-22,Lào Cai,Lao Cai,VNA25-B815EA2650,,Bảo Thắng,Bao Thang
VN-22,Lào Cai,Lao Cai,VNA25-EA46C552C3,,Bảo Yên,Bao Yen
VN-22,Lào Cai,Lao Cai,VNA25-83626961CC,,Bát Xát,Bat Xat
VN-22,Lào Cai,Lao Cai,VNA25-521551CB69,,Cam Đường,Cam Duong
VN-22,Lào Cai,Lao Cai,VNA25-0003B2FA66,,Cảm Nhân,Cam Nhan
VN-22,Lào Cai,Lao Cai,VNA25-AB66CC0E68,,Cao Sơn,Cao Son
VN-22,Lào Cai,Lao Cai,VNA25-2F200E3F19,,Cát Thịnh,Cat Thinh
VN-22,Lào Cai,Lao Cai,VNA25-502CB06F84,,Cầu Thia,Cau Thia
VN-22,Lào Cai,Lao Cai,VNA25-392D6365AE,,Chấn Thịnh,Chan Thinh
VN-22,Lào Cai,Lao Cai,VNA25-4ED0D69317,,Châu Quế,Chau Que
VN-22,Lào Cai,Lao Cai,VNA25-3D10CFF923,,Chế Tạo,Manufacturing
VN-22,Lào Cai,Lao Cai,VNA25-A36DFED57D,,Chiềng Ken,Chieng Ken
VN-22,Lào Cai,Lao Cai,VNA25-BCB17EB7EA,,Cốc Lầu,Coc Lau
VN-22,Lào Cai,Lao Cai,VNA25-E9A68D97CB,,Cốc San,Coc San
VN-22,Lào Cai,Lao Cai,VNA25-63E9EA71F4,,Dền Sáng,Den Sang
VN-22,Lào Cai,Lao Cai,VNA25-D37094FF2A,,Đông Cuông,Dong Cuong
VN-22,Lào Cai,Lao Cai,VNA25-0A53588D52,,Dương Quỳ,Duong Quy
VN-22,Lào Cai,Lao Cai,VNA25-DF6E58DA42,,Gia Hội,Gia Hoi
VN-22,Lào Cai,Lao Cai,VNA25-09DC865070,,Gia Phú,Gia Phu
VN-22,Lào Cai,Lao Cai,VNA25-5BEE045F6C,,Hạnh Phúc,Happiness
VN-22,Lào Cai,Lao Cai,VNA25-FF80D560DD,,Hợp Thành,Hop Thanh
VN-22,Lào Cai,Lao Cai,VNA25-F7C035467D,,Hưng Khánh,Hung Khanh
VN-22,Lào Cai,Lao Cai,VNA25-F6839E2595,,Khánh Hoà,Khanh Hoa
VN-22,Lào Cai,Lao Cai,VNA25-C121AF1D01,,Khánh Yên,Khanh Yen
VN-22,Lào Cai,Lao Cai,VNA25-0D673D83E6,,Khao Mang,Khao Mang
VN-22,Lào Cai,Lao Cai,VNA25-27AB59DA15,,Lâm Giang,Lam Giang
VN-22,Lào Cai,Lao Cai,VNA25-ACCB22CA84,,Lâm Thượng,Lam Thuong
VN-22,Lào Cai,Lao Cai,VNA25-73417B046C,,Lào Cai,Lao Cai
VN-22,Lào Cai,Lao Cai,VNA25-A15AF6A79D,,Lao Chải,Lao Chai
VN-22,Lào Cai,Lao Cai,VNA25-00ABF5A489,,Liên Sơn,Lien Son
VN-22,Lào Cai,Lao Cai,VNA25-2321D18031,,Lục Yên,Luc Yen
VN-22,Lào Cai,Lao Cai,VNA25-DB5B5AFB29,,Lùng Phình,Lung Phinh
VN-22,Lào Cai,Lao Cai,VNA25-AABFC53E1A,,Lương Thịnh,Luong Thinh
VN-22,Lào Cai,Lao Cai,VNA25-F0B82445C3,,Mậu A,Mau A
VN-22,Lào Cai,Lao Cai,VNA25-AA12B50603,,Minh Lương,Minh Luong
VN-22,Lào Cai,Lao Cai,VNA25-21D1B38F5C,,Mỏ Vàng,Gold Mine
VN-22,Lào Cai,Lao Cai,VNA25-B0E5460903,,Mù Cang Chải,Mu Cang Chai
VN-22,Lào Cai,Lao Cai,VNA25-4BE8E3C020,,Mường Bo,Muong Bo
VN-22,Lào Cai,Lao Cai,VNA25-A9387E4E00,,Mường Hum,Muong Hum
VN-22,Lào Cai,Lao Cai,VNA25-0A90141FD5,,Mường Khương,Muong Khuong
VN-22,Lào Cai,Lao Cai,VNA25-0389C6CAB7,,Mường Lai,Muong Lai
VN-22,Lào Cai,Lao Cai,VNA25-F75EC2C6B2,,Nậm Chày,Nam Chay
VN-22,Lào Cai,Lao Cai,VNA25-464B175951,,Nậm Có,Nam Co
VN-22,Lào Cai,Lao Cai,VNA25-A209220C2D,,Nam Cường,Nam Cuong
VN-22,Lào Cai,Lao Cai,VNA25-0FF0031EB1,,Nậm Xé,Nam Xe
VN-22,Lào Cai,Lao Cai,VNA25-61E475DBF4,,Nghĩa Đô,Nghia Do
VN-22,Lào Cai,Lao Cai,VNA25-3EA7CE7972,,Nghĩa Lộ,Nghia Lo
VN-22,Lào Cai,Lao Cai,VNA25-F8284702A6,,Nghĩa Tâm,Nghia Tam
VN-22,Lào Cai,Lao Cai,VNA25-718E35D1C0,,Ngũ Chỉ Sơn,Ngu Chi Son
VN-22,Lào Cai,Lao Cai,VNA25-634B71840B,,Pha Long,Pha Long
VN-22,Lào Cai,Lao Cai,VNA25-CC86B4A1BC,,Phình Hồ,Phinh Ho
VN-22,Lào Cai,Lao Cai,VNA25-983DBFEA9B,,Phong Dụ Hạ,Phong Du Ha
VN-22,Lào Cai,Lao Cai,VNA25-487E681432,,Phong Dụ Thượng,Phong Du Thuong
VN-22,Lào Cai,Lao Cai,VNA25-D9E677B043,,Phong Hải,Phong Hai
VN-22,Lào Cai,Lao Cai,VNA25-3571019BAE,,Phúc Khánh,Phuc Khanh
VN-22,Lào Cai,Lao Cai,VNA25-664F8E85FE,,Phúc Lợi,Phuc Loi
VN-22,Lào Cai,Lao Cai,VNA25-C68D2C64BD,,Púng Luông,Pung Luong
VN-22,Lào Cai,Lao Cai,VNA25-10BF95E57F,,Quy Mông,Quy Mong
VN-22,Lào Cai,Lao Cai,VNA25-7CD1F8A94C,,Sa Pa,Sapa
VN-22,Lào Cai,Lao Cai,VNA25-3D8EE57E81,,Si Ma Cai,Simacai
VN-22,Lào Cai,Lao Cai,VNA25-BE2511F6EE,,Sín Chéng,Sin Cheng
VN-22,Lào Cai,Lao Cai,VNA25-58839E5B19,,Sơn Lương,Son Luong
VN-22,Lào Cai,Lao Cai,VNA25-949A3F9D0B,,Tả Củ Tỷ,Ta Cu Ty
VN-22,Lào Cai,Lao Cai,VNA25-9D6466AC2B,,Tả Phìn,Ta Phin
VN-22,Lào Cai,Lao Cai,VNA25-B6323AC9C4,,Tả Van,Ta Van
VN-22,Lào Cai,Lao Cai,VNA25-B69111DBF9,,Tà Xi Láng,Ta Xi Lang
VN-22,Lào Cai,Lao Cai,VNA25-5B9031A293,,Tân Hợp,Tan Hop
VN-22,Lào Cai,Lao Cai,VNA25-6FF49BF98E,,Tân Lĩnh,Tan Linh
VN-22,Lào Cai,Lao Cai,VNA25-FE09965E2D,,Tằng Lỏong,Tang Loong
VN-22,Lào Cai,Lao Cai,VNA25-A6B29CBC06,,Thác Bà,Thac Ba
VN-22,Lào Cai,Lao Cai,VNA25-BFE3A878A1,,Thượng Bằng La,Thuong Bang La
VN-22,Lào Cai,Lao Cai,VNA25-B3FBFB9E76,,Thượng Hà,Thuong Ha
VN-22,Lào Cai,Lao Cai,VNA25-283FE85D5E,,Trạm Tấu,Tram Tau
VN-22,Lào Cai,Lao Cai,VNA25-9BCAEBBF9D,,Trấn Yên,Tran Yen
VN-22,Lào Cai,Lao Cai,VNA25-D52675C268,,Trịnh Tường,Trinh Tuong
VN-22,Lào Cai,Lao Cai,VNA25-6F1500C43E,,Trung Tâm,Central
VN-22,Lào Cai,Lao Cai,VNA25-85BB9E56FA,,Tú Lệ,Tu Le
VN-22,Lào Cai,Lao Cai,VNA25-D21A54E325,,Văn Bàn,Van Ban
VN-22,Lào Cai,Lao Cai,VNA25-0AAB4E2913,,Văn Chấn,Van Chan
VN-22,Lào Cai,Lao Cai,VNA25-E05EA50BE4,,Văn Phú,Van Phu
VN-22,Lào Cai,Lao Cai,VNA25-528893C6CD,,Việt Hồng,Viet Hong
VN-22,Lào Cai,Lao Cai,VNA25-9B16CE48B4,,Võ Lao,Vo Lao
VN-22,Lào Cai,Lao Cai,VNA25-818B4CF461,,Xuân Ái,Xuan Ai
VN-22,Lào Cai,Lao Cai,VNA25-1D31383D98,,Xuân Hoà,Xuan Hoa
VN-22,Lào Cai,Lao Cai,VNA25-96BC465B7E,,Xuân Quang,Xuan Quang
VN-22,Lào Cai,Lao Cai,VNA25-EF4D6DE61A,,Y Tý,Y Ty
VN-22,Lào Cai,Lao Cai,VNA25-A17948E1AB,,Yên Bái,Yen Bai
VN-22,Lào Cai,Lao Cai,VNA25-00A70BF91C,,Yên Bình,Yen Binh
VN-22,Lào Cai,Lao Cai,VNA25-F2613AFFE3,,Yên Thành,Yen Thanh
VN-23,Nghệ An,Nghe An,VNA25-47D1D93CE0,,An Châu,An Chau
VN-23,Nghệ An,Nghe An,VNA25-35E0080824,,Anh Sơn,Anh Son
VN-23,Nghệ An,Nghe An,VNA25-CD9A5B13ED,,Anh Sơn Đông,Anh Son Dong
VN-23,Nghệ An,Nghe An,VNA25-8C8C6C5E56,,Bắc Lý,Bac Ly
VN-23,Nghệ An,Nghe An,VNA25-CA50DCFC83,,Bạch Hà,Bach Ha
VN-23,Nghệ An,Nghe An,VNA25-3F37F2EB3F,,Bạch Ngọc,Bach Ngoc
VN-23,Nghệ An,Nghe An,VNA25-8BC78D87A8,,Bích Hào,Bich Hao
VN-23,Nghệ An,Nghe An,VNA25-0EEA9E24D0,,Bình Chuẩn,Binh Chuan
VN-23,Nghệ An,Nghe An,VNA25-0C0DE4BC49,,Bình Minh,Binh Minh
VN-23,Nghệ An,Nghe An,VNA25-4B075A79F8,,Cam Phục,Cam Phuc
VN-23,Nghệ An,Nghe An,VNA25-5CD9469CAB,,Cát Ngạn,Cat Ngan
VN-23,Nghệ An,Nghe An,VNA25-4555349D26,,Châu Bình,Chau Binh
VN-23,Nghệ An,Nghe An,VNA25-06A24E5AD2,,Châu Hồng,Chau Hong
VN-23,Nghệ An,Nghe An,VNA25-AC613C299C,,Châu Khê,Chau Khe
VN-23,Nghệ An,Nghe An,VNA25-5E3CF9CFAE,,Châu Lộc,Chau Loc
VN-23,Nghệ An,Nghe An,VNA25-D28651BADD,,Châu Tiến,Chau Tien
VN-23,Nghệ An,Nghe An,VNA25-F55E746505,,Chiêu Lưu,Chieu Luu
VN-23,Nghệ An,Nghe An,VNA25-AE33FC299D,,Con Cuông,Con Cuong
VN-23,Nghệ An,Nghe An,VNA25-828080770D,,Cửa Lò,Cua Lo
VN-23,Nghệ An,Nghe An,VNA25-83A2C8F004,,Đại Đồng,Dai Dong
VN-23,Nghệ An,Nghe An,VNA25-BAFAE68952,,Đại Huệ,Dai Hue
VN-23,Nghệ An,Nghe An,VNA25-FDC44B0D3A,,Diễn Châu,Dien Chau
VN-23,Nghệ An,Nghe An,VNA25-D2F408587E,,Đô Lương,Do Luong
VN-23,Nghệ An,Nghe An,VNA25-F90AF7D792,,Đông Hiếu,Dong Hieu
VN-23,Nghệ An,Nghe An,VNA25-3CA8E543D3,,Đông Lộc,Dong Loc
VN-23,Nghệ An,Nghe An,VNA25-1169B929D4,,Đông Thành,Dong Thanh
VN-23,Nghệ An,Nghe An,VNA25-70A082B866,,Đức Châu,Duc Chau
VN-23,Nghệ An,Nghe An,VNA25-2AFAAEF85A,,Giai Lạc,Giai Lac
VN-23,Nghệ An,Nghe An,VNA25-0B05EC6AB7,,Giai Xuân,Giai Xuan
VN-23,Nghệ An,Nghe An,VNA25-D84CCDCD7A,,Hải Châu,Hai Chau
VN-23,Nghệ An,Nghe An,VNA25-29541E462F,,Hải Lộc,Hai Loc
VN-23,Nghệ An,Nghe An,VNA25-644D25AA18,,Hạnh Lâm,Hanh Lam
VN-23,Nghệ An,Nghe An,VNA25-D0DC026810,,Hoa Quân,Hoa Quan
VN-23,Nghệ An,Nghe An,VNA25-E8DE51AABC,,Hoàng Mai,Hoang Mai
VN-23,Nghệ An,Nghe An,VNA25-6E55F6C7C7,,Hợp Minh,Hop Minh
VN-23,Nghệ An,Nghe An,VNA25-DB6BF7B16A,,Hùng Chân,Hung Chan
VN-23,Nghệ An,Nghe An,VNA25-DBCB0EF83E,,Hùng Châu,Hung Chau
VN-23,Nghệ An,Nghe An,VNA25-294979B317,,Hưng Nguyên,Hung Nguyen
VN-23,Nghệ An,Nghe An,VNA25-8C46D95B77,,Hưng Nguyên Nam,Hung Nguyen Nam
VN-23,Nghệ An,Nghe An,VNA25-EA7874B596,,Huồi Tụ,Huoi Tu
VN-23,Nghệ An,Nghe An,VNA25-A675C0E64A,,Hữu Khuông,Huu Khuong
VN-23,Nghệ An,Nghe An,VNA25-CA9DF6FC6A,,Hữu Kiệm,Huu Kiem
VN-23,Nghệ An,Nghe An,VNA25-014B8D11B7,,Keng Đu,Keng Du
VN-23,Nghệ An,Nghe An,VNA25-0E00E76387,,Kim Bảng,Kim Bang
VN-23,Nghệ An,Nghe An,VNA25-9CDBBF8B00,,Kim Liên,Kim Lien
VN-23,Nghệ An,Nghe An,VNA25-F1C917E0F5,,Lam Thành,Lam Thanh
VN-23,Nghệ An,Nghe An,VNA25-B3A166004E,,Lượng Minh,Luong Minh
VN-23,Nghệ An,Nghe An,VNA25-62AE5E152D,,Lương Sơn,Luong Son
VN-23,Nghệ An,Nghe An,VNA25-799E7EC174,,Mậu Thạch,Mau Thach
VN-23,Nghệ An,Nghe An,VNA25-36E0B71C67,,Minh Châu,Minh Chau
VN-23,Nghệ An,Nghe An,VNA25-51729F2849,,Minh Hợp,Minh Hop
VN-23,Nghệ An,Nghe An,VNA25-B0F22A319B,,Môn Sơn,Mon Son
VN-23,Nghệ An,Nghe An,VNA25-E774E58B1C,,Mường Chọng,Muong Chong
VN-23,Nghệ An,Nghe An,VNA25-FC9BF60B6F,,Mường Ham,Muong Ham
VN-23,Nghệ An,Nghe An,VNA25-91730150FB,,Mường Lống,Muong Long
VN-23,Nghệ An,Nghe An,VNA25-DBFD36F22D,,Mường Quàng,Muong Quang
VN-23,Nghệ An,Nghe An,VNA25-F6D2D6BBD0,,Mường Típ,Muong Tip
VN-23,Nghệ An,Nghe An,VNA25-FE602F1AB4,,Mường Xén,Muong Xen
VN-23,Nghệ An,Nghe An,VNA25-08FF322508,,Mỹ Lý,My Ly
VN-23,Nghệ An,Nghe An,VNA25-DAF1004B29,,Na Loi,Na Loi
VN-23,Nghệ An,Nghe An,VNA25-DD97DE3920,,Na Ngoi,Na Ngoi
VN-23,Nghệ An,Nghe An,VNA25-3873B632F6,,Nậm Cắn,Nam Can
VN-23,Nghệ An,Nghe An,VNA25-8DEFDC038C,,Nam Đàn,Nam Dan
VN-23,Nghệ An,Nghe An,VNA25-5D7A5ACD8D,,Nga My,Nga My
VN-23,Nghệ An,Nghe An,VNA25-2C02D30CA9,,Nghi Lộc,Nghi Loc
VN-23,Nghệ An,Nghe An,VNA25-F58548A288,,Nghĩa Đàn,Nghia Dan
VN-23,Nghệ An,Nghe An,VNA25-B944EA9B58,,Nghĩa Đồng,Nghia Dong
VN-23,Nghệ An,Nghe An,VNA25-62F1D1A8C6,,Nghĩa Hành,Nghia Hanh
VN-23,Nghệ An,Nghe An,VNA25-020A088C40,,Nghĩa Hưng,Nghia Hung
VN-23,Nghệ An,Nghe An,VNA25-1DC43EF0C8,,Nghĩa Khánh,Nghia Khanh
VN-23,Nghệ An,Nghe An,VNA25-D0D1CBDC2A,,Nghĩa Lâm,Nghia Lam
VN-23,Nghệ An,Nghe An,VNA25-8F1539549B,,Nghĩa Lộc,Nghia Loc
VN-23,Nghệ An,Nghe An,VNA25-B0F7E6071A,,Nghĩa Mai,Nghia Mai
VN-23,Nghệ An,Nghe An,VNA25-42052D70CE,,Nghĩa Thọ,Nghia Tho
VN-23,Nghệ An,Nghe An,VNA25-C3E0B1C55C,,Nhân Hoà,Nhan Hoa
VN-23,Nghệ An,Nghe An,VNA25-F6784D687C,,Nhôn Mai,Nhon Mai
VN-23,Nghệ An,Nghe An,VNA25-77326A1854,,Phúc Lộc,Phuc Loc
VN-23,Nghệ An,Nghe An,VNA25-B4F8CD40F0,,Quan Thành,Quan Thanh
VN-23,Nghệ An,Nghe An,VNA25-A46A92AA4A,,Quảng Châu,Quang Chau
VN-23,Nghệ An,Nghe An,VNA25-1950CC3667,,Quang Đồng,Quang Dong
VN-23,Nghệ An,Nghe An,VNA25-3319812C9E,,Quế Phong,Que Phong
VN-23,Nghệ An,Nghe An,VNA25-3FADF8754C,,Quỳ Châu,Quy Chau
VN-23,Nghệ An,Nghe An,VNA25-55955F6B23,,Quỳ Hợp,Quy Hop
VN-23,Nghệ An,Nghe An,VNA25-6E7E755AFD,,Quỳnh Anh,Quynh Anh
VN-23,Nghệ An,Nghe An,VNA25-F6D0EE688E,,Quỳnh Lưu,Quynh Luu
VN-23,Nghệ An,Nghe An,VNA25-A6BB38CECA,,Quỳnh Mai,Quynh Mai
VN-23,Nghệ An,Nghe An,VNA25-EC22BF6A37,,Quỳnh Phú,Quynh Phu
VN-23,Nghệ An,Nghe An,VNA25-122EBD8219,,Quỳnh Sơn,Quynh Son
VN-23,Nghệ An,Nghe An,VNA25-1FEADE2D94,,Quỳnh Tam,Quynh Tam
VN-23,Nghệ An,Nghe An,VNA25-DE24741959,,Quỳnh Thắng,Quynh Thang
VN-23,Nghệ An,Nghe An,VNA25-8750AF29DB,,Quỳnh Văn,Quynh Van
VN-23,Nghệ An,Nghe An,VNA25-BBE01B280D,,Sơn Lâm,Son Lam
VN-23,Nghệ An,Nghe An,VNA25-BEC60F6BF9,,Tam Đồng,Tam Dong
VN-23,Nghệ An,Nghe An,VNA25-6AEDD4FB36,,Tam Hợp,Tam Hop
VN-23,Nghệ An,Nghe An,VNA25-6D6D2A9F28,,Tam Quang,Tam Quang
VN-23,Nghệ An,Nghe An,VNA25-8B591AE6C8,,Tam Thái,Tam Thai
VN-23,Nghệ An,Nghe An,VNA25-D30EFC3C2F,,Tân An,Tan An
VN-23,Nghệ An,Nghe An,VNA25-907E1C4A4D,,Tân Châu,Tan Chau
VN-23,Nghệ An,Nghe An,VNA25-112CEFB0E0,,Tân Kỳ,Tan Ky
VN-23,Nghệ An,Nghe An,VNA25-BDB6C0E3A8,,Tân Mai,Tan Mai
VN-23,Nghệ An,Nghe An,VNA25-9A713910C0,,Tân Phú,Tan Phu
VN-23,Nghệ An,Nghe An,VNA25-4C24E940C3,,Tây Hiếu,Tay Hieu
VN-23,Nghệ An,Nghe An,VNA25-E709F03FC1,,Thái Hoà,Thai Hoa
VN-23,Nghệ An,Nghe An,VNA25-B1AD020316,,Thần Lĩnh,Than Linh
VN-23,Nghệ An,Nghe An,VNA25-F62DD60121,,Thành Bình Thọ,Thanh Binh Tho
VN-23,Nghệ An,Nghe An,VNA25-4BE906752A,,Thành Vinh,Thanh Vinh
VN-23,Nghệ An,Nghe An,VNA25-C5CD369676,,Thiên Nhẫn,Thien Nhan
VN-23,Nghệ An,Nghe An,VNA25-95E3DEB2C4,,Thông Thụ,Thong Thu
VN-23,Nghệ An,Nghe An,VNA25-9F57E0E0DA,,Thuần Trung,Thuan Trung
VN-23,Nghệ An,Nghe An,VNA25-20BD9BF2D7,,Tiên Đồng,Tien Dong
VN-23,Nghệ An,Nghe An,VNA25-50AC1C7E65,,Tiền Phong,Tien Phong
VN-23,Nghệ An,Nghe An,VNA25-F385669520,,Tri Lễ,Tri Le
VN-23,Nghệ An,Nghe An,VNA25-73A1B5BA9C,,Trung Lộc,Trung Loc
VN-23,Nghệ An,Nghe An,VNA25-B737C25AE2,,Trường Vinh,Truong Vinh
VN-23,Nghệ An,Nghe An,VNA25-5DEADDFC3C,,Tương Dương,Tuong Duong
VN-23,Nghệ An,Nghe An,VNA25-60A992AD60,,Vạn An,Van An
VN-23,Nghệ An,Nghe An,VNA25-8D6E3DF753,,Vân Du,Van Du
VN-23,Nghệ An,Nghe An,VNA25-85584E2098,,Văn Hiến,Van Hien
VN-23,Nghệ An,Nghe An,VNA25-A95F12BCBC,,Văn Kiều,Van Kieu
VN-23,Nghệ An,Nghe An,VNA25-B57BFD27A0,,Vân Tụ,Van Tu
VN-23,Nghệ An,Nghe An,VNA25-FBF0A01774,,Vinh Hưng,Vinh Hung
VN-23,Nghệ An,Nghe An,VNA25-1DDAB3D63D,,Vinh Lộc,Vinh Loc
VN-23,Nghệ An,Nghe An,VNA25-76604ECB72,,Vinh Phú,Vinh Phu
VN-23,Nghệ An,Nghe An,VNA25-CFCFE6E116,,Vĩnh Tường,Vinh Tuong
VN-23,Nghệ An,Nghe An,VNA25-B1421D8AF3,,Xuân Lâm,Xuan Lam
VN-23,Nghệ An,Nghe An,VNA25-B334C6E173,,Yên Hoà,Yen Hoa
VN-23,Nghệ An,Nghe An,VNA25-0D73ABDF9A,,Yên Na,Yen Na
VN-23,Nghệ An,Nghe An,VNA25-7FAA7354F7,,Yên Thành,Yen Thanh
VN-23,Nghệ An,Nghe An,VNA25-6607C37F17,,Yên Trung,Yen Trung
VN-23,Nghệ An,Nghe An,VNA25-15092A2825,,Yên Xuân,Yen Xuan
VN-24,Ninh Bình,Ninh Binh,VNA25-5C78EAD514,,Bắc Lý,Bac Ly
VN-24,Ninh Bình,Ninh Binh,VNA25-A9FC533C77,,Bình An,Binh An
VN-24,Ninh Bình,Ninh Binh,VNA25-1BE82039D7,,Bình Giang,Binh Giang
VN-24,Ninh Bình,Ninh Binh,VNA25-33E6B4C2CD,,Bình Lục,Binh Luc
VN-24,Ninh Bình,Ninh Binh,VNA25-BD05FD74F8,,Bình Minh,Binh Minh
VN-24,Ninh Bình,Ninh Binh,VNA25-3740D0AD0F,,Bình Mỹ,Binh My
VN-24,Ninh Bình,Ninh Binh,VNA25-4049A07B64,,Bình Sơn,Binh Son
VN-24,Ninh Bình,Ninh Binh,VNA25-678A2FC556,,Cát Thành,Cat Thanh
VN-24,Ninh Bình,Ninh Binh,VNA25-961658230B,,Chất Bình,Chat Binh
VN-24,Ninh Bình,Ninh Binh,VNA25-BE00F4FB50,,Châu Sơn,Chau Son
VN-24,Ninh Bình,Ninh Binh,VNA25-95443078C9,,Cổ Lễ,Co Le
VN-24,Ninh Bình,Ninh Binh,VNA25-504E7D5DEF,,Cúc Phương,Cuc Phuong
VN-24,Ninh Bình,Ninh Binh,VNA25-95B2057209,,Đại Hoàng,Dai Hoang
VN-24,Ninh Bình,Ninh Binh,VNA25-1C2C4897E0,,Định Hóa,Dinh Hoa
VN-24,Ninh Bình,Ninh Binh,VNA25-B87E2C89D5,,Đông A,Dong A
VN-24,Ninh Bình,Ninh Binh,VNA25-0CC226094B,,Đông Hoa Lư,Dong Hoa Lu
VN-24,Ninh Bình,Ninh Binh,VNA25-CBF1145911,,Đồng Thái,Dong Thai
VN-24,Ninh Bình,Ninh Binh,VNA25-CD1E32C782,,Đồng Thịnh,Dong Thinh
VN-24,Ninh Bình,Ninh Binh,VNA25-57CF0E2758,,Đồng Văn,Dong Van
VN-24,Ninh Bình,Ninh Binh,VNA25-6732E0B3B1,,Duy Hà,Duy Ha
VN-24,Ninh Bình,Ninh Binh,VNA25-C650574034,,Duy Tân,Duy Tan
VN-24,Ninh Bình,Ninh Binh,VNA25-B6C52B558A,,Duy Tiên,Duy Tien
VN-24,Ninh Bình,Ninh Binh,VNA25-EA385CCF14,,Gia Hưng,Gia Hung
VN-24,Ninh Bình,Ninh Binh,VNA25-4FA9A2FD08,,Gia Lâm,Gia Lam
VN-24,Ninh Bình,Ninh Binh,VNA25-C1ADF6103D,,Gia Phong,Gia Phong
VN-24,Ninh Bình,Ninh Binh,VNA25-376B546F78,,Gia Trấn,Gia Tran
VN-24,Ninh Bình,Ninh Binh,VNA25-85AC54A08D,,Gia Tường,Gia Tuong
VN-24,Ninh Bình,Ninh Binh,VNA25-35ECD8E916,,Gia Vân,Gia Van
VN-24,Ninh Bình,Ninh Binh,VNA25-3C245FF17D,,Gia Viễn,Gia Vien
VN-24,Ninh Bình,Ninh Binh,VNA25-303FA43D78,,Giao Bình,Giao Binh
VN-24,Ninh Bình,Ninh Binh,VNA25-7A2B2D8BF3,,Giao Hoà,Giao Hoa
VN-24,Ninh Bình,Ninh Binh,VNA25-D6EFBA3C5D,,Giao Hưng,Giao Hung
VN-24,Ninh Bình,Ninh Binh,VNA25-A1777ED98B,,Giao Minh,Giao Minh
VN-24,Ninh Bình,Ninh Binh,VNA25-C4D6B4F5BD,,Giao Ninh,Giao Ninh
VN-24,Ninh Bình,Ninh Binh,VNA25-09411EBF25,,Giao Phúc,Giao Phuc
VN-24,Ninh Bình,Ninh Binh,VNA25-3FE2643750,,Giao Thuỷ,Giao Thuy
VN-24,Ninh Bình,Ninh Binh,VNA25-D2AF83E4F6,,Hà Nam,Ha Nam
VN-24,Ninh Bình,Ninh Binh,VNA25-2FA0858E72,,Hải An,Hai An
VN-24,Ninh Bình,Ninh Binh,VNA25-0A24D47EB0,,Hải Anh,Hai Anh
VN-24,Ninh Bình,Ninh Binh,VNA25-534F6C3E54,,Hải Hậu,Hai Hau
VN-24,Ninh Bình,Ninh Binh,VNA25-F34EA53B72,,Hải Hưng,Hai Hung
VN-24,Ninh Bình,Ninh Binh,VNA25-72473C951F,,Hải Quang,Hai Quang
VN-24,Ninh Bình,Ninh Binh,VNA25-88D0C1700C,,Hải Thịnh,Hai Thinh
VN-24,Ninh Bình,Ninh Binh,VNA25-CA27F3682A,,Hải Tiến,Hai Tien
VN-24,Ninh Bình,Ninh Binh,VNA25-9CB6C91075,,Hải Xuân,Hai Xuan
VN-24,Ninh Bình,Ninh Binh,VNA25-F43E9B69D4,,Hiển Khánh,Hien Khanh
VN-24,Ninh Bình,Ninh Binh,VNA25-9627ED9403,,Hoa Lư,Hoa Lu
VN-24,Ninh Bình,Ninh Binh,VNA25-4A41AF306E,,Hồng Phong,Hong Phong
VN-24,Ninh Bình,Ninh Binh,VNA25-1511045681,,Hồng Quang,Hong Quang
VN-24,Ninh Bình,Ninh Binh,VNA25-824896FADB,,Khánh Hội,Khanh Hoi
VN-24,Ninh Bình,Ninh Binh,VNA25-36956DA9B2,,Khánh Nhạc,Khanh Nhac
VN-24,Ninh Bình,Ninh Binh,VNA25-0E27B49ECE,,Khánh Thiện,Khanh Thien
VN-24,Ninh Bình,Ninh Binh,VNA25-85478BD136,,Khánh Trung,Khanh Trung
VN-24,Ninh Bình,Ninh Binh,VNA25-75A38F351C,,Kim Bảng,Kim Bang
VN-24,Ninh Bình,Ninh Binh,VNA25-AACF3A43BF,,Kim Đông,Kim Dong
VN-24,Ninh Bình,Ninh Binh,VNA25-F60FDBBA93,,Kim Sơn,Kim Son
VN-24,Ninh Bình,Ninh Binh,VNA25-E0B95095E8,,Kim Thanh,Kim Thanh
VN-24,Ninh Bình,Ninh Binh,VNA25-D8333776A9,,Lai Thành,Lai Thanh
VN-24,Ninh Bình,Ninh Binh,VNA25-8059CC683A,,Lê Hồ,Le Ho
VN-24,Ninh Bình,Ninh Binh,VNA25-F9F84656B2,,Liêm Hà,Liem Ha
VN-24,Ninh Bình,Ninh Binh,VNA25-D41BF3D721,,Liêm Tuyền,Liem Tuyen
VN-24,Ninh Bình,Ninh Binh,VNA25-58CA1369E6,,Liên Minh,Lien Minh
VN-24,Ninh Bình,Ninh Binh,VNA25-8B0C38F4D6,,Lý Nhân,Ly Nhan
VN-24,Ninh Bình,Ninh Binh,VNA25-770FFCDE35,,Lý Thường Kiệt,Ly Thuong Kiet
VN-24,Ninh Bình,Ninh Binh,VNA25-0532069A78,,Minh Tân,Minh Tan
VN-24,Ninh Bình,Ninh Binh,VNA25-DEA347D3D8,,Minh Thái,Minh Thai
VN-24,Ninh Bình,Ninh Binh,VNA25-11C8F66CD8,,Mỹ Lộc,My Loc
VN-24,Ninh Bình,Ninh Binh,VNA25-26CCD9F6A6,,Nam Định,Nam Dinh
VN-24,Ninh Bình,Ninh Binh,VNA25-8FF0026E61,,Nam Đồng,Nam Dong
VN-24,Ninh Bình,Ninh Binh,VNA25-EEF227C1DC,,Nam Hoa Lư,Nam Hoa Lu
VN-24,Ninh Bình,Ninh Binh,VNA25-6B534EB012,,Nam Hồng,Nam Hong
VN-24,Ninh Bình,Ninh Binh,VNA25-AF28F03C2D,,Nam Lý,Nam Ly
VN-24,Ninh Bình,Ninh Binh,VNA25-87C66BAC13,,Nam Minh,Nam Minh
VN-24,Ninh Bình,Ninh Binh,VNA25-00773FA6E6,,Nam Ninh,Nam Ninh
VN-24,Ninh Bình,Ninh Binh,VNA25-14E7FFE6BC,,Nam Trực,Nam Truc
VN-24,Ninh Bình,Ninh Binh,VNA25-C3E78E90C2,,Nam Xang,Nam Xang
VN-24,Ninh Bình,Ninh Binh,VNA25-276EBA52F4,,Nghĩa Hưng,Nghia Hung
VN-24,Ninh Bình,Ninh Binh,VNA25-61BA05E2DD,,Nghĩa Lâm,Nghia Lam
VN-24,Ninh Bình,Ninh Binh,VNA25-D9E869160F,,Nghĩa Sơn,Nghia Son
VN-24,Ninh Bình,Ninh Binh,VNA25-2AC3B4C956,,Nguyễn Úy,Nguyen Uy
VN-24,Ninh Bình,Ninh Binh,VNA25-A3B9934AD6,,Nhân Hà,Nhan Ha
VN-24,Ninh Bình,Ninh Binh,VNA25-783C370677,,Nho Quan,Nho Quan
VN-24,Ninh Bình,Ninh Binh,VNA25-5AFF5BDB37,,Ninh Cường,Ninh Cuong
VN-24,Ninh Bình,Ninh Binh,VNA25-A4DA990535,,Ninh Giang,Ninh Giang
VN-24,Ninh Bình,Ninh Binh,VNA25-1A824C4E18,,Phát Diệm,Phat Diem
VN-24,Ninh Bình,Ninh Binh,VNA25-DA0C52681B,,Phong Doanh,Phong Doanh
VN-24,Ninh Bình,Ninh Binh,VNA25-CD3641B488,,Phú Long,Phu Long
VN-24,Ninh Bình,Ninh Binh,VNA25-0CCF3D17B3,,Phủ Lý,Phu Ly
VN-24,Ninh Bình,Ninh Binh,VNA25-CDCBCB6323,,Phú Sơn,Phu Son
VN-24,Ninh Bình,Ninh Binh,VNA25-EBE6B9CE61,,Phù Vân,Phu Van
VN-24,Ninh Bình,Ninh Binh,VNA25-5FD55485DD,,Quang Hưng,Quang Hung
VN-24,Ninh Bình,Ninh Binh,VNA25-8B506C5E5E,,Quang Thiện,Quang Thien
VN-24,Ninh Bình,Ninh Binh,VNA25-C951AB234A,,Quỹ Nhất,Quy Nhat
VN-24,Ninh Bình,Ninh Binh,VNA25-9CD03A0560,,Quỳnh Lưu,Quynh Luu
VN-24,Ninh Bình,Ninh Binh,VNA25-227F01D042,,Rạng Đông,Rang Dong
VN-24,Ninh Bình,Ninh Binh,VNA25-4F5A785F2A,,Tam Chúc,Tam Chuc
VN-24,Ninh Bình,Ninh Binh,VNA25-79BBB8BD61,,Tam Điệp,Tam Diep
VN-24,Ninh Bình,Ninh Binh,VNA25-B827ED7759,,Tân Minh,Tan Minh
VN-24,Ninh Bình,Ninh Binh,VNA25-2FF359E650,,Tân Thanh,Tan Thanh
VN-24,Ninh Bình,Ninh Binh,VNA25-44E978E812,,Tây Hoa Lư,Tay Hoa Lu
VN-24,Ninh Bình,Ninh Binh,VNA25-ADA7A42AD6,,Thanh Bình,Thanh Binh
VN-24,Ninh Bình,Ninh Binh,VNA25-75B782FFA2,,Thanh Lâm,Thanh Lam
VN-24,Ninh Bình,Ninh Binh,VNA25-23DD366FF5,,Thanh Liêm,Thanh Liem
VN-24,Ninh Bình,Ninh Binh,VNA25-3E524FE2E8,,Thành Nam,Thanh Nam
VN-24,Ninh Bình,Ninh Binh,VNA25-2AB68E3510,,Thanh Sơn,Thanh Son
VN-24,Ninh Bình,Ninh Binh,VNA25-F65C6B25DB,,Thiên Trường,Thien Truong
VN-24,Ninh Bình,Ninh Binh,VNA25-78DF2E6431,,Tiên Sơn,Tien Son
VN-24,Ninh Bình,Ninh Binh,VNA25-9E5691754B,,Trần Thương,Tran Thuong
VN-24,Ninh Bình,Ninh Binh,VNA25-B87F9A30C7,,Trực Ninh,Truc Ninh
VN-24,Ninh Bình,Ninh Binh,VNA25-1FE3477715,,Trung Sơn,Trung Son
VN-24,Ninh Bình,Ninh Binh,VNA25-7EFD46D55D,,Trường Thi,Truong Thi
VN-24,Ninh Bình,Ninh Binh,VNA25-35B08DEA1C,,Vạn Thắng,Van Thang
VN-24,Ninh Bình,Ninh Binh,VNA25-66F7CADD03,,Vị Khê,Vi Khe
VN-24,Ninh Bình,Ninh Binh,VNA25-738C169D0C,,Vĩnh Trụ,Vinh Tru
VN-24,Ninh Bình,Ninh Binh,VNA25-CA35ADFDB5,,Vụ Bản,Vu Ban
VN-24,Ninh Bình,Ninh Binh,VNA25-0419A81686,,Vũ Dương,Vu Duong
VN-24,Ninh Bình,Ninh Binh,VNA25-244445F465,,Xuân Giang,Xuan Giang
VN-24,Ninh Bình,Ninh Binh,VNA25-A58A0B855E,,Xuân Hồng,Xuan Hong
VN-24,Ninh Bình,Ninh Binh,VNA25-510870E438,,Xuân Hưng,Xuan Hung
VN-24,Ninh Bình,Ninh Binh,VNA25-8AEA954A67,,Xuân Trường,Xuan Truong
VN-24,Ninh Bình,Ninh Binh,VNA25-D805E1126F,,Ý Yên,Y Yen
VN-24,Ninh Bình,Ninh Binh,VNA25-F23FB87D51,,Yên Cường,Yen Cuong
VN-24,Ninh Bình,Ninh Binh,VNA25-6C1C9FE2D9,,Yên Đồng,Yen Dong
VN-24,Ninh Bình,Ninh Binh,VNA25-46D201DB1E,,Yên Khánh,Yen Khanh
VN-24,Ninh Bình,Ninh Binh,VNA25-55C18760FC,,Yên Mạc,Yen Mac
VN-24,Ninh Bình,Ninh Binh,VNA25-2BBEA468AA,,Yên Mô,Yen Mo
VN-24,Ninh Bình,Ninh Binh,VNA25-062960A2E3,,Yên Sơn,Yen Son
VN-24,Ninh Bình,Ninh Binh,VNA25-259C7EBF09,,Yên Thắng,Yen Thang
VN-24,Ninh Bình,Ninh Binh,VNA25-374D2FA031,,Yên Từ,Yen Tu
VN-25,Phú Thọ,Phu Tho,VNA25-7ACB9D6EE2,,An Bình,An Binh
VN-25,Phú Thọ,Phu Tho,VNA25-2B8226B4A4,,An Nghĩa,An Nghia
VN-25,Phú Thọ,Phu Tho,VNA25-320871430F,,Âu Cơ,Au Co
VN-25,Phú Thọ,Phu Tho,VNA25-6B16ECC434,,Bản Nguyên,Ban Nguyen
VN-25,Phú Thọ,Phu Tho,VNA25-478A8264C7,,Bằng Luân,Bang Luan
VN-25,Phú Thọ,Phu Tho,VNA25-0E0D99BC25,,Bao La,Bao La
VN-25,Phú Thọ,Phu Tho,VNA25-CA438DF643,,Bình Nguyên,Binh Nguyen
VN-25,Phú Thọ,Phu Tho,VNA25-0CB5A7FD92,,Bình Phú,Binh Phu
VN-25,Phú Thọ,Phu Tho,VNA25-44EBF44DD0,,Bình Tuyền,Binh Tuyen
VN-25,Phú Thọ,Phu Tho,VNA25-255F34B45F,,Bình Xuyên,Binh Xuyen
VN-25,Phú Thọ,Phu Tho,VNA25-8FDAABB786,,Cẩm Khê,Cam Khe
VN-25,Phú Thọ,Phu Tho,VNA25-C8F7B73E11,,Cao Dương,Cao Duong
VN-25,Phú Thọ,Phu Tho,VNA25-156BC034AE,,Cao Phong,Cao Phong
VN-25,Phú Thọ,Phu Tho,VNA25-F6C6C90512,,Cao Sơn,Cao Son
VN-25,Phú Thọ,Phu Tho,VNA25-4D642FC831,,Chân Mộng,Chan Mong
VN-25,Phú Thọ,Phu Tho,VNA25-F894909C7C,,Chí Đám,Chi Dam
VN-25,Phú Thọ,Phu Tho,VNA25-E96D4C0C43,,Chí Tiên,Chi Tien
VN-25,Phú Thọ,Phu Tho,VNA25-E885D0F2A0,,Cự Đồng,Cu Dong
VN-25,Phú Thọ,Phu Tho,VNA25-71ED4C4F06,,Đà Bắc,Da Bac
VN-25,Phú Thọ,Phu Tho,VNA25-C674FED135,,Đại Đình,Dai Dinh
VN-25,Phú Thọ,Phu Tho,VNA25-427611B862,,Đại Đồng,Dai Dong
VN-25,Phú Thọ,Phu Tho,VNA25-833C1314B7,,Dân Chủ,Democratic
VN-25,Phú Thọ,Phu Tho,VNA25-7DCE728E8B,,Đan Thượng,Dan Thuong
VN-25,Phú Thọ,Phu Tho,VNA25-BFA7FAD5F9,,Đạo Trù,Dao Tru
VN-25,Phú Thọ,Phu Tho,VNA25-3D2AD9D35F,,Đào Xá,Dao Xa
VN-25,Phú Thọ,Phu Tho,VNA25-69E39755A3,,Đoan Hùng,Doan Hung
VN-25,Phú Thọ,Phu Tho,VNA25-2B7070F5CB,,Đồng Lương,Dong Luong
VN-25,Phú Thọ,Phu Tho,VNA25-A043236998,,Đông Thành,Dong Thanh
VN-25,Phú Thọ,Phu Tho,VNA25-5C649497B6,,Đức Nhàn,Duc Nhan
VN-25,Phú Thọ,Phu Tho,VNA25-22F6C46826,,Dũng Tiến,Dung Tien
VN-25,Phú Thọ,Phu Tho,VNA25-24700D2E76,,Hạ Hòa,Ha Hoa
VN-25,Phú Thọ,Phu Tho,VNA25-719369A6FD,,Hải Lựu,Hai Luu
VN-25,Phú Thọ,Phu Tho,VNA25-F673A7AEA5,,Hiền Lương,Hien Luong
VN-25,Phú Thọ,Phu Tho,VNA25-F5964CD59C,,Hiền Quan,Hien Quan
VN-25,Phú Thọ,Phu Tho,VNA25-F371B336C6,,Hoà Bình,Hoa Binh
VN-25,Phú Thọ,Phu Tho,VNA25-66DE6395AA,,Hoàng An,Hoang An
VN-25,Phú Thọ,Phu Tho,VNA25-AF2D4D79B6,,Hoàng Cương,Hoang Cuong
VN-25,Phú Thọ,Phu Tho,VNA25-841F11E90C,,Hội Thịnh,Prosperous
VN-25,Phú Thọ,Phu Tho,VNA25-49BA0F7617,,Hợp Kim,Hop Kim
VN-25,Phú Thọ,Phu Tho,VNA25-2ED18955A8,,Hợp Lý,Hop Ly
VN-25,Phú Thọ,Phu Tho,VNA25-ABD083F134,,Hùng Việt,Hung Viet
VN-25,Phú Thọ,Phu Tho,VNA25-7A2F14ED28,,Hương Cần,Huong Can
VN-25,Phú Thọ,Phu Tho,VNA25-0529D4E3EC,,Hy Cương,Hy Cuong
VN-25,Phú Thọ,Phu Tho,VNA25-F1FE417337,,Khả Cửu,Kha Cuu
VN-25,Phú Thọ,Phu Tho,VNA25-BEBEBC696C,,Kim Bôi,Kim Boi
VN-25,Phú Thọ,Phu Tho,VNA25-09AA6C4346,,Kỳ Sơn,Ky Son
VN-25,Phú Thọ,Phu Tho,VNA25-FD03960E31,,Lạc Lương,Lac Luong
VN-25,Phú Thọ,Phu Tho,VNA25-761654D641,,Lạc Sơn,Lac Son
VN-25,Phú Thọ,Phu Tho,VNA25-A2C6B6E465,,Lạc Thủy,Lac Thuy
VN-25,Phú Thọ,Phu Tho,VNA25-906C839180,,Lai Đồng,Lai Dong
VN-25,Phú Thọ,Phu Tho,VNA25-23CB93A0C3,,Lâm Thao,Lam Thao
VN-25,Phú Thọ,Phu Tho,VNA25-43244995AA,,Lập Thạch,Lap Thach
VN-25,Phú Thọ,Phu Tho,VNA25-B95B517C51,,Liên Châu,Lien Chau
VN-25,Phú Thọ,Phu Tho,VNA25-0A35F7F2F4,,Liên Hòa,Lien Hoa
VN-25,Phú Thọ,Phu Tho,VNA25-05B9C9596D,,Liên Minh,Lien Minh
VN-25,Phú Thọ,Phu Tho,VNA25-C94423E4F8,,Liên Sơn,Lien Son
VN-25,Phú Thọ,Phu Tho,VNA25-551192B956,,Long Cốc,Long Coc
VN-25,Phú Thọ,Phu Tho,VNA25-2579A50F93,,Lương Sơn,Luong Son
VN-25,Phú Thọ,Phu Tho,VNA25-0DD8EB5C05,,Mai Châu,Mai Chau
VN-25,Phú Thọ,Phu Tho,VNA25-8C395CF0E9,,Mai Hạ,Mai Ha
VN-25,Phú Thọ,Phu Tho,VNA25-F63FE38D2D,,Minh Đài,Minh Dai
VN-25,Phú Thọ,Phu Tho,VNA25-17FAE09D87,,Minh Hòa,Minh Hoa
VN-25,Phú Thọ,Phu Tho,VNA25-2201D57D5A,,Mường Bi,Muong Bi
VN-25,Phú Thọ,Phu Tho,VNA25-AB69B7512F,,Mường Động,Muong Dong
VN-25,Phú Thọ,Phu Tho,VNA25-FA7E81F343,,Mường Hoa,Muong Hoa
VN-25,Phú Thọ,Phu Tho,VNA25-887AEEE037,,Mường Thàng,Muong Thanh
VN-25,Phú Thọ,Phu Tho,VNA25-533C4D4318,,Mường Vang,Muong Vang
VN-25,Phú Thọ,Phu Tho,VNA25-B8D0037CAD,,Nật Sơn,Nat Son
VN-25,Phú Thọ,Phu Tho,VNA25-715FFCD3BE,,Ngọc Sơn,Ngoc Son
VN-25,Phú Thọ,Phu Tho,VNA25-3BF337B30D,,Nguyệt Đức,Nguyet Duc
VN-25,Phú Thọ,Phu Tho,VNA25-246563FF9A,,Nhân Nghĩa,Nhan Nghia
VN-25,Phú Thọ,Phu Tho,VNA25-74BFEF5268,,Nông Trang,Nong Trang
VN-25,Phú Thọ,Phu Tho,VNA25-D00CC8D817,,Pà Cò,Pa Co
VN-25,Phú Thọ,Phu Tho,VNA25-78E7BFA133,,Phong Châu,Phong Chau
VN-25,Phú Thọ,Phu Tho,VNA25-518EFD5CB5,,Phú Khê,Phu Khe
VN-25,Phú Thọ,Phu Tho,VNA25-B92D6FB799,,Phú Mỹ,Phu My
VN-25,Phú Thọ,Phu Tho,VNA25-42A70B15D2,,Phù Ninh,Phu Ninh
VN-25,Phú Thọ,Phu Tho,VNA25-4170AAE490,,Phú Thọ,Phu Tho
VN-25,Phú Thọ,Phu Tho,VNA25-61AFFFE39B,,Phúc Yên,Phuc Yen
VN-25,Phú Thọ,Phu Tho,VNA25-8F82A1F4B9,,Phùng Nguyên,Phung Nguyen
VN-25,Phú Thọ,Phu Tho,VNA25-B5441E5540,,Quảng Yên,Quang Yen
VN-25,Phú Thọ,Phu Tho,VNA25-F4CA8AB3BA,,Quy Đức,Quy Duc
VN-25,Phú Thọ,Phu Tho,VNA25-755014CE18,,Quyết Thắng,Quyet Thang
VN-25,Phú Thọ,Phu Tho,VNA25-52B2A09038,,Sơn Đông,Son Dong
VN-25,Phú Thọ,Phu Tho,VNA25-515AE34C19,,Sơn Lương,Son Luong
VN-25,Phú Thọ,Phu Tho,VNA25-BB1D7C961E,,Sông Lô,Song Lo
VN-25,Phú Thọ,Phu Tho,VNA25-E27580A8C1,,Tam Đảo,Tam Dao
VN-25,Phú Thọ,Phu Tho,VNA25-DE4944A767,,Tam Dương,Tam Duong
VN-25,Phú Thọ,Phu Tho,VNA25-2F3011CE38,,Tam Dương Bắc,Tam Duong Bac
VN-25,Phú Thọ,Phu Tho,VNA25-C24243463D,,Tam Hồng,Tam Hong
VN-25,Phú Thọ,Phu Tho,VNA25-DF8355527C,,Tam Nông,Tam Nong
VN-25,Phú Thọ,Phu Tho,VNA25-49CD728F28,,Tam Sơn,Tam Son
VN-25,Phú Thọ,Phu Tho,VNA25-8C333A8DF9,,Tân Hoà,Tan Hoa
VN-25,Phú Thọ,Phu Tho,VNA25-0EDBA93C9D,,Tân Lạc,Tan Lac
VN-25,Phú Thọ,Phu Tho,VNA25-3CB699637F,,Tân Mai,Tan Mai
VN-25,Phú Thọ,Phu Tho,VNA25-3094396B44,,Tân Pheo,Tan Pheo
VN-25,Phú Thọ,Phu Tho,VNA25-F92AFED2CC,,Tân Sơn,Tan Son
VN-25,Phú Thọ,Phu Tho,VNA25-FBF1D313E3,,Tây Cốc,Tay Coc
VN-25,Phú Thọ,Phu Tho,VNA25-29DC257935,,Tề Lỗ,Te Lo
VN-25,Phú Thọ,Phu Tho,VNA25-F7EE04708F,,Thái Hòa,Thai Hoa
VN-25,Phú Thọ,Phu Tho,VNA25-56F8CC5215,,Thanh Ba,Thanh Ba
VN-25,Phú Thọ,Phu Tho,VNA25-D504E7A686,,Thanh Miếu,Thanh Mieu
VN-25,Phú Thọ,Phu Tho,VNA25-05BBB020AF,,Thanh Sơn,Thanh Son
VN-25,Phú Thọ,Phu Tho,VNA25-80DBAC89FD,,Thanh Thuỷ,Thanh Thuy
VN-25,Phú Thọ,Phu Tho,VNA25-3231FDF4E4,,Thịnh Minh,Thinh Minh
VN-25,Phú Thọ,Phu Tho,VNA25-5BDF916D24,,Thổ Tang,Tho Tang
VN-25,Phú Thọ,Phu Tho,VNA25-826BD2DACE,,Thọ Văn,Tho Van
VN-25,Phú Thọ,Phu Tho,VNA25-1633CB5AC0,,Thống Nhất,Thong Nhat
VN-25,Phú Thọ,Phu Tho,VNA25-072631750C,,Thu Cúc,Thu Cuc
VN-25,Phú Thọ,Phu Tho,VNA25-B61C15DEC7,,Thung Nai,Thung Nai
VN-25,Phú Thọ,Phu Tho,VNA25-DA6743E6DC,,Thượng Cốc,Thuong Coc
VN-25,Phú Thọ,Phu Tho,VNA25-4007ABB251,,Thượng Long,Thuong Long
VN-25,Phú Thọ,Phu Tho,VNA25-37FFEBA3CA,,Tiên Lữ,Tien Lu
VN-25,Phú Thọ,Phu Tho,VNA25-A45F3C85BA,,Tiên Lương,Tien Luong
VN-25,Phú Thọ,Phu Tho,VNA25-E398B57BBD,,Tiền Phong,Tien Phong
VN-25,Phú Thọ,Phu Tho,VNA25-41E2D0102E,,Toàn Thắng,Toan Thang
VN-25,Phú Thọ,Phu Tho,VNA25-1B3A84FCC6,,Trạm Thản,Tram Than
VN-25,Phú Thọ,Phu Tho,VNA25-5385AD3D57,,Trung Sơn,Trung Son
VN-25,Phú Thọ,Phu Tho,VNA25-69C91DF2D7,,Tu Vũ,Tu Vu
VN-25,Phú Thọ,Phu Tho,VNA25-38860BF115,,Vân Bán,Van Ban
VN-25,Phú Thọ,Phu Tho,VNA25-25B66B9A02,,Văn Lang,Van Lang
VN-25,Phú Thọ,Phu Tho,VNA25-E54643BB1C,,Văn Miếu,Van Mieu
VN-25,Phú Thọ,Phu Tho,VNA25-0082C632FD,,Vân Phú,Van Phu
VN-25,Phú Thọ,Phu Tho,VNA25-820E275310,,Vân Sơn,Van Son
VN-25,Phú Thọ,Phu Tho,VNA25-BCE7960C8A,,Vạn Xuân,Van Xuan
VN-25,Phú Thọ,Phu Tho,VNA25-068F7D72F0,,Việt Trì,Viet Tri
VN-25,Phú Thọ,Phu Tho,VNA25-167C1B4F7E,,Vĩnh An,Vinh An
VN-25,Phú Thọ,Phu Tho,VNA25-149A81D2EA,,Vĩnh Chân,Vinh Chan
VN-25,Phú Thọ,Phu Tho,VNA25-2B7453E191,,Vĩnh Hưng,Vinh Hung
VN-25,Phú Thọ,Phu Tho,VNA25-098399E947,,Vĩnh Phú,Vinh Phu
VN-25,Phú Thọ,Phu Tho,VNA25-87C443BB18,,Vĩnh Phúc,Vinh Phuc
VN-25,Phú Thọ,Phu Tho,VNA25-7E0D9B210A,,Vĩnh Thành,Vinh Thanh
VN-25,Phú Thọ,Phu Tho,VNA25-189D4C2FD0,,Vĩnh Tường,Vinh Tuong
VN-25,Phú Thọ,Phu Tho,VNA25-884B8E32FD,,Vĩnh Yên,Vinh Yen
VN-25,Phú Thọ,Phu Tho,VNA25-5F128B25A6,,Võ Miếu,Vo Mieu
VN-25,Phú Thọ,Phu Tho,VNA25-FBE7F9BDFA,,Xuân Đài,Xuan Dai
VN-25,Phú Thọ,Phu Tho,VNA25-C3DDF7D422,,Xuân Hòa,Xuan Hoa
VN-25,Phú Thọ,Phu Tho,VNA25-24D8FBE0D4,,Xuân Lãng,Xuan Lang
VN-25,Phú Thọ,Phu Tho,VNA25-A5CCBEDC47,,Xuân Lũng,Xuan Lung
VN-25,Phú Thọ,Phu Tho,VNA25-4F0F18FFDE,,Xuân Viên,Xuan Vien
VN-25,Phú Thọ,Phu Tho,VNA25-196147A29C,,Yên Kỳ,Yen Ky
VN-25,Phú Thọ,Phu Tho,VNA25-3284BD752C,,Yên Lạc,Yen Lac
VN-25,Phú Thọ,Phu Tho,VNA25-4185888524,,Yên Lãng,Yen Lang
VN-25,Phú Thọ,Phu Tho,VNA25-C95A91FC8E,,Yên Lập,Yen Lap
VN-25,Phú Thọ,Phu Tho,VNA25-75DB615C39,,Yên Phú,Yen Phu
VN-25,Phú Thọ,Phu Tho,VNA25-1B3EC7591D,,Yên Sơn,Yen Son
VN-25,Phú Thọ,Phu Tho,VNA25-330E8F7C36,,Yên Thủy,Yen Thuy
VN-25,Phú Thọ,Phu Tho,VNA25-3735C4A8F2,,Yên Trị,Yen Tri
VN-26,Quảng Ngãi,Quang Ngai,VNA25-702B49DBAD,,An Phú,An Phu
VN-26,Quảng Ngãi,Quang Ngai,VNA25-6373C1E5A9,,Ba Dinh,Ba Dinh
VN-26,Quảng Ngãi,Quang Ngai,VNA25-EFAFAA1F2E,,Ba Động,Ba Dong
VN-26,Quảng Ngãi,Quang Ngai,VNA25-228F29B37E,,Ba Gia,Ba Gia
VN-26,Quảng Ngãi,Quang Ngai,VNA25-F13E3841F7,,Ba Tô,Ba To
VN-26,Quảng Ngãi,Quang Ngai,VNA25-9DD41CBED7,,Ba Tơ,Ba To
VN-26,Quảng Ngãi,Quang Ngai,VNA25-5D53FDDCD6,,Ba Vì,Ba Vi
VN-26,Quảng Ngãi,Quang Ngai,VNA25-D9009C39C4,,Ba Vinh,Ba Vinh
VN-26,Quảng Ngãi,Quang Ngai,VNA25-194F5BB2DD,,Ba Xa,Ba Xa
VN-26,Quảng Ngãi,Quang Ngai,VNA25-4E7D4D4598,,Bình Chương,Binh Chuong
VN-26,Quảng Ngãi,Quang Ngai,VNA25-5CB09080E7,,Bình Minh,Binh Minh
VN-26,Quảng Ngãi,Quang Ngai,VNA25-F090BBD11D,,Bình Sơn,Binh Son
VN-26,Quảng Ngãi,Quang Ngai,VNA25-87CE576814,,Bờ Y,Bo Y
VN-26,Quảng Ngãi,Quang Ngai,VNA25-5CA9F6E1F1,,Cà Đam,Ca Dam
VN-26,Quảng Ngãi,Quang Ngai,VNA25-98F33039F6,,Cẩm Thành,Cam Thanh
VN-26,Quảng Ngãi,Quang Ngai,VNA25-1D801CA468,,Đăk BLa,Dak Bla
VN-26,Quảng Ngãi,Quang Ngai,VNA25-C4011E5C8A,,Đăk Cấm,Dak Cam
VN-26,Quảng Ngãi,Quang Ngai,VNA25-547387949D,,Đăk Hà,Dak Ha
VN-26,Quảng Ngãi,Quang Ngai,VNA25-FEDBB39BBF,,Đăk Kôi,Dak Koi
VN-26,Quảng Ngãi,Quang Ngai,VNA25-D485927E53,,Đăk Long,Dak Long
VN-26,Quảng Ngãi,Quang Ngai,VNA25-141014F395,,Đăk Mar,Dak Mar
VN-26,Quảng Ngãi,Quang Ngai,VNA25-BEA1589A30,,Đăk Môn,Dak Mon
VN-26,Quảng Ngãi,Quang Ngai,VNA25-A161432219,,Đăk Pék,Dak Pek
VN-26,Quảng Ngãi,Quang Ngai,VNA25-DBF2C81CD4,,Đăk Plô,Dak Plo
VN-26,Quảng Ngãi,Quang Ngai,VNA25-8B9D932DE4,,Đăk Pxi,Dak Pxi
VN-26,Quảng Ngãi,Quang Ngai,VNA25-2BA5B3AEB6,,Đăk Rơ Wa,Dak Ro Wa
VN-26,Quảng Ngãi,Quang Ngai,VNA25-179D47918A,,Đăk Rve,Dak Rve
VN-26,Quảng Ngãi,Quang Ngai,VNA25-D7191418ED,,Đăk Sao,Dak Sao
VN-26,Quảng Ngãi,Quang Ngai,VNA25-454546E44F,,Đăk Tô,Dak To
VN-26,Quảng Ngãi,Quang Ngai,VNA25-0E5F58AE75,,Đăk Tờ Kan,Dak To Kan
VN-26,Quảng Ngãi,Quang Ngai,VNA25-275EA75566,,Đăk Ui,Dak Ui
VN-26,Quảng Ngãi,Quang Ngai,VNA25-463C2AF677,,Đặng Thùy Trâm,Dang Thuy Tram
VN-26,Quảng Ngãi,Quang Ngai,VNA25-6A56A7423E,,Đình Cương,Dinh Cuong
VN-26,Quảng Ngãi,Quang Ngai,VNA25-C73CBDAD08,,Đông Sơn,Dong Son
VN-26,Quảng Ngãi,Quang Ngai,VNA25-FEA802B5EB,,Đông Trà Bồng,Dong Tra Bong
VN-26,Quảng Ngãi,Quang Ngai,VNA25-6315BA288F,,Dục Nông,Duc Nong
VN-26,Quảng Ngãi,Quang Ngai,VNA25-164D3F4E0B,,Đức Phổ,Duc Pho
VN-26,Quảng Ngãi,Quang Ngai,VNA25-C035B96F3B,,Ia Chim,Ia Chim
VN-26,Quảng Ngãi,Quang Ngai,VNA25-C93D105C63,,Ia Đal,Ia Dal
VN-26,Quảng Ngãi,Quang Ngai,VNA25-64E4AB3668,,Ia Tơi,Ia Toi
VN-26,Quảng Ngãi,Quang Ngai,VNA25-D945DE77B4,,Khánh Cường,Khanh Cuong
VN-26,Quảng Ngãi,Quang Ngai,VNA25-FACA12119E,,Kon Braih,Kon Braih
VN-26,Quảng Ngãi,Quang Ngai,VNA25-EBAE08CF50,,Kon Đào,Kon Dao
VN-26,Quảng Ngãi,Quang Ngai,VNA25-BA4940A4A8,,Kon Plông,Kon Plông
VN-26,Quảng Ngãi,Quang Ngai,VNA25-A3FF906C21,,Kon Tum,Kon Tum
VN-26,Quảng Ngãi,Quang Ngai,VNA25-4087A3D0D0,,Lân Phong,Lan Phong
VN-26,Quảng Ngãi,Quang Ngai,VNA25-A411EF8107,,Long Phụng,Long Phung
VN-26,Quảng Ngãi,Quang Ngai,VNA25-A1AB772041,,Lý Sơn,Ly Son
VN-26,Quảng Ngãi,Quang Ngai,VNA25-103A6BA3E6,,Măng Bút,Mang But
VN-26,Quảng Ngãi,Quang Ngai,VNA25-E08C9E75EE,,Măng Đen,Mang Den
VN-26,Quảng Ngãi,Quang Ngai,VNA25-59195E78AA,,Măng Ri,Mang Ri
VN-26,Quảng Ngãi,Quang Ngai,VNA25-DF44EDBF12,,Minh Long,Minh Long
VN-26,Quảng Ngãi,Quang Ngai,VNA25-7E72875AB3,,Mỏ Cày,Mo Cay
VN-26,Quảng Ngãi,Quang Ngai,VNA25-DC34D5694E,,Mộ Đức,Mo Duc
VN-26,Quảng Ngãi,Quang Ngai,VNA25-C38EC6A800,,Mô Rai,Mo Rai
VN-26,Quảng Ngãi,Quang Ngai,VNA25-25D70E94AD,,Nghĩa Giang,Nghia Giang
VN-26,Quảng Ngãi,Quang Ngai,VNA25-9FB3CF2EE7,,Nghĩa Hành,Nghia Hanh
VN-26,Quảng Ngãi,Quang Ngai,VNA25-0E60BA3DE9,,Nghĩa Lộ,Nghia Lo
VN-26,Quảng Ngãi,Quang Ngai,VNA25-28EEA978F2,,Ngọc Linh,Ngoc Linh
VN-26,Quảng Ngãi,Quang Ngai,VNA25-12E919E9B1,,Ngọk Bay,Ngok Bay
VN-26,Quảng Ngãi,Quang Ngai,VNA25-B8B11F6572,,Ngọk Réo,Ngok Reo
VN-26,Quảng Ngãi,Quang Ngai,VNA25-F277B34047,,Ngọk Tụ,Ngok Tu
VN-26,Quảng Ngãi,Quang Ngai,VNA25-D1FEECE776,,Nguyễn Nghiêm,Nguyen Nghiem
VN-26,Quảng Ngãi,Quang Ngai,VNA25-75B5BE1BA5,,Phước Giang,Phuoc Giang
VN-26,Quảng Ngãi,Quang Ngai,VNA25-F4106D9559,,Rờ Kơi,Ro Koi
VN-26,Quảng Ngãi,Quang Ngai,VNA25-481B98996A,,Sa Bình,Sa Binh
VN-26,Quảng Ngãi,Quang Ngai,VNA25-FDA35D01A6,,Sa Huỳnh,Sa Huynh
VN-26,Quảng Ngãi,Quang Ngai,VNA25-FFC8729584,,Sa Loong,Sa Loong
VN-26,Quảng Ngãi,Quang Ngai,VNA25-662ADF52B7,,Sa Thầy,Sa Thay
VN-26,Quảng Ngãi,Quang Ngai,VNA25-476803EE91,,Sơn Hà,Son Ha
VN-26,Quảng Ngãi,Quang Ngai,VNA25-54BFDC968E,,Sơn Hạ,Son Ha
VN-26,Quảng Ngãi,Quang Ngai,VNA25-C009296826,,Sơn Kỳ,Son Ky
VN-26,Quảng Ngãi,Quang Ngai,VNA25-37C576022B,,Sơn Linh,Son Linh
VN-26,Quảng Ngãi,Quang Ngai,VNA25-3046C8C9EC,,Sơn Mai,Son Mai
VN-26,Quảng Ngãi,Quang Ngai,VNA25-3B791599DD,,Sơn Tây,Son Tay
VN-26,Quảng Ngãi,Quang Ngai,VNA25-584B35BC62,,Sơn Tây Hạ,Son Tay Ha
VN-26,Quảng Ngãi,Quang Ngai,VNA25-002E5864BE,,Sơn Tây Thượng,Son Tay Thuong
VN-26,Quảng Ngãi,Quang Ngai,VNA25-79982422C1,,Sơn Thủy,Son Thuy
VN-26,Quảng Ngãi,Quang Ngai,VNA25-5A666E6D4C,,Sơn Tịnh,Son Tinh
VN-26,Quảng Ngãi,Quang Ngai,VNA25-3E16F6626A,,Tây Trà,Tay Tra
VN-26,Quảng Ngãi,Quang Ngai,VNA25-1482609A3C,,Tây Trà Bồng,Tay Tra Bong
VN-26,Quảng Ngãi,Quang Ngai,VNA25-6220CB7CCB,,Thanh Bồng,Thanh Bong
VN-26,Quảng Ngãi,Quang Ngai,VNA25-7A66921390,,Thiện Tín,Thien Tin
VN-26,Quảng Ngãi,Quang Ngai,VNA25-42EC19E43E,,Thọ Phong,Tho Phong
VN-26,Quảng Ngãi,Quang Ngai,VNA25-4B4809E3F8,,Tịnh Khê,Tinh Khe
VN-26,Quảng Ngãi,Quang Ngai,VNA25-B0960E6313,,Trà Bồng,Tra Bong
VN-26,Quảng Ngãi,Quang Ngai,VNA25-04F05C8575,,Trà Câu,Tra Cau
VN-26,Quảng Ngãi,Quang Ngai,VNA25-8AAB0DE998,,Trà Giang,Tra Giang
VN-26,Quảng Ngãi,Quang Ngai,VNA25-58D3531BE3,,Trường Giang,Truong Giang
VN-26,Quảng Ngãi,Quang Ngai,VNA25-1DA1F26DD9,,Trương Quang Trọng,Truong Quang Trong
VN-26,Quảng Ngãi,Quang Ngai,VNA25-4DB7176A29,,Tu Mơ Rông,Tu Mo Rong
VN-26,Quảng Ngãi,Quang Ngai,VNA25-EC8A65627E,,Tư Nghĩa,Tu Nghia
VN-26,Quảng Ngãi,Quang Ngai,VNA25-D892C2DF0B,,Vạn Tường,Van Tuong
VN-26,Quảng Ngãi,Quang Ngai,VNA25-826A42C4D2,,Vệ Giang,Ve Giang
VN-26,Quảng Ngãi,Quang Ngai,VNA25-938568C0F1,,Xốp,Xop
VN-26,Quảng Ngãi,Quang Ngai,VNA25-96DD27FB8E,,Ya Ly,Ya Ly
VN-27,Quảng Ninh,Quang Ninh,VNA25-5CFF3ECF48,,An Sinh,An Sinh
VN-27,Quảng Ninh,Quang Ninh,VNA25-EC04D78644,,Ba Chẽ,Ba Che
VN-27,Quảng Ninh,Quang Ninh,VNA25-E961887A6E,,Bãi Cháy,Bai Chay
VN-27,Quảng Ninh,Quang Ninh,VNA25-7BFDE3E845,,Bình Khê,Binh Khe
VN-27,Quảng Ninh,Quang Ninh,VNA25-45096ADCDC,,Bình Liêu,Binh Lieu
VN-27,Quảng Ninh,Quang Ninh,VNA25-B42DD57EDA,,Cái Chiên,Cai Chien
VN-27,Quảng Ninh,Quang Ninh,VNA25-A7AC9A87F4,,Cẩm Phả,Cam Pha
VN-27,Quảng Ninh,Quang Ninh,VNA25-90255BFC34,,Cao Xanh,Cao Xanh
VN-27,Quảng Ninh,Quang Ninh,VNA25-245679D4EE,,Cô Tô,Co To
VN-27,Quảng Ninh,Quang Ninh,VNA25-2CE04BB22E,,Cửa Ông,Cua Ong
VN-27,Quảng Ninh,Quang Ninh,VNA25-12CFA72166,,Đầm Hà,Dam Ha
VN-27,Quảng Ninh,Quang Ninh,VNA25-2B64A7E3A0,,Điền Xá,Dien Xa
VN-27,Quảng Ninh,Quang Ninh,VNA25-0CDD1265CB,,Đông Mai,Dong Mai
VN-27,Quảng Ninh,Quang Ninh,VNA25-F120B5644B,,Đông Ngũ,Dong Ngu
VN-27,Quảng Ninh,Quang Ninh,VNA25-B9BA3DC280,,Đông Triều,Dong Trieu
VN-27,Quảng Ninh,Quang Ninh,VNA25-AF4647EC2F,,Đường Hoa,Duong Hoa
VN-27,Quảng Ninh,Quang Ninh,VNA25-BA996BA802,,Hà An,Ha An
VN-27,Quảng Ninh,Quang Ninh,VNA25-FE64FEE8BB,,Hà Lầm,Ha Lam
VN-27,Quảng Ninh,Quang Ninh,VNA25-DC7CE10F12,,Hạ Long,Ha Long
VN-27,Quảng Ninh,Quang Ninh,VNA25-803AE75016,,Hà Tu,Ha Tu
VN-27,Quảng Ninh,Quang Ninh,VNA25-D12CE70633,,Hải Hoà,Hai Hoa
VN-27,Quảng Ninh,Quang Ninh,VNA25-63510141C4,,Hải Lạng,Hai Lang
VN-27,Quảng Ninh,Quang Ninh,VNA25-CD7B5AD5E9,,Hải Ninh,Hai Ninh
VN-27,Quảng Ninh,Quang Ninh,VNA25-C0986C0366,,Hải Sơn,Hai Son
VN-27,Quảng Ninh,Quang Ninh,VNA25-D6477DA451,,Hiệp Hoà,Hiep Hoa
VN-27,Quảng Ninh,Quang Ninh,VNA25-A793D13FFF,,Hoàng Quế,Hoang Que
VN-27,Quảng Ninh,Quang Ninh,VNA25-D12D8F6282,,Hoành Bồ,Hoanh Bo
VN-27,Quảng Ninh,Quang Ninh,VNA25-ECE902C369,,Hoành Mô,Hoanh Mo
VN-27,Quảng Ninh,Quang Ninh,VNA25-7BF55FA2C3,,Hồng Gai,Hong Gai
VN-27,Quảng Ninh,Quang Ninh,VNA25-9A9BEFF4BB,,Kỳ Thượng,Ky Thuong
VN-27,Quảng Ninh,Quang Ninh,VNA25-A8B411D0DE,,Liên Hoà,Lien Hoa
VN-27,Quảng Ninh,Quang Ninh,VNA25-6779CCBE6A,,Lục Hồn,Luc Hon
VN-27,Quảng Ninh,Quang Ninh,VNA25-78B11F9B04,,Lương Minh,Luong Minh
VN-27,Quảng Ninh,Quang Ninh,VNA25-E83F389378,,Mạo Khê,Mao Khe
VN-27,Quảng Ninh,Quang Ninh,VNA25-EB0DB89859,,Móng Cái 1,Mong Cai 1
VN-27,Quảng Ninh,Quang Ninh,VNA25-4F1A3BCAA9,,Móng Cái 2,Mong Cai 2
VN-27,Quảng Ninh,Quang Ninh,VNA25-3132BFFA34,,Móng Cái 3,Mong Cai 3
VN-27,Quảng Ninh,Quang Ninh,VNA25-E816F29B2B,,Mông Dương,Mong Duong
VN-27,Quảng Ninh,Quang Ninh,VNA25-F536716352,,Phong Cốc,Phong Coc
VN-27,Quảng Ninh,Quang Ninh,VNA25-74F8A04E49,,Quảng Đức,Quang Duc
VN-27,Quảng Ninh,Quang Ninh,VNA25-D6BB96FCFF,,Quảng Hà,Quang Ha
VN-27,Quảng Ninh,Quang Ninh,VNA25-E0FEB68B51,,Quang Hanh,Quang Hanh
VN-27,Quảng Ninh,Quang Ninh,VNA25-1CE5377E4E,,Quảng La,Quang La
VN-27,Quảng Ninh,Quang Ninh,VNA25-0CD69FBDCB,,Quảng Tân,Quang Tan
VN-27,Quảng Ninh,Quang Ninh,VNA25-9C145529AA,,Quảng Yên,Quang Yen
VN-27,Quảng Ninh,Quang Ninh,VNA25-57C586B93C,,Thống Nhất,Thong Nhat
VN-27,Quảng Ninh,Quang Ninh,VNA25-350D6F0575,,Tiên Yên,Tien Yen
VN-27,Quảng Ninh,Quang Ninh,VNA25-03DC2B8825,,Tuần Châu,Tuan Chau
VN-27,Quảng Ninh,Quang Ninh,VNA25-FF2AD23EAF,,Uông Bí,Uong Bi
VN-27,Quảng Ninh,Quang Ninh,VNA25-C14E19B300,,Vân Đồn,Van Don
VN-27,Quảng Ninh,Quang Ninh,VNA25-66D1977B33,,Vàng Danh,Vang Danh
VN-27,Quảng Ninh,Quang Ninh,VNA25-8439D5EA1C,,Việt Hưng,Viet Hung
VN-27,Quảng Ninh,Quang Ninh,VNA25-BD1782E575,,Vĩnh Thực,Vinh Thuc
VN-27,Quảng Ninh,Quang Ninh,VNA25-4F3A6265F3,,Yên Tử,Yen Tu
VN-28,Quảng Trị,Quang Tri,VNA25-BE48293079,,A Dơi,A Doi
VN-28,Quảng Trị,Quang Tri,VNA25-A31FDC5230,,Ái Tử,Ai Tu
VN-28,Quảng Trị,Quang Tri,VNA25-37E3027D5C,,Ba Đồn,Ba Don
VN-28,Quảng Trị,Quang Tri,VNA25-4A103AE4F5,,Ba Lòng,Ba Long
VN-28,Quảng Trị,Quang Tri,VNA25-A0D5B54E54,,Bắc Gianh,Bac Gianh
VN-28,Quảng Trị,Quang Tri,VNA25-8F64762120,,Bắc Trạch,Bac Trach
VN-28,Quảng Trị,Quang Tri,VNA25-5C8E8ECA6A,,Bến Hải,Ben Hai
VN-28,Quảng Trị,Quang Tri,VNA25-172A3030D6,,Bến Quan,Ben Quan
VN-28,Quảng Trị,Quang Tri,VNA25-D89C27ECF7,,Bố Trạch,Bo Trach
VN-28,Quảng Trị,Quang Tri,VNA25-0CAD98154A,,Cam Hồng,Cam Hong
VN-28,Quảng Trị,Quang Tri,VNA25-3D70527252,,Cam Lộ,Cam Lo
VN-28,Quảng Trị,Quang Tri,VNA25-A07295443E,,Cồn Cỏ,Con Co
VN-28,Quảng Trị,Quang Tri,VNA25-D8B607FA3E,,Cồn Tiên,Con Tien
VN-28,Quảng Trị,Quang Tri,VNA25-C88DD4F026,,Cửa Tùng,Cua Tung
VN-28,Quảng Trị,Quang Tri,VNA25-C749ACCE1D,,Cửa Việt,Cua Viet
VN-28,Quảng Trị,Quang Tri,VNA25-0A53D0B2FF,,Đakrông,Dakrong
VN-28,Quảng Trị,Quang Tri,VNA25-DD07DAACDB,,Dân Hóa,Dan Hoa
VN-28,Quảng Trị,Quang Tri,VNA25-B28F7F5CAF,,Diên Sanh,Dien Sanh
VN-28,Quảng Trị,Quang Tri,VNA25-CB7115FCD7,,Đông Hà,Dong Ha
VN-28,Quảng Trị,Quang Tri,VNA25-576D388008,,Đồng Hới,Dong Hoi
VN-28,Quảng Trị,Quang Tri,VNA25-2994B4458F,,Đồng Lê,Dong Le
VN-28,Quảng Trị,Quang Tri,VNA25-24FAAB1F91,,Đồng Sơn,Dong Son
VN-28,Quảng Trị,Quang Tri,VNA25-851B3F3B30,,Đồng Thuận,Dong Thuan
VN-28,Quảng Trị,Quang Tri,VNA25-AC0996F309,,Đông Trạch,Dong Trach
VN-28,Quảng Trị,Quang Tri,VNA25-154DD0ADA0,,Gio Linh,Gio Linh
VN-28,Quảng Trị,Quang Tri,VNA25-156694E2EB,,Hải Lăng,Hai Lang
VN-28,Quảng Trị,Quang Tri,VNA25-1DA9D589FA,,Hiếu Giang,Hieu Giang
VN-28,Quảng Trị,Quang Tri,VNA25-C497462340,,Hoà Trạch,Hoa Trach
VN-28,Quảng Trị,Quang Tri,VNA25-DAE87D0C13,,Hoàn Lão,Hoan Lao
VN-28,Quảng Trị,Quang Tri,VNA25-7D169F68BC,,Hướng Hiệp,Huong Hiep
VN-28,Quảng Trị,Quang Tri,VNA25-DBD4D8B9A8,,Hướng Lập,Huong Lap
VN-28,Quảng Trị,Quang Tri,VNA25-5CE55EC9D8,,Hướng Phùng,Huong Phung
VN-28,Quảng Trị,Quang Tri,VNA25-1983C516A1,,Khe Sanh,Khe Sanh
VN-28,Quảng Trị,Quang Tri,VNA25-EE1D473147,,Kim Điền,Kim Dien
VN-28,Quảng Trị,Quang Tri,VNA25-E64A4FEC81,,Kim Ngân,Kim Ngan
VN-28,Quảng Trị,Quang Tri,VNA25-168258E28E,,Kim Phú,Kim Phu
VN-28,Quảng Trị,Quang Tri,VNA25-698405B2BB,,La Lay,La Lay
VN-28,Quảng Trị,Quang Tri,VNA25-97B446AA37,,Lao Bảo,Lao Bao
VN-28,Quảng Trị,Quang Tri,VNA25-8FAAE190A4,,Lệ Ninh,Le Ninh
VN-28,Quảng Trị,Quang Tri,VNA25-6DAF14774C,,Lệ Thủy,Le Thuy
VN-28,Quảng Trị,Quang Tri,VNA25-D961CE7024,,Lìa,Separated
VN-28,Quảng Trị,Quang Tri,VNA25-F2C901CBC2,,Minh Hóa,Minh Hoa
VN-28,Quảng Trị,Quang Tri,VNA25-BADB199D0F,,Mỹ Thủy,My Thuy
VN-28,Quảng Trị,Quang Tri,VNA25-EEE72152B5,,Nam Ba Đồn,Nam Ba Don
VN-28,Quảng Trị,Quang Tri,VNA25-CF577953BC,,Nam Cửa Việt,Nam Cua Viet
VN-28,Quảng Trị,Quang Tri,VNA25-04233ECEC7,,Nam Đông Hà,Nam Dong Ha
VN-28,Quảng Trị,Quang Tri,VNA25-515510F762,,Nam Gianh,Nam Gianh
VN-28,Quảng Trị,Quang Tri,VNA25-672746FBEE,,Nam Hải Lăng,Nam Hai Lang
VN-28,Quảng Trị,Quang Tri,VNA25-20139D3B88,,Nam Trạch,Nam Trach
VN-28,Quảng Trị,Quang Tri,VNA25-8616F9516E,,Ninh Châu,Ninh Chau
VN-28,Quảng Trị,Quang Tri,VNA25-F8F8FFE06C,,Phong Nha,Phong Nha
VN-28,Quảng Trị,Quang Tri,VNA25-A78A3030E0,,Phú Trạch,Phu Trach
VN-28,Quảng Trị,Quang Tri,VNA25-F3F8C2CCC6,,Quảng Ninh,Quang Ninh
VN-28,Quảng Trị,Quang Tri,VNA25-E936B38AA9,,Quảng Trạch,Quang Trach
VN-28,Quảng Trị,Quang Tri,VNA25-270BDCA54D,,Quảng Trị,Quang Tri
VN-28,Quảng Trị,Quang Tri,VNA25-E1A1D978DA,,Sen Ngư,Sen Ngu
VN-28,Quảng Trị,Quang Tri,VNA25-4883B96F6A,,Tà Rụt,Ta Rut
VN-28,Quảng Trị,Quang Tri,VNA25-97AB375117,,Tân Gianh,Tan Gianh
VN-28,Quảng Trị,Quang Tri,VNA25-A8518E3CE1,,Tân Lập,Tan Lap
VN-28,Quảng Trị,Quang Tri,VNA25-8277CD2B2C,,Tân Mỹ,Tan My
VN-28,Quảng Trị,Quang Tri,VNA25-7600A5EE8B,,Tân Thành,Tan Thanh
VN-28,Quảng Trị,Quang Tri,VNA25-A864C0DB88,,Thượng Trạch,Thuong Trach
VN-28,Quảng Trị,Quang Tri,VNA25-8A9E17E760,,Triệu Bình,Trieu Binh
VN-28,Quảng Trị,Quang Tri,VNA25-AB9D21DC59,,Triệu Cơ,Trieu Co
VN-28,Quảng Trị,Quang Tri,VNA25-B1628B518D,,Triệu Phong,Trieu Phong
VN-28,Quảng Trị,Quang Tri,VNA25-111D1E5DF0,,Trung Thuần,Trung Thuan
VN-28,Quảng Trị,Quang Tri,VNA25-DAD2888328,,Trường Ninh,Truong Ninh
VN-28,Quảng Trị,Quang Tri,VNA25-464B458283,,Trường Phú,Truong Phu
VN-28,Quảng Trị,Quang Tri,VNA25-28D5771673,,Trường Sơn,Truong Son
VN-28,Quảng Trị,Quang Tri,VNA25-0EDCCDF33C,,Tuyên Bình,Tuyen Binh
VN-28,Quảng Trị,Quang Tri,VNA25-340763EA8F,,Tuyên Hóa,Tuyen Hoa
VN-28,Quảng Trị,Quang Tri,VNA25-4C85F7A5B5,,Tuyên Lâm,Tuyen Lam
VN-28,Quảng Trị,Quang Tri,VNA25-2A51A17A5F,,Tuyên Phú,Tuyen Phu
VN-28,Quảng Trị,Quang Tri,VNA25-EF7865FB33,,Tuyên Sơn,Tuyen Son
VN-28,Quảng Trị,Quang Tri,VNA25-7E52792D4F,,Vĩnh Định,Vinh Dinh
VN-28,Quảng Trị,Quang Tri,VNA25-F1B3B1DADE,,Vĩnh Hoàng,Vinh Hoang
VN-28,Quảng Trị,Quang Tri,VNA25-6D18AD6F6C,,Vĩnh Linh,Vinh Linh
VN-28,Quảng Trị,Quang Tri,VNA25-F349454E78,,Vĩnh Thủy,Vinh Thuy
VN-29,Sơn La,Son La,VNA25-97F2A201FC,,Bắc Yên,Bac Yen
VN-29,Sơn La,Son La,VNA25-1DA5E294D5,,Bình Thuận,Binh Thuan
VN-29,Sơn La,Son La,VNA25-0DF631E062,,Bó Sinh,Bo Sinh
VN-29,Sơn La,Son La,VNA25-991E522FD4,,Chiềng An,Chieng An
VN-29,Sơn La,Son La,VNA25-C9BBB5B115,,Chiềng Cơi,Chieng Coi
VN-29,Sơn La,Son La,VNA25-667E27FE05,,Chiềng Hặc,Chieng Hac
VN-29,Sơn La,Son La,VNA25-A80E3CE0AC,,Chiềng Hoa,Chieng Hoa
VN-29,Sơn La,Son La,VNA25-15962D705E,,Chiềng Khoong,Chieng Khoong
VN-29,Sơn La,Son La,VNA25-74ABC7FDBB,,Chiềng Khương,Chieng Khuong
VN-29,Sơn La,Son La,VNA25-B957B8ACEC,,Chiềng La,Chieng La
VN-29,Sơn La,Son La,VNA25-F7A7DD97B2,,Chiềng Lao,Chieng Lao
VN-29,Sơn La,Son La,VNA25-6C3A0E2446,,Chiềng Mai,Chiang Mai
VN-29,Sơn La,Son La,VNA25-B84B698D21,,Chiềng Mung,Chieng Mung
VN-29,Sơn La,Son La,VNA25-1101B718A2,,Chiềng Sại,Chieng Sai
VN-29,Sơn La,Son La,VNA25-EE73247474,,Chiềng Sinh,Chieng Sinh
VN-29,Sơn La,Son La,VNA25-A75174DF0D,,Chiềng Sơ,Chieng So
VN-29,Sơn La,Son La,VNA25-553282AF56,,Chiềng Sơn,Chieng Son
VN-29,Sơn La,Son La,VNA25-B0B920CFB1,,Chiềng Sung,Chieng Sung
VN-29,Sơn La,Son La,VNA25-1FB54F4D0C,,Co Mạ,Co Ma
VN-29,Sơn La,Son La,VNA25-9718DAA2A7,,Đoàn Kết,Doan Ket
VN-29,Sơn La,Son La,VNA25-D1103D6A6C,,Gia Phù,Gia Phu
VN-29,Sơn La,Son La,VNA25-0BA3332028,,Huổi Một,Huoi Mot
VN-29,Sơn La,Son La,VNA25-19A8CDE320,,Kim Bon,Kim Bon
VN-29,Sơn La,Son La,VNA25-ABCB4E4DF1,,Long Hẹ,Long He
VN-29,Sơn La,Son La,VNA25-6A570E853D,,Lóng Phiêng,Long Phieng
VN-29,Sơn La,Son La,VNA25-F031E1B390,,Lóng Sập,Long Sap
VN-29,Sơn La,Son La,VNA25-95A50FC2CE,,Mai Sơn,Mai Son
VN-29,Sơn La,Son La,VNA25-8B52146B29,,Mộc Châu,Moc Chau
VN-29,Sơn La,Son La,VNA25-F96F4CC842,,Mộc Sơn,Moc Son
VN-29,Sơn La,Son La,VNA25-3CB08A5FE3,,Muổi Nọi,Muoi Noi
VN-29,Sơn La,Son La,VNA25-5662EF4120,,Mường Bám,Muong Bam
VN-29,Sơn La,Son La,VNA25-4436337E75,,Mường Bang,Muong Bang
VN-29,Sơn La,Son La,VNA25-783AA52650,,Mường Bú,Muong Bu
VN-29,Sơn La,Son La,VNA25-D63E339F1F,,Mường Chanh,Muong Chanh
VN-29,Sơn La,Son La,VNA25-2F60B73B19,,Mường Chiên,Muong Chien
VN-29,Sơn La,Son La,VNA25-7B09AAB74C,,Mường Cơi,Muong Coi
VN-29,Sơn La,Son La,VNA25-3D37B6BEEA,,Mường É,Muong E
VN-29,Sơn La,Son La,VNA25-D1A082867B,,Mường Giôn,Muong Gion
VN-29,Sơn La,Son La,VNA25-46B586406A,,Mường Hung,Muong Hung
VN-29,Sơn La,Son La,VNA25-F14F0EF6F2,,Mường Khiêng,Muong Khieng
VN-29,Sơn La,Son La,VNA25-5161891428,,Mường La,Muong La
VN-29,Sơn La,Son La,VNA25-22B8954F4F,,Mường Lầm,Muong Lam
VN-29,Sơn La,Son La,VNA25-82BF1918E2,,Mường Lạn,Muong Lan
VN-29,Sơn La,Son La,VNA25-3B188FA08E,,Mường Lèo,Muong Leo
VN-29,Sơn La,Son La,VNA25-68E3D86159,,Mường Sại,Muong Sai
VN-29,Sơn La,Son La,VNA25-DA9E31758B,,Nậm Lầu,Nam Lau
VN-29,Sơn La,Son La,VNA25-77C31B2599,,Nậm Ty,Nam Ty
VN-29,Sơn La,Son La,VNA25-89C2A0BBDF,,Ngọc Chiến,Ngoc Chien
VN-29,Sơn La,Son La,VNA25-5511F88960,,Pắc Ngà,Pac Nga
VN-29,Sơn La,Son La,VNA25-76F184C6F8,,Phiêng Cằm,Phieng Cam
VN-29,Sơn La,Son La,VNA25-CFB7FE7A46,,Phiêng Khoài,Phieng Khoai
VN-29,Sơn La,Son La,VNA25-FBACED7AFC,,Phiêng Pằn,Phieng Pan
VN-29,Sơn La,Son La,VNA25-1FAA0828B2,,Phù Yên,Phu Yen
VN-29,Sơn La,Son La,VNA25-7C67AC9995,,Púng Bánh,Pung Banh
VN-29,Sơn La,Son La,VNA25-8D3CEB361C,,Quỳnh Nhai,Quynh Nhai
VN-29,Sơn La,Son La,VNA25-9A08FD3C82,,Song Khủa,Song Khua
VN-29,Sơn La,Son La,VNA25-DB2A5E35A4,,Sông Mã,Song Ma
VN-29,Sơn La,Son La,VNA25-9433091E9A,,Sốp Cộp,Sop Cop
VN-29,Sơn La,Son La,VNA25-518FA2F646,,Suối Tọ,Suoi To
VN-29,Sơn La,Son La,VNA25-6811806E9D,,Tà Hộc,Ta Hoc
VN-29,Sơn La,Son La,VNA25-59F989C505,,Tạ Khoa,Ta Khoa
VN-29,Sơn La,Son La,VNA25-861AC0C0BB,,Tà Xùa,Ta Xua
VN-29,Sơn La,Son La,VNA25-6BE2B84D20,,Tân Phong,Tan Phong
VN-29,Sơn La,Son La,VNA25-2ED764BD24,,Tân Yên,Tan Yen
VN-29,Sơn La,Son La,VNA25-C006806F3A,,Thảo Nguyên,Thao Nguyen
VN-29,Sơn La,Son La,VNA25-C8520E9731,,Thuận Châu,Thuan Chau
VN-29,Sơn La,Son La,VNA25-4850DBE9AA,,Tô Hiệu,To Hieu
VN-29,Sơn La,Son La,VNA25-FD29AC3AEC,,Tô Múa,To Mua
VN-29,Sơn La,Son La,VNA25-93E66256EB,,Tường Hạ,Tuong Ha
VN-29,Sơn La,Son La,VNA25-D21797E070,,Vân Hồ,Van Ho
VN-29,Sơn La,Son La,VNA25-C710B567CB,,Vân Sơn,Van Son
VN-29,Sơn La,Son La,VNA25-9949C1AB59,,Xím Vàng,Xim Vang
VN-29,Sơn La,Son La,VNA25-11569EF4A0,,Xuân Nha,Xuan Nha
VN-29,Sơn La,Son La,VNA25-46A3EB5BB2,,Yên Châu,Yen Chau
VN-29,Sơn La,Son La,VNA25-AC83EFF165,,Yên Sơn,Yen Son
VN-30,Tây Ninh,Tay Ninh,VNA25-0B21E2BF18,,An Lục Long,An Luc Long
VN-30,Tây Ninh,Tay Ninh,VNA25-7641CAB570,,An Ninh,An Ninh
VN-30,Tây Ninh,Tay Ninh,VNA25-59BAE0B0BB,,An Tịnh,An Tinh
VN-30,Tây Ninh,Tay Ninh,VNA25-B144A7036C,,Bến Cầu,Ben Cau
VN-30,Tây Ninh,Tay Ninh,VNA25-7F9349850F,,Bến Lức,Ben Luc
VN-30,Tây Ninh,Tay Ninh,VNA25-350443BAE7,,Bình Đức,Binh Duc
VN-30,Tây Ninh,Tay Ninh,VNA25-E024C2B7D9,,Bình Hiệp,Binh Hiep
VN-30,Tây Ninh,Tay Ninh,VNA25-AD02C2B4B4,,Bình Hoà,Binh Hoa
VN-30,Tây Ninh,Tay Ninh,VNA25-C6B511F0DD,,Bình Minh,Binh Minh
VN-30,Tây Ninh,Tay Ninh,VNA25-ABD9C54533,,Bình Thành,Binh Thanh
VN-30,Tây Ninh,Tay Ninh,VNA25-F1D07D301B,,Cần Đước,Can Duoc
VN-30,Tây Ninh,Tay Ninh,VNA25-37A4A349FB,,Cần Giuộc,Can Giuoc
VN-30,Tây Ninh,Tay Ninh,VNA25-39632DB8E8,,Cầu Khởi,Cau Khoi
VN-30,Tây Ninh,Tay Ninh,VNA25-C5AED22D20,,Châu Thành,Chau Thanh
VN-30,Tây Ninh,Tay Ninh,VNA25-D718F43D19,,Đông Thành,Dong Thanh
VN-30,Tây Ninh,Tay Ninh,VNA25-E1BADB766E,,Đức Hoà,Duc Hoa
VN-30,Tây Ninh,Tay Ninh,VNA25-34D1C469DD,,Đức Huệ,Duc Hue
VN-30,Tây Ninh,Tay Ninh,VNA25-6961E0344E,,Đức Lập,Duc Lap
VN-30,Tây Ninh,Tay Ninh,VNA25-31FB031E69,,Dương Minh Châu,Duong Minh Chau
VN-30,Tây Ninh,Tay Ninh,VNA25-93F11838ED,,Gia Lộc,Gia Loc
VN-30,Tây Ninh,Tay Ninh,VNA25-3B8BACBDAF,,Gò Dầu,Go Dau
VN-30,Tây Ninh,Tay Ninh,VNA25-9125A7EB6A,,Hảo Đước,Hao Duoc
VN-30,Tây Ninh,Tay Ninh,VNA25-0B8FF1B258,,Hậu Nghĩa,Hau Nghia
VN-30,Tây Ninh,Tay Ninh,VNA25-050B20C1E0,,Hậu Thạnh,Hau Thanh
VN-30,Tây Ninh,Tay Ninh,VNA25-3D384FD00E,,Hiệp Hoà,Hiep Hoa
VN-30,Tây Ninh,Tay Ninh,VNA25-224D7AD181,,Hoà Hội,Hoa Hoi
VN-30,Tây Ninh,Tay Ninh,VNA25-436527577E,,Hoà Khánh,Hoa Khanh
VN-30,Tây Ninh,Tay Ninh,VNA25-6F5C34F0BF,,Hoà Thành,Hoa Thanh
VN-30,Tây Ninh,Tay Ninh,VNA25-0DAEF50F8E,,Hưng Điền,Hung Dien
VN-30,Tây Ninh,Tay Ninh,VNA25-2E79EA0769,,Hưng Thuận,Hung Thuan
VN-30,Tây Ninh,Tay Ninh,VNA25-79E93490EC,,Khánh Hậu,Khanh Hau
VN-30,Tây Ninh,Tay Ninh,VNA25-BE00C092AF,,Khánh Hưng,Khanh Hung
VN-30,Tây Ninh,Tay Ninh,VNA25-F7BAD309BB,,Kiến Tường,Kien Tuong
VN-30,Tây Ninh,Tay Ninh,VNA25-AF5AD2E00D,,Lộc Ninh,Loc Ninh
VN-30,Tây Ninh,Tay Ninh,VNA25-F208E1258C,,Long An,Long An
VN-30,Tây Ninh,Tay Ninh,VNA25-E9C1818190,,Long Cang,Long Cang
VN-30,Tây Ninh,Tay Ninh,VNA25-E1165DB157,,Long Chữ,Long Chu
VN-30,Tây Ninh,Tay Ninh,VNA25-8B57B27F1B,,Long Hoa,Long Hoa
VN-30,Tây Ninh,Tay Ninh,VNA25-3EE7F9FA20,,Long Hựu,Long Huu
VN-30,Tây Ninh,Tay Ninh,VNA25-3FAEE98D54,,Long Thuận,Long Thuan
VN-30,Tây Ninh,Tay Ninh,VNA25-3D9F1BD49B,,Lương Hoà,Luong Hoa
VN-30,Tây Ninh,Tay Ninh,VNA25-69CB0C15E0,,Mộc Hoá,Moc Hoa
VN-30,Tây Ninh,Tay Ninh,VNA25-E210AF0D80,,Mỹ An,My An
VN-30,Tây Ninh,Tay Ninh,VNA25-DE21684D5C,,Mỹ Hạnh,My Hanh
VN-30,Tây Ninh,Tay Ninh,VNA25-521A2689A6,,Mỹ Lệ,My Le
VN-30,Tây Ninh,Tay Ninh,VNA25-4E114174FC,,Mỹ Lộc,My Loc
VN-30,Tây Ninh,Tay Ninh,VNA25-4B2DFC1348,,Mỹ Quý,My Quy
VN-30,Tây Ninh,Tay Ninh,VNA25-B69D3CC3A4,,Mỹ Thạnh,My Thanh
VN-30,Tây Ninh,Tay Ninh,VNA25-BDD57DF881,,Mỹ Yên,My Yen
VN-30,Tây Ninh,Tay Ninh,VNA25-19F9D81F08,,Nhơn Hoà Lập,Nhon Hoa Lap
VN-30,Tây Ninh,Tay Ninh,VNA25-AB30944AAC,,Nhơn Ninh,Nhon Ninh
VN-30,Tây Ninh,Tay Ninh,VNA25-41D2C7387D,,Nhựt Tảo,Nhut Tao
VN-30,Tây Ninh,Tay Ninh,VNA25-8C403BD988,,Ninh Điền,Ninh Dien
VN-30,Tây Ninh,Tay Ninh,VNA25-D09DB27BA9,,Ninh Thạnh,Ninh Thanh
VN-30,Tây Ninh,Tay Ninh,VNA25-F8A76AF075,,Phước Chỉ,Phuoc Chi
VN-30,Tây Ninh,Tay Ninh,VNA25-915A0FA445,,Phước Lý,Phuoc Ly
VN-30,Tây Ninh,Tay Ninh,VNA25-D036BF3AC0,,Phước Thạnh,Phuoc Thanh
VN-30,Tây Ninh,Tay Ninh,VNA25-EA2E11B0AC,,Phước Vinh,Phuoc Vinh
VN-30,Tây Ninh,Tay Ninh,VNA25-2BE0BA1137,,Phước Vĩnh Tây,Phuoc Vinh Tay
VN-30,Tây Ninh,Tay Ninh,VNA25-9E8A31C03B,,Rạch Kiến,Rach Kien
VN-30,Tây Ninh,Tay Ninh,VNA25-B80D7ADC78,,Tầm Vu,Tam Vu
VN-30,Tây Ninh,Tay Ninh,VNA25-4818BC8D73,,Tân An,Tan An
VN-30,Tây Ninh,Tay Ninh,VNA25-1FD09FFA98,,Tân Biên,Tan Bien
VN-30,Tây Ninh,Tay Ninh,VNA25-983AAC4307,,Tân Châu,Tan Chau
VN-30,Tây Ninh,Tay Ninh,VNA25-E4F4F32CE9,,Tân Đông,Tan Dong
VN-30,Tây Ninh,Tay Ninh,VNA25-4561F17481,,Tân Hoà,Tan Hoa
VN-30,Tây Ninh,Tay Ninh,VNA25-E358CB708C,,Tân Hội,Tan Hoi
VN-30,Tây Ninh,Tay Ninh,VNA25-C590B2F98B,,Tân Hưng,Tan Hung
VN-30,Tây Ninh,Tay Ninh,VNA25-CB98BE9A01,,Tân Lân,Tan Lan
VN-30,Tây Ninh,Tay Ninh,VNA25-C9AEBA2E5E,,Tân Lập,Tan Lap
VN-30,Tây Ninh,Tay Ninh,VNA25-16470F3377,,Tân Long,Tan Long
VN-30,Tây Ninh,Tay Ninh,VNA25-DDE01B9779,,Tân Ninh,Tan Ninh
VN-30,Tây Ninh,Tay Ninh,VNA25-612B70633E,,Tân Phú,Tan Phu
VN-30,Tây Ninh,Tay Ninh,VNA25-D63AEC39AF,,Tân Tập,Tan Tap
VN-30,Tây Ninh,Tay Ninh,VNA25-8A19152176,,Tân Tây,Tan Tay
VN-30,Tây Ninh,Tay Ninh,VNA25-030EF9D3D3,,Tân Thành,Tan Thanh
VN-30,Tây Ninh,Tay Ninh,VNA25-B3B528C093,,Tân Thạnh,Tan Thanh
VN-30,Tây Ninh,Tay Ninh,VNA25-F4D54D83F3,,Tân Trụ,Tan Tru
VN-30,Tây Ninh,Tay Ninh,VNA25-757879D8AD,,Thạnh Bình,Thanh Binh
VN-30,Tây Ninh,Tay Ninh,VNA25-299B615C63,,Thanh Điền,Thanh Dien
VN-30,Tây Ninh,Tay Ninh,VNA25-49EDD64872,,Thạnh Đức,Thanh Duc
VN-30,Tây Ninh,Tay Ninh,VNA25-B6FF766664,,Thạnh Hóa,Thanh Hoa
VN-30,Tây Ninh,Tay Ninh,VNA25-F15C3E2C88,,Thạnh Lợi,Thanh Loi
VN-30,Tây Ninh,Tay Ninh,VNA25-68B69487A4,,Thạnh Phước,Thanh Phuoc
VN-30,Tây Ninh,Tay Ninh,VNA25-29BF66BDA1,,Thủ Thừa,Thu Thua
VN-30,Tây Ninh,Tay Ninh,VNA25-35DEB18ADB,,Thuận Mỹ,Thuan My
VN-30,Tây Ninh,Tay Ninh,VNA25-C9B31384AA,,Trà Vong,Tra Vong
VN-30,Tây Ninh,Tay Ninh,VNA25-32DC8561B6,,Trảng Bàng,Trang Bang
VN-30,Tây Ninh,Tay Ninh,VNA25-76B0633259,,Truông Mít,Truong Mit
VN-30,Tây Ninh,Tay Ninh,VNA25-9D0231E3FA,,Tuyên Bình,Tuyen Binh
VN-30,Tây Ninh,Tay Ninh,VNA25-DAE9EE509C,,Tuyên Thạnh,Tuyen Thanh
VN-30,Tây Ninh,Tay Ninh,VNA25-D838A1223A,,Vàm Cỏ,Vam Co
VN-30,Tây Ninh,Tay Ninh,VNA25-61E3F15BBA,,Vĩnh Châu,Vinh Chau
VN-30,Tây Ninh,Tay Ninh,VNA25-1B9505B3B4,,Vĩnh Công,Vinh Cong
VN-30,Tây Ninh,Tay Ninh,VNA25-E5ACEA9B16,,Vĩnh Hưng,Vinh Hung
VN-30,Tây Ninh,Tay Ninh,VNA25-A6DF49DBDA,,Vĩnh Thạnh,Vinh Thanh
VN-31,Thái Nguyên,Thai Nguyen,VNA25-BE3EED15D5,,An Khánh,An Khanh
VN-31,Thái Nguyên,Thai Nguyen,VNA25-62865F0811,,Ba Bể,Ba Be
VN-31,Thái Nguyên,Thai Nguyen,VNA25-B1FA28C44B,,Bá Xuyên,Ba Xuyen
VN-31,Thái Nguyên,Thai Nguyen,VNA25-D1A651266B,,Bắc Kạn,Bac Kan
VN-31,Thái Nguyên,Thai Nguyen,VNA25-1804BABF36,,Bách Quang,Bach Quang
VN-31,Thái Nguyên,Thai Nguyen,VNA25-1CA7FB745E,,Bạch Thông,Bach Thong
VN-31,Thái Nguyên,Thai Nguyen,VNA25-EDE6EFFE30,,Bằng Thành,Bang Thanh
VN-31,Thái Nguyên,Thai Nguyen,VNA25-D5C0F0FF4F,,Bằng Vân,Bang Van
VN-31,Thái Nguyên,Thai Nguyen,VNA25-1941E09473,,Bình Thành,Binh Thanh
VN-31,Thái Nguyên,Thai Nguyen,VNA25-FF68D078C1,,Bình Yên,Binh Yen
VN-31,Thái Nguyên,Thai Nguyen,VNA25-EFEA852E33,,Cẩm Giàng,Cam Giang
VN-31,Thái Nguyên,Thai Nguyen,VNA25-9D84460E9D,,Cao Minh,Cao Minh
VN-31,Thái Nguyên,Thai Nguyen,VNA25-A96C273939,,Chợ Đồn,Cho Don
VN-31,Thái Nguyên,Thai Nguyen,VNA25-86958BB292,,Chợ Mới,Cho Moi
VN-31,Thái Nguyên,Thai Nguyen,VNA25-1D8B78C246,,Chợ Rã,Cho Ra
VN-31,Thái Nguyên,Thai Nguyen,VNA25-D1DFAFF354,,Côn Minh,Kunming
VN-31,Thái Nguyên,Thai Nguyen,VNA25-EDB64C33F1,,Cường Lợi,Cuong Loi
VN-31,Thái Nguyên,Thai Nguyen,VNA25-5AF2F42E94,,Đại Phúc,Dai Phuc
VN-31,Thái Nguyên,Thai Nguyen,VNA25-4442F3893A,,Đại Từ,Dai Tu
VN-31,Thái Nguyên,Thai Nguyen,VNA25-AAE24B08B1,,Dân Tiến,Dan Tien
VN-31,Thái Nguyên,Thai Nguyen,VNA25-994B780CEE,,Điềm Thụy,Diem Thuy
VN-31,Thái Nguyên,Thai Nguyen,VNA25-5C065480B6,,Định Hóa,Dinh Hoa
VN-31,Thái Nguyên,Thai Nguyen,VNA25-5C726DC012,,Đồng Hỷ,Dong Hy
VN-31,Thái Nguyên,Thai Nguyen,VNA25-DF86290ADC,,Đồng Phúc,Dong Phuc
VN-31,Thái Nguyên,Thai Nguyen,VNA25-BC667FEEE0,,Đức Lương,Duc Luong
VN-31,Thái Nguyên,Thai Nguyen,VNA25-A3B1193828,,Đức Xuân,Duc Xuan
VN-31,Thái Nguyên,Thai Nguyen,VNA25-644725F703,,Gia Sàng,Gia Sang
VN-31,Thái Nguyên,Thai Nguyen,VNA25-AD4550151D,,Hiệp Lực,Hiep Luc
VN-31,Thái Nguyên,Thai Nguyen,VNA25-D5CA4E49A3,,Hợp Thành,Hop Thanh
VN-31,Thái Nguyên,Thai Nguyen,VNA25-E8D1154AAD,,Kha Sơn,Kha Son
VN-31,Thái Nguyên,Thai Nguyen,VNA25-E36F5755A5,,Kim Phượng,Kim Phuong
VN-31,Thái Nguyên,Thai Nguyen,VNA25-97CAD8541E,,La Bằng,La Bang
VN-31,Thái Nguyên,Thai Nguyen,VNA25-CF3FD91039,,La Hiên,La Hien
VN-31,Thái Nguyên,Thai Nguyen,VNA25-42DD2C16B6,,Lam Vỹ,Lam Vy
VN-31,Thái Nguyên,Thai Nguyen,VNA25-057E48C25E,,Linh Sơn,Linh Son
VN-31,Thái Nguyên,Thai Nguyen,VNA25-677E45CCA4,,Nà Phặc,Na Phac
VN-31,Thái Nguyên,Thai Nguyen,VNA25-297E315FC9,,Na Rì,Na Ri
VN-31,Thái Nguyên,Thai Nguyen,VNA25-E5BB6DE7AB,,Nam Cường,Nam Cuong
VN-31,Thái Nguyên,Thai Nguyen,VNA25-05EDEFA157,,Nam Hoà,Nam Hoa
VN-31,Thái Nguyên,Thai Nguyen,VNA25-4F53315D65,,Ngân Sơn,Ngan Son
VN-31,Thái Nguyên,Thai Nguyen,VNA25-80EDB0DE12,,Nghĩa Tá,Nghia Ta
VN-31,Thái Nguyên,Thai Nguyen,VNA25-1098A8C038,,Nghiên Loan,Nghien Loan
VN-31,Thái Nguyên,Thai Nguyen,VNA25-BA330E14EF,,Nghinh Tường,Nghinh Tuong
VN-31,Thái Nguyên,Thai Nguyen,VNA25-2590E0E16B,,Phan Đình Phùng,Phan Dinh Phung
VN-31,Thái Nguyên,Thai Nguyen,VNA25-DBE656E2CF,,Phổ Yên,Pho Yen
VN-31,Thái Nguyên,Thai Nguyen,VNA25-7D14AE3A2B,,Phong Quang,Phong Quang
VN-31,Thái Nguyên,Thai Nguyen,VNA25-F29B41358E,,Phú Bình,Phu Binh
VN-31,Thái Nguyên,Thai Nguyen,VNA25-A7A1D25534,,Phú Đình,Phu Dinh
VN-31,Thái Nguyên,Thai Nguyen,VNA25-A28FC9F1A6,,Phú Lạc,Phu Lac
VN-31,Thái Nguyên,Thai Nguyen,VNA25-1D69049A2E,,Phú Lương,Phu Luong
VN-31,Thái Nguyên,Thai Nguyen,VNA25-13FF69FF7F,,Phú Thịnh,Phu Thinh
VN-31,Thái Nguyên,Thai Nguyen,VNA25-EDF6AF72DF,,Phủ Thông,Phu Thong
VN-31,Thái Nguyên,Thai Nguyen,VNA25-BAB7842650,,Phú Xuyên,Phu Xuyen
VN-31,Thái Nguyên,Thai Nguyen,VNA25-090E839D25,,Phúc Lộc,Phuc Loc
VN-31,Thái Nguyên,Thai Nguyen,VNA25-30D9794DDA,,Phúc Thuận,Phuc Thuan
VN-31,Thái Nguyên,Thai Nguyen,VNA25-31EC611A84,,Phượng Tiến,Phuong Tien
VN-31,Thái Nguyên,Thai Nguyen,VNA25-197F4A9BBD,,Quân Chu,Quan Chu
VN-31,Thái Nguyên,Thai Nguyen,VNA25-81654A6692,,Quan Triều,Quan Trieu
VN-31,Thái Nguyên,Thai Nguyen,VNA25-52E2F58CFB,,Quảng Bạch,Quang Bach
VN-31,Thái Nguyên,Thai Nguyen,VNA25-8B0BAAD7F8,,Quang Sơn,Quang Son
VN-31,Thái Nguyên,Thai Nguyen,VNA25-18D001FEFB,,Quyết Thắng,Quyet Thang
VN-31,Thái Nguyên,Thai Nguyen,VNA25-004350C56B,,Sảng Mộc,Sang Moc
VN-31,Thái Nguyên,Thai Nguyen,VNA25-CACEDBED6E,,Sông Công,Song Cong
VN-31,Thái Nguyên,Thai Nguyen,VNA25-0282F6ABFD,,Tân Cương,Tan Cuong
VN-31,Thái Nguyên,Thai Nguyen,VNA25-CFD5636263,,Tân Khánh,Tan Khanh
VN-31,Thái Nguyên,Thai Nguyen,VNA25-DBE9880CA8,,Tân Kỳ,Tan Ky
VN-31,Thái Nguyên,Thai Nguyen,VNA25-E9C718C429,,Tân Thành,Tan Thanh
VN-31,Thái Nguyên,Thai Nguyen,VNA25-69749ED759,,Thần Sa,Than Sa
VN-31,Thái Nguyên,Thai Nguyen,VNA25-A9C6980DFC,,Thành Công,Thanh Cong
VN-31,Thái Nguyên,Thai Nguyen,VNA25-ACED4D5E1D,,Thanh Mai,Thanh Mai
VN-31,Thái Nguyên,Thai Nguyen,VNA25-68EC79754D,,Thanh Thịnh,Thanh Thinh
VN-31,Thái Nguyên,Thai Nguyen,VNA25-B7C8279AB7,,Thượng Minh,Thuong Minh
VN-31,Thái Nguyên,Thai Nguyen,VNA25-FF2295844E,,Thượng Quan,Thuong Quan
VN-31,Thái Nguyên,Thai Nguyen,VNA25-683619BBFB,,Tích Lương,Tich Luong
VN-31,Thái Nguyên,Thai Nguyen,VNA25-7578C4C38F,,Trại Cau,Trai Cau
VN-31,Thái Nguyên,Thai Nguyen,VNA25-C402502A60,,Trần Phú,Tran Phu
VN-31,Thái Nguyên,Thai Nguyen,VNA25-BE74401886,,Tràng Xá,Trang Xa
VN-31,Thái Nguyên,Thai Nguyen,VNA25-2B85A4BE13,,Trung Hội,Trung Hoi
VN-31,Thái Nguyên,Thai Nguyen,VNA25-A43D28903F,,Trung Thành,Trung Thanh
VN-31,Thái Nguyên,Thai Nguyen,VNA25-37762F906F,,Văn Hán,Van Han
VN-31,Thái Nguyên,Thai Nguyen,VNA25-3F78EDC91C,,Văn Lang,Van Lang
VN-31,Thái Nguyên,Thai Nguyen,VNA25-A04D53564F,,Văn Lăng,Van Lang
VN-31,Thái Nguyên,Thai Nguyen,VNA25-9EA2DE2E95,,Vạn Phú,Van Phu
VN-31,Thái Nguyên,Thai Nguyen,VNA25-6DD1EB0269,,Vạn Xuân,Van Xuan
VN-31,Thái Nguyên,Thai Nguyen,VNA25-0C4D51F7F5,,Vĩnh Thông,Vinh Thong
VN-31,Thái Nguyên,Thai Nguyen,VNA25-CFB17A6B5F,,Võ Nhai,Vo Nhai
VN-31,Thái Nguyên,Thai Nguyen,VNA25-2F106FA1A6,,Vô Tranh,Vo Tranh
VN-31,Thái Nguyên,Thai Nguyen,VNA25-73E1E67AA5,,Xuân Dương,Xuan Duong
VN-31,Thái Nguyên,Thai Nguyen,VNA25-E47FA1276D,,Yên Bình,Yen Binh
VN-31,Thái Nguyên,Thai Nguyen,VNA25-B19A7BA073,,Yên Phong,Yen Phong
VN-31,Thái Nguyên,Thai Nguyen,VNA25-BD7DFEEA11,,Yên Thịnh,Yen Thinh
VN-31,Thái Nguyên,Thai Nguyen,VNA25-B428FA3DDF,,Yên Trạch,Yen Trach
VN-32,Thanh Hóa,Thanh Hoa,VNA25-0C8E90B9BC,,An Nông,An Nong
VN-32,Thanh Hóa,Thanh Hoa,VNA25-F5B64DDF4A,,Ba Đình,Ba Dinh
VN-32,Thanh Hóa,Thanh Hoa,VNA25-013B97AC8B,,Bá Thước,Ba Thuoc
VN-32,Thanh Hóa,Thanh Hoa,VNA25-09BE0B0570,,Bát Mọt,Bat Mot
VN-32,Thanh Hóa,Thanh Hoa,VNA25-69D743AAB7,,Biện Thượng,Bien Thuong
VN-32,Thanh Hóa,Thanh Hoa,VNA25-3F7965BFF7,,Bỉm Sơn,Bim Son
VN-32,Thanh Hóa,Thanh Hoa,VNA25-421D864DB7,,Các Sơn,Cac Son
VN-32,Thanh Hóa,Thanh Hoa,VNA25-874C1FC1B3,,Cẩm Tân,Cam Tan
VN-32,Thanh Hóa,Thanh Hoa,VNA25-AD07AB884A,,Cẩm Thạch,Cam Thach
VN-32,Thanh Hóa,Thanh Hoa,VNA25-25038213AA,,Cẩm Thủy,Cam Thuy
VN-32,Thanh Hóa,Thanh Hoa,VNA25-F12CD37DE6,,Cẩm Tú,Cam Tu
VN-32,Thanh Hóa,Thanh Hoa,VNA25-C348611F60,,Cẩm Vân,Cam Van
VN-32,Thanh Hóa,Thanh Hoa,VNA25-3B38A25990,,Cổ Lũng,Co Lung
VN-32,Thanh Hóa,Thanh Hoa,VNA25-C702706325,,Công Chính,Cong Chinh
VN-32,Thanh Hóa,Thanh Hoa,VNA25-9ADE42E276,,Đào Duy Từ,Dao Duy Tu
VN-32,Thanh Hóa,Thanh Hoa,VNA25-167DED5ACB,,Điền Lư,Dien Lu
VN-32,Thanh Hóa,Thanh Hoa,VNA25-2D7085083D,,Điền Quang,Dien Quang
VN-32,Thanh Hóa,Thanh Hoa,VNA25-643627E7B3,,Định Hoà,Dinh Hoa
VN-32,Thanh Hóa,Thanh Hoa,VNA25-380693325B,,Định Tân,Dinh Tan
VN-32,Thanh Hóa,Thanh Hoa,VNA25-89C6248131,,Đồng Lương,Dong Luong
VN-32,Thanh Hóa,Thanh Hoa,VNA25-50446848B2,,Đông Quang,Dong Quang
VN-32,Thanh Hóa,Thanh Hoa,VNA25-9987A002DD,,Đông Sơn,Dong Son
VN-32,Thanh Hóa,Thanh Hoa,VNA25-0FBC01BC6F,,Đông Thành,Dong Thanh
VN-32,Thanh Hóa,Thanh Hoa,VNA25-3B16B0E23D,,Đông Tiến,Dong Tien
VN-32,Thanh Hóa,Thanh Hoa,VNA25-F0630592EF,,Đồng Tiến,Dong Tien
VN-32,Thanh Hóa,Thanh Hoa,VNA25-095D678236,,Giao An,Giao An
VN-32,Thanh Hóa,Thanh Hoa,VNA25-9CAC956BBB,,Hà Long,Ha Long
VN-32,Thanh Hóa,Thanh Hoa,VNA25-3946D007B2,,Hà Trung,Ha Trung
VN-32,Thanh Hóa,Thanh Hoa,VNA25-10D167037D,,Hạc Thành,Hac Thanh
VN-32,Thanh Hóa,Thanh Hoa,VNA25-151089C96B,,Hải Bình,Hai Binh
VN-32,Thanh Hóa,Thanh Hoa,VNA25-86FAD23EC3,,Hải Lĩnh,Hai Linh
VN-32,Thanh Hóa,Thanh Hoa,VNA25-31AFA835E8,,Hàm Rồng,Ham Rong
VN-32,Thanh Hóa,Thanh Hoa,VNA25-9BBE031146,,Hậu Lộc,Hau Loc
VN-32,Thanh Hóa,Thanh Hoa,VNA25-32CEAC8CBB,,Hiền Kiệt,Hien Kiet
VN-32,Thanh Hóa,Thanh Hoa,VNA25-0B8D10C7A3,,Hồ Vương,Ho Vuong
VN-32,Thanh Hóa,Thanh Hoa,VNA25-488AC9D1BB,,Hoa Lộc,Hoa Loc
VN-32,Thanh Hóa,Thanh Hoa,VNA25-3A80278FB1,,Hóa Quỳ,Hoa Quy
VN-32,Thanh Hóa,Thanh Hoa,VNA25-80813C6592,,Hoằng Châu,Hoang Chau
VN-32,Thanh Hóa,Thanh Hoa,VNA25-09281A7DE5,,Hoằng Giang,Hoang Giang
VN-32,Thanh Hóa,Thanh Hoa,VNA25-17BB0D0916,,Hoằng Hóa,Hoang Hoa
VN-32,Thanh Hóa,Thanh Hoa,VNA25-7ED36B2CA6,,Hoằng Lộc,Hoang Loc
VN-32,Thanh Hóa,Thanh Hoa,VNA25-05125EA8B2,,Hoằng Phú,Hoang Phu
VN-32,Thanh Hóa,Thanh Hoa,VNA25-7E22FD9D7F,,Hoằng Sơn,Hoang Son
VN-32,Thanh Hóa,Thanh Hoa,VNA25-8A5A401DAB,,Hoằng Thanh,Hoang Thanh
VN-32,Thanh Hóa,Thanh Hoa,VNA25-A8A21750F7,,Hoằng Tiến,Hoang Tien
VN-32,Thanh Hóa,Thanh Hoa,VNA25-E9DB8ABE56,,Hoạt Giang,Hoat Giang
VN-32,Thanh Hóa,Thanh Hoa,VNA25-B2D08D248F,,Hồi Xuân,Hoi Xuan
VN-32,Thanh Hóa,Thanh Hoa,VNA25-1C4960686A,,Hợp Tiến,Hop Tien
VN-32,Thanh Hóa,Thanh Hoa,VNA25-8729DC014F,,Kiên Thọ,Kien Tho
VN-32,Thanh Hóa,Thanh Hoa,VNA25-5CA62CAFAB,,Kim Tân,Kim Tan
VN-32,Thanh Hóa,Thanh Hoa,VNA25-7F6D1F8FAB,,Lam Sơn,Lam Son
VN-32,Thanh Hóa,Thanh Hoa,VNA25-88648680CB,,Linh Sơn,Linh Son
VN-32,Thanh Hóa,Thanh Hoa,VNA25-33A4943AB8,,Lĩnh Toại,Linh Toai
VN-32,Thanh Hóa,Thanh Hoa,VNA25-D5A30B27AE,,Luận Thành,Luan Thanh
VN-32,Thanh Hóa,Thanh Hoa,VNA25-BDF70FC4F8,,Lương Sơn,Luong Son
VN-32,Thanh Hóa,Thanh Hoa,VNA25-E6D4E6A6B2,,Lưu Vệ,Liu Wei
VN-32,Thanh Hóa,Thanh Hoa,VNA25-E34E0BC6E3,,Mậu Lâm,Mau Lam
VN-32,Thanh Hóa,Thanh Hoa,VNA25-5FA760A2A8,,Minh Sơn,Minh Son
VN-32,Thanh Hóa,Thanh Hoa,VNA25-EC6CCCC60F,,Mường Chanh,Muong Chanh
VN-32,Thanh Hóa,Thanh Hoa,VNA25-71DE349315,,Mường Lát,Muong Lat
VN-32,Thanh Hóa,Thanh Hoa,VNA25-B335FCD11C,,Mường Lý,Muong Ly
VN-32,Thanh Hóa,Thanh Hoa,VNA25-6F3CBFEBEB,,Mường Mìn,Muong Min
VN-32,Thanh Hóa,Thanh Hoa,VNA25-301DC4C09D,,Na Mèo,Na Meo
VN-32,Thanh Hóa,Thanh Hoa,VNA25-EAE7C7748C,,Nam Sầm Sơn,Nam Sam Son
VN-32,Thanh Hóa,Thanh Hoa,VNA25-994979E104,,Nam Xuân,Nam Xuan
VN-32,Thanh Hóa,Thanh Hoa,VNA25-34B4995F68,,Nga An,Nga An
VN-32,Thanh Hóa,Thanh Hoa,VNA25-C2967A20C3,,Nga Sơn,Nga Son
VN-32,Thanh Hóa,Thanh Hoa,VNA25-71592760B6,,Nga Thắng,Nga Thang
VN-32,Thanh Hóa,Thanh Hoa,VNA25-74A1CB4F1E,,Nghi Sơn,Nghi Son
VN-32,Thanh Hóa,Thanh Hoa,VNA25-E3759AEEFD,,Ngọc Lặc,Ngoc Lac
VN-32,Thanh Hóa,Thanh Hoa,VNA25-918FDFF7F5,,Ngọc Liên,Ngoc Lien
VN-32,Thanh Hóa,Thanh Hoa,VNA25-3F36E7BFD8,,Ngọc Sơn,Ngoc Son
VN-32,Thanh Hóa,Thanh Hoa,VNA25-2F3E144BFC,,Ngọc Trạo,Ngoc Trao
VN-32,Thanh Hóa,Thanh Hoa,VNA25-A5E16AAB7B,,Nguyệt Ấn,Nguyet An
VN-32,Thanh Hóa,Thanh Hoa,VNA25-916C48A0F3,,Nguyệt Viên,Nguyet Vien
VN-32,Thanh Hóa,Thanh Hoa,VNA25-A30119E1E6,,Nhi Sơn,Nhi Son
VN-32,Thanh Hóa,Thanh Hoa,VNA25-E7DB3EA768,,Như Thanh,Nhu Thanh
VN-32,Thanh Hóa,Thanh Hoa,VNA25-B367C4F5DC,,Như Xuân,Nhu Xuan
VN-32,Thanh Hóa,Thanh Hoa,VNA25-3FAA5FBB1F,,Nông Cống,Nong Cong
VN-32,Thanh Hóa,Thanh Hoa,VNA25-238FFB723F,,Phú Lệ,Phu Le
VN-32,Thanh Hóa,Thanh Hoa,VNA25-DF92108751,,Phú Xuân,Phu Xuan
VN-32,Thanh Hóa,Thanh Hoa,VNA25-F72ACAF657,,Pù Luông,Pu Luong
VN-32,Thanh Hóa,Thanh Hoa,VNA25-DA7D7A67B0,,Pù Nhi,Pu Nhi
VN-32,Thanh Hóa,Thanh Hoa,VNA25-01A2EBE01D,,Quan Sơn,Quan Son
VN-32,Thanh Hóa,Thanh Hoa,VNA25-3966DDC77C,,Quảng Bình,Quang Binh
VN-32,Thanh Hóa,Thanh Hoa,VNA25-400509AB03,,Quang Chiểu,Quang Chieu
VN-32,Thanh Hóa,Thanh Hoa,VNA25-B8DC0D6D88,,Quảng Chính,Quang Chinh
VN-32,Thanh Hóa,Thanh Hoa,VNA25-CBD81D5319,,Quảng Ngọc,Quang Ngoc
VN-32,Thanh Hóa,Thanh Hoa,VNA25-262455B4AE,,Quảng Ninh,Quang Ninh
VN-32,Thanh Hóa,Thanh Hoa,VNA25-723B65A2F8,,Quảng Phú,Quang Phu
VN-32,Thanh Hóa,Thanh Hoa,VNA25-9C4AEE04B6,,Quang Trung,Quang Trung
VN-32,Thanh Hóa,Thanh Hoa,VNA25-63E1AE3F82,,Quảng Yên,Quang Yen
VN-32,Thanh Hóa,Thanh Hoa,VNA25-9C79B271A1,,Quý Lộc,Quy Loc
VN-32,Thanh Hóa,Thanh Hoa,VNA25-BD176091AB,,Quý Lương,Quy Luong
VN-32,Thanh Hóa,Thanh Hoa,VNA25-FDA9DC53FC,,Sầm Sơn,Sam Son
VN-32,Thanh Hóa,Thanh Hoa,VNA25-0FAABAF5DA,,Sao Vàng,Sao Vang
VN-32,Thanh Hóa,Thanh Hoa,VNA25-6493FF5900,,Sơn Điện,Son Dien
VN-32,Thanh Hóa,Thanh Hoa,VNA25-9B8488AEA5,,Sơn Thủy,Son Thuy
VN-32,Thanh Hóa,Thanh Hoa,VNA25-1321C20D00,,Tam chung,Tam Chung
VN-32,Thanh Hóa,Thanh Hoa,VNA25-8F3AE12486,,Tam Lư,Tam Lu
VN-32,Thanh Hóa,Thanh Hoa,VNA25-FD15241C98,,Tam Thanh,Tam Thanh
VN-32,Thanh Hóa,Thanh Hoa,VNA25-8BB033E9C3,,Tân Dân,Tan Dan
VN-32,Thanh Hóa,Thanh Hoa,VNA25-590F1F2258,,Tân Ninh,Tan Ninh
VN-32,Thanh Hóa,Thanh Hoa,VNA25-7EC8322C25,,Tân Thành,Tan Thanh
VN-32,Thanh Hóa,Thanh Hoa,VNA25-2742659E11,,Tân Tiến,Tan Tien
VN-32,Thanh Hóa,Thanh Hoa,VNA25-FD716C73CF,,Tây Đô,Tay Do
VN-32,Thanh Hóa,Thanh Hoa,VNA25-C11DF82779,,Thạch Bình,Thach Binh
VN-32,Thanh Hóa,Thanh Hoa,VNA25-F748FB7B84,,Thạch Lập,Thach Lap
VN-32,Thanh Hóa,Thanh Hoa,VNA25-999691EEFA,,Thạch Quảng,Thach Quang
VN-32,Thanh Hóa,Thanh Hoa,VNA25-4332FBEF6C,,Thăng Bình,Thang Binh
VN-32,Thanh Hóa,Thanh Hoa,VNA25-EA9DF72B7A,,Thắng Lộc,Thang Loc
VN-32,Thanh Hóa,Thanh Hoa,VNA25-C6C00EC799,,Thắng Lợi,Thang Loi
VN-32,Thanh Hóa,Thanh Hoa,VNA25-D3102D71C3,,Thanh Kỳ,Thanh Ky
VN-32,Thanh Hóa,Thanh Hoa,VNA25-B8780D395C,,Thanh Phong,Thanh Phong
VN-32,Thanh Hóa,Thanh Hoa,VNA25-EED0B62460,,Thanh Quân,Thanh Quan
VN-32,Thanh Hóa,Thanh Hoa,VNA25-35CC50154D,,Thành Vinh,Thanh Vinh
VN-32,Thanh Hóa,Thanh Hoa,VNA25-C71C606DE0,,Thiên Phủ,Thien Phu
VN-32,Thanh Hóa,Thanh Hoa,VNA25-B2507A3C74,,Thiết Ống,Thiet Ong
VN-32,Thanh Hóa,Thanh Hoa,VNA25-5DDF649693,,Thiệu Hóa,Thieu Hoa
VN-32,Thanh Hóa,Thanh Hoa,VNA25-48D739B677,,Thiệu Quang,Thieu Quang
VN-32,Thanh Hóa,Thanh Hoa,VNA25-1797364BF0,,Thiệu Tiến,Thieu Tien
VN-32,Thanh Hóa,Thanh Hoa,VNA25-786057C567,,Thiệu Toán,Thieu Toan
VN-32,Thanh Hóa,Thanh Hoa,VNA25-99B483155A,,Thiệu Trung,Thieu Trung
VN-32,Thanh Hóa,Thanh Hoa,VNA25-69D47BDDA8,,Thọ Bình,Tho Binh
VN-32,Thanh Hóa,Thanh Hoa,VNA25-1FCF1442FF,,Thọ Lập,Tho Lap
VN-32,Thanh Hóa,Thanh Hoa,VNA25-BC8CA6F21C,,Thọ Long,Tho Long
VN-32,Thanh Hóa,Thanh Hoa,VNA25-DACCF95419,,Thọ Ngọc,Tho Ngoc
VN-32,Thanh Hóa,Thanh Hoa,VNA25-2652F71511,,Thọ Phú,Tho Phu
VN-32,Thanh Hóa,Thanh Hoa,VNA25-1B1D9EB971,,Thọ Xuân,Tho Xuan
VN-32,Thanh Hóa,Thanh Hoa,VNA25-9F11D776A3,,Thượng Ninh,Thuong Ninh
VN-32,Thanh Hóa,Thanh Hoa,VNA25-A39B95D31E,,Thường Xuân,Thuong Xuan
VN-32,Thanh Hóa,Thanh Hoa,VNA25-6FDB41DEB3,,Tiên Trang,Tien Trang
VN-32,Thanh Hóa,Thanh Hoa,VNA25-BFCFFBB5A9,,Tĩnh Gia,Tinh Gia
VN-32,Thanh Hóa,Thanh Hoa,VNA25-E5F47F4B57,,Tống Sơn,Tong Son
VN-32,Thanh Hóa,Thanh Hoa,VNA25-10B39D6E7A,,Triệu Lộc,Trieu Loc
VN-32,Thanh Hóa,Thanh Hoa,VNA25-4BD6C94E28,,Triệu Sơn,Trieu Son
VN-32,Thanh Hóa,Thanh Hoa,VNA25-1126852D34,,Trúc Lâm,Truc Lam
VN-32,Thanh Hóa,Thanh Hoa,VNA25-685E6D1858,,Trung Chính,Trung Chinh
VN-32,Thanh Hóa,Thanh Hoa,VNA25-C86FD4EF07,,Trung Hạ,Trung Ha
VN-32,Thanh Hóa,Thanh Hoa,VNA25-6F47BE39A5,,Trung Lý,Trung Ly
VN-32,Thanh Hóa,Thanh Hoa,VNA25-3A62AF6E1D,,Trung Sơn,Trung Son
VN-32,Thanh Hóa,Thanh Hoa,VNA25-D1C20E1CFB,,Trung Thành,Trung Thanh
VN-32,Thanh Hóa,Thanh Hoa,VNA25-E0630C8C75,,Trường Lâm,Truong Lam
VN-32,Thanh Hóa,Thanh Hoa,VNA25-99CBD8E523,,Trường Văn,Truong Van
VN-32,Thanh Hóa,Thanh Hoa,VNA25-67AD10EC70,,Tượng Lĩnh,Tuong Linh
VN-32,Thanh Hóa,Thanh Hoa,VNA25-F6BD7E5869,,Vân Du,Van Du
VN-32,Thanh Hóa,Thanh Hoa,VNA25-1D3305CCD8,,Vạn Lộc,Van Loc
VN-32,Thanh Hóa,Thanh Hoa,VNA25-956F7D5C21,,Văn Nho,Van Nho
VN-32,Thanh Hóa,Thanh Hoa,VNA25-496FF3CE50,,Văn Phú,Van Phu
VN-32,Thanh Hóa,Thanh Hoa,VNA25-CBF5A4D6D4,,Vạn Xuân,Van Xuan
VN-32,Thanh Hóa,Thanh Hoa,VNA25-A72F4A4317,,Vĩnh Lộc,Vinh Loc
VN-32,Thanh Hóa,Thanh Hoa,VNA25-A723747586,,Xuân Bình,Xuan Binh
VN-32,Thanh Hóa,Thanh Hoa,VNA25-CBCA76C423,,Xuân Chinh,Xuan Chinh
VN-32,Thanh Hóa,Thanh Hoa,VNA25-CF8F1E1AD7,,Xuân Du,Xuan Du
VN-32,Thanh Hóa,Thanh Hoa,VNA25-BDCFA5C2F7,,Xuân Hoà,Xuan Hoa
VN-32,Thanh Hóa,Thanh Hoa,VNA25-C98043C8E8,,Xuân Lập,Xuan Lap
VN-32,Thanh Hóa,Thanh Hoa,VNA25-373393CB72,,Xuân Thái,Xuan Thai
VN-32,Thanh Hóa,Thanh Hoa,VNA25-55C1A76EEE,,Xuân Tín,Xuan Tin
VN-32,Thanh Hóa,Thanh Hoa,VNA25-77A52322A1,,Yên Định,Yen Dinh
VN-32,Thanh Hóa,Thanh Hoa,VNA25-0482BA5169,,Yên Khương,Yen Khuong
VN-32,Thanh Hóa,Thanh Hoa,VNA25-C6CD365CD6,,Yên Nhân,Yen Nhan
VN-32,Thanh Hóa,Thanh Hoa,VNA25-954C1589BF,,Yên Ninh,Yen Ninh
VN-32,Thanh Hóa,Thanh Hoa,VNA25-0A54C6E4B1,,Yên Phú,Yen Phu
VN-32,Thanh Hóa,Thanh Hoa,VNA25-502E218660,,Yên Thắng,Yen Thang
VN-32,Thanh Hóa,Thanh Hoa,VNA25-90DB3B6297,,Yên Thọ,Yen Tho
VN-32,Thanh Hóa,Thanh Hoa,VNA25-E8F3ACD566,,Yên Trường,Yen Truong
VN-33,Tuyên Quang,Tuyen Quang,VNA25-7A06448E62,,An Tường,An Tuong
VN-33,Tuyên Quang,Tuyen Quang,VNA25-AD3E3C88E7,,Bắc Mê,Bac Me
VN-33,Tuyên Quang,Tuyen Quang,VNA25-520D9C4A9F,,Bắc Quang,Bac Quang
VN-33,Tuyên Quang,Tuyen Quang,VNA25-F37540A6F1,,Bạch Đích,Bach Dich
VN-33,Tuyên Quang,Tuyen Quang,VNA25-FDE5CF3100,,Bạch Ngọc,Bach Ngoc
VN-33,Tuyên Quang,Tuyen Quang,VNA25-BC2DC55085,,Bạch Xa,Bach Xa
VN-33,Tuyên Quang,Tuyen Quang,VNA25-410C4F33E1,,Bản Máy,Ban May
VN-33,Tuyên Quang,Tuyen Quang,VNA25-022B4CC81C,,Bằng Hành,Bang Hanh
VN-33,Tuyên Quang,Tuyen Quang,VNA25-FF9BB74172,,Bằng Lang,Bang Lang
VN-33,Tuyên Quang,Tuyen Quang,VNA25-4F3BEE900D,,Bình An,Binh An
VN-33,Tuyên Quang,Tuyen Quang,VNA25-33C084AEBA,,Bình Ca,Binh Ca
VN-33,Tuyên Quang,Tuyen Quang,VNA25-2E871A4CF7,,Bình Thuận,Binh Thuan
VN-33,Tuyên Quang,Tuyen Quang,VNA25-39FB7A09F5,,Bình Xa,Binh Xa
VN-33,Tuyên Quang,Tuyen Quang,VNA25-08482BCF1A,,Cán Tỷ,Can Ty
VN-33,Tuyên Quang,Tuyen Quang,VNA25-93A5093EAD,,Cao Bồ,Cao Bo
VN-33,Tuyên Quang,Tuyen Quang,VNA25-5A31AB26E3,,Chiêm Hoá,Chiem Hoa
VN-33,Tuyên Quang,Tuyen Quang,VNA25-20B789AA3C,,Côn Lôn,Con Lon
VN-33,Tuyên Quang,Tuyen Quang,VNA25-656F3CB9BF,,Đồng Tâm,Dong Tam
VN-33,Tuyên Quang,Tuyen Quang,VNA25-090A0AE55D,,Đông Thọ,Dong Tho
VN-33,Tuyên Quang,Tuyen Quang,VNA25-9320B31600,,Đồng Văn,Dong Van
VN-33,Tuyên Quang,Tuyen Quang,VNA25-4BD1F36F8E,,Đồng Yên,Dong Yen
VN-33,Tuyên Quang,Tuyen Quang,VNA25-660B81F2E2,,Du Già,Du Gia
VN-33,Tuyên Quang,Tuyen Quang,VNA25-4B341AD8A7,,Đường Hồng,Duong Hong
VN-33,Tuyên Quang,Tuyen Quang,VNA25-FC54F19BF2,,Đường Thượng,Duong Thuong
VN-33,Tuyên Quang,Tuyen Quang,VNA25-17515211AE,,Giáp Trung,Giap Trung
VN-33,Tuyên Quang,Tuyen Quang,VNA25-02514184BF,,Hà Giang 1,Ha Giang 1
VN-33,Tuyên Quang,Tuyen Quang,VNA25-3EAAED4E77,,Hà Giang 2,Ha Giang 2
VN-33,Tuyên Quang,Tuyen Quang,VNA25-0C24F5E574,,Hàm Yên,Ham Yen
VN-33,Tuyên Quang,Tuyen Quang,VNA25-72AD6E553B,,Hồ Thầu,Ho Thau
VN-33,Tuyên Quang,Tuyen Quang,VNA25-FF073D0826,,Hoà An,Hoa An
VN-33,Tuyên Quang,Tuyen Quang,VNA25-F096F9E874,,Hoàng Su Phì,Hoang Su Phi
VN-33,Tuyên Quang,Tuyen Quang,VNA25-133075DB5A,,Hồng Sơn,Hong Son
VN-33,Tuyên Quang,Tuyen Quang,VNA25-5AC82D0986,,Hồng Thái,Hong Thai
VN-33,Tuyên Quang,Tuyen Quang,VNA25-09878883B0,,Hùng An,Hung An
VN-33,Tuyên Quang,Tuyen Quang,VNA25-C5BDEA3ADE,,Hùng Đức,Hung Duc
VN-33,Tuyên Quang,Tuyen Quang,VNA25-AFD2B6CC89,,Hùng Lợi,Hung Loi
VN-33,Tuyên Quang,Tuyen Quang,VNA25-D28FB2BF22,,Khâu Vai,Khau Vai
VN-33,Tuyên Quang,Tuyen Quang,VNA25-5400BE1E22,,Khuôn Lùng,Khuon Lung
VN-33,Tuyên Quang,Tuyen Quang,VNA25-336BA23073,,Kiên Đài,Kien Dai
VN-33,Tuyên Quang,Tuyen Quang,VNA25-DBE912F3E1,,Kiến Thiết,Kien Thiet
VN-33,Tuyên Quang,Tuyen Quang,VNA25-C83C547589,,Kim Bình,Kim Binh
VN-33,Tuyên Quang,Tuyen Quang,VNA25-C1C7A078DD,,Lâm Bình,Lam Binh
VN-33,Tuyên Quang,Tuyen Quang,VNA25-2C5231DF72,,Lao Chải,Lao Chai
VN-33,Tuyên Quang,Tuyen Quang,VNA25-9488D05075,,Liên Hiệp,Lien Hiep
VN-33,Tuyên Quang,Tuyen Quang,VNA25-2D24F4CEBC,,Linh Hồ,Linh Ho
VN-33,Tuyên Quang,Tuyen Quang,VNA25-A7E1032A2B,,Lực Hành,Luc Hanh
VN-33,Tuyên Quang,Tuyen Quang,VNA25-3F579D9C5A,,Lũng Cú,Lung Cu
VN-33,Tuyên Quang,Tuyen Quang,VNA25-56CEC64859,,Lũng Phìn,Lung Phin
VN-33,Tuyên Quang,Tuyen Quang,VNA25-ED41E3D265,,Lùng Tám,Lung Tam
VN-33,Tuyên Quang,Tuyen Quang,VNA25-5C5FE1353C,,Mậu Duệ,Mau Due
VN-33,Tuyên Quang,Tuyen Quang,VNA25-7D39E29B5F,,Mèo Vạc,Meo Vac
VN-33,Tuyên Quang,Tuyen Quang,VNA25-EC0402A522,,Minh Ngọc,Minh Ngoc
VN-33,Tuyên Quang,Tuyen Quang,VNA25-29511B8097,,Minh Quang,Minh Quang
VN-33,Tuyên Quang,Tuyen Quang,VNA25-98D0C23650,,Minh Sơn,Minh Son
VN-33,Tuyên Quang,Tuyen Quang,VNA25-39C87D7F22,,Minh Tân,Minh Tan
VN-33,Tuyên Quang,Tuyen Quang,VNA25-1E7E4C2A88,,Minh Thanh,Minh Thanh
VN-33,Tuyên Quang,Tuyen Quang,VNA25-1685354B74,,Minh Xuân,Minh Xuan
VN-33,Tuyên Quang,Tuyen Quang,VNA25-CECA8D6534,,Mỹ Lâm,My Lam
VN-33,Tuyên Quang,Tuyen Quang,VNA25-49C15C410D,,Nà Hang,Na Hang
VN-33,Tuyên Quang,Tuyen Quang,VNA25-7155956E44,,Nấm Dẩn,Nam Dan
VN-33,Tuyên Quang,Tuyen Quang,VNA25-CCF68D45C8,,Nậm Dịch,Nam Dich
VN-33,Tuyên Quang,Tuyen Quang,VNA25-BCE196BC66,,Nghĩa Thuận,Nghia Thuan
VN-33,Tuyên Quang,Tuyen Quang,VNA25-2E13E9A9B7,,Ngọc Đường,Ngoc Duong
VN-33,Tuyên Quang,Tuyen Quang,VNA25-846B747F7F,,Ngọc Long,Ngoc Long
VN-33,Tuyên Quang,Tuyen Quang,VNA25-149BE6937A,,Nhữ Khê,Nhu Khe
VN-33,Tuyên Quang,Tuyen Quang,VNA25-17B769CB7C,,Niêm Sơn,Niem Son
VN-33,Tuyên Quang,Tuyen Quang,VNA25-6F3D1421C1,,Nông Tiến,Nong Tien
VN-33,Tuyên Quang,Tuyen Quang,VNA25-AAF1958189,,Pà Vầy Sủ,Pa Vay Su
VN-33,Tuyên Quang,Tuyen Quang,VNA25-0C4C9FACE7,,Phố Bảng,Pho Bang
VN-33,Tuyên Quang,Tuyen Quang,VNA25-F2C814E03D,,Phú Linh,Phu Linh
VN-33,Tuyên Quang,Tuyen Quang,VNA25-2D0956D3ED,,Phú Lương,Phu Luong
VN-33,Tuyên Quang,Tuyen Quang,VNA25-C94AB9C08F,,Phù Lưu,Phu Luu
VN-33,Tuyên Quang,Tuyen Quang,VNA25-BFDE532662,,Pờ Ly Ngài,Po Ly Ngai
VN-33,Tuyên Quang,Tuyen Quang,VNA25-5851E05850,,Quản Bạ,Quan Ba
VN-33,Tuyên Quang,Tuyen Quang,VNA25-21A6C7DF3F,,Quang Bình,Quang Binh
VN-33,Tuyên Quang,Tuyen Quang,VNA25-C90A1CCEDC,,Quảng Nguyên,Quang Nguyen
VN-33,Tuyên Quang,Tuyen Quang,VNA25-BDB0994F78,,Sà Phìn,Sa Phin
VN-33,Tuyên Quang,Tuyen Quang,VNA25-CC8E34E099,,Sơn Dương,Son Duong
VN-33,Tuyên Quang,Tuyen Quang,VNA25-999E6153C5,,Sơn Thuỷ,Son Thuy
VN-33,Tuyên Quang,Tuyen Quang,VNA25-A9648CB411,,Sơn Vĩ,Son Vi
VN-33,Tuyên Quang,Tuyen Quang,VNA25-D7C146640E,,Sủng Máng,Sung Mang
VN-33,Tuyên Quang,Tuyen Quang,VNA25-735B88ABD2,,Tân An,Tan An
VN-33,Tuyên Quang,Tuyen Quang,VNA25-853EE496F0,,Tân Long,Tan Long
VN-33,Tuyên Quang,Tuyen Quang,VNA25-ED13324A09,,Tân Mỹ,Tan My
VN-33,Tuyên Quang,Tuyen Quang,VNA25-33B527AA07,,Tân Quang,Tan Quang
VN-33,Tuyên Quang,Tuyen Quang,VNA25-5096752C18,,Tân Thanh,Tan Thanh
VN-33,Tuyên Quang,Tuyen Quang,VNA25-B832D9F17C,,Tân Tiến,Tan Tien
VN-33,Tuyên Quang,Tuyen Quang,VNA25-B5E336643F,,Tân Trào,Tan Trao
VN-33,Tuyên Quang,Tuyen Quang,VNA25-DE13F13D7E,,Tân Trịnh,Tan Trinh
VN-33,Tuyên Quang,Tuyen Quang,VNA25-AF017ED202,,Tát Ngà,Tat Nga
VN-33,Tuyên Quang,Tuyen Quang,VNA25-90AF02DA9E,,Thái Bình,Thai Binh
VN-33,Tuyên Quang,Tuyen Quang,VNA25-3AD85BF7FE,,Thái Hoà,Thai Hoa
VN-33,Tuyên Quang,Tuyen Quang,VNA25-DA279D2F22,,Thái Sơn,Thai Son
VN-33,Tuyên Quang,Tuyen Quang,VNA25-4E819E0571,,Thắng Mố,Thang Mo
VN-33,Tuyên Quang,Tuyen Quang,VNA25-7C937F8D36,,Thàng Tín,Thanh Tin
VN-33,Tuyên Quang,Tuyen Quang,VNA25-1172D3AD75,,Thanh Thuỷ,Thanh Thuy
VN-33,Tuyên Quang,Tuyen Quang,VNA25-6CCA953AF9,,Thông Nguyên,Thong Nguyen
VN-33,Tuyên Quang,Tuyen Quang,VNA25-3EF8732900,,Thuận Hoà,Thuan Hoa
VN-33,Tuyên Quang,Tuyen Quang,VNA25-00F88FD309,,Thượng Lâm,Thuong Lam
VN-33,Tuyên Quang,Tuyen Quang,VNA25-64718B9D6E,,Thượng Nông,Thuong Nong
VN-33,Tuyên Quang,Tuyen Quang,VNA25-8C6E74CA74,,Thượng Sơn,Thuong Son
VN-33,Tuyên Quang,Tuyen Quang,VNA25-F74EA581E3,,Tiên Nguyên,Tien Nguyen
VN-33,Tuyên Quang,Tuyen Quang,VNA25-67D182DFAE,,Tiên Yên,Tien Yen
VN-33,Tuyên Quang,Tuyen Quang,VNA25-094FEC8275,,Tri Phú,Tri Phu
VN-33,Tuyên Quang,Tuyen Quang,VNA25-B5028C46EE,,Trung Hà,Trung Ha
VN-33,Tuyên Quang,Tuyen Quang,VNA25-0E4B398EEB,,Trung Sơn,Trung Son
VN-33,Tuyên Quang,Tuyen Quang,VNA25-C5E937D171,,Trung Thịnh,Trung Thinh
VN-33,Tuyên Quang,Tuyen Quang,VNA25-8BFDF0368F,,Trường Sinh,Truong Sinh
VN-33,Tuyên Quang,Tuyen Quang,VNA25-E1E56CF670,,Tùng Bá,Tung Ba
VN-33,Tuyên Quang,Tuyen Quang,VNA25-B1AFB82909,,Tùng Vài,Tung Vai
VN-33,Tuyên Quang,Tuyen Quang,VNA25-5B7F877BBB,,Vị Xuyên,Vi Xuyen
VN-33,Tuyên Quang,Tuyen Quang,VNA25-914AAE6FC9,,Việt Lâm,Viet Lam
VN-33,Tuyên Quang,Tuyen Quang,VNA25-CA76E90CA4,,Vĩnh Tuy,Vinh Tuy
VN-33,Tuyên Quang,Tuyen Quang,VNA25-F3FEE1DA48,,Xín Mần,Xin Man
VN-33,Tuyên Quang,Tuyen Quang,VNA25-D827A1C174,,Xuân Giang,Xuan Giang
VN-33,Tuyên Quang,Tuyen Quang,VNA25-0AC144A3CE,,Xuân Vân,Xuan Van
VN-33,Tuyên Quang,Tuyen Quang,VNA25-CB8E4A20E4,,Yên Cường,Yen Cuong
VN-33,Tuyên Quang,Tuyen Quang,VNA25-B4A63AC399,,Yên Hoa,Yen Hoa
VN-33,Tuyên Quang,Tuyen Quang,VNA25-C68EB5FC19,,Yên Lập,Yen Lap
VN-33,Tuyên Quang,Tuyen Quang,VNA25-2F91D32181,,Yên Minh,Yen Minh
VN-33,Tuyên Quang,Tuyen Quang,VNA25-62D968DF88,,Yên Nguyên,Yen Nguyen
VN-33,Tuyên Quang,Tuyen Quang,VNA25-7AFA11A610,,Yên Phú,Yen Phu
VN-33,Tuyên Quang,Tuyen Quang,VNA25-8606740C83,,Yên Sơn,Yen Son
VN-33,Tuyên Quang,Tuyen Quang,VNA25-DCCF875B17,,Yên Thành,Yen Thanh
VN-34,Vĩnh Long,Vinh Long,VNA25-0189EB6FE4,,An Bình,An Binh
VN-34,Vĩnh Long,Vinh Long,VNA25-6C875872F3,,An Định,An Dinh
VN-34,Vĩnh Long,Vinh Long,VNA25-E4882584C1,,An Hiệp,An Hiep
VN-34,Vĩnh Long,Vinh Long,VNA25-69F2AA94CE,,An Hội,An Hoi
VN-34,Vĩnh Long,Vinh Long,VNA25-4B9ED0283D,,An Ngãi Trung,An Ngai Trung
VN-34,Vĩnh Long,Vinh Long,VNA25-755F5E6A52,,An Phú Tân,An Phu Tan
VN-34,Vĩnh Long,Vinh Long,VNA25-971D47C382,,An Qui,An Qui
VN-34,Vĩnh Long,Vinh Long,VNA25-3913325D93,,An Trường,An Truong
VN-34,Vĩnh Long,Vinh Long,VNA25-9C21E90B46,,Ba Tri,Ba Tri
VN-34,Vĩnh Long,Vinh Long,VNA25-5A8E2510FD,,Bảo Thạnh,Bao Thanh
VN-34,Vĩnh Long,Vinh Long,VNA25-D9BDEC7CA3,,Bến Tre,Ben Tre
VN-34,Vĩnh Long,Vinh Long,VNA25-734EDD0BE8,,Bình Đại,Binh Dai
VN-34,Vĩnh Long,Vinh Long,VNA25-9EEDB0D9CB,,Bình Minh,Binh Minh
VN-34,Vĩnh Long,Vinh Long,VNA25-F1CF9DD968,,Bình Phú,Binh Phu
VN-34,Vĩnh Long,Vinh Long,VNA25-3348A04C81,,Bình Phước,Binh Phuoc
VN-34,Vĩnh Long,Vinh Long,VNA25-AC624AAA27,,Cái Ngang,Cai Ngang
VN-34,Vĩnh Long,Vinh Long,VNA25-CC1B9A9166,,Cái Nhum,Cai Nhum
VN-34,Vĩnh Long,Vinh Long,VNA25-EC34838D1F,,Cái Vồn,Cai Von
VN-34,Vĩnh Long,Vinh Long,VNA25-F2F0A1507E,,Càng Long,Cang Long
VN-34,Vĩnh Long,Vinh Long,VNA25-4209680CBC,,Cầu Kè,Cau Ke
VN-34,Vĩnh Long,Vinh Long,VNA25-80D14AAB6F,,Cầu Ngang,Cau Ngang
VN-34,Vĩnh Long,Vinh Long,VNA25-D501F4EE06,,Châu Hòa,Chau Hoa
VN-34,Vĩnh Long,Vinh Long,VNA25-514CD91022,,Châu Hưng,Chau Hung
VN-34,Vĩnh Long,Vinh Long,VNA25-BB1CCF75F8,,Châu Thành,Chau Thanh
VN-34,Vĩnh Long,Vinh Long,VNA25-0DE104D6AB,,Chợ Lách,Cho Lach
VN-34,Vĩnh Long,Vinh Long,VNA25-3213715827,,Đại An,Dai An
VN-34,Vĩnh Long,Vinh Long,VNA25-3165CFA76F,,Đại Điền,Dai Dien
VN-34,Vĩnh Long,Vinh Long,VNA25-4AA113A5C8,,Đôn Châu,Don Chau
VN-34,Vĩnh Long,Vinh Long,VNA25-CC53EC4B5C,,Đông Hải,Dong Hai
VN-34,Vĩnh Long,Vinh Long,VNA25-29EBF0AD16,,Đồng Khởi,Dong Khoi
VN-34,Vĩnh Long,Vinh Long,VNA25-2E48D5F084,,Đông Thành,Dong Thanh
VN-34,Vĩnh Long,Vinh Long,VNA25-0A438B91D7,,Duyên Hải,Duyen Hai
VN-34,Vĩnh Long,Vinh Long,VNA25-B06485AE52,,Giao Long,Giao Long
VN-34,Vĩnh Long,Vinh Long,VNA25-22F2F6A5DA,,Giồng Trôm,Giong Trom
VN-34,Vĩnh Long,Vinh Long,VNA25-EE4D22A60E,,Hàm Giang,Ham Giang
VN-34,Vĩnh Long,Vinh Long,VNA25-CDFD54EB33,,Hiệp Mỹ,Hiep My
VN-34,Vĩnh Long,Vinh Long,VNA25-89D8E2C8C4,,Hiếu Phụng,Hieu Phung
VN-34,Vĩnh Long,Vinh Long,VNA25-3DE8CD0FBF,,Hiếu Thành,Hieu Thanh
VN-34,Vĩnh Long,Vinh Long,VNA25-646DACD743,,Hòa Bình,Hoa Binh
VN-34,Vĩnh Long,Vinh Long,VNA25-C8F90CB540,,Hòa Hiệp,Hoa Hiep
VN-34,Vĩnh Long,Vinh Long,VNA25-80328D8674,,Hòa Minh,Hoa Minh
VN-34,Vĩnh Long,Vinh Long,VNA25-73ADB5F21F,,Hòa Thuận,Hoa Thuan
VN-34,Vĩnh Long,Vinh Long,VNA25-6390721A88,,Hùng Hòa,Hung Hoa
VN-34,Vĩnh Long,Vinh Long,VNA25-4B906BF1D2,,Hưng Khánh Trung,Hung Khanh Trung
VN-34,Vĩnh Long,Vinh Long,VNA25-7DCA12A063,,Hưng Mỹ,Hung My
VN-34,Vĩnh Long,Vinh Long,VNA25-7A271D98A9,,Hưng Nhượng,Hung Nhuong
VN-34,Vĩnh Long,Vinh Long,VNA25-CA6A06D932,,Hương Mỹ,Huong My
VN-34,Vĩnh Long,Vinh Long,VNA25-E5B280E29E,,Lộc Thuận,Loc Thuan
VN-34,Vĩnh Long,Vinh Long,VNA25-40D6B29D76,,Long Châu,Long Chau
VN-34,Vĩnh Long,Vinh Long,VNA25-A2371CA2FB,,Long Đức,Long Duc
VN-34,Vĩnh Long,Vinh Long,VNA25-1987A3BF48,,Long Hiệp,Long Hiep
VN-34,Vĩnh Long,Vinh Long,VNA25-EF176FC7CD,,Long Hồ,Long Ho
VN-34,Vĩnh Long,Vinh Long,VNA25-DFC2019314,,Long Hòa,Long Hoa
VN-34,Vĩnh Long,Vinh Long,VNA25-2656E9C9B5,,Long Hữu,Long Huu
VN-34,Vĩnh Long,Vinh Long,VNA25-4D73CD780E,,Long Thành,Long Thanh
VN-34,Vĩnh Long,Vinh Long,VNA25-F2118484F0,,Long Vĩnh,Long Vinh
VN-34,Vĩnh Long,Vinh Long,VNA25-8467A47257,,Lục Sỹ Thành,Luc Sy Thanh
VN-34,Vĩnh Long,Vinh Long,VNA25-A54B351ADC,,Lương Hòa,Luong Hoa
VN-34,Vĩnh Long,Vinh Long,VNA25-C08F9EE28F,,Lương Phú,Luong Phu
VN-34,Vĩnh Long,Vinh Long,VNA25-0220B4BB16,,Lưu Nghiệp Anh,Liu Nghiep Anh
VN-34,Vĩnh Long,Vinh Long,VNA25-2A38CB6F8F,,Mỏ Cày,Mo Cay
VN-34,Vĩnh Long,Vinh Long,VNA25-99A3BC50A9,,Mỹ Chánh Hòa,My Chanh Hoa
VN-34,Vĩnh Long,Vinh Long,VNA25-CF2A4A0294,,Mỹ Long,My Long
VN-34,Vĩnh Long,Vinh Long,VNA25-F77F0268F5,,Mỹ Thuận,My Thuan
VN-34,Vĩnh Long,Vinh Long,VNA25-1CC6202D6A,,Ngãi Tứ,Ngai Tu
VN-34,Vĩnh Long,Vinh Long,VNA25-D0510894C7,,Ngũ Lạc,Ngu Lac
VN-34,Vĩnh Long,Vinh Long,VNA25-1DAC1E36F8,,Nguyệt Hóa,Nguyet Hoa
VN-34,Vĩnh Long,Vinh Long,VNA25-FB73DFAD72,,Nhị Long,Nhi Long
VN-34,Vĩnh Long,Vinh Long,VNA25-CBA4340177,,Nhị Trường,Nhi Truong
VN-34,Vĩnh Long,Vinh Long,VNA25-F41B3EBB23,,Nhơn Phú,Nhon Phu
VN-34,Vĩnh Long,Vinh Long,VNA25-EE3936AD43,,Nhuận Phú Tân,Nhuan Phu Tan
VN-34,Vĩnh Long,Vinh Long,VNA25-10AAE5AB7C,,Phong Thạnh,Phong Thanh
VN-34,Vĩnh Long,Vinh Long,VNA25-1751FCD42D,,Phú Khương,Phu Khuong
VN-34,Vĩnh Long,Vinh Long,VNA25-88E2DB8B7A,,Phú Phụng,Phu Phung
VN-34,Vĩnh Long,Vinh Long,VNA25-8807F077E1,,Phú Quới,Phu Quoi
VN-34,Vĩnh Long,Vinh Long,VNA25-CC72592E7B,,Phú Tân,Phu Tan
VN-34,Vĩnh Long,Vinh Long,VNA25-6E37008CC5,,Phú Thuận,Phu Thuan
VN-34,Vĩnh Long,Vinh Long,VNA25-3EF2113B07,,Phú Túc,Phu Tuc
VN-34,Vĩnh Long,Vinh Long,VNA25-B876C5255B,,Phước Hậu,Phuoc Hau
VN-34,Vĩnh Long,Vinh Long,VNA25-814B01E1E9,,Phước Long,Phuoc Long
VN-34,Vĩnh Long,Vinh Long,VNA25-6F8061E9C4,,Phước Mỹ Trung,Phuoc My Trung
VN-34,Vĩnh Long,Vinh Long,VNA25-EF6B8A48C0,,Quới An,Quoi An
VN-34,Vĩnh Long,Vinh Long,VNA25-A933BD837F,,Quới Điền,Quoi Dien
VN-34,Vĩnh Long,Vinh Long,VNA25-8A81CB87D5,,Quới Thiện,Quoi Thien
VN-34,Vĩnh Long,Vinh Long,VNA25-358B247CA3,,Sơn Đông,Son Dong
VN-34,Vĩnh Long,Vinh Long,VNA25-65D63F5802,,Song Lộc,Song Loc
VN-34,Vĩnh Long,Vinh Long,VNA25-8CB32A1B08,,Song Phú,Song Phu
VN-34,Vĩnh Long,Vinh Long,VNA25-B55214BA15,,Tam Bình,Tam Binh
VN-34,Vĩnh Long,Vinh Long,VNA25-DC7DCAB59D,,Tam Ngãi,Tam Ngai
VN-34,Vĩnh Long,Vinh Long,VNA25-4B28BBB7A1,,Tân An,Tan An
VN-34,Vĩnh Long,Vinh Long,VNA25-B8E5261A24,,Tân Hạnh,Tan Hanh
VN-34,Vĩnh Long,Vinh Long,VNA25-8B31080EE4,,Tân Hào,Tan Hao
VN-34,Vĩnh Long,Vinh Long,VNA25-EF2EEDFB6D,,Tân Hòa,Tan Hoa
VN-34,Vĩnh Long,Vinh Long,VNA25-8C294861E4,,Tân Long Hội,Tan Long Hoi
VN-34,Vĩnh Long,Vinh Long,VNA25-DDA876FC21,,Tân Lược,Tan Luoc
VN-34,Vĩnh Long,Vinh Long,VNA25-5985E0E02B,,Tân Ngãi,Tan Ngai
VN-34,Vĩnh Long,Vinh Long,VNA25-F638CD2DF9,,Tân Phú,Tan Phu
VN-34,Vĩnh Long,Vinh Long,VNA25-FEEECDD0DC,,Tân Quới,Tan Quoi
VN-34,Vĩnh Long,Vinh Long,VNA25-35A6432275,,Tân Thành Bình,Tan Thanh Binh
VN-34,Vĩnh Long,Vinh Long,VNA25-7CC60A5F5E,,Tân Thủy,Tan Thuy
VN-34,Vĩnh Long,Vinh Long,VNA25-A03D924650,,Tân Xuân,Tan Xuan
VN-34,Vĩnh Long,Vinh Long,VNA25-4D0AA96308,,Tập Ngãi,Tap Ngai
VN-34,Vĩnh Long,Vinh Long,VNA25-4846D55F8E,,Tập Sơn,Tap Son
VN-34,Vĩnh Long,Vinh Long,VNA25-524637F3B7,,Thanh Đức,Thanh Duc
VN-34,Vĩnh Long,Vinh Long,VNA25-CBCFFDA5DF,,Thạnh Hải,Thanh Hai
VN-34,Vĩnh Long,Vinh Long,VNA25-3AA8DC8010,,Thạnh Phong,Thanh Phong
VN-34,Vĩnh Long,Vinh Long,VNA25-A1D50DF098,,Thạnh Phú,Thanh Phu
VN-34,Vĩnh Long,Vinh Long,VNA25-49EB641375,,Thạnh Phước,Thanh Phuoc
VN-34,Vĩnh Long,Vinh Long,VNA25-5887CAF903,,Thành Thới,Thanh Thoi
VN-34,Vĩnh Long,Vinh Long,VNA25-8D87CFD1F5,,Thạnh Trị,Thanh Tri
VN-34,Vĩnh Long,Vinh Long,VNA25-D393706CBB,,Thới Thuận,Thoi Thuan
VN-34,Vĩnh Long,Vinh Long,VNA25-D7E4EAA1FE,,Tiên Thủy,Tien Thuy
VN-34,Vĩnh Long,Vinh Long,VNA25-88F27B7F18,,Tiểu Cần,Tieu Can
VN-34,Vĩnh Long,Vinh Long,VNA25-D7263ADA31,,Trà Côn,Tra Con
VN-34,Vĩnh Long,Vinh Long,VNA25-E624717484,,Trà Cú,Tra Cu
VN-34,Vĩnh Long,Vinh Long,VNA25-5E906F5A1F,,Trà Ôn,Tra On
VN-34,Vĩnh Long,Vinh Long,VNA25-733FF1185E,,Trà Vinh,Tra Vinh
VN-34,Vĩnh Long,Vinh Long,VNA25-27138C6417,,Trung Hiệp,Trung Hiep
VN-34,Vĩnh Long,Vinh Long,VNA25-2FE6972F76,,Trung Ngãi,Trung Ngai
VN-34,Vĩnh Long,Vinh Long,VNA25-4BF15849B2,,Trung Thành,Trung Thanh
VN-34,Vĩnh Long,Vinh Long,VNA25-98B27A2497,,Trường Long Hòa,Truong Long Hoa
VN-34,Vĩnh Long,Vinh Long,VNA25-E8510C1974,,Vinh Kim,Vinh Kim
VN-34,Vĩnh Long,Vinh Long,VNA25-88272DC11B,,Vĩnh Thành,Vinh Thanh
VN-34,Vĩnh Long,Vinh Long,VNA25-A939B09539,,Vĩnh Xuân,Vinh Xuan
