source_scheme,source_code,target_scheme,target_code,relation_type
VN_ADMIN_PRE_2025,VN-01,VN_ADMIN_2025,VN-01,MERGED_INTO
VN_ADMIN_PRE_2025,VN-02,VN_ADMIN_2025,VN-15,MERGED_INTO
VN_ADMIN_PRE_2025,VN-03,VN_ADMIN_2025,VN-02,MERGED_INTO
VN_ADMIN_PRE_2025,VN-04,VN_ADMIN_2025,VN-31,MERGED_INTO
VN_ADMIN_PRE_2025,VN-05,VN_ADMIN_2025,VN-03,MERGED_INTO
VN_ADMIN_PRE_2025,VN-06,VN_ADMIN_2025,VN-02,MERGED_INTO
VN_ADMIN_PRE_2025,VN-07,VN_ADMIN_2025,VN-34,MERGED_INTO
VN_ADMIN_PRE_2025,VN-08,VN_ADMIN_2025,VN-11,MERGED_INTO
VN_ADMIN_PRE_2025,VN-09,VN_ADMIN_2025,VN-15,MERGED_INTO
VN_ADMIN_PRE_2025,VN-10,VN_ADMIN_2025,VN-09,MERGED_INTO
VN_ADMIN_PRE_2025,VN-11,VN_ADMIN_2025,VN-20,MERGED_INTO
VN_ADMIN_PRE_2025,VN-12,VN_ADMIN_2025,VN-03,MERGED_INTO
VN_ADMIN_PRE_2025,VN-13,VN_ADMIN_2025,VN-04,MERGED_INTO
VN_ADMIN_PRE_2025,VN-14,VN_ADMIN_2025,VN-05,SAME_AS
VN_ADMIN_PRE_2025,VN-15,VN_ADMIN_2025,VN-06,MERGED_INTO
VN_ADMIN_PRE_2025,VN-16,VN_ADMIN_2025,VN-07,MERGED_INTO
VN_ADMIN_PRE_2025,VN-17,VN_ADMIN_2025,VN-20,MERGED_INTO
VN_ADMIN_PRE_2025,VN-18,VN_ADMIN_2025,VN-08,SAME_AS
VN_ADMIN_PRE_2025,VN-19,VN_ADMIN_2025,VN-09,MERGED_INTO
VN_ADMIN_PRE_2025,VN-20,VN_ADMIN_2025,VN-10,MERGED_INTO
VN_ADMIN_PRE_2025,VN-21,VN_ADMIN_2025,VN-11,MERGED_INTO
VN_ADMIN_PRE_2025,VN-22,VN_ADMIN_2025,VN-33,MERGED_INTO
VN_ADMIN_PRE_2025,VN-23,VN_ADMIN_2025,VN-24,MERGED_INTO
VN_ADMIN_PRE_2025,VN-24,VN_ADMIN_2025,VN-12,SAME_AS
VN_ADMIN_PRE_2025,VN-25,VN_ADMIN_2025,VN-13,SAME_AS
VN_ADMIN_PRE_2025,VN-26,VN_ADMIN_2025,VN-14,MERGED_INTO
VN_ADMIN_PRE_2025,VN-27,VN_ADMIN_2025,VN-14,MERGED_INTO
VN_ADMIN_PRE_2025,VN-28,VN_ADMIN_2025,VN-04,MERGED_INTO
VN_ADMIN_PRE_2025,VN-29,VN_ADMIN_2025,VN-15,MERGED_INTO
VN_ADMIN_PRE_2025,VN-30,VN_ADMIN_2025,VN-25,MERGED_INTO
VN_ADMIN_PRE_2025,VN-31,VN_ADMIN_2025,VN-17,MERGED_INTO
VN_ADMIN_PRE_2025,VN-32,VN_ADMIN_2025,VN-18,MERGED_INTO
VN_ADMIN_PRE_2025,VN-33,VN_ADMIN_2025,VN-01,MERGED_INTO
VN_ADMIN_PRE_2025,VN-34,VN_ADMIN_2025,VN-26,MERGED_INTO
VN_ADMIN_PRE_2025,VN-35,VN_ADMIN_2025,VN-19,SAME_AS
VN_ADMIN_PRE_2025,VN-36,VN_ADMIN_2025,VN-20,MERGED_INTO
VN_ADMIN_PRE_2025,VN-37,VN_ADMIN_2025,VN-21,SAME_AS
VN_ADMIN_PRE_2025,VN-38,VN_ADMIN_2025,VN-22,MERGED_INTO
VN_ADMIN_PRE_2025,VN-39,VN_ADMIN_2025,VN-30,MERGED_INTO
VN_ADMIN_PRE_2025,VN-40,VN_ADMIN_2025,VN-24,MERGED_INTO
VN_ADMIN_PRE_2025,VN-41,VN_ADMIN_2025,VN-23,SAME_AS
VN_ADMIN_PRE_2025,VN-42,VN_ADMIN_2025,VN-24,MERGED_INTO
VN_ADMIN_PRE_2025,VN-43,VN_ADMIN_2025,VN-18,MERGED_INTO
VN_ADMIN_PRE_2025,VN-44,VN_ADMIN_2025,VN-25,MERGED_INTO
VN_ADMIN_PRE_2025,VN-45,VN_ADMIN_2025,VN-07,MERGED_INTO
VN_ADMIN_PRE_2025,VN-46,VN_ADMIN_2025,VN-28,MERGED_INTO
VN_ADMIN_PRE_2025,VN-47,VN_ADMIN_2025,VN-06,MERGED_INTO
VN_ADMIN_PRE_2025,VN-48,VN_ADMIN_2025,VN-26,MERGED_INTO
VN_ADMIN_PRE_2025,VN-49,VN_ADMIN_2025,VN-27,SAME_AS
VN_ADMIN_PRE_2025,VN-50,VN_ADMIN_2025,VN-28,MERGED_INTO
VN_ADMIN_PRE_2025,VN-51,VN_ADMIN_2025,VN-04,MERGED_INTO
VN_ADMIN_PRE_2025,VN-52,VN_ADMIN_2025,VN-29,SAME_AS
VN_ADMIN_PRE_2025,VN-53,VN_ADMIN_2025,VN-30,MERGED_INTO
VN_ADMIN_PRE_2025,VN-54,VN_ADMIN_2025,VN-17,MERGED_INTO
VN_ADMIN_PRE_2025,VN-55,VN_ADMIN_2025,VN-31,MERGED_INTO
VN_ADMIN_PRE_2025,VN-56,VN_ADMIN_2025,VN-32,SAME_AS
VN_ADMIN_PRE_2025,VN-57,VN_ADMIN_2025,VN-16,RENAMED_TO
VN_ADMIN_PRE_2025,VN-58,VN_ADMIN_2025,VN-10,MERGED_INTO
VN_ADMIN_PRE_2025,VN-59,VN_ADMIN_2025,VN-34,MERGED_INTO
VN_ADMIN_PRE_2025,VN-60,VN_ADMIN_2025,VN-33,MERGED_INTO
VN_ADMIN_PRE_2025,VN-61,VN_ADMIN_2025,VN-34,MERGED_INTO
VN_ADMIN_PRE_2025,VN-62,VN_ADMIN_2025,VN-25,MERGED_INTO
VN_ADMIN_PRE_2025,VN-63,VN_ADMIN_2025,VN-22,MERGED_INTO
VN_ADMIN_PRE_2025,VNAP25-AECE8784BB,VN_ADMIN_2025,VNA25-D0C042F304,MERGED_INTO
VN_ADMIN_PRE_2025,VNAP25-CC12D74B42,VN_ADMIN_2025,VNA25-1E124F55B3,MERGED_INTO
VN_ADMIN_PRE_2025,VNAP25-A199BF1EAB,VN_ADMIN_2025,VNA25-6E0A7896A0,MERGED_INTO
VN_ADMIN_PRE_2025,VNAP25-0016DE8FBD,VN_ADMIN_2025,VNA25-6E0A7896A0,MERGED_INTO
VN_ADMIN_PRE_2025,VNAP25-ABECE63852,VN_ADMIN_2025,VNA25-6E0A7896A0,MERGED_INTO
VN_ADMIN_PRE_2025,VNAP25-BA37B5A5D2,VN_ADMIN_2025,VNA25-DCA61FD2C5,MERGED_INTO
VN_ADMIN_PRE_2025,VNAP25-945893333B,VN_ADMIN_2025,VNA25-D0C042F304,SPLIT_INTO
VN_ADMIN_PRE_2025,VNAP25-945893333B,VN_ADMIN_2025,VNA25-DCA61FD2C5,SPLIT_INTO
VN_ADMIN_PRE_2025,VNAP25-50C0B17E01,VN_ADMIN_2025,VNA25-DDDC9F6CEE,MERGED_INTO
VN_ADMIN_PRE_2025,VNAP25-A07590CB4B,VN_ADMIN_2025,VNA25-D0C042F304,SPLIT_INTO
VN_ADMIN_PRE_2025,VNAP25-A07590CB4B,VN_ADMIN_2025,VNA25-DCA61FD2C5,SPLIT_INTO
VN_ADMIN_PRE_2025,VNAP25-3DA74D86DF,VN_ADMIN_2025,VNA25-DCA61FD2C5,MERGED_INTO
VN_ADMIN_PRE_2025,VNAP25-9EE8AEA5D0,VN_ADMIN_2025,VNA25-1E124F55B3,MERGED_INTO
VN_ADMIN_PRE_2025,VNAP25-ECC60724B8,VN_ADMIN_2025,VNA25-D0C042F304,MERGED_INTO
VN_ADMIN_PRE_2025,VNAP25-DEB43253F3,VN_ADMIN_2025,VNA25-DDDC9F6CEE,MERGED_INTO
VN_ADMIN_PRE_2025,VNAP25-F60E5CA942,VN_ADMIN_2025,VNA25-1E124F55B3,MERGED_INTO
VN_ADMIN_PRE_2025,VNAP25-8079847EF1,VN_ADMIN_2025,VNA25-B3D75E05E2,MERGED_INTO
VN_ADMIN_PRE_2025,VNAP25-FE4DA0CD26,VN_ADMIN_2025,VNA25-B3D75E05E2,MERGED_INTO
VN_ADMIN_PRE_2025,VNAP25-A1C5F75DF2,VN_ADMIN_2025,VNA25-D60758C0F9,MERGED_INTO
VN_ADMIN_PRE_2025,VNAP25-D15B6A8E7C,VN_ADMIN_2025,VNA25-B3D75E05E2,SPLIT_INTO
VN_ADMIN_PRE_2025,VNAP25-D15B6A8E7C,VN_ADMIN_2025,VNA25-D60758C0F9,SPLIT_INTO
VN_ADMIN_PRE_2025,VNAP25-3E0F02316C,VN_ADMIN_2025,VNA25-B3D75E05E2,MERGED_INTO
VN_ADMIN_PRE_2025,VNAP25-EDEAA3F0F7,VN_ADMIN_2025,VNA25-B3D75E05E2,MERGED_INTO
VN_ADMIN_PRE_2025,VNAP25-69F5CD1440,VN_ADMIN_2025,VNA25-D60758C0F9,MERGED_INTO
VN_ADMIN_PRE_2025,VNAP25-5C2AD70231,VN_ADMIN_2025,VNA25-B9FA97C6EE,MERGED_INTO
VN_ADMIN_PRE_2025,VNAP25-B17D3036FD,VN_ADMIN_2025,VNA25-9C995C11FE,MERGED_INTO
VN_ADMIN_PRE_2025,VNAP25-BF9422CE48,VN_ADMIN_2025,VNA25-B9FA97C6EE,MERGED_INTO
VN_ADMIN_PRE_2025,VNAP25-52469D7BBF,VN_ADMIN_2025,VNA25-9C995C11FE,MERGED_INTO
VN_ADMIN_PRE_2025,VNAP25-31FB2F9B9B,VN_ADMIN_2025,VNA25-B9FA97C6EE,MERGED_INTO
VN_ADMIN_PRE_2025,VNAP25-7E4C65C397,VN_ADMIN_2025,VNA25-9C995C11FE,MERGED_INTO
VN_ADMIN_PRE_2025,VNAP25-E46156F411,VN_ADMIN_2025,VNA25-59C61FC257,MERGED_INTO
VN_ADMIN_PRE_2025,VNAP25-D4B2B7D177,VN_ADMIN_2025,VNA25-4D93EB7B8E,MERGED_INTO
VN_ADMIN_PRE_2025,VNAP25-37949A0F1E,VN_ADMIN_2025,VNA25-4D93EB7B8E,MERGED_INTO
VN_ADMIN_PRE_2025,VNAP25-B007BCD46D,VN_ADMIN_2025,VNA25-4EAD7E752E,MERGED_INTO
VN_ADMIN_PRE_2025,VNAP25-9F7B91DB32,VN_ADMIN_2025,VNA25-59C61FC257,MERGED_INTO
VN_ADMIN_PRE_2025,VNAP25-B8541F3D36,VN_ADMIN_2025,VNA25-59C61FC257,MERGED_INTO
VN_ADMIN_PRE_2025,VNAP25-7259CEAC5A,VN_ADMIN_2025,VNA25-4EAD7E752E,MERGED_INTO
VN_ADMIN_PRE_2025,VNAP25-DA90151F54,VN_ADMIN_2025,VNA25-62FC0DA86D,MERGED_INTO
VN_ADMIN_PRE_2025,VNAP25-B95CAC8FEA,VN_ADMIN_2025,VNA25-7E556EADA9,MERGED_INTO
VN_ADMIN_PRE_2025,VNAP25-2B40972055,VN_ADMIN_2025,VNA25-7E556EADA9,MERGED_INTO
VN_ADMIN_PRE_2025,VNAP25-7EF912582C,VN_ADMIN_2025,VNA25-7E556EADA9,MERGED_INTO
VN_ADMIN_PRE_2025,VNAP25-60E68B34A1,VN_ADMIN_2025,VNA25-BF2BB03E30,MERGED_INTO
VN_ADMIN_PRE_2025,VNAP25-0DDAC19F7D,VN_ADMIN_2025,VNA25-62FC0DA86D,MERGED_INTO
VN_ADMIN_PRE_2025,VNAP25-34B12D9514,VN_ADMIN_2025,VNA25-2E4581A4A3,MERGED_INTO
VN_ADMIN_PRE_2025,VNAP25-4E8120D391,VN_ADMIN_2025,VNA25-2E4581A4A3,MERGED_INTO
VN_ADMIN_PRE_2025,VNAP25-95DFD84F3F,VN_ADMIN_2025,VNA25-2E4581A4A3,MERGED_INTO
VN_ADMIN_PRE_2025,VNAP25-8478736F03,VN_ADMIN_2025,VNA25-5B22960C20,MERGED_INTO
VN_ADMIN_PRE_2025,VNAP25-33B1984063,VN_ADMIN_2025,VNA25-BF2BB03E30,MERGED_INTO
VN_ADMIN_PRE_2025,VNAP25-7C61718A54,VN_ADMIN_2025,VNA25-5B22960C20,MERGED_INTO
VN_ADMIN_PRE_2025,VNAP25-183F5305FB,VN_ADMIN_2025,VNA25-62FC0DA86D,MERGED_INTO
VN_ADMIN_PRE_2025,VNAP25-07AF1AAE23,VN_ADMIN_2025,VNA25-EFFDAE9B0D,MERGED_INTO
VN_ADMIN_PRE_2025,VNAP25-018A857FFC,VN_ADMIN_2025,VNA25-8F0B46F501,MERGED_INTO
VN_ADMIN_PRE_2025,VNAP25-0263E9D3CB,VN_ADMIN_2025,VNA25-54D056A88B,MERGED_INTO
VN_ADMIN_PRE_2025,VNAP25-9A8C348970,VN_ADMIN_2025,VNA25-C373E8E6D9,MERGED_INTO
VN_ADMIN_PRE_2025,VNAP25-2C58CDE61B,VN_ADMIN_2025,VNA25-C373E8E6D9,MERGED_INTO
VN_ADMIN_PRE_2025,VNAP25-F88B80E051,VN_ADMIN_2025,VNA25-C373E8E6D9,MERGED_INTO
VN_ADMIN_PRE_2025,VNAP25-BAF662A505,VN_ADMIN_2025,VNA25-54D056A88B,MERGED_INTO
VN_ADMIN_PRE_2025,VNAP25-A4DCE96248,VN_ADMIN_2025,VNA25-54D056A88B,MERGED_INTO
VN_ADMIN_PRE_2025,VNAP25-5EB7C5AC57,VN_ADMIN_2025,VNA25-4B34ED8C6E,MERGED_INTO
VN_ADMIN_PRE_2025,VNAP25-5C58D7B59E,VN_ADMIN_2025,VNA25-4B34ED8C6E,MERGED_INTO
VN_ADMIN_PRE_2025,VNAP25-9C759D2088,VN_ADMIN_2025,VNA25-7AF9D89F0A,MERGED_INTO
VN_ADMIN_PRE_2025,VNAP25-359F57E5F8,VN_ADMIN_2025,VNA25-EFFDAE9B0D,MERGED_INTO
VN_ADMIN_PRE_2025,VNAP25-932FD65594,VN_ADMIN_2025,VNA25-EFFDAE9B0D,MERGED_INTO
VN_ADMIN_PRE_2025,VNAP25-96FA85E494,VN_ADMIN_2025,VNA25-8F0B46F501,MERGED_INTO
VN_ADMIN_PRE_2025,VNAP25-E323E9081F,VN_ADMIN_2025,VNA25-7AF9D89F0A,MERGED_INTO
VN_ADMIN_PRE_2025,VNAP25-7BAF15EE0D,VN_ADMIN_2025,VNA25-4B34ED8C6E,MERGED_INTO
VN_ADMIN_PRE_2025,VNAP25-0969ADE733,VN_ADMIN_2025,VNA25-7AF9D89F0A,MERGED_INTO
VN_ADMIN_PRE_2025,VNAP25-F88DC0642B,VN_ADMIN_2025,VNA25-8F0B46F501,MERGED_INTO
VN_ADMIN_PRE_2025,VNAP25-318A77C22C,VN_ADMIN_2025,VNA25-EEBDE6AA36,MERGED_INTO
VN_ADMIN_PRE_2025,VNAP25-9A8A446A5D,VN_ADMIN_2025,VNA25-EEBDE6AA36,MERGED_INTO
VN_ADMIN_PRE_2025,VNAP25-9BA3D0183E,VN_ADMIN_2025,VNA25-6556585A18,MERGED_INTO
VN_ADMIN_PRE_2025,VNAP25-C07C880CFC,VN_ADMIN_2025,VNA25-6556585A18,MERGED_INTO
VN_ADMIN_PRE_2025,VNAP25-1364C20919,VN_ADMIN_2025,VNA25-3DCD0C3B87,SAME_AS
VN_ADMIN_PRE_2025,VNAP25-EF448BAAAE,VN_ADMIN_2025,VNA25-EEBDE6AA36,MERGED_INTO
VN_ADMIN_PRE_2025,VNAP25-71DA59AD4E,VN_ADMIN_2025,VNA25-6556585A18,MERGED_INTO
VN_ADMIN_PRE_2025,VNAP25-2C608F99C5,VN_ADMIN_2025,VNA25-6556585A18,MERGED_INTO
VN_ADMIN_PRE_2025,VNAP25-3CC86437F3,VN_ADMIN_2025,VNA25-6556585A18,MERGED_INTO
VN_ADMIN_PRE_2025,VNAP25-4BF3E583D6,VN_ADMIN_2025,VNA25-094B653D3F,MERGED_INTO
VN_ADMIN_PRE_2025,VNAP25-84598EBD84,VN_ADMIN_2025,VNA25-094B653D3F,MERGED_INTO
VN_ADMIN_PRE_2025,VNAP25-D9D401622E,VN_ADMIN_2025,VNA25-6556585A18,MERGED_INTO
VN_ADMIN_PRE_2025,VNAP25-BC35C84D8F,VN_ADMIN_2025,VNA25-49678DF97F,MERGED_INTO
VN_ADMIN_PRE_2025,VNAP25-BBA7B5E80C,VN_ADMIN_2025,VNA25-0B210B5C56,MERGED_INTO
VN_ADMIN_PRE_2025,VNAP25-58F6987F69,VN_ADMIN_2025,VNA25-49678DF97F,MERGED_INTO
VN_ADMIN_PRE_2025,VNAP25-A967F87B97,VN_ADMIN_2025,VNA25-A0FA154B56,MERGED_INTO
VN_ADMIN_PRE_2025,VNAP25-88B8A03A63,VN_ADMIN_2025,VNA25-9AECF7E03C,MERGED_INTO
VN_ADMIN_PRE_2025,VNAP25-C732E393E9,VN_ADMIN_2025,VNA25-118A0AD052,MERGED_INTO
VN_ADMIN_PRE_2025,VNAP25-83A03285B9,VN_ADMIN_2025,VNA25-49678DF97F,MERGED_INTO
VN_ADMIN_PRE_2025,VNAP25-C9E7CA8625,VN_ADMIN_2025,VNA25-A0FA154B56,MERGED_INTO
VN_ADMIN_PRE_2025,VNAP25-71EA2DE9EA,VN_ADMIN_2025,VNA25-33FF110D69,MERGED_INTO
VN_ADMIN_PRE_2025,VNAP25-F54B966A9B,VN_ADMIN_2025,VNA25-9AECF7E03C,MERGED_INTO
VN_ADMIN_PRE_2025,VNAP25-BA44518E22,VN_ADMIN_2025,VNA25-9AECF7E03C,MERGED_INTO
VN_ADMIN_PRE_2025,VNAP25-95E58A774C,VN_ADMIN_2025,VNA25-33FF110D69,MERGED_INTO
VN_ADMIN_PRE_2025,VNAP25-58618F308D,VN_ADMIN_2025,VNA25-0B210B5C56,MERGED_INTO
VN_ADMIN_PRE_2025,VNAP25-847F9F7C05,VN_ADMIN_2025,VNA25-118A0AD052,MERGED_INTO
VN_ADMIN_PRE_2025,VNAP25-04C8B5E06D,VN_ADMIN_2025,VNA25-118A0AD052,MERGED_INTO
VN_ADMIN_PRE_2025,VNAP25-2CA67CD8E1,VN_ADMIN_2025,VNA25-33FF110D69,MERGED_INTO
VN_ADMIN_PRE_2025,VNAP25-EEE422FD58,VN_ADMIN_2025,VNA25-33FF110D69,MERGED_INTO
VN_ADMIN_PRE_2025,VNAP25-C40327D2BF,VN_ADMIN_2025,VNA25-E481C03007,MERGED_INTO
VN_ADMIN_PRE_2025,VNAP25-85DB1C115D,VN_ADMIN_2025,VNA25-E481C03007,MERGED_INTO
VN_ADMIN_PRE_2025,VNAP25-B870587C32,VN_ADMIN_2025,VNA25-8BBDA044FF,MERGED_INTO
VN_ADMIN_PRE_2025,VNAP25-11C40AC86B,VN_ADMIN_2025,VNA25-6CCA6D4B5A,MERGED_INTO
VN_ADMIN_PRE_2025,VNAP25-E1AD893FD8,VN_ADMIN_2025,VNA25-6CCA6D4B5A,MERGED_INTO
VN_ADMIN_PRE_2025,VNAP25-6BB58292CF,VN_ADMIN_2025,VNA25-6CCA6D4B5A,MERGED_INTO
VN_ADMIN_PRE_2025,VNAP25-069A71B1F5,VN_ADMIN_2025,VNA25-780D7A88EB,MERGED_INTO
VN_ADMIN_PRE_2025,VNAP25-BEF7903B00,VN_ADMIN_2025,VNA25-780D7A88EB,MERGED_INTO
VN_ADMIN_PRE_2025,VNAP25-4F66ABCF3E,VN_ADMIN_2025,VNA25-6B16C802CB,MERGED_INTO
VN_ADMIN_PRE_2025,VNAP25-5EB55F236B,VN_ADMIN_2025,VNA25-E481C03007,MERGED_INTO
VN_ADMIN_PRE_2025,VNAP25-7B7D5C1FD4,VN_ADMIN_2025,VNA25-8BBDA044FF,MERGED_INTO
VN_ADMIN_PRE_2025,VNAP25-D070E59410,VN_ADMIN_2025,VNA25-8BBDA044FF,MERGED_INTO
VN_ADMIN_PRE_2025,VNAP25-B93CB4DAD9,VN_ADMIN_2025,VNA25-6B16C802CB,MERGED_INTO
VN_ADMIN_PRE_2025,VNAP25-0887ACA8F1,VN_ADMIN_2025,VNA25-6B16C802CB,MERGED_INTO
VN_ADMIN_PRE_2025,VNAP25-E9E29AB479,VN_ADMIN_2025,VNA25-9DE4F44D6E,MERGED_INTO
VN_ADMIN_PRE_2025,VNAP25-A595624128,VN_ADMIN_2025,VNA25-6D7AFC320A,MERGED_INTO
VN_ADMIN_PRE_2025,VNAP25-0C08FB1728,VN_ADMIN_2025,VNA25-5A91C47DC0,MERGED_INTO
VN_ADMIN_PRE_2025,VNAP25-72D3E4D225,VN_ADMIN_2025,VNA25-5A91C47DC0,MERGED_INTO
VN_ADMIN_PRE_2025,VNAP25-B6450C5038,VN_ADMIN_2025,VNA25-9DE4F44D6E,MERGED_INTO
VN_ADMIN_PRE_2025,VNAP25-0B1F39F45B,VN_ADMIN_2025,VNA25-6D7AFC320A,MERGED_INTO
VN_ADMIN_PRE_2025,VNAP25-DABF65AFCD,VN_ADMIN_2025,VNA25-4783AC2FE6,MERGED_INTO
VN_ADMIN_PRE_2025,VNAP25-722BC9E0E7,VN_ADMIN_2025,VNA25-A57E75FAC4,MERGED_INTO
VN_ADMIN_PRE_2025,VNAP25-9A4F766C41,VN_ADMIN_2025,VNA25-A57E75FAC4,MERGED_INTO
VN_ADMIN_PRE_2025,VNAP25-4F596E1FE3,VN_ADMIN_2025,VNA25-9DE4F44D6E,MERGED_INTO
VN_ADMIN_PRE_2025,VNAP25-0CC1A1FAF8,VN_ADMIN_2025,VNA25-6D7AFC320A,MERGED_INTO
VN_ADMIN_PRE_2025,VNAP25-62ACABAB8E,VN_ADMIN_2025,VNA25-A57E75FAC4,MERGED_INTO
VN_ADMIN_PRE_2025,VNAP25-E6631E0DDF,VN_ADMIN_2025,VNA25-5692C63710,MERGED_INTO
VN_ADMIN_PRE_2025,VNAP25-24E22D0FD7,VN_ADMIN_2025,VNA25-5A91C47DC0,MERGED_INTO
VN_ADMIN_PRE_2025,VNAP25-FA58D42D1F,VN_ADMIN_2025,VNA25-5692C63710,MERGED_INTO
VN_ADMIN_PRE_2025,VNAP25-D47D9C25F5,VN_ADMIN_2025,VNA25-4783AC2FE6,MERGED_INTO
VN_ADMIN_PRE_2025,VNAP25-F84CFDE4CE,VN_ADMIN_2025,VNA25-4783AC2FE6,MERGED_INTO
VN_ADMIN_PRE_2025,VNAP25-1A9209CBB1,VN_ADMIN_2025,VNA25-5FE1DBB446,MERGED_INTO
VN_ADMIN_PRE_2025,VNAP25-504FF10A1B,VN_ADMIN_2025,VNA25-BAF26692AE,MERGED_INTO
VN_ADMIN_PRE_2025,VNAP25-F77BB3C1C5,VN_ADMIN_2025,VNA25-D5489CBD87,MERGED_INTO
VN_ADMIN_PRE_2025,VNAP25-691119209D,VN_ADMIN_2025,VNA25-D5489CBD87,MERGED_INTO
VN_ADMIN_PRE_2025,VNAP25-53DFAFC24C,VN_ADMIN_2025,VNA25-04E68862F8,MERGED_INTO
VN_ADMIN_PRE_2025,VNAP25-9914B38573,VN_ADMIN_2025,VNA25-42A528AC06,MERGED_INTO
VN_ADMIN_PRE_2025,VNAP25-BC462E7BCE,VN_ADMIN_2025,VNA25-42A528AC06,MERGED_INTO
VN_ADMIN_PRE_2025,VNAP25-23EF491CF0,VN_ADMIN_2025,VNA25-04E68862F8,MERGED_INTO
VN_ADMIN_PRE_2025,VNAP25-00637718C3,VN_ADMIN_2025,VNA25-BAF26692AE,MERGED_INTO
VN_ADMIN_PRE_2025,VNAP25-3105D08E31,VN_ADMIN_2025,VNA25-04E68862F8,MERGED_INTO
VN_ADMIN_PRE_2025,VNAP25-0033E15EAC,VN_ADMIN_2025,VNA25-42A528AC06,MERGED_INTO
VN_ADMIN_PRE_2025,VNAP25-5AAA7CABC4,VN_ADMIN_2025,VNA25-D5489CBD87,MERGED_INTO
VN_ADMIN_PRE_2025,VNAP25-D870BC4EA2,VN_ADMIN_2025,VNA25-5FE1DBB446,MERGED_INTO
VN_ADMIN_PRE_2025,VNAP25-8A417A99B0,VN_ADMIN_2025,VNA25-5FE1DBB446,MERGED_INTO
VN_ADMIN_PRE_2025,VNAP25-A9D5B00AE7,VN_ADMIN_2025,VNA25-23DC112B6F,MERGED_INTO
VN_ADMIN_PRE_2025,VNAP25-8301C4BDE1,VN_ADMIN_2025,VNA25-AAF0BFFA43,MERGED_INTO
VN_ADMIN_PRE_2025,VNAP25-53C6D51218,VN_ADMIN_2025,VNA25-7BAC7FF908,MERGED_INTO
VN_ADMIN_PRE_2025,VNAP25-CC74211F04,VN_ADMIN_2025,VNA25-901AC3EF74,MERGED_INTO
VN_ADMIN_PRE_2025,VNAP25-CBD83B44B5,VN_ADMIN_2025,VNA25-AAF0BFFA43,MERGED_INTO
VN_ADMIN_PRE_2025,VNAP25-7D9AD92701,VN_ADMIN_2025,VNA25-AAF0BFFA43,MERGED_INTO
VN_ADMIN_PRE_2025,VNAP25-E03409D7AB,VN_ADMIN_2025,VNA25-8E5BFFB1DA,MERGED_INTO
VN_ADMIN_PRE_2025,VNAP25-2F55379C6B,VN_ADMIN_2025,VNA25-23DC112B6F,MERGED_INTO
VN_ADMIN_PRE_2025,VNAP25-9FCD9D6290,VN_ADMIN_2025,VNA25-7BAC7FF908,MERGED_INTO
VN_ADMIN_PRE_2025,VNAP25-200A5F3251,VN_ADMIN_2025,VNA25-23DC112B6F,MERGED_INTO
VN_ADMIN_PRE_2025,VNAP25-6FFA863C0E,VN_ADMIN_2025,VNA25-901AC3EF74,MERGED_INTO
VN_ADMIN_PRE_2025,VNAP25-68C5367D0C,VN_ADMIN_2025,VNA25-901AC3EF74,MERGED_INTO
VN_ADMIN_PRE_2025,VNAP25-DDB338585D,VN_ADMIN_2025,VNA25-7BAC7FF908,MERGED_INTO
VN_ADMIN_PRE_2025,VNAP25-15A7DCFE3B,VN_ADMIN_2025,VNA25-8E5BFFB1DA,MERGED_INTO
VN_ADMIN_PRE_2025,VNAP25-FE9E386E6C,VN_ADMIN_2025,VNA25-8E5BFFB1DA,MERGED_INTO
VN_ADMIN_PRE_2025,VNAP25-0B188BE576,VN_ADMIN_2025,VNA25-B083C291E5,MERGED_INTO
VN_ADMIN_PRE_2025,VNAP25-889C16D130,VN_ADMIN_2025,VNA25-00F959391B,MERGED_INTO
VN_ADMIN_PRE_2025,VNAP25-AE0EAB30A4,VN_ADMIN_2025,VNA25-00F959391B,MERGED_INTO
VN_ADMIN_PRE_2025,VNAP25-024572A4E0,VN_ADMIN_2025,VNA25-B083C291E5,MERGED_INTO
VN_ADMIN_PRE_2025,VNAP25-DC1423BE70,VN_ADMIN_2025,VNA25-B083C291E5,MERGED_INTO
VN_ADMIN_PRE_2025,VNAP25-3B5CC6ADA1,VN_ADMIN_2025,VNA25-F80F6D6EE3,MERGED_INTO
VN_ADMIN_PRE_2025,VNAP25-B40637F089,VN_ADMIN_2025,VNA25-F80F6D6EE3,MERGED_INTO
VN_ADMIN_PRE_2025,VNAP25-229C64C2D8,VN_ADMIN_2025,VNA25-F80F6D6EE3,MERGED_INTO
VN_ADMIN_PRE_2025,VNAP25-9CD9353EF5,VN_ADMIN_2025,VNA25-F80F6D6EE3,MERGED_INTO
VN_ADMIN_PRE_2025,VNAP25-A90EFE54E4,VN_ADMIN_2025,VNA25-00F959391B,MERGED_INTO
VN_ADMIN_PRE_2025,VNAP25-356BF212C5,VN_ADMIN_2025,VNA25-937F3A9B80,MERGED_INTO
VN_ADMIN_PRE_2025,VNAP25-11663B748E,VN_ADMIN_2025,VNA25-9F68EA013A,MERGED_INTO
VN_ADMIN_PRE_2025,VNAP25-0AF17A9B30,VN_ADMIN_2025,VNA25-BDA3694E13,MERGED_INTO
VN_ADMIN_PRE_2025,VNAP25-65194460C0,VN_ADMIN_2025,VNA25-BDA3694E13,MERGED_INTO
VN_ADMIN_PRE_2025,VNAP25-6F3BF87C0B,VN_ADMIN_2025,VNA25-B022F44066,MERGED_INTO
VN_ADMIN_PRE_2025,VNAP25-77BA39DA0D,VN_ADMIN_2025,VNA25-0EC2570EA9,MERGED_INTO
VN_ADMIN_PRE_2025,VNAP25-92BC9D5DF6,VN_ADMIN_2025,VNA25-937F3A9B80,MERGED_INTO
VN_ADMIN_PRE_2025,VNAP25-C4CD004FC9,VN_ADMIN_2025,VNA25-937F3A9B80,MERGED_INTO
VN_ADMIN_PRE_2025,VNAP25-CBB8253C41,VN_ADMIN_2025,VNA25-9F68EA013A,MERGED_INTO
VN_ADMIN_PRE_2025,VNAP25-1FB9DF1C4F,VN_ADMIN_2025,VNA25-0EC2570EA9,MERGED_INTO
VN_ADMIN_PRE_2025,VNAP25-1E91F49BE3,VN_ADMIN_2025,VNA25-BDA3694E13,MERGED_INTO
VN_ADMIN_PRE_2025,VNAP25-7128C60E4D,VN_ADMIN_2025,VNA25-6C92140F95,MERGED_INTO
VN_ADMIN_PRE_2025,VNAP25-27D16EFD9D,VN_ADMIN_2025,VNA25-9F68EA013A,MERGED_INTO
VN_ADMIN_PRE_2025,VNAP25-55FCAD8C8A,VN_ADMIN_2025,VNA25-6C92140F95,MERGED_INTO
VN_ADMIN_PRE_2025,VNAP25-B8FFE324A2,VN_ADMIN_2025,VNA25-B022F44066,MERGED_INTO
VN_ADMIN_PRE_2025,VNAP25-B469FF5483,VN_ADMIN_2025,VNA25-6C92140F95,MERGED_INTO
VN_ADMIN_PRE_2025,VNAP25-68D96FD162,VN_ADMIN_2025,VNA25-083B71EA61,MERGED_INTO
VN_ADMIN_PRE_2025,VNAP25-674A6B80B1,VN_ADMIN_2025,VNA25-083B71EA61,MERGED_INTO
VN_ADMIN_PRE_2025,VNAP25-A61E8DEB39,VN_ADMIN_2025,VNA25-D10B4E2AC6,MERGED_INTO
VN_ADMIN_PRE_2025,VNAP25-0A3266E682,VN_ADMIN_2025,VNA25-E19D2758FC,MERGED_INTO
VN_ADMIN_PRE_2025,VNAP25-BDDECADB98,VN_ADMIN_2025,VNA25-083B71EA61,MERGED_INTO
VN_ADMIN_PRE_2025,VNAP25-A59B934474,VN_ADMIN_2025,VNA25-438E0094E4,MERGED_INTO
VN_ADMIN_PRE_2025,VNAP25-923CC8CA1B,VN_ADMIN_2025,VNA25-438E0094E4,MERGED_INTO
VN_ADMIN_PRE_2025,VNAP25-C002F683E8,VN_ADMIN_2025,VNA25-E19D2758FC,MERGED_INTO
VN_ADMIN_PRE_2025,VNAP25-1061503469,VN_ADMIN_2025,VNA25-083B71EA61,MERGED_INTO
VN_ADMIN_PRE_2025,VNAP25-825D82D6C1,VN_ADMIN_2025,VNA25-E19D2758FC,MERGED_INTO
VN_ADMIN_PRE_2025,VNAP25-C03906956A,VN_ADMIN_2025,VNA25-D10B4E2AC6,MERGED_INTO
VN_ADMIN_PRE_2025,VNAP25-79FB6203FF,VN_ADMIN_2025,VNA25-99FF91D6EE,MERGED_INTO
VN_ADMIN_PRE_2025,VNAP25-C3184FFA7B,VN_ADMIN_2025,VNA25-F041DCFAC6,MERGED_INTO
VN_ADMIN_PRE_2025,VNAP25-A1707CE32E,VN_ADMIN_2025,VNA25-2B95D76E3B,MERGED_INTO
VN_ADMIN_PRE_2025,VNAP25-DBE4E9597A,VN_ADMIN_2025,VNA25-2B95D76E3B,MERGED_INTO
VN_ADMIN_PRE_2025,VNAP25-DB9A30AFA6,VN_ADMIN_2025,VNA25-3C232E5021,MERGED_INTO
VN_ADMIN_PRE_2025,VNAP25-4DD4228F64,VN_ADMIN_2025,VNA25-F041DCFAC6,MERGED_INTO
VN_ADMIN_PRE_2025,VNAP25-D24F66C3AB,VN_ADMIN_2025,VNA25-77ABB31E27,MERGED_INTO
VN_ADMIN_PRE_2025,VNAP25-41C8162ADF,VN_ADMIN_2025,VNA25-77ABB31E27,MERGED_INTO
VN_ADMIN_PRE_2025,VNAP25-D723379F23,VN_ADMIN_2025,VNA25-3C232E5021,MERGED_INTO
VN_ADMIN_PRE_2025,VNAP25-F1DC0D4FC6,VN_ADMIN_2025,VNA25-99FF91D6EE,MERGED_INTO
VN_ADMIN_PRE_2025,VNAP25-3D29CBD95D,VN_ADMIN_2025,VNA25-62EFBB3B4A,MERGED_INTO
VN_ADMIN_PRE_2025,VNAP25-0AE6D9A591,VN_ADMIN_2025,VNA25-366D0B8D69,MERGED_INTO
VN_ADMIN_PRE_2025,VNAP25-4B9192675E,VN_ADMIN_2025,VNA25-594BDD8D50,MERGED_INTO
VN_ADMIN_PRE_2025,VNAP25-455E357CE3,VN_ADMIN_2025,VNA25-594BDD8D50,MERGED_INTO
VN_ADMIN_PRE_2025,VNAP25-8B874715AF,VN_ADMIN_2025,VNA25-62EFBB3B4A,MERGED_INTO
VN_ADMIN_PRE_2025,VNAP25-80759D0853,VN_ADMIN_2025,VNA25-62EFBB3B4A,MERGED_INTO
VN_ADMIN_PRE_2025,VNAP25-BC95D46BEB,VN_ADMIN_2025,VNA25-62EFBB3B4A,MERGED_INTO
VN_ADMIN_PRE_2025,VNAP25-59F4070FCC,VN_ADMIN_2025,VNA25-62EFBB3B4A,MERGED_INTO
VN_ADMIN_PRE_2025,VNAP25-1F711D1B7B,VN_ADMIN_2025,VNA25-EE9E702CA3,MERGED_INTO
VN_ADMIN_PRE_2025,VNAP25-ADC183B0F0,VN_ADMIN_2025,VNA25-EE9E702CA3,MERGED_INTO
VN_ADMIN_PRE_2025,VNAP25-31C15EB605,VN_ADMIN_2025,VNA25-EE9E702CA3,MERGED_INTO
VN_ADMIN_PRE_2025,VNAP25-9AA42D1B86,VN_ADMIN_2025,VNA25-CECECEA8DB,SAME_AS
VN_ADMIN_PRE_2025,VNAP25-ABFCB650C8,VN_ADMIN_2025,VNA25-EE9E702CA3,MERGED_INTO
VN_ADMIN_PRE_2025,VNAP25-5B6B51C744,VN_ADMIN_2025,VNA25-366D0B8D69,MERGED_INTO
VN_ADMIN_PRE_2025,VNAP25-1C2E80CF0B,VN_ADMIN_2025,VNA25-366D0B8D69,MERGED_INTO
VN_ADMIN_PRE_2025,VNAP25-2ED363F701,VN_ADMIN_2025,VNA25-62EFBB3B4A,MERGED_INTO
VN_ADMIN_PRE_2025,VNAP25-C6451F8D1B,VN_ADMIN_2025,VNA25-62EFBB3B4A,MERGED_INTO
VN_ADMIN_PRE_2025,VNAP25-82520661E4,VN_ADMIN_2025,VNA25-C4F33D88C0,MERGED_INTO
VN_ADMIN_PRE_2025,VNAP25-AEFA5CA101,VN_ADMIN_2025,VNA25-D133791423,SAME_AS
VN_ADMIN_PRE_2025,VNAP25-C6D57C7FD7,VN_ADMIN_2025,VNA25-93804318A2,MERGED_INTO
VN_ADMIN_PRE_2025,VNAP25-A6DFF3A2E5,VN_ADMIN_2025,VNA25-93804318A2,MERGED_INTO
VN_ADMIN_PRE_2025,VNAP25-2962AD084C,VN_ADMIN_2025,VNA25-5AEB95B0D5,MERGED_INTO
VN_ADMIN_PRE_2025,VNAP25-98119CBB6E,VN_ADMIN_2025,VNA25-7BFC661C79,SAME_AS
VN_ADMIN_PRE_2025,VNAP25-46FB66846B,VN_ADMIN_2025,VNA25-5AEB95B0D5,MERGED_INTO
VN_ADMIN_PRE_2025,VNAP25-E71C9DF33F,VN_ADMIN_2025,VNA25-5AEB95B0D5,MERGED_INTO
VN_ADMIN_PRE_2025,VNAP25-94ECA8961F,VN_ADMIN_2025,VNA25-E8C5746B2E,MERGED_INTO
VN_ADMIN_PRE_2025,VNAP25-6DD3E98D59,VN_ADMIN_2025,VNA25-E8C5746B2E,MERGED_INTO
VN_ADMIN_PRE_2025,VNAP25-141C1655E1,VN_ADMIN_2025,VNA25-E8C5746B2E,MERGED_INTO
VN_ADMIN_PRE_2025,VNAP25-E9A910D9BF,VN_ADMIN_2025,VNA25-C4F33D88C0,MERGED_INTO
VN_ADMIN_PRE_2025,VNAP25-40D12280A1,VN_ADMIN_2025,VNA25-93804318A2,MERGED_INTO
VN_ADMIN_PRE_2025,VNAP25-F74D08192A,VN_ADMIN_2025,VNA25-08E8E9D8ED,MERGED_INTO
VN_ADMIN_PRE_2025,VNAP25-2AE7DFDFA3,VN_ADMIN_2025,VNA25-F7728FC61C,MERGED_INTO
VN_ADMIN_PRE_2025,VNAP25-20C457C9AE,VN_ADMIN_2025,VNA25-9F26FAB1DD,MERGED_INTO
VN_ADMIN_PRE_2025,VNAP25-D6A6618136,VN_ADMIN_2025,VNA25-9F26FAB1DD,MERGED_INTO
VN_ADMIN_PRE_2025,VNAP25-AC358CEF6F,VN_ADMIN_2025,VNA25-21B42F08F0,MERGED_INTO
VN_ADMIN_PRE_2025,VNAP25-4E3B816DBA,VN_ADMIN_2025,VNA25-493F232AD8,MERGED_INTO
VN_ADMIN_PRE_2025,VNAP25-EACFE51A3E,VN_ADMIN_2025,VNA25-21B42F08F0,MERGED_INTO
VN_ADMIN_PRE_2025,VNAP25-8EE74CE035,VN_ADMIN_2025,VNA25-21B42F08F0,MERGED_INTO
VN_ADMIN_PRE_2025,VNAP25-FC18A38C84,VN_ADMIN_2025,VNA25-9F26FAB1DD,MERGED_INTO
VN_ADMIN_PRE_2025,VNAP25-F4CFE1E376,VN_ADMIN_2025,VNA25-B4A20DB0C2,MERGED_INTO
VN_ADMIN_PRE_2025,VNAP25-A9EB411E69,VN_ADMIN_2025,VNA25-B910766146,MERGED_INTO
VN_ADMIN_PRE_2025,VNAP25-D9D23AB600,VN_ADMIN_2025,VNA25-F7728FC61C,MERGED_INTO
VN_ADMIN_PRE_2025,VNAP25-267329F7DE,VN_ADMIN_2025,VNA25-9F26FAB1DD,MERGED_INTO
VN_ADMIN_PRE_2025,VNAP25-85ABB5A90A,VN_ADMIN_2025,VNA25-F592833D66,MERGED_INTO
VN_ADMIN_PRE_2025,VNAP25-1645D8B995,VN_ADMIN_2025,VNA25-493F232AD8,MERGED_INTO
VN_ADMIN_PRE_2025,VNAP25-3196728A76,VN_ADMIN_2025,VNA25-B910766146,MERGED_INTO
VN_ADMIN_PRE_2025,VNAP25-EB54E05283,VN_ADMIN_2025,VNA25-493F232AD8,MERGED_INTO
VN_ADMIN_PRE_2025,VNAP25-DE072E422B,VN_ADMIN_2025,VNA25-F7728FC61C,MERGED_INTO
VN_ADMIN_PRE_2025,VNAP25-CCF524C2FC,VN_ADMIN_2025,VNA25-B910766146,MERGED_INTO
VN_ADMIN_PRE_2025,VNAP25-59D5B99D8C,VN_ADMIN_2025,VNA25-F592833D66,MERGED_INTO
VN_ADMIN_PRE_2025,VNAP25-9B7A0E5B30,VN_ADMIN_2025,VNA25-F7728FC61C,MERGED_INTO
VN_ADMIN_PRE_2025,VNAP25-EDDD46E17B,VN_ADMIN_2025,VNA25-B4A20DB0C2,MERGED_INTO
VN_ADMIN_PRE_2025,VNAP25-15BF6AA3C1,VN_ADMIN_2025,VNA25-9F26FAB1DD,MERGED_INTO
VN_ADMIN_PRE_2025,VNAP25-FBDAC1891E,VN_ADMIN_2025,VNA25-08E8E9D8ED,MERGED_INTO
VN_ADMIN_PRE_2025,VNAP25-FEF6D375A6,VN_ADMIN_2025,VNA25-493F232AD8,MERGED_INTO
VN_ADMIN_PRE_2025,VNAP25-5949EA11EE,VN_ADMIN_2025,VNA25-9F26FAB1DD,MERGED_INTO
VN_ADMIN_PRE_2025,VNAP25-3EC00886ED,VN_ADMIN_2025,VNA25-B910766146,MERGED_INTO
VN_ADMIN_PRE_2025,VNAP25-83664C0C94,VN_ADMIN_2025,VNA25-08E8E9D8ED,MERGED_INTO
VN_ADMIN_PRE_2025,VNAP25-7728999E39,VN_ADMIN_2025,VNA25-B4A20DB0C2,MERGED_INTO
VN_ADMIN_PRE_2025,VNAP25-224DFE3B81,VN_ADMIN_2025,VNA25-9F26FAB1DD,MERGED_INTO
VN_ADMIN_PRE_2025,VNAP25-21CC34C7AF,VN_ADMIN_2025,VNA25-F592833D66,MERGED_INTO
VN_ADMIN_PRE_2025,VNAP25-0670209CDA,VN_ADMIN_2025,VNA25-5C0E7517C0,MERGED_INTO
VN_ADMIN_PRE_2025,VNAP25-E9765E67FD,VN_ADMIN_2025,VNA25-5C0E7517C0,MERGED_INTO
VN_ADMIN_PRE_2025,VNAP25-31178316A0,VN_ADMIN_2025,VNA25-9652517F5C,MERGED_INTO
VN_ADMIN_PRE_2025,VNAP25-414703DF06,VN_ADMIN_2025,VNA25-9652517F5C,MERGED_INTO
VN_ADMIN_PRE_2025,VNAP25-12343AEA3F,VN_ADMIN_2025,VNA25-A03675692B,MERGED_INTO
VN_ADMIN_PRE_2025,VNAP25-2F11B888E2,VN_ADMIN_2025,VNA25-0DE6BDCDEF,MERGED_INTO
VN_ADMIN_PRE_2025,VNAP25-5391517019,VN_ADMIN_2025,VNA25-A03675692B,MERGED_INTO
VN_ADMIN_PRE_2025,VNAP25-3C5510A360,VN_ADMIN_2025,VNA25-A03675692B,MERGED_INTO
VN_ADMIN_PRE_2025,VNAP25-DA723D59C4,VN_ADMIN_2025,VNA25-5C0E7517C0,MERGED_INTO
VN_ADMIN_PRE_2025,VNAP25-6935A44745,VN_ADMIN_2025,VNA25-5C0E7517C0,MERGED_INTO
VN_ADMIN_PRE_2025,VNAP25-9D4ED383EB,VN_ADMIN_2025,VNA25-DDC8CF691C,MERGED_INTO
VN_ADMIN_PRE_2025,VNAP25-5C5166794D,VN_ADMIN_2025,VNA25-DDC8CF691C,MERGED_INTO
VN_ADMIN_PRE_2025,VNAP25-A9322920D9,VN_ADMIN_2025,VNA25-56542751E0,MERGED_INTO
VN_ADMIN_PRE_2025,VNAP25-DE1E9367E6,VN_ADMIN_2025,VNA25-56542751E0,MERGED_INTO
VN_ADMIN_PRE_2025,VNAP25-C27CEA85D3,VN_ADMIN_2025,VNA25-56542751E0,MERGED_INTO
VN_ADMIN_PRE_2025,VNAP25-9F29E17F9C,VN_ADMIN_2025,VNA25-8A9137C60E,MERGED_INTO
VN_ADMIN_PRE_2025,VNAP25-20299C4B59,VN_ADMIN_2025,VNA25-8A9137C60E,MERGED_INTO
VN_ADMIN_PRE_2025,VNAP25-6B5F3B4A6E,VN_ADMIN_2025,VNA25-11E2FAB0A4,MERGED_INTO
VN_ADMIN_PRE_2025,VNAP25-6A5B2633D6,VN_ADMIN_2025,VNA25-11E2FAB0A4,MERGED_INTO
VN_ADMIN_PRE_2025,VNAP25-C5BC415484,VN_ADMIN_2025,VNA25-DDC8CF691C,MERGED_INTO
VN_ADMIN_PRE_2025,VNAP25-27F0ACF349,VN_ADMIN_2025,VNA25-56542751E0,MERGED_INTO
VN_ADMIN_PRE_2025,VNAP25-D15B64F251,VN_ADMIN_2025,VNA25-DDC8CF691C,MERGED_INTO
VN_ADMIN_PRE_2025,VNAP25-8128DF50F3,VN_ADMIN_2025,VNA25-11E2FAB0A4,MERGED_INTO
VN_ADMIN_PRE_2025,VNAP25-E7002B438F,VN_ADMIN_2025,VNA25-8A9137C60E,MERGED_INTO
VN_ADMIN_PRE_2025,VNAP25-0DF07B3448,VN_ADMIN_2025,VNA25-11E2FAB0A4,MERGED_INTO
VN_ADMIN_PRE_2025,VNAP25-1C948C66C0,VN_ADMIN_2025,VNA25-56542751E0,MERGED_INTO
VN_ADMIN_PRE_2025,VNAP25-86D607764F,VN_ADMIN_2025,VNA25-11E2FAB0A4,MERGED_INTO
VN_ADMIN_PRE_2025,VNAP25-04964A6B22,VN_ADMIN_2025,VNA25-8A9137C60E,MERGED_INTO
VN_ADMIN_PRE_2025,VNAP25-DD09994485,VN_ADMIN_2025,VNA25-DDC8CF691C,MERGED_INTO
VN_ADMIN_PRE_2025,VNAP25-EFB0803607,VN_ADMIN_2025,VNA25-053B1F94C3,MERGED_INTO
VN_ADMIN_PRE_2025,VNAP25-2F6446B927,VN_ADMIN_2025,VNA25-D9324313F2,MERGED_INTO
VN_ADMIN_PRE_2025,VNAP25-DDC9ACC454,VN_ADMIN_2025,VNA25-053B1F94C3,MERGED_INTO
VN_ADMIN_PRE_2025,VNAP25-80E3F95B53,VN_ADMIN_2025,VNA25-6D1A2B3CAC,MERGED_INTO
VN_ADMIN_PRE_2025,VNAP25-4FC6744C2E,VN_ADMIN_2025,VNA25-BDD6C22596,MERGED_INTO
VN_ADMIN_PRE_2025,VNAP25-B13EBFF129,VN_ADMIN_2025,VNA25-6B131961B1,MERGED_INTO
VN_ADMIN_PRE_2025,VNAP25-D650AFAD20,VN_ADMIN_2025,VNA25-6B131961B1,MERGED_INTO
VN_ADMIN_PRE_2025,VNAP25-8146ECAF7C,VN_ADMIN_2025,VNA25-6D1A2B3CAC,MERGED_INTO
VN_ADMIN_PRE_2025,VNAP25-86883477E2,VN_ADMIN_2025,VNA25-053B1F94C3,MERGED_INTO
VN_ADMIN_PRE_2025,VNAP25-E76769C606,VN_ADMIN_2025,VNA25-053B1F94C3,MERGED_INTO
VN_ADMIN_PRE_2025,VNAP25-483E8DBFD2,VN_ADMIN_2025,VNA25-6B131961B1,MERGED_INTO
VN_ADMIN_PRE_2025,VNAP25-07E712EBEA,VN_ADMIN_2025,VNA25-D9324313F2,MERGED_INTO
VN_ADMIN_PRE_2025,VNAP25-734CB9A9F3,VN_ADMIN_2025,VNA25-BDD6C22596,MERGED_INTO
VN_ADMIN_PRE_2025,VNAP25-5E19B14912,VN_ADMIN_2025,VNA25-6D1A2B3CAC,MERGED_INTO
VN_ADMIN_PRE_2025,VNAP25-FE1DBA6B7A,VN_ADMIN_2025,VNA25-D9324313F2,MERGED_INTO
VN_ADMIN_PRE_2025,VNAP25-C1050D6CB2,VN_ADMIN_2025,VNA25-053B1F94C3,MERGED_INTO
VN_ADMIN_PRE_2025,VNAP25-06D4A7025D,VN_ADMIN_2025,VNA25-BDD6C22596,MERGED_INTO
VN_ADMIN_PRE_2025,VNAP25-CBDB41F65C,VN_ADMIN_2025,VNA25-6D1A2B3CAC,MERGED_INTO
VN_ADMIN_PRE_2025,VNAP25-B7DAB19BFF,VN_ADMIN_2025,VNA25-BDD6C22596,MERGED_INTO
VN_ADMIN_PRE_2025,VNAP25-DA18543E63,VN_ADMIN_2025,VNA25-6A6435A45F,MERGED_INTO
VN_ADMIN_PRE_2025,VNAP25-611AD91D1C,VN_ADMIN_2025,VNA25-223A2846C3,MERGED_INTO
VN_ADMIN_PRE_2025,VNAP25-F3112501BF,VN_ADMIN_2025,VNA25-223A2846C3,MERGED_INTO
VN_ADMIN_PRE_2025,VNAP25-399B0934BC,VN_ADMIN_2025,VNA25-E9601A896F,MERGED_INTO
VN_ADMIN_PRE_2025,VNAP25-9FB1164A86,VN_ADMIN_2025,VNA25-9343956096,MERGED_INTO
VN_ADMIN_PRE_2025,VNAP25-724FBB10EC,VN_ADMIN_2025,VNA25-506EED098E,MERGED_INTO
VN_ADMIN_PRE_2025,VNAP25-AB26D21FCA,VN_ADMIN_2025,VNA25-506EED098E,MERGED_INTO
VN_ADMIN_PRE_2025,VNAP25-0663B13B32,VN_ADMIN_2025,VNA25-9343956096,MERGED_INTO
VN_ADMIN_PRE_2025,VNAP25-056C6F259C,VN_ADMIN_2025,VNA25-506EED098E,MERGED_INTO
VN_ADMIN_PRE_2025,VNAP25-E79320847A,VN_ADMIN_2025,VNA25-A1C9B7CD6B,MERGED_INTO
VN_ADMIN_PRE_2025,VNAP25-804EF188DC,VN_ADMIN_2025,VNA25-A1C9B7CD6B,MERGED_INTO
VN_ADMIN_PRE_2025,VNAP25-BCCBDEE008,VN_ADMIN_2025,VNA25-9E7E244ED8,MERGED_INTO
VN_ADMIN_PRE_2025,VNAP25-5EA6F92013,VN_ADMIN_2025,VNA25-6A6435A45F,MERGED_INTO
VN_ADMIN_PRE_2025,VNAP25-CA955DCBBF,VN_ADMIN_2025,VNA25-6A6435A45F,MERGED_INTO
VN_ADMIN_PRE_2025,VNAP25-77D26ED491,VN_ADMIN_2025,VNA25-E9601A896F,MERGED_INTO
VN_ADMIN_PRE_2025,VNAP25-05A21F6015,VN_ADMIN_2025,VNA25-9E7E244ED8,MERGED_INTO
VN_ADMIN_PRE_2025,VNAP25-92772F4DD5,VN_ADMIN_2025,VNA25-506EED098E,MERGED_INTO
VN_ADMIN_PRE_2025,VNAP25-28C71577AA,VN_ADMIN_2025,VNA25-223A2846C3,MERGED_INTO
VN_ADMIN_PRE_2025,VNAP25-71A993D4AA,VN_ADMIN_2025,VNA25-223A2846C3,MERGED_INTO
VN_ADMIN_PRE_2025,VNAP25-86CA432B86,VN_ADMIN_2025,VNA25-506EED098E,MERGED_INTO
VN_ADMIN_PRE_2025,VNAP25-5FC3DB6BF4,VN_ADMIN_2025,VNA25-9E7E244ED8,MERGED_INTO
VN_ADMIN_PRE_2025,VNAP25-3E763B258B,VN_ADMIN_2025,VNA25-3D35456057,MERGED_INTO
VN_ADMIN_PRE_2025,VNAP25-FF8AD7564C,VN_ADMIN_2025,VNA25-3D35456057,MERGED_INTO
VN_ADMIN_PRE_2025,VNAP25-8C484B9F70,VN_ADMIN_2025,VNA25-6A6435A45F,MERGED_INTO
VN_ADMIN_PRE_2025,VNAP25-EA0DBEDC97,VN_ADMIN_2025,VNA25-8BEFC3D931,MERGED_INTO
VN_ADMIN_PRE_2025,VNAP25-FACAC5BF95,VN_ADMIN_2025,VNA25-FFE3D94D46,MERGED_INTO
VN_ADMIN_PRE_2025,VNAP25-3A0820009F,VN_ADMIN_2025,VNA25-BDFD9F5D73,MERGED_INTO
VN_ADMIN_PRE_2025,VNAP25-D10DC1FA11,VN_ADMIN_2025,VNA25-AD66AA3A73,MERGED_INTO
VN_ADMIN_PRE_2025,VNAP25-6EC8CC5DEA,VN_ADMIN_2025,VNA25-336A46736C,MERGED_INTO
VN_ADMIN_PRE_2025,VNAP25-6F3D1CF827,VN_ADMIN_2025,VNA25-336A46736C,MERGED_INTO
VN_ADMIN_PRE_2025,VNAP25-56F7E66617,VN_ADMIN_2025,VNA25-C41FD4C4A8,MERGED_INTO
VN_ADMIN_PRE_2025,VNAP25-9ACEC98B3A,VN_ADMIN_2025,VNA25-8BEFC3D931,MERGED_INTO
VN_ADMIN_PRE_2025,VNAP25-F1EFF40BC2,VN_ADMIN_2025,VNA25-336A46736C,MERGED_INTO
VN_ADMIN_PRE_2025,VNAP25-AE61044CF3,VN_ADMIN_2025,VNA25-9076111BBC,MERGED_INTO
VN_ADMIN_PRE_2025,VNAP25-02104D864C,VN_ADMIN_2025,VNA25-FFE3D94D46,MERGED_INTO
VN_ADMIN_PRE_2025,VNAP25-C5D4388A1A,VN_ADMIN_2025,VNA25-8BEFC3D931,MERGED_INTO
VN_ADMIN_PRE_2025,VNAP25-C6BC78CE49,VN_ADMIN_2025,VNA25-C41FD4C4A8,MERGED_INTO
VN_ADMIN_PRE_2025,VNAP25-6CEFC3EA68,VN_ADMIN_2025,VNA25-336A46736C,MERGED_INTO
VN_ADMIN_PRE_2025,VNAP25-9A3DC15CED,VN_ADMIN_2025,VNA25-AD66AA3A73,MERGED_INTO
VN_ADMIN_PRE_2025,VNAP25-8527BBA2B8,VN_ADMIN_2025,VNA25-0DE6BDCDEF,MERGED_INTO
VN_ADMIN_PRE_2025,VNAP25-33FA4685B5,VN_ADMIN_2025,VNA25-336A46736C,MERGED_INTO
VN_ADMIN_PRE_2025,VNAP25-C0F5A6046D,VN_ADMIN_2025,VNA25-BDFD9F5D73,MERGED_INTO
VN_ADMIN_PRE_2025,VNAP25-F52737DF7C,VN_ADMIN_2025,VNA25-9076111BBC,MERGED_INTO
VN_ADMIN_PRE_2025,VNAP25-F7A12F8942,VN_ADMIN_2025,VNA25-E1AC6A3BE5,MERGED_INTO
VN_ADMIN_PRE_2025,VNAP25-6FA43C69C9,VN_ADMIN_2025,VNA25-E1AC6A3BE5,MERGED_INTO
VN_ADMIN_PRE_2025,VNAP25-41D12FDD32,VN_ADMIN_2025,VNA25-1ECD20DA48,MERGED_INTO
VN_ADMIN_PRE_2025,VNAP25-B07589902C,VN_ADMIN_2025,VNA25-D3EB13731C,MERGED_INTO
VN_ADMIN_PRE_2025,VNAP25-FF1333F4D7,VN_ADMIN_2025,VNA25-A74A00850F,MERGED_INTO
VN_ADMIN_PRE_2025,VNAP25-6275A91ED3,VN_ADMIN_2025,VNA25-EA09426FCD,MERGED_INTO
VN_ADMIN_PRE_2025,VNAP25-AD0D50BF0F,VN_ADMIN_2025,VNA25-A74A00850F,MERGED_INTO
VN_ADMIN_PRE_2025,VNAP25-D3EFF9C4A5,VN_ADMIN_2025,VNA25-DE8F32EB63,MERGED_INTO
VN_ADMIN_PRE_2025,VNAP25-4B61ED03B2,VN_ADMIN_2025,VNA25-1ECD20DA48,MERGED_INTO
VN_ADMIN_PRE_2025,VNAP25-A686440D6B,VN_ADMIN_2025,VNA25-EA09426FCD,MERGED_INTO
VN_ADMIN_PRE_2025,VNAP25-7F01536F20,VN_ADMIN_2025,VNA25-A74A00850F,MERGED_INTO
VN_ADMIN_PRE_2025,VNAP25-BEEA217D57,VN_ADMIN_2025,VNA25-E4A589A673,MERGED_INTO
VN_ADMIN_PRE_2025,VNAP25-22750DA0E7,VN_ADMIN_2025,VNA25-E4A589A673,MERGED_INTO
VN_ADMIN_PRE_2025,VNAP25-7152F4A688,VN_ADMIN_2025,VNA25-5A51A442B0,SAME_AS
VN_ADMIN_PRE_2025,VNAP25-434F1D05F3,VN_ADMIN_2025,VNA25-DE8F32EB63,MERGED_INTO
VN_ADMIN_PRE_2025,VNAP25-DC46922C6F,VN_ADMIN_2025,VNA25-E1AC6A3BE5,MERGED_INTO
VN_ADMIN_PRE_2025,VNAP25-B838293593,VN_ADMIN_2025,VNA25-D3EB13731C,MERGED_INTO
VN_ADMIN_PRE_2025,VNAP25-CE34195B93,VN_ADMIN_2025,VNA25-3B64162BE5,MERGED_INTO
VN_ADMIN_PRE_2025,VNAP25-97A49837ED,VN_ADMIN_2025,VNA25-D6C2D3659F,MERGED_INTO
VN_ADMIN_PRE_2025,VNAP25-DB1EB9A0BB,VN_ADMIN_2025,VNA25-D6C2D3659F,MERGED_INTO
VN_ADMIN_PRE_2025,VNAP25-A712B1EB12,VN_ADMIN_2025,VNA25-F767CAED86,MERGED_INTO
VN_ADMIN_PRE_2025,VNAP25-B33E91A653,VN_ADMIN_2025,VNA25-C077943E16,MERGED_INTO
VN_ADMIN_PRE_2025,VNAP25-7B8EA6CAE3,VN_ADMIN_2025,VNA25-F767CAED86,MERGED_INTO
VN_ADMIN_PRE_2025,VNAP25-F6EBFF71B3,VN_ADMIN_2025,VNA25-3B64162BE5,MERGED_INTO
VN_ADMIN_PRE_2025,VNAP25-A72B7D975D,VN_ADMIN_2025,VNA25-594ED0F1F7,MERGED_INTO
VN_ADMIN_PRE_2025,VNAP25-0EF9B8A4F1,VN_ADMIN_2025,VNA25-D6C2D3659F,MERGED_INTO
VN_ADMIN_PRE_2025,VNAP25-B429F6FCFF,VN_ADMIN_2025,VNA25-594ED0F1F7,MERGED_INTO
VN_ADMIN_PRE_2025,VNAP25-C899A37B1A,VN_ADMIN_2025,VNA25-594ED0F1F7,MERGED_INTO
VN_ADMIN_PRE_2025,VNAP25-FE587E743D,VN_ADMIN_2025,VNA25-3B64162BE5,MERGED_INTO
VN_ADMIN_PRE_2025,VNAP25-307C324EB7,VN_ADMIN_2025,VNA25-F767CAED86,MERGED_INTO
VN_ADMIN_PRE_2025,VNAP25-FD7960A354,VN_ADMIN_2025,VNA25-C077943E16,MERGED_INTO
VN_ADMIN_PRE_2025,VNAP25-B2E09DAD74,VN_ADMIN_2025,VNA25-F7728FC61C,MERGED_INTO
VN_ADMIN_PRE_2025,VNAP25-8763D355DE,VN_ADMIN_2025,VNA25-594ED0F1F7,MERGED_INTO
VN_ADMIN_PRE_2025,VNAP25-567F05E003,VN_ADMIN_2025,VNA25-3B64162BE5,MERGED_INTO
VN_ADMIN_PRE_2025,VNAP25-154A186791,VN_ADMIN_2025,VNA25-D6C2D3659F,MERGED_INTO
VN_ADMIN_PRE_2025,VNAP25-E3D15E838C,VN_ADMIN_2025,VNA25-594ED0F1F7,MERGED_INTO
VN_ADMIN_PRE_2025,VNAP25-C02D562A66,VN_ADMIN_2025,VNA25-E45CAF700B,MERGED_INTO
VN_ADMIN_PRE_2025,VNAP25-5863408862,VN_ADMIN_2025,VNA25-E45CAF700B,MERGED_INTO
VN_ADMIN_PRE_2025,VNAP25-17DA238FB0,VN_ADMIN_2025,VNA25-664DEEF067,MERGED_INTO
VN_ADMIN_PRE_2025,VNAP25-FADEC06DCE,VN_ADMIN_2025,VNA25-E45CAF700B,MERGED_INTO
VN_ADMIN_PRE_2025,VNAP25-DB7EACD4C5,VN_ADMIN_2025,VNA25-DFF2B4382B,MERGED_INTO
VN_ADMIN_PRE_2025,VNAP25-B6D095D81D,VN_ADMIN_2025,VNA25-E45CAF700B,MERGED_INTO
VN_ADMIN_PRE_2025,VNAP25-D92C8870ED,VN_ADMIN_2025,VNA25-B455F255A5,MERGED_INTO
VN_ADMIN_PRE_2025,VNAP25-65BADE9851,VN_ADMIN_2025,VNA25-DFF2B4382B,MERGED_INTO
VN_ADMIN_PRE_2025,VNAP25-88C57AD899,VN_ADMIN_2025,VNA25-B455F255A5,MERGED_INTO
VN_ADMIN_PRE_2025,VNAP25-1E2F944A3C,VN_ADMIN_2025,VNA25-DFF2B4382B,MERGED_INTO
VN_ADMIN_PRE_2025,VNAP25-84C6E7BECB,VN_ADMIN_2025,VNA25-664DEEF067,MERGED_INTO
VN_ADMIN_PRE_2025,VNAP25-FA502F0C6A,VN_ADMIN_2025,VNA25-B455F255A5,MERGED_INTO
VN_ADMIN_PRE_2025,VNAP25-6EC302523F,VN_ADMIN_2025,VNA25-B455F255A5,MERGED_INTO
VN_ADMIN_PRE_2025,VNAP25-314E158777,VN_ADMIN_2025,VNA25-664DEEF067,MERGED_INTO
VN_ADMIN_PRE_2025,VNAP25-E990E14672,VN_ADMIN_2025,VNA25-B455F255A5,MERGED_INTO
VN_ADMIN_PRE_2025,VNAP25-2020AD9DBD,VN_ADMIN_2025,VNA25-DFF2B4382B,MERGED_INTO
VN_ADMIN_PRE_2025,VNAP25-7840B7EA40,VN_ADMIN_2025,VNA25-664DEEF067,MERGED_INTO
VN_ADMIN_PRE_2025,VNAP25-68FDE36359,VN_ADMIN_2025,VNA25-1B2DC7E9C0,MERGED_INTO
VN_ADMIN_PRE_2025,VNAP25-AE25081531,VN_ADMIN_2025,VNA25-DDA1BEB7CF,MERGED_INTO
VN_ADMIN_PRE_2025,VNAP25-00AD74BBBD,VN_ADMIN_2025,VNA25-46A657C69F,MERGED_INTO
VN_ADMIN_PRE_2025,VNAP25-AF58888A69,VN_ADMIN_2025,VNA25-ECCB8EA38C,MERGED_INTO
VN_ADMIN_PRE_2025,VNAP25-EB27315D69,VN_ADMIN_2025,VNA25-ECCB8EA38C,MERGED_INTO
VN_ADMIN_PRE_2025,VNAP25-98EF6DB29E,VN_ADMIN_2025,VNA25-F248BFE24C,MERGED_INTO
VN_ADMIN_PRE_2025,VNAP25-F6AE5BE46D,VN_ADMIN_2025,VNA25-DDA1BEB7CF,MERGED_INTO
VN_ADMIN_PRE_2025,VNAP25-38D8BCBD5C,VN_ADMIN_2025,VNA25-F248BFE24C,MERGED_INTO
VN_ADMIN_PRE_2025,VNAP25-510A1FFBBE,VN_ADMIN_2025,VNA25-46A657C69F,MERGED_INTO
VN_ADMIN_PRE_2025,VNAP25-024D77172A,VN_ADMIN_2025,VNA25-ECCB8EA38C,MERGED_INTO
VN_ADMIN_PRE_2025,VNAP25-BDF9715BE2,VN_ADMIN_2025,VNA25-DDA1BEB7CF,MERGED_INTO
VN_ADMIN_PRE_2025,VNAP25-FC91C4B537,VN_ADMIN_2025,VNA25-F248BFE24C,MERGED_INTO
VN_ADMIN_PRE_2025,VNAP25-A4679BA1B5,VN_ADMIN_2025,VNA25-1B2DC7E9C0,MERGED_INTO
VN_ADMIN_PRE_2025,VNAP25-1985299514,VN_ADMIN_2025,VNA25-F248BFE24C,MERGED_INTO
VN_ADMIN_PRE_2025,VNAP25-96B2F11BD1,VN_ADMIN_2025,VNA25-F248BFE24C,MERGED_INTO
VN_ADMIN_PRE_2025,VNAP25-B900857336,VN_ADMIN_2025,VNA25-1B2DC7E9C0,MERGED_INTO
VN_ADMIN_PRE_2025,VNAP25-A136B747B7,VN_ADMIN_2025,VNA25-46A657C69F,MERGED_INTO
VN_ADMIN_PRE_2025,VNAP25-9F3EEB8BC8,VN_ADMIN_2025,VNA25-090E839D25,MERGED_INTO
VN_ADMIN_PRE_2025,VNAP25-96ABA57F09,VN_ADMIN_2025,VNA25-62865F0811,MERGED_INTO
VN_ADMIN_PRE_2025,VNAP25-1068DA9B83,VN_ADMIN_2025,VNA25-1D8B78C246,MERGED_INTO
VN_ADMIN_PRE_2025,VNAP25-F73A29364A,VN_ADMIN_2025,VNA25-B7C8279AB7,MERGED_INTO
VN_ADMIN_PRE_2025,VNAP25-B6EBAC51A7,VN_ADMIN_2025,VNA25-1D8B78C246,MERGED_INTO
VN_ADMIN_PRE_2025,VNAP25-19740F6255,VN_ADMIN_2025,VNA25-DF86290ADC,MERGED_INTO
VN_ADMIN_PRE_2025,VNAP25-88854CD942,VN_ADMIN_2025,VNA25-090E839D25,MERGED_INTO
VN_ADMIN_PRE_2025,VNAP25-55C70C418E,VN_ADMIN_2025,VNA25-DF86290ADC,MERGED_INTO
VN_ADMIN_PRE_2025,VNAP25-AF581C63B1,VN_ADMIN_2025,VNA25-62865F0811,MERGED_INTO
VN_ADMIN_PRE_2025,VNAP25-5DEA3F4855,VN_ADMIN_2025,VNA25-B7C8279AB7,MERGED_INTO
VN_ADMIN_PRE_2025,VNAP25-7B974E0FAA,VN_ADMIN_2025,VNA25-62865F0811,MERGED_INTO
VN_ADMIN_PRE_2025,VNAP25-E2D5DCD488,VN_ADMIN_2025,VNA25-090E839D25,MERGED_INTO
VN_ADMIN_PRE_2025,VNAP25-1AB0F14DF2,VN_ADMIN_2025,VNA25-DF86290ADC,MERGED_INTO
VN_ADMIN_PRE_2025,VNAP25-301C56251F,VN_ADMIN_2025,VNA25-1D8B78C246,MERGED_INTO
VN_ADMIN_PRE_2025,VNAP25-134ED1DE84,VN_ADMIN_2025,VNA25-B7C8279AB7,MERGED_INTO
VN_ADMIN_PRE_2025,VNAP25-3C13ABB6E2,VN_ADMIN_2025,VNA25-A3B1193828,MERGED_INTO
VN_ADMIN_PRE_2025,VNAP25-2D2E058A7B,VN_ADMIN_2025,VNA25-7D14AE3A2B,MERGED_INTO
VN_ADMIN_PRE_2025,VNAP25-3B81692FA5,VN_ADMIN_2025,VNA25-A3B1193828,MERGED_INTO
VN_ADMIN_PRE_2025,VNAP25-B26BB0DF79,VN_ADMIN_2025,VNA25-A3B1193828,MERGED_INTO
VN_ADMIN_PRE_2025,VNAP25-24B9F7E5AF,VN_ADMIN_2025,VNA25-D1A651266B,MERGED_INTO
VN_ADMIN_PRE_2025,VNAP25-22649F8DF5,VN_ADMIN_2025,VNA25-D1A651266B,MERGED_INTO
VN_ADMIN_PRE_2025,VNAP25-4581889AD3,VN_ADMIN_2025,VNA25-D1A651266B,MERGED_INTO
VN_ADMIN_PRE_2025,VNAP25-D404EC04CA,VN_ADMIN_2025,VNA25-D1A651266B,MERGED_INTO
VN_ADMIN_PRE_2025,VNAP25-A8E1F7F227,VN_ADMIN_2025,VNA25-EFEA852E33,MERGED_INTO
VN_ADMIN_PRE_2025,VNAP25-1671714F0A,VN_ADMIN_2025,VNA25-0C4D51F7F5,MERGED_INTO
VN_ADMIN_PRE_2025,VNAP25-E73E311705,VN_ADMIN_2025,VNA25-7D14AE3A2B,MERGED_INTO
VN_ADMIN_PRE_2025,VNAP25-EC8270ED93,VN_ADMIN_2025,VNA25-1CA7FB745E,MERGED_INTO
VN_ADMIN_PRE_2025,VNAP25-2D26959743,VN_ADMIN_2025,VNA25-EDF6AF72DF,MERGED_INTO
VN_ADMIN_PRE_2025,VNAP25-E92E174862,VN_ADMIN_2025,VNA25-EFEA852E33,MERGED_INTO
VN_ADMIN_PRE_2025,VNAP25-DF8BEF477D,VN_ADMIN_2025,VNA25-EFEA852E33,MERGED_INTO
VN_ADMIN_PRE_2025,VNAP25-A8DC43AF78,VN_ADMIN_2025,VNA25-EDF6AF72DF,MERGED_INTO
VN_ADMIN_PRE_2025,VNAP25-930E282A30,VN_ADMIN_2025,VNA25-EFEA852E33,MERGED_INTO
VN_ADMIN_PRE_2025,VNAP25-74DE5D4905,VN_ADMIN_2025,VNA25-1CA7FB745E,MERGED_INTO
VN_ADMIN_PRE_2025,VNAP25-7074A13B5D,VN_ADMIN_2025,VNA25-0C4D51F7F5,MERGED_INTO
VN_ADMIN_PRE_2025,VNAP25-8D403BAFA3,VN_ADMIN_2025,VNA25-EDF6AF72DF,MERGED_INTO
VN_ADMIN_PRE_2025,VNAP25-6E18D7EE00,VN_ADMIN_2025,VNA25-EDF6AF72DF,MERGED_INTO
VN_ADMIN_PRE_2025,VNAP25-B672D4AB26,VN_ADMIN_2025,VNA25-0C4D51F7F5,MERGED_INTO
VN_ADMIN_PRE_2025,VNAP25-ADE5B24751,VN_ADMIN_2025,VNA25-BD7DFEEA11,MERGED_INTO
VN_ADMIN_PRE_2025,VNAP25-3AB6264CF4,VN_ADMIN_2025,VNA25-A96C273939,MERGED_INTO
VN_ADMIN_PRE_2025,VNAP25-759044E850,VN_ADMIN_2025,VNA25-A96C273939,MERGED_INTO
VN_ADMIN_PRE_2025,VNAP25-F0A90F2414,VN_ADMIN_2025,VNA25-DF86290ADC,MERGED_INTO
VN_ADMIN_PRE_2025,VNAP25-AB713B24D7,VN_ADMIN_2025,VNA25-80EDB0DE12,MERGED_INTO
VN_ADMIN_PRE_2025,VNAP25-F3108DDC4B,VN_ADMIN_2025,VNA25-B19A7BA073,MERGED_INTO
VN_ADMIN_PRE_2025,VNAP25-34D1769B1B,VN_ADMIN_2025,VNA25-E5BB6DE7AB,MERGED_INTO
VN_ADMIN_PRE_2025,VNAP25-2BD780FEEA,VN_ADMIN_2025,VNA25-1CA7FB745E,MERGED_INTO
VN_ADMIN_PRE_2025,VNAP25-4439A7CE90,VN_ADMIN_2025,VNA25-80EDB0DE12,MERGED_INTO
VN_ADMIN_PRE_2025,VNAP25-AE0782A621,VN_ADMIN_2025,VNA25-E5BB6DE7AB,MERGED_INTO
VN_ADMIN_PRE_2025,VNAP25-12021240AC,VN_ADMIN_2025,VNA25-80EDB0DE12,MERGED_INTO
VN_ADMIN_PRE_2025,VNAP25-04608C7493,VN_ADMIN_2025,VNA25-A96C273939,MERGED_INTO
VN_ADMIN_PRE_2025,VNAP25-215718FA59,VN_ADMIN_2025,VNA25-A96C273939,MERGED_INTO
VN_ADMIN_PRE_2025,VNAP25-BC0D0F3525,VN_ADMIN_2025,VNA25-52E2F58CFB,MERGED_INTO
VN_ADMIN_PRE_2025,VNAP25-17310BD8D5,VN_ADMIN_2025,VNA25-52E2F58CFB,MERGED_INTO
VN_ADMIN_PRE_2025,VNAP25-8C09A310D4,VN_ADMIN_2025,VNA25-E5BB6DE7AB,MERGED_INTO
VN_ADMIN_PRE_2025,VNAP25-37E8187FB8,VN_ADMIN_2025,VNA25-B19A7BA073,MERGED_INTO
VN_ADMIN_PRE_2025,VNAP25-452AD523BE,VN_ADMIN_2025,VNA25-B19A7BA073,MERGED_INTO
VN_ADMIN_PRE_2025,VNAP25-533C14E4DE,VN_ADMIN_2025,VNA25-BD7DFEEA11,MERGED_INTO
VN_ADMIN_PRE_2025,VNAP25-AABA2FA9C9,VN_ADMIN_2025,VNA25-BD7DFEEA11,MERGED_INTO
VN_ADMIN_PRE_2025,VNAP25-A47A7AEFBF,VN_ADMIN_2025,VNA25-E47FA1276D,MERGED_INTO
VN_ADMIN_PRE_2025,VNAP25-8AC376ECA9,VN_ADMIN_2025,VNA25-DBE9880CA8,MERGED_INTO
VN_ADMIN_PRE_2025,VNAP25-2957C5C718,VN_ADMIN_2025,VNA25-86958BB292,MERGED_INTO
VN_ADMIN_PRE_2025,VNAP25-57194D337E,VN_ADMIN_2025,VNA25-DBE9880CA8,MERGED_INTO
VN_ADMIN_PRE_2025,VNAP25-4968FA0B50,VN_ADMIN_2025,VNA25-ACED4D5E1D,MERGED_INTO
VN_ADMIN_PRE_2025,VNAP25-D2320AAB83,VN_ADMIN_2025,VNA25-86958BB292,MERGED_INTO
VN_ADMIN_PRE_2025,VNAP25-401DF616C1,VN_ADMIN_2025,VNA25-68EC79754D,MERGED_INTO
VN_ADMIN_PRE_2025,VNAP25-D3E58893F4,VN_ADMIN_2025,VNA25-86958BB292,MERGED_INTO
VN_ADMIN_PRE_2025,VNAP25-C2E6F13070,VN_ADMIN_2025,VNA25-DBE9880CA8,MERGED_INTO
VN_ADMIN_PRE_2025,VNAP25-45B476B020,VN_ADMIN_2025,VNA25-ACED4D5E1D,MERGED_INTO
VN_ADMIN_PRE_2025,VNAP25-9A1F935D4A,VN_ADMIN_2025,VNA25-68EC79754D,MERGED_INTO
VN_ADMIN_PRE_2025,VNAP25-5A6349A9C1,VN_ADMIN_2025,VNA25-ACED4D5E1D,MERGED_INTO
VN_ADMIN_PRE_2025,VNAP25-6C1A8A0B9D,VN_ADMIN_2025,VNA25-E47FA1276D,MERGED_INTO
VN_ADMIN_PRE_2025,VNAP25-71A27B62C1,VN_ADMIN_2025,VNA25-E47FA1276D,MERGED_INTO
VN_ADMIN_PRE_2025,VNAP25-C1E3123BC6,VN_ADMIN_2025,VNA25-D1DFAFF354,MERGED_INTO
VN_ADMIN_PRE_2025,VNAP25-3682414CFC,VN_ADMIN_2025,VNA25-C402502A60,MERGED_INTO
VN_ADMIN_PRE_2025,VNAP25-7FA5602E08,VN_ADMIN_2025,VNA25-EDB64C33F1,MERGED_INTO
VN_ADMIN_PRE_2025,VNAP25-2B7E4F2916,VN_ADMIN_2025,VNA25-73E1E67AA5,MERGED_INTO
VN_ADMIN_PRE_2025,VNAP25-A650DA4D75,VN_ADMIN_2025,VNA25-D1DFAFF354,MERGED_INTO
VN_ADMIN_PRE_2025,VNAP25-28361F8199,VN_ADMIN_2025,VNA25-3F78EDC91C,MERGED_INTO
VN_ADMIN_PRE_2025,VNAP25-A513108C8A,VN_ADMIN_2025,VNA25-297E315FC9,MERGED_INTO
VN_ADMIN_PRE_2025,VNAP25-6C02CCDF11,VN_ADMIN_2025,VNA25-73E1E67AA5,MERGED_INTO
VN_ADMIN_PRE_2025,VNAP25-CDE909FB2C,VN_ADMIN_2025,VNA25-3F78EDC91C,MERGED_INTO
VN_ADMIN_PRE_2025,VNAP25-2AF8B58F48,VN_ADMIN_2025,VNA25-D1DFAFF354,MERGED_INTO
VN_ADMIN_PRE_2025,VNAP25-633EB9D177,VN_ADMIN_2025,VNA25-297E315FC9,MERGED_INTO
VN_ADMIN_PRE_2025,VNAP25-AD262AC0FD,VN_ADMIN_2025,VNA25-C402502A60,MERGED_INTO
VN_ADMIN_PRE_2025,VNAP25-BDC891A7BC,VN_ADMIN_2025,VNA25-3F78EDC91C,MERGED_INTO
VN_ADMIN_PRE_2025,VNAP25-0A421614E4,VN_ADMIN_2025,VNA25-C402502A60,MERGED_INTO
VN_ADMIN_PRE_2025,VNAP25-CC943123CC,VN_ADMIN_2025,VNA25-EDB64C33F1,MERGED_INTO
VN_ADMIN_PRE_2025,VNAP25-C624248FE0,VN_ADMIN_2025,VNA25-73E1E67AA5,MERGED_INTO
VN_ADMIN_PRE_2025,VNAP25-645BFA021E,VN_ADMIN_2025,VNA25-297E315FC9,MERGED_INTO
VN_ADMIN_PRE_2025,VNAP25-9A1506FA72,VN_ADMIN_2025,VNA25-D5C0F0FF4F,MERGED_INTO
VN_ADMIN_PRE_2025,VNAP25-CC2A9A75D7,VN_ADMIN_2025,VNA25-4F53315D65,MERGED_INTO
VN_ADMIN_PRE_2025,VNAP25-B8896ACAA6,VN_ADMIN_2025,VNA25-4F53315D65,MERGED_INTO
VN_ADMIN_PRE_2025,VNAP25-1F422DCCAD,VN_ADMIN_2025,VNA25-AD4550151D,MERGED_INTO
VN_ADMIN_PRE_2025,VNAP25-CAF1DAD407,VN_ADMIN_2025,VNA25-677E45CCA4,MERGED_INTO
VN_ADMIN_PRE_2025,VNAP25-051DBE592B,VN_ADMIN_2025,VNA25-AD4550151D,MERGED_INTO
VN_ADMIN_PRE_2025,VNAP25-E64AAB7C35,VN_ADMIN_2025,VNA25-D5C0F0FF4F,MERGED_INTO
VN_ADMIN_PRE_2025,VNAP25-9E5EE308A4,VN_ADMIN_2025,VNA25-FF2295844E,SAME_AS
VN_ADMIN_PRE_2025,VNAP25-29486384BF,VN_ADMIN_2025,VNA25-677E45CCA4,MERGED_INTO
VN_ADMIN_PRE_2025,VNAP25-CD10C85D82,VN_ADMIN_2025,VNA25-4F53315D65,MERGED_INTO
VN_ADMIN_PRE_2025,VNAP25-B300D14045,VN_ADMIN_2025,VNA25-1098A8C038,MERGED_INTO
VN_ADMIN_PRE_2025,VNAP25-D406084A5A,VN_ADMIN_2025,VNA25-EDE6EFFE30,MERGED_INTO
VN_ADMIN_PRE_2025,VNAP25-B809F1D931,VN_ADMIN_2025,VNA25-EDE6EFFE30,MERGED_INTO
VN_ADMIN_PRE_2025,VNAP25-3ACC94FB62,VN_ADMIN_2025,VNA25-9D84460E9D,MERGED_INTO
VN_ADMIN_PRE_2025,VNAP25-725D0CF2F4,VN_ADMIN_2025,VNA25-9D84460E9D,MERGED_INTO
VN_ADMIN_PRE_2025,VNAP25-368C28EDA6,VN_ADMIN_2025,VNA25-9D84460E9D,MERGED_INTO
VN_ADMIN_PRE_2025,VNAP25-60C5A81660,VN_ADMIN_2025,VNA25-EDE6EFFE30,MERGED_INTO
VN_ADMIN_PRE_2025,VNAP25-6D3993A1F5,VN_ADMIN_2025,VNA25-1098A8C038,MERGED_INTO
VN_ADMIN_PRE_2025,VNAP25-3B7176EAC1,VN_ADMIN_2025,VNA25-EDE6EFFE30,MERGED_INTO
VN_ADMIN_PRE_2025,VNAP25-AD424F5BA5,VN_ADMIN_2025,VNA25-1098A8C038,MERGED_INTO
VN_ADMIN_PRE_2025,VNAP25-6A02AE6597,VN_ADMIN_2025,VNA25-57209CB294,MERGED_INTO
VN_ADMIN_PRE_2025,VNAP25-CE5DE67995,VN_ADMIN_2025,VNA25-57209CB294,MERGED_INTO
VN_ADMIN_PRE_2025,VNAP25-1335EFA4B1,VN_ADMIN_2025,VNA25-57209CB294,MERGED_INTO
VN_ADMIN_PRE_2025,VNAP25-0AAB1CE44A,VN_ADMIN_2025,VNA25-55D4CF6DC2,MERGED_INTO
VN_ADMIN_PRE_2025,VNAP25-4B628FD50B,VN_ADMIN_2025,VNA25-57209CB294,MERGED_INTO
VN_ADMIN_PRE_2025,VNAP25-614986D872,VN_ADMIN_2025,VNA25-57209CB294,MERGED_INTO
VN_ADMIN_PRE_2025,VNAP25-59994B6625,VN_ADMIN_2025,VNA25-79A1D12708,MERGED_INTO
VN_ADMIN_PRE_2025,VNAP25-BC8261CB40,VN_ADMIN_2025,VNA25-79A1D12708,MERGED_INTO
VN_ADMIN_PRE_2025,VNAP25-D2E11ED832,VN_ADMIN_2025,VNA25-55D4CF6DC2,MERGED_INTO
VN_ADMIN_PRE_2025,VNAP25-83FC898D71,VN_ADMIN_2025,VNA25-79A1D12708,MERGED_INTO
VN_ADMIN_PRE_2025,VNAP25-6C3262F98E,VN_ADMIN_2025,VNA25-716EA7E44B,MERGED_INTO
VN_ADMIN_PRE_2025,VNAP25-B4DDEF5B3A,VN_ADMIN_2025,VNA25-A2B9F21984,MERGED_INTO
VN_ADMIN_PRE_2025,VNAP25-E5808CD981,VN_ADMIN_2025,VNA25-A2B9F21984,MERGED_INTO
VN_ADMIN_PRE_2025,VNAP25-A3B5D59392,VN_ADMIN_2025,VNA25-D62557919D,MERGED_INTO
VN_ADMIN_PRE_2025,VNAP25-7C132FD13E,VN_ADMIN_2025,VNA25-716EA7E44B,MERGED_INTO
VN_ADMIN_PRE_2025,VNAP25-02F19224B8,VN_ADMIN_2025,VNA25-716EA7E44B,MERGED_INTO
VN_ADMIN_PRE_2025,VNAP25-A3D972FAD0,VN_ADMIN_2025,VNA25-A4D2DA32DA,MERGED_INTO
VN_ADMIN_PRE_2025,VNAP25-FB3B4FB2FC,VN_ADMIN_2025,VNA25-D62557919D,MERGED_INTO
VN_ADMIN_PRE_2025,VNAP25-4D5F0717BE,VN_ADMIN_2025,VNA25-39D88085D7,MERGED_INTO
VN_ADMIN_PRE_2025,VNAP25-02690EDBA8,VN_ADMIN_2025,VNA25-39D88085D7,MERGED_INTO
VN_ADMIN_PRE_2025,VNAP25-0F516C8360,VN_ADMIN_2025,VNA25-A4D2DA32DA,MERGED_INTO
VN_ADMIN_PRE_2025,VNAP25-FA824641B6,VN_ADMIN_2025,VNA25-AB4CBDBD1F,MERGED_INTO
VN_ADMIN_PRE_2025,VNAP25-A3B467A5FF,VN_ADMIN_2025,VNA25-AB4CBDBD1F,MERGED_INTO
VN_ADMIN_PRE_2025,VNAP25-74C8C1B3A7,VN_ADMIN_2025,VNA25-B5AC760DDE,MERGED_INTO
VN_ADMIN_PRE_2025,VNAP25-FFFBFF55DC,VN_ADMIN_2025,VNA25-B5AC760DDE,MERGED_INTO
VN_ADMIN_PRE_2025,VNAP25-103E0C1D76,VN_ADMIN_2025,VNA25-AB4CBDBD1F,MERGED_INTO
VN_ADMIN_PRE_2025,VNAP25-C6D04DF872,VN_ADMIN_2025,VNA25-AB4CBDBD1F,MERGED_INTO
VN_ADMIN_PRE_2025,VNAP25-73707CEECF,VN_ADMIN_2025,VNA25-B5AC760DDE,MERGED_INTO
VN_ADMIN_PRE_2025,VNAP25-6F57FF783B,VN_ADMIN_2025,VNA25-9CF9ABE8B7,MERGED_INTO
VN_ADMIN_PRE_2025,VNAP25-750187AEF3,VN_ADMIN_2025,VNA25-9CF9ABE8B7,MERGED_INTO
VN_ADMIN_PRE_2025,VNAP25-D3A0662B92,VN_ADMIN_2025,VNA25-9CF9ABE8B7,MERGED_INTO
VN_ADMIN_PRE_2025,VNAP25-0B4A3A6600,VN_ADMIN_2025,VNA25-B2FCCC35FE,MERGED_INTO
VN_ADMIN_PRE_2025,VNAP25-E71A0246DF,VN_ADMIN_2025,VNA25-07123662F1,MERGED_INTO
VN_ADMIN_PRE_2025,VNAP25-B6E05DDF9E,VN_ADMIN_2025,VNA25-07123662F1,MERGED_INTO
VN_ADMIN_PRE_2025,VNAP25-F9730211AE,VN_ADMIN_2025,VNA25-BE8BC14340,MERGED_INTO
VN_ADMIN_PRE_2025,VNAP25-63FC4D814C,VN_ADMIN_2025,VNA25-BE8BC14340,MERGED_INTO
VN_ADMIN_PRE_2025,VNAP25-CFAC45C65D,VN_ADMIN_2025,VNA25-B2FCCC35FE,MERGED_INTO
VN_ADMIN_PRE_2025,VNAP25-3FC30F86AB,VN_ADMIN_2025,VNA25-07123662F1,MERGED_INTO
VN_ADMIN_PRE_2025,VNAP25-E2EA5CF00E,VN_ADMIN_2025,VNA25-BE8BC14340,MERGED_INTO
VN_ADMIN_PRE_2025,VNAP25-F8F3657C7F,VN_ADMIN_2025,VNA25-DBE6738602,MERGED_INTO
VN_ADMIN_PRE_2025,VNAP25-61483BD9D4,VN_ADMIN_2025,VNA25-DBE6738602,MERGED_INTO
VN_ADMIN_PRE_2025,VNAP25-95105C6934,VN_ADMIN_2025,VNA25-DBE6738602,MERGED_INTO
VN_ADMIN_PRE_2025,VNAP25-4B99B6ABDC,VN_ADMIN_2025,VNA25-5E85B3412B,MERGED_INTO
VN_ADMIN_PRE_2025,VNAP25-6CC7F50461,VN_ADMIN_2025,VNA25-5E85B3412B,MERGED_INTO
VN_ADMIN_PRE_2025,VNAP25-3C604D5FEE,VN_ADMIN_2025,VNA25-53953E7DCC,MERGED_INTO
VN_ADMIN_PRE_2025,VNAP25-1D0CFBF458,VN_ADMIN_2025,VNA25-53953E7DCC,MERGED_INTO
VN_ADMIN_PRE_2025,VNAP25-486E765EF3,VN_ADMIN_2025,VNA25-FEBEC02569,MERGED_INTO
VN_ADMIN_PRE_2025,VNAP25-FBB93AD4B0,VN_ADMIN_2025,VNA25-FEBEC02569,MERGED_INTO
VN_ADMIN_PRE_2025,VNAP25-2E972FE92D,VN_ADMIN_2025,VNA25-F6E6C1E75C,MERGED_INTO
VN_ADMIN_PRE_2025,VNAP25-4C270CAB48,VN_ADMIN_2025,VNA25-35FE423E32,MERGED_INTO
VN_ADMIN_PRE_2025,VNAP25-76B389FEE1,VN_ADMIN_2025,VNA25-35FE423E32,MERGED_INTO
VN_ADMIN_PRE_2025,VNAP25-4EEE9044A9,VN_ADMIN_2025,VNA25-B25B23CD2E,MERGED_INTO
VN_ADMIN_PRE_2025,VNAP25-EAD5C06E57,VN_ADMIN_2025,VNA25-A173108E59,MERGED_INTO
VN_ADMIN_PRE_2025,VNAP25-E246F62C3C,VN_ADMIN_2025,VNA25-A173108E59,MERGED_INTO
VN_ADMIN_PRE_2025,VNAP25-B4035EDFB6,VN_ADMIN_2025,VNA25-B25B23CD2E,MERGED_INTO
VN_ADMIN_PRE_2025,VNAP25-442C5A1AA8,VN_ADMIN_2025,VNA25-F6E6C1E75C,MERGED_INTO
VN_ADMIN_PRE_2025,VNAP25-26B89729AF,VN_ADMIN_2025,VNA25-F15E14D1ED,MERGED_INTO
VN_ADMIN_PRE_2025,VNAP25-CC2DBFACBF,VN_ADMIN_2025,VNA25-F15E14D1ED,MERGED_INTO
VN_ADMIN_PRE_2025,VNAP25-43FEB90C70,VN_ADMIN_2025,VNA25-45EA928F81,MERGED_INTO
VN_ADMIN_PRE_2025,VNAP25-2EDB6F9FCE,VN_ADMIN_2025,VNA25-B0FE7A84F0,MERGED_INTO
VN_ADMIN_PRE_2025,VNAP25-70BC686FD4,VN_ADMIN_2025,VNA25-B0FE7A84F0,MERGED_INTO
VN_ADMIN_PRE_2025,VNAP25-FE96965A09,VN_ADMIN_2025,VNA25-B2FCCC35FE,MERGED_INTO
VN_ADMIN_PRE_2025,VNAP25-7A11C2644D,VN_ADMIN_2025,VNA25-45EA928F81,MERGED_INTO
VN_ADMIN_PRE_2025,VNAP25-5ED35D4372,VN_ADMIN_2025,VNA25-45EA928F81,MERGED_INTO
VN_ADMIN_PRE_2025,VNAP25-70A931A1C9,VN_ADMIN_2025,VNA25-BBA6A2DEBF,MERGED_INTO
VN_ADMIN_PRE_2025,VNAP25-652B0A6E9A,VN_ADMIN_2025,VNA25-E98A42138F,MERGED_INTO
VN_ADMIN_PRE_2025,VNAP25-D1ADD96037,VN_ADMIN_2025,VNA25-D8AA10B112,MERGED_INTO
VN_ADMIN_PRE_2025,VNAP25-0EBB0C84F1,VN_ADMIN_2025,VNA25-731B1C5443,MERGED_INTO
VN_ADMIN_PRE_2025,VNAP25-72D3FB1044,VN_ADMIN_2025,VNA25-D8AA10B112,MERGED_INTO
VN_ADMIN_PRE_2025,VNAP25-A68D8C9FB8,VN_ADMIN_2025,VNA25-731B1C5443,MERGED_INTO
VN_ADMIN_PRE_2025,VNAP25-AA1C40B1EE,VN_ADMIN_2025,VNA25-E98A42138F,MERGED_INTO
VN_ADMIN_PRE_2025,VNAP25-82131EC995,VN_ADMIN_2025,VNA25-731B1C5443,MERGED_INTO
VN_ADMIN_PRE_2025,VNAP25-2095BCE926,VN_ADMIN_2025,VNA25-3586C637B7,MERGED_INTO
VN_ADMIN_PRE_2025,VNAP25-8AC2B7632B,VN_ADMIN_2025,VNA25-BBA6A2DEBF,MERGED_INTO
VN_ADMIN_PRE_2025,VNAP25-32245EABB0,VN_ADMIN_2025,VNA25-731B1C5443,MERGED_INTO
VN_ADMIN_PRE_2025,VNAP25-462D19EB25,VN_ADMIN_2025,VNA25-E98A42138F,MERGED_INTO
VN_ADMIN_PRE_2025,VNAP25-684C6BF995,VN_ADMIN_2025,VNA25-731B1C5443,MERGED_INTO
VN_ADMIN_PRE_2025,VNAP25-9418C90C84,VN_ADMIN_2025,VNA25-731B1C5443,MERGED_INTO
VN_ADMIN_PRE_2025,VNAP25-E8095B098F,VN_ADMIN_2025,VNA25-3586C637B7,MERGED_INTO
VN_ADMIN_PRE_2025,VNAP25-65DE410312,VN_ADMIN_2025,VNA25-BBA6A2DEBF,MERGED_INTO
VN_ADMIN_PRE_2025,VNAP25-CE684FF380,VN_ADMIN_2025,VNA25-E98A42138F,MERGED_INTO
VN_ADMIN_PRE_2025,VNAP25-F5170EEE71,VN_ADMIN_2025,VNA25-3B9B045AEF,MERGED_INTO
VN_ADMIN_PRE_2025,VNAP25-CC49EDC4DD,VN_ADMIN_2025,VNA25-5CAC2B743E,MERGED_INTO
VN_ADMIN_PRE_2025,VNAP25-A9D753E2D3,VN_ADMIN_2025,VNA25-138C319438,MERGED_INTO
VN_ADMIN_PRE_2025,VNAP25-93E883BCB4,VN_ADMIN_2025,VNA25-C92D0544CA,MERGED_INTO
VN_ADMIN_PRE_2025,VNAP25-80ACEF8993,VN_ADMIN_2025,VNA25-1094F36202,MERGED_INTO
VN_ADMIN_PRE_2025,VNAP25-F3259E0CAB,VN_ADMIN_2025,VNA25-138C319438,MERGED_INTO
VN_ADMIN_PRE_2025,VNAP25-60AEDBFA13,VN_ADMIN_2025,VNA25-1094F36202,MERGED_INTO
VN_ADMIN_PRE_2025,VNAP25-36597A0F98,VN_ADMIN_2025,VNA25-1094F36202,MERGED_INTO
VN_ADMIN_PRE_2025,VNAP25-A012124575,VN_ADMIN_2025,VNA25-3B9B045AEF,MERGED_INTO
VN_ADMIN_PRE_2025,VNAP25-F5C1D2B3ED,VN_ADMIN_2025,VNA25-138C319438,MERGED_INTO
VN_ADMIN_PRE_2025,VNAP25-BC7ADBC756,VN_ADMIN_2025,VNA25-C92D0544CA,MERGED_INTO
VN_ADMIN_PRE_2025,VNAP25-40C746C3BD,VN_ADMIN_2025,VNA25-3B9B045AEF,MERGED_INTO
VN_ADMIN_PRE_2025,VNAP25-911F03C5BA,VN_ADMIN_2025,VNA25-5CAC2B743E,MERGED_INTO
VN_ADMIN_PRE_2025,VNAP25-579218AAC7,VN_ADMIN_2025,VNA25-138C319438,MERGED_INTO
VN_ADMIN_PRE_2025,VNAP25-610E9EC615,VN_ADMIN_2025,VNA25-0D5AA02688,MERGED_INTO
VN_ADMIN_PRE_2025,VNAP25-F33E31BBFE,VN_ADMIN_2025,VNA25-0D5AA02688,MERGED_INTO
VN_ADMIN_PRE_2025,VNAP25-34001F0B08,VN_ADMIN_2025,VNA25-FE841B720E,MERGED_INTO
VN_ADMIN_PRE_2025,VNAP25-98A1808ED7,VN_ADMIN_2025,VNA25-FE841B720E,MERGED_INTO
VN_ADMIN_PRE_2025,VNAP25-AE05646D7A,VN_ADMIN_2025,VNA25-F43ADC842F,MERGED_INTO
VN_ADMIN_PRE_2025,VNAP25-9F5C4F8E6C,VN_ADMIN_2025,VNA25-236898C54D,MERGED_INTO
VN_ADMIN_PRE_2025,VNAP25-2705E8624B,VN_ADMIN_2025,VNA25-236898C54D,MERGED_INTO
VN_ADMIN_PRE_2025,VNAP25-8A3889623C,VN_ADMIN_2025,VNA25-FE841B720E,MERGED_INTO
VN_ADMIN_PRE_2025,VNAP25-42F5127E15,VN_ADMIN_2025,VNA25-F43ADC842F,MERGED_INTO
VN_ADMIN_PRE_2025,VNAP25-372EEDF58A,VN_ADMIN_2025,VNA25-F43ADC842F,MERGED_INTO
VN_ADMIN_PRE_2025,VNAP25-ACC42B868C,VN_ADMIN_2025,VNA25-236898C54D,MERGED_INTO
VN_ADMIN_PRE_2025,VNAP25-D01237917D,VN_ADMIN_2025,VNA25-0D5AA02688,MERGED_INTO
VN_ADMIN_PRE_2025,VNAP25-09EE330B80,VN_ADMIN_2025,VNA25-735D533147,MERGED_INTO
VN_ADMIN_PRE_2025,VNAP25-C3E7A92924,VN_ADMIN_2025,VNA25-A99F08862F,MERGED_INTO
VN_ADMIN_PRE_2025,VNAP25-C6374E7D9A,VN_ADMIN_2025,VNA25-A99F08862F,MERGED_INTO
VN_ADMIN_PRE_2025,VNAP25-9304AB9447,VN_ADMIN_2025,VNA25-E9A7D18FD0,MERGED_INTO
VN_ADMIN_PRE_2025,VNAP25-D525F34A39,VN_ADMIN_2025,VNA25-940878779E,MERGED_INTO
VN_ADMIN_PRE_2025,VNAP25-780B6CA2CE,VN_ADMIN_2025,VNA25-1786DF57C6,MERGED_INTO
VN_ADMIN_PRE_2025,VNAP25-810194BF28,VN_ADMIN_2025,VNA25-F0F86C9433,MERGED_INTO
VN_ADMIN_PRE_2025,VNAP25-E6F63A8D0A,VN_ADMIN_2025,VNA25-E9A7D18FD0,MERGED_INTO
VN_ADMIN_PRE_2025,VNAP25-EDB2541816,VN_ADMIN_2025,VNA25-A99F08862F,MERGED_INTO
VN_ADMIN_PRE_2025,VNAP25-D177B995BC,VN_ADMIN_2025,VNA25-F0F86C9433,MERGED_INTO
VN_ADMIN_PRE_2025,VNAP25-79284AE510,VN_ADMIN_2025,VNA25-1786DF57C6,MERGED_INTO
VN_ADMIN_PRE_2025,VNAP25-BA90ED870B,VN_ADMIN_2025,VNA25-735D533147,MERGED_INTO
VN_ADMIN_PRE_2025,VNAP25-AAC48F1B4F,VN_ADMIN_2025,VNA25-E9A7D18FD0,MERGED_INTO
VN_ADMIN_PRE_2025,VNAP25-08B7EDB5B0,VN_ADMIN_2025,VNA25-F0F86C9433,MERGED_INTO
VN_ADMIN_PRE_2025,VNAP25-C146B4D412,VN_ADMIN_2025,VNA25-4A7D4D0F36,MERGED_INTO
VN_ADMIN_PRE_2025,VNAP25-E6674A12C9,VN_ADMIN_2025,VNA25-4A7D4D0F36,MERGED_INTO
VN_ADMIN_PRE_2025,VNAP25-F70DB11CBD,VN_ADMIN_2025,VNA25-735D533147,MERGED_INTO
VN_ADMIN_PRE_2025,VNAP25-687F5FF706,VN_ADMIN_2025,VNA25-735D533147,MERGED_INTO
VN_ADMIN_PRE_2025,VNAP25-75DD7A703E,VN_ADMIN_2025,VNA25-1786DF57C6,MERGED_INTO
VN_ADMIN_PRE_2025,VNAP25-7F8A179D90,VN_ADMIN_2025,VNA25-940878779E,MERGED_INTO
VN_ADMIN_PRE_2025,VNAP25-6737C4ADDB,VN_ADMIN_2025,VNA25-645641CA52,MERGED_INTO
VN_ADMIN_PRE_2025,VNAP25-1618AF7FC1,VN_ADMIN_2025,VNA25-2F92E5F267,MERGED_INTO
VN_ADMIN_PRE_2025,VNAP25-2B468C68A6,VN_ADMIN_2025,VNA25-2C7FB5619F,MERGED_INTO
VN_ADMIN_PRE_2025,VNAP25-B347552F92,VN_ADMIN_2025,VNA25-2F92E5F267,MERGED_INTO
VN_ADMIN_PRE_2025,VNAP25-ABD40AC4FD,VN_ADMIN_2025,VNA25-9545BE857E,MERGED_INTO
VN_ADMIN_PRE_2025,VNAP25-91BB95DA67,VN_ADMIN_2025,VNA25-2F92E5F267,MERGED_INTO
VN_ADMIN_PRE_2025,VNAP25-39E3F01846,VN_ADMIN_2025,VNA25-645641CA52,MERGED_INTO
VN_ADMIN_PRE_2025,VNAP25-3A768D6B01,VN_ADMIN_2025,VNA25-645641CA52,MERGED_INTO
VN_ADMIN_PRE_2025,VNAP25-03FB9F188E,VN_ADMIN_2025,VNA25-2173D38962,MERGED_INTO
VN_ADMIN_PRE_2025,VNAP25-D72CE75813,VN_ADMIN_2025,VNA25-9545BE857E,MERGED_INTO
VN_ADMIN_PRE_2025,VNAP25-C6ECCEB16E,VN_ADMIN_2025,VNA25-68A088379B,MERGED_INTO
VN_ADMIN_PRE_2025,VNAP25-E450357993,VN_ADMIN_2025,VNA25-68A088379B,MERGED_INTO
VN_ADMIN_PRE_2025,VNAP25-816C28C717,VN_ADMIN_2025,VNA25-2F92E5F267,MERGED_INTO
VN_ADMIN_PRE_2025,VNAP25-E934E953F0,VN_ADMIN_2025,VNA25-9545BE857E,MERGED_INTO
VN_ADMIN_PRE_2025,VNAP25-A9BDDC917B,VN_ADMIN_2025,VNA25-2C7FB5619F,MERGED_INTO
VN_ADMIN_PRE_2025,VNAP25-AE261D3B02,VN_ADMIN_2025,VNA25-2173D38962,MERGED_INTO
VN_ADMIN_PRE_2025,VNAP25-323112B025,VN_ADMIN_2025,VNA25-2C7FB5619F,MERGED_INTO
VN_ADMIN_PRE_2025,VNAP25-617A246861,VN_ADMIN_2025,VNA25-9545BE857E,MERGED_INTO
VN_ADMIN_PRE_2025,VNAP25-E7AB227289,VN_ADMIN_2025,VNA25-02F34AD511,MERGED_INTO
VN_ADMIN_PRE_2025,VNAP25-C71C5119FE,VN_ADMIN_2025,VNA25-0356439BDB,MERGED_INTO
VN_ADMIN_PRE_2025,VNAP25-348F337637,VN_ADMIN_2025,VNA25-541981980C,MERGED_INTO
VN_ADMIN_PRE_2025,VNAP25-3FAD52C373,VN_ADMIN_2025,VNA25-0356439BDB,MERGED_INTO
VN_ADMIN_PRE_2025,VNAP25-0827D35C65,VN_ADMIN_2025,VNA25-01811DB9C5,MERGED_INTO
VN_ADMIN_PRE_2025,VNAP25-55B470E6F9,VN_ADMIN_2025,VNA25-541981980C,MERGED_INTO
VN_ADMIN_PRE_2025,VNAP25-D04D37E974,VN_ADMIN_2025,VNA25-B565AEA55C,MERGED_INTO
VN_ADMIN_PRE_2025,VNAP25-B7E21B7A6F,VN_ADMIN_2025,VNA25-02F34AD511,MERGED_INTO
VN_ADMIN_PRE_2025,VNAP25-D9F76E97C0,VN_ADMIN_2025,VNA25-B565AEA55C,MERGED_INTO
VN_ADMIN_PRE_2025,VNAP25-D2C701B663,VN_ADMIN_2025,VNA25-02F34AD511,MERGED_INTO
VN_ADMIN_PRE_2025,VNAP25-D39D4147C3,VN_ADMIN_2025,VNA25-B565AEA55C,MERGED_INTO
VN_ADMIN_PRE_2025,VNAP25-C3C8301F31,VN_ADMIN_2025,VNA25-01811DB9C5,MERGED_INTO
VN_ADMIN_PRE_2025,VNAP25-142112FD06,VN_ADMIN_2025,VNA25-0356439BDB,MERGED_INTO
VN_ADMIN_PRE_2025,VNAP25-52575C5AD3,VN_ADMIN_2025,VNA25-541981980C,MERGED_INTO
VN_ADMIN_PRE_2025,VNAP25-B5C7E65EB5,VN_ADMIN_2025,VNA25-5E2593D2BF,MERGED_INTO
VN_ADMIN_PRE_2025,VNAP25-4A1B9B49C5,VN_ADMIN_2025,VNA25-B5CA77924C,MERGED_INTO
VN_ADMIN_PRE_2025,VNAP25-F3258D59FC,VN_ADMIN_2025,VNA25-DC759020BC,MERGED_INTO
VN_ADMIN_PRE_2025,VNAP25-8333C80ED4,VN_ADMIN_2025,VNA25-B5CA77924C,MERGED_INTO
VN_ADMIN_PRE_2025,VNAP25-589D0E02AD,VN_ADMIN_2025,VNA25-DC759020BC,MERGED_INTO
VN_ADMIN_PRE_2025,VNAP25-46C133020F,VN_ADMIN_2025,VNA25-5E2593D2BF,MERGED_INTO
VN_ADMIN_PRE_2025,VNAP25-4161A08616,VN_ADMIN_2025,VNA25-B5CA77924C,MERGED_INTO
VN_ADMIN_PRE_2025,VNAP25-61142AF977,VN_ADMIN_2025,VNA25-5E2593D2BF,MERGED_INTO
VN_ADMIN_PRE_2025,VNAP25-614101DFDD,VN_ADMIN_2025,VNA25-8C1CBAB415,MERGED_INTO
VN_ADMIN_PRE_2025,VNAP25-A322ABED9A,VN_ADMIN_2025,VNA25-B5CA77924C,MERGED_INTO
VN_ADMIN_PRE_2025,VNAP25-1DFBD4799A,VN_ADMIN_2025,VNA25-DC759020BC,MERGED_INTO
VN_ADMIN_PRE_2025,VNAP25-59EFE9DB74,VN_ADMIN_2025,VNA25-8C1CBAB415,MERGED_INTO
VN_ADMIN_PRE_2025,VNAP25-F77500F8A6,VN_ADMIN_2025,VNA25-345F54CA5F,MERGED_INTO
VN_ADMIN_PRE_2025,VNAP25-74FD32C78B,VN_ADMIN_2025,VNA25-75B772C528,MERGED_INTO
VN_ADMIN_PRE_2025,VNAP25-0D0CA5FF63,VN_ADMIN_2025,VNA25-E2F092642D,MERGED_INTO
VN_ADMIN_PRE_2025,VNAP25-33D28BED61,VN_ADMIN_2025,VNA25-345F54CA5F,MERGED_INTO
VN_ADMIN_PRE_2025,VNAP25-6B66496818,VN_ADMIN_2025,VNA25-A976F2C3D9,MERGED_INTO
VN_ADMIN_PRE_2025,VNAP25-57899772E4,VN_ADMIN_2025,VNA25-D49427661F,MERGED_INTO
VN_ADMIN_PRE_2025,VNAP25-573BC5A749,VN_ADMIN_2025,VNA25-345F54CA5F,MERGED_INTO
VN_ADMIN_PRE_2025,VNAP25-74C065B81E,VN_ADMIN_2025,VNA25-75B772C528,MERGED_INTO
VN_ADMIN_PRE_2025,VNAP25-6555E05783,VN_ADMIN_2025,VNA25-D49427661F,MERGED_INTO
VN_ADMIN_PRE_2025,VNAP25-36B2298752,VN_ADMIN_2025,VNA25-75B772C528,MERGED_INTO
VN_ADMIN_PRE_2025,VNAP25-AD207FBB4A,VN_ADMIN_2025,VNA25-345F54CA5F,MERGED_INTO
VN_ADMIN_PRE_2025,VNAP25-61777BF4E7,VN_ADMIN_2025,VNA25-E2F092642D,MERGED_INTO
VN_ADMIN_PRE_2025,VNAP25-4F21EADA72,VN_ADMIN_2025,VNA25-E2F092642D,MERGED_INTO
VN_ADMIN_PRE_2025,VNAP25-AF8CB7F018,VN_ADMIN_2025,VNA25-A976F2C3D9,MERGED_INTO
VN_ADMIN_PRE_2025,VNAP25-CC682EA8B2,VN_ADMIN_2025,VNA25-9C21E90B46,MERGED_INTO
VN_ADMIN_PRE_2025,VNAP25-899683C0DC,VN_ADMIN_2025,VNA25-9C21E90B46,MERGED_INTO
VN_ADMIN_PRE_2025,VNAP25-EB72799A97,VN_ADMIN_2025,VNA25-E4882584C1,MERGED_INTO
VN_ADMIN_PRE_2025,VNAP25-199D2CC449,VN_ADMIN_2025,VNA25-7CC60A5F5E,MERGED_INTO
VN_ADMIN_PRE_2025,VNAP25-202D46D94B,VN_ADMIN_2025,VNA25-E4882584C1,MERGED_INTO
VN_ADMIN_PRE_2025,VNAP25-864FD8ED03,VN_ADMIN_2025,VNA25-4B9ED0283D,MERGED_INTO
VN_ADMIN_PRE_2025,VNAP25-C93EFF4E46,VN_ADMIN_2025,VNA25-4B9ED0283D,MERGED_INTO
VN_ADMIN_PRE_2025,VNAP25-E5166262EC,VN_ADMIN_2025,VNA25-9C21E90B46,MERGED_INTO
VN_ADMIN_PRE_2025,VNAP25-30827F7FC9,VN_ADMIN_2025,VNA25-5A8E2510FD,MERGED_INTO
VN_ADMIN_PRE_2025,VNAP25-41CF8E8A47,VN_ADMIN_2025,VNA25-5A8E2510FD,MERGED_INTO
VN_ADMIN_PRE_2025,VNAP25-4CFBFBECBF,VN_ADMIN_2025,VNA25-99A3BC50A9,MERGED_INTO
VN_ADMIN_PRE_2025,VNAP25-C1FDBF5A54,VN_ADMIN_2025,VNA25-99A3BC50A9,MERGED_INTO
VN_ADMIN_PRE_2025,VNAP25-3C5EA88F50,VN_ADMIN_2025,VNA25-99A3BC50A9,MERGED_INTO
VN_ADMIN_PRE_2025,VNAP25-0031CEFA20,VN_ADMIN_2025,VNA25-4B9ED0283D,MERGED_INTO
VN_ADMIN_PRE_2025,VNAP25-D23C205C6B,VN_ADMIN_2025,VNA25-A03D924650,MERGED_INTO
VN_ADMIN_PRE_2025,VNAP25-15FC621B1B,VN_ADMIN_2025,VNA25-A03D924650,MERGED_INTO
VN_ADMIN_PRE_2025,VNAP25-325C185178,VN_ADMIN_2025,VNA25-E4882584C1,MERGED_INTO
VN_ADMIN_PRE_2025,VNAP25-2D05EEA7DF,VN_ADMIN_2025,VNA25-7CC60A5F5E,MERGED_INTO
VN_ADMIN_PRE_2025,VNAP25-088C43D3B0,VN_ADMIN_2025,VNA25-A03D924650,MERGED_INTO
VN_ADMIN_PRE_2025,VNAP25-25CFB8071A,VN_ADMIN_2025,VNA25-7CC60A5F5E,MERGED_INTO
VN_ADMIN_PRE_2025,VNAP25-E31DD55354,VN_ADMIN_2025,VNA25-9C21E90B46,MERGED_INTO
VN_ADMIN_PRE_2025,VNAP25-05034E6575,VN_ADMIN_2025,VNA25-9C21E90B46,MERGED_INTO
VN_ADMIN_PRE_2025,VNAP25-8915E9D451,VN_ADMIN_2025,VNA25-358B247CA3,MERGED_INTO
VN_ADMIN_PRE_2025,VNAP25-5DE06B253F,VN_ADMIN_2025,VNA25-D9BDEC7CA3,MERGED_INTO
VN_ADMIN_PRE_2025,VNAP25-905D53207F,VN_ADMIN_2025,VNA25-1751FCD42D,MERGED_INTO
VN_ADMIN_PRE_2025,VNAP25-AE60043B1A,VN_ADMIN_2025,VNA25-69F2AA94CE,MERGED_INTO
VN_ADMIN_PRE_2025,VNAP25-D075CF6C63,VN_ADMIN_2025,VNA25-D9BDEC7CA3,MERGED_INTO
VN_ADMIN_PRE_2025,VNAP25-09DF069C57,VN_ADMIN_2025,VNA25-69F2AA94CE,MERGED_INTO
VN_ADMIN_PRE_2025,VNAP25-FB0770BD2F,VN_ADMIN_2025,VNA25-1751FCD42D,MERGED_INTO
VN_ADMIN_PRE_2025,VNAP25-07AB355CD1,VN_ADMIN_2025,VNA25-1751FCD42D,MERGED_INTO
VN_ADMIN_PRE_2025,VNAP25-0B31FEDC98,VN_ADMIN_2025,VNA25-1751FCD42D,MERGED_INTO
VN_ADMIN_PRE_2025,VNAP25-C743D0E0AF,VN_ADMIN_2025,VNA25-69F2AA94CE,MERGED_INTO
VN_ADMIN_PRE_2025,VNAP25-0C29B100CA,VN_ADMIN_2025,VNA25-CC72592E7B,MERGED_INTO
VN_ADMIN_PRE_2025,VNAP25-F93AD45E4E,VN_ADMIN_2025,VNA25-358B247CA3,MERGED_INTO
VN_ADMIN_PRE_2025,VNAP25-1697D02804,VN_ADMIN_2025,VNA25-734EDD0BE8,MERGED_INTO
VN_ADMIN_PRE_2025,VNAP25-ADDA09E5E9,VN_ADMIN_2025,VNA25-734EDD0BE8,MERGED_INTO
VN_ADMIN_PRE_2025,VNAP25-DDB3770679,VN_ADMIN_2025,VNA25-734EDD0BE8,MERGED_INTO
VN_ADMIN_PRE_2025,VNAP25-3351CB5753,VN_ADMIN_2025,VNA25-514CD91022,MERGED_INTO
VN_ADMIN_PRE_2025,VNAP25-F98E2D9751,VN_ADMIN_2025,VNA25-49EB641375,MERGED_INTO
VN_ADMIN_PRE_2025,VNAP25-A156751E9F,VN_ADMIN_2025,VNA25-8D87CFD1F5,MERGED_INTO
VN_ADMIN_PRE_2025,VNAP25-ADA6E70BEB,VN_ADMIN_2025,VNA25-E5B280E29E,MERGED_INTO
VN_ADMIN_PRE_2025,VNAP25-F7DD6CBF70,VN_ADMIN_2025,VNA25-6E37008CC5,MERGED_INTO
VN_ADMIN_PRE_2025,VNAP25-DCBCD60F5B,VN_ADMIN_2025,VNA25-514CD91022,MERGED_INTO
VN_ADMIN_PRE_2025,VNAP25-06BE68E117,VN_ADMIN_2025,VNA25-8D87CFD1F5,MERGED_INTO
VN_ADMIN_PRE_2025,VNAP25-195A102EA3,VN_ADMIN_2025,VNA25-6E37008CC5,MERGED_INTO
VN_ADMIN_PRE_2025,VNAP25-BF61294454,VN_ADMIN_2025,VNA25-6E37008CC5,MERGED_INTO
VN_ADMIN_PRE_2025,VNAP25-051432BE07,VN_ADMIN_2025,VNA25-49EB641375,MERGED_INTO
VN_ADMIN_PRE_2025,VNAP25-CFBE7FF3C8,VN_ADMIN_2025,VNA25-8D87CFD1F5,MERGED_INTO
VN_ADMIN_PRE_2025,VNAP25-098F944160,VN_ADMIN_2025,VNA25-514CD91022,MERGED_INTO
VN_ADMIN_PRE_2025,VNAP25-D61F71C249,VN_ADMIN_2025,VNA25-D393706CBB,MERGED_INTO
VN_ADMIN_PRE_2025,VNAP25-922C9A598D,VN_ADMIN_2025,VNA25-D393706CBB,MERGED_INTO
VN_ADMIN_PRE_2025,VNAP25-ECB24F0C42,VN_ADMIN_2025,VNA25-E5B280E29E,MERGED_INTO
VN_ADMIN_PRE_2025,VNAP25-59A32D0369,VN_ADMIN_2025,VNA25-E5B280E29E,MERGED_INTO
VN_ADMIN_PRE_2025,VNAP25-56FF0AA4EA,VN_ADMIN_2025,VNA25-B06485AE52,MERGED_INTO
VN_ADMIN_PRE_2025,VNAP25-A02628DADE,VN_ADMIN_2025,VNA25-3EF2113B07,MERGED_INTO
VN_ADMIN_PRE_2025,VNAP25-009F12FDBB,VN_ADMIN_2025,VNA25-B06485AE52,MERGED_INTO
VN_ADMIN_PRE_2025,VNAP25-00A3307654,VN_ADMIN_2025,VNA25-CC72592E7B,MERGED_INTO
VN_ADMIN_PRE_2025,VNAP25-E364204ACB,VN_ADMIN_2025,VNA25-F638CD2DF9,MERGED_INTO
VN_ADMIN_PRE_2025,VNAP25-963C585732,VN_ADMIN_2025,VNA25-3EF2113B07,MERGED_INTO
VN_ADMIN_PRE_2025,VNAP25-F85D40E2B3,VN_ADMIN_2025,VNA25-CC72592E7B,MERGED_INTO
VN_ADMIN_PRE_2025,VNAP25-F97D6F6387,VN_ADMIN_2025,VNA25-B06485AE52,MERGED_INTO
VN_ADMIN_PRE_2025,VNAP25-F6D9AC4148,VN_ADMIN_2025,VNA25-D7E4EAA1FE,MERGED_INTO
VN_ADMIN_PRE_2025,VNAP25-90AE42D872,VN_ADMIN_2025,VNA25-358B247CA3,MERGED_INTO
VN_ADMIN_PRE_2025,VNAP25-57C8DCA478,VN_ADMIN_2025,VNA25-F638CD2DF9,MERGED_INTO
VN_ADMIN_PRE_2025,VNAP25-220157D867,VN_ADMIN_2025,VNA25-3EF2113B07,MERGED_INTO
VN_ADMIN_PRE_2025,VNAP25-1866E32DD8,VN_ADMIN_2025,VNA25-D7E4EAA1FE,MERGED_INTO
VN_ADMIN_PRE_2025,VNAP25-A94FFF8B1C,VN_ADMIN_2025,VNA25-F638CD2DF9,MERGED_INTO
VN_ADMIN_PRE_2025,VNAP25-30F5BAC952,VN_ADMIN_2025,VNA25-D7E4EAA1FE,MERGED_INTO
VN_ADMIN_PRE_2025,VNAP25-1EABFA5D48,VN_ADMIN_2025,VNA25-3EF2113B07,MERGED_INTO
VN_ADMIN_PRE_2025,VNAP25-3A6FCCF68B,VN_ADMIN_2025,VNA25-0DE104D6AB,MERGED_INTO
VN_ADMIN_PRE_2025,VNAP25-FBB86915AB,VN_ADMIN_2025,VNA25-0DE104D6AB,MERGED_INTO
VN_ADMIN_PRE_2025,VNAP25-417F14922B,VN_ADMIN_2025,VNA25-4B906BF1D2,MERGED_INTO
VN_ADMIN_PRE_2025,VNAP25-4F91E52275,VN_ADMIN_2025,VNA25-0DE104D6AB,MERGED_INTO
VN_ADMIN_PRE_2025,VNAP25-9C099D1D21,VN_ADMIN_2025,VNA25-88E2DB8B7A,MERGED_INTO
VN_ADMIN_PRE_2025,VNAP25-E22440A502,VN_ADMIN_2025,VNA25-88272DC11B,MERGED_INTO
VN_ADMIN_PRE_2025,VNAP25-0D87D65850,VN_ADMIN_2025,VNA25-88E2DB8B7A,MERGED_INTO
VN_ADMIN_PRE_2025,VNAP25-9B6B666403,VN_ADMIN_2025,VNA25-88272DC11B,MERGED_INTO
VN_ADMIN_PRE_2025,VNAP25-57096D2529,VN_ADMIN_2025,VNA25-88E2DB8B7A,MERGED_INTO
VN_ADMIN_PRE_2025,VNAP25-ECAE820583,VN_ADMIN_2025,VNA25-4B906BF1D2,MERGED_INTO
VN_ADMIN_PRE_2025,VNAP25-6EE6BC06C6,VN_ADMIN_2025,VNA25-88272DC11B,MERGED_INTO
VN_ADMIN_PRE_2025,VNAP25-C56921D89E,VN_ADMIN_2025,VNA25-22F2F6A5DA,MERGED_INTO
VN_ADMIN_PRE_2025,VNAP25-D88A1B000A,VN_ADMIN_2025,VNA25-22F2F6A5DA,MERGED_INTO
VN_ADMIN_PRE_2025,VNAP25-EC63DFEDD5,VN_ADMIN_2025,VNA25-D501F4EE06,MERGED_INTO
VN_ADMIN_PRE_2025,VNAP25-A44D1968FE,VN_ADMIN_2025,VNA25-D501F4EE06,MERGED_INTO
VN_ADMIN_PRE_2025,VNAP25-A13924D70B,VN_ADMIN_2025,VNA25-22F2F6A5DA,MERGED_INTO
VN_ADMIN_PRE_2025,VNAP25-219B205634,VN_ADMIN_2025,VNA25-7A271D98A9,MERGED_INTO
VN_ADMIN_PRE_2025,VNAP25-B7B1AB27A1,VN_ADMIN_2025,VNA25-7A271D98A9,MERGED_INTO
VN_ADMIN_PRE_2025,VNAP25-264E4FF186,VN_ADMIN_2025,VNA25-814B01E1E9,MERGED_INTO
VN_ADMIN_PRE_2025,VNAP25-8CB8BBEC4E,VN_ADMIN_2025,VNA25-814B01E1E9,MERGED_INTO
VN_ADMIN_PRE_2025,VNAP25-9DA0D205BF,VN_ADMIN_2025,VNA25-A54B351ADC,MERGED_INTO
VN_ADMIN_PRE_2025,VNAP25-BB2CB8559D,VN_ADMIN_2025,VNA25-C08F9EE28F,MERGED_INTO
VN_ADMIN_PRE_2025,VNAP25-B63CC05E23,VN_ADMIN_2025,VNA25-D501F4EE06,MERGED_INTO
VN_ADMIN_PRE_2025,VNAP25-4418FB24A9,VN_ADMIN_2025,VNA25-C08F9EE28F,MERGED_INTO
VN_ADMIN_PRE_2025,VNAP25-2DEB9DB2D0,VN_ADMIN_2025,VNA25-A54B351ADC,MERGED_INTO
VN_ADMIN_PRE_2025,VNAP25-B700D79890,VN_ADMIN_2025,VNA25-814B01E1E9,MERGED_INTO
VN_ADMIN_PRE_2025,VNAP25-E87F0FB873,VN_ADMIN_2025,VNA25-69F2AA94CE,MERGED_INTO
VN_ADMIN_PRE_2025,VNAP25-6A51AEBDA2,VN_ADMIN_2025,VNA25-8B31080EE4,MERGED_INTO
VN_ADMIN_PRE_2025,VNAP25-773039828E,VN_ADMIN_2025,VNA25-8B31080EE4,MERGED_INTO
VN_ADMIN_PRE_2025,VNAP25-347B0EE430,VN_ADMIN_2025,VNA25-7A271D98A9,MERGED_INTO
VN_ADMIN_PRE_2025,VNAP25-DBAEC87754,VN_ADMIN_2025,VNA25-8B31080EE4,MERGED_INTO
VN_ADMIN_PRE_2025,VNAP25-B20B9B16A3,VN_ADMIN_2025,VNA25-C08F9EE28F,MERGED_INTO
VN_ADMIN_PRE_2025,VNAP25-4CE5375940,VN_ADMIN_2025,VNA25-35A6432275,MERGED_INTO
VN_ADMIN_PRE_2025,VNAP25-19D70E8792,VN_ADMIN_2025,VNA25-4B906BF1D2,MERGED_INTO
VN_ADMIN_PRE_2025,VNAP25-74F7241779,VN_ADMIN_2025,VNA25-EE3936AD43,MERGED_INTO
VN_ADMIN_PRE_2025,VNAP25-7E271A78D9,VN_ADMIN_2025,VNA25-EE3936AD43,MERGED_INTO
VN_ADMIN_PRE_2025,VNAP25-BA7298A7F1,VN_ADMIN_2025,VNA25-6F8061E9C4,MERGED_INTO
VN_ADMIN_PRE_2025,VNAP25-829F0EE054,VN_ADMIN_2025,VNA25-6F8061E9C4,MERGED_INTO
VN_ADMIN_PRE_2025,VNAP25-DC6863F1BB,VN_ADMIN_2025,VNA25-35A6432275,MERGED_INTO
VN_ADMIN_PRE_2025,VNAP25-E81F13C6AF,VN_ADMIN_2025,VNA25-6F8061E9C4,MERGED_INTO
VN_ADMIN_PRE_2025,VNAP25-12B4212D0D,VN_ADMIN_2025,VNA25-35A6432275,MERGED_INTO
VN_ADMIN_PRE_2025,VNAP25-6CE4B1054E,VN_ADMIN_2025,VNA25-EE3936AD43,MERGED_INTO
VN_ADMIN_PRE_2025,VNAP25-9BF42ECB83,VN_ADMIN_2025,VNA25-35A6432275,MERGED_INTO
VN_ADMIN_PRE_2025,VNAP25-940D4F2999,VN_ADMIN_2025,VNA25-6F8061E9C4,MERGED_INTO
VN_ADMIN_PRE_2025,VNAP25-953343DC9C,VN_ADMIN_2025,VNA25-D9BDEC7CA3,MERGED_INTO
VN_ADMIN_PRE_2025,VNAP25-3D14E7309C,VN_ADMIN_2025,VNA25-6C875872F3,MERGED_INTO
VN_ADMIN_PRE_2025,VNAP25-1B2393FB20,VN_ADMIN_2025,VNA25-2A38CB6F8F,MERGED_INTO
VN_ADMIN_PRE_2025,VNAP25-FDAFE3FB17,VN_ADMIN_2025,VNA25-5887CAF903,MERGED_INTO
VN_ADMIN_PRE_2025,VNAP25-6B9E64D2CE,VN_ADMIN_2025,VNA25-29EBF0AD16,MERGED_INTO
VN_ADMIN_PRE_2025,VNAP25-6D699E36B5,VN_ADMIN_2025,VNA25-CA6A06D932,MERGED_INTO
VN_ADMIN_PRE_2025,VNAP25-F2F3CDD222,VN_ADMIN_2025,VNA25-2A38CB6F8F,MERGED_INTO
VN_ADMIN_PRE_2025,VNAP25-07924EBA51,VN_ADMIN_2025,VNA25-29EBF0AD16,MERGED_INTO
VN_ADMIN_PRE_2025,VNAP25-FA7A7CB169,VN_ADMIN_2025,VNA25-CA6A06D932,MERGED_INTO
VN_ADMIN_PRE_2025,VNAP25-371DE58078,VN_ADMIN_2025,VNA25-6C875872F3,MERGED_INTO
VN_ADMIN_PRE_2025,VNAP25-6441C5778A,VN_ADMIN_2025,VNA25-2A38CB6F8F,MERGED_INTO
VN_ADMIN_PRE_2025,VNAP25-6EA9A11E91,VN_ADMIN_2025,VNA25-CA6A06D932,MERGED_INTO
VN_ADMIN_PRE_2025,VNAP25-F319C963F4,VN_ADMIN_2025,VNA25-29EBF0AD16,MERGED_INTO
VN_ADMIN_PRE_2025,VNAP25-F13A98C515,VN_ADMIN_2025,VNA25-2A38CB6F8F,MERGED_INTO
VN_ADMIN_PRE_2025,VNAP25-3163AEBB07,VN_ADMIN_2025,VNA25-6C875872F3,MERGED_INTO
VN_ADMIN_PRE_2025,VNAP25-B296D86589,VN_ADMIN_2025,VNA25-5887CAF903,MERGED_INTO
VN_ADMIN_PRE_2025,VNAP25-AA8CA5704F,VN_ADMIN_2025,VNA25-5887CAF903,MERGED_INTO
VN_ADMIN_PRE_2025,VNAP25-876C01E652,VN_ADMIN_2025,VNA25-CBCFFDA5DF,MERGED_INTO
VN_ADMIN_PRE_2025,VNAP25-E16BE9DF2F,VN_ADMIN_2025,VNA25-971D47C382,MERGED_INTO
VN_ADMIN_PRE_2025,VNAP25-959355138B,VN_ADMIN_2025,VNA25-971D47C382,MERGED_INTO
VN_ADMIN_PRE_2025,VNAP25-862A8AA9FA,VN_ADMIN_2025,VNA25-A1D50DF098,MERGED_INTO
VN_ADMIN_PRE_2025,VNAP25-514ED63DC9,VN_ADMIN_2025,VNA25-971D47C382,MERGED_INTO
VN_ADMIN_PRE_2025,VNAP25-9775EEA3EE,VN_ADMIN_2025,VNA25-A1D50DF098,MERGED_INTO
VN_ADMIN_PRE_2025,VNAP25-EFD9C4F63D,VN_ADMIN_2025,VNA25-3165CFA76F,MERGED_INTO
VN_ADMIN_PRE_2025,VNAP25-C5CC681388,VN_ADMIN_2025,VNA25-3AA8DC8010,MERGED_INTO
VN_ADMIN_PRE_2025,VNAP25-753F53A53C,VN_ADMIN_2025,VNA25-A933BD837F,MERGED_INTO
VN_ADMIN_PRE_2025,VNAP25-C8A9CA9D75,VN_ADMIN_2025,VNA25-A1D50DF098,MERGED_INTO
VN_ADMIN_PRE_2025,VNAP25-D535F1155C,VN_ADMIN_2025,VNA25-A933BD837F,MERGED_INTO
VN_ADMIN_PRE_2025,VNAP25-943629C3C4,VN_ADMIN_2025,VNA25-3165CFA76F,MERGED_INTO
VN_ADMIN_PRE_2025,VNAP25-C152E6E827,VN_ADMIN_2025,VNA25-A933BD837F,MERGED_INTO
VN_ADMIN_PRE_2025,VNAP25-D047F20FD1,VN_ADMIN_2025,VNA25-3165CFA76F,MERGED_INTO
VN_ADMIN_PRE_2025,VNAP25-2EEDDAFF86,VN_ADMIN_2025,VNA25-CBCFFDA5DF,MERGED_INTO
VN_ADMIN_PRE_2025,VNAP25-F20D53CE2D,VN_ADMIN_2025,VNA25-3AA8DC8010,MERGED_INTO
VN_ADMIN_PRE_2025,VNAP25-17D364EA96,VN_ADMIN_2025,VNA25-A1D50DF098,MERGED_INTO
VN_ADMIN_PRE_2025,VNAP25-BB61CB77EF,VN_ADMIN_2025,VNA25-3165CFA76F,MERGED_INTO
VN_ADMIN_PRE_2025,VNAP25-C2897211FF,VN_ADMIN_2025,VNA25-F26D533633,MERGED_INTO
VN_ADMIN_PRE_2025,VNAP25-423CD013BF,VN_ADMIN_2025,VNA25-37F7F9616B,MERGED_INTO
VN_ADMIN_PRE_2025,VNAP25-740799D1B8,VN_ADMIN_2025,VNA25-652D690C01,MERGED_INTO
VN_ADMIN_PRE_2025,VNAP25-A3BB754EC5,VN_ADMIN_2025,VNA25-652D690C01,MERGED_INTO
VN_ADMIN_PRE_2025,VNAP25-984D2FC5AA,VN_ADMIN_2025,VNA25-37F7F9616B,SPLIT_INTO
VN_ADMIN_PRE_2025,VNAP25-984D2FC5AA,VN_ADMIN_2025,VNA25-F1E66C3266,SPLIT_INTO
VN_ADMIN_PRE_2025,VNAP25-43CCD85772,VN_ADMIN_2025,VNA25-37F7F9616B,MERGED_INTO
VN_ADMIN_PRE_2025,VNAP25-74FBF44EFA,VN_ADMIN_2025,VNA25-652D690C01,MERGED_INTO
VN_ADMIN_PRE_2025,VNAP25-0E30523CC8,VN_ADMIN_2025,VNA25-F1E66C3266,MERGED_INTO
VN_ADMIN_PRE_2025,VNAP25-AB43B3A754,VN_ADMIN_2025,VNA25-F26D533633,MERGED_INTO
VN_ADMIN_PRE_2025,VNAP25-079E7584C7,VN_ADMIN_2025,VNA25-F26D533633,MERGED_INTO
VN_ADMIN_PRE_2025,VNAP25-7A36BB264D,VN_ADMIN_2025,VNA25-307F7FBAD3,MERGED_INTO
VN_ADMIN_PRE_2025,VNAP25-083999FB94,VN_ADMIN_2025,VNA25-A1B8D9B74B,MERGED_INTO
VN_ADMIN_PRE_2025,VNAP25-8CA2A24739,VN_ADMIN_2025,VNA25-DBA63084E5,MERGED_INTO
VN_ADMIN_PRE_2025,VNAP25-18857AC458,VN_ADMIN_2025,VNA25-2C5A305EDE,MERGED_INTO
VN_ADMIN_PRE_2025,VNAP25-C2C3522F02,VN_ADMIN_2025,VNA25-A1B8D9B74B,MERGED_INTO
VN_ADMIN_PRE_2025,VNAP25-C3525D2D38,VN_ADMIN_2025,VNA25-55DA9D80DF,MERGED_INTO
VN_ADMIN_PRE_2025,VNAP25-C41FA618C3,VN_ADMIN_2025,VNA25-DBA63084E5,MERGED_INTO
VN_ADMIN_PRE_2025,VNAP25-DD69F745C6,VN_ADMIN_2025,VNA25-307F7FBAD3,MERGED_INTO
VN_ADMIN_PRE_2025,VNAP25-FDB6F81866,VN_ADMIN_2025,VNA25-52E8246207,MERGED_INTO
VN_ADMIN_PRE_2025,VNAP25-379359B7B5,VN_ADMIN_2025,VNA25-A1B8D9B74B,MERGED_INTO
VN_ADMIN_PRE_2025,VNAP25-8798D54841,VN_ADMIN_2025,VNA25-2C5A305EDE,MERGED_INTO
VN_ADMIN_PRE_2025,VNAP25-4DD0D9EF20,VN_ADMIN_2025,VNA25-307F7FBAD3,MERGED_INTO
VN_ADMIN_PRE_2025,VNAP25-11FCC8F770,VN_ADMIN_2025,VNA25-52E8246207,MERGED_INTO
VN_ADMIN_PRE_2025,VNAP25-6A254FFA65,VN_ADMIN_2025,VNA25-2C5A305EDE,MERGED_INTO
VN_ADMIN_PRE_2025,VNAP25-CC9CBAF4AB,VN_ADMIN_2025,VNA25-55DA9D80DF,MERGED_INTO
VN_ADMIN_PRE_2025,VNAP25-0EDE706E01,VN_ADMIN_2025,VNA25-D123C7146B,MERGED_INTO
VN_ADMIN_PRE_2025,VNAP25-160F61207E,VN_ADMIN_2025,VNA25-ADF988FD94,MERGED_INTO
VN_ADMIN_PRE_2025,VNAP25-2CC00EDA4B,VN_ADMIN_2025,VNA25-ADF988FD94,MERGED_INTO
VN_ADMIN_PRE_2025,VNAP25-CC66BC3C49,VN_ADMIN_2025,VNA25-2EFA60B6C8,MERGED_INTO
VN_ADMIN_PRE_2025,VNAP25-0BC1B14A6B,VN_ADMIN_2025,VNA25-ADF988FD94,MERGED_INTO
VN_ADMIN_PRE_2025,VNAP25-B87A570D38,VN_ADMIN_2025,VNA25-CB0DF52B5A,MERGED_INTO
VN_ADMIN_PRE_2025,VNAP25-4AD0EC6AA7,VN_ADMIN_2025,VNA25-D123C7146B,MERGED_INTO
VN_ADMIN_PRE_2025,VNAP25-254B25EB44,VN_ADMIN_2025,VNA25-B6421303A7,MERGED_INTO
VN_ADMIN_PRE_2025,VNAP25-D0207126DE,VN_ADMIN_2025,VNA25-B6421303A7,MERGED_INTO
VN_ADMIN_PRE_2025,VNAP25-B695D36287,VN_ADMIN_2025,VNA25-B6421303A7,MERGED_INTO
VN_ADMIN_PRE_2025,VNAP25-3C169F2E42,VN_ADMIN_2025,VNA25-D123C7146B,MERGED_INTO
VN_ADMIN_PRE_2025,VNAP25-B4342AAAA4,VN_ADMIN_2025,VNA25-2EFA60B6C8,MERGED_INTO
VN_ADMIN_PRE_2025,VNAP25-64457FCF50,VN_ADMIN_2025,VNA25-CB0DF52B5A,MERGED_INTO
VN_ADMIN_PRE_2025,VNAP25-FF49693CFD,VN_ADMIN_2025,VNA25-2EFA60B6C8,MERGED_INTO
VN_ADMIN_PRE_2025,VNAP25-62625732A4,VN_ADMIN_2025,VNA25-D123C7146B,MERGED_INTO
VN_ADMIN_PRE_2025,VNAP25-207416D5A2,VN_ADMIN_2025,VNA25-9E91C7CD2C,MERGED_INTO
VN_ADMIN_PRE_2025,VNAP25-EB6E2F0D09,VN_ADMIN_2025,VNA25-6696EC467C,MERGED_INTO
VN_ADMIN_PRE_2025,VNAP25-24C659F7D2,VN_ADMIN_2025,VNA25-E8DF46AFB9,MERGED_INTO
VN_ADMIN_PRE_2025,VNAP25-9D4129F86A,VN_ADMIN_2025,VNA25-9E91C7CD2C,MERGED_INTO
VN_ADMIN_PRE_2025,VNAP25-95E57FEEF8,VN_ADMIN_2025,VNA25-F0F2EEA387,MERGED_INTO
VN_ADMIN_PRE_2025,VNAP25-687EAECFD4,VN_ADMIN_2025,VNA25-82F307DB2E,MERGED_INTO
VN_ADMIN_PRE_2025,VNAP25-25C4D12BAB,VN_ADMIN_2025,VNA25-F0F2EEA387,MERGED_INTO
VN_ADMIN_PRE_2025,VNAP25-0FAEF61EE0,VN_ADMIN_2025,VNA25-F0F2EEA387,MERGED_INTO
VN_ADMIN_PRE_2025,VNAP25-538CDB91CF,VN_ADMIN_2025,VNA25-82F307DB2E,MERGED_INTO
VN_ADMIN_PRE_2025,VNAP25-AE4CA25AE7,VN_ADMIN_2025,VNA25-E8DF46AFB9,MERGED_INTO
VN_ADMIN_PRE_2025,VNAP25-AFE38078A7,VN_ADMIN_2025,VNA25-2BE6A68875,MERGED_INTO
VN_ADMIN_PRE_2025,VNAP25-1EE71B7C89,VN_ADMIN_2025,VNA25-F7CA855707,MERGED_INTO
VN_ADMIN_PRE_2025,VNAP25-1B16DA0546,VN_ADMIN_2025,VNA25-F7CA855707,MERGED_INTO
VN_ADMIN_PRE_2025,VNAP25-09280DFE9F,VN_ADMIN_2025,VNA25-2BE6A68875,MERGED_INTO
VN_ADMIN_PRE_2025,VNAP25-A52A3AC052,VN_ADMIN_2025,VNA25-6696EC467C,MERGED_INTO
VN_ADMIN_PRE_2025,VNAP25-082E80C069,VN_ADMIN_2025,VNA25-E8DF46AFB9,MERGED_INTO
VN_ADMIN_PRE_2025,VNAP25-662D24F716,VN_ADMIN_2025,VNA25-F7CA855707,MERGED_INTO
VN_ADMIN_PRE_2025,VNAP25-C86EFBA118,VN_ADMIN_2025,VNA25-587CB3BC20,MERGED_INTO
VN_ADMIN_PRE_2025,VNAP25-744A8D7E7B,VN_ADMIN_2025,VNA25-6A9D71951B,MERGED_INTO
VN_ADMIN_PRE_2025,VNAP25-C74C971B6C,VN_ADMIN_2025,VNA25-561B532F1F,MERGED_INTO
VN_ADMIN_PRE_2025,VNAP25-BF9C8A9BDC,VN_ADMIN_2025,VNA25-561B532F1F,MERGED_INTO
VN_ADMIN_PRE_2025,VNAP25-280CD20D94,VN_ADMIN_2025,VNA25-587CB3BC20,MERGED_INTO
VN_ADMIN_PRE_2025,VNAP25-F1758CF2C8,VN_ADMIN_2025,VNA25-DCD0D5848E,MERGED_INTO
VN_ADMIN_PRE_2025,VNAP25-99CD112EAB,VN_ADMIN_2025,VNA25-C94995C1D4,MERGED_INTO
VN_ADMIN_PRE_2025,VNAP25-9101F6877C,VN_ADMIN_2025,VNA25-DCD0D5848E,MERGED_INTO
VN_ADMIN_PRE_2025,VNAP25-56CDDC9DEF,VN_ADMIN_2025,VNA25-56B057CB8F,MERGED_INTO
VN_ADMIN_PRE_2025,VNAP25-9ECAE8D3EA,VN_ADMIN_2025,VNA25-C94995C1D4,MERGED_INTO
VN_ADMIN_PRE_2025,VNAP25-940F7A48EE,VN_ADMIN_2025,VNA25-DCD0D5848E,MERGED_INTO
VN_ADMIN_PRE_2025,VNAP25-0F1784C9E4,VN_ADMIN_2025,VNA25-95EA0E7F16,MERGED_INTO
VN_ADMIN_PRE_2025,VNAP25-62431F29DF,VN_ADMIN_2025,VNA25-587CB3BC20,MERGED_INTO
VN_ADMIN_PRE_2025,VNAP25-BDCD9AB777,VN_ADMIN_2025,VNA25-6A9D71951B,MERGED_INTO
VN_ADMIN_PRE_2025,VNAP25-24461721F4,VN_ADMIN_2025,VNA25-6A9D71951B,MERGED_INTO
VN_ADMIN_PRE_2025,VNAP25-13C2ACCD8E,VN_ADMIN_2025,VNA25-95EA0E7F16,MERGED_INTO
VN_ADMIN_PRE_2025,VNAP25-104F400274,VN_ADMIN_2025,VNA25-56B057CB8F,MERGED_INTO
VN_ADMIN_PRE_2025,VNAP25-A4B68C66A4,VN_ADMIN_2025,VNA25-95EA0E7F16,MERGED_INTO
VN_ADMIN_PRE_2025,VNAP25-72F2C4FE72,VN_ADMIN_2025,VNA25-0F2FD4D28B,MERGED_INTO
VN_ADMIN_PRE_2025,VNAP25-7E3BB9C429,VN_ADMIN_2025,VNA25-503272943D,MERGED_INTO
VN_ADMIN_PRE_2025,VNAP25-9E5C8499C2,VN_ADMIN_2025,VNA25-B606835D0F,MERGED_INTO
VN_ADMIN_PRE_2025,VNAP25-ADBDC34B51,VN_ADMIN_2025,VNA25-B606835D0F,MERGED_INTO
VN_ADMIN_PRE_2025,VNAP25-168CE792CF,VN_ADMIN_2025,VNA25-CB8E247203,MERGED_INTO
VN_ADMIN_PRE_2025,VNAP25-2B810C87EB,VN_ADMIN_2025,VNA25-C8A1788B6E,MERGED_INTO
VN_ADMIN_PRE_2025,VNAP25-B78498DEB7,VN_ADMIN_2025,VNA25-C8A1788B6E,MERGED_INTO
VN_ADMIN_PRE_2025,VNAP25-A137DDC26D,VN_ADMIN_2025,VNA25-8B3EDF7EE2,MERGED_INTO
VN_ADMIN_PRE_2025,VNAP25-A0D95CCEF5,VN_ADMIN_2025,VNA25-77A4F34338,MERGED_INTO
VN_ADMIN_PRE_2025,VNAP25-F1C24507AF,VN_ADMIN_2025,VNA25-C8A1788B6E,MERGED_INTO
VN_ADMIN_PRE_2025,VNAP25-2C41048D61,VN_ADMIN_2025,VNA25-0F2FD4D28B,MERGED_INTO
VN_ADMIN_PRE_2025,VNAP25-D611D4A612,VN_ADMIN_2025,VNA25-0F2FD4D28B,MERGED_INTO
VN_ADMIN_PRE_2025,VNAP25-33219507A1,VN_ADMIN_2025,VNA25-CB8E247203,MERGED_INTO
VN_ADMIN_PRE_2025,VNAP25-C92C2DE7FB,VN_ADMIN_2025,VNA25-8B3EDF7EE2,MERGED_INTO
VN_ADMIN_PRE_2025,VNAP25-43D4D98BA7,VN_ADMIN_2025,VNA25-503272943D,MERGED_INTO
VN_ADMIN_PRE_2025,VNAP25-CB724CD338,VN_ADMIN_2025,VNA25-B606835D0F,MERGED_INTO
VN_ADMIN_PRE_2025,VNAP25-0C71ABCF9D,VN_ADMIN_2025,VNA25-503272943D,MERGED_INTO
VN_ADMIN_PRE_2025,VNAP25-51D5647AF2,VN_ADMIN_2025,VNA25-77A4F34338,MERGED_INTO
VN_ADMIN_PRE_2025,VNAP25-8B71082C30,VN_ADMIN_2025,VNA25-CB8E247203,MERGED_INTO
VN_ADMIN_PRE_2025,VNAP25-2128E49D03,VN_ADMIN_2025,VNA25-ED66383233,MERGED_INTO
VN_ADMIN_PRE_2025,VNAP25-B94CB6AA3D,VN_ADMIN_2025,VNA25-8D47784725,MERGED_INTO
VN_ADMIN_PRE_2025,VNAP25-60A39538B2,VN_ADMIN_2025,VNA25-6857AA8A4D,MERGED_INTO
VN_ADMIN_PRE_2025,VNAP25-3A3D4CE937,VN_ADMIN_2025,VNA25-8D47784725,MERGED_INTO
VN_ADMIN_PRE_2025,VNAP25-77D287B0B9,VN_ADMIN_2025,VNA25-6857AA8A4D,MERGED_INTO
VN_ADMIN_PRE_2025,VNAP25-B01225EF82,VN_ADMIN_2025,VNA25-6857AA8A4D,MERGED_INTO
VN_ADMIN_PRE_2025,VNAP25-0760273B98,VN_ADMIN_2025,VNA25-53E95A8D2E,MERGED_INTO
VN_ADMIN_PRE_2025,VNAP25-AE36F32767,VN_ADMIN_2025,VNA25-0B58E856F7,SAME_AS
VN_ADMIN_PRE_2025,VNAP25-790E926CC7,VN_ADMIN_2025,VNA25-53E95A8D2E,MERGED_INTO
VN_ADMIN_PRE_2025,VNAP25-A616235563,VN_ADMIN_2025,VNA25-53E95A8D2E,MERGED_INTO
VN_ADMIN_PRE_2025,VNAP25-EC11C1EE59,VN_ADMIN_2025,VNA25-53E95A8D2E,MERGED_INTO
VN_ADMIN_PRE_2025,VNAP25-73052570DD,VN_ADMIN_2025,VNA25-F9F31EBB31,MERGED_INTO
VN_ADMIN_PRE_2025,VNAP25-053FB54E27,VN_ADMIN_2025,VNA25-ED66383233,MERGED_INTO
VN_ADMIN_PRE_2025,VNAP25-233AAC180D,VN_ADMIN_2025,VNA25-6857AA8A4D,MERGED_INTO
VN_ADMIN_PRE_2025,VNAP25-54B488367E,VN_ADMIN_2025,VNA25-8D47784725,MERGED_INTO
VN_ADMIN_PRE_2025,VNAP25-415DA91408,VN_ADMIN_2025,VNA25-8D47784725,MERGED_INTO
VN_ADMIN_PRE_2025,VNAP25-8A3F50FE94,VN_ADMIN_2025,VNA25-F9F31EBB31,MERGED_INTO
VN_ADMIN_PRE_2025,VNAP25-EBBB56AA37,VN_ADMIN_2025,VNA25-1C12718DC9,MERGED_INTO
VN_ADMIN_PRE_2025,VNAP25-44AB4E599F,VN_ADMIN_2025,VNA25-6A323DD049,MERGED_INTO
VN_ADMIN_PRE_2025,VNAP25-97919F8806,VN_ADMIN_2025,VNA25-0529DD94A9,MERGED_INTO
VN_ADMIN_PRE_2025,VNAP25-5FE286463E,VN_ADMIN_2025,VNA25-1C12718DC9,MERGED_INTO
VN_ADMIN_PRE_2025,VNAP25-B48B975598,VN_ADMIN_2025,VNA25-0529DD94A9,MERGED_INTO
VN_ADMIN_PRE_2025,VNAP25-6419D3604F,VN_ADMIN_2025,VNA25-5ABC403606,MERGED_INTO
VN_ADMIN_PRE_2025,VNAP25-0DD78435A2,VN_ADMIN_2025,VNA25-6A323DD049,MERGED_INTO
VN_ADMIN_PRE_2025,VNAP25-B8F911085F,VN_ADMIN_2025,VNA25-0529DD94A9,MERGED_INTO
VN_ADMIN_PRE_2025,VNAP25-E9D554704D,VN_ADMIN_2025,VNA25-1C12718DC9,MERGED_INTO
VN_ADMIN_PRE_2025,VNAP25-C62BFE9237,VN_ADMIN_2025,VNA25-E7D9375DCE,MERGED_INTO
VN_ADMIN_PRE_2025,VNAP25-96A5A4CB05,VN_ADMIN_2025,VNA25-5ABC403606,MERGED_INTO
VN_ADMIN_PRE_2025,VNAP25-B62B72B735,VN_ADMIN_2025,VNA25-E7D9375DCE,MERGED_INTO
VN_ADMIN_PRE_2025,VNAP25-0ECD0EAFDC,VN_ADMIN_2025,VNA25-1C12718DC9,MERGED_INTO
VN_ADMIN_PRE_2025,VNAP25-1BCCE470E4,VN_ADMIN_2025,VNA25-6A323DD049,MERGED_INTO
VN_ADMIN_PRE_2025,VNAP25-861E435879,VN_ADMIN_2025,VNA25-5ABC403606,MERGED_INTO
VN_ADMIN_PRE_2025,VNAP25-8CA5E9CEAA,VN_ADMIN_2025,VNA25-CEC196BAAA,MERGED_INTO
VN_ADMIN_PRE_2025,VNAP25-C7C1D1BB24,VN_ADMIN_2025,VNA25-2304D75423,MERGED_INTO
VN_ADMIN_PRE_2025,VNAP25-52B38684B7,VN_ADMIN_2025,VNA25-FBEF12B6DE,MERGED_INTO
VN_ADMIN_PRE_2025,VNAP25-875FFF2AA9,VN_ADMIN_2025,VNA25-E6D06C8383,MERGED_INTO
VN_ADMIN_PRE_2025,VNAP25-7B302B461E,VN_ADMIN_2025,VNA25-FBEF12B6DE,MERGED_INTO
VN_ADMIN_PRE_2025,VNAP25-49C02EA478,VN_ADMIN_2025,VNA25-CEC196BAAA,MERGED_INTO
VN_ADMIN_PRE_2025,VNAP25-966E450AFB,VN_ADMIN_2025,VNA25-CEC196BAAA,MERGED_INTO
VN_ADMIN_PRE_2025,VNAP25-13025E04A0,VN_ADMIN_2025,VNA25-FBEF12B6DE,MERGED_INTO
VN_ADMIN_PRE_2025,VNAP25-272181B08B,VN_ADMIN_2025,VNA25-E6D06C8383,MERGED_INTO
VN_ADMIN_PRE_2025,VNAP25-8D03404A09,VN_ADMIN_2025,VNA25-E6D06C8383,MERGED_INTO
VN_ADMIN_PRE_2025,VNAP25-1A054979C8,VN_ADMIN_2025,VNA25-2304D75423,MERGED_INTO
VN_ADMIN_PRE_2025,VNAP25-F3A18DC282,VN_ADMIN_2025,VNA25-CEC196BAAA,MERGED_INTO
VN_ADMIN_PRE_2025,VNAP25-69507566CE,VN_ADMIN_2025,VNA25-CEC196BAAA,MERGED_INTO
VN_ADMIN_PRE_2025,VNAP25-9D8AC1EA35,VN_ADMIN_2025,VNA25-478532EB52,MERGED_INTO
VN_ADMIN_PRE_2025,VNAP25-05F7321110,VN_ADMIN_2025,VNA25-2DD124AEFE,SPLIT_INTO
VN_ADMIN_PRE_2025,VNAP25-05F7321110,VN_ADMIN_2025,VNA25-478532EB52,SPLIT_INTO
VN_ADMIN_PRE_2025,VNAP25-A106278771,VN_ADMIN_2025,VNA25-2DD124AEFE,MERGED_INTO
VN_ADMIN_PRE_2025,VNAP25-FA0448C83C,VN_ADMIN_2025,VNA25-D1C9C1630B,SAME_AS
VN_ADMIN_PRE_2025,VNAP25-F4AFF97E23,VN_ADMIN_2025,VNA25-2DD124AEFE,MERGED_INTO
VN_ADMIN_PRE_2025,VNAP25-22EFF18365,VN_ADMIN_2025,VNA25-478532EB52,MERGED_INTO
VN_ADMIN_PRE_2025,VNAP25-1A7E2B43B2,VN_ADMIN_2025,VNA25-2DD124AEFE,MERGED_INTO
VN_ADMIN_PRE_2025,VNAP25-F94DAFDB6D,VN_ADMIN_2025,VNA25-FF51B7F225,MERGED_INTO
VN_ADMIN_PRE_2025,VNAP25-4DF7B9C208,VN_ADMIN_2025,VNA25-E751CE0B54,MERGED_INTO
VN_ADMIN_PRE_2025,VNAP25-E343434707,VN_ADMIN_2025,VNA25-0AD42B524C,MERGED_INTO
VN_ADMIN_PRE_2025,VNAP25-9C8BCAB47D,VN_ADMIN_2025,VNA25-C69BD7833B,MERGED_INTO
VN_ADMIN_PRE_2025,VNAP25-C0492A8099,VN_ADMIN_2025,VNA25-0AD42B524C,MERGED_INTO
VN_ADMIN_PRE_2025,VNAP25-D07E639A37,VN_ADMIN_2025,VNA25-C69BD7833B,MERGED_INTO
VN_ADMIN_PRE_2025,VNAP25-CCE9FC63BE,VN_ADMIN_2025,VNA25-FF51B7F225,MERGED_INTO
VN_ADMIN_PRE_2025,VNAP25-05DF306622,VN_ADMIN_2025,VNA25-E751CE0B54,MERGED_INTO
VN_ADMIN_PRE_2025,VNAP25-E0F0B88404,VN_ADMIN_2025,VNA25-0AD42B524C,MERGED_INTO
VN_ADMIN_PRE_2025,VNAP25-38080F831C,VN_ADMIN_2025,VNA25-80B26460A2,MERGED_INTO
VN_ADMIN_PRE_2025,VNAP25-78FAF4AD84,VN_ADMIN_2025,VNA25-D6EFB1EB49,MERGED_INTO
VN_ADMIN_PRE_2025,VNAP25-1999C6C010,VN_ADMIN_2025,VNA25-8A140CC07A,MERGED_INTO
VN_ADMIN_PRE_2025,VNAP25-DAB4483183,VN_ADMIN_2025,VNA25-8A140CC07A,MERGED_INTO
VN_ADMIN_PRE_2025,VNAP25-6B1AAFC6B2,VN_ADMIN_2025,VNA25-1D3ED11E7B,MERGED_INTO
VN_ADMIN_PRE_2025,VNAP25-9AE55E2AD6,VN_ADMIN_2025,VNA25-D6EFB1EB49,MERGED_INTO
VN_ADMIN_PRE_2025,VNAP25-C18BD0303F,VN_ADMIN_2025,VNA25-4B1C4F85B7,MERGED_INTO
VN_ADMIN_PRE_2025,VNAP25-5D974FAC0A,VN_ADMIN_2025,VNA25-4B1C4F85B7,SPLIT_INTO
VN_ADMIN_PRE_2025,VNAP25-5D974FAC0A,VN_ADMIN_2025,VNA25-8A140CC07A,SPLIT_INTO
VN_ADMIN_PRE_2025,VNAP25-A273A59083,VN_ADMIN_2025,VNA25-D6EFB1EB49,MERGED_INTO
VN_ADMIN_PRE_2025,VNAP25-24AB92F7BB,VN_ADMIN_2025,VNA25-8A140CC07A,MERGED_INTO
VN_ADMIN_PRE_2025,VNAP25-4D4DFAD903,VN_ADMIN_2025,VNA25-FAB3669ACF,MERGED_INTO
VN_ADMIN_PRE_2025,VNAP25-3A0F8FAFF2,VN_ADMIN_2025,VNA25-EA6BBD3D92,MERGED_INTO
VN_ADMIN_PRE_2025,VNAP25-C433DE3FE8,VN_ADMIN_2025,VNA25-E50FBE11DD,MERGED_INTO
VN_ADMIN_PRE_2025,VNAP25-F34178AB9E,VN_ADMIN_2025,VNA25-23A715C820,SPLIT_INTO
VN_ADMIN_PRE_2025,VNAP25-F34178AB9E,VN_ADMIN_2025,VNA25-FAB3669ACF,SPLIT_INTO
VN_ADMIN_PRE_2025,VNAP25-4BF0538CD5,VN_ADMIN_2025,VNA25-FEEC99DDFD,MERGED_INTO
VN_ADMIN_PRE_2025,VNAP25-6383ED5E8F,VN_ADMIN_2025,VNA25-E50FBE11DD,MERGED_INTO
VN_ADMIN_PRE_2025,VNAP25-B020EB704C,VN_ADMIN_2025,VNA25-FAB3669ACF,MERGED_INTO
VN_ADMIN_PRE_2025,VNAP25-69ED832C6F,VN_ADMIN_2025,VNA25-FEEC99DDFD,MERGED_INTO
VN_ADMIN_PRE_2025,VNAP25-EADFD4D249,VN_ADMIN_2025,VNA25-A37673B57F,MERGED_INTO
VN_ADMIN_PRE_2025,VNAP25-25AAB385B6,VN_ADMIN_2025,VNA25-EA6BBD3D92,MERGED_INTO
VN_ADMIN_PRE_2025,VNAP25-ED7F970800,VN_ADMIN_2025,VNA25-473D265D1E,MERGED_INTO
VN_ADMIN_PRE_2025,VNAP25-0E9AE353EF,VN_ADMIN_2025,VNA25-E50FBE11DD,SPLIT_INTO
VN_ADMIN_PRE_2025,VNAP25-0E9AE353EF,VN_ADMIN_2025,VNA25-FEEC99DDFD,SPLIT_INTO
VN_ADMIN_PRE_2025,VNAP25-761E46CBCD,VN_ADMIN_2025,VNA25-B76F907CC8,MERGED_INTO
VN_ADMIN_PRE_2025,VNAP25-92024269E0,VN_ADMIN_2025,VNA25-473D265D1E,MERGED_INTO
VN_ADMIN_PRE_2025,VNAP25-273967A157,VN_ADMIN_2025,VNA25-024AFAE704,SAME_AS
VN_ADMIN_PRE_2025,VNAP25-B5729C3DD5,VN_ADMIN_2025,VNA25-4210431D8D,SPLIT_INTO
VN_ADMIN_PRE_2025,VNAP25-B5729C3DD5,VN_ADMIN_2025,VNA25-A37673B57F,SPLIT_INTO
VN_ADMIN_PRE_2025,VNAP25-1B9CD5424A,VN_ADMIN_2025,VNA25-76A26C8B8A,MERGED_INTO
VN_ADMIN_PRE_2025,VNAP25-2887277EE0,VN_ADMIN_2025,VNA25-76A26C8B8A,MERGED_INTO
VN_ADMIN_PRE_2025,VNAP25-D32A63B620,VN_ADMIN_2025,VNA25-4210431D8D,SPLIT_INTO
VN_ADMIN_PRE_2025,VNAP25-D32A63B620,VN_ADMIN_2025,VNA25-76A26C8B8A,SPLIT_INTO
VN_ADMIN_PRE_2025,VNAP25-71BD1FB7BE,VN_ADMIN_2025,VNA25-76A26C8B8A,MERGED_INTO
VN_ADMIN_PRE_2025,VNAP25-18103CE85F,VN_ADMIN_2025,VNA25-31946BE04B,MERGED_INTO
VN_ADMIN_PRE_2025,VNAP25-3357766105,VN_ADMIN_2025,VNA25-31946BE04B,MERGED_INTO
VN_ADMIN_PRE_2025,VNAP25-D46D6FCC4C,VN_ADMIN_2025,VNA25-3DFB0E7FD0,MERGED_INTO
VN_ADMIN_PRE_2025,VNAP25-56E072C67D,VN_ADMIN_2025,VNA25-31946BE04B,SPLIT_INTO
VN_ADMIN_PRE_2025,VNAP25-56E072C67D,VN_ADMIN_2025,VNA25-3DFB0E7FD0,SPLIT_INTO
VN_ADMIN_PRE_2025,VNAP25-43FECB1EDA,VN_ADMIN_2025,VNA25-31946BE04B,SPLIT_INTO
VN_ADMIN_PRE_2025,VNAP25-43FECB1EDA,VN_ADMIN_2025,VNA25-3DFB0E7FD0,SPLIT_INTO
VN_ADMIN_PRE_2025,VNAP25-B888347736,VN_ADMIN_2025,VNA25-4210431D8D,MERGED_INTO
VN_ADMIN_PRE_2025,VNAP25-74F85895DE,VN_ADMIN_2025,VNA25-A37673B57F,MERGED_INTO
VN_ADMIN_PRE_2025,VNAP25-B2ADE58EA5,VN_ADMIN_2025,VNA25-B294093337,MERGED_INTO
VN_ADMIN_PRE_2025,VNAP25-F88EC52FB3,VN_ADMIN_2025,VNA25-C53996C50A,MERGED_INTO
VN_ADMIN_PRE_2025,VNAP25-DF93E13ED5,VN_ADMIN_2025,VNA25-C53996C50A,MERGED_INTO
VN_ADMIN_PRE_2025,VNAP25-B769A31594,VN_ADMIN_2025,VNA25-B294093337,MERGED_INTO
VN_ADMIN_PRE_2025,VNAP25-BE1D6F38D2,VN_ADMIN_2025,VNA25-C53996C50A,MERGED_INTO
VN_ADMIN_PRE_2025,VNAP25-76345ECA87,VN_ADMIN_2025,VNA25-710711ED01,MERGED_INTO
VN_ADMIN_PRE_2025,VNAP25-D609FE7F07,VN_ADMIN_2025,VNA25-710711ED01,SPLIT_INTO
VN_ADMIN_PRE_2025,VNAP25-D609FE7F07,VN_ADMIN_2025,VNA25-B294093337,SPLIT_INTO
VN_ADMIN_PRE_2025,VNAP25-49B3EEC944,VN_ADMIN_2025,VNA25-082621C2FF,MERGED_INTO
VN_ADMIN_PRE_2025,VNAP25-CA3B9565C8,VN_ADMIN_2025,VNA25-42792ECE54,MERGED_INTO
VN_ADMIN_PRE_2025,VNAP25-C5346369E9,VN_ADMIN_2025,VNA25-42792ECE54,MERGED_INTO
VN_ADMIN_PRE_2025,VNAP25-C331BBA211,VN_ADMIN_2025,VNA25-4D67C8CE67,MERGED_INTO
VN_ADMIN_PRE_2025,VNAP25-1E7F7C00B2,VN_ADMIN_2025,VNA25-51CA6F2E70,MERGED_INTO
VN_ADMIN_PRE_2025,VNAP25-DB61811805,VN_ADMIN_2025,VNA25-4D67C8CE67,MERGED_INTO
VN_ADMIN_PRE_2025,VNAP25-DF33813688,VN_ADMIN_2025,VNA25-082621C2FF,MERGED_INTO
VN_ADMIN_PRE_2025,VNAP25-FE03EB4613,VN_ADMIN_2025,VNA25-082621C2FF,SPLIT_INTO
VN_ADMIN_PRE_2025,VNAP25-FE03EB4613,VN_ADMIN_2025,VNA25-51CA6F2E70,SPLIT_INTO
VN_ADMIN_PRE_2025,VNAP25-B9D9A0FB5D,VN_ADMIN_2025,VNA25-4D67C8CE67,MERGED_INTO
VN_ADMIN_PRE_2025,VNAP25-179A6927EF,VN_ADMIN_2025,VNA25-42792ECE54,MERGED_INTO
VN_ADMIN_PRE_2025,VNAP25-811FF52BD6,VN_ADMIN_2025,VNA25-51CA6F2E70,MERGED_INTO
VN_ADMIN_PRE_2025,VNAP25-3FBA801377,VN_ADMIN_2025,VNA25-4B1C4F85B7,MERGED_INTO
VN_ADMIN_PRE_2025,VNAP25-AFE5B48BF2,VN_ADMIN_2025,VNA25-80B26460A2,MERGED_INTO
VN_ADMIN_PRE_2025,VNAP25-D61426DFDF,VN_ADMIN_2025,VNA25-BE22B7C428,MERGED_INTO
VN_ADMIN_PRE_2025,VNAP25-1231423B1D,VN_ADMIN_2025,VNA25-B2043E5CF1,MERGED_INTO
VN_ADMIN_PRE_2025,VNAP25-B9FE34CAB4,VN_ADMIN_2025,VNA25-BE22B7C428,MERGED_INTO
VN_ADMIN_PRE_2025,VNAP25-F4F858B0C2,VN_ADMIN_2025,VNA25-7B1D2620C0,MERGED_INTO
VN_ADMIN_PRE_2025,VNAP25-22E8F1F22C,VN_ADMIN_2025,VNA25-7B1D2620C0,MERGED_INTO
VN_ADMIN_PRE_2025,VNAP25-D7B736BFB8,VN_ADMIN_2025,VNA25-710711ED01,SPLIT_INTO
VN_ADMIN_PRE_2025,VNAP25-D7B736BFB8,VN_ADMIN_2025,VNA25-7B1D2620C0,SPLIT_INTO
VN_ADMIN_PRE_2025,VNAP25-97ADF5834F,VN_ADMIN_2025,VNA25-7B1D2620C0,MERGED_INTO
VN_ADMIN_PRE_2025,VNAP25-B7D13AEA8D,VN_ADMIN_2025,VNA25-7B1D2620C0,MERGED_INTO
VN_ADMIN_PRE_2025,VNAP25-4479582A45,VN_ADMIN_2025,VNA25-4B1C4F85B7,MERGED_INTO
VN_ADMIN_PRE_2025,VNAP25-4BC9D42A91,VN_ADMIN_2025,VNA25-1D3ED11E7B,MERGED_INTO
VN_ADMIN_PRE_2025,VNAP25-5D5D659A3D,VN_ADMIN_2025,VNA25-09E8E0A08A,SPLIT_INTO
VN_ADMIN_PRE_2025,VNAP25-5D5D659A3D,VN_ADMIN_2025,VNA25-216FD48773,SPLIT_INTO
VN_ADMIN_PRE_2025,VNAP25-1749978989,VN_ADMIN_2025,VNA25-09E8E0A08A,MERGED_INTO
VN_ADMIN_PRE_2025,VNAP25-B9460D157B,VN_ADMIN_2025,VNA25-216FD48773,MERGED_INTO
VN_ADMIN_PRE_2025,VNAP25-0DD7444228,VN_ADMIN_2025,VNA25-216FD48773,SPLIT_INTO
VN_ADMIN_PRE_2025,VNAP25-0DD7444228,VN_ADMIN_2025,VNA25-B76F907CC8,SPLIT_INTO
VN_ADMIN_PRE_2025,VNAP25-484ED69C43,VN_ADMIN_2025,VNA25-09E8E0A08A,SPLIT_INTO
VN_ADMIN_PRE_2025,VNAP25-484ED69C43,VN_ADMIN_2025,VNA25-E9488E3C2D,SPLIT_INTO
VN_ADMIN_PRE_2025,VNAP25-A34935DEB7,VN_ADMIN_2025,VNA25-B2043E5CF1,MERGED_INTO
VN_ADMIN_PRE_2025,VNAP25-075602F553,VN_ADMIN_2025,VNA25-09E8E0A08A,MERGED_INTO
VN_ADMIN_PRE_2025,VNAP25-11F541A539,VN_ADMIN_2025,VNA25-E9488E3C2D,MERGED_INTO
VN_ADMIN_PRE_2025,VNAP25-746E024640,VN_ADMIN_2025,VNA25-E9488E3C2D,MERGED_INTO
VN_ADMIN_PRE_2025,VNAP25-FF4DECA14D,VN_ADMIN_2025,VNA25-B2043E5CF1,MERGED_INTO
VN_ADMIN_PRE_2025,VNAP25-BE7768637E,VN_ADMIN_2025,VNA25-B2043E5CF1,MERGED_INTO
VN_ADMIN_PRE_2025,VNAP25-E406985621,VN_ADMIN_2025,VNA25-09E8E0A08A,MERGED_INTO
VN_ADMIN_PRE_2025,VNAP25-5B01A8F4E1,VN_ADMIN_2025,VNA25-B76F907CC8,MERGED_INTO
VN_ADMIN_PRE_2025,VNAP25-11DFA49488,VN_ADMIN_2025,VNA25-216FD48773,MERGED_INTO
VN_ADMIN_PRE_2025,VNAP25-B0705EF57E,VN_ADMIN_2025,VNA25-8956795A91,MERGED_INTO
VN_ADMIN_PRE_2025,VNAP25-4A0815E4EA,VN_ADMIN_2025,VNA25-E938C0C908,MERGED_INTO
VN_ADMIN_PRE_2025,VNAP25-F27284880B,VN_ADMIN_2025,VNA25-E938C0C908,MERGED_INTO
VN_ADMIN_PRE_2025,VNAP25-8C7C30C984,VN_ADMIN_2025,VNA25-8956795A91,SPLIT_INTO
VN_ADMIN_PRE_2025,VNAP25-8C7C30C984,VN_ADMIN_2025,VNA25-A7DBA7675E,SPLIT_INTO
VN_ADMIN_PRE_2025,VNAP25-615DBCCE8A,VN_ADMIN_2025,VNA25-37F5A02D95,MERGED_INTO
VN_ADMIN_PRE_2025,VNAP25-F8CB7D3241,VN_ADMIN_2025,VNA25-1B0E662F3C,MERGED_INTO
VN_ADMIN_PRE_2025,VNAP25-7587A1BA5C,VN_ADMIN_2025,VNA25-E938C0C908,MERGED_INTO
VN_ADMIN_PRE_2025,VNAP25-86FD213B39,VN_ADMIN_2025,VNA25-1B0E662F3C,MERGED_INTO
VN_ADMIN_PRE_2025,VNAP25-387E1B9C2B,VN_ADMIN_2025,VNA25-A7DBA7675E,MERGED_INTO
VN_ADMIN_PRE_2025,VNAP25-F6E6345B6D,VN_ADMIN_2025,VNA25-1B0E662F3C,SPLIT_INTO
VN_ADMIN_PRE_2025,VNAP25-F6E6345B6D,VN_ADMIN_2025,VNA25-37F5A02D95,SPLIT_INTO
VN_ADMIN_PRE_2025,VNAP25-0404E2A8EC,VN_ADMIN_2025,VNA25-F2BA4ACF3E,MERGED_INTO
VN_ADMIN_PRE_2025,VNAP25-5A20BCB409,VN_ADMIN_2025,VNA25-F2BA4ACF3E,MERGED_INTO
VN_ADMIN_PRE_2025,VNAP25-E4554691BD,VN_ADMIN_2025,VNA25-F2BA4ACF3E,MERGED_INTO
VN_ADMIN_PRE_2025,VNAP25-07E4399D40,VN_ADMIN_2025,VNA25-E441AA2782,MERGED_INTO
VN_ADMIN_PRE_2025,VNAP25-75011D79F9,VN_ADMIN_2025,VNA25-E441AA2782,MERGED_INTO
VN_ADMIN_PRE_2025,VNAP25-D8CDBD1FE2,VN_ADMIN_2025,VNA25-E441AA2782,MERGED_INTO
VN_ADMIN_PRE_2025,VNAP25-FAF159209F,VN_ADMIN_2025,VNA25-E4B05210AF,MERGED_INTO
VN_ADMIN_PRE_2025,VNAP25-0C03AD69EF,VN_ADMIN_2025,VNA25-E4B05210AF,MERGED_INTO
VN_ADMIN_PRE_2025,VNAP25-2345884186,VN_ADMIN_2025,VNA25-4E26D550E9,MERGED_INTO
VN_ADMIN_PRE_2025,VNAP25-E00FCA58BD,VN_ADMIN_2025,VNA25-8ED6F503D0,MERGED_INTO
VN_ADMIN_PRE_2025,VNAP25-6D096272B0,VN_ADMIN_2025,VNA25-4C1514F5F7,MERGED_INTO
VN_ADMIN_PRE_2025,VNAP25-CC907A29AC,VN_ADMIN_2025,VNA25-09685AB226,MERGED_INTO
VN_ADMIN_PRE_2025,VNAP25-798186A4A0,VN_ADMIN_2025,VNA25-09AEE8FFB9,MERGED_INTO
VN_ADMIN_PRE_2025,VNAP25-EECF2F1A90,VN_ADMIN_2025,VNA25-4C1514F5F7,MERGED_INTO
VN_ADMIN_PRE_2025,VNAP25-8FC0E89AEE,VN_ADMIN_2025,VNA25-4E26D550E9,MERGED_INTO
VN_ADMIN_PRE_2025,VNAP25-7B381D7ABE,VN_ADMIN_2025,VNA25-4C1514F5F7,MERGED_INTO
VN_ADMIN_PRE_2025,VNAP25-E7939D19F9,VN_ADMIN_2025,VNA25-09AEE8FFB9,MERGED_INTO
VN_ADMIN_PRE_2025,VNAP25-D0E33A80F2,VN_ADMIN_2025,VNA25-09AEE8FFB9,MERGED_INTO
VN_ADMIN_PRE_2025,VNAP25-21AE21693A,VN_ADMIN_2025,VNA25-09685AB226,MERGED_INTO
VN_ADMIN_PRE_2025,VNAP25-BEBF369807,VN_ADMIN_2025,VNA25-8ED6F503D0,MERGED_INTO
VN_ADMIN_PRE_2025,VNAP25-986EEF67D5,VN_ADMIN_2025,VNA25-09685AB226,MERGED_INTO
VN_ADMIN_PRE_2025,VNAP25-F818D28EC4,VN_ADMIN_2025,VNA25-8ED6F503D0,MERGED_INTO
VN_ADMIN_PRE_2025,VNAP25-A87055D98B,VN_ADMIN_2025,VNA25-86CCDD6A27,MERGED_INTO
VN_ADMIN_PRE_2025,VNAP25-4A8B77046F,VN_ADMIN_2025,VNA25-86CCDD6A27,MERGED_INTO
VN_ADMIN_PRE_2025,VNAP25-ABD37C9BB7,VN_ADMIN_2025,VNA25-BB5767FB92,MERGED_INTO
VN_ADMIN_PRE_2025,VNAP25-21E0DCB390,VN_ADMIN_2025,VNA25-BB5767FB92,MERGED_INTO
VN_ADMIN_PRE_2025,VNAP25-E3E92BE057,VN_ADMIN_2025,VNA25-1B71C85F95,MERGED_INTO
VN_ADMIN_PRE_2025,VNAP25-70159B2E5E,VN_ADMIN_2025,VNA25-1B71C85F95,MERGED_INTO
VN_ADMIN_PRE_2025,VNAP25-0222B7D225,VN_ADMIN_2025,VNA25-1B71C85F95,MERGED_INTO
VN_ADMIN_PRE_2025,VNAP25-F5B3885564,VN_ADMIN_2025,VNA25-A3E97828F7,MERGED_INTO
VN_ADMIN_PRE_2025,VNAP25-72C7132F8A,VN_ADMIN_2025,VNA25-2C14AF27F6,SAME_AS
VN_ADMIN_PRE_2025,VNAP25-41C4B8F126,VN_ADMIN_2025,VNA25-A3E97828F7,MERGED_INTO
VN_ADMIN_PRE_2025,VNAP25-F0579D3754,VN_ADMIN_2025,VNA25-CD2630A73A,SAME_AS
VN_ADMIN_PRE_2025,VNAP25-C3A123107C,VN_ADMIN_2025,VNA25-5D9C625DA8,MERGED_INTO
VN_ADMIN_PRE_2025,VNAP25-857750A510,VN_ADMIN_2025,VNA25-5D9C625DA8,MERGED_INTO
VN_ADMIN_PRE_2025,VNAP25-CBDD31B8DC,VN_ADMIN_2025,VNA25-5D9C625DA8,MERGED_INTO
VN_ADMIN_PRE_2025,VNAP25-C1FA021461,VN_ADMIN_2025,VNA25-A3E97828F7,MERGED_INTO
VN_ADMIN_PRE_2025,VNAP25-4959A504B2,VN_ADMIN_2025,VNA25-70D04B51A2,MERGED_INTO
VN_ADMIN_PRE_2025,VNAP25-8450ED3D88,VN_ADMIN_2025,VNA25-B6E15484C3,MERGED_INTO
VN_ADMIN_PRE_2025,VNAP25-CC0EA5B282,VN_ADMIN_2025,VNA25-33E8B6EEEE,MERGED_INTO
VN_ADMIN_PRE_2025,VNAP25-4B499641BC,VN_ADMIN_2025,VNA25-B6E15484C3,MERGED_INTO
VN_ADMIN_PRE_2025,VNAP25-8D05C1306E,VN_ADMIN_2025,VNA25-33E8B6EEEE,MERGED_INTO
VN_ADMIN_PRE_2025,VNAP25-CD4BC75C24,VN_ADMIN_2025,VNA25-70D04B51A2,MERGED_INTO
VN_ADMIN_PRE_2025,VNAP25-7FFCE9180C,VN_ADMIN_2025,VNA25-33E8B6EEEE,MERGED_INTO
VN_ADMIN_PRE_2025,VNAP25-C6E6C7D4E6,VN_ADMIN_2025,VNA25-A7D4255ADC,MERGED_INTO
VN_ADMIN_PRE_2025,VNAP25-05AF8FF88A,VN_ADMIN_2025,VNA25-70D04B51A2,MERGED_INTO
VN_ADMIN_PRE_2025,VNAP25-1B977F28D3,VN_ADMIN_2025,VNA25-183CAFAA82,MERGED_INTO
VN_ADMIN_PRE_2025,VNAP25-8A48BAE124,VN_ADMIN_2025,VNA25-183CAFAA82,MERGED_INTO
VN_ADMIN_PRE_2025,VNAP25-B669BC9B21,VN_ADMIN_2025,VNA25-C96FC5676E,MERGED_INTO
VN_ADMIN_PRE_2025,VNAP25-B6F1D46A55,VN_ADMIN_2025,VNA25-C96FC5676E,MERGED_INTO
VN_ADMIN_PRE_2025,VNAP25-8FE6CAA19C,VN_ADMIN_2025,VNA25-EE3D89409A,MERGED_INTO
VN_ADMIN_PRE_2025,VNAP25-27BB47AD21,VN_ADMIN_2025,VNA25-C96FC5676E,MERGED_INTO
VN_ADMIN_PRE_2025,VNAP25-9915B2DF56,VN_ADMIN_2025,VNA25-EE3D89409A,MERGED_INTO
VN_ADMIN_PRE_2025,VNAP25-F0DFA7D53B,VN_ADMIN_2025,VNA25-183CAFAA82,MERGED_INTO
VN_ADMIN_PRE_2025,VNAP25-2B5C146AD6,VN_ADMIN_2025,VNA25-EE3D89409A,MERGED_INTO
VN_ADMIN_PRE_2025,VNAP25-D1B35E57EA,VN_ADMIN_2025,VNA25-6FC1DEE51C,MERGED_INTO
VN_ADMIN_PRE_2025,VNAP25-E9DD1F00C5,VN_ADMIN_2025,VNA25-6FC1DEE51C,MERGED_INTO
VN_ADMIN_PRE_2025,VNAP25-E78AE8D0C1,VN_ADMIN_2025,VNA25-988391F7C7,MERGED_INTO
VN_ADMIN_PRE_2025,VNAP25-BA27806EF0,VN_ADMIN_2025,VNA25-988391F7C7,MERGED_INTO
VN_ADMIN_PRE_2025,VNAP25-EC3138B515,VN_ADMIN_2025,VNA25-988391F7C7,MERGED_INTO
VN_ADMIN_PRE_2025,VNAP25-02FCE9BEDB,VN_ADMIN_2025,VNA25-C56FDA7C25,MERGED_INTO
VN_ADMIN_PRE_2025,VNAP25-96A8840328,VN_ADMIN_2025,VNA25-988391F7C7,MERGED_INTO
VN_ADMIN_PRE_2025,VNAP25-29A97ADC38,VN_ADMIN_2025,VNA25-988391F7C7,MERGED_INTO
VN_ADMIN_PRE_2025,VNAP25-8413B1823B,VN_ADMIN_2025,VNA25-988391F7C7,MERGED_INTO
VN_ADMIN_PRE_2025,VNAP25-4234DDAEC6,VN_ADMIN_2025,VNA25-C56FDA7C25,MERGED_INTO
VN_ADMIN_PRE_2025,VNAP25-810B8F487C,VN_ADMIN_2025,VNA25-F21EA394FE,MERGED_INTO
VN_ADMIN_PRE_2025,VNAP25-C2C9020D3A,VN_ADMIN_2025,VNA25-3CD4D019AD,MERGED_INTO
VN_ADMIN_PRE_2025,VNAP25-11B2B4B0F5,VN_ADMIN_2025,VNA25-012FC4EFAF,MERGED_INTO
VN_ADMIN_PRE_2025,VNAP25-953FE99084,VN_ADMIN_2025,VNA25-3CD4D019AD,MERGED_INTO
VN_ADMIN_PRE_2025,VNAP25-7D114795B9,VN_ADMIN_2025,VNA25-3CD4D019AD,MERGED_INTO
VN_ADMIN_PRE_2025,VNAP25-F050D92782,VN_ADMIN_2025,VNA25-A7D4255ADC,MERGED_INTO
VN_ADMIN_PRE_2025,VNAP25-C2C9F181B3,VN_ADMIN_2025,VNA25-012FC4EFAF,MERGED_INTO
VN_ADMIN_PRE_2025,VNAP25-987BDDFD80,VN_ADMIN_2025,VNA25-F21EA394FE,MERGED_INTO
VN_ADMIN_PRE_2025,VNAP25-93BC6B3DFB,VN_ADMIN_2025,VNA25-012FC4EFAF,MERGED_INTO
VN_ADMIN_PRE_2025,VNAP25-9A5FABD6DD,VN_ADMIN_2025,VNA25-A7D4255ADC,MERGED_INTO
VN_ADMIN_PRE_2025,VNAP25-2B124148D0,VN_ADMIN_2025,VNA25-A7D4255ADC,MERGED_INTO
VN_ADMIN_PRE_2025,VNAP25-711F544C24,VN_ADMIN_2025,VNA25-F21EA394FE,MERGED_INTO
VN_ADMIN_PRE_2025,VNAP25-559B7E541F,VN_ADMIN_2025,VNA25-F2BA4ACF3E,MERGED_INTO
VN_ADMIN_PRE_2025,VNAP25-9661AD9C6B,VN_ADMIN_2025,VNA25-BB5767FB92,MERGED_INTO
VN_ADMIN_PRE_2025,VNAP25-C3091393D7,VN_ADMIN_2025,VNA25-8D68B0458E,MERGED_INTO
VN_ADMIN_PRE_2025,VNAP25-BADC6964E6,VN_ADMIN_2025,VNA25-C4ECDD34D4,MERGED_INTO
VN_ADMIN_PRE_2025,VNAP25-6665FBEF7A,VN_ADMIN_2025,VNA25-4D74363864,MERGED_INTO
VN_ADMIN_PRE_2025,VNAP25-77EDB0A875,VN_ADMIN_2025,VNA25-8D68B0458E,MERGED_INTO
VN_ADMIN_PRE_2025,VNAP25-7FFB57B273,VN_ADMIN_2025,VNA25-8D68B0458E,MERGED_INTO
VN_ADMIN_PRE_2025,VNAP25-7C551C21A4,VN_ADMIN_2025,VNA25-1BBE5AB938,MERGED_INTO
VN_ADMIN_PRE_2025,VNAP25-59873911C3,VN_ADMIN_2025,VNA25-C4ECDD34D4,MERGED_INTO
VN_ADMIN_PRE_2025,VNAP25-08A500FAD2,VN_ADMIN_2025,VNA25-C4ECDD34D4,MERGED_INTO
VN_ADMIN_PRE_2025,VNAP25-2FFBC4511A,VN_ADMIN_2025,VNA25-C73B7B4B76,MERGED_INTO
VN_ADMIN_PRE_2025,VNAP25-2165CF94BD,VN_ADMIN_2025,VNA25-1BBE5AB938,MERGED_INTO
VN_ADMIN_PRE_2025,VNAP25-FD1AF78DD8,VN_ADMIN_2025,VNA25-02A22837AD,MERGED_INTO
VN_ADMIN_PRE_2025,VNAP25-F4E2D955A5,VN_ADMIN_2025,VNA25-4D74363864,MERGED_INTO
VN_ADMIN_PRE_2025,VNAP25-178F8198B6,VN_ADMIN_2025,VNA25-C73B7B4B76,MERGED_INTO
VN_ADMIN_PRE_2025,VNAP25-983D725DE7,VN_ADMIN_2025,VNA25-02A22837AD,MERGED_INTO
VN_ADMIN_PRE_2025,VNAP25-8CDF4CB2B1,VN_ADMIN_2025,VNA25-1BBE5AB938,MERGED_INTO
VN_ADMIN_PRE_2025,VNAP25-9C272FBCFE,VN_ADMIN_2025,VNA25-94191597FB,MERGED_INTO
VN_ADMIN_PRE_2025,VNAP25-CD4462FF31,VN_ADMIN_2025,VNA25-C9EDCE0AEE,MERGED_INTO
VN_ADMIN_PRE_2025,VNAP25-EDB74A3D6C,VN_ADMIN_2025,VNA25-FE5FEBC7FC,MERGED_INTO
VN_ADMIN_PRE_2025,VNAP25-C422F1EA6A,VN_ADMIN_2025,VNA25-C9EDCE0AEE,MERGED_INTO
VN_ADMIN_PRE_2025,VNAP25-A33EC01A04,VN_ADMIN_2025,VNA25-B24F051F8F,MERGED_INTO
VN_ADMIN_PRE_2025,VNAP25-06B5DBC8D7,VN_ADMIN_2025,VNA25-C9EDCE0AEE,MERGED_INTO
VN_ADMIN_PRE_2025,VNAP25-F6772B2958,VN_ADMIN_2025,VNA25-B24F051F8F,MERGED_INTO
VN_ADMIN_PRE_2025,VNAP25-E189844907,VN_ADMIN_2025,VNA25-FE5FEBC7FC,MERGED_INTO
VN_ADMIN_PRE_2025,VNAP25-C2CF0BD5D2,VN_ADMIN_2025,VNA25-E8FFA9A344,MERGED_INTO
VN_ADMIN_PRE_2025,VNAP25-E8E84F5DF9,VN_ADMIN_2025,VNA25-E8FFA9A344,MERGED_INTO
VN_ADMIN_PRE_2025,VNAP25-B796BFF889,VN_ADMIN_2025,VNA25-94191597FB,MERGED_INTO
VN_ADMIN_PRE_2025,VNAP25-26FD488AE5,VN_ADMIN_2025,VNA25-94191597FB,MERGED_INTO
VN_ADMIN_PRE_2025,VNAP25-927D54D62E,VN_ADMIN_2025,VNA25-EF69A6D109,MERGED_INTO
VN_ADMIN_PRE_2025,VNAP25-FC7085AAE0,VN_ADMIN_2025,VNA25-94191597FB,MERGED_INTO
VN_ADMIN_PRE_2025,VNAP25-D1E4E353F2,VN_ADMIN_2025,VNA25-EF69A6D109,MERGED_INTO
VN_ADMIN_PRE_2025,VNAP25-30E12D5AA4,VN_ADMIN_2025,VNA25-EF69A6D109,MERGED_INTO
VN_ADMIN_PRE_2025,VNAP25-8186230FB4,VN_ADMIN_2025,VNA25-EF69A6D109,MERGED_INTO
VN_ADMIN_PRE_2025,VNAP25-C16A10F64B,VN_ADMIN_2025,VNA25-CB1422792F,MERGED_INTO
VN_ADMIN_PRE_2025,VNAP25-21811AC24E,VN_ADMIN_2025,VNA25-7E39BAE1D4,MERGED_INTO
VN_ADMIN_PRE_2025,VNAP25-A8408BA93F,VN_ADMIN_2025,VNA25-EDB96EA05A,MERGED_INTO
VN_ADMIN_PRE_2025,VNAP25-04639CAE4F,VN_ADMIN_2025,VNA25-CB1422792F,MERGED_INTO
VN_ADMIN_PRE_2025,VNAP25-7CFCD85BC4,VN_ADMIN_2025,VNA25-A54CE5DFE8,MERGED_INTO
VN_ADMIN_PRE_2025,VNAP25-61748470A8,VN_ADMIN_2025,VNA25-A54CE5DFE8,MERGED_INTO
VN_ADMIN_PRE_2025,VNAP25-6D4496F6CF,VN_ADMIN_2025,VNA25-C6BB2B5E72,MERGED_INTO
VN_ADMIN_PRE_2025,VNAP25-4836BDD945,VN_ADMIN_2025,VNA25-5EF06484FC,MERGED_INTO
VN_ADMIN_PRE_2025,VNAP25-A932F7B97E,VN_ADMIN_2025,VNA25-CB1422792F,MERGED_INTO
VN_ADMIN_PRE_2025,VNAP25-1057F78F0D,VN_ADMIN_2025,VNA25-EDB96EA05A,MERGED_INTO
VN_ADMIN_PRE_2025,VNAP25-8862E9AA90,VN_ADMIN_2025,VNA25-EDB96EA05A,MERGED_INTO
VN_ADMIN_PRE_2025,VNAP25-4756741BA7,VN_ADMIN_2025,VNA25-719528738F,MERGED_INTO
VN_ADMIN_PRE_2025,VNAP25-9238B862AB,VN_ADMIN_2025,VNA25-EDB96EA05A,MERGED_INTO
VN_ADMIN_PRE_2025,VNAP25-5398A71D3B,VN_ADMIN_2025,VNA25-719528738F,MERGED_INTO
VN_ADMIN_PRE_2025,VNAP25-052034D1EB,VN_ADMIN_2025,VNA25-C6BB2B5E72,MERGED_INTO
VN_ADMIN_PRE_2025,VNAP25-88CC1ABE5A,VN_ADMIN_2025,VNA25-7E39BAE1D4,MERGED_INTO
VN_ADMIN_PRE_2025,VNAP25-0C2E2BDF49,VN_ADMIN_2025,VNA25-5EF06484FC,MERGED_INTO
VN_ADMIN_PRE_2025,VNAP25-9B2B5ED291,VN_ADMIN_2025,VNA25-7E39BAE1D4,MERGED_INTO
VN_ADMIN_PRE_2025,VNAP25-0A16652A23,VN_ADMIN_2025,VNA25-9053E815A4,MERGED_INTO
VN_ADMIN_PRE_2025,VNAP25-DB4A3DF656,VN_ADMIN_2025,VNA25-DD448BE508,MERGED_INTO
VN_ADMIN_PRE_2025,VNAP25-17C961AB8F,VN_ADMIN_2025,VNA25-CB1184EE95,MERGED_INTO
VN_ADMIN_PRE_2025,VNAP25-FD2D7058E4,VN_ADMIN_2025,VNA25-CB1184EE95,MERGED_INTO
VN_ADMIN_PRE_2025,VNAP25-F6AB4C6226,VN_ADMIN_2025,VNA25-CB1184EE95,MERGED_INTO
VN_ADMIN_PRE_2025,VNAP25-EA88BAB2F7,VN_ADMIN_2025,VNA25-9053E815A4,MERGED_INTO
VN_ADMIN_PRE_2025,VNAP25-3561FCDD5C,VN_ADMIN_2025,VNA25-CC7054B21F,MERGED_INTO
VN_ADMIN_PRE_2025,VNAP25-DA25B5E5AE,VN_ADMIN_2025,VNA25-9053E815A4,MERGED_INTO
VN_ADMIN_PRE_2025,VNAP25-2CBC707EE1,VN_ADMIN_2025,VNA25-DD448BE508,MERGED_INTO
VN_ADMIN_PRE_2025,VNAP25-F7024E0937,VN_ADMIN_2025,VNA25-DD448BE508,MERGED_INTO
VN_ADMIN_PRE_2025,VNAP25-3F95B5EB63,VN_ADMIN_2025,VNA25-CC7054B21F,MERGED_INTO
VN_ADMIN_PRE_2025,VNAP25-0B2A65271F,VN_ADMIN_2025,VNA25-CC7054B21F,MERGED_INTO
VN_ADMIN_PRE_2025,VNAP25-65650A3FAD,VN_ADMIN_2025,VNA25-7B39A51276,MERGED_INTO
VN_ADMIN_PRE_2025,VNAP25-118CA03036,VN_ADMIN_2025,VNA25-399B2533FB,MERGED_INTO
VN_ADMIN_PRE_2025,VNAP25-3E7CA5EA8F,VN_ADMIN_2025,VNA25-BD485B2339,MERGED_INTO
VN_ADMIN_PRE_2025,VNAP25-FF38BD7BEE,VN_ADMIN_2025,VNA25-DFFAE637CD,MERGED_INTO
VN_ADMIN_PRE_2025,VNAP25-DC4DAF14E2,VN_ADMIN_2025,VNA25-BD485B2339,MERGED_INTO
VN_ADMIN_PRE_2025,VNAP25-81A366CAD6,VN_ADMIN_2025,VNA25-DFFAE637CD,MERGED_INTO
VN_ADMIN_PRE_2025,VNAP25-C3B42579EB,VN_ADMIN_2025,VNA25-BD485B2339,MERGED_INTO
VN_ADMIN_PRE_2025,VNAP25-A78E79A0E1,VN_ADMIN_2025,VNA25-7B39A51276,MERGED_INTO
VN_ADMIN_PRE_2025,VNAP25-436CA9ACBE,VN_ADMIN_2025,VNA25-DFFAE637CD,MERGED_INTO
VN_ADMIN_PRE_2025,VNAP25-12CF3E2499,VN_ADMIN_2025,VNA25-7B39A51276,MERGED_INTO
VN_ADMIN_PRE_2025,VNAP25-BCB218E701,VN_ADMIN_2025,VNA25-12061C365E,MERGED_INTO
VN_ADMIN_PRE_2025,VNAP25-005B36FB69,VN_ADMIN_2025,VNA25-D966099350,MERGED_INTO
VN_ADMIN_PRE_2025,VNAP25-EEF75410D2,VN_ADMIN_2025,VNA25-D966099350,MERGED_INTO
VN_ADMIN_PRE_2025,VNAP25-97E76323B7,VN_ADMIN_2025,VNA25-C9822CD9F7,MERGED_INTO
VN_ADMIN_PRE_2025,VNAP25-73F8A49E45,VN_ADMIN_2025,VNA25-D7D8C24564,MERGED_INTO
VN_ADMIN_PRE_2025,VNAP25-5DB9DDB017,VN_ADMIN_2025,VNA25-BBD43E6BB2,MERGED_INTO
VN_ADMIN_PRE_2025,VNAP25-D1EFC0E85F,VN_ADMIN_2025,VNA25-C9822CD9F7,MERGED_INTO
VN_ADMIN_PRE_2025,VNAP25-BC7A0A22A3,VN_ADMIN_2025,VNA25-8E02B80012,MERGED_INTO
VN_ADMIN_PRE_2025,VNAP25-4F795BA14B,VN_ADMIN_2025,VNA25-8D5B63BEA2,MERGED_INTO
VN_ADMIN_PRE_2025,VNAP25-31ECC36161,VN_ADMIN_2025,VNA25-8E02B80012,MERGED_INTO
VN_ADMIN_PRE_2025,VNAP25-293FD61A5D,VN_ADMIN_2025,VNA25-8755ED154D,MERGED_INTO
VN_ADMIN_PRE_2025,VNAP25-2758CFB8B7,VN_ADMIN_2025,VNA25-8755ED154D,MERGED_INTO
VN_ADMIN_PRE_2025,VNAP25-90EBB63C21,VN_ADMIN_2025,VNA25-12061C365E,MERGED_INTO
VN_ADMIN_PRE_2025,VNAP25-D55EF61775,VN_ADMIN_2025,VNA25-D7D8C24564,MERGED_INTO
VN_ADMIN_PRE_2025,VNAP25-D682A58AAB,VN_ADMIN_2025,VNA25-8D5B63BEA2,MERGED_INTO
VN_ADMIN_PRE_2025,VNAP25-A76E4B4062,VN_ADMIN_2025,VNA25-8E02B80012,MERGED_INTO
VN_ADMIN_PRE_2025,VNAP25-28732D27E2,VN_ADMIN_2025,VNA25-D7D8C24564,MERGED_INTO
VN_ADMIN_PRE_2025,VNAP25-4F1D609F17,VN_ADMIN_2025,VNA25-AA8E42950E,MERGED_INTO
VN_ADMIN_PRE_2025,VNAP25-C29A4D5B54,VN_ADMIN_2025,VNA25-9925E6784A,MERGED_INTO
VN_ADMIN_PRE_2025,VNAP25-1370334192,VN_ADMIN_2025,VNA25-9925E6784A,MERGED_INTO
VN_ADMIN_PRE_2025,VNAP25-093B6DB6BB,VN_ADMIN_2025,VNA25-7714C13470,MERGED_INTO
VN_ADMIN_PRE_2025,VNAP25-76D39A2883,VN_ADMIN_2025,VNA25-BFEF5E76E5,MERGED_INTO
VN_ADMIN_PRE_2025,VNAP25-34EF77E01D,VN_ADMIN_2025,VNA25-AA8E42950E,MERGED_INTO
VN_ADMIN_PRE_2025,VNAP25-FC458BFAE1,VN_ADMIN_2025,VNA25-9925E6784A,MERGED_INTO
VN_ADMIN_PRE_2025,VNAP25-6A75B6BCC6,VN_ADMIN_2025,VNA25-AA8E42950E,MERGED_INTO
VN_ADMIN_PRE_2025,VNAP25-0F6199EF4A,VN_ADMIN_2025,VNA25-399B2533FB,MERGED_INTO
VN_ADMIN_PRE_2025,VNAP25-46210CCBE7,VN_ADMIN_2025,VNA25-BA2FAB332B,MERGED_INTO
VN_ADMIN_PRE_2025,VNAP25-498B1D0F2B,VN_ADMIN_2025,VNA25-BA2FAB332B,MERGED_INTO
VN_ADMIN_PRE_2025,VNAP25-CDF4295343,VN_ADMIN_2025,VNA25-7714C13470,MERGED_INTO
VN_ADMIN_PRE_2025,VNAP25-FB7F9C2A6B,VN_ADMIN_2025,VNA25-BA2FAB332B,MERGED_INTO
VN_ADMIN_PRE_2025,VNAP25-A1B67AE02A,VN_ADMIN_2025,VNA25-B6B8B1A7EA,MERGED_INTO
VN_ADMIN_PRE_2025,VNAP25-B99308D048,VN_ADMIN_2025,VNA25-D465EDF3F1,MERGED_INTO
VN_ADMIN_PRE_2025,VNAP25-7648994CC8,VN_ADMIN_2025,VNA25-D465EDF3F1,MERGED_INTO
VN_ADMIN_PRE_2025,VNAP25-E00C294BA7,VN_ADMIN_2025,VNA25-B6B8B1A7EA,MERGED_INTO
VN_ADMIN_PRE_2025,VNAP25-B4FCB61848,VN_ADMIN_2025,VNA25-B6B8B1A7EA,MERGED_INTO
VN_ADMIN_PRE_2025,VNAP25-A3654577F2,VN_ADMIN_2025,VNA25-DDFF4B5F07,MERGED_INTO
VN_ADMIN_PRE_2025,VNAP25-D5BFF66A27,VN_ADMIN_2025,VNA25-D465EDF3F1,MERGED_INTO
VN_ADMIN_PRE_2025,VNAP25-F374764CB5,VN_ADMIN_2025,VNA25-B6B8B1A7EA,MERGED_INTO
VN_ADMIN_PRE_2025,VNAP25-FB14BD885E,VN_ADMIN_2025,VNA25-DDFF4B5F07,MERGED_INTO
VN_ADMIN_PRE_2025,VNAP25-5F9C597D08,VN_ADMIN_2025,VNA25-7C72C0652C,MERGED_INTO
VN_ADMIN_PRE_2025,VNAP25-F5CF5D1BC9,VN_ADMIN_2025,VNA25-A70EB3A3B9,MERGED_INTO
VN_ADMIN_PRE_2025,VNAP25-EE3CD72AB6,VN_ADMIN_2025,VNA25-0C3A2B36D9,MERGED_INTO
VN_ADMIN_PRE_2025,VNAP25-EC93547A00,VN_ADMIN_2025,VNA25-7C72C0652C,MERGED_INTO
VN_ADMIN_PRE_2025,VNAP25-CC202F2D9A,VN_ADMIN_2025,VNA25-0C3A2B36D9,MERGED_INTO
VN_ADMIN_PRE_2025,VNAP25-D0303F7729,VN_ADMIN_2025,VNA25-BBD43E6BB2,MERGED_INTO
VN_ADMIN_PRE_2025,VNAP25-A33A0FFB08,VN_ADMIN_2025,VNA25-729616EE1C,MERGED_INTO
VN_ADMIN_PRE_2025,VNAP25-23FC060BFC,VN_ADMIN_2025,VNA25-BBD43E6BB2,MERGED_INTO
VN_ADMIN_PRE_2025,VNAP25-C73B49A22B,VN_ADMIN_2025,VNA25-729616EE1C,MERGED_INTO
VN_ADMIN_PRE_2025,VNAP25-0EDCE961CB,VN_ADMIN_2025,VNA25-7C72C0652C,MERGED_INTO
VN_ADMIN_PRE_2025,VNAP25-EDB967D04A,VN_ADMIN_2025,VNA25-729616EE1C,MERGED_INTO
VN_ADMIN_PRE_2025,VNAP25-B89DC95E78,VN_ADMIN_2025,VNA25-0C3A2B36D9,MERGED_INTO
VN_ADMIN_PRE_2025,VNAP25-BE783C018A,VN_ADMIN_2025,VNA25-BFEF5E76E5,MERGED_INTO
VN_ADMIN_PRE_2025,VNAP25-28DB8E469B,VN_ADMIN_2025,VNA25-A70EB3A3B9,MERGED_INTO
VN_ADMIN_PRE_2025,VNAP25-5729E9C803,VN_ADMIN_2025,VNA25-8D5B63BEA2,MERGED_INTO
VN_ADMIN_PRE_2025,VNAP25-35CCE025E3,VN_ADMIN_2025,VNA25-6BAF623462,MERGED_INTO
VN_ADMIN_PRE_2025,VNAP25-9257322A99,VN_ADMIN_2025,VNA25-6BAF623462,MERGED_INTO
VN_ADMIN_PRE_2025,VNAP25-9EC8502229,VN_ADMIN_2025,VNA25-6BAF623462,MERGED_INTO
VN_ADMIN_PRE_2025,VNAP25-E154978AA4,VN_ADMIN_2025,VNA25-CC241B7E49,MERGED_INTO
VN_ADMIN_PRE_2025,VNAP25-8D79D1B192,VN_ADMIN_2025,VNA25-CCAC631522,MERGED_INTO
VN_ADMIN_PRE_2025,VNAP25-3EB479C323,VN_ADMIN_2025,VNA25-CCAC631522,MERGED_INTO
VN_ADMIN_PRE_2025,VNAP25-66B22B1326,VN_ADMIN_2025,VNA25-3F18223066,MERGED_INTO
VN_ADMIN_PRE_2025,VNAP25-45E1B81396,VN_ADMIN_2025,VNA25-24550AE5F0,MERGED_INTO
VN_ADMIN_PRE_2025,VNAP25-8CCC1CF42A,VN_ADMIN_2025,VNA25-24550AE5F0,MERGED_INTO
VN_ADMIN_PRE_2025,VNAP25-BCC59B2CF0,VN_ADMIN_2025,VNA25-CE33ABE310,MERGED_INTO
VN_ADMIN_PRE_2025,VNAP25-DEDFB90EA4,VN_ADMIN_2025,VNA25-CCAC631522,MERGED_INTO
VN_ADMIN_PRE_2025,VNAP25-F5B4BD9D9F,VN_ADMIN_2025,VNA25-CCAC631522,MERGED_INTO
VN_ADMIN_PRE_2025,VNAP25-D4A0727DA4,VN_ADMIN_2025,VNA25-24550AE5F0,MERGED_INTO
VN_ADMIN_PRE_2025,VNAP25-63D411D883,VN_ADMIN_2025,VNA25-CC241B7E49,MERGED_INTO
VN_ADMIN_PRE_2025,VNAP25-18907404AA,VN_ADMIN_2025,VNA25-3F18223066,MERGED_INTO
VN_ADMIN_PRE_2025,VNAP25-FDCA49982E,VN_ADMIN_2025,VNA25-CE33ABE310,MERGED_INTO
VN_ADMIN_PRE_2025,VNAP25-DB0E36D143,VN_ADMIN_2025,VNA25-E7DA38242E,MERGED_INTO
VN_ADMIN_PRE_2025,VNAP25-74849D5427,VN_ADMIN_2025,VNA25-612E3CF18B,MERGED_INTO
VN_ADMIN_PRE_2025,VNAP25-8F1D522E20,VN_ADMIN_2025,VNA25-612E3CF18B,MERGED_INTO
VN_ADMIN_PRE_2025,VNAP25-8C0C6E2BB4,VN_ADMIN_2025,VNA25-E7DA38242E,MERGED_INTO
VN_ADMIN_PRE_2025,VNAP25-50593F4FF4,VN_ADMIN_2025,VNA25-A659B6AD68,MERGED_INTO
VN_ADMIN_PRE_2025,VNAP25-8AA255334A,VN_ADMIN_2025,VNA25-612E3CF18B,MERGED_INTO
VN_ADMIN_PRE_2025,VNAP25-BFC4F7B1F2,VN_ADMIN_2025,VNA25-A659B6AD68,MERGED_INTO
VN_ADMIN_PRE_2025,VNAP25-D2DC55AF19,VN_ADMIN_2025,VNA25-E7DA38242E,MERGED_INTO
VN_ADMIN_PRE_2025,VNAP25-3EC8EC1312,VN_ADMIN_2025,VNA25-E7DA38242E,MERGED_INTO
VN_ADMIN_PRE_2025,VNAP25-605055170F,VN_ADMIN_2025,VNA25-D40CF2E4D9,MERGED_INTO
VN_ADMIN_PRE_2025,VNAP25-EE75BCB0F4,VN_ADMIN_2025,VNA25-D40CF2E4D9,MERGED_INTO
VN_ADMIN_PRE_2025,VNAP25-C62DA97285,VN_ADMIN_2025,VNA25-4474790614,MERGED_INTO
VN_ADMIN_PRE_2025,VNAP25-C9BCCA5CC9,VN_ADMIN_2025,VNA25-4474790614,MERGED_INTO
VN_ADMIN_PRE_2025,VNAP25-0E6EF15FCB,VN_ADMIN_2025,VNA25-96FA7383FA,MERGED_INTO
VN_ADMIN_PRE_2025,VNAP25-4D04D10176,VN_ADMIN_2025,VNA25-12A35F9292,SPLIT_INTO
VN_ADMIN_PRE_2025,VNAP25-4D04D10176,VN_ADMIN_2025,VNA25-96FA7383FA,SPLIT_INTO
VN_ADMIN_PRE_2025,VNAP25-1F2BF08BE0,VN_ADMIN_2025,VNA25-12A35F9292,SPLIT_INTO
VN_ADMIN_PRE_2025,VNAP25-1F2BF08BE0,VN_ADMIN_2025,VNA25-96FA7383FA,SPLIT_INTO
VN_ADMIN_PRE_2025,VNAP25-6E8EDBF702,VN_ADMIN_2025,VNA25-16D5AFA764,MERGED_INTO
VN_ADMIN_PRE_2025,VNAP25-4D17A44B85,VN_ADMIN_2025,VNA25-4474790614,MERGED_INTO
VN_ADMIN_PRE_2025,VNAP25-EBDE2BDDFB,VN_ADMIN_2025,VNA25-4474790614,MERGED_INTO
VN_ADMIN_PRE_2025,VNAP25-AF1B0C1B75,VN_ADMIN_2025,VNA25-12A35F9292,SPLIT_INTO
VN_ADMIN_PRE_2025,VNAP25-AF1B0C1B75,VN_ADMIN_2025,VNA25-96FA7383FA,SPLIT_INTO
VN_ADMIN_PRE_2025,VNAP25-3FC108875B,VN_ADMIN_2025,VNA25-12A35F9292,MERGED_INTO
VN_ADMIN_PRE_2025,VNAP25-360C004398,VN_ADMIN_2025,VNA25-12A35F9292,MERGED_INTO
VN_ADMIN_PRE_2025,VNAP25-8AD2D67AF9,VN_ADMIN_2025,VNA25-16D5AFA764,MERGED_INTO
VN_ADMIN_PRE_2025,VNAP25-8F1EB3B88B,VN_ADMIN_2025,VNA25-12A35F9292,SPLIT_INTO
VN_ADMIN_PRE_2025,VNAP25-8F1EB3B88B,VN_ADMIN_2025,VNA25-96FA7383FA,SPLIT_INTO
VN_ADMIN_PRE_2025,VNAP25-6F2DBDDD55,VN_ADMIN_2025,VNA25-96FA7383FA,MERGED_INTO
VN_ADMIN_PRE_2025,VNAP25-D4BC33E814,VN_ADMIN_2025,VNA25-96FA7383FA,MERGED_INTO
VN_ADMIN_PRE_2025,VNAP25-9DAA52A264,VN_ADMIN_2025,VNA25-4474790614,MERGED_INTO
VN_ADMIN_PRE_2025,VNAP25-D79126C403,VN_ADMIN_2025,VNA25-3034E02FBE,MERGED_INTO
VN_ADMIN_PRE_2025,VNAP25-ED3E756B38,VN_ADMIN_2025,VNA25-444058DF04,MERGED_INTO
VN_ADMIN_PRE_2025,VNAP25-BA1A766CB3,VN_ADMIN_2025,VNA25-3034E02FBE,MERGED_INTO
VN_ADMIN_PRE_2025,VNAP25-CF77AF9331,VN_ADMIN_2025,VNA25-F4564F4D06,SPLIT_INTO
VN_ADMIN_PRE_2025,VNAP25-CF77AF9331,VN_ADMIN_2025,VNA25-F72CDA3A76,SPLIT_INTO
VN_ADMIN_PRE_2025,VNAP25-E0F789E387,VN_ADMIN_2025,VNA25-F4564F4D06,MERGED_INTO
VN_ADMIN_PRE_2025,VNAP25-9AC1598C01,VN_ADMIN_2025,VNA25-194FE972E2,MERGED_INTO
VN_ADMIN_PRE_2025,VNAP25-298A25D21F,VN_ADMIN_2025,VNA25-194FE972E2,MERGED_INTO
VN_ADMIN_PRE_2025,VNAP25-09E30811C9,VN_ADMIN_2025,VNA25-444058DF04,MERGED_INTO
VN_ADMIN_PRE_2025,VNAP25-C7384F9792,VN_ADMIN_2025,VNA25-3034E02FBE,SPLIT_INTO
VN_ADMIN_PRE_2025,VNAP25-C7384F9792,VN_ADMIN_2025,VNA25-F4564F4D06,SPLIT_INTO
VN_ADMIN_PRE_2025,VNAP25-BEC734AC28,VN_ADMIN_2025,VNA25-194FE972E2,MERGED_INTO
VN_ADMIN_PRE_2025,VNAP25-0DFDFA7F3E,VN_ADMIN_2025,VNA25-3034E02FBE,MERGED_INTO
VN_ADMIN_PRE_2025,VNAP25-BB8CF548FC,VN_ADMIN_2025,VNA25-2A02D3CB69,MERGED_INTO
VN_ADMIN_PRE_2025,VNAP25-895D3F324E,VN_ADMIN_2025,VNA25-F8F684F3DE,MERGED_INTO
VN_ADMIN_PRE_2025,VNAP25-00A60D36F9,VN_ADMIN_2025,VNA25-82AE0B2AB4,MERGED_INTO
VN_ADMIN_PRE_2025,VNAP25-B80C780E7B,VN_ADMIN_2025,VNA25-81C0FE2385,MERGED_INTO
VN_ADMIN_PRE_2025,VNAP25-ACD7F79957,VN_ADMIN_2025,VNA25-81C0FE2385,MERGED_INTO
VN_ADMIN_PRE_2025,VNAP25-AF01C3E1DB,VN_ADMIN_2025,VNA25-80A92A41AD,MERGED_INTO
VN_ADMIN_PRE_2025,VNAP25-26894158EE,VN_ADMIN_2025,VNA25-80A92A41AD,MERGED_INTO
VN_ADMIN_PRE_2025,VNAP25-9218F5DFF0,VN_ADMIN_2025,VNA25-80A92A41AD,MERGED_INTO
VN_ADMIN_PRE_2025,VNAP25-C709DB2290,VN_ADMIN_2025,VNA25-2A02D3CB69,MERGED_INTO
VN_ADMIN_PRE_2025,VNAP25-F2C404CC70,VN_ADMIN_2025,VNA25-25D71423EC,MERGED_INTO
VN_ADMIN_PRE_2025,VNAP25-B646E76949,VN_ADMIN_2025,VNA25-2A02D3CB69,MERGED_INTO
VN_ADMIN_PRE_2025,VNAP25-DA1BB87E39,VN_ADMIN_2025,VNA25-25D71423EC,MERGED_INTO
VN_ADMIN_PRE_2025,VNAP25-A8C8E98A85,VN_ADMIN_2025,VNA25-82AE0B2AB4,MERGED_INTO
VN_ADMIN_PRE_2025,VNAP25-3D100E4F7A,VN_ADMIN_2025,VNA25-339B0E4833,MERGED_INTO
VN_ADMIN_PRE_2025,VNAP25-9AB87823C3,VN_ADMIN_2025,VNA25-F8F684F3DE,MERGED_INTO
VN_ADMIN_PRE_2025,VNAP25-733537A7FA,VN_ADMIN_2025,VNA25-339B0E4833,MERGED_INTO
VN_ADMIN_PRE_2025,VNAP25-49BABA5970,VN_ADMIN_2025,VNA25-CAEEEFBADF,MERGED_INTO
VN_ADMIN_PRE_2025,VNAP25-4CD4BDCBC4,VN_ADMIN_2025,VNA25-898CCE9DA1,SPLIT_INTO
VN_ADMIN_PRE_2025,VNAP25-4CD4BDCBC4,VN_ADMIN_2025,VNA25-CAEEEFBADF,SPLIT_INTO
VN_ADMIN_PRE_2025,VNAP25-7F7A1060CA,VN_ADMIN_2025,VNA25-898CCE9DA1,MERGED_INTO
VN_ADMIN_PRE_2025,VNAP25-13A1170D24,VN_ADMIN_2025,VNA25-8E893F4DBC,MERGED_INTO
VN_ADMIN_PRE_2025,VNAP25-E33E23D2BB,VN_ADMIN_2025,VNA25-CAEEEFBADF,MERGED_INTO
VN_ADMIN_PRE_2025,VNAP25-E70FA0A8D7,VN_ADMIN_2025,VNA25-898CCE9DA1,SPLIT_INTO
VN_ADMIN_PRE_2025,VNAP25-E70FA0A8D7,VN_ADMIN_2025,VNA25-CAEEEFBADF,SPLIT_INTO
VN_ADMIN_PRE_2025,VNAP25-7459BACD4D,VN_ADMIN_2025,VNA25-8E893F4DBC,MERGED_INTO
VN_ADMIN_PRE_2025,VNAP25-BCBD74FA69,VN_ADMIN_2025,VNA25-8E893F4DBC,MERGED_INTO
VN_ADMIN_PRE_2025,VNAP25-6FA5EE6BD9,VN_ADMIN_2025,VNA25-972F04F474,MERGED_INTO
VN_ADMIN_PRE_2025,VNAP25-7B0BEA8B55,VN_ADMIN_2025,VNA25-F029F9C267,MERGED_INTO
VN_ADMIN_PRE_2025,VNAP25-9836FB6BEE,VN_ADMIN_2025,VNA25-3B8AEAD820,MERGED_INTO
VN_ADMIN_PRE_2025,VNAP25-E6B0FD20BA,VN_ADMIN_2025,VNA25-F029F9C267,MERGED_INTO
VN_ADMIN_PRE_2025,VNAP25-AB790CF0BB,VN_ADMIN_2025,VNA25-3B8AEAD820,MERGED_INTO
VN_ADMIN_PRE_2025,VNAP25-62D18775BD,VN_ADMIN_2025,VNA25-972F04F474,MERGED_INTO
VN_ADMIN_PRE_2025,VNAP25-87A48445AD,VN_ADMIN_2025,VNA25-F029F9C267,MERGED_INTO
VN_ADMIN_PRE_2025,VNAP25-E6FAECEE5A,VN_ADMIN_2025,VNA25-0BF284D976,MERGED_INTO
VN_ADMIN_PRE_2025,VNAP25-33E832CD02,VN_ADMIN_2025,VNA25-0BF284D976,MERGED_INTO
VN_ADMIN_PRE_2025,VNAP25-4D406E89ED,VN_ADMIN_2025,VNA25-F72CDA3A76,MERGED_INTO
VN_ADMIN_PRE_2025,VNAP25-A1691E2972,VN_ADMIN_2025,VNA25-0CC5DA5044,MERGED_INTO
VN_ADMIN_PRE_2025,VNAP25-B2C5D1034C,VN_ADMIN_2025,VNA25-F72CDA3A76,MERGED_INTO
VN_ADMIN_PRE_2025,VNAP25-A458C717CA,VN_ADMIN_2025,VNA25-E8365B38D1,MERGED_INTO
VN_ADMIN_PRE_2025,VNAP25-DD2273496C,VN_ADMIN_2025,VNA25-0CC5DA5044,MERGED_INTO
VN_ADMIN_PRE_2025,VNAP25-431D02A5EB,VN_ADMIN_2025,VNA25-E8365B38D1,MERGED_INTO
VN_ADMIN_PRE_2025,VNAP25-2090DA6CF3,VN_ADMIN_2025,VNA25-E8365B38D1,MERGED_INTO
VN_ADMIN_PRE_2025,VNAP25-A025B569C2,VN_ADMIN_2025,VNA25-A75A268078,MERGED_INTO
VN_ADMIN_PRE_2025,VNAP25-8227A867FF,VN_ADMIN_2025,VNA25-A75A268078,MERGED_INTO
VN_ADMIN_PRE_2025,VNAP25-0F46E02CC2,VN_ADMIN_2025,VNA25-05F425C3B6,SAME_AS
VN_ADMIN_PRE_2025,VNAP25-BC317C291A,VN_ADMIN_2025,VNA25-A75A268078,MERGED_INTO
VN_ADMIN_PRE_2025,VNAP25-16FF874C33,VN_ADMIN_2025,VNA25-EA36442CE4,MERGED_INTO
VN_ADMIN_PRE_2025,VNAP25-15C3721B9D,VN_ADMIN_2025,VNA25-EA36442CE4,MERGED_INTO
VN_ADMIN_PRE_2025,VNAP25-381429052D,VN_ADMIN_2025,VNA25-EA36442CE4,MERGED_INTO
VN_ADMIN_PRE_2025,VNAP25-7BA55C12F8,VN_ADMIN_2025,VNA25-9F9D22BA8E,MERGED_INTO
VN_ADMIN_PRE_2025,VNAP25-D184529C32,VN_ADMIN_2025,VNA25-10CAEEA2BE,MERGED_INTO
VN_ADMIN_PRE_2025,VNAP25-8AC5962873,VN_ADMIN_2025,VNA25-10CAEEA2BE,MERGED_INTO
VN_ADMIN_PRE_2025,VNAP25-287CD190D8,VN_ADMIN_2025,VNA25-9F9D22BA8E,MERGED_INTO
VN_ADMIN_PRE_2025,VNAP25-EFB45192EA,VN_ADMIN_2025,VNA25-9F9D22BA8E,MERGED_INTO
VN_ADMIN_PRE_2025,VNAP25-045E7DE949,VN_ADMIN_2025,VNA25-6E676B60E6,MERGED_INTO
VN_ADMIN_PRE_2025,VNAP25-670C7F3995,VN_ADMIN_2025,VNA25-6E676B60E6,MERGED_INTO
VN_ADMIN_PRE_2025,VNAP25-DDFEF1FF01,VN_ADMIN_2025,VNA25-C42DBF9B2F,MERGED_INTO
VN_ADMIN_PRE_2025,VNAP25-A5165222F4,VN_ADMIN_2025,VNA25-C42DBF9B2F,MERGED_INTO
VN_ADMIN_PRE_2025,VNAP25-FBFC01310C,VN_ADMIN_2025,VNA25-C8C8A58F05,MERGED_INTO
VN_ADMIN_PRE_2025,VNAP25-BAA4FBE9E4,VN_ADMIN_2025,VNA25-C8C8A58F05,MERGED_INTO
VN_ADMIN_PRE_2025,VNAP25-C45159BA5D,VN_ADMIN_2025,VNA25-21B8CB55CB,MERGED_INTO
VN_ADMIN_PRE_2025,VNAP25-7039EF13B3,VN_ADMIN_2025,VNA25-16D5AFA764,SPLIT_INTO
VN_ADMIN_PRE_2025,VNAP25-7039EF13B3,VN_ADMIN_2025,VNA25-194FE972E2,SPLIT_INTO
VN_ADMIN_PRE_2025,VNAP25-586533BB38,VN_ADMIN_2025,VNA25-21B8CB55CB,SPLIT_INTO
VN_ADMIN_PRE_2025,VNAP25-586533BB38,VN_ADMIN_2025,VNA25-22F39CEA6C,SPLIT_INTO
VN_ADMIN_PRE_2025,VNAP25-9838D3050C,VN_ADMIN_2025,VNA25-21B8CB55CB,MERGED_INTO
VN_ADMIN_PRE_2025,VNAP25-A1807BB85A,VN_ADMIN_2025,VNA25-22F39CEA6C,MERGED_INTO
VN_ADMIN_PRE_2025,VNAP25-8A05572D45,VN_ADMIN_2025,VNA25-21B8CB55CB,SPLIT_INTO
VN_ADMIN_PRE_2025,VNAP25-8A05572D45,VN_ADMIN_2025,VNA25-C42DBF9B2F,SPLIT_INTO
VN_ADMIN_PRE_2025,VNAP25-C9D7D9088E,VN_ADMIN_2025,VNA25-21B8CB55CB,MERGED_INTO
VN_ADMIN_PRE_2025,VNAP25-C4D109AF2F,VN_ADMIN_2025,VNA25-4E5D226A0B,MERGED_INTO
VN_ADMIN_PRE_2025,VNAP25-A8C868A320,VN_ADMIN_2025,VNA25-1BEDBC29B5,MERGED_INTO
VN_ADMIN_PRE_2025,VNAP25-6805606696,VN_ADMIN_2025,VNA25-4EC8B6428C,MERGED_INTO
VN_ADMIN_PRE_2025,VNAP25-08ECBC970B,VN_ADMIN_2025,VNA25-4EC8B6428C,MERGED_INTO
VN_ADMIN_PRE_2025,VNAP25-C7C294EE59,VN_ADMIN_2025,VNA25-9B678D8CD1,MERGED_INTO
VN_ADMIN_PRE_2025,VNAP25-FA116664E6,VN_ADMIN_2025,VNA25-1BEDBC29B5,MERGED_INTO
VN_ADMIN_PRE_2025,VNAP25-E0A0E0E40F,VN_ADMIN_2025,VNA25-4E5D226A0B,SPLIT_INTO
VN_ADMIN_PRE_2025,VNAP25-E0A0E0E40F,VN_ADMIN_2025,VNA25-4EC8B6428C,SPLIT_INTO
VN_ADMIN_PRE_2025,VNAP25-E0A0E0E40F,VN_ADMIN_2025,VNA25-9B678D8CD1,SPLIT_INTO
VN_ADMIN_PRE_2025,VNAP25-C8147E3F7D,VN_ADMIN_2025,VNA25-9B678D8CD1,MERGED_INTO
VN_ADMIN_PRE_2025,VNAP25-8DA7ADF8A4,VN_ADMIN_2025,VNA25-11D187A779,MERGED_INTO
VN_ADMIN_PRE_2025,VNAP25-034649347F,VN_ADMIN_2025,VNA25-11D187A779,MERGED_INTO
VN_ADMIN_PRE_2025,VNAP25-FF4843DF3F,VN_ADMIN_2025,VNA25-11D187A779,SPLIT_INTO
VN_ADMIN_PRE_2025,VNAP25-FF4843DF3F,VN_ADMIN_2025,VNA25-43C2E5CAC7,SPLIT_INTO
VN_ADMIN_PRE_2025,VNAP25-F093B31734,VN_ADMIN_2025,VNA25-77E90F1C50,MERGED_INTO
VN_ADMIN_PRE_2025,VNAP25-83B9DF8D0A,VN_ADMIN_2025,VNA25-22DABDD368,SPLIT_INTO
VN_ADMIN_PRE_2025,VNAP25-83B9DF8D0A,VN_ADMIN_2025,VNA25-77E90F1C50,SPLIT_INTO
VN_ADMIN_PRE_2025,VNAP25-4AD514F130,VN_ADMIN_2025,VNA25-2D834B8F2D,MERGED_INTO
VN_ADMIN_PRE_2025,VNAP25-2790E03F40,VN_ADMIN_2025,VNA25-2D834B8F2D,MERGED_INTO
VN_ADMIN_PRE_2025,VNAP25-1A5E8E14F6,VN_ADMIN_2025,VNA25-2D834B8F2D,MERGED_INTO
VN_ADMIN_PRE_2025,VNAP25-FAE8AFC184,VN_ADMIN_2025,VNA25-48CDC2F58F,MERGED_INTO
VN_ADMIN_PRE_2025,VNAP25-E5A2F9D6BD,VN_ADMIN_2025,VNA25-9B6E176F49,MERGED_INTO
VN_ADMIN_PRE_2025,VNAP25-829AD49F14,VN_ADMIN_2025,VNA25-48CDC2F58F,MERGED_INTO
VN_ADMIN_PRE_2025,VNAP25-C3EF1EB28D,VN_ADMIN_2025,VNA25-48CDC2F58F,MERGED_INTO
VN_ADMIN_PRE_2025,VNAP25-AABDD31385,VN_ADMIN_2025,VNA25-9B6E176F49,MERGED_INTO
VN_ADMIN_PRE_2025,VNAP25-788B45178A,VN_ADMIN_2025,VNA25-9B6E176F49,MERGED_INTO
VN_ADMIN_PRE_2025,VNAP25-469E4ECA31,VN_ADMIN_2025,VNA25-48CDC2F58F,MERGED_INTO
VN_ADMIN_PRE_2025,VNAP25-273340199D,VN_ADMIN_2025,VNA25-A575F2CCAC,MERGED_INTO
VN_ADMIN_PRE_2025,VNAP25-E7BD563C7B,VN_ADMIN_2025,VNA25-D0F2BB0049,MERGED_INTO
VN_ADMIN_PRE_2025,VNAP25-D66622DC63,VN_ADMIN_2025,VNA25-D0F2BB0049,MERGED_INTO
VN_ADMIN_PRE_2025,VNAP25-4F80068BD8,VN_ADMIN_2025,VNA25-ED41BB2CD9,SAME_AS
VN_ADMIN_PRE_2025,VNAP25-09E38D4AF6,VN_ADMIN_2025,VNA25-A575F2CCAC,MERGED_INTO
VN_ADMIN_PRE_2025,VNAP25-A6CC8104FD,VN_ADMIN_2025,VNA25-EFE0530246,SAME_AS
VN_ADMIN_PRE_2025,VNAP25-7A255CC50D,VN_ADMIN_2025,VNA25-A575F2CCAC,MERGED_INTO
VN_ADMIN_PRE_2025,VNAP25-FE2198DEEA,VN_ADMIN_2025,VNA25-2A417EF77A,MERGED_INTO
VN_ADMIN_PRE_2025,VNAP25-BCEC72CAF0,VN_ADMIN_2025,VNA25-96D082B536,MERGED_INTO
VN_ADMIN_PRE_2025,VNAP25-FC37BD28D6,VN_ADMIN_2025,VNA25-96D082B536,MERGED_INTO
VN_ADMIN_PRE_2025,VNAP25-6785E57BF3,VN_ADMIN_2025,VNA25-22DABDD368,MERGED_INTO
VN_ADMIN_PRE_2025,VNAP25-89BF46A79F,VN_ADMIN_2025,VNA25-43C2E5CAC7,MERGED_INTO
VN_ADMIN_PRE_2025,VNAP25-4E4B078A17,VN_ADMIN_2025,VNA25-0D1544CFBF,MERGED_INTO
VN_ADMIN_PRE_2025,VNAP25-C0A71A2CB3,VN_ADMIN_2025,VNA25-43C2E5CAC7,MERGED_INTO
VN_ADMIN_PRE_2025,VNAP25-365C3879FE,VN_ADMIN_2025,VNA25-0D1544CFBF,MERGED_INTO
VN_ADMIN_PRE_2025,VNAP25-91B0CD50F3,VN_ADMIN_2025,VNA25-0F184A893D,MERGED_INTO
VN_ADMIN_PRE_2025,VNAP25-739ECE87F3,VN_ADMIN_2025,VNA25-0F184A893D,MERGED_INTO
VN_ADMIN_PRE_2025,VNAP25-B9B73B7BF2,VN_ADMIN_2025,VNA25-0F184A893D,MERGED_INTO
VN_ADMIN_PRE_2025,VNAP25-C5EA1258A0,VN_ADMIN_2025,VNA25-F23242CB7A,MERGED_INTO
VN_ADMIN_PRE_2025,VNAP25-80288A7D12,VN_ADMIN_2025,VNA25-1D96F42559,MERGED_INTO
VN_ADMIN_PRE_2025,VNAP25-5453F0240F,VN_ADMIN_2025,VNA25-CC1FD07912,MERGED_INTO
VN_ADMIN_PRE_2025,VNAP25-B77CA7450E,VN_ADMIN_2025,VNA25-F23242CB7A,MERGED_INTO
VN_ADMIN_PRE_2025,VNAP25-B534A746EC,VN_ADMIN_2025,VNA25-F23242CB7A,MERGED_INTO
VN_ADMIN_PRE_2025,VNAP25-9C9C0E63E7,VN_ADMIN_2025,VNA25-1D96F42559,MERGED_INTO
VN_ADMIN_PRE_2025,VNAP25-5AFAAC9CE4,VN_ADMIN_2025,VNA25-CC1FD07912,MERGED_INTO
VN_ADMIN_PRE_2025,VNAP25-70C0B1BB19,VN_ADMIN_2025,VNA25-393007CCF6,MERGED_INTO
VN_ADMIN_PRE_2025,VNAP25-33FCE5C334,VN_ADMIN_2025,VNA25-22DABDD368,MERGED_INTO
VN_ADMIN_PRE_2025,VNAP25-5642462178,VN_ADMIN_2025,VNA25-C56036DEB5,MERGED_INTO
VN_ADMIN_PRE_2025,VNAP25-FA2F176171,VN_ADMIN_2025,VNA25-C56036DEB5,MERGED_INTO
VN_ADMIN_PRE_2025,VNAP25-A35460BB34,VN_ADMIN_2025,VNA25-393007CCF6,MERGED_INTO
VN_ADMIN_PRE_2025,VNAP25-DD24679561,VN_ADMIN_2025,VNA25-393007CCF6,MERGED_INTO
VN_ADMIN_PRE_2025,VNAP25-97C44DC271,VN_ADMIN_2025,VNA25-F8E4057E72,SAME_AS
VN_ADMIN_PRE_2025,VNAP25-CD0364964A,VN_ADMIN_2025,VNA25-7594EDED95,MERGED_INTO
VN_ADMIN_PRE_2025,VNAP25-7F8D81FCF8,VN_ADMIN_2025,VNA25-62E58849CA,MERGED_INTO
VN_ADMIN_PRE_2025,VNAP25-1E69E6362B,VN_ADMIN_2025,VNA25-62E58849CA,MERGED_INTO
VN_ADMIN_PRE_2025,VNAP25-96496AAF7A,VN_ADMIN_2025,VNA25-7594EDED95,MERGED_INTO
VN_ADMIN_PRE_2025,VNAP25-6ED42F1537,VN_ADMIN_2025,VNA25-4E4A11E4FC,MERGED_INTO
VN_ADMIN_PRE_2025,VNAP25-75E0DE1098,VN_ADMIN_2025,VNA25-4E4A11E4FC,MERGED_INTO
VN_ADMIN_PRE_2025,VNAP25-4F769447A9,VN_ADMIN_2025,VNA25-F23242CB7A,MERGED_INTO
VN_ADMIN_PRE_2025,VNAP25-CDF19B517F,VN_ADMIN_2025,VNA25-4E4A11E4FC,MERGED_INTO
VN_ADMIN_PRE_2025,VNAP25-17CD96C602,VN_ADMIN_2025,VNA25-7594EDED95,MERGED_INTO
VN_ADMIN_PRE_2025,VNAP25-96B9F0EE6C,VN_ADMIN_2025,VNA25-E1E3099AC4,MERGED_INTO
VN_ADMIN_PRE_2025,VNAP25-2A67972B05,VN_ADMIN_2025,VNA25-E1E3099AC4,MERGED_INTO
VN_ADMIN_PRE_2025,VNAP25-DFCD87E12E,VN_ADMIN_2025,VNA25-E1E3099AC4,MERGED_INTO
VN_ADMIN_PRE_2025,VNAP25-D3F3D9C7C8,VN_ADMIN_2025,VNA25-D0F2BB0049,MERGED_INTO
VN_ADMIN_PRE_2025,VNAP25-491A7E7EAC,VN_ADMIN_2025,VNA25-1D96F42559,MERGED_INTO
VN_ADMIN_PRE_2025,VNAP25-B191F9736D,VN_ADMIN_2025,VNA25-66EA6C25EE,SAME_AS
VN_ADMIN_PRE_2025,VNAP25-9CBAE39502,VN_ADMIN_2025,VNA25-2A417EF77A,MERGED_INTO
VN_ADMIN_PRE_2025,VNAP25-63C5D94F0B,VN_ADMIN_2025,VNA25-008C84A9B8,MERGED_INTO
VN_ADMIN_PRE_2025,VNAP25-6B0DDA9488,VN_ADMIN_2025,VNA25-008C84A9B8,SPLIT_INTO
VN_ADMIN_PRE_2025,VNAP25-6B0DDA9488,VN_ADMIN_2025,VNA25-D7376D36C5,SPLIT_INTO
VN_ADMIN_PRE_2025,VNAP25-D11CD15E11,VN_ADMIN_2025,VNA25-008C84A9B8,MERGED_INTO
VN_ADMIN_PRE_2025,VNAP25-08C1145046,VN_ADMIN_2025,VNA25-D7376D36C5,MERGED_INTO
VN_ADMIN_PRE_2025,VNAP25-B79B3CDEF2,VN_ADMIN_2025,VNA25-D7376D36C5,MERGED_INTO
VN_ADMIN_PRE_2025,VNAP25-AF3DF857F7,VN_ADMIN_2025,VNA25-2A417EF77A,MERGED_INTO
VN_ADMIN_PRE_2025,VNAP25-A4892DC234,VN_ADMIN_2025,VNA25-F83A895E94,MERGED_INTO
VN_ADMIN_PRE_2025,VNAP25-D4AC496C78,VN_ADMIN_2025,VNA25-4C519F5205,MERGED_INTO
VN_ADMIN_PRE_2025,VNAP25-438EB4BCC9,VN_ADMIN_2025,VNA25-C8A2163692,MERGED_INTO
VN_ADMIN_PRE_2025,VNAP25-F866F4D615,VN_ADMIN_2025,VNA25-F83A895E94,MERGED_INTO
VN_ADMIN_PRE_2025,VNAP25-ED396D3AB8,VN_ADMIN_2025,VNA25-C8A2163692,MERGED_INTO
VN_ADMIN_PRE_2025,VNAP25-EB46E789B2,VN_ADMIN_2025,VNA25-4C519F5205,MERGED_INTO
VN_ADMIN_PRE_2025,VNAP25-B600177720,VN_ADMIN_2025,VNA25-F83A895E94,MERGED_INTO
VN_ADMIN_PRE_2025,VNAP25-37AA75D4B8,VN_ADMIN_2025,VNA25-4C519F5205,MERGED_INTO
VN_ADMIN_PRE_2025,VNAP25-2CB36B82C0,VN_ADMIN_2025,VNA25-133717A9CC,MERGED_INTO
VN_ADMIN_PRE_2025,VNAP25-D18E2327FD,VN_ADMIN_2025,VNA25-C8A2163692,MERGED_INTO
VN_ADMIN_PRE_2025,VNAP25-C5BC1675A2,VN_ADMIN_2025,VNA25-133717A9CC,MERGED_INTO
VN_ADMIN_PRE_2025,VNAP25-43FB8877CD,VN_ADMIN_2025,VNA25-5A0151A6C1,MERGED_INTO
VN_ADMIN_PRE_2025,VNAP25-5ACD889027,VN_ADMIN_2025,VNA25-5A0151A6C1,MERGED_INTO
VN_ADMIN_PRE_2025,VNAP25-BA761DE7C6,VN_ADMIN_2025,VNA25-292DADF106,MERGED_INTO
VN_ADMIN_PRE_2025,VNAP25-BDA51B1DD5,VN_ADMIN_2025,VNA25-751B53D1C8,MERGED_INTO
VN_ADMIN_PRE_2025,VNAP25-3B4FAE7BB3,VN_ADMIN_2025,VNA25-D7C08927A3,MERGED_INTO
VN_ADMIN_PRE_2025,VNAP25-27AEE5ADDB,VN_ADMIN_2025,VNA25-40039EE1F5,MERGED_INTO
VN_ADMIN_PRE_2025,VNAP25-5FC5AD225C,VN_ADMIN_2025,VNA25-5A0151A6C1,MERGED_INTO
VN_ADMIN_PRE_2025,VNAP25-EE2E33E196,VN_ADMIN_2025,VNA25-3F6CB1BD17,MERGED_INTO
VN_ADMIN_PRE_2025,VNAP25-03C797C0FF,VN_ADMIN_2025,VNA25-3F6CB1BD17,MERGED_INTO
VN_ADMIN_PRE_2025,VNAP25-5E543A211C,VN_ADMIN_2025,VNA25-D7C08927A3,MERGED_INTO
VN_ADMIN_PRE_2025,VNAP25-745099F0B3,VN_ADMIN_2025,VNA25-206B457454,MERGED_INTO
VN_ADMIN_PRE_2025,VNAP25-58C95763F9,VN_ADMIN_2025,VNA25-3F6CB1BD17,MERGED_INTO
VN_ADMIN_PRE_2025,VNAP25-E66C83E480,VN_ADMIN_2025,VNA25-206B457454,MERGED_INTO
VN_ADMIN_PRE_2025,VNAP25-FE6A08F6FD,VN_ADMIN_2025,VNA25-2C4AEAA78F,MERGED_INTO
VN_ADMIN_PRE_2025,VNAP25-C822284076,VN_ADMIN_2025,VNA25-2C4AEAA78F,MERGED_INTO
VN_ADMIN_PRE_2025,VNAP25-CBB956B9BA,VN_ADMIN_2025,VNA25-292DADF106,MERGED_INTO
VN_ADMIN_PRE_2025,VNAP25-6AB6525BB4,VN_ADMIN_2025,VNA25-40039EE1F5,MERGED_INTO
VN_ADMIN_PRE_2025,VNAP25-A23F0D3F4A,VN_ADMIN_2025,VNA25-751B53D1C8,MERGED_INTO
VN_ADMIN_PRE_2025,VNAP25-2A23088211,VN_ADMIN_2025,VNA25-AB41274F65,MERGED_INTO
VN_ADMIN_PRE_2025,VNAP25-BE0A4E95E8,VN_ADMIN_2025,VNA25-B40D8E6546,MERGED_INTO
VN_ADMIN_PRE_2025,VNAP25-FF3DB9F74F,VN_ADMIN_2025,VNA25-DFFC933A00,MERGED_INTO
VN_ADMIN_PRE_2025,VNAP25-16C8B2DC5E,VN_ADMIN_2025,VNA25-DFFC933A00,MERGED_INTO
VN_ADMIN_PRE_2025,VNAP25-10EAE6FE8E,VN_ADMIN_2025,VNA25-B40D8E6546,MERGED_INTO
VN_ADMIN_PRE_2025,VNAP25-A7AB488AA4,VN_ADMIN_2025,VNA25-78D3E48061,MERGED_INTO
VN_ADMIN_PRE_2025,VNAP25-2665AD3A5B,VN_ADMIN_2025,VNA25-78D3E48061,MERGED_INTO
VN_ADMIN_PRE_2025,VNAP25-16AF65B154,VN_ADMIN_2025,VNA25-FF64181C4A,MERGED_INTO
VN_ADMIN_PRE_2025,VNAP25-A580CD4A87,VN_ADMIN_2025,VNA25-FF64181C4A,MERGED_INTO
VN_ADMIN_PRE_2025,VNAP25-3961F9A7EE,VN_ADMIN_2025,VNA25-B40D8E6546,MERGED_INTO
VN_ADMIN_PRE_2025,VNAP25-B30098D3BC,VN_ADMIN_2025,VNA25-AB41274F65,MERGED_INTO
VN_ADMIN_PRE_2025,VNAP25-E297722A78,VN_ADMIN_2025,VNA25-FF64181C4A,MERGED_INTO
VN_ADMIN_PRE_2025,VNAP25-CC36833A42,VN_ADMIN_2025,VNA25-AD0C7563ED,MERGED_INTO
VN_ADMIN_PRE_2025,VNAP25-23D8A8FBB3,VN_ADMIN_2025,VNA25-078DBA1816,MERGED_INTO
VN_ADMIN_PRE_2025,VNAP25-6CDA8BD711,VN_ADMIN_2025,VNA25-AD0C7563ED,MERGED_INTO
VN_ADMIN_PRE_2025,VNAP25-75C8B3F47F,VN_ADMIN_2025,VNA25-AD0C7563ED,MERGED_INTO
VN_ADMIN_PRE_2025,VNAP25-49CC9316EB,VN_ADMIN_2025,VNA25-078DBA1816,MERGED_INTO
VN_ADMIN_PRE_2025,VNAP25-7BF7D06B27,VN_ADMIN_2025,VNA25-078DBA1816,MERGED_INTO
VN_ADMIN_PRE_2025,VNAP25-B62CC25CAF,VN_ADMIN_2025,VNA25-3E99F7878C,MERGED_INTO
VN_ADMIN_PRE_2025,VNAP25-7DB1E09D84,VN_ADMIN_2025,VNA25-3E99F7878C,MERGED_INTO
VN_ADMIN_PRE_2025,VNAP25-115C73FB0A,VN_ADMIN_2025,VNA25-078DBA1816,MERGED_INTO
VN_ADMIN_PRE_2025,VNAP25-9F10A0AC75,VN_ADMIN_2025,VNA25-AD0C7563ED,MERGED_INTO
VN_ADMIN_PRE_2025,VNAP25-39FC038099,VN_ADMIN_2025,VNA25-3E99F7878C,MERGED_INTO
VN_ADMIN_PRE_2025,VNAP25-2C19E72E8C,VN_ADMIN_2025,VNA25-69608FAA7E,MERGED_INTO
VN_ADMIN_PRE_2025,VNAP25-F0419851FE,VN_ADMIN_2025,VNA25-69608FAA7E,MERGED_INTO
VN_ADMIN_PRE_2025,VNAP25-21CCD8A6D5,VN_ADMIN_2025,VNA25-13FA5509F2,MERGED_INTO
VN_ADMIN_PRE_2025,VNAP25-4BE2880455,VN_ADMIN_2025,VNA25-84558E099B,MERGED_INTO
VN_ADMIN_PRE_2025,VNAP25-08E20E9C67,VN_ADMIN_2025,VNA25-69608FAA7E,MERGED_INTO
VN_ADMIN_PRE_2025,VNAP25-D6E6CE0990,VN_ADMIN_2025,VNA25-13FA5509F2,MERGED_INTO
VN_ADMIN_PRE_2025,VNAP25-9C1A3475B5,VN_ADMIN_2025,VNA25-13FA5509F2,MERGED_INTO
VN_ADMIN_PRE_2025,VNAP25-33F96F212A,VN_ADMIN_2025,VNA25-84558E099B,MERGED_INTO
VN_ADMIN_PRE_2025,VNAP25-3F24DC07D2,VN_ADMIN_2025,VNA25-84558E099B,MERGED_INTO
VN_ADMIN_PRE_2025,VNAP25-22007DB6FF,VN_ADMIN_2025,VNA25-071672576B,MERGED_INTO
VN_ADMIN_PRE_2025,VNAP25-71514F72BE,VN_ADMIN_2025,VNA25-071672576B,MERGED_INTO
VN_ADMIN_PRE_2025,VNAP25-550E645E4C,VN_ADMIN_2025,VNA25-071672576B,MERGED_INTO
VN_ADMIN_PRE_2025,VNAP25-D1F949C00F,VN_ADMIN_2025,VNA25-69608FAA7E,MERGED_INTO
VN_ADMIN_PRE_2025,VNAP25-3B4261CD79,VN_ADMIN_2025,VNA25-133D3F104F,MERGED_INTO
VN_ADMIN_PRE_2025,VNAP25-FB1EA8D5C5,VN_ADMIN_2025,VNA25-E42790A356,MERGED_INTO
VN_ADMIN_PRE_2025,VNAP25-660A600B01,VN_ADMIN_2025,VNA25-E42790A356,MERGED_INTO
VN_ADMIN_PRE_2025,VNAP25-0A5FC2F7DF,VN_ADMIN_2025,VNA25-5A480BEDE7,MERGED_INTO
VN_ADMIN_PRE_2025,VNAP25-76F5125BA1,VN_ADMIN_2025,VNA25-0B8FD79557,MERGED_INTO
VN_ADMIN_PRE_2025,VNAP25-9340BC9F6A,VN_ADMIN_2025,VNA25-E9281B7E5C,MERGED_INTO
VN_ADMIN_PRE_2025,VNAP25-10BAC74B03,VN_ADMIN_2025,VNA25-5A480BEDE7,MERGED_INTO
VN_ADMIN_PRE_2025,VNAP25-C4D66D1794,VN_ADMIN_2025,VNA25-E42790A356,MERGED_INTO
VN_ADMIN_PRE_2025,VNAP25-18E55C20D9,VN_ADMIN_2025,VNA25-0B8FD79557,MERGED_INTO
VN_ADMIN_PRE_2025,VNAP25-0BC61AA509,VN_ADMIN_2025,VNA25-0B8FD79557,MERGED_INTO
VN_ADMIN_PRE_2025,VNAP25-BAC47C31B5,VN_ADMIN_2025,VNA25-FC1C8B91D8,MERGED_INTO
VN_ADMIN_PRE_2025,VNAP25-247A35BFE8,VN_ADMIN_2025,VNA25-133D3F104F,MERGED_INTO
VN_ADMIN_PRE_2025,VNAP25-4C561A35B6,VN_ADMIN_2025,VNA25-AF64276B35,MERGED_INTO
VN_ADMIN_PRE_2025,VNAP25-574A90D7BC,VN_ADMIN_2025,VNA25-AF64276B35,MERGED_INTO
VN_ADMIN_PRE_2025,VNAP25-2B4ADB2A6F,VN_ADMIN_2025,VNA25-FC1C8B91D8,MERGED_INTO
VN_ADMIN_PRE_2025,VNAP25-9778AF6D24,VN_ADMIN_2025,VNA25-5A480BEDE7,MERGED_INTO
VN_ADMIN_PRE_2025,VNAP25-80024C70D2,VN_ADMIN_2025,VNA25-E9281B7E5C,MERGED_INTO
VN_ADMIN_PRE_2025,VNAP25-A707A0E31B,VN_ADMIN_2025,VNA25-133D3F104F,MERGED_INTO
VN_ADMIN_PRE_2025,VNAP25-6A134813A7,VN_ADMIN_2025,VNA25-AF64276B35,MERGED_INTO
VN_ADMIN_PRE_2025,VNAP25-873052B18B,VN_ADMIN_2025,VNA25-AF64276B35,MERGED_INTO
VN_ADMIN_PRE_2025,VNAP25-9D86EAB0D2,VN_ADMIN_2025,VNA25-FC1C8B91D8,MERGED_INTO
VN_ADMIN_PRE_2025,VNAP25-E6C2AE8E8F,VN_ADMIN_2025,VNA25-7E17CC0B57,MERGED_INTO
VN_ADMIN_PRE_2025,VNAP25-ADC7141AF2,VN_ADMIN_2025,VNA25-7E17CC0B57,MERGED_INTO
VN_ADMIN_PRE_2025,VNAP25-98531B1C0E,VN_ADMIN_2025,VNA25-A928A1BDCC,MERGED_INTO
VN_ADMIN_PRE_2025,VNAP25-5DEB60BD11,VN_ADMIN_2025,VNA25-9544A2E5B2,MERGED_INTO
VN_ADMIN_PRE_2025,VNAP25-E9587621BE,VN_ADMIN_2025,VNA25-9544A2E5B2,MERGED_INTO
VN_ADMIN_PRE_2025,VNAP25-280C5C419B,VN_ADMIN_2025,VNA25-078DBA1816,MERGED_INTO
VN_ADMIN_PRE_2025,VNAP25-F709FF5B8E,VN_ADMIN_2025,VNA25-40996347FC,MERGED_INTO
VN_ADMIN_PRE_2025,VNAP25-96581589A4,VN_ADMIN_2025,VNA25-A928A1BDCC,MERGED_INTO
VN_ADMIN_PRE_2025,VNAP25-EADA9C0075,VN_ADMIN_2025,VNA25-AD0C7563ED,MERGED_INTO
VN_ADMIN_PRE_2025,VNAP25-3922AD1699,VN_ADMIN_2025,VNA25-9544A2E5B2,MERGED_INTO
VN_ADMIN_PRE_2025,VNAP25-AC15669FF5,VN_ADMIN_2025,VNA25-D0DE73778C,MERGED_INTO
VN_ADMIN_PRE_2025,VNAP25-CECE2531BE,VN_ADMIN_2025,VNA25-D0DE73778C,MERGED_INTO
VN_ADMIN_PRE_2025,VNAP25-22CAFE60D7,VN_ADMIN_2025,VNA25-A928A1BDCC,MERGED_INTO
VN_ADMIN_PRE_2025,VNAP25-96D387B2CF,VN_ADMIN_2025,VNA25-D0DE73778C,MERGED_INTO
VN_ADMIN_PRE_2025,VNAP25-AB0B96634A,VN_ADMIN_2025,VNA25-799DA506A9,MERGED_INTO
VN_ADMIN_PRE_2025,VNAP25-E91A6FC6CD,VN_ADMIN_2025,VNA25-BBB9CE1823,MERGED_INTO
VN_ADMIN_PRE_2025,VNAP25-AEAB74A8FD,VN_ADMIN_2025,VNA25-8B015C47A6,MERGED_INTO
VN_ADMIN_PRE_2025,VNAP25-4D2B783B0F,VN_ADMIN_2025,VNA25-8B015C47A6,MERGED_INTO
VN_ADMIN_PRE_2025,VNAP25-518443B3CD,VN_ADMIN_2025,VNA25-BD234E95E5,MERGED_INTO
VN_ADMIN_PRE_2025,VNAP25-A6ACF277CD,VN_ADMIN_2025,VNA25-799DA506A9,MERGED_INTO
VN_ADMIN_PRE_2025,VNAP25-C8CE04D330,VN_ADMIN_2025,VNA25-6D590D7DEB,MERGED_INTO
VN_ADMIN_PRE_2025,VNAP25-BECBB0D27D,VN_ADMIN_2025,VNA25-BD234E95E5,MERGED_INTO
VN_ADMIN_PRE_2025,VNAP25-ECEB6FB16F,VN_ADMIN_2025,VNA25-E18584CE03,MERGED_INTO
VN_ADMIN_PRE_2025,VNAP25-B7E59BCD2E,VN_ADMIN_2025,VNA25-8B015C47A6,MERGED_INTO
VN_ADMIN_PRE_2025,VNAP25-C892228EE1,VN_ADMIN_2025,VNA25-E18584CE03,MERGED_INTO
VN_ADMIN_PRE_2025,VNAP25-DB244D3B77,VN_ADMIN_2025,VNA25-6D590D7DEB,MERGED_INTO
VN_ADMIN_PRE_2025,VNAP25-6E822F0BB7,VN_ADMIN_2025,VNA25-7E17CC0B57,MERGED_INTO
VN_ADMIN_PRE_2025,VNAP25-BBDE8339E9,VN_ADMIN_2025,VNA25-04727D5255,MERGED_INTO
VN_ADMIN_PRE_2025,VNAP25-41A2881709,VN_ADMIN_2025,VNA25-04727D5255,MERGED_INTO
VN_ADMIN_PRE_2025,VNAP25-4E67060D91,VN_ADMIN_2025,VNA25-6D590D7DEB,MERGED_INTO
VN_ADMIN_PRE_2025,VNAP25-5827A144D8,VN_ADMIN_2025,VNA25-04727D5255,MERGED_INTO
VN_ADMIN_PRE_2025,VNAP25-5A37CFAA38,VN_ADMIN_2025,VNA25-BBB9CE1823,MERGED_INTO
VN_ADMIN_PRE_2025,VNAP25-4C8EF535C1,VN_ADMIN_2025,VNA25-FEB15EB859,MERGED_INTO
VN_ADMIN_PRE_2025,VNAP25-A1D2F9B1F1,VN_ADMIN_2025,VNA25-FEB15EB859,MERGED_INTO
VN_ADMIN_PRE_2025,VNAP25-DBABFC0136,VN_ADMIN_2025,VNA25-7A6BFFFDDA,MERGED_INTO
VN_ADMIN_PRE_2025,VNAP25-6A8F78D885,VN_ADMIN_2025,VNA25-557DCD43D6,MERGED_INTO
VN_ADMIN_PRE_2025,VNAP25-0EEC115ED3,VN_ADMIN_2025,VNA25-AF3D1879CC,MERGED_INTO
VN_ADMIN_PRE_2025,VNAP25-1D602F6B97,VN_ADMIN_2025,VNA25-7A6BFFFDDA,MERGED_INTO
VN_ADMIN_PRE_2025,VNAP25-47EA77FE97,VN_ADMIN_2025,VNA25-BBCC586434,MERGED_INTO
VN_ADMIN_PRE_2025,VNAP25-1C1657D038,VN_ADMIN_2025,VNA25-AF3D1879CC,MERGED_INTO
VN_ADMIN_PRE_2025,VNAP25-532B5327A9,VN_ADMIN_2025,VNA25-FEB15EB859,MERGED_INTO
VN_ADMIN_PRE_2025,VNAP25-DE1A06813A,VN_ADMIN_2025,VNA25-AF3D1879CC,MERGED_INTO
VN_ADMIN_PRE_2025,VNAP25-C5612EBB93,VN_ADMIN_2025,VNA25-BBCC586434,MERGED_INTO
VN_ADMIN_PRE_2025,VNAP25-718FF33366,VN_ADMIN_2025,VNA25-557DCD43D6,MERGED_INTO
VN_ADMIN_PRE_2025,VNAP25-EB2A8ED50A,VN_ADMIN_2025,VNA25-557DCD43D6,MERGED_INTO
VN_ADMIN_PRE_2025,VNAP25-485BDA30A8,VN_ADMIN_2025,VNA25-7A6BFFFDDA,MERGED_INTO
VN_ADMIN_PRE_2025,VNAP25-1855DD62DB,VN_ADMIN_2025,VNA25-557DCD43D6,MERGED_INTO
VN_ADMIN_PRE_2025,VNAP25-6226F4C1DD,VN_ADMIN_2025,VNA25-62735A51FA,MERGED_INTO
VN_ADMIN_PRE_2025,VNAP25-47D17B8917,VN_ADMIN_2025,VNA25-AF3D1879CC,MERGED_INTO
VN_ADMIN_PRE_2025,VNAP25-1AF6EA6488,VN_ADMIN_2025,VNA25-8622C61E37,MERGED_INTO
VN_ADMIN_PRE_2025,VNAP25-E620E8EC1E,VN_ADMIN_2025,VNA25-BBCC586434,MERGED_INTO
VN_ADMIN_PRE_2025,VNAP25-6D37869381,VN_ADMIN_2025,VNA25-962D6FB368,MERGED_INTO
VN_ADMIN_PRE_2025,VNAP25-2AF6B684D5,VN_ADMIN_2025,VNA25-C1E0521C44,MERGED_INTO
VN_ADMIN_PRE_2025,VNAP25-8F10FDFE73,VN_ADMIN_2025,VNA25-74B82E54C9,MERGED_INTO
VN_ADMIN_PRE_2025,VNAP25-7BE02A1785,VN_ADMIN_2025,VNA25-962D6FB368,MERGED_INTO
VN_ADMIN_PRE_2025,VNAP25-61FED24D45,VN_ADMIN_2025,VNA25-C1E0521C44,MERGED_INTO
VN_ADMIN_PRE_2025,VNAP25-01730EAE07,VN_ADMIN_2025,VNA25-40996347FC,MERGED_INTO
VN_ADMIN_PRE_2025,VNAP25-AF54F72CDD,VN_ADMIN_2025,VNA25-8622C61E37,MERGED_INTO
VN_ADMIN_PRE_2025,VNAP25-79C06AB9D5,VN_ADMIN_2025,VNA25-74B82E54C9,MERGED_INTO
VN_ADMIN_PRE_2025,VNAP25-05465113A5,VN_ADMIN_2025,VNA25-24A058DC71,MERGED_INTO
VN_ADMIN_PRE_2025,VNAP25-77E6277CA6,VN_ADMIN_2025,VNA25-24A058DC71,MERGED_INTO
VN_ADMIN_PRE_2025,VNAP25-73FEE1D24B,VN_ADMIN_2025,VNA25-40996347FC,MERGED_INTO
VN_ADMIN_PRE_2025,VNAP25-C6BF823399,VN_ADMIN_2025,VNA25-74B82E54C9,MERGED_INTO
VN_ADMIN_PRE_2025,VNAP25-077FB2741E,VN_ADMIN_2025,VNA25-C1E0521C44,MERGED_INTO
VN_ADMIN_PRE_2025,VNAP25-B77D68D43C,VN_ADMIN_2025,VNA25-8622C61E37,MERGED_INTO
VN_ADMIN_PRE_2025,VNAP25-2F2B23E0EE,VN_ADMIN_2025,VNA25-62735A51FA,MERGED_INTO
VN_ADMIN_PRE_2025,VNAP25-49B4186842,VN_ADMIN_2025,VNA25-210B104BC2,MERGED_INTO
VN_ADMIN_PRE_2025,VNAP25-1FEC4AF459,VN_ADMIN_2025,VNA25-FDA6536D53,MERGED_INTO
VN_ADMIN_PRE_2025,VNAP25-015E719A06,VN_ADMIN_2025,VNA25-FDA6536D53,MERGED_INTO
VN_ADMIN_PRE_2025,VNAP25-D3692C878B,VN_ADMIN_2025,VNA25-C31E5D98F5,MERGED_INTO
VN_ADMIN_PRE_2025,VNAP25-59E037C6AD,VN_ADMIN_2025,VNA25-210B104BC2,MERGED_INTO
VN_ADMIN_PRE_2025,VNAP25-9959E91171,VN_ADMIN_2025,VNA25-984B1DACBB,MERGED_INTO
VN_ADMIN_PRE_2025,VNAP25-2AA49EB220,VN_ADMIN_2025,VNA25-984B1DACBB,MERGED_INTO
VN_ADMIN_PRE_2025,VNAP25-853A95C3FD,VN_ADMIN_2025,VNA25-984B1DACBB,MERGED_INTO
VN_ADMIN_PRE_2025,VNAP25-0366752E34,VN_ADMIN_2025,VNA25-C31E5D98F5,MERGED_INTO
VN_ADMIN_PRE_2025,VNAP25-D1462A0271,VN_ADMIN_2025,VNA25-C31E5D98F5,MERGED_INTO
VN_ADMIN_PRE_2025,VNAP25-9B234F023A,VN_ADMIN_2025,VNA25-FDA6536D53,MERGED_INTO
VN_ADMIN_PRE_2025,VNAP25-5E441C3A8D,VN_ADMIN_2025,VNA25-C31E5D98F5,MERGED_INTO
VN_ADMIN_PRE_2025,VNAP25-1F2A64E56E,VN_ADMIN_2025,VNA25-DA9B52696A,MERGED_INTO
VN_ADMIN_PRE_2025,VNAP25-8CC5620F70,VN_ADMIN_2025,VNA25-56A7A4A089,MERGED_INTO
VN_ADMIN_PRE_2025,VNAP25-DF567AD6DC,VN_ADMIN_2025,VNA25-DA9B52696A,MERGED_INTO
VN_ADMIN_PRE_2025,VNAP25-7CE73F05FD,VN_ADMIN_2025,VNA25-62735A51FA,MERGED_INTO
VN_ADMIN_PRE_2025,VNAP25-8ACFBF4479,VN_ADMIN_2025,VNA25-56A7A4A089,MERGED_INTO
VN_ADMIN_PRE_2025,VNAP25-0C5EE4437D,VN_ADMIN_2025,VNA25-984B1DACBB,MERGED_INTO
VN_ADMIN_PRE_2025,VNAP25-BDBB85A8C7,VN_ADMIN_2025,VNA25-210B104BC2,MERGED_INTO
VN_ADMIN_PRE_2025,VNAP25-8E271222D2,VN_ADMIN_2025,VNA25-56A7A4A089,MERGED_INTO
VN_ADMIN_PRE_2025,VNAP25-2A5AAA3133,VN_ADMIN_2025,VNA25-CC1242125A,MERGED_INTO
VN_ADMIN_PRE_2025,VNAP25-7260EAF7C9,VN_ADMIN_2025,VNA25-CC1242125A,MERGED_INTO
VN_ADMIN_PRE_2025,VNAP25-9B86DD1CEB,VN_ADMIN_2025,VNA25-0BCFE479B7,MERGED_INTO
VN_ADMIN_PRE_2025,VNAP25-30BCE2A0BB,VN_ADMIN_2025,VNA25-0BCFE479B7,MERGED_INTO
VN_ADMIN_PRE_2025,VNAP25-3A4DF097E7,VN_ADMIN_2025,VNA25-CA65D18B91,MERGED_INTO
VN_ADMIN_PRE_2025,VNAP25-2D42C77B20,VN_ADMIN_2025,VNA25-0BCFE479B7,MERGED_INTO
VN_ADMIN_PRE_2025,VNAP25-AF4665C434,VN_ADMIN_2025,VNA25-A2156757BB,MERGED_INTO
VN_ADMIN_PRE_2025,VNAP25-02D1B35355,VN_ADMIN_2025,VNA25-D646A6223A,MERGED_INTO
VN_ADMIN_PRE_2025,VNAP25-E4A8B9C306,VN_ADMIN_2025,VNA25-A2156757BB,MERGED_INTO
VN_ADMIN_PRE_2025,VNAP25-B9730140A3,VN_ADMIN_2025,VNA25-A2156757BB,MERGED_INTO
VN_ADMIN_PRE_2025,VNAP25-6835BFAD8F,VN_ADMIN_2025,VNA25-A2156757BB,MERGED_INTO
VN_ADMIN_PRE_2025,VNAP25-392B1A3839,VN_ADMIN_2025,VNA25-D646A6223A,MERGED_INTO
VN_ADMIN_PRE_2025,VNAP25-1C24BD1B39,VN_ADMIN_2025,VNA25-D646A6223A,MERGED_INTO
VN_ADMIN_PRE_2025,VNAP25-434246E795,VN_ADMIN_2025,VNA25-D646A6223A,MERGED_INTO
VN_ADMIN_PRE_2025,VNAP25-4C3D0F62C3,VN_ADMIN_2025,VNA25-D646A6223A,MERGED_INTO
VN_ADMIN_PRE_2025,VNAP25-947F14128A,VN_ADMIN_2025,VNA25-A46AB34532,MERGED_INTO
VN_ADMIN_PRE_2025,VNAP25-3359593179,VN_ADMIN_2025,VNA25-CA65D18B91,MERGED_INTO
VN_ADMIN_PRE_2025,VNAP25-87470BE316,VN_ADMIN_2025,VNA25-6EF0BDB23D,MERGED_INTO
VN_ADMIN_PRE_2025,VNAP25-8B193518C5,VN_ADMIN_2025,VNA25-FCB179EC01,MERGED_INTO
VN_ADMIN_PRE_2025,VNAP25-F6B8CBB734,VN_ADMIN_2025,VNA25-16990D4980,MERGED_INTO
VN_ADMIN_PRE_2025,VNAP25-B8B447A5B2,VN_ADMIN_2025,VNA25-16990D4980,MERGED_INTO
VN_ADMIN_PRE_2025,VNAP25-67F22BB634,VN_ADMIN_2025,VNA25-60588A0472,MERGED_INTO
VN_ADMIN_PRE_2025,VNAP25-2FFF99098F,VN_ADMIN_2025,VNA25-60588A0472,MERGED_INTO
VN_ADMIN_PRE_2025,VNAP25-121EDB1E1A,VN_ADMIN_2025,VNA25-CA65D18B91,MERGED_INTO
VN_ADMIN_PRE_2025,VNAP25-0B8FBF8180,VN_ADMIN_2025,VNA25-6611978598,MERGED_INTO
VN_ADMIN_PRE_2025,VNAP25-2C1590582C,VN_ADMIN_2025,VNA25-6EF0BDB23D,MERGED_INTO
VN_ADMIN_PRE_2025,VNAP25-46B553EFC0,VN_ADMIN_2025,VNA25-A46AB34532,MERGED_INTO
VN_ADMIN_PRE_2025,VNAP25-058FFC0D69,VN_ADMIN_2025,VNA25-A46AB34532,MERGED_INTO
VN_ADMIN_PRE_2025,VNAP25-F93321DEDB,VN_ADMIN_2025,VNA25-FCB179EC01,MERGED_INTO
VN_ADMIN_PRE_2025,VNAP25-BD950C166D,VN_ADMIN_2025,VNA25-6611978598,MERGED_INTO
VN_ADMIN_PRE_2025,VNAP25-2E11BDFA3F,VN_ADMIN_2025,VNA25-6611978598,MERGED_INTO
VN_ADMIN_PRE_2025,VNAP25-8A6B203E32,VN_ADMIN_2025,VNA25-12CF32B86B,MERGED_INTO
VN_ADMIN_PRE_2025,VNAP25-930B848C1A,VN_ADMIN_2025,VNA25-12CF32B86B,MERGED_INTO
VN_ADMIN_PRE_2025,VNAP25-4CF165523F,VN_ADMIN_2025,VNA25-12CF32B86B,MERGED_INTO
VN_ADMIN_PRE_2025,VNAP25-4B7CCD6C31,VN_ADMIN_2025,VNA25-12CF32B86B,MERGED_INTO
VN_ADMIN_PRE_2025,VNAP25-E449BFDD29,VN_ADMIN_2025,VNA25-2E592CE98F,MERGED_INTO
VN_ADMIN_PRE_2025,VNAP25-56B89E96F3,VN_ADMIN_2025,VNA25-2E592CE98F,MERGED_INTO
VN_ADMIN_PRE_2025,VNAP25-96C709323C,VN_ADMIN_2025,VNA25-DDC874747D,MERGED_INTO
VN_ADMIN_PRE_2025,VNAP25-10298C748E,VN_ADMIN_2025,VNA25-DDC874747D,MERGED_INTO
VN_ADMIN_PRE_2025,VNAP25-FD66A83021,VN_ADMIN_2025,VNA25-2E592CE98F,MERGED_INTO
VN_ADMIN_PRE_2025,VNAP25-ED728834E2,VN_ADMIN_2025,VNA25-DDC874747D,MERGED_INTO
VN_ADMIN_PRE_2025,VNAP25-EDDEC7A961,VN_ADMIN_2025,VNA25-CC1242125A,MERGED_INTO
VN_ADMIN_PRE_2025,VNAP25-C1628E0263,VN_ADMIN_2025,VNA25-BCD38AF10E,MERGED_INTO
VN_ADMIN_PRE_2025,VNAP25-3149BA9279,VN_ADMIN_2025,VNA25-BCD38AF10E,MERGED_INTO
VN_ADMIN_PRE_2025,VNAP25-5AC5CB7797,VN_ADMIN_2025,VNA25-BCD38AF10E,MERGED_INTO
VN_ADMIN_PRE_2025,VNAP25-40AF4F5472,VN_ADMIN_2025,VNA25-BCD38AF10E,MERGED_INTO
VN_ADMIN_PRE_2025,VNAP25-9C63A6099C,VN_ADMIN_2025,VNA25-BCD38AF10E,MERGED_INTO
VN_ADMIN_PRE_2025,VNAP25-264393F949,VN_ADMIN_2025,VNA25-48F3876AE0,MERGED_INTO
VN_ADMIN_PRE_2025,VNAP25-3A1949A27C,VN_ADMIN_2025,VNA25-48F3876AE0,MERGED_INTO
VN_ADMIN_PRE_2025,VNAP25-FBCC88791C,VN_ADMIN_2025,VNA25-325C9B839C,MERGED_INTO
VN_ADMIN_PRE_2025,VNAP25-2701F5745C,VN_ADMIN_2025,VNA25-48F3876AE0,MERGED_INTO
VN_ADMIN_PRE_2025,VNAP25-0353385FED,VN_ADMIN_2025,VNA25-325C9B839C,MERGED_INTO
VN_ADMIN_PRE_2025,VNAP25-1CB5B2F7CC,VN_ADMIN_2025,VNA25-264FE7C300,RENAMED_TO
VN_ADMIN_PRE_2025,VNAP25-F5C5B5106C,VN_ADMIN_2025,VNA25-325C9B839C,MERGED_INTO
VN_ADMIN_PRE_2025,VNAP25-F64455F21C,VN_ADMIN_2025,VNA25-11016C037E,MERGED_INTO
VN_ADMIN_PRE_2025,VNAP25-66492351E1,VN_ADMIN_2025,VNA25-11016C037E,MERGED_INTO
VN_ADMIN_PRE_2025,VNAP25-0722D863FB,VN_ADMIN_2025,VNA25-FFE71FB9AE,MERGED_INTO
VN_ADMIN_PRE_2025,VNAP25-104F557B04,VN_ADMIN_2025,VNA25-FFE71FB9AE,MERGED_INTO
VN_ADMIN_PRE_2025,VNAP25-B19C74CA75,VN_ADMIN_2025,VNA25-FFE71FB9AE,MERGED_INTO
VN_ADMIN_PRE_2025,VNAP25-E5ABD75008,VN_ADMIN_2025,VNA25-11016C037E,MERGED_INTO
VN_ADMIN_PRE_2025,VNAP25-7488DE16DF,VN_ADMIN_2025,VNA25-11016C037E,MERGED_INTO
VN_ADMIN_PRE_2025,VNAP25-210450E93C,VN_ADMIN_2025,VNA25-D3454F30AE,MERGED_INTO
VN_ADMIN_PRE_2025,VNAP25-BE8AA24E69,VN_ADMIN_2025,VNA25-D3454F30AE,MERGED_INTO
VN_ADMIN_PRE_2025,VNAP25-A3DD67F17B,VN_ADMIN_2025,VNA25-11016C037E,MERGED_INTO
VN_ADMIN_PRE_2025,VNAP25-4C1B05BB07,VN_ADMIN_2025,VNA25-11016C037E,MERGED_INTO
VN_ADMIN_PRE_2025,VNAP25-B9A4E422C5,VN_ADMIN_2025,VNA25-E0E1FB7EA4,MERGED_INTO
VN_ADMIN_PRE_2025,VNAP25-03CE28E274,VN_ADMIN_2025,VNA25-A9F1973520,MERGED_INTO
VN_ADMIN_PRE_2025,VNAP25-D6B8DC11A9,VN_ADMIN_2025,VNA25-A9F1973520,MERGED_INTO
VN_ADMIN_PRE_2025,VNAP25-88727FECBF,VN_ADMIN_2025,VNA25-0D37AA8EEE,MERGED_INTO
VN_ADMIN_PRE_2025,VNAP25-3087D8FAE2,VN_ADMIN_2025,VNA25-D3E0718A34,MERGED_INTO
VN_ADMIN_PRE_2025,VNAP25-8CFB33C15F,VN_ADMIN_2025,VNA25-D3E0718A34,MERGED_INTO
VN_ADMIN_PRE_2025,VNAP25-10DCA2FD95,VN_ADMIN_2025,VNA25-72F94D1A53,MERGED_INTO
VN_ADMIN_PRE_2025,VNAP25-CF94C82730,VN_ADMIN_2025,VNA25-0D37AA8EEE,MERGED_INTO
VN_ADMIN_PRE_2025,VNAP25-708EB972BB,VN_ADMIN_2025,VNA25-D3E0718A34,MERGED_INTO
VN_ADMIN_PRE_2025,VNAP25-C6E93AA670,VN_ADMIN_2025,VNA25-76B6BF3F0B,MERGED_INTO
VN_ADMIN_PRE_2025,VNAP25-78D0FB5A82,VN_ADMIN_2025,VNA25-0D37AA8EEE,MERGED_INTO
VN_ADMIN_PRE_2025,VNAP25-D712DF853C,VN_ADMIN_2025,VNA25-72F94D1A53,MERGED_INTO
VN_ADMIN_PRE_2025,VNAP25-7916AA9CCD,VN_ADMIN_2025,VNA25-72F94D1A53,MERGED_INTO
VN_ADMIN_PRE_2025,VNAP25-2BE453A8CC,VN_ADMIN_2025,VNA25-E0E1FB7EA4,MERGED_INTO
VN_ADMIN_PRE_2025,VNAP25-C87A81E9CE,VN_ADMIN_2025,VNA25-E0E1FB7EA4,MERGED_INTO
VN_ADMIN_PRE_2025,VNAP25-8206B3DB2E,VN_ADMIN_2025,VNA25-E0E1FB7EA4,MERGED_INTO
VN_ADMIN_PRE_2025,VNAP25-CFE7624492,VN_ADMIN_2025,VNA25-E0E1FB7EA4,MERGED_INTO
VN_ADMIN_PRE_2025,VNAP25-AFEF89B3E3,VN_ADMIN_2025,VNA25-76B6BF3F0B,MERGED_INTO
VN_ADMIN_PRE_2025,VNAP25-5DE57DACCE,VN_ADMIN_2025,VNA25-E0E1FB7EA4,MERGED_INTO
VN_ADMIN_PRE_2025,VNAP25-D70D2C4A3D,VN_ADMIN_2025,VNA25-AA64A54C47,MERGED_INTO
VN_ADMIN_PRE_2025,VNAP25-F215A3D0D6,VN_ADMIN_2025,VNA25-19606A11DA,MERGED_INTO
VN_ADMIN_PRE_2025,VNAP25-820F72A938,VN_ADMIN_2025,VNA25-19606A11DA,SPLIT_INTO
VN_ADMIN_PRE_2025,VNAP25-820F72A938,VN_ADMIN_2025,VNA25-EDF6C135F2,SPLIT_INTO
VN_ADMIN_PRE_2025,VNAP25-4D3D2DA088,VN_ADMIN_2025,VNA25-AA64A54C47,MERGED_INTO
VN_ADMIN_PRE_2025,VNAP25-B0F0AD7EB5,VN_ADMIN_2025,VNA25-EDF6C135F2,MERGED_INTO
VN_ADMIN_PRE_2025,VNAP25-83C5A41674,VN_ADMIN_2025,VNA25-AA64A54C47,MERGED_INTO
VN_ADMIN_PRE_2025,VNAP25-963A9935DE,VN_ADMIN_2025,VNA25-EDF6C135F2,MERGED_INTO
VN_ADMIN_PRE_2025,VNAP25-6353AD5C56,VN_ADMIN_2025,VNA25-19606A11DA,MERGED_INTO
VN_ADMIN_PRE_2025,VNAP25-30D6354CCE,VN_ADMIN_2025,VNA25-491158A333,MERGED_INTO
VN_ADMIN_PRE_2025,VNAP25-CC4E16CD2D,VN_ADMIN_2025,VNA25-E3394F379D,MERGED_INTO
VN_ADMIN_PRE_2025,VNAP25-E0E00903C2,VN_ADMIN_2025,VNA25-68228B2425,MERGED_INTO
VN_ADMIN_PRE_2025,VNAP25-1879C14799,VN_ADMIN_2025,VNA25-ED2E763574,MERGED_INTO
VN_ADMIN_PRE_2025,VNAP25-F9D79E85C3,VN_ADMIN_2025,VNA25-ED2E763574,MERGED_INTO
VN_ADMIN_PRE_2025,VNAP25-9006F56A3A,VN_ADMIN_2025,VNA25-E3394F379D,MERGED_INTO
VN_ADMIN_PRE_2025,VNAP25-23160A481D,VN_ADMIN_2025,VNA25-CC85297172,MERGED_INTO
VN_ADMIN_PRE_2025,VNAP25-8E9B30B23E,VN_ADMIN_2025,VNA25-E3394F379D,MERGED_INTO
VN_ADMIN_PRE_2025,VNAP25-6C99198C6B,VN_ADMIN_2025,VNA25-CC85297172,MERGED_INTO
VN_ADMIN_PRE_2025,VNAP25-4CA3ACD976,VN_ADMIN_2025,VNA25-540F1A8B29,MERGED_INTO
VN_ADMIN_PRE_2025,VNAP25-6108BBCD70,VN_ADMIN_2025,VNA25-540F1A8B29,MERGED_INTO
VN_ADMIN_PRE_2025,VNAP25-8F71C907A2,VN_ADMIN_2025,VNA25-68228B2425,MERGED_INTO
VN_ADMIN_PRE_2025,VNAP25-2934D50B72,VN_ADMIN_2025,VNA25-491158A333,MERGED_INTO
VN_ADMIN_PRE_2025,VNAP25-C7CDA62586,VN_ADMIN_2025,VNA25-491158A333,MERGED_INTO
VN_ADMIN_PRE_2025,VNAP25-3B75AB8B71,VN_ADMIN_2025,VNA25-540F1A8B29,MERGED_INTO
VN_ADMIN_PRE_2025,VNAP25-C500E402A6,VN_ADMIN_2025,VNA25-68228B2425,MERGED_INTO
VN_ADMIN_PRE_2025,VNAP25-2548982375,VN_ADMIN_2025,VNA25-68228B2425,MERGED_INTO
VN_ADMIN_PRE_2025,VNAP25-894A85FFDB,VN_ADMIN_2025,VNA25-CA91ED83DD,MERGED_INTO
VN_ADMIN_PRE_2025,VNAP25-FC002525D3,VN_ADMIN_2025,VNA25-CA91ED83DD,MERGED_INTO
VN_ADMIN_PRE_2025,VNAP25-AC8A34369B,VN_ADMIN_2025,VNA25-009E10585F,MERGED_INTO
VN_ADMIN_PRE_2025,VNAP25-B027E0C712,VN_ADMIN_2025,VNA25-009E10585F,MERGED_INTO
VN_ADMIN_PRE_2025,VNAP25-9F3A3AAAA6,VN_ADMIN_2025,VNA25-969809994A,SAME_AS
VN_ADMIN_PRE_2025,VNAP25-3EA5A37153,VN_ADMIN_2025,VNA25-9313491A4D,MERGED_INTO
VN_ADMIN_PRE_2025,VNAP25-1F150746A5,VN_ADMIN_2025,VNA25-9CFE2EB936,MERGED_INTO
VN_ADMIN_PRE_2025,VNAP25-ED06336FEF,VN_ADMIN_2025,VNA25-9CFE2EB936,MERGED_INTO
VN_ADMIN_PRE_2025,VNAP25-026FF34704,VN_ADMIN_2025,VNA25-009E10585F,MERGED_INTO
VN_ADMIN_PRE_2025,VNAP25-2FE2FA7D0C,VN_ADMIN_2025,VNA25-9313491A4D,MERGED_INTO
VN_ADMIN_PRE_2025,VNAP25-59694DF37A,VN_ADMIN_2025,VNA25-9CFE2EB936,MERGED_INTO
VN_ADMIN_PRE_2025,VNAP25-EBD7D35B4A,VN_ADMIN_2025,VNA25-CA91ED83DD,MERGED_INTO
VN_ADMIN_PRE_2025,VNAP25-946CDD8FD3,VN_ADMIN_2025,VNA25-AB36628363,MERGED_INTO
VN_ADMIN_PRE_2025,VNAP25-7618175A70,VN_ADMIN_2025,VNA25-1DB7403AE0,MERGED_INTO
VN_ADMIN_PRE_2025,VNAP25-7AA6FB2EF3,VN_ADMIN_2025,VNA25-ED4AAA0D69,MERGED_INTO
VN_ADMIN_PRE_2025,VNAP25-E7DB58420D,VN_ADMIN_2025,VNA25-AB36628363,MERGED_INTO
VN_ADMIN_PRE_2025,VNAP25-26B0769A71,VN_ADMIN_2025,VNA25-ED4AAA0D69,MERGED_INTO
VN_ADMIN_PRE_2025,VNAP25-3FF0CFCFF9,VN_ADMIN_2025,VNA25-5E8F71A25B,MERGED_INTO
VN_ADMIN_PRE_2025,VNAP25-91F2C60034,VN_ADMIN_2025,VNA25-ED4AAA0D69,MERGED_INTO
VN_ADMIN_PRE_2025,VNAP25-1DCF259AB3,VN_ADMIN_2025,VNA25-ED4AAA0D69,MERGED_INTO
VN_ADMIN_PRE_2025,VNAP25-7B518629F0,VN_ADMIN_2025,VNA25-ED4AAA0D69,MERGED_INTO
VN_ADMIN_PRE_2025,VNAP25-4F8EE59B4F,VN_ADMIN_2025,VNA25-6127DA5923,MERGED_INTO
VN_ADMIN_PRE_2025,VNAP25-61C4298571,VN_ADMIN_2025,VNA25-1DB7403AE0,MERGED_INTO
VN_ADMIN_PRE_2025,VNAP25-2A9D5DEF6E,VN_ADMIN_2025,VNA25-5E8F71A25B,MERGED_INTO
VN_ADMIN_PRE_2025,VNAP25-AC064E2F4C,VN_ADMIN_2025,VNA25-6127DA5923,MERGED_INTO
VN_ADMIN_PRE_2025,VNAP25-369D861AA9,VN_ADMIN_2025,VNA25-6127DA5923,MERGED_INTO
VN_ADMIN_PRE_2025,VNAP25-E63D90CE12,VN_ADMIN_2025,VNA25-6127DA5923,MERGED_INTO
VN_ADMIN_PRE_2025,VNAP25-9FE811D050,VN_ADMIN_2025,VNA25-ED4AAA0D69,MERGED_INTO
VN_ADMIN_PRE_2025,VNAP25-3699282C0D,VN_ADMIN_2025,VNA25-601FCE8347,MERGED_INTO
VN_ADMIN_PRE_2025,VNAP25-74E6615768,VN_ADMIN_2025,VNA25-B283E3C2AB,MERGED_INTO
VN_ADMIN_PRE_2025,VNAP25-7C03BF35CB,VN_ADMIN_2025,VNA25-93CE8AF542,MERGED_INTO
VN_ADMIN_PRE_2025,VNAP25-32C9F2575B,VN_ADMIN_2025,VNA25-B283E3C2AB,MERGED_INTO
VN_ADMIN_PRE_2025,VNAP25-E8B44F9560,VN_ADMIN_2025,VNA25-601FCE8347,MERGED_INTO
VN_ADMIN_PRE_2025,VNAP25-1316FEBBF5,VN_ADMIN_2025,VNA25-B283E3C2AB,MERGED_INTO
VN_ADMIN_PRE_2025,VNAP25-C389B9F1A1,VN_ADMIN_2025,VNA25-601FCE8347,MERGED_INTO
VN_ADMIN_PRE_2025,VNAP25-7DC1424FDB,VN_ADMIN_2025,VNA25-5A45B40FA8,SAME_AS
VN_ADMIN_PRE_2025,VNAP25-BFEC343177,VN_ADMIN_2025,VNA25-331B790258,SAME_AS
VN_ADMIN_PRE_2025,VNAP25-7DAEFD7ACB,VN_ADMIN_2025,VNA25-93CE8AF542,MERGED_INTO
VN_ADMIN_PRE_2025,VNAP25-707457D424,VN_ADMIN_2025,VNA25-99109608A0,MERGED_INTO
VN_ADMIN_PRE_2025,VNAP25-658035BE2B,VN_ADMIN_2025,VNA25-8B0DA80C84,MERGED_INTO
VN_ADMIN_PRE_2025,VNAP25-D782CA6440,VN_ADMIN_2025,VNA25-8B0DA80C84,MERGED_INTO
VN_ADMIN_PRE_2025,VNAP25-15CAEDEC0B,VN_ADMIN_2025,VNA25-79D87C0A3D,MERGED_INTO
VN_ADMIN_PRE_2025,VNAP25-296EC0CD4A,VN_ADMIN_2025,VNA25-99109608A0,MERGED_INTO
VN_ADMIN_PRE_2025,VNAP25-19ECCFE02B,VN_ADMIN_2025,VNA25-79D87C0A3D,MERGED_INTO
VN_ADMIN_PRE_2025,VNAP25-945BCB4E2D,VN_ADMIN_2025,VNA25-79D87C0A3D,MERGED_INTO
VN_ADMIN_PRE_2025,VNAP25-8EE9C124F3,VN_ADMIN_2025,VNA25-8B0DA80C84,MERGED_INTO
VN_ADMIN_PRE_2025,VNAP25-3A1A94BB33,VN_ADMIN_2025,VNA25-0E004E4F0F,MERGED_INTO
VN_ADMIN_PRE_2025,VNAP25-5431404F5A,VN_ADMIN_2025,VNA25-89E450BC6C,MERGED_INTO
VN_ADMIN_PRE_2025,VNAP25-AE1B27624E,VN_ADMIN_2025,VNA25-5F7BF8BF12,MERGED_INTO
VN_ADMIN_PRE_2025,VNAP25-3B6146D430,VN_ADMIN_2025,VNA25-89E450BC6C,MERGED_INTO
VN_ADMIN_PRE_2025,VNAP25-274D047346,VN_ADMIN_2025,VNA25-3C017B54A5,MERGED_INTO
VN_ADMIN_PRE_2025,VNAP25-97A58DD7D2,VN_ADMIN_2025,VNA25-0C14581E22,MERGED_INTO
VN_ADMIN_PRE_2025,VNAP25-39381BC228,VN_ADMIN_2025,VNA25-5F7BF8BF12,MERGED_INTO
VN_ADMIN_PRE_2025,VNAP25-652AFF264B,VN_ADMIN_2025,VNA25-3C017B54A5,MERGED_INTO
VN_ADMIN_PRE_2025,VNAP25-DDF25CFE9E,VN_ADMIN_2025,VNA25-89E450BC6C,MERGED_INTO
VN_ADMIN_PRE_2025,VNAP25-3CF0C7C0FC,VN_ADMIN_2025,VNA25-0C14581E22,MERGED_INTO
VN_ADMIN_PRE_2025,VNAP25-767CB00A34,VN_ADMIN_2025,VNA25-0C14581E22,MERGED_INTO
VN_ADMIN_PRE_2025,VNAP25-BAF8F64989,VN_ADMIN_2025,VNA25-0E004E4F0F,MERGED_INTO
VN_ADMIN_PRE_2025,VNAP25-AF74402AE9,VN_ADMIN_2025,VNA25-3C017B54A5,MERGED_INTO
VN_ADMIN_PRE_2025,VNAP25-2D1A0AEECC,VN_ADMIN_2025,VNA25-9E3BBF484D,MERGED_INTO
VN_ADMIN_PRE_2025,VNAP25-332049B505,VN_ADMIN_2025,VNA25-9E3BBF484D,MERGED_INTO
VN_ADMIN_PRE_2025,VNAP25-F762DF82AD,VN_ADMIN_2025,VNA25-BA72FB0335,MERGED_INTO
VN_ADMIN_PRE_2025,VNAP25-1F7DE896CD,VN_ADMIN_2025,VNA25-E5A69DB487,MERGED_INTO
VN_ADMIN_PRE_2025,VNAP25-CC95B8964A,VN_ADMIN_2025,VNA25-BA72FB0335,MERGED_INTO
VN_ADMIN_PRE_2025,VNAP25-E63DFB1467,VN_ADMIN_2025,VNA25-E5A69DB487,MERGED_INTO
VN_ADMIN_PRE_2025,VNAP25-F5294BE588,VN_ADMIN_2025,VNA25-E5A69DB487,MERGED_INTO
VN_ADMIN_PRE_2025,VNAP25-F6525596A1,VN_ADMIN_2025,VNA25-F8BD8BFDA0,MERGED_INTO
VN_ADMIN_PRE_2025,VNAP25-6ACD04E65A,VN_ADMIN_2025,VNA25-A93DDCE7E6,MERGED_INTO
VN_ADMIN_PRE_2025,VNAP25-6B4F206672,VN_ADMIN_2025,VNA25-114CBEBD07,MERGED_INTO
VN_ADMIN_PRE_2025,VNAP25-4EB0FFB868,VN_ADMIN_2025,VNA25-E91E21640F,MERGED_INTO
VN_ADMIN_PRE_2025,VNAP25-2B34771DEE,VN_ADMIN_2025,VNA25-114CBEBD07,MERGED_INTO
VN_ADMIN_PRE_2025,VNAP25-214A905029,VN_ADMIN_2025,VNA25-F8BD8BFDA0,MERGED_INTO
VN_ADMIN_PRE_2025,VNAP25-1D34EE7CA4,VN_ADMIN_2025,VNA25-A93DDCE7E6,MERGED_INTO
VN_ADMIN_PRE_2025,VNAP25-6A8B52E0D4,VN_ADMIN_2025,VNA25-A93DDCE7E6,MERGED_INTO
VN_ADMIN_PRE_2025,VNAP25-F0C41566D4,VN_ADMIN_2025,VNA25-E91E21640F,MERGED_INTO
VN_ADMIN_PRE_2025,VNAP25-F6FF66999B,VN_ADMIN_2025,VNA25-E91E21640F,MERGED_INTO
VN_ADMIN_PRE_2025,VNAP25-FC5FAA1A5B,VN_ADMIN_2025,VNA25-114CBEBD07,MERGED_INTO
VN_ADMIN_PRE_2025,VNAP25-93C210BC1B,VN_ADMIN_2025,VNA25-F8BD8BFDA0,MERGED_INTO
VN_ADMIN_PRE_2025,VNAP25-47012D8DD2,VN_ADMIN_2025,VNA25-B044710A2D,MERGED_INTO
VN_ADMIN_PRE_2025,VNAP25-C197386A79,VN_ADMIN_2025,VNA25-07A0B818E2,MERGED_INTO
VN_ADMIN_PRE_2025,VNAP25-29C3BA3F13,VN_ADMIN_2025,VNA25-A42DE6BAFC,MERGED_INTO
VN_ADMIN_PRE_2025,VNAP25-5ECAC38DAB,VN_ADMIN_2025,VNA25-07A0B818E2,MERGED_INTO
VN_ADMIN_PRE_2025,VNAP25-04F796880F,VN_ADMIN_2025,VNA25-B044710A2D,MERGED_INTO
VN_ADMIN_PRE_2025,VNAP25-A654958615,VN_ADMIN_2025,VNA25-B044710A2D,MERGED_INTO
VN_ADMIN_PRE_2025,VNAP25-83F4D9EA55,VN_ADMIN_2025,VNA25-3CC161E1B7,MERGED_INTO
VN_ADMIN_PRE_2025,VNAP25-7858875979,VN_ADMIN_2025,VNA25-3CC161E1B7,MERGED_INTO
VN_ADMIN_PRE_2025,VNAP25-B4E9F59DE9,VN_ADMIN_2025,VNA25-1CB5BAC8E3,MERGED_INTO
VN_ADMIN_PRE_2025,VNAP25-8F68D965C4,VN_ADMIN_2025,VNA25-1CB5BAC8E3,MERGED_INTO
VN_ADMIN_PRE_2025,VNAP25-94499015DC,VN_ADMIN_2025,VNA25-07A0B818E2,MERGED_INTO
VN_ADMIN_PRE_2025,VNAP25-1950F50B9F,VN_ADMIN_2025,VNA25-1CB5BAC8E3,MERGED_INTO
VN_ADMIN_PRE_2025,VNAP25-E1432816DE,VN_ADMIN_2025,VNA25-A42DE6BAFC,MERGED_INTO
VN_ADMIN_PRE_2025,VNAP25-29A9F0A6EF,VN_ADMIN_2025,VNA25-1CB5BAC8E3,MERGED_INTO
VN_ADMIN_PRE_2025,VNAP25-0D30C55199,VN_ADMIN_2025,VNA25-3CC161E1B7,MERGED_INTO
VN_ADMIN_PRE_2025,VNAP25-7C3A56A94A,VN_ADMIN_2025,VNA25-DD7E307D7B,SAME_AS
VN_ADMIN_PRE_2025,VNAP25-76ADB3E7F6,VN_ADMIN_2025,VNA25-9031A96D7C,MERGED_INTO
VN_ADMIN_PRE_2025,VNAP25-C2AA273F1B,VN_ADMIN_2025,VNA25-C6651C6777,MERGED_INTO
VN_ADMIN_PRE_2025,VNAP25-9BD2540673,VN_ADMIN_2025,VNA25-C6651C6777,MERGED_INTO
VN_ADMIN_PRE_2025,VNAP25-C982DCBE74,VN_ADMIN_2025,VNA25-C6651C6777,MERGED_INTO
VN_ADMIN_PRE_2025,VNAP25-4AEE3B691E,VN_ADMIN_2025,VNA25-6A28CB7A27,MERGED_INTO
VN_ADMIN_PRE_2025,VNAP25-9039A9953E,VN_ADMIN_2025,VNA25-6A28CB7A27,MERGED_INTO
VN_ADMIN_PRE_2025,VNAP25-9025F07C65,VN_ADMIN_2025,VNA25-2B933644BD,MERGED_INTO
VN_ADMIN_PRE_2025,VNAP25-25BB180043,VN_ADMIN_2025,VNA25-FA8D407739,SAME_AS
VN_ADMIN_PRE_2025,VNAP25-0E724AF46C,VN_ADMIN_2025,VNA25-9031A96D7C,MERGED_INTO
VN_ADMIN_PRE_2025,VNAP25-56582DDBCF,VN_ADMIN_2025,VNA25-2B933644BD,MERGED_INTO
VN_ADMIN_PRE_2025,VNAP25-E8F2CA9682,VN_ADMIN_2025,VNA25-9031A96D7C,MERGED_INTO
VN_ADMIN_PRE_2025,VNAP25-4396FE473A,VN_ADMIN_2025,VNA25-95AEA6ACC8,MERGED_INTO
VN_ADMIN_PRE_2025,VNAP25-260874517B,VN_ADMIN_2025,VNA25-95AEA6ACC8,MERGED_INTO
VN_ADMIN_PRE_2025,VNAP25-36D76F42E2,VN_ADMIN_2025,VNA25-CA47E33E3C,MERGED_INTO
VN_ADMIN_PRE_2025,VNAP25-A3FA7B5804,VN_ADMIN_2025,VNA25-49CF2F79C5,MERGED_INTO
VN_ADMIN_PRE_2025,VNAP25-DE8A56CF30,VN_ADMIN_2025,VNA25-D31B7A9476,MERGED_INTO
VN_ADMIN_PRE_2025,VNAP25-023CB4CA0C,VN_ADMIN_2025,VNA25-84560C78D9,MERGED_INTO
VN_ADMIN_PRE_2025,VNAP25-1BB71E01A6,VN_ADMIN_2025,VNA25-D31B7A9476,MERGED_INTO
VN_ADMIN_PRE_2025,VNAP25-93AEB0D024,VN_ADMIN_2025,VNA25-CA47E33E3C,MERGED_INTO
VN_ADMIN_PRE_2025,VNAP25-B81F3DC8A2,VN_ADMIN_2025,VNA25-D31B7A9476,MERGED_INTO
VN_ADMIN_PRE_2025,VNAP25-15CEF8704F,VN_ADMIN_2025,VNA25-8543255221,SAME_AS
VN_ADMIN_PRE_2025,VNAP25-59ABA9E39A,VN_ADMIN_2025,VNA25-49CF2F79C5,MERGED_INTO
VN_ADMIN_PRE_2025,VNAP25-372493B260,VN_ADMIN_2025,VNA25-84560C78D9,MERGED_INTO
VN_ADMIN_PRE_2025,VNAP25-8FA9D73FA0,VN_ADMIN_2025,VNA25-84560C78D9,MERGED_INTO
VN_ADMIN_PRE_2025,VNAP25-7D6D0333F6,VN_ADMIN_2025,VNA25-99D0C1CE09,MERGED_INTO
VN_ADMIN_PRE_2025,VNAP25-DAB7501BC4,VN_ADMIN_2025,VNA25-E738A50698,MERGED_INTO
VN_ADMIN_PRE_2025,VNAP25-0109C04A21,VN_ADMIN_2025,VNA25-BB66763B59,MERGED_INTO
VN_ADMIN_PRE_2025,VNAP25-E6419ED88A,VN_ADMIN_2025,VNA25-BB66763B59,MERGED_INTO
VN_ADMIN_PRE_2025,VNAP25-194F98DFEE,VN_ADMIN_2025,VNA25-99D0C1CE09,MERGED_INTO
VN_ADMIN_PRE_2025,VNAP25-3C3C366622,VN_ADMIN_2025,VNA25-E738A50698,MERGED_INTO
VN_ADMIN_PRE_2025,VNAP25-38395B6511,VN_ADMIN_2025,VNA25-99D0C1CE09,MERGED_INTO
VN_ADMIN_PRE_2025,VNAP25-1FFA3D2E98,VN_ADMIN_2025,VNA25-99D0C1CE09,MERGED_INTO
VN_ADMIN_PRE_2025,VNAP25-D16D853057,VN_ADMIN_2025,VNA25-07521EF90A,MERGED_INTO
VN_ADMIN_PRE_2025,VNAP25-0AED1A7DC7,VN_ADMIN_2025,VNA25-D013B83F77,MERGED_INTO
VN_ADMIN_PRE_2025,VNAP25-6E9FC8C8EB,VN_ADMIN_2025,VNA25-FBDEBCC066,MERGED_INTO
VN_ADMIN_PRE_2025,VNAP25-A531F35BAE,VN_ADMIN_2025,VNA25-FBDEBCC066,MERGED_INTO
VN_ADMIN_PRE_2025,VNAP25-459FC8DEF4,VN_ADMIN_2025,VNA25-3BF93842BF,SAME_AS
VN_ADMIN_PRE_2025,VNAP25-9BA5D00614,VN_ADMIN_2025,VNA25-D013B83F77,MERGED_INTO
VN_ADMIN_PRE_2025,VNAP25-663BB4717B,VN_ADMIN_2025,VNA25-0984878A7F,SAME_AS
VN_ADMIN_PRE_2025,VNAP25-8423F2483F,VN_ADMIN_2025,VNA25-A8D4D6CBA3,MERGED_INTO
VN_ADMIN_PRE_2025,VNAP25-CFBD8F955B,VN_ADMIN_2025,VNA25-E4C8FD334F,MERGED_INTO
VN_ADMIN_PRE_2025,VNAP25-36DF5C469C,VN_ADMIN_2025,VNA25-AFE5AAE161,MERGED_INTO
VN_ADMIN_PRE_2025,VNAP25-883B75E406,VN_ADMIN_2025,VNA25-A8D4D6CBA3,MERGED_INTO
VN_ADMIN_PRE_2025,VNAP25-95FAE2E894,VN_ADMIN_2025,VNA25-A8D4D6CBA3,MERGED_INTO
VN_ADMIN_PRE_2025,VNAP25-DD6830D406,VN_ADMIN_2025,VNA25-ABF558FFE3,MERGED_INTO
VN_ADMIN_PRE_2025,VNAP25-760A090D49,VN_ADMIN_2025,VNA25-AFE5AAE161,MERGED_INTO
VN_ADMIN_PRE_2025,VNAP25-E6832D5DE0,VN_ADMIN_2025,VNA25-AFE5AAE161,MERGED_INTO
VN_ADMIN_PRE_2025,VNAP25-97DAF37F28,VN_ADMIN_2025,VNA25-ABF558FFE3,MERGED_INTO
VN_ADMIN_PRE_2025,VNAP25-464DEB43D3,VN_ADMIN_2025,VNA25-E4C8FD334F,MERGED_INTO
VN_ADMIN_PRE_2025,VNAP25-07784EF4E4,VN_ADMIN_2025,VNA25-FC0A994615,MERGED_INTO
VN_ADMIN_PRE_2025,VNAP25-D36CC108B9,VN_ADMIN_2025,VNA25-FC0A994615,MERGED_INTO
VN_ADMIN_PRE_2025,VNAP25-AE3D1690CD,VN_ADMIN_2025,VNA25-3DDE1AB1FA,MERGED_INTO
VN_ADMIN_PRE_2025,VNAP25-DF6C875645,VN_ADMIN_2025,VNA25-5B2278440C,MERGED_INTO
VN_ADMIN_PRE_2025,VNAP25-D99EFB3197,VN_ADMIN_2025,VNA25-FC0A994615,MERGED_INTO
VN_ADMIN_PRE_2025,VNAP25-8ABC1E3F1D,VN_ADMIN_2025,VNA25-5B2278440C,MERGED_INTO
VN_ADMIN_PRE_2025,VNAP25-1DE67D0AA8,VN_ADMIN_2025,VNA25-5B2278440C,MERGED_INTO
VN_ADMIN_PRE_2025,VNAP25-AFFBC77B94,VN_ADMIN_2025,VNA25-5B2278440C,MERGED_INTO
VN_ADMIN_PRE_2025,VNAP25-36D3CA9DFD,VN_ADMIN_2025,VNA25-3DDE1AB1FA,MERGED_INTO
VN_ADMIN_PRE_2025,VNAP25-6C48BC8DBF,VN_ADMIN_2025,VNA25-3DDE1AB1FA,MERGED_INTO
VN_ADMIN_PRE_2025,VNAP25-9ACFBD2A90,VN_ADMIN_2025,VNA25-FC0A994615,MERGED_INTO
VN_ADMIN_PRE_2025,VNAP25-16B0C65515,VN_ADMIN_2025,VNA25-0052C6382C,MERGED_INTO
VN_ADMIN_PRE_2025,VNAP25-00EDD5866F,VN_ADMIN_2025,VNA25-0052C6382C,MERGED_INTO
VN_ADMIN_PRE_2025,VNAP25-DC4EA6D49B,VN_ADMIN_2025,VNA25-A87BF6AC26,MERGED_INTO
VN_ADMIN_PRE_2025,VNAP25-E4813FF5DA,VN_ADMIN_2025,VNA25-A87BF6AC26,MERGED_INTO
VN_ADMIN_PRE_2025,VNAP25-15104E943F,VN_ADMIN_2025,VNA25-A87BF6AC26,MERGED_INTO
VN_ADMIN_PRE_2025,VNAP25-70EC9F262A,VN_ADMIN_2025,VNA25-103D3A841F,MERGED_INTO
VN_ADMIN_PRE_2025,VNAP25-C6A4222D1E,VN_ADMIN_2025,VNA25-5451B1B3C3,MERGED_INTO
VN_ADMIN_PRE_2025,VNAP25-31D12AF260,VN_ADMIN_2025,VNA25-5451B1B3C3,MERGED_INTO
VN_ADMIN_PRE_2025,VNAP25-3F40AC8F21,VN_ADMIN_2025,VNA25-103D3A841F,MERGED_INTO
VN_ADMIN_PRE_2025,VNAP25-4A88B29F23,VN_ADMIN_2025,VNA25-44BE78192F,MERGED_INTO
VN_ADMIN_PRE_2025,VNAP25-851B57E5B1,VN_ADMIN_2025,VNA25-D41C10B0FC,MERGED_INTO
VN_ADMIN_PRE_2025,VNAP25-3B5C185B8E,VN_ADMIN_2025,VNA25-07521EF90A,MERGED_INTO
VN_ADMIN_PRE_2025,VNAP25-443DDAB305,VN_ADMIN_2025,VNA25-D41C10B0FC,MERGED_INTO
VN_ADMIN_PRE_2025,VNAP25-6AE946E89E,VN_ADMIN_2025,VNA25-D41C10B0FC,MERGED_INTO
VN_ADMIN_PRE_2025,VNAP25-5633F87417,VN_ADMIN_2025,VNA25-07521EF90A,MERGED_INTO
VN_ADMIN_PRE_2025,VNAP25-7864DB013E,VN_ADMIN_2025,VNA25-44BE78192F,MERGED_INTO
VN_ADMIN_PRE_2025,VNAP25-3E728CEA2C,VN_ADMIN_2025,VNA25-07521EF90A,MERGED_INTO
VN_ADMIN_PRE_2025,VNAP25-F084B46D19,VN_ADMIN_2025,VNA25-6FA1B6FC7B,MERGED_INTO
VN_ADMIN_PRE_2025,VNAP25-5661AE069B,VN_ADMIN_2025,VNA25-7D0F5BCEED,MERGED_INTO
VN_ADMIN_PRE_2025,VNAP25-1A1D22B663,VN_ADMIN_2025,VNA25-7D0F5BCEED,MERGED_INTO
VN_ADMIN_PRE_2025,VNAP25-652460FC3B,VN_ADMIN_2025,VNA25-A72B7073E7,MERGED_INTO
VN_ADMIN_PRE_2025,VNAP25-BFDD413C27,VN_ADMIN_2025,VNA25-6FA1B6FC7B,MERGED_INTO
VN_ADMIN_PRE_2025,VNAP25-0711ABB73A,VN_ADMIN_2025,VNA25-A72B7073E7,MERGED_INTO
VN_ADMIN_PRE_2025,VNAP25-54E3607F8C,VN_ADMIN_2025,VNA25-6FA1B6FC7B,MERGED_INTO
VN_ADMIN_PRE_2025,VNAP25-F4888D77D3,VN_ADMIN_2025,VNA25-8C0A4B356A,MERGED_INTO
VN_ADMIN_PRE_2025,VNAP25-56A4411998,VN_ADMIN_2025,VNA25-8C0A4B356A,MERGED_INTO
VN_ADMIN_PRE_2025,VNAP25-F072EC85CF,VN_ADMIN_2025,VNA25-ABF558FFE3,MERGED_INTO
VN_ADMIN_PRE_2025,VNAP25-23393C4A46,VN_ADMIN_2025,VNA25-A72B7073E7,MERGED_INTO
VN_ADMIN_PRE_2025,VNAP25-19F1F60CEC,VN_ADMIN_2025,VNA25-7D0F5BCEED,MERGED_INTO
VN_ADMIN_PRE_2025,VNAP25-A28A277941,VN_ADMIN_2025,VNA25-49CA737B51,MERGED_INTO
VN_ADMIN_PRE_2025,VNAP25-185E35CE66,VN_ADMIN_2025,VNA25-A560B174EA,MERGED_INTO
VN_ADMIN_PRE_2025,VNAP25-7C859B8BFE,VN_ADMIN_2025,VNA25-49CA737B51,MERGED_INTO
VN_ADMIN_PRE_2025,VNAP25-2201FD36ED,VN_ADMIN_2025,VNA25-49CA737B51,MERGED_INTO
VN_ADMIN_PRE_2025,VNAP25-B3835F803B,VN_ADMIN_2025,VNA25-A560B174EA,MERGED_INTO
VN_ADMIN_PRE_2025,VNAP25-BE0D4A8617,VN_ADMIN_2025,VNA25-67EAEFC18B,SAME_AS
VN_ADMIN_PRE_2025,VNAP25-E0AAD417BA,VN_ADMIN_2025,VNA25-417C7A966C,MERGED_INTO
VN_ADMIN_PRE_2025,VNAP25-8EC926D4FA,VN_ADMIN_2025,VNA25-466ED1113E,MERGED_INTO
VN_ADMIN_PRE_2025,VNAP25-515ADD8B34,VN_ADMIN_2025,VNA25-5802009612,MERGED_INTO
VN_ADMIN_PRE_2025,VNAP25-9AC725FAB8,VN_ADMIN_2025,VNA25-5802009612,MERGED_INTO
VN_ADMIN_PRE_2025,VNAP25-AA9B84BF37,VN_ADMIN_2025,VNA25-314B568EA8,MERGED_INTO
VN_ADMIN_PRE_2025,VNAP25-E5932C822C,VN_ADMIN_2025,VNA25-417C7A966C,MERGED_INTO
VN_ADMIN_PRE_2025,VNAP25-EFC518F1CB,VN_ADMIN_2025,VNA25-232A2806CB,MERGED_INTO
VN_ADMIN_PRE_2025,VNAP25-AEFDB78341,VN_ADMIN_2025,VNA25-84854FF507,MERGED_INTO
VN_ADMIN_PRE_2025,VNAP25-606F893795,VN_ADMIN_2025,VNA25-A7E379B6FF,MERGED_INTO
VN_ADMIN_PRE_2025,VNAP25-C4DD130EA1,VN_ADMIN_2025,VNA25-417C7A966C,MERGED_INTO
VN_ADMIN_PRE_2025,VNAP25-6CB2BD523B,VN_ADMIN_2025,VNA25-A7E379B6FF,MERGED_INTO
VN_ADMIN_PRE_2025,VNAP25-7E2D8E5AEE,VN_ADMIN_2025,VNA25-5802009612,MERGED_INTO
VN_ADMIN_PRE_2025,VNAP25-AAD524888F,VN_ADMIN_2025,VNA25-232A2806CB,MERGED_INTO
VN_ADMIN_PRE_2025,VNAP25-9BE05B169E,VN_ADMIN_2025,VNA25-84854FF507,MERGED_INTO
VN_ADMIN_PRE_2025,VNAP25-1B8D026907,VN_ADMIN_2025,VNA25-84854FF507,MERGED_INTO
VN_ADMIN_PRE_2025,VNAP25-B0A89E34A5,VN_ADMIN_2025,VNA25-466ED1113E,MERGED_INTO
VN_ADMIN_PRE_2025,VNAP25-431AAD122F,VN_ADMIN_2025,VNA25-466ED1113E,MERGED_INTO
VN_ADMIN_PRE_2025,VNAP25-6CD4CD6283,VN_ADMIN_2025,VNA25-466ED1113E,MERGED_INTO
VN_ADMIN_PRE_2025,VNAP25-2952DF46C0,VN_ADMIN_2025,VNA25-466ED1113E,MERGED_INTO
VN_ADMIN_PRE_2025,VNAP25-1A939D3786,VN_ADMIN_2025,VNA25-2E48FF2D7E,MERGED_INTO
VN_ADMIN_PRE_2025,VNAP25-045ADDDD42,VN_ADMIN_2025,VNA25-A7E379B6FF,MERGED_INTO
VN_ADMIN_PRE_2025,VNAP25-0BFD1096ED,VN_ADMIN_2025,VNA25-1A21AD0014,MERGED_INTO
VN_ADMIN_PRE_2025,VNAP25-C5C9C2E579,VN_ADMIN_2025,VNA25-08DDD71C87,MERGED_INTO
VN_ADMIN_PRE_2025,VNAP25-88C9A1AC1B,VN_ADMIN_2025,VNA25-B116F837A6,MERGED_INTO
VN_ADMIN_PRE_2025,VNAP25-D97E623F9E,VN_ADMIN_2025,VNA25-08DDD71C87,MERGED_INTO
VN_ADMIN_PRE_2025,VNAP25-7136857640,VN_ADMIN_2025,VNA25-1A21AD0014,MERGED_INTO
VN_ADMIN_PRE_2025,VNAP25-987D05808C,VN_ADMIN_2025,VNA25-1A21AD0014,MERGED_INTO
VN_ADMIN_PRE_2025,VNAP25-288E1008C6,VN_ADMIN_2025,VNA25-08DDD71C87,MERGED_INTO
VN_ADMIN_PRE_2025,VNAP25-70B6D4BADD,VN_ADMIN_2025,VNA25-C74E35B9E0,MERGED_INTO
VN_ADMIN_PRE_2025,VNAP25-87FE643730,VN_ADMIN_2025,VNA25-D849BF41AD,MERGED_INTO
VN_ADMIN_PRE_2025,VNAP25-22F17530C7,VN_ADMIN_2025,VNA25-6FA197DB7D,MERGED_INTO
VN_ADMIN_PRE_2025,VNAP25-E21C395A08,VN_ADMIN_2025,VNA25-6FA197DB7D,MERGED_INTO
VN_ADMIN_PRE_2025,VNAP25-67DBAD613F,VN_ADMIN_2025,VNA25-C74E35B9E0,MERGED_INTO
VN_ADMIN_PRE_2025,VNAP25-2FB83EB825,VN_ADMIN_2025,VNA25-B116F837A6,MERGED_INTO
VN_ADMIN_PRE_2025,VNAP25-C9772EC6D2,VN_ADMIN_2025,VNA25-D849BF41AD,MERGED_INTO
VN_ADMIN_PRE_2025,VNAP25-CE8FFB852D,VN_ADMIN_2025,VNA25-238CB22DD7,MERGED_INTO
VN_ADMIN_PRE_2025,VNAP25-8E08BEB686,VN_ADMIN_2025,VNA25-2F489BE54B,MERGED_INTO
VN_ADMIN_PRE_2025,VNAP25-AD5F9944FA,VN_ADMIN_2025,VNA25-238CB22DD7,MERGED_INTO
VN_ADMIN_PRE_2025,VNAP25-9DEF1BD936,VN_ADMIN_2025,VNA25-2F489BE54B,MERGED_INTO
VN_ADMIN_PRE_2025,VNAP25-05AC7B655D,VN_ADMIN_2025,VNA25-AEF3DC9977,MERGED_INTO
VN_ADMIN_PRE_2025,VNAP25-CA51EB3648,VN_ADMIN_2025,VNA25-2E48FF2D7E,MERGED_INTO
VN_ADMIN_PRE_2025,VNAP25-67D62B4576,VN_ADMIN_2025,VNA25-2E48FF2D7E,MERGED_INTO
VN_ADMIN_PRE_2025,VNAP25-4A3FE66B33,VN_ADMIN_2025,VNA25-2F489BE54B,MERGED_INTO
VN_ADMIN_PRE_2025,VNAP25-69FAE0AED9,VN_ADMIN_2025,VNA25-238CB22DD7,MERGED_INTO
VN_ADMIN_PRE_2025,VNAP25-30CBD40F89,VN_ADMIN_2025,VNA25-238CB22DD7,MERGED_INTO
VN_ADMIN_PRE_2025,VNAP25-03EC992275,VN_ADMIN_2025,VNA25-238CB22DD7,MERGED_INTO
VN_ADMIN_PRE_2025,VNAP25-3C7020BC60,VN_ADMIN_2025,VNA25-238CB22DD7,MERGED_INTO
VN_ADMIN_PRE_2025,VNAP25-E6E079D343,VN_ADMIN_2025,VNA25-5A736CA210,MERGED_INTO
VN_ADMIN_PRE_2025,VNAP25-64C1060C73,VN_ADMIN_2025,VNA25-5A736CA210,MERGED_INTO
VN_ADMIN_PRE_2025,VNAP25-68F5FC920E,VN_ADMIN_2025,VNA25-1B4F08F87E,MERGED_INTO
VN_ADMIN_PRE_2025,VNAP25-E02711B486,VN_ADMIN_2025,VNA25-1B4F08F87E,MERGED_INTO
VN_ADMIN_PRE_2025,VNAP25-2783E394D1,VN_ADMIN_2025,VNA25-5A736CA210,MERGED_INTO
VN_ADMIN_PRE_2025,VNAP25-7E6784ABD1,VN_ADMIN_2025,VNA25-AEF3DC9977,MERGED_INTO
VN_ADMIN_PRE_2025,VNAP25-B07C7BB5B6,VN_ADMIN_2025,VNA25-5D86B335B6,MERGED_INTO
VN_ADMIN_PRE_2025,VNAP25-B0D4357743,VN_ADMIN_2025,VNA25-5D86B335B6,MERGED_INTO
VN_ADMIN_PRE_2025,VNAP25-E4FB006C56,VN_ADMIN_2025,VNA25-AEF3DC9977,MERGED_INTO
VN_ADMIN_PRE_2025,VNAP25-F9A4069CA4,VN_ADMIN_2025,VNA25-5D86B335B6,MERGED_INTO
VN_ADMIN_PRE_2025,VNAP25-FD633297C4,VN_ADMIN_2025,VNA25-630F2E46BD,MERGED_INTO
VN_ADMIN_PRE_2025,VNAP25-CF95343CA0,VN_ADMIN_2025,VNA25-777E9072DC,MERGED_INTO
VN_ADMIN_PRE_2025,VNAP25-FFF5B96104,VN_ADMIN_2025,VNA25-4362876217,MERGED_INTO
VN_ADMIN_PRE_2025,VNAP25-49EF5FD594,VN_ADMIN_2025,VNA25-BCBE73D33E,MERGED_INTO
VN_ADMIN_PRE_2025,VNAP25-1F9C166086,VN_ADMIN_2025,VNA25-BCBE73D33E,MERGED_INTO
VN_ADMIN_PRE_2025,VNAP25-42A9698C12,VN_ADMIN_2025,VNA25-314B568EA8,MERGED_INTO
VN_ADMIN_PRE_2025,VNAP25-A1536B1077,VN_ADMIN_2025,VNA25-777E9072DC,MERGED_INTO
VN_ADMIN_PRE_2025,VNAP25-BB8B39C0DC,VN_ADMIN_2025,VNA25-BCBE73D33E,MERGED_INTO
VN_ADMIN_PRE_2025,VNAP25-F647ADFF0E,VN_ADMIN_2025,VNA25-4362876217,MERGED_INTO
VN_ADMIN_PRE_2025,VNAP25-9F406B82B7,VN_ADMIN_2025,VNA25-630F2E46BD,MERGED_INTO
VN_ADMIN_PRE_2025,VNAP25-C4A1B44678,VN_ADMIN_2025,VNA25-BCBE73D33E,MERGED_INTO
VN_ADMIN_PRE_2025,VNAP25-4FB35F3C2D,VN_ADMIN_2025,VNA25-5318152440,MERGED_INTO
VN_ADMIN_PRE_2025,VNAP25-85865CDA3E,VN_ADMIN_2025,VNA25-5318152440,MERGED_INTO
VN_ADMIN_PRE_2025,VNAP25-4A6B4C68E5,VN_ADMIN_2025,VNA25-5318152440,MERGED_INTO
VN_ADMIN_PRE_2025,VNAP25-D5837FB44B,VN_ADMIN_2025,VNA25-5318152440,MERGED_INTO
VN_ADMIN_PRE_2025,VNAP25-CBAE8DA3A0,VN_ADMIN_2025,VNA25-F6C6BBC75A,MERGED_INTO
VN_ADMIN_PRE_2025,VNAP25-8365CBDEB0,VN_ADMIN_2025,VNA25-08E3755FF1,MERGED_INTO
VN_ADMIN_PRE_2025,VNAP25-809A87C7B4,VN_ADMIN_2025,VNA25-DBE7788DF8,MERGED_INTO
VN_ADMIN_PRE_2025,VNAP25-3E01916862,VN_ADMIN_2025,VNA25-F6C6BBC75A,MERGED_INTO
VN_ADMIN_PRE_2025,VNAP25-AE30553748,VN_ADMIN_2025,VNA25-08E3755FF1,MERGED_INTO
VN_ADMIN_PRE_2025,VNAP25-CE9E1586C8,VN_ADMIN_2025,VNA25-5C234BA455,MERGED_INTO
VN_ADMIN_PRE_2025,VNAP25-36EDDB2529,VN_ADMIN_2025,VNA25-F6C6BBC75A,MERGED_INTO
VN_ADMIN_PRE_2025,VNAP25-63DEA4D8F8,VN_ADMIN_2025,VNA25-5C234BA455,MERGED_INTO
VN_ADMIN_PRE_2025,VNAP25-5081BCD598,VN_ADMIN_2025,VNA25-62C7ABDC41,MERGED_INTO
VN_ADMIN_PRE_2025,VNAP25-4E5143D556,VN_ADMIN_2025,VNA25-DBE7788DF8,MERGED_INTO
VN_ADMIN_PRE_2025,VNAP25-F507069C77,VN_ADMIN_2025,VNA25-DBE7788DF8,MERGED_INTO
VN_ADMIN_PRE_2025,VNAP25-06C0869641,VN_ADMIN_2025,VNA25-FCD8675C95,MERGED_INTO
VN_ADMIN_PRE_2025,VNAP25-0ED742D25C,VN_ADMIN_2025,VNA25-FCD8675C95,MERGED_INTO
VN_ADMIN_PRE_2025,VNAP25-F8E683F5E1,VN_ADMIN_2025,VNA25-45F4A221D4,MERGED_INTO
VN_ADMIN_PRE_2025,VNAP25-D714ED4C79,VN_ADMIN_2025,VNA25-6FC8A8ADD8,MERGED_INTO
VN_ADMIN_PRE_2025,VNAP25-3D2B231753,VN_ADMIN_2025,VNA25-62C7ABDC41,MERGED_INTO
VN_ADMIN_PRE_2025,VNAP25-AA8A551FB0,VN_ADMIN_2025,VNA25-D9D117B096,MERGED_INTO
VN_ADMIN_PRE_2025,VNAP25-ECC4AB591E,VN_ADMIN_2025,VNA25-D9D117B096,MERGED_INTO
VN_ADMIN_PRE_2025,VNAP25-CFC13B3BC6,VN_ADMIN_2025,VNA25-D9D117B096,MERGED_INTO
VN_ADMIN_PRE_2025,VNAP25-64AEC857CD,VN_ADMIN_2025,VNA25-45F4A221D4,MERGED_INTO
VN_ADMIN_PRE_2025,VNAP25-D374068E6B,VN_ADMIN_2025,VNA25-D9D117B096,MERGED_INTO
VN_ADMIN_PRE_2025,VNAP25-F43094FEA3,VN_ADMIN_2025,VNA25-FCD8675C95,MERGED_INTO
VN_ADMIN_PRE_2025,VNAP25-40549A5E45,VN_ADMIN_2025,VNA25-FCD8675C95,MERGED_INTO
VN_ADMIN_PRE_2025,VNAP25-BB1227285F,VN_ADMIN_2025,VNA25-3999F12C26,MERGED_INTO
VN_ADMIN_PRE_2025,VNAP25-9E0E722173,VN_ADMIN_2025,VNA25-3999F12C26,MERGED_INTO
VN_ADMIN_PRE_2025,VNAP25-8FC92CBFF2,VN_ADMIN_2025,VNA25-6FC8A8ADD8,MERGED_INTO
VN_ADMIN_PRE_2025,VNAP25-A5B674732C,VN_ADMIN_2025,VNA25-EB7CB40A2A,MERGED_INTO
VN_ADMIN_PRE_2025,VNAP25-4618080F55,VN_ADMIN_2025,VNA25-D1BABB8AA2,MERGED_INTO
VN_ADMIN_PRE_2025,VNAP25-4CF63C9258,VN_ADMIN_2025,VNA25-218DC89809,MERGED_INTO
VN_ADMIN_PRE_2025,VNAP25-7320B06D0B,VN_ADMIN_2025,VNA25-FAE7F9B654,MERGED_INTO
VN_ADMIN_PRE_2025,VNAP25-5228E39BB1,VN_ADMIN_2025,VNA25-FAE7F9B654,MERGED_INTO
VN_ADMIN_PRE_2025,VNAP25-63EE349D9E,VN_ADMIN_2025,VNA25-E706ED7C32,MERGED_INTO
VN_ADMIN_PRE_2025,VNAP25-20DF2587EB,VN_ADMIN_2025,VNA25-E706ED7C32,MERGED_INTO
VN_ADMIN_PRE_2025,VNAP25-7D9F3AB382,VN_ADMIN_2025,VNA25-D1BABB8AA2,MERGED_INTO
VN_ADMIN_PRE_2025,VNAP25-EB4FC3D778,VN_ADMIN_2025,VNA25-E706ED7C32,MERGED_INTO
VN_ADMIN_PRE_2025,VNAP25-5DC42A9DB5,VN_ADMIN_2025,VNA25-218DC89809,MERGED_INTO
VN_ADMIN_PRE_2025,VNAP25-5FB7FF70EA,VN_ADMIN_2025,VNA25-EB7CB40A2A,MERGED_INTO
VN_ADMIN_PRE_2025,VNAP25-C787BA07CD,VN_ADMIN_2025,VNA25-D1BABB8AA2,MERGED_INTO
VN_ADMIN_PRE_2025,VNAP25-11B978B3ED,VN_ADMIN_2025,VNA25-1B4F08F87E,MERGED_INTO
VN_ADMIN_PRE_2025,VNAP25-B6FB686930,VN_ADMIN_2025,VNA25-3C76166EB2,MERGED_INTO
VN_ADMIN_PRE_2025,VNAP25-0127216AFD,VN_ADMIN_2025,VNA25-ABE106CB20,MERGED_INTO
VN_ADMIN_PRE_2025,VNAP25-F63D776EF5,VN_ADMIN_2025,VNA25-3C76166EB2,MERGED_INTO
VN_ADMIN_PRE_2025,VNAP25-47C49578D4,VN_ADMIN_2025,VNA25-ABE106CB20,MERGED_INTO
VN_ADMIN_PRE_2025,VNAP25-7D7CF2DA92,VN_ADMIN_2025,VNA25-3C76166EB2,MERGED_INTO
VN_ADMIN_PRE_2025,VNAP25-9A15F524C2,VN_ADMIN_2025,VNA25-3C76166EB2,MERGED_INTO
VN_ADMIN_PRE_2025,VNAP25-CE424CC2B4,VN_ADMIN_2025,VNA25-218DC89809,MERGED_INTO
VN_ADMIN_PRE_2025,VNAP25-0E5CF9599C,VN_ADMIN_2025,VNA25-FAE7F9B654,MERGED_INTO
VN_ADMIN_PRE_2025,VNAP25-4527614512,VN_ADMIN_2025,VNA25-1D1FDAD61A,MERGED_INTO
VN_ADMIN_PRE_2025,VNAP25-4D73B4E132,VN_ADMIN_2025,VNA25-ABE106CB20,MERGED_INTO
VN_ADMIN_PRE_2025,VNAP25-D3BCE6DE0B,VN_ADMIN_2025,VNA25-807CE27CF4,MERGED_INTO
VN_ADMIN_PRE_2025,VNAP25-90B78D21E9,VN_ADMIN_2025,VNA25-807CE27CF4,MERGED_INTO
VN_ADMIN_PRE_2025,VNAP25-3A1355A36C,VN_ADMIN_2025,VNA25-E59487C953,MERGED_INTO
VN_ADMIN_PRE_2025,VNAP25-F74F9E023B,VN_ADMIN_2025,VNA25-1D1FDAD61A,MERGED_INTO
VN_ADMIN_PRE_2025,VNAP25-16AEA4FAE9,VN_ADMIN_2025,VNA25-1D1FDAD61A,MERGED_INTO
VN_ADMIN_PRE_2025,VNAP25-D4EC0D6D7F,VN_ADMIN_2025,VNA25-E59487C953,MERGED_INTO
VN_ADMIN_PRE_2025,VNAP25-0F1E755B7D,VN_ADMIN_2025,VNA25-E59487C953,MERGED_INTO
VN_ADMIN_PRE_2025,VNAP25-A843494292,VN_ADMIN_2025,VNA25-807CE27CF4,MERGED_INTO
VN_ADMIN_PRE_2025,VNAP25-75BBD83632,VN_ADMIN_2025,VNA25-32EDD8E87D,MERGED_INTO
VN_ADMIN_PRE_2025,VNAP25-EE4B817900,VN_ADMIN_2025,VNA25-4D79F6EE27,MERGED_INTO
VN_ADMIN_PRE_2025,VNAP25-10319C0513,VN_ADMIN_2025,VNA25-54BC3AABE3,MERGED_INTO
VN_ADMIN_PRE_2025,VNAP25-21D1CC27C6,VN_ADMIN_2025,VNA25-4F483D8BB5,MERGED_INTO
VN_ADMIN_PRE_2025,VNAP25-DB82AEDF11,VN_ADMIN_2025,VNA25-32EDD8E87D,MERGED_INTO
VN_ADMIN_PRE_2025,VNAP25-86F86B0F1B,VN_ADMIN_2025,VNA25-32EDD8E87D,MERGED_INTO
VN_ADMIN_PRE_2025,VNAP25-E70C2DF278,VN_ADMIN_2025,VNA25-7094ED31CB,MERGED_INTO
VN_ADMIN_PRE_2025,VNAP25-3F6D946867,VN_ADMIN_2025,VNA25-4F483D8BB5,MERGED_INTO
VN_ADMIN_PRE_2025,VNAP25-2C82EF0FE2,VN_ADMIN_2025,VNA25-7094ED31CB,MERGED_INTO
VN_ADMIN_PRE_2025,VNAP25-A17A63C2C6,VN_ADMIN_2025,VNA25-4D79F6EE27,MERGED_INTO
VN_ADMIN_PRE_2025,VNAP25-19E7D08420,VN_ADMIN_2025,VNA25-4D79F6EE27,MERGED_INTO
VN_ADMIN_PRE_2025,VNAP25-B9D34391BF,VN_ADMIN_2025,VNA25-E7D86AF911,SAME_AS
VN_ADMIN_PRE_2025,VNAP25-A29EE56D71,VN_ADMIN_2025,VNA25-32EDD8E87D,MERGED_INTO
VN_ADMIN_PRE_2025,VNAP25-0497C121F2,VN_ADMIN_2025,VNA25-54BC3AABE3,MERGED_INTO
VN_ADMIN_PRE_2025,VNAP25-AA60D32EAD,VN_ADMIN_2025,VNA25-62ECF61169,SAME_AS
VN_ADMIN_PRE_2025,VNAP25-22AC98FB04,VN_ADMIN_2025,VNA25-7094ED31CB,MERGED_INTO
VN_ADMIN_PRE_2025,VNAP25-7D91967594,VN_ADMIN_2025,VNA25-4F483D8BB5,MERGED_INTO
VN_ADMIN_PRE_2025,VNAP25-4A300E7E12,VN_ADMIN_2025,VNA25-54BC3AABE3,MERGED_INTO
VN_ADMIN_PRE_2025,VNAP25-123DF4560B,VN_ADMIN_2025,VNA25-D9F401A3A9,MERGED_INTO
VN_ADMIN_PRE_2025,VNAP25-0FD291EE94,VN_ADMIN_2025,VNA25-54BC3AABE3,MERGED_INTO
VN_ADMIN_PRE_2025,VNAP25-D899755473,VN_ADMIN_2025,VNA25-2DC47D980A,MERGED_INTO
VN_ADMIN_PRE_2025,VNAP25-2EAF9D28CC,VN_ADMIN_2025,VNA25-4F483D8BB5,MERGED_INTO
VN_ADMIN_PRE_2025,VNAP25-C1D7C32B4C,VN_ADMIN_2025,VNA25-32EDD8E87D,MERGED_INTO
VN_ADMIN_PRE_2025,VNAP25-2ACBBC5348,VN_ADMIN_2025,VNA25-32EDD8E87D,MERGED_INTO
VN_ADMIN_PRE_2025,VNAP25-CABCA2A5F5,VN_ADMIN_2025,VNA25-C2D8340B89,MERGED_INTO
VN_ADMIN_PRE_2025,VNAP25-B4926AA5E9,VN_ADMIN_2025,VNA25-32EDD8E87D,MERGED_INTO
VN_ADMIN_PRE_2025,VNAP25-D449445DF5,VN_ADMIN_2025,VNA25-A4CB1E7AD6,MERGED_INTO
VN_ADMIN_PRE_2025,VNAP25-430E19FB4D,VN_ADMIN_2025,VNA25-A25E35551F,MERGED_INTO
VN_ADMIN_PRE_2025,VNAP25-11758FBD1C,VN_ADMIN_2025,VNA25-A4CB1E7AD6,MERGED_INTO
VN_ADMIN_PRE_2025,VNAP25-226E733519,VN_ADMIN_2025,VNA25-A4CB1E7AD6,MERGED_INTO
VN_ADMIN_PRE_2025,VNAP25-3C0E6B26CA,VN_ADMIN_2025,VNA25-6965B7A379,MERGED_INTO
VN_ADMIN_PRE_2025,VNAP25-A71F97DB41,VN_ADMIN_2025,VNA25-A25E35551F,MERGED_INTO
VN_ADMIN_PRE_2025,VNAP25-519C73F521,VN_ADMIN_2025,VNA25-B2F41E97A2,MERGED_INTO
VN_ADMIN_PRE_2025,VNAP25-61A101F7CE,VN_ADMIN_2025,VNA25-A78BAF65AA,MERGED_INTO
VN_ADMIN_PRE_2025,VNAP25-E966D4E3BC,VN_ADMIN_2025,VNA25-A07E7087DD,MERGED_INTO
VN_ADMIN_PRE_2025,VNAP25-DC493B079C,VN_ADMIN_2025,VNA25-B2F41E97A2,MERGED_INTO
VN_ADMIN_PRE_2025,VNAP25-FA6D2870F8,VN_ADMIN_2025,VNA25-A4CB1E7AD6,MERGED_INTO
VN_ADMIN_PRE_2025,VNAP25-A27A401DCE,VN_ADMIN_2025,VNA25-6965B7A379,MERGED_INTO
VN_ADMIN_PRE_2025,VNAP25-122F4FC236,VN_ADMIN_2025,VNA25-A07E7087DD,MERGED_INTO
VN_ADMIN_PRE_2025,VNAP25-145DCF3FC1,VN_ADMIN_2025,VNA25-A6E69921DA,MERGED_INTO
VN_ADMIN_PRE_2025,VNAP25-6B17AB79FA,VN_ADMIN_2025,VNA25-A6E69921DA,MERGED_INTO
VN_ADMIN_PRE_2025,VNAP25-DF4756548C,VN_ADMIN_2025,VNA25-76D3398308,MERGED_INTO
VN_ADMIN_PRE_2025,VNAP25-3D476EEDD8,VN_ADMIN_2025,VNA25-A6E69921DA,MERGED_INTO
VN_ADMIN_PRE_2025,VNAP25-162DF168F8,VN_ADMIN_2025,VNA25-9D8D48E754,MERGED_INTO
VN_ADMIN_PRE_2025,VNAP25-76BD65CCB8,VN_ADMIN_2025,VNA25-A05EA29A50,MERGED_INTO
VN_ADMIN_PRE_2025,VNAP25-4F0EE9E5F1,VN_ADMIN_2025,VNA25-A05EA29A50,MERGED_INTO
VN_ADMIN_PRE_2025,VNAP25-CEC08118F7,VN_ADMIN_2025,VNA25-A6E69921DA,MERGED_INTO
VN_ADMIN_PRE_2025,VNAP25-B5D775C117,VN_ADMIN_2025,VNA25-319DD7A6EC,MERGED_INTO
VN_ADMIN_PRE_2025,VNAP25-87C687FEA5,VN_ADMIN_2025,VNA25-9D8D48E754,MERGED_INTO
VN_ADMIN_PRE_2025,VNAP25-1CEBCA9D62,VN_ADMIN_2025,VNA25-319DD7A6EC,MERGED_INTO
VN_ADMIN_PRE_2025,VNAP25-79EA4BD0BA,VN_ADMIN_2025,VNA25-9F5B9C8605,MERGED_INTO
VN_ADMIN_PRE_2025,VNAP25-F2D979CEC6,VN_ADMIN_2025,VNA25-ADBC63FFFF,SAME_AS
VN_ADMIN_PRE_2025,VNAP25-64FDCC770F,VN_ADMIN_2025,VNA25-76D3398308,MERGED_INTO
VN_ADMIN_PRE_2025,VNAP25-C147C5A5AA,VN_ADMIN_2025,VNA25-FD13E89049,MERGED_INTO
VN_ADMIN_PRE_2025,VNAP25-7027549B1E,VN_ADMIN_2025,VNA25-FD13E89049,MERGED_INTO
VN_ADMIN_PRE_2025,VNAP25-3D2C923326,VN_ADMIN_2025,VNA25-4A30CB7503,MERGED_INTO
VN_ADMIN_PRE_2025,VNAP25-4454668C54,VN_ADMIN_2025,VNA25-FA62D19EBE,MERGED_INTO
VN_ADMIN_PRE_2025,VNAP25-E67E7F31D6,VN_ADMIN_2025,VNA25-99DA2410D4,MERGED_INTO
VN_ADMIN_PRE_2025,VNAP25-5F662551D6,VN_ADMIN_2025,VNA25-C0E1931F24,MERGED_INTO
VN_ADMIN_PRE_2025,VNAP25-60A7A3F7B3,VN_ADMIN_2025,VNA25-FA62D19EBE,MERGED_INTO
VN_ADMIN_PRE_2025,VNAP25-D01D405336,VN_ADMIN_2025,VNA25-99DA2410D4,MERGED_INTO
VN_ADMIN_PRE_2025,VNAP25-C114337DD7,VN_ADMIN_2025,VNA25-FA62D19EBE,MERGED_INTO
VN_ADMIN_PRE_2025,VNAP25-3751350D0C,VN_ADMIN_2025,VNA25-FA62D19EBE,MERGED_INTO
VN_ADMIN_PRE_2025,VNAP25-94DF1CD9CB,VN_ADMIN_2025,VNA25-FA62D19EBE,MERGED_INTO
VN_ADMIN_PRE_2025,VNAP25-A318EF4273,VN_ADMIN_2025,VNA25-4A30CB7503,MERGED_INTO
VN_ADMIN_PRE_2025,VNAP25-574CACCD75,VN_ADMIN_2025,VNA25-C0E1931F24,MERGED_INTO
VN_ADMIN_PRE_2025,VNAP25-3F0CBF1FFD,VN_ADMIN_2025,VNA25-3B8E4CD4A7,MERGED_INTO
VN_ADMIN_PRE_2025,VNAP25-1CCD0A5EB0,VN_ADMIN_2025,VNA25-7CC339BAC0,MERGED_INTO
VN_ADMIN_PRE_2025,VNAP25-2B27CFF255,VN_ADMIN_2025,VNA25-771EE4FEF1,MERGED_INTO
VN_ADMIN_PRE_2025,VNAP25-9F816FF5A2,VN_ADMIN_2025,VNA25-987FC5C777,MERGED_INTO
VN_ADMIN_PRE_2025,VNAP25-27EBEDEEC4,VN_ADMIN_2025,VNA25-B2F41E97A2,MERGED_INTO
VN_ADMIN_PRE_2025,VNAP25-F1D713A758,VN_ADMIN_2025,VNA25-987FC5C777,MERGED_INTO
VN_ADMIN_PRE_2025,VNAP25-2964C7CAD9,VN_ADMIN_2025,VNA25-987FC5C777,MERGED_INTO
VN_ADMIN_PRE_2025,VNAP25-9A3EBDA7D0,VN_ADMIN_2025,VNA25-771EE4FEF1,MERGED_INTO
VN_ADMIN_PRE_2025,VNAP25-F333744EEE,VN_ADMIN_2025,VNA25-7CC339BAC0,MERGED_INTO
VN_ADMIN_PRE_2025,VNAP25-8D278260AA,VN_ADMIN_2025,VNA25-987FC5C777,MERGED_INTO
VN_ADMIN_PRE_2025,VNAP25-8EE4968438,VN_ADMIN_2025,VNA25-408ACB6C14,MERGED_INTO
VN_ADMIN_PRE_2025,VNAP25-C39321A270,VN_ADMIN_2025,VNA25-408ACB6C14,MERGED_INTO
VN_ADMIN_PRE_2025,VNAP25-1BC15EACB2,VN_ADMIN_2025,VNA25-3B8E4CD4A7,MERGED_INTO
VN_ADMIN_PRE_2025,VNAP25-97BB8E1320,VN_ADMIN_2025,VNA25-408ACB6C14,MERGED_INTO
VN_ADMIN_PRE_2025,VNAP25-08930E74F8,VN_ADMIN_2025,VNA25-90F0D12DC3,MERGED_INTO
VN_ADMIN_PRE_2025,VNAP25-D8BB5A4910,VN_ADMIN_2025,VNA25-FFAF490E78,MERGED_INTO
VN_ADMIN_PRE_2025,VNAP25-D67E4EA768,VN_ADMIN_2025,VNA25-FFAF490E78,MERGED_INTO
VN_ADMIN_PRE_2025,VNAP25-05F4256304,VN_ADMIN_2025,VNA25-A29719EDE8,MERGED_INTO
VN_ADMIN_PRE_2025,VNAP25-02FFA61D82,VN_ADMIN_2025,VNA25-90F0D12DC3,MERGED_INTO
VN_ADMIN_PRE_2025,VNAP25-806DDE188F,VN_ADMIN_2025,VNA25-FFAF490E78,MERGED_INTO
VN_ADMIN_PRE_2025,VNAP25-050D3D906E,VN_ADMIN_2025,VNA25-90F0D12DC3,MERGED_INTO
VN_ADMIN_PRE_2025,VNAP25-2A168C5E3B,VN_ADMIN_2025,VNA25-FFAF490E78,MERGED_INTO
VN_ADMIN_PRE_2025,VNAP25-367B7EA8FE,VN_ADMIN_2025,VNA25-A29719EDE8,MERGED_INTO
VN_ADMIN_PRE_2025,VNAP25-4149B09316,VN_ADMIN_2025,VNA25-90F0D12DC3,MERGED_INTO
VN_ADMIN_PRE_2025,VNAP25-0F5773F668,VN_ADMIN_2025,VNA25-FFAF490E78,MERGED_INTO
VN_ADMIN_PRE_2025,VNAP25-C0A1D1E429,VN_ADMIN_2025,VNA25-A29719EDE8,MERGED_INTO
VN_ADMIN_PRE_2025,VNAP25-9C0CBE6B34,VN_ADMIN_2025,VNA25-5AD0272153,SAME_AS
VN_ADMIN_PRE_2025,VNAP25-3651864C32,VN_ADMIN_2025,VNA25-2F79F41A4C,SPLIT_INTO
VN_ADMIN_PRE_2025,VNAP25-3651864C32,VN_ADMIN_2025,VNA25-C354196D72,SPLIT_INTO
VN_ADMIN_PRE_2025,VNAP25-EAC9DAF200,VN_ADMIN_2025,VNA25-2F79F41A4C,MERGED_INTO
VN_ADMIN_PRE_2025,VNAP25-4854735F5F,VN_ADMIN_2025,VNA25-B60564266E,MERGED_INTO
VN_ADMIN_PRE_2025,VNAP25-96228B7955,VN_ADMIN_2025,VNA25-A05EA29A50,MERGED_INTO
VN_ADMIN_PRE_2025,VNAP25-EED2202AAF,VN_ADMIN_2025,VNA25-B60564266E,MERGED_INTO
VN_ADMIN_PRE_2025,VNAP25-B0F32F4E2D,VN_ADMIN_2025,VNA25-C354196D72,MERGED_INTO
VN_ADMIN_PRE_2025,VNAP25-4EB64EC3E2,VN_ADMIN_2025,VNA25-96E62461AB,MERGED_INTO
VN_ADMIN_PRE_2025,VNAP25-372E07E95A,VN_ADMIN_2025,VNA25-B60564266E,MERGED_INTO
VN_ADMIN_PRE_2025,VNAP25-5F38585D3E,VN_ADMIN_2025,VNA25-96E62461AB,MERGED_INTO
VN_ADMIN_PRE_2025,VNAP25-104EF1D880,VN_ADMIN_2025,VNA25-C354196D72,MERGED_INTO
VN_ADMIN_PRE_2025,VNAP25-99F4DA4848,VN_ADMIN_2025,VNA25-96E62461AB,MERGED_INTO
VN_ADMIN_PRE_2025,VNAP25-6C0E7BBB70,VN_ADMIN_2025,VNA25-C354196D72,MERGED_INTO
VN_ADMIN_PRE_2025,VNAP25-EBD64FB54F,VN_ADMIN_2025,VNA25-96E62461AB,MERGED_INTO
VN_ADMIN_PRE_2025,VNAP25-AB9438EC7B,VN_ADMIN_2025,VNA25-B60564266E,MERGED_INTO
VN_ADMIN_PRE_2025,VNAP25-DD5375F8E9,VN_ADMIN_2025,VNA25-96E62461AB,MERGED_INTO
VN_ADMIN_PRE_2025,VNAP25-ED227CC554,VN_ADMIN_2025,VNA25-A53C889C82,MERGED_INTO
VN_ADMIN_PRE_2025,VNAP25-5371737E4C,VN_ADMIN_2025,VNA25-A53C889C82,MERGED_INTO
VN_ADMIN_PRE_2025,VNAP25-8630AA0D50,VN_ADMIN_2025,VNA25-1ABB3DDC3D,MERGED_INTO
VN_ADMIN_PRE_2025,VNAP25-40CAB0FD9E,VN_ADMIN_2025,VNA25-9D8D48E754,MERGED_INTO
VN_ADMIN_PRE_2025,VNAP25-8CE18BE256,VN_ADMIN_2025,VNA25-9D8D48E754,MERGED_INTO
VN_ADMIN_PRE_2025,VNAP25-AA1855F0F0,VN_ADMIN_2025,VNA25-1ABB3DDC3D,MERGED_INTO
VN_ADMIN_PRE_2025,VNAP25-0B46A250FE,VN_ADMIN_2025,VNA25-A53C889C82,MERGED_INTO
VN_ADMIN_PRE_2025,VNAP25-7233AB1A93,VN_ADMIN_2025,VNA25-A53C889C82,MERGED_INTO
VN_ADMIN_PRE_2025,VNAP25-52A0C6176B,VN_ADMIN_2025,VNA25-1ABB3DDC3D,MERGED_INTO
VN_ADMIN_PRE_2025,VNAP25-3A54761C97,VN_ADMIN_2025,VNA25-99DA2410D4,MERGED_INTO
VN_ADMIN_PRE_2025,VNAP25-B0C69658C1,VN_ADMIN_2025,VNA25-E858B03853,MERGED_INTO
VN_ADMIN_PRE_2025,VNAP25-9BCF93465B,VN_ADMIN_2025,VNA25-A7922A2CA7,MERGED_INTO
VN_ADMIN_PRE_2025,VNAP25-2C3B6DD7C7,VN_ADMIN_2025,VNA25-7AA7AACE62,MERGED_INTO
VN_ADMIN_PRE_2025,VNAP25-B72C06FB9D,VN_ADMIN_2025,VNA25-A7922A2CA7,MERGED_INTO
VN_ADMIN_PRE_2025,VNAP25-777456E16A,VN_ADMIN_2025,VNA25-7AA7AACE62,MERGED_INTO
VN_ADMIN_PRE_2025,VNAP25-E6949B13AB,VN_ADMIN_2025,VNA25-E858B03853,MERGED_INTO
VN_ADMIN_PRE_2025,VNAP25-958F05AE01,VN_ADMIN_2025,VNA25-131160028B,MERGED_INTO
VN_ADMIN_PRE_2025,VNAP25-D5786E1669,VN_ADMIN_2025,VNA25-CD1A28424D,MERGED_INTO
VN_ADMIN_PRE_2025,VNAP25-F0DBC1B1E1,VN_ADMIN_2025,VNA25-D9F401A3A9,MERGED_INTO
VN_ADMIN_PRE_2025,VNAP25-155877BFDC,VN_ADMIN_2025,VNA25-131160028B,MERGED_INTO
VN_ADMIN_PRE_2025,VNAP25-82506B5438,VN_ADMIN_2025,VNA25-CD1A28424D,MERGED_INTO
VN_ADMIN_PRE_2025,VNAP25-CBA71A004F,VN_ADMIN_2025,VNA25-7AA7AACE62,MERGED_INTO
VN_ADMIN_PRE_2025,VNAP25-F6B85DBAC0,VN_ADMIN_2025,VNA25-CD1A28424D,MERGED_INTO
VN_ADMIN_PRE_2025,VNAP25-92BE318074,VN_ADMIN_2025,VNA25-131160028B,MERGED_INTO
VN_ADMIN_PRE_2025,VNAP25-2764714AA2,VN_ADMIN_2025,VNA25-7AA7AACE62,MERGED_INTO
VN_ADMIN_PRE_2025,VNAP25-4ECDD19186,VN_ADMIN_2025,VNA25-CD1A28424D,MERGED_INTO
VN_ADMIN_PRE_2025,VNAP25-7D4FD169F5,VN_ADMIN_2025,VNA25-131160028B,MERGED_INTO
VN_ADMIN_PRE_2025,VNAP25-86375F4C4F,VN_ADMIN_2025,VNA25-2DC47D980A,MERGED_INTO
VN_ADMIN_PRE_2025,VNAP25-B4C870C9EF,VN_ADMIN_2025,VNA25-1A0BB3C8DD,MERGED_INTO
VN_ADMIN_PRE_2025,VNAP25-310C79B30C,VN_ADMIN_2025,VNA25-28F67D03A3,SAME_AS
VN_ADMIN_PRE_2025,VNAP25-F683B8424B,VN_ADMIN_2025,VNA25-5268A5348F,MERGED_INTO
VN_ADMIN_PRE_2025,VNAP25-2B7ED34448,VN_ADMIN_2025,VNA25-2DC47D980A,MERGED_INTO
VN_ADMIN_PRE_2025,VNAP25-F233454F06,VN_ADMIN_2025,VNA25-2DC47D980A,MERGED_INTO
VN_ADMIN_PRE_2025,VNAP25-6C4C0FF1C1,VN_ADMIN_2025,VNA25-C2D8340B89,MERGED_INTO
VN_ADMIN_PRE_2025,VNAP25-0E953D1A4C,VN_ADMIN_2025,VNA25-1A0BB3C8DD,MERGED_INTO
VN_ADMIN_PRE_2025,VNAP25-F932BCD257,VN_ADMIN_2025,VNA25-1A0BB3C8DD,MERGED_INTO
VN_ADMIN_PRE_2025,VNAP25-05CF909E93,VN_ADMIN_2025,VNA25-5268A5348F,MERGED_INTO
VN_ADMIN_PRE_2025,VNAP25-B691A6E3C8,VN_ADMIN_2025,VNA25-A78BAF65AA,MERGED_INTO
VN_ADMIN_PRE_2025,VNAP25-5DE0BA8C72,VN_ADMIN_2025,VNA25-451D666113,MERGED_INTO
VN_ADMIN_PRE_2025,VNAP25-FA6447385C,VN_ADMIN_2025,VNA25-CD14C546EC,MERGED_INTO
VN_ADMIN_PRE_2025,VNAP25-56AAB11AE1,VN_ADMIN_2025,VNA25-4971934F3D,MERGED_INTO
VN_ADMIN_PRE_2025,VNAP25-257DA30295,VN_ADMIN_2025,VNA25-451D666113,MERGED_INTO
VN_ADMIN_PRE_2025,VNAP25-47F67CE74B,VN_ADMIN_2025,VNA25-9F5B9C8605,MERGED_INTO
VN_ADMIN_PRE_2025,VNAP25-C83A0187CF,VN_ADMIN_2025,VNA25-A78BAF65AA,MERGED_INTO
VN_ADMIN_PRE_2025,VNAP25-3F9DB0673C,VN_ADMIN_2025,VNA25-451D666113,MERGED_INTO
VN_ADMIN_PRE_2025,VNAP25-7670780181,VN_ADMIN_2025,VNA25-351378100A,MERGED_INTO
VN_ADMIN_PRE_2025,VNAP25-7E5116012C,VN_ADMIN_2025,VNA25-351378100A,MERGED_INTO
VN_ADMIN_PRE_2025,VNAP25-1B042805C2,VN_ADMIN_2025,VNA25-CD14C546EC,MERGED_INTO
VN_ADMIN_PRE_2025,VNAP25-FF58B9F26D,VN_ADMIN_2025,VNA25-351378100A,MERGED_INTO
VN_ADMIN_PRE_2025,VNAP25-F98D4CCFB4,VN_ADMIN_2025,VNA25-4971934F3D,MERGED_INTO
VN_ADMIN_PRE_2025,VNAP25-482CFAD92E,VN_ADMIN_2025,VNA25-451D666113,MERGED_INTO
VN_ADMIN_PRE_2025,VNAP25-B3BCF2A31F,VN_ADMIN_2025,VNA25-451D666113,MERGED_INTO
VN_ADMIN_PRE_2025,VNAP25-E2CB92BC9F,VN_ADMIN_2025,VNA25-2715E07DCC,MERGED_INTO
VN_ADMIN_PRE_2025,VNAP25-85A722C8AC,VN_ADMIN_2025,VNA25-2715E07DCC,MERGED_INTO
VN_ADMIN_PRE_2025,VNAP25-066989181D,VN_ADMIN_2025,VNA25-2715E07DCC,MERGED_INTO
VN_ADMIN_PRE_2025,VNAP25-2247F3C799,VN_ADMIN_2025,VNA25-2715E07DCC,MERGED_INTO
VN_ADMIN_PRE_2025,VNAP25-17E0F87D40,VN_ADMIN_2025,VNA25-2715E07DCC,MERGED_INTO
VN_ADMIN_PRE_2025,VNAP25-3BD44E4BFA,VN_ADMIN_2025,VNA25-2715E07DCC,MERGED_INTO
VN_ADMIN_PRE_2025,VNAP25-BFB9EA89D0,VN_ADMIN_2025,VNA25-88101039E7,MERGED_INTO
VN_ADMIN_PRE_2025,VNAP25-D3B5E02AE9,VN_ADMIN_2025,VNA25-56FDB61C5F,MERGED_INTO
VN_ADMIN_PRE_2025,VNAP25-3F932763C7,VN_ADMIN_2025,VNA25-88101039E7,MERGED_INTO
VN_ADMIN_PRE_2025,VNAP25-2401697BD3,VN_ADMIN_2025,VNA25-56FDB61C5F,MERGED_INTO
VN_ADMIN_PRE_2025,VNAP25-C8E7555346,VN_ADMIN_2025,VNA25-2715E07DCC,MERGED_INTO
VN_ADMIN_PRE_2025,VNAP25-F8402321DF,VN_ADMIN_2025,VNA25-2715E07DCC,MERGED_INTO
VN_ADMIN_PRE_2025,VNAP25-1AF7B62836,VN_ADMIN_2025,VNA25-2715E07DCC,MERGED_INTO
VN_ADMIN_PRE_2025,VNAP25-91F42DE457,VN_ADMIN_2025,VNA25-56FDB61C5F,MERGED_INTO
VN_ADMIN_PRE_2025,VNAP25-A0CB298406,VN_ADMIN_2025,VNA25-C5BF36EFDB,MERGED_INTO
VN_ADMIN_PRE_2025,VNAP25-B8AA00B5E1,VN_ADMIN_2025,VNA25-68AFA96CDA,MERGED_INTO
VN_ADMIN_PRE_2025,VNAP25-6D9D73AE5B,VN_ADMIN_2025,VNA25-68AFA96CDA,MERGED_INTO
VN_ADMIN_PRE_2025,VNAP25-8C65EB4879,VN_ADMIN_2025,VNA25-70AEF924DB,MERGED_INTO
VN_ADMIN_PRE_2025,VNAP25-F708C1D942,VN_ADMIN_2025,VNA25-F051FC11D9,MERGED_INTO
VN_ADMIN_PRE_2025,VNAP25-A729ABEF7D,VN_ADMIN_2025,VNA25-70AEF924DB,MERGED_INTO
VN_ADMIN_PRE_2025,VNAP25-0393EBF9EF,VN_ADMIN_2025,VNA25-A99BB70017,MERGED_INTO
VN_ADMIN_PRE_2025,VNAP25-9C0E4C2E79,VN_ADMIN_2025,VNA25-70AEF924DB,MERGED_INTO
VN_ADMIN_PRE_2025,VNAP25-D5115041DF,VN_ADMIN_2025,VNA25-A99BB70017,MERGED_INTO
VN_ADMIN_PRE_2025,VNAP25-F6347A9487,VN_ADMIN_2025,VNA25-A99BB70017,MERGED_INTO
VN_ADMIN_PRE_2025,VNAP25-36984001DA,VN_ADMIN_2025,VNA25-A99BB70017,MERGED_INTO
VN_ADMIN_PRE_2025,VNAP25-F45B746086,VN_ADMIN_2025,VNA25-56FDB61C5F,MERGED_INTO
VN_ADMIN_PRE_2025,VNAP25-0C983ADD70,VN_ADMIN_2025,VNA25-F051FC11D9,MERGED_INTO
VN_ADMIN_PRE_2025,VNAP25-F9F04D507E,VN_ADMIN_2025,VNA25-2009604FE6,MERGED_INTO
VN_ADMIN_PRE_2025,VNAP25-36D1A6272A,VN_ADMIN_2025,VNA25-C5BF36EFDB,MERGED_INTO
VN_ADMIN_PRE_2025,VNAP25-BC01C8D9DA,VN_ADMIN_2025,VNA25-68AFA96CDA,MERGED_INTO
VN_ADMIN_PRE_2025,VNAP25-409F325739,VN_ADMIN_2025,VNA25-88101039E7,MERGED_INTO
VN_ADMIN_PRE_2025,VNAP25-4BF07D4C4F,VN_ADMIN_2025,VNA25-B8B4706854,MERGED_INTO
VN_ADMIN_PRE_2025,VNAP25-2F8DEAB484,VN_ADMIN_2025,VNA25-D3AE357CA7,MERGED_INTO
VN_ADMIN_PRE_2025,VNAP25-915EC7715D,VN_ADMIN_2025,VNA25-B8B4706854,MERGED_INTO
VN_ADMIN_PRE_2025,VNAP25-DDBB3C49BD,VN_ADMIN_2025,VNA25-B8B4706854,MERGED_INTO
VN_ADMIN_PRE_2025,VNAP25-B285CC67F4,VN_ADMIN_2025,VNA25-B8B4706854,MERGED_INTO
VN_ADMIN_PRE_2025,VNAP25-E88C774DC9,VN_ADMIN_2025,VNA25-D3AE357CA7,MERGED_INTO
VN_ADMIN_PRE_2025,VNAP25-C0E9763A82,VN_ADMIN_2025,VNA25-B8B4706854,MERGED_INTO
VN_ADMIN_PRE_2025,VNAP25-D8C9859384,VN_ADMIN_2025,VNA25-958BF5FD92,MERGED_INTO
VN_ADMIN_PRE_2025,VNAP25-5F2F15CEE1,VN_ADMIN_2025,VNA25-958BF5FD92,MERGED_INTO
VN_ADMIN_PRE_2025,VNAP25-7E9157284B,VN_ADMIN_2025,VNA25-D3AE357CA7,MERGED_INTO
VN_ADMIN_PRE_2025,VNAP25-617465F60D,VN_ADMIN_2025,VNA25-958BF5FD92,MERGED_INTO
VN_ADMIN_PRE_2025,VNAP25-802D5C1A94,VN_ADMIN_2025,VNA25-958BF5FD92,MERGED_INTO
VN_ADMIN_PRE_2025,VNAP25-A8D491F79F,VN_ADMIN_2025,VNA25-1A0425E738,MERGED_INTO
VN_ADMIN_PRE_2025,VNAP25-963B4F6F46,VN_ADMIN_2025,VNA25-1A0425E738,MERGED_INTO
VN_ADMIN_PRE_2025,VNAP25-3DCC97F2F4,VN_ADMIN_2025,VNA25-0558D4B759,MERGED_INTO
VN_ADMIN_PRE_2025,VNAP25-F07EF2B379,VN_ADMIN_2025,VNA25-1A0425E738,MERGED_INTO
VN_ADMIN_PRE_2025,VNAP25-9DD70271DE,VN_ADMIN_2025,VNA25-2EC08552D4,MERGED_INTO
VN_ADMIN_PRE_2025,VNAP25-82D871B7E4,VN_ADMIN_2025,VNA25-2EC08552D4,MERGED_INTO
VN_ADMIN_PRE_2025,VNAP25-3AA37443AF,VN_ADMIN_2025,VNA25-2EC08552D4,MERGED_INTO
VN_ADMIN_PRE_2025,VNAP25-DED75F7E95,VN_ADMIN_2025,VNA25-3D7D60EB69,MERGED_INTO
VN_ADMIN_PRE_2025,VNAP25-20EC477DA3,VN_ADMIN_2025,VNA25-3D7D60EB69,MERGED_INTO
VN_ADMIN_PRE_2025,VNAP25-35B4C0E1F1,VN_ADMIN_2025,VNA25-316D38299B,MERGED_INTO
VN_ADMIN_PRE_2025,VNAP25-5B7C963068,VN_ADMIN_2025,VNA25-316D38299B,MERGED_INTO
VN_ADMIN_PRE_2025,VNAP25-EEF14F317D,VN_ADMIN_2025,VNA25-316D38299B,SPLIT_INTO
VN_ADMIN_PRE_2025,VNAP25-EEF14F317D,VN_ADMIN_2025,VNA25-8AF8445BCB,SPLIT_INTO
VN_ADMIN_PRE_2025,VNAP25-4270BA7319,VN_ADMIN_2025,VNA25-0558D4B759,MERGED_INTO
VN_ADMIN_PRE_2025,VNAP25-93EFC47698,VN_ADMIN_2025,VNA25-F955CF9911,MERGED_INTO
VN_ADMIN_PRE_2025,VNAP25-306780DF5C,VN_ADMIN_2025,VNA25-F955CF9911,MERGED_INTO
VN_ADMIN_PRE_2025,VNAP25-843D3CBE55,VN_ADMIN_2025,VNA25-0558D4B759,MERGED_INTO
VN_ADMIN_PRE_2025,VNAP25-DFAF2E757F,VN_ADMIN_2025,VNA25-F955CF9911,MERGED_INTO
VN_ADMIN_PRE_2025,VNAP25-1A949E26A7,VN_ADMIN_2025,VNA25-5C2A3E541B,MERGED_INTO
VN_ADMIN_PRE_2025,VNAP25-7EBD2FFD8B,VN_ADMIN_2025,VNA25-D8BC2FB606,MERGED_INTO
VN_ADMIN_PRE_2025,VNAP25-427067C63B,VN_ADMIN_2025,VNA25-A330DF1FC8,MERGED_INTO
VN_ADMIN_PRE_2025,VNAP25-FD83498874,VN_ADMIN_2025,VNA25-D8BC2FB606,MERGED_INTO
VN_ADMIN_PRE_2025,VNAP25-8DB34B69E3,VN_ADMIN_2025,VNA25-D8BC2FB606,MERGED_INTO
VN_ADMIN_PRE_2025,VNAP25-3A1CF7DA29,VN_ADMIN_2025,VNA25-D8BC2FB606,MERGED_INTO
VN_ADMIN_PRE_2025,VNAP25-2D769BB9BB,VN_ADMIN_2025,VNA25-5C2A3E541B,MERGED_INTO
VN_ADMIN_PRE_2025,VNAP25-EE17333F5C,VN_ADMIN_2025,VNA25-A330DF1FC8,MERGED_INTO
VN_ADMIN_PRE_2025,VNAP25-6B406A64F2,VN_ADMIN_2025,VNA25-5C2A3E541B,MERGED_INTO
VN_ADMIN_PRE_2025,VNAP25-0D13575F34,VN_ADMIN_2025,VNA25-43D0377C42,MERGED_INTO
VN_ADMIN_PRE_2025,VNAP25-5821E58926,VN_ADMIN_2025,VNA25-43D0377C42,MERGED_INTO
VN_ADMIN_PRE_2025,VNAP25-0781440E49,VN_ADMIN_2025,VNA25-5C2A3E541B,MERGED_INTO
VN_ADMIN_PRE_2025,VNAP25-E3451187F4,VN_ADMIN_2025,VNA25-B970FE5067,MERGED_INTO
VN_ADMIN_PRE_2025,VNAP25-C4019283E9,VN_ADMIN_2025,VNA25-B970FE5067,MERGED_INTO
VN_ADMIN_PRE_2025,VNAP25-54D2A8C5AD,VN_ADMIN_2025,VNA25-43D0377C42,MERGED_INTO
VN_ADMIN_PRE_2025,VNAP25-A6C261CF5F,VN_ADMIN_2025,VNA25-43D0377C42,MERGED_INTO
VN_ADMIN_PRE_2025,VNAP25-47E4D6D103,VN_ADMIN_2025,VNA25-62F221D282,MERGED_INTO
VN_ADMIN_PRE_2025,VNAP25-6211EC1474,VN_ADMIN_2025,VNA25-B970FE5067,MERGED_INTO
VN_ADMIN_PRE_2025,VNAP25-39BF2ECA13,VN_ADMIN_2025,VNA25-B36D0D501F,MERGED_INTO
VN_ADMIN_PRE_2025,VNAP25-E302EB9FAD,VN_ADMIN_2025,VNA25-B36D0D501F,MERGED_INTO
VN_ADMIN_PRE_2025,VNAP25-AB76C00BEF,VN_ADMIN_2025,VNA25-62F221D282,MERGED_INTO
VN_ADMIN_PRE_2025,VNAP25-B15A8EA259,VN_ADMIN_2025,VNA25-62F221D282,MERGED_INTO
VN_ADMIN_PRE_2025,VNAP25-6B9CD7B64C,VN_ADMIN_2025,VNA25-B36D0D501F,MERGED_INTO
VN_ADMIN_PRE_2025,VNAP25-AE5B0F9812,VN_ADMIN_2025,VNA25-62F221D282,MERGED_INTO
VN_ADMIN_PRE_2025,VNAP25-70D00DA43B,VN_ADMIN_2025,VNA25-B970FE5067,MERGED_INTO
VN_ADMIN_PRE_2025,VNAP25-518314A096,VN_ADMIN_2025,VNA25-6BE8DEE561,MERGED_INTO
VN_ADMIN_PRE_2025,VNAP25-28733B386E,VN_ADMIN_2025,VNA25-6BE8DEE561,MERGED_INTO
VN_ADMIN_PRE_2025,VNAP25-C47EE2EEAC,VN_ADMIN_2025,VNA25-6BE8DEE561,MERGED_INTO
VN_ADMIN_PRE_2025,VNAP25-C7CC1530E2,VN_ADMIN_2025,VNA25-6BE8DEE561,MERGED_INTO
VN_ADMIN_PRE_2025,VNAP25-ABF8D1DC71,VN_ADMIN_2025,VNA25-6BE8DEE561,MERGED_INTO
VN_ADMIN_PRE_2025,VNAP25-D03655EF2B,VN_ADMIN_2025,VNA25-6BE8DEE561,MERGED_INTO
VN_ADMIN_PRE_2025,VNAP25-DB8F111522,VN_ADMIN_2025,VNA25-A330DF1FC8,MERGED_INTO
VN_ADMIN_PRE_2025,VNAP25-DDC028F590,VN_ADMIN_2025,VNA25-6BE8DEE561,MERGED_INTO
VN_ADMIN_PRE_2025,VNAP25-C47987CF16,VN_ADMIN_2025,VNA25-6BE8DEE561,MERGED_INTO
VN_ADMIN_PRE_2025,VNAP25-69953CBB67,VN_ADMIN_2025,VNA25-9E2783E512,MERGED_INTO
VN_ADMIN_PRE_2025,VNAP25-2D25F9B249,VN_ADMIN_2025,VNA25-6C9B8DB077,MERGED_INTO
VN_ADMIN_PRE_2025,VNAP25-F868821549,VN_ADMIN_2025,VNA25-B5E0F163F3,MERGED_INTO
VN_ADMIN_PRE_2025,VNAP25-D11FE86D6C,VN_ADMIN_2025,VNA25-B5E0F163F3,MERGED_INTO
VN_ADMIN_PRE_2025,VNAP25-BAF0BC386C,VN_ADMIN_2025,VNA25-7B6AAFFC38,MERGED_INTO
VN_ADMIN_PRE_2025,VNAP25-2855A76FB3,VN_ADMIN_2025,VNA25-7B6AAFFC38,MERGED_INTO
VN_ADMIN_PRE_2025,VNAP25-77322E4654,VN_ADMIN_2025,VNA25-6C9B8DB077,MERGED_INTO
VN_ADMIN_PRE_2025,VNAP25-2F01CE9CCF,VN_ADMIN_2025,VNA25-5E1F4C47BD,MERGED_INTO
VN_ADMIN_PRE_2025,VNAP25-871534E99C,VN_ADMIN_2025,VNA25-9E2783E512,MERGED_INTO
VN_ADMIN_PRE_2025,VNAP25-7358E95845,VN_ADMIN_2025,VNA25-5E1F4C47BD,MERGED_INTO
VN_ADMIN_PRE_2025,VNAP25-2AC5A1312F,VN_ADMIN_2025,VNA25-7BAA577E83,MERGED_INTO
VN_ADMIN_PRE_2025,VNAP25-439E883FF9,VN_ADMIN_2025,VNA25-7BAA577E83,MERGED_INTO
VN_ADMIN_PRE_2025,VNAP25-DA7E08B8CD,VN_ADMIN_2025,VNA25-9DC0B3905B,MERGED_INTO
VN_ADMIN_PRE_2025,VNAP25-4AC2226192,VN_ADMIN_2025,VNA25-A9FFA9346D,MERGED_INTO
VN_ADMIN_PRE_2025,VNAP25-79CE433185,VN_ADMIN_2025,VNA25-A9FFA9346D,MERGED_INTO
VN_ADMIN_PRE_2025,VNAP25-97DE6F4620,VN_ADMIN_2025,VNA25-A9FFA9346D,MERGED_INTO
VN_ADMIN_PRE_2025,VNAP25-FD2971409C,VN_ADMIN_2025,VNA25-10B9897BC4,MERGED_INTO
VN_ADMIN_PRE_2025,VNAP25-CCE4CB90E5,VN_ADMIN_2025,VNA25-9DC0B3905B,MERGED_INTO
VN_ADMIN_PRE_2025,VNAP25-9B256DF8F2,VN_ADMIN_2025,VNA25-6F158D3DDB,MERGED_INTO
VN_ADMIN_PRE_2025,VNAP25-9FCC9986DB,VN_ADMIN_2025,VNA25-10B9897BC4,MERGED_INTO
VN_ADMIN_PRE_2025,VNAP25-97794D7EB5,VN_ADMIN_2025,VNA25-6F158D3DDB,MERGED_INTO
VN_ADMIN_PRE_2025,VNAP25-C5401755C9,VN_ADMIN_2025,VNA25-6C9B8DB077,MERGED_INTO
VN_ADMIN_PRE_2025,VNAP25-262D579FF2,VN_ADMIN_2025,VNA25-95BE6E6DC3,MERGED_INTO
VN_ADMIN_PRE_2025,VNAP25-78B23D7A6A,VN_ADMIN_2025,VNA25-95BE6E6DC3,MERGED_INTO
VN_ADMIN_PRE_2025,VNAP25-5476D44787,VN_ADMIN_2025,VNA25-F118430D42,MERGED_INTO
VN_ADMIN_PRE_2025,VNAP25-AE1F320A97,VN_ADMIN_2025,VNA25-8AF8445BCB,MERGED_INTO
VN_ADMIN_PRE_2025,VNAP25-3C677EF824,VN_ADMIN_2025,VNA25-8AF8445BCB,MERGED_INTO
VN_ADMIN_PRE_2025,VNAP25-581BF1A5E5,VN_ADMIN_2025,VNA25-8AF8445BCB,MERGED_INTO
VN_ADMIN_PRE_2025,VNAP25-B46AC95C0A,VN_ADMIN_2025,VNA25-8AF8445BCB,MERGED_INTO
VN_ADMIN_PRE_2025,VNAP25-280D3CCAC9,VN_ADMIN_2025,VNA25-D1BB72861E,MERGED_INTO
VN_ADMIN_PRE_2025,VNAP25-0FA46A2E80,VN_ADMIN_2025,VNA25-D1BB72861E,MERGED_INTO
VN_ADMIN_PRE_2025,VNAP25-F243CFFCCF,VN_ADMIN_2025,VNA25-8AF8445BCB,MERGED_INTO
VN_ADMIN_PRE_2025,VNAP25-35CFFC6218,VN_ADMIN_2025,VNA25-F118430D42,MERGED_INTO
VN_ADMIN_PRE_2025,VNAP25-EDC46D5B36,VN_ADMIN_2025,VNA25-D1BB72861E,MERGED_INTO
VN_ADMIN_PRE_2025,VNAP25-A964BD2D8E,VN_ADMIN_2025,VNA25-41AF88D2E8,MERGED_INTO
VN_ADMIN_PRE_2025,VNAP25-DF12D67DC8,VN_ADMIN_2025,VNA25-2009604FE6,MERGED_INTO
VN_ADMIN_PRE_2025,VNAP25-FB26AA8998,VN_ADMIN_2025,VNA25-7F43207215,MERGED_INTO
VN_ADMIN_PRE_2025,VNAP25-CAE51659D9,VN_ADMIN_2025,VNA25-FD09583532,MERGED_INTO
VN_ADMIN_PRE_2025,VNAP25-B975A7FA48,VN_ADMIN_2025,VNA25-FD09583532,MERGED_INTO
VN_ADMIN_PRE_2025,VNAP25-27FBC71965,VN_ADMIN_2025,VNA25-7F43207215,MERGED_INTO
VN_ADMIN_PRE_2025,VNAP25-7DF046F3B1,VN_ADMIN_2025,VNA25-FD09583532,MERGED_INTO
VN_ADMIN_PRE_2025,VNAP25-2170D3783D,VN_ADMIN_2025,VNA25-7F43207215,MERGED_INTO
VN_ADMIN_PRE_2025,VNAP25-6829A427CC,VN_ADMIN_2025,VNA25-2E8844FA7C,MERGED_INTO
VN_ADMIN_PRE_2025,VNAP25-2E82D3EECF,VN_ADMIN_2025,VNA25-41AF88D2E8,MERGED_INTO
VN_ADMIN_PRE_2025,VNAP25-86177546AB,VN_ADMIN_2025,VNA25-80D7D11B7C,MERGED_INTO
VN_ADMIN_PRE_2025,VNAP25-3317D39353,VN_ADMIN_2025,VNA25-2E8844FA7C,MERGED_INTO
VN_ADMIN_PRE_2025,VNAP25-C4A2DE5E6E,VN_ADMIN_2025,VNA25-80D7D11B7C,MERGED_INTO
VN_ADMIN_PRE_2025,VNAP25-D6E2D113B7,VN_ADMIN_2025,VNA25-9C07C3C785,MERGED_INTO
VN_ADMIN_PRE_2025,VNAP25-AE474ABA9C,VN_ADMIN_2025,VNA25-2E5BCDD2D1,MERGED_INTO
VN_ADMIN_PRE_2025,VNAP25-9FAB663A18,VN_ADMIN_2025,VNA25-2E5BCDD2D1,MERGED_INTO
VN_ADMIN_PRE_2025,VNAP25-421DB24F51,VN_ADMIN_2025,VNA25-2E5BCDD2D1,MERGED_INTO
VN_ADMIN_PRE_2025,VNAP25-095D6CDD03,VN_ADMIN_2025,VNA25-4C7470B4E9,MERGED_INTO
VN_ADMIN_PRE_2025,VNAP25-06B7CB61D5,VN_ADMIN_2025,VNA25-2E5BCDD2D1,MERGED_INTO
VN_ADMIN_PRE_2025,VNAP25-79A761C736,VN_ADMIN_2025,VNA25-4C7470B4E9,MERGED_INTO
VN_ADMIN_PRE_2025,VNAP25-39851AFE06,VN_ADMIN_2025,VNA25-2E5BCDD2D1,MERGED_INTO
VN_ADMIN_PRE_2025,VNAP25-7D3A2B9EF9,VN_ADMIN_2025,VNA25-2E5BCDD2D1,MERGED_INTO
VN_ADMIN_PRE_2025,VNAP25-E3987D1A0D,VN_ADMIN_2025,VNA25-4C7470B4E9,MERGED_INTO
VN_ADMIN_PRE_2025,VNAP25-DE473272F6,VN_ADMIN_2025,VNA25-4C7470B4E9,MERGED_INTO
VN_ADMIN_PRE_2025,VNAP25-42B175AA68,VN_ADMIN_2025,VNA25-5C8AEF4CCB,MERGED_INTO
VN_ADMIN_PRE_2025,VNAP25-512837FE79,VN_ADMIN_2025,VNA25-7CD0DA2167,MERGED_INTO
VN_ADMIN_PRE_2025,VNAP25-58597D451A,VN_ADMIN_2025,VNA25-5C8AEF4CCB,MERGED_INTO
VN_ADMIN_PRE_2025,VNAP25-8A1D80C1AC,VN_ADMIN_2025,VNA25-5C8AEF4CCB,MERGED_INTO
VN_ADMIN_PRE_2025,VNAP25-80D15EF71B,VN_ADMIN_2025,VNA25-7CD0DA2167,MERGED_INTO
VN_ADMIN_PRE_2025,VNAP25-CBDC14B630,VN_ADMIN_2025,VNA25-0D7C1C38C0,MERGED_INTO
VN_ADMIN_PRE_2025,VNAP25-CCD51DF235,VN_ADMIN_2025,VNA25-0D7C1C38C0,MERGED_INTO
VN_ADMIN_PRE_2025,VNAP25-697968B411,VN_ADMIN_2025,VNA25-5C8AEF4CCB,MERGED_INTO
VN_ADMIN_PRE_2025,VNAP25-B803DCF2B7,VN_ADMIN_2025,VNA25-746EA7329E,MERGED_INTO
VN_ADMIN_PRE_2025,VNAP25-5FE41AF769,VN_ADMIN_2025,VNA25-EFBEC54836,MERGED_INTO
VN_ADMIN_PRE_2025,VNAP25-1600C7A8A5,VN_ADMIN_2025,VNA25-EFBEC54836,MERGED_INTO
VN_ADMIN_PRE_2025,VNAP25-52C86966F2,VN_ADMIN_2025,VNA25-94CEFD9FBA,MERGED_INTO
VN_ADMIN_PRE_2025,VNAP25-1490242CD5,VN_ADMIN_2025,VNA25-0C6815B5D8,MERGED_INTO
VN_ADMIN_PRE_2025,VNAP25-DBB23690D0,VN_ADMIN_2025,VNA25-EFBEC54836,MERGED_INTO
VN_ADMIN_PRE_2025,VNAP25-17E60A27A0,VN_ADMIN_2025,VNA25-123E80D486,MERGED_INTO
VN_ADMIN_PRE_2025,VNAP25-B2B573799D,VN_ADMIN_2025,VNA25-123E80D486,MERGED_INTO
VN_ADMIN_PRE_2025,VNAP25-815782C589,VN_ADMIN_2025,VNA25-123E80D486,MERGED_INTO
VN_ADMIN_PRE_2025,VNAP25-81D866A00E,VN_ADMIN_2025,VNA25-0C6815B5D8,MERGED_INTO
VN_ADMIN_PRE_2025,VNAP25-5D3CEF7BFB,VN_ADMIN_2025,VNA25-0C6815B5D8,MERGED_INTO
VN_ADMIN_PRE_2025,VNAP25-39A9063A43,VN_ADMIN_2025,VNA25-94CEFD9FBA,MERGED_INTO
VN_ADMIN_PRE_2025,VNAP25-DA5FD1269B,VN_ADMIN_2025,VNA25-746EA7329E,MERGED_INTO
VN_ADMIN_PRE_2025,VNAP25-5C8F0D911F,VN_ADMIN_2025,VNA25-94CEFD9FBA,MERGED_INTO
VN_ADMIN_PRE_2025,VNAP25-CE1FA60DF3,VN_ADMIN_2025,VNA25-E787764693,MERGED_INTO
VN_ADMIN_PRE_2025,VNAP25-EB2252D16B,VN_ADMIN_2025,VNA25-E787764693,MERGED_INTO
VN_ADMIN_PRE_2025,VNAP25-015D8A3DF8,VN_ADMIN_2025,VNA25-311665C405,MERGED_INTO
VN_ADMIN_PRE_2025,VNAP25-A86828D22F,VN_ADMIN_2025,VNA25-43218E58D8,MERGED_INTO
VN_ADMIN_PRE_2025,VNAP25-B87D973FF1,VN_ADMIN_2025,VNA25-43218E58D8,MERGED_INTO
VN_ADMIN_PRE_2025,VNAP25-DE98DB0865,VN_ADMIN_2025,VNA25-43812FCDA4,MERGED_INTO
VN_ADMIN_PRE_2025,VNAP25-145E3AD644,VN_ADMIN_2025,VNA25-311665C405,MERGED_INTO
VN_ADMIN_PRE_2025,VNAP25-FADA99983E,VN_ADMIN_2025,VNA25-C84EAD33A2,MERGED_INTO
VN_ADMIN_PRE_2025,VNAP25-76D6D60820,VN_ADMIN_2025,VNA25-311665C405,MERGED_INTO
VN_ADMIN_PRE_2025,VNAP25-F370D7C2D9,VN_ADMIN_2025,VNA25-784934DA94,MERGED_INTO
VN_ADMIN_PRE_2025,VNAP25-4655D107AD,VN_ADMIN_2025,VNA25-43812FCDA4,MERGED_INTO
VN_ADMIN_PRE_2025,VNAP25-A168F21115,VN_ADMIN_2025,VNA25-0B05AD6F9E,SAME_AS
VN_ADMIN_PRE_2025,VNAP25-2DC4F6E914,VN_ADMIN_2025,VNA25-43812FCDA4,MERGED_INTO
VN_ADMIN_PRE_2025,VNAP25-325E65A5C8,VN_ADMIN_2025,VNA25-311665C405,MERGED_INTO
VN_ADMIN_PRE_2025,VNAP25-1876644013,VN_ADMIN_2025,VNA25-C84EAD33A2,MERGED_INTO
VN_ADMIN_PRE_2025,VNAP25-5895282D8C,VN_ADMIN_2025,VNA25-784934DA94,MERGED_INTO
VN_ADMIN_PRE_2025,VNAP25-C8FD36D0F8,VN_ADMIN_2025,VNA25-2583B6B4DE,SAME_AS
VN_ADMIN_PRE_2025,VNAP25-3870F8F104,VN_ADMIN_2025,VNA25-43218E58D8,MERGED_INTO
VN_ADMIN_PRE_2025,VNAP25-A1688AF025,VN_ADMIN_2025,VNA25-C84EAD33A2,MERGED_INTO
VN_ADMIN_PRE_2025,VNAP25-D4CAAB9504,VN_ADMIN_2025,VNA25-E787764693,MERGED_INTO
VN_ADMIN_PRE_2025,VNAP25-FE5F3D511A,VN_ADMIN_2025,VNA25-644134B966,MERGED_INTO
VN_ADMIN_PRE_2025,VNAP25-FBC4C0408C,VN_ADMIN_2025,VNA25-EDA144819B,MERGED_INTO
VN_ADMIN_PRE_2025,VNAP25-9DB250E5A2,VN_ADMIN_2025,VNA25-FFBD7CD420,MERGED_INTO
VN_ADMIN_PRE_2025,VNAP25-0C2DA28773,VN_ADMIN_2025,VNA25-A7DB6F7427,MERGED_INTO
VN_ADMIN_PRE_2025,VNAP25-951E4C709B,VN_ADMIN_2025,VNA25-FFBD7CD420,MERGED_INTO
VN_ADMIN_PRE_2025,VNAP25-0123F0706B,VN_ADMIN_2025,VNA25-EDA144819B,MERGED_INTO
VN_ADMIN_PRE_2025,VNAP25-5F07EE086D,VN_ADMIN_2025,VNA25-644134B966,MERGED_INTO
VN_ADMIN_PRE_2025,VNAP25-9BC73079FC,VN_ADMIN_2025,VNA25-FFBD7CD420,MERGED_INTO
VN_ADMIN_PRE_2025,VNAP25-1D37C54F09,VN_ADMIN_2025,VNA25-644134B966,MERGED_INTO
VN_ADMIN_PRE_2025,VNAP25-A6241FA388,VN_ADMIN_2025,VNA25-6E2434CF8C,MERGED_INTO
VN_ADMIN_PRE_2025,VNAP25-445A70133F,VN_ADMIN_2025,VNA25-6E2434CF8C,MERGED_INTO
VN_ADMIN_PRE_2025,VNAP25-92C59EDF62,VN_ADMIN_2025,VNA25-3892C06818,MERGED_INTO
VN_ADMIN_PRE_2025,VNAP25-BC976BA806,VN_ADMIN_2025,VNA25-3892C06818,MERGED_INTO
VN_ADMIN_PRE_2025,VNAP25-7849A232F7,VN_ADMIN_2025,VNA25-3892C06818,MERGED_INTO
VN_ADMIN_PRE_2025,VNAP25-971157A8EE,VN_ADMIN_2025,VNA25-BA9A4F84B0,MERGED_INTO
VN_ADMIN_PRE_2025,VNAP25-F16D64761A,VN_ADMIN_2025,VNA25-BA9A4F84B0,MERGED_INTO
VN_ADMIN_PRE_2025,VNAP25-00F1EF0715,VN_ADMIN_2025,VNA25-FFBD7CD420,MERGED_INTO
VN_ADMIN_PRE_2025,VNAP25-9C372A4E92,VN_ADMIN_2025,VNA25-BA9A4F84B0,MERGED_INTO
VN_ADMIN_PRE_2025,VNAP25-433FD8F179,VN_ADMIN_2025,VNA25-BA9A4F84B0,MERGED_INTO
VN_ADMIN_PRE_2025,VNAP25-564349B764,VN_ADMIN_2025,VNA25-A7DB6F7427,MERGED_INTO
VN_ADMIN_PRE_2025,VNAP25-2F01A9FBE8,VN_ADMIN_2025,VNA25-A7DB6F7427,MERGED_INTO
VN_ADMIN_PRE_2025,VNAP25-A6C6A6CB1E,VN_ADMIN_2025,VNA25-BA9A4F84B0,MERGED_INTO
VN_ADMIN_PRE_2025,VNAP25-471C0531BF,VN_ADMIN_2025,VNA25-3892C06818,MERGED_INTO
VN_ADMIN_PRE_2025,VNAP25-78387DC912,VN_ADMIN_2025,VNA25-6E2434CF8C,MERGED_INTO
VN_ADMIN_PRE_2025,VNAP25-3844E6F8D8,VN_ADMIN_2025,VNA25-808FB370FE,MERGED_INTO
VN_ADMIN_PRE_2025,VNAP25-EAB618B1E0,VN_ADMIN_2025,VNA25-73F86646E4,MERGED_INTO
VN_ADMIN_PRE_2025,VNAP25-6F8C8295F7,VN_ADMIN_2025,VNA25-E6B2C33C24,MERGED_INTO
VN_ADMIN_PRE_2025,VNAP25-1711F8C6F3,VN_ADMIN_2025,VNA25-B75D33512F,MERGED_INTO
VN_ADMIN_PRE_2025,VNAP25-1E9527CB24,VN_ADMIN_2025,VNA25-73F86646E4,MERGED_INTO
VN_ADMIN_PRE_2025,VNAP25-CE4F770A09,VN_ADMIN_2025,VNA25-E6B2C33C24,MERGED_INTO
VN_ADMIN_PRE_2025,VNAP25-62F66F503D,VN_ADMIN_2025,VNA25-746EA7329E,MERGED_INTO
VN_ADMIN_PRE_2025,VNAP25-98767C5B2B,VN_ADMIN_2025,VNA25-B75D33512F,MERGED_INTO
VN_ADMIN_PRE_2025,VNAP25-FE7FDFF07B,VN_ADMIN_2025,VNA25-335186D867,MERGED_INTO
VN_ADMIN_PRE_2025,VNAP25-DF10574EEF,VN_ADMIN_2025,VNA25-956CC1F6A2,MERGED_INTO
VN_ADMIN_PRE_2025,VNAP25-70CC24D6A6,VN_ADMIN_2025,VNA25-808FB370FE,MERGED_INTO
VN_ADMIN_PRE_2025,VNAP25-1D5D4A704B,VN_ADMIN_2025,VNA25-808FB370FE,MERGED_INTO
VN_ADMIN_PRE_2025,VNAP25-533014ACE4,VN_ADMIN_2025,VNA25-956CC1F6A2,MERGED_INTO
VN_ADMIN_PRE_2025,VNAP25-EB7B240999,VN_ADMIN_2025,VNA25-E6B2C33C24,MERGED_INTO
VN_ADMIN_PRE_2025,VNAP25-6F87CD6DA9,VN_ADMIN_2025,VNA25-E6B2C33C24,MERGED_INTO
VN_ADMIN_PRE_2025,VNAP25-ED293BC07B,VN_ADMIN_2025,VNA25-73F86646E4,MERGED_INTO
VN_ADMIN_PRE_2025,VNAP25-8954144E97,VN_ADMIN_2025,VNA25-956CC1F6A2,MERGED_INTO
VN_ADMIN_PRE_2025,VNAP25-E1544FA63A,VN_ADMIN_2025,VNA25-C4BBFBA43B,MERGED_INTO
VN_ADMIN_PRE_2025,VNAP25-BA25C2DDB2,VN_ADMIN_2025,VNA25-9C07C3C785,MERGED_INTO
VN_ADMIN_PRE_2025,VNAP25-0B334D53DA,VN_ADMIN_2025,VNA25-C4BBFBA43B,MERGED_INTO
VN_ADMIN_PRE_2025,VNAP25-5A7B4FA850,VN_ADMIN_2025,VNA25-C4BBFBA43B,MERGED_INTO
VN_ADMIN_PRE_2025,VNAP25-62CB03C63B,VN_ADMIN_2025,VNA25-D09BBFF47A,MERGED_INTO
VN_ADMIN_PRE_2025,VNAP25-18710DDBD1,VN_ADMIN_2025,VNA25-9C07C3C785,MERGED_INTO
VN_ADMIN_PRE_2025,VNAP25-43E80F6D62,VN_ADMIN_2025,VNA25-D09BBFF47A,MERGED_INTO
VN_ADMIN_PRE_2025,VNAP25-473D4CAB3B,VN_ADMIN_2025,VNA25-C4BBFBA43B,MERGED_INTO
VN_ADMIN_PRE_2025,VNAP25-988FE45A83,VN_ADMIN_2025,VNA25-A439E3499B,MERGED_INTO
VN_ADMIN_PRE_2025,VNAP25-4486795CA4,VN_ADMIN_2025,VNA25-4C48922C07,MERGED_INTO
VN_ADMIN_PRE_2025,VNAP25-0316468629,VN_ADMIN_2025,VNA25-5D62E196FE,MERGED_INTO
VN_ADMIN_PRE_2025,VNAP25-B9388E64FA,VN_ADMIN_2025,VNA25-9AFE294C47,SAME_AS
VN_ADMIN_PRE_2025,VNAP25-A59E79D6B2,VN_ADMIN_2025,VNA25-5D62E196FE,MERGED_INTO
VN_ADMIN_PRE_2025,VNAP25-862DE2E8E5,VN_ADMIN_2025,VNA25-4C48922C07,MERGED_INTO
VN_ADMIN_PRE_2025,VNAP25-48DC8DD4C1,VN_ADMIN_2025,VNA25-A439E3499B,MERGED_INTO
VN_ADMIN_PRE_2025,VNAP25-8493EF5894,VN_ADMIN_2025,VNA25-4C48922C07,MERGED_INTO
VN_ADMIN_PRE_2025,VNAP25-D5AF9DD326,VN_ADMIN_2025,VNA25-23F4E5760A,SAME_AS
VN_ADMIN_PRE_2025,VNAP25-B13AA86CA7,VN_ADMIN_2025,VNA25-1FD335A56E,SAME_AS
VN_ADMIN_PRE_2025,VNAP25-CC61F5AD16,VN_ADMIN_2025,VNA25-2BC667A4EC,MERGED_INTO
VN_ADMIN_PRE_2025,VNAP25-E051DC4F3D,VN_ADMIN_2025,VNA25-D9860FE11E,SAME_AS
VN_ADMIN_PRE_2025,VNAP25-6DFB71EB07,VN_ADMIN_2025,VNA25-A94DC6DD0A,MERGED_INTO
VN_ADMIN_PRE_2025,VNAP25-A78608842F,VN_ADMIN_2025,VNA25-2BC667A4EC,MERGED_INTO
VN_ADMIN_PRE_2025,VNAP25-149276E957,VN_ADMIN_2025,VNA25-A94DC6DD0A,MERGED_INTO
VN_ADMIN_PRE_2025,VNAP25-65298A3D9F,VN_ADMIN_2025,VNA25-2BC667A4EC,MERGED_INTO
VN_ADMIN_PRE_2025,VNAP25-159100AB86,VN_ADMIN_2025,VNA25-7BF1B85000,MERGED_INTO
VN_ADMIN_PRE_2025,VNAP25-C9A42D9CB8,VN_ADMIN_2025,VNA25-7BF1B85000,MERGED_INTO
VN_ADMIN_PRE_2025,VNAP25-770ACEECAB,VN_ADMIN_2025,VNA25-D2AD395817,SAME_AS
VN_ADMIN_PRE_2025,VNAP25-241A402208,VN_ADMIN_2025,VNA25-7AD35DD86E,MERGED_INTO
VN_ADMIN_PRE_2025,VNAP25-1B2328FC53,VN_ADMIN_2025,VNA25-A94DC6DD0A,MERGED_INTO
VN_ADMIN_PRE_2025,VNAP25-F2B440E0D5,VN_ADMIN_2025,VNA25-7BF1B85000,MERGED_INTO
VN_ADMIN_PRE_2025,VNAP25-7B28C8FFEC,VN_ADMIN_2025,VNA25-A94DC6DD0A,MERGED_INTO
VN_ADMIN_PRE_2025,VNAP25-C0B9DEB8FC,VN_ADMIN_2025,VNA25-4316D5029A,MERGED_INTO
VN_ADMIN_PRE_2025,VNAP25-FE1B147DBD,VN_ADMIN_2025,VNA25-DF7C857B53,MERGED_INTO
VN_ADMIN_PRE_2025,VNAP25-01DD3E362C,VN_ADMIN_2025,VNA25-4316D5029A,MERGED_INTO
VN_ADMIN_PRE_2025,VNAP25-1A6E1871D4,VN_ADMIN_2025,VNA25-4316D5029A,MERGED_INTO
VN_ADMIN_PRE_2025,VNAP25-B84CA2F602,VN_ADMIN_2025,VNA25-E6BE3B257B,MERGED_INTO
VN_ADMIN_PRE_2025,VNAP25-C26E323437,VN_ADMIN_2025,VNA25-E6BE3B257B,MERGED_INTO
VN_ADMIN_PRE_2025,VNAP25-FB6189FCA2,VN_ADMIN_2025,VNA25-4316D5029A,MERGED_INTO
VN_ADMIN_PRE_2025,VNAP25-3006EE064A,VN_ADMIN_2025,VNA25-E6BE3B257B,MERGED_INTO
VN_ADMIN_PRE_2025,VNAP25-9EE4948E70,VN_ADMIN_2025,VNA25-DF7C857B53,MERGED_INTO
VN_ADMIN_PRE_2025,VNAP25-2C8EDB0EFA,VN_ADMIN_2025,VNA25-C9CD07BD18,MERGED_INTO
VN_ADMIN_PRE_2025,VNAP25-7D5AED22FD,VN_ADMIN_2025,VNA25-9883933733,MERGED_INTO
VN_ADMIN_PRE_2025,VNAP25-A79B51B74A,VN_ADMIN_2025,VNA25-833C20D09C,MERGED_INTO
VN_ADMIN_PRE_2025,VNAP25-58A3788641,VN_ADMIN_2025,VNA25-9883933733,MERGED_INTO
VN_ADMIN_PRE_2025,VNAP25-12365361F4,VN_ADMIN_2025,VNA25-C9CD07BD18,MERGED_INTO
VN_ADMIN_PRE_2025,VNAP25-6116D9CC68,VN_ADMIN_2025,VNA25-23CA56A8DE,MERGED_INTO
VN_ADMIN_PRE_2025,VNAP25-6C4810B277,VN_ADMIN_2025,VNA25-833C20D09C,MERGED_INTO
VN_ADMIN_PRE_2025,VNAP25-29F1A4568C,VN_ADMIN_2025,VNA25-27B4B8B70F,SAME_AS
VN_ADMIN_PRE_2025,VNAP25-1C6B6AA742,VN_ADMIN_2025,VNA25-9883933733,MERGED_INTO
VN_ADMIN_PRE_2025,VNAP25-9BD65BA90D,VN_ADMIN_2025,VNA25-833C20D09C,MERGED_INTO
VN_ADMIN_PRE_2025,VNAP25-8F9000332D,VN_ADMIN_2025,VNA25-C608F32259,MERGED_INTO
VN_ADMIN_PRE_2025,VNAP25-05A30379B2,VN_ADMIN_2025,VNA25-C608F32259,MERGED_INTO
VN_ADMIN_PRE_2025,VNAP25-4921B3E6BB,VN_ADMIN_2025,VNA25-23CA56A8DE,MERGED_INTO
VN_ADMIN_PRE_2025,VNAP25-83B95DB75A,VN_ADMIN_2025,VNA25-F955C7EB01,MERGED_INTO
VN_ADMIN_PRE_2025,VNAP25-79187D7397,VN_ADMIN_2025,VNA25-5D70D4A922,MERGED_INTO
VN_ADMIN_PRE_2025,VNAP25-A091CE3900,VN_ADMIN_2025,VNA25-F955C7EB01,MERGED_INTO
VN_ADMIN_PRE_2025,VNAP25-D09A35F15B,VN_ADMIN_2025,VNA25-DC83FA39D1,MERGED_INTO
VN_ADMIN_PRE_2025,VNAP25-742889FC64,VN_ADMIN_2025,VNA25-0BBE669376,MERGED_INTO
VN_ADMIN_PRE_2025,VNAP25-77824C0448,VN_ADMIN_2025,VNA25-5D70D4A922,MERGED_INTO
VN_ADMIN_PRE_2025,VNAP25-3D410B8D33,VN_ADMIN_2025,VNA25-0BBE669376,MERGED_INTO
VN_ADMIN_PRE_2025,VNAP25-3C64AC4EEE,VN_ADMIN_2025,VNA25-646B5FB50E,MERGED_INTO
VN_ADMIN_PRE_2025,VNAP25-E0C12AE67E,VN_ADMIN_2025,VNA25-DC636BC722,MERGED_INTO
VN_ADMIN_PRE_2025,VNAP25-294CD66185,VN_ADMIN_2025,VNA25-646B5FB50E,MERGED_INTO
VN_ADMIN_PRE_2025,VNAP25-0755196B55,VN_ADMIN_2025,VNA25-DC83FA39D1,MERGED_INTO
VN_ADMIN_PRE_2025,VNAP25-3EBE22C279,VN_ADMIN_2025,VNA25-646B5FB50E,MERGED_INTO
VN_ADMIN_PRE_2025,VNAP25-CEE5A58744,VN_ADMIN_2025,VNA25-DC636BC722,MERGED_INTO
VN_ADMIN_PRE_2025,VNAP25-263CAF3443,VN_ADMIN_2025,VNA25-DC636BC722,MERGED_INTO
VN_ADMIN_PRE_2025,VNAP25-E3EE7116DC,VN_ADMIN_2025,VNA25-2A786CA338,MERGED_INTO
VN_ADMIN_PRE_2025,VNAP25-06DC419E25,VN_ADMIN_2025,VNA25-C04BF651AC,MERGED_INTO
VN_ADMIN_PRE_2025,VNAP25-36F170BAA1,VN_ADMIN_2025,VNA25-6794BBFCE1,MERGED_INTO
VN_ADMIN_PRE_2025,VNAP25-FEBC42F1CE,VN_ADMIN_2025,VNA25-C04BF651AC,MERGED_INTO
VN_ADMIN_PRE_2025,VNAP25-9DF6590F0D,VN_ADMIN_2025,VNA25-6794BBFCE1,MERGED_INTO
VN_ADMIN_PRE_2025,VNAP25-15FC2ABE23,VN_ADMIN_2025,VNA25-0B13A24053,MERGED_INTO
VN_ADMIN_PRE_2025,VNAP25-0B55A2B2AC,VN_ADMIN_2025,VNA25-6794BBFCE1,MERGED_INTO
VN_ADMIN_PRE_2025,VNAP25-FC4291F670,VN_ADMIN_2025,VNA25-0B13A24053,MERGED_INTO
VN_ADMIN_PRE_2025,VNAP25-47D50FC586,VN_ADMIN_2025,VNA25-C04BF651AC,MERGED_INTO
VN_ADMIN_PRE_2025,VNAP25-BF34D2DC02,VN_ADMIN_2025,VNA25-2A786CA338,MERGED_INTO
VN_ADMIN_PRE_2025,VNAP25-73493BE124,VN_ADMIN_2025,VNA25-0B13A24053,MERGED_INTO
VN_ADMIN_PRE_2025,VNAP25-D0C8C26B98,VN_ADMIN_2025,VNA25-6794BBFCE1,MERGED_INTO
VN_ADMIN_PRE_2025,VNAP25-099A08298F,VN_ADMIN_2025,VNA25-6794BBFCE1,MERGED_INTO
VN_ADMIN_PRE_2025,VNAP25-4ECFB1FA87,VN_ADMIN_2025,VNA25-2A786CA338,MERGED_INTO
VN_ADMIN_PRE_2025,VNAP25-D1FE6C758E,VN_ADMIN_2025,VNA25-B251067ED6,MERGED_INTO
VN_ADMIN_PRE_2025,VNAP25-A689786C16,VN_ADMIN_2025,VNA25-335186D867,MERGED_INTO
VN_ADMIN_PRE_2025,VNAP25-A02C65C97F,VN_ADMIN_2025,VNA25-B251067ED6,MERGED_INTO
VN_ADMIN_PRE_2025,VNAP25-C204E74660,VN_ADMIN_2025,VNA25-E449E4A85F,MERGED_INTO
VN_ADMIN_PRE_2025,VNAP25-C3422CFCF6,VN_ADMIN_2025,VNA25-44661E05BD,MERGED_INTO
VN_ADMIN_PRE_2025,VNAP25-65D5C1D9E1,VN_ADMIN_2025,VNA25-335186D867,MERGED_INTO
VN_ADMIN_PRE_2025,VNAP25-900865B144,VN_ADMIN_2025,VNA25-4C21D67BDA,MERGED_INTO
VN_ADMIN_PRE_2025,VNAP25-0D31F16A4C,VN_ADMIN_2025,VNA25-E449E4A85F,MERGED_INTO
VN_ADMIN_PRE_2025,VNAP25-07D17CC72B,VN_ADMIN_2025,VNA25-44661E05BD,MERGED_INTO
VN_ADMIN_PRE_2025,VNAP25-F914006532,VN_ADMIN_2025,VNA25-335186D867,MERGED_INTO
VN_ADMIN_PRE_2025,VNAP25-84F857A293,VN_ADMIN_2025,VNA25-4C21D67BDA,MERGED_INTO
VN_ADMIN_PRE_2025,VNAP25-D9C237E500,VN_ADMIN_2025,VNA25-4C21D67BDA,MERGED_INTO
VN_ADMIN_PRE_2025,VNAP25-B145D039A4,VN_ADMIN_2025,VNA25-4919009874,MERGED_INTO
VN_ADMIN_PRE_2025,VNAP25-9DB51334CA,VN_ADMIN_2025,VNA25-ED21153808,MERGED_INTO
VN_ADMIN_PRE_2025,VNAP25-F498F4670B,VN_ADMIN_2025,VNA25-4919009874,MERGED_INTO
VN_ADMIN_PRE_2025,VNAP25-CEFB170483,VN_ADMIN_2025,VNA25-4919009874,MERGED_INTO
VN_ADMIN_PRE_2025,VNAP25-2C26F3D7E5,VN_ADMIN_2025,VNA25-ED21153808,MERGED_INTO
VN_ADMIN_PRE_2025,VNAP25-3B41974364,VN_ADMIN_2025,VNA25-ED21153808,MERGED_INTO
VN_ADMIN_PRE_2025,VNAP25-4776189F50,VN_ADMIN_2025,VNA25-5AF03C8B48,MERGED_INTO
VN_ADMIN_PRE_2025,VNAP25-AE5D3A30A7,VN_ADMIN_2025,VNA25-5AF03C8B48,MERGED_INTO
VN_ADMIN_PRE_2025,VNAP25-1A24287E02,VN_ADMIN_2025,VNA25-5AF03C8B48,MERGED_INTO
VN_ADMIN_PRE_2025,VNAP25-D7FBEEB47A,VN_ADMIN_2025,VNA25-5AF03C8B48,MERGED_INTO
VN_ADMIN_PRE_2025,VNAP25-4F9AB8EB20,VN_ADMIN_2025,VNA25-8B59677BD5,MERGED_INTO
VN_ADMIN_PRE_2025,VNAP25-01AF628FEC,VN_ADMIN_2025,VNA25-746EA7329E,MERGED_INTO
VN_ADMIN_PRE_2025,VNAP25-E0F688D80E,VN_ADMIN_2025,VNA25-0E9C81D415,MERGED_INTO
VN_ADMIN_PRE_2025,VNAP25-AB8BA86D94,VN_ADMIN_2025,VNA25-8B59677BD5,MERGED_INTO
VN_ADMIN_PRE_2025,VNAP25-090D5C27F8,VN_ADMIN_2025,VNA25-651273B52D,MERGED_INTO
VN_ADMIN_PRE_2025,VNAP25-C68C37E6BC,VN_ADMIN_2025,VNA25-651273B52D,MERGED_INTO
VN_ADMIN_PRE_2025,VNAP25-893ABFDE45,VN_ADMIN_2025,VNA25-46E98C228E,MERGED_INTO
VN_ADMIN_PRE_2025,VNAP25-C692D62C04,VN_ADMIN_2025,VNA25-7AD35DD86E,MERGED_INTO
VN_ADMIN_PRE_2025,VNAP25-38D4674339,VN_ADMIN_2025,VNA25-F0A4F8BB83,MERGED_INTO
VN_ADMIN_PRE_2025,VNAP25-9A47D1DFAC,VN_ADMIN_2025,VNA25-0E9C81D415,MERGED_INTO
VN_ADMIN_PRE_2025,VNAP25-2D67B661AD,VN_ADMIN_2025,VNA25-F0A4F8BB83,MERGED_INTO
VN_ADMIN_PRE_2025,VNAP25-2911589826,VN_ADMIN_2025,VNA25-7AD35DD86E,MERGED_INTO
VN_ADMIN_PRE_2025,VNAP25-A6F29784B9,VN_ADMIN_2025,VNA25-651273B52D,MERGED_INTO
VN_ADMIN_PRE_2025,VNAP25-9A6470F56C,VN_ADMIN_2025,VNA25-F0A4F8BB83,MERGED_INTO
VN_ADMIN_PRE_2025,VNAP25-D9A66F80CA,VN_ADMIN_2025,VNA25-F0A4F8BB83,MERGED_INTO
VN_ADMIN_PRE_2025,VNAP25-8905B6C719,VN_ADMIN_2025,VNA25-8B59677BD5,MERGED_INTO
VN_ADMIN_PRE_2025,VNAP25-3BFF7807B9,VN_ADMIN_2025,VNA25-46E98C228E,MERGED_INTO
VN_ADMIN_PRE_2025,VNAP25-53A30A795C,VN_ADMIN_2025,VNA25-0E9C81D415,MERGED_INTO
VN_ADMIN_PRE_2025,VNAP25-96FADAE299,VN_ADMIN_2025,VNA25-F0A4F8BB83,MERGED_INTO
VN_ADMIN_PRE_2025,VNAP25-6C8C280D0A,VN_ADMIN_2025,VNA25-651273B52D,MERGED_INTO
VN_ADMIN_PRE_2025,VNAP25-93F057E962,VN_ADMIN_2025,VNA25-46E98C228E,MERGED_INTO
VN_ADMIN_PRE_2025,VNAP25-94701F4DF5,VN_ADMIN_2025,VNA25-4B341AD8A7,MERGED_INTO
VN_ADMIN_PRE_2025,VNAP25-1FD81DE630,VN_ADMIN_2025,VNA25-4B341AD8A7,MERGED_INTO
VN_ADMIN_PRE_2025,VNAP25-FFB9DFC927,VN_ADMIN_2025,VNA25-17515211AE,SAME_AS
VN_ADMIN_PRE_2025,VNAP25-9C949CD75B,VN_ADMIN_2025,VNA25-AD3E3C88E7,MERGED_INTO
VN_ADMIN_PRE_2025,VNAP25-373B250233,VN_ADMIN_2025,VNA25-EC0402A522,MERGED_INTO
VN_ADMIN_PRE_2025,VNAP25-0219D9AA93,VN_ADMIN_2025,VNA25-98D0C23650,SAME_AS
VN_ADMIN_PRE_2025,VNAP25-809952AA02,VN_ADMIN_2025,VNA25-CB8E4A20E4,MERGED_INTO
VN_ADMIN_PRE_2025,VNAP25-D073C268E8,VN_ADMIN_2025,VNA25-4B341AD8A7,MERGED_INTO
VN_ADMIN_PRE_2025,VNAP25-35A79C3773,VN_ADMIN_2025,VNA25-EC0402A522,MERGED_INTO
VN_ADMIN_PRE_2025,VNAP25-7AD6184142,VN_ADMIN_2025,VNA25-CB8E4A20E4,MERGED_INTO
VN_ADMIN_PRE_2025,VNAP25-2694D84193,VN_ADMIN_2025,VNA25-2E13E9A9B7,SPLIT_INTO
VN_ADMIN_PRE_2025,VNAP25-2694D84193,VN_ADMIN_2025,VNA25-EC0402A522,SPLIT_INTO
VN_ADMIN_PRE_2025,VNAP25-C9FDDCED98,VN_ADMIN_2025,VNA25-AD3E3C88E7,MERGED_INTO
VN_ADMIN_PRE_2025,VNAP25-20F1F9BC06,VN_ADMIN_2025,VNA25-AD3E3C88E7,MERGED_INTO
VN_ADMIN_PRE_2025,VNAP25-AC77C972AC,VN_ADMIN_2025,VNA25-022B4CC81C,MERGED_INTO
VN_ADMIN_PRE_2025,VNAP25-499155CF42,VN_ADMIN_2025,VNA25-656F3CB9BF,MERGED_INTO
VN_ADMIN_PRE_2025,VNAP25-04C270CF31,VN_ADMIN_2025,VNA25-CA76E90CA4,MERGED_INTO
VN_ADMIN_PRE_2025,VNAP25-B2D709B3D8,VN_ADMIN_2025,VNA25-656F3CB9BF,MERGED_INTO
VN_ADMIN_PRE_2025,VNAP25-20FE32DE9B,VN_ADMIN_2025,VNA25-4BD1F36F8E,MERGED_INTO
VN_ADMIN_PRE_2025,VNAP25-A999E61012,VN_ADMIN_2025,VNA25-9488D05075,MERGED_INTO
VN_ADMIN_PRE_2025,VNAP25-DF66006C1F,VN_ADMIN_2025,VNA25-09878883B0,MERGED_INTO
VN_ADMIN_PRE_2025,VNAP25-1BEF92FEE8,VN_ADMIN_2025,VNA25-9488D05075,MERGED_INTO
VN_ADMIN_PRE_2025,VNAP25-3A9335CA1E,VN_ADMIN_2025,VNA25-022B4CC81C,MERGED_INTO
VN_ADMIN_PRE_2025,VNAP25-064DFAA32E,VN_ADMIN_2025,VNA25-9488D05075,MERGED_INTO
VN_ADMIN_PRE_2025,VNAP25-08A499D82D,VN_ADMIN_2025,VNA25-520D9C4A9F,MERGED_INTO
VN_ADMIN_PRE_2025,VNAP25-A00F01F5E1,VN_ADMIN_2025,VNA25-33B527AA07,MERGED_INTO
VN_ADMIN_PRE_2025,VNAP25-415C78DA9A,VN_ADMIN_2025,VNA25-33B527AA07,MERGED_INTO
VN_ADMIN_PRE_2025,VNAP25-D21A5EA4B0,VN_ADMIN_2025,VNA25-33B527AA07,MERGED_INTO
VN_ADMIN_PRE_2025,VNAP25-70858CF046,VN_ADMIN_2025,VNA25-656F3CB9BF,MERGED_INTO
VN_ADMIN_PRE_2025,VNAP25-FA1AB5C6DD,VN_ADMIN_2025,VNA25-09878883B0,MERGED_INTO
VN_ADMIN_PRE_2025,VNAP25-3A11DBD90F,VN_ADMIN_2025,VNA25-09878883B0,MERGED_INTO
VN_ADMIN_PRE_2025,VNAP25-E6D2D26206,VN_ADMIN_2025,VNA25-520D9C4A9F,MERGED_INTO
VN_ADMIN_PRE_2025,VNAP25-8C50C8B1ED,VN_ADMIN_2025,VNA25-520D9C4A9F,MERGED_INTO
VN_ADMIN_PRE_2025,VNAP25-65C56EE43E,VN_ADMIN_2025,VNA25-CA76E90CA4,MERGED_INTO
VN_ADMIN_PRE_2025,VNAP25-E5AF50A189,VN_ADMIN_2025,VNA25-4BD1F36F8E,MERGED_INTO
VN_ADMIN_PRE_2025,VNAP25-9C4B8F9464,VN_ADMIN_2025,VNA25-CA76E90CA4,MERGED_INTO
VN_ADMIN_PRE_2025,VNAP25-2175A791E1,VN_ADMIN_2025,VNA25-022B4CC81C,MERGED_INTO
VN_ADMIN_PRE_2025,VNAP25-4DFB0F0516,VN_ADMIN_2025,VNA25-9320B31600,MERGED_INTO
VN_ADMIN_PRE_2025,VNAP25-F1EBF02D81,VN_ADMIN_2025,VNA25-56CEC64859,MERGED_INTO
VN_ADMIN_PRE_2025,VNAP25-8D6921118B,VN_ADMIN_2025,VNA25-3F579D9C5A,MERGED_INTO
VN_ADMIN_PRE_2025,VNAP25-3E0793154D,VN_ADMIN_2025,VNA25-56CEC64859,MERGED_INTO
VN_ADMIN_PRE_2025,VNAP25-FB80F5F71A,VN_ADMIN_2025,VNA25-3F579D9C5A,MERGED_INTO
VN_ADMIN_PRE_2025,VNAP25-BCE56D2A48,VN_ADMIN_2025,VNA25-0C4C9FACE7,MERGED_INTO
VN_ADMIN_PRE_2025,VNAP25-FB0E05BC06,VN_ADMIN_2025,VNA25-3F579D9C5A,MERGED_INTO
VN_ADMIN_PRE_2025,VNAP25-13C8F4CBC5,VN_ADMIN_2025,VNA25-0C4C9FACE7,MERGED_INTO
VN_ADMIN_PRE_2025,VNAP25-79EE2B17ED,VN_ADMIN_2025,VNA25-0C4C9FACE7,MERGED_INTO
VN_ADMIN_PRE_2025,VNAP25-E86935A608,VN_ADMIN_2025,VNA25-0C4C9FACE7,MERGED_INTO
VN_ADMIN_PRE_2025,VNAP25-696B8B7AFE,VN_ADMIN_2025,VNA25-BDB0994F78,MERGED_INTO
VN_ADMIN_PRE_2025,VNAP25-8EA8600C93,VN_ADMIN_2025,VNA25-BDB0994F78,MERGED_INTO
VN_ADMIN_PRE_2025,VNAP25-E7173CE575,VN_ADMIN_2025,VNA25-BDB0994F78,MERGED_INTO
VN_ADMIN_PRE_2025,VNAP25-22B860434E,VN_ADMIN_2025,VNA25-56CEC64859,MERGED_INTO
VN_ADMIN_PRE_2025,VNAP25-1CE3F486CA,VN_ADMIN_2025,VNA25-9320B31600,MERGED_INTO
VN_ADMIN_PRE_2025,VNAP25-FAD197D0A2,VN_ADMIN_2025,VNA25-9320B31600,MERGED_INTO
VN_ADMIN_PRE_2025,VNAP25-AD7A5C5FD6,VN_ADMIN_2025,VNA25-9320B31600,MERGED_INTO
VN_ADMIN_PRE_2025,VNAP25-230B325F31,VN_ADMIN_2025,VNA25-2F91D32181,MERGED_INTO
VN_ADMIN_PRE_2025,VNAP25-64A993D6D6,VN_ADMIN_2025,VNA25-BDB0994F78,MERGED_INTO
VN_ADMIN_PRE_2025,VNAP25-B68B04973A,VN_ADMIN_2025,VNA25-3EAAED4E77,MERGED_INTO
VN_ADMIN_PRE_2025,VNAP25-221F923866,VN_ADMIN_2025,VNA25-2E13E9A9B7,MERGED_INTO
VN_ADMIN_PRE_2025,VNAP25-11CA3152A9,VN_ADMIN_2025,VNA25-3EAAED4E77,MERGED_INTO
VN_ADMIN_PRE_2025,VNAP25-C7B12BFAB4,VN_ADMIN_2025,VNA25-02514184BF,MERGED_INTO
VN_ADMIN_PRE_2025,VNAP25-F0D9D3C318,VN_ADMIN_2025,VNA25-02514184BF,MERGED_INTO
VN_ADMIN_PRE_2025,VNAP25-C2A3F3F2AE,VN_ADMIN_2025,VNA25-02514184BF,MERGED_INTO
VN_ADMIN_PRE_2025,VNAP25-07A5EEA9D8,VN_ADMIN_2025,VNA25-3EAAED4E77,MERGED_INTO
VN_ADMIN_PRE_2025,VNAP25-8DEE29F6FB,VN_ADMIN_2025,VNA25-3EAAED4E77,MERGED_INTO
VN_ADMIN_PRE_2025,VNAP25-6BAEABEDAB,VN_ADMIN_2025,VNA25-F096F9E874,MERGED_INTO
VN_ADMIN_PRE_2025,VNAP25-F8E0200D8D,VN_ADMIN_2025,VNA25-410C4F33E1,MERGED_INTO
VN_ADMIN_PRE_2025,VNAP25-F720C7E344,VN_ADMIN_2025,VNA25-B832D9F17C,MERGED_INTO
VN_ADMIN_PRE_2025,VNAP25-D3786B6275,VN_ADMIN_2025,VNA25-410C4F33E1,MERGED_INTO
VN_ADMIN_PRE_2025,VNAP25-49A1ED6D08,VN_ADMIN_2025,VNA25-410C4F33E1,MERGED_INTO
VN_ADMIN_PRE_2025,VNAP25-E3034F747D,VN_ADMIN_2025,VNA25-F096F9E874,MERGED_INTO
VN_ADMIN_PRE_2025,VNAP25-6F27266EBE,VN_ADMIN_2025,VNA25-72AD6E553B,MERGED_INTO
VN_ADMIN_PRE_2025,VNAP25-4874636517,VN_ADMIN_2025,VNA25-CCF68D45C8,MERGED_INTO
VN_ADMIN_PRE_2025,VNAP25-47411DC8DC,VN_ADMIN_2025,VNA25-72AD6E553B,MERGED_INTO
VN_ADMIN_PRE_2025,VNAP25-B27BD9CDE7,VN_ADMIN_2025,VNA25-72AD6E553B,MERGED_INTO
VN_ADMIN_PRE_2025,VNAP25-3414E8E97F,VN_ADMIN_2025,VNA25-CCF68D45C8,MERGED_INTO
VN_ADMIN_PRE_2025,VNAP25-9846205823,VN_ADMIN_2025,VNA25-BFDE532662,MERGED_INTO
VN_ADMIN_PRE_2025,VNAP25-681DA3E0A8,VN_ADMIN_2025,VNA25-F096F9E874,MERGED_INTO
VN_ADMIN_PRE_2025,VNAP25-3CAA7BF55F,VN_ADMIN_2025,VNA25-7C937F8D36,MERGED_INTO
VN_ADMIN_PRE_2025,VNAP25-F151B09BB8,VN_ADMIN_2025,VNA25-BFDE532662,MERGED_INTO
VN_ADMIN_PRE_2025,VNAP25-EE84ACE611,VN_ADMIN_2025,VNA25-BFDE532662,MERGED_INTO
VN_ADMIN_PRE_2025,VNAP25-CBAED1F2E3,VN_ADMIN_2025,VNA25-CCF68D45C8,MERGED_INTO
VN_ADMIN_PRE_2025,VNAP25-312B86881A,VN_ADMIN_2025,VNA25-B832D9F17C,MERGED_INTO
VN_ADMIN_PRE_2025,VNAP25-716327B573,VN_ADMIN_2025,VNA25-7C937F8D36,MERGED_INTO
VN_ADMIN_PRE_2025,VNAP25-404C3FA24E,VN_ADMIN_2025,VNA25-7C937F8D36,MERGED_INTO
VN_ADMIN_PRE_2025,VNAP25-699BDBA0A7,VN_ADMIN_2025,VNA25-6CCA953AF9,MERGED_INTO
VN_ADMIN_PRE_2025,VNAP25-A2DF9B4F37,VN_ADMIN_2025,VNA25-F096F9E874,MERGED_INTO
VN_ADMIN_PRE_2025,VNAP25-14304EDD1F,VN_ADMIN_2025,VNA25-B832D9F17C,MERGED_INTO
VN_ADMIN_PRE_2025,VNAP25-921F901D2F,VN_ADMIN_2025,VNA25-F096F9E874,MERGED_INTO
VN_ADMIN_PRE_2025,VNAP25-5574D65548,VN_ADMIN_2025,VNA25-D28FB2BF22,MERGED_INTO
VN_ADMIN_PRE_2025,VNAP25-CD9BE8723E,VN_ADMIN_2025,VNA25-7D39E29B5F,MERGED_INTO
VN_ADMIN_PRE_2025,VNAP25-6DFA905B76,VN_ADMIN_2025,VNA25-D28FB2BF22,MERGED_INTO
VN_ADMIN_PRE_2025,VNAP25-97BE015AB6,VN_ADMIN_2025,VNA25-D7C146640E,MERGED_INTO
VN_ADMIN_PRE_2025,VNAP25-7340571F3F,VN_ADMIN_2025,VNA25-D28FB2BF22,MERGED_INTO
VN_ADMIN_PRE_2025,VNAP25-EB03A8032A,VN_ADMIN_2025,VNA25-7D39E29B5F,MERGED_INTO
VN_ADMIN_PRE_2025,VNAP25-5AF8B490F0,VN_ADMIN_2025,VNA25-AF017ED202,MERGED_INTO
VN_ADMIN_PRE_2025,VNAP25-71507206AC,VN_ADMIN_2025,VNA25-17B769CB7C,MERGED_INTO
VN_ADMIN_PRE_2025,VNAP25-A483296489,VN_ADMIN_2025,VNA25-17B769CB7C,MERGED_INTO
VN_ADMIN_PRE_2025,VNAP25-1F3F40AC59,VN_ADMIN_2025,VNA25-7D39E29B5F,MERGED_INTO
VN_ADMIN_PRE_2025,VNAP25-F41C88F3DD,VN_ADMIN_2025,VNA25-7D39E29B5F,SPLIT_INTO
VN_ADMIN_PRE_2025,VNAP25-F41C88F3DD,VN_ADMIN_2025,VNA25-9320B31600,SPLIT_INTO
VN_ADMIN_PRE_2025,VNAP25-59B6258214,VN_ADMIN_2025,VNA25-A9648CB411,MERGED_INTO
VN_ADMIN_PRE_2025,VNAP25-5710CB433E,VN_ADMIN_2025,VNA25-D7C146640E,MERGED_INTO
VN_ADMIN_PRE_2025,VNAP25-261C974C19,VN_ADMIN_2025,VNA25-D7C146640E,MERGED_INTO
VN_ADMIN_PRE_2025,VNAP25-0FB1829C4B,VN_ADMIN_2025,VNA25-7D39E29B5F,MERGED_INTO
VN_ADMIN_PRE_2025,VNAP25-492AC1FBA9,VN_ADMIN_2025,VNA25-AF017ED202,MERGED_INTO
VN_ADMIN_PRE_2025,VNAP25-FE8A5490DB,VN_ADMIN_2025,VNA25-A9648CB411,MERGED_INTO
VN_ADMIN_PRE_2025,VNAP25-FE255174C6,VN_ADMIN_2025,VNA25-A9648CB411,MERGED_INTO
VN_ADMIN_PRE_2025,VNAP25-A75E04B1EB,VN_ADMIN_2025,VNA25-08482BCF1A,MERGED_INTO
VN_ADMIN_PRE_2025,VNAP25-1E90CB9295,VN_ADMIN_2025,VNA25-08482BCF1A,MERGED_INTO
VN_ADMIN_PRE_2025,VNAP25-3B22B647FA,VN_ADMIN_2025,VNA25-B1AFB82909,MERGED_INTO
VN_ADMIN_PRE_2025,VNAP25-3D31CAFD74,VN_ADMIN_2025,VNA25-ED41E3D265,MERGED_INTO
VN_ADMIN_PRE_2025,VNAP25-C217482BE6,VN_ADMIN_2025,VNA25-ED41E3D265,MERGED_INTO
VN_ADMIN_PRE_2025,VNAP25-4E5905533B,VN_ADMIN_2025,VNA25-BCE196BC66,MERGED_INTO
VN_ADMIN_PRE_2025,VNAP25-AFE644971B,VN_ADMIN_2025,VNA25-5851E05850,MERGED_INTO
VN_ADMIN_PRE_2025,VNAP25-275D94997E,VN_ADMIN_2025,VNA25-5851E05850,MERGED_INTO
VN_ADMIN_PRE_2025,VNAP25-4167D76D8F,VN_ADMIN_2025,VNA25-B1AFB82909,MERGED_INTO
VN_ADMIN_PRE_2025,VNAP25-C4C2021AD9,VN_ADMIN_2025,VNA25-5851E05850,MERGED_INTO
VN_ADMIN_PRE_2025,VNAP25-564FB93557,VN_ADMIN_2025,VNA25-ED41E3D265,MERGED_INTO
VN_ADMIN_PRE_2025,VNAP25-F556F3EC71,VN_ADMIN_2025,VNA25-BCE196BC66,MERGED_INTO
VN_ADMIN_PRE_2025,VNAP25-4851F873F9,VN_ADMIN_2025,VNA25-B1AFB82909,MERGED_INTO
VN_ADMIN_PRE_2025,VNAP25-1497DE02B2,VN_ADMIN_2025,VNA25-DCCF875B17,MERGED_INTO
VN_ADMIN_PRE_2025,VNAP25-54B47308B0,VN_ADMIN_2025,VNA25-FF9BB74172,MERGED_INTO
VN_ADMIN_PRE_2025,VNAP25-D57571186E,VN_ADMIN_2025,VNA25-67D182DFAE,MERGED_INTO
VN_ADMIN_PRE_2025,VNAP25-6AB05203C0,VN_ADMIN_2025,VNA25-D827A1C174,MERGED_INTO
VN_ADMIN_PRE_2025,VNAP25-AA9193C237,VN_ADMIN_2025,VNA25-DE13F13D7E,MERGED_INTO
VN_ADMIN_PRE_2025,VNAP25-DD0F7E972D,VN_ADMIN_2025,VNA25-21A6C7DF3F,MERGED_INTO
VN_ADMIN_PRE_2025,VNAP25-A2D9EEE9B5,VN_ADMIN_2025,VNA25-DE13F13D7E,MERGED_INTO
VN_ADMIN_PRE_2025,VNAP25-364F4BEE1D,VN_ADMIN_2025,VNA25-F74EA581E3,SAME_AS
VN_ADMIN_PRE_2025,VNAP25-DC5E9985F1,VN_ADMIN_2025,VNA25-67D182DFAE,MERGED_INTO
VN_ADMIN_PRE_2025,VNAP25-A4DF46350A,VN_ADMIN_2025,VNA25-67D182DFAE,MERGED_INTO
VN_ADMIN_PRE_2025,VNAP25-0AF10DCC99,VN_ADMIN_2025,VNA25-D827A1C174,MERGED_INTO
VN_ADMIN_PRE_2025,VNAP25-1709E2EF30,VN_ADMIN_2025,VNA25-6CCA953AF9,MERGED_INTO
VN_ADMIN_PRE_2025,VNAP25-BCD8178348,VN_ADMIN_2025,VNA25-21A6C7DF3F,MERGED_INTO
VN_ADMIN_PRE_2025,VNAP25-285CB83D51,VN_ADMIN_2025,VNA25-FF9BB74172,MERGED_INTO
VN_ADMIN_PRE_2025,VNAP25-6AF034868C,VN_ADMIN_2025,VNA25-DCCF875B17,MERGED_INTO
VN_ADMIN_PRE_2025,VNAP25-D00501AAED,VN_ADMIN_2025,VNA25-FDE5CF3100,MERGED_INTO
VN_ADMIN_PRE_2025,VNAP25-F65E33AE6E,VN_ADMIN_2025,VNA25-93A5093EAD,SAME_AS
VN_ADMIN_PRE_2025,VNAP25-B985C5EE03,VN_ADMIN_2025,VNA25-5B7F877BBB,MERGED_INTO
VN_ADMIN_PRE_2025,VNAP25-3F7C5E4BE7,VN_ADMIN_2025,VNA25-F2C814E03D,MERGED_INTO
VN_ADMIN_PRE_2025,VNAP25-542CD7E84A,VN_ADMIN_2025,VNA25-F2C814E03D,MERGED_INTO
VN_ADMIN_PRE_2025,VNAP25-CE29569EC1,VN_ADMIN_2025,VNA25-2C5231DF72,MERGED_INTO
VN_ADMIN_PRE_2025,VNAP25-24727AEC2B,VN_ADMIN_2025,VNA25-2D24F4CEBC,MERGED_INTO
VN_ADMIN_PRE_2025,VNAP25-2AA630FB14,VN_ADMIN_2025,VNA25-39C87D7F22,SAME_AS
VN_ADMIN_PRE_2025,VNAP25-163AC40737,VN_ADMIN_2025,VNA25-2D24F4CEBC,MERGED_INTO
VN_ADMIN_PRE_2025,VNAP25-13A4BB52EA,VN_ADMIN_2025,VNA25-FDE5CF3100,MERGED_INTO
VN_ADMIN_PRE_2025,VNAP25-C0EEA6F960,VN_ADMIN_2025,VNA25-5B7F877BBB,MERGED_INTO
VN_ADMIN_PRE_2025,VNAP25-8EF9613AD7,VN_ADMIN_2025,VNA25-3EAAED4E77,MERGED_INTO
VN_ADMIN_PRE_2025,VNAP25-C4ED8FC953,VN_ADMIN_2025,VNA25-F2C814E03D,MERGED_INTO
VN_ADMIN_PRE_2025,VNAP25-A46E55A24D,VN_ADMIN_2025,VNA25-1172D3AD75,MERGED_INTO
VN_ADMIN_PRE_2025,VNAP25-D3A015F41C,VN_ADMIN_2025,VNA25-914AAE6FC9,MERGED_INTO
VN_ADMIN_PRE_2025,VNAP25-0E1B32CBEE,VN_ADMIN_2025,VNA25-2C5231DF72,MERGED_INTO
VN_ADMIN_PRE_2025,VNAP25-39F96E1614,VN_ADMIN_2025,VNA25-1172D3AD75,MERGED_INTO
VN_ADMIN_PRE_2025,VNAP25-7393216040,VN_ADMIN_2025,VNA25-3EF8732900,SAME_AS
VN_ADMIN_PRE_2025,VNAP25-2AE8F4598B,VN_ADMIN_2025,VNA25-8C6E74CA74,SAME_AS
VN_ADMIN_PRE_2025,VNAP25-169802C847,VN_ADMIN_2025,VNA25-2D24F4CEBC,MERGED_INTO
VN_ADMIN_PRE_2025,VNAP25-9F7543DA31,VN_ADMIN_2025,VNA25-E1E56CF670,SAME_AS
VN_ADMIN_PRE_2025,VNAP25-F4C9A50FED,VN_ADMIN_2025,VNA25-5B7F877BBB,MERGED_INTO
VN_ADMIN_PRE_2025,VNAP25-7541378B45,VN_ADMIN_2025,VNA25-5B7F877BBB,SPLIT_INTO
VN_ADMIN_PRE_2025,VNAP25-7541378B45,VN_ADMIN_2025,VNA25-914AAE6FC9,SPLIT_INTO
VN_ADMIN_PRE_2025,VNAP25-539088AC52,VN_ADMIN_2025,VNA25-2C5231DF72,MERGED_INTO
VN_ADMIN_PRE_2025,VNAP25-B14D21C538,VN_ADMIN_2025,VNA25-F3FEE1DA48,MERGED_INTO
VN_ADMIN_PRE_2025,VNAP25-365CF2552A,VN_ADMIN_2025,VNA25-AAF1958189,MERGED_INTO
VN_ADMIN_PRE_2025,VNAP25-7C7FE91D63,VN_ADMIN_2025,VNA25-7155956E44,MERGED_INTO
VN_ADMIN_PRE_2025,VNAP25-3159717C13,VN_ADMIN_2025,VNA25-F3FEE1DA48,MERGED_INTO
VN_ADMIN_PRE_2025,VNAP25-68DDC9DF69,VN_ADMIN_2025,VNA25-AAF1958189,MERGED_INTO
VN_ADMIN_PRE_2025,VNAP25-F903A89158,VN_ADMIN_2025,VNA25-C5E937D171,MERGED_INTO
VN_ADMIN_PRE_2025,VNAP25-8B459DE219,VN_ADMIN_2025,VNA25-5400BE1E22,MERGED_INTO
VN_ADMIN_PRE_2025,VNAP25-6FC56A8A39,VN_ADMIN_2025,VNA25-5400BE1E22,MERGED_INTO
VN_ADMIN_PRE_2025,VNAP25-A7E17EDFFF,VN_ADMIN_2025,VNA25-7155956E44,MERGED_INTO
VN_ADMIN_PRE_2025,VNAP25-898CFEABCD,VN_ADMIN_2025,VNA25-AAF1958189,MERGED_INTO
VN_ADMIN_PRE_2025,VNAP25-DACA1E53F2,VN_ADMIN_2025,VNA25-F3FEE1DA48,MERGED_INTO
VN_ADMIN_PRE_2025,VNAP25-5C6597DD4C,VN_ADMIN_2025,VNA25-AAF1958189,MERGED_INTO
VN_ADMIN_PRE_2025,VNAP25-7EF96842FB,VN_ADMIN_2025,VNA25-C90A1CCEDC,SAME_AS
VN_ADMIN_PRE_2025,VNAP25-025A3A3609,VN_ADMIN_2025,VNA25-7155956E44,MERGED_INTO
VN_ADMIN_PRE_2025,VNAP25-D7EFB7DB24,VN_ADMIN_2025,VNA25-F3FEE1DA48,MERGED_INTO
VN_ADMIN_PRE_2025,VNAP25-C00511D62C,VN_ADMIN_2025,VNA25-C5E937D171,MERGED_INTO
VN_ADMIN_PRE_2025,VNAP25-6800D96829,VN_ADMIN_2025,VNA25-C5E937D171,MERGED_INTO
VN_ADMIN_PRE_2025,VNAP25-BF75D8E9AB,VN_ADMIN_2025,VNA25-F3FEE1DA48,MERGED_INTO
VN_ADMIN_PRE_2025,VNAP25-D294E830AF,VN_ADMIN_2025,VNA25-F37540A6F1,MERGED_INTO
VN_ADMIN_PRE_2025,VNAP25-2B4D9978AE,VN_ADMIN_2025,VNA25-2F91D32181,MERGED_INTO
VN_ADMIN_PRE_2025,VNAP25-D969F0B239,VN_ADMIN_2025,VNA25-660B81F2E2,MERGED_INTO
VN_ADMIN_PRE_2025,VNAP25-66484E7571,VN_ADMIN_2025,VNA25-660B81F2E2,MERGED_INTO
VN_ADMIN_PRE_2025,VNAP25-48B50E3DB6,VN_ADMIN_2025,VNA25-FC54F19BF2,MERGED_INTO
VN_ADMIN_PRE_2025,VNAP25-F0160E7547,VN_ADMIN_2025,VNA25-2F91D32181,MERGED_INTO
VN_ADMIN_PRE_2025,VNAP25-9C89B412DE,VN_ADMIN_2025,VNA25-2F91D32181,MERGED_INTO
VN_ADMIN_PRE_2025,VNAP25-4CBD50F605,VN_ADMIN_2025,VNA25-FC54F19BF2,MERGED_INTO
VN_ADMIN_PRE_2025,VNAP25-17082D19E6,VN_ADMIN_2025,VNA25-5C5FE1353C,MERGED_INTO
VN_ADMIN_PRE_2025,VNAP25-4784C95039,VN_ADMIN_2025,VNA25-5C5FE1353C,MERGED_INTO
VN_ADMIN_PRE_2025,VNAP25-3273C04C14,VN_ADMIN_2025,VNA25-F37540A6F1,MERGED_INTO
VN_ADMIN_PRE_2025,VNAP25-43C38089C2,VN_ADMIN_2025,VNA25-5C5FE1353C,MERGED_INTO
VN_ADMIN_PRE_2025,VNAP25-6CF6161DA1,VN_ADMIN_2025,VNA25-846B747F7F,SAME_AS
VN_ADMIN_PRE_2025,VNAP25-C32B7EA906,VN_ADMIN_2025,VNA25-F37540A6F1,MERGED_INTO
VN_ADMIN_PRE_2025,VNAP25-49DD98F785,VN_ADMIN_2025,VNA25-4E819E0571,MERGED_INTO
VN_ADMIN_PRE_2025,VNAP25-E978249389,VN_ADMIN_2025,VNA25-4E819E0571,MERGED_INTO
VN_ADMIN_PRE_2025,VNAP25-FF2CDB58A6,VN_ADMIN_2025,VNA25-4E819E0571,MERGED_INTO
VN_ADMIN_PRE_2025,VNAP25-C5F243CDA5,VN_ADMIN_2025,VNA25-2F91D32181,MERGED_INTO
VN_ADMIN_PRE_2025,VNAP25-A5928EA24E,VN_ADMIN_2025,VNA25-4049A07B64,MERGED_INTO
VN_ADMIN_PRE_2025,VNAP25-2D859524F6,VN_ADMIN_2025,VNA25-4049A07B64,MERGED_INTO
VN_ADMIN_PRE_2025,VNAP25-DDD3D9F467,VN_ADMIN_2025,VNA25-1BE82039D7,MERGED_INTO
VN_ADMIN_PRE_2025,VNAP25-B5E33C1FBD,VN_ADMIN_2025,VNA25-A9FC533C77,MERGED_INTO
VN_ADMIN_PRE_2025,VNAP25-C6F5889E7C,VN_ADMIN_2025,VNA25-3740D0AD0F,MERGED_INTO
VN_ADMIN_PRE_2025,VNAP25-1D06C64897,VN_ADMIN_2025,VNA25-33E6B4C2CD,MERGED_INTO
VN_ADMIN_PRE_2025,VNAP25-916F9A75CA,VN_ADMIN_2025,VNA25-1BE82039D7,MERGED_INTO
VN_ADMIN_PRE_2025,VNAP25-7518359F1C,VN_ADMIN_2025,VNA25-3740D0AD0F,MERGED_INTO
VN_ADMIN_PRE_2025,VNAP25-0E386BDD63,VN_ADMIN_2025,VNA25-33E6B4C2CD,MERGED_INTO
VN_ADMIN_PRE_2025,VNAP25-1FC7E086DD,VN_ADMIN_2025,VNA25-3740D0AD0F,MERGED_INTO
VN_ADMIN_PRE_2025,VNAP25-384F1CB812,VN_ADMIN_2025,VNA25-A9FC533C77,MERGED_INTO
VN_ADMIN_PRE_2025,VNAP25-943737EDAE,VN_ADMIN_2025,VNA25-4049A07B64,MERGED_INTO
VN_ADMIN_PRE_2025,VNAP25-9859DB749E,VN_ADMIN_2025,VNA25-33E6B4C2CD,MERGED_INTO
VN_ADMIN_PRE_2025,VNAP25-A1B2A8CB88,VN_ADMIN_2025,VNA25-A9FC533C77,MERGED_INTO
VN_ADMIN_PRE_2025,VNAP25-564CD3F448,VN_ADMIN_2025,VNA25-1BE82039D7,MERGED_INTO
VN_ADMIN_PRE_2025,VNAP25-83599E39E9,VN_ADMIN_2025,VNA25-57CF0E2758,MERGED_INTO
VN_ADMIN_PRE_2025,VNAP25-90E28B4001,VN_ADMIN_2025,VNA25-C650574034,MERGED_INTO
VN_ADMIN_PRE_2025,VNAP25-296E031C79,VN_ADMIN_2025,VNA25-B6C52B558A,MERGED_INTO
VN_ADMIN_PRE_2025,VNAP25-49DDCC6E7F,VN_ADMIN_2025,VNA25-57CF0E2758,MERGED_INTO
VN_ADMIN_PRE_2025,VNAP25-5D4B7E5AC6,VN_ADMIN_2025,VNA25-6732E0B3B1,MERGED_INTO
VN_ADMIN_PRE_2025,VNAP25-74435974AC,VN_ADMIN_2025,VNA25-6732E0B3B1,MERGED_INTO
VN_ADMIN_PRE_2025,VNAP25-2DF6AAE8FF,VN_ADMIN_2025,VNA25-B6C52B558A,SPLIT_INTO
VN_ADMIN_PRE_2025,VNAP25-2DF6AAE8FF,VN_ADMIN_2025,VNA25-C650574034,SPLIT_INTO
VN_ADMIN_PRE_2025,VNAP25-46C386737A,VN_ADMIN_2025,VNA25-D2AF83E4F6,MERGED_INTO
VN_ADMIN_PRE_2025,VNAP25-3A461733AC,VN_ADMIN_2025,VNA25-C650574034,MERGED_INTO
VN_ADMIN_PRE_2025,VNAP25-80CE590498,VN_ADMIN_2025,VNA25-78DF2E6431,SPLIT_INTO
VN_ADMIN_PRE_2025,VNAP25-80CE590498,VN_ADMIN_2025,VNA25-D2AF83E4F6,SPLIT_INTO
VN_ADMIN_PRE_2025,VNAP25-3ED1A14E82,VN_ADMIN_2025,VNA25-78DF2E6431,SPLIT_INTO
VN_ADMIN_PRE_2025,VNAP25-3ED1A14E82,VN_ADMIN_2025,VNA25-D2AF83E4F6,SPLIT_INTO
VN_ADMIN_PRE_2025,VNAP25-77DFA9995B,VN_ADMIN_2025,VNA25-78DF2E6431,MERGED_INTO
VN_ADMIN_PRE_2025,VNAP25-024D591A35,VN_ADMIN_2025,VNA25-B6C52B558A,MERGED_INTO
VN_ADMIN_PRE_2025,VNAP25-A6840C09FE,VN_ADMIN_2025,VNA25-57CF0E2758,MERGED_INTO
VN_ADMIN_PRE_2025,VNAP25-F0405A3D1D,VN_ADMIN_2025,VNA25-B6C52B558A,MERGED_INTO
VN_ADMIN_PRE_2025,VNAP25-DC58BB3D0A,VN_ADMIN_2025,VNA25-4F5A785F2A,MERGED_INTO
VN_ADMIN_PRE_2025,VNAP25-44B60C1DDB,VN_ADMIN_2025,VNA25-8059CC683A,MERGED_INTO
VN_ADMIN_PRE_2025,VNAP25-56CC69808A,VN_ADMIN_2025,VNA25-8059CC683A,MERGED_INTO
VN_ADMIN_PRE_2025,VNAP25-371AB45389,VN_ADMIN_2025,VNA25-E0B95095E8,MERGED_INTO
VN_ADMIN_PRE_2025,VNAP25-5C1FD4D7E5,VN_ADMIN_2025,VNA25-4F5A785F2A,MERGED_INTO
VN_ADMIN_PRE_2025,VNAP25-4A738C4E79,VN_ADMIN_2025,VNA25-8059CC683A,MERGED_INTO
VN_ADMIN_PRE_2025,VNAP25-42CBF75403,VN_ADMIN_2025,VNA25-770FFCDE35,MERGED_INTO
VN_ADMIN_PRE_2025,VNAP25-3C2656FE95,VN_ADMIN_2025,VNA25-75A38F351C,MERGED_INTO
VN_ADMIN_PRE_2025,VNAP25-081EA22CC5,VN_ADMIN_2025,VNA25-2AC3B4C956,MERGED_INTO
VN_ADMIN_PRE_2025,VNAP25-36A5F2A8F3,VN_ADMIN_2025,VNA25-75A38F351C,MERGED_INTO
VN_ADMIN_PRE_2025,VNAP25-DADA620A15,VN_ADMIN_2025,VNA25-2AC3B4C956,MERGED_INTO
VN_ADMIN_PRE_2025,VNAP25-89DFB823B0,VN_ADMIN_2025,VNA25-E0B95095E8,MERGED_INTO
VN_ADMIN_PRE_2025,VNAP25-5FF459EA3D,VN_ADMIN_2025,VNA25-770FFCDE35,MERGED_INTO
VN_ADMIN_PRE_2025,VNAP25-79198D273F,VN_ADMIN_2025,VNA25-770FFCDE35,MERGED_INTO
VN_ADMIN_PRE_2025,VNAP25-EF58AD554A,VN_ADMIN_2025,VNA25-4F5A785F2A,MERGED_INTO
VN_ADMIN_PRE_2025,VNAP25-4D35F1040F,VN_ADMIN_2025,VNA25-2AC3B4C956,MERGED_INTO
VN_ADMIN_PRE_2025,VNAP25-68A7D41E97,VN_ADMIN_2025,VNA25-75A38F351C,MERGED_INTO
VN_ADMIN_PRE_2025,VNAP25-7972685435,VN_ADMIN_2025,VNA25-5C78EAD514,MERGED_INTO
VN_ADMIN_PRE_2025,VNAP25-5983E71616,VN_ADMIN_2025,VNA25-5C78EAD514,MERGED_INTO
VN_ADMIN_PRE_2025,VNAP25-A2343417AE,VN_ADMIN_2025,VNA25-8B0C38F4D6,MERGED_INTO
VN_ADMIN_PRE_2025,VNAP25-F2F70AE2BA,VN_ADMIN_2025,VNA25-C3E78E90C2,MERGED_INTO
VN_ADMIN_PRE_2025,VNAP25-3C110264AE,VN_ADMIN_2025,VNA25-5C78EAD514,MERGED_INTO
VN_ADMIN_PRE_2025,VNAP25-775FE5DC12,VN_ADMIN_2025,VNA25-C3E78E90C2,MERGED_INTO
VN_ADMIN_PRE_2025,VNAP25-5E3A409D7B,VN_ADMIN_2025,VNA25-AF28F03C2D,MERGED_INTO
VN_ADMIN_PRE_2025,VNAP25-CE35B33C87,VN_ADMIN_2025,VNA25-8B0C38F4D6,MERGED_INTO
VN_ADMIN_PRE_2025,VNAP25-36EAC22987,VN_ADMIN_2025,VNA25-C3E78E90C2,MERGED_INTO
VN_ADMIN_PRE_2025,VNAP25-6BBCDBD8F0,VN_ADMIN_2025,VNA25-9E5691754B,MERGED_INTO
VN_ADMIN_PRE_2025,VNAP25-2A186E2F0E,VN_ADMIN_2025,VNA25-738C169D0C,MERGED_INTO
VN_ADMIN_PRE_2025,VNAP25-242116CBAB,VN_ADMIN_2025,VNA25-738C169D0C,MERGED_INTO
VN_ADMIN_PRE_2025,VNAP25-C6E62B3424,VN_ADMIN_2025,VNA25-A3B9934AD6,MERGED_INTO
VN_ADMIN_PRE_2025,VNAP25-27E39FB9C7,VN_ADMIN_2025,VNA25-9E5691754B,MERGED_INTO
VN_ADMIN_PRE_2025,VNAP25-D646B83A46,VN_ADMIN_2025,VNA25-A3B9934AD6,MERGED_INTO
VN_ADMIN_PRE_2025,VNAP25-E82FE78622,VN_ADMIN_2025,VNA25-AF28F03C2D,MERGED_INTO
VN_ADMIN_PRE_2025,VNAP25-53101B0000,VN_ADMIN_2025,VNA25-AF28F03C2D,MERGED_INTO
VN_ADMIN_PRE_2025,VNAP25-71A3BE9E9E,VN_ADMIN_2025,VNA25-9E5691754B,MERGED_INTO
VN_ADMIN_PRE_2025,VNAP25-26956BF7C3,VN_ADMIN_2025,VNA25-8B0C38F4D6,MERGED_INTO
VN_ADMIN_PRE_2025,VNAP25-45A7477802,VN_ADMIN_2025,VNA25-738C169D0C,MERGED_INTO
VN_ADMIN_PRE_2025,VNAP25-D151AADE8B,VN_ADMIN_2025,VNA25-A3B9934AD6,MERGED_INTO
VN_ADMIN_PRE_2025,VNAP25-42759B9E67,VN_ADMIN_2025,VNA25-0CCF3D17B3,MERGED_INTO
VN_ADMIN_PRE_2025,VNAP25-31ABD38B74,VN_ADMIN_2025,VNA25-BE00F4FB50,MERGED_INTO
VN_ADMIN_PRE_2025,VNAP25-D3A3EB89D7,VN_ADMIN_2025,VNA25-D41BF3D721,MERGED_INTO
VN_ADMIN_PRE_2025,VNAP25-239B14CA30,VN_ADMIN_2025,VNA25-EBE6B9CE61,MERGED_INTO
VN_ADMIN_PRE_2025,VNAP25-B9D149BA4B,VN_ADMIN_2025,VNA25-D2AF83E4F6,MERGED_INTO
VN_ADMIN_PRE_2025,VNAP25-78D3B046BF,VN_ADMIN_2025,VNA25-EBE6B9CE61,MERGED_INTO
VN_ADMIN_PRE_2025,VNAP25-C8D313D915,VN_ADMIN_2025,VNA25-0CCF3D17B3,MERGED_INTO
VN_ADMIN_PRE_2025,VNAP25-D5A4735122,VN_ADMIN_2025,VNA25-EBE6B9CE61,MERGED_INTO
VN_ADMIN_PRE_2025,VNAP25-EF59E3DBDC,VN_ADMIN_2025,VNA25-0CCF3D17B3,SPLIT_INTO
VN_ADMIN_PRE_2025,VNAP25-EF59E3DBDC,VN_ADMIN_2025,VNA25-D2AF83E4F6,SPLIT_INTO
VN_ADMIN_PRE_2025,VNAP25-D476B06FD7,VN_ADMIN_2025,VNA25-D2AF83E4F6,MERGED_INTO
VN_ADMIN_PRE_2025,VNAP25-DA03121D7A,VN_ADMIN_2025,VNA25-D41BF3D721,MERGED_INTO
VN_ADMIN_PRE_2025,VNAP25-FB697C3BA8,VN_ADMIN_2025,VNA25-0CCF3D17B3,MERGED_INTO
VN_ADMIN_PRE_2025,VNAP25-1990AA975D,VN_ADMIN_2025,VNA25-BE00F4FB50,MERGED_INTO
VN_ADMIN_PRE_2025,VNAP25-A3DF99346C,VN_ADMIN_2025,VNA25-D41BF3D721,MERGED_INTO
VN_ADMIN_PRE_2025,VNAP25-4E1B53E27D,VN_ADMIN_2025,VNA25-BE00F4FB50,MERGED_INTO
VN_ADMIN_PRE_2025,VNAP25-DE9F56E3A0,VN_ADMIN_2025,VNA25-F9F84656B2,MERGED_INTO
VN_ADMIN_PRE_2025,VNAP25-1A283F7D3E,VN_ADMIN_2025,VNA25-F9F84656B2,MERGED_INTO
VN_ADMIN_PRE_2025,VNAP25-A9945FD681,VN_ADMIN_2025,VNA25-ADA7A42AD6,MERGED_INTO
VN_ADMIN_PRE_2025,VNAP25-A0C1B1A681,VN_ADMIN_2025,VNA25-ADA7A42AD6,MERGED_INTO
VN_ADMIN_PRE_2025,VNAP25-0FDC797AF9,VN_ADMIN_2025,VNA25-ADA7A42AD6,MERGED_INTO
VN_ADMIN_PRE_2025,VNAP25-57BCA0BFAB,VN_ADMIN_2025,VNA25-2FF359E650,MERGED_INTO
VN_ADMIN_PRE_2025,VNAP25-FACB1C190E,VN_ADMIN_2025,VNA25-F9F84656B2,MERGED_INTO
VN_ADMIN_PRE_2025,VNAP25-8BE9D90C9C,VN_ADMIN_2025,VNA25-75B782FFA2,MERGED_INTO
VN_ADMIN_PRE_2025,VNAP25-655F18F1BA,VN_ADMIN_2025,VNA25-23DD366FF5,MERGED_INTO
VN_ADMIN_PRE_2025,VNAP25-786E763BFB,VN_ADMIN_2025,VNA25-75B782FFA2,MERGED_INTO
VN_ADMIN_PRE_2025,VNAP25-5A668C809C,VN_ADMIN_2025,VNA25-23DD366FF5,MERGED_INTO
VN_ADMIN_PRE_2025,VNAP25-740EBFE7A3,VN_ADMIN_2025,VNA25-2FF359E650,MERGED_INTO
VN_ADMIN_PRE_2025,VNAP25-7F706110A5,VN_ADMIN_2025,VNA25-23DD366FF5,MERGED_INTO
VN_ADMIN_PRE_2025,VNAP25-5861FA816F,VN_ADMIN_2025,VNA25-75B782FFA2,MERGED_INTO
VN_ADMIN_PRE_2025,VNAP25-F306B6A3C8,VN_ADMIN_2025,VNA25-2FF359E650,MERGED_INTO
VN_ADMIN_PRE_2025,VNAP25-B3D300FC1B,VN_ADMIN_2025,VNA25-1708ED48EB,SPLIT_INTO
VN_ADMIN_PRE_2025,VNAP25-B3D300FC1B,VN_ADMIN_2025,VNA25-E0228A4120,SPLIT_INTO
VN_ADMIN_PRE_2025,VNAP25-87E8655E6E,VN_ADMIN_2025,VNA25-418E8951A1,MERGED_INTO
VN_ADMIN_PRE_2025,VNAP25-87C38D3A9D,VN_ADMIN_2025,VNA25-1708ED48EB,SPLIT_INTO
VN_ADMIN_PRE_2025,VNAP25-87C38D3A9D,VN_ADMIN_2025,VNA25-418E8951A1,SPLIT_INTO
VN_ADMIN_PRE_2025,VNAP25-85606E740B,VN_ADMIN_2025,VNA25-E0228A4120,MERGED_INTO
VN_ADMIN_PRE_2025,VNAP25-2895D2269C,VN_ADMIN_2025,VNA25-1708ED48EB,SPLIT_INTO
VN_ADMIN_PRE_2025,VNAP25-2895D2269C,VN_ADMIN_2025,VNA25-418E8951A1,SPLIT_INTO
VN_ADMIN_PRE_2025,VNAP25-2895D2269C,VN_ADMIN_2025,VNA25-E0228A4120,SPLIT_INTO
VN_ADMIN_PRE_2025,VNAP25-F6B9AA453C,VN_ADMIN_2025,VNA25-1708ED48EB,MERGED_INTO
VN_ADMIN_PRE_2025,VNAP25-38C7595678,VN_ADMIN_2025,VNA25-1708ED48EB,SPLIT_INTO
VN_ADMIN_PRE_2025,VNAP25-38C7595678,VN_ADMIN_2025,VNA25-418E8951A1,SPLIT_INTO
VN_ADMIN_PRE_2025,VNAP25-3FFAAF4E3F,VN_ADMIN_2025,VNA25-1708ED48EB,SPLIT_INTO
VN_ADMIN_PRE_2025,VNAP25-3FFAAF4E3F,VN_ADMIN_2025,VNA25-E0228A4120,SPLIT_INTO
VN_ADMIN_PRE_2025,VNAP25-B1361E17A2,VN_ADMIN_2025,VNA25-9029E55C07,MERGED_INTO
VN_ADMIN_PRE_2025,VNAP25-2AF908DE86,VN_ADMIN_2025,VNA25-418E8951A1,MERGED_INTO
VN_ADMIN_PRE_2025,VNAP25-BABE0FD7CE,VN_ADMIN_2025,VNA25-A2E55A35BB,SPLIT_INTO
VN_ADMIN_PRE_2025,VNAP25-BABE0FD7CE,VN_ADMIN_2025,VNA25-E0228A4120,SPLIT_INTO
VN_ADMIN_PRE_2025,VNAP25-141E86123B,VN_ADMIN_2025,VNA25-418E8951A1,MERGED_INTO
VN_ADMIN_PRE_2025,VNAP25-80CD16139F,VN_ADMIN_2025,VNA25-1708ED48EB,MERGED_INTO
VN_ADMIN_PRE_2025,VNAP25-5889CA536C,VN_ADMIN_2025,VNA25-2D8073C18F,MERGED_INTO
VN_ADMIN_PRE_2025,VNAP25-358C802E4F,VN_ADMIN_2025,VNA25-35C68854CD,MERGED_INTO
VN_ADMIN_PRE_2025,VNAP25-5C00588B07,VN_ADMIN_2025,VNA25-2D8073C18F,SPLIT_INTO
VN_ADMIN_PRE_2025,VNAP25-5C00588B07,VN_ADMIN_2025,VNA25-9948FD0375,SPLIT_INTO
VN_ADMIN_PRE_2025,VNAP25-8F52F9AA97,VN_ADMIN_2025,VNA25-593222EF1A,MERGED_INTO
VN_ADMIN_PRE_2025,VNAP25-460FD53C03,VN_ADMIN_2025,VNA25-593222EF1A,SPLIT_INTO
VN_ADMIN_PRE_2025,VNAP25-460FD53C03,VN_ADMIN_2025,VNA25-5F8742131D,SPLIT_INTO
VN_ADMIN_PRE_2025,VNAP25-251E27761B,VN_ADMIN_2025,VNA25-902B170079,MERGED_INTO
VN_ADMIN_PRE_2025,VNAP25-AB35F0C605,VN_ADMIN_2025,VNA25-593222EF1A,MERGED_INTO
VN_ADMIN_PRE_2025,VNAP25-F26CEF4AD8,VN_ADMIN_2025,VNA25-0BD921B115,MERGED_INTO
VN_ADMIN_PRE_2025,VNAP25-3A269B3EAC,VN_ADMIN_2025,VNA25-35C68854CD,MERGED_INTO
VN_ADMIN_PRE_2025,VNAP25-86AB09A2B8,VN_ADMIN_2025,VNA25-5F8742131D,MERGED_INTO
VN_ADMIN_PRE_2025,VNAP25-AE26B754EF,VN_ADMIN_2025,VNA25-35C68854CD,MERGED_INTO
VN_ADMIN_PRE_2025,VNAP25-E6D69BEB83,VN_ADMIN_2025,VNA25-902B170079,MERGED_INTO
VN_ADMIN_PRE_2025,VNAP25-36B50ADD54,VN_ADMIN_2025,VNA25-0BD921B115,MERGED_INTO
VN_ADMIN_PRE_2025,VNAP25-388F14C76B,VN_ADMIN_2025,VNA25-902B170079,MERGED_INTO
VN_ADMIN_PRE_2025,VNAP25-63C2E44546,VN_ADMIN_2025,VNA25-902B170079,MERGED_INTO
VN_ADMIN_PRE_2025,VNAP25-9E712EAE39,VN_ADMIN_2025,VNA25-902B170079,MERGED_INTO
VN_ADMIN_PRE_2025,VNAP25-36720A75A0,VN_ADMIN_2025,VNA25-0BD921B115,MERGED_INTO
VN_ADMIN_PRE_2025,VNAP25-ED117DB82A,VN_ADMIN_2025,VNA25-9948FD0375,MERGED_INTO
VN_ADMIN_PRE_2025,VNAP25-47931B67EC,VN_ADMIN_2025,VNA25-2D8073C18F,MERGED_INTO
VN_ADMIN_PRE_2025,VNAP25-59F79E25A8,VN_ADMIN_2025,VNA25-593222EF1A,SPLIT_INTO
VN_ADMIN_PRE_2025,VNAP25-59F79E25A8,VN_ADMIN_2025,VNA25-5F8742131D,SPLIT_INTO
VN_ADMIN_PRE_2025,VNAP25-D17C5EF7AA,VN_ADMIN_2025,VNA25-0BD921B115,MERGED_INTO
VN_ADMIN_PRE_2025,VNAP25-270358F487,VN_ADMIN_2025,VNA25-9948FD0375,MERGED_INTO
VN_ADMIN_PRE_2025,VNAP25-DB9EB428B0,VN_ADMIN_2025,VNA25-593222EF1A,MERGED_INTO
VN_ADMIN_PRE_2025,VNAP25-63A8C37A27,VN_ADMIN_2025,VNA25-593222EF1A,MERGED_INTO
VN_ADMIN_PRE_2025,VNAP25-980270158B,VN_ADMIN_2025,VNA25-9948FD0375,MERGED_INTO
VN_ADMIN_PRE_2025,VNAP25-BEA21FEFCC,VN_ADMIN_2025,VNA25-FCE4AA6860,MERGED_INTO
VN_ADMIN_PRE_2025,VNAP25-3B3B1EC0D4,VN_ADMIN_2025,VNA25-902B170079,MERGED_INTO
VN_ADMIN_PRE_2025,VNAP25-C5D8127B48,VN_ADMIN_2025,VNA25-0BD921B115,MERGED_INTO
VN_ADMIN_PRE_2025,VNAP25-2BE937BBC2,VN_ADMIN_2025,VNA25-FCE4AA6860,MERGED_INTO
VN_ADMIN_PRE_2025,VNAP25-1BBF391AFA,VN_ADMIN_2025,VNA25-4AC0DC83E7,SPLIT_INTO
VN_ADMIN_PRE_2025,VNAP25-1BBF391AFA,VN_ADMIN_2025,VNA25-6B07014B0A,SPLIT_INTO
VN_ADMIN_PRE_2025,VNAP25-1BBF391AFA,VN_ADMIN_2025,VNA25-8E3D4C4309,SPLIT_INTO
VN_ADMIN_PRE_2025,VNAP25-69FEF7E502,VN_ADMIN_2025,VNA25-5CE107443E,MERGED_INTO
VN_ADMIN_PRE_2025,VNAP25-5570F5B892,VN_ADMIN_2025,VNA25-5CE107443E,SPLIT_INTO
VN_ADMIN_PRE_2025,VNAP25-5570F5B892,VN_ADMIN_2025,VNA25-F2A049E894,SPLIT_INTO
VN_ADMIN_PRE_2025,VNAP25-49F6A02921,VN_ADMIN_2025,VNA25-5CE107443E,MERGED_INTO
VN_ADMIN_PRE_2025,VNAP25-C7CCE6DBE1,VN_ADMIN_2025,VNA25-6D719EF4C5,MERGED_INTO
VN_ADMIN_PRE_2025,VNAP25-5F8DB76A30,VN_ADMIN_2025,VNA25-6D719EF4C5,SPLIT_INTO
VN_ADMIN_PRE_2025,VNAP25-5F8DB76A30,VN_ADMIN_2025,VNA25-78CEB3EF8A,SPLIT_INTO
VN_ADMIN_PRE_2025,VNAP25-5F8DB76A30,VN_ADMIN_2025,VNA25-F2C22EF14C,SPLIT_INTO
VN_ADMIN_PRE_2025,VNAP25-ADDB77B339,VN_ADMIN_2025,VNA25-6B07014B0A,MERGED_INTO
VN_ADMIN_PRE_2025,VNAP25-2134C43D68,VN_ADMIN_2025,VNA25-6B07014B0A,SPLIT_INTO
VN_ADMIN_PRE_2025,VNAP25-2134C43D68,VN_ADMIN_2025,VNA25-F2C22EF14C,SPLIT_INTO
VN_ADMIN_PRE_2025,VNAP25-AC879997BC,VN_ADMIN_2025,VNA25-6D719EF4C5,SPLIT_INTO
VN_ADMIN_PRE_2025,VNAP25-AC879997BC,VN_ADMIN_2025,VNA25-78CEB3EF8A,SPLIT_INTO
VN_ADMIN_PRE_2025,VNAP25-0B4C108BA7,VN_ADMIN_2025,VNA25-6D719EF4C5,MERGED_INTO
VN_ADMIN_PRE_2025,VNAP25-F862903223,VN_ADMIN_2025,VNA25-5CE107443E,SPLIT_INTO
VN_ADMIN_PRE_2025,VNAP25-F862903223,VN_ADMIN_2025,VNA25-6D719EF4C5,SPLIT_INTO
VN_ADMIN_PRE_2025,VNAP25-ED3075CC55,VN_ADMIN_2025,VNA25-4AC0DC83E7,SPLIT_INTO
VN_ADMIN_PRE_2025,VNAP25-ED3075CC55,VN_ADMIN_2025,VNA25-5CE107443E,SPLIT_INTO
VN_ADMIN_PRE_2025,VNAP25-ED3075CC55,VN_ADMIN_2025,VNA25-F2A049E894,SPLIT_INTO
VN_ADMIN_PRE_2025,VNAP25-41D2A757E5,VN_ADMIN_2025,VNA25-4AC0DC83E7,MERGED_INTO
VN_ADMIN_PRE_2025,VNAP25-57A90D2BB2,VN_ADMIN_2025,VNA25-8E3D4C4309,SPLIT_INTO
VN_ADMIN_PRE_2025,VNAP25-57A90D2BB2,VN_ADMIN_2025,VNA25-AFC2358AD1,SPLIT_INTO
VN_ADMIN_PRE_2025,VNAP25-032C72812E,VN_ADMIN_2025,VNA25-8E3D4C4309,SPLIT_INTO
VN_ADMIN_PRE_2025,VNAP25-032C72812E,VN_ADMIN_2025,VNA25-AFC2358AD1,SPLIT_INTO
VN_ADMIN_PRE_2025,VNAP25-30A24C68AA,VN_ADMIN_2025,VNA25-5ABDC9EFDD,SPLIT_INTO
VN_ADMIN_PRE_2025,VNAP25-30A24C68AA,VN_ADMIN_2025,VNA25-6B07014B0A,SPLIT_INTO
VN_ADMIN_PRE_2025,VNAP25-CA8375E0E9,VN_ADMIN_2025,VNA25-1039501C86,SPLIT_INTO
VN_ADMIN_PRE_2025,VNAP25-CA8375E0E9,VN_ADMIN_2025,VNA25-8E3D4C4309,SPLIT_INTO
VN_ADMIN_PRE_2025,VNAP25-71B37F1542,VN_ADMIN_2025,VNA25-8E3D4C4309,MERGED_INTO
VN_ADMIN_PRE_2025,VNAP25-37060EE437,VN_ADMIN_2025,VNA25-8E3D4C4309,SPLIT_INTO
VN_ADMIN_PRE_2025,VNAP25-37060EE437,VN_ADMIN_2025,VNA25-AFC2358AD1,SPLIT_INTO
VN_ADMIN_PRE_2025,VNAP25-F8A420AB2F,VN_ADMIN_2025,VNA25-8F83903659,MERGED_INTO
VN_ADMIN_PRE_2025,VNAP25-430600482D,VN_ADMIN_2025,VNA25-8F83903659,SPLIT_INTO
VN_ADMIN_PRE_2025,VNAP25-430600482D,VN_ADMIN_2025,VNA25-AFC2358AD1,SPLIT_INTO
VN_ADMIN_PRE_2025,VNAP25-83C4430C0A,VN_ADMIN_2025,VNA25-C836ADA548,MERGED_INTO
VN_ADMIN_PRE_2025,VNAP25-C0B438B8A1,VN_ADMIN_2025,VNA25-C836ADA548,MERGED_INTO
VN_ADMIN_PRE_2025,VNAP25-42FEEAAEAD,VN_ADMIN_2025,VNA25-FFD656582A,MERGED_INTO
VN_ADMIN_PRE_2025,VNAP25-CE5ED7769C,VN_ADMIN_2025,VNA25-5E2DCA570D,MERGED_INTO
VN_ADMIN_PRE_2025,VNAP25-0EE47EE6E3,VN_ADMIN_2025,VNA25-5E2DCA570D,MERGED_INTO
VN_ADMIN_PRE_2025,VNAP25-21F354FEED,VN_ADMIN_2025,VNA25-FFD656582A,MERGED_INTO
VN_ADMIN_PRE_2025,VNAP25-CDB23068DA,VN_ADMIN_2025,VNA25-AAEF37A121,MERGED_INTO
VN_ADMIN_PRE_2025,VNAP25-7666B33DC3,VN_ADMIN_2025,VNA25-7481CF30D7,MERGED_INTO
VN_ADMIN_PRE_2025,VNAP25-5DDE5D712F,VN_ADMIN_2025,VNA25-FFD656582A,MERGED_INTO
VN_ADMIN_PRE_2025,VNAP25-3F98472CFD,VN_ADMIN_2025,VNA25-AAEF37A121,MERGED_INTO
VN_ADMIN_PRE_2025,VNAP25-05AAF0ED4D,VN_ADMIN_2025,VNA25-7481CF30D7,MERGED_INTO
VN_ADMIN_PRE_2025,VNAP25-B18C4FFD1A,VN_ADMIN_2025,VNA25-AAEF37A121,MERGED_INTO
VN_ADMIN_PRE_2025,VNAP25-97B3C194DF,VN_ADMIN_2025,VNA25-7481CF30D7,MERGED_INTO
VN_ADMIN_PRE_2025,VNAP25-BDDEE5A46F,VN_ADMIN_2025,VNA25-DBB36C02F0,MERGED_INTO
VN_ADMIN_PRE_2025,VNAP25-F085222A28,VN_ADMIN_2025,VNA25-C836ADA548,MERGED_INTO
VN_ADMIN_PRE_2025,VNAP25-001556454E,VN_ADMIN_2025,VNA25-5E2DCA570D,MERGED_INTO
VN_ADMIN_PRE_2025,VNAP25-03CE3095CB,VN_ADMIN_2025,VNA25-C836ADA548,MERGED_INTO
VN_ADMIN_PRE_2025,VNAP25-E55352B314,VN_ADMIN_2025,VNA25-AAEF37A121,MERGED_INTO
VN_ADMIN_PRE_2025,VNAP25-2F52A0CB2A,VN_ADMIN_2025,VNA25-7481CF30D7,SPLIT_INTO
VN_ADMIN_PRE_2025,VNAP25-2F52A0CB2A,VN_ADMIN_2025,VNA25-DBB36C02F0,SPLIT_INTO
VN_ADMIN_PRE_2025,VNAP25-F7AC72A2F1,VN_ADMIN_2025,VNA25-5E2DCA570D,MERGED_INTO
VN_ADMIN_PRE_2025,VNAP25-257FEB5677,VN_ADMIN_2025,VNA25-FFD656582A,MERGED_INTO
VN_ADMIN_PRE_2025,VNAP25-98CCD498DE,VN_ADMIN_2025,VNA25-C836ADA548,MERGED_INTO
VN_ADMIN_PRE_2025,VNAP25-5C64AA7086,VN_ADMIN_2025,VNA25-DBB36C02F0,MERGED_INTO
VN_ADMIN_PRE_2025,VNAP25-3C4710A828,VN_ADMIN_2025,VNA25-C836ADA548,MERGED_INTO
VN_ADMIN_PRE_2025,VNAP25-1224D186A6,VN_ADMIN_2025,VNA25-AAEF37A121,MERGED_INTO
VN_ADMIN_PRE_2025,VNAP25-D9BA8AC050,VN_ADMIN_2025,VNA25-7481CF30D7,MERGED_INTO
VN_ADMIN_PRE_2025,VNAP25-FE5F78B2A7,VN_ADMIN_2025,VNA25-5E2DCA570D,MERGED_INTO
VN_ADMIN_PRE_2025,VNAP25-D98BEB46CC,VN_ADMIN_2025,VNA25-5E2DCA570D,MERGED_INTO
VN_ADMIN_PRE_2025,VNAP25-2CE10F3FF6,VN_ADMIN_2025,VNA25-FFD656582A,MERGED_INTO
VN_ADMIN_PRE_2025,VNAP25-5FE661B6E2,VN_ADMIN_2025,VNA25-DBB36C02F0,MERGED_INTO
VN_ADMIN_PRE_2025,VNAP25-6968052240,VN_ADMIN_2025,VNA25-7BE46FD640,MERGED_INTO
VN_ADMIN_PRE_2025,VNAP25-BBA699A65A,VN_ADMIN_2025,VNA25-7BE46FD640,MERGED_INTO
VN_ADMIN_PRE_2025,VNAP25-7569445FAA,VN_ADMIN_2025,VNA25-B559BDAEE4,MERGED_INTO
VN_ADMIN_PRE_2025,VNAP25-05FE299CAA,VN_ADMIN_2025,VNA25-2809EF8A4E,SPLIT_INTO
VN_ADMIN_PRE_2025,VNAP25-05FE299CAA,VN_ADMIN_2025,VNA25-B559BDAEE4,SPLIT_INTO
VN_ADMIN_PRE_2025,VNAP25-71F7E6422D,VN_ADMIN_2025,VNA25-11D98A44F9,SPLIT_INTO
VN_ADMIN_PRE_2025,VNAP25-71F7E6422D,VN_ADMIN_2025,VNA25-B559BDAEE4,SPLIT_INTO
VN_ADMIN_PRE_2025,VNAP25-E577B8FD6B,VN_ADMIN_2025,VNA25-B559BDAEE4,MERGED_INTO
VN_ADMIN_PRE_2025,VNAP25-D1DC113423,VN_ADMIN_2025,VNA25-11D98A44F9,SPLIT_INTO
VN_ADMIN_PRE_2025,VNAP25-D1DC113423,VN_ADMIN_2025,VNA25-B559BDAEE4,SPLIT_INTO
VN_ADMIN_PRE_2025,VNAP25-BE5D0A0271,VN_ADMIN_2025,VNA25-7BE46FD640,MERGED_INTO
VN_ADMIN_PRE_2025,VNAP25-6918FF25A4,VN_ADMIN_2025,VNA25-5560768176,MERGED_INTO
VN_ADMIN_PRE_2025,VNAP25-150249C1BA,VN_ADMIN_2025,VNA25-7BE46FD640,MERGED_INTO
VN_ADMIN_PRE_2025,VNAP25-DAB68E4C88,VN_ADMIN_2025,VNA25-B559BDAEE4,MERGED_INTO
VN_ADMIN_PRE_2025,VNAP25-2C0E77A00C,VN_ADMIN_2025,VNA25-B559BDAEE4,MERGED_INTO
VN_ADMIN_PRE_2025,VNAP25-C490E80A3A,VN_ADMIN_2025,VNA25-5560768176,MERGED_INTO
VN_ADMIN_PRE_2025,VNAP25-C45A2A47C1,VN_ADMIN_2025,VNA25-5560768176,MERGED_INTO
VN_ADMIN_PRE_2025,VNAP25-62B211CC3B,VN_ADMIN_2025,VNA25-7BE46FD640,MERGED_INTO
VN_ADMIN_PRE_2025,VNAP25-1E3EEC4B26,VN_ADMIN_2025,VNA25-2809EF8A4E,SPLIT_INTO
VN_ADMIN_PRE_2025,VNAP25-1E3EEC4B26,VN_ADMIN_2025,VNA25-5560768176,SPLIT_INTO
VN_ADMIN_PRE_2025,VNAP25-264BC11096,VN_ADMIN_2025,VNA25-7E76A465B7,MERGED_INTO
VN_ADMIN_PRE_2025,VNAP25-49C24A2E3D,VN_ADMIN_2025,VNA25-F445ABCA6E,MERGED_INTO
VN_ADMIN_PRE_2025,VNAP25-D94E2122C8,VN_ADMIN_2025,VNA25-11D98A44F9,SPLIT_INTO
VN_ADMIN_PRE_2025,VNAP25-D94E2122C8,VN_ADMIN_2025,VNA25-AE5903765E,SPLIT_INTO
VN_ADMIN_PRE_2025,VNAP25-43F34B7D4E,VN_ADMIN_2025,VNA25-7E76A465B7,SPLIT_INTO
VN_ADMIN_PRE_2025,VNAP25-43F34B7D4E,VN_ADMIN_2025,VNA25-BD200ECFB4,SPLIT_INTO
VN_ADMIN_PRE_2025,VNAP25-43F34B7D4E,VN_ADMIN_2025,VNA25-F445ABCA6E,SPLIT_INTO
VN_ADMIN_PRE_2025,VNAP25-2BCA430100,VN_ADMIN_2025,VNA25-F445ABCA6E,MERGED_INTO
VN_ADMIN_PRE_2025,VNAP25-EE9415EDE9,VN_ADMIN_2025,VNA25-BD200ECFB4,SPLIT_INTO
VN_ADMIN_PRE_2025,VNAP25-EE9415EDE9,VN_ADMIN_2025,VNA25-F445ABCA6E,SPLIT_INTO
VN_ADMIN_PRE_2025,VNAP25-C9FBB6F29B,VN_ADMIN_2025,VNA25-6A06B7AC64,MERGED_INTO
VN_ADMIN_PRE_2025,VNAP25-229EABEA62,VN_ADMIN_2025,VNA25-AE5903765E,MERGED_INTO
VN_ADMIN_PRE_2025,VNAP25-0CF3C698FD,VN_ADMIN_2025,VNA25-6A06B7AC64,SPLIT_INTO
VN_ADMIN_PRE_2025,VNAP25-0CF3C698FD,VN_ADMIN_2025,VNA25-AE5903765E,SPLIT_INTO
VN_ADMIN_PRE_2025,VNAP25-BDBD7F674D,VN_ADMIN_2025,VNA25-BD200ECFB4,MERGED_INTO
VN_ADMIN_PRE_2025,VNAP25-6E602565D9,VN_ADMIN_2025,VNA25-F445ABCA6E,MERGED_INTO
VN_ADMIN_PRE_2025,VNAP25-8C17E6C03D,VN_ADMIN_2025,VNA25-7E76A465B7,MERGED_INTO
VN_ADMIN_PRE_2025,VNAP25-B5EAAB1F58,VN_ADMIN_2025,VNA25-7E76A465B7,MERGED_INTO
VN_ADMIN_PRE_2025,VNAP25-2A212438AE,VN_ADMIN_2025,VNA25-6A06B7AC64,MERGED_INTO
VN_ADMIN_PRE_2025,VNAP25-0E98C53984,VN_ADMIN_2025,VNA25-BD200ECFB4,MERGED_INTO
VN_ADMIN_PRE_2025,VNAP25-33A1F96C94,VN_ADMIN_2025,VNA25-7E76A465B7,MERGED_INTO
VN_ADMIN_PRE_2025,VNAP25-3B448C5AAC,VN_ADMIN_2025,VNA25-BD200ECFB4,SPLIT_INTO
VN_ADMIN_PRE_2025,VNAP25-3B448C5AAC,VN_ADMIN_2025,VNA25-F445ABCA6E,SPLIT_INTO
VN_ADMIN_PRE_2025,VNAP25-2F69F9DE22,VN_ADMIN_2025,VNA25-BD200ECFB4,MERGED_INTO
VN_ADMIN_PRE_2025,VNAP25-AFCC827AE3,VN_ADMIN_2025,VNA25-7E76A465B7,MERGED_INTO
VN_ADMIN_PRE_2025,VNAP25-AD8389B15A,VN_ADMIN_2025,VNA25-BD200ECFB4,SPLIT_INTO
VN_ADMIN_PRE_2025,VNAP25-AD8389B15A,VN_ADMIN_2025,VNA25-F445ABCA6E,SPLIT_INTO
VN_ADMIN_PRE_2025,VNAP25-D53FA7AA75,VN_ADMIN_2025,VNA25-6A06B7AC64,SPLIT_INTO
VN_ADMIN_PRE_2025,VNAP25-D53FA7AA75,VN_ADMIN_2025,VNA25-F445ABCA6E,SPLIT_INTO
VN_ADMIN_PRE_2025,VNAP25-D379C8591C,VN_ADMIN_2025,VNA25-AE5903765E,MERGED_INTO
VN_ADMIN_PRE_2025,VNAP25-A3FE86D92E,VN_ADMIN_2025,VNA25-6A06B7AC64,SPLIT_INTO
VN_ADMIN_PRE_2025,VNAP25-A3FE86D92E,VN_ADMIN_2025,VNA25-F445ABCA6E,SPLIT_INTO
VN_ADMIN_PRE_2025,VNAP25-11B06D4A5A,VN_ADMIN_2025,VNA25-BD200ECFB4,MERGED_INTO
VN_ADMIN_PRE_2025,VNAP25-67D39D784F,VN_ADMIN_2025,VNA25-A2E55A35BB,MERGED_INTO
VN_ADMIN_PRE_2025,VNAP25-AD4CD504A4,VN_ADMIN_2025,VNA25-A2E55A35BB,SPLIT_INTO
VN_ADMIN_PRE_2025,VNAP25-AD4CD504A4,VN_ADMIN_2025,VNA25-C4143CCDDB,SPLIT_INTO
VN_ADMIN_PRE_2025,VNAP25-AB27B28516,VN_ADMIN_2025,VNA25-C4143CCDDB,MERGED_INTO
VN_ADMIN_PRE_2025,VNAP25-8C181B3475,VN_ADMIN_2025,VNA25-CA43A8799C,MERGED_INTO
VN_ADMIN_PRE_2025,VNAP25-B64F3247E4,VN_ADMIN_2025,VNA25-CA43A8799C,MERGED_INTO
VN_ADMIN_PRE_2025,VNAP25-142891D38F,VN_ADMIN_2025,VNA25-B5EBABFCF9,SPLIT_INTO
VN_ADMIN_PRE_2025,VNAP25-142891D38F,VN_ADMIN_2025,VNA25-C229ED4242,SPLIT_INTO
VN_ADMIN_PRE_2025,VNAP25-142891D38F,VN_ADMIN_2025,VNA25-E0228A4120,SPLIT_INTO
VN_ADMIN_PRE_2025,VNAP25-C0F42F0531,VN_ADMIN_2025,VNA25-B5EBABFCF9,MERGED_INTO
VN_ADMIN_PRE_2025,VNAP25-454D079E9C,VN_ADMIN_2025,VNA25-C229ED4242,SPLIT_INTO
VN_ADMIN_PRE_2025,VNAP25-454D079E9C,VN_ADMIN_2025,VNA25-CA43A8799C,SPLIT_INTO
VN_ADMIN_PRE_2025,VNAP25-8A312BD94D,VN_ADMIN_2025,VNA25-A2E55A35BB,SPLIT_INTO
VN_ADMIN_PRE_2025,VNAP25-8A312BD94D,VN_ADMIN_2025,VNA25-C229ED4242,SPLIT_INTO
VN_ADMIN_PRE_2025,VNAP25-C98CA639E2,VN_ADMIN_2025,VNA25-C4143CCDDB,SPLIT_INTO
VN_ADMIN_PRE_2025,VNAP25-C98CA639E2,VN_ADMIN_2025,VNA25-CA43A8799C,SPLIT_INTO
VN_ADMIN_PRE_2025,VNAP25-16E1845825,VN_ADMIN_2025,VNA25-CA43A8799C,MERGED_INTO
VN_ADMIN_PRE_2025,VNAP25-AB79F66D4A,VN_ADMIN_2025,VNA25-C229ED4242,SPLIT_INTO
VN_ADMIN_PRE_2025,VNAP25-AB79F66D4A,VN_ADMIN_2025,VNA25-CA43A8799C,SPLIT_INTO
VN_ADMIN_PRE_2025,VNAP25-D163D20939,VN_ADMIN_2025,VNA25-C229ED4242,SPLIT_INTO
VN_ADMIN_PRE_2025,VNAP25-D163D20939,VN_ADMIN_2025,VNA25-CA43A8799C,SPLIT_INTO
VN_ADMIN_PRE_2025,VNAP25-C3EF2001D1,VN_ADMIN_2025,VNA25-C4143CCDDB,MERGED_INTO
VN_ADMIN_PRE_2025,VNAP25-57F601C888,VN_ADMIN_2025,VNA25-A2E55A35BB,SPLIT_INTO
VN_ADMIN_PRE_2025,VNAP25-57F601C888,VN_ADMIN_2025,VNA25-C229ED4242,SPLIT_INTO
VN_ADMIN_PRE_2025,VNAP25-57F601C888,VN_ADMIN_2025,VNA25-CA43A8799C,SPLIT_INTO
VN_ADMIN_PRE_2025,VNAP25-892835C90B,VN_ADMIN_2025,VNA25-C4143CCDDB,MERGED_INTO
VN_ADMIN_PRE_2025,VNAP25-8DFF00D26F,VN_ADMIN_2025,VNA25-A2E55A35BB,SPLIT_INTO
VN_ADMIN_PRE_2025,VNAP25-8DFF00D26F,VN_ADMIN_2025,VNA25-C4143CCDDB,SPLIT_INTO
VN_ADMIN_PRE_2025,VNAP25-4B3C276B38,VN_ADMIN_2025,VNA25-0FB4B64B0D,MERGED_INTO
VN_ADMIN_PRE_2025,VNAP25-56E431BB5F,VN_ADMIN_2025,VNA25-0C35843083,SPLIT_INTO
VN_ADMIN_PRE_2025,VNAP25-56E431BB5F,VN_ADMIN_2025,VNA25-4E8989D12C,SPLIT_INTO
VN_ADMIN_PRE_2025,VNAP25-56E431BB5F,VN_ADMIN_2025,VNA25-7A507A8FB1,SPLIT_INTO
VN_ADMIN_PRE_2025,VNAP25-7159200004,VN_ADMIN_2025,VNA25-0C35843083,SPLIT_INTO
VN_ADMIN_PRE_2025,VNAP25-7159200004,VN_ADMIN_2025,VNA25-0FB4B64B0D,SPLIT_INTO
VN_ADMIN_PRE_2025,VNAP25-F0B5F9032C,VN_ADMIN_2025,VNA25-0C35843083,SPLIT_INTO
VN_ADMIN_PRE_2025,VNAP25-F0B5F9032C,VN_ADMIN_2025,VNA25-4E8989D12C,SPLIT_INTO
VN_ADMIN_PRE_2025,VNAP25-CCB80BEFBB,VN_ADMIN_2025,VNA25-4E8989D12C,MERGED_INTO
VN_ADMIN_PRE_2025,VNAP25-9215E66AE3,VN_ADMIN_2025,VNA25-0C35843083,MERGED_INTO
VN_ADMIN_PRE_2025,VNAP25-D09F0F901A,VN_ADMIN_2025,VNA25-0C35843083,SPLIT_INTO
VN_ADMIN_PRE_2025,VNAP25-D09F0F901A,VN_ADMIN_2025,VNA25-0FB4B64B0D,SPLIT_INTO
VN_ADMIN_PRE_2025,VNAP25-BA823CC76F,VN_ADMIN_2025,VNA25-0FB4B64B0D,MERGED_INTO
VN_ADMIN_PRE_2025,VNAP25-892E9670A9,VN_ADMIN_2025,VNA25-4E8989D12C,MERGED_INTO
VN_ADMIN_PRE_2025,VNAP25-CD4B9CE8A2,VN_ADMIN_2025,VNA25-7A507A8FB1,MERGED_INTO
VN_ADMIN_PRE_2025,VNAP25-570DF9C107,VN_ADMIN_2025,VNA25-7A507A8FB1,MERGED_INTO
VN_ADMIN_PRE_2025,VNAP25-349CB1C729,VN_ADMIN_2025,VNA25-4E8989D12C,MERGED_INTO
VN_ADMIN_PRE_2025,VNAP25-DFF6AD0ECF,VN_ADMIN_2025,VNA25-7A507A8FB1,MERGED_INTO
VN_ADMIN_PRE_2025,VNAP25-17D6A080FF,VN_ADMIN_2025,VNA25-0C35843083,MERGED_INTO
VN_ADMIN_PRE_2025,VNAP25-6ADB452975,VN_ADMIN_2025,VNA25-7A507A8FB1,MERGED_INTO
VN_ADMIN_PRE_2025,VNAP25-F8F5B8E362,VN_ADMIN_2025,VNA25-7A507A8FB1,MERGED_INTO
VN_ADMIN_PRE_2025,VNAP25-48BAE7BCEB,VN_ADMIN_2025,VNA25-7A507A8FB1,MERGED_INTO
VN_ADMIN_PRE_2025,VNAP25-BAC6271505,VN_ADMIN_2025,VNA25-C836ADA548,MERGED_INTO
VN_ADMIN_PRE_2025,VNAP25-EF3921BFF8,VN_ADMIN_2025,VNA25-ACD54D5D21,MERGED_INTO
VN_ADMIN_PRE_2025,VNAP25-726D04C932,VN_ADMIN_2025,VNA25-40A0C5B590,MERGED_INTO
VN_ADMIN_PRE_2025,VNAP25-681531D392,VN_ADMIN_2025,VNA25-48DA5E96EB,SPLIT_INTO
VN_ADMIN_PRE_2025,VNAP25-681531D392,VN_ADMIN_2025,VNA25-B314057769,SPLIT_INTO
VN_ADMIN_PRE_2025,VNAP25-0811D09D5D,VN_ADMIN_2025,VNA25-48DA5E96EB,MERGED_INTO
VN_ADMIN_PRE_2025,VNAP25-39C3E8D97D,VN_ADMIN_2025,VNA25-40A0C5B590,SPLIT_INTO
VN_ADMIN_PRE_2025,VNAP25-39C3E8D97D,VN_ADMIN_2025,VNA25-B314057769,SPLIT_INTO
VN_ADMIN_PRE_2025,VNAP25-E34CAA819A,VN_ADMIN_2025,VNA25-B314057769,MERGED_INTO
VN_ADMIN_PRE_2025,VNAP25-F56C804965,VN_ADMIN_2025,VNA25-48DA5E96EB,MERGED_INTO
VN_ADMIN_PRE_2025,VNAP25-8262AAC28F,VN_ADMIN_2025,VNA25-4267F65B24,MERGED_INTO
VN_ADMIN_PRE_2025,VNAP25-63E4FFE87B,VN_ADMIN_2025,VNA25-4267F65B24,SPLIT_INTO
VN_ADMIN_PRE_2025,VNAP25-63E4FFE87B,VN_ADMIN_2025,VNA25-4811CEDEC0,SPLIT_INTO
VN_ADMIN_PRE_2025,VNAP25-4E452F071B,VN_ADMIN_2025,VNA25-B314057769,MERGED_INTO
VN_ADMIN_PRE_2025,VNAP25-8B8D1CAC07,VN_ADMIN_2025,VNA25-B314057769,MERGED_INTO
VN_ADMIN_PRE_2025,VNAP25-7F2922A412,VN_ADMIN_2025,VNA25-B314057769,MERGED_INTO
VN_ADMIN_PRE_2025,VNAP25-255E02CD96,VN_ADMIN_2025,VNA25-9AB57CEFD4,SPLIT_INTO
VN_ADMIN_PRE_2025,VNAP25-255E02CD96,VN_ADMIN_2025,VNA25-B314057769,SPLIT_INTO
VN_ADMIN_PRE_2025,VNAP25-87BACA48F2,VN_ADMIN_2025,VNA25-40A0C5B590,SPLIT_INTO
VN_ADMIN_PRE_2025,VNAP25-87BACA48F2,VN_ADMIN_2025,VNA25-ACD54D5D21,SPLIT_INTO
VN_ADMIN_PRE_2025,VNAP25-94D00F1134,VN_ADMIN_2025,VNA25-9029E55C07,SPLIT_INTO
VN_ADMIN_PRE_2025,VNAP25-94D00F1134,VN_ADMIN_2025,VNA25-D90EFADDDA,SPLIT_INTO
VN_ADMIN_PRE_2025,VNAP25-7F441E7B19,VN_ADMIN_2025,VNA25-0AF82DF58C,MERGED_INTO
VN_ADMIN_PRE_2025,VNAP25-2D22CBC727,VN_ADMIN_2025,VNA25-0AF82DF58C,MERGED_INTO
VN_ADMIN_PRE_2025,VNAP25-7A027516CA,VN_ADMIN_2025,VNA25-D90EFADDDA,MERGED_INTO
VN_ADMIN_PRE_2025,VNAP25-564A1C3BFC,VN_ADMIN_2025,VNA25-0AF82DF58C,SPLIT_INTO
VN_ADMIN_PRE_2025,VNAP25-564A1C3BFC,VN_ADMIN_2025,VNA25-549249F538,SPLIT_INTO
VN_ADMIN_PRE_2025,VNAP25-D162D2F51D,VN_ADMIN_2025,VNA25-D90EFADDDA,MERGED_INTO
VN_ADMIN_PRE_2025,VNAP25-8BB13293B9,VN_ADMIN_2025,VNA25-0AF82DF58C,SPLIT_INTO
VN_ADMIN_PRE_2025,VNAP25-8BB13293B9,VN_ADMIN_2025,VNA25-549249F538,SPLIT_INTO
VN_ADMIN_PRE_2025,VNAP25-061035A0EE,VN_ADMIN_2025,VNA25-D90EFADDDA,MERGED_INTO
VN_ADMIN_PRE_2025,VNAP25-FE90412298,VN_ADMIN_2025,VNA25-D90EFADDDA,MERGED_INTO
VN_ADMIN_PRE_2025,VNAP25-7E34DBEDBD,VN_ADMIN_2025,VNA25-D90EFADDDA,MERGED_INTO
VN_ADMIN_PRE_2025,VNAP25-3611FDA21A,VN_ADMIN_2025,VNA25-0AF82DF58C,MERGED_INTO
VN_ADMIN_PRE_2025,VNAP25-BA68971232,VN_ADMIN_2025,VNA25-2794F76497,SPLIT_INTO
VN_ADMIN_PRE_2025,VNAP25-BA68971232,VN_ADMIN_2025,VNA25-9029E55C07,SPLIT_INTO
VN_ADMIN_PRE_2025,VNAP25-BA68971232,VN_ADMIN_2025,VNA25-9AF244D064,SPLIT_INTO
VN_ADMIN_PRE_2025,VNAP25-33D8F97ED1,VN_ADMIN_2025,VNA25-0AF82DF58C,MERGED_INTO
VN_ADMIN_PRE_2025,VNAP25-C6981D36B5,VN_ADMIN_2025,VNA25-0AF82DF58C,SPLIT_INTO
VN_ADMIN_PRE_2025,VNAP25-C6981D36B5,VN_ADMIN_2025,VNA25-549249F538,SPLIT_INTO
VN_ADMIN_PRE_2025,VNAP25-6FBAA059B8,VN_ADMIN_2025,VNA25-69C6636E6E,SPLIT_INTO
VN_ADMIN_PRE_2025,VNAP25-6FBAA059B8,VN_ADMIN_2025,VNA25-9AF244D064,SPLIT_INTO
VN_ADMIN_PRE_2025,VNAP25-EECE1A7A9E,VN_ADMIN_2025,VNA25-2D69548935,SPLIT_INTO
VN_ADMIN_PRE_2025,VNAP25-EECE1A7A9E,VN_ADMIN_2025,VNA25-DFD32AB0EF,SPLIT_INTO
VN_ADMIN_PRE_2025,VNAP25-D6601525A9,VN_ADMIN_2025,VNA25-DFD32AB0EF,MERGED_INTO
VN_ADMIN_PRE_2025,VNAP25-0B21DA1296,VN_ADMIN_2025,VNA25-D4F8408253,MERGED_INTO
VN_ADMIN_PRE_2025,VNAP25-1470639C31,VN_ADMIN_2025,VNA25-D4F8408253,MERGED_INTO
VN_ADMIN_PRE_2025,VNAP25-43150E70F7,VN_ADMIN_2025,VNA25-F81EB6D253,MERGED_INTO
VN_ADMIN_PRE_2025,VNAP25-9868D52463,VN_ADMIN_2025,VNA25-DFD32AB0EF,MERGED_INTO
VN_ADMIN_PRE_2025,VNAP25-E179CE7E66,VN_ADMIN_2025,VNA25-F81EB6D253,MERGED_INTO
VN_ADMIN_PRE_2025,VNAP25-AA16B72C1B,VN_ADMIN_2025,VNA25-F81EB6D253,MERGED_INTO
VN_ADMIN_PRE_2025,VNAP25-A332029784,VN_ADMIN_2025,VNA25-D4F8408253,MERGED_INTO
VN_ADMIN_PRE_2025,VNAP25-A5E5B5BE93,VN_ADMIN_2025,VNA25-F81EB6D253,MERGED_INTO
VN_ADMIN_PRE_2025,VNAP25-5FDA07A2FC,VN_ADMIN_2025,VNA25-DFD32AB0EF,MERGED_INTO
VN_ADMIN_PRE_2025,VNAP25-0F74117CEB,VN_ADMIN_2025,VNA25-2D69548935,MERGED_INTO
VN_ADMIN_PRE_2025,VNAP25-B91FEDDF8F,VN_ADMIN_2025,VNA25-D4F8408253,MERGED_INTO
VN_ADMIN_PRE_2025,VNAP25-10CDAF3CEC,VN_ADMIN_2025,VNA25-2D69548935,MERGED_INTO
VN_ADMIN_PRE_2025,VNAP25-BA5B62485D,VN_ADMIN_2025,VNA25-2D69548935,SPLIT_INTO
VN_ADMIN_PRE_2025,VNAP25-BA5B62485D,VN_ADMIN_2025,VNA25-DFD32AB0EF,SPLIT_INTO
VN_ADMIN_PRE_2025,VNAP25-1C8B20C8C6,VN_ADMIN_2025,VNA25-2D69548935,MERGED_INTO
VN_ADMIN_PRE_2025,VNAP25-495D37FE4D,VN_ADMIN_2025,VNA25-F81EB6D253,MERGED_INTO
VN_ADMIN_PRE_2025,VNAP25-B38C268DFB,VN_ADMIN_2025,VNA25-2D69548935,MERGED_INTO
VN_ADMIN_PRE_2025,VNAP25-611DB1BE35,VN_ADMIN_2025,VNA25-DFD32AB0EF,MERGED_INTO
VN_ADMIN_PRE_2025,VNAP25-73546FAD07,VN_ADMIN_2025,VNA25-D4F8408253,MERGED_INTO
VN_ADMIN_PRE_2025,VNAP25-4AE921DEB7,VN_ADMIN_2025,VNA25-9029E55C07,MERGED_INTO
VN_ADMIN_PRE_2025,VNAP25-A242A26BAF,VN_ADMIN_2025,VNA25-3823AB39FD,SPLIT_INTO
VN_ADMIN_PRE_2025,VNAP25-A242A26BAF,VN_ADMIN_2025,VNA25-418E8951A1,SPLIT_INTO
VN_ADMIN_PRE_2025,VNAP25-872509BB08,VN_ADMIN_2025,VNA25-9083EA4894,MERGED_INTO
VN_ADMIN_PRE_2025,VNAP25-31470C6990,VN_ADMIN_2025,VNA25-3823AB39FD,MERGED_INTO
VN_ADMIN_PRE_2025,VNAP25-9C00518A27,VN_ADMIN_2025,VNA25-3823AB39FD,MERGED_INTO
VN_ADMIN_PRE_2025,VNAP25-500C76732E,VN_ADMIN_2025,VNA25-9083EA4894,MERGED_INTO
VN_ADMIN_PRE_2025,VNAP25-D33101A654,VN_ADMIN_2025,VNA25-3823AB39FD,MERGED_INTO
VN_ADMIN_PRE_2025,VNAP25-3F42626A8C,VN_ADMIN_2025,VNA25-3823AB39FD,SPLIT_INTO
VN_ADMIN_PRE_2025,VNAP25-3F42626A8C,VN_ADMIN_2025,VNA25-9083EA4894,SPLIT_INTO
VN_ADMIN_PRE_2025,VNAP25-EFF7CADC38,VN_ADMIN_2025,VNA25-3823AB39FD,MERGED_INTO
VN_ADMIN_PRE_2025,VNAP25-ADA34894C9,VN_ADMIN_2025,VNA25-3823AB39FD,MERGED_INTO
VN_ADMIN_PRE_2025,VNAP25-DAAA4165E5,VN_ADMIN_2025,VNA25-3823AB39FD,MERGED_INTO
VN_ADMIN_PRE_2025,VNAP25-E46DA6CA6B,VN_ADMIN_2025,VNA25-3823AB39FD,MERGED_INTO
VN_ADMIN_PRE_2025,VNAP25-E533DE399A,VN_ADMIN_2025,VNA25-3823AB39FD,MERGED_INTO
VN_ADMIN_PRE_2025,VNAP25-83F986E46B,VN_ADMIN_2025,VNA25-3823AB39FD,MERGED_INTO
VN_ADMIN_PRE_2025,VNAP25-E53761F4DD,VN_ADMIN_2025,VNA25-9083EA4894,MERGED_INTO
VN_ADMIN_PRE_2025,VNAP25-672B42BE23,VN_ADMIN_2025,VNA25-9029E55C07,MERGED_INTO
VN_ADMIN_PRE_2025,VNAP25-C4095EA89B,VN_ADMIN_2025,VNA25-9083EA4894,MERGED_INTO
VN_ADMIN_PRE_2025,VNAP25-4E199EC574,VN_ADMIN_2025,VNA25-3823AB39FD,SPLIT_INTO
VN_ADMIN_PRE_2025,VNAP25-4E199EC574,VN_ADMIN_2025,VNA25-9083EA4894,SPLIT_INTO
VN_ADMIN_PRE_2025,VNAP25-A69E4E82A9,VN_ADMIN_2025,VNA25-72420F0A48,SPLIT_INTO
VN_ADMIN_PRE_2025,VNAP25-A69E4E82A9,VN_ADMIN_2025,VNA25-9D599DC16C,SPLIT_INTO
VN_ADMIN_PRE_2025,VNAP25-6269C81C4D,VN_ADMIN_2025,VNA25-72420F0A48,SPLIT_INTO
VN_ADMIN_PRE_2025,VNAP25-6269C81C4D,VN_ADMIN_2025,VNA25-D8D52E499E,SPLIT_INTO
VN_ADMIN_PRE_2025,VNAP25-89B669D09F,VN_ADMIN_2025,VNA25-214E69C460,SPLIT_INTO
VN_ADMIN_PRE_2025,VNAP25-89B669D09F,VN_ADMIN_2025,VNA25-549249F538,SPLIT_INTO
VN_ADMIN_PRE_2025,VNAP25-D215EF16E2,VN_ADMIN_2025,VNA25-00CFE9F0C0,SPLIT_INTO
VN_ADMIN_PRE_2025,VNAP25-D215EF16E2,VN_ADMIN_2025,VNA25-9D599DC16C,SPLIT_INTO
VN_ADMIN_PRE_2025,VNAP25-305F1DE1BE,VN_ADMIN_2025,VNA25-214E69C460,SPLIT_INTO
VN_ADMIN_PRE_2025,VNAP25-305F1DE1BE,VN_ADMIN_2025,VNA25-549249F538,SPLIT_INTO
VN_ADMIN_PRE_2025,VNAP25-925AD864CC,VN_ADMIN_2025,VNA25-2794F76497,SPLIT_INTO
VN_ADMIN_PRE_2025,VNAP25-925AD864CC,VN_ADMIN_2025,VNA25-69C6636E6E,SPLIT_INTO
VN_ADMIN_PRE_2025,VNAP25-3D94D8F2D0,VN_ADMIN_2025,VNA25-549249F538,SPLIT_INTO
VN_ADMIN_PRE_2025,VNAP25-3D94D8F2D0,VN_ADMIN_2025,VNA25-9AF244D064,SPLIT_INTO
VN_ADMIN_PRE_2025,VNAP25-9004627C42,VN_ADMIN_2025,VNA25-214E69C460,SPLIT_INTO
VN_ADMIN_PRE_2025,VNAP25-9004627C42,VN_ADMIN_2025,VNA25-549249F538,SPLIT_INTO
VN_ADMIN_PRE_2025,VNAP25-D8F3ACD153,VN_ADMIN_2025,VNA25-2794F76497,SPLIT_INTO
VN_ADMIN_PRE_2025,VNAP25-D8F3ACD153,VN_ADMIN_2025,VNA25-69C6636E6E,SPLIT_INTO
VN_ADMIN_PRE_2025,VNAP25-B6B7245B41,VN_ADMIN_2025,VNA25-214E69C460,MERGED_INTO
VN_ADMIN_PRE_2025,VNAP25-FC4E3F42FE,VN_ADMIN_2025,VNA25-214E69C460,SPLIT_INTO
VN_ADMIN_PRE_2025,VNAP25-FC4E3F42FE,VN_ADMIN_2025,VNA25-2794F76497,SPLIT_INTO
VN_ADMIN_PRE_2025,VNAP25-895979ABB0,VN_ADMIN_2025,VNA25-549249F538,MERGED_INTO
VN_ADMIN_PRE_2025,VNAP25-C461326D8E,VN_ADMIN_2025,VNA25-214E69C460,SPLIT_INTO
VN_ADMIN_PRE_2025,VNAP25-C461326D8E,VN_ADMIN_2025,VNA25-69C6636E6E,SPLIT_INTO
VN_ADMIN_PRE_2025,VNAP25-0E4DE70C17,VN_ADMIN_2025,VNA25-00CFE9F0C0,SPLIT_INTO
VN_ADMIN_PRE_2025,VNAP25-0E4DE70C17,VN_ADMIN_2025,VNA25-214E69C460,SPLIT_INTO
VN_ADMIN_PRE_2025,VNAP25-0E4DE70C17,VN_ADMIN_2025,VNA25-2794F76497,SPLIT_INTO
VN_ADMIN_PRE_2025,VNAP25-480BCADB39,VN_ADMIN_2025,VNA25-9029E55C07,SPLIT_INTO
VN_ADMIN_PRE_2025,VNAP25-480BCADB39,VN_ADMIN_2025,VNA25-A4C7C0ACAA,SPLIT_INTO
VN_ADMIN_PRE_2025,VNAP25-1A01D9A046,VN_ADMIN_2025,VNA25-066441DEF0,SPLIT_INTO
VN_ADMIN_PRE_2025,VNAP25-1A01D9A046,VN_ADMIN_2025,VNA25-0FB4B64B0D,SPLIT_INTO
VN_ADMIN_PRE_2025,VNAP25-6DFAAD152C,VN_ADMIN_2025,VNA25-2960D24446,MERGED_INTO
VN_ADMIN_PRE_2025,VNAP25-78B4AC308F,VN_ADMIN_2025,VNA25-2960D24446,SPLIT_INTO
VN_ADMIN_PRE_2025,VNAP25-78B4AC308F,VN_ADMIN_2025,VNA25-A4C7C0ACAA,SPLIT_INTO
VN_ADMIN_PRE_2025,VNAP25-8F66A2C491,VN_ADMIN_2025,VNA25-2960D24446,MERGED_INTO
VN_ADMIN_PRE_2025,VNAP25-D5F4D42F71,VN_ADMIN_2025,VNA25-066441DEF0,MERGED_INTO
VN_ADMIN_PRE_2025,VNAP25-9FF9D093A0,VN_ADMIN_2025,VNA25-A4C7C0ACAA,MERGED_INTO
VN_ADMIN_PRE_2025,VNAP25-322BCB8C48,VN_ADMIN_2025,VNA25-9029E55C07,SPLIT_INTO
VN_ADMIN_PRE_2025,VNAP25-322BCB8C48,VN_ADMIN_2025,VNA25-A4C7C0ACAA,SPLIT_INTO
VN_ADMIN_PRE_2025,VNAP25-ED8A2B5787,VN_ADMIN_2025,VNA25-066441DEF0,SPLIT_INTO
VN_ADMIN_PRE_2025,VNAP25-ED8A2B5787,VN_ADMIN_2025,VNA25-789C848B3B,SPLIT_INTO
VN_ADMIN_PRE_2025,VNAP25-EC10F31B43,VN_ADMIN_2025,VNA25-789C848B3B,MERGED_INTO
VN_ADMIN_PRE_2025,VNAP25-AEEFEC1254,VN_ADMIN_2025,VNA25-066441DEF0,SPLIT_INTO
VN_ADMIN_PRE_2025,VNAP25-AEEFEC1254,VN_ADMIN_2025,VNA25-0C35843083,SPLIT_INTO
VN_ADMIN_PRE_2025,VNAP25-C122F6CA62,VN_ADMIN_2025,VNA25-2960D24446,SPLIT_INTO
VN_ADMIN_PRE_2025,VNAP25-C122F6CA62,VN_ADMIN_2025,VNA25-A4C7C0ACAA,SPLIT_INTO
VN_ADMIN_PRE_2025,VNAP25-5E42C5EDB0,VN_ADMIN_2025,VNA25-2960D24446,SPLIT_INTO
VN_ADMIN_PRE_2025,VNAP25-5E42C5EDB0,VN_ADMIN_2025,VNA25-789C848B3B,SPLIT_INTO
VN_ADMIN_PRE_2025,VNAP25-18F04DD215,VN_ADMIN_2025,VNA25-3390A6F0AE,MERGED_INTO
VN_ADMIN_PRE_2025,VNAP25-86F8754B46,VN_ADMIN_2025,VNA25-2809EF8A4E,MERGED_INTO
VN_ADMIN_PRE_2025,VNAP25-DC88BC0618,VN_ADMIN_2025,VNA25-3390A6F0AE,SPLIT_INTO
VN_ADMIN_PRE_2025,VNAP25-DC88BC0618,VN_ADMIN_2025,VNA25-9B6EAA5B98,SPLIT_INTO
VN_ADMIN_PRE_2025,VNAP25-2CE1CEF04D,VN_ADMIN_2025,VNA25-2809EF8A4E,MERGED_INTO
VN_ADMIN_PRE_2025,VNAP25-FDD7D7A081,VN_ADMIN_2025,VNA25-3390A6F0AE,SPLIT_INTO
VN_ADMIN_PRE_2025,VNAP25-FDD7D7A081,VN_ADMIN_2025,VNA25-9B6EAA5B98,SPLIT_INTO
VN_ADMIN_PRE_2025,VNAP25-9132455A86,VN_ADMIN_2025,VNA25-2809EF8A4E,MERGED_INTO
VN_ADMIN_PRE_2025,VNAP25-CE5647FE7D,VN_ADMIN_2025,VNA25-11D98A44F9,SPLIT_INTO
VN_ADMIN_PRE_2025,VNAP25-CE5647FE7D,VN_ADMIN_2025,VNA25-3390A6F0AE,SPLIT_INTO
VN_ADMIN_PRE_2025,VNAP25-CE5647FE7D,VN_ADMIN_2025,VNA25-9B6EAA5B98,SPLIT_INTO
VN_ADMIN_PRE_2025,VNAP25-C393ABBED4,VN_ADMIN_2025,VNA25-3390A6F0AE,MERGED_INTO
VN_ADMIN_PRE_2025,VNAP25-32588C329A,VN_ADMIN_2025,VNA25-9B6EAA5B98,MERGED_INTO
VN_ADMIN_PRE_2025,VNAP25-ACC31E108E,VN_ADMIN_2025,VNA25-2809EF8A4E,SPLIT_INTO
VN_ADMIN_PRE_2025,VNAP25-ACC31E108E,VN_ADMIN_2025,VNA25-9B6EAA5B98,SPLIT_INTO
VN_ADMIN_PRE_2025,VNAP25-CDAE42B516,VN_ADMIN_2025,VNA25-3390A6F0AE,SPLIT_INTO
VN_ADMIN_PRE_2025,VNAP25-CDAE42B516,VN_ADMIN_2025,VNA25-9B6EAA5B98,SPLIT_INTO
VN_ADMIN_PRE_2025,VNAP25-16E0812776,VN_ADMIN_2025,VNA25-11D98A44F9,MERGED_INTO
VN_ADMIN_PRE_2025,VNAP25-D5BDAD87F3,VN_ADMIN_2025,VNA25-9B6EAA5B98,MERGED_INTO
VN_ADMIN_PRE_2025,VNAP25-62763DE102,VN_ADMIN_2025,VNA25-2809EF8A4E,MERGED_INTO
VN_ADMIN_PRE_2025,VNAP25-9B80DB9C35,VN_ADMIN_2025,VNA25-11D98A44F9,MERGED_INTO
VN_ADMIN_PRE_2025,VNAP25-7D2B7E7318,VN_ADMIN_2025,VNA25-9B6EAA5B98,MERGED_INTO
VN_ADMIN_PRE_2025,VNAP25-E42A005226,VN_ADMIN_2025,VNA25-11D98A44F9,SPLIT_INTO
VN_ADMIN_PRE_2025,VNAP25-E42A005226,VN_ADMIN_2025,VNA25-9B6EAA5B98,SPLIT_INTO
VN_ADMIN_PRE_2025,VNAP25-51A1D5E2EE,VN_ADMIN_2025,VNA25-22F4E3CE41,MERGED_INTO
VN_ADMIN_PRE_2025,VNAP25-11163E0D29,VN_ADMIN_2025,VNA25-A704A5FECD,MERGED_INTO
VN_ADMIN_PRE_2025,VNAP25-1A979690BE,VN_ADMIN_2025,VNA25-B7D300620B,MERGED_INTO
VN_ADMIN_PRE_2025,VNAP25-56C54DBD0F,VN_ADMIN_2025,VNA25-A704A5FECD,MERGED_INTO
VN_ADMIN_PRE_2025,VNAP25-34E55738DA,VN_ADMIN_2025,VNA25-A704A5FECD,MERGED_INTO
VN_ADMIN_PRE_2025,VNAP25-55B6787673,VN_ADMIN_2025,VNA25-33E62407AE,SPLIT_INTO
VN_ADMIN_PRE_2025,VNAP25-55B6787673,VN_ADMIN_2025,VNA25-7481CF30D7,SPLIT_INTO
VN_ADMIN_PRE_2025,VNAP25-04322C452B,VN_ADMIN_2025,VNA25-22F4E3CE41,MERGED_INTO
VN_ADMIN_PRE_2025,VNAP25-252EA992BA,VN_ADMIN_2025,VNA25-A704A5FECD,MERGED_INTO
VN_ADMIN_PRE_2025,VNAP25-2D30685829,VN_ADMIN_2025,VNA25-22F4E3CE41,MERGED_INTO
VN_ADMIN_PRE_2025,VNAP25-6AADDCD5D3,VN_ADMIN_2025,VNA25-B7D300620B,MERGED_INTO
VN_ADMIN_PRE_2025,VNAP25-C3E3DD9C1F,VN_ADMIN_2025,VNA25-B7D300620B,MERGED_INTO
VN_ADMIN_PRE_2025,VNAP25-DF08B453F5,VN_ADMIN_2025,VNA25-22F4E3CE41,MERGED_INTO
VN_ADMIN_PRE_2025,VNAP25-22DFD78190,VN_ADMIN_2025,VNA25-33E62407AE,MERGED_INTO
VN_ADMIN_PRE_2025,VNAP25-186332B8F4,VN_ADMIN_2025,VNA25-A704A5FECD,MERGED_INTO
VN_ADMIN_PRE_2025,VNAP25-A3D9DE3EA5,VN_ADMIN_2025,VNA25-33E62407AE,MERGED_INTO
VN_ADMIN_PRE_2025,VNAP25-BE2A6A9AF5,VN_ADMIN_2025,VNA25-22F4E3CE41,MERGED_INTO
VN_ADMIN_PRE_2025,VNAP25-2D04ECC371,VN_ADMIN_2025,VNA25-33E62407AE,MERGED_INTO
VN_ADMIN_PRE_2025,VNAP25-EC7EA4A9EA,VN_ADMIN_2025,VNA25-33E62407AE,MERGED_INTO
VN_ADMIN_PRE_2025,VNAP25-055C50D59F,VN_ADMIN_2025,VNA25-B7D300620B,MERGED_INTO
VN_ADMIN_PRE_2025,VNAP25-2F81A861B7,VN_ADMIN_2025,VNA25-22F4E3CE41,MERGED_INTO
VN_ADMIN_PRE_2025,VNAP25-48146601CF,VN_ADMIN_2025,VNA25-5ABDC9EFDD,MERGED_INTO
VN_ADMIN_PRE_2025,VNAP25-9565A6D6B8,VN_ADMIN_2025,VNA25-1DF19CCEF5,SPLIT_INTO
VN_ADMIN_PRE_2025,VNAP25-9565A6D6B8,VN_ADMIN_2025,VNA25-3A2B0ACF04,SPLIT_INTO
VN_ADMIN_PRE_2025,VNAP25-597D1B6D8D,VN_ADMIN_2025,VNA25-1DF19CCEF5,SPLIT_INTO
VN_ADMIN_PRE_2025,VNAP25-597D1B6D8D,VN_ADMIN_2025,VNA25-5ABDC9EFDD,SPLIT_INTO
VN_ADMIN_PRE_2025,VNAP25-065AF11099,VN_ADMIN_2025,VNA25-5ABDC9EFDD,SPLIT_INTO
VN_ADMIN_PRE_2025,VNAP25-065AF11099,VN_ADMIN_2025,VNA25-AFC2358AD1,SPLIT_INTO
VN_ADMIN_PRE_2025,VNAP25-15A5A95F4E,VN_ADMIN_2025,VNA25-5ABDC9EFDD,SPLIT_INTO
VN_ADMIN_PRE_2025,VNAP25-15A5A95F4E,VN_ADMIN_2025,VNA25-AFC2358AD1,SPLIT_INTO
VN_ADMIN_PRE_2025,VNAP25-1E47C47531,VN_ADMIN_2025,VNA25-1DF19CCEF5,SPLIT_INTO
VN_ADMIN_PRE_2025,VNAP25-1E47C47531,VN_ADMIN_2025,VNA25-5ABDC9EFDD,SPLIT_INTO
VN_ADMIN_PRE_2025,VNAP25-BCA31C4FF5,VN_ADMIN_2025,VNA25-F2C22EF14C,MERGED_INTO
VN_ADMIN_PRE_2025,VNAP25-8413BBC86E,VN_ADMIN_2025,VNA25-3A2B0ACF04,SPLIT_INTO
VN_ADMIN_PRE_2025,VNAP25-8413BBC86E,VN_ADMIN_2025,VNA25-F2C22EF14C,SPLIT_INTO
VN_ADMIN_PRE_2025,VNAP25-190E38F60B,VN_ADMIN_2025,VNA25-1DF19CCEF5,MERGED_INTO
VN_ADMIN_PRE_2025,VNAP25-82A0CCA458,VN_ADMIN_2025,VNA25-F2C22EF14C,MERGED_INTO
VN_ADMIN_PRE_2025,VNAP25-B116080A99,VN_ADMIN_2025,VNA25-556EB4C764,MERGED_INTO
VN_ADMIN_PRE_2025,VNAP25-1F75312371,VN_ADMIN_2025,VNA25-19C8A7E137,MERGED_INTO
VN_ADMIN_PRE_2025,VNAP25-5D96AABB50,VN_ADMIN_2025,VNA25-19C8A7E137,MERGED_INTO
VN_ADMIN_PRE_2025,VNAP25-4457C50635,VN_ADMIN_2025,VNA25-556EB4C764,MERGED_INTO
VN_ADMIN_PRE_2025,VNAP25-9E97278870,VN_ADMIN_2025,VNA25-D77B5D0AEC,MERGED_INTO
VN_ADMIN_PRE_2025,VNAP25-1F22B370BC,VN_ADMIN_2025,VNA25-D77B5D0AEC,MERGED_INTO
VN_ADMIN_PRE_2025,VNAP25-F21E39AA93,VN_ADMIN_2025,VNA25-EC3CE54CA2,MERGED_INTO
VN_ADMIN_PRE_2025,VNAP25-3BFB7237CD,VN_ADMIN_2025,VNA25-556EB4C764,MERGED_INTO
VN_ADMIN_PRE_2025,VNAP25-7DCF9C6B5D,VN_ADMIN_2025,VNA25-556EB4C764,MERGED_INTO
VN_ADMIN_PRE_2025,VNAP25-FF48A0C737,VN_ADMIN_2025,VNA25-EC3CE54CA2,MERGED_INTO
VN_ADMIN_PRE_2025,VNAP25-3986723FED,VN_ADMIN_2025,VNA25-EC3CE54CA2,MERGED_INTO
VN_ADMIN_PRE_2025,VNAP25-7D24E9AEA4,VN_ADMIN_2025,VNA25-EC3CE54CA2,MERGED_INTO
VN_ADMIN_PRE_2025,VNAP25-645558E457,VN_ADMIN_2025,VNA25-D77B5D0AEC,MERGED_INTO
VN_ADMIN_PRE_2025,VNAP25-A863C0CDFF,VN_ADMIN_2025,VNA25-EC3CE54CA2,MERGED_INTO
VN_ADMIN_PRE_2025,VNAP25-329347A14F,VN_ADMIN_2025,VNA25-19C8A7E137,MERGED_INTO
VN_ADMIN_PRE_2025,VNAP25-A22741AE16,VN_ADMIN_2025,VNA25-556EB4C764,MERGED_INTO
VN_ADMIN_PRE_2025,VNAP25-0AF70B72EA,VN_ADMIN_2025,VNA25-D77B5D0AEC,MERGED_INTO
VN_ADMIN_PRE_2025,VNAP25-5CA4AA9731,VN_ADMIN_2025,VNA25-EC3CE54CA2,MERGED_INTO
VN_ADMIN_PRE_2025,VNAP25-0F5DCC111B,VN_ADMIN_2025,VNA25-556EB4C764,MERGED_INTO
VN_ADMIN_PRE_2025,VNAP25-3B8575A0C1,VN_ADMIN_2025,VNA25-19C8A7E137,MERGED_INTO
VN_ADMIN_PRE_2025,VNAP25-9E330F994D,VN_ADMIN_2025,VNA25-556EB4C764,MERGED_INTO
VN_ADMIN_PRE_2025,VNAP25-4EDAD21B83,VN_ADMIN_2025,VNA25-D77B5D0AEC,MERGED_INTO
VN_ADMIN_PRE_2025,VNAP25-171714CF66,VN_ADMIN_2025,VNA25-19C8A7E137,MERGED_INTO
VN_ADMIN_PRE_2025,VNAP25-96A6701EE6,VN_ADMIN_2025,VNA25-A3000A26F6,MERGED_INTO
VN_ADMIN_PRE_2025,VNAP25-1C52FFE0A5,VN_ADMIN_2025,VNA25-A3000A26F6,MERGED_INTO
VN_ADMIN_PRE_2025,VNAP25-A73C0AE5C0,VN_ADMIN_2025,VNA25-A3000A26F6,MERGED_INTO
VN_ADMIN_PRE_2025,VNAP25-6E8B6F5FC4,VN_ADMIN_2025,VNA25-90ABD98AD7,MERGED_INTO
VN_ADMIN_PRE_2025,VNAP25-65E86F5A16,VN_ADMIN_2025,VNA25-F8F05B8160,MERGED_INTO
VN_ADMIN_PRE_2025,VNAP25-567C6379CE,VN_ADMIN_2025,VNA25-A3000A26F6,MERGED_INTO
VN_ADMIN_PRE_2025,VNAP25-6D223FDBDA,VN_ADMIN_2025,VNA25-90ABD98AD7,MERGED_INTO
VN_ADMIN_PRE_2025,VNAP25-FF21FBE634,VN_ADMIN_2025,VNA25-90ABD98AD7,MERGED_INTO
VN_ADMIN_PRE_2025,VNAP25-638C2A591A,VN_ADMIN_2025,VNA25-90ABD98AD7,MERGED_INTO
VN_ADMIN_PRE_2025,VNAP25-9854668D64,VN_ADMIN_2025,VNA25-F8F05B8160,MERGED_INTO
VN_ADMIN_PRE_2025,VNAP25-A8E0C63C83,VN_ADMIN_2025,VNA25-A3000A26F6,MERGED_INTO
VN_ADMIN_PRE_2025,VNAP25-22B499AE5D,VN_ADMIN_2025,VNA25-A3000A26F6,MERGED_INTO
VN_ADMIN_PRE_2025,VNAP25-3E2CC0AFCC,VN_ADMIN_2025,VNA25-A3000A26F6,MERGED_INTO
VN_ADMIN_PRE_2025,VNAP25-74D1DA3981,VN_ADMIN_2025,VNA25-90ABD98AD7,MERGED_INTO
VN_ADMIN_PRE_2025,VNAP25-19D102043B,VN_ADMIN_2025,VNA25-90ABD98AD7,MERGED_INTO
VN_ADMIN_PRE_2025,VNAP25-65F3A739D4,VN_ADMIN_2025,VNA25-F8F05B8160,MERGED_INTO
VN_ADMIN_PRE_2025,VNAP25-9E2D8EE45D,VN_ADMIN_2025,VNA25-F8F05B8160,MERGED_INTO
VN_ADMIN_PRE_2025,VNAP25-FA53351A60,VN_ADMIN_2025,VNA25-F8F05B8160,MERGED_INTO
VN_ADMIN_PRE_2025,VNAP25-A9E9750CEC,VN_ADMIN_2025,VNA25-722416E7F7,MERGED_INTO
VN_ADMIN_PRE_2025,VNAP25-6413821CDC,VN_ADMIN_2025,VNA25-C5A7DAE97F,MERGED_INTO
VN_ADMIN_PRE_2025,VNAP25-F2450FA8D3,VN_ADMIN_2025,VNA25-C5A7DAE97F,MERGED_INTO
VN_ADMIN_PRE_2025,VNAP25-8CA532CD78,VN_ADMIN_2025,VNA25-9F4E7ADE44,MERGED_INTO
VN_ADMIN_PRE_2025,VNAP25-23A3C9B623,VN_ADMIN_2025,VNA25-35A915393F,MERGED_INTO
VN_ADMIN_PRE_2025,VNAP25-07D94690B0,VN_ADMIN_2025,VNA25-35A915393F,MERGED_INTO
VN_ADMIN_PRE_2025,VNAP25-5CC0D3669D,VN_ADMIN_2025,VNA25-C5A7DAE97F,MERGED_INTO
VN_ADMIN_PRE_2025,VNAP25-42F4DBC891,VN_ADMIN_2025,VNA25-722416E7F7,MERGED_INTO
VN_ADMIN_PRE_2025,VNAP25-46E9DECD31,VN_ADMIN_2025,VNA25-1FF824648F,SPLIT_INTO
VN_ADMIN_PRE_2025,VNAP25-46E9DECD31,VN_ADMIN_2025,VNA25-722416E7F7,SPLIT_INTO
VN_ADMIN_PRE_2025,VNAP25-CF291E8CB1,VN_ADMIN_2025,VNA25-722416E7F7,MERGED_INTO
VN_ADMIN_PRE_2025,VNAP25-91F9CD4B98,VN_ADMIN_2025,VNA25-35A915393F,MERGED_INTO
VN_ADMIN_PRE_2025,VNAP25-A264CF384C,VN_ADMIN_2025,VNA25-35A915393F,MERGED_INTO
VN_ADMIN_PRE_2025,VNAP25-28A8BAC990,VN_ADMIN_2025,VNA25-9E18AD9D5F,MERGED_INTO
VN_ADMIN_PRE_2025,VNAP25-2F5E2176E7,VN_ADMIN_2025,VNA25-1FF824648F,SPLIT_INTO
VN_ADMIN_PRE_2025,VNAP25-2F5E2176E7,VN_ADMIN_2025,VNA25-9E18AD9D5F,SPLIT_INTO
VN_ADMIN_PRE_2025,VNAP25-BC0EC8F8FA,VN_ADMIN_2025,VNA25-9E18AD9D5F,MERGED_INTO
VN_ADMIN_PRE_2025,VNAP25-024785DFF3,VN_ADMIN_2025,VNA25-9E18AD9D5F,MERGED_INTO
VN_ADMIN_PRE_2025,VNAP25-F532F33C59,VN_ADMIN_2025,VNA25-722416E7F7,MERGED_INTO
VN_ADMIN_PRE_2025,VNAP25-B91360A8C0,VN_ADMIN_2025,VNA25-EA35D4ECC2,MERGED_INTO
VN_ADMIN_PRE_2025,VNAP25-F0B63AAE31,VN_ADMIN_2025,VNA25-9C7FDE087A,MERGED_INTO
VN_ADMIN_PRE_2025,VNAP25-31BBC39F0A,VN_ADMIN_2025,VNA25-FA98919C63,MERGED_INTO
VN_ADMIN_PRE_2025,VNAP25-C3D8FC5CAC,VN_ADMIN_2025,VNA25-EA35D4ECC2,MERGED_INTO
VN_ADMIN_PRE_2025,VNAP25-868E1A8DA3,VN_ADMIN_2025,VNA25-A8D1A0C286,MERGED_INTO
VN_ADMIN_PRE_2025,VNAP25-8272D3F829,VN_ADMIN_2025,VNA25-9C7FDE087A,MERGED_INTO
VN_ADMIN_PRE_2025,VNAP25-D2A488C3E6,VN_ADMIN_2025,VNA25-EA35D4ECC2,MERGED_INTO
VN_ADMIN_PRE_2025,VNAP25-DFA916E8D8,VN_ADMIN_2025,VNA25-FA98919C63,MERGED_INTO
VN_ADMIN_PRE_2025,VNAP25-11DDF47B3D,VN_ADMIN_2025,VNA25-526E1204FC,MERGED_INTO
VN_ADMIN_PRE_2025,VNAP25-DEFE29299C,VN_ADMIN_2025,VNA25-526E1204FC,MERGED_INTO
VN_ADMIN_PRE_2025,VNAP25-DD66C502C3,VN_ADMIN_2025,VNA25-9C7FDE087A,MERGED_INTO
VN_ADMIN_PRE_2025,VNAP25-FF043F968E,VN_ADMIN_2025,VNA25-A8D1A0C286,MERGED_INTO
VN_ADMIN_PRE_2025,VNAP25-04A3A24100,VN_ADMIN_2025,VNA25-FA98919C63,MERGED_INTO
VN_ADMIN_PRE_2025,VNAP25-AF8C14E804,VN_ADMIN_2025,VNA25-FA98919C63,MERGED_INTO
VN_ADMIN_PRE_2025,VNAP25-BFAEC41CF5,VN_ADMIN_2025,VNA25-A8D1A0C286,MERGED_INTO
VN_ADMIN_PRE_2025,VNAP25-A88E887FB5,VN_ADMIN_2025,VNA25-A8D1A0C286,MERGED_INTO
VN_ADMIN_PRE_2025,VNAP25-9CF6E29AEF,VN_ADMIN_2025,VNA25-FA98919C63,MERGED_INTO
VN_ADMIN_PRE_2025,VNAP25-7B1DC92214,VN_ADMIN_2025,VNA25-526E1204FC,MERGED_INTO
VN_ADMIN_PRE_2025,VNAP25-B216CDE5BB,VN_ADMIN_2025,VNA25-EA35D4ECC2,MERGED_INTO
VN_ADMIN_PRE_2025,VNAP25-B33ECA9639,VN_ADMIN_2025,VNA25-FA98919C63,MERGED_INTO
VN_ADMIN_PRE_2025,VNAP25-D4D20109C6,VN_ADMIN_2025,VNA25-A8D1A0C286,MERGED_INTO
VN_ADMIN_PRE_2025,VNAP25-B04132507E,VN_ADMIN_2025,VNA25-FA98919C63,MERGED_INTO
VN_ADMIN_PRE_2025,VNAP25-07145A210D,VN_ADMIN_2025,VNA25-9C7FDE087A,MERGED_INTO
VN_ADMIN_PRE_2025,VNAP25-74AE64285E,VN_ADMIN_2025,VNA25-EA35D4ECC2,MERGED_INTO
VN_ADMIN_PRE_2025,VNAP25-2337D125FB,VN_ADMIN_2025,VNA25-EA35D4ECC2,MERGED_INTO
VN_ADMIN_PRE_2025,VNAP25-A233652083,VN_ADMIN_2025,VNA25-EA35D4ECC2,MERGED_INTO
VN_ADMIN_PRE_2025,VNAP25-653F64BC10,VN_ADMIN_2025,VNA25-26623FBF15,SPLIT_INTO
VN_ADMIN_PRE_2025,VNAP25-653F64BC10,VN_ADMIN_2025,VNA25-86C1840AB8,SPLIT_INTO
VN_ADMIN_PRE_2025,VNAP25-A961C538EF,VN_ADMIN_2025,VNA25-E98D9C81F0,MERGED_INTO
VN_ADMIN_PRE_2025,VNAP25-4D3FFABE4B,VN_ADMIN_2025,VNA25-26623FBF15,MERGED_INTO
VN_ADMIN_PRE_2025,VNAP25-3E6F789095,VN_ADMIN_2025,VNA25-E98D9C81F0,MERGED_INTO
VN_ADMIN_PRE_2025,VNAP25-78BBD0C375,VN_ADMIN_2025,VNA25-E98D9C81F0,MERGED_INTO
VN_ADMIN_PRE_2025,VNAP25-EEE4CC7558,VN_ADMIN_2025,VNA25-26623FBF15,MERGED_INTO
VN_ADMIN_PRE_2025,VNAP25-667A8D1458,VN_ADMIN_2025,VNA25-E12B08E49E,SPLIT_INTO
VN_ADMIN_PRE_2025,VNAP25-667A8D1458,VN_ADMIN_2025,VNA25-E98D9C81F0,SPLIT_INTO
VN_ADMIN_PRE_2025,VNAP25-16E0D9CE2E,VN_ADMIN_2025,VNA25-E12B08E49E,SPLIT_INTO
VN_ADMIN_PRE_2025,VNAP25-16E0D9CE2E,VN_ADMIN_2025,VNA25-E98D9C81F0,SPLIT_INTO
VN_ADMIN_PRE_2025,VNAP25-C272A991CA,VN_ADMIN_2025,VNA25-E98D9C81F0,MERGED_INTO
VN_ADMIN_PRE_2025,VNAP25-3274C02C0E,VN_ADMIN_2025,VNA25-E12B08E49E,MERGED_INTO
VN_ADMIN_PRE_2025,VNAP25-560A32F7DA,VN_ADMIN_2025,VNA25-E98D9C81F0,MERGED_INTO
VN_ADMIN_PRE_2025,VNAP25-F78872AE44,VN_ADMIN_2025,VNA25-E12B08E49E,MERGED_INTO
VN_ADMIN_PRE_2025,VNAP25-0051314DA6,VN_ADMIN_2025,VNA25-E12B08E49E,MERGED_INTO
VN_ADMIN_PRE_2025,VNAP25-2E896E69A3,VN_ADMIN_2025,VNA25-1039501C86,MERGED_INTO
VN_ADMIN_PRE_2025,VNAP25-878B9D1CEE,VN_ADMIN_2025,VNA25-1039501C86,SPLIT_INTO
VN_ADMIN_PRE_2025,VNAP25-878B9D1CEE,VN_ADMIN_2025,VNA25-9029E55C07,SPLIT_INTO
VN_ADMIN_PRE_2025,VNAP25-BE085BD577,VN_ADMIN_2025,VNA25-9029E55C07,SPLIT_INTO
VN_ADMIN_PRE_2025,VNAP25-BE085BD577,VN_ADMIN_2025,VNA25-F2A049E894,SPLIT_INTO
VN_ADMIN_PRE_2025,VNAP25-E87AE6EB03,VN_ADMIN_2025,VNA25-1039501C86,MERGED_INTO
VN_ADMIN_PRE_2025,VNAP25-3DFB77C151,VN_ADMIN_2025,VNA25-1039501C86,MERGED_INTO
VN_ADMIN_PRE_2025,VNAP25-6FF908A57D,VN_ADMIN_2025,VNA25-9029E55C07,MERGED_INTO
VN_ADMIN_PRE_2025,VNAP25-FA442BC883,VN_ADMIN_2025,VNA25-1039501C86,SPLIT_INTO
VN_ADMIN_PRE_2025,VNAP25-FA442BC883,VN_ADMIN_2025,VNA25-4AC0DC83E7,SPLIT_INTO
VN_ADMIN_PRE_2025,VNAP25-FA442BC883,VN_ADMIN_2025,VNA25-8E3D4C4309,SPLIT_INTO
VN_ADMIN_PRE_2025,VNAP25-94426F1EA2,VN_ADMIN_2025,VNA25-1039501C86,SPLIT_INTO
VN_ADMIN_PRE_2025,VNAP25-94426F1EA2,VN_ADMIN_2025,VNA25-9029E55C07,SPLIT_INTO
VN_ADMIN_PRE_2025,VNAP25-963B16CA7F,VN_ADMIN_2025,VNA25-86C1840AB8,SPLIT_INTO
VN_ADMIN_PRE_2025,VNAP25-963B16CA7F,VN_ADMIN_2025,VNA25-EFA0D96708,SPLIT_INTO
VN_ADMIN_PRE_2025,VNAP25-DB37588B73,VN_ADMIN_2025,VNA25-D0A1022E2C,MERGED_INTO
VN_ADMIN_PRE_2025,VNAP25-1A05606C3D,VN_ADMIN_2025,VNA25-EFA0D96708,MERGED_INTO
VN_ADMIN_PRE_2025,VNAP25-33AF9DF93A,VN_ADMIN_2025,VNA25-D0A1022E2C,MERGED_INTO
VN_ADMIN_PRE_2025,VNAP25-046F7D23ED,VN_ADMIN_2025,VNA25-EFA0D96708,MERGED_INTO
VN_ADMIN_PRE_2025,VNAP25-55A8336974,VN_ADMIN_2025,VNA25-86C1840AB8,SPLIT_INTO
VN_ADMIN_PRE_2025,VNAP25-55A8336974,VN_ADMIN_2025,VNA25-EFA0D96708,SPLIT_INTO
VN_ADMIN_PRE_2025,VNAP25-A69EB792E8,VN_ADMIN_2025,VNA25-1FF824648F,MERGED_INTO
VN_ADMIN_PRE_2025,VNAP25-ABC555370C,VN_ADMIN_2025,VNA25-D0A1022E2C,MERGED_INTO
VN_ADMIN_PRE_2025,VNAP25-7E8C5869C2,VN_ADMIN_2025,VNA25-D0A1022E2C,MERGED_INTO
VN_ADMIN_PRE_2025,VNAP25-9511031FCC,VN_ADMIN_2025,VNA25-1FF824648F,MERGED_INTO
VN_ADMIN_PRE_2025,VNAP25-D72D2CEA56,VN_ADMIN_2025,VNA25-D0A1022E2C,MERGED_INTO
VN_ADMIN_PRE_2025,VNAP25-1EC5391AD6,VN_ADMIN_2025,VNA25-D0A1022E2C,MERGED_INTO
VN_ADMIN_PRE_2025,VNAP25-F08ACAF65F,VN_ADMIN_2025,VNA25-1FF824648F,MERGED_INTO
VN_ADMIN_PRE_2025,VNAP25-9C5DABF65A,VN_ADMIN_2025,VNA25-1FF824648F,MERGED_INTO
VN_ADMIN_PRE_2025,VNAP25-FAF7D74061,VN_ADMIN_2025,VNA25-86C1840AB8,SPLIT_INTO
VN_ADMIN_PRE_2025,VNAP25-FAF7D74061,VN_ADMIN_2025,VNA25-EFA0D96708,SPLIT_INTO
VN_ADMIN_PRE_2025,VNAP25-4FA4D477EF,VN_ADMIN_2025,VNA25-86C1840AB8,SPLIT_INTO
VN_ADMIN_PRE_2025,VNAP25-4FA4D477EF,VN_ADMIN_2025,VNA25-9F4E7ADE44,SPLIT_INTO
VN_ADMIN_PRE_2025,VNAP25-17058EDDAF,VN_ADMIN_2025,VNA25-1FF824648F,MERGED_INTO
VN_ADMIN_PRE_2025,VNAP25-04710DCA60,VN_ADMIN_2025,VNA25-9F4E7ADE44,MERGED_INTO
VN_ADMIN_PRE_2025,VNAP25-15219335DC,VN_ADMIN_2025,VNA25-9F4E7ADE44,MERGED_INTO
VN_ADMIN_PRE_2025,VNAP25-1C59BCFF6F,VN_ADMIN_2025,VNA25-9F4E7ADE44,MERGED_INTO
VN_ADMIN_PRE_2025,VNAP25-223B393D5B,VN_ADMIN_2025,VNA25-4811CEDEC0,MERGED_INTO
VN_ADMIN_PRE_2025,VNAP25-9903885FE1,VN_ADMIN_2025,VNA25-4811CEDEC0,MERGED_INTO
VN_ADMIN_PRE_2025,VNAP25-122DE79FD1,VN_ADMIN_2025,VNA25-4811CEDEC0,MERGED_INTO
VN_ADMIN_PRE_2025,VNAP25-F8A2AE750A,VN_ADMIN_2025,VNA25-082F3F8455,MERGED_INTO
VN_ADMIN_PRE_2025,VNAP25-3D5B58DAA0,VN_ADMIN_2025,VNA25-4811CEDEC0,MERGED_INTO
VN_ADMIN_PRE_2025,VNAP25-857FBD7A26,VN_ADMIN_2025,VNA25-082F3F8455,MERGED_INTO
VN_ADMIN_PRE_2025,VNAP25-1A438BE99A,VN_ADMIN_2025,VNA25-3CDB87992B,MERGED_INTO
VN_ADMIN_PRE_2025,VNAP25-B1CC26B6E7,VN_ADMIN_2025,VNA25-082F3F8455,MERGED_INTO
VN_ADMIN_PRE_2025,VNAP25-AA1AE304B9,VN_ADMIN_2025,VNA25-3CDB87992B,MERGED_INTO
VN_ADMIN_PRE_2025,VNAP25-FB6C1518D1,VN_ADMIN_2025,VNA25-3CDB87992B,MERGED_INTO
VN_ADMIN_PRE_2025,VNAP25-BF4BB2BBED,VN_ADMIN_2025,VNA25-3CDB87992B,MERGED_INTO
VN_ADMIN_PRE_2025,VNAP25-227EC4F2B5,VN_ADMIN_2025,VNA25-082F3F8455,MERGED_INTO
VN_ADMIN_PRE_2025,VNAP25-A165C57695,VN_ADMIN_2025,VNA25-693AC02BF3,MERGED_INTO
VN_ADMIN_PRE_2025,VNAP25-041A800606,VN_ADMIN_2025,VNA25-3CDB87992B,MERGED_INTO
VN_ADMIN_PRE_2025,VNAP25-F13EA8BCDD,VN_ADMIN_2025,VNA25-693AC02BF3,MERGED_INTO
VN_ADMIN_PRE_2025,VNAP25-F6C9DCDCC5,VN_ADMIN_2025,VNA25-082F3F8455,MERGED_INTO
VN_ADMIN_PRE_2025,VNAP25-CBBC5B3746,VN_ADMIN_2025,VNA25-4811CEDEC0,MERGED_INTO
VN_ADMIN_PRE_2025,VNAP25-C2D0692ACB,VN_ADMIN_2025,VNA25-3CDB87992B,MERGED_INTO
VN_ADMIN_PRE_2025,VNAP25-0146D59307,VN_ADMIN_2025,VNA25-693AC02BF3,MERGED_INTO
VN_ADMIN_PRE_2025,VNAP25-40A23B38FA,VN_ADMIN_2025,VNA25-693AC02BF3,MERGED_INTO
VN_ADMIN_PRE_2025,VNAP25-C414D2071C,VN_ADMIN_2025,VNA25-9645D9DBD6,MERGED_INTO
VN_ADMIN_PRE_2025,VNAP25-097EFA5CEF,VN_ADMIN_2025,VNA25-F46BC473E3,MERGED_INTO
VN_ADMIN_PRE_2025,VNAP25-1CE0911BAF,VN_ADMIN_2025,VNA25-F46BC473E3,MERGED_INTO
VN_ADMIN_PRE_2025,VNAP25-985747EBE7,VN_ADMIN_2025,VNA25-FA4959B06C,MERGED_INTO
VN_ADMIN_PRE_2025,VNAP25-D677DAE4B8,VN_ADMIN_2025,VNA25-9645D9DBD6,SPLIT_INTO
VN_ADMIN_PRE_2025,VNAP25-D677DAE4B8,VN_ADMIN_2025,VNA25-F46BC473E3,SPLIT_INTO
VN_ADMIN_PRE_2025,VNAP25-A538C5D6AD,VN_ADMIN_2025,VNA25-9645D9DBD6,MERGED_INTO
VN_ADMIN_PRE_2025,VNAP25-9BBA5D98F4,VN_ADMIN_2025,VNA25-F0FAD7385E,SPLIT_INTO
VN_ADMIN_PRE_2025,VNAP25-9BBA5D98F4,VN_ADMIN_2025,VNA25-F46BC473E3,SPLIT_INTO
VN_ADMIN_PRE_2025,VNAP25-6B2B61FA79,VN_ADMIN_2025,VNA25-FA4959B06C,MERGED_INTO
VN_ADMIN_PRE_2025,VNAP25-3F48EE41A2,VN_ADMIN_2025,VNA25-9D599DC16C,SPLIT_INTO
VN_ADMIN_PRE_2025,VNAP25-3F48EE41A2,VN_ADMIN_2025,VNA25-FA4959B06C,SPLIT_INTO
VN_ADMIN_PRE_2025,VNAP25-7C9E4DBD43,VN_ADMIN_2025,VNA25-9AB57CEFD4,MERGED_INTO
VN_ADMIN_PRE_2025,VNAP25-7B35215131,VN_ADMIN_2025,VNA25-9AB57CEFD4,SPLIT_INTO
VN_ADMIN_PRE_2025,VNAP25-7B35215131,VN_ADMIN_2025,VNA25-9D599DC16C,SPLIT_INTO
VN_ADMIN_PRE_2025,VNAP25-4DB8C7C52F,VN_ADMIN_2025,VNA25-00CFE9F0C0,SPLIT_INTO
VN_ADMIN_PRE_2025,VNAP25-4DB8C7C52F,VN_ADMIN_2025,VNA25-F0FAD7385E,SPLIT_INTO
VN_ADMIN_PRE_2025,VNAP25-B148F2BD79,VN_ADMIN_2025,VNA25-9D599DC16C,SPLIT_INTO
VN_ADMIN_PRE_2025,VNAP25-B148F2BD79,VN_ADMIN_2025,VNA25-F0FAD7385E,SPLIT_INTO
VN_ADMIN_PRE_2025,VNAP25-B148F2BD79,VN_ADMIN_2025,VNA25-FA4959B06C,SPLIT_INTO
VN_ADMIN_PRE_2025,VNAP25-B464D4EE37,VN_ADMIN_2025,VNA25-F46BC473E3,MERGED_INTO
VN_ADMIN_PRE_2025,VNAP25-417D9C0CC5,VN_ADMIN_2025,VNA25-F0FAD7385E,SPLIT_INTO
VN_ADMIN_PRE_2025,VNAP25-417D9C0CC5,VN_ADMIN_2025,VNA25-FA4959B06C,SPLIT_INTO
VN_ADMIN_PRE_2025,VNAP25-1F2799DCB6,VN_ADMIN_2025,VNA25-F0FAD7385E,SPLIT_INTO
VN_ADMIN_PRE_2025,VNAP25-1F2799DCB6,VN_ADMIN_2025,VNA25-F46BC473E3,SPLIT_INTO
VN_ADMIN_PRE_2025,VNAP25-A93838FE58,VN_ADMIN_2025,VNA25-9AB57CEFD4,SPLIT_INTO
VN_ADMIN_PRE_2025,VNAP25-A93838FE58,VN_ADMIN_2025,VNA25-C494E97F6D,SPLIT_INTO
VN_ADMIN_PRE_2025,VNAP25-A7B2699B28,VN_ADMIN_2025,VNA25-C494E97F6D,SPLIT_INTO
VN_ADMIN_PRE_2025,VNAP25-A7B2699B28,VN_ADMIN_2025,VNA25-D8D52E499E,SPLIT_INTO
VN_ADMIN_PRE_2025,VNAP25-FA3FE31921,VN_ADMIN_2025,VNA25-D8D52E499E,MERGED_INTO
VN_ADMIN_PRE_2025,VNAP25-A546E5C841,VN_ADMIN_2025,VNA25-C494E97F6D,SPLIT_INTO
VN_ADMIN_PRE_2025,VNAP25-A546E5C841,VN_ADMIN_2025,VNA25-D8D52E499E,SPLIT_INTO
VN_ADMIN_PRE_2025,VNAP25-DBF913C0CF,VN_ADMIN_2025,VNA25-8F83903659,SPLIT_INTO
VN_ADMIN_PRE_2025,VNAP25-DBF913C0CF,VN_ADMIN_2025,VNA25-9F7194C53A,SPLIT_INTO
VN_ADMIN_PRE_2025,VNAP25-22E99CAD42,VN_ADMIN_2025,VNA25-D8D52E499E,MERGED_INTO
VN_ADMIN_PRE_2025,VNAP25-7C567BD609,VN_ADMIN_2025,VNA25-9AB57CEFD4,SPLIT_INTO
VN_ADMIN_PRE_2025,VNAP25-7C567BD609,VN_ADMIN_2025,VNA25-9F7194C53A,SPLIT_INTO
VN_ADMIN_PRE_2025,VNAP25-BD59088581,VN_ADMIN_2025,VNA25-9F7194C53A,SPLIT_INTO
VN_ADMIN_PRE_2025,VNAP25-BD59088581,VN_ADMIN_2025,VNA25-C494E97F6D,SPLIT_INTO
VN_ADMIN_PRE_2025,VNAP25-D3A4537A07,VN_ADMIN_2025,VNA25-9F7194C53A,SPLIT_INTO
VN_ADMIN_PRE_2025,VNAP25-D3A4537A07,VN_ADMIN_2025,VNA25-C494E97F6D,SPLIT_INTO
VN_ADMIN_PRE_2025,VNAP25-9D41EA1C6A,VN_ADMIN_2025,VNA25-D2B29E1A43,MERGED_INTO
VN_ADMIN_PRE_2025,VNAP25-88F27994A6,VN_ADMIN_2025,VNA25-39FD4A8C95,MERGED_INTO
VN_ADMIN_PRE_2025,VNAP25-C5AFC1D577,VN_ADMIN_2025,VNA25-9645D9DBD6,SPLIT_INTO
VN_ADMIN_PRE_2025,VNAP25-C5AFC1D577,VN_ADMIN_2025,VNA25-991CD43966,SPLIT_INTO
VN_ADMIN_PRE_2025,VNAP25-68A5C60596,VN_ADMIN_2025,VNA25-991CD43966,MERGED_INTO
VN_ADMIN_PRE_2025,VNAP25-1E67FEC6E4,VN_ADMIN_2025,VNA25-9B702C2157,MERGED_INTO
VN_ADMIN_PRE_2025,VNAP25-DE52846BA5,VN_ADMIN_2025,VNA25-9B702C2157,MERGED_INTO
VN_ADMIN_PRE_2025,VNAP25-C567E3FBD9,VN_ADMIN_2025,VNA25-991CD43966,MERGED_INTO
VN_ADMIN_PRE_2025,VNAP25-75429019B4,VN_ADMIN_2025,VNA25-9B702C2157,MERGED_INTO
VN_ADMIN_PRE_2025,VNAP25-5101393944,VN_ADMIN_2025,VNA25-D2B29E1A43,MERGED_INTO
VN_ADMIN_PRE_2025,VNAP25-1A67AF5D74,VN_ADMIN_2025,VNA25-991CD43966,MERGED_INTO
VN_ADMIN_PRE_2025,VNAP25-802A021BC0,VN_ADMIN_2025,VNA25-EC3CE54CA2,MERGED_INTO
VN_ADMIN_PRE_2025,VNAP25-4427DE034E,VN_ADMIN_2025,VNA25-39FD4A8C95,MERGED_INTO
VN_ADMIN_PRE_2025,VNAP25-E1CBADEAD1,VN_ADMIN_2025,VNA25-39FD4A8C95,MERGED_INTO
VN_ADMIN_PRE_2025,VNAP25-CB71EBB730,VN_ADMIN_2025,VNA25-9B702C2157,MERGED_INTO
VN_ADMIN_PRE_2025,VNAP25-593407477E,VN_ADMIN_2025,VNA25-991CD43966,MERGED_INTO
VN_ADMIN_PRE_2025,VNAP25-0492BB3655,VN_ADMIN_2025,VNA25-39FD4A8C95,MERGED_INTO
VN_ADMIN_PRE_2025,VNAP25-E8C911D433,VN_ADMIN_2025,VNA25-39FD4A8C95,MERGED_INTO
VN_ADMIN_PRE_2025,VNAP25-0725411022,VN_ADMIN_2025,VNA25-D2B29E1A43,MERGED_INTO
VN_ADMIN_PRE_2025,VNAP25-09AAA82037,VN_ADMIN_2025,VNA25-9B702C2157,MERGED_INTO
VN_ADMIN_PRE_2025,VNAP25-ABB4216914,VN_ADMIN_2025,VNA25-9B702C2157,MERGED_INTO
VN_ADMIN_PRE_2025,VNAP25-921FC2995E,VN_ADMIN_2025,VNA25-D2B29E1A43,SPLIT_INTO
VN_ADMIN_PRE_2025,VNAP25-921FC2995E,VN_ADMIN_2025,VNA25-EC3CE54CA2,SPLIT_INTO
VN_ADMIN_PRE_2025,VNAP25-CFE3530494,VN_ADMIN_2025,VNA25-D2B29E1A43,MERGED_INTO
VN_ADMIN_PRE_2025,VNAP25-DB705E9E58,VN_ADMIN_2025,VNA25-9B702C2157,MERGED_INTO
VN_ADMIN_PRE_2025,VNAP25-F778E0A5A3,VN_ADMIN_2025,VNA25-D2B29E1A43,SPLIT_INTO
VN_ADMIN_PRE_2025,VNAP25-F778E0A5A3,VN_ADMIN_2025,VNA25-EC3CE54CA2,SPLIT_INTO
VN_ADMIN_PRE_2025,VNAP25-7B1DC4C21F,VN_ADMIN_2025,VNA25-9B702C2157,MERGED_INTO
VN_ADMIN_PRE_2025,VNAP25-C392344688,VN_ADMIN_2025,VNA25-991CD43966,MERGED_INTO
VN_ADMIN_PRE_2025,VNAP25-45D8E52937,VN_ADMIN_2025,VNA25-EC3CE54CA2,MERGED_INTO
VN_ADMIN_PRE_2025,VNAP25-68DC09C247,VN_ADMIN_2025,VNA25-F74A9ABD3D,MERGED_INTO
VN_ADMIN_PRE_2025,VNAP25-7974169C2C,VN_ADMIN_2025,VNA25-F20BBF6575,MERGED_INTO
VN_ADMIN_PRE_2025,VNAP25-F59B7E6D00,VN_ADMIN_2025,VNA25-C4F75B2C47,MERGED_INTO
VN_ADMIN_PRE_2025,VNAP25-83362AE781,VN_ADMIN_2025,VNA25-C4F75B2C47,MERGED_INTO
VN_ADMIN_PRE_2025,VNAP25-1A4076DEDA,VN_ADMIN_2025,VNA25-C4F75B2C47,MERGED_INTO
VN_ADMIN_PRE_2025,VNAP25-3D4D17DE02,VN_ADMIN_2025,VNA25-C4F75B2C47,MERGED_INTO
VN_ADMIN_PRE_2025,VNAP25-88EC670E0D,VN_ADMIN_2025,VNA25-F74A9ABD3D,MERGED_INTO
VN_ADMIN_PRE_2025,VNAP25-541FECBB3A,VN_ADMIN_2025,VNA25-001EB63245,MERGED_INTO
VN_ADMIN_PRE_2025,VNAP25-1EEF513E30,VN_ADMIN_2025,VNA25-C4F75B2C47,MERGED_INTO
VN_ADMIN_PRE_2025,VNAP25-2D7F086B07,VN_ADMIN_2025,VNA25-001EB63245,MERGED_INTO
VN_ADMIN_PRE_2025,VNAP25-D0BE839E27,VN_ADMIN_2025,VNA25-C4F75B2C47,MERGED_INTO
VN_ADMIN_PRE_2025,VNAP25-F6D0F84CF8,VN_ADMIN_2025,VNA25-F74A9ABD3D,MERGED_INTO
VN_ADMIN_PRE_2025,VNAP25-35AEAD36CB,VN_ADMIN_2025,VNA25-F20BBF6575,MERGED_INTO
VN_ADMIN_PRE_2025,VNAP25-095BD46FE7,VN_ADMIN_2025,VNA25-001EB63245,MERGED_INTO
VN_ADMIN_PRE_2025,VNAP25-1E8A83BEDC,VN_ADMIN_2025,VNA25-F20BBF6575,MERGED_INTO
VN_ADMIN_PRE_2025,VNAP25-F79BE98977,VN_ADMIN_2025,VNA25-F74A9ABD3D,MERGED_INTO
VN_ADMIN_PRE_2025,VNAP25-55056B9F25,VN_ADMIN_2025,VNA25-C4F75B2C47,MERGED_INTO
VN_ADMIN_PRE_2025,VNAP25-1C802BDE20,VN_ADMIN_2025,VNA25-C4F75B2C47,MERGED_INTO
VN_ADMIN_PRE_2025,VNAP25-4DC5D92125,VN_ADMIN_2025,VNA25-001EB63245,MERGED_INTO
VN_ADMIN_PRE_2025,VNAP25-6E0117B266,VN_ADMIN_2025,VNA25-F20BBF6575,MERGED_INTO
VN_ADMIN_PRE_2025,VNAP25-49FC16A333,VN_ADMIN_2025,VNA25-F23A23F5BF,MERGED_INTO
VN_ADMIN_PRE_2025,VNAP25-F6EB615BE6,VN_ADMIN_2025,VNA25-1F778FFD07,MERGED_INTO
VN_ADMIN_PRE_2025,VNAP25-651DA65F54,VN_ADMIN_2025,VNA25-D58BC1EB38,MERGED_INTO
VN_ADMIN_PRE_2025,VNAP25-F6D48B8E6E,VN_ADMIN_2025,VNA25-D58BC1EB38,MERGED_INTO
VN_ADMIN_PRE_2025,VNAP25-7F7559C9DA,VN_ADMIN_2025,VNA25-32D96A4022,MERGED_INTO
VN_ADMIN_PRE_2025,VNAP25-6BC423C4D4,VN_ADMIN_2025,VNA25-208D98406F,MERGED_INTO
VN_ADMIN_PRE_2025,VNAP25-7AD110BE74,VN_ADMIN_2025,VNA25-208D98406F,MERGED_INTO
VN_ADMIN_PRE_2025,VNAP25-39640FC3ED,VN_ADMIN_2025,VNA25-32D96A4022,MERGED_INTO
VN_ADMIN_PRE_2025,VNAP25-1DF8D2E97D,VN_ADMIN_2025,VNA25-F23A23F5BF,MERGED_INTO
VN_ADMIN_PRE_2025,VNAP25-3C6F1DB401,VN_ADMIN_2025,VNA25-6C9D936517,MERGED_INTO
VN_ADMIN_PRE_2025,VNAP25-57FE2518B3,VN_ADMIN_2025,VNA25-B644AFBA13,MERGED_INTO
VN_ADMIN_PRE_2025,VNAP25-6AA2FCBD07,VN_ADMIN_2025,VNA25-B644AFBA13,MERGED_INTO
VN_ADMIN_PRE_2025,VNAP25-AE85C96805,VN_ADMIN_2025,VNA25-32D96A4022,MERGED_INTO
VN_ADMIN_PRE_2025,VNAP25-908023DF7D,VN_ADMIN_2025,VNA25-F23A23F5BF,MERGED_INTO
VN_ADMIN_PRE_2025,VNAP25-D1B7B19D9A,VN_ADMIN_2025,VNA25-652F29D8E3,MERGED_INTO
VN_ADMIN_PRE_2025,VNAP25-5F14B016E6,VN_ADMIN_2025,VNA25-D58BC1EB38,MERGED_INTO
VN_ADMIN_PRE_2025,VNAP25-F6CFCB5736,VN_ADMIN_2025,VNA25-208D98406F,MERGED_INTO
VN_ADMIN_PRE_2025,VNAP25-03906F2835,VN_ADMIN_2025,VNA25-B644AFBA13,MERGED_INTO
VN_ADMIN_PRE_2025,VNAP25-EBF4598C0A,VN_ADMIN_2025,VNA25-6C9D936517,MERGED_INTO
VN_ADMIN_PRE_2025,VNAP25-734B4D1562,VN_ADMIN_2025,VNA25-6C9D936517,MERGED_INTO
VN_ADMIN_PRE_2025,VNAP25-69F484968F,VN_ADMIN_2025,VNA25-1F778FFD07,MERGED_INTO
VN_ADMIN_PRE_2025,VNAP25-C81EE5EAEE,VN_ADMIN_2025,VNA25-DD1D3FF27D,MERGED_INTO
VN_ADMIN_PRE_2025,VNAP25-66DE264871,VN_ADMIN_2025,VNA25-FC155DF66A,MERGED_INTO
VN_ADMIN_PRE_2025,VNAP25-604DD0DCC3,VN_ADMIN_2025,VNA25-FC155DF66A,MERGED_INTO
VN_ADMIN_PRE_2025,VNAP25-E449272DD3,VN_ADMIN_2025,VNA25-0F994BE46A,MERGED_INTO
VN_ADMIN_PRE_2025,VNAP25-0684522A34,VN_ADMIN_2025,VNA25-DD1D3FF27D,MERGED_INTO
VN_ADMIN_PRE_2025,VNAP25-07F6466C1A,VN_ADMIN_2025,VNA25-FD4AA25A7E,MERGED_INTO
VN_ADMIN_PRE_2025,VNAP25-09A97495FA,VN_ADMIN_2025,VNA25-0F994BE46A,MERGED_INTO
VN_ADMIN_PRE_2025,VNAP25-83FB78DBA7,VN_ADMIN_2025,VNA25-4D08A5D5D6,MERGED_INTO
VN_ADMIN_PRE_2025,VNAP25-B6AA2E9450,VN_ADMIN_2025,VNA25-4D08A5D5D6,MERGED_INTO
VN_ADMIN_PRE_2025,VNAP25-9A496BC8D2,VN_ADMIN_2025,VNA25-FC155DF66A,MERGED_INTO
VN_ADMIN_PRE_2025,VNAP25-2C10BFEF7E,VN_ADMIN_2025,VNA25-FD4AA25A7E,MERGED_INTO
VN_ADMIN_PRE_2025,VNAP25-1BA7443250,VN_ADMIN_2025,VNA25-D2BFCFD895,MERGED_INTO
VN_ADMIN_PRE_2025,VNAP25-0144350A2A,VN_ADMIN_2025,VNA25-DD1D3FF27D,MERGED_INTO
VN_ADMIN_PRE_2025,VNAP25-0BFF4D7C13,VN_ADMIN_2025,VNA25-0F994BE46A,MERGED_INTO
VN_ADMIN_PRE_2025,VNAP25-D87F22952B,VN_ADMIN_2025,VNA25-D2BFCFD895,MERGED_INTO
VN_ADMIN_PRE_2025,VNAP25-6C3358C4EA,VN_ADMIN_2025,VNA25-FD4AA25A7E,MERGED_INTO
VN_ADMIN_PRE_2025,VNAP25-E555E36C37,VN_ADMIN_2025,VNA25-4D08A5D5D6,MERGED_INTO
VN_ADMIN_PRE_2025,VNAP25-07DEE59A94,VN_ADMIN_2025,VNA25-FD59060A11,MERGED_INTO
VN_ADMIN_PRE_2025,VNAP25-80D053DD12,VN_ADMIN_2025,VNA25-6DE0AF2F29,MERGED_INTO
VN_ADMIN_PRE_2025,VNAP25-E55AA6C294,VN_ADMIN_2025,VNA25-21F95F9DAB,MERGED_INTO
VN_ADMIN_PRE_2025,VNAP25-64D38B9540,VN_ADMIN_2025,VNA25-21F95F9DAB,MERGED_INTO
VN_ADMIN_PRE_2025,VNAP25-420F98B849,VN_ADMIN_2025,VNA25-253B786AB2,MERGED_INTO
VN_ADMIN_PRE_2025,VNAP25-7066F01A34,VN_ADMIN_2025,VNA25-253B786AB2,MERGED_INTO
VN_ADMIN_PRE_2025,VNAP25-D714160CE4,VN_ADMIN_2025,VNA25-FD59060A11,MERGED_INTO
VN_ADMIN_PRE_2025,VNAP25-77342DAA48,VN_ADMIN_2025,VNA25-42DC056525,MERGED_INTO
VN_ADMIN_PRE_2025,VNAP25-F65F48285C,VN_ADMIN_2025,VNA25-6DE0AF2F29,MERGED_INTO
VN_ADMIN_PRE_2025,VNAP25-A90CCA4476,VN_ADMIN_2025,VNA25-253B786AB2,MERGED_INTO
VN_ADMIN_PRE_2025,VNAP25-34F62B5137,VN_ADMIN_2025,VNA25-21F95F9DAB,MERGED_INTO
VN_ADMIN_PRE_2025,VNAP25-A209F2DCC5,VN_ADMIN_2025,VNA25-FD59060A11,MERGED_INTO
VN_ADMIN_PRE_2025,VNAP25-79F9ACBFA4,VN_ADMIN_2025,VNA25-42DC056525,MERGED_INTO
VN_ADMIN_PRE_2025,VNAP25-C2833A33CB,VN_ADMIN_2025,VNA25-253B786AB2,MERGED_INTO
VN_ADMIN_PRE_2025,VNAP25-E1E9CA022F,VN_ADMIN_2025,VNA25-42DC056525,MERGED_INTO
VN_ADMIN_PRE_2025,VNAP25-3E605AE446,VN_ADMIN_2025,VNA25-6DE0AF2F29,MERGED_INTO
VN_ADMIN_PRE_2025,VNAP25-03678938A5,VN_ADMIN_2025,VNA25-83D0C9A20F,MERGED_INTO
VN_ADMIN_PRE_2025,VNAP25-FE4C6108ED,VN_ADMIN_2025,VNA25-652F29D8E3,MERGED_INTO
VN_ADMIN_PRE_2025,VNAP25-0021B17E7F,VN_ADMIN_2025,VNA25-652F29D8E3,MERGED_INTO
VN_ADMIN_PRE_2025,VNAP25-385B680410,VN_ADMIN_2025,VNA25-6B7BA51BD8,SPLIT_INTO
VN_ADMIN_PRE_2025,VNAP25-385B680410,VN_ADMIN_2025,VNA25-83D0C9A20F,SPLIT_INTO
VN_ADMIN_PRE_2025,VNAP25-2CACBC5C91,VN_ADMIN_2025,VNA25-F5C0AE5296,MERGED_INTO
VN_ADMIN_PRE_2025,VNAP25-DCCF3B6451,VN_ADMIN_2025,VNA25-11C0880ABD,MERGED_INTO
VN_ADMIN_PRE_2025,VNAP25-22423B2998,VN_ADMIN_2025,VNA25-83D0C9A20F,MERGED_INTO
VN_ADMIN_PRE_2025,VNAP25-4EBD59D56E,VN_ADMIN_2025,VNA25-11C0880ABD,MERGED_INTO
VN_ADMIN_PRE_2025,VNAP25-3E94E905EA,VN_ADMIN_2025,VNA25-83D0C9A20F,MERGED_INTO
VN_ADMIN_PRE_2025,VNAP25-A341B49BC1,VN_ADMIN_2025,VNA25-83D0C9A20F,MERGED_INTO
VN_ADMIN_PRE_2025,VNAP25-CECC18FB54,VN_ADMIN_2025,VNA25-6B7BA51BD8,MERGED_INTO
VN_ADMIN_PRE_2025,VNAP25-A0DA7892AE,VN_ADMIN_2025,VNA25-652F29D8E3,MERGED_INTO
VN_ADMIN_PRE_2025,VNAP25-CA58DD144C,VN_ADMIN_2025,VNA25-6B7BA51BD8,MERGED_INTO
VN_ADMIN_PRE_2025,VNAP25-D80559FF8D,VN_ADMIN_2025,VNA25-11C0880ABD,MERGED_INTO
VN_ADMIN_PRE_2025,VNAP25-3B92C4007A,VN_ADMIN_2025,VNA25-F5C0AE5296,MERGED_INTO
VN_ADMIN_PRE_2025,VNAP25-C776FCEE5D,VN_ADMIN_2025,VNA25-6D5F13A975,MERGED_INTO
VN_ADMIN_PRE_2025,VNAP25-96EA8B62D0,VN_ADMIN_2025,VNA25-83D0C9A20F,MERGED_INTO
VN_ADMIN_PRE_2025,VNAP25-3E6DD6E320,VN_ADMIN_2025,VNA25-F5C0AE5296,MERGED_INTO
VN_ADMIN_PRE_2025,VNAP25-544038969C,VN_ADMIN_2025,VNA25-72C26CC728,MERGED_INTO
VN_ADMIN_PRE_2025,VNAP25-B2A1C0B85F,VN_ADMIN_2025,VNA25-83D0C9A20F,MERGED_INTO
VN_ADMIN_PRE_2025,VNAP25-9725E795B0,VN_ADMIN_2025,VNA25-72C26CC728,MERGED_INTO
VN_ADMIN_PRE_2025,VNAP25-02B7E5B533,VN_ADMIN_2025,VNA25-6D5F13A975,MERGED_INTO
VN_ADMIN_PRE_2025,VNAP25-EFF3DD280E,VN_ADMIN_2025,VNA25-11C0880ABD,MERGED_INTO
VN_ADMIN_PRE_2025,VNAP25-72474AA752,VN_ADMIN_2025,VNA25-6D5F13A975,MERGED_INTO
VN_ADMIN_PRE_2025,VNAP25-9641C60067,VN_ADMIN_2025,VNA25-83D0C9A20F,MERGED_INTO
VN_ADMIN_PRE_2025,VNAP25-52BD2E771E,VN_ADMIN_2025,VNA25-72C26CC728,MERGED_INTO
VN_ADMIN_PRE_2025,VNAP25-39E04A0748,VN_ADMIN_2025,VNA25-83D0C9A20F,MERGED_INTO
VN_ADMIN_PRE_2025,VNAP25-27D1DD02BF,VN_ADMIN_2025,VNA25-B6A5543CB7,MERGED_INTO
VN_ADMIN_PRE_2025,VNAP25-F9E8642403,VN_ADMIN_2025,VNA25-CDF3DF4233,MERGED_INTO
VN_ADMIN_PRE_2025,VNAP25-98535ABCA1,VN_ADMIN_2025,VNA25-B6A5543CB7,MERGED_INTO
VN_ADMIN_PRE_2025,VNAP25-E9761D1292,VN_ADMIN_2025,VNA25-CDF3DF4233,MERGED_INTO
VN_ADMIN_PRE_2025,VNAP25-851851F510,VN_ADMIN_2025,VNA25-CDF3DF4233,MERGED_INTO
VN_ADMIN_PRE_2025,VNAP25-3C2480528F,VN_ADMIN_2025,VNA25-B6A5543CB7,MERGED_INTO
VN_ADMIN_PRE_2025,VNAP25-5085131AE5,VN_ADMIN_2025,VNA25-F5D73837B0,MERGED_INTO
VN_ADMIN_PRE_2025,VNAP25-FE597DB023,VN_ADMIN_2025,VNA25-5C955D7FF8,MERGED_INTO
VN_ADMIN_PRE_2025,VNAP25-6E06382C8E,VN_ADMIN_2025,VNA25-F5D73837B0,MERGED_INTO
VN_ADMIN_PRE_2025,VNAP25-4A20CAA290,VN_ADMIN_2025,VNA25-E5F033F7A4,MERGED_INTO
VN_ADMIN_PRE_2025,VNAP25-DB59F33976,VN_ADMIN_2025,VNA25-E5F033F7A4,MERGED_INTO
VN_ADMIN_PRE_2025,VNAP25-9BCF59F73E,VN_ADMIN_2025,VNA25-991E1C0EF7,MERGED_INTO
VN_ADMIN_PRE_2025,VNAP25-0BDC1A9EA8,VN_ADMIN_2025,VNA25-5C955D7FF8,MERGED_INTO
VN_ADMIN_PRE_2025,VNAP25-5424A149DB,VN_ADMIN_2025,VNA25-5231233F0B,MERGED_INTO
VN_ADMIN_PRE_2025,VNAP25-32D69982A0,VN_ADMIN_2025,VNA25-9908209E0D,MERGED_INTO
VN_ADMIN_PRE_2025,VNAP25-F7DF07FAEC,VN_ADMIN_2025,VNA25-573118F1B5,MERGED_INTO
VN_ADMIN_PRE_2025,VNAP25-AE3DFB7252,VN_ADMIN_2025,VNA25-5231233F0B,MERGED_INTO
VN_ADMIN_PRE_2025,VNAP25-0874FAF0B4,VN_ADMIN_2025,VNA25-5C955D7FF8,MERGED_INTO
VN_ADMIN_PRE_2025,VNAP25-8E33CEA1B3,VN_ADMIN_2025,VNA25-991E1C0EF7,MERGED_INTO
VN_ADMIN_PRE_2025,VNAP25-9E1D83FC17,VN_ADMIN_2025,VNA25-573118F1B5,MERGED_INTO
VN_ADMIN_PRE_2025,VNAP25-8FB21A5381,VN_ADMIN_2025,VNA25-9908209E0D,MERGED_INTO
VN_ADMIN_PRE_2025,VNAP25-A79488AC4F,VN_ADMIN_2025,VNA25-9908209E0D,MERGED_INTO
VN_ADMIN_PRE_2025,VNAP25-05852BC96B,VN_ADMIN_2025,VNA25-991E1C0EF7,MERGED_INTO
VN_ADMIN_PRE_2025,VNAP25-48C23CCB65,VN_ADMIN_2025,VNA25-5231233F0B,MERGED_INTO
VN_ADMIN_PRE_2025,VNAP25-077A2FBFB3,VN_ADMIN_2025,VNA25-E5F033F7A4,MERGED_INTO
VN_ADMIN_PRE_2025,VNAP25-26E6D82B52,VN_ADMIN_2025,VNA25-573118F1B5,MERGED_INTO
VN_ADMIN_PRE_2025,VNAP25-092D4609D8,VN_ADMIN_2025,VNA25-7D27250828,MERGED_INTO
VN_ADMIN_PRE_2025,VNAP25-988DECA91C,VN_ADMIN_2025,VNA25-A46339C271,MERGED_INTO
VN_ADMIN_PRE_2025,VNAP25-F635CC3F67,VN_ADMIN_2025,VNA25-38D3B68D4D,MERGED_INTO
VN_ADMIN_PRE_2025,VNAP25-CE20EE9D50,VN_ADMIN_2025,VNA25-38D3B68D4D,MERGED_INTO
VN_ADMIN_PRE_2025,VNAP25-5DC41F9140,VN_ADMIN_2025,VNA25-A46339C271,MERGED_INTO
VN_ADMIN_PRE_2025,VNAP25-740AC287CF,VN_ADMIN_2025,VNA25-ACDE37FB1A,MERGED_INTO
VN_ADMIN_PRE_2025,VNAP25-1BDD7F4758,VN_ADMIN_2025,VNA25-CC8459A1FA,MERGED_INTO
VN_ADMIN_PRE_2025,VNAP25-F60C2D84F7,VN_ADMIN_2025,VNA25-ACDE37FB1A,MERGED_INTO
VN_ADMIN_PRE_2025,VNAP25-855DA786F9,VN_ADMIN_2025,VNA25-CC8459A1FA,MERGED_INTO
VN_ADMIN_PRE_2025,VNAP25-3B8C89E849,VN_ADMIN_2025,VNA25-DCF7FB49EE,MERGED_INTO
VN_ADMIN_PRE_2025,VNAP25-5A575C5067,VN_ADMIN_2025,VNA25-9704AADB9D,SAME_AS
VN_ADMIN_PRE_2025,VNAP25-FB18749B92,VN_ADMIN_2025,VNA25-A0CA602CF2,SAME_AS
VN_ADMIN_PRE_2025,VNAP25-8722B39C0C,VN_ADMIN_2025,VNA25-CC8459A1FA,MERGED_INTO
VN_ADMIN_PRE_2025,VNAP25-9C1B4E98F7,VN_ADMIN_2025,VNA25-7D27250828,MERGED_INTO
VN_ADMIN_PRE_2025,VNAP25-B3DA94792F,VN_ADMIN_2025,VNA25-DCF7FB49EE,MERGED_INTO
VN_ADMIN_PRE_2025,VNAP25-AD6C025069,VN_ADMIN_2025,VNA25-ACDE37FB1A,MERGED_INTO
VN_ADMIN_PRE_2025,VNAP25-993EBBE04C,VN_ADMIN_2025,VNA25-ACDE37FB1A,MERGED_INTO
VN_ADMIN_PRE_2025,VNAP25-2E739C3658,VN_ADMIN_2025,VNA25-142213489B,MERGED_INTO
VN_ADMIN_PRE_2025,VNAP25-8A623E16EC,VN_ADMIN_2025,VNA25-7D27250828,MERGED_INTO
VN_ADMIN_PRE_2025,VNAP25-4D26CDAE2D,VN_ADMIN_2025,VNA25-ACDE37FB1A,MERGED_INTO
VN_ADMIN_PRE_2025,VNAP25-8F0FF6AB84,VN_ADMIN_2025,VNA25-A46339C271,MERGED_INTO
VN_ADMIN_PRE_2025,VNAP25-10A2392A42,VN_ADMIN_2025,VNA25-142213489B,MERGED_INTO
VN_ADMIN_PRE_2025,VNAP25-9CFC0C9036,VN_ADMIN_2025,VNA25-2337F9FABA,MERGED_INTO
VN_ADMIN_PRE_2025,VNAP25-A0D484DD4C,VN_ADMIN_2025,VNA25-BD621E6843,MERGED_INTO
VN_ADMIN_PRE_2025,VNAP25-E693C14BDC,VN_ADMIN_2025,VNA25-39BECDA64A,MERGED_INTO
VN_ADMIN_PRE_2025,VNAP25-74229EA2F8,VN_ADMIN_2025,VNA25-1995104BB8,MERGED_INTO
VN_ADMIN_PRE_2025,VNAP25-8D79EB661D,VN_ADMIN_2025,VNA25-1995104BB8,SPLIT_INTO
VN_ADMIN_PRE_2025,VNAP25-8D79EB661D,VN_ADMIN_2025,VNA25-2337F9FABA,SPLIT_INTO
VN_ADMIN_PRE_2025,VNAP25-8D79EB661D,VN_ADMIN_2025,VNA25-A6B3A5B6DE,SPLIT_INTO
VN_ADMIN_PRE_2025,VNAP25-1287973613,VN_ADMIN_2025,VNA25-A6B3A5B6DE,MERGED_INTO
VN_ADMIN_PRE_2025,VNAP25-C61B2BEA50,VN_ADMIN_2025,VNA25-1995104BB8,MERGED_INTO
VN_ADMIN_PRE_2025,VNAP25-517A0673FD,VN_ADMIN_2025,VNA25-BD621E6843,MERGED_INTO
VN_ADMIN_PRE_2025,VNAP25-1110DD9737,VN_ADMIN_2025,VNA25-1995104BB8,MERGED_INTO
VN_ADMIN_PRE_2025,VNAP25-4FC6DA9C08,VN_ADMIN_2025,VNA25-A6B3A5B6DE,MERGED_INTO
VN_ADMIN_PRE_2025,VNAP25-762F2B0796,VN_ADMIN_2025,VNA25-2337F9FABA,MERGED_INTO
VN_ADMIN_PRE_2025,VNAP25-07246ABF2A,VN_ADMIN_2025,VNA25-6830E7BAC5,MERGED_INTO
VN_ADMIN_PRE_2025,VNAP25-17AAEA2CC3,VN_ADMIN_2025,VNA25-2337F9FABA,MERGED_INTO
VN_ADMIN_PRE_2025,VNAP25-3FAB480726,VN_ADMIN_2025,VNA25-37AE962115,MERGED_INTO
VN_ADMIN_PRE_2025,VNAP25-1D5164FF7F,VN_ADMIN_2025,VNA25-37AE962115,MERGED_INTO
VN_ADMIN_PRE_2025,VNAP25-F2201D86C3,VN_ADMIN_2025,VNA25-BD621E6843,MERGED_INTO
VN_ADMIN_PRE_2025,VNAP25-AD43871FC8,VN_ADMIN_2025,VNA25-545CD011B3,MERGED_INTO
VN_ADMIN_PRE_2025,VNAP25-C69C0B0CED,VN_ADMIN_2025,VNA25-3C1E2AB4AB,MERGED_INTO
VN_ADMIN_PRE_2025,VNAP25-C148E26822,VN_ADMIN_2025,VNA25-6830E7BAC5,MERGED_INTO
VN_ADMIN_PRE_2025,VNAP25-B89D47C03F,VN_ADMIN_2025,VNA25-37AE962115,MERGED_INTO
VN_ADMIN_PRE_2025,VNAP25-EA48889E42,VN_ADMIN_2025,VNA25-77188D7510,MERGED_INTO
VN_ADMIN_PRE_2025,VNAP25-719E1D93AA,VN_ADMIN_2025,VNA25-39BECDA64A,MERGED_INTO
VN_ADMIN_PRE_2025,VNAP25-23B7CF0C4F,VN_ADMIN_2025,VNA25-D3ABD508CF,MERGED_INTO
VN_ADMIN_PRE_2025,VNAP25-BC4985C4A8,VN_ADMIN_2025,VNA25-545CD011B3,MERGED_INTO
VN_ADMIN_PRE_2025,VNAP25-DB68A46875,VN_ADMIN_2025,VNA25-545CD011B3,MERGED_INTO
VN_ADMIN_PRE_2025,VNAP25-C030156F4E,VN_ADMIN_2025,VNA25-77188D7510,MERGED_INTO
VN_ADMIN_PRE_2025,VNAP25-1B24867ED1,VN_ADMIN_2025,VNA25-37AE962115,MERGED_INTO
VN_ADMIN_PRE_2025,VNAP25-3D64851FB2,VN_ADMIN_2025,VNA25-D3ABD508CF,MERGED_INTO
VN_ADMIN_PRE_2025,VNAP25-E6A4BC264F,VN_ADMIN_2025,VNA25-D3ABD508CF,MERGED_INTO
VN_ADMIN_PRE_2025,VNAP25-FBDAD4E714,VN_ADMIN_2025,VNA25-6830E7BAC5,MERGED_INTO
VN_ADMIN_PRE_2025,VNAP25-28D080043E,VN_ADMIN_2025,VNA25-3C1E2AB4AB,MERGED_INTO
VN_ADMIN_PRE_2025,VNAP25-EF903BFCB7,VN_ADMIN_2025,VNA25-3357F1982F,MERGED_INTO
VN_ADMIN_PRE_2025,VNAP25-8E391B8318,VN_ADMIN_2025,VNA25-3357F1982F,MERGED_INTO
VN_ADMIN_PRE_2025,VNAP25-613406EB4D,VN_ADMIN_2025,VNA25-DAD9D8D423,MERGED_INTO
VN_ADMIN_PRE_2025,VNAP25-4E77C8ADB9,VN_ADMIN_2025,VNA25-4BB48F1CE2,MERGED_INTO
VN_ADMIN_PRE_2025,VNAP25-3A3E94F41B,VN_ADMIN_2025,VNA25-BA0193EBA3,MERGED_INTO
VN_ADMIN_PRE_2025,VNAP25-0E6EA3A1B2,VN_ADMIN_2025,VNA25-BA0193EBA3,MERGED_INTO
VN_ADMIN_PRE_2025,VNAP25-231C408F9F,VN_ADMIN_2025,VNA25-DAD9D8D423,MERGED_INTO
VN_ADMIN_PRE_2025,VNAP25-C5A0626438,VN_ADMIN_2025,VNA25-DAD9D8D423,MERGED_INTO
VN_ADMIN_PRE_2025,VNAP25-BBBF18042D,VN_ADMIN_2025,VNA25-BA0193EBA3,MERGED_INTO
VN_ADMIN_PRE_2025,VNAP25-DA31CDA611,VN_ADMIN_2025,VNA25-B6A5543CB7,MERGED_INTO
VN_ADMIN_PRE_2025,VNAP25-BFDB594555,VN_ADMIN_2025,VNA25-3357F1982F,MERGED_INTO
VN_ADMIN_PRE_2025,VNAP25-6BDA3426BB,VN_ADMIN_2025,VNA25-BA0193EBA3,MERGED_INTO
VN_ADMIN_PRE_2025,VNAP25-D5F5C1F7D2,VN_ADMIN_2025,VNA25-4BB48F1CE2,MERGED_INTO
VN_ADMIN_PRE_2025,VNAP25-270FC6D63B,VN_ADMIN_2025,VNA25-DAD9D8D423,MERGED_INTO
VN_ADMIN_PRE_2025,VNAP25-EC0BFB05AB,VN_ADMIN_2025,VNA25-4BB48F1CE2,MERGED_INTO
VN_ADMIN_PRE_2025,VNAP25-F6B8501977,VN_ADMIN_2025,VNA25-BA0193EBA3,MERGED_INTO
VN_ADMIN_PRE_2025,VNAP25-2CC35EFBC9,VN_ADMIN_2025,VNA25-4BB48F1CE2,MERGED_INTO
VN_ADMIN_PRE_2025,VNAP25-DA3F9C1788,VN_ADMIN_2025,VNA25-D715F1B801,MERGED_INTO
VN_ADMIN_PRE_2025,VNAP25-EF9A608392,VN_ADMIN_2025,VNA25-281DFE5734,MERGED_INTO
VN_ADMIN_PRE_2025,VNAP25-4988BFEFFE,VN_ADMIN_2025,VNA25-1EA9B2CF42,MERGED_INTO
VN_ADMIN_PRE_2025,VNAP25-472FF0C09B,VN_ADMIN_2025,VNA25-D715F1B801,MERGED_INTO
VN_ADMIN_PRE_2025,VNAP25-3C9CFF4679,VN_ADMIN_2025,VNA25-FDF7DE2694,MERGED_INTO
VN_ADMIN_PRE_2025,VNAP25-7930A1BF9E,VN_ADMIN_2025,VNA25-D82DB13AA7,MERGED_INTO
VN_ADMIN_PRE_2025,VNAP25-0BF8CFB560,VN_ADMIN_2025,VNA25-A4BBBDEDD2,MERGED_INTO
VN_ADMIN_PRE_2025,VNAP25-7836FDE913,VN_ADMIN_2025,VNA25-FDF7DE2694,MERGED_INTO
VN_ADMIN_PRE_2025,VNAP25-E6136F2836,VN_ADMIN_2025,VNA25-D82DB13AA7,MERGED_INTO
VN_ADMIN_PRE_2025,VNAP25-77D2D9EB54,VN_ADMIN_2025,VNA25-281DFE5734,MERGED_INTO
VN_ADMIN_PRE_2025,VNAP25-C03F568136,VN_ADMIN_2025,VNA25-D82DB13AA7,MERGED_INTO
VN_ADMIN_PRE_2025,VNAP25-F87812E367,VN_ADMIN_2025,VNA25-60DC20AFE1,MERGED_INTO
VN_ADMIN_PRE_2025,VNAP25-B70CC09B6B,VN_ADMIN_2025,VNA25-1EA9B2CF42,MERGED_INTO
VN_ADMIN_PRE_2025,VNAP25-65B9FA8E3C,VN_ADMIN_2025,VNA25-D715F1B801,MERGED_INTO
VN_ADMIN_PRE_2025,VNAP25-55E02644F1,VN_ADMIN_2025,VNA25-1EA9B2CF42,MERGED_INTO
VN_ADMIN_PRE_2025,VNAP25-776B97C4B2,VN_ADMIN_2025,VNA25-60DC20AFE1,MERGED_INTO
VN_ADMIN_PRE_2025,VNAP25-AC5A04DAC1,VN_ADMIN_2025,VNA25-D82DB13AA7,MERGED_INTO
VN_ADMIN_PRE_2025,VNAP25-DFAB37CF12,VN_ADMIN_2025,VNA25-BC6E114D7A,MERGED_INTO
VN_ADMIN_PRE_2025,VNAP25-9A0AA2B3FA,VN_ADMIN_2025,VNA25-60DC20AFE1,MERGED_INTO
VN_ADMIN_PRE_2025,VNAP25-E23629F301,VN_ADMIN_2025,VNA25-A4BBBDEDD2,MERGED_INTO
VN_ADMIN_PRE_2025,VNAP25-EC7F5807CF,VN_ADMIN_2025,VNA25-D715F1B801,MERGED_INTO
VN_ADMIN_PRE_2025,VNAP25-70B47C1C27,VN_ADMIN_2025,VNA25-BC6E114D7A,MERGED_INTO
VN_ADMIN_PRE_2025,VNAP25-B6B381CC16,VN_ADMIN_2025,VNA25-C86366CFD5,MERGED_INTO
VN_ADMIN_PRE_2025,VNAP25-4BD1BCBDC6,VN_ADMIN_2025,VNA25-ACF534430E,MERGED_INTO
VN_ADMIN_PRE_2025,VNAP25-49A28941F1,VN_ADMIN_2025,VNA25-C86366CFD5,MERGED_INTO
VN_ADMIN_PRE_2025,VNAP25-0E93085CBF,VN_ADMIN_2025,VNA25-ACF534430E,MERGED_INTO
VN_ADMIN_PRE_2025,VNAP25-5F0B62FD37,VN_ADMIN_2025,VNA25-ACF534430E,MERGED_INTO
VN_ADMIN_PRE_2025,VNAP25-746B7E89EE,VN_ADMIN_2025,VNA25-C86366CFD5,MERGED_INTO
VN_ADMIN_PRE_2025,VNAP25-BED1CD1F92,VN_ADMIN_2025,VNA25-9F16BA227C,MERGED_INTO
VN_ADMIN_PRE_2025,VNAP25-092C21C45C,VN_ADMIN_2025,VNA25-9F16BA227C,MERGED_INTO
VN_ADMIN_PRE_2025,VNAP25-B0ED4FF756,VN_ADMIN_2025,VNA25-9F16BA227C,MERGED_INTO
VN_ADMIN_PRE_2025,VNAP25-D7128359FC,VN_ADMIN_2025,VNA25-9F16BA227C,MERGED_INTO
VN_ADMIN_PRE_2025,VNAP25-B0128B181C,VN_ADMIN_2025,VNA25-2798B7A52B,MERGED_INTO
VN_ADMIN_PRE_2025,VNAP25-97184C3D60,VN_ADMIN_2025,VNA25-34F62C2D23,MERGED_INTO
VN_ADMIN_PRE_2025,VNAP25-571BCB813B,VN_ADMIN_2025,VNA25-34F62C2D23,MERGED_INTO
VN_ADMIN_PRE_2025,VNAP25-4EB894C343,VN_ADMIN_2025,VNA25-DC5C051B16,MERGED_INTO
VN_ADMIN_PRE_2025,VNAP25-12B729DD82,VN_ADMIN_2025,VNA25-DC5C051B16,MERGED_INTO
VN_ADMIN_PRE_2025,VNAP25-FA7BF3301C,VN_ADMIN_2025,VNA25-34F62C2D23,MERGED_INTO
VN_ADMIN_PRE_2025,VNAP25-E3EA9C9577,VN_ADMIN_2025,VNA25-FBA305C4D2,MERGED_INTO
VN_ADMIN_PRE_2025,VNAP25-D3E05EFE30,VN_ADMIN_2025,VNA25-2798B7A52B,SPLIT_INTO
VN_ADMIN_PRE_2025,VNAP25-D3E05EFE30,VN_ADMIN_2025,VNA25-38F56A88DD,SPLIT_INTO
VN_ADMIN_PRE_2025,VNAP25-ADEEE3AAA1,VN_ADMIN_2025,VNA25-34F62C2D23,MERGED_INTO
VN_ADMIN_PRE_2025,VNAP25-09C23F8B1C,VN_ADMIN_2025,VNA25-2798B7A52B,MERGED_INTO
VN_ADMIN_PRE_2025,VNAP25-B7EF582E45,VN_ADMIN_2025,VNA25-2798B7A52B,MERGED_INTO
VN_ADMIN_PRE_2025,VNAP25-0EA277191A,VN_ADMIN_2025,VNA25-38F56A88DD,MERGED_INTO
VN_ADMIN_PRE_2025,VNAP25-B91ED6C175,VN_ADMIN_2025,VNA25-38F56A88DD,MERGED_INTO
VN_ADMIN_PRE_2025,VNAP25-4A992E4976,VN_ADMIN_2025,VNA25-34F62C2D23,SPLIT_INTO
VN_ADMIN_PRE_2025,VNAP25-4A992E4976,VN_ADMIN_2025,VNA25-DC5C051B16,SPLIT_INTO
VN_ADMIN_PRE_2025,VNAP25-4124F92F4B,VN_ADMIN_2025,VNA25-DC5C051B16,MERGED_INTO
VN_ADMIN_PRE_2025,VNAP25-EB624DCB7D,VN_ADMIN_2025,VNA25-0FCD183E2E,MERGED_INTO
VN_ADMIN_PRE_2025,VNAP25-735CB2EB4B,VN_ADMIN_2025,VNA25-C196751C5D,MERGED_INTO
VN_ADMIN_PRE_2025,VNAP25-478668DB29,VN_ADMIN_2025,VNA25-09C1DA8BEB,MERGED_INTO
VN_ADMIN_PRE_2025,VNAP25-40D2BAA1C0,VN_ADMIN_2025,VNA25-09C1DA8BEB,MERGED_INTO
VN_ADMIN_PRE_2025,VNAP25-7961354299,VN_ADMIN_2025,VNA25-4B27767913,MERGED_INTO
VN_ADMIN_PRE_2025,VNAP25-1F3EF4CA26,VN_ADMIN_2025,VNA25-2CD13ECDCF,MERGED_INTO
VN_ADMIN_PRE_2025,VNAP25-96DF49C2A7,VN_ADMIN_2025,VNA25-2CD13ECDCF,MERGED_INTO
VN_ADMIN_PRE_2025,VNAP25-5878E22F36,VN_ADMIN_2025,VNA25-15BAC5E101,MERGED_INTO
VN_ADMIN_PRE_2025,VNAP25-E15B89ABFF,VN_ADMIN_2025,VNA25-09C1DA8BEB,MERGED_INTO
VN_ADMIN_PRE_2025,VNAP25-4F4D591522,VN_ADMIN_2025,VNA25-2CD13ECDCF,MERGED_INTO
VN_ADMIN_PRE_2025,VNAP25-FB69B40040,VN_ADMIN_2025,VNA25-0FCD183E2E,SPLIT_INTO
VN_ADMIN_PRE_2025,VNAP25-FB69B40040,VN_ADMIN_2025,VNA25-15BAC5E101,SPLIT_INTO
VN_ADMIN_PRE_2025,VNAP25-8458725A57,VN_ADMIN_2025,VNA25-4B27767913,MERGED_INTO
VN_ADMIN_PRE_2025,VNAP25-B9D722610E,VN_ADMIN_2025,VNA25-4B27767913,MERGED_INTO
VN_ADMIN_PRE_2025,VNAP25-7C173C6CE0,VN_ADMIN_2025,VNA25-4B27767913,MERGED_INTO
VN_ADMIN_PRE_2025,VNAP25-379617B2A0,VN_ADMIN_2025,VNA25-C196751C5D,MERGED_INTO
VN_ADMIN_PRE_2025,VNAP25-23B918A5C4,VN_ADMIN_2025,VNA25-0D49A4C250,MERGED_INTO
VN_ADMIN_PRE_2025,VNAP25-E13DBAAE11,VN_ADMIN_2025,VNA25-70CE8C4382,MERGED_INTO
VN_ADMIN_PRE_2025,VNAP25-42262EBA39,VN_ADMIN_2025,VNA25-70CE8C4382,MERGED_INTO
VN_ADMIN_PRE_2025,VNAP25-B22E174038,VN_ADMIN_2025,VNA25-D092CE57F1,MERGED_INTO
VN_ADMIN_PRE_2025,VNAP25-A53158186E,VN_ADMIN_2025,VNA25-5E6CAB33D6,MERGED_INTO
VN_ADMIN_PRE_2025,VNAP25-81DEAE8C3B,VN_ADMIN_2025,VNA25-0F79472164,SPLIT_INTO
VN_ADMIN_PRE_2025,VNAP25-81DEAE8C3B,VN_ADMIN_2025,VNA25-D092CE57F1,SPLIT_INTO
VN_ADMIN_PRE_2025,VNAP25-82C7149B2C,VN_ADMIN_2025,VNA25-0D49A4C250,MERGED_INTO
VN_ADMIN_PRE_2025,VNAP25-8538ACEFAF,VN_ADMIN_2025,VNA25-70CE8C4382,MERGED_INTO
VN_ADMIN_PRE_2025,VNAP25-3D20C1F3BC,VN_ADMIN_2025,VNA25-D79A8D22CE,MERGED_INTO
VN_ADMIN_PRE_2025,VNAP25-8DD7DC7876,VN_ADMIN_2025,VNA25-D79A8D22CE,MERGED_INTO
VN_ADMIN_PRE_2025,VNAP25-214308A44F,VN_ADMIN_2025,VNA25-0F79472164,MERGED_INTO
VN_ADMIN_PRE_2025,VNAP25-0B3A173298,VN_ADMIN_2025,VNA25-0F79472164,MERGED_INTO
VN_ADMIN_PRE_2025,VNAP25-D38B6EB989,VN_ADMIN_2025,VNA25-5E6CAB33D6,MERGED_INTO
VN_ADMIN_PRE_2025,VNAP25-7D86310FFD,VN_ADMIN_2025,VNA25-5E6CAB33D6,MERGED_INTO
VN_ADMIN_PRE_2025,VNAP25-D62EFE3965,VN_ADMIN_2025,VNA25-D092CE57F1,MERGED_INTO
VN_ADMIN_PRE_2025,VNAP25-1F4379CE48,VN_ADMIN_2025,VNA25-0D49A4C250,MERGED_INTO
VN_ADMIN_PRE_2025,VNAP25-07A1D7449B,VN_ADMIN_2025,VNA25-D092CE57F1,MERGED_INTO
VN_ADMIN_PRE_2025,VNAP25-155B447693,VN_ADMIN_2025,VNA25-D092CE57F1,MERGED_INTO
VN_ADMIN_PRE_2025,VNAP25-604A0E149D,VN_ADMIN_2025,VNA25-D092CE57F1,SPLIT_INTO
VN_ADMIN_PRE_2025,VNAP25-604A0E149D,VN_ADMIN_2025,VNA25-D79A8D22CE,SPLIT_INTO
VN_ADMIN_PRE_2025,VNAP25-92535E901C,VN_ADMIN_2025,VNA25-D9D7F5AB13,SPLIT_INTO
VN_ADMIN_PRE_2025,VNAP25-92535E901C,VN_ADMIN_2025,VNA25-E8FCB0219D,SPLIT_INTO
VN_ADMIN_PRE_2025,VNAP25-ACFACD15E0,VN_ADMIN_2025,VNA25-9815781A8C,SPLIT_INTO
VN_ADMIN_PRE_2025,VNAP25-ACFACD15E0,VN_ADMIN_2025,VNA25-D9D7F5AB13,SPLIT_INTO
VN_ADMIN_PRE_2025,VNAP25-6AF95FB744,VN_ADMIN_2025,VNA25-9815781A8C,SPLIT_INTO
VN_ADMIN_PRE_2025,VNAP25-6AF95FB744,VN_ADMIN_2025,VNA25-D9D7F5AB13,SPLIT_INTO
VN_ADMIN_PRE_2025,VNAP25-36FEFF81B9,VN_ADMIN_2025,VNA25-9815781A8C,MERGED_INTO
VN_ADMIN_PRE_2025,VNAP25-9BD748BDFC,VN_ADMIN_2025,VNA25-D9D7F5AB13,MERGED_INTO
VN_ADMIN_PRE_2025,VNAP25-21424A5FA8,VN_ADMIN_2025,VNA25-D9D7F5AB13,MERGED_INTO
VN_ADMIN_PRE_2025,VNAP25-6C6AF91CE3,VN_ADMIN_2025,VNA25-BE71DAF3F3,MERGED_INTO
VN_ADMIN_PRE_2025,VNAP25-83E3735E2F,VN_ADMIN_2025,VNA25-E8FCB0219D,MERGED_INTO
VN_ADMIN_PRE_2025,VNAP25-8C6CE6066C,VN_ADMIN_2025,VNA25-E8FCB0219D,MERGED_INTO
VN_ADMIN_PRE_2025,VNAP25-E02DDDF83E,VN_ADMIN_2025,VNA25-E8FCB0219D,MERGED_INTO
VN_ADMIN_PRE_2025,VNAP25-1B3F5DDCC9,VN_ADMIN_2025,VNA25-E8FCB0219D,MERGED_INTO
VN_ADMIN_PRE_2025,VNAP25-BE8D25012D,VN_ADMIN_2025,VNA25-BE71DAF3F3,MERGED_INTO
VN_ADMIN_PRE_2025,VNAP25-D67363DA37,VN_ADMIN_2025,VNA25-D9D7F5AB13,MERGED_INTO
VN_ADMIN_PRE_2025,VNAP25-D325A257DE,VN_ADMIN_2025,VNA25-9815781A8C,SPLIT_INTO
VN_ADMIN_PRE_2025,VNAP25-D325A257DE,VN_ADMIN_2025,VNA25-BE71DAF3F3,SPLIT_INTO
VN_ADMIN_PRE_2025,VNAP25-762E775C8C,VN_ADMIN_2025,VNA25-A74CC06737,MERGED_INTO
VN_ADMIN_PRE_2025,VNAP25-B7D6A7060C,VN_ADMIN_2025,VNA25-D5DC005AF5,MERGED_INTO
VN_ADMIN_PRE_2025,VNAP25-05565161D3,VN_ADMIN_2025,VNA25-D5DC005AF5,MERGED_INTO
VN_ADMIN_PRE_2025,VNAP25-5822E6CF0E,VN_ADMIN_2025,VNA25-D5DC005AF5,MERGED_INTO
VN_ADMIN_PRE_2025,VNAP25-80825A8217,VN_ADMIN_2025,VNA25-345BBF0E44,MERGED_INTO
VN_ADMIN_PRE_2025,VNAP25-C2DBA9C7B5,VN_ADMIN_2025,VNA25-4B6D71A7D0,MERGED_INTO
VN_ADMIN_PRE_2025,VNAP25-58041F538E,VN_ADMIN_2025,VNA25-734E00C587,MERGED_INTO
VN_ADMIN_PRE_2025,VNAP25-4CF4EF18F4,VN_ADMIN_2025,VNA25-345BBF0E44,MERGED_INTO
VN_ADMIN_PRE_2025,VNAP25-BEEA36734D,VN_ADMIN_2025,VNA25-ACAB4030FC,MERGED_INTO
VN_ADMIN_PRE_2025,VNAP25-EF423EE047,VN_ADMIN_2025,VNA25-0F070762C7,MERGED_INTO
VN_ADMIN_PRE_2025,VNAP25-193995AA2B,VN_ADMIN_2025,VNA25-4B6D71A7D0,MERGED_INTO
VN_ADMIN_PRE_2025,VNAP25-4D21250ABC,VN_ADMIN_2025,VNA25-D5DC005AF5,MERGED_INTO
VN_ADMIN_PRE_2025,VNAP25-63448D689F,VN_ADMIN_2025,VNA25-0F070762C7,MERGED_INTO
VN_ADMIN_PRE_2025,VNAP25-9E5F69107D,VN_ADMIN_2025,VNA25-0F070762C7,MERGED_INTO
VN_ADMIN_PRE_2025,VNAP25-457F263F14,VN_ADMIN_2025,VNA25-A74CC06737,MERGED_INTO
VN_ADMIN_PRE_2025,VNAP25-68C2B20013,VN_ADMIN_2025,VNA25-734E00C587,MERGED_INTO
VN_ADMIN_PRE_2025,VNAP25-5FED747485,VN_ADMIN_2025,VNA25-4B6D71A7D0,MERGED_INTO
VN_ADMIN_PRE_2025,VNAP25-1861EE1364,VN_ADMIN_2025,VNA25-345BBF0E44,MERGED_INTO
VN_ADMIN_PRE_2025,VNAP25-53E825C373,VN_ADMIN_2025,VNA25-734E00C587,MERGED_INTO
VN_ADMIN_PRE_2025,VNAP25-7FB45953EF,VN_ADMIN_2025,VNA25-ACAB4030FC,MERGED_INTO
VN_ADMIN_PRE_2025,VNAP25-31557EBE67,VN_ADMIN_2025,VNA25-0F070762C7,MERGED_INTO
VN_ADMIN_PRE_2025,VNAP25-8BCFF3F050,VN_ADMIN_2025,VNA25-4B6D71A7D0,SPLIT_INTO
VN_ADMIN_PRE_2025,VNAP25-8BCFF3F050,VN_ADMIN_2025,VNA25-734E00C587,SPLIT_INTO
VN_ADMIN_PRE_2025,VNAP25-E3181D4420,VN_ADMIN_2025,VNA25-0FCD183E2E,MERGED_INTO
VN_ADMIN_PRE_2025,VNAP25-5E66832325,VN_ADMIN_2025,VNA25-15BAC5E101,MERGED_INTO
VN_ADMIN_PRE_2025,VNAP25-D1BC56A802,VN_ADMIN_2025,VNA25-4E1E1E404B,MERGED_INTO
VN_ADMIN_PRE_2025,VNAP25-DEFDECDAC3,VN_ADMIN_2025,VNA25-4E1E1E404B,MERGED_INTO
VN_ADMIN_PRE_2025,VNAP25-32D9CD7A44,VN_ADMIN_2025,VNA25-4E1E1E404B,MERGED_INTO
VN_ADMIN_PRE_2025,VNAP25-AE6A0C7969,VN_ADMIN_2025,VNA25-AF52938E76,MERGED_INTO
VN_ADMIN_PRE_2025,VNAP25-6774C212B2,VN_ADMIN_2025,VNA25-B631B7A548,MERGED_INTO
VN_ADMIN_PRE_2025,VNAP25-B41D188F46,VN_ADMIN_2025,VNA25-AF52938E76,MERGED_INTO
VN_ADMIN_PRE_2025,VNAP25-FD2A758B57,VN_ADMIN_2025,VNA25-B631B7A548,MERGED_INTO
VN_ADMIN_PRE_2025,VNAP25-E647E0E4F2,VN_ADMIN_2025,VNA25-AF52938E76,MERGED_INTO
VN_ADMIN_PRE_2025,VNAP25-3BC12F9C6D,VN_ADMIN_2025,VNA25-B5958B3C9E,MERGED_INTO
VN_ADMIN_PRE_2025,VNAP25-A22FD0FC3D,VN_ADMIN_2025,VNA25-B631B7A548,MERGED_INTO
VN_ADMIN_PRE_2025,VNAP25-F652CBA5A4,VN_ADMIN_2025,VNA25-AF52938E76,MERGED_INTO
VN_ADMIN_PRE_2025,VNAP25-14CD5EE3A3,VN_ADMIN_2025,VNA25-AF52938E76,MERGED_INTO
VN_ADMIN_PRE_2025,VNAP25-F0376ADD18,VN_ADMIN_2025,VNA25-4E1E1E404B,MERGED_INTO
VN_ADMIN_PRE_2025,VNAP25-C4F53278F6,VN_ADMIN_2025,VNA25-B5958B3C9E,MERGED_INTO
VN_ADMIN_PRE_2025,VNAP25-2F89B384DE,VN_ADMIN_2025,VNA25-B5958B3C9E,MERGED_INTO
VN_ADMIN_PRE_2025,VNAP25-5A2B75B8FF,VN_ADMIN_2025,VNA25-9BFAB2D851,MERGED_INTO
VN_ADMIN_PRE_2025,VNAP25-C8E7F0BD6B,VN_ADMIN_2025,VNA25-E2924DBC19,MERGED_INTO
VN_ADMIN_PRE_2025,VNAP25-65FF658AFA,VN_ADMIN_2025,VNA25-465E031F6D,MERGED_INTO
VN_ADMIN_PRE_2025,VNAP25-200620E134,VN_ADMIN_2025,VNA25-A055C4A3D1,MERGED_INTO
VN_ADMIN_PRE_2025,VNAP25-A7645D30F5,VN_ADMIN_2025,VNA25-560B804795,MERGED_INTO
VN_ADMIN_PRE_2025,VNAP25-1B31DDC2B7,VN_ADMIN_2025,VNA25-36A0EB9989,MERGED_INTO
VN_ADMIN_PRE_2025,VNAP25-ABDE1D981B,VN_ADMIN_2025,VNA25-9BFAB2D851,MERGED_INTO
VN_ADMIN_PRE_2025,VNAP25-75DBDEF83B,VN_ADMIN_2025,VNA25-E2924DBC19,MERGED_INTO
VN_ADMIN_PRE_2025,VNAP25-FD23C6936A,VN_ADMIN_2025,VNA25-465E031F6D,MERGED_INTO
VN_ADMIN_PRE_2025,VNAP25-50432A61D7,VN_ADMIN_2025,VNA25-B5C33278A0,MERGED_INTO
VN_ADMIN_PRE_2025,VNAP25-C7ED369999,VN_ADMIN_2025,VNA25-A055C4A3D1,MERGED_INTO
VN_ADMIN_PRE_2025,VNAP25-1DCA173D9B,VN_ADMIN_2025,VNA25-9BFAB2D851,MERGED_INTO
VN_ADMIN_PRE_2025,VNAP25-0EC6DDC731,VN_ADMIN_2025,VNA25-36A0EB9989,MERGED_INTO
VN_ADMIN_PRE_2025,VNAP25-9CAC4CE696,VN_ADMIN_2025,VNA25-560B804795,MERGED_INTO
VN_ADMIN_PRE_2025,VNAP25-08D220B220,VN_ADMIN_2025,VNA25-465E031F6D,MERGED_INTO
VN_ADMIN_PRE_2025,VNAP25-CA42475E8B,VN_ADMIN_2025,VNA25-560B804795,MERGED_INTO
VN_ADMIN_PRE_2025,VNAP25-831888A587,VN_ADMIN_2025,VNA25-B5C33278A0,MERGED_INTO
VN_ADMIN_PRE_2025,VNAP25-F0459EE405,VN_ADMIN_2025,VNA25-560B804795,MERGED_INTO
VN_ADMIN_PRE_2025,VNAP25-E71CA5DE09,VN_ADMIN_2025,VNA25-36A0EB9989,MERGED_INTO
VN_ADMIN_PRE_2025,VNAP25-FCC9192A48,VN_ADMIN_2025,VNA25-B5C33278A0,MERGED_INTO
VN_ADMIN_PRE_2025,VNAP25-02AFA69A8F,VN_ADMIN_2025,VNA25-A055C4A3D1,MERGED_INTO
VN_ADMIN_PRE_2025,VNAP25-F8B1B67512,VN_ADMIN_2025,VNA25-AF52938E76,SPLIT_INTO
VN_ADMIN_PRE_2025,VNAP25-F8B1B67512,VN_ADMIN_2025,VNA25-E2924DBC19,SPLIT_INTO
VN_ADMIN_PRE_2025,VNAP25-C68E076444,VN_ADMIN_2025,VNA25-D7D86D4DE1,MERGED_INTO
VN_ADMIN_PRE_2025,VNAP25-36BF549C5D,VN_ADMIN_2025,VNA25-D7D86D4DE1,MERGED_INTO
VN_ADMIN_PRE_2025,VNAP25-CC0F9B640C,VN_ADMIN_2025,VNA25-E13794C4D3,MERGED_INTO
VN_ADMIN_PRE_2025,VNAP25-E12C3EA0ED,VN_ADMIN_2025,VNA25-D7D86D4DE1,MERGED_INTO
VN_ADMIN_PRE_2025,VNAP25-AF77D865D6,VN_ADMIN_2025,VNA25-3B51C22B24,MERGED_INTO
VN_ADMIN_PRE_2025,VNAP25-3D277BE6EB,VN_ADMIN_2025,VNA25-B8BA98394D,MERGED_INTO
VN_ADMIN_PRE_2025,VNAP25-16A720649D,VN_ADMIN_2025,VNA25-3B51C22B24,MERGED_INTO
VN_ADMIN_PRE_2025,VNAP25-5DDB8ABD7F,VN_ADMIN_2025,VNA25-6BD4706C49,MERGED_INTO
VN_ADMIN_PRE_2025,VNAP25-683B50A32A,VN_ADMIN_2025,VNA25-E13794C4D3,MERGED_INTO
VN_ADMIN_PRE_2025,VNAP25-1A4E4E6360,VN_ADMIN_2025,VNA25-6BD4706C49,MERGED_INTO
VN_ADMIN_PRE_2025,VNAP25-CD1F9CC94A,VN_ADMIN_2025,VNA25-3B51C22B24,MERGED_INTO
VN_ADMIN_PRE_2025,VNAP25-4C4611AA1F,VN_ADMIN_2025,VNA25-6BD4706C49,MERGED_INTO
VN_ADMIN_PRE_2025,VNAP25-1C6F72E0FB,VN_ADMIN_2025,VNA25-B8BA98394D,MERGED_INTO
VN_ADMIN_PRE_2025,VNAP25-1DB7AE6E3A,VN_ADMIN_2025,VNA25-E13794C4D3,MERGED_INTO
VN_ADMIN_PRE_2025,VNAP25-B7FCA10C95,VN_ADMIN_2025,VNA25-B8BA98394D,MERGED_INTO
VN_ADMIN_PRE_2025,VNAP25-46C4909032,VN_ADMIN_2025,VNA25-241986C2EC,MERGED_INTO
VN_ADMIN_PRE_2025,VNAP25-F0245EEEC5,VN_ADMIN_2025,VNA25-AB0BABFA75,MERGED_INTO
VN_ADMIN_PRE_2025,VNAP25-5236CDD955,VN_ADMIN_2025,VNA25-241986C2EC,MERGED_INTO
VN_ADMIN_PRE_2025,VNAP25-3223012FDF,VN_ADMIN_2025,VNA25-6DDC8F53E9,MERGED_INTO
VN_ADMIN_PRE_2025,VNAP25-C09D0025B6,VN_ADMIN_2025,VNA25-6DDC8F53E9,MERGED_INTO
VN_ADMIN_PRE_2025,VNAP25-23393B1B0E,VN_ADMIN_2025,VNA25-AB0BABFA75,MERGED_INTO
VN_ADMIN_PRE_2025,VNAP25-43A3A8C510,VN_ADMIN_2025,VNA25-2C0FE48F2A,MERGED_INTO
VN_ADMIN_PRE_2025,VNAP25-C93BCF1241,VN_ADMIN_2025,VNA25-AB0BABFA75,MERGED_INTO
VN_ADMIN_PRE_2025,VNAP25-D9509C376D,VN_ADMIN_2025,VNA25-C448325113,MERGED_INTO
VN_ADMIN_PRE_2025,VNAP25-1AF5DF1AD2,VN_ADMIN_2025,VNA25-6DDC8F53E9,MERGED_INTO
VN_ADMIN_PRE_2025,VNAP25-25960457FC,VN_ADMIN_2025,VNA25-C448325113,MERGED_INTO
VN_ADMIN_PRE_2025,VNAP25-268754D018,VN_ADMIN_2025,VNA25-241986C2EC,MERGED_INTO
VN_ADMIN_PRE_2025,VNAP25-DE4CE2952E,VN_ADMIN_2025,VNA25-2C0FE48F2A,MERGED_INTO
VN_ADMIN_PRE_2025,VNAP25-DDFC454438,VN_ADMIN_2025,VNA25-C448325113,MERGED_INTO
VN_ADMIN_PRE_2025,VNAP25-34FF567775,VN_ADMIN_2025,VNA25-2C0FE48F2A,MERGED_INTO
VN_ADMIN_PRE_2025,VNAP25-A924DDAF86,VN_ADMIN_2025,VNA25-6DDC8F53E9,MERGED_INTO
VN_ADMIN_PRE_2025,VNAP25-925996416F,VN_ADMIN_2025,VNA25-84B4684421,MERGED_INTO
VN_ADMIN_PRE_2025,VNAP25-5C054972DF,VN_ADMIN_2025,VNA25-1D0B089D74,SPLIT_INTO
VN_ADMIN_PRE_2025,VNAP25-5C054972DF,VN_ADMIN_2025,VNA25-B5958B3C9E,SPLIT_INTO
VN_ADMIN_PRE_2025,VNAP25-ED3A5EA359,VN_ADMIN_2025,VNA25-1D0B089D74,MERGED_INTO
VN_ADMIN_PRE_2025,VNAP25-3D0243C443,VN_ADMIN_2025,VNA25-512110F877,MERGED_INTO
VN_ADMIN_PRE_2025,VNAP25-5104C38C5D,VN_ADMIN_2025,VNA25-84B4684421,MERGED_INTO
VN_ADMIN_PRE_2025,VNAP25-70EAEF01BF,VN_ADMIN_2025,VNA25-1D0B089D74,MERGED_INTO
VN_ADMIN_PRE_2025,VNAP25-08E733998F,VN_ADMIN_2025,VNA25-512110F877,MERGED_INTO
VN_ADMIN_PRE_2025,VNAP25-58D18B21B8,VN_ADMIN_2025,VNA25-930EC62485,MERGED_INTO
VN_ADMIN_PRE_2025,VNAP25-3B81F36B83,VN_ADMIN_2025,VNA25-2D2FF13AD5,SPLIT_INTO
VN_ADMIN_PRE_2025,VNAP25-3B81F36B83,VN_ADMIN_2025,VNA25-84B4684421,SPLIT_INTO
VN_ADMIN_PRE_2025,VNAP25-2C9C5B4DF2,VN_ADMIN_2025,VNA25-194BB14566,MERGED_INTO
VN_ADMIN_PRE_2025,VNAP25-C0481C3B5E,VN_ADMIN_2025,VNA25-512110F877,MERGED_INTO
VN_ADMIN_PRE_2025,VNAP25-E507E9C411,VN_ADMIN_2025,VNA25-194BB14566,MERGED_INTO
VN_ADMIN_PRE_2025,VNAP25-779524F51B,VN_ADMIN_2025,VNA25-930EC62485,MERGED_INTO
VN_ADMIN_PRE_2025,VNAP25-D3BD4039E7,VN_ADMIN_2025,VNA25-930EC62485,MERGED_INTO
VN_ADMIN_PRE_2025,VNAP25-779CB29AD8,VN_ADMIN_2025,VNA25-512110F877,MERGED_INTO
VN_ADMIN_PRE_2025,VNAP25-C26451CEA6,VN_ADMIN_2025,VNA25-194BB14566,MERGED_INTO
VN_ADMIN_PRE_2025,VNAP25-53AE0670C5,VN_ADMIN_2025,VNA25-01A0FBE20E,MERGED_INTO
VN_ADMIN_PRE_2025,VNAP25-6AAEA230E2,VN_ADMIN_2025,VNA25-12CDDF34A7,MERGED_INTO
VN_ADMIN_PRE_2025,VNAP25-38A695A8B8,VN_ADMIN_2025,VNA25-12CDDF34A7,MERGED_INTO
VN_ADMIN_PRE_2025,VNAP25-8DD1796C48,VN_ADMIN_2025,VNA25-3067C2321F,MERGED_INTO
VN_ADMIN_PRE_2025,VNAP25-21073AE10B,VN_ADMIN_2025,VNA25-FBA305C4D2,MERGED_INTO
VN_ADMIN_PRE_2025,VNAP25-14B742F79A,VN_ADMIN_2025,VNA25-12CDDF34A7,MERGED_INTO
VN_ADMIN_PRE_2025,VNAP25-2F1FB20E39,VN_ADMIN_2025,VNA25-6FE72A2274,MERGED_INTO
VN_ADMIN_PRE_2025,VNAP25-F3964B74F9,VN_ADMIN_2025,VNA25-6FE72A2274,MERGED_INTO
VN_ADMIN_PRE_2025,VNAP25-627BE63C92,VN_ADMIN_2025,VNA25-6FE72A2274,MERGED_INTO
VN_ADMIN_PRE_2025,VNAP25-7D9825C69A,VN_ADMIN_2025,VNA25-3067C2321F,MERGED_INTO
VN_ADMIN_PRE_2025,VNAP25-6B2C9C637B,VN_ADMIN_2025,VNA25-01A0FBE20E,MERGED_INTO
VN_ADMIN_PRE_2025,VNAP25-20BE41E4AB,VN_ADMIN_2025,VNA25-FBA305C4D2,MERGED_INTO
VN_ADMIN_PRE_2025,VNAP25-175B37AC63,VN_ADMIN_2025,VNA25-3067C2321F,MERGED_INTO
VN_ADMIN_PRE_2025,VNAP25-40F8819E4F,VN_ADMIN_2025,VNA25-12CDDF34A7,MERGED_INTO
VN_ADMIN_PRE_2025,VNAP25-1B7F47EF6D,VN_ADMIN_2025,VNA25-01A0FBE20E,MERGED_INTO
VN_ADMIN_PRE_2025,VNAP25-8B7EB8C24F,VN_ADMIN_2025,VNA25-FBA305C4D2,MERGED_INTO
VN_ADMIN_PRE_2025,VNAP25-7A901B6074,VN_ADMIN_2025,VNA25-01A0FBE20E,MERGED_INTO
VN_ADMIN_PRE_2025,VNAP25-76DC7C3C72,VN_ADMIN_2025,VNA25-45DD585EBD,MERGED_INTO
VN_ADMIN_PRE_2025,VNAP25-32273C9998,VN_ADMIN_2025,VNA25-2D2FF13AD5,MERGED_INTO
VN_ADMIN_PRE_2025,VNAP25-826364E1CE,VN_ADMIN_2025,VNA25-45DD585EBD,MERGED_INTO
VN_ADMIN_PRE_2025,VNAP25-EA35961427,VN_ADMIN_2025,VNA25-3BC2AE42D6,MERGED_INTO
VN_ADMIN_PRE_2025,VNAP25-81226758BE,VN_ADMIN_2025,VNA25-2D2FF13AD5,MERGED_INTO
VN_ADMIN_PRE_2025,VNAP25-3FAA898935,VN_ADMIN_2025,VNA25-3BC2AE42D6,MERGED_INTO
VN_ADMIN_PRE_2025,VNAP25-303FEB7CAE,VN_ADMIN_2025,VNA25-87909E6EA0,MERGED_INTO
VN_ADMIN_PRE_2025,VNAP25-477A33594F,VN_ADMIN_2025,VNA25-87909E6EA0,MERGED_INTO
VN_ADMIN_PRE_2025,VNAP25-994C01E8E1,VN_ADMIN_2025,VNA25-2D2FF13AD5,SPLIT_INTO
VN_ADMIN_PRE_2025,VNAP25-994C01E8E1,VN_ADMIN_2025,VNA25-3BC2AE42D6,SPLIT_INTO
VN_ADMIN_PRE_2025,VNAP25-2F75B78F3F,VN_ADMIN_2025,VNA25-3BC2AE42D6,MERGED_INTO
VN_ADMIN_PRE_2025,VNAP25-967AD24528,VN_ADMIN_2025,VNA25-2201935553,MERGED_INTO
VN_ADMIN_PRE_2025,VNAP25-E1D18A83D5,VN_ADMIN_2025,VNA25-24D88FE8B7,MERGED_INTO
VN_ADMIN_PRE_2025,VNAP25-7E6994B02B,VN_ADMIN_2025,VNA25-87909E6EA0,MERGED_INTO
VN_ADMIN_PRE_2025,VNAP25-06058BBEC2,VN_ADMIN_2025,VNA25-24D88FE8B7,MERGED_INTO
VN_ADMIN_PRE_2025,VNAP25-4398FEBCC1,VN_ADMIN_2025,VNA25-24D88FE8B7,MERGED_INTO
VN_ADMIN_PRE_2025,VNAP25-4499B509CA,VN_ADMIN_2025,VNA25-2201935553,MERGED_INTO
VN_ADMIN_PRE_2025,VNAP25-E447D7314E,VN_ADMIN_2025,VNA25-3BC2AE42D6,MERGED_INTO
VN_ADMIN_PRE_2025,VNAP25-5E774FC6D2,VN_ADMIN_2025,VNA25-87909E6EA0,MERGED_INTO
VN_ADMIN_PRE_2025,VNAP25-9E1D53091A,VN_ADMIN_2025,VNA25-24D88FE8B7,MERGED_INTO
VN_ADMIN_PRE_2025,VNAP25-4B3CE191CC,VN_ADMIN_2025,VNA25-45DD585EBD,MERGED_INTO
VN_ADMIN_PRE_2025,VNAP25-F404DF7483,VN_ADMIN_2025,VNA25-CB64E4A3EF,MERGED_INTO
VN_ADMIN_PRE_2025,VNAP25-27230D5F44,VN_ADMIN_2025,VNA25-9B702DE590,SPLIT_INTO
VN_ADMIN_PRE_2025,VNAP25-27230D5F44,VN_ADMIN_2025,VNA25-CB64E4A3EF,SPLIT_INTO
VN_ADMIN_PRE_2025,VNAP25-357AD0E95C,VN_ADMIN_2025,VNA25-9956C962E7,MERGED_INTO
VN_ADMIN_PRE_2025,VNAP25-A7C860A3D1,VN_ADMIN_2025,VNA25-9B702DE590,SPLIT_INTO
VN_ADMIN_PRE_2025,VNAP25-A7C860A3D1,VN_ADMIN_2025,VNA25-CB64E4A3EF,SPLIT_INTO
VN_ADMIN_PRE_2025,VNAP25-B9605C8184,VN_ADMIN_2025,VNA25-9956C962E7,MERGED_INTO
VN_ADMIN_PRE_2025,VNAP25-D627BCDE6F,VN_ADMIN_2025,VNA25-CB64E4A3EF,MERGED_INTO
VN_ADMIN_PRE_2025,VNAP25-51557FF36D,VN_ADMIN_2025,VNA25-9B702DE590,SPLIT_INTO
VN_ADMIN_PRE_2025,VNAP25-51557FF36D,VN_ADMIN_2025,VNA25-CB64E4A3EF,SPLIT_INTO
VN_ADMIN_PRE_2025,VNAP25-86025D3BBA,VN_ADMIN_2025,VNA25-9956C962E7,SPLIT_INTO
VN_ADMIN_PRE_2025,VNAP25-86025D3BBA,VN_ADMIN_2025,VNA25-F1CB1EB84D,SPLIT_INTO
VN_ADMIN_PRE_2025,VNAP25-452D91A701,VN_ADMIN_2025,VNA25-9B702DE590,MERGED_INTO
VN_ADMIN_PRE_2025,VNAP25-0679D758AD,VN_ADMIN_2025,VNA25-9B702DE590,MERGED_INTO
VN_ADMIN_PRE_2025,VNAP25-86022F137C,VN_ADMIN_2025,VNA25-78423C2591,MERGED_INTO
VN_ADMIN_PRE_2025,VNAP25-8E5B214B82,VN_ADMIN_2025,VNA25-BB3BA7D400,MERGED_INTO
VN_ADMIN_PRE_2025,VNAP25-5CC3164AD1,VN_ADMIN_2025,VNA25-78423C2591,MERGED_INTO
VN_ADMIN_PRE_2025,VNAP25-21A2063528,VN_ADMIN_2025,VNA25-BB3BA7D400,MERGED_INTO
VN_ADMIN_PRE_2025,VNAP25-3CA9D9B761,VN_ADMIN_2025,VNA25-78423C2591,MERGED_INTO
VN_ADMIN_PRE_2025,VNAP25-B4B368A0EC,VN_ADMIN_2025,VNA25-D3A7FA90B8,MERGED_INTO
VN_ADMIN_PRE_2025,VNAP25-9189B7684E,VN_ADMIN_2025,VNA25-BB3BA7D400,MERGED_INTO
VN_ADMIN_PRE_2025,VNAP25-A2D85A9578,VN_ADMIN_2025,VNA25-D182F6D21E,MERGED_INTO
VN_ADMIN_PRE_2025,VNAP25-EF18A18B98,VN_ADMIN_2025,VNA25-381B3D353B,MERGED_INTO
VN_ADMIN_PRE_2025,VNAP25-3D9B8F9BE3,VN_ADMIN_2025,VNA25-381B3D353B,MERGED_INTO
VN_ADMIN_PRE_2025,VNAP25-61E38DC549,VN_ADMIN_2025,VNA25-381B3D353B,MERGED_INTO
VN_ADMIN_PRE_2025,VNAP25-60645DAB7C,VN_ADMIN_2025,VNA25-78423C2591,MERGED_INTO
VN_ADMIN_PRE_2025,VNAP25-7F2840330A,VN_ADMIN_2025,VNA25-D182F6D21E,MERGED_INTO
VN_ADMIN_PRE_2025,VNAP25-D531C75193,VN_ADMIN_2025,VNA25-78423C2591,SPLIT_INTO
VN_ADMIN_PRE_2025,VNAP25-D531C75193,VN_ADMIN_2025,VNA25-D182F6D21E,SPLIT_INTO
VN_ADMIN_PRE_2025,VNAP25-DB9039FB9D,VN_ADMIN_2025,VNA25-6326539561,SPLIT_INTO
VN_ADMIN_PRE_2025,VNAP25-DB9039FB9D,VN_ADMIN_2025,VNA25-78423C2591,SPLIT_INTO
VN_ADMIN_PRE_2025,VNAP25-09B068F7B3,VN_ADMIN_2025,VNA25-D3A7FA90B8,MERGED_INTO
VN_ADMIN_PRE_2025,VNAP25-EF8467A081,VN_ADMIN_2025,VNA25-D3A7FA90B8,MERGED_INTO
VN_ADMIN_PRE_2025,VNAP25-5BC5095857,VN_ADMIN_2025,VNA25-6AE1408B57,MERGED_INTO
VN_ADMIN_PRE_2025,VNAP25-9779700AB2,VN_ADMIN_2025,VNA25-6AE1408B57,MERGED_INTO
VN_ADMIN_PRE_2025,VNAP25-62483D4DFA,VN_ADMIN_2025,VNA25-6AE1408B57,MERGED_INTO
VN_ADMIN_PRE_2025,VNAP25-C7FFE6AF18,VN_ADMIN_2025,VNA25-6AE1408B57,MERGED_INTO
VN_ADMIN_PRE_2025,VNAP25-CBCE4C3364,VN_ADMIN_2025,VNA25-6AE1408B57,MERGED_INTO
VN_ADMIN_PRE_2025,VNAP25-4EF1BA4E62,VN_ADMIN_2025,VNA25-6AE1408B57,MERGED_INTO
VN_ADMIN_PRE_2025,VNAP25-0D160B3DED,VN_ADMIN_2025,VNA25-6AE1408B57,MERGED_INTO
VN_ADMIN_PRE_2025,VNAP25-D13CD9EF5B,VN_ADMIN_2025,VNA25-6AE1408B57,MERGED_INTO
VN_ADMIN_PRE_2025,VNAP25-677F180A26,VN_ADMIN_2025,VNA25-6AE1408B57,MERGED_INTO
VN_ADMIN_PRE_2025,VNAP25-F918D4A466,VN_ADMIN_2025,VNA25-6AE1408B57,MERGED_INTO
VN_ADMIN_PRE_2025,VNAP25-CB713EB848,VN_ADMIN_2025,VNA25-6AE1408B57,MERGED_INTO
VN_ADMIN_PRE_2025,VNAP25-3776EF8F99,VN_ADMIN_2025,VNA25-6AE1408B57,MERGED_INTO
VN_ADMIN_PRE_2025,VNAP25-7F93492CBE,VN_ADMIN_2025,VNA25-67344E1CC0,MERGED_INTO
VN_ADMIN_PRE_2025,VNAP25-3AB1A97A93,VN_ADMIN_2025,VNA25-01F20B6044,MERGED_INTO
VN_ADMIN_PRE_2025,VNAP25-96134377CF,VN_ADMIN_2025,VNA25-67344E1CC0,MERGED_INTO
VN_ADMIN_PRE_2025,VNAP25-3CB9231AFA,VN_ADMIN_2025,VNA25-67344E1CC0,MERGED_INTO
VN_ADMIN_PRE_2025,VNAP25-735B40A666,VN_ADMIN_2025,VNA25-01F20B6044,SPLIT_INTO
VN_ADMIN_PRE_2025,VNAP25-735B40A666,VN_ADMIN_2025,VNA25-67344E1CC0,SPLIT_INTO
VN_ADMIN_PRE_2025,VNAP25-529AAF89DD,VN_ADMIN_2025,VNA25-01F20B6044,MERGED_INTO
VN_ADMIN_PRE_2025,VNAP25-82BD494C82,VN_ADMIN_2025,VNA25-ACB0962E30,SPLIT_INTO
VN_ADMIN_PRE_2025,VNAP25-82BD494C82,VN_ADMIN_2025,VNA25-CBE6F1B279,SPLIT_INTO
VN_ADMIN_PRE_2025,VNAP25-DFCEDA81F6,VN_ADMIN_2025,VNA25-CBE6F1B279,MERGED_INTO
VN_ADMIN_PRE_2025,VNAP25-2C3E576913,VN_ADMIN_2025,VNA25-ACB0962E30,SPLIT_INTO
VN_ADMIN_PRE_2025,VNAP25-2C3E576913,VN_ADMIN_2025,VNA25-CBE6F1B279,SPLIT_INTO
VN_ADMIN_PRE_2025,VNAP25-CBD6E2F698,VN_ADMIN_2025,VNA25-ACB0962E30,MERGED_INTO
VN_ADMIN_PRE_2025,VNAP25-D8BFA1E5C3,VN_ADMIN_2025,VNA25-CBE6F1B279,MERGED_INTO
VN_ADMIN_PRE_2025,VNAP25-9252C3D116,VN_ADMIN_2025,VNA25-01F20B6044,SPLIT_INTO
VN_ADMIN_PRE_2025,VNAP25-9252C3D116,VN_ADMIN_2025,VNA25-ACB0962E30,SPLIT_INTO
VN_ADMIN_PRE_2025,VNAP25-A2F2161664,VN_ADMIN_2025,VNA25-AC8AEB7348,MERGED_INTO
VN_ADMIN_PRE_2025,VNAP25-9EA14C93B5,VN_ADMIN_2025,VNA25-AC8AEB7348,MERGED_INTO
VN_ADMIN_PRE_2025,VNAP25-4236A4B538,VN_ADMIN_2025,VNA25-AC8AEB7348,MERGED_INTO
VN_ADMIN_PRE_2025,VNAP25-87645B9B85,VN_ADMIN_2025,VNA25-052A6E7190,MERGED_INTO
VN_ADMIN_PRE_2025,VNAP25-00B35D92AB,VN_ADMIN_2025,VNA25-052A6E7190,MERGED_INTO
VN_ADMIN_PRE_2025,VNAP25-19D3365D0D,VN_ADMIN_2025,VNA25-052A6E7190,SPLIT_INTO
VN_ADMIN_PRE_2025,VNAP25-19D3365D0D,VN_ADMIN_2025,VNA25-AC8AEB7348,SPLIT_INTO
VN_ADMIN_PRE_2025,VNAP25-D492C0D9C3,VN_ADMIN_2025,VNA25-AC8AEB7348,MERGED_INTO
VN_ADMIN_PRE_2025,VNAP25-260C0D7325,VN_ADMIN_2025,VNA25-AC8AEB7348,MERGED_INTO
VN_ADMIN_PRE_2025,VNAP25-2C1205BBCF,VN_ADMIN_2025,VNA25-F1CB1EB84D,MERGED_INTO
VN_ADMIN_PRE_2025,VNAP25-93D366ACB7,VN_ADMIN_2025,VNA25-F1CB1EB84D,MERGED_INTO
VN_ADMIN_PRE_2025,VNAP25-794EF38875,VN_ADMIN_2025,VNA25-F1CB1EB84D,MERGED_INTO
VN_ADMIN_PRE_2025,VNAP25-3DD7598697,VN_ADMIN_2025,VNA25-195628DC93,MERGED_INTO
VN_ADMIN_PRE_2025,VNAP25-37094AB8DD,VN_ADMIN_2025,VNA25-195628DC93,MERGED_INTO
VN_ADMIN_PRE_2025,VNAP25-39F8AC1AB4,VN_ADMIN_2025,VNA25-195628DC93,MERGED_INTO
VN_ADMIN_PRE_2025,VNAP25-5CC0406268,VN_ADMIN_2025,VNA25-195628DC93,MERGED_INTO
VN_ADMIN_PRE_2025,VNAP25-42EF8FA89D,VN_ADMIN_2025,VNA25-F1CB1EB84D,MERGED_INTO
VN_ADMIN_PRE_2025,VNAP25-EDAD079BDF,VN_ADMIN_2025,VNA25-195628DC93,MERGED_INTO
VN_ADMIN_PRE_2025,VNAP25-C91AACA02C,VN_ADMIN_2025,VNA25-195628DC93,MERGED_INTO
VN_ADMIN_PRE_2025,VNAP25-F8893A84FF,VN_ADMIN_2025,VNA25-6326539561,MERGED_INTO
VN_ADMIN_PRE_2025,VNAP25-8D4C3D34B8,VN_ADMIN_2025,VNA25-5C37B39157,MERGED_INTO
VN_ADMIN_PRE_2025,VNAP25-E0F0379885,VN_ADMIN_2025,VNA25-5C37B39157,SPLIT_INTO
VN_ADMIN_PRE_2025,VNAP25-E0F0379885,VN_ADMIN_2025,VNA25-6326539561,SPLIT_INTO
VN_ADMIN_PRE_2025,VNAP25-A067C1A675,VN_ADMIN_2025,VNA25-5C37B39157,SPLIT_INTO
VN_ADMIN_PRE_2025,VNAP25-A067C1A675,VN_ADMIN_2025,VNA25-6326539561,SPLIT_INTO
VN_ADMIN_PRE_2025,VNAP25-302B189827,VN_ADMIN_2025,VNA25-6326539561,MERGED_INTO
VN_ADMIN_PRE_2025,VNAP25-3773177754,VN_ADMIN_2025,VNA25-5C37B39157,SPLIT_INTO
VN_ADMIN_PRE_2025,VNAP25-3773177754,VN_ADMIN_2025,VNA25-6326539561,SPLIT_INTO
VN_ADMIN_PRE_2025,VNAP25-A71BBD65BF,VN_ADMIN_2025,VNA25-6326539561,MERGED_INTO
VN_ADMIN_PRE_2025,VNAP25-D116D32AA8,VN_ADMIN_2025,VNA25-B178EB85A9,MERGED_INTO
VN_ADMIN_PRE_2025,VNAP25-48627C5DD6,VN_ADMIN_2025,VNA25-C8ADCB2F1A,MERGED_INTO
VN_ADMIN_PRE_2025,VNAP25-BF4547D57E,VN_ADMIN_2025,VNA25-4DB88D6055,SPLIT_INTO
VN_ADMIN_PRE_2025,VNAP25-BF4547D57E,VN_ADMIN_2025,VNA25-C8ADCB2F1A,SPLIT_INTO
VN_ADMIN_PRE_2025,VNAP25-CB7B1C8069,VN_ADMIN_2025,VNA25-B178EB85A9,MERGED_INTO
VN_ADMIN_PRE_2025,VNAP25-BFD6332071,VN_ADMIN_2025,VNA25-ED3CA9AEDE,MERGED_INTO
VN_ADMIN_PRE_2025,VNAP25-DA9B3C4D76,VN_ADMIN_2025,VNA25-F68336F173,MERGED_INTO
VN_ADMIN_PRE_2025,VNAP25-9CB33680CD,VN_ADMIN_2025,VNA25-4DB88D6055,SPLIT_INTO
VN_ADMIN_PRE_2025,VNAP25-9CB33680CD,VN_ADMIN_2025,VNA25-F68336F173,SPLIT_INTO
VN_ADMIN_PRE_2025,VNAP25-B678EC513B,VN_ADMIN_2025,VNA25-ED3CA9AEDE,MERGED_INTO
VN_ADMIN_PRE_2025,VNAP25-279535288A,VN_ADMIN_2025,VNA25-B178EB85A9,MERGED_INTO
VN_ADMIN_PRE_2025,VNAP25-F148FCCBB1,VN_ADMIN_2025,VNA25-ED3CA9AEDE,MERGED_INTO
VN_ADMIN_PRE_2025,VNAP25-EBFC2D73ED,VN_ADMIN_2025,VNA25-F68336F173,MERGED_INTO
VN_ADMIN_PRE_2025,VNAP25-C2B742D7E4,VN_ADMIN_2025,VNA25-C8ADCB2F1A,MERGED_INTO
VN_ADMIN_PRE_2025,VNAP25-321DDC99D9,VN_ADMIN_2025,VNA25-4DB88D6055,MERGED_INTO
VN_ADMIN_PRE_2025,VNAP25-E09BC2EA2F,VN_ADMIN_2025,VNA25-F68336F173,MERGED_INTO
VN_ADMIN_PRE_2025,VNAP25-3ECE91D9D2,VN_ADMIN_2025,VNA25-F68336F173,MERGED_INTO
VN_ADMIN_PRE_2025,VNAP25-34E1BDBB29,VN_ADMIN_2025,VNA25-C8ADCB2F1A,MERGED_INTO
VN_ADMIN_PRE_2025,VNAP25-B9102D26F7,VN_ADMIN_2025,VNA25-23B08408B5,MERGED_INTO
VN_ADMIN_PRE_2025,VNAP25-749F581815,VN_ADMIN_2025,VNA25-23B08408B5,MERGED_INTO
VN_ADMIN_PRE_2025,VNAP25-CFA7432A48,VN_ADMIN_2025,VNA25-91DC4FE0E9,MERGED_INTO
VN_ADMIN_PRE_2025,VNAP25-5CC10DCBA1,VN_ADMIN_2025,VNA25-91DC4FE0E9,MERGED_INTO
VN_ADMIN_PRE_2025,VNAP25-A81C5A79AF,VN_ADMIN_2025,VNA25-91DC4FE0E9,MERGED_INTO
VN_ADMIN_PRE_2025,VNAP25-035C479F7F,VN_ADMIN_2025,VNA25-23B08408B5,SPLIT_INTO
VN_ADMIN_PRE_2025,VNAP25-035C479F7F,VN_ADMIN_2025,VNA25-91DC4FE0E9,SPLIT_INTO
VN_ADMIN_PRE_2025,VNAP25-351276E26F,VN_ADMIN_2025,VNA25-23B08408B5,SPLIT_INTO
VN_ADMIN_PRE_2025,VNAP25-351276E26F,VN_ADMIN_2025,VNA25-91DC4FE0E9,SPLIT_INTO
VN_ADMIN_PRE_2025,VNAP25-3C2A1EE2FB,VN_ADMIN_2025,VNA25-91DC4FE0E9,SPLIT_INTO
VN_ADMIN_PRE_2025,VNAP25-3C2A1EE2FB,VN_ADMIN_2025,VNA25-9A0283F68B,SPLIT_INTO
VN_ADMIN_PRE_2025,VNAP25-E62BAFBF9D,VN_ADMIN_2025,VNA25-F5E175E8C5,MERGED_INTO
VN_ADMIN_PRE_2025,VNAP25-67AD854B88,VN_ADMIN_2025,VNA25-9A0283F68B,MERGED_INTO
VN_ADMIN_PRE_2025,VNAP25-79F4C33537,VN_ADMIN_2025,VNA25-9A0283F68B,SPLIT_INTO
VN_ADMIN_PRE_2025,VNAP25-79F4C33537,VN_ADMIN_2025,VNA25-F5E175E8C5,SPLIT_INTO
VN_ADMIN_PRE_2025,VNAP25-66E5CBF37D,VN_ADMIN_2025,VNA25-195628DC93,SPLIT_INTO
VN_ADMIN_PRE_2025,VNAP25-66E5CBF37D,VN_ADMIN_2025,VNA25-9A0283F68B,SPLIT_INTO
VN_ADMIN_PRE_2025,VNAP25-66E5CBF37D,VN_ADMIN_2025,VNA25-F5E175E8C5,SPLIT_INTO
VN_ADMIN_PRE_2025,VNAP25-5145661A5F,VN_ADMIN_2025,VNA25-91DC4FE0E9,SPLIT_INTO
VN_ADMIN_PRE_2025,VNAP25-5145661A5F,VN_ADMIN_2025,VNA25-9A0283F68B,SPLIT_INTO
VN_ADMIN_PRE_2025,VNAP25-3E8473D977,VN_ADMIN_2025,VNA25-F5E175E8C5,MERGED_INTO
VN_ADMIN_PRE_2025,VNAP25-DBD6BB8ED6,VN_ADMIN_2025,VNA25-F5E175E8C5,MERGED_INTO
VN_ADMIN_PRE_2025,VNAP25-1A43C8EC99,VN_ADMIN_2025,VNA25-1BEE70EFF0,SPLIT_INTO
VN_ADMIN_PRE_2025,VNAP25-1A43C8EC99,VN_ADMIN_2025,VNA25-2F7767997E,SPLIT_INTO
VN_ADMIN_PRE_2025,VNAP25-8102F92BFB,VN_ADMIN_2025,VNA25-EE0A586FE3,MERGED_INTO
VN_ADMIN_PRE_2025,VNAP25-44DB7675E4,VN_ADMIN_2025,VNA25-1BEE70EFF0,MERGED_INTO
VN_ADMIN_PRE_2025,VNAP25-92A02C48B4,VN_ADMIN_2025,VNA25-2F7767997E,MERGED_INTO
VN_ADMIN_PRE_2025,VNAP25-D0602276C2,VN_ADMIN_2025,VNA25-1BEE70EFF0,SPLIT_INTO
VN_ADMIN_PRE_2025,VNAP25-D0602276C2,VN_ADMIN_2025,VNA25-82C750C1ED,SPLIT_INTO
VN_ADMIN_PRE_2025,VNAP25-25572FD39F,VN_ADMIN_2025,VNA25-82C750C1ED,MERGED_INTO
VN_ADMIN_PRE_2025,VNAP25-8BB4E223A9,VN_ADMIN_2025,VNA25-6997AA27CD,MERGED_INTO
VN_ADMIN_PRE_2025,VNAP25-69C7380A3E,VN_ADMIN_2025,VNA25-6BD885EE84,SPLIT_INTO
VN_ADMIN_PRE_2025,VNAP25-69C7380A3E,VN_ADMIN_2025,VNA25-82C750C1ED,SPLIT_INTO
VN_ADMIN_PRE_2025,VNAP25-F6DAE6716F,VN_ADMIN_2025,VNA25-9AA1019D8D,SPLIT_INTO
VN_ADMIN_PRE_2025,VNAP25-F6DAE6716F,VN_ADMIN_2025,VNA25-A401CADC4E,SPLIT_INTO
VN_ADMIN_PRE_2025,VNAP25-21FA4A4EAD,VN_ADMIN_2025,VNA25-A401CADC4E,MERGED_INTO
VN_ADMIN_PRE_2025,VNAP25-43FD759D6B,VN_ADMIN_2025,VNA25-EE0A586FE3,MERGED_INTO
VN_ADMIN_PRE_2025,VNAP25-3BACE00F79,VN_ADMIN_2025,VNA25-6997AA27CD,MERGED_INTO
VN_ADMIN_PRE_2025,VNAP25-B88AA658A4,VN_ADMIN_2025,VNA25-9AA1019D8D,MERGED_INTO
VN_ADMIN_PRE_2025,VNAP25-0B14843BF5,VN_ADMIN_2025,VNA25-EE0A586FE3,MERGED_INTO
VN_ADMIN_PRE_2025,VNAP25-5E957B8DE1,VN_ADMIN_2025,VNA25-6BD885EE84,MERGED_INTO
VN_ADMIN_PRE_2025,VNAP25-1F4DDF98FC,VN_ADMIN_2025,VNA25-6BD885EE84,MERGED_INTO
VN_ADMIN_PRE_2025,VNAP25-0A3519C271,VN_ADMIN_2025,VNA25-6997AA27CD,MERGED_INTO
VN_ADMIN_PRE_2025,VNAP25-C28D399ED5,VN_ADMIN_2025,VNA25-82C750C1ED,MERGED_INTO
VN_ADMIN_PRE_2025,VNAP25-632F1EF7F4,VN_ADMIN_2025,VNA25-1BEE70EFF0,MERGED_INTO
VN_ADMIN_PRE_2025,VNAP25-42DDCC2FDC,VN_ADMIN_2025,VNA25-1BEE70EFF0,SPLIT_INTO
VN_ADMIN_PRE_2025,VNAP25-42DDCC2FDC,VN_ADMIN_2025,VNA25-2F7767997E,SPLIT_INTO
VN_ADMIN_PRE_2025,VNAP25-B51CB7727E,VN_ADMIN_2025,VNA25-A401CADC4E,MERGED_INTO
VN_ADMIN_PRE_2025,VNAP25-507EE373CE,VN_ADMIN_2025,VNA25-B7A9A14C84,MERGED_INTO
VN_ADMIN_PRE_2025,VNAP25-F40FE9BC61,VN_ADMIN_2025,VNA25-2050D6FF71,MERGED_INTO
VN_ADMIN_PRE_2025,VNAP25-92ADE62E32,VN_ADMIN_2025,VNA25-5B1C1E8029,MERGED_INTO
VN_ADMIN_PRE_2025,VNAP25-AA17B13B4B,VN_ADMIN_2025,VNA25-2050D6FF71,MERGED_INTO
VN_ADMIN_PRE_2025,VNAP25-968BCB19CF,VN_ADMIN_2025,VNA25-B7A9A14C84,MERGED_INTO
VN_ADMIN_PRE_2025,VNAP25-5428492867,VN_ADMIN_2025,VNA25-A6E889B84A,MERGED_INTO
VN_ADMIN_PRE_2025,VNAP25-CBF980550D,VN_ADMIN_2025,VNA25-A05830ED27,MERGED_INTO
VN_ADMIN_PRE_2025,VNAP25-9C972CDB1A,VN_ADMIN_2025,VNA25-2050D6FF71,MERGED_INTO
VN_ADMIN_PRE_2025,VNAP25-AEB834A0D7,VN_ADMIN_2025,VNA25-B7A9A14C84,MERGED_INTO
VN_ADMIN_PRE_2025,VNAP25-32E310777D,VN_ADMIN_2025,VNA25-A05830ED27,MERGED_INTO
VN_ADMIN_PRE_2025,VNAP25-EED23A9D05,VN_ADMIN_2025,VNA25-2050D6FF71,SPLIT_INTO
VN_ADMIN_PRE_2025,VNAP25-EED23A9D05,VN_ADMIN_2025,VNA25-3B486F6704,SPLIT_INTO
VN_ADMIN_PRE_2025,VNAP25-3FEB65C07D,VN_ADMIN_2025,VNA25-B7A9A14C84,MERGED_INTO
VN_ADMIN_PRE_2025,VNAP25-D3B19A9051,VN_ADMIN_2025,VNA25-5B1C1E8029,MERGED_INTO
VN_ADMIN_PRE_2025,VNAP25-91C2544166,VN_ADMIN_2025,VNA25-A05830ED27,MERGED_INTO
VN_ADMIN_PRE_2025,VNAP25-391D7862CB,VN_ADMIN_2025,VNA25-3B486F6704,MERGED_INTO
VN_ADMIN_PRE_2025,VNAP25-E60029A836,VN_ADMIN_2025,VNA25-3B486F6704,MERGED_INTO
VN_ADMIN_PRE_2025,VNAP25-7C91AE742C,VN_ADMIN_2025,VNA25-A05830ED27,MERGED_INTO
VN_ADMIN_PRE_2025,VNAP25-47DFB1EB8D,VN_ADMIN_2025,VNA25-5B1C1E8029,MERGED_INTO
VN_ADMIN_PRE_2025,VNAP25-6CEDEB88F3,VN_ADMIN_2025,VNA25-A6E889B84A,MERGED_INTO
VN_ADMIN_PRE_2025,VNAP25-8023CAFBA0,VN_ADMIN_2025,VNA25-4E21A76E49,MERGED_INTO
VN_ADMIN_PRE_2025,VNAP25-275724D8B0,VN_ADMIN_2025,VNA25-C8DF13F337,MERGED_INTO
VN_ADMIN_PRE_2025,VNAP25-21A3B7ECFA,VN_ADMIN_2025,VNA25-C8DF13F337,MERGED_INTO
VN_ADMIN_PRE_2025,VNAP25-9ADA154FFB,VN_ADMIN_2025,VNA25-19D8A1CF91,MERGED_INTO
VN_ADMIN_PRE_2025,VNAP25-19A0B809DD,VN_ADMIN_2025,VNA25-E0B1751A75,MERGED_INTO
VN_ADMIN_PRE_2025,VNAP25-12C27ACF21,VN_ADMIN_2025,VNA25-4E21A76E49,MERGED_INTO
VN_ADMIN_PRE_2025,VNAP25-01FF101A12,VN_ADMIN_2025,VNA25-19D8A1CF91,MERGED_INTO
VN_ADMIN_PRE_2025,VNAP25-F032F64BCB,VN_ADMIN_2025,VNA25-4E21A76E49,MERGED_INTO
VN_ADMIN_PRE_2025,VNAP25-8BE51FFD70,VN_ADMIN_2025,VNA25-75A1D2D231,MERGED_INTO
VN_ADMIN_PRE_2025,VNAP25-A900BD8C45,VN_ADMIN_2025,VNA25-75A1D2D231,MERGED_INTO
VN_ADMIN_PRE_2025,VNAP25-A9E1BD6CCD,VN_ADMIN_2025,VNA25-DB4B433873,MERGED_INTO
VN_ADMIN_PRE_2025,VNAP25-D361E371E4,VN_ADMIN_2025,VNA25-BA744B8C70,MERGED_INTO
VN_ADMIN_PRE_2025,VNAP25-D46B1018CE,VN_ADMIN_2025,VNA25-19D8A1CF91,MERGED_INTO
VN_ADMIN_PRE_2025,VNAP25-C0DE8D0ABE,VN_ADMIN_2025,VNA25-DB4B433873,MERGED_INTO
VN_ADMIN_PRE_2025,VNAP25-E85225B690,VN_ADMIN_2025,VNA25-DB4B433873,MERGED_INTO
VN_ADMIN_PRE_2025,VNAP25-678890B642,VN_ADMIN_2025,VNA25-C8DF13F337,MERGED_INTO
VN_ADMIN_PRE_2025,VNAP25-8586619603,VN_ADMIN_2025,VNA25-75A1D2D231,MERGED_INTO
VN_ADMIN_PRE_2025,VNAP25-3BBA026E7D,VN_ADMIN_2025,VNA25-BA744B8C70,MERGED_INTO
VN_ADMIN_PRE_2025,VNAP25-41501F1208,VN_ADMIN_2025,VNA25-E0B1751A75,MERGED_INTO
VN_ADMIN_PRE_2025,VNAP25-F8ACD746EA,VN_ADMIN_2025,VNA25-75A1D2D231,MERGED_INTO
VN_ADMIN_PRE_2025,VNAP25-7ED2D4F75A,VN_ADMIN_2025,VNA25-42B19BAFB4,MERGED_INTO
VN_ADMIN_PRE_2025,VNAP25-BCDC49BE04,VN_ADMIN_2025,VNA25-290CD0E1AF,MERGED_INTO
VN_ADMIN_PRE_2025,VNAP25-34DC34CA43,VN_ADMIN_2025,VNA25-EFDA1349C4,MERGED_INTO
VN_ADMIN_PRE_2025,VNAP25-A58CCA21AF,VN_ADMIN_2025,VNA25-EFDA1349C4,MERGED_INTO
VN_ADMIN_PRE_2025,VNAP25-01164D3327,VN_ADMIN_2025,VNA25-42B19BAFB4,MERGED_INTO
VN_ADMIN_PRE_2025,VNAP25-EF53787CE1,VN_ADMIN_2025,VNA25-42B19BAFB4,MERGED_INTO
VN_ADMIN_PRE_2025,VNAP25-3E698EDE88,VN_ADMIN_2025,VNA25-290CD0E1AF,MERGED_INTO
VN_ADMIN_PRE_2025,VNAP25-C0CB567062,VN_ADMIN_2025,VNA25-290CD0E1AF,MERGED_INTO
VN_ADMIN_PRE_2025,VNAP25-B32C6B82A2,VN_ADMIN_2025,VNA25-4E96040F54,MERGED_INTO
VN_ADMIN_PRE_2025,VNAP25-B276EA7D9C,VN_ADMIN_2025,VNA25-EFDA1349C4,MERGED_INTO
VN_ADMIN_PRE_2025,VNAP25-F1024535AA,VN_ADMIN_2025,VNA25-4E96040F54,MERGED_INTO
VN_ADMIN_PRE_2025,VNAP25-991DF91760,VN_ADMIN_2025,VNA25-4E96040F54,MERGED_INTO
VN_ADMIN_PRE_2025,VNAP25-BB9AA1D3FA,VN_ADMIN_2025,VNA25-C745779BA0,MERGED_INTO
VN_ADMIN_PRE_2025,VNAP25-EDF8672F33,VN_ADMIN_2025,VNA25-4E96040F54,MERGED_INTO
VN_ADMIN_PRE_2025,VNAP25-DD26261E84,VN_ADMIN_2025,VNA25-C745779BA0,MERGED_INTO
VN_ADMIN_PRE_2025,VNAP25-EBD5B74E1F,VN_ADMIN_2025,VNA25-C745779BA0,MERGED_INTO
VN_ADMIN_PRE_2025,VNAP25-277E5CF00B,VN_ADMIN_2025,VNA25-C30DA5AC37,MERGED_INTO
VN_ADMIN_PRE_2025,VNAP25-EACA0429DA,VN_ADMIN_2025,VNA25-C30DA5AC37,MERGED_INTO
VN_ADMIN_PRE_2025,VNAP25-C8763B483F,VN_ADMIN_2025,VNA25-BD524494E4,MERGED_INTO
VN_ADMIN_PRE_2025,VNAP25-4AF5D7A5CC,VN_ADMIN_2025,VNA25-BD524494E4,MERGED_INTO
VN_ADMIN_PRE_2025,VNAP25-61863696E1,VN_ADMIN_2025,VNA25-EF701ECC68,MERGED_INTO
VN_ADMIN_PRE_2025,VNAP25-71523A6FF1,VN_ADMIN_2025,VNA25-EEBC2ABF3B,MERGED_INTO
VN_ADMIN_PRE_2025,VNAP25-EB10EC1873,VN_ADMIN_2025,VNA25-EEBC2ABF3B,MERGED_INTO
VN_ADMIN_PRE_2025,VNAP25-FDCBFED4F0,VN_ADMIN_2025,VNA25-EF701ECC68,MERGED_INTO
VN_ADMIN_PRE_2025,VNAP25-35EDEBC728,VN_ADMIN_2025,VNA25-EEBC2ABF3B,MERGED_INTO
VN_ADMIN_PRE_2025,VNAP25-4A3024FFCA,VN_ADMIN_2025,VNA25-EF701ECC68,MERGED_INTO
VN_ADMIN_PRE_2025,VNAP25-6F11698A00,VN_ADMIN_2025,VNA25-BD524494E4,MERGED_INTO
VN_ADMIN_PRE_2025,VNAP25-FE8333EC85,VN_ADMIN_2025,VNA25-136AFFF60A,MERGED_INTO
VN_ADMIN_PRE_2025,VNAP25-7E786404FA,VN_ADMIN_2025,VNA25-136AFFF60A,MERGED_INTO
VN_ADMIN_PRE_2025,VNAP25-E970264F21,VN_ADMIN_2025,VNA25-C9AA185AE6,MERGED_INTO
VN_ADMIN_PRE_2025,VNAP25-E10E3F4943,VN_ADMIN_2025,VNA25-C9AA185AE6,MERGED_INTO
VN_ADMIN_PRE_2025,VNAP25-D4D6E1B29C,VN_ADMIN_2025,VNA25-9DBF21E5F6,MERGED_INTO
VN_ADMIN_PRE_2025,VNAP25-67AAF5313A,VN_ADMIN_2025,VNA25-AD7935D827,MERGED_INTO
VN_ADMIN_PRE_2025,VNAP25-2742E84EE4,VN_ADMIN_2025,VNA25-AD7935D827,MERGED_INTO
VN_ADMIN_PRE_2025,VNAP25-880E286442,VN_ADMIN_2025,VNA25-C9AA185AE6,MERGED_INTO
VN_ADMIN_PRE_2025,VNAP25-2A79B385AA,VN_ADMIN_2025,VNA25-F60039244F,MERGED_INTO
VN_ADMIN_PRE_2025,VNAP25-AD258C8E99,VN_ADMIN_2025,VNA25-F60039244F,MERGED_INTO
VN_ADMIN_PRE_2025,VNAP25-7487D9BC03,VN_ADMIN_2025,VNA25-2AC853B41C,MERGED_INTO
VN_ADMIN_PRE_2025,VNAP25-B9E4D38FED,VN_ADMIN_2025,VNA25-2AC853B41C,MERGED_INTO
VN_ADMIN_PRE_2025,VNAP25-BF8A5D8137,VN_ADMIN_2025,VNA25-2AC853B41C,MERGED_INTO
VN_ADMIN_PRE_2025,VNAP25-84C60BC350,VN_ADMIN_2025,VNA25-F60039244F,MERGED_INTO
VN_ADMIN_PRE_2025,VNAP25-5048F8A37F,VN_ADMIN_2025,VNA25-5AA4245CDD,MERGED_INTO
VN_ADMIN_PRE_2025,VNAP25-D2A1716453,VN_ADMIN_2025,VNA25-FB12BE8F6D,MERGED_INTO
VN_ADMIN_PRE_2025,VNAP25-863954F2D0,VN_ADMIN_2025,VNA25-6D2A361449,MERGED_INTO
VN_ADMIN_PRE_2025,VNAP25-1ABE6B9422,VN_ADMIN_2025,VNA25-6D2A361449,MERGED_INTO
VN_ADMIN_PRE_2025,VNAP25-B7ACF23675,VN_ADMIN_2025,VNA25-5032368E5A,MERGED_INTO
VN_ADMIN_PRE_2025,VNAP25-33B6CB96B9,VN_ADMIN_2025,VNA25-D5D6A6013B,MERGED_INTO
VN_ADMIN_PRE_2025,VNAP25-EAEFBCFD7B,VN_ADMIN_2025,VNA25-5032368E5A,MERGED_INTO
VN_ADMIN_PRE_2025,VNAP25-863E3391AC,VN_ADMIN_2025,VNA25-8C9DD84C57,MERGED_INTO
VN_ADMIN_PRE_2025,VNAP25-153F802C39,VN_ADMIN_2025,VNA25-D5D6A6013B,MERGED_INTO
VN_ADMIN_PRE_2025,VNAP25-57835254AF,VN_ADMIN_2025,VNA25-C3C2612DE0,MERGED_INTO
VN_ADMIN_PRE_2025,VNAP25-39E5F27529,VN_ADMIN_2025,VNA25-C3C2612DE0,MERGED_INTO
VN_ADMIN_PRE_2025,VNAP25-B76BF21EFF,VN_ADMIN_2025,VNA25-5AA4245CDD,MERGED_INTO
VN_ADMIN_PRE_2025,VNAP25-C81CBAABED,VN_ADMIN_2025,VNA25-8C9DD84C57,MERGED_INTO
VN_ADMIN_PRE_2025,VNAP25-2B42251FFC,VN_ADMIN_2025,VNA25-FB12BE8F6D,MERGED_INTO
VN_ADMIN_PRE_2025,VNAP25-7150232FC4,VN_ADMIN_2025,VNA25-8C9DD84C57,MERGED_INTO
VN_ADMIN_PRE_2025,VNAP25-6ABBC63BEE,VN_ADMIN_2025,VNA25-E415064A42,MERGED_INTO
VN_ADMIN_PRE_2025,VNAP25-28473453BB,VN_ADMIN_2025,VNA25-E415064A42,MERGED_INTO
VN_ADMIN_PRE_2025,VNAP25-AE0F0F898B,VN_ADMIN_2025,VNA25-4C0AA2C108,MERGED_INTO
VN_ADMIN_PRE_2025,VNAP25-7605D19E2F,VN_ADMIN_2025,VNA25-4C0AA2C108,MERGED_INTO
VN_ADMIN_PRE_2025,VNAP25-70DF616D63,VN_ADMIN_2025,VNA25-E415064A42,MERGED_INTO
VN_ADMIN_PRE_2025,VNAP25-E3D6469327,VN_ADMIN_2025,VNA25-B62CC47E88,MERGED_INTO
VN_ADMIN_PRE_2025,VNAP25-96C1BD40B5,VN_ADMIN_2025,VNA25-B62CC47E88,MERGED_INTO
VN_ADMIN_PRE_2025,VNAP25-ED6A4D76B4,VN_ADMIN_2025,VNA25-B62CC47E88,MERGED_INTO
VN_ADMIN_PRE_2025,VNAP25-56A2DE1FF9,VN_ADMIN_2025,VNA25-4C0AA2C108,MERGED_INTO
VN_ADMIN_PRE_2025,VNAP25-5A4F3AFE4F,VN_ADMIN_2025,VNA25-AE74563148,MERGED_INTO
VN_ADMIN_PRE_2025,VNAP25-DBFF460688,VN_ADMIN_2025,VNA25-681B4D12CD,MERGED_INTO
VN_ADMIN_PRE_2025,VNAP25-CF025495F9,VN_ADMIN_2025,VNA25-681B4D12CD,MERGED_INTO
VN_ADMIN_PRE_2025,VNAP25-F2E728F07E,VN_ADMIN_2025,VNA25-AE74563148,MERGED_INTO
VN_ADMIN_PRE_2025,VNAP25-4D607F8A21,VN_ADMIN_2025,VNA25-681B4D12CD,MERGED_INTO
VN_ADMIN_PRE_2025,VNAP25-F0489BB24B,VN_ADMIN_2025,VNA25-9DBF21E5F6,MERGED_INTO
VN_ADMIN_PRE_2025,VNAP25-CDF528BD63,VN_ADMIN_2025,VNA25-AE74563148,MERGED_INTO
VN_ADMIN_PRE_2025,VNAP25-388F06A727,VN_ADMIN_2025,VNA25-9DBF21E5F6,MERGED_INTO
VN_ADMIN_PRE_2025,VNAP25-012BE20EB1,VN_ADMIN_2025,VNA25-B99137DA4F,MERGED_INTO
VN_ADMIN_PRE_2025,VNAP25-BCBE9E3E92,VN_ADMIN_2025,VNA25-B99137DA4F,MERGED_INTO
VN_ADMIN_PRE_2025,VNAP25-D0914A06E9,VN_ADMIN_2025,VNA25-CD258FAB99,MERGED_INTO
VN_ADMIN_PRE_2025,VNAP25-E41497A0C3,VN_ADMIN_2025,VNA25-6E2DEAA0CF,MERGED_INTO
VN_ADMIN_PRE_2025,VNAP25-8B7AE37B04,VN_ADMIN_2025,VNA25-ED191229EE,MERGED_INTO
VN_ADMIN_PRE_2025,VNAP25-2AD922CC42,VN_ADMIN_2025,VNA25-6E2DEAA0CF,SPLIT_INTO
VN_ADMIN_PRE_2025,VNAP25-2AD922CC42,VN_ADMIN_2025,VNA25-ED191229EE,SPLIT_INTO
VN_ADMIN_PRE_2025,VNAP25-AEE5E97E78,VN_ADMIN_2025,VNA25-ED191229EE,MERGED_INTO
VN_ADMIN_PRE_2025,VNAP25-4AD08CABC5,VN_ADMIN_2025,VNA25-7FC6C6109F,SPLIT_INTO
VN_ADMIN_PRE_2025,VNAP25-4AD08CABC5,VN_ADMIN_2025,VNA25-CD258FAB99,SPLIT_INTO
VN_ADMIN_PRE_2025,VNAP25-899030FFAF,VN_ADMIN_2025,VNA25-ED191229EE,MERGED_INTO
VN_ADMIN_PRE_2025,VNAP25-34E9845EF0,VN_ADMIN_2025,VNA25-6E2DEAA0CF,SPLIT_INTO
VN_ADMIN_PRE_2025,VNAP25-34E9845EF0,VN_ADMIN_2025,VNA25-CD258FAB99,SPLIT_INTO
VN_ADMIN_PRE_2025,VNAP25-7091512BC7,VN_ADMIN_2025,VNA25-6E2DEAA0CF,MERGED_INTO
VN_ADMIN_PRE_2025,VNAP25-9074A7F10E,VN_ADMIN_2025,VNA25-7FC6C6109F,MERGED_INTO
VN_ADMIN_PRE_2025,VNAP25-5CB6CECA26,VN_ADMIN_2025,VNA25-7691373AD5,MERGED_INTO
VN_ADMIN_PRE_2025,VNAP25-8C5939F307,VN_ADMIN_2025,VNA25-7691373AD5,MERGED_INTO
VN_ADMIN_PRE_2025,VNAP25-7EB912A051,VN_ADMIN_2025,VNA25-560849DEE0,MERGED_INTO
VN_ADMIN_PRE_2025,VNAP25-B5572423BF,VN_ADMIN_2025,VNA25-560849DEE0,MERGED_INTO
VN_ADMIN_PRE_2025,VNAP25-DAE70D76F9,VN_ADMIN_2025,VNA25-560849DEE0,SPLIT_INTO
VN_ADMIN_PRE_2025,VNAP25-DAE70D76F9,VN_ADMIN_2025,VNA25-DDC5E4C8C9,SPLIT_INTO
VN_ADMIN_PRE_2025,VNAP25-A5B5778462,VN_ADMIN_2025,VNA25-560849DEE0,MERGED_INTO
VN_ADMIN_PRE_2025,VNAP25-FD664DE2AB,VN_ADMIN_2025,VNA25-7691373AD5,MERGED_INTO
VN_ADMIN_PRE_2025,VNAP25-C8B638297D,VN_ADMIN_2025,VNA25-7691373AD5,MERGED_INTO
VN_ADMIN_PRE_2025,VNAP25-6858D8C777,VN_ADMIN_2025,VNA25-DDC5E4C8C9,MERGED_INTO
VN_ADMIN_PRE_2025,VNAP25-88258C6A6B,VN_ADMIN_2025,VNA25-DDC5E4C8C9,MERGED_INTO
VN_ADMIN_PRE_2025,VNAP25-17FDFDAE99,VN_ADMIN_2025,VNA25-7691373AD5,MERGED_INTO
VN_ADMIN_PRE_2025,VNAP25-E44EC26761,VN_ADMIN_2025,VNA25-B7F2555407,MERGED_INTO
VN_ADMIN_PRE_2025,VNAP25-9E7679EEFB,VN_ADMIN_2025,VNA25-D3A880F342,MERGED_INTO
VN_ADMIN_PRE_2025,VNAP25-75CB7E44E9,VN_ADMIN_2025,VNA25-9145D56451,MERGED_INTO
VN_ADMIN_PRE_2025,VNAP25-46E103A2C5,VN_ADMIN_2025,VNA25-530493BDD8,MERGED_INTO
VN_ADMIN_PRE_2025,VNAP25-162B3B357B,VN_ADMIN_2025,VNA25-9145D56451,MERGED_INTO
VN_ADMIN_PRE_2025,VNAP25-070362CF5C,VN_ADMIN_2025,VNA25-B7F2555407,MERGED_INTO
VN_ADMIN_PRE_2025,VNAP25-9C4031AC69,VN_ADMIN_2025,VNA25-D3A880F342,MERGED_INTO
VN_ADMIN_PRE_2025,VNAP25-D4172CCA9E,VN_ADMIN_2025,VNA25-530493BDD8,MERGED_INTO
VN_ADMIN_PRE_2025,VNAP25-6217656CEB,VN_ADMIN_2025,VNA25-B7F2555407,MERGED_INTO
VN_ADMIN_PRE_2025,VNAP25-32597AFF15,VN_ADMIN_2025,VNA25-9145D56451,SPLIT_INTO
VN_ADMIN_PRE_2025,VNAP25-32597AFF15,VN_ADMIN_2025,VNA25-D3A880F342,SPLIT_INTO
VN_ADMIN_PRE_2025,VNAP25-AB347C7888,VN_ADMIN_2025,VNA25-7BBDEDDFE9,MERGED_INTO
VN_ADMIN_PRE_2025,VNAP25-2B0A395ABF,VN_ADMIN_2025,VNA25-2724CBD297,MERGED_INTO
VN_ADMIN_PRE_2025,VNAP25-9D40A9DD5E,VN_ADMIN_2025,VNA25-A86ADE74C8,MERGED_INTO
VN_ADMIN_PRE_2025,VNAP25-396A0F492C,VN_ADMIN_2025,VNA25-5CAFF10F9D,MERGED_INTO
VN_ADMIN_PRE_2025,VNAP25-D46904274C,VN_ADMIN_2025,VNA25-2724CBD297,MERGED_INTO
VN_ADMIN_PRE_2025,VNAP25-02BA085E7F,VN_ADMIN_2025,VNA25-A86ADE74C8,MERGED_INTO
VN_ADMIN_PRE_2025,VNAP25-C1B0907C68,VN_ADMIN_2025,VNA25-2724CBD297,MERGED_INTO
VN_ADMIN_PRE_2025,VNAP25-8A847F9DDA,VN_ADMIN_2025,VNA25-7BBDEDDFE9,MERGED_INTO
VN_ADMIN_PRE_2025,VNAP25-483B3B89C0,VN_ADMIN_2025,VNA25-B694821FD7,MERGED_INTO
VN_ADMIN_PRE_2025,VNAP25-992BF283E9,VN_ADMIN_2025,VNA25-B694821FD7,MERGED_INTO
VN_ADMIN_PRE_2025,VNAP25-C66364850B,VN_ADMIN_2025,VNA25-5CAFF10F9D,MERGED_INTO
VN_ADMIN_PRE_2025,VNAP25-575AAE2666,VN_ADMIN_2025,VNA25-58BCDA5E7F,MERGED_INTO
VN_ADMIN_PRE_2025,VNAP25-7EE522DAEC,VN_ADMIN_2025,VNA25-067893515C,MERGED_INTO
VN_ADMIN_PRE_2025,VNAP25-7BD26A7E7F,VN_ADMIN_2025,VNA25-067893515C,MERGED_INTO
VN_ADMIN_PRE_2025,VNAP25-CC9082FC81,VN_ADMIN_2025,VNA25-067893515C,MERGED_INTO
VN_ADMIN_PRE_2025,VNAP25-BD181901D1,VN_ADMIN_2025,VNA25-58BCDA5E7F,MERGED_INTO
VN_ADMIN_PRE_2025,VNAP25-BED258C808,VN_ADMIN_2025,VNA25-58BCDA5E7F,MERGED_INTO
VN_ADMIN_PRE_2025,VNAP25-A1D25C26E1,VN_ADMIN_2025,VNA25-58BCDA5E7F,SPLIT_INTO
VN_ADMIN_PRE_2025,VNAP25-A1D25C26E1,VN_ADMIN_2025,VNA25-71A804BA94,SPLIT_INTO
VN_ADMIN_PRE_2025,VNAP25-FAD84C1D17,VN_ADMIN_2025,VNA25-58BCDA5E7F,MERGED_INTO
VN_ADMIN_PRE_2025,VNAP25-86BB566580,VN_ADMIN_2025,VNA25-067893515C,MERGED_INTO
VN_ADMIN_PRE_2025,VNAP25-525DB5457C,VN_ADMIN_2025,VNA25-71A804BA94,MERGED_INTO
VN_ADMIN_PRE_2025,VNAP25-393BFAB7E5,VN_ADMIN_2025,VNA25-3954C23AA2,MERGED_INTO
VN_ADMIN_PRE_2025,VNAP25-DCDDDB8315,VN_ADMIN_2025,VNA25-3F2917130F,MERGED_INTO
VN_ADMIN_PRE_2025,VNAP25-E68C57822D,VN_ADMIN_2025,VNA25-3F2917130F,SPLIT_INTO
VN_ADMIN_PRE_2025,VNAP25-E68C57822D,VN_ADMIN_2025,VNA25-A886939F48,SPLIT_INTO
VN_ADMIN_PRE_2025,VNAP25-CB0B8F13A9,VN_ADMIN_2025,VNA25-3F2917130F,MERGED_INTO
VN_ADMIN_PRE_2025,VNAP25-FA947BA662,VN_ADMIN_2025,VNA25-3F2917130F,MERGED_INTO
VN_ADMIN_PRE_2025,VNAP25-F32E12FA84,VN_ADMIN_2025,VNA25-3954C23AA2,SPLIT_INTO
VN_ADMIN_PRE_2025,VNAP25-F32E12FA84,VN_ADMIN_2025,VNA25-A886939F48,SPLIT_INTO
VN_ADMIN_PRE_2025,VNAP25-ACC214B9D8,VN_ADMIN_2025,VNA25-3954C23AA2,MERGED_INTO
VN_ADMIN_PRE_2025,VNAP25-209D3A15F1,VN_ADMIN_2025,VNA25-3954C23AA2,SPLIT_INTO
VN_ADMIN_PRE_2025,VNAP25-209D3A15F1,VN_ADMIN_2025,VNA25-A886939F48,SPLIT_INTO
VN_ADMIN_PRE_2025,VNAP25-BE9B1AD184,VN_ADMIN_2025,VNA25-A886939F48,MERGED_INTO
VN_ADMIN_PRE_2025,VNAP25-BB17E52D6C,VN_ADMIN_2025,VNA25-A886939F48,MERGED_INTO
VN_ADMIN_PRE_2025,VNAP25-97C67AC9CA,VN_ADMIN_2025,VNA25-D4638849B5,MERGED_INTO
VN_ADMIN_PRE_2025,VNAP25-2B9E7913BF,VN_ADMIN_2025,VNA25-38FA7841FB,MERGED_INTO
VN_ADMIN_PRE_2025,VNAP25-E39D1633A1,VN_ADMIN_2025,VNA25-38FA7841FB,MERGED_INTO
VN_ADMIN_PRE_2025,VNAP25-3C2AC86848,VN_ADMIN_2025,VNA25-38FA7841FB,MERGED_INTO
VN_ADMIN_PRE_2025,VNAP25-B7D1B6B213,VN_ADMIN_2025,VNA25-38FA7841FB,MERGED_INTO
VN_ADMIN_PRE_2025,VNAP25-C5769DDD91,VN_ADMIN_2025,VNA25-D4638849B5,MERGED_INTO
VN_ADMIN_PRE_2025,VNAP25-E6FF7E1A42,VN_ADMIN_2025,VNA25-D4638849B5,MERGED_INTO
VN_ADMIN_PRE_2025,VNAP25-6105EF1752,VN_ADMIN_2025,VNA25-3DAB2AF0F1,MERGED_INTO
VN_ADMIN_PRE_2025,VNAP25-B49B163C90,VN_ADMIN_2025,VNA25-3DAB2AF0F1,MERGED_INTO
VN_ADMIN_PRE_2025,VNAP25-768F19D60F,VN_ADMIN_2025,VNA25-3DAB2AF0F1,MERGED_INTO
VN_ADMIN_PRE_2025,VNAP25-604E9C9A3D,VN_ADMIN_2025,VNA25-A4554F8080,MERGED_INTO
VN_ADMIN_PRE_2025,VNAP25-69260B1A9F,VN_ADMIN_2025,VNA25-4AE93E5884,MERGED_INTO
VN_ADMIN_PRE_2025,VNAP25-BC93BE2E85,VN_ADMIN_2025,VNA25-4AE93E5884,MERGED_INTO
VN_ADMIN_PRE_2025,VNAP25-F34B2FDF9D,VN_ADMIN_2025,VNA25-3026EE0BE4,MERGED_INTO
VN_ADMIN_PRE_2025,VNAP25-051F179AF7,VN_ADMIN_2025,VNA25-3026EE0BE4,MERGED_INTO
VN_ADMIN_PRE_2025,VNAP25-8312A817C3,VN_ADMIN_2025,VNA25-3026EE0BE4,MERGED_INTO
VN_ADMIN_PRE_2025,VNAP25-B8EAC3EC2C,VN_ADMIN_2025,VNA25-1EC99A72C5,MERGED_INTO
VN_ADMIN_PRE_2025,VNAP25-8A06067EF1,VN_ADMIN_2025,VNA25-A4554F8080,MERGED_INTO
VN_ADMIN_PRE_2025,VNAP25-8A097C0244,VN_ADMIN_2025,VNA25-A4554F8080,MERGED_INTO
VN_ADMIN_PRE_2025,VNAP25-EF4767B1E5,VN_ADMIN_2025,VNA25-1EC99A72C5,MERGED_INTO
VN_ADMIN_PRE_2025,VNAP25-AB143D36C8,VN_ADMIN_2025,VNA25-6E5DD4BECE,MERGED_INTO
VN_ADMIN_PRE_2025,VNAP25-38C326AC79,VN_ADMIN_2025,VNA25-E5EB763116,MERGED_INTO
VN_ADMIN_PRE_2025,VNAP25-BDC381C8AA,VN_ADMIN_2025,VNA25-E5EB763116,MERGED_INTO
VN_ADMIN_PRE_2025,VNAP25-D94432DCC7,VN_ADMIN_2025,VNA25-1ECE5B9651,MERGED_INTO
VN_ADMIN_PRE_2025,VNAP25-C632372F4E,VN_ADMIN_2025,VNA25-1ECE5B9651,MERGED_INTO
VN_ADMIN_PRE_2025,VNAP25-EABD237F4F,VN_ADMIN_2025,VNA25-1ECE5B9651,MERGED_INTO
VN_ADMIN_PRE_2025,VNAP25-DA14CDA915,VN_ADMIN_2025,VNA25-2554C867B9,RENAMED_TO
VN_ADMIN_PRE_2025,VNAP25-C95D304EDA,VN_ADMIN_2025,VNA25-1ECE5B9651,MERGED_INTO
VN_ADMIN_PRE_2025,VNAP25-34F6E70B48,VN_ADMIN_2025,VNA25-6E5DD4BECE,MERGED_INTO
VN_ADMIN_PRE_2025,VNAP25-500BED99C7,VN_ADMIN_2025,VNA25-6E5DD4BECE,MERGED_INTO
VN_ADMIN_PRE_2025,VNAP25-AD6656A6DC,VN_ADMIN_2025,VNA25-AA82E350A0,MERGED_INTO
VN_ADMIN_PRE_2025,VNAP25-84EC15BCC4,VN_ADMIN_2025,VNA25-AA82E350A0,MERGED_INTO
VN_ADMIN_PRE_2025,VNAP25-93EB77DAEB,VN_ADMIN_2025,VNA25-4AE93E5884,SPLIT_INTO
VN_ADMIN_PRE_2025,VNAP25-93EB77DAEB,VN_ADMIN_2025,VNA25-AA82E350A0,SPLIT_INTO
VN_ADMIN_PRE_2025,VNAP25-E2A78E518D,VN_ADMIN_2025,VNA25-E49A1873B5,MERGED_INTO
VN_ADMIN_PRE_2025,VNAP25-A80CC4584D,VN_ADMIN_2025,VNA25-14573BD44C,SPLIT_INTO
VN_ADMIN_PRE_2025,VNAP25-A80CC4584D,VN_ADMIN_2025,VNA25-E49A1873B5,SPLIT_INTO
VN_ADMIN_PRE_2025,VNAP25-336DA6D52D,VN_ADMIN_2025,VNA25-14573BD44C,MERGED_INTO
VN_ADMIN_PRE_2025,VNAP25-120AFE707E,VN_ADMIN_2025,VNA25-14573BD44C,MERGED_INTO
VN_ADMIN_PRE_2025,VNAP25-EFB06B172E,VN_ADMIN_2025,VNA25-E49A1873B5,MERGED_INTO
VN_ADMIN_PRE_2025,VNAP25-7258433673,VN_ADMIN_2025,VNA25-E49A1873B5,MERGED_INTO
VN_ADMIN_PRE_2025,VNAP25-F7239C71CB,VN_ADMIN_2025,VNA25-AA82E350A0,MERGED_INTO
VN_ADMIN_PRE_2025,VNAP25-3F8F81A4F4,VN_ADMIN_2025,VNA25-00F4A0BB48,SPLIT_INTO
VN_ADMIN_PRE_2025,VNAP25-3F8F81A4F4,VN_ADMIN_2025,VNA25-14573BD44C,SPLIT_INTO
VN_ADMIN_PRE_2025,VNAP25-B7EBC42A1C,VN_ADMIN_2025,VNA25-00F4A0BB48,MERGED_INTO
VN_ADMIN_PRE_2025,VNAP25-85278D8B8A,VN_ADMIN_2025,VNA25-0268B5C76C,MERGED_INTO
VN_ADMIN_PRE_2025,VNAP25-5CC025F5DB,VN_ADMIN_2025,VNA25-121308475A,MERGED_INTO
VN_ADMIN_PRE_2025,VNAP25-DA647233D1,VN_ADMIN_2025,VNA25-8E07A2B5B0,MERGED_INTO
VN_ADMIN_PRE_2025,VNAP25-D5304E9741,VN_ADMIN_2025,VNA25-8E07A2B5B0,MERGED_INTO
VN_ADMIN_PRE_2025,VNAP25-8E03BBB87B,VN_ADMIN_2025,VNA25-121308475A,MERGED_INTO
VN_ADMIN_PRE_2025,VNAP25-B7A47A5884,VN_ADMIN_2025,VNA25-1B870376A9,SPLIT_INTO
VN_ADMIN_PRE_2025,VNAP25-B7A47A5884,VN_ADMIN_2025,VNA25-650BF869F5,SPLIT_INTO
VN_ADMIN_PRE_2025,VNAP25-1CBE65C960,VN_ADMIN_2025,VNA25-0268B5C76C,MERGED_INTO
VN_ADMIN_PRE_2025,VNAP25-B1A06A3A12,VN_ADMIN_2025,VNA25-8E07A2B5B0,MERGED_INTO
VN_ADMIN_PRE_2025,VNAP25-F1D263F817,VN_ADMIN_2025,VNA25-B588BA6D55,MERGED_INTO
VN_ADMIN_PRE_2025,VNAP25-3D9BA732A8,VN_ADMIN_2025,VNA25-B588BA6D55,MERGED_INTO
VN_ADMIN_PRE_2025,VNAP25-5633E74C54,VN_ADMIN_2025,VNA25-00F4A0BB48,MERGED_INTO
VN_ADMIN_PRE_2025,VNAP25-33859C68BA,VN_ADMIN_2025,VNA25-B588BA6D55,MERGED_INTO
VN_ADMIN_PRE_2025,VNAP25-DDD7CE40C0,VN_ADMIN_2025,VNA25-650BF869F5,MERGED_INTO
VN_ADMIN_PRE_2025,VNAP25-E0BFEF4B9D,VN_ADMIN_2025,VNA25-1B870376A9,MERGED_INTO
VN_ADMIN_PRE_2025,VNAP25-38481B3B3D,VN_ADMIN_2025,VNA25-256E2F8977,MERGED_INTO
VN_ADMIN_PRE_2025,VNAP25-8FBFB825CC,VN_ADMIN_2025,VNA25-256E2F8977,MERGED_INTO
VN_ADMIN_PRE_2025,VNAP25-55583BEDDF,VN_ADMIN_2025,VNA25-90A6E8DE81,MERGED_INTO
VN_ADMIN_PRE_2025,VNAP25-93B65C3D2E,VN_ADMIN_2025,VNA25-13419A0F31,SPLIT_INTO
VN_ADMIN_PRE_2025,VNAP25-93B65C3D2E,VN_ADMIN_2025,VNA25-90A6E8DE81,SPLIT_INTO
VN_ADMIN_PRE_2025,VNAP25-312D237F61,VN_ADMIN_2025,VNA25-2B18CA88F3,MERGED_INTO
VN_ADMIN_PRE_2025,VNAP25-AA9AE9A45E,VN_ADMIN_2025,VNA25-13419A0F31,MERGED_INTO
VN_ADMIN_PRE_2025,VNAP25-75121B65CD,VN_ADMIN_2025,VNA25-13419A0F31,SPLIT_INTO
VN_ADMIN_PRE_2025,VNAP25-75121B65CD,VN_ADMIN_2025,VNA25-2B18CA88F3,SPLIT_INTO
VN_ADMIN_PRE_2025,VNAP25-84688A429A,VN_ADMIN_2025,VNA25-256E2F8977,MERGED_INTO
VN_ADMIN_PRE_2025,VNAP25-F67F32EBD8,VN_ADMIN_2025,VNA25-2B18CA88F3,SPLIT_INTO
VN_ADMIN_PRE_2025,VNAP25-F67F32EBD8,VN_ADMIN_2025,VNA25-D35A502A7A,SPLIT_INTO
VN_ADMIN_PRE_2025,VNAP25-43503D58CA,VN_ADMIN_2025,VNA25-D35A502A7A,MERGED_INTO
VN_ADMIN_PRE_2025,VNAP25-DE367DB8D4,VN_ADMIN_2025,VNA25-C2AD9AF8F9,MERGED_INTO
VN_ADMIN_PRE_2025,VNAP25-58DDEE0E70,VN_ADMIN_2025,VNA25-B006F88CED,MERGED_INTO
VN_ADMIN_PRE_2025,VNAP25-BFF88BE26A,VN_ADMIN_2025,VNA25-FA9F83C256,MERGED_INTO
VN_ADMIN_PRE_2025,VNAP25-90332C6319,VN_ADMIN_2025,VNA25-B006F88CED,MERGED_INTO
VN_ADMIN_PRE_2025,VNAP25-F351E3FD58,VN_ADMIN_2025,VNA25-FA9F83C256,MERGED_INTO
VN_ADMIN_PRE_2025,VNAP25-DD3398B3AF,VN_ADMIN_2025,VNA25-C2AD9AF8F9,MERGED_INTO
VN_ADMIN_PRE_2025,VNAP25-8352962674,VN_ADMIN_2025,VNA25-3D39367575,MERGED_INTO
VN_ADMIN_PRE_2025,VNAP25-980E8E15AD,VN_ADMIN_2025,VNA25-C2AD9AF8F9,MERGED_INTO
VN_ADMIN_PRE_2025,VNAP25-0983A5108D,VN_ADMIN_2025,VNA25-3D39367575,MERGED_INTO
VN_ADMIN_PRE_2025,VNAP25-67F45041AC,VN_ADMIN_2025,VNA25-3D39367575,MERGED_INTO
VN_ADMIN_PRE_2025,VNAP25-CF4B2FBA7B,VN_ADMIN_2025,VNA25-FA9F83C256,MERGED_INTO
VN_ADMIN_PRE_2025,VNAP25-42D4CC38E9,VN_ADMIN_2025,VNA25-D919FE8424,MERGED_INTO
VN_ADMIN_PRE_2025,VNAP25-3F65360009,VN_ADMIN_2025,VNA25-D919FE8424,MERGED_INTO
VN_ADMIN_PRE_2025,VNAP25-2C69C11C72,VN_ADMIN_2025,VNA25-B006F88CED,SPLIT_INTO
VN_ADMIN_PRE_2025,VNAP25-2C69C11C72,VN_ADMIN_2025,VNA25-C2AD9AF8F9,SPLIT_INTO
VN_ADMIN_PRE_2025,VNAP25-A98152B85F,VN_ADMIN_2025,VNA25-C2AD9AF8F9,MERGED_INTO
VN_ADMIN_PRE_2025,VNAP25-400A35557C,VN_ADMIN_2025,VNA25-6246229592,SPLIT_INTO
VN_ADMIN_PRE_2025,VNAP25-400A35557C,VN_ADMIN_2025,VNA25-82640C5C6C,SPLIT_INTO
VN_ADMIN_PRE_2025,VNAP25-39E13F5A4C,VN_ADMIN_2025,VNA25-82640C5C6C,MERGED_INTO
VN_ADMIN_PRE_2025,VNAP25-2FF58CF1D6,VN_ADMIN_2025,VNA25-500A1E5791,MERGED_INTO
VN_ADMIN_PRE_2025,VNAP25-F79DC55BAE,VN_ADMIN_2025,VNA25-500A1E5791,MERGED_INTO
VN_ADMIN_PRE_2025,VNAP25-BB74123E51,VN_ADMIN_2025,VNA25-6246229592,MERGED_INTO
VN_ADMIN_PRE_2025,VNAP25-4F79923BD4,VN_ADMIN_2025,VNA25-82640C5C6C,MERGED_INTO
VN_ADMIN_PRE_2025,VNAP25-92BB422E2B,VN_ADMIN_2025,VNA25-E0CBC39F65,SAME_AS
VN_ADMIN_PRE_2025,VNAP25-A8BFEE4688,VN_ADMIN_2025,VNA25-6FDAB9B7A5,MERGED_INTO
VN_ADMIN_PRE_2025,VNAP25-D56956058C,VN_ADMIN_2025,VNA25-6FDAB9B7A5,MERGED_INTO
VN_ADMIN_PRE_2025,VNAP25-CF89DBEF59,VN_ADMIN_2025,VNA25-206CFC0B13,MERGED_INTO
VN_ADMIN_PRE_2025,VNAP25-5A27E77E7E,VN_ADMIN_2025,VNA25-F85997330F,MERGED_INTO
VN_ADMIN_PRE_2025,VNAP25-DD50928DCD,VN_ADMIN_2025,VNA25-206CFC0B13,MERGED_INTO
VN_ADMIN_PRE_2025,VNAP25-62BB1EB651,VN_ADMIN_2025,VNA25-027CA7DA45,MERGED_INTO
VN_ADMIN_PRE_2025,VNAP25-A6D6FB3702,VN_ADMIN_2025,VNA25-027CA7DA45,MERGED_INTO
VN_ADMIN_PRE_2025,VNAP25-C9E24A3C7B,VN_ADMIN_2025,VNA25-7968E6744C,MERGED_INTO
VN_ADMIN_PRE_2025,VNAP25-28EB1C3737,VN_ADMIN_2025,VNA25-6FDAB9B7A5,MERGED_INTO
VN_ADMIN_PRE_2025,VNAP25-06CF71D8A2,VN_ADMIN_2025,VNA25-F85997330F,MERGED_INTO
VN_ADMIN_PRE_2025,VNAP25-C98E0BA041,VN_ADMIN_2025,VNA25-BF84AAFB4D,MERGED_INTO
VN_ADMIN_PRE_2025,VNAP25-D3CFFE86B5,VN_ADMIN_2025,VNA25-7E55687EAB,MERGED_INTO
VN_ADMIN_PRE_2025,VNAP25-1C0CEE4C68,VN_ADMIN_2025,VNA25-F85997330F,MERGED_INTO
VN_ADMIN_PRE_2025,VNAP25-8311F315BC,VN_ADMIN_2025,VNA25-7E55687EAB,MERGED_INTO
VN_ADMIN_PRE_2025,VNAP25-E93F04A8B1,VN_ADMIN_2025,VNA25-7968E6744C,MERGED_INTO
VN_ADMIN_PRE_2025,VNAP25-ECBC1DA35C,VN_ADMIN_2025,VNA25-7968E6744C,MERGED_INTO
VN_ADMIN_PRE_2025,VNAP25-CE42B1DECC,VN_ADMIN_2025,VNA25-7E55687EAB,MERGED_INTO
VN_ADMIN_PRE_2025,VNAP25-AAA9D2F09E,VN_ADMIN_2025,VNA25-BF84AAFB4D,MERGED_INTO
VN_ADMIN_PRE_2025,VNAP25-1EBA819FDD,VN_ADMIN_2025,VNA25-206CFC0B13,MERGED_INTO
VN_ADMIN_PRE_2025,VNAP25-7034B2E2CF,VN_ADMIN_2025,VNA25-027CA7DA45,MERGED_INTO
VN_ADMIN_PRE_2025,VNAP25-B4B40423F1,VN_ADMIN_2025,VNA25-BF84AAFB4D,MERGED_INTO
VN_ADMIN_PRE_2025,VNAP25-263251EABA,VN_ADMIN_2025,VNA25-F3A0B4DAC5,MERGED_INTO
VN_ADMIN_PRE_2025,VNAP25-DD80A745E3,VN_ADMIN_2025,VNA25-BC1B77A134,MERGED_INTO
VN_ADMIN_PRE_2025,VNAP25-4C61C3C8A8,VN_ADMIN_2025,VNA25-12F91EBB4A,MERGED_INTO
VN_ADMIN_PRE_2025,VNAP25-87840333DE,VN_ADMIN_2025,VNA25-CB1B0E6B7C,MERGED_INTO
VN_ADMIN_PRE_2025,VNAP25-D9D3DDFF78,VN_ADMIN_2025,VNA25-CB1B0E6B7C,MERGED_INTO
VN_ADMIN_PRE_2025,VNAP25-579A64F458,VN_ADMIN_2025,VNA25-625F2E6C89,SPLIT_INTO
VN_ADMIN_PRE_2025,VNAP25-579A64F458,VN_ADMIN_2025,VNA25-CB1B0E6B7C,SPLIT_INTO
VN_ADMIN_PRE_2025,VNAP25-B8D873BEA0,VN_ADMIN_2025,VNA25-625F2E6C89,MERGED_INTO
VN_ADMIN_PRE_2025,VNAP25-5C91FAF97D,VN_ADMIN_2025,VNA25-BC1B77A134,MERGED_INTO
VN_ADMIN_PRE_2025,VNAP25-C93C06C843,VN_ADMIN_2025,VNA25-F3A0B4DAC5,MERGED_INTO
VN_ADMIN_PRE_2025,VNAP25-6E1E83CC13,VN_ADMIN_2025,VNA25-CFF4DECEBD,MERGED_INTO
VN_ADMIN_PRE_2025,VNAP25-40D11971F1,VN_ADMIN_2025,VNA25-CFF4DECEBD,MERGED_INTO
VN_ADMIN_PRE_2025,VNAP25-4953759166,VN_ADMIN_2025,VNA25-12F91EBB4A,MERGED_INTO
VN_ADMIN_PRE_2025,VNAP25-8234E0D5BF,VN_ADMIN_2025,VNA25-719C6EE594,MERGED_INTO
VN_ADMIN_PRE_2025,VNAP25-39A12AA92A,VN_ADMIN_2025,VNA25-54906A9A71,MERGED_INTO
VN_ADMIN_PRE_2025,VNAP25-E47F237EBB,VN_ADMIN_2025,VNA25-B150419F83,MERGED_INTO
VN_ADMIN_PRE_2025,VNAP25-3EDED4DFBD,VN_ADMIN_2025,VNA25-54906A9A71,MERGED_INTO
VN_ADMIN_PRE_2025,VNAP25-F7F6B947A8,VN_ADMIN_2025,VNA25-B150419F83,MERGED_INTO
VN_ADMIN_PRE_2025,VNAP25-243457A65C,VN_ADMIN_2025,VNA25-F527EEB8E3,MERGED_INTO
VN_ADMIN_PRE_2025,VNAP25-AC8B4F5613,VN_ADMIN_2025,VNA25-B150419F83,MERGED_INTO
VN_ADMIN_PRE_2025,VNAP25-8614F799BA,VN_ADMIN_2025,VNA25-54906A9A71,MERGED_INTO
VN_ADMIN_PRE_2025,VNAP25-45FBA5A09C,VN_ADMIN_2025,VNA25-719C6EE594,MERGED_INTO
VN_ADMIN_PRE_2025,VNAP25-3DA4DE5FD1,VN_ADMIN_2025,VNA25-F527EEB8E3,MERGED_INTO
VN_ADMIN_PRE_2025,VNAP25-5FA9AABE25,VN_ADMIN_2025,VNA25-F527EEB8E3,MERGED_INTO
VN_ADMIN_PRE_2025,VNAP25-0A38F4B450,VN_ADMIN_2025,VNA25-719C6EE594,MERGED_INTO
VN_ADMIN_PRE_2025,VNAP25-87F8704C5B,VN_ADMIN_2025,VNA25-78CCF5DC4F,MERGED_INTO
VN_ADMIN_PRE_2025,VNAP25-927A5DD198,VN_ADMIN_2025,VNA25-78CCF5DC4F,MERGED_INTO
VN_ADMIN_PRE_2025,VNAP25-35545F0163,VN_ADMIN_2025,VNA25-9635A680A9,MERGED_INTO
VN_ADMIN_PRE_2025,VNAP25-8FD86AD0C8,VN_ADMIN_2025,VNA25-78CCF5DC4F,MERGED_INTO
VN_ADMIN_PRE_2025,VNAP25-E545F55886,VN_ADMIN_2025,VNA25-9635A680A9,MERGED_INTO
VN_ADMIN_PRE_2025,VNAP25-007E486226,VN_ADMIN_2025,VNA25-9635A680A9,MERGED_INTO
VN_ADMIN_PRE_2025,VNAP25-6A9FED1090,VN_ADMIN_2025,VNA25-9635A680A9,MERGED_INTO
VN_ADMIN_PRE_2025,VNAP25-1921506BC7,VN_ADMIN_2025,VNA25-AB8559092F,MERGED_INTO
VN_ADMIN_PRE_2025,VNAP25-87F1D93AB0,VN_ADMIN_2025,VNA25-D0852C467E,MERGED_INTO
VN_ADMIN_PRE_2025,VNAP25-4E1B827184,VN_ADMIN_2025,VNA25-D0852C467E,MERGED_INTO
VN_ADMIN_PRE_2025,VNAP25-C329C3BE0C,VN_ADMIN_2025,VNA25-D0852C467E,MERGED_INTO
VN_ADMIN_PRE_2025,VNAP25-ED670695E8,VN_ADMIN_2025,VNA25-AB8559092F,SPLIT_INTO
VN_ADMIN_PRE_2025,VNAP25-ED670695E8,VN_ADMIN_2025,VNA25-D0852C467E,SPLIT_INTO
VN_ADMIN_PRE_2025,VNAP25-037B6746DC,VN_ADMIN_2025,VNA25-AB8559092F,MERGED_INTO
VN_ADMIN_PRE_2025,VNAP25-048B6EA28B,VN_ADMIN_2025,VNA25-E2FE75DF20,MERGED_INTO
VN_ADMIN_PRE_2025,VNAP25-51F5FE757A,VN_ADMIN_2025,VNA25-E2FE75DF20,MERGED_INTO
VN_ADMIN_PRE_2025,VNAP25-C315F194BB,VN_ADMIN_2025,VNA25-AB8559092F,MERGED_INTO
VN_ADMIN_PRE_2025,VNAP25-43EF805D6F,VN_ADMIN_2025,VNA25-D0852C467E,MERGED_INTO
VN_ADMIN_PRE_2025,VNAP25-773A2DE730,VN_ADMIN_2025,VNA25-E2FE75DF20,MERGED_INTO
VN_ADMIN_PRE_2025,VNAP25-6220019D03,VN_ADMIN_2025,VNA25-4BC6A640DD,MERGED_INTO
VN_ADMIN_PRE_2025,VNAP25-50E33007B9,VN_ADMIN_2025,VNA25-EDBF657DBA,MERGED_INTO
VN_ADMIN_PRE_2025,VNAP25-DDD3C40D41,VN_ADMIN_2025,VNA25-EDBF657DBA,MERGED_INTO
VN_ADMIN_PRE_2025,VNAP25-17E82FCA74,VN_ADMIN_2025,VNA25-EDBF657DBA,MERGED_INTO
VN_ADMIN_PRE_2025,VNAP25-82F3605DE1,VN_ADMIN_2025,VNA25-294B977FD6,MERGED_INTO
VN_ADMIN_PRE_2025,VNAP25-D5AAFF9699,VN_ADMIN_2025,VNA25-294B977FD6,MERGED_INTO
VN_ADMIN_PRE_2025,VNAP25-04C6F4A437,VN_ADMIN_2025,VNA25-1A2B92D6ED,RENAMED_TO
VN_ADMIN_PRE_2025,VNAP25-F9DD19BFDF,VN_ADMIN_2025,VNA25-4BC6A640DD,MERGED_INTO
VN_ADMIN_PRE_2025,VNAP25-252507C4DF,VN_ADMIN_2025,VNA25-4BC6A640DD,MERGED_INTO
VN_ADMIN_PRE_2025,VNAP25-3D1CDC1C24,VN_ADMIN_2025,VNA25-B2D41ED08D,MERGED_INTO
VN_ADMIN_PRE_2025,VNAP25-59099B6FF7,VN_ADMIN_2025,VNA25-B2D41ED08D,MERGED_INTO
VN_ADMIN_PRE_2025,VNAP25-6490D87E5F,VN_ADMIN_2025,VNA25-6EA40FB8AE,MERGED_INTO
VN_ADMIN_PRE_2025,VNAP25-CC018F92BE,VN_ADMIN_2025,VNA25-B2D41ED08D,MERGED_INTO
VN_ADMIN_PRE_2025,VNAP25-D5D56E012A,VN_ADMIN_2025,VNA25-6EA40FB8AE,MERGED_INTO
VN_ADMIN_PRE_2025,VNAP25-FEF0367396,VN_ADMIN_2025,VNA25-6EA40FB8AE,MERGED_INTO
VN_ADMIN_PRE_2025,VNAP25-8481729E20,VN_ADMIN_2025,VNA25-2B816C86E6,MERGED_INTO
VN_ADMIN_PRE_2025,VNAP25-8775B8FE81,VN_ADMIN_2025,VNA25-156126ED16,MERGED_INTO
VN_ADMIN_PRE_2025,VNAP25-3FF9D68FB9,VN_ADMIN_2025,VNA25-2B816C86E6,MERGED_INTO
VN_ADMIN_PRE_2025,VNAP25-648D540195,VN_ADMIN_2025,VNA25-CA03DEEAF3,MERGED_INTO
VN_ADMIN_PRE_2025,VNAP25-93BEA86D62,VN_ADMIN_2025,VNA25-156126ED16,MERGED_INTO
VN_ADMIN_PRE_2025,VNAP25-BE5D5F5CAD,VN_ADMIN_2025,VNA25-90A6E8DE81,SPLIT_INTO
VN_ADMIN_PRE_2025,VNAP25-BE5D5F5CAD,VN_ADMIN_2025,VNA25-EB1B6B3E3C,SPLIT_INTO
VN_ADMIN_PRE_2025,VNAP25-BFF38E1260,VN_ADMIN_2025,VNA25-CA03DEEAF3,SPLIT_INTO
VN_ADMIN_PRE_2025,VNAP25-BFF38E1260,VN_ADMIN_2025,VNA25-EB1B6B3E3C,SPLIT_INTO
VN_ADMIN_PRE_2025,VNAP25-B6D88440AE,VN_ADMIN_2025,VNA25-EB1B6B3E3C,MERGED_INTO
VN_ADMIN_PRE_2025,VNAP25-306541A3F3,VN_ADMIN_2025,VNA25-156126ED16,SPLIT_INTO
VN_ADMIN_PRE_2025,VNAP25-306541A3F3,VN_ADMIN_2025,VNA25-CA03DEEAF3,SPLIT_INTO
VN_ADMIN_PRE_2025,VNAP25-DBCA2A456B,VN_ADMIN_2025,VNA25-156126ED16,SPLIT_INTO
VN_ADMIN_PRE_2025,VNAP25-DBCA2A456B,VN_ADMIN_2025,VNA25-2B816C86E6,SPLIT_INTO
VN_ADMIN_PRE_2025,VNAP25-3557547DE9,VN_ADMIN_2025,VNA25-55DFCC8DEA,SAME_AS
VN_ADMIN_PRE_2025,VNAP25-518FA64803,VN_ADMIN_2025,VNA25-4923447C2F,MERGED_INTO
VN_ADMIN_PRE_2025,VNAP25-36051C1CDE,VN_ADMIN_2025,VNA25-4923447C2F,MERGED_INTO
VN_ADMIN_PRE_2025,VNAP25-5878360A6B,VN_ADMIN_2025,VNA25-4923447C2F,SPLIT_INTO
VN_ADMIN_PRE_2025,VNAP25-5878360A6B,VN_ADMIN_2025,VNA25-566720618D,SPLIT_INTO
VN_ADMIN_PRE_2025,VNAP25-5408304924,VN_ADMIN_2025,VNA25-33E5CE695B,MERGED_INTO
VN_ADMIN_PRE_2025,VNAP25-A66D41B344,VN_ADMIN_2025,VNA25-A6C8809B37,MERGED_INTO
VN_ADMIN_PRE_2025,VNAP25-5FA4793336,VN_ADMIN_2025,VNA25-566720618D,MERGED_INTO
VN_ADMIN_PRE_2025,VNAP25-0CCD4FDE7D,VN_ADMIN_2025,VNA25-566720618D,MERGED_INTO
VN_ADMIN_PRE_2025,VNAP25-B407E12E89,VN_ADMIN_2025,VNA25-0454F93CFF,MERGED_INTO
VN_ADMIN_PRE_2025,VNAP25-EB56C3B1E8,VN_ADMIN_2025,VNA25-63F78542B1,MERGED_INTO
VN_ADMIN_PRE_2025,VNAP25-81759DA88C,VN_ADMIN_2025,VNA25-63F78542B1,MERGED_INTO
VN_ADMIN_PRE_2025,VNAP25-3720DCA19C,VN_ADMIN_2025,VNA25-03DDBA75CA,MERGED_INTO
VN_ADMIN_PRE_2025,VNAP25-796B430232,VN_ADMIN_2025,VNA25-A6C8809B37,MERGED_INTO
VN_ADMIN_PRE_2025,VNAP25-C39049F34E,VN_ADMIN_2025,VNA25-63F78542B1,SPLIT_INTO
VN_ADMIN_PRE_2025,VNAP25-C39049F34E,VN_ADMIN_2025,VNA25-A6C8809B37,SPLIT_INTO
VN_ADMIN_PRE_2025,VNAP25-0D1EFF400D,VN_ADMIN_2025,VNA25-A6C8809B37,SPLIT_INTO
VN_ADMIN_PRE_2025,VNAP25-0D1EFF400D,VN_ADMIN_2025,VNA25-C7726B3AD8,SPLIT_INTO
VN_ADMIN_PRE_2025,VNAP25-BBEC868689,VN_ADMIN_2025,VNA25-C7726B3AD8,MERGED_INTO
VN_ADMIN_PRE_2025,VNAP25-010E3BB8BD,VN_ADMIN_2025,VNA25-C7726B3AD8,MERGED_INTO
VN_ADMIN_PRE_2025,VNAP25-7C3EE8A660,VN_ADMIN_2025,VNA25-C53C54191E,MERGED_INTO
VN_ADMIN_PRE_2025,VNAP25-CCC3FBB69E,VN_ADMIN_2025,VNA25-F63A363EE5,MERGED_INTO
VN_ADMIN_PRE_2025,VNAP25-D6E5ECE062,VN_ADMIN_2025,VNA25-03DDBA75CA,SPLIT_INTO
VN_ADMIN_PRE_2025,VNAP25-D6E5ECE062,VN_ADMIN_2025,VNA25-C53C54191E,SPLIT_INTO
VN_ADMIN_PRE_2025,VNAP25-4DB3FFD28F,VN_ADMIN_2025,VNA25-44549F1437,MERGED_INTO
VN_ADMIN_PRE_2025,VNAP25-FB1035BE05,VN_ADMIN_2025,VNA25-44549F1437,MERGED_INTO
VN_ADMIN_PRE_2025,VNAP25-F08A0AF63A,VN_ADMIN_2025,VNA25-6561267821,MERGED_INTO
VN_ADMIN_PRE_2025,VNAP25-2DFEAEB69B,VN_ADMIN_2025,VNA25-6561267821,MERGED_INTO
VN_ADMIN_PRE_2025,VNAP25-800805718C,VN_ADMIN_2025,VNA25-6561267821,MERGED_INTO
VN_ADMIN_PRE_2025,VNAP25-E200A2F86E,VN_ADMIN_2025,VNA25-33E5CE695B,MERGED_INTO
VN_ADMIN_PRE_2025,VNAP25-8C9C004129,VN_ADMIN_2025,VNA25-33E5CE695B,MERGED_INTO
VN_ADMIN_PRE_2025,VNAP25-B282FBF150,VN_ADMIN_2025,VNA25-03DDBA75CA,MERGED_INTO
VN_ADMIN_PRE_2025,VNAP25-8C0BFEC36E,VN_ADMIN_2025,VNA25-03DDBA75CA,MERGED_INTO
VN_ADMIN_PRE_2025,VNAP25-0D2525A41A,VN_ADMIN_2025,VNA25-03DDBA75CA,MERGED_INTO
VN_ADMIN_PRE_2025,VNAP25-E8236744D5,VN_ADMIN_2025,VNA25-0454F93CFF,MERGED_INTO
VN_ADMIN_PRE_2025,VNAP25-98BC12CDD4,VN_ADMIN_2025,VNA25-4923447C2F,MERGED_INTO
VN_ADMIN_PRE_2025,VNAP25-B7C41150A7,VN_ADMIN_2025,VNA25-4923447C2F,MERGED_INTO
VN_ADMIN_PRE_2025,VNAP25-22B2AC08CE,VN_ADMIN_2025,VNA25-F63A363EE5,MERGED_INTO
VN_ADMIN_PRE_2025,VNAP25-BA177B97A2,VN_ADMIN_2025,VNA25-A6C8809B37,MERGED_INTO
VN_ADMIN_PRE_2025,VNAP25-EE9D05C0F2,VN_ADMIN_2025,VNA25-B61C15DEC7,MERGED_INTO
VN_ADMIN_PRE_2025,VNAP25-243019F5D0,VN_ADMIN_2025,VNA25-B61C15DEC7,MERGED_INTO
VN_ADMIN_PRE_2025,VNAP25-DF4ECA6B5A,VN_ADMIN_2025,VNA25-156BC034AE,MERGED_INTO
VN_ADMIN_PRE_2025,VNAP25-A2B2BDB763,VN_ADMIN_2025,VNA25-887AEEE037,MERGED_INTO
VN_ADMIN_PRE_2025,VNAP25-3A08ECDEAC,VN_ADMIN_2025,VNA25-156BC034AE,MERGED_INTO
VN_ADMIN_PRE_2025,VNAP25-4C74FAA4AD,VN_ADMIN_2025,VNA25-887AEEE037,MERGED_INTO
VN_ADMIN_PRE_2025,VNAP25-14909856F8,VN_ADMIN_2025,VNA25-887AEEE037,MERGED_INTO
VN_ADMIN_PRE_2025,VNAP25-508379D517,VN_ADMIN_2025,VNA25-887AEEE037,MERGED_INTO
VN_ADMIN_PRE_2025,VNAP25-030CC4B5AF,VN_ADMIN_2025,VNA25-156BC034AE,MERGED_INTO
VN_ADMIN_PRE_2025,VNAP25-F5280D4F25,VN_ADMIN_2025,VNA25-B61C15DEC7,MERGED_INTO
VN_ADMIN_PRE_2025,VNAP25-20860E0124,VN_ADMIN_2025,VNA25-F6C6C90512,MERGED_INTO
VN_ADMIN_PRE_2025,VNAP25-1C5686F279,VN_ADMIN_2025,VNA25-71ED4C4F06,MERGED_INTO
VN_ADMIN_PRE_2025,VNAP25-F38BF2C804,VN_ADMIN_2025,VNA25-F4CA8AB3BA,MERGED_INTO
VN_ADMIN_PRE_2025,VNAP25-1FB594B60A,VN_ADMIN_2025,VNA25-3094396B44,MERGED_INTO
VN_ADMIN_PRE_2025,VNAP25-B13318990E,VN_ADMIN_2025,VNA25-F4CA8AB3BA,MERGED_INTO
VN_ADMIN_PRE_2025,VNAP25-2379477733,VN_ADMIN_2025,VNA25-3094396B44,MERGED_INTO
VN_ADMIN_PRE_2025,VNAP25-428FC741EB,VN_ADMIN_2025,VNA25-71ED4C4F06,MERGED_INTO
VN_ADMIN_PRE_2025,VNAP25-077ED161AE,VN_ADMIN_2025,VNA25-5C649497B6,MERGED_INTO
VN_ADMIN_PRE_2025,VNAP25-1335702A10,VN_ADMIN_2025,VNA25-5C649497B6,MERGED_INTO
VN_ADMIN_PRE_2025,VNAP25-F953E3F159,VN_ADMIN_2025,VNA25-F6C6C90512,MERGED_INTO
VN_ADMIN_PRE_2025,VNAP25-07035728EC,VN_ADMIN_2025,VNA25-3094396B44,MERGED_INTO
VN_ADMIN_PRE_2025,VNAP25-3CF51D8548,VN_ADMIN_2025,VNA25-E398B57BBD,MERGED_INTO
VN_ADMIN_PRE_2025,VNAP25-38132E6D1B,VN_ADMIN_2025,VNA25-71ED4C4F06,MERGED_INTO
VN_ADMIN_PRE_2025,VNAP25-FEFE30CC5B,VN_ADMIN_2025,VNA25-F4CA8AB3BA,MERGED_INTO
VN_ADMIN_PRE_2025,VNAP25-202D285381,VN_ADMIN_2025,VNA25-71ED4C4F06,MERGED_INTO
VN_ADMIN_PRE_2025,VNAP25-AE01AE2AA2,VN_ADMIN_2025,VNA25-1633CB5AC0,SPLIT_INTO
VN_ADMIN_PRE_2025,VNAP25-AE01AE2AA2,VN_ADMIN_2025,VNA25-E398B57BBD,SPLIT_INTO
VN_ADMIN_PRE_2025,VNAP25-F31D7CE5D1,VN_ADMIN_2025,VNA25-F4CA8AB3BA,MERGED_INTO
VN_ADMIN_PRE_2025,VNAP25-F461648E21,VN_ADMIN_2025,VNA25-1633CB5AC0,MERGED_INTO
VN_ADMIN_PRE_2025,VNAP25-93545E420A,VN_ADMIN_2025,VNA25-09AA6C4346,MERGED_INTO
VN_ADMIN_PRE_2025,VNAP25-F3D16B6B23,VN_ADMIN_2025,VNA25-F371B336C6,MERGED_INTO
VN_ADMIN_PRE_2025,VNAP25-1C39AD4EB4,VN_ADMIN_2025,VNA25-8C333A8DF9,MERGED_INTO
VN_ADMIN_PRE_2025,VNAP25-2CFDE59B20,VN_ADMIN_2025,VNA25-3231FDF4E4,MERGED_INTO
VN_ADMIN_PRE_2025,VNAP25-33E0D7F814,VN_ADMIN_2025,VNA25-F371B336C6,MERGED_INTO
VN_ADMIN_PRE_2025,VNAP25-BA5AD33BE6,VN_ADMIN_2025,VNA25-09AA6C4346,MERGED_INTO
VN_ADMIN_PRE_2025,VNAP25-F000ADB293,VN_ADMIN_2025,VNA25-09AA6C4346,MERGED_INTO
VN_ADMIN_PRE_2025,VNAP25-162CBC7E3D,VN_ADMIN_2025,VNA25-F371B336C6,MERGED_INTO
VN_ADMIN_PRE_2025,VNAP25-5438D50544,VN_ADMIN_2025,VNA25-3231FDF4E4,MERGED_INTO
VN_ADMIN_PRE_2025,VNAP25-1CD2C5261F,VN_ADMIN_2025,VNA25-F371B336C6,MERGED_INTO
VN_ADMIN_PRE_2025,VNAP25-55DADB131E,VN_ADMIN_2025,VNA25-8C333A8DF9,MERGED_INTO
VN_ADMIN_PRE_2025,VNAP25-2B240169E4,VN_ADMIN_2025,VNA25-F371B336C6,MERGED_INTO
VN_ADMIN_PRE_2025,VNAP25-FB4B49F2D2,VN_ADMIN_2025,VNA25-1633CB5AC0,MERGED_INTO
VN_ADMIN_PRE_2025,VNAP25-47FB3C09BD,VN_ADMIN_2025,VNA25-F371B336C6,MERGED_INTO
VN_ADMIN_PRE_2025,VNAP25-A8811FEED7,VN_ADMIN_2025,VNA25-3231FDF4E4,MERGED_INTO
VN_ADMIN_PRE_2025,VNAP25-3540F46200,VN_ADMIN_2025,VNA25-1633CB5AC0,MERGED_INTO
VN_ADMIN_PRE_2025,VNAP25-EF8C250978,VN_ADMIN_2025,VNA25-F371B336C6,MERGED_INTO
VN_ADMIN_PRE_2025,VNAP25-5C888777A1,VN_ADMIN_2025,VNA25-8C333A8DF9,MERGED_INTO
VN_ADMIN_PRE_2025,VNAP25-F7AF29FADB,VN_ADMIN_2025,VNA25-B8D0037CAD,MERGED_INTO
VN_ADMIN_PRE_2025,VNAP25-E804E5171E,VN_ADMIN_2025,VNA25-BEBEBC696C,MERGED_INTO
VN_ADMIN_PRE_2025,VNAP25-ED5764D7AC,VN_ADMIN_2025,VNA25-22F6C46826,MERGED_INTO
VN_ADMIN_PRE_2025,VNAP25-9841FD4A27,VN_ADMIN_2025,VNA25-AB69B7512F,MERGED_INTO
VN_ADMIN_PRE_2025,VNAP25-C0EB1EA1D6,VN_ADMIN_2025,VNA25-B8D0037CAD,MERGED_INTO
VN_ADMIN_PRE_2025,VNAP25-326B51A97A,VN_ADMIN_2025,VNA25-AB69B7512F,MERGED_INTO
VN_ADMIN_PRE_2025,VNAP25-F3D413F77C,VN_ADMIN_2025,VNA25-B8D0037CAD,MERGED_INTO
VN_ADMIN_PRE_2025,VNAP25-8ECDD8AA03,VN_ADMIN_2025,VNA25-BEBEBC696C,MERGED_INTO
VN_ADMIN_PRE_2025,VNAP25-4EF6D509EF,VN_ADMIN_2025,VNA25-49BA0F7617,MERGED_INTO
VN_ADMIN_PRE_2025,VNAP25-2F9C30A52B,VN_ADMIN_2025,VNA25-22F6C46826,MERGED_INTO
VN_ADMIN_PRE_2025,VNAP25-375FDDBCDB,VN_ADMIN_2025,VNA25-49BA0F7617,MERGED_INTO
VN_ADMIN_PRE_2025,VNAP25-C672FE8266,VN_ADMIN_2025,VNA25-22F6C46826,MERGED_INTO
VN_ADMIN_PRE_2025,VNAP25-4010A496D9,VN_ADMIN_2025,VNA25-49BA0F7617,MERGED_INTO
VN_ADMIN_PRE_2025,VNAP25-5DE02F4218,VN_ADMIN_2025,VNA25-AB69B7512F,MERGED_INTO
VN_ADMIN_PRE_2025,VNAP25-ECB2C00B88,VN_ADMIN_2025,VNA25-BEBEBC696C,MERGED_INTO
VN_ADMIN_PRE_2025,VNAP25-75196887E7,VN_ADMIN_2025,VNA25-AB69B7512F,MERGED_INTO
VN_ADMIN_PRE_2025,VNAP25-44D90691D3,VN_ADMIN_2025,VNA25-B8D0037CAD,MERGED_INTO
VN_ADMIN_PRE_2025,VNAP25-0B8BD37366,VN_ADMIN_2025,VNA25-427611B862,MERGED_INTO
VN_ADMIN_PRE_2025,VNAP25-8EEDE7546D,VN_ADMIN_2025,VNA25-75DB615C39,MERGED_INTO
VN_ADMIN_PRE_2025,VNAP25-EB856CD4A2,VN_ADMIN_2025,VNA25-755014CE18,MERGED_INTO
VN_ADMIN_PRE_2025,VNAP25-860F9C1E92,VN_ADMIN_2025,VNA25-755014CE18,MERGED_INTO
VN_ADMIN_PRE_2025,VNAP25-0F3D974A4D,VN_ADMIN_2025,VNA25-761654D641,MERGED_INTO
VN_ADMIN_PRE_2025,VNAP25-79C3ABDF74,VN_ADMIN_2025,VNA25-DA6743E6DC,MERGED_INTO
VN_ADMIN_PRE_2025,VNAP25-D089756DCC,VN_ADMIN_2025,VNA25-246563FF9A,MERGED_INTO
VN_ADMIN_PRE_2025,VNAP25-271AB0CDCA,VN_ADMIN_2025,VNA25-715FFCD3BE,MERGED_INTO
VN_ADMIN_PRE_2025,VNAP25-59E9184FB3,VN_ADMIN_2025,VNA25-715FFCD3BE,MERGED_INTO
VN_ADMIN_PRE_2025,VNAP25-D6F6E125AB,VN_ADMIN_2025,VNA25-246563FF9A,MERGED_INTO
VN_ADMIN_PRE_2025,VNAP25-A8610C2CDF,VN_ADMIN_2025,VNA25-533C4D4318,MERGED_INTO
VN_ADMIN_PRE_2025,VNAP25-1953217E1B,VN_ADMIN_2025,VNA25-755014CE18,MERGED_INTO
VN_ADMIN_PRE_2025,VNAP25-B046DC855C,VN_ADMIN_2025,VNA25-533C4D4318,MERGED_INTO
VN_ADMIN_PRE_2025,VNAP25-6F4D0A5D7F,VN_ADMIN_2025,VNA25-427611B862,MERGED_INTO
VN_ADMIN_PRE_2025,VNAP25-C03003FE5F,VN_ADMIN_2025,VNA25-DA6743E6DC,MERGED_INTO
VN_ADMIN_PRE_2025,VNAP25-2886C83D29,VN_ADMIN_2025,VNA25-715FFCD3BE,MERGED_INTO
VN_ADMIN_PRE_2025,VNAP25-2C84AB45E2,VN_ADMIN_2025,VNA25-533C4D4318,MERGED_INTO
VN_ADMIN_PRE_2025,VNAP25-E77847198C,VN_ADMIN_2025,VNA25-246563FF9A,MERGED_INTO
VN_ADMIN_PRE_2025,VNAP25-1BE68D84E9,VN_ADMIN_2025,VNA25-DA6743E6DC,MERGED_INTO
VN_ADMIN_PRE_2025,VNAP25-C541120D5E,VN_ADMIN_2025,VNA25-761654D641,MERGED_INTO
VN_ADMIN_PRE_2025,VNAP25-ED52F1DBDB,VN_ADMIN_2025,VNA25-761654D641,MERGED_INTO
VN_ADMIN_PRE_2025,VNAP25-9C0BF3C12B,VN_ADMIN_2025,VNA25-75DB615C39,MERGED_INTO
VN_ADMIN_PRE_2025,VNAP25-C2CD697960,VN_ADMIN_2025,VNA25-427611B862,MERGED_INTO
VN_ADMIN_PRE_2025,VNAP25-ED39366CCC,VN_ADMIN_2025,VNA25-75DB615C39,MERGED_INTO
VN_ADMIN_PRE_2025,VNAP25-CF33BA7CC1,VN_ADMIN_2025,VNA25-7ACB9D6EE2,MERGED_INTO
VN_ADMIN_PRE_2025,VNAP25-A8D66F97AB,VN_ADMIN_2025,VNA25-2B8226B4A4,MERGED_INTO
VN_ADMIN_PRE_2025,VNAP25-4350F36BF1,VN_ADMIN_2025,VNA25-A2C6B6E465,MERGED_INTO
VN_ADMIN_PRE_2025,VNAP25-9DE045AB53,VN_ADMIN_2025,VNA25-A2C6B6E465,MERGED_INTO
VN_ADMIN_PRE_2025,VNAP25-C563A9782B,VN_ADMIN_2025,VNA25-7ACB9D6EE2,MERGED_INTO
VN_ADMIN_PRE_2025,VNAP25-9FCE093535,VN_ADMIN_2025,VNA25-A2C6B6E465,MERGED_INTO
VN_ADMIN_PRE_2025,VNAP25-294EA062A3,VN_ADMIN_2025,VNA25-2B8226B4A4,MERGED_INTO
VN_ADMIN_PRE_2025,VNAP25-2FA1357476,VN_ADMIN_2025,VNA25-2B8226B4A4,MERGED_INTO
VN_ADMIN_PRE_2025,VNAP25-9A8E6D2E42,VN_ADMIN_2025,VNA25-7ACB9D6EE2,MERGED_INTO
VN_ADMIN_PRE_2025,VNAP25-5DE8D576B7,VN_ADMIN_2025,VNA25-A2C6B6E465,MERGED_INTO
VN_ADMIN_PRE_2025,VNAP25-49DBF6F761,VN_ADMIN_2025,VNA25-C8F7B73E11,MERGED_INTO
VN_ADMIN_PRE_2025,VNAP25-9FA5FDFC6F,VN_ADMIN_2025,VNA25-2579A50F93,SPLIT_INTO
VN_ADMIN_PRE_2025,VNAP25-9FA5FDFC6F,VN_ADMIN_2025,VNA25-C94423E4F8,SPLIT_INTO
VN_ADMIN_PRE_2025,VNAP25-E2CD271C0F,VN_ADMIN_2025,VNA25-C94423E4F8,MERGED_INTO
VN_ADMIN_PRE_2025,VNAP25-CA2EA41CE3,VN_ADMIN_2025,VNA25-2579A50F93,MERGED_INTO
VN_ADMIN_PRE_2025,VNAP25-71D1B23A35,VN_ADMIN_2025,VNA25-2579A50F93,MERGED_INTO
VN_ADMIN_PRE_2025,VNAP25-B16B9A68CD,VN_ADMIN_2025,VNA25-C94423E4F8,MERGED_INTO
VN_ADMIN_PRE_2025,VNAP25-609CF3DC7E,VN_ADMIN_2025,VNA25-2579A50F93,MERGED_INTO
VN_ADMIN_PRE_2025,VNAP25-591F335437,VN_ADMIN_2025,VNA25-2579A50F93,MERGED_INTO
VN_ADMIN_PRE_2025,VNAP25-9E5EB43B83,VN_ADMIN_2025,VNA25-2579A50F93,MERGED_INTO
VN_ADMIN_PRE_2025,VNAP25-CACECA76F8,VN_ADMIN_2025,VNA25-C8F7B73E11,MERGED_INTO
VN_ADMIN_PRE_2025,VNAP25-D0E6663983,VN_ADMIN_2025,VNA25-C8F7B73E11,MERGED_INTO
VN_ADMIN_PRE_2025,VNAP25-3F049CA6C6,VN_ADMIN_2025,VNA25-0E0D99BC25,MERGED_INTO
VN_ADMIN_PRE_2025,VNAP25-A1FAF8F88F,VN_ADMIN_2025,VNA25-8C395CF0E9,MERGED_INTO
VN_ADMIN_PRE_2025,VNAP25-939BABEABF,VN_ADMIN_2025,VNA25-D00CC8D817,MERGED_INTO
VN_ADMIN_PRE_2025,VNAP25-CB51A109C4,VN_ADMIN_2025,VNA25-0DD8EB5C05,SPLIT_INTO
VN_ADMIN_PRE_2025,VNAP25-CB51A109C4,VN_ADMIN_2025,VNA25-D00CC8D817,SPLIT_INTO
VN_ADMIN_PRE_2025,VNAP25-313FB41869,VN_ADMIN_2025,VNA25-D00CC8D817,MERGED_INTO
VN_ADMIN_PRE_2025,VNAP25-71E3DCC42E,VN_ADMIN_2025,VNA25-0DD8EB5C05,MERGED_INTO
VN_ADMIN_PRE_2025,VNAP25-F982BFA04C,VN_ADMIN_2025,VNA25-8C395CF0E9,MERGED_INTO
VN_ADMIN_PRE_2025,VNAP25-F35D943F23,VN_ADMIN_2025,VNA25-0E0D99BC25,MERGED_INTO
VN_ADMIN_PRE_2025,VNAP25-BD5279FAC8,VN_ADMIN_2025,VNA25-0DD8EB5C05,MERGED_INTO
VN_ADMIN_PRE_2025,VNAP25-3F693197F1,VN_ADMIN_2025,VNA25-D00CC8D817,MERGED_INTO
VN_ADMIN_PRE_2025,VNAP25-D645E19B5F,VN_ADMIN_2025,VNA25-0E0D99BC25,MERGED_INTO
VN_ADMIN_PRE_2025,VNAP25-1F195A77BD,VN_ADMIN_2025,VNA25-3CB699637F,MERGED_INTO
VN_ADMIN_PRE_2025,VNAP25-1E32CB1E5D,VN_ADMIN_2025,VNA25-3CB699637F,MERGED_INTO
VN_ADMIN_PRE_2025,VNAP25-3C4CBDD1AD,VN_ADMIN_2025,VNA25-0DD8EB5C05,MERGED_INTO
VN_ADMIN_PRE_2025,VNAP25-EE3C268619,VN_ADMIN_2025,VNA25-0DD8EB5C05,MERGED_INTO
VN_ADMIN_PRE_2025,VNAP25-3AA25D82E1,VN_ADMIN_2025,VNA25-8C395CF0E9,MERGED_INTO
VN_ADMIN_PRE_2025,VNAP25-DB09A05115,VN_ADMIN_2025,VNA25-0EDBA93C9D,MERGED_INTO
VN_ADMIN_PRE_2025,VNAP25-22FC785A09,VN_ADMIN_2025,VNA25-41E2D0102E,MERGED_INTO
VN_ADMIN_PRE_2025,VNAP25-79089C31F4,VN_ADMIN_2025,VNA25-41E2D0102E,MERGED_INTO
VN_ADMIN_PRE_2025,VNAP25-9947B41D1B,VN_ADMIN_2025,VNA25-0EDBA93C9D,MERGED_INTO
VN_ADMIN_PRE_2025,VNAP25-2AFA555220,VN_ADMIN_2025,VNA25-2201D57D5A,MERGED_INTO
VN_ADMIN_PRE_2025,VNAP25-90A6712D7A,VN_ADMIN_2025,VNA25-820E275310,MERGED_INTO
VN_ADMIN_PRE_2025,VNAP25-72B77EC11F,VN_ADMIN_2025,VNA25-0EDBA93C9D,MERGED_INTO
VN_ADMIN_PRE_2025,VNAP25-B85D76F888,VN_ADMIN_2025,VNA25-41E2D0102E,MERGED_INTO
VN_ADMIN_PRE_2025,VNAP25-5E3A1D8409,VN_ADMIN_2025,VNA25-2201D57D5A,MERGED_INTO
VN_ADMIN_PRE_2025,VNAP25-CF20F864F5,VN_ADMIN_2025,VNA25-2201D57D5A,MERGED_INTO
VN_ADMIN_PRE_2025,VNAP25-49B13FD95C,VN_ADMIN_2025,VNA25-FA7E81F343,MERGED_INTO
VN_ADMIN_PRE_2025,VNAP25-985DA34C1B,VN_ADMIN_2025,VNA25-820E275310,MERGED_INTO
VN_ADMIN_PRE_2025,VNAP25-00F8A698FA,VN_ADMIN_2025,VNA25-FA7E81F343,MERGED_INTO
VN_ADMIN_PRE_2025,VNAP25-742DA87C08,VN_ADMIN_2025,VNA25-0EDBA93C9D,MERGED_INTO
VN_ADMIN_PRE_2025,VNAP25-38289E8256,VN_ADMIN_2025,VNA25-0EDBA93C9D,MERGED_INTO
VN_ADMIN_PRE_2025,VNAP25-76109BA634,VN_ADMIN_2025,VNA25-820E275310,MERGED_INTO
VN_ADMIN_PRE_2025,VNAP25-A6586B46C7,VN_ADMIN_2025,VNA25-FD03960E31,MERGED_INTO
VN_ADMIN_PRE_2025,VNAP25-1F5D65D9DC,VN_ADMIN_2025,VNA25-FD03960E31,MERGED_INTO
VN_ADMIN_PRE_2025,VNAP25-21A3B59596,VN_ADMIN_2025,VNA25-3735C4A8F2,MERGED_INTO
VN_ADMIN_PRE_2025,VNAP25-6FDF2C422D,VN_ADMIN_2025,VNA25-330E8F7C36,MERGED_INTO
VN_ADMIN_PRE_2025,VNAP25-B91FB12763,VN_ADMIN_2025,VNA25-3735C4A8F2,MERGED_INTO
VN_ADMIN_PRE_2025,VNAP25-6E8ED8A89E,VN_ADMIN_2025,VNA25-FD03960E31,MERGED_INTO
VN_ADMIN_PRE_2025,VNAP25-D960E5309E,VN_ADMIN_2025,VNA25-FD03960E31,MERGED_INTO
VN_ADMIN_PRE_2025,VNAP25-575EC6FC1A,VN_ADMIN_2025,VNA25-330E8F7C36,MERGED_INTO
VN_ADMIN_PRE_2025,VNAP25-0B16F0E03F,VN_ADMIN_2025,VNA25-3735C4A8F2,MERGED_INTO
VN_ADMIN_PRE_2025,VNAP25-64632C5E83,VN_ADMIN_2025,VNA25-330E8F7C36,MERGED_INTO
VN_ADMIN_PRE_2025,VNAP25-8C9F099D86,VN_ADMIN_2025,VNA25-3735C4A8F2,MERGED_INTO
VN_ADMIN_PRE_2025,VNAP25-8DFEAE7542,VN_ADMIN_2025,VNA25-E64F19DADC,MERGED_INTO
VN_ADMIN_PRE_2025,VNAP25-01B19DD6CF,VN_ADMIN_2025,VNA25-D043267425,MERGED_INTO
VN_ADMIN_PRE_2025,VNAP25-5651D8061D,VN_ADMIN_2025,VNA25-D043267425,MERGED_INTO
VN_ADMIN_PRE_2025,VNAP25-153AA2FE7B,VN_ADMIN_2025,VNA25-753AE5F741,MERGED_INTO
VN_ADMIN_PRE_2025,VNAP25-FACBAA58AF,VN_ADMIN_2025,VNA25-753AE5F741,MERGED_INTO
VN_ADMIN_PRE_2025,VNAP25-9E3AE2F602,VN_ADMIN_2025,VNA25-753AE5F741,MERGED_INTO
VN_ADMIN_PRE_2025,VNAP25-C8950E99EB,VN_ADMIN_2025,VNA25-D043267425,MERGED_INTO
VN_ADMIN_PRE_2025,VNAP25-DFAB5D9864,VN_ADMIN_2025,VNA25-1FFCA65C5A,MERGED_INTO
VN_ADMIN_PRE_2025,VNAP25-9F168FF9CA,VN_ADMIN_2025,VNA25-1FFCA65C5A,MERGED_INTO
VN_ADMIN_PRE_2025,VNAP25-380DE699ED,VN_ADMIN_2025,VNA25-E64F19DADC,MERGED_INTO
VN_ADMIN_PRE_2025,VNAP25-4A050F47E9,VN_ADMIN_2025,VNA25-1FFCA65C5A,MERGED_INTO
VN_ADMIN_PRE_2025,VNAP25-90D55D082E,VN_ADMIN_2025,VNA25-753AE5F741,MERGED_INTO
VN_ADMIN_PRE_2025,VNAP25-5BFDC4D18F,VN_ADMIN_2025,VNA25-D043267425,MERGED_INTO
VN_ADMIN_PRE_2025,VNAP25-EB4C7F2A36,VN_ADMIN_2025,VNA25-A5EBD0122D,MERGED_INTO
VN_ADMIN_PRE_2025,VNAP25-B0484E2032,VN_ADMIN_2025,VNA25-E64F19DADC,MERGED_INTO
VN_ADMIN_PRE_2025,VNAP25-CBC5DD92B1,VN_ADMIN_2025,VNA25-1FFCA65C5A,MERGED_INTO
VN_ADMIN_PRE_2025,VNAP25-8D16F0B9A2,VN_ADMIN_2025,VNA25-A5EBD0122D,MERGED_INTO
VN_ADMIN_PRE_2025,VNAP25-B55706D7E7,VN_ADMIN_2025,VNA25-A5EBD0122D,MERGED_INTO
VN_ADMIN_PRE_2025,VNAP25-CC2E8940E1,VN_ADMIN_2025,VNA25-359CD5BB73,MERGED_INTO
VN_ADMIN_PRE_2025,VNAP25-A34DBEB149,VN_ADMIN_2025,VNA25-B23870085B,MERGED_INTO
VN_ADMIN_PRE_2025,VNAP25-30129BDA34,VN_ADMIN_2025,VNA25-359CD5BB73,MERGED_INTO
VN_ADMIN_PRE_2025,VNAP25-BFC54AE5B8,VN_ADMIN_2025,VNA25-DC0709FED8,MERGED_INTO
VN_ADMIN_PRE_2025,VNAP25-58D50ADBE2,VN_ADMIN_2025,VNA25-DC0709FED8,MERGED_INTO
VN_ADMIN_PRE_2025,VNAP25-238C2C827A,VN_ADMIN_2025,VNA25-B23870085B,MERGED_INTO
VN_ADMIN_PRE_2025,VNAP25-CFE4EA3767,VN_ADMIN_2025,VNA25-B23870085B,MERGED_INTO
VN_ADMIN_PRE_2025,VNAP25-735868D961,VN_ADMIN_2025,VNA25-359CD5BB73,MERGED_INTO
VN_ADMIN_PRE_2025,VNAP25-79C208687D,VN_ADMIN_2025,VNA25-359CD5BB73,MERGED_INTO
VN_ADMIN_PRE_2025,VNAP25-CC229B08BC,VN_ADMIN_2025,VNA25-359CD5BB73,MERGED_INTO
VN_ADMIN_PRE_2025,VNAP25-4FE0EE9F10,VN_ADMIN_2025,VNA25-B23870085B,MERGED_INTO
VN_ADMIN_PRE_2025,VNAP25-61AFBF5021,VN_ADMIN_2025,VNA25-7AD2876586,MERGED_INTO
VN_ADMIN_PRE_2025,VNAP25-7898240DC6,VN_ADMIN_2025,VNA25-DC0709FED8,MERGED_INTO
VN_ADMIN_PRE_2025,VNAP25-A75F2611FA,VN_ADMIN_2025,VNA25-7AD2876586,MERGED_INTO
VN_ADMIN_PRE_2025,VNAP25-5D5D2E3BDA,VN_ADMIN_2025,VNA25-359CD5BB73,MERGED_INTO
VN_ADMIN_PRE_2025,VNAP25-4FF46D2528,VN_ADMIN_2025,VNA25-3AD1BEA5FC,MERGED_INTO
VN_ADMIN_PRE_2025,VNAP25-06148D80C7,VN_ADMIN_2025,VNA25-D06494A237,MERGED_INTO
VN_ADMIN_PRE_2025,VNAP25-8BC2750E93,VN_ADMIN_2025,VNA25-59C8B32967,MERGED_INTO
VN_ADMIN_PRE_2025,VNAP25-C2ABB8C6E7,VN_ADMIN_2025,VNA25-8C939F25FE,MERGED_INTO
VN_ADMIN_PRE_2025,VNAP25-2987CFB258,VN_ADMIN_2025,VNA25-3D5E6C1A1A,MERGED_INTO
VN_ADMIN_PRE_2025,VNAP25-5685346D12,VN_ADMIN_2025,VNA25-1A041D34C3,MERGED_INTO
VN_ADMIN_PRE_2025,VNAP25-D3EE67D3AD,VN_ADMIN_2025,VNA25-8C939F25FE,MERGED_INTO
VN_ADMIN_PRE_2025,VNAP25-3C1AA14DEA,VN_ADMIN_2025,VNA25-3162C9B810,MERGED_INTO
VN_ADMIN_PRE_2025,VNAP25-12697E3A3A,VN_ADMIN_2025,VNA25-3D5E6C1A1A,MERGED_INTO
VN_ADMIN_PRE_2025,VNAP25-E11D164084,VN_ADMIN_2025,VNA25-1A041D34C3,MERGED_INTO
VN_ADMIN_PRE_2025,VNAP25-EC47E3D7CB,VN_ADMIN_2025,VNA25-1A041D34C3,MERGED_INTO
VN_ADMIN_PRE_2025,VNAP25-7E4213FE38,VN_ADMIN_2025,VNA25-59C8B32967,MERGED_INTO
VN_ADMIN_PRE_2025,VNAP25-314157A315,VN_ADMIN_2025,VNA25-3AD1BEA5FC,MERGED_INTO
VN_ADMIN_PRE_2025,VNAP25-08938859A8,VN_ADMIN_2025,VNA25-3AD1BEA5FC,MERGED_INTO
VN_ADMIN_PRE_2025,VNAP25-DCA243893D,VN_ADMIN_2025,VNA25-1A041D34C3,MERGED_INTO
VN_ADMIN_PRE_2025,VNAP25-F48119AE14,VN_ADMIN_2025,VNA25-8C939F25FE,MERGED_INTO
VN_ADMIN_PRE_2025,VNAP25-A35AF31F24,VN_ADMIN_2025,VNA25-3AD1BEA5FC,MERGED_INTO
VN_ADMIN_PRE_2025,VNAP25-27C99371DE,VN_ADMIN_2025,VNA25-59C8B32967,MERGED_INTO
VN_ADMIN_PRE_2025,VNAP25-99D8E03342,VN_ADMIN_2025,VNA25-8C939F25FE,MERGED_INTO
VN_ADMIN_PRE_2025,VNAP25-00DA0BE30F,VN_ADMIN_2025,VNA25-3D5E6C1A1A,MERGED_INTO
VN_ADMIN_PRE_2025,VNAP25-DE82CE39B9,VN_ADMIN_2025,VNA25-E1D693E373,MERGED_INTO
VN_ADMIN_PRE_2025,VNAP25-15B0C316B4,VN_ADMIN_2025,VNA25-E1D693E373,MERGED_INTO
VN_ADMIN_PRE_2025,VNAP25-892A442725,VN_ADMIN_2025,VNA25-F320BEDCB2,MERGED_INTO
VN_ADMIN_PRE_2025,VNAP25-89C897D613,VN_ADMIN_2025,VNA25-9BF7C934ED,MERGED_INTO
VN_ADMIN_PRE_2025,VNAP25-D1B310903C,VN_ADMIN_2025,VNA25-6A40AB703A,MERGED_INTO
VN_ADMIN_PRE_2025,VNAP25-C8DDFF59E0,VN_ADMIN_2025,VNA25-6A40AB703A,MERGED_INTO
VN_ADMIN_PRE_2025,VNAP25-0719B0F260,VN_ADMIN_2025,VNA25-E1D693E373,MERGED_INTO
VN_ADMIN_PRE_2025,VNAP25-4823C9ED16,VN_ADMIN_2025,VNA25-9BF7C934ED,MERGED_INTO
VN_ADMIN_PRE_2025,VNAP25-54D0505DE2,VN_ADMIN_2025,VNA25-F320BEDCB2,MERGED_INTO
VN_ADMIN_PRE_2025,VNAP25-5E3EED12CA,VN_ADMIN_2025,VNA25-6A40AB703A,MERGED_INTO
VN_ADMIN_PRE_2025,VNAP25-20F35B62ED,VN_ADMIN_2025,VNA25-E1D693E373,MERGED_INTO
VN_ADMIN_PRE_2025,VNAP25-4F63BC57E7,VN_ADMIN_2025,VNA25-9BF7C934ED,MERGED_INTO
VN_ADMIN_PRE_2025,VNAP25-60521DACF1,VN_ADMIN_2025,VNA25-6A40AB703A,MERGED_INTO
VN_ADMIN_PRE_2025,VNAP25-4EFF31DE1F,VN_ADMIN_2025,VNA25-F320BEDCB2,MERGED_INTO
VN_ADMIN_PRE_2025,VNAP25-6E0AACA454,VN_ADMIN_2025,VNA25-F320BEDCB2,MERGED_INTO
VN_ADMIN_PRE_2025,VNAP25-9B782BEC92,VN_ADMIN_2025,VNA25-47C03E4CF7,MERGED_INTO
VN_ADMIN_PRE_2025,VNAP25-E47FA15DEF,VN_ADMIN_2025,VNA25-DFF7BE0D94,MERGED_INTO
VN_ADMIN_PRE_2025,VNAP25-EF82B3AAA9,VN_ADMIN_2025,VNA25-DFF7BE0D94,MERGED_INTO
VN_ADMIN_PRE_2025,VNAP25-83A60832DC,VN_ADMIN_2025,VNA25-CAA1CF8C39,MERGED_INTO
VN_ADMIN_PRE_2025,VNAP25-B0C73DEA50,VN_ADMIN_2025,VNA25-47C03E4CF7,MERGED_INTO
VN_ADMIN_PRE_2025,VNAP25-B30E934813,VN_ADMIN_2025,VNA25-47C03E4CF7,MERGED_INTO
VN_ADMIN_PRE_2025,VNAP25-B36E443035,VN_ADMIN_2025,VNA25-CAA1CF8C39,MERGED_INTO
VN_ADMIN_PRE_2025,VNAP25-7C9106761C,VN_ADMIN_2025,VNA25-47C03E4CF7,MERGED_INTO
VN_ADMIN_PRE_2025,VNAP25-3CBB01EFCC,VN_ADMIN_2025,VNA25-CAA1CF8C39,MERGED_INTO
VN_ADMIN_PRE_2025,VNAP25-90A280760A,VN_ADMIN_2025,VNA25-DFF7BE0D94,MERGED_INTO
VN_ADMIN_PRE_2025,VNAP25-6B9556C593,VN_ADMIN_2025,VNA25-DFF7BE0D94,MERGED_INTO
VN_ADMIN_PRE_2025,VNAP25-AC82A3766F,VN_ADMIN_2025,VNA25-CAA1CF8C39,MERGED_INTO
VN_ADMIN_PRE_2025,VNAP25-10C2012090,VN_ADMIN_2025,VNA25-CAA1CF8C39,MERGED_INTO
VN_ADMIN_PRE_2025,VNAP25-6E141D6271,VN_ADMIN_2025,VNA25-CFBF03C87E,MERGED_INTO
VN_ADMIN_PRE_2025,VNAP25-A198665B3E,VN_ADMIN_2025,VNA25-1CAF39D0F3,MERGED_INTO
VN_ADMIN_PRE_2025,VNAP25-D687ADF12E,VN_ADMIN_2025,VNA25-1CAF39D0F3,MERGED_INTO
VN_ADMIN_PRE_2025,VNAP25-329E658B8E,VN_ADMIN_2025,VNA25-37773A2CE4,MERGED_INTO
VN_ADMIN_PRE_2025,VNAP25-7083A0FA8A,VN_ADMIN_2025,VNA25-91276AE3EF,MERGED_INTO
VN_ADMIN_PRE_2025,VNAP25-28A28A3FFE,VN_ADMIN_2025,VNA25-CFBF03C87E,MERGED_INTO
VN_ADMIN_PRE_2025,VNAP25-B558E0445F,VN_ADMIN_2025,VNA25-1CAF39D0F3,MERGED_INTO
VN_ADMIN_PRE_2025,VNAP25-00F8D29DD4,VN_ADMIN_2025,VNA25-37773A2CE4,MERGED_INTO
VN_ADMIN_PRE_2025,VNAP25-8A2DAA3596,VN_ADMIN_2025,VNA25-91276AE3EF,MERGED_INTO
VN_ADMIN_PRE_2025,VNAP25-1ECB7C1C29,VN_ADMIN_2025,VNA25-CFBF03C87E,MERGED_INTO
VN_ADMIN_PRE_2025,VNAP25-F8AE734FB1,VN_ADMIN_2025,VNA25-37773A2CE4,MERGED_INTO
VN_ADMIN_PRE_2025,VNAP25-EF4DD92FB7,VN_ADMIN_2025,VNA25-91276AE3EF,MERGED_INTO
VN_ADMIN_PRE_2025,VNAP25-D5A6F1F9AD,VN_ADMIN_2025,VNA25-37773A2CE4,MERGED_INTO
VN_ADMIN_PRE_2025,VNAP25-B7ACD9F77B,VN_ADMIN_2025,VNA25-08905EA154,MERGED_INTO
VN_ADMIN_PRE_2025,VNAP25-1D6A5A5016,VN_ADMIN_2025,VNA25-ED458734A8,MERGED_INTO
VN_ADMIN_PRE_2025,VNAP25-1FDE1E618D,VN_ADMIN_2025,VNA25-13F7C49C46,MERGED_INTO
VN_ADMIN_PRE_2025,VNAP25-3AEEEE4944,VN_ADMIN_2025,VNA25-08905EA154,MERGED_INTO
VN_ADMIN_PRE_2025,VNAP25-56345F962B,VN_ADMIN_2025,VNA25-ED458734A8,MERGED_INTO
VN_ADMIN_PRE_2025,VNAP25-919CF2F668,VN_ADMIN_2025,VNA25-08905EA154,MERGED_INTO
VN_ADMIN_PRE_2025,VNAP25-EC691E1903,VN_ADMIN_2025,VNA25-13F7C49C46,MERGED_INTO
VN_ADMIN_PRE_2025,VNAP25-2EE2BA6459,VN_ADMIN_2025,VNA25-7AD2876586,MERGED_INTO
VN_ADMIN_PRE_2025,VNAP25-A43DB4A4D1,VN_ADMIN_2025,VNA25-13F7C49C46,MERGED_INTO
VN_ADMIN_PRE_2025,VNAP25-66F05987EA,VN_ADMIN_2025,VNA25-ED458734A8,MERGED_INTO
VN_ADMIN_PRE_2025,VNAP25-2C01DEEF74,VN_ADMIN_2025,VNA25-08905EA154,MERGED_INTO
VN_ADMIN_PRE_2025,VNAP25-5D2AEB2256,VN_ADMIN_2025,VNA25-5CDF159060,MERGED_INTO
VN_ADMIN_PRE_2025,VNAP25-21FA164E19,VN_ADMIN_2025,VNA25-D56DC34F6B,MERGED_INTO
VN_ADMIN_PRE_2025,VNAP25-3114B838E0,VN_ADMIN_2025,VNA25-063DCC8B56,MERGED_INTO
VN_ADMIN_PRE_2025,VNAP25-EC83457B58,VN_ADMIN_2025,VNA25-D06494A237,MERGED_INTO
VN_ADMIN_PRE_2025,VNAP25-7741EEF52A,VN_ADMIN_2025,VNA25-063DCC8B56,MERGED_INTO
VN_ADMIN_PRE_2025,VNAP25-0E8C3EDB0B,VN_ADMIN_2025,VNA25-5CDF159060,MERGED_INTO
VN_ADMIN_PRE_2025,VNAP25-CB48154FBB,VN_ADMIN_2025,VNA25-D56DC34F6B,MERGED_INTO
VN_ADMIN_PRE_2025,VNAP25-D5987ADE61,VN_ADMIN_2025,VNA25-D06494A237,MERGED_INTO
VN_ADMIN_PRE_2025,VNAP25-C809098A3A,VN_ADMIN_2025,VNA25-D56DC34F6B,MERGED_INTO
VN_ADMIN_PRE_2025,VNAP25-117B837B71,VN_ADMIN_2025,VNA25-063DCC8B56,MERGED_INTO
VN_ADMIN_PRE_2025,VNAP25-5071E85001,VN_ADMIN_2025,VNA25-5CDF159060,MERGED_INTO
VN_ADMIN_PRE_2025,VNAP25-285A47F7CC,VN_ADMIN_2025,VNA25-347B8EC48A,MERGED_INTO
VN_ADMIN_PRE_2025,VNAP25-2869CCA811,VN_ADMIN_2025,VNA25-10027269A0,MERGED_INTO
VN_ADMIN_PRE_2025,VNAP25-CCC2DE57C3,VN_ADMIN_2025,VNA25-039FA99483,MERGED_INTO
VN_ADMIN_PRE_2025,VNAP25-03463E64B0,VN_ADMIN_2025,VNA25-347B8EC48A,MERGED_INTO
VN_ADMIN_PRE_2025,VNAP25-04B6A632A2,VN_ADMIN_2025,VNA25-039FA99483,MERGED_INTO
VN_ADMIN_PRE_2025,VNAP25-761BA7F6D1,VN_ADMIN_2025,VNA25-10027269A0,MERGED_INTO
VN_ADMIN_PRE_2025,VNAP25-09BC59C4F4,VN_ADMIN_2025,VNA25-347B8EC48A,MERGED_INTO
VN_ADMIN_PRE_2025,VNAP25-F6B79A184C,VN_ADMIN_2025,VNA25-039FA99483,MERGED_INTO
VN_ADMIN_PRE_2025,VNAP25-B31726AD39,VN_ADMIN_2025,VNA25-039FA99483,MERGED_INTO
VN_ADMIN_PRE_2025,VNAP25-36CE782B46,VN_ADMIN_2025,VNA25-039FA99483,MERGED_INTO
VN_ADMIN_PRE_2025,VNAP25-F624A7BF08,VN_ADMIN_2025,VNA25-10027269A0,MERGED_INTO
VN_ADMIN_PRE_2025,VNAP25-F43A0597EA,VN_ADMIN_2025,VNA25-3162C9B810,MERGED_INTO
VN_ADMIN_PRE_2025,VNAP25-5432638EDB,VN_ADMIN_2025,VNA25-3162C9B810,MERGED_INTO
VN_ADMIN_PRE_2025,VNAP25-5FF1DE2E37,VN_ADMIN_2025,VNA25-C7A5FB27C6,MERGED_INTO
VN_ADMIN_PRE_2025,VNAP25-480E7F3006,VN_ADMIN_2025,VNA25-C7A5FB27C6,MERGED_INTO
VN_ADMIN_PRE_2025,VNAP25-E0508A1C71,VN_ADMIN_2025,VNA25-C7A5FB27C6,MERGED_INTO
VN_ADMIN_PRE_2025,VNAP25-B75C6D26EF,VN_ADMIN_2025,VNA25-9EDF6A31D8,MERGED_INTO
VN_ADMIN_PRE_2025,VNAP25-9A99C8EEC2,VN_ADMIN_2025,VNA25-9EDF6A31D8,MERGED_INTO
VN_ADMIN_PRE_2025,VNAP25-02377CB41E,VN_ADMIN_2025,VNA25-6DDD621B55,MERGED_INTO
VN_ADMIN_PRE_2025,VNAP25-7D0E9BD630,VN_ADMIN_2025,VNA25-9EDF6A31D8,MERGED_INTO
VN_ADMIN_PRE_2025,VNAP25-7BFEB932BD,VN_ADMIN_2025,VNA25-6DDD621B55,MERGED_INTO
VN_ADMIN_PRE_2025,VNAP25-99D033912B,VN_ADMIN_2025,VNA25-9EDF6A31D8,MERGED_INTO
VN_ADMIN_PRE_2025,VNAP25-92BA6FE851,VN_ADMIN_2025,VNA25-6DDD621B55,MERGED_INTO
VN_ADMIN_PRE_2025,VNAP25-BA8559E559,VN_ADMIN_2025,VNA25-8531D80388,MERGED_INTO
VN_ADMIN_PRE_2025,VNAP25-E296E86F13,VN_ADMIN_2025,VNA25-8531D80388,SPLIT_INTO
VN_ADMIN_PRE_2025,VNAP25-E296E86F13,VN_ADMIN_2025,VNA25-ED1D7FEA6E,SPLIT_INTO
VN_ADMIN_PRE_2025,VNAP25-C6E9CEC6B3,VN_ADMIN_2025,VNA25-ED1D7FEA6E,MERGED_INTO
VN_ADMIN_PRE_2025,VNAP25-7E7D4F3660,VN_ADMIN_2025,VNA25-ED1D7FEA6E,MERGED_INTO
VN_ADMIN_PRE_2025,VNAP25-B042F86A8F,VN_ADMIN_2025,VNA25-ED1D7FEA6E,MERGED_INTO
VN_ADMIN_PRE_2025,VNAP25-D4E9803E20,VN_ADMIN_2025,VNA25-759ABF1365,MERGED_INTO
VN_ADMIN_PRE_2025,VNAP25-850F5ABF53,VN_ADMIN_2025,VNA25-759ABF1365,SPLIT_INTO
VN_ADMIN_PRE_2025,VNAP25-850F5ABF53,VN_ADMIN_2025,VNA25-ED1D7FEA6E,SPLIT_INTO
VN_ADMIN_PRE_2025,VNAP25-CA9A59C143,VN_ADMIN_2025,VNA25-C15B79EF8C,SPLIT_INTO
VN_ADMIN_PRE_2025,VNAP25-CA9A59C143,VN_ADMIN_2025,VNA25-ED1D7FEA6E,SPLIT_INTO
VN_ADMIN_PRE_2025,VNAP25-120A04E318,VN_ADMIN_2025,VNA25-8531D80388,MERGED_INTO
VN_ADMIN_PRE_2025,VNAP25-B70ED52D78,VN_ADMIN_2025,VNA25-759ABF1365,SPLIT_INTO
VN_ADMIN_PRE_2025,VNAP25-B70ED52D78,VN_ADMIN_2025,VNA25-C15B79EF8C,SPLIT_INTO
VN_ADMIN_PRE_2025,VNAP25-B70ED52D78,VN_ADMIN_2025,VNA25-ED1D7FEA6E,SPLIT_INTO
VN_ADMIN_PRE_2025,VNAP25-9AB0D28D02,VN_ADMIN_2025,VNA25-ED1D7FEA6E,MERGED_INTO
VN_ADMIN_PRE_2025,VNAP25-3EDF24D6E7,VN_ADMIN_2025,VNA25-759ABF1365,MERGED_INTO
VN_ADMIN_PRE_2025,VNAP25-A8739F9D48,VN_ADMIN_2025,VNA25-759ABF1365,SPLIT_INTO
VN_ADMIN_PRE_2025,VNAP25-A8739F9D48,VN_ADMIN_2025,VNA25-C15B79EF8C,SPLIT_INTO
VN_ADMIN_PRE_2025,VNAP25-F2E81461E4,VN_ADMIN_2025,VNA25-759ABF1365,SPLIT_INTO
VN_ADMIN_PRE_2025,VNAP25-F2E81461E4,VN_ADMIN_2025,VNA25-C15B79EF8C,SPLIT_INTO
VN_ADMIN_PRE_2025,VNAP25-F2E81461E4,VN_ADMIN_2025,VNA25-ED1D7FEA6E,SPLIT_INTO
VN_ADMIN_PRE_2025,VNAP25-E739623197,VN_ADMIN_2025,VNA25-D21CF9D650,MERGED_INTO
VN_ADMIN_PRE_2025,VNAP25-DA2F1EA8A2,VN_ADMIN_2025,VNA25-7E04C6B209,MERGED_INTO
VN_ADMIN_PRE_2025,VNAP25-D3BF9B63A8,VN_ADMIN_2025,VNA25-7E04C6B209,MERGED_INTO
VN_ADMIN_PRE_2025,VNAP25-C74F0133BD,VN_ADMIN_2025,VNA25-471E1238EA,MERGED_INTO
VN_ADMIN_PRE_2025,VNAP25-6F6ACF1C71,VN_ADMIN_2025,VNA25-5BD8C689EF,MERGED_INTO
VN_ADMIN_PRE_2025,VNAP25-B5D98A1824,VN_ADMIN_2025,VNA25-471E1238EA,MERGED_INTO
VN_ADMIN_PRE_2025,VNAP25-1C15A73FB1,VN_ADMIN_2025,VNA25-64B7FF7403,MERGED_INTO
VN_ADMIN_PRE_2025,VNAP25-2A00AC6BF4,VN_ADMIN_2025,VNA25-5BD8C689EF,MERGED_INTO
VN_ADMIN_PRE_2025,VNAP25-828888CFA5,VN_ADMIN_2025,VNA25-64B7FF7403,MERGED_INTO
VN_ADMIN_PRE_2025,VNAP25-652152AE1B,VN_ADMIN_2025,VNA25-5BD8C689EF,MERGED_INTO
VN_ADMIN_PRE_2025,VNAP25-62EFADA155,VN_ADMIN_2025,VNA25-D21CF9D650,MERGED_INTO
VN_ADMIN_PRE_2025,VNAP25-F6F741E76F,VN_ADMIN_2025,VNA25-64B7FF7403,MERGED_INTO
VN_ADMIN_PRE_2025,VNAP25-2B89660058,VN_ADMIN_2025,VNA25-7E04C6B209,MERGED_INTO
VN_ADMIN_PRE_2025,VNAP25-29A5DBD2F1,VN_ADMIN_2025,VNA25-7E04C6B209,MERGED_INTO
VN_ADMIN_PRE_2025,VNAP25-85A1C020BF,VN_ADMIN_2025,VNA25-471E1238EA,MERGED_INTO
VN_ADMIN_PRE_2025,VNAP25-2107AAB85A,VN_ADMIN_2025,VNA25-BBBC9F5D8C,MERGED_INTO
VN_ADMIN_PRE_2025,VNAP25-F744C5984C,VN_ADMIN_2025,VNA25-2AF13E55DF,MERGED_INTO
VN_ADMIN_PRE_2025,VNAP25-3720F60728,VN_ADMIN_2025,VNA25-E607951333,MERGED_INTO
VN_ADMIN_PRE_2025,VNAP25-7C6F617854,VN_ADMIN_2025,VNA25-6C5916601B,MERGED_INTO
VN_ADMIN_PRE_2025,VNAP25-7BF0E39783,VN_ADMIN_2025,VNA25-2AF13E55DF,MERGED_INTO
VN_ADMIN_PRE_2025,VNAP25-75190FEE2F,VN_ADMIN_2025,VNA25-6C5916601B,MERGED_INTO
VN_ADMIN_PRE_2025,VNAP25-7AC7429919,VN_ADMIN_2025,VNA25-8328BE3632,MERGED_INTO
VN_ADMIN_PRE_2025,VNAP25-9DB154E437,VN_ADMIN_2025,VNA25-E607951333,MERGED_INTO
VN_ADMIN_PRE_2025,VNAP25-C6D20155AD,VN_ADMIN_2025,VNA25-08575CDD54,MERGED_INTO
VN_ADMIN_PRE_2025,VNAP25-C5E6D0D20A,VN_ADMIN_2025,VNA25-E607951333,MERGED_INTO
VN_ADMIN_PRE_2025,VNAP25-017D594C2A,VN_ADMIN_2025,VNA25-08575CDD54,MERGED_INTO
VN_ADMIN_PRE_2025,VNAP25-D68EDA77F6,VN_ADMIN_2025,VNA25-6C5916601B,MERGED_INTO
VN_ADMIN_PRE_2025,VNAP25-6D14CBB2E0,VN_ADMIN_2025,VNA25-08575CDD54,MERGED_INTO
VN_ADMIN_PRE_2025,VNAP25-56A5A9133B,VN_ADMIN_2025,VNA25-2AF13E55DF,MERGED_INTO
VN_ADMIN_PRE_2025,VNAP25-463C586AEB,VN_ADMIN_2025,VNA25-BBBC9F5D8C,MERGED_INTO
VN_ADMIN_PRE_2025,VNAP25-E3E7E5D4EB,VN_ADMIN_2025,VNA25-BBBC9F5D8C,MERGED_INTO
VN_ADMIN_PRE_2025,VNAP25-262AA24E63,VN_ADMIN_2025,VNA25-8328BE3632,MERGED_INTO
VN_ADMIN_PRE_2025,VNAP25-63A04AEE32,VN_ADMIN_2025,VNA25-868B9BB04C,MERGED_INTO
VN_ADMIN_PRE_2025,VNAP25-481760F9B9,VN_ADMIN_2025,VNA25-868B9BB04C,MERGED_INTO
VN_ADMIN_PRE_2025,VNAP25-AEF9FF55C4,VN_ADMIN_2025,VNA25-165F2CDEFD,MERGED_INTO
VN_ADMIN_PRE_2025,VNAP25-DDCB23D5D7,VN_ADMIN_2025,VNA25-165F2CDEFD,MERGED_INTO
VN_ADMIN_PRE_2025,VNAP25-D237A5C560,VN_ADMIN_2025,VNA25-A47B5B9E8B,MERGED_INTO
VN_ADMIN_PRE_2025,VNAP25-C5DEDBEBD5,VN_ADMIN_2025,VNA25-868B9BB04C,MERGED_INTO
VN_ADMIN_PRE_2025,VNAP25-5DA607763D,VN_ADMIN_2025,VNA25-A47B5B9E8B,MERGED_INTO
VN_ADMIN_PRE_2025,VNAP25-6B054BBE08,VN_ADMIN_2025,VNA25-165F2CDEFD,MERGED_INTO
VN_ADMIN_PRE_2025,VNAP25-5572ED2EC3,VN_ADMIN_2025,VNA25-888FFD6A89,MERGED_INTO
VN_ADMIN_PRE_2025,VNAP25-D94DF580A9,VN_ADMIN_2025,VNA25-658EC263A2,MERGED_INTO
VN_ADMIN_PRE_2025,VNAP25-A09D8ECCCC,VN_ADMIN_2025,VNA25-D47531E890,MERGED_INTO
VN_ADMIN_PRE_2025,VNAP25-16772B9ADA,VN_ADMIN_2025,VNA25-D47531E890,MERGED_INTO
VN_ADMIN_PRE_2025,VNAP25-FF11C2DD27,VN_ADMIN_2025,VNA25-8AF358590D,MERGED_INTO
VN_ADMIN_PRE_2025,VNAP25-0C534293F9,VN_ADMIN_2025,VNA25-658EC263A2,MERGED_INTO
VN_ADMIN_PRE_2025,VNAP25-BDF741E1BB,VN_ADMIN_2025,VNA25-BC58E14D90,MERGED_INTO
VN_ADMIN_PRE_2025,VNAP25-76DED5BC5E,VN_ADMIN_2025,VNA25-888FFD6A89,MERGED_INTO
VN_ADMIN_PRE_2025,VNAP25-B04EB4F540,VN_ADMIN_2025,VNA25-658EC263A2,MERGED_INTO
VN_ADMIN_PRE_2025,VNAP25-2AB2E5DDBC,VN_ADMIN_2025,VNA25-8AF358590D,MERGED_INTO
VN_ADMIN_PRE_2025,VNAP25-7542A1C601,VN_ADMIN_2025,VNA25-BC58E14D90,MERGED_INTO
VN_ADMIN_PRE_2025,VNAP25-5FED955241,VN_ADMIN_2025,VNA25-888FFD6A89,MERGED_INTO
VN_ADMIN_PRE_2025,VNAP25-34D6562053,VN_ADMIN_2025,VNA25-888FFD6A89,MERGED_INTO
VN_ADMIN_PRE_2025,VNAP25-B56DE80F80,VN_ADMIN_2025,VNA25-BC58E14D90,MERGED_INTO
VN_ADMIN_PRE_2025,VNAP25-16BB97AA42,VN_ADMIN_2025,VNA25-AFE4B2D050,MERGED_INTO
VN_ADMIN_PRE_2025,VNAP25-B091B2FE51,VN_ADMIN_2025,VNA25-FF076C402E,MERGED_INTO
VN_ADMIN_PRE_2025,VNAP25-E58D7CCAC7,VN_ADMIN_2025,VNA25-BEA658E4EE,MERGED_INTO
VN_ADMIN_PRE_2025,VNAP25-D4DDFD7199,VN_ADMIN_2025,VNA25-BEA658E4EE,MERGED_INTO
VN_ADMIN_PRE_2025,VNAP25-6BA1AB4A5A,VN_ADMIN_2025,VNA25-AFE4B2D050,MERGED_INTO
VN_ADMIN_PRE_2025,VNAP25-E787549764,VN_ADMIN_2025,VNA25-BEA658E4EE,MERGED_INTO
VN_ADMIN_PRE_2025,VNAP25-CD0436BD8E,VN_ADMIN_2025,VNA25-FF076C402E,MERGED_INTO
VN_ADMIN_PRE_2025,VNAP25-70233BC5AF,VN_ADMIN_2025,VNA25-AFE4B2D050,MERGED_INTO
VN_ADMIN_PRE_2025,VNAP25-16868BF1EE,VN_ADMIN_2025,VNA25-AFE4B2D050,MERGED_INTO
VN_ADMIN_PRE_2025,VNAP25-F232118D9A,VN_ADMIN_2025,VNA25-01A18CD1F7,MERGED_INTO
VN_ADMIN_PRE_2025,VNAP25-76333C391A,VN_ADMIN_2025,VNA25-FF076C402E,MERGED_INTO
VN_ADMIN_PRE_2025,VNAP25-F801EB5FDC,VN_ADMIN_2025,VNA25-01A18CD1F7,MERGED_INTO
VN_ADMIN_PRE_2025,VNAP25-14F439560A,VN_ADMIN_2025,VNA25-01A18CD1F7,MERGED_INTO
VN_ADMIN_PRE_2025,VNAP25-7314D00B26,VN_ADMIN_2025,VNA25-FF076C402E,MERGED_INTO
VN_ADMIN_PRE_2025,VNAP25-EF938F9674,VN_ADMIN_2025,VNA25-AFE4B2D050,MERGED_INTO
VN_ADMIN_PRE_2025,VNAP25-4E2ADFFBA8,VN_ADMIN_2025,VNA25-01A18CD1F7,MERGED_INTO
VN_ADMIN_PRE_2025,VNAP25-86063B45B9,VN_ADMIN_2025,VNA25-01A18CD1F7,MERGED_INTO
VN_ADMIN_PRE_2025,VNAP25-72E78B4373,VN_ADMIN_2025,VNA25-BEA658E4EE,MERGED_INTO
VN_ADMIN_PRE_2025,VNAP25-FF828F46F1,VN_ADMIN_2025,VNA25-FF076C402E,MERGED_INTO
VN_ADMIN_PRE_2025,VNAP25-4DB4EF135F,VN_ADMIN_2025,VNA25-01A18CD1F7,MERGED_INTO
VN_ADMIN_PRE_2025,VNAP25-E0E842810B,VN_ADMIN_2025,VNA25-FF076C402E,MERGED_INTO
VN_ADMIN_PRE_2025,VNAP25-6BED3E9542,VN_ADMIN_2025,VNA25-BEA658E4EE,MERGED_INTO
VN_ADMIN_PRE_2025,VNAP25-964A94B8F2,VN_ADMIN_2025,VNA25-1CA33866B3,MERGED_INTO
VN_ADMIN_PRE_2025,VNAP25-0143F22CB4,VN_ADMIN_2025,VNA25-B35594F5F1,MERGED_INTO
VN_ADMIN_PRE_2025,VNAP25-5EA6939FB5,VN_ADMIN_2025,VNA25-DDC9E19FE7,MERGED_INTO
VN_ADMIN_PRE_2025,VNAP25-9D790D9BAE,VN_ADMIN_2025,VNA25-E84C3FCF20,MERGED_INTO
VN_ADMIN_PRE_2025,VNAP25-5C48E4BF37,VN_ADMIN_2025,VNA25-DDC9E19FE7,MERGED_INTO
VN_ADMIN_PRE_2025,VNAP25-3A165DE5F3,VN_ADMIN_2025,VNA25-A3C68CEF94,MERGED_INTO
VN_ADMIN_PRE_2025,VNAP25-A925EF210C,VN_ADMIN_2025,VNA25-A3C68CEF94,MERGED_INTO
VN_ADMIN_PRE_2025,VNAP25-6EECFB20B8,VN_ADMIN_2025,VNA25-E84C3FCF20,MERGED_INTO
VN_ADMIN_PRE_2025,VNAP25-2C1E2BA9E6,VN_ADMIN_2025,VNA25-DDC9E19FE7,MERGED_INTO
VN_ADMIN_PRE_2025,VNAP25-FD2A871ED5,VN_ADMIN_2025,VNA25-245257ACE1,MERGED_INTO
VN_ADMIN_PRE_2025,VNAP25-28E9D60B6C,VN_ADMIN_2025,VNA25-245257ACE1,MERGED_INTO
VN_ADMIN_PRE_2025,VNAP25-898EDD3DC2,VN_ADMIN_2025,VNA25-245257ACE1,MERGED_INTO
VN_ADMIN_PRE_2025,VNAP25-A05D105659,VN_ADMIN_2025,VNA25-A3C68CEF94,MERGED_INTO
VN_ADMIN_PRE_2025,VNAP25-27129A0C95,VN_ADMIN_2025,VNA25-DDC9E19FE7,MERGED_INTO
VN_ADMIN_PRE_2025,VNAP25-1560611A4B,VN_ADMIN_2025,VNA25-E84C3FCF20,MERGED_INTO
VN_ADMIN_PRE_2025,VNAP25-31DBFC5F54,VN_ADMIN_2025,VNA25-B35594F5F1,MERGED_INTO
VN_ADMIN_PRE_2025,VNAP25-5764356C24,VN_ADMIN_2025,VNA25-72F29FE892,MERGED_INTO
VN_ADMIN_PRE_2025,VNAP25-90C71452FB,VN_ADMIN_2025,VNA25-1CA33866B3,MERGED_INTO
VN_ADMIN_PRE_2025,VNAP25-4874E571D1,VN_ADMIN_2025,VNA25-245257ACE1,MERGED_INTO
VN_ADMIN_PRE_2025,VNAP25-58AC396B3B,VN_ADMIN_2025,VNA25-72F29FE892,MERGED_INTO
VN_ADMIN_PRE_2025,VNAP25-7624115908,VN_ADMIN_2025,VNA25-64B673ACD4,MERGED_INTO
VN_ADMIN_PRE_2025,VNAP25-27CDE94611,VN_ADMIN_2025,VNA25-1CA33866B3,MERGED_INTO
VN_ADMIN_PRE_2025,VNAP25-61EA9C639C,VN_ADMIN_2025,VNA25-64B673ACD4,MERGED_INTO
VN_ADMIN_PRE_2025,VNAP25-D8F18D4DE0,VN_ADMIN_2025,VNA25-E84C3FCF20,MERGED_INTO
VN_ADMIN_PRE_2025,VNAP25-D43642B505,VN_ADMIN_2025,VNA25-64B673ACD4,MERGED_INTO
VN_ADMIN_PRE_2025,VNAP25-92DE06544E,VN_ADMIN_2025,VNA25-B35594F5F1,MERGED_INTO
VN_ADMIN_PRE_2025,VNAP25-4C43349455,VN_ADMIN_2025,VNA25-17AF618953,MERGED_INTO
VN_ADMIN_PRE_2025,VNAP25-4D6F711B57,VN_ADMIN_2025,VNA25-17AF618953,MERGED_INTO
VN_ADMIN_PRE_2025,VNAP25-CDB2705BB7,VN_ADMIN_2025,VNA25-17AF618953,MERGED_INTO
VN_ADMIN_PRE_2025,VNAP25-56ABD83789,VN_ADMIN_2025,VNA25-DF8328C8B1,MERGED_INTO
VN_ADMIN_PRE_2025,VNAP25-0DAB6F4BA7,VN_ADMIN_2025,VNA25-E54332502A,MERGED_INTO
VN_ADMIN_PRE_2025,VNAP25-205FFDCED3,VN_ADMIN_2025,VNA25-B40A917B2E,MERGED_INTO
VN_ADMIN_PRE_2025,VNAP25-4521DBB752,VN_ADMIN_2025,VNA25-A581708461,MERGED_INTO
VN_ADMIN_PRE_2025,VNAP25-0910FB8CD7,VN_ADMIN_2025,VNA25-59E596C48C,MERGED_INTO
VN_ADMIN_PRE_2025,VNAP25-35D4A8C562,VN_ADMIN_2025,VNA25-59E596C48C,MERGED_INTO
VN_ADMIN_PRE_2025,VNAP25-0B6FCB31BA,VN_ADMIN_2025,VNA25-B40A917B2E,MERGED_INTO
VN_ADMIN_PRE_2025,VNAP25-0EDABC39EC,VN_ADMIN_2025,VNA25-B40A917B2E,MERGED_INTO
VN_ADMIN_PRE_2025,VNAP25-691E23BEC6,VN_ADMIN_2025,VNA25-59E596C48C,MERGED_INTO
VN_ADMIN_PRE_2025,VNAP25-E9EFBE0F19,VN_ADMIN_2025,VNA25-E54332502A,MERGED_INTO
VN_ADMIN_PRE_2025,VNAP25-309186692F,VN_ADMIN_2025,VNA25-DF8328C8B1,MERGED_INTO
VN_ADMIN_PRE_2025,VNAP25-2A7F02DBEA,VN_ADMIN_2025,VNA25-DF8328C8B1,MERGED_INTO
VN_ADMIN_PRE_2025,VNAP25-0B204885DF,VN_ADMIN_2025,VNA25-A581708461,MERGED_INTO
VN_ADMIN_PRE_2025,VNAP25-259D8075AC,VN_ADMIN_2025,VNA25-DBFEC01B4C,MERGED_INTO
VN_ADMIN_PRE_2025,VNAP25-9B505A41F7,VN_ADMIN_2025,VNA25-3D6A6CF4D0,MERGED_INTO
VN_ADMIN_PRE_2025,VNAP25-1937798C35,VN_ADMIN_2025,VNA25-3D6A6CF4D0,MERGED_INTO
VN_ADMIN_PRE_2025,VNAP25-6F9165305E,VN_ADMIN_2025,VNA25-DBFEC01B4C,MERGED_INTO
VN_ADMIN_PRE_2025,VNAP25-7E45D2DD65,VN_ADMIN_2025,VNA25-DBFEC01B4C,MERGED_INTO
VN_ADMIN_PRE_2025,VNAP25-523F455F0A,VN_ADMIN_2025,VNA25-2B9D03DE00,MERGED_INTO
VN_ADMIN_PRE_2025,VNAP25-42E83A072C,VN_ADMIN_2025,VNA25-2B9D03DE00,MERGED_INTO
VN_ADMIN_PRE_2025,VNAP25-2FA710A4EF,VN_ADMIN_2025,VNA25-2B9D03DE00,MERGED_INTO
VN_ADMIN_PRE_2025,VNAP25-2C63C01742,VN_ADMIN_2025,VNA25-3D6A6CF4D0,MERGED_INTO
VN_ADMIN_PRE_2025,VNAP25-EBD6B9A49E,VN_ADMIN_2025,VNA25-C3B95C9510,MERGED_INTO
VN_ADMIN_PRE_2025,VNAP25-2F259429CA,VN_ADMIN_2025,VNA25-D0FE846B9D,MERGED_INTO
VN_ADMIN_PRE_2025,VNAP25-4992774237,VN_ADMIN_2025,VNA25-80CFBD4EAC,MERGED_INTO
VN_ADMIN_PRE_2025,VNAP25-D8654B039F,VN_ADMIN_2025,VNA25-D0FE846B9D,MERGED_INTO
VN_ADMIN_PRE_2025,VNAP25-35B34161B5,VN_ADMIN_2025,VNA25-C3B95C9510,MERGED_INTO
VN_ADMIN_PRE_2025,VNAP25-93FAB28DC8,VN_ADMIN_2025,VNA25-C15147F7B5,MERGED_INTO
VN_ADMIN_PRE_2025,VNAP25-EC0A5DDC3C,VN_ADMIN_2025,VNA25-D0FE846B9D,MERGED_INTO
VN_ADMIN_PRE_2025,VNAP25-8CC175FB0C,VN_ADMIN_2025,VNA25-C15147F7B5,MERGED_INTO
VN_ADMIN_PRE_2025,VNAP25-A3BA2EB581,VN_ADMIN_2025,VNA25-828E19AD2B,MERGED_INTO
VN_ADMIN_PRE_2025,VNAP25-77AD997496,VN_ADMIN_2025,VNA25-80CFBD4EAC,MERGED_INTO
VN_ADMIN_PRE_2025,VNAP25-6549AC7009,VN_ADMIN_2025,VNA25-828E19AD2B,MERGED_INTO
VN_ADMIN_PRE_2025,VNAP25-949A999368,VN_ADMIN_2025,VNA25-204FD42547,MERGED_INTO
VN_ADMIN_PRE_2025,VNAP25-28DDBCCBB5,VN_ADMIN_2025,VNA25-E7AF9B4E89,MERGED_INTO
VN_ADMIN_PRE_2025,VNAP25-6ECAF3E647,VN_ADMIN_2025,VNA25-E7AF9B4E89,MERGED_INTO
VN_ADMIN_PRE_2025,VNAP25-9C79F0F988,VN_ADMIN_2025,VNA25-E7AF9B4E89,MERGED_INTO
VN_ADMIN_PRE_2025,VNAP25-37B807DB2F,VN_ADMIN_2025,VNA25-8C321B5DF0,MERGED_INTO
VN_ADMIN_PRE_2025,VNAP25-B7BC1632B1,VN_ADMIN_2025,VNA25-8C321B5DF0,MERGED_INTO
VN_ADMIN_PRE_2025,VNAP25-4DAD2A0700,VN_ADMIN_2025,VNA25-8C321B5DF0,MERGED_INTO
VN_ADMIN_PRE_2025,VNAP25-2866EAA80D,VN_ADMIN_2025,VNA25-8C321B5DF0,MERGED_INTO
VN_ADMIN_PRE_2025,VNAP25-FBA822A6D4,VN_ADMIN_2025,VNA25-204FD42547,MERGED_INTO
VN_ADMIN_PRE_2025,VNAP25-4891E4A1F9,VN_ADMIN_2025,VNA25-204FD42547,MERGED_INTO
VN_ADMIN_PRE_2025,VNAP25-DA884CAA88,VN_ADMIN_2025,VNA25-D3E1E5F051,MERGED_INTO
VN_ADMIN_PRE_2025,VNAP25-F0EDB1993A,VN_ADMIN_2025,VNA25-D3E1E5F051,MERGED_INTO
VN_ADMIN_PRE_2025,VNAP25-740BB280CE,VN_ADMIN_2025,VNA25-D3E1E5F051,MERGED_INTO
VN_ADMIN_PRE_2025,VNAP25-B63D9AFEBE,VN_ADMIN_2025,VNA25-F431779925,MERGED_INTO
VN_ADMIN_PRE_2025,VNAP25-B3DB52232A,VN_ADMIN_2025,VNA25-F431779925,MERGED_INTO
VN_ADMIN_PRE_2025,VNAP25-ABFC2DF9F6,VN_ADMIN_2025,VNA25-28512079EA,MERGED_INTO
VN_ADMIN_PRE_2025,VNAP25-D7C510B81E,VN_ADMIN_2025,VNA25-28512079EA,MERGED_INTO
VN_ADMIN_PRE_2025,VNAP25-EC7E02A3AD,VN_ADMIN_2025,VNA25-28512079EA,MERGED_INTO
VN_ADMIN_PRE_2025,VNAP25-D66CD6C6EE,VN_ADMIN_2025,VNA25-755290E4C2,MERGED_INTO
VN_ADMIN_PRE_2025,VNAP25-DD9003265B,VN_ADMIN_2025,VNA25-755290E4C2,MERGED_INTO
VN_ADMIN_PRE_2025,VNAP25-26C394E56C,VN_ADMIN_2025,VNA25-755290E4C2,MERGED_INTO
VN_ADMIN_PRE_2025,VNAP25-AA13F550EE,VN_ADMIN_2025,VNA25-5C40C7CD13,MERGED_INTO
VN_ADMIN_PRE_2025,VNAP25-FFA4499C7D,VN_ADMIN_2025,VNA25-9B86031CDB,MERGED_INTO
VN_ADMIN_PRE_2025,VNAP25-E6CE18732B,VN_ADMIN_2025,VNA25-373AF5ADA1,MERGED_INTO
VN_ADMIN_PRE_2025,VNAP25-84ABC18738,VN_ADMIN_2025,VNA25-5C40C7CD13,MERGED_INTO
VN_ADMIN_PRE_2025,VNAP25-47DD4040C7,VN_ADMIN_2025,VNA25-373AF5ADA1,MERGED_INTO
VN_ADMIN_PRE_2025,VNAP25-C95C37E64C,VN_ADMIN_2025,VNA25-373AF5ADA1,MERGED_INTO
VN_ADMIN_PRE_2025,VNAP25-7036CD1107,VN_ADMIN_2025,VNA25-28512079EA,MERGED_INTO
VN_ADMIN_PRE_2025,VNAP25-442571312F,VN_ADMIN_2025,VNA25-28512079EA,MERGED_INTO
VN_ADMIN_PRE_2025,VNAP25-202FB7B2B2,VN_ADMIN_2025,VNA25-E63B61D970,MERGED_INTO
VN_ADMIN_PRE_2025,VNAP25-1496401657,VN_ADMIN_2025,VNA25-E63B61D970,MERGED_INTO
VN_ADMIN_PRE_2025,VNAP25-EE01024C6E,VN_ADMIN_2025,VNA25-E63B61D970,MERGED_INTO
VN_ADMIN_PRE_2025,VNAP25-CA7AB5DAE6,VN_ADMIN_2025,VNA25-9B86031CDB,MERGED_INTO
VN_ADMIN_PRE_2025,VNAP25-B74C493612,VN_ADMIN_2025,VNA25-9B86031CDB,MERGED_INTO
VN_ADMIN_PRE_2025,VNAP25-BE11B283AC,VN_ADMIN_2025,VNA25-57C834B0ED,MERGED_INTO
VN_ADMIN_PRE_2025,VNAP25-FC788105DF,VN_ADMIN_2025,VNA25-5740FCD4B6,MERGED_INTO
VN_ADMIN_PRE_2025,VNAP25-5207489B11,VN_ADMIN_2025,VNA25-57C834B0ED,MERGED_INTO
VN_ADMIN_PRE_2025,VNAP25-2EAAFF589E,VN_ADMIN_2025,VNA25-5740FCD4B6,MERGED_INTO
VN_ADMIN_PRE_2025,VNAP25-C4962820EE,VN_ADMIN_2025,VNA25-5740FCD4B6,MERGED_INTO
VN_ADMIN_PRE_2025,VNAP25-798F0C68EE,VN_ADMIN_2025,VNA25-720D5B26B1,MERGED_INTO
VN_ADMIN_PRE_2025,VNAP25-882F3D2547,VN_ADMIN_2025,VNA25-720D5B26B1,MERGED_INTO
VN_ADMIN_PRE_2025,VNAP25-BA8E83A32E,VN_ADMIN_2025,VNA25-5494978D0B,MERGED_INTO
VN_ADMIN_PRE_2025,VNAP25-3FDBC3DD23,VN_ADMIN_2025,VNA25-57C834B0ED,MERGED_INTO
VN_ADMIN_PRE_2025,VNAP25-6FAC8384BA,VN_ADMIN_2025,VNA25-5494978D0B,MERGED_INTO
VN_ADMIN_PRE_2025,VNAP25-9647429A97,VN_ADMIN_2025,VNA25-5494978D0B,MERGED_INTO
VN_ADMIN_PRE_2025,VNAP25-CF6546192E,VN_ADMIN_2025,VNA25-886DF5D7AD,MERGED_INTO
VN_ADMIN_PRE_2025,VNAP25-AACE09D442,VN_ADMIN_2025,VNA25-886DF5D7AD,MERGED_INTO
VN_ADMIN_PRE_2025,VNAP25-8B09422D16,VN_ADMIN_2025,VNA25-886DF5D7AD,MERGED_INTO
VN_ADMIN_PRE_2025,VNAP25-FA2BB72C8D,VN_ADMIN_2025,VNA25-886DF5D7AD,MERGED_INTO
VN_ADMIN_PRE_2025,VNAP25-8D9718EF05,VN_ADMIN_2025,VNA25-002264122B,MERGED_INTO
VN_ADMIN_PRE_2025,VNAP25-858742DF90,VN_ADMIN_2025,VNA25-0D7987903C,SAME_AS
VN_ADMIN_PRE_2025,VNAP25-C881FCAB3B,VN_ADMIN_2025,VNA25-002264122B,MERGED_INTO
VN_ADMIN_PRE_2025,VNAP25-418A3A2C6F,VN_ADMIN_2025,VNA25-9CD6A04CF5,SAME_AS
VN_ADMIN_PRE_2025,VNAP25-EBD6DE7E4E,VN_ADMIN_2025,VNA25-CDE3F0D859,SAME_AS
VN_ADMIN_PRE_2025,VNAP25-C89DC553B4,VN_ADMIN_2025,VNA25-9CBC77E76B,MERGED_INTO
VN_ADMIN_PRE_2025,VNAP25-C8330C34B7,VN_ADMIN_2025,VNA25-9CBC77E76B,MERGED_INTO
VN_ADMIN_PRE_2025,VNAP25-20A94F1E7C,VN_ADMIN_2025,VNA25-F34FCA5A53,MERGED_INTO
VN_ADMIN_PRE_2025,VNAP25-1A3E083C53,VN_ADMIN_2025,VNA25-A01068C972,MERGED_INTO
VN_ADMIN_PRE_2025,VNAP25-8FB5513841,VN_ADMIN_2025,VNA25-F34FCA5A53,MERGED_INTO
VN_ADMIN_PRE_2025,VNAP25-B2453515C3,VN_ADMIN_2025,VNA25-545888F077,MERGED_INTO
VN_ADMIN_PRE_2025,VNAP25-AF8FCC829E,VN_ADMIN_2025,VNA25-F34FCA5A53,MERGED_INTO
VN_ADMIN_PRE_2025,VNAP25-FC811651FB,VN_ADMIN_2025,VNA25-9CBC77E76B,MERGED_INTO
VN_ADMIN_PRE_2025,VNAP25-6BE55FD3FF,VN_ADMIN_2025,VNA25-F34FCA5A53,MERGED_INTO
VN_ADMIN_PRE_2025,VNAP25-27F4F4B5D5,VN_ADMIN_2025,VNA25-545888F077,MERGED_INTO
VN_ADMIN_PRE_2025,VNAP25-7212F7571D,VN_ADMIN_2025,VNA25-545888F077,MERGED_INTO
VN_ADMIN_PRE_2025,VNAP25-20E1281AA8,VN_ADMIN_2025,VNA25-9CBC77E76B,MERGED_INTO
VN_ADMIN_PRE_2025,VNAP25-D87272E62A,VN_ADMIN_2025,VNA25-ED78F70581,MERGED_INTO
VN_ADMIN_PRE_2025,VNAP25-0BFD140BA5,VN_ADMIN_2025,VNA25-ED78F70581,MERGED_INTO
VN_ADMIN_PRE_2025,VNAP25-E82835089E,VN_ADMIN_2025,VNA25-ED78F70581,MERGED_INTO
VN_ADMIN_PRE_2025,VNAP25-BB341C8409,VN_ADMIN_2025,VNA25-ED78F70581,MERGED_INTO
VN_ADMIN_PRE_2025,VNAP25-1969D3A76B,VN_ADMIN_2025,VNA25-85024166D3,MERGED_INTO
VN_ADMIN_PRE_2025,VNAP25-6EC8CB9C55,VN_ADMIN_2025,VNA25-85024166D3,MERGED_INTO
VN_ADMIN_PRE_2025,VNAP25-9782A34FD6,VN_ADMIN_2025,VNA25-002264122B,MERGED_INTO
VN_ADMIN_PRE_2025,VNAP25-E50494D872,VN_ADMIN_2025,VNA25-2B4C700ED9,MERGED_INTO
VN_ADMIN_PRE_2025,VNAP25-465A9AF38E,VN_ADMIN_2025,VNA25-71816DACB3,SAME_AS
VN_ADMIN_PRE_2025,VNAP25-34C04C1CBE,VN_ADMIN_2025,VNA25-2B4C700ED9,MERGED_INTO
VN_ADMIN_PRE_2025,VNAP25-3A51FC3F93,VN_ADMIN_2025,VNA25-85024166D3,MERGED_INTO
VN_ADMIN_PRE_2025,VNAP25-D03CC3234A,VN_ADMIN_2025,VNA25-E2E0E0EE75,SAME_AS
VN_ADMIN_PRE_2025,VNAP25-6D04597206,VN_ADMIN_2025,VNA25-BEA0C89209,MERGED_INTO
VN_ADMIN_PRE_2025,VNAP25-0A450213F2,VN_ADMIN_2025,VNA25-BEA0C89209,MERGED_INTO
VN_ADMIN_PRE_2025,VNAP25-42D627830D,VN_ADMIN_2025,VNA25-BEA0C89209,MERGED_INTO
VN_ADMIN_PRE_2025,VNAP25-A356469473,VN_ADMIN_2025,VNA25-BEA0C89209,MERGED_INTO
VN_ADMIN_PRE_2025,VNAP25-3A41A120D6,VN_ADMIN_2025,VNA25-BEA0C89209,MERGED_INTO
VN_ADMIN_PRE_2025,VNAP25-CD5DCA41EC,VN_ADMIN_2025,VNA25-BEA0C89209,MERGED_INTO
VN_ADMIN_PRE_2025,VNAP25-551F4F44E0,VN_ADMIN_2025,VNA25-BEA0C89209,MERGED_INTO
VN_ADMIN_PRE_2025,VNAP25-9496D7A10A,VN_ADMIN_2025,VNA25-BEA0C89209,MERGED_INTO
VN_ADMIN_PRE_2025,VNAP25-CAA7605832,VN_ADMIN_2025,VNA25-61B39F9ABE,SAME_AS
VN_ADMIN_PRE_2025,VNAP25-B6FEA9A5AE,VN_ADMIN_2025,VNA25-6007495F53,MERGED_INTO
VN_ADMIN_PRE_2025,VNAP25-02C040F1F5,VN_ADMIN_2025,VNA25-6007495F53,MERGED_INTO
VN_ADMIN_PRE_2025,VNAP25-83FBF9A063,VN_ADMIN_2025,VNA25-A01068C972,MERGED_INTO
VN_ADMIN_PRE_2025,VNAP25-631E125E69,VN_ADMIN_2025,VNA25-6007495F53,MERGED_INTO
VN_ADMIN_PRE_2025,VNAP25-C1D8AA42B0,VN_ADMIN_2025,VNA25-6007495F53,MERGED_INTO
VN_ADMIN_PRE_2025,VNAP25-61C4527AB6,VN_ADMIN_2025,VNA25-6007495F53,MERGED_INTO
VN_ADMIN_PRE_2025,VNAP25-45AE6E0309,VN_ADMIN_2025,VNA25-6007495F53,MERGED_INTO
VN_ADMIN_PRE_2025,VNAP25-D20A03B145,VN_ADMIN_2025,VNA25-6007495F53,MERGED_INTO
VN_ADMIN_PRE_2025,VNAP25-38F65F8E2D,VN_ADMIN_2025,VNA25-6007495F53,MERGED_INTO
VN_ADMIN_PRE_2025,VNAP25-FA35914DF0,VN_ADMIN_2025,VNA25-6007495F53,MERGED_INTO
VN_ADMIN_PRE_2025,VNAP25-EDB6463CD0,VN_ADMIN_2025,VNA25-A01068C972,MERGED_INTO
VN_ADMIN_PRE_2025,VNAP25-D0C2FA73A6,VN_ADMIN_2025,VNA25-16DCF681C4,MERGED_INTO
VN_ADMIN_PRE_2025,VNAP25-6CCB432DCC,VN_ADMIN_2025,VNA25-3E14B09D9E,MERGED_INTO
VN_ADMIN_PRE_2025,VNAP25-0ED6E757D7,VN_ADMIN_2025,VNA25-74E84446E6,MERGED_INTO
VN_ADMIN_PRE_2025,VNAP25-BEBD3A32D0,VN_ADMIN_2025,VNA25-3E14B09D9E,MERGED_INTO
VN_ADMIN_PRE_2025,VNAP25-43EE710100,VN_ADMIN_2025,VNA25-16DCF681C4,MERGED_INTO
VN_ADMIN_PRE_2025,VNAP25-EC5B8C4A4F,VN_ADMIN_2025,VNA25-16DCF681C4,MERGED_INTO
VN_ADMIN_PRE_2025,VNAP25-4F9534060C,VN_ADMIN_2025,VNA25-16DCF681C4,MERGED_INTO
VN_ADMIN_PRE_2025,VNAP25-60887DA4AF,VN_ADMIN_2025,VNA25-3E14B09D9E,MERGED_INTO
VN_ADMIN_PRE_2025,VNAP25-F968EF8331,VN_ADMIN_2025,VNA25-74E84446E6,MERGED_INTO
VN_ADMIN_PRE_2025,VNAP25-5822F662DC,VN_ADMIN_2025,VNA25-3E14B09D9E,MERGED_INTO
VN_ADMIN_PRE_2025,VNAP25-799CA11D67,VN_ADMIN_2025,VNA25-74E84446E6,MERGED_INTO
VN_ADMIN_PRE_2025,VNAP25-08685D8DE6,VN_ADMIN_2025,VNA25-9E0A751FDF,MERGED_INTO
VN_ADMIN_PRE_2025,VNAP25-50F00F70E9,VN_ADMIN_2025,VNA25-EB253C6C58,MERGED_INTO
VN_ADMIN_PRE_2025,VNAP25-232F9ABD69,VN_ADMIN_2025,VNA25-9E0A751FDF,MERGED_INTO
VN_ADMIN_PRE_2025,VNAP25-7B8524181E,VN_ADMIN_2025,VNA25-EB253C6C58,MERGED_INTO
VN_ADMIN_PRE_2025,VNAP25-04CEA012FA,VN_ADMIN_2025,VNA25-EB253C6C58,MERGED_INTO
VN_ADMIN_PRE_2025,VNAP25-263865A3C3,VN_ADMIN_2025,VNA25-EB253C6C58,MERGED_INTO
VN_ADMIN_PRE_2025,VNAP25-8CE5A33424,VN_ADMIN_2025,VNA25-E1640F8F9E,MERGED_INTO
VN_ADMIN_PRE_2025,VNAP25-1330C04DEB,VN_ADMIN_2025,VNA25-42E668433C,MERGED_INTO
VN_ADMIN_PRE_2025,VNAP25-FC03425DA2,VN_ADMIN_2025,VNA25-955A47A0DA,MERGED_INTO
VN_ADMIN_PRE_2025,VNAP25-565BD5E0C2,VN_ADMIN_2025,VNA25-E1640F8F9E,MERGED_INTO
VN_ADMIN_PRE_2025,VNAP25-4EB2866EEB,VN_ADMIN_2025,VNA25-E1640F8F9E,MERGED_INTO
VN_ADMIN_PRE_2025,VNAP25-CE5F3BE802,VN_ADMIN_2025,VNA25-42E668433C,MERGED_INTO
VN_ADMIN_PRE_2025,VNAP25-88472FA2DE,VN_ADMIN_2025,VNA25-42E668433C,MERGED_INTO
VN_ADMIN_PRE_2025,VNAP25-B4C252A64C,VN_ADMIN_2025,VNA25-955A47A0DA,MERGED_INTO
VN_ADMIN_PRE_2025,VNAP25-4996C639A4,VN_ADMIN_2025,VNA25-DBF2C81CD4,MERGED_INTO
VN_ADMIN_PRE_2025,VNAP25-A00771553E,VN_ADMIN_2025,VNA25-938568C0F1,MERGED_INTO
VN_ADMIN_PRE_2025,VNAP25-EB48BEEF68,VN_ADMIN_2025,VNA25-A161432219,MERGED_INTO
VN_ADMIN_PRE_2025,VNAP25-1852C26016,VN_ADMIN_2025,VNA25-BEA1589A30,MERGED_INTO
VN_ADMIN_PRE_2025,VNAP25-39F72BE361,VN_ADMIN_2025,VNA25-D485927E53,SAME_AS
VN_ADMIN_PRE_2025,VNAP25-E8BFCA083C,VN_ADMIN_2025,VNA25-DBF2C81CD4,MERGED_INTO
VN_ADMIN_PRE_2025,VNAP25-0FD630C244,VN_ADMIN_2025,VNA25-BEA1589A30,MERGED_INTO
VN_ADMIN_PRE_2025,VNAP25-7160006D69,VN_ADMIN_2025,VNA25-DBF2C81CD4,MERGED_INTO
VN_ADMIN_PRE_2025,VNAP25-9914E0BF13,VN_ADMIN_2025,VNA25-A161432219,MERGED_INTO
VN_ADMIN_PRE_2025,VNAP25-4505EB71F8,VN_ADMIN_2025,VNA25-28EEA978F2,MERGED_INTO
VN_ADMIN_PRE_2025,VNAP25-EB73EB2E5A,VN_ADMIN_2025,VNA25-28EEA978F2,MERGED_INTO
VN_ADMIN_PRE_2025,VNAP25-FBE0A9F5E2,VN_ADMIN_2025,VNA25-938568C0F1,MERGED_INTO
VN_ADMIN_PRE_2025,VNAP25-F8DE4528CE,VN_ADMIN_2025,VNA25-547387949D,MERGED_INTO
VN_ADMIN_PRE_2025,VNAP25-9B83CFD3FA,VN_ADMIN_2025,VNA25-141014F395,MERGED_INTO
VN_ADMIN_PRE_2025,VNAP25-60CBB55622,VN_ADMIN_2025,VNA25-547387949D,MERGED_INTO
VN_ADMIN_PRE_2025,VNAP25-E35B02EF60,VN_ADMIN_2025,VNA25-8B9D932DE4,MERGED_INTO
VN_ADMIN_PRE_2025,VNAP25-544D015B2F,VN_ADMIN_2025,VNA25-141014F395,MERGED_INTO
VN_ADMIN_PRE_2025,VNAP25-C8100CC18E,VN_ADMIN_2025,VNA25-275EA75566,MERGED_INTO
VN_ADMIN_PRE_2025,VNAP25-84E328B03E,VN_ADMIN_2025,VNA25-8B9D932DE4,MERGED_INTO
VN_ADMIN_PRE_2025,VNAP25-5FF865A5AF,VN_ADMIN_2025,VNA25-275EA75566,MERGED_INTO
VN_ADMIN_PRE_2025,VNAP25-E295084C73,VN_ADMIN_2025,VNA25-547387949D,MERGED_INTO
VN_ADMIN_PRE_2025,VNAP25-56A20BFE76,VN_ADMIN_2025,VNA25-B8B11F6572,MERGED_INTO
VN_ADMIN_PRE_2025,VNAP25-ACF7BED370,VN_ADMIN_2025,VNA25-B8B11F6572,MERGED_INTO
VN_ADMIN_PRE_2025,VNAP25-21B5F7E1E5,VN_ADMIN_2025,VNA25-F277B34047,MERGED_INTO
VN_ADMIN_PRE_2025,VNAP25-8F2D8DEAE1,VN_ADMIN_2025,VNA25-454546E44F,MERGED_INTO
VN_ADMIN_PRE_2025,VNAP25-8F09DA21C2,VN_ADMIN_2025,VNA25-EBAE08CF50,MERGED_INTO
VN_ADMIN_PRE_2025,VNAP25-E30E4376A8,VN_ADMIN_2025,VNA25-454546E44F,MERGED_INTO
VN_ADMIN_PRE_2025,VNAP25-017A0F0E59,VN_ADMIN_2025,VNA25-EBAE08CF50,MERGED_INTO
VN_ADMIN_PRE_2025,VNAP25-CDC71689C8,VN_ADMIN_2025,VNA25-F277B34047,MERGED_INTO
VN_ADMIN_PRE_2025,VNAP25-074AF28441,VN_ADMIN_2025,VNA25-454546E44F,MERGED_INTO
VN_ADMIN_PRE_2025,VNAP25-5C97B479F3,VN_ADMIN_2025,VNA25-454546E44F,MERGED_INTO
VN_ADMIN_PRE_2025,VNAP25-9900174DF3,VN_ADMIN_2025,VNA25-EBAE08CF50,MERGED_INTO
VN_ADMIN_PRE_2025,VNAP25-EA84153880,VN_ADMIN_2025,VNA25-C93D105C63,SAME_AS
VN_ADMIN_PRE_2025,VNAP25-DE0C5AE5FB,VN_ADMIN_2025,VNA25-64E4AB3668,MERGED_INTO
VN_ADMIN_PRE_2025,VNAP25-E6077E0292,VN_ADMIN_2025,VNA25-64E4AB3668,MERGED_INTO
VN_ADMIN_PRE_2025,VNAP25-05C3CD962D,VN_ADMIN_2025,VNA25-103A6BA3E6,MERGED_INTO
VN_ADMIN_PRE_2025,VNAP25-22455C4530,VN_ADMIN_2025,VNA25-103A6BA3E6,MERGED_INTO
VN_ADMIN_PRE_2025,VNAP25-2DC922341E,VN_ADMIN_2025,VNA25-E08C9E75EE,MERGED_INTO
VN_ADMIN_PRE_2025,VNAP25-283647C44D,VN_ADMIN_2025,VNA25-BA4940A4A8,MERGED_INTO
VN_ADMIN_PRE_2025,VNAP25-5D9C429093,VN_ADMIN_2025,VNA25-103A6BA3E6,MERGED_INTO
VN_ADMIN_PRE_2025,VNAP25-903D50AF2A,VN_ADMIN_2025,VNA25-E08C9E75EE,MERGED_INTO
VN_ADMIN_PRE_2025,VNAP25-CBD6D47C66,VN_ADMIN_2025,VNA25-E08C9E75EE,MERGED_INTO
VN_ADMIN_PRE_2025,VNAP25-25CA448966,VN_ADMIN_2025,VNA25-BA4940A4A8,MERGED_INTO
VN_ADMIN_PRE_2025,VNAP25-97CAF896E2,VN_ADMIN_2025,VNA25-BA4940A4A8,MERGED_INTO
VN_ADMIN_PRE_2025,VNAP25-5B27137C7A,VN_ADMIN_2025,VNA25-FEDBB39BBF,MERGED_INTO
VN_ADMIN_PRE_2025,VNAP25-38D835B563,VN_ADMIN_2025,VNA25-179D47918A,MERGED_INTO
VN_ADMIN_PRE_2025,VNAP25-EEEE6F9A71,VN_ADMIN_2025,VNA25-FACA12119E,MERGED_INTO
VN_ADMIN_PRE_2025,VNAP25-98EDF6BD8D,VN_ADMIN_2025,VNA25-179D47918A,MERGED_INTO
VN_ADMIN_PRE_2025,VNAP25-5B367769C0,VN_ADMIN_2025,VNA25-FEDBB39BBF,MERGED_INTO
VN_ADMIN_PRE_2025,VNAP25-0E1B8D533E,VN_ADMIN_2025,VNA25-FACA12119E,MERGED_INTO
VN_ADMIN_PRE_2025,VNAP25-FED2B7C820,VN_ADMIN_2025,VNA25-FACA12119E,MERGED_INTO
VN_ADMIN_PRE_2025,VNAP25-1EC07B3F3D,VN_ADMIN_2025,VNA25-2BA5B3AEB6,MERGED_INTO
VN_ADMIN_PRE_2025,VNAP25-D9DA932F4F,VN_ADMIN_2025,VNA25-2BA5B3AEB6,MERGED_INTO
VN_ADMIN_PRE_2025,VNAP25-0C4B728BD8,VN_ADMIN_2025,VNA25-C4011E5C8A,MERGED_INTO
VN_ADMIN_PRE_2025,VNAP25-FCE18D5817,VN_ADMIN_2025,VNA25-C035B96F3B,MERGED_INTO
VN_ADMIN_PRE_2025,VNAP25-D0C9167173,VN_ADMIN_2025,VNA25-2BA5B3AEB6,MERGED_INTO
VN_ADMIN_PRE_2025,VNAP25-7033292CE5,VN_ADMIN_2025,VNA25-C035B96F3B,MERGED_INTO
VN_ADMIN_PRE_2025,VNAP25-EFEC3910F3,VN_ADMIN_2025,VNA25-C4011E5C8A,MERGED_INTO
VN_ADMIN_PRE_2025,VNAP25-66D4B8E701,VN_ADMIN_2025,VNA25-2BA5B3AEB6,MERGED_INTO
VN_ADMIN_PRE_2025,VNAP25-3C55DBB1A9,VN_ADMIN_2025,VNA25-C035B96F3B,MERGED_INTO
VN_ADMIN_PRE_2025,VNAP25-BA97C35449,VN_ADMIN_2025,VNA25-12E919E9B1,MERGED_INTO
VN_ADMIN_PRE_2025,VNAP25-204E223845,VN_ADMIN_2025,VNA25-1D801CA468,MERGED_INTO
VN_ADMIN_PRE_2025,VNAP25-98E800EFAA,VN_ADMIN_2025,VNA25-C4011E5C8A,MERGED_INTO
VN_ADMIN_PRE_2025,VNAP25-8F846AA157,VN_ADMIN_2025,VNA25-12E919E9B1,MERGED_INTO
VN_ADMIN_PRE_2025,VNAP25-FA487F0A2F,VN_ADMIN_2025,VNA25-1D801CA468,MERGED_INTO
VN_ADMIN_PRE_2025,VNAP25-D26E77E661,VN_ADMIN_2025,VNA25-A3FF906C21,MERGED_INTO
VN_ADMIN_PRE_2025,VNAP25-F6BC33BF54,VN_ADMIN_2025,VNA25-A3FF906C21,MERGED_INTO
VN_ADMIN_PRE_2025,VNAP25-C60D1E655F,VN_ADMIN_2025,VNA25-A3FF906C21,MERGED_INTO
VN_ADMIN_PRE_2025,VNAP25-B200E370A8,VN_ADMIN_2025,VNA25-A3FF906C21,MERGED_INTO
VN_ADMIN_PRE_2025,VNAP25-B9B9853DB1,VN_ADMIN_2025,VNA25-1D801CA468,MERGED_INTO
VN_ADMIN_PRE_2025,VNAP25-47835E20B8,VN_ADMIN_2025,VNA25-A3FF906C21,MERGED_INTO
VN_ADMIN_PRE_2025,VNAP25-EC4331FBAB,VN_ADMIN_2025,VNA25-12E919E9B1,MERGED_INTO
VN_ADMIN_PRE_2025,VNAP25-46982EAE80,VN_ADMIN_2025,VNA25-87CE576814,MERGED_INTO
VN_ADMIN_PRE_2025,VNAP25-646233BE14,VN_ADMIN_2025,VNA25-6315BA288F,MERGED_INTO
VN_ADMIN_PRE_2025,VNAP25-EC8628C15D,VN_ADMIN_2025,VNA25-6315BA288F,MERGED_INTO
VN_ADMIN_PRE_2025,VNAP25-1F8DA7074D,VN_ADMIN_2025,VNA25-FFC8729584,MERGED_INTO
VN_ADMIN_PRE_2025,VNAP25-6B4EFC19AB,VN_ADMIN_2025,VNA25-6315BA288F,MERGED_INTO
VN_ADMIN_PRE_2025,VNAP25-18AAE8E866,VN_ADMIN_2025,VNA25-87CE576814,MERGED_INTO
VN_ADMIN_PRE_2025,VNAP25-8A58F7C7E8,VN_ADMIN_2025,VNA25-87CE576814,MERGED_INTO
VN_ADMIN_PRE_2025,VNAP25-B7BBECD9A6,VN_ADMIN_2025,VNA25-FFC8729584,MERGED_INTO
VN_ADMIN_PRE_2025,VNAP25-7FEE74D4A0,VN_ADMIN_2025,VNA25-481B98996A,MERGED_INTO
VN_ADMIN_PRE_2025,VNAP25-1A44FB4085,VN_ADMIN_2025,VNA25-C38EC6A800,SAME_AS
VN_ADMIN_PRE_2025,VNAP25-0EFF09200C,VN_ADMIN_2025,VNA25-F4106D9559,SAME_AS
VN_ADMIN_PRE_2025,VNAP25-3A82B2CDA8,VN_ADMIN_2025,VNA25-481B98996A,MERGED_INTO
VN_ADMIN_PRE_2025,VNAP25-BFE2868781,VN_ADMIN_2025,VNA25-481B98996A,MERGED_INTO
VN_ADMIN_PRE_2025,VNAP25-FCD218AB40,VN_ADMIN_2025,VNA25-662ADF52B7,MERGED_INTO
VN_ADMIN_PRE_2025,VNAP25-9094FB81F1,VN_ADMIN_2025,VNA25-662ADF52B7,MERGED_INTO
VN_ADMIN_PRE_2025,VNAP25-8F5FF8B8CB,VN_ADMIN_2025,VNA25-662ADF52B7,MERGED_INTO
VN_ADMIN_PRE_2025,VNAP25-325E1C5FB1,VN_ADMIN_2025,VNA25-96DD27FB8E,MERGED_INTO
VN_ADMIN_PRE_2025,VNAP25-4A6CC61E04,VN_ADMIN_2025,VNA25-96DD27FB8E,MERGED_INTO
VN_ADMIN_PRE_2025,VNAP25-124583382F,VN_ADMIN_2025,VNA25-96DD27FB8E,MERGED_INTO
VN_ADMIN_PRE_2025,VNAP25-7EC4544438,VN_ADMIN_2025,VNA25-4DB7176A29,MERGED_INTO
VN_ADMIN_PRE_2025,VNAP25-44BE890A20,VN_ADMIN_2025,VNA25-D7191418ED,MERGED_INTO
VN_ADMIN_PRE_2025,VNAP25-171D722359,VN_ADMIN_2025,VNA25-0E5F58AE75,MERGED_INTO
VN_ADMIN_PRE_2025,VNAP25-7EB1737A48,VN_ADMIN_2025,VNA25-D7191418ED,MERGED_INTO
VN_ADMIN_PRE_2025,VNAP25-E9CFE0A921,VN_ADMIN_2025,VNA25-0E5F58AE75,MERGED_INTO
VN_ADMIN_PRE_2025,VNAP25-BA6B0B5AA1,VN_ADMIN_2025,VNA25-59195E78AA,MERGED_INTO
VN_ADMIN_PRE_2025,VNAP25-16EC6E63CA,VN_ADMIN_2025,VNA25-59195E78AA,MERGED_INTO
VN_ADMIN_PRE_2025,VNAP25-C46827F7A7,VN_ADMIN_2025,VNA25-59195E78AA,MERGED_INTO
VN_ADMIN_PRE_2025,VNAP25-1A2A1AEA13,VN_ADMIN_2025,VNA25-59195E78AA,MERGED_INTO
VN_ADMIN_PRE_2025,VNAP25-5B5C573E1D,VN_ADMIN_2025,VNA25-4DB7176A29,MERGED_INTO
VN_ADMIN_PRE_2025,VNAP25-2B3D5B2C6C,VN_ADMIN_2025,VNA25-59195E78AA,MERGED_INTO
VN_ADMIN_PRE_2025,VNAP25-EDD930A6C8,VN_ADMIN_2025,VNA25-B394D3F43B,MERGED_INTO
VN_ADMIN_PRE_2025,VNAP25-E87D69D9F9,VN_ADMIN_2025,VNA25-95FD6BB5E9,MERGED_INTO
VN_ADMIN_PRE_2025,VNAP25-45EFD06987,VN_ADMIN_2025,VNA25-B394D3F43B,MERGED_INTO
VN_ADMIN_PRE_2025,VNAP25-8C25607206,VN_ADMIN_2025,VNA25-B394D3F43B,MERGED_INTO
VN_ADMIN_PRE_2025,VNAP25-B0E6537CAF,VN_ADMIN_2025,VNA25-95FD6BB5E9,MERGED_INTO
VN_ADMIN_PRE_2025,VNAP25-188704ACDA,VN_ADMIN_2025,VNA25-B394D3F43B,MERGED_INTO
VN_ADMIN_PRE_2025,VNAP25-95C21BAA61,VN_ADMIN_2025,VNA25-95FD6BB5E9,MERGED_INTO
VN_ADMIN_PRE_2025,VNAP25-A7965C388E,VN_ADMIN_2025,VNA25-3A4BC078B1,MERGED_INTO
VN_ADMIN_PRE_2025,VNAP25-41E7D3B393,VN_ADMIN_2025,VNA25-59DC0DC6A9,MERGED_INTO
VN_ADMIN_PRE_2025,VNAP25-6279BE8D2B,VN_ADMIN_2025,VNA25-083AAF2EAD,MERGED_INTO
VN_ADMIN_PRE_2025,VNAP25-43313E2537,VN_ADMIN_2025,VNA25-59DC0DC6A9,MERGED_INTO
VN_ADMIN_PRE_2025,VNAP25-EA6392306B,VN_ADMIN_2025,VNA25-E80B3F545A,SAME_AS
VN_ADMIN_PRE_2025,VNAP25-A988E0B530,VN_ADMIN_2025,VNA25-59DC0DC6A9,MERGED_INTO
VN_ADMIN_PRE_2025,VNAP25-AA7B332C53,VN_ADMIN_2025,VNA25-D16351A04D,MERGED_INTO
VN_ADMIN_PRE_2025,VNAP25-E921887418,VN_ADMIN_2025,VNA25-D16351A04D,MERGED_INTO
VN_ADMIN_PRE_2025,VNAP25-5DD0A91698,VN_ADMIN_2025,VNA25-158C4EF60E,MERGED_INTO
VN_ADMIN_PRE_2025,VNAP25-4F85B49F86,VN_ADMIN_2025,VNA25-3A4BC078B1,MERGED_INTO
VN_ADMIN_PRE_2025,VNAP25-8D4B4C933C,VN_ADMIN_2025,VNA25-158C4EF60E,MERGED_INTO
VN_ADMIN_PRE_2025,VNAP25-1C004B1B09,VN_ADMIN_2025,VNA25-C9406053F2,SAME_AS
VN_ADMIN_PRE_2025,VNAP25-4B934A2AA0,VN_ADMIN_2025,VNA25-083AAF2EAD,MERGED_INTO
VN_ADMIN_PRE_2025,VNAP25-83D85E534C,VN_ADMIN_2025,VNA25-5E6CB5FDB4,MERGED_INTO
VN_ADMIN_PRE_2025,VNAP25-E76153FFD4,VN_ADMIN_2025,VNA25-5E6CB5FDB4,MERGED_INTO
VN_ADMIN_PRE_2025,VNAP25-4DF53F14FC,VN_ADMIN_2025,VNA25-E61CF6CD6F,MERGED_INTO
VN_ADMIN_PRE_2025,VNAP25-1D550F133E,VN_ADMIN_2025,VNA25-92FCD1AAFD,MERGED_INTO
VN_ADMIN_PRE_2025,VNAP25-4A4C4C0E8C,VN_ADMIN_2025,VNA25-0F971889E5,MERGED_INTO
VN_ADMIN_PRE_2025,VNAP25-5100DA99F1,VN_ADMIN_2025,VNA25-92FCD1AAFD,MERGED_INTO
VN_ADMIN_PRE_2025,VNAP25-07D3D163A0,VN_ADMIN_2025,VNA25-2A4410C8E1,MERGED_INTO
VN_ADMIN_PRE_2025,VNAP25-49E75D5D82,VN_ADMIN_2025,VNA25-2A4410C8E1,MERGED_INTO
VN_ADMIN_PRE_2025,VNAP25-E079AF3288,VN_ADMIN_2025,VNA25-2A4410C8E1,MERGED_INTO
VN_ADMIN_PRE_2025,VNAP25-229F20B01D,VN_ADMIN_2025,VNA25-E61CF6CD6F,MERGED_INTO
VN_ADMIN_PRE_2025,VNAP25-1280A7FE9E,VN_ADMIN_2025,VNA25-E61CF6CD6F,MERGED_INTO
VN_ADMIN_PRE_2025,VNAP25-4FF22D4C5A,VN_ADMIN_2025,VNA25-0F971889E5,MERGED_INTO
VN_ADMIN_PRE_2025,VNAP25-6A854FC6FD,VN_ADMIN_2025,VNA25-D227A09F35,MERGED_INTO
VN_ADMIN_PRE_2025,VNAP25-B8A3D50430,VN_ADMIN_2025,VNA25-D6AA15A747,MERGED_INTO
VN_ADMIN_PRE_2025,VNAP25-B9F98FB556,VN_ADMIN_2025,VNA25-D227A09F35,MERGED_INTO
VN_ADMIN_PRE_2025,VNAP25-D1E17608D4,VN_ADMIN_2025,VNA25-3378F66716,MERGED_INTO
VN_ADMIN_PRE_2025,VNAP25-DE54E02962,VN_ADMIN_2025,VNA25-D227A09F35,MERGED_INTO
VN_ADMIN_PRE_2025,VNAP25-9AFF8AFB12,VN_ADMIN_2025,VNA25-B394D3F43B,MERGED_INTO
VN_ADMIN_PRE_2025,VNAP25-0F2ABC227C,VN_ADMIN_2025,VNA25-3378F66716,MERGED_INTO
VN_ADMIN_PRE_2025,VNAP25-C06B7D8FB8,VN_ADMIN_2025,VNA25-4F34746133,MERGED_INTO
VN_ADMIN_PRE_2025,VNAP25-BE0DAB872B,VN_ADMIN_2025,VNA25-D6AA15A747,MERGED_INTO
VN_ADMIN_PRE_2025,VNAP25-91B64DC01A,VN_ADMIN_2025,VNA25-3378F66716,MERGED_INTO
VN_ADMIN_PRE_2025,VNAP25-A4EE28F848,VN_ADMIN_2025,VNA25-0C5097192A,MERGED_INTO
VN_ADMIN_PRE_2025,VNAP25-F25E20F69B,VN_ADMIN_2025,VNA25-4F34746133,MERGED_INTO
VN_ADMIN_PRE_2025,VNAP25-8A4EFB4820,VN_ADMIN_2025,VNA25-3378F66716,MERGED_INTO
VN_ADMIN_PRE_2025,VNAP25-40AB836045,VN_ADMIN_2025,VNA25-4F34746133,MERGED_INTO
VN_ADMIN_PRE_2025,VNAP25-22B93CBFA6,VN_ADMIN_2025,VNA25-0C5097192A,MERGED_INTO
VN_ADMIN_PRE_2025,VNAP25-F59E143C90,VN_ADMIN_2025,VNA25-D6AA15A747,MERGED_INTO
VN_ADMIN_PRE_2025,VNAP25-9FC8C2C5C9,VN_ADMIN_2025,VNA25-4F34746133,MERGED_INTO
VN_ADMIN_PRE_2025,VNAP25-7C7BB0ABCF,VN_ADMIN_2025,VNA25-1B86BE603F,MERGED_INTO
VN_ADMIN_PRE_2025,VNAP25-C2950BDA97,VN_ADMIN_2025,VNA25-E61CF6CD6F,MERGED_INTO
VN_ADMIN_PRE_2025,VNAP25-445D327AFB,VN_ADMIN_2025,VNA25-19DE5FA573,MERGED_INTO
VN_ADMIN_PRE_2025,VNAP25-70F01C28A2,VN_ADMIN_2025,VNA25-D518AD11FD,MERGED_INTO
VN_ADMIN_PRE_2025,VNAP25-DB4450DE2D,VN_ADMIN_2025,VNA25-6A6F1CA1F6,MERGED_INTO
VN_ADMIN_PRE_2025,VNAP25-3D7FB37476,VN_ADMIN_2025,VNA25-19DE5FA573,MERGED_INTO
VN_ADMIN_PRE_2025,VNAP25-AD5FEEDFAA,VN_ADMIN_2025,VNA25-6A6F1CA1F6,MERGED_INTO
VN_ADMIN_PRE_2025,VNAP25-1A6320CB09,VN_ADMIN_2025,VNA25-EABF6A56E6,MERGED_INTO
VN_ADMIN_PRE_2025,VNAP25-AB83137137,VN_ADMIN_2025,VNA25-EABF6A56E6,MERGED_INTO
VN_ADMIN_PRE_2025,VNAP25-58A5C5D219,VN_ADMIN_2025,VNA25-1B86BE603F,MERGED_INTO
VN_ADMIN_PRE_2025,VNAP25-9EF98A4AD0,VN_ADMIN_2025,VNA25-6A6F1CA1F6,MERGED_INTO
VN_ADMIN_PRE_2025,VNAP25-D67F4BBEFB,VN_ADMIN_2025,VNA25-B5CC324210,MERGED_INTO
VN_ADMIN_PRE_2025,VNAP25-D606FABB4C,VN_ADMIN_2025,VNA25-B5CC324210,MERGED_INTO
VN_ADMIN_PRE_2025,VNAP25-97C0F8B79C,VN_ADMIN_2025,VNA25-0F971889E5,MERGED_INTO
VN_ADMIN_PRE_2025,VNAP25-C25A868D77,VN_ADMIN_2025,VNA25-E8B0A942BB,MERGED_INTO
VN_ADMIN_PRE_2025,VNAP25-4607272866,VN_ADMIN_2025,VNA25-19DE5FA573,MERGED_INTO
VN_ADMIN_PRE_2025,VNAP25-DF60280DE1,VN_ADMIN_2025,VNA25-B5CC324210,MERGED_INTO
VN_ADMIN_PRE_2025,VNAP25-D04F0B6E65,VN_ADMIN_2025,VNA25-E8B0A942BB,MERGED_INTO
VN_ADMIN_PRE_2025,VNAP25-A85BD563C2,VN_ADMIN_2025,VNA25-E8B0A942BB,MERGED_INTO
VN_ADMIN_PRE_2025,VNAP25-2738A25C37,VN_ADMIN_2025,VNA25-D518AD11FD,MERGED_INTO
VN_ADMIN_PRE_2025,VNAP25-3C143BE639,VN_ADMIN_2025,VNA25-E8B0A942BB,MERGED_INTO
VN_ADMIN_PRE_2025,VNAP25-650C0EAB32,VN_ADMIN_2025,VNA25-D518AD11FD,MERGED_INTO
VN_ADMIN_PRE_2025,VNAP25-5A65C5F432,VN_ADMIN_2025,VNA25-005C6CF2A0,MERGED_INTO
VN_ADMIN_PRE_2025,VNAP25-48ECBF2FF1,VN_ADMIN_2025,VNA25-95FD6BB5E9,MERGED_INTO
VN_ADMIN_PRE_2025,VNAP25-167B35BD97,VN_ADMIN_2025,VNA25-5D30CAD8EB,MERGED_INTO
VN_ADMIN_PRE_2025,VNAP25-494179A373,VN_ADMIN_2025,VNA25-585A758DAC,MERGED_INTO
VN_ADMIN_PRE_2025,VNAP25-7C0EF0F02E,VN_ADMIN_2025,VNA25-C1E973C81C,MERGED_INTO
VN_ADMIN_PRE_2025,VNAP25-6B70739C2E,VN_ADMIN_2025,VNA25-C1E973C81C,MERGED_INTO
VN_ADMIN_PRE_2025,VNAP25-5488854F9D,VN_ADMIN_2025,VNA25-5D30CAD8EB,MERGED_INTO
VN_ADMIN_PRE_2025,VNAP25-5F73C9D1C5,VN_ADMIN_2025,VNA25-005C6CF2A0,MERGED_INTO
VN_ADMIN_PRE_2025,VNAP25-8FC81DA09B,VN_ADMIN_2025,VNA25-95FD6BB5E9,MERGED_INTO
VN_ADMIN_PRE_2025,VNAP25-76BADDC0A5,VN_ADMIN_2025,VNA25-585A758DAC,MERGED_INTO
VN_ADMIN_PRE_2025,VNAP25-AD7E92E665,VN_ADMIN_2025,VNA25-C1E973C81C,MERGED_INTO
VN_ADMIN_PRE_2025,VNAP25-EDBF3AB47A,VN_ADMIN_2025,VNA25-585A758DAC,MERGED_INTO
VN_ADMIN_PRE_2025,VNAP25-CC9645AB70,VN_ADMIN_2025,VNA25-0C5097192A,MERGED_INTO
VN_ADMIN_PRE_2025,VNAP25-3F561FF8F8,VN_ADMIN_2025,VNA25-5CC706B8BC,MERGED_INTO
VN_ADMIN_PRE_2025,VNAP25-34132589E1,VN_ADMIN_2025,VNA25-5D24ED4EDD,MERGED_INTO
VN_ADMIN_PRE_2025,VNAP25-99E9C7C5DA,VN_ADMIN_2025,VNA25-0E58434243,MERGED_INTO
VN_ADMIN_PRE_2025,VNAP25-00A121EA76,VN_ADMIN_2025,VNA25-344F38A08D,MERGED_INTO
VN_ADMIN_PRE_2025,VNAP25-396054CD23,VN_ADMIN_2025,VNA25-5CC706B8BC,MERGED_INTO
VN_ADMIN_PRE_2025,VNAP25-4FEC739103,VN_ADMIN_2025,VNA25-5D24ED4EDD,MERGED_INTO
VN_ADMIN_PRE_2025,VNAP25-0157D2FA0B,VN_ADMIN_2025,VNA25-344F38A08D,MERGED_INTO
VN_ADMIN_PRE_2025,VNAP25-5B3C0ECC49,VN_ADMIN_2025,VNA25-0E58434243,MERGED_INTO
VN_ADMIN_PRE_2025,VNAP25-F9D7E1E544,VN_ADMIN_2025,VNA25-0E58434243,MERGED_INTO
VN_ADMIN_PRE_2025,VNAP25-4767E412F0,VN_ADMIN_2025,VNA25-0E58434243,MERGED_INTO
VN_ADMIN_PRE_2025,VNAP25-0790420204,VN_ADMIN_2025,VNA25-AD76041558,MERGED_INTO
VN_ADMIN_PRE_2025,VNAP25-FC7A7C45A6,VN_ADMIN_2025,VNA25-549F36FCFC,MERGED_INTO
VN_ADMIN_PRE_2025,VNAP25-C62E1BB18D,VN_ADMIN_2025,VNA25-AD76041558,MERGED_INTO
VN_ADMIN_PRE_2025,VNAP25-B22DAA4443,VN_ADMIN_2025,VNA25-33CA4F73D3,MERGED_INTO
VN_ADMIN_PRE_2025,VNAP25-C399D856D2,VN_ADMIN_2025,VNA25-76E588FAC1,MERGED_INTO
VN_ADMIN_PRE_2025,VNAP25-9B3D489AB7,VN_ADMIN_2025,VNA25-AD76041558,MERGED_INTO
VN_ADMIN_PRE_2025,VNAP25-E9673690E6,VN_ADMIN_2025,VNA25-33CA4F73D3,MERGED_INTO
VN_ADMIN_PRE_2025,VNAP25-59D7275D32,VN_ADMIN_2025,VNA25-76E588FAC1,MERGED_INTO
VN_ADMIN_PRE_2025,VNAP25-9939FA7DA8,VN_ADMIN_2025,VNA25-549F36FCFC,MERGED_INTO
VN_ADMIN_PRE_2025,VNAP25-D5D2E9A143,VN_ADMIN_2025,VNA25-33CA4F73D3,MERGED_INTO
VN_ADMIN_PRE_2025,VNAP25-687A0AB0F3,VN_ADMIN_2025,VNA25-33CA4F73D3,MERGED_INTO
VN_ADMIN_PRE_2025,VNAP25-2B01D00852,VN_ADMIN_2025,VNA25-AD76041558,MERGED_INTO
VN_ADMIN_PRE_2025,VNAP25-CCDF6EE263,VN_ADMIN_2025,VNA25-FF0945AA62,MERGED_INTO
VN_ADMIN_PRE_2025,VNAP25-9B1E668DE7,VN_ADMIN_2025,VNA25-5EE457EDB8,MERGED_INTO
VN_ADMIN_PRE_2025,VNAP25-2D4DBC0594,VN_ADMIN_2025,VNA25-37F8913E77,MERGED_INTO
VN_ADMIN_PRE_2025,VNAP25-2E5D7E61AA,VN_ADMIN_2025,VNA25-37F8913E77,MERGED_INTO
VN_ADMIN_PRE_2025,VNAP25-823BA62830,VN_ADMIN_2025,VNA25-5EE457EDB8,MERGED_INTO
VN_ADMIN_PRE_2025,VNAP25-355C61ECE7,VN_ADMIN_2025,VNA25-FF0945AA62,MERGED_INTO
VN_ADMIN_PRE_2025,VNAP25-C8C32D230B,VN_ADMIN_2025,VNA25-A0EA9599A7,MERGED_INTO
VN_ADMIN_PRE_2025,VNAP25-91D96FB30A,VN_ADMIN_2025,VNA25-D911F94203,MERGED_INTO
VN_ADMIN_PRE_2025,VNAP25-273F2F0B26,VN_ADMIN_2025,VNA25-FF0945AA62,MERGED_INTO
VN_ADMIN_PRE_2025,VNAP25-E44618777F,VN_ADMIN_2025,VNA25-D911F94203,MERGED_INTO
VN_ADMIN_PRE_2025,VNAP25-45A80BE049,VN_ADMIN_2025,VNA25-A1DE354216,MERGED_INTO
VN_ADMIN_PRE_2025,VNAP25-277AA4B4A3,VN_ADMIN_2025,VNA25-D911F94203,MERGED_INTO
VN_ADMIN_PRE_2025,VNAP25-2103B3E9A1,VN_ADMIN_2025,VNA25-A0EA9599A7,MERGED_INTO
VN_ADMIN_PRE_2025,VNAP25-E248D2B914,VN_ADMIN_2025,VNA25-5EE457EDB8,MERGED_INTO
VN_ADMIN_PRE_2025,VNAP25-CCAF0C8008,VN_ADMIN_2025,VNA25-CFE26260BE,MERGED_INTO
VN_ADMIN_PRE_2025,VNAP25-699F29AE91,VN_ADMIN_2025,VNA25-A1DE354216,MERGED_INTO
VN_ADMIN_PRE_2025,VNAP25-BDE02DC6AB,VN_ADMIN_2025,VNA25-3389AB8BEF,MERGED_INTO
VN_ADMIN_PRE_2025,VNAP25-4B568325D5,VN_ADMIN_2025,VNA25-9A35A9180E,MERGED_INTO
VN_ADMIN_PRE_2025,VNAP25-28198A4131,VN_ADMIN_2025,VNA25-A1DE354216,MERGED_INTO
VN_ADMIN_PRE_2025,VNAP25-4ED4C2FE1D,VN_ADMIN_2025,VNA25-9A35A9180E,MERGED_INTO
VN_ADMIN_PRE_2025,VNAP25-1325A9F848,VN_ADMIN_2025,VNA25-3389AB8BEF,MERGED_INTO
VN_ADMIN_PRE_2025,VNAP25-EB15973C6F,VN_ADMIN_2025,VNA25-CFE26260BE,MERGED_INTO
VN_ADMIN_PRE_2025,VNAP25-8A56E4F1CB,VN_ADMIN_2025,VNA25-3389AB8BEF,MERGED_INTO
VN_ADMIN_PRE_2025,VNAP25-9699BD9306,VN_ADMIN_2025,VNA25-CFE26260BE,MERGED_INTO
VN_ADMIN_PRE_2025,VNAP25-4A9966732E,VN_ADMIN_2025,VNA25-9A35A9180E,MERGED_INTO
VN_ADMIN_PRE_2025,VNAP25-8B2B31AFAB,VN_ADMIN_2025,VNA25-A054772D05,MERGED_INTO
VN_ADMIN_PRE_2025,VNAP25-36C5B64F23,VN_ADMIN_2025,VNA25-6F40A48A3C,RENAMED_TO
VN_ADMIN_PRE_2025,VNAP25-F919186C6E,VN_ADMIN_2025,VNA25-48598A085B,MERGED_INTO
VN_ADMIN_PRE_2025,VNAP25-54370785F0,VN_ADMIN_2025,VNA25-A7F3EB77C7,MERGED_INTO
VN_ADMIN_PRE_2025,VNAP25-1DCC30C7F9,VN_ADMIN_2025,VNA25-A054772D05,MERGED_INTO
VN_ADMIN_PRE_2025,VNAP25-33D309658F,VN_ADMIN_2025,VNA25-6029A6C297,MERGED_INTO
VN_ADMIN_PRE_2025,VNAP25-AF5B6E39DA,VN_ADMIN_2025,VNA25-1A2E9D3C35,MERGED_INTO
VN_ADMIN_PRE_2025,VNAP25-E1A95D6901,VN_ADMIN_2025,VNA25-A7F3EB77C7,MERGED_INTO
VN_ADMIN_PRE_2025,VNAP25-686336C2AA,VN_ADMIN_2025,VNA25-A054772D05,MERGED_INTO
VN_ADMIN_PRE_2025,VNAP25-2A343F98D2,VN_ADMIN_2025,VNA25-3313452879,MERGED_INTO
VN_ADMIN_PRE_2025,VNAP25-1E4FA84217,VN_ADMIN_2025,VNA25-8925A2B902,MERGED_INTO
VN_ADMIN_PRE_2025,VNAP25-9D00198C6C,VN_ADMIN_2025,VNA25-3313452879,MERGED_INTO
VN_ADMIN_PRE_2025,VNAP25-94A2E37A36,VN_ADMIN_2025,VNA25-6029A6C297,MERGED_INTO
VN_ADMIN_PRE_2025,VNAP25-A12B463BCD,VN_ADMIN_2025,VNA25-1A2E9D3C35,MERGED_INTO
VN_ADMIN_PRE_2025,VNAP25-774334D387,VN_ADMIN_2025,VNA25-1A2E9D3C35,MERGED_INTO
VN_ADMIN_PRE_2025,VNAP25-674A217A7F,VN_ADMIN_2025,VNA25-FCCE619531,MERGED_INTO
VN_ADMIN_PRE_2025,VNAP25-DE42460659,VN_ADMIN_2025,VNA25-48598A085B,MERGED_INTO
VN_ADMIN_PRE_2025,VNAP25-9DE2F9840D,VN_ADMIN_2025,VNA25-8925A2B902,MERGED_INTO
VN_ADMIN_PRE_2025,VNAP25-8D9D4AEBD8,VN_ADMIN_2025,VNA25-8925A2B902,MERGED_INTO
VN_ADMIN_PRE_2025,VNAP25-BFC5ECAC9D,VN_ADMIN_2025,VNA25-48598A085B,MERGED_INTO
VN_ADMIN_PRE_2025,VNAP25-F66C794AFE,VN_ADMIN_2025,VNA25-A7F3EB77C7,MERGED_INTO
VN_ADMIN_PRE_2025,VNAP25-7478048259,VN_ADMIN_2025,VNA25-FCCE619531,MERGED_INTO
VN_ADMIN_PRE_2025,VNAP25-465BB0E960,VN_ADMIN_2025,VNA25-3313452879,MERGED_INTO
VN_ADMIN_PRE_2025,VNAP25-B0B0608522,VN_ADMIN_2025,VNA25-FBCC195BEA,MERGED_INTO
VN_ADMIN_PRE_2025,VNAP25-0D8CDC54CB,VN_ADMIN_2025,VNA25-FBCC195BEA,MERGED_INTO
VN_ADMIN_PRE_2025,VNAP25-96184AD63E,VN_ADMIN_2025,VNA25-8BE7A4EF4E,MERGED_INTO
VN_ADMIN_PRE_2025,VNAP25-F434253833,VN_ADMIN_2025,VNA25-EF5582D90E,MERGED_INTO
VN_ADMIN_PRE_2025,VNAP25-17AF404BC9,VN_ADMIN_2025,VNA25-FBCC195BEA,MERGED_INTO
VN_ADMIN_PRE_2025,VNAP25-B880655CD9,VN_ADMIN_2025,VNA25-FBCC195BEA,MERGED_INTO
VN_ADMIN_PRE_2025,VNAP25-29988D7025,VN_ADMIN_2025,VNA25-FBCC195BEA,MERGED_INTO
VN_ADMIN_PRE_2025,VNAP25-20FFC1AC16,VN_ADMIN_2025,VNA25-A8A5F7674D,MERGED_INTO
VN_ADMIN_PRE_2025,VNAP25-82C147AC85,VN_ADMIN_2025,VNA25-A8A5F7674D,MERGED_INTO
VN_ADMIN_PRE_2025,VNAP25-BC4E357EB1,VN_ADMIN_2025,VNA25-EB4B670E6D,MERGED_INTO
VN_ADMIN_PRE_2025,VNAP25-CC7171F652,VN_ADMIN_2025,VNA25-EF5582D90E,MERGED_INTO
VN_ADMIN_PRE_2025,VNAP25-F865CCDBE8,VN_ADMIN_2025,VNA25-EF5582D90E,MERGED_INTO
VN_ADMIN_PRE_2025,VNAP25-ED2DA658B8,VN_ADMIN_2025,VNA25-A8A5F7674D,MERGED_INTO
VN_ADMIN_PRE_2025,VNAP25-4BF8D9FCAF,VN_ADMIN_2025,VNA25-8BE7A4EF4E,MERGED_INTO
VN_ADMIN_PRE_2025,VNAP25-B1ECBCAE44,VN_ADMIN_2025,VNA25-8BE7A4EF4E,MERGED_INTO
VN_ADMIN_PRE_2025,VNAP25-930ADF345C,VN_ADMIN_2025,VNA25-8BE7A4EF4E,MERGED_INTO
VN_ADMIN_PRE_2025,VNAP25-2EF1FFCF2F,VN_ADMIN_2025,VNA25-06CC178EEF,MERGED_INTO
VN_ADMIN_PRE_2025,VNAP25-AB435E8374,VN_ADMIN_2025,VNA25-F686208AD5,MERGED_INTO
VN_ADMIN_PRE_2025,VNAP25-C950CE74F7,VN_ADMIN_2025,VNA25-E5567EF966,MERGED_INTO
VN_ADMIN_PRE_2025,VNAP25-A9398D2A9C,VN_ADMIN_2025,VNA25-E5567EF966,MERGED_INTO
VN_ADMIN_PRE_2025,VNAP25-B903999178,VN_ADMIN_2025,VNA25-F686208AD5,MERGED_INTO
VN_ADMIN_PRE_2025,VNAP25-F9B8E98F2E,VN_ADMIN_2025,VNA25-8158054804,MERGED_INTO
VN_ADMIN_PRE_2025,VNAP25-4865181CAA,VN_ADMIN_2025,VNA25-06CC178EEF,MERGED_INTO
VN_ADMIN_PRE_2025,VNAP25-1F5EDC408B,VN_ADMIN_2025,VNA25-8158054804,MERGED_INTO
VN_ADMIN_PRE_2025,VNAP25-3BF01746EB,VN_ADMIN_2025,VNA25-4B2CC14C25,MERGED_INTO
VN_ADMIN_PRE_2025,VNAP25-59AB3DD224,VN_ADMIN_2025,VNA25-81631C0299,MERGED_INTO
VN_ADMIN_PRE_2025,VNAP25-AB85AD6C15,VN_ADMIN_2025,VNA25-4B2CC14C25,MERGED_INTO
VN_ADMIN_PRE_2025,VNAP25-72CA2E1875,VN_ADMIN_2025,VNA25-70A4A110EB,MERGED_INTO
VN_ADMIN_PRE_2025,VNAP25-1E87B55E32,VN_ADMIN_2025,VNA25-C1A1E32C3E,MERGED_INTO
VN_ADMIN_PRE_2025,VNAP25-F45FE47355,VN_ADMIN_2025,VNA25-99563DE00C,MERGED_INTO
VN_ADMIN_PRE_2025,VNAP25-E239D38A84,VN_ADMIN_2025,VNA25-2E7ED8186D,MERGED_INTO
VN_ADMIN_PRE_2025,VNAP25-72522DE3F0,VN_ADMIN_2025,VNA25-81631C0299,MERGED_INTO
VN_ADMIN_PRE_2025,VNAP25-7420A560C8,VN_ADMIN_2025,VNA25-35EB64A862,MERGED_INTO
VN_ADMIN_PRE_2025,VNAP25-DB9046BE79,VN_ADMIN_2025,VNA25-35EB64A862,MERGED_INTO
VN_ADMIN_PRE_2025,VNAP25-5798EF2856,VN_ADMIN_2025,VNA25-70A4A110EB,MERGED_INTO
VN_ADMIN_PRE_2025,VNAP25-920B77A654,VN_ADMIN_2025,VNA25-70A4A110EB,MERGED_INTO
VN_ADMIN_PRE_2025,VNAP25-21406D650C,VN_ADMIN_2025,VNA25-81631C0299,MERGED_INTO
VN_ADMIN_PRE_2025,VNAP25-57661BBAA7,VN_ADMIN_2025,VNA25-99563DE00C,MERGED_INTO
VN_ADMIN_PRE_2025,VNAP25-1C34AE52C7,VN_ADMIN_2025,VNA25-2E7ED8186D,MERGED_INTO
VN_ADMIN_PRE_2025,VNAP25-20A21510C5,VN_ADMIN_2025,VNA25-81631C0299,MERGED_INTO
VN_ADMIN_PRE_2025,VNAP25-AB5AB7E6A5,VN_ADMIN_2025,VNA25-C1A1E32C3E,MERGED_INTO
VN_ADMIN_PRE_2025,VNAP25-0F3994E674,VN_ADMIN_2025,VNA25-4B2CC14C25,MERGED_INTO
VN_ADMIN_PRE_2025,VNAP25-9523A3149F,VN_ADMIN_2025,VNA25-C1A1E32C3E,MERGED_INTO
VN_ADMIN_PRE_2025,VNAP25-9C7795E9DD,VN_ADMIN_2025,VNA25-8AA1E61BFB,MERGED_INTO
VN_ADMIN_PRE_2025,VNAP25-25EFD465A3,VN_ADMIN_2025,VNA25-4B147E2B28,MERGED_INTO
VN_ADMIN_PRE_2025,VNAP25-9BB8F5A4FC,VN_ADMIN_2025,VNA25-0143FF42F4,MERGED_INTO
VN_ADMIN_PRE_2025,VNAP25-565414A839,VN_ADMIN_2025,VNA25-2BFF57A997,MERGED_INTO
VN_ADMIN_PRE_2025,VNAP25-D1B8E0A4E9,VN_ADMIN_2025,VNA25-0143FF42F4,MERGED_INTO
VN_ADMIN_PRE_2025,VNAP25-B029D48B75,VN_ADMIN_2025,VNA25-8AA1E61BFB,MERGED_INTO
VN_ADMIN_PRE_2025,VNAP25-81B38D98E1,VN_ADMIN_2025,VNA25-2BFF57A997,MERGED_INTO
VN_ADMIN_PRE_2025,VNAP25-11F5803FA8,VN_ADMIN_2025,VNA25-4B147E2B28,MERGED_INTO
VN_ADMIN_PRE_2025,VNAP25-15FCEB0640,VN_ADMIN_2025,VNA25-4B147E2B28,MERGED_INTO
VN_ADMIN_PRE_2025,VNAP25-FE85542DE0,VN_ADMIN_2025,VNA25-C7953A08F0,MERGED_INTO
VN_ADMIN_PRE_2025,VNAP25-82778693A8,VN_ADMIN_2025,VNA25-D70B9A98D9,MERGED_INTO
VN_ADMIN_PRE_2025,VNAP25-5A2CCBC33B,VN_ADMIN_2025,VNA25-07B3AF21BE,MERGED_INTO
VN_ADMIN_PRE_2025,VNAP25-4F3E02A1FA,VN_ADMIN_2025,VNA25-99636E41A8,MERGED_INTO
VN_ADMIN_PRE_2025,VNAP25-D29EE98FB2,VN_ADMIN_2025,VNA25-99636E41A8,MERGED_INTO
VN_ADMIN_PRE_2025,VNAP25-DB1C7D78F2,VN_ADMIN_2025,VNA25-99636E41A8,MERGED_INTO
VN_ADMIN_PRE_2025,VNAP25-848B3409D6,VN_ADMIN_2025,VNA25-7BAA88BE92,MERGED_INTO
VN_ADMIN_PRE_2025,VNAP25-9D70334B7A,VN_ADMIN_2025,VNA25-E0040786ED,MERGED_INTO
VN_ADMIN_PRE_2025,VNAP25-BB21DFEB28,VN_ADMIN_2025,VNA25-678361FE67,SAME_AS
VN_ADMIN_PRE_2025,VNAP25-BB8BFE8992,VN_ADMIN_2025,VNA25-D70B9A98D9,MERGED_INTO
VN_ADMIN_PRE_2025,VNAP25-6008442EB4,VN_ADMIN_2025,VNA25-7BAA88BE92,MERGED_INTO
VN_ADMIN_PRE_2025,VNAP25-98961868FF,VN_ADMIN_2025,VNA25-D70B9A98D9,MERGED_INTO
VN_ADMIN_PRE_2025,VNAP25-BC5B6D6530,VN_ADMIN_2025,VNA25-07B3AF21BE,MERGED_INTO
VN_ADMIN_PRE_2025,VNAP25-1477B68D80,VN_ADMIN_2025,VNA25-E0040786ED,MERGED_INTO
VN_ADMIN_PRE_2025,VNAP25-AF6B319F30,VN_ADMIN_2025,VNA25-E0040786ED,MERGED_INTO
VN_ADMIN_PRE_2025,VNAP25-A16007416E,VN_ADMIN_2025,VNA25-10FE3AA8A5,MERGED_INTO
VN_ADMIN_PRE_2025,VNAP25-F110B2A796,VN_ADMIN_2025,VNA25-10FE3AA8A5,MERGED_INTO
VN_ADMIN_PRE_2025,VNAP25-52E0EB725F,VN_ADMIN_2025,VNA25-10FE3AA8A5,MERGED_INTO
VN_ADMIN_PRE_2025,VNAP25-07C66B50A2,VN_ADMIN_2025,VNA25-F686208AD5,MERGED_INTO
VN_ADMIN_PRE_2025,VNAP25-0A0814382E,VN_ADMIN_2025,VNA25-EB4B670E6D,MERGED_INTO
VN_ADMIN_PRE_2025,VNAP25-8CFB561DB0,VN_ADMIN_2025,VNA25-EB4B670E6D,MERGED_INTO
VN_ADMIN_PRE_2025,VNAP25-3D1F827F71,VN_ADMIN_2025,VNA25-FDCE802746,MERGED_INTO
VN_ADMIN_PRE_2025,VNAP25-8EA0DBD709,VN_ADMIN_2025,VNA25-ABFA6F544D,MERGED_INTO
VN_ADMIN_PRE_2025,VNAP25-A947EEACE2,VN_ADMIN_2025,VNA25-C7953A08F0,MERGED_INTO
VN_ADMIN_PRE_2025,VNAP25-CB8E1DA876,VN_ADMIN_2025,VNA25-DC3B0D19E6,MERGED_INTO
VN_ADMIN_PRE_2025,VNAP25-7AD72B343C,VN_ADMIN_2025,VNA25-DC3B0D19E6,MERGED_INTO
VN_ADMIN_PRE_2025,VNAP25-154EBE809D,VN_ADMIN_2025,VNA25-ABFA6F544D,MERGED_INTO
VN_ADMIN_PRE_2025,VNAP25-238A62E27F,VN_ADMIN_2025,VNA25-ABFA6F544D,MERGED_INTO
VN_ADMIN_PRE_2025,VNAP25-003A4C5A2E,VN_ADMIN_2025,VNA25-DC3B0D19E6,MERGED_INTO
VN_ADMIN_PRE_2025,VNAP25-737F8E0AA2,VN_ADMIN_2025,VNA25-DC3B0D19E6,MERGED_INTO
VN_ADMIN_PRE_2025,VNAP25-6D3722CCAC,VN_ADMIN_2025,VNA25-D9463557D5,MERGED_INTO
VN_ADMIN_PRE_2025,VNAP25-3E36FAC312,VN_ADMIN_2025,VNA25-D9463557D5,MERGED_INTO
VN_ADMIN_PRE_2025,VNAP25-15984F350C,VN_ADMIN_2025,VNA25-FDCE802746,MERGED_INTO
VN_ADMIN_PRE_2025,VNAP25-9E7943E72A,VN_ADMIN_2025,VNA25-9ABCA506BB,MERGED_INTO
VN_ADMIN_PRE_2025,VNAP25-5701967B66,VN_ADMIN_2025,VNA25-ABFA6F544D,MERGED_INTO
VN_ADMIN_PRE_2025,VNAP25-206D0E1463,VN_ADMIN_2025,VNA25-9ABCA506BB,MERGED_INTO
VN_ADMIN_PRE_2025,VNAP25-6A04983636,VN_ADMIN_2025,VNA25-C7953A08F0,MERGED_INTO
VN_ADMIN_PRE_2025,VNAP25-45C070251F,VN_ADMIN_2025,VNA25-CECA8550A7,MERGED_INTO
VN_ADMIN_PRE_2025,VNAP25-B565EF5FF6,VN_ADMIN_2025,VNA25-CECA8550A7,MERGED_INTO
VN_ADMIN_PRE_2025,VNAP25-87EDD44891,VN_ADMIN_2025,VNA25-3C7C0E3E7B,MERGED_INTO
VN_ADMIN_PRE_2025,VNAP25-CEB8F9C451,VN_ADMIN_2025,VNA25-CE9172477A,MERGED_INTO
VN_ADMIN_PRE_2025,VNAP25-94E8AE69A6,VN_ADMIN_2025,VNA25-06128A3476,MERGED_INTO
VN_ADMIN_PRE_2025,VNAP25-F8E253D9CC,VN_ADMIN_2025,VNA25-A51BBA5A4D,MERGED_INTO
VN_ADMIN_PRE_2025,VNAP25-8F85EA91FB,VN_ADMIN_2025,VNA25-CECA8550A7,MERGED_INTO
VN_ADMIN_PRE_2025,VNAP25-40C470786C,VN_ADMIN_2025,VNA25-3270ECE460,MERGED_INTO
VN_ADMIN_PRE_2025,VNAP25-D7A145F9B6,VN_ADMIN_2025,VNA25-3270ECE460,MERGED_INTO
VN_ADMIN_PRE_2025,VNAP25-EDED51B663,VN_ADMIN_2025,VNA25-CE9172477A,MERGED_INTO
VN_ADMIN_PRE_2025,VNAP25-17127664E5,VN_ADMIN_2025,VNA25-CE9172477A,MERGED_INTO
VN_ADMIN_PRE_2025,VNAP25-8CE29B7A4F,VN_ADMIN_2025,VNA25-3270ECE460,MERGED_INTO
VN_ADMIN_PRE_2025,VNAP25-2403AD10B4,VN_ADMIN_2025,VNA25-06128A3476,MERGED_INTO
VN_ADMIN_PRE_2025,VNAP25-8A6B5430CD,VN_ADMIN_2025,VNA25-A51BBA5A4D,MERGED_INTO
VN_ADMIN_PRE_2025,VNAP25-60253D4E5B,VN_ADMIN_2025,VNA25-06128A3476,MERGED_INTO
VN_ADMIN_PRE_2025,VNAP25-8CEC67F5C4,VN_ADMIN_2025,VNA25-CE9172477A,MERGED_INTO
VN_ADMIN_PRE_2025,VNAP25-0DB2F145D8,VN_ADMIN_2025,VNA25-3C7C0E3E7B,MERGED_INTO
VN_ADMIN_PRE_2025,VNAP25-F4797FE8F2,VN_ADMIN_2025,VNA25-3C7C0E3E7B,MERGED_INTO
VN_ADMIN_PRE_2025,VNAP25-408E255407,VN_ADMIN_2025,VNA25-3F985C2F3C,MERGED_INTO
VN_ADMIN_PRE_2025,VNAP25-816384515E,VN_ADMIN_2025,VNA25-58E60F1F10,MERGED_INTO
VN_ADMIN_PRE_2025,VNAP25-CE98BEA2CC,VN_ADMIN_2025,VNA25-DEB292A6C0,MERGED_INTO
VN_ADMIN_PRE_2025,VNAP25-F400AD647C,VN_ADMIN_2025,VNA25-57C90D7A4E,MERGED_INTO
VN_ADMIN_PRE_2025,VNAP25-CE55C64797,VN_ADMIN_2025,VNA25-3F985C2F3C,MERGED_INTO
VN_ADMIN_PRE_2025,VNAP25-45DC1F86B8,VN_ADMIN_2025,VNA25-2DE57E9A86,MERGED_INTO
VN_ADMIN_PRE_2025,VNAP25-46C5B9B4C9,VN_ADMIN_2025,VNA25-58E60F1F10,MERGED_INTO
VN_ADMIN_PRE_2025,VNAP25-2BF8E684F2,VN_ADMIN_2025,VNA25-57C90D7A4E,MERGED_INTO
VN_ADMIN_PRE_2025,VNAP25-854DA1645D,VN_ADMIN_2025,VNA25-2DE57E9A86,MERGED_INTO
VN_ADMIN_PRE_2025,VNAP25-16829566B7,VN_ADMIN_2025,VNA25-3F985C2F3C,MERGED_INTO
VN_ADMIN_PRE_2025,VNAP25-36316DBDDC,VN_ADMIN_2025,VNA25-870C3352E2,MERGED_INTO
VN_ADMIN_PRE_2025,VNAP25-381DA61035,VN_ADMIN_2025,VNA25-0E27C29620,MERGED_INTO
VN_ADMIN_PRE_2025,VNAP25-4EB180FEE0,VN_ADMIN_2025,VNA25-DEB292A6C0,MERGED_INTO
VN_ADMIN_PRE_2025,VNAP25-246856697E,VN_ADMIN_2025,VNA25-58E60F1F10,MERGED_INTO
VN_ADMIN_PRE_2025,VNAP25-20B4955F88,VN_ADMIN_2025,VNA25-B9BF6E1DD7,MERGED_INTO
VN_ADMIN_PRE_2025,VNAP25-1791C4542E,VN_ADMIN_2025,VNA25-DEB292A6C0,MERGED_INTO
VN_ADMIN_PRE_2025,VNAP25-5120D77475,VN_ADMIN_2025,VNA25-870C3352E2,MERGED_INTO
VN_ADMIN_PRE_2025,VNAP25-D80CA2488C,VN_ADMIN_2025,VNA25-0E27C29620,MERGED_INTO
VN_ADMIN_PRE_2025,VNAP25-562EBB2230,VN_ADMIN_2025,VNA25-B9BF6E1DD7,MERGED_INTO
VN_ADMIN_PRE_2025,VNAP25-E5A8F2BD91,VN_ADMIN_2025,VNA25-0476C44D62,MERGED_INTO
VN_ADMIN_PRE_2025,VNAP25-6394E5B417,VN_ADMIN_2025,VNA25-E6408D9C47,MERGED_INTO
VN_ADMIN_PRE_2025,VNAP25-A11F92F518,VN_ADMIN_2025,VNA25-4439C5D085,MERGED_INTO
VN_ADMIN_PRE_2025,VNAP25-B15FD48FCA,VN_ADMIN_2025,VNA25-4EA3ADA7E1,MERGED_INTO
VN_ADMIN_PRE_2025,VNAP25-683C8A444E,VN_ADMIN_2025,VNA25-0A74698CB5,MERGED_INTO
VN_ADMIN_PRE_2025,VNAP25-625595205F,VN_ADMIN_2025,VNA25-0476C44D62,MERGED_INTO
VN_ADMIN_PRE_2025,VNAP25-D05F36A048,VN_ADMIN_2025,VNA25-4EA3ADA7E1,MERGED_INTO
VN_ADMIN_PRE_2025,VNAP25-43E5FFFDEF,VN_ADMIN_2025,VNA25-0A74698CB5,MERGED_INTO
VN_ADMIN_PRE_2025,VNAP25-F592D6675E,VN_ADMIN_2025,VNA25-0A74698CB5,MERGED_INTO
VN_ADMIN_PRE_2025,VNAP25-E2EB6A8CF9,VN_ADMIN_2025,VNA25-0476C44D62,MERGED_INTO
VN_ADMIN_PRE_2025,VNAP25-682C8F0F65,VN_ADMIN_2025,VNA25-4EA3ADA7E1,MERGED_INTO
VN_ADMIN_PRE_2025,VNAP25-2B5D5B2680,VN_ADMIN_2025,VNA25-7B5EDC2EB7,MERGED_INTO
VN_ADMIN_PRE_2025,VNAP25-A56DBD1D48,VN_ADMIN_2025,VNA25-4439C5D085,MERGED_INTO
VN_ADMIN_PRE_2025,VNAP25-969D0F92CE,VN_ADMIN_2025,VNA25-0476C44D62,MERGED_INTO
VN_ADMIN_PRE_2025,VNAP25-4E5A68A944,VN_ADMIN_2025,VNA25-4EA3ADA7E1,MERGED_INTO
VN_ADMIN_PRE_2025,VNAP25-7D823A5500,VN_ADMIN_2025,VNA25-7B5987F9E8,MERGED_INTO
VN_ADMIN_PRE_2025,VNAP25-D991469DFE,VN_ADMIN_2025,VNA25-7B5EDC2EB7,MERGED_INTO
VN_ADMIN_PRE_2025,VNAP25-95F1D67C54,VN_ADMIN_2025,VNA25-7B5EDC2EB7,MERGED_INTO
VN_ADMIN_PRE_2025,VNAP25-86258E08E2,VN_ADMIN_2025,VNA25-0476C44D62,MERGED_INTO
VN_ADMIN_PRE_2025,VNAP25-06F9B8A69C,VN_ADMIN_2025,VNA25-E6408D9C47,MERGED_INTO
VN_ADMIN_PRE_2025,VNAP25-FCF7BA9848,VN_ADMIN_2025,VNA25-4439C5D085,MERGED_INTO
VN_ADMIN_PRE_2025,VNAP25-09C352128B,VN_ADMIN_2025,VNA25-1EE14BA59F,MERGED_INTO
VN_ADMIN_PRE_2025,VNAP25-0FD3B21696,VN_ADMIN_2025,VNA25-3D92D14ABD,MERGED_INTO
VN_ADMIN_PRE_2025,VNAP25-3D8C7207C8,VN_ADMIN_2025,VNA25-D082C0BA38,MERGED_INTO
VN_ADMIN_PRE_2025,VNAP25-FABDCFE926,VN_ADMIN_2025,VNA25-D082C0BA38,MERGED_INTO
VN_ADMIN_PRE_2025,VNAP25-42DD3F1538,VN_ADMIN_2025,VNA25-3B99C57DE7,MERGED_INTO
VN_ADMIN_PRE_2025,VNAP25-FE220D6220,VN_ADMIN_2025,VNA25-3B99C57DE7,MERGED_INTO
VN_ADMIN_PRE_2025,VNAP25-F206C7D139,VN_ADMIN_2025,VNA25-9D7CBEE85E,MERGED_INTO
VN_ADMIN_PRE_2025,VNAP25-3D64D23A30,VN_ADMIN_2025,VNA25-3B99C57DE7,MERGED_INTO
VN_ADMIN_PRE_2025,VNAP25-4FBD3EF169,VN_ADMIN_2025,VNA25-D082C0BA38,MERGED_INTO
VN_ADMIN_PRE_2025,VNAP25-247FB2C345,VN_ADMIN_2025,VNA25-5AC8AE1856,MERGED_INTO
VN_ADMIN_PRE_2025,VNAP25-187650C40D,VN_ADMIN_2025,VNA25-90D7FA3C49,MERGED_INTO
VN_ADMIN_PRE_2025,VNAP25-EAFD13A468,VN_ADMIN_2025,VNA25-3D92D14ABD,MERGED_INTO
VN_ADMIN_PRE_2025,VNAP25-8E8BFDC716,VN_ADMIN_2025,VNA25-9D7CBEE85E,MERGED_INTO
VN_ADMIN_PRE_2025,VNAP25-352E3F63C6,VN_ADMIN_2025,VNA25-3D92D14ABD,MERGED_INTO
VN_ADMIN_PRE_2025,VNAP25-06DD613793,VN_ADMIN_2025,VNA25-3D92D14ABD,MERGED_INTO
VN_ADMIN_PRE_2025,VNAP25-2AC5B066DE,VN_ADMIN_2025,VNA25-90D7FA3C49,MERGED_INTO
VN_ADMIN_PRE_2025,VNAP25-05FD807463,VN_ADMIN_2025,VNA25-D082C0BA38,MERGED_INTO
VN_ADMIN_PRE_2025,VNAP25-AE6A414FE8,VN_ADMIN_2025,VNA25-9D7CBEE85E,MERGED_INTO
VN_ADMIN_PRE_2025,VNAP25-8736E06019,VN_ADMIN_2025,VNA25-5AC8AE1856,MERGED_INTO
VN_ADMIN_PRE_2025,VNAP25-904828E677,VN_ADMIN_2025,VNA25-9D7CBEE85E,MERGED_INTO
VN_ADMIN_PRE_2025,VNAP25-FC1E322F20,VN_ADMIN_2025,VNA25-5AC8AE1856,MERGED_INTO
VN_ADMIN_PRE_2025,VNAP25-5608BA0BA1,VN_ADMIN_2025,VNA25-5981BA4006,MERGED_INTO
VN_ADMIN_PRE_2025,VNAP25-20A319A762,VN_ADMIN_2025,VNA25-C5ED1D7898,MERGED_INTO
VN_ADMIN_PRE_2025,VNAP25-7D3FCD851C,VN_ADMIN_2025,VNA25-31C0657674,SPLIT_INTO
VN_ADMIN_PRE_2025,VNAP25-7D3FCD851C,VN_ADMIN_2025,VNA25-C5ED1D7898,SPLIT_INTO
VN_ADMIN_PRE_2025,VNAP25-529500CCF1,VN_ADMIN_2025,VNA25-5981BA4006,MERGED_INTO
VN_ADMIN_PRE_2025,VNAP25-A25B24AEE4,VN_ADMIN_2025,VNA25-5981BA4006,MERGED_INTO
VN_ADMIN_PRE_2025,VNAP25-E3F9E9FF52,VN_ADMIN_2025,VNA25-31C0657674,MERGED_INTO
VN_ADMIN_PRE_2025,VNAP25-AC812121CA,VN_ADMIN_2025,VNA25-31C0657674,MERGED_INTO
VN_ADMIN_PRE_2025,VNAP25-6C698D32E9,VN_ADMIN_2025,VNA25-5981BA4006,MERGED_INTO
VN_ADMIN_PRE_2025,VNAP25-9F96A70580,VN_ADMIN_2025,VNA25-5981BA4006,SPLIT_INTO
VN_ADMIN_PRE_2025,VNAP25-9F96A70580,VN_ADMIN_2025,VNA25-C5ED1D7898,SPLIT_INTO
VN_ADMIN_PRE_2025,VNAP25-2721353B30,VN_ADMIN_2025,VNA25-C1D35100D8,MERGED_INTO
VN_ADMIN_PRE_2025,VNAP25-8DF55E85A1,VN_ADMIN_2025,VNA25-C1D35100D8,MERGED_INTO
VN_ADMIN_PRE_2025,VNAP25-545A30CEF3,VN_ADMIN_2025,VNA25-C1D35100D8,MERGED_INTO
VN_ADMIN_PRE_2025,VNAP25-738AD55818,VN_ADMIN_2025,VNA25-7DD2918F93,MERGED_INTO
VN_ADMIN_PRE_2025,VNAP25-68BFC86E7E,VN_ADMIN_2025,VNA25-9B77601A5E,MERGED_INTO
VN_ADMIN_PRE_2025,VNAP25-0230CF5891,VN_ADMIN_2025,VNA25-C3D9127D35,MERGED_INTO
VN_ADMIN_PRE_2025,VNAP25-FE5C10B41A,VN_ADMIN_2025,VNA25-9B77601A5E,MERGED_INTO
VN_ADMIN_PRE_2025,VNAP25-4B50A5CFF1,VN_ADMIN_2025,VNA25-9EE2F52F11,MERGED_INTO
VN_ADMIN_PRE_2025,VNAP25-2E4A76A1D7,VN_ADMIN_2025,VNA25-77E1711E55,MERGED_INTO
VN_ADMIN_PRE_2025,VNAP25-F00C499101,VN_ADMIN_2025,VNA25-77E1711E55,MERGED_INTO
VN_ADMIN_PRE_2025,VNAP25-347934229E,VN_ADMIN_2025,VNA25-46A65F0C8E,MERGED_INTO
VN_ADMIN_PRE_2025,VNAP25-2D4B2D38F4,VN_ADMIN_2025,VNA25-9A4C6959E3,MERGED_INTO
VN_ADMIN_PRE_2025,VNAP25-6FC987F5B3,VN_ADMIN_2025,VNA25-9B77601A5E,MERGED_INTO
VN_ADMIN_PRE_2025,VNAP25-3D1DB2927B,VN_ADMIN_2025,VNA25-46A65F0C8E,MERGED_INTO
VN_ADMIN_PRE_2025,VNAP25-508A4821B4,VN_ADMIN_2025,VNA25-46A65F0C8E,MERGED_INTO
VN_ADMIN_PRE_2025,VNAP25-FF1EF4E54C,VN_ADMIN_2025,VNA25-52EFA1D6EE,MERGED_INTO
VN_ADMIN_PRE_2025,VNAP25-60C8D4D037,VN_ADMIN_2025,VNA25-52EFA1D6EE,MERGED_INTO
VN_ADMIN_PRE_2025,VNAP25-2953D3138C,VN_ADMIN_2025,VNA25-9EE2F52F11,MERGED_INTO
VN_ADMIN_PRE_2025,VNAP25-10E3CFA3DC,VN_ADMIN_2025,VNA25-77E1711E55,MERGED_INTO
VN_ADMIN_PRE_2025,VNAP25-3D4C265C33,VN_ADMIN_2025,VNA25-C3D9127D35,MERGED_INTO
VN_ADMIN_PRE_2025,VNAP25-5BC3646D9D,VN_ADMIN_2025,VNA25-C3D9127D35,MERGED_INTO
VN_ADMIN_PRE_2025,VNAP25-1B0F481209,VN_ADMIN_2025,VNA25-52EFA1D6EE,MERGED_INTO
VN_ADMIN_PRE_2025,VNAP25-AD41FA4F1E,VN_ADMIN_2025,VNA25-9EE2F52F11,MERGED_INTO
VN_ADMIN_PRE_2025,VNAP25-64767ABFFA,VN_ADMIN_2025,VNA25-7DD2918F93,MERGED_INTO
VN_ADMIN_PRE_2025,VNAP25-98BEFD8F3A,VN_ADMIN_2025,VNA25-9A4C6959E3,MERGED_INTO
VN_ADMIN_PRE_2025,VNAP25-FCD34BD6B4,VN_ADMIN_2025,VNA25-7DD2918F93,MERGED_INTO
VN_ADMIN_PRE_2025,VNAP25-4F37C238A6,VN_ADMIN_2025,VNA25-9519446BDA,MERGED_INTO
VN_ADMIN_PRE_2025,VNAP25-C9AC34D783,VN_ADMIN_2025,VNA25-1EE14BA59F,MERGED_INTO
VN_ADMIN_PRE_2025,VNAP25-A1930D78B5,VN_ADMIN_2025,VNA25-33ED98FF42,MERGED_INTO
VN_ADMIN_PRE_2025,VNAP25-DA995B674E,VN_ADMIN_2025,VNA25-4EA3ADA7E1,MERGED_INTO
VN_ADMIN_PRE_2025,VNAP25-34B4462D03,VN_ADMIN_2025,VNA25-1EE14BA59F,MERGED_INTO
VN_ADMIN_PRE_2025,VNAP25-017CBEF0CE,VN_ADMIN_2025,VNA25-9519446BDA,MERGED_INTO
VN_ADMIN_PRE_2025,VNAP25-505DDE0AA5,VN_ADMIN_2025,VNA25-33ED98FF42,MERGED_INTO
VN_ADMIN_PRE_2025,VNAP25-95985792FF,VN_ADMIN_2025,VNA25-1EE14BA59F,MERGED_INTO
VN_ADMIN_PRE_2025,VNAP25-0F99F7814B,VN_ADMIN_2025,VNA25-34C1FAC900,MERGED_INTO
VN_ADMIN_PRE_2025,VNAP25-D5DCFF2833,VN_ADMIN_2025,VNA25-BC6AFF4DD6,MERGED_INTO
VN_ADMIN_PRE_2025,VNAP25-A102374CBA,VN_ADMIN_2025,VNA25-0BB2B0263A,MERGED_INTO
VN_ADMIN_PRE_2025,VNAP25-B2C6B1A9C3,VN_ADMIN_2025,VNA25-BC6AFF4DD6,MERGED_INTO
VN_ADMIN_PRE_2025,VNAP25-A9C77B18F0,VN_ADMIN_2025,VNA25-20AA8C1827,MERGED_INTO
VN_ADMIN_PRE_2025,VNAP25-19D2A07EAA,VN_ADMIN_2025,VNA25-BC6AFF4DD6,MERGED_INTO
VN_ADMIN_PRE_2025,VNAP25-5EDC38D270,VN_ADMIN_2025,VNA25-66B4A5A89B,MERGED_INTO
VN_ADMIN_PRE_2025,VNAP25-D195C557C5,VN_ADMIN_2025,VNA25-BC6AFF4DD6,MERGED_INTO
VN_ADMIN_PRE_2025,VNAP25-593C7A0D58,VN_ADMIN_2025,VNA25-51855B8DC5,MERGED_INTO
VN_ADMIN_PRE_2025,VNAP25-81B64D069D,VN_ADMIN_2025,VNA25-125816A382,MERGED_INTO
VN_ADMIN_PRE_2025,VNAP25-DB02F55D73,VN_ADMIN_2025,VNA25-20AA8C1827,MERGED_INTO
VN_ADMIN_PRE_2025,VNAP25-2B30915359,VN_ADMIN_2025,VNA25-0BB2B0263A,MERGED_INTO
VN_ADMIN_PRE_2025,VNAP25-00F58B3646,VN_ADMIN_2025,VNA25-34C1FAC900,MERGED_INTO
VN_ADMIN_PRE_2025,VNAP25-7F88211226,VN_ADMIN_2025,VNA25-51855B8DC5,MERGED_INTO
VN_ADMIN_PRE_2025,VNAP25-3C8D34DC22,VN_ADMIN_2025,VNA25-66B4A5A89B,MERGED_INTO
VN_ADMIN_PRE_2025,VNAP25-9E3EA39F2A,VN_ADMIN_2025,VNA25-20AA8C1827,MERGED_INTO
VN_ADMIN_PRE_2025,VNAP25-FA2728995D,VN_ADMIN_2025,VNA25-0BB2B0263A,MERGED_INTO
VN_ADMIN_PRE_2025,VNAP25-66525E31D4,VN_ADMIN_2025,VNA25-125816A382,MERGED_INTO
VN_ADMIN_PRE_2025,VNAP25-B398396A37,VN_ADMIN_2025,VNA25-34C1FAC900,MERGED_INTO
VN_ADMIN_PRE_2025,VNAP25-B6E86B4218,VN_ADMIN_2025,VNA25-125816A382,MERGED_INTO
VN_ADMIN_PRE_2025,VNAP25-A5CCA94A63,VN_ADMIN_2025,VNA25-115100B8C4,MERGED_INTO
VN_ADMIN_PRE_2025,VNAP25-43141A9EC6,VN_ADMIN_2025,VNA25-2845AB3720,MERGED_INTO
VN_ADMIN_PRE_2025,VNAP25-4A372CDED2,VN_ADMIN_2025,VNA25-2845AB3720,MERGED_INTO
VN_ADMIN_PRE_2025,VNAP25-5F197F230C,VN_ADMIN_2025,VNA25-B1DF689CE0,MERGED_INTO
VN_ADMIN_PRE_2025,VNAP25-CCAFD46B1B,VN_ADMIN_2025,VNA25-9E2374B35D,MERGED_INTO
VN_ADMIN_PRE_2025,VNAP25-20B5FFF9F8,VN_ADMIN_2025,VNA25-115100B8C4,MERGED_INTO
VN_ADMIN_PRE_2025,VNAP25-D4F6B6A2DB,VN_ADMIN_2025,VNA25-08168C9B22,MERGED_INTO
VN_ADMIN_PRE_2025,VNAP25-6A7913C052,VN_ADMIN_2025,VNA25-9E2374B35D,MERGED_INTO
VN_ADMIN_PRE_2025,VNAP25-5E059C8683,VN_ADMIN_2025,VNA25-9E2374B35D,MERGED_INTO
VN_ADMIN_PRE_2025,VNAP25-E3D6609E45,VN_ADMIN_2025,VNA25-F2FC102574,MERGED_INTO
VN_ADMIN_PRE_2025,VNAP25-5427069FB7,VN_ADMIN_2025,VNA25-115100B8C4,MERGED_INTO
VN_ADMIN_PRE_2025,VNAP25-89AF50E1EE,VN_ADMIN_2025,VNA25-21E2467654,MERGED_INTO
VN_ADMIN_PRE_2025,VNAP25-C0EA3A7A6A,VN_ADMIN_2025,VNA25-08168C9B22,MERGED_INTO
VN_ADMIN_PRE_2025,VNAP25-89CA584D1F,VN_ADMIN_2025,VNA25-B1DF689CE0,MERGED_INTO
VN_ADMIN_PRE_2025,VNAP25-AFBFBF1698,VN_ADMIN_2025,VNA25-F2FC102574,MERGED_INTO
VN_ADMIN_PRE_2025,VNAP25-1C520F98F6,VN_ADMIN_2025,VNA25-21E2467654,MERGED_INTO
VN_ADMIN_PRE_2025,VNAP25-4F2A118413,VN_ADMIN_2025,VNA25-21E2467654,MERGED_INTO
VN_ADMIN_PRE_2025,VNAP25-7F6649302D,VN_ADMIN_2025,VNA25-08168C9B22,SPLIT_INTO
VN_ADMIN_PRE_2025,VNAP25-7F6649302D,VN_ADMIN_2025,VNA25-2845AB3720,SPLIT_INTO
VN_ADMIN_PRE_2025,VNAP25-8B469FC0F0,VN_ADMIN_2025,VNA25-08168C9B22,MERGED_INTO
VN_ADMIN_PRE_2025,VNAP25-0C45A26F7B,VN_ADMIN_2025,VNA25-F2FC102574,MERGED_INTO
VN_ADMIN_PRE_2025,VNAP25-39854D87BF,VN_ADMIN_2025,VNA25-CFAC5B00DB,MERGED_INTO
VN_ADMIN_PRE_2025,VNAP25-E30278B439,VN_ADMIN_2025,VNA25-FC5266F3CE,MERGED_INTO
VN_ADMIN_PRE_2025,VNAP25-C09899C094,VN_ADMIN_2025,VNA25-FC5266F3CE,MERGED_INTO
VN_ADMIN_PRE_2025,VNAP25-4090BED94B,VN_ADMIN_2025,VNA25-92101FED93,MERGED_INTO
VN_ADMIN_PRE_2025,VNAP25-82CA6A09C2,VN_ADMIN_2025,VNA25-A006FDC2D8,MERGED_INTO
VN_ADMIN_PRE_2025,VNAP25-FFC2585CFF,VN_ADMIN_2025,VNA25-CFAC5B00DB,MERGED_INTO
VN_ADMIN_PRE_2025,VNAP25-2304EC8C29,VN_ADMIN_2025,VNA25-92101FED93,MERGED_INTO
VN_ADMIN_PRE_2025,VNAP25-C0898B07FA,VN_ADMIN_2025,VNA25-A006FDC2D8,MERGED_INTO
VN_ADMIN_PRE_2025,VNAP25-C144A93EB3,VN_ADMIN_2025,VNA25-CFAC5B00DB,MERGED_INTO
VN_ADMIN_PRE_2025,VNAP25-E1164FDB83,VN_ADMIN_2025,VNA25-A006FDC2D8,MERGED_INTO
VN_ADMIN_PRE_2025,VNAP25-CF5D517116,VN_ADMIN_2025,VNA25-A006FDC2D8,MERGED_INTO
VN_ADMIN_PRE_2025,VNAP25-868D6EEF5E,VN_ADMIN_2025,VNA25-FC5266F3CE,MERGED_INTO
VN_ADMIN_PRE_2025,VNAP25-55F6FCD0E3,VN_ADMIN_2025,VNA25-A006FDC2D8,MERGED_INTO
VN_ADMIN_PRE_2025,VNAP25-57DD3513CC,VN_ADMIN_2025,VNA25-FC5266F3CE,MERGED_INTO
VN_ADMIN_PRE_2025,VNAP25-B122281FA4,VN_ADMIN_2025,VNA25-CE70064EAD,MERGED_INTO
VN_ADMIN_PRE_2025,VNAP25-2A28A8CEB3,VN_ADMIN_2025,VNA25-CE70064EAD,MERGED_INTO
VN_ADMIN_PRE_2025,VNAP25-7A6E8077E9,VN_ADMIN_2025,VNA25-CE70064EAD,MERGED_INTO
VN_ADMIN_PRE_2025,VNAP25-116D72D183,VN_ADMIN_2025,VNA25-E720161B81,MERGED_INTO
VN_ADMIN_PRE_2025,VNAP25-8E308B6DAF,VN_ADMIN_2025,VNA25-E720161B81,MERGED_INTO
VN_ADMIN_PRE_2025,VNAP25-D3C62A02D7,VN_ADMIN_2025,VNA25-C8D6B402CC,MERGED_INTO
VN_ADMIN_PRE_2025,VNAP25-A0F02ACD02,VN_ADMIN_2025,VNA25-5D335C3970,MERGED_INTO
VN_ADMIN_PRE_2025,VNAP25-2D91A10AEC,VN_ADMIN_2025,VNA25-ECAF0E86CA,MERGED_INTO
VN_ADMIN_PRE_2025,VNAP25-2027F35817,VN_ADMIN_2025,VNA25-E6408D9C47,MERGED_INTO
VN_ADMIN_PRE_2025,VNAP25-5195C776FF,VN_ADMIN_2025,VNA25-C8D6B402CC,MERGED_INTO
VN_ADMIN_PRE_2025,VNAP25-C9771A0712,VN_ADMIN_2025,VNA25-ECAF0E86CA,MERGED_INTO
VN_ADMIN_PRE_2025,VNAP25-0DDE7EEDF9,VN_ADMIN_2025,VNA25-7B5987F9E8,MERGED_INTO
VN_ADMIN_PRE_2025,VNAP25-626D09307D,VN_ADMIN_2025,VNA25-C8D6B402CC,MERGED_INTO
VN_ADMIN_PRE_2025,VNAP25-CCB6427D98,VN_ADMIN_2025,VNA25-7B5987F9E8,MERGED_INTO
VN_ADMIN_PRE_2025,VNAP25-6A886BF26D,VN_ADMIN_2025,VNA25-ECAF0E86CA,MERGED_INTO
VN_ADMIN_PRE_2025,VNAP25-423589978A,VN_ADMIN_2025,VNA25-5D335C3970,MERGED_INTO
VN_ADMIN_PRE_2025,VNAP25-6FEF5873EB,VN_ADMIN_2025,VNA25-5D335C3970,MERGED_INTO
VN_ADMIN_PRE_2025,VNAP25-C0520FC08F,VN_ADMIN_2025,VNA25-E720161B81,MERGED_INTO
VN_ADMIN_PRE_2025,VNAP25-6C5B4754A2,VN_ADMIN_2025,VNA25-00BCF7DDB4,MERGED_INTO
VN_ADMIN_PRE_2025,VNAP25-EA254FEC9B,VN_ADMIN_2025,VNA25-BCB17EB7EA,MERGED_INTO
VN_ADMIN_PRE_2025,VNAP25-15247CB8D8,VN_ADMIN_2025,VNA25-C1A1CDD4A1,MERGED_INTO
VN_ADMIN_PRE_2025,VNAP25-C434BBCDDF,VN_ADMIN_2025,VNA25-00BCF7DDB4,MERGED_INTO
VN_ADMIN_PRE_2025,VNAP25-E30367EFBD,VN_ADMIN_2025,VNA25-B1950EFF06,MERGED_INTO
VN_ADMIN_PRE_2025,VNAP25-7BDAB32225,VN_ADMIN_2025,VNA25-BCB17EB7EA,MERGED_INTO
VN_ADMIN_PRE_2025,VNAP25-A826091EFF,VN_ADMIN_2025,VNA25-B1950EFF06,MERGED_INTO
VN_ADMIN_PRE_2025,VNAP25-0FEAE4D370,VN_ADMIN_2025,VNA25-00BCF7DDB4,MERGED_INTO
VN_ADMIN_PRE_2025,VNAP25-BA3328EAB5,VN_ADMIN_2025,VNA25-949A3F9D0B,MERGED_INTO
VN_ADMIN_PRE_2025,VNAP25-110E7E5307,VN_ADMIN_2025,VNA25-DB5B5AFB29,MERGED_INTO
VN_ADMIN_PRE_2025,VNAP25-92E0522B6B,VN_ADMIN_2025,VNA25-00BCF7DDB4,MERGED_INTO
VN_ADMIN_PRE_2025,VNAP25-A446B8E894,VN_ADMIN_2025,VNA25-B1950EFF06,MERGED_INTO
VN_ADMIN_PRE_2025,VNAP25-6F82DCE579,VN_ADMIN_2025,VNA25-C1A1CDD4A1,MERGED_INTO
VN_ADMIN_PRE_2025,VNAP25-07F655D839,VN_ADMIN_2025,VNA25-BCB17EB7EA,MERGED_INTO
VN_ADMIN_PRE_2025,VNAP25-534001C414,VN_ADMIN_2025,VNA25-00BCF7DDB4,MERGED_INTO
VN_ADMIN_PRE_2025,VNAP25-47E59E81FC,VN_ADMIN_2025,VNA25-949A3F9D0B,MERGED_INTO
VN_ADMIN_PRE_2025,VNAP25-BFCFBFD075,VN_ADMIN_2025,VNA25-DB5B5AFB29,MERGED_INTO
VN_ADMIN_PRE_2025,VNAP25-0AE0885A55,VN_ADMIN_2025,VNA25-00BCF7DDB4,MERGED_INTO
VN_ADMIN_PRE_2025,VNAP25-609E8774A3,VN_ADMIN_2025,VNA25-D9E677B043,MERGED_INTO
VN_ADMIN_PRE_2025,VNAP25-7120FA8249,VN_ADMIN_2025,VNA25-73417B046C,MERGED_INTO
VN_ADMIN_PRE_2025,VNAP25-52CDD50F2B,VN_ADMIN_2025,VNA25-09DC865070,MERGED_INTO
VN_ADMIN_PRE_2025,VNAP25-90169FB88F,VN_ADMIN_2025,VNA25-D9E677B043,MERGED_INTO
VN_ADMIN_PRE_2025,VNAP25-6EF22402B7,VN_ADMIN_2025,VNA25-B815EA2650,MERGED_INTO
VN_ADMIN_PRE_2025,VNAP25-5CD023A0EA,VN_ADMIN_2025,VNA25-96BC465B7E,MERGED_INTO
VN_ADMIN_PRE_2025,VNAP25-EF6B3348A0,VN_ADMIN_2025,VNA25-FE09965E2D,MERGED_INTO
VN_ADMIN_PRE_2025,VNAP25-E2B8920320,VN_ADMIN_2025,VNA25-B815EA2650,MERGED_INTO
VN_ADMIN_PRE_2025,VNAP25-E1D28787A5,VN_ADMIN_2025,VNA25-B815EA2650,MERGED_INTO
VN_ADMIN_PRE_2025,VNAP25-7E615E88A7,VN_ADMIN_2025,VNA25-FE09965E2D,MERGED_INTO
VN_ADMIN_PRE_2025,VNAP25-BF2E5340A1,VN_ADMIN_2025,VNA25-B815EA2650,MERGED_INTO
VN_ADMIN_PRE_2025,VNAP25-250D0EFBE9,VN_ADMIN_2025,VNA25-96BC465B7E,MERGED_INTO
VN_ADMIN_PRE_2025,VNAP25-74D1F09332,VN_ADMIN_2025,VNA25-09DC865070,MERGED_INTO
VN_ADMIN_PRE_2025,VNAP25-D388379780,VN_ADMIN_2025,VNA25-96BC465B7E,MERGED_INTO
VN_ADMIN_PRE_2025,VNAP25-11B076DF2B,VN_ADMIN_2025,VNA25-3A8DE527AA,MERGED_INTO
VN_ADMIN_PRE_2025,VNAP25-54116F47C1,VN_ADMIN_2025,VNA25-3A8DE527AA,MERGED_INTO
VN_ADMIN_PRE_2025,VNAP25-4F294B8E1E,VN_ADMIN_2025,VNA25-B3FBFB9E76,MERGED_INTO
VN_ADMIN_PRE_2025,VNAP25-9DEB5F8C17,VN_ADMIN_2025,VNA25-3A8DE527AA,MERGED_INTO
VN_ADMIN_PRE_2025,VNAP25-E41AD766A0,VN_ADMIN_2025,VNA25-EA46C552C3,MERGED_INTO
VN_ADMIN_PRE_2025,VNAP25-991B8A5FF4,VN_ADMIN_2025,VNA25-B3FBFB9E76,MERGED_INTO
VN_ADMIN_PRE_2025,VNAP25-98209619E3,VN_ADMIN_2025,VNA25-61E475DBF4,MERGED_INTO
VN_ADMIN_PRE_2025,VNAP25-59FDC08DF2,VN_ADMIN_2025,VNA25-EA46C552C3,MERGED_INTO
VN_ADMIN_PRE_2025,VNAP25-25BFCF1687,VN_ADMIN_2025,VNA25-3571019BAE,MERGED_INTO
VN_ADMIN_PRE_2025,VNAP25-5DBE7E1016,VN_ADMIN_2025,VNA25-1D31383D98,MERGED_INTO
VN_ADMIN_PRE_2025,VNAP25-7F7F506BEC,VN_ADMIN_2025,VNA25-61E475DBF4,MERGED_INTO
VN_ADMIN_PRE_2025,VNAP25-B5572E4CB5,VN_ADMIN_2025,VNA25-B3FBFB9E76,MERGED_INTO
VN_ADMIN_PRE_2025,VNAP25-8E631FEDF6,VN_ADMIN_2025,VNA25-3571019BAE,MERGED_INTO
VN_ADMIN_PRE_2025,VNAP25-3BFED7CA7D,VN_ADMIN_2025,VNA25-61E475DBF4,MERGED_INTO
VN_ADMIN_PRE_2025,VNAP25-9EF30E8B1E,VN_ADMIN_2025,VNA25-1D31383D98,MERGED_INTO
VN_ADMIN_PRE_2025,VNAP25-0A80F9197B,VN_ADMIN_2025,VNA25-EA46C552C3,MERGED_INTO
VN_ADMIN_PRE_2025,VNAP25-9DA2B0A84B,VN_ADMIN_2025,VNA25-EA46C552C3,MERGED_INTO
VN_ADMIN_PRE_2025,VNAP25-1DCF968CF0,VN_ADMIN_2025,VNA25-EF4D6DE61A,MERGED_INTO
VN_ADMIN_PRE_2025,VNAP25-ACECE2D766,VN_ADMIN_2025,VNA25-258FFFE76A,MERGED_INTO
VN_ADMIN_PRE_2025,VNAP25-53AB479305,VN_ADMIN_2025,VNA25-83626961CC,MERGED_INTO
VN_ADMIN_PRE_2025,VNAP25-EACA866D24,VN_ADMIN_2025,VNA25-83626961CC,MERGED_INTO
VN_ADMIN_PRE_2025,VNAP25-A9AFBFBBFE,VN_ADMIN_2025,VNA25-585A2C194E,MERGED_INTO
VN_ADMIN_PRE_2025,VNAP25-6F31EE7228,VN_ADMIN_2025,VNA25-83626961CC,MERGED_INTO
VN_ADMIN_PRE_2025,VNAP25-6EFFC1837D,VN_ADMIN_2025,VNA25-D52675C268,MERGED_INTO
VN_ADMIN_PRE_2025,VNAP25-443F6BA0A6,VN_ADMIN_2025,VNA25-63E9EA71F4,MERGED_INTO
VN_ADMIN_PRE_2025,VNAP25-B06E2338B9,VN_ADMIN_2025,VNA25-63E9EA71F4,MERGED_INTO
VN_ADMIN_PRE_2025,VNAP25-37B60AF0F6,VN_ADMIN_2025,VNA25-A9387E4E00,MERGED_INTO
VN_ADMIN_PRE_2025,VNAP25-030B64622A,VN_ADMIN_2025,VNA25-585A2C194E,MERGED_INTO
VN_ADMIN_PRE_2025,VNAP25-9FA9658A3F,VN_ADMIN_2025,VNA25-258FFFE76A,MERGED_INTO
VN_ADMIN_PRE_2025,VNAP25-2F897C7670,VN_ADMIN_2025,VNA25-A9387E4E00,MERGED_INTO
VN_ADMIN_PRE_2025,VNAP25-7A4696862D,VN_ADMIN_2025,VNA25-585A2C194E,MERGED_INTO
VN_ADMIN_PRE_2025,VNAP25-86D659CCDA,VN_ADMIN_2025,VNA25-83626961CC,MERGED_INTO
VN_ADMIN_PRE_2025,VNAP25-32A3564EB2,VN_ADMIN_2025,VNA25-83626961CC,MERGED_INTO
VN_ADMIN_PRE_2025,VNAP25-A6DA548527,VN_ADMIN_2025,VNA25-63E9EA71F4,MERGED_INTO
VN_ADMIN_PRE_2025,VNAP25-8112A61691,VN_ADMIN_2025,VNA25-E9A68D97CB,MERGED_INTO
VN_ADMIN_PRE_2025,VNAP25-CC6AE553F6,VN_ADMIN_2025,VNA25-D52675C268,MERGED_INTO
VN_ADMIN_PRE_2025,VNAP25-0644E5B385,VN_ADMIN_2025,VNA25-A9387E4E00,MERGED_INTO
VN_ADMIN_PRE_2025,VNAP25-D956D7B5BA,VN_ADMIN_2025,VNA25-EF4D6DE61A,MERGED_INTO
VN_ADMIN_PRE_2025,VNAP25-205564D941,VN_ADMIN_2025,VNA25-521551CB69,MERGED_INTO
VN_ADMIN_PRE_2025,VNAP25-BBCFB32088,VN_ADMIN_2025,VNA25-521551CB69,MERGED_INTO
VN_ADMIN_PRE_2025,VNAP25-EF98BE192C,VN_ADMIN_2025,VNA25-521551CB69,MERGED_INTO
VN_ADMIN_PRE_2025,VNAP25-8BF8CE82C1,VN_ADMIN_2025,VNA25-521551CB69,MERGED_INTO
VN_ADMIN_PRE_2025,VNAP25-A46DC5000E,VN_ADMIN_2025,VNA25-73417B046C,MERGED_INTO
VN_ADMIN_PRE_2025,VNAP25-290C1B517F,VN_ADMIN_2025,VNA25-E9A68D97CB,MERGED_INTO
VN_ADMIN_PRE_2025,VNAP25-80E91692BB,VN_ADMIN_2025,VNA25-E9A68D97CB,MERGED_INTO
VN_ADMIN_PRE_2025,VNAP25-A33E6B18E5,VN_ADMIN_2025,VNA25-73417B046C,MERGED_INTO
VN_ADMIN_PRE_2025,VNAP25-A10914C27D,VN_ADMIN_2025,VNA25-FF80D560DD,MERGED_INTO
VN_ADMIN_PRE_2025,VNAP25-9C06F16F66,VN_ADMIN_2025,VNA25-73417B046C,MERGED_INTO
VN_ADMIN_PRE_2025,VNAP25-4E53481724,VN_ADMIN_2025,VNA25-73417B046C,MERGED_INTO
VN_ADMIN_PRE_2025,VNAP25-4BF82672D7,VN_ADMIN_2025,VNA25-521551CB69,MERGED_INTO
VN_ADMIN_PRE_2025,VNAP25-E000B2C84C,VN_ADMIN_2025,VNA25-521551CB69,MERGED_INTO
VN_ADMIN_PRE_2025,VNAP25-438A24F12A,VN_ADMIN_2025,VNA25-FF80D560DD,MERGED_INTO
VN_ADMIN_PRE_2025,VNAP25-BEA571090F,VN_ADMIN_2025,VNA25-09DC865070,MERGED_INTO
VN_ADMIN_PRE_2025,VNAP25-9943B024E1,VN_ADMIN_2025,VNA25-73417B046C,MERGED_INTO
VN_ADMIN_PRE_2025,VNAP25-5A774ED0DE,VN_ADMIN_2025,VNA25-521551CB69,MERGED_INTO
VN_ADMIN_PRE_2025,VNAP25-541185070F,VN_ADMIN_2025,VNA25-F8B9A6D040,MERGED_INTO
VN_ADMIN_PRE_2025,VNAP25-19DBE90422,VN_ADMIN_2025,VNA25-F8B9A6D040,MERGED_INTO
VN_ADMIN_PRE_2025,VNAP25-6DDA28C1EC,VN_ADMIN_2025,VNA25-AB66CC0E68,MERGED_INTO
VN_ADMIN_PRE_2025,VNAP25-5A540E792A,VN_ADMIN_2025,VNA25-634B71840B,MERGED_INTO
VN_ADMIN_PRE_2025,VNAP25-F4C1186C62,VN_ADMIN_2025,VNA25-AB66CC0E68,MERGED_INTO
VN_ADMIN_PRE_2025,VNAP25-4E8EB0E8A2,VN_ADMIN_2025,VNA25-AB66CC0E68,MERGED_INTO
VN_ADMIN_PRE_2025,VNAP25-2CA7C771EB,VN_ADMIN_2025,VNA25-F8B9A6D040,MERGED_INTO
VN_ADMIN_PRE_2025,VNAP25-F83CCE92A3,VN_ADMIN_2025,VNA25-0A90141FD5,MERGED_INTO
VN_ADMIN_PRE_2025,VNAP25-02D5289561,VN_ADMIN_2025,VNA25-0A90141FD5,MERGED_INTO
VN_ADMIN_PRE_2025,VNAP25-C3BE699EAB,VN_ADMIN_2025,VNA25-0A90141FD5,MERGED_INTO
VN_ADMIN_PRE_2025,VNAP25-CA7CB8E076,VN_ADMIN_2025,VNA25-634B71840B,MERGED_INTO
VN_ADMIN_PRE_2025,VNAP25-59E01EC26D,VN_ADMIN_2025,VNA25-634B71840B,MERGED_INTO
VN_ADMIN_PRE_2025,VNAP25-7A26EFB972,VN_ADMIN_2025,VNA25-634B71840B,MERGED_INTO
VN_ADMIN_PRE_2025,VNAP25-939B2932F0,VN_ADMIN_2025,VNA25-AB66CC0E68,MERGED_INTO
VN_ADMIN_PRE_2025,VNAP25-3702420880,VN_ADMIN_2025,VNA25-0A90141FD5,MERGED_INTO
VN_ADMIN_PRE_2025,VNAP25-CB53D363FD,VN_ADMIN_2025,VNA25-0A90141FD5,MERGED_INTO
VN_ADMIN_PRE_2025,VNAP25-A76995F214,VN_ADMIN_2025,VNA25-C76B6E8ABD,MERGED_INTO
VN_ADMIN_PRE_2025,VNAP25-E319E27143,VN_ADMIN_2025,VNA25-7CD1F8A94C,MERGED_INTO
VN_ADMIN_PRE_2025,VNAP25-515B2AE7FE,VN_ADMIN_2025,VNA25-7CD1F8A94C,MERGED_INTO
VN_ADMIN_PRE_2025,VNAP25-9F3174A7EE,VN_ADMIN_2025,VNA25-B6323AC9C4,MERGED_INTO
VN_ADMIN_PRE_2025,VNAP25-D78D4F4B9A,VN_ADMIN_2025,VNA25-4BE8E3C020,MERGED_INTO
VN_ADMIN_PRE_2025,VNAP25-E4F04FFD3B,VN_ADMIN_2025,VNA25-4BE8E3C020,MERGED_INTO
VN_ADMIN_PRE_2025,VNAP25-F0CF12FBCD,VN_ADMIN_2025,VNA25-B6323AC9C4,MERGED_INTO
VN_ADMIN_PRE_2025,VNAP25-B678058D28,VN_ADMIN_2025,VNA25-718E35D1C0,SAME_AS
VN_ADMIN_PRE_2025,VNAP25-67584B168B,VN_ADMIN_2025,VNA25-7CD1F8A94C,MERGED_INTO
VN_ADMIN_PRE_2025,VNAP25-8C4B750A55,VN_ADMIN_2025,VNA25-7CD1F8A94C,MERGED_INTO
VN_ADMIN_PRE_2025,VNAP25-7CEBDC058F,VN_ADMIN_2025,VNA25-7CD1F8A94C,MERGED_INTO
VN_ADMIN_PRE_2025,VNAP25-2A10E5C757,VN_ADMIN_2025,VNA25-9D6466AC2B,MERGED_INTO
VN_ADMIN_PRE_2025,VNAP25-1552E51BBF,VN_ADMIN_2025,VNA25-B6323AC9C4,MERGED_INTO
VN_ADMIN_PRE_2025,VNAP25-3BA63A5CDA,VN_ADMIN_2025,VNA25-C76B6E8ABD,MERGED_INTO
VN_ADMIN_PRE_2025,VNAP25-0FF04B2A81,VN_ADMIN_2025,VNA25-9D6466AC2B,MERGED_INTO
VN_ADMIN_PRE_2025,VNAP25-B7AA33B286,VN_ADMIN_2025,VNA25-BE2511F6EE,MERGED_INTO
VN_ADMIN_PRE_2025,VNAP25-551F5F6E33,VN_ADMIN_2025,VNA25-3D8EE57E81,MERGED_INTO
VN_ADMIN_PRE_2025,VNAP25-9F6AAACD07,VN_ADMIN_2025,VNA25-DB5B5AFB29,MERGED_INTO
VN_ADMIN_PRE_2025,VNAP25-BB3120525C,VN_ADMIN_2025,VNA25-3D8EE57E81,MERGED_INTO
VN_ADMIN_PRE_2025,VNAP25-3A87BE6B0C,VN_ADMIN_2025,VNA25-BE2511F6EE,MERGED_INTO
VN_ADMIN_PRE_2025,VNAP25-BC23219998,VN_ADMIN_2025,VNA25-3D8EE57E81,MERGED_INTO
VN_ADMIN_PRE_2025,VNAP25-80525BB256,VN_ADMIN_2025,VNA25-3D8EE57E81,MERGED_INTO
VN_ADMIN_PRE_2025,VNAP25-A3092B3B34,VN_ADMIN_2025,VNA25-3D8EE57E81,MERGED_INTO
VN_ADMIN_PRE_2025,VNAP25-D7C9AA3615,VN_ADMIN_2025,VNA25-BE2511F6EE,MERGED_INTO
VN_ADMIN_PRE_2025,VNAP25-7DB735695C,VN_ADMIN_2025,VNA25-BE2511F6EE,MERGED_INTO
VN_ADMIN_PRE_2025,VNAP25-465CBAB730,VN_ADMIN_2025,VNA25-A36DFED57D,MERGED_INTO
VN_ADMIN_PRE_2025,VNAP25-F6F75582D8,VN_ADMIN_2025,VNA25-F75EC2C6B2,MERGED_INTO
VN_ADMIN_PRE_2025,VNAP25-66ECA6E0A8,VN_ADMIN_2025,VNA25-0A53588D52,MERGED_INTO
VN_ADMIN_PRE_2025,VNAP25-6C3A2EB2EC,VN_ADMIN_2025,VNA25-D21A54E325,MERGED_INTO
VN_ADMIN_PRE_2025,VNAP25-A38F47CD62,VN_ADMIN_2025,VNA25-D21A54E325,MERGED_INTO
VN_ADMIN_PRE_2025,VNAP25-250216FD76,VN_ADMIN_2025,VNA25-C121AF1D01,MERGED_INTO
VN_ADMIN_PRE_2025,VNAP25-25543DA5EF,VN_ADMIN_2025,VNA25-D21A54E325,MERGED_INTO
VN_ADMIN_PRE_2025,VNAP25-AFC72BB166,VN_ADMIN_2025,VNA25-C121AF1D01,MERGED_INTO
VN_ADMIN_PRE_2025,VNAP25-D540A916E2,VN_ADMIN_2025,VNA25-D21A54E325,MERGED_INTO
VN_ADMIN_PRE_2025,VNAP25-436FEB8721,VN_ADMIN_2025,VNA25-C121AF1D01,MERGED_INTO
VN_ADMIN_PRE_2025,VNAP25-DDAE631684,VN_ADMIN_2025,VNA25-AA12B50603,MERGED_INTO
VN_ADMIN_PRE_2025,VNAP25-1CD8BB8FDE,VN_ADMIN_2025,VNA25-F75EC2C6B2,MERGED_INTO
VN_ADMIN_PRE_2025,VNAP25-3DB350B875,VN_ADMIN_2025,VNA25-9B16CE48B4,MERGED_INTO
VN_ADMIN_PRE_2025,VNAP25-23CCE43061,VN_ADMIN_2025,VNA25-9B16CE48B4,MERGED_INTO
VN_ADMIN_PRE_2025,VNAP25-3FDC2E90EC,VN_ADMIN_2025,VNA25-A36DFED57D,MERGED_INTO
VN_ADMIN_PRE_2025,VNAP25-4DEE2E7DC6,VN_ADMIN_2025,VNA25-AA12B50603,MERGED_INTO
VN_ADMIN_PRE_2025,VNAP25-53CBD1C27D,VN_ADMIN_2025,VNA25-0FF0031EB1,SAME_AS
VN_ADMIN_PRE_2025,VNAP25-69A7D73CC1,VN_ADMIN_2025,VNA25-D21A54E325,MERGED_INTO
VN_ADMIN_PRE_2025,VNAP25-C60F6ACD4D,VN_ADMIN_2025,VNA25-3A8DE527AA,MERGED_INTO
VN_ADMIN_PRE_2025,VNAP25-9735553EAB,VN_ADMIN_2025,VNA25-3A8DE527AA,MERGED_INTO
VN_ADMIN_PRE_2025,VNAP25-6FA961B09C,VN_ADMIN_2025,VNA25-0A53588D52,MERGED_INTO
VN_ADMIN_PRE_2025,VNAP25-D101D62B70,VN_ADMIN_2025,VNA25-9B16CE48B4,MERGED_INTO
VN_ADMIN_PRE_2025,VNAP25-4DB67B1C22,VN_ADMIN_2025,VNA25-7F9349850F,MERGED_INTO
VN_ADMIN_PRE_2025,VNAP25-5C5336081F,VN_ADMIN_2025,VNA25-7F9349850F,MERGED_INTO
VN_ADMIN_PRE_2025,VNAP25-CC0E5BCA06,VN_ADMIN_2025,VNA25-350443BAE7,MERGED_INTO
VN_ADMIN_PRE_2025,VNAP25-87B9391B16,VN_ADMIN_2025,VNA25-BDD57DF881,MERGED_INTO
VN_ADMIN_PRE_2025,VNAP25-8B271F0985,VN_ADMIN_2025,VNA25-F15C3E2C88,MERGED_INTO
VN_ADMIN_PRE_2025,VNAP25-9A39966746,VN_ADMIN_2025,VNA25-3D9F1BD49B,MERGED_INTO
VN_ADMIN_PRE_2025,VNAP25-56FABB99E7,VN_ADMIN_2025,VNA25-BDD57DF881,MERGED_INTO
VN_ADMIN_PRE_2025,VNAP25-508E88A40C,VN_ADMIN_2025,VNA25-350443BAE7,MERGED_INTO
VN_ADMIN_PRE_2025,VNAP25-54F2BAB163,VN_ADMIN_2025,VNA25-BDD57DF881,MERGED_INTO
VN_ADMIN_PRE_2025,VNAP25-1A36F6F6AA,VN_ADMIN_2025,VNA25-3D9F1BD49B,MERGED_INTO
VN_ADMIN_PRE_2025,VNAP25-56E4528E5B,VN_ADMIN_2025,VNA25-350443BAE7,MERGED_INTO
VN_ADMIN_PRE_2025,VNAP25-7C05EC0E78,VN_ADMIN_2025,VNA25-F15C3E2C88,MERGED_INTO
VN_ADMIN_PRE_2025,VNAP25-C86FAEC1A4,VN_ADMIN_2025,VNA25-F15C3E2C88,MERGED_INTO
VN_ADMIN_PRE_2025,VNAP25-DA9408E820,VN_ADMIN_2025,VNA25-7F9349850F,MERGED_INTO
VN_ADMIN_PRE_2025,VNAP25-9BBDBE4BD1,VN_ADMIN_2025,VNA25-F1D07D301B,MERGED_INTO
VN_ADMIN_PRE_2025,VNAP25-3BB3421D7A,VN_ADMIN_2025,VNA25-E9C1818190,MERGED_INTO
VN_ADMIN_PRE_2025,VNAP25-38E35FF635,VN_ADMIN_2025,VNA25-E9C1818190,MERGED_INTO
VN_ADMIN_PRE_2025,VNAP25-B8B4043A0B,VN_ADMIN_2025,VNA25-9E8A31C03B,MERGED_INTO
VN_ADMIN_PRE_2025,VNAP25-0B982D31F9,VN_ADMIN_2025,VNA25-3EE7F9FA20,MERGED_INTO
VN_ADMIN_PRE_2025,VNAP25-7A6A981977,VN_ADMIN_2025,VNA25-3EE7F9FA20,MERGED_INTO
VN_ADMIN_PRE_2025,VNAP25-63D82AABB4,VN_ADMIN_2025,VNA25-9E8A31C03B,MERGED_INTO
VN_ADMIN_PRE_2025,VNAP25-1BF20502C1,VN_ADMIN_2025,VNA25-521A2689A6,MERGED_INTO
VN_ADMIN_PRE_2025,VNAP25-3C99F959FA,VN_ADMIN_2025,VNA25-9E8A31C03B,MERGED_INTO
VN_ADMIN_PRE_2025,VNAP25-1391DDF10D,VN_ADMIN_2025,VNA25-521A2689A6,MERGED_INTO
VN_ADMIN_PRE_2025,VNAP25-19065860BA,VN_ADMIN_2025,VNA25-CB98BE9A01,MERGED_INTO
VN_ADMIN_PRE_2025,VNAP25-941F7A52BC,VN_ADMIN_2025,VNA25-F1D07D301B,MERGED_INTO
VN_ADMIN_PRE_2025,VNAP25-236881CD9A,VN_ADMIN_2025,VNA25-E9C1818190,MERGED_INTO
VN_ADMIN_PRE_2025,VNAP25-146CE3DEA3,VN_ADMIN_2025,VNA25-F1D07D301B,MERGED_INTO
VN_ADMIN_PRE_2025,VNAP25-314036B3F0,VN_ADMIN_2025,VNA25-F1D07D301B,MERGED_INTO
VN_ADMIN_PRE_2025,VNAP25-468D6B7EA5,VN_ADMIN_2025,VNA25-CB98BE9A01,MERGED_INTO
VN_ADMIN_PRE_2025,VNAP25-491BF6F510,VN_ADMIN_2025,VNA25-521A2689A6,MERGED_INTO
VN_ADMIN_PRE_2025,VNAP25-6A9667E1AD,VN_ADMIN_2025,VNA25-37A4A349FB,MERGED_INTO
VN_ADMIN_PRE_2025,VNAP25-0944230D4A,VN_ADMIN_2025,VNA25-D63AEC39AF,MERGED_INTO
VN_ADMIN_PRE_2025,VNAP25-BD565933C8,VN_ADMIN_2025,VNA25-2BE0BA1137,MERGED_INTO
VN_ADMIN_PRE_2025,VNAP25-667ACD23E4,VN_ADMIN_2025,VNA25-37A4A349FB,MERGED_INTO
VN_ADMIN_PRE_2025,VNAP25-05D56378CB,VN_ADMIN_2025,VNA25-2BE0BA1137,MERGED_INTO
VN_ADMIN_PRE_2025,VNAP25-391C6D1428,VN_ADMIN_2025,VNA25-915A0FA445,MERGED_INTO
VN_ADMIN_PRE_2025,VNAP25-2C043AB5BF,VN_ADMIN_2025,VNA25-4E114174FC,MERGED_INTO
VN_ADMIN_PRE_2025,VNAP25-A6CF4F1768,VN_ADMIN_2025,VNA25-915A0FA445,MERGED_INTO
VN_ADMIN_PRE_2025,VNAP25-B5DC934C2E,VN_ADMIN_2025,VNA25-37A4A349FB,MERGED_INTO
VN_ADMIN_PRE_2025,VNAP25-34BF48FC81,VN_ADMIN_2025,VNA25-4E114174FC,MERGED_INTO
VN_ADMIN_PRE_2025,VNAP25-F34AF2A910,VN_ADMIN_2025,VNA25-915A0FA445,MERGED_INTO
VN_ADMIN_PRE_2025,VNAP25-83131DE00F,VN_ADMIN_2025,VNA25-D63AEC39AF,MERGED_INTO
VN_ADMIN_PRE_2025,VNAP25-B2E46CE8F9,VN_ADMIN_2025,VNA25-2BE0BA1137,MERGED_INTO
VN_ADMIN_PRE_2025,VNAP25-E7AFDBF9E2,VN_ADMIN_2025,VNA25-D63AEC39AF,MERGED_INTO
VN_ADMIN_PRE_2025,VNAP25-628E0E0322,VN_ADMIN_2025,VNA25-4E114174FC,MERGED_INTO
VN_ADMIN_PRE_2025,VNAP25-6CEA3AD0E0,VN_ADMIN_2025,VNA25-0B21E2BF18,MERGED_INTO
VN_ADMIN_PRE_2025,VNAP25-2E6F40B38E,VN_ADMIN_2025,VNA25-1B9505B3B4,MERGED_INTO
VN_ADMIN_PRE_2025,VNAP25-E877FE34BA,VN_ADMIN_2025,VNA25-0B21E2BF18,MERGED_INTO
VN_ADMIN_PRE_2025,VNAP25-FC728E9491,VN_ADMIN_2025,VNA25-B80D7ADC78,MERGED_INTO
VN_ADMIN_PRE_2025,VNAP25-679892378E,VN_ADMIN_2025,VNA25-1B9505B3B4,MERGED_INTO
VN_ADMIN_PRE_2025,VNAP25-5E492C20F2,VN_ADMIN_2025,VNA25-0B21E2BF18,MERGED_INTO
VN_ADMIN_PRE_2025,VNAP25-54EF1162A6,VN_ADMIN_2025,VNA25-B80D7ADC78,MERGED_INTO
VN_ADMIN_PRE_2025,VNAP25-3BFCC5C16D,VN_ADMIN_2025,VNA25-B80D7ADC78,MERGED_INTO
VN_ADMIN_PRE_2025,VNAP25-19BACE4C48,VN_ADMIN_2025,VNA25-B80D7ADC78,MERGED_INTO
VN_ADMIN_PRE_2025,VNAP25-9E8CD7A2BD,VN_ADMIN_2025,VNA25-35DEB18ADB,MERGED_INTO
VN_ADMIN_PRE_2025,VNAP25-58DB647FC6,VN_ADMIN_2025,VNA25-35DEB18ADB,MERGED_INTO
VN_ADMIN_PRE_2025,VNAP25-D02EE4086C,VN_ADMIN_2025,VNA25-35DEB18ADB,MERGED_INTO
VN_ADMIN_PRE_2025,VNAP25-6411B66CEE,VN_ADMIN_2025,VNA25-1B9505B3B4,MERGED_INTO
VN_ADMIN_PRE_2025,VNAP25-9498AAF95A,VN_ADMIN_2025,VNA25-7641CAB570,MERGED_INTO
VN_ADMIN_PRE_2025,VNAP25-700B05CACA,VN_ADMIN_2025,VNA25-7641CAB570,MERGED_INTO
VN_ADMIN_PRE_2025,VNAP25-51C637F622,VN_ADMIN_2025,VNA25-E1BADB766E,MERGED_INTO
VN_ADMIN_PRE_2025,VNAP25-03240E8497,VN_ADMIN_2025,VNA25-DE21684D5C,MERGED_INTO
VN_ADMIN_PRE_2025,VNAP25-2E13645D83,VN_ADMIN_2025,VNA25-E1BADB766E,MERGED_INTO
VN_ADMIN_PRE_2025,VNAP25-667EB4FEB6,VN_ADMIN_2025,VNA25-DE21684D5C,MERGED_INTO
VN_ADMIN_PRE_2025,VNAP25-2AA0C1FFDD,VN_ADMIN_2025,VNA25-6961E0344E,MERGED_INTO
VN_ADMIN_PRE_2025,VNAP25-FB81EC07DC,VN_ADMIN_2025,VNA25-0B8FF1B258,MERGED_INTO
VN_ADMIN_PRE_2025,VNAP25-6C5FDDDD08,VN_ADMIN_2025,VNA25-0B8FF1B258,MERGED_INTO
VN_ADMIN_PRE_2025,VNAP25-5B9D1A3A04,VN_ADMIN_2025,VNA25-3D384FD00E,MERGED_INTO
VN_ADMIN_PRE_2025,VNAP25-5FBC192588,VN_ADMIN_2025,VNA25-3D384FD00E,MERGED_INTO
VN_ADMIN_PRE_2025,VNAP25-73A33D4330,VN_ADMIN_2025,VNA25-436527577E,MERGED_INTO
VN_ADMIN_PRE_2025,VNAP25-61E6F24358,VN_ADMIN_2025,VNA25-436527577E,MERGED_INTO
VN_ADMIN_PRE_2025,VNAP25-5383E43A3E,VN_ADMIN_2025,VNA25-436527577E,MERGED_INTO
VN_ADMIN_PRE_2025,VNAP25-CD02F71172,VN_ADMIN_2025,VNA25-E1BADB766E,MERGED_INTO
VN_ADMIN_PRE_2025,VNAP25-ABBE2397CB,VN_ADMIN_2025,VNA25-7641CAB570,MERGED_INTO
VN_ADMIN_PRE_2025,VNAP25-03404FF392,VN_ADMIN_2025,VNA25-6961E0344E,MERGED_INTO
VN_ADMIN_PRE_2025,VNAP25-2A5A86353C,VN_ADMIN_2025,VNA25-DE21684D5C,MERGED_INTO
VN_ADMIN_PRE_2025,VNAP25-F2EB84039E,VN_ADMIN_2025,VNA25-0B8FF1B258,MERGED_INTO
VN_ADMIN_PRE_2025,VNAP25-07D184E466,VN_ADMIN_2025,VNA25-3D384FD00E,MERGED_INTO
VN_ADMIN_PRE_2025,VNAP25-4339DE765A,VN_ADMIN_2025,VNA25-34D1C469DD,MERGED_INTO
VN_ADMIN_PRE_2025,VNAP25-F796AD1DD3,VN_ADMIN_2025,VNA25-ABD9C54533,MERGED_INTO
VN_ADMIN_PRE_2025,VNAP25-AD9FE237B1,VN_ADMIN_2025,VNA25-34D1C469DD,MERGED_INTO
VN_ADMIN_PRE_2025,VNAP25-851C2D7D02,VN_ADMIN_2025,VNA25-34D1C469DD,MERGED_INTO
VN_ADMIN_PRE_2025,VNAP25-3F0E14A3AD,VN_ADMIN_2025,VNA25-D718F43D19,MERGED_INTO
VN_ADMIN_PRE_2025,VNAP25-64B86670E7,VN_ADMIN_2025,VNA25-D718F43D19,MERGED_INTO
VN_ADMIN_PRE_2025,VNAP25-B3A37B555D,VN_ADMIN_2025,VNA25-4B2DFC1348,MERGED_INTO
VN_ADMIN_PRE_2025,VNAP25-A17D6F6E94,VN_ADMIN_2025,VNA25-4B2DFC1348,MERGED_INTO
VN_ADMIN_PRE_2025,VNAP25-90AF1D9A1E,VN_ADMIN_2025,VNA25-4B2DFC1348,MERGED_INTO
VN_ADMIN_PRE_2025,VNAP25-58E59C5EC1,VN_ADMIN_2025,VNA25-D718F43D19,MERGED_INTO
VN_ADMIN_PRE_2025,VNAP25-C3F71D4036,VN_ADMIN_2025,VNA25-D718F43D19,MERGED_INTO
VN_ADMIN_PRE_2025,VNAP25-C7050B95FC,VN_ADMIN_2025,VNA25-F7BAD309BB,MERGED_INTO
VN_ADMIN_PRE_2025,VNAP25-D62853C0D6,VN_ADMIN_2025,VNA25-F7BAD309BB,MERGED_INTO
VN_ADMIN_PRE_2025,VNAP25-DB2FF53B45,VN_ADMIN_2025,VNA25-F7BAD309BB,MERGED_INTO
VN_ADMIN_PRE_2025,VNAP25-2C457D782E,VN_ADMIN_2025,VNA25-E024C2B7D9,MERGED_INTO
VN_ADMIN_PRE_2025,VNAP25-DC54EEDC90,VN_ADMIN_2025,VNA25-E024C2B7D9,MERGED_INTO
VN_ADMIN_PRE_2025,VNAP25-A9203622E9,VN_ADMIN_2025,VNA25-DAE9EE509C,MERGED_INTO
VN_ADMIN_PRE_2025,VNAP25-6DF9BA9AFF,VN_ADMIN_2025,VNA25-E024C2B7D9,MERGED_INTO
VN_ADMIN_PRE_2025,VNAP25-9587CC030B,VN_ADMIN_2025,VNA25-DAE9EE509C,MERGED_INTO
VN_ADMIN_PRE_2025,VNAP25-FA563A052E,VN_ADMIN_2025,VNA25-AD02C2B4B4,MERGED_INTO
VN_ADMIN_PRE_2025,VNAP25-D5C9EFFCC3,VN_ADMIN_2025,VNA25-E024C2B7D9,MERGED_INTO
VN_ADMIN_PRE_2025,VNAP25-ECC256C0C0,VN_ADMIN_2025,VNA25-AD02C2B4B4,MERGED_INTO
VN_ADMIN_PRE_2025,VNAP25-BA2AC12A0D,VN_ADMIN_2025,VNA25-69CB0C15E0,MERGED_INTO
VN_ADMIN_PRE_2025,VNAP25-03649CD46D,VN_ADMIN_2025,VNA25-AD02C2B4B4,MERGED_INTO
VN_ADMIN_PRE_2025,VNAP25-A26C4A7C29,VN_ADMIN_2025,VNA25-69CB0C15E0,MERGED_INTO
VN_ADMIN_PRE_2025,VNAP25-6D3A5E4F05,VN_ADMIN_2025,VNA25-69CB0C15E0,MERGED_INTO
VN_ADMIN_PRE_2025,VNAP25-64EC51D523,VN_ADMIN_2025,VNA25-F208E1258C,MERGED_INTO
VN_ADMIN_PRE_2025,VNAP25-F9971B64F5,VN_ADMIN_2025,VNA25-F208E1258C,MERGED_INTO
VN_ADMIN_PRE_2025,VNAP25-221CDEA2F7,VN_ADMIN_2025,VNA25-F208E1258C,MERGED_INTO
VN_ADMIN_PRE_2025,VNAP25-FE1A406D68,VN_ADMIN_2025,VNA25-F208E1258C,MERGED_INTO
VN_ADMIN_PRE_2025,VNAP25-2223B8C428,VN_ADMIN_2025,VNA25-F208E1258C,MERGED_INTO
VN_ADMIN_PRE_2025,VNAP25-1AB94F43B4,VN_ADMIN_2025,VNA25-4818BC8D73,MERGED_INTO
VN_ADMIN_PRE_2025,VNAP25-F1693B96B4,VN_ADMIN_2025,VNA25-4818BC8D73,MERGED_INTO
VN_ADMIN_PRE_2025,VNAP25-A81A6376F0,VN_ADMIN_2025,VNA25-4818BC8D73,MERGED_INTO
VN_ADMIN_PRE_2025,VNAP25-2DCC3D52F5,VN_ADMIN_2025,VNA25-F208E1258C,MERGED_INTO
VN_ADMIN_PRE_2025,VNAP25-001032AAE4,VN_ADMIN_2025,VNA25-79E93490EC,MERGED_INTO
VN_ADMIN_PRE_2025,VNAP25-1ACE043424,VN_ADMIN_2025,VNA25-79E93490EC,MERGED_INTO
VN_ADMIN_PRE_2025,VNAP25-428AF81449,VN_ADMIN_2025,VNA25-4818BC8D73,MERGED_INTO
VN_ADMIN_PRE_2025,VNAP25-07CF4C1C82,VN_ADMIN_2025,VNA25-79E93490EC,MERGED_INTO
VN_ADMIN_PRE_2025,VNAP25-91E9B59737,VN_ADMIN_2025,VNA25-0DAEF50F8E,MERGED_INTO
VN_ADMIN_PRE_2025,VNAP25-A50A5D5F10,VN_ADMIN_2025,VNA25-0DAEF50F8E,MERGED_INTO
VN_ADMIN_PRE_2025,VNAP25-58C51CACD1,VN_ADMIN_2025,VNA25-0DAEF50F8E,MERGED_INTO
VN_ADMIN_PRE_2025,VNAP25-4A525173D7,VN_ADMIN_2025,VNA25-A6DF49DBDA,MERGED_INTO
VN_ADMIN_PRE_2025,VNAP25-2C645AB0CA,VN_ADMIN_2025,VNA25-C590B2F98B,MERGED_INTO
VN_ADMIN_PRE_2025,VNAP25-7282408A8D,VN_ADMIN_2025,VNA25-A6DF49DBDA,MERGED_INTO
VN_ADMIN_PRE_2025,VNAP25-2EB2F4A855,VN_ADMIN_2025,VNA25-61E3F15BBA,MERGED_INTO
VN_ADMIN_PRE_2025,VNAP25-43C6EB3089,VN_ADMIN_2025,VNA25-61E3F15BBA,MERGED_INTO
VN_ADMIN_PRE_2025,VNAP25-EDDC411DB4,VN_ADMIN_2025,VNA25-A6DF49DBDA,MERGED_INTO
VN_ADMIN_PRE_2025,VNAP25-867B6A6DD4,VN_ADMIN_2025,VNA25-61E3F15BBA,MERGED_INTO
VN_ADMIN_PRE_2025,VNAP25-5D536BDA5C,VN_ADMIN_2025,VNA25-C590B2F98B,MERGED_INTO
VN_ADMIN_PRE_2025,VNAP25-17C0A31CF2,VN_ADMIN_2025,VNA25-C590B2F98B,MERGED_INTO
VN_ADMIN_PRE_2025,VNAP25-AFC458FD5D,VN_ADMIN_2025,VNA25-050B20C1E0,SPLIT_INTO
VN_ADMIN_PRE_2025,VNAP25-AFC458FD5D,VN_ADMIN_2025,VNA25-DAE9EE509C,SPLIT_INTO
VN_ADMIN_PRE_2025,VNAP25-DCC0CD775D,VN_ADMIN_2025,VNA25-050B20C1E0,MERGED_INTO
VN_ADMIN_PRE_2025,VNAP25-1688D22CF4,VN_ADMIN_2025,VNA25-050B20C1E0,MERGED_INTO
VN_ADMIN_PRE_2025,VNAP25-857F3D77B5,VN_ADMIN_2025,VNA25-B3B528C093,MERGED_INTO
VN_ADMIN_PRE_2025,VNAP25-F3AB7DE945,VN_ADMIN_2025,VNA25-19F9D81F08,MERGED_INTO
VN_ADMIN_PRE_2025,VNAP25-5960EBF576,VN_ADMIN_2025,VNA25-19F9D81F08,MERGED_INTO
VN_ADMIN_PRE_2025,VNAP25-651CF81191,VN_ADMIN_2025,VNA25-AB30944AAC,MERGED_INTO
VN_ADMIN_PRE_2025,VNAP25-BA16AF53AB,VN_ADMIN_2025,VNA25-B3B528C093,MERGED_INTO
VN_ADMIN_PRE_2025,VNAP25-59DA6E1742,VN_ADMIN_2025,VNA25-B3B528C093,MERGED_INTO
VN_ADMIN_PRE_2025,VNAP25-E71F774372,VN_ADMIN_2025,VNA25-19F9D81F08,MERGED_INTO
VN_ADMIN_PRE_2025,VNAP25-19568F3494,VN_ADMIN_2025,VNA25-AB30944AAC,MERGED_INTO
VN_ADMIN_PRE_2025,VNAP25-D91307C148,VN_ADMIN_2025,VNA25-AB30944AAC,MERGED_INTO
VN_ADMIN_PRE_2025,VNAP25-8BA2C9EA3F,VN_ADMIN_2025,VNA25-B3B528C093,MERGED_INTO
VN_ADMIN_PRE_2025,VNAP25-2EEB44EA65,VN_ADMIN_2025,VNA25-F4D54D83F3,MERGED_INTO
VN_ADMIN_PRE_2025,VNAP25-72645B4419,VN_ADMIN_2025,VNA25-F4D54D83F3,MERGED_INTO
VN_ADMIN_PRE_2025,VNAP25-E4675FC041,VN_ADMIN_2025,VNA25-F4D54D83F3,MERGED_INTO
VN_ADMIN_PRE_2025,VNAP25-430F8D832F,VN_ADMIN_2025,VNA25-D838A1223A,MERGED_INTO
VN_ADMIN_PRE_2025,VNAP25-0534243DE7,VN_ADMIN_2025,VNA25-41D2C7387D,MERGED_INTO
VN_ADMIN_PRE_2025,VNAP25-CC6D70D15E,VN_ADMIN_2025,VNA25-D838A1223A,MERGED_INTO
VN_ADMIN_PRE_2025,VNAP25-5A391CBCEA,VN_ADMIN_2025,VNA25-41D2C7387D,MERGED_INTO
VN_ADMIN_PRE_2025,VNAP25-9E621CFA14,VN_ADMIN_2025,VNA25-41D2C7387D,MERGED_INTO
VN_ADMIN_PRE_2025,VNAP25-2FFA0EA63C,VN_ADMIN_2025,VNA25-D838A1223A,MERGED_INTO
VN_ADMIN_PRE_2025,VNAP25-06C5687A9F,VN_ADMIN_2025,VNA25-F4D54D83F3,MERGED_INTO
VN_ADMIN_PRE_2025,VNAP25-DADC51FD9A,VN_ADMIN_2025,VNA25-8A19152176,MERGED_INTO
VN_ADMIN_PRE_2025,VNAP25-A5738D2AB9,VN_ADMIN_2025,VNA25-ABD9C54533,MERGED_INTO
VN_ADMIN_PRE_2025,VNAP25-5CDE083811,VN_ADMIN_2025,VNA25-8A19152176,MERGED_INTO
VN_ADMIN_PRE_2025,VNAP25-6E83383BA3,VN_ADMIN_2025,VNA25-B6FF766664,MERGED_INTO
VN_ADMIN_PRE_2025,VNAP25-AA92602366,VN_ADMIN_2025,VNA25-B6FF766664,MERGED_INTO
VN_ADMIN_PRE_2025,VNAP25-0817667D03,VN_ADMIN_2025,VNA25-68B69487A4,MERGED_INTO
VN_ADMIN_PRE_2025,VNAP25-6FAF21301A,VN_ADMIN_2025,VNA25-68B69487A4,MERGED_INTO
VN_ADMIN_PRE_2025,VNAP25-B02B5B0B3F,VN_ADMIN_2025,VNA25-ABD9C54533,MERGED_INTO
VN_ADMIN_PRE_2025,VNAP25-56C6169F5F,VN_ADMIN_2025,VNA25-68B69487A4,MERGED_INTO
VN_ADMIN_PRE_2025,VNAP25-88F615013A,VN_ADMIN_2025,VNA25-8A19152176,MERGED_INTO
VN_ADMIN_PRE_2025,VNAP25-D8B7EE7793,VN_ADMIN_2025,VNA25-B6FF766664,MERGED_INTO
VN_ADMIN_PRE_2025,VNAP25-CA71B176BC,VN_ADMIN_2025,VNA25-B69D3CC3A4,MERGED_INTO
VN_ADMIN_PRE_2025,VNAP25-89C0BBF346,VN_ADMIN_2025,VNA25-29BF66BDA1,SPLIT_INTO
VN_ADMIN_PRE_2025,VNAP25-89C0BBF346,VN_ADMIN_2025,VNA25-F208E1258C,SPLIT_INTO
VN_ADMIN_PRE_2025,VNAP25-B41650C6C4,VN_ADMIN_2025,VNA25-16470F3377,MERGED_INTO
VN_ADMIN_PRE_2025,VNAP25-5001410573,VN_ADMIN_2025,VNA25-16470F3377,MERGED_INTO
VN_ADMIN_PRE_2025,VNAP25-699BF2D09D,VN_ADMIN_2025,VNA25-E210AF0D80,MERGED_INTO
VN_ADMIN_PRE_2025,VNAP25-9BA9D869DD,VN_ADMIN_2025,VNA25-B69D3CC3A4,MERGED_INTO
VN_ADMIN_PRE_2025,VNAP25-E842FAEFC7,VN_ADMIN_2025,VNA25-E210AF0D80,MERGED_INTO
VN_ADMIN_PRE_2025,VNAP25-73DA9F79EA,VN_ADMIN_2025,VNA25-B69D3CC3A4,MERGED_INTO
VN_ADMIN_PRE_2025,VNAP25-CAAF231C67,VN_ADMIN_2025,VNA25-29BF66BDA1,SPLIT_INTO
VN_ADMIN_PRE_2025,VNAP25-CAAF231C67,VN_ADMIN_2025,VNA25-41D2C7387D,SPLIT_INTO
VN_ADMIN_PRE_2025,VNAP25-03BBA2D40C,VN_ADMIN_2025,VNA25-16470F3377,MERGED_INTO
VN_ADMIN_PRE_2025,VNAP25-688611E37B,VN_ADMIN_2025,VNA25-29BF66BDA1,SPLIT_INTO
VN_ADMIN_PRE_2025,VNAP25-688611E37B,VN_ADMIN_2025,VNA25-B69D3CC3A4,SPLIT_INTO
VN_ADMIN_PRE_2025,VNAP25-14C6254A1F,VN_ADMIN_2025,VNA25-29BF66BDA1,MERGED_INTO
VN_ADMIN_PRE_2025,VNAP25-C1CF7FECF1,VN_ADMIN_2025,VNA25-BE00C092AF,MERGED_INTO
VN_ADMIN_PRE_2025,VNAP25-B9689C23D3,VN_ADMIN_2025,VNA25-BE00C092AF,MERGED_INTO
VN_ADMIN_PRE_2025,VNAP25-C4A72FD515,VN_ADMIN_2025,VNA25-9D0231E3FA,SPLIT_INTO
VN_ADMIN_PRE_2025,VNAP25-C4A72FD515,VN_ADMIN_2025,VNA25-E5ACEA9B16,SPLIT_INTO
VN_ADMIN_PRE_2025,VNAP25-5FA96AEB23,VN_ADMIN_2025,VNA25-BE00C092AF,MERGED_INTO
VN_ADMIN_PRE_2025,VNAP25-B331BACCAF,VN_ADMIN_2025,VNA25-9D0231E3FA,MERGED_INTO
VN_ADMIN_PRE_2025,VNAP25-AD2AC696BA,VN_ADMIN_2025,VNA25-9D0231E3FA,MERGED_INTO
VN_ADMIN_PRE_2025,VNAP25-412954B376,VN_ADMIN_2025,VNA25-9D0231E3FA,SPLIT_INTO
VN_ADMIN_PRE_2025,VNAP25-412954B376,VN_ADMIN_2025,VNA25-E5ACEA9B16,SPLIT_INTO
VN_ADMIN_PRE_2025,VNAP25-7CD57561C0,VN_ADMIN_2025,VNA25-E5ACEA9B16,MERGED_INTO
VN_ADMIN_PRE_2025,VNAP25-8809ADEB40,VN_ADMIN_2025,VNA25-9D0231E3FA,SPLIT_INTO
VN_ADMIN_PRE_2025,VNAP25-8809ADEB40,VN_ADMIN_2025,VNA25-E5ACEA9B16,SPLIT_INTO
VN_ADMIN_PRE_2025,VNAP25-1B32208620,VN_ADMIN_2025,VNA25-BE00C092AF,SPLIT_INTO
VN_ADMIN_PRE_2025,VNAP25-1B32208620,VN_ADMIN_2025,VNA25-E5ACEA9B16,SPLIT_INTO
VN_ADMIN_PRE_2025,VNAP25-75953EE006,VN_ADMIN_2025,VNA25-303FA43D78,MERGED_INTO
VN_ADMIN_PRE_2025,VNAP25-DB279DDD0D,VN_ADMIN_2025,VNA25-3FE2643750,MERGED_INTO
VN_ADMIN_PRE_2025,VNAP25-DB31986CB9,VN_ADMIN_2025,VNA25-7A2B2D8BF3,MERGED_INTO
VN_ADMIN_PRE_2025,VNAP25-C3BFBCEDA3,VN_ADMIN_2025,VNA25-D6EFBA3C5D,MERGED_INTO
VN_ADMIN_PRE_2025,VNAP25-F18A8D1CE7,VN_ADMIN_2025,VNA25-09411EBF25,MERGED_INTO
VN_ADMIN_PRE_2025,VNAP25-FFD0D35C41,VN_ADMIN_2025,VNA25-09411EBF25,MERGED_INTO
VN_ADMIN_PRE_2025,VNAP25-65FDA5FDD2,VN_ADMIN_2025,VNA25-A1777ED98B,MERGED_INTO
VN_ADMIN_PRE_2025,VNAP25-A7F00A2209,VN_ADMIN_2025,VNA25-7A2B2D8BF3,MERGED_INTO
VN_ADMIN_PRE_2025,VNAP25-1D946C9C8E,VN_ADMIN_2025,VNA25-D6EFBA3C5D,MERGED_INTO
VN_ADMIN_PRE_2025,VNAP25-5D4CE5EB6E,VN_ADMIN_2025,VNA25-D6EFBA3C5D,MERGED_INTO
VN_ADMIN_PRE_2025,VNAP25-36CBBE0EC2,VN_ADMIN_2025,VNA25-C4D6B4F5BD,MERGED_INTO
VN_ADMIN_PRE_2025,VNAP25-432556BEF6,VN_ADMIN_2025,VNA25-303FA43D78,MERGED_INTO
VN_ADMIN_PRE_2025,VNAP25-570ED0EF89,VN_ADMIN_2025,VNA25-A1777ED98B,MERGED_INTO
VN_ADMIN_PRE_2025,VNAP25-F282A31A5D,VN_ADMIN_2025,VNA25-A1777ED98B,MERGED_INTO
VN_ADMIN_PRE_2025,VNAP25-13F12B8ADC,VN_ADMIN_2025,VNA25-C4D6B4F5BD,MERGED_INTO
VN_ADMIN_PRE_2025,VNAP25-CEE62D7A62,VN_ADMIN_2025,VNA25-3FE2643750,MERGED_INTO
VN_ADMIN_PRE_2025,VNAP25-61C93F5588,VN_ADMIN_2025,VNA25-09411EBF25,MERGED_INTO
VN_ADMIN_PRE_2025,VNAP25-7775841BEA,VN_ADMIN_2025,VNA25-303FA43D78,MERGED_INTO
VN_ADMIN_PRE_2025,VNAP25-0FE892D5DB,VN_ADMIN_2025,VNA25-7A2B2D8BF3,MERGED_INTO
VN_ADMIN_PRE_2025,VNAP25-3099E52DA7,VN_ADMIN_2025,VNA25-C4D6B4F5BD,MERGED_INTO
VN_ADMIN_PRE_2025,VNAP25-32F026798E,VN_ADMIN_2025,VNA25-CA27F3682A,MERGED_INTO
VN_ADMIN_PRE_2025,VNAP25-2A5D17AD8F,VN_ADMIN_2025,VNA25-2FA0858E72,MERGED_INTO
VN_ADMIN_PRE_2025,VNAP25-911E798E95,VN_ADMIN_2025,VNA25-0A24D47EB0,MERGED_INTO
VN_ADMIN_PRE_2025,VNAP25-957E426474,VN_ADMIN_2025,VNA25-88D0C1700C,MERGED_INTO
VN_ADMIN_PRE_2025,VNAP25-EF36265A89,VN_ADMIN_2025,VNA25-72473C951F,MERGED_INTO
VN_ADMIN_PRE_2025,VNAP25-0B972D4904,VN_ADMIN_2025,VNA25-0A24D47EB0,MERGED_INTO
VN_ADMIN_PRE_2025,VNAP25-28B3203E2F,VN_ADMIN_2025,VNA25-2FA0858E72,MERGED_INTO
VN_ADMIN_PRE_2025,VNAP25-EB8BD8E393,VN_ADMIN_2025,VNA25-9CB6C91075,MERGED_INTO
VN_ADMIN_PRE_2025,VNAP25-C8571F4AB1,VN_ADMIN_2025,VNA25-F34EA53B72,MERGED_INTO
VN_ADMIN_PRE_2025,VNAP25-6C318D88DB,VN_ADMIN_2025,VNA25-F34EA53B72,MERGED_INTO
VN_ADMIN_PRE_2025,VNAP25-95FA7A0F56,VN_ADMIN_2025,VNA25-534F6C3E54,MERGED_INTO
VN_ADMIN_PRE_2025,VNAP25-2EE635A281,VN_ADMIN_2025,VNA25-0A24D47EB0,MERGED_INTO
VN_ADMIN_PRE_2025,VNAP25-65E85302B8,VN_ADMIN_2025,VNA25-F34EA53B72,MERGED_INTO
VN_ADMIN_PRE_2025,VNAP25-A0799EF74B,VN_ADMIN_2025,VNA25-88D0C1700C,MERGED_INTO
VN_ADMIN_PRE_2025,VNAP25-9967BB0849,VN_ADMIN_2025,VNA25-2FA0858E72,MERGED_INTO
VN_ADMIN_PRE_2025,VNAP25-5C4B0F0610,VN_ADMIN_2025,VNA25-9CB6C91075,MERGED_INTO
VN_ADMIN_PRE_2025,VNAP25-3C8B6719B7,VN_ADMIN_2025,VNA25-72473C951F,MERGED_INTO
VN_ADMIN_PRE_2025,VNAP25-6C3284165C,VN_ADMIN_2025,VNA25-CA27F3682A,MERGED_INTO
VN_ADMIN_PRE_2025,VNAP25-A515431CD6,VN_ADMIN_2025,VNA25-CA27F3682A,MERGED_INTO
VN_ADMIN_PRE_2025,VNAP25-53EFFC8029,VN_ADMIN_2025,VNA25-72473C951F,MERGED_INTO
VN_ADMIN_PRE_2025,VNAP25-C2B65E1916,VN_ADMIN_2025,VNA25-534F6C3E54,MERGED_INTO
VN_ADMIN_PRE_2025,VNAP25-2E9B808812,VN_ADMIN_2025,VNA25-9CB6C91075,MERGED_INTO
VN_ADMIN_PRE_2025,VNAP25-7F39F046A0,VN_ADMIN_2025,VNA25-88D0C1700C,MERGED_INTO
VN_ADMIN_PRE_2025,VNAP25-0AD1E4CD45,VN_ADMIN_2025,VNA25-534F6C3E54,MERGED_INTO
VN_ADMIN_PRE_2025,VNAP25-D6014B647F,VN_ADMIN_2025,VNA25-26CCD9F6A6,MERGED_INTO
VN_ADMIN_PRE_2025,VNAP25-071AF2D43C,VN_ADMIN_2025,VNA25-26CCD9F6A6,MERGED_INTO
VN_ADMIN_PRE_2025,VNAP25-6E7D6412BC,VN_ADMIN_2025,VNA25-11C8F66CD8,MERGED_INTO
VN_ADMIN_PRE_2025,VNAP25-35038B4372,VN_ADMIN_2025,VNA25-F65C6B25DB,MERGED_INTO
VN_ADMIN_PRE_2025,VNAP25-C8EF712A8C,VN_ADMIN_2025,VNA25-B87E2C89D5,MERGED_INTO
VN_ADMIN_PRE_2025,VNAP25-5C3E564584,VN_ADMIN_2025,VNA25-26CCD9F6A6,MERGED_INTO
VN_ADMIN_PRE_2025,VNAP25-9DFE1EA17A,VN_ADMIN_2025,VNA25-B87E2C89D5,MERGED_INTO
VN_ADMIN_PRE_2025,VNAP25-841D407D44,VN_ADMIN_2025,VNA25-11C8F66CD8,MERGED_INTO
VN_ADMIN_PRE_2025,VNAP25-DA7D6A3B66,VN_ADMIN_2025,VNA25-26CCD9F6A6,MERGED_INTO
VN_ADMIN_PRE_2025,VNAP25-2961C975DB,VN_ADMIN_2025,VNA25-F65C6B25DB,MERGED_INTO
VN_ADMIN_PRE_2025,VNAP25-BE795C65A6,VN_ADMIN_2025,VNA25-B87E2C89D5,MERGED_INTO
VN_ADMIN_PRE_2025,VNAP25-C960996101,VN_ADMIN_2025,VNA25-11C8F66CD8,MERGED_INTO
VN_ADMIN_PRE_2025,VNAP25-CCC7E1A359,VN_ADMIN_2025,VNA25-F65C6B25DB,MERGED_INTO
VN_ADMIN_PRE_2025,VNAP25-9EE2E9B987,VN_ADMIN_2025,VNA25-3E524FE2E8,MERGED_INTO
VN_ADMIN_PRE_2025,VNAP25-6748C24BD8,VN_ADMIN_2025,VNA25-66F7CADD03,MERGED_INTO
VN_ADMIN_PRE_2025,VNAP25-E857CA3769,VN_ADMIN_2025,VNA25-1511045681,MERGED_INTO
VN_ADMIN_PRE_2025,VNAP25-C8BB658242,VN_ADMIN_2025,VNA25-26CCD9F6A6,MERGED_INTO
VN_ADMIN_PRE_2025,VNAP25-5CCFE62296,VN_ADMIN_2025,VNA25-26CCD9F6A6,MERGED_INTO
VN_ADMIN_PRE_2025,VNAP25-3E5615E023,VN_ADMIN_2025,VNA25-26CCD9F6A6,MERGED_INTO
VN_ADMIN_PRE_2025,VNAP25-E050489C20,VN_ADMIN_2025,VNA25-7EFD46D55D,MERGED_INTO
VN_ADMIN_PRE_2025,VNAP25-F526B593AB,VN_ADMIN_2025,VNA25-26CCD9F6A6,MERGED_INTO
VN_ADMIN_PRE_2025,VNAP25-EAA66BCB36,VN_ADMIN_2025,VNA25-87C66BAC13,MERGED_INTO
VN_ADMIN_PRE_2025,VNAP25-46058C88BF,VN_ADMIN_2025,VNA25-8FF0026E61,MERGED_INTO
VN_ADMIN_PRE_2025,VNAP25-421E25DE37,VN_ADMIN_2025,VNA25-1511045681,MERGED_INTO
VN_ADMIN_PRE_2025,VNAP25-5002E8D068,VN_ADMIN_2025,VNA25-14E7FFE6BC,MERGED_INTO
VN_ADMIN_PRE_2025,VNAP25-572CE137C0,VN_ADMIN_2025,VNA25-66F7CADD03,MERGED_INTO
VN_ADMIN_PRE_2025,VNAP25-A1C7A1D9F7,VN_ADMIN_2025,VNA25-87C66BAC13,MERGED_INTO
VN_ADMIN_PRE_2025,VNAP25-06BDF707B7,VN_ADMIN_2025,VNA25-14E7FFE6BC,MERGED_INTO
VN_ADMIN_PRE_2025,VNAP25-198028D29B,VN_ADMIN_2025,VNA25-00773FA6E6,MERGED_INTO
VN_ADMIN_PRE_2025,VNAP25-488B9786CB,VN_ADMIN_2025,VNA25-00773FA6E6,MERGED_INTO
VN_ADMIN_PRE_2025,VNAP25-0BEF232740,VN_ADMIN_2025,VNA25-6B534EB012,MERGED_INTO
VN_ADMIN_PRE_2025,VNAP25-BC62A8D0E1,VN_ADMIN_2025,VNA25-14E7FFE6BC,MERGED_INTO
VN_ADMIN_PRE_2025,VNAP25-BAC16C7DE4,VN_ADMIN_2025,VNA25-00773FA6E6,MERGED_INTO
VN_ADMIN_PRE_2025,VNAP25-C53844AF43,VN_ADMIN_2025,VNA25-8FF0026E61,MERGED_INTO
VN_ADMIN_PRE_2025,VNAP25-C35A13E140,VN_ADMIN_2025,VNA25-6B534EB012,MERGED_INTO
VN_ADMIN_PRE_2025,VNAP25-1F4963EE90,VN_ADMIN_2025,VNA25-00773FA6E6,MERGED_INTO
VN_ADMIN_PRE_2025,VNAP25-0E03D8AA8A,VN_ADMIN_2025,VNA25-87C66BAC13,MERGED_INTO
VN_ADMIN_PRE_2025,VNAP25-01938C3FD9,VN_ADMIN_2025,VNA25-1511045681,MERGED_INTO
VN_ADMIN_PRE_2025,VNAP25-A861483AB2,VN_ADMIN_2025,VNA25-6B534EB012,MERGED_INTO
VN_ADMIN_PRE_2025,VNAP25-55BEBB48E1,VN_ADMIN_2025,VNA25-CD1E32C782,MERGED_INTO
VN_ADMIN_PRE_2025,VNAP25-10531DD787,VN_ADMIN_2025,VNA25-CD1E32C782,MERGED_INTO
VN_ADMIN_PRE_2025,VNAP25-75691CC3C9,VN_ADMIN_2025,VNA25-276EBA52F4,MERGED_INTO
VN_ADMIN_PRE_2025,VNAP25-F76E618183,VN_ADMIN_2025,VNA25-227F01D042,MERGED_INTO
VN_ADMIN_PRE_2025,VNAP25-2B5B6DB7C0,VN_ADMIN_2025,VNA25-276EBA52F4,MERGED_INTO
VN_ADMIN_PRE_2025,VNAP25-7CF5665D38,VN_ADMIN_2025,VNA25-61BA05E2DD,MERGED_INTO
VN_ADMIN_PRE_2025,VNAP25-A1CF435EED,VN_ADMIN_2025,VNA25-4A41AF306E,MERGED_INTO
VN_ADMIN_PRE_2025,VNAP25-1501BFCD9B,VN_ADMIN_2025,VNA25-61BA05E2DD,MERGED_INTO
VN_ADMIN_PRE_2025,VNAP25-6865EE3544,VN_ADMIN_2025,VNA25-D9E869160F,MERGED_INTO
VN_ADMIN_PRE_2025,VNAP25-F1C2867E6B,VN_ADMIN_2025,VNA25-61BA05E2DD,MERGED_INTO
VN_ADMIN_PRE_2025,VNAP25-FBFED3243B,VN_ADMIN_2025,VNA25-C951AB234A,MERGED_INTO
VN_ADMIN_PRE_2025,VNAP25-353A4EAEC0,VN_ADMIN_2025,VNA25-4A41AF306E,MERGED_INTO
VN_ADMIN_PRE_2025,VNAP25-C03D9185CB,VN_ADMIN_2025,VNA25-4A41AF306E,MERGED_INTO
VN_ADMIN_PRE_2025,VNAP25-BACDFD2049,VN_ADMIN_2025,VNA25-D9E869160F,MERGED_INTO
VN_ADMIN_PRE_2025,VNAP25-A99FF33401,VN_ADMIN_2025,VNA25-276EBA52F4,MERGED_INTO
VN_ADMIN_PRE_2025,VNAP25-5F39C6FCEE,VN_ADMIN_2025,VNA25-C951AB234A,MERGED_INTO
VN_ADMIN_PRE_2025,VNAP25-B0B4CC5FBC,VN_ADMIN_2025,VNA25-276EBA52F4,MERGED_INTO
VN_ADMIN_PRE_2025,VNAP25-6DBD9F152B,VN_ADMIN_2025,VNA25-227F01D042,MERGED_INTO
VN_ADMIN_PRE_2025,VNAP25-E032E1A8E9,VN_ADMIN_2025,VNA25-C951AB234A,MERGED_INTO
VN_ADMIN_PRE_2025,VNAP25-9DDCAC89FA,VN_ADMIN_2025,VNA25-227F01D042,MERGED_INTO
VN_ADMIN_PRE_2025,VNAP25-C9F2823109,VN_ADMIN_2025,VNA25-678A2FC556,MERGED_INTO
VN_ADMIN_PRE_2025,VNAP25-E2C6379030,VN_ADMIN_2025,VNA25-95443078C9,MERGED_INTO
VN_ADMIN_PRE_2025,VNAP25-ACCC2E117C,VN_ADMIN_2025,VNA25-A4DA990535,MERGED_INTO
VN_ADMIN_PRE_2025,VNAP25-C9401C3CAE,VN_ADMIN_2025,VNA25-5AFF5BDB37,MERGED_INTO
VN_ADMIN_PRE_2025,VNAP25-C1AE8C0E2C,VN_ADMIN_2025,VNA25-A4DA990535,MERGED_INTO
VN_ADMIN_PRE_2025,VNAP25-4E7624F169,VN_ADMIN_2025,VNA25-A4DA990535,MERGED_INTO
VN_ADMIN_PRE_2025,VNAP25-AA1C75B27A,VN_ADMIN_2025,VNA25-5AFF5BDB37,MERGED_INTO
VN_ADMIN_PRE_2025,VNAP25-D8397C1680,VN_ADMIN_2025,VNA25-DEA347D3D8,MERGED_INTO
VN_ADMIN_PRE_2025,VNAP25-69568EE58B,VN_ADMIN_2025,VNA25-678A2FC556,MERGED_INTO
VN_ADMIN_PRE_2025,VNAP25-500BFF0F7F,VN_ADMIN_2025,VNA25-5AFF5BDB37,MERGED_INTO
VN_ADMIN_PRE_2025,VNAP25-4BE744A7BF,VN_ADMIN_2025,VNA25-B87F9A30C7,MERGED_INTO
VN_ADMIN_PRE_2025,VNAP25-4E2C3931B8,VN_ADMIN_2025,VNA25-5FD55485DD,MERGED_INTO
VN_ADMIN_PRE_2025,VNAP25-DD86E77D39,VN_ADMIN_2025,VNA25-5FD55485DD,MERGED_INTO
VN_ADMIN_PRE_2025,VNAP25-B51704A697,VN_ADMIN_2025,VNA25-B87F9A30C7,MERGED_INTO
VN_ADMIN_PRE_2025,VNAP25-CD1DBF259A,VN_ADMIN_2025,VNA25-DEA347D3D8,MERGED_INTO
VN_ADMIN_PRE_2025,VNAP25-99FBC4107B,VN_ADMIN_2025,VNA25-DEA347D3D8,MERGED_INTO
VN_ADMIN_PRE_2025,VNAP25-1E99D07A29,VN_ADMIN_2025,VNA25-B87F9A30C7,MERGED_INTO
VN_ADMIN_PRE_2025,VNAP25-2DDC648F51,VN_ADMIN_2025,VNA25-5FD55485DD,MERGED_INTO
VN_ADMIN_PRE_2025,VNAP25-C0EFAD5F7B,VN_ADMIN_2025,VNA25-95443078C9,MERGED_INTO
VN_ADMIN_PRE_2025,VNAP25-050C07C87C,VN_ADMIN_2025,VNA25-95443078C9,MERGED_INTO
VN_ADMIN_PRE_2025,VNAP25-7B49075867,VN_ADMIN_2025,VNA25-678A2FC556,MERGED_INTO
VN_ADMIN_PRE_2025,VNAP25-FD4F413F9B,VN_ADMIN_2025,VNA25-0532069A78,MERGED_INTO
VN_ADMIN_PRE_2025,VNAP25-1B4EE924EA,VN_ADMIN_2025,VNA25-3E524FE2E8,MERGED_INTO
VN_ADMIN_PRE_2025,VNAP25-83A94BC66F,VN_ADMIN_2025,VNA25-58CA1369E6,MERGED_INTO
VN_ADMIN_PRE_2025,VNAP25-CB6502B64F,VN_ADMIN_2025,VNA25-CA35ADFDB5,MERGED_INTO
VN_ADMIN_PRE_2025,VNAP25-D3505DD23A,VN_ADMIN_2025,VNA25-F43E9B69D4,MERGED_INTO
VN_ADMIN_PRE_2025,VNAP25-D5A146440E,VN_ADMIN_2025,VNA25-F43E9B69D4,MERGED_INTO
VN_ADMIN_PRE_2025,VNAP25-914744191C,VN_ADMIN_2025,VNA25-CA35ADFDB5,MERGED_INTO
VN_ADMIN_PRE_2025,VNAP25-CC47685DA5,VN_ADMIN_2025,VNA25-58CA1369E6,MERGED_INTO
VN_ADMIN_PRE_2025,VNAP25-35184663F3,VN_ADMIN_2025,VNA25-0532069A78,MERGED_INTO
VN_ADMIN_PRE_2025,VNAP25-94EC519F18,VN_ADMIN_2025,VNA25-F43E9B69D4,MERGED_INTO
VN_ADMIN_PRE_2025,VNAP25-037ADE2380,VN_ADMIN_2025,VNA25-CA35ADFDB5,MERGED_INTO
VN_ADMIN_PRE_2025,VNAP25-5E6216EB64,VN_ADMIN_2025,VNA25-7EFD46D55D,MERGED_INTO
VN_ADMIN_PRE_2025,VNAP25-5CD8BE58C5,VN_ADMIN_2025,VNA25-F43E9B69D4,MERGED_INTO
VN_ADMIN_PRE_2025,VNAP25-5FCE368DCB,VN_ADMIN_2025,VNA25-58CA1369E6,MERGED_INTO
VN_ADMIN_PRE_2025,VNAP25-67BDBF5878,VN_ADMIN_2025,VNA25-510870E438,MERGED_INTO
VN_ADMIN_PRE_2025,VNAP25-617AA1C98A,VN_ADMIN_2025,VNA25-510870E438,MERGED_INTO
VN_ADMIN_PRE_2025,VNAP25-A55B824E1C,VN_ADMIN_2025,VNA25-A58A0B855E,MERGED_INTO
VN_ADMIN_PRE_2025,VNAP25-0D57B656E9,VN_ADMIN_2025,VNA25-244445F465,MERGED_INTO
VN_ADMIN_PRE_2025,VNAP25-4293BAD5BD,VN_ADMIN_2025,VNA25-A58A0B855E,MERGED_INTO
VN_ADMIN_PRE_2025,VNAP25-36E04009F4,VN_ADMIN_2025,VNA25-8AEA954A67,MERGED_INTO
VN_ADMIN_PRE_2025,VNAP25-8C6BBC5904,VN_ADMIN_2025,VNA25-8AEA954A67,MERGED_INTO
VN_ADMIN_PRE_2025,VNAP25-34605C5BC3,VN_ADMIN_2025,VNA25-244445F465,MERGED_INTO
VN_ADMIN_PRE_2025,VNAP25-CDF99CB2C5,VN_ADMIN_2025,VNA25-8AEA954A67,MERGED_INTO
VN_ADMIN_PRE_2025,VNAP25-ADBCE6AD77,VN_ADMIN_2025,VNA25-244445F465,MERGED_INTO
VN_ADMIN_PRE_2025,VNAP25-9448C8B3A8,VN_ADMIN_2025,VNA25-A58A0B855E,MERGED_INTO
VN_ADMIN_PRE_2025,VNAP25-D547AC49E2,VN_ADMIN_2025,VNA25-A58A0B855E,MERGED_INTO
VN_ADMIN_PRE_2025,VNAP25-67B0225EFD,VN_ADMIN_2025,VNA25-8AEA954A67,MERGED_INTO
VN_ADMIN_PRE_2025,VNAP25-04875E1023,VN_ADMIN_2025,VNA25-510870E438,MERGED_INTO
VN_ADMIN_PRE_2025,VNAP25-D211E1ED1E,VN_ADMIN_2025,VNA25-D805E1126F,MERGED_INTO
VN_ADMIN_PRE_2025,VNAP25-64920DB4B1,VN_ADMIN_2025,VNA25-D805E1126F,MERGED_INTO
VN_ADMIN_PRE_2025,VNAP25-820B8B2F7F,VN_ADMIN_2025,VNA25-DA0C52681B,MERGED_INTO
VN_ADMIN_PRE_2025,VNAP25-F7DC1A604D,VN_ADMIN_2025,VNA25-B827ED7759,MERGED_INTO
VN_ADMIN_PRE_2025,VNAP25-165E103DD9,VN_ADMIN_2025,VNA25-B827ED7759,MERGED_INTO
VN_ADMIN_PRE_2025,VNAP25-E4124AE4D4,VN_ADMIN_2025,VNA25-0419A81686,MERGED_INTO
VN_ADMIN_PRE_2025,VNAP25-6E55999DB4,VN_ADMIN_2025,VNA25-DA0C52681B,MERGED_INTO
VN_ADMIN_PRE_2025,VNAP25-EE7ABFEEFC,VN_ADMIN_2025,VNA25-F23FB87D51,MERGED_INTO
VN_ADMIN_PRE_2025,VNAP25-74EBABE1D5,VN_ADMIN_2025,VNA25-6C1C9FE2D9,MERGED_INTO
VN_ADMIN_PRE_2025,VNAP25-91D378C8DD,VN_ADMIN_2025,VNA25-0419A81686,MERGED_INTO
VN_ADMIN_PRE_2025,VNAP25-120461E8A3,VN_ADMIN_2025,VNA25-6C1C9FE2D9,MERGED_INTO
VN_ADMIN_PRE_2025,VNAP25-3E25513A9E,VN_ADMIN_2025,VNA25-D805E1126F,MERGED_INTO
VN_ADMIN_PRE_2025,VNAP25-FA7A5D53E3,VN_ADMIN_2025,VNA25-F23FB87D51,MERGED_INTO
VN_ADMIN_PRE_2025,VNAP25-32733182C9,VN_ADMIN_2025,VNA25-35B08DEA1C,MERGED_INTO
VN_ADMIN_PRE_2025,VNAP25-C5CBB2B996,VN_ADMIN_2025,VNA25-0419A81686,MERGED_INTO
VN_ADMIN_PRE_2025,VNAP25-500C1F98EC,VN_ADMIN_2025,VNA25-F23FB87D51,MERGED_INTO
VN_ADMIN_PRE_2025,VNAP25-AD9D187791,VN_ADMIN_2025,VNA25-0419A81686,MERGED_INTO
VN_ADMIN_PRE_2025,VNAP25-7208736815,VN_ADMIN_2025,VNA25-D805E1126F,MERGED_INTO
VN_ADMIN_PRE_2025,VNAP25-BF29553EE2,VN_ADMIN_2025,VNA25-F23FB87D51,MERGED_INTO
VN_ADMIN_PRE_2025,VNAP25-B5F679EF4B,VN_ADMIN_2025,VNA25-35B08DEA1C,MERGED_INTO
VN_ADMIN_PRE_2025,VNAP25-D99C1CDAF7,VN_ADMIN_2025,VNA25-DA0C52681B,MERGED_INTO
VN_ADMIN_PRE_2025,VNAP25-738012D106,VN_ADMIN_2025,VNA25-35B08DEA1C,MERGED_INTO
VN_ADMIN_PRE_2025,VNAP25-37CCDDAB5E,VN_ADMIN_2025,VNA25-6C1C9FE2D9,MERGED_INTO
VN_ADMIN_PRE_2025,VNAP25-1B25803D16,VN_ADMIN_2025,VNA25-F62DD60121,MERGED_INTO
VN_ADMIN_PRE_2025,VNAP25-29A91FD2BE,VN_ADMIN_2025,VNA25-C3E0B1C55C,MERGED_INTO
VN_ADMIN_PRE_2025,VNAP25-C9D7C4169C,VN_ADMIN_2025,VNA25-15092A2825,MERGED_INTO
VN_ADMIN_PRE_2025,VNAP25-61344CCC2E,VN_ADMIN_2025,VNA25-35E0080824,MERGED_INTO
VN_ADMIN_PRE_2025,VNAP25-66C6E21BC7,VN_ADMIN_2025,VNA25-CFCFE6E116,MERGED_INTO
VN_ADMIN_PRE_2025,VNAP25-35760D1F87,VN_ADMIN_2025,VNA25-CFCFE6E116,MERGED_INTO
VN_ADMIN_PRE_2025,VNAP25-E5EA2C01C1,VN_ADMIN_2025,VNA25-C3E0B1C55C,MERGED_INTO
VN_ADMIN_PRE_2025,VNAP25-C2E16D3408,VN_ADMIN_2025,VNA25-15092A2825,MERGED_INTO
VN_ADMIN_PRE_2025,VNAP25-DDD7768AF2,VN_ADMIN_2025,VNA25-35E0080824,MERGED_INTO
VN_ADMIN_PRE_2025,VNAP25-120C9D5A66,VN_ADMIN_2025,VNA25-CD9A5B13ED,MERGED_INTO
VN_ADMIN_PRE_2025,VNAP25-488403FEEF,VN_ADMIN_2025,VNA25-15092A2825,MERGED_INTO
VN_ADMIN_PRE_2025,VNAP25-1D35B0441A,VN_ADMIN_2025,VNA25-15092A2825,MERGED_INTO
VN_ADMIN_PRE_2025,VNAP25-4D124B8B26,VN_ADMIN_2025,VNA25-35E0080824,MERGED_INTO
VN_ADMIN_PRE_2025,VNAP25-8DAE381501,VN_ADMIN_2025,VNA25-C3E0B1C55C,MERGED_INTO
VN_ADMIN_PRE_2025,VNAP25-5D71274A35,VN_ADMIN_2025,VNA25-CD9A5B13ED,MERGED_INTO
VN_ADMIN_PRE_2025,VNAP25-06EE87238A,VN_ADMIN_2025,VNA25-F62DD60121,MERGED_INTO
VN_ADMIN_PRE_2025,VNAP25-AD89FB2DB3,VN_ADMIN_2025,VNA25-F62DD60121,MERGED_INTO
VN_ADMIN_PRE_2025,VNAP25-60C45FC69E,VN_ADMIN_2025,VNA25-CFCFE6E116,MERGED_INTO
VN_ADMIN_PRE_2025,VNAP25-0DED40C789,VN_ADMIN_2025,VNA25-CD9A5B13ED,MERGED_INTO
VN_ADMIN_PRE_2025,VNAP25-765CE39A43,VN_ADMIN_2025,VNA25-0EEA9E24D0,SAME_AS
VN_ADMIN_PRE_2025,VNAP25-8258E323D2,VN_ADMIN_2025,VNA25-4B075A79F8,MERGED_INTO
VN_ADMIN_PRE_2025,VNAP25-2889CF7701,VN_ADMIN_2025,VNA25-AC613C299C,MERGED_INTO
VN_ADMIN_PRE_2025,VNAP25-CCFF671D60,VN_ADMIN_2025,VNA25-AE33FC299D,MERGED_INTO
VN_ADMIN_PRE_2025,VNAP25-773A0E3610,VN_ADMIN_2025,VNA25-4B075A79F8,MERGED_INTO
VN_ADMIN_PRE_2025,VNAP25-7A13D3E9CC,VN_ADMIN_2025,VNA25-AC613C299C,MERGED_INTO
VN_ADMIN_PRE_2025,VNAP25-17A23A0E17,VN_ADMIN_2025,VNA25-B0F22A319B,MERGED_INTO
VN_ADMIN_PRE_2025,VNAP25-D433899AF5,VN_ADMIN_2025,VNA25-799E7EC174,MERGED_INTO
VN_ADMIN_PRE_2025,VNAP25-6968B086CF,VN_ADMIN_2025,VNA25-B0F22A319B,MERGED_INTO
VN_ADMIN_PRE_2025,VNAP25-AF648622AC,VN_ADMIN_2025,VNA25-799E7EC174,MERGED_INTO
VN_ADMIN_PRE_2025,VNAP25-59F89E4D81,VN_ADMIN_2025,VNA25-AE33FC299D,MERGED_INTO
VN_ADMIN_PRE_2025,VNAP25-9B104D8F63,VN_ADMIN_2025,VNA25-AE33FC299D,MERGED_INTO
VN_ADMIN_PRE_2025,VNAP25-D4537B5011,VN_ADMIN_2025,VNA25-47D1D93CE0,MERGED_INTO
VN_ADMIN_PRE_2025,VNAP25-97A4C19EF1,VN_ADMIN_2025,VNA25-36E0B71C67,MERGED_INTO
VN_ADMIN_PRE_2025,VNAP25-C74973E0BC,VN_ADMIN_2025,VNA25-DBCB0EF83E,MERGED_INTO
VN_ADMIN_PRE_2025,VNAP25-AA11C50058,VN_ADMIN_2025,VNA25-A46A92AA4A,MERGED_INTO
VN_ADMIN_PRE_2025,VNAP25-F012ED8D42,VN_ADMIN_2025,VNA25-FDC44B0D3A,MERGED_INTO
VN_ADMIN_PRE_2025,VNAP25-B4546C5FFD,VN_ADMIN_2025,VNA25-D84CCDCD7A,MERGED_INTO
VN_ADMIN_PRE_2025,VNAP25-535704E125,VN_ADMIN_2025,VNA25-70A082B866,MERGED_INTO
VN_ADMIN_PRE_2025,VNAP25-24D9739D28,VN_ADMIN_2025,VNA25-D84CCDCD7A,MERGED_INTO
VN_ADMIN_PRE_2025,VNAP25-67749ADBC1,VN_ADMIN_2025,VNA25-70A082B866,MERGED_INTO
VN_ADMIN_PRE_2025,VNAP25-E1FB84A0CD,VN_ADMIN_2025,VNA25-DBCB0EF83E,MERGED_INTO
VN_ADMIN_PRE_2025,VNAP25-E28E9C487B,VN_ADMIN_2025,VNA25-A46A92AA4A,MERGED_INTO
VN_ADMIN_PRE_2025,VNAP25-565730990D,VN_ADMIN_2025,VNA25-907E1C4A4D,MERGED_INTO
VN_ADMIN_PRE_2025,VNAP25-BFB0FC3C6F,VN_ADMIN_2025,VNA25-907E1C4A4D,MERGED_INTO
VN_ADMIN_PRE_2025,VNAP25-0D3BE224AA,VN_ADMIN_2025,VNA25-D84CCDCD7A,MERGED_INTO
VN_ADMIN_PRE_2025,VNAP25-3ADA36520E,VN_ADMIN_2025,VNA25-36E0B71C67,MERGED_INTO
VN_ADMIN_PRE_2025,VNAP25-8DF3EC90B1,VN_ADMIN_2025,VNA25-70A082B866,MERGED_INTO
VN_ADMIN_PRE_2025,VNAP25-C45FB609DB,VN_ADMIN_2025,VNA25-907E1C4A4D,MERGED_INTO
VN_ADMIN_PRE_2025,VNAP25-FF1D3ECC57,VN_ADMIN_2025,VNA25-FDC44B0D3A,MERGED_INTO
VN_ADMIN_PRE_2025,VNAP25-1C5F199E82,VN_ADMIN_2025,VNA25-47D1D93CE0,MERGED_INTO
VN_ADMIN_PRE_2025,VNAP25-A5950F220D,VN_ADMIN_2025,VNA25-A46A92AA4A,MERGED_INTO
VN_ADMIN_PRE_2025,VNAP25-1882FB1C38,VN_ADMIN_2025,VNA25-FDC44B0D3A,MERGED_INTO
VN_ADMIN_PRE_2025,VNAP25-7138EB62BC,VN_ADMIN_2025,VNA25-47D1D93CE0,MERGED_INTO
VN_ADMIN_PRE_2025,VNAP25-C271C86915,VN_ADMIN_2025,VNA25-907E1C4A4D,MERGED_INTO
VN_ADMIN_PRE_2025,VNAP25-E4066AAA1E,VN_ADMIN_2025,VNA25-47D1D93CE0,MERGED_INTO
VN_ADMIN_PRE_2025,VNAP25-EFA2E83F1B,VN_ADMIN_2025,VNA25-DBCB0EF83E,MERGED_INTO
VN_ADMIN_PRE_2025,VNAP25-DADEFCF3FD,VN_ADMIN_2025,VNA25-70A082B866,MERGED_INTO
VN_ADMIN_PRE_2025,VNAP25-0E614F6E13,VN_ADMIN_2025,VNA25-DBCB0EF83E,MERGED_INTO
VN_ADMIN_PRE_2025,VNAP25-EBF72073BF,VN_ADMIN_2025,VNA25-36E0B71C67,MERGED_INTO
VN_ADMIN_PRE_2025,VNAP25-136924E345,VN_ADMIN_2025,VNA25-D84CCDCD7A,MERGED_INTO
VN_ADMIN_PRE_2025,VNAP25-60DDC16A82,VN_ADMIN_2025,VNA25-36E0B71C67,MERGED_INTO
VN_ADMIN_PRE_2025,VNAP25-CB361DBA87,VN_ADMIN_2025,VNA25-FDC44B0D3A,MERGED_INTO
VN_ADMIN_PRE_2025,VNAP25-8F7B977A7F,VN_ADMIN_2025,VNA25-A46A92AA4A,MERGED_INTO
VN_ADMIN_PRE_2025,VNAP25-5A9B68D45F,VN_ADMIN_2025,VNA25-D2F408587E,MERGED_INTO
VN_ADMIN_PRE_2025,VNAP25-1534AB57F3,VN_ADMIN_2025,VNA25-3F37F2EB3F,MERGED_INTO
VN_ADMIN_PRE_2025,VNAP25-EBC9280341,VN_ADMIN_2025,VNA25-62AE5E152D,MERGED_INTO
VN_ADMIN_PRE_2025,VNAP25-497BF93385,VN_ADMIN_2025,VNA25-3F37F2EB3F,MERGED_INTO
VN_ADMIN_PRE_2025,VNAP25-E45FA9F6D9,VN_ADMIN_2025,VNA25-D2F408587E,MERGED_INTO
VN_ADMIN_PRE_2025,VNAP25-6FFD74A8EE,VN_ADMIN_2025,VNA25-CA50DCFC83,MERGED_INTO
VN_ADMIN_PRE_2025,VNAP25-67D71692E4,VN_ADMIN_2025,VNA25-D2F408587E,MERGED_INTO
VN_ADMIN_PRE_2025,VNAP25-02F029DAB6,VN_ADMIN_2025,VNA25-D2F408587E,MERGED_INTO
VN_ADMIN_PRE_2025,VNAP25-8CA050F47A,VN_ADMIN_2025,VNA25-62AE5E152D,MERGED_INTO
VN_ADMIN_PRE_2025,VNAP25-9E538FB157,VN_ADMIN_2025,VNA25-3F37F2EB3F,MERGED_INTO
VN_ADMIN_PRE_2025,VNAP25-F8142FEC3D,VN_ADMIN_2025,VNA25-3F37F2EB3F,MERGED_INTO
VN_ADMIN_PRE_2025,VNAP25-D47C6F1F99,VN_ADMIN_2025,VNA25-CA50DCFC83,MERGED_INTO
VN_ADMIN_PRE_2025,VNAP25-7D87CD3CE4,VN_ADMIN_2025,VNA25-85584E2098,MERGED_INTO
VN_ADMIN_PRE_2025,VNAP25-4453C05B9D,VN_ADMIN_2025,VNA25-62AE5E152D,MERGED_INTO
VN_ADMIN_PRE_2025,VNAP25-8CEE05CED5,VN_ADMIN_2025,VNA25-9F57E0E0DA,MERGED_INTO
VN_ADMIN_PRE_2025,VNAP25-98C68483BE,VN_ADMIN_2025,VNA25-D2F408587E,MERGED_INTO
VN_ADMIN_PRE_2025,VNAP25-417D1F6AEB,VN_ADMIN_2025,VNA25-9F57E0E0DA,MERGED_INTO
VN_ADMIN_PRE_2025,VNAP25-9DB7B1010A,VN_ADMIN_2025,VNA25-CA50DCFC83,MERGED_INTO
VN_ADMIN_PRE_2025,VNAP25-13B6B3B461,VN_ADMIN_2025,VNA25-D2F408587E,MERGED_INTO
VN_ADMIN_PRE_2025,VNAP25-CB8CC7D953,VN_ADMIN_2025,VNA25-9F57E0E0DA,MERGED_INTO
VN_ADMIN_PRE_2025,VNAP25-DDCC7F5CF5,VN_ADMIN_2025,VNA25-85584E2098,MERGED_INTO
VN_ADMIN_PRE_2025,VNAP25-8C71984FAC,VN_ADMIN_2025,VNA25-85584E2098,MERGED_INTO
VN_ADMIN_PRE_2025,VNAP25-7F43847160,VN_ADMIN_2025,VNA25-85584E2098,MERGED_INTO
VN_ADMIN_PRE_2025,VNAP25-665C3D93EE,VN_ADMIN_2025,VNA25-D2F408587E,MERGED_INTO
VN_ADMIN_PRE_2025,VNAP25-35EAD2950E,VN_ADMIN_2025,VNA25-9F57E0E0DA,MERGED_INTO
VN_ADMIN_PRE_2025,VNAP25-A858000062,VN_ADMIN_2025,VNA25-85584E2098,MERGED_INTO
VN_ADMIN_PRE_2025,VNAP25-CA23046895,VN_ADMIN_2025,VNA25-62AE5E152D,MERGED_INTO
VN_ADMIN_PRE_2025,VNAP25-E07641C9BD,VN_ADMIN_2025,VNA25-CA50DCFC83,MERGED_INTO
VN_ADMIN_PRE_2025,VNAP25-6609DB113C,VN_ADMIN_2025,VNA25-9F57E0E0DA,MERGED_INTO
VN_ADMIN_PRE_2025,VNAP25-B1F691AA8B,VN_ADMIN_2025,VNA25-D2F408587E,MERGED_INTO
VN_ADMIN_PRE_2025,VNAP25-E80B1A670B,VN_ADMIN_2025,VNA25-9F57E0E0DA,MERGED_INTO
VN_ADMIN_PRE_2025,VNAP25-3FB90F4C54,VN_ADMIN_2025,VNA25-D2F408587E,MERGED_INTO
VN_ADMIN_PRE_2025,VNAP25-8AE857B080,VN_ADMIN_2025,VNA25-A6BB38CECA,MERGED_INTO
VN_ADMIN_PRE_2025,VNAP25-87B70A9846,VN_ADMIN_2025,VNA25-BDB6C0E3A8,MERGED_INTO
VN_ADMIN_PRE_2025,VNAP25-870539054D,VN_ADMIN_2025,VNA25-BDB6C0E3A8,MERGED_INTO
VN_ADMIN_PRE_2025,VNAP25-7C7D218FB3,VN_ADMIN_2025,VNA25-A6BB38CECA,MERGED_INTO
VN_ADMIN_PRE_2025,VNAP25-B5CAB8D12D,VN_ADMIN_2025,VNA25-BDB6C0E3A8,MERGED_INTO
VN_ADMIN_PRE_2025,VNAP25-7C4FF2F1A7,VN_ADMIN_2025,VNA25-A6BB38CECA,MERGED_INTO
VN_ADMIN_PRE_2025,VNAP25-2BBDFFF7FC,VN_ADMIN_2025,VNA25-E8DE51AABC,MERGED_INTO
VN_ADMIN_PRE_2025,VNAP25-5E6ADEC291,VN_ADMIN_2025,VNA25-E8DE51AABC,MERGED_INTO
VN_ADMIN_PRE_2025,VNAP25-86A0363A7F,VN_ADMIN_2025,VNA25-E8DE51AABC,MERGED_INTO
VN_ADMIN_PRE_2025,VNAP25-4DAFA48A90,VN_ADMIN_2025,VNA25-A6BB38CECA,MERGED_INTO
VN_ADMIN_PRE_2025,VNAP25-25A94E1AAF,VN_ADMIN_2025,VNA25-F1C917E0F5,MERGED_INTO
VN_ADMIN_PRE_2025,VNAP25-CE52DB2E0B,VN_ADMIN_2025,VNA25-294979B317,MERGED_INTO
VN_ADMIN_PRE_2025,VNAP25-CFD11F1745,VN_ADMIN_2025,VNA25-8C46D95B77,MERGED_INTO
VN_ADMIN_PRE_2025,VNAP25-9741E4A139,VN_ADMIN_2025,VNA25-F1C917E0F5,MERGED_INTO
VN_ADMIN_PRE_2025,VNAP25-8D11DC4656,VN_ADMIN_2025,VNA25-294979B317,MERGED_INTO
VN_ADMIN_PRE_2025,VNAP25-CA51DBC703,VN_ADMIN_2025,VNA25-294979B317,MERGED_INTO
VN_ADMIN_PRE_2025,VNAP25-2AC05BB46F,VN_ADMIN_2025,VNA25-F1C917E0F5,MERGED_INTO
VN_ADMIN_PRE_2025,VNAP25-E32CB465C8,VN_ADMIN_2025,VNA25-6607C37F17,MERGED_INTO
VN_ADMIN_PRE_2025,VNAP25-C82379246C,VN_ADMIN_2025,VNA25-6607C37F17,MERGED_INTO
VN_ADMIN_PRE_2025,VNAP25-22A5214874,VN_ADMIN_2025,VNA25-6607C37F17,MERGED_INTO
VN_ADMIN_PRE_2025,VNAP25-E68ED83E0A,VN_ADMIN_2025,VNA25-8C46D95B77,MERGED_INTO
VN_ADMIN_PRE_2025,VNAP25-81030D53C0,VN_ADMIN_2025,VNA25-F1C917E0F5,MERGED_INTO
VN_ADMIN_PRE_2025,VNAP25-296CE6F71C,VN_ADMIN_2025,VNA25-294979B317,MERGED_INTO
VN_ADMIN_PRE_2025,VNAP25-D2813FCEDF,VN_ADMIN_2025,VNA25-8C46D95B77,MERGED_INTO
VN_ADMIN_PRE_2025,VNAP25-EB4E7078E3,VN_ADMIN_2025,VNA25-8C46D95B77,MERGED_INTO
VN_ADMIN_PRE_2025,VNAP25-D39C50F098,VN_ADMIN_2025,VNA25-8C8C6C5E56,SAME_AS
VN_ADMIN_PRE_2025,VNAP25-4F1540BE2A,VN_ADMIN_2025,VNA25-CA9DF6FC6A,MERGED_INTO
VN_ADMIN_PRE_2025,VNAP25-6FB5A56FA6,VN_ADMIN_2025,VNA25-F55E746505,MERGED_INTO
VN_ADMIN_PRE_2025,VNAP25-A0629F72EB,VN_ADMIN_2025,VNA25-F55E746505,MERGED_INTO
VN_ADMIN_PRE_2025,VNAP25-A32F07AEB3,VN_ADMIN_2025,VNA25-DAF1004B29,MERGED_INTO
VN_ADMIN_PRE_2025,VNAP25-D334AECC7E,VN_ADMIN_2025,VNA25-EA7874B596,SAME_AS
VN_ADMIN_PRE_2025,VNAP25-1D3B19BEC0,VN_ADMIN_2025,VNA25-CA9DF6FC6A,MERGED_INTO
VN_ADMIN_PRE_2025,VNAP25-25A74F9FB0,VN_ADMIN_2025,VNA25-CA9DF6FC6A,MERGED_INTO
VN_ADMIN_PRE_2025,VNAP25-A673244BEA,VN_ADMIN_2025,VNA25-014B8D11B7,SAME_AS
VN_ADMIN_PRE_2025,VNAP25-A1FD3343F7,VN_ADMIN_2025,VNA25-F6D2D6BBD0,MERGED_INTO
VN_ADMIN_PRE_2025,VNAP25-5D5D88E55E,VN_ADMIN_2025,VNA25-91730150FB,SAME_AS
VN_ADMIN_PRE_2025,VNAP25-DE74D03D59,VN_ADMIN_2025,VNA25-F6D2D6BBD0,MERGED_INTO
VN_ADMIN_PRE_2025,VNAP25-F6C1470E26,VN_ADMIN_2025,VNA25-FE602F1AB4,MERGED_INTO
VN_ADMIN_PRE_2025,VNAP25-B096DC6935,VN_ADMIN_2025,VNA25-08FF322508,SAME_AS
VN_ADMIN_PRE_2025,VNAP25-007BF4A8AB,VN_ADMIN_2025,VNA25-DAF1004B29,MERGED_INTO
VN_ADMIN_PRE_2025,VNAP25-AE2E1592F3,VN_ADMIN_2025,VNA25-DD97DE3920,MERGED_INTO
VN_ADMIN_PRE_2025,VNAP25-0A9F5F04AC,VN_ADMIN_2025,VNA25-DD97DE3920,MERGED_INTO
VN_ADMIN_PRE_2025,VNAP25-A07CA69F27,VN_ADMIN_2025,VNA25-3873B632F6,MERGED_INTO
VN_ADMIN_PRE_2025,VNAP25-471208AC45,VN_ADMIN_2025,VNA25-3873B632F6,MERGED_INTO
VN_ADMIN_PRE_2025,VNAP25-B0926381AF,VN_ADMIN_2025,VNA25-FE602F1AB4,MERGED_INTO
VN_ADMIN_PRE_2025,VNAP25-96BF6A8F00,VN_ADMIN_2025,VNA25-FE602F1AB4,MERGED_INTO
VN_ADMIN_PRE_2025,VNAP25-5890DD2B4B,VN_ADMIN_2025,VNA25-9CDBBF8B00,MERGED_INTO
VN_ADMIN_PRE_2025,VNAP25-04B239F066,VN_ADMIN_2025,VNA25-C5CD369676,MERGED_INTO
VN_ADMIN_PRE_2025,VNAP25-B1EE16B8AA,VN_ADMIN_2025,VNA25-9CDBBF8B00,MERGED_INTO
VN_ADMIN_PRE_2025,VNAP25-1C50E7E7F8,VN_ADMIN_2025,VNA25-BAFAE68952,MERGED_INTO
VN_ADMIN_PRE_2025,VNAP25-49B8E35800,VN_ADMIN_2025,VNA25-9CDBBF8B00,MERGED_INTO
VN_ADMIN_PRE_2025,VNAP25-6E709C4E3D,VN_ADMIN_2025,VNA25-60A992AD60,MERGED_INTO
VN_ADMIN_PRE_2025,VNAP25-745029717D,VN_ADMIN_2025,VNA25-9CDBBF8B00,MERGED_INTO
VN_ADMIN_PRE_2025,VNAP25-A501F894BA,VN_ADMIN_2025,VNA25-8DEFDC038C,MERGED_INTO
VN_ADMIN_PRE_2025,VNAP25-1F5E25C5CB,VN_ADMIN_2025,VNA25-C5CD369676,MERGED_INTO
VN_ADMIN_PRE_2025,VNAP25-6690539596,VN_ADMIN_2025,VNA25-BAFAE68952,MERGED_INTO
VN_ADMIN_PRE_2025,VNAP25-608B0B376A,VN_ADMIN_2025,VNA25-8DEFDC038C,MERGED_INTO
VN_ADMIN_PRE_2025,VNAP25-EBE0540822,VN_ADMIN_2025,VNA25-BAFAE68952,MERGED_INTO
VN_ADMIN_PRE_2025,VNAP25-7CAEF0550B,VN_ADMIN_2025,VNA25-8DEFDC038C,MERGED_INTO
VN_ADMIN_PRE_2025,VNAP25-06C7366B93,VN_ADMIN_2025,VNA25-60A992AD60,MERGED_INTO
VN_ADMIN_PRE_2025,VNAP25-78C9D0216D,VN_ADMIN_2025,VNA25-C5CD369676,MERGED_INTO
VN_ADMIN_PRE_2025,VNAP25-7448B0D958,VN_ADMIN_2025,VNA25-60A992AD60,MERGED_INTO
VN_ADMIN_PRE_2025,VNAP25-7741922ECC,VN_ADMIN_2025,VNA25-9CDBBF8B00,MERGED_INTO
VN_ADMIN_PRE_2025,VNAP25-E889D2D85C,VN_ADMIN_2025,VNA25-2C02D30CA9,MERGED_INTO
VN_ADMIN_PRE_2025,VNAP25-80A5F686CF,VN_ADMIN_2025,VNA25-3CA8E543D3,MERGED_INTO
VN_ADMIN_PRE_2025,VNAP25-1AD6958F61,VN_ADMIN_2025,VNA25-77326A1854,MERGED_INTO
VN_ADMIN_PRE_2025,VNAP25-E1821D0589,VN_ADMIN_2025,VNA25-77326A1854,MERGED_INTO
VN_ADMIN_PRE_2025,VNAP25-D57749A6A1,VN_ADMIN_2025,VNA25-B1AD020316,MERGED_INTO
VN_ADMIN_PRE_2025,VNAP25-E2B42C88A9,VN_ADMIN_2025,VNA25-B1AD020316,MERGED_INTO
VN_ADMIN_PRE_2025,VNAP25-BC7CC16676,VN_ADMIN_2025,VNA25-A95F12BCBC,MERGED_INTO
VN_ADMIN_PRE_2025,VNAP25-B57BD48046,VN_ADMIN_2025,VNA25-77326A1854,MERGED_INTO
VN_ADMIN_PRE_2025,VNAP25-575FA0E08E,VN_ADMIN_2025,VNA25-73A1B5BA9C,MERGED_INTO
VN_ADMIN_PRE_2025,VNAP25-73E67F687D,VN_ADMIN_2025,VNA25-77326A1854,MERGED_INTO
VN_ADMIN_PRE_2025,VNAP25-7FAF11E6ED,VN_ADMIN_2025,VNA25-B1AD020316,MERGED_INTO
VN_ADMIN_PRE_2025,VNAP25-1ACCBD2249,VN_ADMIN_2025,VNA25-73A1B5BA9C,MERGED_INTO
VN_ADMIN_PRE_2025,VNAP25-0506001BC9,VN_ADMIN_2025,VNA25-3CA8E543D3,MERGED_INTO
VN_ADMIN_PRE_2025,VNAP25-408648747C,VN_ADMIN_2025,VNA25-29541E462F,MERGED_INTO
VN_ADMIN_PRE_2025,VNAP25-3C8316A89D,VN_ADMIN_2025,VNA25-73A1B5BA9C,MERGED_INTO
VN_ADMIN_PRE_2025,VNAP25-9C0986710B,VN_ADMIN_2025,VNA25-29541E462F,MERGED_INTO
VN_ADMIN_PRE_2025,VNAP25-73115B8DA6,VN_ADMIN_2025,VNA25-2C02D30CA9,MERGED_INTO
VN_ADMIN_PRE_2025,VNAP25-3F7DEEEF9C,VN_ADMIN_2025,VNA25-A95F12BCBC,MERGED_INTO
VN_ADMIN_PRE_2025,VNAP25-7E3A71406E,VN_ADMIN_2025,VNA25-2C02D30CA9,MERGED_INTO
VN_ADMIN_PRE_2025,VNAP25-3455DD4A9B,VN_ADMIN_2025,VNA25-73A1B5BA9C,MERGED_INTO
VN_ADMIN_PRE_2025,VNAP25-81A38A5D2B,VN_ADMIN_2025,VNA25-29541E462F,MERGED_INTO
VN_ADMIN_PRE_2025,VNAP25-766892CDC4,VN_ADMIN_2025,VNA25-2C02D30CA9,MERGED_INTO
VN_ADMIN_PRE_2025,VNAP25-3505851698,VN_ADMIN_2025,VNA25-3CA8E543D3,MERGED_INTO
VN_ADMIN_PRE_2025,VNAP25-50E637939E,VN_ADMIN_2025,VNA25-1DC43EF0C8,MERGED_INTO
VN_ADMIN_PRE_2025,VNAP25-E73ADAAC76,VN_ADMIN_2025,VNA25-F58548A288,MERGED_INTO
VN_ADMIN_PRE_2025,VNAP25-9A1464E8E4,VN_ADMIN_2025,VNA25-F58548A288,MERGED_INTO
VN_ADMIN_PRE_2025,VNAP25-9F8022C3AE,VN_ADMIN_2025,VNA25-1DC43EF0C8,MERGED_INTO
VN_ADMIN_PRE_2025,VNAP25-8D5127FFA8,VN_ADMIN_2025,VNA25-42052D70CE,MERGED_INTO
VN_ADMIN_PRE_2025,VNAP25-C15797A02B,VN_ADMIN_2025,VNA25-B0F7E6071A,MERGED_INTO
VN_ADMIN_PRE_2025,VNAP25-C7EF3DEA72,VN_ADMIN_2025,VNA25-020A088C40,MERGED_INTO
VN_ADMIN_PRE_2025,VNAP25-9285265FF6,VN_ADMIN_2025,VNA25-1DC43EF0C8,MERGED_INTO
VN_ADMIN_PRE_2025,VNAP25-7331471B34,VN_ADMIN_2025,VNA25-D0D1CBDC2A,MERGED_INTO
VN_ADMIN_PRE_2025,VNAP25-B931CBDAD2,VN_ADMIN_2025,VNA25-D0D1CBDC2A,MERGED_INTO
VN_ADMIN_PRE_2025,VNAP25-B1A67B5069,VN_ADMIN_2025,VNA25-8F1539549B,MERGED_INTO
VN_ADMIN_PRE_2025,VNAP25-5C26D57FFA,VN_ADMIN_2025,VNA25-42052D70CE,MERGED_INTO
VN_ADMIN_PRE_2025,VNAP25-11E860D3C8,VN_ADMIN_2025,VNA25-8F1539549B,MERGED_INTO
VN_ADMIN_PRE_2025,VNAP25-36C67717C9,VN_ADMIN_2025,VNA25-B0F7E6071A,MERGED_INTO
VN_ADMIN_PRE_2025,VNAP25-44AF316914,VN_ADMIN_2025,VNA25-B0F7E6071A,MERGED_INTO
VN_ADMIN_PRE_2025,VNAP25-76487FFDB3,VN_ADMIN_2025,VNA25-D0D1CBDC2A,MERGED_INTO
VN_ADMIN_PRE_2025,VNAP25-8046BC4DAE,VN_ADMIN_2025,VNA25-020A088C40,MERGED_INTO
VN_ADMIN_PRE_2025,VNAP25-CF437DF0DF,VN_ADMIN_2025,VNA25-42052D70CE,MERGED_INTO
VN_ADMIN_PRE_2025,VNAP25-B86A71C89B,VN_ADMIN_2025,VNA25-F58548A288,MERGED_INTO
VN_ADMIN_PRE_2025,VNAP25-8898E6CE5F,VN_ADMIN_2025,VNA25-D0D1CBDC2A,MERGED_INTO
VN_ADMIN_PRE_2025,VNAP25-4B14742DCF,VN_ADMIN_2025,VNA25-DBFD36F22D,MERGED_INTO
VN_ADMIN_PRE_2025,VNAP25-752DE0B49C,VN_ADMIN_2025,VNA25-3319812C9E,MERGED_INTO
VN_ADMIN_PRE_2025,VNAP25-AF6EB38BDD,VN_ADMIN_2025,VNA25-DBFD36F22D,MERGED_INTO
VN_ADMIN_PRE_2025,VNAP25-C5997E9297,VN_ADMIN_2025,VNA25-95E3DEB2C4,MERGED_INTO
VN_ADMIN_PRE_2025,VNAP25-FD7F679AA4,VN_ADMIN_2025,VNA25-50AC1C7E65,MERGED_INTO
VN_ADMIN_PRE_2025,VNAP25-1EEEBBE5BC,VN_ADMIN_2025,VNA25-3319812C9E,MERGED_INTO
VN_ADMIN_PRE_2025,VNAP25-7B487890DE,VN_ADMIN_2025,VNA25-3319812C9E,MERGED_INTO
VN_ADMIN_PRE_2025,VNAP25-AE15E56296,VN_ADMIN_2025,VNA25-3319812C9E,MERGED_INTO
VN_ADMIN_PRE_2025,VNAP25-5941E67B6F,VN_ADMIN_2025,VNA25-F385669520,MERGED_INTO
VN_ADMIN_PRE_2025,VNAP25-E70904C277,VN_ADMIN_2025,VNA25-DBFD36F22D,MERGED_INTO
VN_ADMIN_PRE_2025,VNAP25-75EC83501E,VN_ADMIN_2025,VNA25-95E3DEB2C4,MERGED_INTO
VN_ADMIN_PRE_2025,VNAP25-2476CB61A6,VN_ADMIN_2025,VNA25-50AC1C7E65,MERGED_INTO
VN_ADMIN_PRE_2025,VNAP25-84AE1912DC,VN_ADMIN_2025,VNA25-F385669520,MERGED_INTO
VN_ADMIN_PRE_2025,VNAP25-3797294BFE,VN_ADMIN_2025,VNA25-4555349D26,SAME_AS
VN_ADMIN_PRE_2025,VNAP25-5F5E34CAB5,VN_ADMIN_2025,VNA25-D28651BADD,MERGED_INTO
VN_ADMIN_PRE_2025,VNAP25-A1BE6978E7,VN_ADMIN_2025,VNA25-3FADF8754C,MERGED_INTO
VN_ADMIN_PRE_2025,VNAP25-ED90DD1A63,VN_ADMIN_2025,VNA25-DB6BF7B16A,MERGED_INTO
VN_ADMIN_PRE_2025,VNAP25-D77FBA17FC,VN_ADMIN_2025,VNA25-3FADF8754C,MERGED_INTO
VN_ADMIN_PRE_2025,VNAP25-2E1E7EB18A,VN_ADMIN_2025,VNA25-3FADF8754C,MERGED_INTO
VN_ADMIN_PRE_2025,VNAP25-3AFDEE3F4A,VN_ADMIN_2025,VNA25-DB6BF7B16A,MERGED_INTO
VN_ADMIN_PRE_2025,VNAP25-F333CF3259,VN_ADMIN_2025,VNA25-D28651BADD,MERGED_INTO
VN_ADMIN_PRE_2025,VNAP25-61EF393D78,VN_ADMIN_2025,VNA25-D28651BADD,MERGED_INTO
VN_ADMIN_PRE_2025,VNAP25-A02F791570,VN_ADMIN_2025,VNA25-D28651BADD,MERGED_INTO
VN_ADMIN_PRE_2025,VNAP25-62134BF59C,VN_ADMIN_2025,VNA25-DB6BF7B16A,MERGED_INTO
VN_ADMIN_PRE_2025,VNAP25-99E77319A2,VN_ADMIN_2025,VNA25-3FADF8754C,MERGED_INTO
VN_ADMIN_PRE_2025,VNAP25-7D71A008AF,VN_ADMIN_2025,VNA25-E774E58B1C,MERGED_INTO
VN_ADMIN_PRE_2025,VNAP25-7E92060A50,VN_ADMIN_2025,VNA25-FC9BF60B6F,MERGED_INTO
VN_ADMIN_PRE_2025,VNAP25-29EF62417F,VN_ADMIN_2025,VNA25-55955F6B23,MERGED_INTO
VN_ADMIN_PRE_2025,VNAP25-5580D5DB9D,VN_ADMIN_2025,VNA25-06A24E5AD2,MERGED_INTO
VN_ADMIN_PRE_2025,VNAP25-A780B2B692,VN_ADMIN_2025,VNA25-5E3CF9CFAE,MERGED_INTO
VN_ADMIN_PRE_2025,VNAP25-212FDE1742,VN_ADMIN_2025,VNA25-E774E58B1C,MERGED_INTO
VN_ADMIN_PRE_2025,VNAP25-7FADD6BB05,VN_ADMIN_2025,VNA25-55955F6B23,MERGED_INTO
VN_ADMIN_PRE_2025,VNAP25-E69FAF36B0,VN_ADMIN_2025,VNA25-FC9BF60B6F,MERGED_INTO
VN_ADMIN_PRE_2025,VNAP25-D83BC85ECF,VN_ADMIN_2025,VNA25-06A24E5AD2,MERGED_INTO
VN_ADMIN_PRE_2025,VNAP25-6427137367,VN_ADMIN_2025,VNA25-06A24E5AD2,MERGED_INTO
VN_ADMIN_PRE_2025,VNAP25-C018D95D03,VN_ADMIN_2025,VNA25-6AEDD4FB36,MERGED_INTO
VN_ADMIN_PRE_2025,VNAP25-C3430F40C8,VN_ADMIN_2025,VNA25-51729F2849,MERGED_INTO
VN_ADMIN_PRE_2025,VNAP25-530DEF42FC,VN_ADMIN_2025,VNA25-5E3CF9CFAE,MERGED_INTO
VN_ADMIN_PRE_2025,VNAP25-37A40F1B38,VN_ADMIN_2025,VNA25-51729F2849,MERGED_INTO
VN_ADMIN_PRE_2025,VNAP25-8642D2D53B,VN_ADMIN_2025,VNA25-E774E58B1C,MERGED_INTO
VN_ADMIN_PRE_2025,VNAP25-0C185E51A5,VN_ADMIN_2025,VNA25-6AEDD4FB36,MERGED_INTO
VN_ADMIN_PRE_2025,VNAP25-087AF4CDD1,VN_ADMIN_2025,VNA25-55955F6B23,MERGED_INTO
VN_ADMIN_PRE_2025,VNAP25-3E0E4DC594,VN_ADMIN_2025,VNA25-6AEDD4FB36,MERGED_INTO
VN_ADMIN_PRE_2025,VNAP25-28073C0734,VN_ADMIN_2025,VNA25-55955F6B23,MERGED_INTO
VN_ADMIN_PRE_2025,VNAP25-6326544BBF,VN_ADMIN_2025,VNA25-51729F2849,MERGED_INTO
VN_ADMIN_PRE_2025,VNAP25-99409D6283,VN_ADMIN_2025,VNA25-6AEDD4FB36,MERGED_INTO
VN_ADMIN_PRE_2025,VNAP25-E6BFE33D95,VN_ADMIN_2025,VNA25-EC22BF6A37,MERGED_INTO
VN_ADMIN_PRE_2025,VNAP25-02EA5FE70E,VN_ADMIN_2025,VNA25-F6D0EE688E,MERGED_INTO
VN_ADMIN_PRE_2025,VNAP25-4460DECA23,VN_ADMIN_2025,VNA25-F6D0EE688E,MERGED_INTO
VN_ADMIN_PRE_2025,VNAP25-DA462FB42D,VN_ADMIN_2025,VNA25-6E7E755AFD,MERGED_INTO
VN_ADMIN_PRE_2025,VNAP25-E6549F7F20,VN_ADMIN_2025,VNA25-122EBD8219,MERGED_INTO
VN_ADMIN_PRE_2025,VNAP25-7E672D408A,VN_ADMIN_2025,VNA25-EC22BF6A37,MERGED_INTO
VN_ADMIN_PRE_2025,VNAP25-F65F1B337F,VN_ADMIN_2025,VNA25-6E7E755AFD,MERGED_INTO
VN_ADMIN_PRE_2025,VNAP25-3390A11CE7,VN_ADMIN_2025,VNA25-1FEADE2D94,MERGED_INTO
VN_ADMIN_PRE_2025,VNAP25-BF0295C341,VN_ADMIN_2025,VNA25-F6D0EE688E,MERGED_INTO
VN_ADMIN_PRE_2025,VNAP25-FFBBF5BC78,VN_ADMIN_2025,VNA25-6E7E755AFD,MERGED_INTO
VN_ADMIN_PRE_2025,VNAP25-F5EC7F562F,VN_ADMIN_2025,VNA25-F6D0EE688E,MERGED_INTO
VN_ADMIN_PRE_2025,VNAP25-A28DAD3A66,VN_ADMIN_2025,VNA25-F6D0EE688E,MERGED_INTO
VN_ADMIN_PRE_2025,VNAP25-EEEE2D1F78,VN_ADMIN_2025,VNA25-122EBD8219,MERGED_INTO
VN_ADMIN_PRE_2025,VNAP25-1A3B1AD888,VN_ADMIN_2025,VNA25-122EBD8219,MERGED_INTO
VN_ADMIN_PRE_2025,VNAP25-29E0D253F5,VN_ADMIN_2025,VNA25-1FEADE2D94,MERGED_INTO
VN_ADMIN_PRE_2025,VNAP25-3A83B11735,VN_ADMIN_2025,VNA25-8750AF29DB,MERGED_INTO
VN_ADMIN_PRE_2025,VNAP25-6A81A90D3A,VN_ADMIN_2025,VNA25-8750AF29DB,MERGED_INTO
VN_ADMIN_PRE_2025,VNAP25-3CABFE0544,VN_ADMIN_2025,VNA25-DE24741959,MERGED_INTO
VN_ADMIN_PRE_2025,VNAP25-9913592BD8,VN_ADMIN_2025,VNA25-6E7E755AFD,MERGED_INTO
VN_ADMIN_PRE_2025,VNAP25-5BC4FE571C,VN_ADMIN_2025,VNA25-8750AF29DB,MERGED_INTO
VN_ADMIN_PRE_2025,VNAP25-8DB402FF1C,VN_ADMIN_2025,VNA25-6E7E755AFD,MERGED_INTO
VN_ADMIN_PRE_2025,VNAP25-D4F21378DB,VN_ADMIN_2025,VNA25-1FEADE2D94,MERGED_INTO
VN_ADMIN_PRE_2025,VNAP25-54C6DE4F0A,VN_ADMIN_2025,VNA25-DE24741959,MERGED_INTO
VN_ADMIN_PRE_2025,VNAP25-AFE10C5277,VN_ADMIN_2025,VNA25-EC22BF6A37,MERGED_INTO
VN_ADMIN_PRE_2025,VNAP25-AA8E84D193,VN_ADMIN_2025,VNA25-EC22BF6A37,MERGED_INTO
VN_ADMIN_PRE_2025,VNAP25-4CF53B3D93,VN_ADMIN_2025,VNA25-B944EA9B58,MERGED_INTO
VN_ADMIN_PRE_2025,VNAP25-8ADE13CAC1,VN_ADMIN_2025,VNA25-20BD9BF2D7,MERGED_INTO
VN_ADMIN_PRE_2025,VNAP25-D889E738A5,VN_ADMIN_2025,VNA25-0B05EC6AB7,MERGED_INTO
VN_ADMIN_PRE_2025,VNAP25-DDD09AEDD2,VN_ADMIN_2025,VNA25-9A713910C0,MERGED_INTO
VN_ADMIN_PRE_2025,VNAP25-E6DAD53921,VN_ADMIN_2025,VNA25-D30EFC3C2F,MERGED_INTO
VN_ADMIN_PRE_2025,VNAP25-860CD4F39C,VN_ADMIN_2025,VNA25-112CEFB0E0,MERGED_INTO
VN_ADMIN_PRE_2025,VNAP25-752C8263FA,VN_ADMIN_2025,VNA25-112CEFB0E0,MERGED_INTO
VN_ADMIN_PRE_2025,VNAP25-06FDB3161C,VN_ADMIN_2025,VNA25-B944EA9B58,MERGED_INTO
VN_ADMIN_PRE_2025,VNAP25-4E6FF94F34,VN_ADMIN_2025,VNA25-112CEFB0E0,MERGED_INTO
VN_ADMIN_PRE_2025,VNAP25-FA74700BBF,VN_ADMIN_2025,VNA25-62F1D1A8C6,MERGED_INTO
VN_ADMIN_PRE_2025,VNAP25-CF3BC9501C,VN_ADMIN_2025,VNA25-D30EFC3C2F,MERGED_INTO
VN_ADMIN_PRE_2025,VNAP25-55B33C8513,VN_ADMIN_2025,VNA25-9A713910C0,MERGED_INTO
VN_ADMIN_PRE_2025,VNAP25-FDE43E4B39,VN_ADMIN_2025,VNA25-62F1D1A8C6,MERGED_INTO
VN_ADMIN_PRE_2025,VNAP25-FE2DDCA54E,VN_ADMIN_2025,VNA25-D30EFC3C2F,MERGED_INTO
VN_ADMIN_PRE_2025,VNAP25-EAB68CD666,VN_ADMIN_2025,VNA25-0B05EC6AB7,MERGED_INTO
VN_ADMIN_PRE_2025,VNAP25-2DEFAB4544,VN_ADMIN_2025,VNA25-62F1D1A8C6,MERGED_INTO
VN_ADMIN_PRE_2025,VNAP25-5BC6AFA785,VN_ADMIN_2025,VNA25-112CEFB0E0,MERGED_INTO
VN_ADMIN_PRE_2025,VNAP25-8F402DADA8,VN_ADMIN_2025,VNA25-9A713910C0,MERGED_INTO
VN_ADMIN_PRE_2025,VNAP25-FE9C039B53,VN_ADMIN_2025,VNA25-9A713910C0,MERGED_INTO
VN_ADMIN_PRE_2025,VNAP25-430F43D03B,VN_ADMIN_2025,VNA25-20BD9BF2D7,MERGED_INTO
VN_ADMIN_PRE_2025,VNAP25-BD91CEA269,VN_ADMIN_2025,VNA25-F90AF7D792,MERGED_INTO
VN_ADMIN_PRE_2025,VNAP25-9FC2EF5FC7,VN_ADMIN_2025,VNA25-E709F03FC1,MERGED_INTO
VN_ADMIN_PRE_2025,VNAP25-6F7C65016F,VN_ADMIN_2025,VNA25-E709F03FC1,MERGED_INTO
VN_ADMIN_PRE_2025,VNAP25-AC9AC4DAF4,VN_ADMIN_2025,VNA25-F90AF7D792,MERGED_INTO
VN_ADMIN_PRE_2025,VNAP25-68B5D362D0,VN_ADMIN_2025,VNA25-F90AF7D792,MERGED_INTO
VN_ADMIN_PRE_2025,VNAP25-CBE7FF28B0,VN_ADMIN_2025,VNA25-4C24E940C3,MERGED_INTO
VN_ADMIN_PRE_2025,VNAP25-D5F6E062E5,VN_ADMIN_2025,VNA25-E709F03FC1,MERGED_INTO
VN_ADMIN_PRE_2025,VNAP25-32CE081340,VN_ADMIN_2025,VNA25-4C24E940C3,MERGED_INTO
VN_ADMIN_PRE_2025,VNAP25-029E0C6FFB,VN_ADMIN_2025,VNA25-4C24E940C3,MERGED_INTO
VN_ADMIN_PRE_2025,VNAP25-1C7CAC9632,VN_ADMIN_2025,VNA25-5CD9469CAB,MERGED_INTO
VN_ADMIN_PRE_2025,VNAP25-DD9BD580EC,VN_ADMIN_2025,VNA25-83A2C8F004,MERGED_INTO
VN_ADMIN_PRE_2025,VNAP25-2282528205,VN_ADMIN_2025,VNA25-83A2C8F004,MERGED_INTO
VN_ADMIN_PRE_2025,VNAP25-4E61C1A874,VN_ADMIN_2025,VNA25-83A2C8F004,MERGED_INTO
VN_ADMIN_PRE_2025,VNAP25-B0AC7DA90F,VN_ADMIN_2025,VNA25-644D25AA18,MERGED_INTO
VN_ADMIN_PRE_2025,VNAP25-30D93FD75F,VN_ADMIN_2025,VNA25-0E00E76387,MERGED_INTO
VN_ADMIN_PRE_2025,VNAP25-44D01BB4EC,VN_ADMIN_2025,VNA25-8BC78D87A8,MERGED_INTO
VN_ADMIN_PRE_2025,VNAP25-6DCDFDB99E,VN_ADMIN_2025,VNA25-5CD9469CAB,MERGED_INTO
VN_ADMIN_PRE_2025,VNAP25-2D3A1E4486,VN_ADMIN_2025,VNA25-B1421D8AF3,MERGED_INTO
VN_ADMIN_PRE_2025,VNAP25-441167CAC3,VN_ADMIN_2025,VNA25-BBE01B280D,MERGED_INTO
VN_ADMIN_PRE_2025,VNAP25-F87EF26165,VN_ADMIN_2025,VNA25-B1421D8AF3,MERGED_INTO
VN_ADMIN_PRE_2025,VNAP25-0385F2517F,VN_ADMIN_2025,VNA25-5CD9469CAB,MERGED_INTO
VN_ADMIN_PRE_2025,VNAP25-6D91F243EF,VN_ADMIN_2025,VNA25-D0DC026810,MERGED_INTO
VN_ADMIN_PRE_2025,VNAP25-B3FF6AAF66,VN_ADMIN_2025,VNA25-644D25AA18,MERGED_INTO
VN_ADMIN_PRE_2025,VNAP25-A16AC7DFC6,VN_ADMIN_2025,VNA25-0E00E76387,MERGED_INTO
VN_ADMIN_PRE_2025,VNAP25-902FD1FC12,VN_ADMIN_2025,VNA25-D0DC026810,MERGED_INTO
VN_ADMIN_PRE_2025,VNAP25-D116316432,VN_ADMIN_2025,VNA25-8BC78D87A8,MERGED_INTO
VN_ADMIN_PRE_2025,VNAP25-D01DE4A98F,VN_ADMIN_2025,VNA25-BEC60F6BF9,MERGED_INTO
VN_ADMIN_PRE_2025,VNAP25-86F82E158E,VN_ADMIN_2025,VNA25-BEC60F6BF9,MERGED_INTO
VN_ADMIN_PRE_2025,VNAP25-4381F9304D,VN_ADMIN_2025,VNA25-83A2C8F004,MERGED_INTO
VN_ADMIN_PRE_2025,VNAP25-834E380DA2,VN_ADMIN_2025,VNA25-83A2C8F004,MERGED_INTO
VN_ADMIN_PRE_2025,VNAP25-BCCA0BF6C2,VN_ADMIN_2025,VNA25-D0DC026810,MERGED_INTO
VN_ADMIN_PRE_2025,VNAP25-80519DBC78,VN_ADMIN_2025,VNA25-BBE01B280D,MERGED_INTO
VN_ADMIN_PRE_2025,VNAP25-7DECBF1F2A,VN_ADMIN_2025,VNA25-D0DC026810,MERGED_INTO
VN_ADMIN_PRE_2025,VNAP25-157773372B,VN_ADMIN_2025,VNA25-0E00E76387,MERGED_INTO
VN_ADMIN_PRE_2025,VNAP25-3445375C6D,VN_ADMIN_2025,VNA25-BEC60F6BF9,MERGED_INTO
VN_ADMIN_PRE_2025,VNAP25-D3F58D7336,VN_ADMIN_2025,VNA25-8BC78D87A8,MERGED_INTO
VN_ADMIN_PRE_2025,VNAP25-F78A325C2E,VN_ADMIN_2025,VNA25-8BC78D87A8,MERGED_INTO
VN_ADMIN_PRE_2025,VNAP25-ED631B75C2,VN_ADMIN_2025,VNA25-B1421D8AF3,MERGED_INTO
VN_ADMIN_PRE_2025,VNAP25-5DAA71B1FF,VN_ADMIN_2025,VNA25-A675C0E64A,SAME_AS
VN_ADMIN_PRE_2025,VNAP25-CD6DB8465B,VN_ADMIN_2025,VNA25-B3A166004E,SAME_AS
VN_ADMIN_PRE_2025,VNAP25-4CBC5D9371,VN_ADMIN_2025,VNA25-5DEADDFC3C,MERGED_INTO
VN_ADMIN_PRE_2025,VNAP25-4FB135443F,VN_ADMIN_2025,VNA25-F6784D687C,MERGED_INTO
VN_ADMIN_PRE_2025,VNAP25-E97A3D8AA4,VN_ADMIN_2025,VNA25-5D7A5ACD8D,MERGED_INTO
VN_ADMIN_PRE_2025,VNAP25-3169B3F066,VN_ADMIN_2025,VNA25-F6784D687C,MERGED_INTO
VN_ADMIN_PRE_2025,VNAP25-8710CE9E4F,VN_ADMIN_2025,VNA25-6D6D2A9F28,MERGED_INTO
VN_ADMIN_PRE_2025,VNAP25-0692C8D46B,VN_ADMIN_2025,VNA25-8B591AE6C8,MERGED_INTO
VN_ADMIN_PRE_2025,VNAP25-B127FE7EE8,VN_ADMIN_2025,VNA25-6D6D2A9F28,MERGED_INTO
VN_ADMIN_PRE_2025,VNAP25-26F1E2A636,VN_ADMIN_2025,VNA25-8B591AE6C8,MERGED_INTO
VN_ADMIN_PRE_2025,VNAP25-0F7D730B27,VN_ADMIN_2025,VNA25-5DEADDFC3C,MERGED_INTO
VN_ADMIN_PRE_2025,VNAP25-5E189A21E4,VN_ADMIN_2025,VNA25-5DEADDFC3C,MERGED_INTO
VN_ADMIN_PRE_2025,VNAP25-6554922BA7,VN_ADMIN_2025,VNA25-5D7A5ACD8D,MERGED_INTO
VN_ADMIN_PRE_2025,VNAP25-34D4B00CCB,VN_ADMIN_2025,VNA25-B334C6E173,MERGED_INTO
VN_ADMIN_PRE_2025,VNAP25-165E40F2BE,VN_ADMIN_2025,VNA25-0D73ABDF9A,MERGED_INTO
VN_ADMIN_PRE_2025,VNAP25-59435D7B5B,VN_ADMIN_2025,VNA25-B334C6E173,MERGED_INTO
VN_ADMIN_PRE_2025,VNAP25-C9C26AEE43,VN_ADMIN_2025,VNA25-0D73ABDF9A,MERGED_INTO
VN_ADMIN_PRE_2025,VNAP25-71EE31A727,VN_ADMIN_2025,VNA25-B737C25AE2,MERGED_INTO
VN_ADMIN_PRE_2025,VNAP25-BAEE3AC7A8,VN_ADMIN_2025,VNA25-4BE906752A,MERGED_INTO
VN_ADMIN_PRE_2025,VNAP25-664181398E,VN_ADMIN_2025,VNA25-4BE906752A,MERGED_INTO
VN_ADMIN_PRE_2025,VNAP25-47F9C4C61C,VN_ADMIN_2025,VNA25-76604ECB72,MERGED_INTO
VN_ADMIN_PRE_2025,VNAP25-62B9ED3D4B,VN_ADMIN_2025,VNA25-4BE906752A,MERGED_INTO
VN_ADMIN_PRE_2025,VNAP25-A6C4364950,VN_ADMIN_2025,VNA25-4BE906752A,MERGED_INTO
VN_ADMIN_PRE_2025,VNAP25-98AAB30354,VN_ADMIN_2025,VNA25-FBF0A01774,MERGED_INTO
VN_ADMIN_PRE_2025,VNAP25-BCD4E6B938,VN_ADMIN_2025,VNA25-B737C25AE2,MERGED_INTO
VN_ADMIN_PRE_2025,VNAP25-CB5F07FEDF,VN_ADMIN_2025,VNA25-B737C25AE2,MERGED_INTO
VN_ADMIN_PRE_2025,VNAP25-D05AB38023,VN_ADMIN_2025,VNA25-1DDAB3D63D,MERGED_INTO
VN_ADMIN_PRE_2025,VNAP25-5A8F086E54,VN_ADMIN_2025,VNA25-B737C25AE2,MERGED_INTO
VN_ADMIN_PRE_2025,VNAP25-F1A312521D,VN_ADMIN_2025,VNA25-4BE906752A,MERGED_INTO
VN_ADMIN_PRE_2025,VNAP25-8C5ECC9F4D,VN_ADMIN_2025,VNA25-76604ECB72,MERGED_INTO
VN_ADMIN_PRE_2025,VNAP25-564A43A84F,VN_ADMIN_2025,VNA25-76604ECB72,MERGED_INTO
VN_ADMIN_PRE_2025,VNAP25-4B7586DEFE,VN_ADMIN_2025,VNA25-828080770D,MERGED_INTO
VN_ADMIN_PRE_2025,VNAP25-7C1DA53B20,VN_ADMIN_2025,VNA25-828080770D,MERGED_INTO
VN_ADMIN_PRE_2025,VNAP25-FE32D6B43F,VN_ADMIN_2025,VNA25-828080770D,MERGED_INTO
VN_ADMIN_PRE_2025,VNAP25-9CA7133FC7,VN_ADMIN_2025,VNA25-FBF0A01774,MERGED_INTO
VN_ADMIN_PRE_2025,VNAP25-8314C8902E,VN_ADMIN_2025,VNA25-FBF0A01774,MERGED_INTO
VN_ADMIN_PRE_2025,VNAP25-A0FED1D87F,VN_ADMIN_2025,VNA25-1DDAB3D63D,MERGED_INTO
VN_ADMIN_PRE_2025,VNAP25-FCBF9D3676,VN_ADMIN_2025,VNA25-76604ECB72,MERGED_INTO
VN_ADMIN_PRE_2025,VNAP25-B953A53D25,VN_ADMIN_2025,VNA25-828080770D,MERGED_INTO
VN_ADMIN_PRE_2025,VNAP25-2DE4ECCECA,VN_ADMIN_2025,VNA25-1DDAB3D63D,MERGED_INTO
VN_ADMIN_PRE_2025,VNAP25-9D74C58564,VN_ADMIN_2025,VNA25-828080770D,MERGED_INTO
VN_ADMIN_PRE_2025,VNAP25-594176AD89,VN_ADMIN_2025,VNA25-828080770D,MERGED_INTO
VN_ADMIN_PRE_2025,VNAP25-B6304F8D0B,VN_ADMIN_2025,VNA25-1DDAB3D63D,MERGED_INTO
VN_ADMIN_PRE_2025,VNAP25-1D36E6F8DA,VN_ADMIN_2025,VNA25-1DDAB3D63D,MERGED_INTO
VN_ADMIN_PRE_2025,VNAP25-715C6180B2,VN_ADMIN_2025,VNA25-FBF0A01774,MERGED_INTO
VN_ADMIN_PRE_2025,VNAP25-EDA114DB7A,VN_ADMIN_2025,VNA25-4BE906752A,MERGED_INTO
VN_ADMIN_PRE_2025,VNAP25-5A6FA2FC1A,VN_ADMIN_2025,VNA25-828080770D,MERGED_INTO
VN_ADMIN_PRE_2025,VNAP25-E026AF9281,VN_ADMIN_2025,VNA25-B737C25AE2,MERGED_INTO
VN_ADMIN_PRE_2025,VNAP25-7E01CC278F,VN_ADMIN_2025,VNA25-B737C25AE2,MERGED_INTO
VN_ADMIN_PRE_2025,VNAP25-9B700E12A9,VN_ADMIN_2025,VNA25-B737C25AE2,MERGED_INTO
VN_ADMIN_PRE_2025,VNAP25-DC54609F1C,VN_ADMIN_2025,VNA25-B4F8CD40F0,MERGED_INTO
VN_ADMIN_PRE_2025,VNAP25-3F37543AF1,VN_ADMIN_2025,VNA25-6E55F6C7C7,MERGED_INTO
VN_ADMIN_PRE_2025,VNAP25-1630BD0641,VN_ADMIN_2025,VNA25-1169B929D4,MERGED_INTO
VN_ADMIN_PRE_2025,VNAP25-6A84B015D0,VN_ADMIN_2025,VNA25-7FAA7354F7,MERGED_INTO
VN_ADMIN_PRE_2025,VNAP25-345818A9DA,VN_ADMIN_2025,VNA25-1950CC3667,MERGED_INTO
VN_ADMIN_PRE_2025,VNAP25-D4C80926D6,VN_ADMIN_2025,VNA25-0C0DE4BC49,MERGED_INTO
VN_ADMIN_PRE_2025,VNAP25-1DD3EF5132,VN_ADMIN_2025,VNA25-2AFAAEF85A,MERGED_INTO
VN_ADMIN_PRE_2025,VNAP25-16C95BB059,VN_ADMIN_2025,VNA25-7FAA7354F7,MERGED_INTO
VN_ADMIN_PRE_2025,VNAP25-BD8C49D65F,VN_ADMIN_2025,VNA25-1950CC3667,MERGED_INTO
VN_ADMIN_PRE_2025,VNAP25-E62FF13461,VN_ADMIN_2025,VNA25-2AFAAEF85A,MERGED_INTO
VN_ADMIN_PRE_2025,VNAP25-E79AB301EF,VN_ADMIN_2025,VNA25-B57BFD27A0,MERGED_INTO
VN_ADMIN_PRE_2025,VNAP25-F6F710456D,VN_ADMIN_2025,VNA25-6E55F6C7C7,MERGED_INTO
VN_ADMIN_PRE_2025,VNAP25-48F64E2194,VN_ADMIN_2025,VNA25-0C0DE4BC49,MERGED_INTO
VN_ADMIN_PRE_2025,VNAP25-131A98ED33,VN_ADMIN_2025,VNA25-8D6E3DF753,MERGED_INTO
VN_ADMIN_PRE_2025,VNAP25-840F6E01D9,VN_ADMIN_2025,VNA25-B57BFD27A0,MERGED_INTO
VN_ADMIN_PRE_2025,VNAP25-BFDEAF2633,VN_ADMIN_2025,VNA25-B4F8CD40F0,MERGED_INTO
VN_ADMIN_PRE_2025,VNAP25-06ED443152,VN_ADMIN_2025,VNA25-1169B929D4,MERGED_INTO
VN_ADMIN_PRE_2025,VNAP25-E6C3F28FB1,VN_ADMIN_2025,VNA25-2AFAAEF85A,MERGED_INTO
VN_ADMIN_PRE_2025,VNAP25-7AEB2428AF,VN_ADMIN_2025,VNA25-1950CC3667,MERGED_INTO
VN_ADMIN_PRE_2025,VNAP25-504C145133,VN_ADMIN_2025,VNA25-6E55F6C7C7,MERGED_INTO
VN_ADMIN_PRE_2025,VNAP25-EF50DA787F,VN_ADMIN_2025,VNA25-0C0DE4BC49,MERGED_INTO
VN_ADMIN_PRE_2025,VNAP25-85BBB368D9,VN_ADMIN_2025,VNA25-7FAA7354F7,MERGED_INTO
VN_ADMIN_PRE_2025,VNAP25-0869ABC1E9,VN_ADMIN_2025,VNA25-8D6E3DF753,MERGED_INTO
VN_ADMIN_PRE_2025,VNAP25-9BCF2BFB44,VN_ADMIN_2025,VNA25-8D6E3DF753,MERGED_INTO
VN_ADMIN_PRE_2025,VNAP25-718CA54C01,VN_ADMIN_2025,VNA25-1169B929D4,MERGED_INTO
VN_ADMIN_PRE_2025,VNAP25-89313DDEBF,VN_ADMIN_2025,VNA25-0C0DE4BC49,MERGED_INTO
VN_ADMIN_PRE_2025,VNAP25-70CF494CB2,VN_ADMIN_2025,VNA25-B4F8CD40F0,MERGED_INTO
VN_ADMIN_PRE_2025,VNAP25-3B6A3F0541,VN_ADMIN_2025,VNA25-7FAA7354F7,MERGED_INTO
VN_ADMIN_PRE_2025,VNAP25-6B2F4819EE,VN_ADMIN_2025,VNA25-B57BFD27A0,MERGED_INTO
VN_ADMIN_PRE_2025,VNAP25-B8B3A1305B,VN_ADMIN_2025,VNA25-6E55F6C7C7,MERGED_INTO
VN_ADMIN_PRE_2025,VNAP25-E3BEA54C98,VN_ADMIN_2025,VNA25-6E55F6C7C7,MERGED_INTO
VN_ADMIN_PRE_2025,VNAP25-73C5205250,VN_ADMIN_2025,VNA25-B4F8CD40F0,MERGED_INTO
VN_ADMIN_PRE_2025,VNAP25-59B679880F,VN_ADMIN_2025,VNA25-3C245FF17D,MERGED_INTO
VN_ADMIN_PRE_2025,VNAP25-22C4C6E28E,VN_ADMIN_2025,VNA25-EA385CCF14,MERGED_INTO
VN_ADMIN_PRE_2025,VNAP25-B0DECBC60F,VN_ADMIN_2025,VNA25-C1ADF6103D,MERGED_INTO
VN_ADMIN_PRE_2025,VNAP25-D108950E96,VN_ADMIN_2025,VNA25-35ECD8E916,MERGED_INTO
VN_ADMIN_PRE_2025,VNAP25-14ED6352F5,VN_ADMIN_2025,VNA25-C1ADF6103D,MERGED_INTO
VN_ADMIN_PRE_2025,VNAP25-71A914D5B5,VN_ADMIN_2025,VNA25-C1ADF6103D,MERGED_INTO
VN_ADMIN_PRE_2025,VNAP25-CA3C7E8CC9,VN_ADMIN_2025,VNA25-EA385CCF14,MERGED_INTO
VN_ADMIN_PRE_2025,VNAP25-AAEC5ABBCA,VN_ADMIN_2025,VNA25-95B2057209,MERGED_INTO
VN_ADMIN_PRE_2025,VNAP25-41AC159FE2,VN_ADMIN_2025,VNA25-44E978E812,MERGED_INTO
VN_ADMIN_PRE_2025,VNAP25-F28D47F8F4,VN_ADMIN_2025,VNA25-35ECD8E916,SPLIT_INTO
VN_ADMIN_PRE_2025,VNAP25-F28D47F8F4,VN_ADMIN_2025,VNA25-44E978E812,SPLIT_INTO
VN_ADMIN_PRE_2025,VNAP25-B4C3336BBE,VN_ADMIN_2025,VNA25-376B546F78,MERGED_INTO
VN_ADMIN_PRE_2025,VNAP25-20F1B17C7D,VN_ADMIN_2025,VNA25-376B546F78,MERGED_INTO
VN_ADMIN_PRE_2025,VNAP25-391979DF92,VN_ADMIN_2025,VNA25-95B2057209,MERGED_INTO
VN_ADMIN_PRE_2025,VNAP25-9DF8290E57,VN_ADMIN_2025,VNA25-35ECD8E916,MERGED_INTO
VN_ADMIN_PRE_2025,VNAP25-C3BFFE269D,VN_ADMIN_2025,VNA25-376B546F78,MERGED_INTO
VN_ADMIN_PRE_2025,VNAP25-8FCF1F1596,VN_ADMIN_2025,VNA25-EA385CCF14,MERGED_INTO
VN_ADMIN_PRE_2025,VNAP25-C636B973F5,VN_ADMIN_2025,VNA25-3C245FF17D,MERGED_INTO
VN_ADMIN_PRE_2025,VNAP25-0CFF068D74,VN_ADMIN_2025,VNA25-95B2057209,MERGED_INTO
VN_ADMIN_PRE_2025,VNAP25-170CAFE9D5,VN_ADMIN_2025,VNA25-9627ED9403,MERGED_INTO
VN_ADMIN_PRE_2025,VNAP25-B4F8645D27,VN_ADMIN_2025,VNA25-9627ED9403,MERGED_INTO
VN_ADMIN_PRE_2025,VNAP25-ED2D334174,VN_ADMIN_2025,VNA25-9627ED9403,MERGED_INTO
VN_ADMIN_PRE_2025,VNAP25-52C43D1349,VN_ADMIN_2025,VNA25-9627ED9403,MERGED_INTO
VN_ADMIN_PRE_2025,VNAP25-D886A46809,VN_ADMIN_2025,VNA25-EEF227C1DC,MERGED_INTO
VN_ADMIN_PRE_2025,VNAP25-B48E312474,VN_ADMIN_2025,VNA25-44E978E812,MERGED_INTO
VN_ADMIN_PRE_2025,VNAP25-8790F92397,VN_ADMIN_2025,VNA25-EEF227C1DC,MERGED_INTO
VN_ADMIN_PRE_2025,VNAP25-6E9D52DBB8,VN_ADMIN_2025,VNA25-44E978E812,MERGED_INTO
VN_ADMIN_PRE_2025,VNAP25-E399D1E22D,VN_ADMIN_2025,VNA25-9627ED9403,MERGED_INTO
VN_ADMIN_PRE_2025,VNAP25-D6A57CD1B4,VN_ADMIN_2025,VNA25-9627ED9403,MERGED_INTO
VN_ADMIN_PRE_2025,VNAP25-6E8CB609D6,VN_ADMIN_2025,VNA25-9627ED9403,MERGED_INTO
VN_ADMIN_PRE_2025,VNAP25-2680B6CC5A,VN_ADMIN_2025,VNA25-9627ED9403,MERGED_INTO
VN_ADMIN_PRE_2025,VNAP25-80CF7A34D6,VN_ADMIN_2025,VNA25-EEF227C1DC,MERGED_INTO
VN_ADMIN_PRE_2025,VNAP25-3BFB883386,VN_ADMIN_2025,VNA25-0CC226094B,MERGED_INTO
VN_ADMIN_PRE_2025,VNAP25-EFD3DE5A77,VN_ADMIN_2025,VNA25-EEF227C1DC,MERGED_INTO
VN_ADMIN_PRE_2025,VNAP25-2EDA2BBAE7,VN_ADMIN_2025,VNA25-9627ED9403,MERGED_INTO
VN_ADMIN_PRE_2025,VNAP25-5DD20E1C9D,VN_ADMIN_2025,VNA25-EEF227C1DC,MERGED_INTO
VN_ADMIN_PRE_2025,VNAP25-6EF40C97E2,VN_ADMIN_2025,VNA25-9627ED9403,MERGED_INTO
VN_ADMIN_PRE_2025,VNAP25-0674A5E5B8,VN_ADMIN_2025,VNA25-44E978E812,MERGED_INTO
VN_ADMIN_PRE_2025,VNAP25-9C75A5391F,VN_ADMIN_2025,VNA25-9627ED9403,MERGED_INTO
VN_ADMIN_PRE_2025,VNAP25-B2EE54EB4E,VN_ADMIN_2025,VNA25-F60FDBBA93,MERGED_INTO
VN_ADMIN_PRE_2025,VNAP25-D16C21710D,VN_ADMIN_2025,VNA25-BD05FD74F8,MERGED_INTO
VN_ADMIN_PRE_2025,VNAP25-1F9B381398,VN_ADMIN_2025,VNA25-961658230B,MERGED_INTO
VN_ADMIN_PRE_2025,VNAP25-DE4FB26A7D,VN_ADMIN_2025,VNA25-BD05FD74F8,MERGED_INTO
VN_ADMIN_PRE_2025,VNAP25-77D6B5B191,VN_ADMIN_2025,VNA25-1C2C4897E0,MERGED_INTO
VN_ADMIN_PRE_2025,VNAP25-C1ADACB4F7,VN_ADMIN_2025,VNA25-8B506C5E5E,MERGED_INTO
VN_ADMIN_PRE_2025,VNAP25-A587CF1DAA,VN_ADMIN_2025,VNA25-961658230B,MERGED_INTO
VN_ADMIN_PRE_2025,VNAP25-55E77DE3D8,VN_ADMIN_2025,VNA25-F60FDBBA93,MERGED_INTO
VN_ADMIN_PRE_2025,VNAP25-4B05624F36,VN_ADMIN_2025,VNA25-1A824C4E18,MERGED_INTO
VN_ADMIN_PRE_2025,VNAP25-7FF344C142,VN_ADMIN_2025,VNA25-F60FDBBA93,MERGED_INTO
VN_ADMIN_PRE_2025,VNAP25-7B59B11E13,VN_ADMIN_2025,VNA25-AACF3A43BF,MERGED_INTO
VN_ADMIN_PRE_2025,VNAP25-29B8095789,VN_ADMIN_2025,VNA25-BD05FD74F8,MERGED_INTO
VN_ADMIN_PRE_2025,VNAP25-A1EC17DA61,VN_ADMIN_2025,VNA25-1C2C4897E0,MERGED_INTO
VN_ADMIN_PRE_2025,VNAP25-E8A2685B82,VN_ADMIN_2025,VNA25-AACF3A43BF,MERGED_INTO
VN_ADMIN_PRE_2025,VNAP25-06EEF307BC,VN_ADMIN_2025,VNA25-D8333776A9,MERGED_INTO
VN_ADMIN_PRE_2025,VNAP25-15DA4BF688,VN_ADMIN_2025,VNA25-8B506C5E5E,MERGED_INTO
VN_ADMIN_PRE_2025,VNAP25-B3A734EE12,VN_ADMIN_2025,VNA25-1A824C4E18,MERGED_INTO
VN_ADMIN_PRE_2025,VNAP25-3A297418A9,VN_ADMIN_2025,VNA25-8B506C5E5E,MERGED_INTO
VN_ADMIN_PRE_2025,VNAP25-E273E2A9B1,VN_ADMIN_2025,VNA25-D8333776A9,MERGED_INTO
VN_ADMIN_PRE_2025,VNAP25-63FDAF708F,VN_ADMIN_2025,VNA25-1A824C4E18,MERGED_INTO
VN_ADMIN_PRE_2025,VNAP25-8873931F40,VN_ADMIN_2025,VNA25-1C2C4897E0,MERGED_INTO
VN_ADMIN_PRE_2025,VNAP25-B5B521701A,VN_ADMIN_2025,VNA25-961658230B,MERGED_INTO
VN_ADMIN_PRE_2025,VNAP25-6756FD107F,VN_ADMIN_2025,VNA25-D8333776A9,MERGED_INTO
VN_ADMIN_PRE_2025,VNAP25-3DB7FF4930,VN_ADMIN_2025,VNA25-504E7D5DEF,MERGED_INTO
VN_ADMIN_PRE_2025,VNAP25-3046731F30,VN_ADMIN_2025,VNA25-783C370677,MERGED_INTO
VN_ADMIN_PRE_2025,VNAP25-E8C9C7A0B0,VN_ADMIN_2025,VNA25-85AC54A08D,MERGED_INTO
VN_ADMIN_PRE_2025,VNAP25-B817FD98CA,VN_ADMIN_2025,VNA25-4FA9A2FD08,MERGED_INTO
VN_ADMIN_PRE_2025,VNAP25-2CC5FB2B67,VN_ADMIN_2025,VNA25-4FA9A2FD08,MERGED_INTO
VN_ADMIN_PRE_2025,VNAP25-5300A02B17,VN_ADMIN_2025,VNA25-85AC54A08D,MERGED_INTO
VN_ADMIN_PRE_2025,VNAP25-D6D41E924A,VN_ADMIN_2025,VNA25-85AC54A08D,MERGED_INTO
VN_ADMIN_PRE_2025,VNAP25-C0483F679A,VN_ADMIN_2025,VNA25-CD3641B488,MERGED_INTO
VN_ADMIN_PRE_2025,VNAP25-C82187F958,VN_ADMIN_2025,VNA25-CDCBCB6323,MERGED_INTO
VN_ADMIN_PRE_2025,VNAP25-9A9C8DCF19,VN_ADMIN_2025,VNA25-783C370677,MERGED_INTO
VN_ADMIN_PRE_2025,VNAP25-A88D1B56A3,VN_ADMIN_2025,VNA25-9CD03A0560,MERGED_INTO
VN_ADMIN_PRE_2025,VNAP25-FDD89CEC07,VN_ADMIN_2025,VNA25-CD3641B488,MERGED_INTO
VN_ADMIN_PRE_2025,VNAP25-2EEC24E863,VN_ADMIN_2025,VNA25-CDCBCB6323,MERGED_INTO
VN_ADMIN_PRE_2025,VNAP25-39F62CD7E7,VN_ADMIN_2025,VNA25-44E978E812,MERGED_INTO
VN_ADMIN_PRE_2025,VNAP25-89E3E2E982,VN_ADMIN_2025,VNA25-062960A2E3,MERGED_INTO
VN_ADMIN_PRE_2025,VNAP25-5B7BC2C291,VN_ADMIN_2025,VNA25-9CD03A0560,MERGED_INTO
VN_ADMIN_PRE_2025,VNAP25-9142824AE4,VN_ADMIN_2025,VNA25-CDCBCB6323,MERGED_INTO
VN_ADMIN_PRE_2025,VNAP25-A2A934A002,VN_ADMIN_2025,VNA25-2AB68E3510,MERGED_INTO
VN_ADMIN_PRE_2025,VNAP25-71A0121834,VN_ADMIN_2025,VNA25-2AB68E3510,MERGED_INTO
VN_ADMIN_PRE_2025,VNAP25-E67DE7674F,VN_ADMIN_2025,VNA25-2AB68E3510,MERGED_INTO
VN_ADMIN_PRE_2025,VNAP25-6EE24BE068,VN_ADMIN_2025,VNA25-504E7D5DEF,MERGED_INTO
VN_ADMIN_PRE_2025,VNAP25-FBA8885119,VN_ADMIN_2025,VNA25-4FA9A2FD08,MERGED_INTO
VN_ADMIN_PRE_2025,VNAP25-FD7D579E2A,VN_ADMIN_2025,VNA25-783C370677,MERGED_INTO
VN_ADMIN_PRE_2025,VNAP25-43CEC2B28A,VN_ADMIN_2025,VNA25-79BBB8BD61,MERGED_INTO
VN_ADMIN_PRE_2025,VNAP25-F3D1947964,VN_ADMIN_2025,VNA25-1FE3477715,MERGED_INTO
VN_ADMIN_PRE_2025,VNAP25-A5BA87DE09,VN_ADMIN_2025,VNA25-1FE3477715,MERGED_INTO
VN_ADMIN_PRE_2025,VNAP25-D2677FA22B,VN_ADMIN_2025,VNA25-79BBB8BD61,MERGED_INTO
VN_ADMIN_PRE_2025,VNAP25-59D5A3EB14,VN_ADMIN_2025,VNA25-062960A2E3,MERGED_INTO
VN_ADMIN_PRE_2025,VNAP25-5743328920,VN_ADMIN_2025,VNA25-79BBB8BD61,MERGED_INTO
VN_ADMIN_PRE_2025,VNAP25-6641D2C3C0,VN_ADMIN_2025,VNA25-1FE3477715,MERGED_INTO
VN_ADMIN_PRE_2025,VNAP25-6B3A380D0D,VN_ADMIN_2025,VNA25-259C7EBF09,MERGED_INTO
VN_ADMIN_PRE_2025,VNAP25-C84AFFC838,VN_ADMIN_2025,VNA25-062960A2E3,MERGED_INTO
VN_ADMIN_PRE_2025,VNAP25-CC92877DE3,VN_ADMIN_2025,VNA25-0CC226094B,MERGED_INTO
VN_ADMIN_PRE_2025,VNAP25-E70CC4EBDD,VN_ADMIN_2025,VNA25-85478BD136,MERGED_INTO
VN_ADMIN_PRE_2025,VNAP25-11A6D3B221,VN_ADMIN_2025,VNA25-46D201DB1E,MERGED_INTO
VN_ADMIN_PRE_2025,VNAP25-A16D151D84,VN_ADMIN_2025,VNA25-0E27B49ECE,MERGED_INTO
VN_ADMIN_PRE_2025,VNAP25-F672D2F8DC,VN_ADMIN_2025,VNA25-46D201DB1E,MERGED_INTO
VN_ADMIN_PRE_2025,VNAP25-F12C957EC2,VN_ADMIN_2025,VNA25-0CC226094B,MERGED_INTO
VN_ADMIN_PRE_2025,VNAP25-CE3C11A70B,VN_ADMIN_2025,VNA25-824896FADB,MERGED_INTO
VN_ADMIN_PRE_2025,VNAP25-1E07FF59F2,VN_ADMIN_2025,VNA25-36956DA9B2,MERGED_INTO
VN_ADMIN_PRE_2025,VNAP25-3CA46EB0A2,VN_ADMIN_2025,VNA25-0E27B49ECE,MERGED_INTO
VN_ADMIN_PRE_2025,VNAP25-15BF66B36F,VN_ADMIN_2025,VNA25-824896FADB,MERGED_INTO
VN_ADMIN_PRE_2025,VNAP25-3C3C6D7C87,VN_ADMIN_2025,VNA25-36956DA9B2,MERGED_INTO
VN_ADMIN_PRE_2025,VNAP25-35A0BFFD5F,VN_ADMIN_2025,VNA25-0CC226094B,MERGED_INTO
VN_ADMIN_PRE_2025,VNAP25-11F680091D,VN_ADMIN_2025,VNA25-85478BD136,MERGED_INTO
VN_ADMIN_PRE_2025,VNAP25-AA46F6FF81,VN_ADMIN_2025,VNA25-0E27B49ECE,MERGED_INTO
VN_ADMIN_PRE_2025,VNAP25-356FEC7861,VN_ADMIN_2025,VNA25-824896FADB,MERGED_INTO
VN_ADMIN_PRE_2025,VNAP25-CBB9AC04DA,VN_ADMIN_2025,VNA25-85478BD136,MERGED_INTO
VN_ADMIN_PRE_2025,VNAP25-BBFF5D552F,VN_ADMIN_2025,VNA25-46D201DB1E,MERGED_INTO
VN_ADMIN_PRE_2025,VNAP25-E8D8ECB1E3,VN_ADMIN_2025,VNA25-46D201DB1E,MERGED_INTO
VN_ADMIN_PRE_2025,VNAP25-BE214F9D38,VN_ADMIN_2025,VNA25-2BBEA468AA,MERGED_INTO
VN_ADMIN_PRE_2025,VNAP25-4CE84FB3DE,VN_ADMIN_2025,VNA25-259C7EBF09,MERGED_INTO
VN_ADMIN_PRE_2025,VNAP25-74067BD107,VN_ADMIN_2025,VNA25-CBF1145911,MERGED_INTO
VN_ADMIN_PRE_2025,VNAP25-91B9A972DE,VN_ADMIN_2025,VNA25-2BBEA468AA,MERGED_INTO
VN_ADMIN_PRE_2025,VNAP25-FD5B7595ED,VN_ADMIN_2025,VNA25-55C18760FC,MERGED_INTO
VN_ADMIN_PRE_2025,VNAP25-407745433B,VN_ADMIN_2025,VNA25-55C18760FC,MERGED_INTO
VN_ADMIN_PRE_2025,VNAP25-48985128FE,VN_ADMIN_2025,VNA25-55C18760FC,MERGED_INTO
VN_ADMIN_PRE_2025,VNAP25-66C7589517,VN_ADMIN_2025,VNA25-374D2FA031,MERGED_INTO
VN_ADMIN_PRE_2025,VNAP25-4A1E1265CB,VN_ADMIN_2025,VNA25-374D2FA031,MERGED_INTO
VN_ADMIN_PRE_2025,VNAP25-49A70D01AE,VN_ADMIN_2025,VNA25-CBF1145911,MERGED_INTO
VN_ADMIN_PRE_2025,VNAP25-1F99D0C147,VN_ADMIN_2025,VNA25-259C7EBF09,MERGED_INTO
VN_ADMIN_PRE_2025,VNAP25-1F42B049EC,VN_ADMIN_2025,VNA25-CBF1145911,MERGED_INTO
VN_ADMIN_PRE_2025,VNAP25-6AF0AEBE7E,VN_ADMIN_2025,VNA25-2BBEA468AA,MERGED_INTO
VN_ADMIN_PRE_2025,VNAP25-6C849BA054,VN_ADMIN_2025,VNA25-374D2FA031,MERGED_INTO
VN_ADMIN_PRE_2025,VNAP25-F50654EA51,VN_ADMIN_2025,VNA25-42F32A5119,MERGED_INTO
VN_ADMIN_PRE_2025,VNAP25-2F82AB56D4,VN_ADMIN_2025,VNA25-B001517E4E,MERGED_INTO
VN_ADMIN_PRE_2025,VNAP25-A01F4DE0AC,VN_ADMIN_2025,VNA25-C0D467B600,MERGED_INTO
VN_ADMIN_PRE_2025,VNAP25-547674D5EF,VN_ADMIN_2025,VNA25-42F32A5119,MERGED_INTO
VN_ADMIN_PRE_2025,VNAP25-D7AD687772,VN_ADMIN_2025,VNA25-42F32A5119,MERGED_INTO
VN_ADMIN_PRE_2025,VNAP25-499E02BC34,VN_ADMIN_2025,VNA25-B001517E4E,MERGED_INTO
VN_ADMIN_PRE_2025,VNAP25-C2924AD3A4,VN_ADMIN_2025,VNA25-C0D467B600,MERGED_INTO
VN_ADMIN_PRE_2025,VNAP25-FEDAE145BD,VN_ADMIN_2025,VNA25-B001517E4E,MERGED_INTO
VN_ADMIN_PRE_2025,VNAP25-59A6C88AE3,VN_ADMIN_2025,VNA25-91147AD643,MERGED_INTO
VN_ADMIN_PRE_2025,VNAP25-BDA3041A2F,VN_ADMIN_2025,VNA25-F6557D369C,MERGED_INTO
VN_ADMIN_PRE_2025,VNAP25-AABF01B2E0,VN_ADMIN_2025,VNA25-7D52DF4972,MERGED_INTO
VN_ADMIN_PRE_2025,VNAP25-82ABEDC190,VN_ADMIN_2025,VNA25-95E6FED8D3,MERGED_INTO
VN_ADMIN_PRE_2025,VNAP25-5ECD509E00,VN_ADMIN_2025,VNA25-7DBEF5360D,MERGED_INTO
VN_ADMIN_PRE_2025,VNAP25-41F56358F7,VN_ADMIN_2025,VNA25-F6557D369C,MERGED_INTO
VN_ADMIN_PRE_2025,VNAP25-94A8F7EA97,VN_ADMIN_2025,VNA25-95E6FED8D3,MERGED_INTO
VN_ADMIN_PRE_2025,VNAP25-7587FC6D9E,VN_ADMIN_2025,VNA25-7DBEF5360D,MERGED_INTO
VN_ADMIN_PRE_2025,VNAP25-73EC47F5A3,VN_ADMIN_2025,VNA25-95E6FED8D3,MERGED_INTO
VN_ADMIN_PRE_2025,VNAP25-82D5EA1D32,VN_ADMIN_2025,VNA25-F6557D369C,MERGED_INTO
VN_ADMIN_PRE_2025,VNAP25-BFCA089F39,VN_ADMIN_2025,VNA25-19135255A4,MERGED_INTO
VN_ADMIN_PRE_2025,VNAP25-D1D6ADD246,VN_ADMIN_2025,VNA25-0FB2F1913E,MERGED_INTO
VN_ADMIN_PRE_2025,VNAP25-2546089557,VN_ADMIN_2025,VNA25-0FB2F1913E,MERGED_INTO
VN_ADMIN_PRE_2025,VNAP25-6790A8C44A,VN_ADMIN_2025,VNA25-0E931D6855,MERGED_INTO
VN_ADMIN_PRE_2025,VNAP25-88AE388F94,VN_ADMIN_2025,VNA25-C8E38E77F6,MERGED_INTO
VN_ADMIN_PRE_2025,VNAP25-5EB9690C37,VN_ADMIN_2025,VNA25-0E931D6855,MERGED_INTO
VN_ADMIN_PRE_2025,VNAP25-A95B500D88,VN_ADMIN_2025,VNA25-C8E38E77F6,MERGED_INTO
VN_ADMIN_PRE_2025,VNAP25-D2169D7BED,VN_ADMIN_2025,VNA25-0FB2F1913E,MERGED_INTO
VN_ADMIN_PRE_2025,VNAP25-A5E0221829,VN_ADMIN_2025,VNA25-0E931D6855,MERGED_INTO
VN_ADMIN_PRE_2025,VNAP25-945CE841DA,VN_ADMIN_2025,VNA25-DF30C99082,MERGED_INTO
VN_ADMIN_PRE_2025,VNAP25-73F3CB8E3D,VN_ADMIN_2025,VNA25-45559B5C34,MERGED_INTO
VN_ADMIN_PRE_2025,VNAP25-A6E2EB98AD,VN_ADMIN_2025,VNA25-45559B5C34,MERGED_INTO
VN_ADMIN_PRE_2025,VNAP25-D2683D1AD9,VN_ADMIN_2025,VNA25-DF30C99082,MERGED_INTO
VN_ADMIN_PRE_2025,VNAP25-893668A00F,VN_ADMIN_2025,VNA25-91147AD643,MERGED_INTO
VN_ADMIN_PRE_2025,VNAP25-22593229A7,VN_ADMIN_2025,VNA25-F21FE8BD3E,MERGED_INTO
VN_ADMIN_PRE_2025,VNAP25-C142285331,VN_ADMIN_2025,VNA25-7F61FF7FF4,MERGED_INTO
VN_ADMIN_PRE_2025,VNAP25-23F19E05C9,VN_ADMIN_2025,VNA25-7F61FF7FF4,MERGED_INTO
VN_ADMIN_PRE_2025,VNAP25-BC6E07D6EE,VN_ADMIN_2025,VNA25-CCF0DCE4C5,MERGED_INTO
VN_ADMIN_PRE_2025,VNAP25-CA6517BB2B,VN_ADMIN_2025,VNA25-77064095B2,MERGED_INTO
VN_ADMIN_PRE_2025,VNAP25-F33F4E579C,VN_ADMIN_2025,VNA25-77064095B2,MERGED_INTO
VN_ADMIN_PRE_2025,VNAP25-041E1A9945,VN_ADMIN_2025,VNA25-F21FE8BD3E,MERGED_INTO
VN_ADMIN_PRE_2025,VNAP25-134C217586,VN_ADMIN_2025,VNA25-19135255A4,SPLIT_INTO
VN_ADMIN_PRE_2025,VNAP25-134C217586,VN_ADMIN_2025,VNA25-981DCAC68D,SPLIT_INTO
VN_ADMIN_PRE_2025,VNAP25-4F98918E95,VN_ADMIN_2025,VNA25-77064095B2,MERGED_INTO
VN_ADMIN_PRE_2025,VNAP25-43D781CAB6,VN_ADMIN_2025,VNA25-981DCAC68D,MERGED_INTO
VN_ADMIN_PRE_2025,VNAP25-AE642A252F,VN_ADMIN_2025,VNA25-981DCAC68D,MERGED_INTO
VN_ADMIN_PRE_2025,VNAP25-44751F71B1,VN_ADMIN_2025,VNA25-981DCAC68D,MERGED_INTO
VN_ADMIN_PRE_2025,VNAP25-7CEFCE1265,VN_ADMIN_2025,VNA25-77064095B2,MERGED_INTO
VN_ADMIN_PRE_2025,VNAP25-6466C412D5,VN_ADMIN_2025,VNA25-CCF0DCE4C5,MERGED_INTO
VN_ADMIN_PRE_2025,VNAP25-6F2BBC163C,VN_ADMIN_2025,VNA25-CCF0DCE4C5,MERGED_INTO
VN_ADMIN_PRE_2025,VNAP25-E611BD0A4C,VN_ADMIN_2025,VNA25-7D52DF4972,MERGED_INTO
VN_ADMIN_PRE_2025,VNAP25-E3D64B22E1,VN_ADMIN_2025,VNA25-EBF85D03C2,MERGED_INTO
VN_ADMIN_PRE_2025,VNAP25-ED06C11372,VN_ADMIN_2025,VNA25-7DBEF5360D,MERGED_INTO
VN_ADMIN_PRE_2025,VNAP25-D71977A815,VN_ADMIN_2025,VNA25-2546D8A54B,MERGED_INTO
VN_ADMIN_PRE_2025,VNAP25-F442719A3C,VN_ADMIN_2025,VNA25-EBF85D03C2,MERGED_INTO
VN_ADMIN_PRE_2025,VNAP25-C5E6CEA334,VN_ADMIN_2025,VNA25-2546D8A54B,MERGED_INTO
VN_ADMIN_PRE_2025,VNAP25-012CDBBD99,VN_ADMIN_2025,VNA25-EBF85D03C2,MERGED_INTO
VN_ADMIN_PRE_2025,VNAP25-16A517AAC3,VN_ADMIN_2025,VNA25-B0D32769AF,MERGED_INTO
VN_ADMIN_PRE_2025,VNAP25-1668486CEA,VN_ADMIN_2025,VNA25-B8FCE1C9B6,MERGED_INTO
VN_ADMIN_PRE_2025,VNAP25-66E7C38568,VN_ADMIN_2025,VNA25-B0D32769AF,MERGED_INTO
VN_ADMIN_PRE_2025,VNAP25-A9C344F5B1,VN_ADMIN_2025,VNA25-19135255A4,MERGED_INTO
VN_ADMIN_PRE_2025,VNAP25-DA5DD7F28C,VN_ADMIN_2025,VNA25-B8FCE1C9B6,MERGED_INTO
VN_ADMIN_PRE_2025,VNAP25-56E4DC769B,VN_ADMIN_2025,VNA25-04C7D20B3A,MERGED_INTO
VN_ADMIN_PRE_2025,VNAP25-BB2F3663E0,VN_ADMIN_2025,VNA25-04C7D20B3A,MERGED_INTO
VN_ADMIN_PRE_2025,VNAP25-F084040736,VN_ADMIN_2025,VNA25-04C7D20B3A,MERGED_INTO
VN_ADMIN_PRE_2025,VNAP25-C3B100E089,VN_ADMIN_2025,VNA25-8FDAABB786,MERGED_INTO
VN_ADMIN_PRE_2025,VNAP25-2B60FB92EF,VN_ADMIN_2025,VNA25-2B7070F5CB,MERGED_INTO
VN_ADMIN_PRE_2025,VNAP25-81F103897A,VN_ADMIN_2025,VNA25-2B7070F5CB,MERGED_INTO
VN_ADMIN_PRE_2025,VNAP25-1DF83C0FB0,VN_ADMIN_2025,VNA25-ABD083F134,MERGED_INTO
VN_ADMIN_PRE_2025,VNAP25-F03A29C0CF,VN_ADMIN_2025,VNA25-518EFD5CB5,MERGED_INTO
VN_ADMIN_PRE_2025,VNAP25-A6D58EE0EC,VN_ADMIN_2025,VNA25-8FDAABB786,MERGED_INTO
VN_ADMIN_PRE_2025,VNAP25-C6E9A5AD74,VN_ADMIN_2025,VNA25-A45F3C85BA,MERGED_INTO
VN_ADMIN_PRE_2025,VNAP25-99E12F6690,VN_ADMIN_2025,VNA25-ABD083F134,MERGED_INTO
VN_ADMIN_PRE_2025,VNAP25-2840642D63,VN_ADMIN_2025,VNA25-8FDAABB786,MERGED_INTO
VN_ADMIN_PRE_2025,VNAP25-2744733E3F,VN_ADMIN_2025,VNA25-518EFD5CB5,MERGED_INTO
VN_ADMIN_PRE_2025,VNAP25-F3A0286A52,VN_ADMIN_2025,VNA25-A45F3C85BA,MERGED_INTO
VN_ADMIN_PRE_2025,VNAP25-B4D1A2DEB0,VN_ADMIN_2025,VNA25-38860BF115,MERGED_INTO
VN_ADMIN_PRE_2025,VNAP25-B20775CE59,VN_ADMIN_2025,VNA25-A45F3C85BA,MERGED_INTO
VN_ADMIN_PRE_2025,VNAP25-570A7859C2,VN_ADMIN_2025,VNA25-38860BF115,MERGED_INTO
VN_ADMIN_PRE_2025,VNAP25-9AD3F0A517,VN_ADMIN_2025,VNA25-38860BF115,MERGED_INTO
VN_ADMIN_PRE_2025,VNAP25-CB3595DD38,VN_ADMIN_2025,VNA25-2B7070F5CB,MERGED_INTO
VN_ADMIN_PRE_2025,VNAP25-25ED6B8092,VN_ADMIN_2025,VNA25-478A8264C7,MERGED_INTO
VN_ADMIN_PRE_2025,VNAP25-293903E8AE,VN_ADMIN_2025,VNA25-478A8264C7,MERGED_INTO
VN_ADMIN_PRE_2025,VNAP25-2561F28205,VN_ADMIN_2025,VNA25-FBF1D313E3,MERGED_INTO
VN_ADMIN_PRE_2025,VNAP25-880C8D618B,VN_ADMIN_2025,VNA25-4D642FC831,MERGED_INTO
VN_ADMIN_PRE_2025,VNAP25-7C5CF568F6,VN_ADMIN_2025,VNA25-F894909C7C,MERGED_INTO
VN_ADMIN_PRE_2025,VNAP25-B37E6A26D3,VN_ADMIN_2025,VNA25-69E39755A3,MERGED_INTO
VN_ADMIN_PRE_2025,VNAP25-644A999BF8,VN_ADMIN_2025,VNA25-69E39755A3,MERGED_INTO
VN_ADMIN_PRE_2025,VNAP25-88D2762473,VN_ADMIN_2025,VNA25-4D642FC831,MERGED_INTO
VN_ADMIN_PRE_2025,VNAP25-D9E6DE7378,VN_ADMIN_2025,VNA25-F894909C7C,MERGED_INTO
VN_ADMIN_PRE_2025,VNAP25-D2B7B362CD,VN_ADMIN_2025,VNA25-69E39755A3,MERGED_INTO
VN_ADMIN_PRE_2025,VNAP25-A2053270AA,VN_ADMIN_2025,VNA25-FBF1D313E3,MERGED_INTO
VN_ADMIN_PRE_2025,VNAP25-17C6DD7A5F,VN_ADMIN_2025,VNA25-478A8264C7,MERGED_INTO
VN_ADMIN_PRE_2025,VNAP25-90E767BF23,VN_ADMIN_2025,VNA25-FBF1D313E3,MERGED_INTO
VN_ADMIN_PRE_2025,VNAP25-3434EF028D,VN_ADMIN_2025,VNA25-4D642FC831,MERGED_INTO
VN_ADMIN_PRE_2025,VNAP25-A7FA3F75A9,VN_ADMIN_2025,VNA25-24700D2E76,MERGED_INTO
VN_ADMIN_PRE_2025,VNAP25-08942740E8,VN_ADMIN_2025,VNA25-25B66B9A02,MERGED_INTO
VN_ADMIN_PRE_2025,VNAP25-DA79B77098,VN_ADMIN_2025,VNA25-7DCE728E8B,MERGED_INTO
VN_ADMIN_PRE_2025,VNAP25-C3FBA1AF5B,VN_ADMIN_2025,VNA25-7DCE728E8B,MERGED_INTO
VN_ADMIN_PRE_2025,VNAP25-F0E6E859D6,VN_ADMIN_2025,VNA25-24700D2E76,MERGED_INTO
VN_ADMIN_PRE_2025,VNAP25-178328FA3E,VN_ADMIN_2025,VNA25-24700D2E76,MERGED_INTO
VN_ADMIN_PRE_2025,VNAP25-4064B43B4B,VN_ADMIN_2025,VNA25-7DCE728E8B,MERGED_INTO
VN_ADMIN_PRE_2025,VNAP25-899C13F49E,VN_ADMIN_2025,VNA25-F673A7AEA5,MERGED_INTO
VN_ADMIN_PRE_2025,VNAP25-F9788CA086,VN_ADMIN_2025,VNA25-196147A29C,MERGED_INTO
VN_ADMIN_PRE_2025,VNAP25-E311498FBF,VN_ADMIN_2025,VNA25-149A81D2EA,MERGED_INTO
VN_ADMIN_PRE_2025,VNAP25-AE966D467F,VN_ADMIN_2025,VNA25-25B66B9A02,MERGED_INTO
VN_ADMIN_PRE_2025,VNAP25-432DDA1DB8,VN_ADMIN_2025,VNA25-24700D2E76,MERGED_INTO
VN_ADMIN_PRE_2025,VNAP25-FC3D431F12,VN_ADMIN_2025,VNA25-196147A29C,MERGED_INTO
VN_ADMIN_PRE_2025,VNAP25-6162620397,VN_ADMIN_2025,VNA25-7DCE728E8B,MERGED_INTO
VN_ADMIN_PRE_2025,VNAP25-BD17BFDA44,VN_ADMIN_2025,VNA25-25B66B9A02,MERGED_INTO
VN_ADMIN_PRE_2025,VNAP25-8143FB5E01,VN_ADMIN_2025,VNA25-149A81D2EA,MERGED_INTO
VN_ADMIN_PRE_2025,VNAP25-329AD50D1B,VN_ADMIN_2025,VNA25-25B66B9A02,MERGED_INTO
VN_ADMIN_PRE_2025,VNAP25-E804C0FC3C,VN_ADMIN_2025,VNA25-F673A7AEA5,MERGED_INTO
VN_ADMIN_PRE_2025,VNAP25-025D12A42B,VN_ADMIN_2025,VNA25-196147A29C,MERGED_INTO
VN_ADMIN_PRE_2025,VNAP25-09CC26BC1F,VN_ADMIN_2025,VNA25-149A81D2EA,MERGED_INTO
VN_ADMIN_PRE_2025,VNAP25-8ECAF7C5BC,VN_ADMIN_2025,VNA25-6B16ECC434,MERGED_INTO
VN_ADMIN_PRE_2025,VNAP25-93AED48094,VN_ADMIN_2025,VNA25-6B16ECC434,MERGED_INTO
VN_ADMIN_PRE_2025,VNAP25-2D365697A3,VN_ADMIN_2025,VNA25-23CB93A0C3,MERGED_INTO
VN_ADMIN_PRE_2025,VNAP25-E0B0BEC1B7,VN_ADMIN_2025,VNA25-23CB93A0C3,MERGED_INTO
VN_ADMIN_PRE_2025,VNAP25-953C38256D,VN_ADMIN_2025,VNA25-8F82A1F4B9,MERGED_INTO
VN_ADMIN_PRE_2025,VNAP25-9C9278E68C,VN_ADMIN_2025,VNA25-8F82A1F4B9,MERGED_INTO
VN_ADMIN_PRE_2025,VNAP25-3803E1E074,VN_ADMIN_2025,VNA25-23CB93A0C3,MERGED_INTO
VN_ADMIN_PRE_2025,VNAP25-F30A3C891D,VN_ADMIN_2025,VNA25-A5CCBEDC47,MERGED_INTO
VN_ADMIN_PRE_2025,VNAP25-3EAF16A961,VN_ADMIN_2025,VNA25-8F82A1F4B9,MERGED_INTO
VN_ADMIN_PRE_2025,VNAP25-5F681C6394,VN_ADMIN_2025,VNA25-6B16ECC434,MERGED_INTO
VN_ADMIN_PRE_2025,VNAP25-5497AC8845,VN_ADMIN_2025,VNA25-A5CCBEDC47,MERGED_INTO
VN_ADMIN_PRE_2025,VNAP25-2DE385A217,VN_ADMIN_2025,VNA25-A5CCBEDC47,MERGED_INTO
VN_ADMIN_PRE_2025,VNAP25-DC2ED4E9EC,VN_ADMIN_2025,VNA25-0CB5A7FD92,MERGED_INTO
VN_ADMIN_PRE_2025,VNAP25-E9BD6EE20A,VN_ADMIN_2025,VNA25-833C1314B7,MERGED_INTO
VN_ADMIN_PRE_2025,VNAP25-994C8C5B59,VN_ADMIN_2025,VNA25-0CB5A7FD92,MERGED_INTO
VN_ADMIN_PRE_2025,VNAP25-7EF396DAD4,VN_ADMIN_2025,VNA25-833C1314B7,MERGED_INTO
VN_ADMIN_PRE_2025,VNAP25-32B9AC2451,VN_ADMIN_2025,VNA25-833C1314B7,MERGED_INTO
VN_ADMIN_PRE_2025,VNAP25-72F2510E60,VN_ADMIN_2025,VNA25-B92D6FB799,MERGED_INTO
VN_ADMIN_PRE_2025,VNAP25-E6D4DAFBF4,VN_ADMIN_2025,VNA25-B92D6FB799,MERGED_INTO
VN_ADMIN_PRE_2025,VNAP25-0F2A2E5CD8,VN_ADMIN_2025,VNA25-42A70B15D2,MERGED_INTO
VN_ADMIN_PRE_2025,VNAP25-443A2BC534,VN_ADMIN_2025,VNA25-42A70B15D2,MERGED_INTO
VN_ADMIN_PRE_2025,VNAP25-E6A1CA7501,VN_ADMIN_2025,VNA25-B92D6FB799,MERGED_INTO
VN_ADMIN_PRE_2025,VNAP25-A06878DCB0,VN_ADMIN_2025,VNA25-42A70B15D2,MERGED_INTO
VN_ADMIN_PRE_2025,VNAP25-9948E71B61,VN_ADMIN_2025,VNA25-42A70B15D2,MERGED_INTO
VN_ADMIN_PRE_2025,VNAP25-AC0AA07418,VN_ADMIN_2025,VNA25-0CB5A7FD92,MERGED_INTO
VN_ADMIN_PRE_2025,VNAP25-EB1812243B,VN_ADMIN_2025,VNA25-1B3A84FCC6,MERGED_INTO
VN_ADMIN_PRE_2025,VNAP25-D45F98C365,VN_ADMIN_2025,VNA25-1B3A84FCC6,MERGED_INTO
VN_ADMIN_PRE_2025,VNAP25-08FD0B46DA,VN_ADMIN_2025,VNA25-833C1314B7,MERGED_INTO
VN_ADMIN_PRE_2025,VNAP25-67C6D3240F,VN_ADMIN_2025,VNA25-1B3A84FCC6,MERGED_INTO
VN_ADMIN_PRE_2025,VNAP25-4B658E493A,VN_ADMIN_2025,VNA25-320871430F,MERGED_INTO
VN_ADMIN_PRE_2025,VNAP25-671E53EC9A,VN_ADMIN_2025,VNA25-4170AAE490,MERGED_INTO
VN_ADMIN_PRE_2025,VNAP25-AF9EA0C0B8,VN_ADMIN_2025,VNA25-78E7BFA133,MERGED_INTO
VN_ADMIN_PRE_2025,VNAP25-910374FEF3,VN_ADMIN_2025,VNA25-4170AAE490,MERGED_INTO
VN_ADMIN_PRE_2025,VNAP25-BB02FDBFF0,VN_ADMIN_2025,VNA25-78E7BFA133,MERGED_INTO
VN_ADMIN_PRE_2025,VNAP25-A98FE2F66D,VN_ADMIN_2025,VNA25-78E7BFA133,MERGED_INTO
VN_ADMIN_PRE_2025,VNAP25-2C41047B84,VN_ADMIN_2025,VNA25-320871430F,MERGED_INTO
VN_ADMIN_PRE_2025,VNAP25-1F59FE833D,VN_ADMIN_2025,VNA25-320871430F,MERGED_INTO
VN_ADMIN_PRE_2025,VNAP25-5AC1FBC803,VN_ADMIN_2025,VNA25-4170AAE490,MERGED_INTO
VN_ADMIN_PRE_2025,VNAP25-6CBB83F7D1,VN_ADMIN_2025,VNA25-F5964CD59C,MERGED_INTO
VN_ADMIN_PRE_2025,VNAP25-BBCAA3C364,VN_ADMIN_2025,VNA25-DF8355527C,MERGED_INTO
VN_ADMIN_PRE_2025,VNAP25-8A426D7A81,VN_ADMIN_2025,VNA25-826BD2DACE,MERGED_INTO
VN_ADMIN_PRE_2025,VNAP25-4554AC1B32,VN_ADMIN_2025,VNA25-F5964CD59C,MERGED_INTO
VN_ADMIN_PRE_2025,VNAP25-40CF30A8C2,VN_ADMIN_2025,VNA25-DF8355527C,MERGED_INTO
VN_ADMIN_PRE_2025,VNAP25-9C2191408F,VN_ADMIN_2025,VNA25-DF8355527C,MERGED_INTO
VN_ADMIN_PRE_2025,VNAP25-7A823E2E0C,VN_ADMIN_2025,VNA25-BCE7960C8A,MERGED_INTO
VN_ADMIN_PRE_2025,VNAP25-0CA183BDA4,VN_ADMIN_2025,VNA25-BCE7960C8A,MERGED_INTO
VN_ADMIN_PRE_2025,VNAP25-C05346AD63,VN_ADMIN_2025,VNA25-826BD2DACE,MERGED_INTO
VN_ADMIN_PRE_2025,VNAP25-14B08AB2E5,VN_ADMIN_2025,VNA25-F5964CD59C,MERGED_INTO
VN_ADMIN_PRE_2025,VNAP25-5ED8B1DD2B,VN_ADMIN_2025,VNA25-826BD2DACE,MERGED_INTO
VN_ADMIN_PRE_2025,VNAP25-EB98E53ECA,VN_ADMIN_2025,VNA25-BCE7960C8A,MERGED_INTO
VN_ADMIN_PRE_2025,VNAP25-AC20DFF702,VN_ADMIN_2025,VNA25-906C839180,MERGED_INTO
VN_ADMIN_PRE_2025,VNAP25-218DE7B76E,VN_ADMIN_2025,VNA25-906C839180,MERGED_INTO
VN_ADMIN_PRE_2025,VNAP25-E853B4E616,VN_ADMIN_2025,VNA25-FBE7F9BDFA,MERGED_INTO
VN_ADMIN_PRE_2025,VNAP25-3C591C4728,VN_ADMIN_2025,VNA25-906C839180,MERGED_INTO
VN_ADMIN_PRE_2025,VNAP25-0BC8E40CFA,VN_ADMIN_2025,VNA25-551192B956,MERGED_INTO
VN_ADMIN_PRE_2025,VNAP25-263B0E8E82,VN_ADMIN_2025,VNA25-F63FE38D2D,MERGED_INTO
VN_ADMIN_PRE_2025,VNAP25-413F15B4A8,VN_ADMIN_2025,VNA25-F63FE38D2D,MERGED_INTO
VN_ADMIN_PRE_2025,VNAP25-C5A7C8EC41,VN_ADMIN_2025,VNA25-551192B956,MERGED_INTO
VN_ADMIN_PRE_2025,VNAP25-D3A72D3B6A,VN_ADMIN_2025,VNA25-F92AFED2CC,MERGED_INTO
VN_ADMIN_PRE_2025,VNAP25-03DA18B183,VN_ADMIN_2025,VNA25-906C839180,MERGED_INTO
VN_ADMIN_PRE_2025,VNAP25-3FBF515401,VN_ADMIN_2025,VNA25-F92AFED2CC,MERGED_INTO
VN_ADMIN_PRE_2025,VNAP25-7737E563EF,VN_ADMIN_2025,VNA25-072631750C,SAME_AS
VN_ADMIN_PRE_2025,VNAP25-8742634570,VN_ADMIN_2025,VNA25-F92AFED2CC,MERGED_INTO
VN_ADMIN_PRE_2025,VNAP25-653AB6BC7D,VN_ADMIN_2025,VNA25-F63FE38D2D,MERGED_INTO
VN_ADMIN_PRE_2025,VNAP25-13C60E0FFA,VN_ADMIN_2025,VNA25-551192B956,MERGED_INTO
VN_ADMIN_PRE_2025,VNAP25-C604AF0274,VN_ADMIN_2025,VNA25-FBE7F9BDFA,MERGED_INTO
VN_ADMIN_PRE_2025,VNAP25-D1DCB04539,VN_ADMIN_2025,VNA25-FBE7F9BDFA,MERGED_INTO
VN_ADMIN_PRE_2025,VNAP25-2DE06A3520,VN_ADMIN_2025,VNA25-E96D4C0C43,MERGED_INTO
VN_ADMIN_PRE_2025,VNAP25-384CC499E8,VN_ADMIN_2025,VNA25-B5441E5540,MERGED_INTO
VN_ADMIN_PRE_2025,VNAP25-06B815B4FC,VN_ADMIN_2025,VNA25-05B9C9596D,MERGED_INTO
VN_ADMIN_PRE_2025,VNAP25-599DC706E7,VN_ADMIN_2025,VNA25-05B9C9596D,MERGED_INTO
VN_ADMIN_PRE_2025,VNAP25-5DC94D4BFC,VN_ADMIN_2025,VNA25-B5441E5540,MERGED_INTO
VN_ADMIN_PRE_2025,VNAP25-D15DF59F08,VN_ADMIN_2025,VNA25-A043236998,MERGED_INTO
VN_ADMIN_PRE_2025,VNAP25-9B4A678C5B,VN_ADMIN_2025,VNA25-56F8CC5215,MERGED_INTO
VN_ADMIN_PRE_2025,VNAP25-C62A279A40,VN_ADMIN_2025,VNA25-56F8CC5215,MERGED_INTO
VN_ADMIN_PRE_2025,VNAP25-54FFBEDD38,VN_ADMIN_2025,VNA25-AF2D4D79B6,MERGED_INTO
VN_ADMIN_PRE_2025,VNAP25-AF13AD3723,VN_ADMIN_2025,VNA25-A043236998,MERGED_INTO
VN_ADMIN_PRE_2025,VNAP25-B94CE2C9B7,VN_ADMIN_2025,VNA25-05B9C9596D,MERGED_INTO
VN_ADMIN_PRE_2025,VNAP25-210CE15DCF,VN_ADMIN_2025,VNA25-AF2D4D79B6,MERGED_INTO
VN_ADMIN_PRE_2025,VNAP25-6A9DCE11A6,VN_ADMIN_2025,VNA25-AF2D4D79B6,MERGED_INTO
VN_ADMIN_PRE_2025,VNAP25-FC90397C42,VN_ADMIN_2025,VNA25-B5441E5540,MERGED_INTO
VN_ADMIN_PRE_2025,VNAP25-CF34AB735C,VN_ADMIN_2025,VNA25-E96D4C0C43,MERGED_INTO
VN_ADMIN_PRE_2025,VNAP25-60B83E7211,VN_ADMIN_2025,VNA25-56F8CC5215,MERGED_INTO
VN_ADMIN_PRE_2025,VNAP25-7DF91861CC,VN_ADMIN_2025,VNA25-E96D4C0C43,MERGED_INTO
VN_ADMIN_PRE_2025,VNAP25-FC9AC54342,VN_ADMIN_2025,VNA25-56F8CC5215,MERGED_INTO
VN_ADMIN_PRE_2025,VNAP25-00857AB907,VN_ADMIN_2025,VNA25-A043236998,MERGED_INTO
VN_ADMIN_PRE_2025,VNAP25-C2C51897B9,VN_ADMIN_2025,VNA25-E885D0F2A0,MERGED_INTO
VN_ADMIN_PRE_2025,VNAP25-055ABB6FA1,VN_ADMIN_2025,VNA25-5F128B25A6,MERGED_INTO
VN_ADMIN_PRE_2025,VNAP25-FA36741B10,VN_ADMIN_2025,VNA25-5F128B25A6,MERGED_INTO
VN_ADMIN_PRE_2025,VNAP25-7DE94C1F5A,VN_ADMIN_2025,VNA25-F1FE417337,MERGED_INTO
VN_ADMIN_PRE_2025,VNAP25-087F824DDC,VN_ADMIN_2025,VNA25-05BBB020AF,MERGED_INTO
VN_ADMIN_PRE_2025,VNAP25-0CCEFECF40,VN_ADMIN_2025,VNA25-7A2F14ED28,MERGED_INTO
VN_ADMIN_PRE_2025,VNAP25-4FEE23DFC1,VN_ADMIN_2025,VNA25-F1FE417337,MERGED_INTO
VN_ADMIN_PRE_2025,VNAP25-3A56CBB01F,VN_ADMIN_2025,VNA25-1B3EC7591D,MERGED_INTO
VN_ADMIN_PRE_2025,VNAP25-803F9D82B0,VN_ADMIN_2025,VNA25-05BBB020AF,MERGED_INTO
VN_ADMIN_PRE_2025,VNAP25-4C1EFEA1E2,VN_ADMIN_2025,VNA25-E54643BB1C,MERGED_INTO
VN_ADMIN_PRE_2025,VNAP25-CE8CB7992B,VN_ADMIN_2025,VNA25-E54643BB1C,MERGED_INTO
VN_ADMIN_PRE_2025,VNAP25-BB0AFF6CEB,VN_ADMIN_2025,VNA25-E885D0F2A0,MERGED_INTO
VN_ADMIN_PRE_2025,VNAP25-64FB8FF3CE,VN_ADMIN_2025,VNA25-05BBB020AF,MERGED_INTO
VN_ADMIN_PRE_2025,VNAP25-7C4F53DA8E,VN_ADMIN_2025,VNA25-E885D0F2A0,MERGED_INTO
VN_ADMIN_PRE_2025,VNAP25-78CE247A80,VN_ADMIN_2025,VNA25-05BBB020AF,MERGED_INTO
VN_ADMIN_PRE_2025,VNAP25-CF2545D450,VN_ADMIN_2025,VNA25-05BBB020AF,MERGED_INTO
VN_ADMIN_PRE_2025,VNAP25-2692D90E65,VN_ADMIN_2025,VNA25-F1FE417337,MERGED_INTO
VN_ADMIN_PRE_2025,VNAP25-73C2DD4B96,VN_ADMIN_2025,VNA25-1B3EC7591D,MERGED_INTO
VN_ADMIN_PRE_2025,VNAP25-61C926E15D,VN_ADMIN_2025,VNA25-E54643BB1C,MERGED_INTO
VN_ADMIN_PRE_2025,VNAP25-4BCDEEEC30,VN_ADMIN_2025,VNA25-5F128B25A6,MERGED_INTO
VN_ADMIN_PRE_2025,VNAP25-F0256E39E6,VN_ADMIN_2025,VNA25-7A2F14ED28,MERGED_INTO
VN_ADMIN_PRE_2025,VNAP25-5C4E72B59F,VN_ADMIN_2025,VNA25-7A2F14ED28,MERGED_INTO
VN_ADMIN_PRE_2025,VNAP25-23528BE6DB,VN_ADMIN_2025,VNA25-1B3EC7591D,MERGED_INTO
VN_ADMIN_PRE_2025,VNAP25-0F2920B5E3,VN_ADMIN_2025,VNA25-80DBAC89FD,MERGED_INTO
VN_ADMIN_PRE_2025,VNAP25-B9C7E75753,VN_ADMIN_2025,VNA25-3D2AD9D35F,MERGED_INTO
VN_ADMIN_PRE_2025,VNAP25-FA890B4C1B,VN_ADMIN_2025,VNA25-80DBAC89FD,MERGED_INTO
VN_ADMIN_PRE_2025,VNAP25-4D30BB3BC9,VN_ADMIN_2025,VNA25-69C91DF2D7,MERGED_INTO
VN_ADMIN_PRE_2025,VNAP25-A6B8DCBB20,VN_ADMIN_2025,VNA25-69C91DF2D7,MERGED_INTO
VN_ADMIN_PRE_2025,VNAP25-87C2AE6978,VN_ADMIN_2025,VNA25-80DBAC89FD,MERGED_INTO
VN_ADMIN_PRE_2025,VNAP25-DFF7D274BD,VN_ADMIN_2025,VNA25-3D2AD9D35F,MERGED_INTO
VN_ADMIN_PRE_2025,VNAP25-2DB4CB7A47,VN_ADMIN_2025,VNA25-3D2AD9D35F,MERGED_INTO
VN_ADMIN_PRE_2025,VNAP25-89FBB764E0,VN_ADMIN_2025,VNA25-80DBAC89FD,MERGED_INTO
VN_ADMIN_PRE_2025,VNAP25-3D267BF7F2,VN_ADMIN_2025,VNA25-69C91DF2D7,MERGED_INTO
VN_ADMIN_PRE_2025,VNAP25-B628019D08,VN_ADMIN_2025,VNA25-3D2AD9D35F,MERGED_INTO
VN_ADMIN_PRE_2025,VNAP25-7367677E23,VN_ADMIN_2025,VNA25-D504E7A686,MERGED_INTO
VN_ADMIN_PRE_2025,VNAP25-0A27A1E40F,VN_ADMIN_2025,VNA25-0529D4E3EC,MERGED_INTO
VN_ADMIN_PRE_2025,VNAP25-83BE94A7C0,VN_ADMIN_2025,VNA25-068F7D72F0,MERGED_INTO
VN_ADMIN_PRE_2025,VNAP25-5F46276D0F,VN_ADMIN_2025,VNA25-068F7D72F0,MERGED_INTO
VN_ADMIN_PRE_2025,VNAP25-6A61C87AAA,VN_ADMIN_2025,VNA25-0082C632FD,MERGED_INTO
VN_ADMIN_PRE_2025,VNAP25-2D4051C197,VN_ADMIN_2025,VNA25-0529D4E3EC,MERGED_INTO
VN_ADMIN_PRE_2025,VNAP25-7805276B96,VN_ADMIN_2025,VNA25-0082C632FD,MERGED_INTO
VN_ADMIN_PRE_2025,VNAP25-30B555B2BA,VN_ADMIN_2025,VNA25-068F7D72F0,MERGED_INTO
VN_ADMIN_PRE_2025,VNAP25-F7945B6844,VN_ADMIN_2025,VNA25-74BFEF5268,MERGED_INTO
VN_ADMIN_PRE_2025,VNAP25-3F8EDD9A14,VN_ADMIN_2025,VNA25-74BFEF5268,MERGED_INTO
VN_ADMIN_PRE_2025,VNAP25-F89A927F4C,VN_ADMIN_2025,VNA25-0082C632FD,MERGED_INTO
VN_ADMIN_PRE_2025,VNAP25-2986CFA6E1,VN_ADMIN_2025,VNA25-D504E7A686,MERGED_INTO
VN_ADMIN_PRE_2025,VNAP25-1059ADC981,VN_ADMIN_2025,VNA25-068F7D72F0,MERGED_INTO
VN_ADMIN_PRE_2025,VNAP25-4E4E74D31F,VN_ADMIN_2025,VNA25-0529D4E3EC,MERGED_INTO
VN_ADMIN_PRE_2025,VNAP25-1BDBD09702,VN_ADMIN_2025,VNA25-D504E7A686,MERGED_INTO
VN_ADMIN_PRE_2025,VNAP25-56ED921D07,VN_ADMIN_2025,VNA25-D504E7A686,MERGED_INTO
VN_ADMIN_PRE_2025,VNAP25-46F3978C9E,VN_ADMIN_2025,VNA25-74BFEF5268,MERGED_INTO
VN_ADMIN_PRE_2025,VNAP25-DEAB3120F9,VN_ADMIN_2025,VNA25-D504E7A686,MERGED_INTO
VN_ADMIN_PRE_2025,VNAP25-496A230E5C,VN_ADMIN_2025,VNA25-068F7D72F0,MERGED_INTO
VN_ADMIN_PRE_2025,VNAP25-552BE3DCD0,VN_ADMIN_2025,VNA25-0082C632FD,MERGED_INTO
VN_ADMIN_PRE_2025,VNAP25-63442621A0,VN_ADMIN_2025,VNA25-C95A91FC8E,MERGED_INTO
VN_ADMIN_PRE_2025,VNAP25-889363041C,VN_ADMIN_2025,VNA25-C95A91FC8E,MERGED_INTO
VN_ADMIN_PRE_2025,VNAP25-E679ECCAA0,VN_ADMIN_2025,VNA25-C95A91FC8E,MERGED_INTO
VN_ADMIN_PRE_2025,VNAP25-61F61A5FC2,VN_ADMIN_2025,VNA25-515AE34C19,MERGED_INTO
VN_ADMIN_PRE_2025,VNAP25-A908D056B1,VN_ADMIN_2025,VNA25-17FAE09D87,MERGED_INTO
VN_ADMIN_PRE_2025,VNAP25-E1A8D83429,VN_ADMIN_2025,VNA25-515AE34C19,MERGED_INTO
VN_ADMIN_PRE_2025,VNAP25-8A2774221D,VN_ADMIN_2025,VNA25-515AE34C19,MERGED_INTO
VN_ADMIN_PRE_2025,VNAP25-EE8430C65C,VN_ADMIN_2025,VNA25-4007ABB251,MERGED_INTO
VN_ADMIN_PRE_2025,VNAP25-C34FC59B56,VN_ADMIN_2025,VNA25-17FAE09D87,MERGED_INTO
VN_ADMIN_PRE_2025,VNAP25-7243FA38D0,VN_ADMIN_2025,VNA25-17FAE09D87,MERGED_INTO
VN_ADMIN_PRE_2025,VNAP25-73B944BA25,VN_ADMIN_2025,VNA25-4007ABB251,MERGED_INTO
VN_ADMIN_PRE_2025,VNAP25-CD9624F133,VN_ADMIN_2025,VNA25-4007ABB251,MERGED_INTO
VN_ADMIN_PRE_2025,VNAP25-EA56E0FAFB,VN_ADMIN_2025,VNA25-5385AD3D57,SAME_AS
VN_ADMIN_PRE_2025,VNAP25-BD9B0DBFF8,VN_ADMIN_2025,VNA25-4F0F18FFDE,MERGED_INTO
VN_ADMIN_PRE_2025,VNAP25-61967EADF7,VN_ADMIN_2025,VNA25-4F0F18FFDE,MERGED_INTO
VN_ADMIN_PRE_2025,VNAP25-A5C838A30B,VN_ADMIN_2025,VNA25-4F0F18FFDE,MERGED_INTO
VN_ADMIN_PRE_2025,VNAP25-01AA49E664,VN_ADMIN_2025,VNA25-C95A91FC8E,MERGED_INTO
VN_ADMIN_PRE_2025,VNAP25-A7F43CDAC3,VN_ADMIN_2025,VNA25-2257664EF7,MERGED_INTO
VN_ADMIN_PRE_2025,VNAP25-6A49D28A9D,VN_ADMIN_2025,VNA25-2257664EF7,MERGED_INTO
VN_ADMIN_PRE_2025,VNAP25-06ABBE0976,VN_ADMIN_2025,VNA25-2257664EF7,MERGED_INTO
VN_ADMIN_PRE_2025,VNAP25-6ACD825437,VN_ADMIN_2025,VNA25-11956AB2A7,MERGED_INTO
VN_ADMIN_PRE_2025,VNAP25-666B04C88F,VN_ADMIN_2025,VNA25-7AC02521E4,MERGED_INTO
VN_ADMIN_PRE_2025,VNAP25-EC56337764,VN_ADMIN_2025,VNA25-1811CA48D7,MERGED_INTO
VN_ADMIN_PRE_2025,VNAP25-0FCC546DB8,VN_ADMIN_2025,VNA25-7AC02521E4,MERGED_INTO
VN_ADMIN_PRE_2025,VNAP25-7ED6E43441,VN_ADMIN_2025,VNA25-11956AB2A7,MERGED_INTO
VN_ADMIN_PRE_2025,VNAP25-622F55D1A0,VN_ADMIN_2025,VNA25-11956AB2A7,MERGED_INTO
VN_ADMIN_PRE_2025,VNAP25-AA6AF9BA33,VN_ADMIN_2025,VNA25-7AC02521E4,MERGED_INTO
VN_ADMIN_PRE_2025,VNAP25-F64E4732ED,VN_ADMIN_2025,VNA25-7992DB1616,MERGED_INTO
VN_ADMIN_PRE_2025,VNAP25-36DBE80C43,VN_ADMIN_2025,VNA25-475EF857CA,MERGED_INTO
VN_ADMIN_PRE_2025,VNAP25-54809FF21C,VN_ADMIN_2025,VNA25-CE1F8E1B28,MERGED_INTO
VN_ADMIN_PRE_2025,VNAP25-2EFC77C0C5,VN_ADMIN_2025,VNA25-7992DB1616,MERGED_INTO
VN_ADMIN_PRE_2025,VNAP25-D6301EF574,VN_ADMIN_2025,VNA25-475EF857CA,MERGED_INTO
VN_ADMIN_PRE_2025,VNAP25-04FA2905E8,VN_ADMIN_2025,VNA25-742BA3EFC1,MERGED_INTO
VN_ADMIN_PRE_2025,VNAP25-8D36889EED,VN_ADMIN_2025,VNA25-CE1F8E1B28,MERGED_INTO
VN_ADMIN_PRE_2025,VNAP25-A6A46FD395,VN_ADMIN_2025,VNA25-475EF857CA,MERGED_INTO
VN_ADMIN_PRE_2025,VNAP25-A1D8EEF339,VN_ADMIN_2025,VNA25-742BA3EFC1,MERGED_INTO
VN_ADMIN_PRE_2025,VNAP25-28F72145A3,VN_ADMIN_2025,VNA25-475EF857CA,MERGED_INTO
VN_ADMIN_PRE_2025,VNAP25-D3B1CE4BB5,VN_ADMIN_2025,VNA25-475EF857CA,MERGED_INTO
VN_ADMIN_PRE_2025,VNAP25-8CBEB64F8F,VN_ADMIN_2025,VNA25-6AD555CBF5,SPLIT_INTO
VN_ADMIN_PRE_2025,VNAP25-8CBEB64F8F,VN_ADMIN_2025,VNA25-C7CAF5C3E2,SPLIT_INTO
VN_ADMIN_PRE_2025,VNAP25-D2FE168289,VN_ADMIN_2025,VNA25-6AD555CBF5,MERGED_INTO
VN_ADMIN_PRE_2025,VNAP25-1240F9D32D,VN_ADMIN_2025,VNA25-6AD555CBF5,MERGED_INTO
VN_ADMIN_PRE_2025,VNAP25-EB4D9B59DC,VN_ADMIN_2025,VNA25-6AD555CBF5,MERGED_INTO
VN_ADMIN_PRE_2025,VNAP25-358434036E,VN_ADMIN_2025,VNA25-71AF8FB150,MERGED_INTO
VN_ADMIN_PRE_2025,VNAP25-52FFDDD078,VN_ADMIN_2025,VNA25-71AF8FB150,MERGED_INTO
VN_ADMIN_PRE_2025,VNAP25-621658F204,VN_ADMIN_2025,VNA25-6AD555CBF5,MERGED_INTO
VN_ADMIN_PRE_2025,VNAP25-7A5CF56C9B,VN_ADMIN_2025,VNA25-71AF8FB150,SPLIT_INTO
VN_ADMIN_PRE_2025,VNAP25-7A5CF56C9B,VN_ADMIN_2025,VNA25-C7CAF5C3E2,SPLIT_INTO
VN_ADMIN_PRE_2025,VNAP25-5D99C6BB14,VN_ADMIN_2025,VNA25-6AD555CBF5,MERGED_INTO
VN_ADMIN_PRE_2025,VNAP25-3AAF2DE26D,VN_ADMIN_2025,VNA25-B3DFDC56F1,MERGED_INTO
VN_ADMIN_PRE_2025,VNAP25-735115D531,VN_ADMIN_2025,VNA25-E6076F4FB4,MERGED_INTO
VN_ADMIN_PRE_2025,VNAP25-316F504938,VN_ADMIN_2025,VNA25-087F0EE25A,MERGED_INTO
VN_ADMIN_PRE_2025,VNAP25-289829A048,VN_ADMIN_2025,VNA25-087F0EE25A,MERGED_INTO
VN_ADMIN_PRE_2025,VNAP25-FB71F22A63,VN_ADMIN_2025,VNA25-B3DFDC56F1,MERGED_INTO
VN_ADMIN_PRE_2025,VNAP25-9F59DBF367,VN_ADMIN_2025,VNA25-CB1AEDE30D,MERGED_INTO
VN_ADMIN_PRE_2025,VNAP25-655EAF70D2,VN_ADMIN_2025,VNA25-E6076F4FB4,MERGED_INTO
VN_ADMIN_PRE_2025,VNAP25-7BA4C406E6,VN_ADMIN_2025,VNA25-B3DFDC56F1,MERGED_INTO
VN_ADMIN_PRE_2025,VNAP25-B962F9F6C5,VN_ADMIN_2025,VNA25-CB1AEDE30D,MERGED_INTO
VN_ADMIN_PRE_2025,VNAP25-4F9373248B,VN_ADMIN_2025,VNA25-E6076F4FB4,MERGED_INTO
VN_ADMIN_PRE_2025,VNAP25-12A30F6D3C,VN_ADMIN_2025,VNA25-E6076F4FB4,MERGED_INTO
VN_ADMIN_PRE_2025,VNAP25-50E1389ED3,VN_ADMIN_2025,VNA25-CB1AEDE30D,MERGED_INTO
VN_ADMIN_PRE_2025,VNAP25-6DE32EE9D8,VN_ADMIN_2025,VNA25-E6076F4FB4,MERGED_INTO
VN_ADMIN_PRE_2025,VNAP25-A5697AD1CA,VN_ADMIN_2025,VNA25-087F0EE25A,MERGED_INTO
VN_ADMIN_PRE_2025,VNAP25-C9B560A912,VN_ADMIN_2025,VNA25-10A4A52EAD,MERGED_INTO
VN_ADMIN_PRE_2025,VNAP25-DB043ED232,VN_ADMIN_2025,VNA25-10A4A52EAD,MERGED_INTO
VN_ADMIN_PRE_2025,VNAP25-06E3902A4B,VN_ADMIN_2025,VNA25-0A8F2265F8,MERGED_INTO
VN_ADMIN_PRE_2025,VNAP25-14CA7C8534,VN_ADMIN_2025,VNA25-151CD856D4,MERGED_INTO
VN_ADMIN_PRE_2025,VNAP25-75531D76D9,VN_ADMIN_2025,VNA25-F1AE7182DD,MERGED_INTO
VN_ADMIN_PRE_2025,VNAP25-8D04A918A0,VN_ADMIN_2025,VNA25-151CD856D4,MERGED_INTO
VN_ADMIN_PRE_2025,VNAP25-03FDF89BA9,VN_ADMIN_2025,VNA25-A0CF80896C,MERGED_INTO
VN_ADMIN_PRE_2025,VNAP25-D670D185B2,VN_ADMIN_2025,VNA25-A0CF80896C,MERGED_INTO
VN_ADMIN_PRE_2025,VNAP25-709E7D940F,VN_ADMIN_2025,VNA25-0A8F2265F8,MERGED_INTO
VN_ADMIN_PRE_2025,VNAP25-BB0E4BDBDC,VN_ADMIN_2025,VNA25-A0CF80896C,MERGED_INTO
VN_ADMIN_PRE_2025,VNAP25-46698C2EC3,VN_ADMIN_2025,VNA25-F1AE7182DD,MERGED_INTO
VN_ADMIN_PRE_2025,VNAP25-B24910382F,VN_ADMIN_2025,VNA25-F1AE7182DD,MERGED_INTO
VN_ADMIN_PRE_2025,VNAP25-6E20D10247,VN_ADMIN_2025,VNA25-A0CF80896C,MERGED_INTO
VN_ADMIN_PRE_2025,VNAP25-1683864B5A,VN_ADMIN_2025,VNA25-8E72E65561,MERGED_INTO
VN_ADMIN_PRE_2025,VNAP25-C91D704F87,VN_ADMIN_2025,VNA25-8E72E65561,MERGED_INTO
VN_ADMIN_PRE_2025,VNAP25-2E128F42CA,VN_ADMIN_2025,VNA25-2EE41C2E5A,MERGED_INTO
VN_ADMIN_PRE_2025,VNAP25-62720A5771,VN_ADMIN_2025,VNA25-2EE41C2E5A,SPLIT_INTO
VN_ADMIN_PRE_2025,VNAP25-62720A5771,VN_ADMIN_2025,VNA25-DEFFDDF81C,SPLIT_INTO
VN_ADMIN_PRE_2025,VNAP25-DFFE7816DD,VN_ADMIN_2025,VNA25-DEFFDDF81C,MERGED_INTO
VN_ADMIN_PRE_2025,VNAP25-2061BA1B12,VN_ADMIN_2025,VNA25-1437238611,MERGED_INTO
VN_ADMIN_PRE_2025,VNAP25-37773FF3E6,VN_ADMIN_2025,VNA25-DEFFDDF81C,MERGED_INTO
VN_ADMIN_PRE_2025,VNAP25-EAED6EA16B,VN_ADMIN_2025,VNA25-1437238611,MERGED_INTO
VN_ADMIN_PRE_2025,VNAP25-EA8C4861F4,VN_ADMIN_2025,VNA25-1437238611,MERGED_INTO
VN_ADMIN_PRE_2025,VNAP25-0F557E4EC2,VN_ADMIN_2025,VNA25-8E72E65561,MERGED_INTO
VN_ADMIN_PRE_2025,VNAP25-A6F0F75699,VN_ADMIN_2025,VNA25-1437238611,MERGED_INTO
VN_ADMIN_PRE_2025,VNAP25-D5361EC491,VN_ADMIN_2025,VNA25-1811CA48D7,SPLIT_INTO
VN_ADMIN_PRE_2025,VNAP25-D5361EC491,VN_ADMIN_2025,VNA25-52D21C1EA8,SPLIT_INTO
VN_ADMIN_PRE_2025,VNAP25-13A145DC77,VN_ADMIN_2025,VNA25-E709F99C49,MERGED_INTO
VN_ADMIN_PRE_2025,VNAP25-28C647DED5,VN_ADMIN_2025,VNA25-0015E5DE76,MERGED_INTO
VN_ADMIN_PRE_2025,VNAP25-14D17B003B,VN_ADMIN_2025,VNA25-0015E5DE76,MERGED_INTO
VN_ADMIN_PRE_2025,VNAP25-FBBF745BC2,VN_ADMIN_2025,VNA25-52D21C1EA8,MERGED_INTO
VN_ADMIN_PRE_2025,VNAP25-9BDD398E66,VN_ADMIN_2025,VNA25-B2569F02D3,MERGED_INTO
VN_ADMIN_PRE_2025,VNAP25-7C5EAABCB7,VN_ADMIN_2025,VNA25-52D21C1EA8,MERGED_INTO
VN_ADMIN_PRE_2025,VNAP25-BBF9F6FD58,VN_ADMIN_2025,VNA25-E709F99C49,MERGED_INTO
VN_ADMIN_PRE_2025,VNAP25-48895DFEF4,VN_ADMIN_2025,VNA25-52D21C1EA8,MERGED_INTO
VN_ADMIN_PRE_2025,VNAP25-A71677679B,VN_ADMIN_2025,VNA25-B2569F02D3,MERGED_INTO
VN_ADMIN_PRE_2025,VNAP25-CB1AFC5469,VN_ADMIN_2025,VNA25-B2569F02D3,MERGED_INTO
VN_ADMIN_PRE_2025,VNAP25-E77D0AAE64,VN_ADMIN_2025,VNA25-EC51D3B294,MERGED_INTO
VN_ADMIN_PRE_2025,VNAP25-B8FC447C48,VN_ADMIN_2025,VNA25-1EE0D370C4,MERGED_INTO
VN_ADMIN_PRE_2025,VNAP25-45B88CD24E,VN_ADMIN_2025,VNA25-D9044422D3,MERGED_INTO
VN_ADMIN_PRE_2025,VNAP25-312E4724EB,VN_ADMIN_2025,VNA25-D9044422D3,MERGED_INTO
VN_ADMIN_PRE_2025,VNAP25-66A8663D79,VN_ADMIN_2025,VNA25-1EE0D370C4,MERGED_INTO
VN_ADMIN_PRE_2025,VNAP25-D14A7C8203,VN_ADMIN_2025,VNA25-1EE0D370C4,MERGED_INTO
VN_ADMIN_PRE_2025,VNAP25-28515052C6,VN_ADMIN_2025,VNA25-E0BBF56038,MERGED_INTO
VN_ADMIN_PRE_2025,VNAP25-CB3AF169D9,VN_ADMIN_2025,VNA25-EC51D3B294,MERGED_INTO
VN_ADMIN_PRE_2025,VNAP25-D148F9CD51,VN_ADMIN_2025,VNA25-E0BBF56038,MERGED_INTO
VN_ADMIN_PRE_2025,VNAP25-32ABCDB54C,VN_ADMIN_2025,VNA25-3D893A29EF,MERGED_INTO
VN_ADMIN_PRE_2025,VNAP25-94CFB72CC3,VN_ADMIN_2025,VNA25-3D893A29EF,MERGED_INTO
VN_ADMIN_PRE_2025,VNAP25-1F849A835D,VN_ADMIN_2025,VNA25-3D893A29EF,MERGED_INTO
VN_ADMIN_PRE_2025,VNAP25-BAA46BCDFD,VN_ADMIN_2025,VNA25-EC51D3B294,MERGED_INTO
VN_ADMIN_PRE_2025,VNAP25-54C79445DF,VN_ADMIN_2025,VNA25-E0BBF56038,MERGED_INTO
VN_ADMIN_PRE_2025,VNAP25-D64971211F,VN_ADMIN_2025,VNA25-D9044422D3,MERGED_INTO
VN_ADMIN_PRE_2025,VNAP25-676D390BF5,VN_ADMIN_2025,VNA25-C7CAF5C3E2,MERGED_INTO
VN_ADMIN_PRE_2025,VNAP25-BE4C63304F,VN_ADMIN_2025,VNA25-C7CAF5C3E2,MERGED_INTO
VN_ADMIN_PRE_2025,VNAP25-EA70F01AA8,VN_ADMIN_2025,VNA25-C7CAF5C3E2,MERGED_INTO
VN_ADMIN_PRE_2025,VNAP25-B7914624AA,VN_ADMIN_2025,VNA25-C7CAF5C3E2,MERGED_INTO
VN_ADMIN_PRE_2025,VNAP25-EC15E7256C,VN_ADMIN_2025,VNA25-C7CAF5C3E2,MERGED_INTO
VN_ADMIN_PRE_2025,VNAP25-CD5979DE85,VN_ADMIN_2025,VNA25-14A869BBB1,SPLIT_INTO
VN_ADMIN_PRE_2025,VNAP25-CD5979DE85,VN_ADMIN_2025,VNA25-C7CAF5C3E2,SPLIT_INTO
VN_ADMIN_PRE_2025,VNAP25-79F0528B20,VN_ADMIN_2025,VNA25-14A869BBB1,MERGED_INTO
VN_ADMIN_PRE_2025,VNAP25-814BE980BE,VN_ADMIN_2025,VNA25-14A869BBB1,MERGED_INTO
VN_ADMIN_PRE_2025,VNAP25-F22998F2EE,VN_ADMIN_2025,VNA25-14A869BBB1,MERGED_INTO
VN_ADMIN_PRE_2025,VNAP25-C5A983EBD5,VN_ADMIN_2025,VNA25-1811CA48D7,MERGED_INTO
VN_ADMIN_PRE_2025,VNAP25-42246EBF9A,VN_ADMIN_2025,VNA25-1811CA48D7,MERGED_INTO
VN_ADMIN_PRE_2025,VNAP25-5EE6E7EAAB,VN_ADMIN_2025,VNA25-1811CA48D7,MERGED_INTO
VN_ADMIN_PRE_2025,VNAP25-3DE3594EE8,VN_ADMIN_2025,VNA25-37E3027D5C,MERGED_INTO
VN_ADMIN_PRE_2025,VNAP25-7E16204FBF,VN_ADMIN_2025,VNA25-37E3027D5C,MERGED_INTO
VN_ADMIN_PRE_2025,VNAP25-7B1A9AEAE4,VN_ADMIN_2025,VNA25-515510F762,MERGED_INTO
VN_ADMIN_PRE_2025,VNAP25-EFC2A50B99,VN_ADMIN_2025,VNA25-515510F762,MERGED_INTO
VN_ADMIN_PRE_2025,VNAP25-E20F12D8E7,VN_ADMIN_2025,VNA25-37E3027D5C,MERGED_INTO
VN_ADMIN_PRE_2025,VNAP25-079D232C58,VN_ADMIN_2025,VNA25-515510F762,MERGED_INTO
VN_ADMIN_PRE_2025,VNAP25-E0BBF2574C,VN_ADMIN_2025,VNA25-37E3027D5C,MERGED_INTO
VN_ADMIN_PRE_2025,VNAP25-70D8AC44CA,VN_ADMIN_2025,VNA25-A0D5B54E54,MERGED_INTO
VN_ADMIN_PRE_2025,VNAP25-5EFBDAC7DE,VN_ADMIN_2025,VNA25-EEE72152B5,MERGED_INTO
VN_ADMIN_PRE_2025,VNAP25-1BE74FBF79,VN_ADMIN_2025,VNA25-EEE72152B5,MERGED_INTO
VN_ADMIN_PRE_2025,VNAP25-A2DFD3483A,VN_ADMIN_2025,VNA25-A0D5B54E54,MERGED_INTO
VN_ADMIN_PRE_2025,VNAP25-AF0FCBE2CD,VN_ADMIN_2025,VNA25-A0D5B54E54,MERGED_INTO
VN_ADMIN_PRE_2025,VNAP25-9910F2A258,VN_ADMIN_2025,VNA25-EEE72152B5,MERGED_INTO
VN_ADMIN_PRE_2025,VNAP25-5BC9105453,VN_ADMIN_2025,VNA25-EEE72152B5,MERGED_INTO
VN_ADMIN_PRE_2025,VNAP25-2710A9B96B,VN_ADMIN_2025,VNA25-EEE72152B5,MERGED_INTO
VN_ADMIN_PRE_2025,VNAP25-CEC1D9E347,VN_ADMIN_2025,VNA25-515510F762,MERGED_INTO
VN_ADMIN_PRE_2025,VNAP25-6138504568,VN_ADMIN_2025,VNA25-8F64762120,MERGED_INTO
VN_ADMIN_PRE_2025,VNAP25-29F7DBF160,VN_ADMIN_2025,VNA25-D89C27ECF7,MERGED_INTO
VN_ADMIN_PRE_2025,VNAP25-F95B7EB500,VN_ADMIN_2025,VNA25-DAE87D0C13,MERGED_INTO
VN_ADMIN_PRE_2025,VNAP25-AA08931129,VN_ADMIN_2025,VNA25-AC0996F309,MERGED_INTO
VN_ADMIN_PRE_2025,VNAP25-48AAF0EE39,VN_ADMIN_2025,VNA25-AC0996F309,MERGED_INTO
VN_ADMIN_PRE_2025,VNAP25-0A1A3A79DA,VN_ADMIN_2025,VNA25-8F64762120,MERGED_INTO
VN_ADMIN_PRE_2025,VNAP25-C33ADDB6EB,VN_ADMIN_2025,VNA25-AC0996F309,MERGED_INTO
VN_ADMIN_PRE_2025,VNAP25-E1BE4559F0,VN_ADMIN_2025,VNA25-DAE87D0C13,MERGED_INTO
VN_ADMIN_PRE_2025,VNAP25-E1F95C0B85,VN_ADMIN_2025,VNA25-DAE87D0C13,MERGED_INTO
VN_ADMIN_PRE_2025,VNAP25-0822F70B81,VN_ADMIN_2025,VNA25-D89C27ECF7,MERGED_INTO
VN_ADMIN_PRE_2025,VNAP25-DA39C17C2A,VN_ADMIN_2025,VNA25-F8F8FFE06C,MERGED_INTO
VN_ADMIN_PRE_2025,VNAP25-960F924AFA,VN_ADMIN_2025,VNA25-8F64762120,MERGED_INTO
VN_ADMIN_PRE_2025,VNAP25-225F8F6CFA,VN_ADMIN_2025,VNA25-20139D3B88,MERGED_INTO
VN_ADMIN_PRE_2025,VNAP25-0481F92D79,VN_ADMIN_2025,VNA25-20139D3B88,MERGED_INTO
VN_ADMIN_PRE_2025,VNAP25-D233068F0E,VN_ADMIN_2025,VNA25-20139D3B88,MERGED_INTO
VN_ADMIN_PRE_2025,VNAP25-4DD670F594,VN_ADMIN_2025,VNA25-F8F8FFE06C,MERGED_INTO
VN_ADMIN_PRE_2025,VNAP25-C2D9136C32,VN_ADMIN_2025,VNA25-D89C27ECF7,MERGED_INTO
VN_ADMIN_PRE_2025,VNAP25-B6516F3116,VN_ADMIN_2025,VNA25-F8F8FFE06C,MERGED_INTO
VN_ADMIN_PRE_2025,VNAP25-2A456B0B4E,VN_ADMIN_2025,VNA25-AC0996F309,MERGED_INTO
VN_ADMIN_PRE_2025,VNAP25-F617AAE0C7,VN_ADMIN_2025,VNA25-A864C0DB88,MERGED_INTO
VN_ADMIN_PRE_2025,VNAP25-958BA09FB3,VN_ADMIN_2025,VNA25-DAE87D0C13,MERGED_INTO
VN_ADMIN_PRE_2025,VNAP25-A45C2766D4,VN_ADMIN_2025,VNA25-8F64762120,MERGED_INTO
VN_ADMIN_PRE_2025,VNAP25-563F2802E8,VN_ADMIN_2025,VNA25-A864C0DB88,MERGED_INTO
VN_ADMIN_PRE_2025,VNAP25-00CFC31F3E,VN_ADMIN_2025,VNA25-DAE87D0C13,MERGED_INTO
VN_ADMIN_PRE_2025,VNAP25-A671D2B38F,VN_ADMIN_2025,VNA25-D89C27ECF7,MERGED_INTO
VN_ADMIN_PRE_2025,VNAP25-008D593ED7,VN_ADMIN_2025,VNA25-F8F8FFE06C,MERGED_INTO
VN_ADMIN_PRE_2025,VNAP25-98522753CD,VN_ADMIN_2025,VNA25-851B3F3B30,MERGED_INTO
VN_ADMIN_PRE_2025,VNAP25-CA145DC630,VN_ADMIN_2025,VNA25-24FAAB1F91,MERGED_INTO
VN_ADMIN_PRE_2025,VNAP25-D59D8C40B0,VN_ADMIN_2025,VNA25-576D388008,MERGED_INTO
VN_ADMIN_PRE_2025,VNAP25-8306F1159A,VN_ADMIN_2025,VNA25-576D388008,MERGED_INTO
VN_ADMIN_PRE_2025,VNAP25-84DFE5BD76,VN_ADMIN_2025,VNA25-576D388008,MERGED_INTO
VN_ADMIN_PRE_2025,VNAP25-086B7CA74D,VN_ADMIN_2025,VNA25-24FAAB1F91,MERGED_INTO
VN_ADMIN_PRE_2025,VNAP25-41D2F02E24,VN_ADMIN_2025,VNA25-576D388008,MERGED_INTO
VN_ADMIN_PRE_2025,VNAP25-A0B428A83C,VN_ADMIN_2025,VNA25-576D388008,MERGED_INTO
VN_ADMIN_PRE_2025,VNAP25-35F84926E6,VN_ADMIN_2025,VNA25-576D388008,MERGED_INTO
VN_ADMIN_PRE_2025,VNAP25-BF7B1D810F,VN_ADMIN_2025,VNA25-851B3F3B30,MERGED_INTO
VN_ADMIN_PRE_2025,VNAP25-1CB4651D2C,VN_ADMIN_2025,VNA25-576D388008,MERGED_INTO
VN_ADMIN_PRE_2025,VNAP25-CFFFDD352D,VN_ADMIN_2025,VNA25-24FAAB1F91,MERGED_INTO
VN_ADMIN_PRE_2025,VNAP25-07856B89E8,VN_ADMIN_2025,VNA25-576D388008,MERGED_INTO
VN_ADMIN_PRE_2025,VNAP25-04F5E72349,VN_ADMIN_2025,VNA25-851B3F3B30,MERGED_INTO
VN_ADMIN_PRE_2025,VNAP25-974951DC2E,VN_ADMIN_2025,VNA25-24FAAB1F91,MERGED_INTO
VN_ADMIN_PRE_2025,VNAP25-1661703650,VN_ADMIN_2025,VNA25-6DAF14774C,MERGED_INTO
VN_ADMIN_PRE_2025,VNAP25-935B406CC5,VN_ADMIN_2025,VNA25-0CAD98154A,MERGED_INTO
VN_ADMIN_PRE_2025,VNAP25-19A7BD84E4,VN_ADMIN_2025,VNA25-8277CD2B2C,MERGED_INTO
VN_ADMIN_PRE_2025,VNAP25-B445487659,VN_ADMIN_2025,VNA25-8FAAE190A4,MERGED_INTO
VN_ADMIN_PRE_2025,VNAP25-9A9AD0735E,VN_ADMIN_2025,VNA25-0CAD98154A,MERGED_INTO
VN_ADMIN_PRE_2025,VNAP25-DA035A086F,VN_ADMIN_2025,VNA25-E1A1D978DA,MERGED_INTO
VN_ADMIN_PRE_2025,VNAP25-0ABA524BEF,VN_ADMIN_2025,VNA25-6DAF14774C,MERGED_INTO
VN_ADMIN_PRE_2025,VNAP25-FB0FD8D7D4,VN_ADMIN_2025,VNA25-E64A4FEC81,MERGED_INTO
VN_ADMIN_PRE_2025,VNAP25-2F7FC54D7E,VN_ADMIN_2025,VNA25-E64A4FEC81,MERGED_INTO
VN_ADMIN_PRE_2025,VNAP25-1C2C587D82,VN_ADMIN_2025,VNA25-6DAF14774C,MERGED_INTO
VN_ADMIN_PRE_2025,VNAP25-20C2860B86,VN_ADMIN_2025,VNA25-6DAF14774C,MERGED_INTO
VN_ADMIN_PRE_2025,VNAP25-788B96C8FB,VN_ADMIN_2025,VNA25-464B458283,MERGED_INTO
VN_ADMIN_PRE_2025,VNAP25-066113DE3E,VN_ADMIN_2025,VNA25-8277CD2B2C,MERGED_INTO
VN_ADMIN_PRE_2025,VNAP25-ABA9BF59D7,VN_ADMIN_2025,VNA25-E64A4FEC81,MERGED_INTO
VN_ADMIN_PRE_2025,VNAP25-595D269FEE,VN_ADMIN_2025,VNA25-E1A1D978DA,MERGED_INTO
VN_ADMIN_PRE_2025,VNAP25-5340FE6653,VN_ADMIN_2025,VNA25-0CAD98154A,MERGED_INTO
VN_ADMIN_PRE_2025,VNAP25-F97BF7C643,VN_ADMIN_2025,VNA25-8FAAE190A4,MERGED_INTO
VN_ADMIN_PRE_2025,VNAP25-EAE1568113,VN_ADMIN_2025,VNA25-6DAF14774C,MERGED_INTO
VN_ADMIN_PRE_2025,VNAP25-DA258A50A4,VN_ADMIN_2025,VNA25-464B458283,MERGED_INTO
VN_ADMIN_PRE_2025,VNAP25-4510149A62,VN_ADMIN_2025,VNA25-E1A1D978DA,MERGED_INTO
VN_ADMIN_PRE_2025,VNAP25-72E198A2A5,VN_ADMIN_2025,VNA25-8FAAE190A4,MERGED_INTO
VN_ADMIN_PRE_2025,VNAP25-8CC2B76CE4,VN_ADMIN_2025,VNA25-8277CD2B2C,MERGED_INTO
VN_ADMIN_PRE_2025,VNAP25-1185CC6282,VN_ADMIN_2025,VNA25-8277CD2B2C,MERGED_INTO
VN_ADMIN_PRE_2025,VNAP25-FC1A10D86A,VN_ADMIN_2025,VNA25-0CAD98154A,MERGED_INTO
VN_ADMIN_PRE_2025,VNAP25-8D173706BF,VN_ADMIN_2025,VNA25-464B458283,MERGED_INTO
VN_ADMIN_PRE_2025,VNAP25-01B6E9E92D,VN_ADMIN_2025,VNA25-6DAF14774C,MERGED_INTO
VN_ADMIN_PRE_2025,VNAP25-84A8484EBC,VN_ADMIN_2025,VNA25-DD07DAACDB,MERGED_INTO
VN_ADMIN_PRE_2025,VNAP25-0E828AEEEA,VN_ADMIN_2025,VNA25-EE1D473147,MERGED_INTO
VN_ADMIN_PRE_2025,VNAP25-56B214B469,VN_ADMIN_2025,VNA25-EE1D473147,MERGED_INTO
VN_ADMIN_PRE_2025,VNAP25-AEC58CC324,VN_ADMIN_2025,VNA25-F2C901CBC2,MERGED_INTO
VN_ADMIN_PRE_2025,VNAP25-D15FAB18AA,VN_ADMIN_2025,VNA25-168258E28E,MERGED_INTO
VN_ADMIN_PRE_2025,VNAP25-9482CEB3B1,VN_ADMIN_2025,VNA25-F2C901CBC2,MERGED_INTO
VN_ADMIN_PRE_2025,VNAP25-519AD0336B,VN_ADMIN_2025,VNA25-168258E28E,MERGED_INTO
VN_ADMIN_PRE_2025,VNAP25-C1972F9D81,VN_ADMIN_2025,VNA25-7600A5EE8B,SAME_AS
VN_ADMIN_PRE_2025,VNAP25-9F39345A2E,VN_ADMIN_2025,VNA25-168258E28E,MERGED_INTO
VN_ADMIN_PRE_2025,VNAP25-69EB867A62,VN_ADMIN_2025,VNA25-DD07DAACDB,MERGED_INTO
VN_ADMIN_PRE_2025,VNAP25-A26D2B0CD3,VN_ADMIN_2025,VNA25-168258E28E,MERGED_INTO
VN_ADMIN_PRE_2025,VNAP25-7AFD685DC1,VN_ADMIN_2025,VNA25-F2C901CBC2,MERGED_INTO
VN_ADMIN_PRE_2025,VNAP25-780713572B,VN_ADMIN_2025,VNA25-F2C901CBC2,MERGED_INTO
VN_ADMIN_PRE_2025,VNAP25-3B1149F3BA,VN_ADMIN_2025,VNA25-DAD2888328,MERGED_INTO
VN_ADMIN_PRE_2025,VNAP25-3D94937057,VN_ADMIN_2025,VNA25-8616F9516E,MERGED_INTO
VN_ADMIN_PRE_2025,VNAP25-ED84B93FBF,VN_ADMIN_2025,VNA25-8616F9516E,MERGED_INTO
VN_ADMIN_PRE_2025,VNAP25-A4633F6243,VN_ADMIN_2025,VNA25-8616F9516E,MERGED_INTO
VN_ADMIN_PRE_2025,VNAP25-05A4C81E82,VN_ADMIN_2025,VNA25-F3F8C2CCC6,MERGED_INTO
VN_ADMIN_PRE_2025,VNAP25-CEBCEDFDC4,VN_ADMIN_2025,VNA25-DAD2888328,MERGED_INTO
VN_ADMIN_PRE_2025,VNAP25-1CEAC9085A,VN_ADMIN_2025,VNA25-F3F8C2CCC6,MERGED_INTO
VN_ADMIN_PRE_2025,VNAP25-09FFCF828F,VN_ADMIN_2025,VNA25-8616F9516E,MERGED_INTO
VN_ADMIN_PRE_2025,VNAP25-41E330D5FB,VN_ADMIN_2025,VNA25-28D5771673,MERGED_INTO
VN_ADMIN_PRE_2025,VNAP25-6D0C739FC9,VN_ADMIN_2025,VNA25-28D5771673,MERGED_INTO
VN_ADMIN_PRE_2025,VNAP25-25097884C5,VN_ADMIN_2025,VNA25-DAD2888328,MERGED_INTO
VN_ADMIN_PRE_2025,VNAP25-227824D82B,VN_ADMIN_2025,VNA25-F3F8C2CCC6,MERGED_INTO
VN_ADMIN_PRE_2025,VNAP25-56C2C8D59E,VN_ADMIN_2025,VNA25-F3F8C2CCC6,MERGED_INTO
VN_ADMIN_PRE_2025,VNAP25-016BE21E97,VN_ADMIN_2025,VNA25-DAD2888328,MERGED_INTO
VN_ADMIN_PRE_2025,VNAP25-F69A3B4AD7,VN_ADMIN_2025,VNA25-C497462340,MERGED_INTO
VN_ADMIN_PRE_2025,VNAP25-7B81A6A07F,VN_ADMIN_2025,VNA25-97AB375117,MERGED_INTO
VN_ADMIN_PRE_2025,VNAP25-0CB8C56C22,VN_ADMIN_2025,VNA25-97AB375117,MERGED_INTO
VN_ADMIN_PRE_2025,VNAP25-3928856B04,VN_ADMIN_2025,VNA25-C497462340,MERGED_INTO
VN_ADMIN_PRE_2025,VNAP25-0AF3ACA7F1,VN_ADMIN_2025,VNA25-A78A3030E0,MERGED_INTO
VN_ADMIN_PRE_2025,VNAP25-111BA2A725,VN_ADMIN_2025,VNA25-A78A3030E0,MERGED_INTO
VN_ADMIN_PRE_2025,VNAP25-9289FAFD8A,VN_ADMIN_2025,VNA25-E936B38AA9,MERGED_INTO
VN_ADMIN_PRE_2025,VNAP25-50B918F10E,VN_ADMIN_2025,VNA25-A78A3030E0,MERGED_INTO
VN_ADMIN_PRE_2025,VNAP25-59BE18AD96,VN_ADMIN_2025,VNA25-111D1E5DF0,MERGED_INTO
VN_ADMIN_PRE_2025,VNAP25-7640859597,VN_ADMIN_2025,VNA25-A78A3030E0,MERGED_INTO
VN_ADMIN_PRE_2025,VNAP25-CEC362FAB0,VN_ADMIN_2025,VNA25-E936B38AA9,MERGED_INTO
VN_ADMIN_PRE_2025,VNAP25-8600A2AC9C,VN_ADMIN_2025,VNA25-111D1E5DF0,MERGED_INTO
VN_ADMIN_PRE_2025,VNAP25-6C39D0CBA2,VN_ADMIN_2025,VNA25-97AB375117,MERGED_INTO
VN_ADMIN_PRE_2025,VNAP25-2ED5EDB0FC,VN_ADMIN_2025,VNA25-111D1E5DF0,MERGED_INTO
VN_ADMIN_PRE_2025,VNAP25-A8452D673D,VN_ADMIN_2025,VNA25-C497462340,MERGED_INTO
VN_ADMIN_PRE_2025,VNAP25-4AA4401376,VN_ADMIN_2025,VNA25-E936B38AA9,MERGED_INTO
VN_ADMIN_PRE_2025,VNAP25-FF80767828,VN_ADMIN_2025,VNA25-340763EA8F,MERGED_INTO
VN_ADMIN_PRE_2025,VNAP25-1391E7D8C2,VN_ADMIN_2025,VNA25-340763EA8F,MERGED_INTO
VN_ADMIN_PRE_2025,VNAP25-72BD0CA206,VN_ADMIN_2025,VNA25-2A51A17A5F,MERGED_INTO
VN_ADMIN_PRE_2025,VNAP25-EDC4A4592D,VN_ADMIN_2025,VNA25-2994B4458F,MERGED_INTO
VN_ADMIN_PRE_2025,VNAP25-070F1B0696,VN_ADMIN_2025,VNA25-2A51A17A5F,MERGED_INTO
VN_ADMIN_PRE_2025,VNAP25-E57BC2F99C,VN_ADMIN_2025,VNA25-EF7865FB33,MERGED_INTO
VN_ADMIN_PRE_2025,VNAP25-72199AC20C,VN_ADMIN_2025,VNA25-2994B4458F,MERGED_INTO
VN_ADMIN_PRE_2025,VNAP25-5F6BDE2469,VN_ADMIN_2025,VNA25-4C85F7A5B5,MERGED_INTO
VN_ADMIN_PRE_2025,VNAP25-8C1CF4B78C,VN_ADMIN_2025,VNA25-2994B4458F,MERGED_INTO
VN_ADMIN_PRE_2025,VNAP25-E198444C8A,VN_ADMIN_2025,VNA25-0EDCCDF33C,MERGED_INTO
VN_ADMIN_PRE_2025,VNAP25-EF0CEBAAA8,VN_ADMIN_2025,VNA25-0EDCCDF33C,MERGED_INTO
VN_ADMIN_PRE_2025,VNAP25-6867EAC672,VN_ADMIN_2025,VNA25-0EDCCDF33C,MERGED_INTO
VN_ADMIN_PRE_2025,VNAP25-958A03030C,VN_ADMIN_2025,VNA25-2994B4458F,MERGED_INTO
VN_ADMIN_PRE_2025,VNAP25-4EEDC90414,VN_ADMIN_2025,VNA25-2A51A17A5F,MERGED_INTO
VN_ADMIN_PRE_2025,VNAP25-30674FA4BE,VN_ADMIN_2025,VNA25-4C85F7A5B5,MERGED_INTO
VN_ADMIN_PRE_2025,VNAP25-84E998D483,VN_ADMIN_2025,VNA25-EF7865FB33,MERGED_INTO
VN_ADMIN_PRE_2025,VNAP25-9CEB4B0C1E,VN_ADMIN_2025,VNA25-2994B4458F,MERGED_INTO
VN_ADMIN_PRE_2025,VNAP25-300F35086B,VN_ADMIN_2025,VNA25-340763EA8F,MERGED_INTO
VN_ADMIN_PRE_2025,VNAP25-8C48313705,VN_ADMIN_2025,VNA25-340763EA8F,MERGED_INTO
VN_ADMIN_PRE_2025,VNAP25-E8A2F7EE50,VN_ADMIN_2025,VNA25-A231C31CA9,MERGED_INTO
VN_ADMIN_PRE_2025,VNAP25-1BB06480EE,VN_ADMIN_2025,VNA25-A231C31CA9,MERGED_INTO
VN_ADMIN_PRE_2025,VNAP25-0588101FB1,VN_ADMIN_2025,VNA25-5CD237C613,MERGED_INTO
VN_ADMIN_PRE_2025,VNAP25-D4812B98AB,VN_ADMIN_2025,VNA25-FBA1586603,MERGED_INTO
VN_ADMIN_PRE_2025,VNAP25-869B5CFFFD,VN_ADMIN_2025,VNA25-9F073D5381,MERGED_INTO
VN_ADMIN_PRE_2025,VNAP25-42674938D2,VN_ADMIN_2025,VNA25-FBA1586603,MERGED_INTO
VN_ADMIN_PRE_2025,VNAP25-29E86289F5,VN_ADMIN_2025,VNA25-43E6F636BD,MERGED_INTO
VN_ADMIN_PRE_2025,VNAP25-5F24B6D49D,VN_ADMIN_2025,VNA25-43E6F636BD,MERGED_INTO
VN_ADMIN_PRE_2025,VNAP25-5B0A5228DC,VN_ADMIN_2025,VNA25-5CD237C613,MERGED_INTO
VN_ADMIN_PRE_2025,VNAP25-369287AF79,VN_ADMIN_2025,VNA25-FBA1586603,MERGED_INTO
VN_ADMIN_PRE_2025,VNAP25-DE924BFCCE,VN_ADMIN_2025,VNA25-5CD237C613,MERGED_INTO
VN_ADMIN_PRE_2025,VNAP25-4B2DFCDEBD,VN_ADMIN_2025,VNA25-FBA1586603,MERGED_INTO
VN_ADMIN_PRE_2025,VNAP25-FB99CEB5FC,VN_ADMIN_2025,VNA25-9F073D5381,MERGED_INTO
VN_ADMIN_PRE_2025,VNAP25-2F76225C89,VN_ADMIN_2025,VNA25-4CEB3A4046,MERGED_INTO
VN_ADMIN_PRE_2025,VNAP25-7419F9C846,VN_ADMIN_2025,VNA25-4CEB3A4046,MERGED_INTO
VN_ADMIN_PRE_2025,VNAP25-A557497276,VN_ADMIN_2025,VNA25-DDFF0809F8,MERGED_INTO
VN_ADMIN_PRE_2025,VNAP25-D9C744B54E,VN_ADMIN_2025,VNA25-AC6A0113AE,MERGED_INTO
VN_ADMIN_PRE_2025,VNAP25-7AFC83689A,VN_ADMIN_2025,VNA25-5C5B83E682,MERGED_INTO
VN_ADMIN_PRE_2025,VNAP25-65AEFF7171,VN_ADMIN_2025,VNA25-4CEB3A4046,MERGED_INTO
VN_ADMIN_PRE_2025,VNAP25-7DA0E654B3,VN_ADMIN_2025,VNA25-4CEB3A4046,MERGED_INTO
VN_ADMIN_PRE_2025,VNAP25-E6BEF8C3B4,VN_ADMIN_2025,VNA25-5C5B83E682,MERGED_INTO
VN_ADMIN_PRE_2025,VNAP25-2BCDF9E2E3,VN_ADMIN_2025,VNA25-2AC7505E9D,MERGED_INTO
VN_ADMIN_PRE_2025,VNAP25-D9AF2B1017,VN_ADMIN_2025,VNA25-2AC7505E9D,MERGED_INTO
VN_ADMIN_PRE_2025,VNAP25-A0F1AFB6AA,VN_ADMIN_2025,VNA25-AC6A0113AE,MERGED_INTO
VN_ADMIN_PRE_2025,VNAP25-2F02FEA0FC,VN_ADMIN_2025,VNA25-4CEB3A4046,MERGED_INTO
VN_ADMIN_PRE_2025,VNAP25-5E471AE51D,VN_ADMIN_2025,VNA25-AC6A0113AE,MERGED_INTO
VN_ADMIN_PRE_2025,VNAP25-C1E114E305,VN_ADMIN_2025,VNA25-5C5B83E682,MERGED_INTO
VN_ADMIN_PRE_2025,VNAP25-9450F0B25D,VN_ADMIN_2025,VNA25-2AC7505E9D,MERGED_INTO
VN_ADMIN_PRE_2025,VNAP25-67DE78583D,VN_ADMIN_2025,VNA25-DDFF0809F8,MERGED_INTO
VN_ADMIN_PRE_2025,VNAP25-8FB191B06E,VN_ADMIN_2025,VNA25-DDFF0809F8,MERGED_INTO
VN_ADMIN_PRE_2025,VNAP25-C7C0909EEC,VN_ADMIN_2025,VNA25-DDFF0809F8,MERGED_INTO
VN_ADMIN_PRE_2025,VNAP25-A063E57881,VN_ADMIN_2025,VNA25-8D3748109A,MERGED_INTO
VN_ADMIN_PRE_2025,VNAP25-4EB5E7D64F,VN_ADMIN_2025,VNA25-B4681DA65D,MERGED_INTO
VN_ADMIN_PRE_2025,VNAP25-D8DAB95D2E,VN_ADMIN_2025,VNA25-3EFED9BD0A,MERGED_INTO
VN_ADMIN_PRE_2025,VNAP25-A734ECC39B,VN_ADMIN_2025,VNA25-21642BD72F,MERGED_INTO
VN_ADMIN_PRE_2025,VNAP25-4214C26860,VN_ADMIN_2025,VNA25-800F252D34,MERGED_INTO
VN_ADMIN_PRE_2025,VNAP25-8E24036740,VN_ADMIN_2025,VNA25-B4681DA65D,MERGED_INTO
VN_ADMIN_PRE_2025,VNAP25-238F291F32,VN_ADMIN_2025,VNA25-B4681DA65D,MERGED_INTO
VN_ADMIN_PRE_2025,VNAP25-3E79CBEB29,VN_ADMIN_2025,VNA25-B4681DA65D,MERGED_INTO
VN_ADMIN_PRE_2025,VNAP25-EEC5D0B4FE,VN_ADMIN_2025,VNA25-B4681DA65D,MERGED_INTO
VN_ADMIN_PRE_2025,VNAP25-3247E9F4AE,VN_ADMIN_2025,VNA25-0CD01C9688,MERGED_INTO
VN_ADMIN_PRE_2025,VNAP25-C5D44D99C7,VN_ADMIN_2025,VNA25-21642BD72F,MERGED_INTO
VN_ADMIN_PRE_2025,VNAP25-354774D6B8,VN_ADMIN_2025,VNA25-800F252D34,MERGED_INTO
VN_ADMIN_PRE_2025,VNAP25-83730448E2,VN_ADMIN_2025,VNA25-0CD01C9688,MERGED_INTO
VN_ADMIN_PRE_2025,VNAP25-DA807A8138,VN_ADMIN_2025,VNA25-3EFED9BD0A,MERGED_INTO
VN_ADMIN_PRE_2025,VNAP25-A6E5980789,VN_ADMIN_2025,VNA25-8D3748109A,MERGED_INTO
VN_ADMIN_PRE_2025,VNAP25-E87F9A9BB2,VN_ADMIN_2025,VNA25-8D3748109A,MERGED_INTO
VN_ADMIN_PRE_2025,VNAP25-341671448B,VN_ADMIN_2025,VNA25-21642BD72F,MERGED_INTO
VN_ADMIN_PRE_2025,VNAP25-90DAF3DB46,VN_ADMIN_2025,VNA25-3EFED9BD0A,MERGED_INTO
VN_ADMIN_PRE_2025,VNAP25-CE499E81B0,VN_ADMIN_2025,VNA25-0CD01C9688,MERGED_INTO
VN_ADMIN_PRE_2025,VNAP25-B3FEB526B5,VN_ADMIN_2025,VNA25-800F252D34,MERGED_INTO
VN_ADMIN_PRE_2025,VNAP25-1D91B31721,VN_ADMIN_2025,VNA25-500AADA775,MERGED_INTO
VN_ADMIN_PRE_2025,VNAP25-7ABF564086,VN_ADMIN_2025,VNA25-B6012C49CF,MERGED_INTO
VN_ADMIN_PRE_2025,VNAP25-C82AC7DC29,VN_ADMIN_2025,VNA25-FFB710CCCA,MERGED_INTO
VN_ADMIN_PRE_2025,VNAP25-AECCD43219,VN_ADMIN_2025,VNA25-B6012C49CF,MERGED_INTO
VN_ADMIN_PRE_2025,VNAP25-3D8C56F5CF,VN_ADMIN_2025,VNA25-426C41D78A,MERGED_INTO
VN_ADMIN_PRE_2025,VNAP25-EE1565B6BD,VN_ADMIN_2025,VNA25-426C41D78A,MERGED_INTO
VN_ADMIN_PRE_2025,VNAP25-A489F053F0,VN_ADMIN_2025,VNA25-500AADA775,MERGED_INTO
VN_ADMIN_PRE_2025,VNAP25-229AB4DCEA,VN_ADMIN_2025,VNA25-B6012C49CF,MERGED_INTO
VN_ADMIN_PRE_2025,VNAP25-B61ED3CBAA,VN_ADMIN_2025,VNA25-500AADA775,MERGED_INTO
VN_ADMIN_PRE_2025,VNAP25-7D2E8ED595,VN_ADMIN_2025,VNA25-FFB710CCCA,MERGED_INTO
VN_ADMIN_PRE_2025,VNAP25-6F882DCDBB,VN_ADMIN_2025,VNA25-500AADA775,MERGED_INTO
VN_ADMIN_PRE_2025,VNAP25-26B3490FEB,VN_ADMIN_2025,VNA25-FC59D9A5D8,MERGED_INTO
VN_ADMIN_PRE_2025,VNAP25-FDA75A0A74,VN_ADMIN_2025,VNA25-8E9421CF79,MERGED_INTO
VN_ADMIN_PRE_2025,VNAP25-52C2890E86,VN_ADMIN_2025,VNA25-FC59D9A5D8,MERGED_INTO
VN_ADMIN_PRE_2025,VNAP25-8B996CF927,VN_ADMIN_2025,VNA25-8E9421CF79,MERGED_INTO
VN_ADMIN_PRE_2025,VNAP25-631C3E36AE,VN_ADMIN_2025,VNA25-FC59D9A5D8,MERGED_INTO
VN_ADMIN_PRE_2025,VNAP25-AF6514DC22,VN_ADMIN_2025,VNA25-62F90F8B19,MERGED_INTO
VN_ADMIN_PRE_2025,VNAP25-35DF6AECF7,VN_ADMIN_2025,VNA25-FD3B9E20E5,MERGED_INTO
VN_ADMIN_PRE_2025,VNAP25-68A116E78E,VN_ADMIN_2025,VNA25-FC59D9A5D8,MERGED_INTO
VN_ADMIN_PRE_2025,VNAP25-46546AD538,VN_ADMIN_2025,VNA25-8E9421CF79,MERGED_INTO
VN_ADMIN_PRE_2025,VNAP25-2A5CCD3C96,VN_ADMIN_2025,VNA25-FD3B9E20E5,MERGED_INTO
VN_ADMIN_PRE_2025,VNAP25-20AE731294,VN_ADMIN_2025,VNA25-FD3B9E20E5,MERGED_INTO
VN_ADMIN_PRE_2025,VNAP25-D75FD788A8,VN_ADMIN_2025,VNA25-62F90F8B19,MERGED_INTO
VN_ADMIN_PRE_2025,VNAP25-C29D230A66,VN_ADMIN_2025,VNA25-62F90F8B19,MERGED_INTO
VN_ADMIN_PRE_2025,VNAP25-19FD4EF38A,VN_ADMIN_2025,VNA25-418D92D5ED,MERGED_INTO
VN_ADMIN_PRE_2025,VNAP25-65A4BA60EE,VN_ADMIN_2025,VNA25-418D92D5ED,MERGED_INTO
VN_ADMIN_PRE_2025,VNAP25-40AA20236F,VN_ADMIN_2025,VNA25-54E4C0F6A6,MERGED_INTO
VN_ADMIN_PRE_2025,VNAP25-07DCBAEA26,VN_ADMIN_2025,VNA25-54E4C0F6A6,MERGED_INTO
VN_ADMIN_PRE_2025,VNAP25-28F6DDFFFD,VN_ADMIN_2025,VNA25-BB6499E6EF,MERGED_INTO
VN_ADMIN_PRE_2025,VNAP25-531E72846D,VN_ADMIN_2025,VNA25-BB6499E6EF,MERGED_INTO
VN_ADMIN_PRE_2025,VNAP25-51E6625881,VN_ADMIN_2025,VNA25-418D92D5ED,MERGED_INTO
VN_ADMIN_PRE_2025,VNAP25-01F0E936F3,VN_ADMIN_2025,VNA25-54E4C0F6A6,MERGED_INTO
VN_ADMIN_PRE_2025,VNAP25-22E6FE2E53,VN_ADMIN_2025,VNA25-BB6499E6EF,MERGED_INTO
VN_ADMIN_PRE_2025,VNAP25-6FB396EFF1,VN_ADMIN_2025,VNA25-418D92D5ED,MERGED_INTO
VN_ADMIN_PRE_2025,VNAP25-04E6532305,VN_ADMIN_2025,VNA25-84AEF2550A,MERGED_INTO
VN_ADMIN_PRE_2025,VNAP25-651CACA723,VN_ADMIN_2025,VNA25-FEA73EB19F,MERGED_INTO
VN_ADMIN_PRE_2025,VNAP25-54819B8186,VN_ADMIN_2025,VNA25-84AEF2550A,MERGED_INTO
VN_ADMIN_PRE_2025,VNAP25-D8AC3B0E6C,VN_ADMIN_2025,VNA25-73059BDABD,MERGED_INTO
VN_ADMIN_PRE_2025,VNAP25-0909EFA2BC,VN_ADMIN_2025,VNA25-73059BDABD,MERGED_INTO
VN_ADMIN_PRE_2025,VNAP25-5767CC3EBD,VN_ADMIN_2025,VNA25-73059BDABD,MERGED_INTO
VN_ADMIN_PRE_2025,VNAP25-809EE75F28,VN_ADMIN_2025,VNA25-FEA73EB19F,MERGED_INTO
VN_ADMIN_PRE_2025,VNAP25-51DFE05A5D,VN_ADMIN_2025,VNA25-FEA73EB19F,MERGED_INTO
VN_ADMIN_PRE_2025,VNAP25-DCFD386B6C,VN_ADMIN_2025,VNA25-73059BDABD,MERGED_INTO
VN_ADMIN_PRE_2025,VNAP25-E37C1EA514,VN_ADMIN_2025,VNA25-73059BDABD,MERGED_INTO
VN_ADMIN_PRE_2025,VNAP25-E2F548489B,VN_ADMIN_2025,VNA25-84AEF2550A,MERGED_INTO
VN_ADMIN_PRE_2025,VNAP25-D83A86766F,VN_ADMIN_2025,VNA25-EE7743EC6F,SAME_AS
VN_ADMIN_PRE_2025,VNAP25-1248642619,VN_ADMIN_2025,VNA25-84AEF2550A,MERGED_INTO
VN_ADMIN_PRE_2025,VNAP25-A29A928DD1,VN_ADMIN_2025,VNA25-DDD7CAAD75,MERGED_INTO
VN_ADMIN_PRE_2025,VNAP25-42C74D44CE,VN_ADMIN_2025,VNA25-A8455729AD,MERGED_INTO
VN_ADMIN_PRE_2025,VNAP25-E7C42F2EBF,VN_ADMIN_2025,VNA25-CDE70B358D,MERGED_INTO
VN_ADMIN_PRE_2025,VNAP25-AE3A5EDEFE,VN_ADMIN_2025,VNA25-3BB5FEE687,MERGED_INTO
VN_ADMIN_PRE_2025,VNAP25-177DB3F08D,VN_ADMIN_2025,VNA25-3BB5FEE687,MERGED_INTO
VN_ADMIN_PRE_2025,VNAP25-8F667F9567,VN_ADMIN_2025,VNA25-17FFA4B299,MERGED_INTO
VN_ADMIN_PRE_2025,VNAP25-57F9186DD8,VN_ADMIN_2025,VNA25-17FFA4B299,MERGED_INTO
VN_ADMIN_PRE_2025,VNAP25-CAF97D753E,VN_ADMIN_2025,VNA25-CDE70B358D,MERGED_INTO
VN_ADMIN_PRE_2025,VNAP25-B3D721D5A7,VN_ADMIN_2025,VNA25-DDD7CAAD75,MERGED_INTO
VN_ADMIN_PRE_2025,VNAP25-A77A5D04CA,VN_ADMIN_2025,VNA25-DDD7CAAD75,MERGED_INTO
VN_ADMIN_PRE_2025,VNAP25-AF205B514A,VN_ADMIN_2025,VNA25-A8C36343FF,SAME_AS
VN_ADMIN_PRE_2025,VNAP25-CF1C493A7C,VN_ADMIN_2025,VNA25-A8455729AD,MERGED_INTO
VN_ADMIN_PRE_2025,VNAP25-AE0DE71CDB,VN_ADMIN_2025,VNA25-77B1C953E5,MERGED_INTO
VN_ADMIN_PRE_2025,VNAP25-DDBE9FBE43,VN_ADMIN_2025,VNA25-9D27E8721D,MERGED_INTO
VN_ADMIN_PRE_2025,VNAP25-C65EF4BDE3,VN_ADMIN_2025,VNA25-7A82BA9D80,MERGED_INTO
VN_ADMIN_PRE_2025,VNAP25-9A44309448,VN_ADMIN_2025,VNA25-7A82BA9D80,MERGED_INTO
VN_ADMIN_PRE_2025,VNAP25-06889A796B,VN_ADMIN_2025,VNA25-F2287BAC71,MERGED_INTO
VN_ADMIN_PRE_2025,VNAP25-99EC3C9C4D,VN_ADMIN_2025,VNA25-9D27E8721D,MERGED_INTO
VN_ADMIN_PRE_2025,VNAP25-3E740E4B96,VN_ADMIN_2025,VNA25-F2287BAC71,MERGED_INTO
VN_ADMIN_PRE_2025,VNAP25-FC2DA8ABAD,VN_ADMIN_2025,VNA25-77B1C953E5,MERGED_INTO
VN_ADMIN_PRE_2025,VNAP25-5E83E586B9,VN_ADMIN_2025,VNA25-434AE72D09,MERGED_INTO
VN_ADMIN_PRE_2025,VNAP25-F154A71E7D,VN_ADMIN_2025,VNA25-434AE72D09,MERGED_INTO
VN_ADMIN_PRE_2025,VNAP25-03471C7A17,VN_ADMIN_2025,VNA25-75F0AE3C48,MERGED_INTO
VN_ADMIN_PRE_2025,VNAP25-9242294E58,VN_ADMIN_2025,VNA25-1C2DE8D46D,MERGED_INTO
VN_ADMIN_PRE_2025,VNAP25-C682235783,VN_ADMIN_2025,VNA25-1C2DE8D46D,MERGED_INTO
VN_ADMIN_PRE_2025,VNAP25-5FDEBE4C36,VN_ADMIN_2025,VNA25-75F0AE3C48,MERGED_INTO
VN_ADMIN_PRE_2025,VNAP25-043E21A895,VN_ADMIN_2025,VNA25-62024B1BE7,SAME_AS
VN_ADMIN_PRE_2025,VNAP25-0603BEAB58,VN_ADMIN_2025,VNA25-75F0AE3C48,MERGED_INTO
VN_ADMIN_PRE_2025,VNAP25-4A4F8B8902,VN_ADMIN_2025,VNA25-1C2DE8D46D,MERGED_INTO
VN_ADMIN_PRE_2025,VNAP25-A2FF7C725E,VN_ADMIN_2025,VNA25-806F1875C0,MERGED_INTO
VN_ADMIN_PRE_2025,VNAP25-609F3DA4DB,VN_ADMIN_2025,VNA25-806F1875C0,MERGED_INTO
VN_ADMIN_PRE_2025,VNAP25-15F9CAEC43,VN_ADMIN_2025,VNA25-75F0AE3C48,MERGED_INTO
VN_ADMIN_PRE_2025,VNAP25-5DF9ED9C9F,VN_ADMIN_2025,VNA25-75F0AE3C48,MERGED_INTO
VN_ADMIN_PRE_2025,VNAP25-7EB7CC1373,VN_ADMIN_2025,VNA25-B644B141B8,MERGED_INTO
VN_ADMIN_PRE_2025,VNAP25-2860B78412,VN_ADMIN_2025,VNA25-B644B141B8,MERGED_INTO
VN_ADMIN_PRE_2025,VNAP25-FF93A3F9B1,VN_ADMIN_2025,VNA25-6A2CA5CF44,MERGED_INTO
VN_ADMIN_PRE_2025,VNAP25-446A4737F9,VN_ADMIN_2025,VNA25-806F1875C0,MERGED_INTO
VN_ADMIN_PRE_2025,VNAP25-B6FDF89AB1,VN_ADMIN_2025,VNA25-6A2CA5CF44,MERGED_INTO
VN_ADMIN_PRE_2025,VNAP25-359D64AE10,VN_ADMIN_2025,VNA25-6A2CA5CF44,MERGED_INTO
VN_ADMIN_PRE_2025,VNAP25-B8DA13990F,VN_ADMIN_2025,VNA25-BD7BA8C6EB,MERGED_INTO
VN_ADMIN_PRE_2025,VNAP25-6F88982FE5,VN_ADMIN_2025,VNA25-6D810EE46D,MERGED_INTO
VN_ADMIN_PRE_2025,VNAP25-79E4B9A7EA,VN_ADMIN_2025,VNA25-089B81B0E8,MERGED_INTO
VN_ADMIN_PRE_2025,VNAP25-FC8FBFDD47,VN_ADMIN_2025,VNA25-089B81B0E8,MERGED_INTO
VN_ADMIN_PRE_2025,VNAP25-BD5838CBC7,VN_ADMIN_2025,VNA25-BD7BA8C6EB,MERGED_INTO
VN_ADMIN_PRE_2025,VNAP25-DD6BE016AE,VN_ADMIN_2025,VNA25-089B81B0E8,MERGED_INTO
VN_ADMIN_PRE_2025,VNAP25-1CF568E737,VN_ADMIN_2025,VNA25-6D810EE46D,MERGED_INTO
VN_ADMIN_PRE_2025,VNAP25-FD5E62B15D,VN_ADMIN_2025,VNA25-6D810EE46D,MERGED_INTO
VN_ADMIN_PRE_2025,VNAP25-33796D220D,VN_ADMIN_2025,VNA25-BD7BA8C6EB,MERGED_INTO
VN_ADMIN_PRE_2025,VNAP25-39240E89A7,VN_ADMIN_2025,VNA25-6D810EE46D,MERGED_INTO
VN_ADMIN_PRE_2025,VNAP25-7F1208FB4E,VN_ADMIN_2025,VNA25-9D846A9045,MERGED_INTO
VN_ADMIN_PRE_2025,VNAP25-2AB3E1AFC3,VN_ADMIN_2025,VNA25-52595F2AE7,MERGED_INTO
VN_ADMIN_PRE_2025,VNAP25-06AE487731,VN_ADMIN_2025,VNA25-52595F2AE7,MERGED_INTO
VN_ADMIN_PRE_2025,VNAP25-AABCC8252C,VN_ADMIN_2025,VNA25-B08D7D66C9,MERGED_INTO
VN_ADMIN_PRE_2025,VNAP25-848C6D93C4,VN_ADMIN_2025,VNA25-6A89C20B62,MERGED_INTO
VN_ADMIN_PRE_2025,VNAP25-0B323ABC23,VN_ADMIN_2025,VNA25-6A89C20B62,MERGED_INTO
VN_ADMIN_PRE_2025,VNAP25-37ECEBD23D,VN_ADMIN_2025,VNA25-9D4D1BD089,MERGED_INTO
VN_ADMIN_PRE_2025,VNAP25-D99CD23878,VN_ADMIN_2025,VNA25-9D4D1BD089,MERGED_INTO
VN_ADMIN_PRE_2025,VNAP25-7DF9C44068,VN_ADMIN_2025,VNA25-B08D7D66C9,MERGED_INTO
VN_ADMIN_PRE_2025,VNAP25-1E790A7B26,VN_ADMIN_2025,VNA25-B08D7D66C9,MERGED_INTO
VN_ADMIN_PRE_2025,VNAP25-26FA5A0A02,VN_ADMIN_2025,VNA25-9D4D1BD089,MERGED_INTO
VN_ADMIN_PRE_2025,VNAP25-67E53CB814,VN_ADMIN_2025,VNA25-9D846A9045,MERGED_INTO
VN_ADMIN_PRE_2025,VNAP25-B0F01C0ED8,VN_ADMIN_2025,VNA25-60C46268EF,MERGED_INTO
VN_ADMIN_PRE_2025,VNAP25-C01F1C9DE5,VN_ADMIN_2025,VNA25-38E6487E89,MERGED_INTO
VN_ADMIN_PRE_2025,VNAP25-28C193771F,VN_ADMIN_2025,VNA25-6F1E351356,MERGED_INTO
VN_ADMIN_PRE_2025,VNAP25-FC2220BAFD,VN_ADMIN_2025,VNA25-6F1E351356,MERGED_INTO
VN_ADMIN_PRE_2025,VNAP25-5AF1F0917E,VN_ADMIN_2025,VNA25-60C46268EF,MERGED_INTO
VN_ADMIN_PRE_2025,VNAP25-0EEB19AF69,VN_ADMIN_2025,VNA25-7D6F56756C,MERGED_INTO
VN_ADMIN_PRE_2025,VNAP25-DDCAABA921,VN_ADMIN_2025,VNA25-7D6F56756C,MERGED_INTO
VN_ADMIN_PRE_2025,VNAP25-B487E741BD,VN_ADMIN_2025,VNA25-6F1E351356,MERGED_INTO
VN_ADMIN_PRE_2025,VNAP25-165C302571,VN_ADMIN_2025,VNA25-35C626F0F1,MERGED_INTO
VN_ADMIN_PRE_2025,VNAP25-8EE8FFC369,VN_ADMIN_2025,VNA25-60C46268EF,MERGED_INTO
VN_ADMIN_PRE_2025,VNAP25-C0823C52BD,VN_ADMIN_2025,VNA25-60C46268EF,MERGED_INTO
VN_ADMIN_PRE_2025,VNAP25-B7ECF8A3A0,VN_ADMIN_2025,VNA25-7D6F56756C,MERGED_INTO
VN_ADMIN_PRE_2025,VNAP25-9FEDBA47DA,VN_ADMIN_2025,VNA25-60C46268EF,MERGED_INTO
VN_ADMIN_PRE_2025,VNAP25-8197D1ADA6,VN_ADMIN_2025,VNA25-38E6487E89,MERGED_INTO
VN_ADMIN_PRE_2025,VNAP25-679DB2AA41,VN_ADMIN_2025,VNA25-7D6F56756C,MERGED_INTO
VN_ADMIN_PRE_2025,VNAP25-4C29D59920,VN_ADMIN_2025,VNA25-38E6487E89,MERGED_INTO
VN_ADMIN_PRE_2025,VNAP25-D45F9D0BB1,VN_ADMIN_2025,VNA25-38E6487E89,MERGED_INTO
VN_ADMIN_PRE_2025,VNAP25-80651ED420,VN_ADMIN_2025,VNA25-35C626F0F1,MERGED_INTO
VN_ADMIN_PRE_2025,VNAP25-91FB079BE6,VN_ADMIN_2025,VNA25-43D0FCEC4A,MERGED_INTO
VN_ADMIN_PRE_2025,VNAP25-3C442C18E4,VN_ADMIN_2025,VNA25-0D17D3D431,MERGED_INTO
VN_ADMIN_PRE_2025,VNAP25-8143F2E0F6,VN_ADMIN_2025,VNA25-F6378F2E18,MERGED_INTO
VN_ADMIN_PRE_2025,VNAP25-0724D7D024,VN_ADMIN_2025,VNA25-43D0FCEC4A,MERGED_INTO
VN_ADMIN_PRE_2025,VNAP25-36E8B5D30D,VN_ADMIN_2025,VNA25-F6378F2E18,MERGED_INTO
VN_ADMIN_PRE_2025,VNAP25-FBFA775D6E,VN_ADMIN_2025,VNA25-1F8AA4ACC5,MERGED_INTO
VN_ADMIN_PRE_2025,VNAP25-91F03C9396,VN_ADMIN_2025,VNA25-F6378F2E18,MERGED_INTO
VN_ADMIN_PRE_2025,VNAP25-FD942DDF3A,VN_ADMIN_2025,VNA25-0D17D3D431,MERGED_INTO
VN_ADMIN_PRE_2025,VNAP25-7132EF5251,VN_ADMIN_2025,VNA25-1F8AA4ACC5,MERGED_INTO
VN_ADMIN_PRE_2025,VNAP25-F02174F2F7,VN_ADMIN_2025,VNA25-0D17D3D431,MERGED_INTO
VN_ADMIN_PRE_2025,VNAP25-F9FC3B14FD,VN_ADMIN_2025,VNA25-1F8AA4ACC5,MERGED_INTO
VN_ADMIN_PRE_2025,VNAP25-526A6F0F0C,VN_ADMIN_2025,VNA25-43D0FCEC4A,MERGED_INTO
VN_ADMIN_PRE_2025,VNAP25-79A96044B2,VN_ADMIN_2025,VNA25-775DCD1C1C,MERGED_INTO
VN_ADMIN_PRE_2025,VNAP25-3367090023,VN_ADMIN_2025,VNA25-775DCD1C1C,MERGED_INTO
VN_ADMIN_PRE_2025,VNAP25-E2C3377DC8,VN_ADMIN_2025,VNA25-A88431B378,MERGED_INTO
VN_ADMIN_PRE_2025,VNAP25-AB78D5D6E3,VN_ADMIN_2025,VNA25-60196578C1,MERGED_INTO
VN_ADMIN_PRE_2025,VNAP25-562A3496F7,VN_ADMIN_2025,VNA25-A88431B378,MERGED_INTO
VN_ADMIN_PRE_2025,VNAP25-9FC62FC781,VN_ADMIN_2025,VNA25-60196578C1,MERGED_INTO
VN_ADMIN_PRE_2025,VNAP25-749655F74A,VN_ADMIN_2025,VNA25-775DCD1C1C,MERGED_INTO
VN_ADMIN_PRE_2025,VNAP25-DD0F2E5307,VN_ADMIN_2025,VNA25-60196578C1,MERGED_INTO
VN_ADMIN_PRE_2025,VNAP25-4ECFE0204D,VN_ADMIN_2025,VNA25-775DCD1C1C,MERGED_INTO
VN_ADMIN_PRE_2025,VNAP25-BD10B457B5,VN_ADMIN_2025,VNA25-60196578C1,MERGED_INTO
VN_ADMIN_PRE_2025,VNAP25-10ABF2AF37,VN_ADMIN_2025,VNA25-4EB6752621,MERGED_INTO
VN_ADMIN_PRE_2025,VNAP25-F3D6D9E144,VN_ADMIN_2025,VNA25-A50F414760,MERGED_INTO
VN_ADMIN_PRE_2025,VNAP25-C1698DA138,VN_ADMIN_2025,VNA25-5E37530F34,MERGED_INTO
VN_ADMIN_PRE_2025,VNAP25-390868668B,VN_ADMIN_2025,VNA25-A50F414760,MERGED_INTO
VN_ADMIN_PRE_2025,VNAP25-D6C9C0CA59,VN_ADMIN_2025,VNA25-A50F414760,MERGED_INTO
VN_ADMIN_PRE_2025,VNAP25-6068E40B2C,VN_ADMIN_2025,VNA25-26AF838365,MERGED_INTO
VN_ADMIN_PRE_2025,VNAP25-9375FCDDFC,VN_ADMIN_2025,VNA25-5E37530F34,MERGED_INTO
VN_ADMIN_PRE_2025,VNAP25-B222DD8E7C,VN_ADMIN_2025,VNA25-A50F414760,MERGED_INTO
VN_ADMIN_PRE_2025,VNAP25-D2AF741405,VN_ADMIN_2025,VNA25-26AF838365,MERGED_INTO
VN_ADMIN_PRE_2025,VNAP25-95CEE8279D,VN_ADMIN_2025,VNA25-BACF03E337,MERGED_INTO
VN_ADMIN_PRE_2025,VNAP25-D9B1E7AFAE,VN_ADMIN_2025,VNA25-D395EB3DA8,MERGED_INTO
VN_ADMIN_PRE_2025,VNAP25-826DEAA5BC,VN_ADMIN_2025,VNA25-BACF03E337,MERGED_INTO
VN_ADMIN_PRE_2025,VNAP25-26C25E1AB8,VN_ADMIN_2025,VNA25-D395EB3DA8,MERGED_INTO
VN_ADMIN_PRE_2025,VNAP25-F9F174D57B,VN_ADMIN_2025,VNA25-BACF03E337,MERGED_INTO
VN_ADMIN_PRE_2025,VNAP25-BC88352FC4,VN_ADMIN_2025,VNA25-26AF838365,MERGED_INTO
VN_ADMIN_PRE_2025,VNAP25-8F75BF43A9,VN_ADMIN_2025,VNA25-5E37530F34,MERGED_INTO
VN_ADMIN_PRE_2025,VNAP25-0D0BB08BEF,VN_ADMIN_2025,VNA25-A50F414760,MERGED_INTO
VN_ADMIN_PRE_2025,VNAP25-58701E1FF4,VN_ADMIN_2025,VNA25-4EB6752621,MERGED_INTO
VN_ADMIN_PRE_2025,VNAP25-98A3EF6A7F,VN_ADMIN_2025,VNA25-4EB6752621,MERGED_INTO
VN_ADMIN_PRE_2025,VNAP25-A8534C7075,VN_ADMIN_2025,VNA25-BACF03E337,MERGED_INTO
VN_ADMIN_PRE_2025,VNAP25-0C463D00D7,VN_ADMIN_2025,VNA25-0B5D25720F,MERGED_INTO
VN_ADMIN_PRE_2025,VNAP25-7B0F99A698,VN_ADMIN_2025,VNA25-0B5D25720F,MERGED_INTO
VN_ADMIN_PRE_2025,VNAP25-7E307A70DB,VN_ADMIN_2025,VNA25-6A4D05C768,MERGED_INTO
VN_ADMIN_PRE_2025,VNAP25-956F1E423C,VN_ADMIN_2025,VNA25-6A4D05C768,MERGED_INTO
VN_ADMIN_PRE_2025,VNAP25-401873D4D3,VN_ADMIN_2025,VNA25-FCAF6FA638,MERGED_INTO
VN_ADMIN_PRE_2025,VNAP25-409C933000,VN_ADMIN_2025,VNA25-8E3BE9097E,MERGED_INTO
VN_ADMIN_PRE_2025,VNAP25-26451353DD,VN_ADMIN_2025,VNA25-FCAF6FA638,MERGED_INTO
VN_ADMIN_PRE_2025,VNAP25-8CF6D4F89B,VN_ADMIN_2025,VNA25-0B5D25720F,MERGED_INTO
VN_ADMIN_PRE_2025,VNAP25-165A5FE834,VN_ADMIN_2025,VNA25-0B5D25720F,MERGED_INTO
VN_ADMIN_PRE_2025,VNAP25-BFE9B3FF82,VN_ADMIN_2025,VNA25-8E3BE9097E,MERGED_INTO
VN_ADMIN_PRE_2025,VNAP25-C7EB9B9070,VN_ADMIN_2025,VNA25-FCAF6FA638,MERGED_INTO
VN_ADMIN_PRE_2025,VNAP25-68F4008231,VN_ADMIN_2025,VNA25-8E3BE9097E,MERGED_INTO
VN_ADMIN_PRE_2025,VNAP25-79993BC740,VN_ADMIN_2025,VNA25-6A4D05C768,MERGED_INTO
VN_ADMIN_PRE_2025,VNAP25-CE5B5C215D,VN_ADMIN_2025,VNA25-8E3BE9097E,MERGED_INTO
VN_ADMIN_PRE_2025,VNAP25-3AE5999ADE,VN_ADMIN_2025,VNA25-9DD41CBED7,MERGED_INTO
VN_ADMIN_PRE_2025,VNAP25-C48A364151,VN_ADMIN_2025,VNA25-9DD41CBED7,MERGED_INTO
VN_ADMIN_PRE_2025,VNAP25-C4F76A7E07,VN_ADMIN_2025,VNA25-D9009C39C4,MERGED_INTO
VN_ADMIN_PRE_2025,VNAP25-EC54BC2781,VN_ADMIN_2025,VNA25-6373C1E5A9,MERGED_INTO
VN_ADMIN_PRE_2025,VNAP25-460E4F9F0F,VN_ADMIN_2025,VNA25-EFAFAA1F2E,MERGED_INTO
VN_ADMIN_PRE_2025,VNAP25-F3930A3BA3,VN_ADMIN_2025,VNA25-6373C1E5A9,MERGED_INTO
VN_ADMIN_PRE_2025,VNAP25-10BC265AA8,VN_ADMIN_2025,VNA25-463C2AF677,MERGED_INTO
VN_ADMIN_PRE_2025,VNAP25-191B64F487,VN_ADMIN_2025,VNA25-F13E3841F7,MERGED_INTO
VN_ADMIN_PRE_2025,VNAP25-69C05772A1,VN_ADMIN_2025,VNA25-EFAFAA1F2E,MERGED_INTO
VN_ADMIN_PRE_2025,VNAP25-DB00CC3E3F,VN_ADMIN_2025,VNA25-F13E3841F7,MERGED_INTO
VN_ADMIN_PRE_2025,VNAP25-6ED9026799,VN_ADMIN_2025,VNA25-5D53FDDCD6,MERGED_INTO
VN_ADMIN_PRE_2025,VNAP25-3C0165C450,VN_ADMIN_2025,VNA25-EFAFAA1F2E,MERGED_INTO
VN_ADMIN_PRE_2025,VNAP25-AD959AB2EE,VN_ADMIN_2025,VNA25-5D53FDDCD6,MERGED_INTO
VN_ADMIN_PRE_2025,VNAP25-D59BE8A194,VN_ADMIN_2025,VNA25-F13E3841F7,MERGED_INTO
VN_ADMIN_PRE_2025,VNAP25-B4F010BE08,VN_ADMIN_2025,VNA25-9DD41CBED7,MERGED_INTO
VN_ADMIN_PRE_2025,VNAP25-16040C1E8E,VN_ADMIN_2025,VNA25-463C2AF677,MERGED_INTO
VN_ADMIN_PRE_2025,VNAP25-61770BFAA3,VN_ADMIN_2025,VNA25-5D53FDDCD6,MERGED_INTO
VN_ADMIN_PRE_2025,VNAP25-810C13FFE6,VN_ADMIN_2025,VNA25-D9009C39C4,MERGED_INTO
VN_ADMIN_PRE_2025,VNAP25-ECAA413AF6,VN_ADMIN_2025,VNA25-194F5BB2DD,SAME_AS
VN_ADMIN_PRE_2025,VNAP25-4F77C78C8A,VN_ADMIN_2025,VNA25-5CB09080E7,MERGED_INTO
VN_ADMIN_PRE_2025,VNAP25-BF49EA164A,VN_ADMIN_2025,VNA25-F090BBD11D,MERGED_INTO
VN_ADMIN_PRE_2025,VNAP25-F9488D6962,VN_ADMIN_2025,VNA25-C73CBDAD08,MERGED_INTO
VN_ADMIN_PRE_2025,VNAP25-73D0AEC54A,VN_ADMIN_2025,VNA25-4E7D4D4598,MERGED_INTO
VN_ADMIN_PRE_2025,VNAP25-EFAA04DAA4,VN_ADMIN_2025,VNA25-D892C2DF0B,MERGED_INTO
VN_ADMIN_PRE_2025,VNAP25-111F3329BB,VN_ADMIN_2025,VNA25-F090BBD11D,MERGED_INTO
VN_ADMIN_PRE_2025,VNAP25-81985E85F7,VN_ADMIN_2025,VNA25-D892C2DF0B,MERGED_INTO
VN_ADMIN_PRE_2025,VNAP25-6F50A7987F,VN_ADMIN_2025,VNA25-C73CBDAD08,MERGED_INTO
VN_ADMIN_PRE_2025,VNAP25-DC5561060F,VN_ADMIN_2025,VNA25-D892C2DF0B,MERGED_INTO
VN_ADMIN_PRE_2025,VNAP25-84DB2EC14B,VN_ADMIN_2025,VNA25-5CB09080E7,MERGED_INTO
VN_ADMIN_PRE_2025,VNAP25-F25E733FE2,VN_ADMIN_2025,VNA25-F090BBD11D,MERGED_INTO
VN_ADMIN_PRE_2025,VNAP25-13915A63DF,VN_ADMIN_2025,VNA25-5CB09080E7,MERGED_INTO
VN_ADMIN_PRE_2025,VNAP25-695FC5425C,VN_ADMIN_2025,VNA25-4E7D4D4598,MERGED_INTO
VN_ADMIN_PRE_2025,VNAP25-BAB3C19C7E,VN_ADMIN_2025,VNA25-F090BBD11D,MERGED_INTO
VN_ADMIN_PRE_2025,VNAP25-E4FCA4A435,VN_ADMIN_2025,VNA25-D892C2DF0B,MERGED_INTO
VN_ADMIN_PRE_2025,VNAP25-1314BEEF67,VN_ADMIN_2025,VNA25-C73CBDAD08,MERGED_INTO
VN_ADMIN_PRE_2025,VNAP25-39A21F4CB5,VN_ADMIN_2025,VNA25-C73CBDAD08,MERGED_INTO
VN_ADMIN_PRE_2025,VNAP25-C9B8D1BC90,VN_ADMIN_2025,VNA25-F090BBD11D,MERGED_INTO
VN_ADMIN_PRE_2025,VNAP25-6320196870,VN_ADMIN_2025,VNA25-D892C2DF0B,MERGED_INTO
VN_ADMIN_PRE_2025,VNAP25-B5A9FB87B2,VN_ADMIN_2025,VNA25-D892C2DF0B,MERGED_INTO
VN_ADMIN_PRE_2025,VNAP25-9E41988DAA,VN_ADMIN_2025,VNA25-F090BBD11D,MERGED_INTO
VN_ADMIN_PRE_2025,VNAP25-BA10211595,VN_ADMIN_2025,VNA25-F090BBD11D,MERGED_INTO
VN_ADMIN_PRE_2025,VNAP25-98F0DB247C,VN_ADMIN_2025,VNA25-164D3F4E0B,MERGED_INTO
VN_ADMIN_PRE_2025,VNAP25-6D17FBC59B,VN_ADMIN_2025,VNA25-04F05C8575,MERGED_INTO
VN_ADMIN_PRE_2025,VNAP25-DE70CFDCDB,VN_ADMIN_2025,VNA25-FDA35D01A6,MERGED_INTO
VN_ADMIN_PRE_2025,VNAP25-99626DC591,VN_ADMIN_2025,VNA25-D945DE77B4,MERGED_INTO
VN_ADMIN_PRE_2025,VNAP25-3F65BDDCAD,VN_ADMIN_2025,VNA25-164D3F4E0B,MERGED_INTO
VN_ADMIN_PRE_2025,VNAP25-201BE00539,VN_ADMIN_2025,VNA25-D945DE77B4,MERGED_INTO
VN_ADMIN_PRE_2025,VNAP25-36DB550DA5,VN_ADMIN_2025,VNA25-164D3F4E0B,MERGED_INTO
VN_ADMIN_PRE_2025,VNAP25-5266043DD0,VN_ADMIN_2025,VNA25-D1FEECE776,MERGED_INTO
VN_ADMIN_PRE_2025,VNAP25-80D590E88A,VN_ADMIN_2025,VNA25-164D3F4E0B,MERGED_INTO
VN_ADMIN_PRE_2025,VNAP25-E70AD20700,VN_ADMIN_2025,VNA25-D1FEECE776,MERGED_INTO
VN_ADMIN_PRE_2025,VNAP25-23A98DB704,VN_ADMIN_2025,VNA25-04F05C8575,MERGED_INTO
VN_ADMIN_PRE_2025,VNAP25-6C6806E853,VN_ADMIN_2025,VNA25-FDA35D01A6,MERGED_INTO
VN_ADMIN_PRE_2025,VNAP25-4FBE5242E1,VN_ADMIN_2025,VNA25-04F05C8575,MERGED_INTO
VN_ADMIN_PRE_2025,VNAP25-674C7CAB93,VN_ADMIN_2025,VNA25-04F05C8575,MERGED_INTO
VN_ADMIN_PRE_2025,VNAP25-8F9D097CFB,VN_ADMIN_2025,VNA25-164D3F4E0B,MERGED_INTO
VN_ADMIN_PRE_2025,VNAP25-5DB338B3D9,VN_ADMIN_2025,VNA25-DF44EDBF12,MERGED_INTO
VN_ADMIN_PRE_2025,VNAP25-7899611891,VN_ADMIN_2025,VNA25-3046C8C9EC,MERGED_INTO
VN_ADMIN_PRE_2025,VNAP25-66E7FDB27E,VN_ADMIN_2025,VNA25-DF44EDBF12,MERGED_INTO
VN_ADMIN_PRE_2025,VNAP25-A62D24CAA4,VN_ADMIN_2025,VNA25-3046C8C9EC,MERGED_INTO
VN_ADMIN_PRE_2025,VNAP25-8DD6E29CC4,VN_ADMIN_2025,VNA25-DF44EDBF12,MERGED_INTO
VN_ADMIN_PRE_2025,VNAP25-BD75251E82,VN_ADMIN_2025,VNA25-7E72875AB3,MERGED_INTO
VN_ADMIN_PRE_2025,VNAP25-C8E696140C,VN_ADMIN_2025,VNA25-A411EF8107,MERGED_INTO
VN_ADMIN_PRE_2025,VNAP25-A3ADF94978,VN_ADMIN_2025,VNA25-DC34D5694E,MERGED_INTO
VN_ADMIN_PRE_2025,VNAP25-5696CA29FB,VN_ADMIN_2025,VNA25-4087A3D0D0,MERGED_INTO
VN_ADMIN_PRE_2025,VNAP25-01BD818AC3,VN_ADMIN_2025,VNA25-7E72875AB3,MERGED_INTO
VN_ADMIN_PRE_2025,VNAP25-43D37918EC,VN_ADMIN_2025,VNA25-A411EF8107,MERGED_INTO
VN_ADMIN_PRE_2025,VNAP25-EB746989CC,VN_ADMIN_2025,VNA25-4087A3D0D0,MERGED_INTO
VN_ADMIN_PRE_2025,VNAP25-21527038E5,VN_ADMIN_2025,VNA25-DC34D5694E,MERGED_INTO
VN_ADMIN_PRE_2025,VNAP25-D7D90B3CDD,VN_ADMIN_2025,VNA25-DC34D5694E,MERGED_INTO
VN_ADMIN_PRE_2025,VNAP25-5889B9AB46,VN_ADMIN_2025,VNA25-7E72875AB3,MERGED_INTO
VN_ADMIN_PRE_2025,VNAP25-BF24D98B6F,VN_ADMIN_2025,VNA25-DC34D5694E,MERGED_INTO
VN_ADMIN_PRE_2025,VNAP25-C03128381E,VN_ADMIN_2025,VNA25-A411EF8107,MERGED_INTO
VN_ADMIN_PRE_2025,VNAP25-E9340F57F8,VN_ADMIN_2025,VNA25-9FB3CF2EE7,MERGED_INTO
VN_ADMIN_PRE_2025,VNAP25-9F51E4ECBA,VN_ADMIN_2025,VNA25-6A56A7423E,MERGED_INTO
VN_ADMIN_PRE_2025,VNAP25-A03CC8310D,VN_ADMIN_2025,VNA25-75B5BE1BA5,MERGED_INTO
VN_ADMIN_PRE_2025,VNAP25-1AACDD438D,VN_ADMIN_2025,VNA25-75B5BE1BA5,MERGED_INTO
VN_ADMIN_PRE_2025,VNAP25-A82B88B904,VN_ADMIN_2025,VNA25-75B5BE1BA5,MERGED_INTO
VN_ADMIN_PRE_2025,VNAP25-DFC91DCBE9,VN_ADMIN_2025,VNA25-6A56A7423E,MERGED_INTO
VN_ADMIN_PRE_2025,VNAP25-CF0BE69DB0,VN_ADMIN_2025,VNA25-7A66921390,MERGED_INTO
VN_ADMIN_PRE_2025,VNAP25-AE2AC177EC,VN_ADMIN_2025,VNA25-6A56A7423E,MERGED_INTO
VN_ADMIN_PRE_2025,VNAP25-504660DEA3,VN_ADMIN_2025,VNA25-9FB3CF2EE7,MERGED_INTO
VN_ADMIN_PRE_2025,VNAP25-E54C754FEE,VN_ADMIN_2025,VNA25-7A66921390,MERGED_INTO
VN_ADMIN_PRE_2025,VNAP25-85EF27F65D,VN_ADMIN_2025,VNA25-7A66921390,MERGED_INTO
VN_ADMIN_PRE_2025,VNAP25-9975B76502,VN_ADMIN_2025,VNA25-9FB3CF2EE7,MERGED_INTO
VN_ADMIN_PRE_2025,VNAP25-EBABCD741A,VN_ADMIN_2025,VNA25-702B49DBAD,MERGED_INTO
VN_ADMIN_PRE_2025,VNAP25-8EB20A450E,VN_ADMIN_2025,VNA25-98F33039F6,MERGED_INTO
VN_ADMIN_PRE_2025,VNAP25-CDD898ADB5,VN_ADMIN_2025,VNA25-0E60BA3DE9,MERGED_INTO
VN_ADMIN_PRE_2025,VNAP25-0167F2AECC,VN_ADMIN_2025,VNA25-98F33039F6,MERGED_INTO
VN_ADMIN_PRE_2025,VNAP25-F5312351CA,VN_ADMIN_2025,VNA25-702B49DBAD,MERGED_INTO
VN_ADMIN_PRE_2025,VNAP25-377EF9F09F,VN_ADMIN_2025,VNA25-702B49DBAD,MERGED_INTO
VN_ADMIN_PRE_2025,VNAP25-AF0F247D3F,VN_ADMIN_2025,VNA25-702B49DBAD,MERGED_INTO
VN_ADMIN_PRE_2025,VNAP25-C6A00AD358,VN_ADMIN_2025,VNA25-0E60BA3DE9,MERGED_INTO
VN_ADMIN_PRE_2025,VNAP25-FEE826FCF1,VN_ADMIN_2025,VNA25-98F33039F6,MERGED_INTO
VN_ADMIN_PRE_2025,VNAP25-32FC07864D,VN_ADMIN_2025,VNA25-0E60BA3DE9,MERGED_INTO
VN_ADMIN_PRE_2025,VNAP25-735FC8895E,VN_ADMIN_2025,VNA25-1DA1F26DD9,MERGED_INTO
VN_ADMIN_PRE_2025,VNAP25-B520BA3028,VN_ADMIN_2025,VNA25-1DA1F26DD9,MERGED_INTO
VN_ADMIN_PRE_2025,VNAP25-5167E3A5ED,VN_ADMIN_2025,VNA25-1DA1F26DD9,MERGED_INTO
VN_ADMIN_PRE_2025,VNAP25-98C361C297,VN_ADMIN_2025,VNA25-4B4809E3F8,MERGED_INTO
VN_ADMIN_PRE_2025,VNAP25-726514F4BA,VN_ADMIN_2025,VNA25-C73CBDAD08,MERGED_INTO
VN_ADMIN_PRE_2025,VNAP25-6EA4710D0C,VN_ADMIN_2025,VNA25-4B4809E3F8,MERGED_INTO
VN_ADMIN_PRE_2025,VNAP25-ABACC21B5B,VN_ADMIN_2025,VNA25-4B4809E3F8,MERGED_INTO
VN_ADMIN_PRE_2025,VNAP25-EB5C855E9A,VN_ADMIN_2025,VNA25-4B4809E3F8,MERGED_INTO
VN_ADMIN_PRE_2025,VNAP25-0DAC4AB113,VN_ADMIN_2025,VNA25-4B4809E3F8,MERGED_INTO
VN_ADMIN_PRE_2025,VNAP25-460F437CC1,VN_ADMIN_2025,VNA25-98F33039F6,MERGED_INTO
VN_ADMIN_PRE_2025,VNAP25-FCCD5C7884,VN_ADMIN_2025,VNA25-0E60BA3DE9,MERGED_INTO
VN_ADMIN_PRE_2025,VNAP25-1E4C6491A2,VN_ADMIN_2025,VNA25-1DA1F26DD9,MERGED_INTO
VN_ADMIN_PRE_2025,VNAP25-558B8E3CF1,VN_ADMIN_2025,VNA25-476803EE91,MERGED_INTO
VN_ADMIN_PRE_2025,VNAP25-EE029AECE8,VN_ADMIN_2025,VNA25-C009296826,MERGED_INTO
VN_ADMIN_PRE_2025,VNAP25-2EF6B9C1B5,VN_ADMIN_2025,VNA25-476803EE91,MERGED_INTO
VN_ADMIN_PRE_2025,VNAP25-CABCCD0C7B,VN_ADMIN_2025,VNA25-37C576022B,MERGED_INTO
VN_ADMIN_PRE_2025,VNAP25-871215A74B,VN_ADMIN_2025,VNA25-37C576022B,MERGED_INTO
VN_ADMIN_PRE_2025,VNAP25-275308FC38,VN_ADMIN_2025,VNA25-54BFDC968E,MERGED_INTO
VN_ADMIN_PRE_2025,VNAP25-DFBCCA5235,VN_ADMIN_2025,VNA25-79982422C1,MERGED_INTO
VN_ADMIN_PRE_2025,VNAP25-116933351D,VN_ADMIN_2025,VNA25-C009296826,MERGED_INTO
VN_ADMIN_PRE_2025,VNAP25-17CB248746,VN_ADMIN_2025,VNA25-37C576022B,MERGED_INTO
VN_ADMIN_PRE_2025,VNAP25-036E484A1C,VN_ADMIN_2025,VNA25-54BFDC968E,MERGED_INTO
VN_ADMIN_PRE_2025,VNAP25-AA0A792CD9,VN_ADMIN_2025,VNA25-54BFDC968E,MERGED_INTO
VN_ADMIN_PRE_2025,VNAP25-B8A6DAECB4,VN_ADMIN_2025,VNA25-476803EE91,MERGED_INTO
VN_ADMIN_PRE_2025,VNAP25-12560EC3F8,VN_ADMIN_2025,VNA25-79982422C1,MERGED_INTO
VN_ADMIN_PRE_2025,VNAP25-750955869C,VN_ADMIN_2025,VNA25-79982422C1,MERGED_INTO
VN_ADMIN_PRE_2025,VNAP25-0111162126,VN_ADMIN_2025,VNA25-002E5864BE,MERGED_INTO
VN_ADMIN_PRE_2025,VNAP25-09DDF1D3FD,VN_ADMIN_2025,VNA25-3B791599DD,MERGED_INTO
VN_ADMIN_PRE_2025,VNAP25-F12801778A,VN_ADMIN_2025,VNA25-584B35BC62,MERGED_INTO
VN_ADMIN_PRE_2025,VNAP25-A1239E4363,VN_ADMIN_2025,VNA25-002E5864BE,MERGED_INTO
VN_ADMIN_PRE_2025,VNAP25-3B2C1304D2,VN_ADMIN_2025,VNA25-3B791599DD,MERGED_INTO
VN_ADMIN_PRE_2025,VNAP25-ED0CAEA4D6,VN_ADMIN_2025,VNA25-584B35BC62,MERGED_INTO
VN_ADMIN_PRE_2025,VNAP25-2FC2EE1252,VN_ADMIN_2025,VNA25-002E5864BE,MERGED_INTO
VN_ADMIN_PRE_2025,VNAP25-39E19C81F0,VN_ADMIN_2025,VNA25-3B791599DD,MERGED_INTO
VN_ADMIN_PRE_2025,VNAP25-3512B90568,VN_ADMIN_2025,VNA25-584B35BC62,MERGED_INTO
VN_ADMIN_PRE_2025,VNAP25-6E42EE9A8F,VN_ADMIN_2025,VNA25-228F29B37E,MERGED_INTO
VN_ADMIN_PRE_2025,VNAP25-E4ED089367,VN_ADMIN_2025,VNA25-5A666E6D4C,MERGED_INTO
VN_ADMIN_PRE_2025,VNAP25-325790100F,VN_ADMIN_2025,VNA25-58D3531BE3,MERGED_INTO
VN_ADMIN_PRE_2025,VNAP25-02B94AEE31,VN_ADMIN_2025,VNA25-58D3531BE3,MERGED_INTO
VN_ADMIN_PRE_2025,VNAP25-D582FA50D1,VN_ADMIN_2025,VNA25-5A666E6D4C,MERGED_INTO
VN_ADMIN_PRE_2025,VNAP25-536E2AEDB5,VN_ADMIN_2025,VNA25-228F29B37E,MERGED_INTO
VN_ADMIN_PRE_2025,VNAP25-7B6A0FBFB4,VN_ADMIN_2025,VNA25-58D3531BE3,MERGED_INTO
VN_ADMIN_PRE_2025,VNAP25-79A7E6596A,VN_ADMIN_2025,VNA25-42EC19E43E,MERGED_INTO
VN_ADMIN_PRE_2025,VNAP25-FE281F0D45,VN_ADMIN_2025,VNA25-5A666E6D4C,MERGED_INTO
VN_ADMIN_PRE_2025,VNAP25-2D1FB0097A,VN_ADMIN_2025,VNA25-42EC19E43E,MERGED_INTO
VN_ADMIN_PRE_2025,VNAP25-526147A159,VN_ADMIN_2025,VNA25-228F29B37E,MERGED_INTO
VN_ADMIN_PRE_2025,VNAP25-C360995D15,VN_ADMIN_2025,VNA25-1482609A3C,MERGED_INTO
VN_ADMIN_PRE_2025,VNAP25-5D0FF82DD1,VN_ADMIN_2025,VNA25-3E16F6626A,MERGED_INTO
VN_ADMIN_PRE_2025,VNAP25-153DAF1B42,VN_ADMIN_2025,VNA25-FEA802B5EB,MERGED_INTO
VN_ADMIN_PRE_2025,VNAP25-09ABF82A2A,VN_ADMIN_2025,VNA25-5CA9F6E1F1,MERGED_INTO
VN_ADMIN_PRE_2025,VNAP25-641FB53395,VN_ADMIN_2025,VNA25-FEA802B5EB,MERGED_INTO
VN_ADMIN_PRE_2025,VNAP25-18C738A562,VN_ADMIN_2025,VNA25-6220CB7CCB,MERGED_INTO
VN_ADMIN_PRE_2025,VNAP25-CADF13CD66,VN_ADMIN_2025,VNA25-6220CB7CCB,MERGED_INTO
VN_ADMIN_PRE_2025,VNAP25-BCD3C4430F,VN_ADMIN_2025,VNA25-3E16F6626A,MERGED_INTO
VN_ADMIN_PRE_2025,VNAP25-01B5DF9AE7,VN_ADMIN_2025,VNA25-FEA802B5EB,MERGED_INTO
VN_ADMIN_PRE_2025,VNAP25-5746A04C2D,VN_ADMIN_2025,VNA25-B0960E6313,MERGED_INTO
VN_ADMIN_PRE_2025,VNAP25-8BCB6EAD9B,VN_ADMIN_2025,VNA25-5CA9F6E1F1,MERGED_INTO
VN_ADMIN_PRE_2025,VNAP25-719D6EC48E,VN_ADMIN_2025,VNA25-1482609A3C,MERGED_INTO
VN_ADMIN_PRE_2025,VNAP25-D7A267BA32,VN_ADMIN_2025,VNA25-6220CB7CCB,MERGED_INTO
VN_ADMIN_PRE_2025,VNAP25-463AC8519F,VN_ADMIN_2025,VNA25-B0960E6313,MERGED_INTO
VN_ADMIN_PRE_2025,VNAP25-14CACE628E,VN_ADMIN_2025,VNA25-3E16F6626A,MERGED_INTO
VN_ADMIN_PRE_2025,VNAP25-0057107236,VN_ADMIN_2025,VNA25-B0960E6313,MERGED_INTO
VN_ADMIN_PRE_2025,VNAP25-4C49595B38,VN_ADMIN_2025,VNA25-EC8A65627E,MERGED_INTO
VN_ADMIN_PRE_2025,VNAP25-66619143C4,VN_ADMIN_2025,VNA25-25D70E94AD,MERGED_INTO
VN_ADMIN_PRE_2025,VNAP25-BF0A10BC74,VN_ADMIN_2025,VNA25-826A42C4D2,MERGED_INTO
VN_ADMIN_PRE_2025,VNAP25-BE80C5E1D1,VN_ADMIN_2025,VNA25-EC8A65627E,MERGED_INTO
VN_ADMIN_PRE_2025,VNAP25-873CEE1005,VN_ADMIN_2025,VNA25-25D70E94AD,MERGED_INTO
VN_ADMIN_PRE_2025,VNAP25-415AAC85AC,VN_ADMIN_2025,VNA25-8AAB0DE998,MERGED_INTO
VN_ADMIN_PRE_2025,VNAP25-08A6A0B1E4,VN_ADMIN_2025,VNA25-826A42C4D2,MERGED_INTO
VN_ADMIN_PRE_2025,VNAP25-784B44F1FB,VN_ADMIN_2025,VNA25-8AAB0DE998,MERGED_INTO
VN_ADMIN_PRE_2025,VNAP25-4E82852DA8,VN_ADMIN_2025,VNA25-8AAB0DE998,MERGED_INTO
VN_ADMIN_PRE_2025,VNAP25-E6E5800E81,VN_ADMIN_2025,VNA25-25D70E94AD,MERGED_INTO
VN_ADMIN_PRE_2025,VNAP25-B879AB10A3,VN_ADMIN_2025,VNA25-EC8A65627E,MERGED_INTO
VN_ADMIN_PRE_2025,VNAP25-9D215D632E,VN_ADMIN_2025,VNA25-EC8A65627E,MERGED_INTO
VN_ADMIN_PRE_2025,VNAP25-22C2D92A4B,VN_ADMIN_2025,VNA25-826A42C4D2,MERGED_INTO
VN_ADMIN_PRE_2025,VNAP25-01E4942A1A,VN_ADMIN_2025,VNA25-EC04D78644,MERGED_INTO
VN_ADMIN_PRE_2025,VNAP25-E02AEBD1A8,VN_ADMIN_2025,VNA25-9A9BEFF4BB,MERGED_INTO
VN_ADMIN_PRE_2025,VNAP25-C5A069BD16,VN_ADMIN_2025,VNA25-EC04D78644,MERGED_INTO
VN_ADMIN_PRE_2025,VNAP25-5A6B7E3F4A,VN_ADMIN_2025,VNA25-78B11F9B04,MERGED_INTO
VN_ADMIN_PRE_2025,VNAP25-4C40481000,VN_ADMIN_2025,VNA25-EC04D78644,MERGED_INTO
VN_ADMIN_PRE_2025,VNAP25-1DD1E6B778,VN_ADMIN_2025,VNA25-9A9BEFF4BB,MERGED_INTO
VN_ADMIN_PRE_2025,VNAP25-DCEFD55697,VN_ADMIN_2025,VNA25-EC04D78644,MERGED_INTO
VN_ADMIN_PRE_2025,VNAP25-15B6E07470,VN_ADMIN_2025,VNA25-45096ADCDC,MERGED_INTO
VN_ADMIN_PRE_2025,VNAP25-CD113B976A,VN_ADMIN_2025,VNA25-6779CCBE6A,MERGED_INTO
VN_ADMIN_PRE_2025,VNAP25-DE0F017789,VN_ADMIN_2025,VNA25-ECE902C369,MERGED_INTO
VN_ADMIN_PRE_2025,VNAP25-5AB092A026,VN_ADMIN_2025,VNA25-ECE902C369,MERGED_INTO
VN_ADMIN_PRE_2025,VNAP25-3ADC132DFF,VN_ADMIN_2025,VNA25-45096ADCDC,MERGED_INTO
VN_ADMIN_PRE_2025,VNAP25-5163D81D51,VN_ADMIN_2025,VNA25-6779CCBE6A,MERGED_INTO
VN_ADMIN_PRE_2025,VNAP25-01994D1DDF,VN_ADMIN_2025,VNA25-45096ADCDC,MERGED_INTO
VN_ADMIN_PRE_2025,VNAP25-9F1B87D598,VN_ADMIN_2025,VNA25-A7AC9A87F4,MERGED_INTO
VN_ADMIN_PRE_2025,VNAP25-4E689B35C4,VN_ADMIN_2025,VNA25-A7AC9A87F4,MERGED_INTO
VN_ADMIN_PRE_2025,VNAP25-B8566F3959,VN_ADMIN_2025,VNA25-2CE04BB22E,MERGED_INTO
VN_ADMIN_PRE_2025,VNAP25-BB9D43F92A,VN_ADMIN_2025,VNA25-2CE04BB22E,MERGED_INTO
VN_ADMIN_PRE_2025,VNAP25-83BEC38D2B,VN_ADMIN_2025,VNA25-A7AC9A87F4,MERGED_INTO
VN_ADMIN_PRE_2025,VNAP25-EFD0D5A6F8,VN_ADMIN_2025,VNA25-E0FEB68B51,MERGED_INTO
VN_ADMIN_PRE_2025,VNAP25-AA93060E6C,VN_ADMIN_2025,VNA25-A7AC9A87F4,MERGED_INTO
VN_ADMIN_PRE_2025,VNAP25-F98F98C6EC,VN_ADMIN_2025,VNA25-2CE04BB22E,MERGED_INTO
VN_ADMIN_PRE_2025,VNAP25-465814C8C2,VN_ADMIN_2025,VNA25-E0FEB68B51,MERGED_INTO
VN_ADMIN_PRE_2025,VNAP25-AC88CE7DCD,VN_ADMIN_2025,VNA25-A7AC9A87F4,MERGED_INTO
VN_ADMIN_PRE_2025,VNAP25-1162B62EBD,VN_ADMIN_2025,VNA25-2CE04BB22E,MERGED_INTO
VN_ADMIN_PRE_2025,VNAP25-0541DB1CDA,VN_ADMIN_2025,VNA25-E816F29B2B,MERGED_INTO
VN_ADMIN_PRE_2025,VNAP25-AA2E231AFB,VN_ADMIN_2025,VNA25-63510141C4,SPLIT_INTO
VN_ADMIN_PRE_2025,VNAP25-AA2E231AFB,VN_ADMIN_2025,VNA25-D12CE70633,SPLIT_INTO
VN_ADMIN_PRE_2025,VNAP25-35E2BCDE65,VN_ADMIN_2025,VNA25-E816F29B2B,MERGED_INTO
VN_ADMIN_PRE_2025,VNAP25-FBCA3A916F,VN_ADMIN_2025,VNA25-E0FEB68B51,MERGED_INTO
VN_ADMIN_PRE_2025,VNAP25-F288F5BEB0,VN_ADMIN_2025,VNA25-245679D4EE,MERGED_INTO
VN_ADMIN_PRE_2025,VNAP25-D402F529A7,VN_ADMIN_2025,VNA25-245679D4EE,MERGED_INTO
VN_ADMIN_PRE_2025,VNAP25-5E508F05F8,VN_ADMIN_2025,VNA25-245679D4EE,MERGED_INTO
VN_ADMIN_PRE_2025,VNAP25-C46C57DCD0,VN_ADMIN_2025,VNA25-12CFA72166,MERGED_INTO
VN_ADMIN_PRE_2025,VNAP25-CC297CB1C4,VN_ADMIN_2025,VNA25-12CFA72166,MERGED_INTO
VN_ADMIN_PRE_2025,VNAP25-71B9648301,VN_ADMIN_2025,VNA25-12CFA72166,MERGED_INTO
VN_ADMIN_PRE_2025,VNAP25-3BFF27C6B9,VN_ADMIN_2025,VNA25-0CD69FBDCB,MERGED_INTO
VN_ADMIN_PRE_2025,VNAP25-D64B71E74D,VN_ADMIN_2025,VNA25-0CD69FBDCB,MERGED_INTO
VN_ADMIN_PRE_2025,VNAP25-73AB1051F2,VN_ADMIN_2025,VNA25-0CD69FBDCB,MERGED_INTO
VN_ADMIN_PRE_2025,VNAP25-92AA27A9E9,VN_ADMIN_2025,VNA25-0CD69FBDCB,MERGED_INTO
VN_ADMIN_PRE_2025,VNAP25-27703EA870,VN_ADMIN_2025,VNA25-12CFA72166,MERGED_INTO
VN_ADMIN_PRE_2025,VNAP25-606B78EAC3,VN_ADMIN_2025,VNA25-12CFA72166,MERGED_INTO
VN_ADMIN_PRE_2025,VNAP25-8E6CAA2846,VN_ADMIN_2025,VNA25-5CFF3ECF48,MERGED_INTO
VN_ADMIN_PRE_2025,VNAP25-9DE53DE97D,VN_ADMIN_2025,VNA25-5CFF3ECF48,MERGED_INTO
VN_ADMIN_PRE_2025,VNAP25-F17271F1BA,VN_ADMIN_2025,VNA25-7BFDE3E845,MERGED_INTO
VN_ADMIN_PRE_2025,VNAP25-17107199DA,VN_ADMIN_2025,VNA25-5CFF3ECF48,SPLIT_INTO
VN_ADMIN_PRE_2025,VNAP25-17107199DA,VN_ADMIN_2025,VNA25-B9BA3DC280,SPLIT_INTO
VN_ADMIN_PRE_2025,VNAP25-00B0180DD4,VN_ADMIN_2025,VNA25-A793D13FFF,MERGED_INTO
VN_ADMIN_PRE_2025,VNAP25-8537B1F6EC,VN_ADMIN_2025,VNA25-B9BA3DC280,MERGED_INTO
VN_ADMIN_PRE_2025,VNAP25-0B4D47A967,VN_ADMIN_2025,VNA25-A793D13FFF,MERGED_INTO
VN_ADMIN_PRE_2025,VNAP25-D824D0987F,VN_ADMIN_2025,VNA25-A793D13FFF,MERGED_INTO
VN_ADMIN_PRE_2025,VNAP25-D86B78C16E,VN_ADMIN_2025,VNA25-B9BA3DC280,MERGED_INTO
VN_ADMIN_PRE_2025,VNAP25-2C268DA830,VN_ADMIN_2025,VNA25-E83F389378,MERGED_INTO
VN_ADMIN_PRE_2025,VNAP25-AE41B78C95,VN_ADMIN_2025,VNA25-E83F389378,MERGED_INTO
VN_ADMIN_PRE_2025,VNAP25-D43807E3FB,VN_ADMIN_2025,VNA25-B9BA3DC280,MERGED_INTO
VN_ADMIN_PRE_2025,VNAP25-C76541241D,VN_ADMIN_2025,VNA25-B9BA3DC280,MERGED_INTO
VN_ADMIN_PRE_2025,VNAP25-1970D08433,VN_ADMIN_2025,VNA25-7BFDE3E845,MERGED_INTO
VN_ADMIN_PRE_2025,VNAP25-AF6437BAC5,VN_ADMIN_2025,VNA25-7BFDE3E845,MERGED_INTO
VN_ADMIN_PRE_2025,VNAP25-8D07F021F9,VN_ADMIN_2025,VNA25-5CFF3ECF48,MERGED_INTO
VN_ADMIN_PRE_2025,VNAP25-2B51535C99,VN_ADMIN_2025,VNA25-E83F389378,MERGED_INTO
VN_ADMIN_PRE_2025,VNAP25-BB3B8D7349,VN_ADMIN_2025,VNA25-A793D13FFF,MERGED_INTO
VN_ADMIN_PRE_2025,VNAP25-1908F3DA03,VN_ADMIN_2025,VNA25-E83F389378,MERGED_INTO
VN_ADMIN_PRE_2025,VNAP25-A05CC50FB5,VN_ADMIN_2025,VNA25-7BF55FA2C3,MERGED_INTO
VN_ADMIN_PRE_2025,VNAP25-6AA8496F06,VN_ADMIN_2025,VNA25-E961887A6E,MERGED_INTO
VN_ADMIN_PRE_2025,VNAP25-282908F351,VN_ADMIN_2025,VNA25-1CE5377E4E,MERGED_INTO
VN_ADMIN_PRE_2025,VNAP25-D66F95DE58,VN_ADMIN_2025,VNA25-FE64FEE8BB,MERGED_INTO
VN_ADMIN_PRE_2025,VNAP25-D2332CCD26,VN_ADMIN_2025,VNA25-90255BFC34,MERGED_INTO
VN_ADMIN_PRE_2025,VNAP25-BA49A8A5CA,VN_ADMIN_2025,VNA25-03DC2B8825,MERGED_INTO
VN_ADMIN_PRE_2025,VNAP25-09924B548B,VN_ADMIN_2025,VNA25-1CE5377E4E,MERGED_INTO
VN_ADMIN_PRE_2025,VNAP25-D510F76A71,VN_ADMIN_2025,VNA25-57C586B93C,MERGED_INTO
VN_ADMIN_PRE_2025,VNAP25-B908CA69A9,VN_ADMIN_2025,VNA25-78B11F9B04,MERGED_INTO
VN_ADMIN_PRE_2025,VNAP25-ABED32B66F,VN_ADMIN_2025,VNA25-8439D5EA1C,MERGED_INTO
VN_ADMIN_PRE_2025,VNAP25-88831A8A1E,VN_ADMIN_2025,VNA25-90255BFC34,MERGED_INTO
VN_ADMIN_PRE_2025,VNAP25-0D3CBD48C5,VN_ADMIN_2025,VNA25-03DC2B8825,SPLIT_INTO
VN_ADMIN_PRE_2025,VNAP25-0D3CBD48C5,VN_ADMIN_2025,VNA25-8439D5EA1C,SPLIT_INTO
VN_ADMIN_PRE_2025,VNAP25-19F739B267,VN_ADMIN_2025,VNA25-FE64FEE8BB,MERGED_INTO
VN_ADMIN_PRE_2025,VNAP25-6CD981A6BE,VN_ADMIN_2025,VNA25-803AE75016,MERGED_INTO
VN_ADMIN_PRE_2025,VNAP25-86C7A585F8,VN_ADMIN_2025,VNA25-FE64FEE8BB,MERGED_INTO
VN_ADMIN_PRE_2025,VNAP25-75B0EDE7A6,VN_ADMIN_2025,VNA25-803AE75016,MERGED_INTO
VN_ADMIN_PRE_2025,VNAP25-D3CF6794F1,VN_ADMIN_2025,VNA25-57C586B93C,MERGED_INTO
VN_ADMIN_PRE_2025,VNAP25-3BBB886EF2,VN_ADMIN_2025,VNA25-D12D8F6282,MERGED_INTO
VN_ADMIN_PRE_2025,VNAP25-1960267B72,VN_ADMIN_2025,VNA25-7BF55FA2C3,MERGED_INTO
VN_ADMIN_PRE_2025,VNAP25-A0C490AACD,VN_ADMIN_2025,VNA25-DC7CE10F12,MERGED_INTO
VN_ADMIN_PRE_2025,VNAP25-EEB2625CE7,VN_ADMIN_2025,VNA25-DC7CE10F12,MERGED_INTO
VN_ADMIN_PRE_2025,VNAP25-C6CF80860E,VN_ADMIN_2025,VNA25-E961887A6E,MERGED_INTO
VN_ADMIN_PRE_2025,VNAP25-A188D5840A,VN_ADMIN_2025,VNA25-9A9BEFF4BB,MERGED_INTO
VN_ADMIN_PRE_2025,VNAP25-52ACFDFF2D,VN_ADMIN_2025,VNA25-D12D8F6282,MERGED_INTO
VN_ADMIN_PRE_2025,VNAP25-0B451DA828,VN_ADMIN_2025,VNA25-1CE5377E4E,MERGED_INTO
VN_ADMIN_PRE_2025,VNAP25-9664285126,VN_ADMIN_2025,VNA25-D12D8F6282,MERGED_INTO
VN_ADMIN_PRE_2025,VNAP25-8196D29B75,VN_ADMIN_2025,VNA25-1CE5377E4E,MERGED_INTO
VN_ADMIN_PRE_2025,VNAP25-FE74C2E38C,VN_ADMIN_2025,VNA25-57C586B93C,MERGED_INTO
VN_ADMIN_PRE_2025,VNAP25-840319E6B6,VN_ADMIN_2025,VNA25-7BF55FA2C3,MERGED_INTO
VN_ADMIN_PRE_2025,VNAP25-2027AB3E85,VN_ADMIN_2025,VNA25-03DC2B8825,MERGED_INTO
VN_ADMIN_PRE_2025,VNAP25-CC0BE8CD25,VN_ADMIN_2025,VNA25-8439D5EA1C,MERGED_INTO
VN_ADMIN_PRE_2025,VNAP25-D544278D20,VN_ADMIN_2025,VNA25-57C586B93C,MERGED_INTO
VN_ADMIN_PRE_2025,VNAP25-5052524672,VN_ADMIN_2025,VNA25-B42DD57EDA,SAME_AS
VN_ADMIN_PRE_2025,VNAP25-CB24FB0579,VN_ADMIN_2025,VNA25-AF4647EC2F,MERGED_INTO
VN_ADMIN_PRE_2025,VNAP25-E1DC2C8A11,VN_ADMIN_2025,VNA25-D6BB96FCFF,MERGED_INTO
VN_ADMIN_PRE_2025,VNAP25-6995890C2C,VN_ADMIN_2025,VNA25-74F8A04E49,MERGED_INTO
VN_ADMIN_PRE_2025,VNAP25-EB760E444E,VN_ADMIN_2025,VNA25-D6BB96FCFF,MERGED_INTO
VN_ADMIN_PRE_2025,VNAP25-44B34C8FBC,VN_ADMIN_2025,VNA25-AF4647EC2F,SPLIT_INTO
VN_ADMIN_PRE_2025,VNAP25-44B34C8FBC,VN_ADMIN_2025,VNA25-D6BB96FCFF,SPLIT_INTO
VN_ADMIN_PRE_2025,VNAP25-6D82A8A93E,VN_ADMIN_2025,VNA25-D6BB96FCFF,MERGED_INTO
VN_ADMIN_PRE_2025,VNAP25-5BF5695232,VN_ADMIN_2025,VNA25-D6BB96FCFF,MERGED_INTO
VN_ADMIN_PRE_2025,VNAP25-AEF6D82EDF,VN_ADMIN_2025,VNA25-AF4647EC2F,MERGED_INTO
VN_ADMIN_PRE_2025,VNAP25-A6126B17B4,VN_ADMIN_2025,VNA25-74F8A04E49,MERGED_INTO
VN_ADMIN_PRE_2025,VNAP25-2C71FFF9C1,VN_ADMIN_2025,VNA25-74F8A04E49,MERGED_INTO
VN_ADMIN_PRE_2025,VNAP25-BEE177D9D7,VN_ADMIN_2025,VNA25-C0986C0366,MERGED_INTO
VN_ADMIN_PRE_2025,VNAP25-98DFB62F39,VN_ADMIN_2025,VNA25-EB0DB89859,MERGED_INTO
VN_ADMIN_PRE_2025,VNAP25-15A3D028DC,VN_ADMIN_2025,VNA25-3132BFFA34,MERGED_INTO
VN_ADMIN_PRE_2025,VNAP25-57410D75B9,VN_ADMIN_2025,VNA25-EB0DB89859,MERGED_INTO
VN_ADMIN_PRE_2025,VNAP25-E4C665E16B,VN_ADMIN_2025,VNA25-C0986C0366,MERGED_INTO
VN_ADMIN_PRE_2025,VNAP25-C5E980372E,VN_ADMIN_2025,VNA25-CD7B5AD5E9,MERGED_INTO
VN_ADMIN_PRE_2025,VNAP25-68A093834B,VN_ADMIN_2025,VNA25-EB0DB89859,MERGED_INTO
VN_ADMIN_PRE_2025,VNAP25-474A96464A,VN_ADMIN_2025,VNA25-3132BFFA34,MERGED_INTO
VN_ADMIN_PRE_2025,VNAP25-D0C1851CC1,VN_ADMIN_2025,VNA25-4F1A3BCAA9,MERGED_INTO
VN_ADMIN_PRE_2025,VNAP25-0DF1E21EEC,VN_ADMIN_2025,VNA25-4F1A3BCAA9,MERGED_INTO
VN_ADMIN_PRE_2025,VNAP25-D10DD30A1D,VN_ADMIN_2025,VNA25-CD7B5AD5E9,MERGED_INTO
VN_ADMIN_PRE_2025,VNAP25-A144293A69,VN_ADMIN_2025,VNA25-EB0DB89859,MERGED_INTO
VN_ADMIN_PRE_2025,VNAP25-0D31D61270,VN_ADMIN_2025,VNA25-EB0DB89859,MERGED_INTO
VN_ADMIN_PRE_2025,VNAP25-34BEF7C4A2,VN_ADMIN_2025,VNA25-4F1A3BCAA9,MERGED_INTO
VN_ADMIN_PRE_2025,VNAP25-214CF2FDE3,VN_ADMIN_2025,VNA25-BD1782E575,MERGED_INTO
VN_ADMIN_PRE_2025,VNAP25-541789865F,VN_ADMIN_2025,VNA25-BD1782E575,MERGED_INTO
VN_ADMIN_PRE_2025,VNAP25-B1CA507A66,VN_ADMIN_2025,VNA25-F536716352,MERGED_INTO
VN_ADMIN_PRE_2025,VNAP25-141A7A3005,VN_ADMIN_2025,VNA25-D6477DA451,MERGED_INTO
VN_ADMIN_PRE_2025,VNAP25-D50A8D9B23,VN_ADMIN_2025,VNA25-0CDD1265CB,MERGED_INTO
VN_ADMIN_PRE_2025,VNAP25-519DDCB039,VN_ADMIN_2025,VNA25-BA996BA802,MERGED_INTO
VN_ADMIN_PRE_2025,VNAP25-10F08BD7F3,VN_ADMIN_2025,VNA25-D6477DA451,MERGED_INTO
VN_ADMIN_PRE_2025,VNAP25-1071DF8E2D,VN_ADMIN_2025,VNA25-BA996BA802,MERGED_INTO
VN_ADMIN_PRE_2025,VNAP25-4D2BDBF72D,VN_ADMIN_2025,VNA25-A8B411D0DE,MERGED_INTO
VN_ADMIN_PRE_2025,VNAP25-BC6D34A585,VN_ADMIN_2025,VNA25-A8B411D0DE,MERGED_INTO
VN_ADMIN_PRE_2025,VNAP25-DB4205C899,VN_ADMIN_2025,VNA25-0CDD1265CB,MERGED_INTO
VN_ADMIN_PRE_2025,VNAP25-16AD371ADC,VN_ADMIN_2025,VNA25-F536716352,MERGED_INTO
VN_ADMIN_PRE_2025,VNAP25-A4EF209BBB,VN_ADMIN_2025,VNA25-F536716352,MERGED_INTO
VN_ADMIN_PRE_2025,VNAP25-18224C7722,VN_ADMIN_2025,VNA25-A8B411D0DE,MERGED_INTO
VN_ADMIN_PRE_2025,VNAP25-52BA8A08E6,VN_ADMIN_2025,VNA25-9C145529AA,MERGED_INTO
VN_ADMIN_PRE_2025,VNAP25-4CE05355A7,VN_ADMIN_2025,VNA25-D6477DA451,MERGED_INTO
VN_ADMIN_PRE_2025,VNAP25-DBD711EFEA,VN_ADMIN_2025,VNA25-BA996BA802,MERGED_INTO
VN_ADMIN_PRE_2025,VNAP25-FAA666FBA2,VN_ADMIN_2025,VNA25-9C145529AA,MERGED_INTO
VN_ADMIN_PRE_2025,VNAP25-835798ED98,VN_ADMIN_2025,VNA25-A8B411D0DE,MERGED_INTO
VN_ADMIN_PRE_2025,VNAP25-0196EF0DB5,VN_ADMIN_2025,VNA25-9C145529AA,MERGED_INTO
VN_ADMIN_PRE_2025,VNAP25-EE16A63638,VN_ADMIN_2025,VNA25-F536716352,MERGED_INTO
VN_ADMIN_PRE_2025,VNAP25-B6D1C51012,VN_ADMIN_2025,VNA25-350D6F0575,SPLIT_INTO
VN_ADMIN_PRE_2025,VNAP25-B6D1C51012,VN_ADMIN_2025,VNA25-F120B5644B,SPLIT_INTO
VN_ADMIN_PRE_2025,VNAP25-12B29B3782,VN_ADMIN_2025,VNA25-2B64A7E3A0,MERGED_INTO
VN_ADMIN_PRE_2025,VNAP25-F4A3B3CFE0,VN_ADMIN_2025,VNA25-F120B5644B,MERGED_INTO
VN_ADMIN_PRE_2025,VNAP25-51F598CA15,VN_ADMIN_2025,VNA25-F120B5644B,MERGED_INTO
VN_ADMIN_PRE_2025,VNAP25-3C00961B23,VN_ADMIN_2025,VNA25-63510141C4,MERGED_INTO
VN_ADMIN_PRE_2025,VNAP25-793EE18483,VN_ADMIN_2025,VNA25-2B64A7E3A0,MERGED_INTO
VN_ADMIN_PRE_2025,VNAP25-1414E121C6,VN_ADMIN_2025,VNA25-63510141C4,MERGED_INTO
VN_ADMIN_PRE_2025,VNAP25-4BB5EEF44D,VN_ADMIN_2025,VNA25-350D6F0575,MERGED_INTO
VN_ADMIN_PRE_2025,VNAP25-40178949B3,VN_ADMIN_2025,VNA25-350D6F0575,MERGED_INTO
VN_ADMIN_PRE_2025,VNAP25-D4E6610180,VN_ADMIN_2025,VNA25-350D6F0575,MERGED_INTO
VN_ADMIN_PRE_2025,VNAP25-86A4C3FB47,VN_ADMIN_2025,VNA25-2B64A7E3A0,SPLIT_INTO
VN_ADMIN_PRE_2025,VNAP25-86A4C3FB47,VN_ADMIN_2025,VNA25-350D6F0575,SPLIT_INTO
VN_ADMIN_PRE_2025,VNAP25-C2BB64DDDC,VN_ADMIN_2025,VNA25-66D1977B33,MERGED_INTO
VN_ADMIN_PRE_2025,VNAP25-EC273ADE46,VN_ADMIN_2025,VNA25-66D1977B33,MERGED_INTO
VN_ADMIN_PRE_2025,VNAP25-81E79F7ED1,VN_ADMIN_2025,VNA25-4F3A6265F3,MERGED_INTO
VN_ADMIN_PRE_2025,VNAP25-97F2E870AD,VN_ADMIN_2025,VNA25-4F3A6265F3,MERGED_INTO
VN_ADMIN_PRE_2025,VNAP25-F2D09997DA,VN_ADMIN_2025,VNA25-FF2AD23EAF,MERGED_INTO
VN_ADMIN_PRE_2025,VNAP25-AAFB94ED94,VN_ADMIN_2025,VNA25-FF2AD23EAF,MERGED_INTO
VN_ADMIN_PRE_2025,VNAP25-5AECD5123F,VN_ADMIN_2025,VNA25-4F3A6265F3,MERGED_INTO
VN_ADMIN_PRE_2025,VNAP25-4435D4499A,VN_ADMIN_2025,VNA25-66D1977B33,SPLIT_INTO
VN_ADMIN_PRE_2025,VNAP25-4435D4499A,VN_ADMIN_2025,VNA25-FF2AD23EAF,SPLIT_INTO
VN_ADMIN_PRE_2025,VNAP25-E9BF21FC8E,VN_ADMIN_2025,VNA25-66D1977B33,MERGED_INTO
VN_ADMIN_PRE_2025,VNAP25-17AAC04267,VN_ADMIN_2025,VNA25-FF2AD23EAF,MERGED_INTO
VN_ADMIN_PRE_2025,VNAP25-4143B6345A,VN_ADMIN_2025,VNA25-C14E19B300,MERGED_INTO
VN_ADMIN_PRE_2025,VNAP25-CD4AB75CFA,VN_ADMIN_2025,VNA25-C14E19B300,MERGED_INTO
VN_ADMIN_PRE_2025,VNAP25-F6F0BF7FFC,VN_ADMIN_2025,VNA25-C14E19B300,MERGED_INTO
VN_ADMIN_PRE_2025,VNAP25-5A8D4EE20D,VN_ADMIN_2025,VNA25-C14E19B300,MERGED_INTO
VN_ADMIN_PRE_2025,VNAP25-F2C9CDD709,VN_ADMIN_2025,VNA25-C14E19B300,MERGED_INTO
VN_ADMIN_PRE_2025,VNAP25-EA74F619FB,VN_ADMIN_2025,VNA25-C14E19B300,MERGED_INTO
VN_ADMIN_PRE_2025,VNAP25-BD76E3E053,VN_ADMIN_2025,VNA25-C14E19B300,MERGED_INTO
VN_ADMIN_PRE_2025,VNAP25-55C9FEB2F7,VN_ADMIN_2025,VNA25-C14E19B300,MERGED_INTO
VN_ADMIN_PRE_2025,VNAP25-6AD48DA9E9,VN_ADMIN_2025,VNA25-C14E19B300,MERGED_INTO
VN_ADMIN_PRE_2025,VNAP25-250DAA862F,VN_ADMIN_2025,VNA25-C14E19B300,MERGED_INTO
VN_ADMIN_PRE_2025,VNAP25-BF191F3C83,VN_ADMIN_2025,VNA25-C14E19B300,MERGED_INTO
VN_ADMIN_PRE_2025,VNAP25-6A2DC2717C,VN_ADMIN_2025,VNA25-C14E19B300,MERGED_INTO
VN_ADMIN_PRE_2025,VNAP25-3B816AA649,VN_ADMIN_2025,VNA25-3D70527252,MERGED_INTO
VN_ADMIN_PRE_2025,VNAP25-4EB4F16F9E,VN_ADMIN_2025,VNA25-1DA9D589FA,MERGED_INTO
VN_ADMIN_PRE_2025,VNAP25-2DA64BF052,VN_ADMIN_2025,VNA25-3D70527252,MERGED_INTO
VN_ADMIN_PRE_2025,VNAP25-4E6D588C01,VN_ADMIN_2025,VNA25-3D70527252,MERGED_INTO
VN_ADMIN_PRE_2025,VNAP25-87F72838D0,VN_ADMIN_2025,VNA25-3D70527252,MERGED_INTO
VN_ADMIN_PRE_2025,VNAP25-88C2F1B404,VN_ADMIN_2025,VNA25-1DA9D589FA,MERGED_INTO
VN_ADMIN_PRE_2025,VNAP25-E1A29CC866,VN_ADMIN_2025,VNA25-1DA9D589FA,MERGED_INTO
VN_ADMIN_PRE_2025,VNAP25-4E85F26474,VN_ADMIN_2025,VNA25-1DA9D589FA,MERGED_INTO
VN_ADMIN_PRE_2025,VNAP25-95CE763695,VN_ADMIN_2025,VNA25-698405B2BB,MERGED_INTO
VN_ADMIN_PRE_2025,VNAP25-4B82D2C0B0,VN_ADMIN_2025,VNA25-698405B2BB,MERGED_INTO
VN_ADMIN_PRE_2025,VNAP25-55A3CA5B02,VN_ADMIN_2025,VNA25-4883B96F6A,MERGED_INTO
VN_ADMIN_PRE_2025,VNAP25-244B6AF35B,VN_ADMIN_2025,VNA25-4A103AE4F5,MERGED_INTO
VN_ADMIN_PRE_2025,VNAP25-9E80DEB70A,VN_ADMIN_2025,VNA25-0A53D0B2FF,MERGED_INTO
VN_ADMIN_PRE_2025,VNAP25-3C0B0C7B09,VN_ADMIN_2025,VNA25-0A53D0B2FF,MERGED_INTO
VN_ADMIN_PRE_2025,VNAP25-FFD7696598,VN_ADMIN_2025,VNA25-4883B96F6A,MERGED_INTO
VN_ADMIN_PRE_2025,VNAP25-F4E7186E93,VN_ADMIN_2025,VNA25-7D169F68BC,MERGED_INTO
VN_ADMIN_PRE_2025,VNAP25-9AE534BC4A,VN_ADMIN_2025,VNA25-7D169F68BC,MERGED_INTO
VN_ADMIN_PRE_2025,VNAP25-A7406C0231,VN_ADMIN_2025,VNA25-7D169F68BC,MERGED_INTO
VN_ADMIN_PRE_2025,VNAP25-784B18EEE1,VN_ADMIN_2025,VNA25-0A53D0B2FF,MERGED_INTO
VN_ADMIN_PRE_2025,VNAP25-D9E1B89E20,VN_ADMIN_2025,VNA25-4883B96F6A,MERGED_INTO
VN_ADMIN_PRE_2025,VNAP25-C8D61DA175,VN_ADMIN_2025,VNA25-4A103AE4F5,MERGED_INTO
VN_ADMIN_PRE_2025,VNAP25-82C20D9A83,VN_ADMIN_2025,VNA25-CB7115FCD7,MERGED_INTO
VN_ADMIN_PRE_2025,VNAP25-52E243D845,VN_ADMIN_2025,VNA25-04233ECEC7,MERGED_INTO
VN_ADMIN_PRE_2025,VNAP25-D2E9C35CFF,VN_ADMIN_2025,VNA25-CB7115FCD7,MERGED_INTO
VN_ADMIN_PRE_2025,VNAP25-8F8BE42E19,VN_ADMIN_2025,VNA25-CB7115FCD7,MERGED_INTO
VN_ADMIN_PRE_2025,VNAP25-EB6C68B7DD,VN_ADMIN_2025,VNA25-04233ECEC7,MERGED_INTO
VN_ADMIN_PRE_2025,VNAP25-C4C3C3CC0F,VN_ADMIN_2025,VNA25-CB7115FCD7,MERGED_INTO
VN_ADMIN_PRE_2025,VNAP25-A344BDAD7D,VN_ADMIN_2025,VNA25-04233ECEC7,MERGED_INTO
VN_ADMIN_PRE_2025,VNAP25-1F7A38AEE9,VN_ADMIN_2025,VNA25-04233ECEC7,MERGED_INTO
VN_ADMIN_PRE_2025,VNAP25-A06F554BE0,VN_ADMIN_2025,VNA25-CB7115FCD7,MERGED_INTO
VN_ADMIN_PRE_2025,VNAP25-EA6F3ADA99,VN_ADMIN_2025,VNA25-C749ACCE1D,MERGED_INTO
VN_ADMIN_PRE_2025,VNAP25-EA4C7F2BAF,VN_ADMIN_2025,VNA25-D8B607FA3E,MERGED_INTO
VN_ADMIN_PRE_2025,VNAP25-DA6897FAE5,VN_ADMIN_2025,VNA25-C749ACCE1D,MERGED_INTO
VN_ADMIN_PRE_2025,VNAP25-4136919C63,VN_ADMIN_2025,VNA25-154DD0ADA0,MERGED_INTO
VN_ADMIN_PRE_2025,VNAP25-09DA695241,VN_ADMIN_2025,VNA25-C749ACCE1D,MERGED_INTO
VN_ADMIN_PRE_2025,VNAP25-30B7849A44,VN_ADMIN_2025,VNA25-154DD0ADA0,MERGED_INTO
VN_ADMIN_PRE_2025,VNAP25-005EA2F396,VN_ADMIN_2025,VNA25-154DD0ADA0,MERGED_INTO
VN_ADMIN_PRE_2025,VNAP25-C1AA10CC72,VN_ADMIN_2025,VNA25-D8B607FA3E,MERGED_INTO
VN_ADMIN_PRE_2025,VNAP25-DC0622DE25,VN_ADMIN_2025,VNA25-D8B607FA3E,MERGED_INTO
VN_ADMIN_PRE_2025,VNAP25-DFE59525B8,VN_ADMIN_2025,VNA25-D8B607FA3E,MERGED_INTO
VN_ADMIN_PRE_2025,VNAP25-CE15136DEC,VN_ADMIN_2025,VNA25-154DD0ADA0,MERGED_INTO
VN_ADMIN_PRE_2025,VNAP25-72579B8E06,VN_ADMIN_2025,VNA25-5C8E8ECA6A,MERGED_INTO
VN_ADMIN_PRE_2025,VNAP25-8B43AEF5E1,VN_ADMIN_2025,VNA25-5C8E8ECA6A,MERGED_INTO
VN_ADMIN_PRE_2025,VNAP25-1218121F2C,VN_ADMIN_2025,VNA25-5C8E8ECA6A,MERGED_INTO
VN_ADMIN_PRE_2025,VNAP25-9632BB016C,VN_ADMIN_2025,VNA25-B28F7F5CAF,MERGED_INTO
VN_ADMIN_PRE_2025,VNAP25-C81B8FDF7A,VN_ADMIN_2025,VNA25-BADB199D0F,MERGED_INTO
VN_ADMIN_PRE_2025,VNAP25-25F3101D86,VN_ADMIN_2025,VNA25-7E52792D4F,MERGED_INTO
VN_ADMIN_PRE_2025,VNAP25-0D421FBB59,VN_ADMIN_2025,VNA25-672746FBEE,MERGED_INTO
VN_ADMIN_PRE_2025,VNAP25-0467278EC6,VN_ADMIN_2025,VNA25-B28F7F5CAF,MERGED_INTO
VN_ADMIN_PRE_2025,VNAP25-C811B8A08D,VN_ADMIN_2025,VNA25-BADB199D0F,MERGED_INTO
VN_ADMIN_PRE_2025,VNAP25-724ACAD871,VN_ADMIN_2025,VNA25-7E52792D4F,MERGED_INTO
VN_ADMIN_PRE_2025,VNAP25-645CDF2802,VN_ADMIN_2025,VNA25-BADB199D0F,MERGED_INTO
VN_ADMIN_PRE_2025,VNAP25-CE32E1B4FC,VN_ADMIN_2025,VNA25-156694E2EB,MERGED_INTO
VN_ADMIN_PRE_2025,VNAP25-2662B5D97D,VN_ADMIN_2025,VNA25-672746FBEE,MERGED_INTO
VN_ADMIN_PRE_2025,VNAP25-BCC9BA5D76,VN_ADMIN_2025,VNA25-156694E2EB,MERGED_INTO
VN_ADMIN_PRE_2025,VNAP25-26BDB82F96,VN_ADMIN_2025,VNA25-7E52792D4F,MERGED_INTO
VN_ADMIN_PRE_2025,VNAP25-EA41A6D5C3,VN_ADMIN_2025,VNA25-672746FBEE,MERGED_INTO
VN_ADMIN_PRE_2025,VNAP25-412A21A753,VN_ADMIN_2025,VNA25-156694E2EB,MERGED_INTO
VN_ADMIN_PRE_2025,VNAP25-017E864067,VN_ADMIN_2025,VNA25-B28F7F5CAF,MERGED_INTO
VN_ADMIN_PRE_2025,VNAP25-33D5E9AEE2,VN_ADMIN_2025,VNA25-BE48293079,MERGED_INTO
VN_ADMIN_PRE_2025,VNAP25-22C15B3B4F,VN_ADMIN_2025,VNA25-BE48293079,MERGED_INTO
VN_ADMIN_PRE_2025,VNAP25-38564D35F1,VN_ADMIN_2025,VNA25-1983C516A1,MERGED_INTO
VN_ADMIN_PRE_2025,VNAP25-366142C325,VN_ADMIN_2025,VNA25-DBD4D8B9A8,MERGED_INTO
VN_ADMIN_PRE_2025,VNAP25-941CAED0BC,VN_ADMIN_2025,VNA25-5CE55EC9D8,MERGED_INTO
VN_ADMIN_PRE_2025,VNAP25-37092ADF3D,VN_ADMIN_2025,VNA25-A8518E3CE1,MERGED_INTO
VN_ADMIN_PRE_2025,VNAP25-CB45386457,VN_ADMIN_2025,VNA25-5CE55EC9D8,MERGED_INTO
VN_ADMIN_PRE_2025,VNAP25-BF4086F365,VN_ADMIN_2025,VNA25-5CE55EC9D8,MERGED_INTO
VN_ADMIN_PRE_2025,VNAP25-8113BC83BB,VN_ADMIN_2025,VNA25-1983C516A1,MERGED_INTO
VN_ADMIN_PRE_2025,VNAP25-D69EFF4547,VN_ADMIN_2025,VNA25-DBD4D8B9A8,MERGED_INTO
VN_ADMIN_PRE_2025,VNAP25-F85C7B9A43,VN_ADMIN_2025,VNA25-1983C516A1,MERGED_INTO
VN_ADMIN_PRE_2025,VNAP25-885D370F2D,VN_ADMIN_2025,VNA25-97B446AA37,MERGED_INTO
VN_ADMIN_PRE_2025,VNAP25-CEBC918606,VN_ADMIN_2025,VNA25-D961CE7024,MERGED_INTO
VN_ADMIN_PRE_2025,VNAP25-B789334324,VN_ADMIN_2025,VNA25-1983C516A1,MERGED_INTO
VN_ADMIN_PRE_2025,VNAP25-596CC08CBE,VN_ADMIN_2025,VNA25-A8518E3CE1,MERGED_INTO
VN_ADMIN_PRE_2025,VNAP25-90708B9806,VN_ADMIN_2025,VNA25-A8518E3CE1,MERGED_INTO
VN_ADMIN_PRE_2025,VNAP25-AF4DF85E90,VN_ADMIN_2025,VNA25-97B446AA37,MERGED_INTO
VN_ADMIN_PRE_2025,VNAP25-9C467B5406,VN_ADMIN_2025,VNA25-97B446AA37,MERGED_INTO
VN_ADMIN_PRE_2025,VNAP25-BE8EE86D84,VN_ADMIN_2025,VNA25-D961CE7024,MERGED_INTO
VN_ADMIN_PRE_2025,VNAP25-3DBCE82478,VN_ADMIN_2025,VNA25-D961CE7024,MERGED_INTO
VN_ADMIN_PRE_2025,VNAP25-90BA18CDB0,VN_ADMIN_2025,VNA25-BE48293079,MERGED_INTO
VN_ADMIN_PRE_2025,VNAP25-27A9A39D71,VN_ADMIN_2025,VNA25-270BDCA54D,MERGED_INTO
VN_ADMIN_PRE_2025,VNAP25-C11B2E4EB2,VN_ADMIN_2025,VNA25-270BDCA54D,MERGED_INTO
VN_ADMIN_PRE_2025,VNAP25-9A07575A2B,VN_ADMIN_2025,VNA25-270BDCA54D,MERGED_INTO
VN_ADMIN_PRE_2025,VNAP25-E564E6DACF,VN_ADMIN_2025,VNA25-270BDCA54D,MERGED_INTO
VN_ADMIN_PRE_2025,VNAP25-FAF02C7A96,VN_ADMIN_2025,VNA25-270BDCA54D,MERGED_INTO
VN_ADMIN_PRE_2025,VNAP25-9D93362F53,VN_ADMIN_2025,VNA25-B1628B518D,MERGED_INTO
VN_ADMIN_PRE_2025,VNAP25-0EEBA0B078,VN_ADMIN_2025,VNA25-A31FDC5230,MERGED_INTO
VN_ADMIN_PRE_2025,VNAP25-B4795B4866,VN_ADMIN_2025,VNA25-AB9D21DC59,MERGED_INTO
VN_ADMIN_PRE_2025,VNAP25-271E8B915F,VN_ADMIN_2025,VNA25-8A9E17E760,MERGED_INTO
VN_ADMIN_PRE_2025,VNAP25-5CD6220FD7,VN_ADMIN_2025,VNA25-8A9E17E760,MERGED_INTO
VN_ADMIN_PRE_2025,VNAP25-7A195CF8E7,VN_ADMIN_2025,VNA25-A31FDC5230,MERGED_INTO
VN_ADMIN_PRE_2025,VNAP25-65C216BC76,VN_ADMIN_2025,VNA25-8A9E17E760,MERGED_INTO
VN_ADMIN_PRE_2025,VNAP25-DD1CB0CB8B,VN_ADMIN_2025,VNA25-A31FDC5230,MERGED_INTO
VN_ADMIN_PRE_2025,VNAP25-70774628C7,VN_ADMIN_2025,VNA25-CF577953BC,MERGED_INTO
VN_ADMIN_PRE_2025,VNAP25-4EE5E73CC8,VN_ADMIN_2025,VNA25-AB9D21DC59,MERGED_INTO
VN_ADMIN_PRE_2025,VNAP25-361859F3AD,VN_ADMIN_2025,VNA25-CF577953BC,MERGED_INTO
VN_ADMIN_PRE_2025,VNAP25-77AE52667E,VN_ADMIN_2025,VNA25-B1628B518D,MERGED_INTO
VN_ADMIN_PRE_2025,VNAP25-6CC46A177D,VN_ADMIN_2025,VNA25-8A9E17E760,MERGED_INTO
VN_ADMIN_PRE_2025,VNAP25-12885EF0C2,VN_ADMIN_2025,VNA25-B1628B518D,MERGED_INTO
VN_ADMIN_PRE_2025,VNAP25-B01141AE4A,VN_ADMIN_2025,VNA25-CF577953BC,MERGED_INTO
VN_ADMIN_PRE_2025,VNAP25-00CD905C0F,VN_ADMIN_2025,VNA25-AB9D21DC59,MERGED_INTO
VN_ADMIN_PRE_2025,VNAP25-DC45ED43B2,VN_ADMIN_2025,VNA25-172A3030D6,MERGED_INTO
VN_ADMIN_PRE_2025,VNAP25-1492B8AF66,VN_ADMIN_2025,VNA25-C88DD4F026,MERGED_INTO
VN_ADMIN_PRE_2025,VNAP25-2C55ECAB12,VN_ADMIN_2025,VNA25-C88DD4F026,MERGED_INTO
VN_ADMIN_PRE_2025,VNAP25-323273D200,VN_ADMIN_2025,VNA25-6D18AD6F6C,MERGED_INTO
VN_ADMIN_PRE_2025,VNAP25-A285064217,VN_ADMIN_2025,VNA25-C88DD4F026,MERGED_INTO
VN_ADMIN_PRE_2025,VNAP25-4B5B2AD79F,VN_ADMIN_2025,VNA25-F1B3B1DADE,MERGED_INTO
VN_ADMIN_PRE_2025,VNAP25-4858B53188,VN_ADMIN_2025,VNA25-6D18AD6F6C,MERGED_INTO
VN_ADMIN_PRE_2025,VNAP25-B0445DBED2,VN_ADMIN_2025,VNA25-C88DD4F026,MERGED_INTO
VN_ADMIN_PRE_2025,VNAP25-021D6A1167,VN_ADMIN_2025,VNA25-172A3030D6,MERGED_INTO
VN_ADMIN_PRE_2025,VNAP25-D775E327A8,VN_ADMIN_2025,VNA25-F1B3B1DADE,MERGED_INTO
VN_ADMIN_PRE_2025,VNAP25-423265AE32,VN_ADMIN_2025,VNA25-172A3030D6,MERGED_INTO
VN_ADMIN_PRE_2025,VNAP25-342FBED82E,VN_ADMIN_2025,VNA25-F349454E78,MERGED_INTO
VN_ADMIN_PRE_2025,VNAP25-48F7DE5F75,VN_ADMIN_2025,VNA25-6D18AD6F6C,MERGED_INTO
VN_ADMIN_PRE_2025,VNAP25-5A6CCF3382,VN_ADMIN_2025,VNA25-172A3030D6,MERGED_INTO
VN_ADMIN_PRE_2025,VNAP25-44CC6D9289,VN_ADMIN_2025,VNA25-F349454E78,MERGED_INTO
VN_ADMIN_PRE_2025,VNAP25-000046EF49,VN_ADMIN_2025,VNA25-F1B3B1DADE,MERGED_INTO
VN_ADMIN_PRE_2025,VNAP25-85A08F33A4,VN_ADMIN_2025,VNA25-F349454E78,MERGED_INTO
VN_ADMIN_PRE_2025,VNAP25-163F21BBF3,VN_ADMIN_2025,VNA25-F1B3B1DADE,MERGED_INTO
VN_ADMIN_PRE_2025,VNAP25-42631C4B9C,VN_ADMIN_2025,VNA25-E171E1CD5C,MERGED_INTO
VN_ADMIN_PRE_2025,VNAP25-48585A5D2D,VN_ADMIN_2025,VNA25-E171E1CD5C,MERGED_INTO
VN_ADMIN_PRE_2025,VNAP25-91F6792BBA,VN_ADMIN_2025,VNA25-D864E91241,MERGED_INTO
VN_ADMIN_PRE_2025,VNAP25-95819B873A,VN_ADMIN_2025,VNA25-33B9F47889,MERGED_INTO
VN_ADMIN_PRE_2025,VNAP25-FCC0C36567,VN_ADMIN_2025,VNA25-D864E91241,MERGED_INTO
VN_ADMIN_PRE_2025,VNAP25-ED7CA0EFBF,VN_ADMIN_2025,VNA25-388C15B6BC,MERGED_INTO
VN_ADMIN_PRE_2025,VNAP25-985655D4D9,VN_ADMIN_2025,VNA25-33B9F47889,MERGED_INTO
VN_ADMIN_PRE_2025,VNAP25-6A736CD876,VN_ADMIN_2025,VNA25-388C15B6BC,MERGED_INTO
VN_ADMIN_PRE_2025,VNAP25-29EAEAD077,VN_ADMIN_2025,VNA25-4FE5B113FA,MERGED_INTO
VN_ADMIN_PRE_2025,VNAP25-B7A3B06589,VN_ADMIN_2025,VNA25-93D54881AD,MERGED_INTO
VN_ADMIN_PRE_2025,VNAP25-9CFE25424A,VN_ADMIN_2025,VNA25-93D54881AD,MERGED_INTO
VN_ADMIN_PRE_2025,VNAP25-BDC8077375,VN_ADMIN_2025,VNA25-4FE5B113FA,MERGED_INTO
VN_ADMIN_PRE_2025,VNAP25-5829565BB6,VN_ADMIN_2025,VNA25-93D54881AD,MERGED_INTO
VN_ADMIN_PRE_2025,VNAP25-6276FA6721,VN_ADMIN_2025,VNA25-4FE5B113FA,MERGED_INTO
VN_ADMIN_PRE_2025,VNAP25-E67C8514D3,VN_ADMIN_2025,VNA25-4FE5B113FA,MERGED_INTO
VN_ADMIN_PRE_2025,VNAP25-668DE482BE,VN_ADMIN_2025,VNA25-93D54881AD,MERGED_INTO
VN_ADMIN_PRE_2025,VNAP25-BDCE0491CF,VN_ADMIN_2025,VNA25-796C95E116,MERGED_INTO
VN_ADMIN_PRE_2025,VNAP25-5460415C9A,VN_ADMIN_2025,VNA25-7A078D60EA,MERGED_INTO
VN_ADMIN_PRE_2025,VNAP25-F90ECC4CA1,VN_ADMIN_2025,VNA25-A75ABFC477,MERGED_INTO
VN_ADMIN_PRE_2025,VNAP25-8AA5C8AAE5,VN_ADMIN_2025,VNA25-D34065AF21,MERGED_INTO
VN_ADMIN_PRE_2025,VNAP25-156778EEB2,VN_ADMIN_2025,VNA25-D34065AF21,MERGED_INTO
VN_ADMIN_PRE_2025,VNAP25-5CFE561F1B,VN_ADMIN_2025,VNA25-651204F1F8,MERGED_INTO
VN_ADMIN_PRE_2025,VNAP25-CFFE285D88,VN_ADMIN_2025,VNA25-651204F1F8,MERGED_INTO
VN_ADMIN_PRE_2025,VNAP25-E8D61393AA,VN_ADMIN_2025,VNA25-651204F1F8,MERGED_INTO
VN_ADMIN_PRE_2025,VNAP25-DA3A212F09,VN_ADMIN_2025,VNA25-A75ABFC477,MERGED_INTO
VN_ADMIN_PRE_2025,VNAP25-6EFF534680,VN_ADMIN_2025,VNA25-BEB4F47FC6,SAME_AS
VN_ADMIN_PRE_2025,VNAP25-AF7CB5AD0F,VN_ADMIN_2025,VNA25-796C95E116,MERGED_INTO
VN_ADMIN_PRE_2025,VNAP25-909744A00B,VN_ADMIN_2025,VNA25-7A078D60EA,MERGED_INTO
VN_ADMIN_PRE_2025,VNAP25-9A3A2EF8EE,VN_ADMIN_2025,VNA25-7A078D60EA,MERGED_INTO
VN_ADMIN_PRE_2025,VNAP25-C3FD18D867,VN_ADMIN_2025,VNA25-D3952C90C9,MERGED_INTO
VN_ADMIN_PRE_2025,VNAP25-22C5EDD66D,VN_ADMIN_2025,VNA25-43FAF18652,MERGED_INTO
VN_ADMIN_PRE_2025,VNAP25-72B7355EA0,VN_ADMIN_2025,VNA25-2B6A86383B,MERGED_INTO
VN_ADMIN_PRE_2025,VNAP25-CD5F415F48,VN_ADMIN_2025,VNA25-43FAF18652,MERGED_INTO
VN_ADMIN_PRE_2025,VNAP25-DD071C4DF3,VN_ADMIN_2025,VNA25-9144AC37BD,MERGED_INTO
VN_ADMIN_PRE_2025,VNAP25-F45B63CD5B,VN_ADMIN_2025,VNA25-9144AC37BD,MERGED_INTO
VN_ADMIN_PRE_2025,VNAP25-66B9FFEB37,VN_ADMIN_2025,VNA25-2B6A86383B,MERGED_INTO
VN_ADMIN_PRE_2025,VNAP25-3E8C8EB3ED,VN_ADMIN_2025,VNA25-A75ABFC477,MERGED_INTO
VN_ADMIN_PRE_2025,VNAP25-AD6AC59476,VN_ADMIN_2025,VNA25-D3952C90C9,MERGED_INTO
VN_ADMIN_PRE_2025,VNAP25-096AEC534C,VN_ADMIN_2025,VNA25-D3952C90C9,MERGED_INTO
VN_ADMIN_PRE_2025,VNAP25-414781F05B,VN_ADMIN_2025,VNA25-2B6A86383B,MERGED_INTO
VN_ADMIN_PRE_2025,VNAP25-0C1713BF2B,VN_ADMIN_2025,VNA25-5D585EF644,MERGED_INTO
VN_ADMIN_PRE_2025,VNAP25-A837B65E26,VN_ADMIN_2025,VNA25-2542305CBC,MERGED_INTO
VN_ADMIN_PRE_2025,VNAP25-51319C9AE7,VN_ADMIN_2025,VNA25-5D585EF644,MERGED_INTO
VN_ADMIN_PRE_2025,VNAP25-D70D8F3385,VN_ADMIN_2025,VNA25-6D4AED16FA,MERGED_INTO
VN_ADMIN_PRE_2025,VNAP25-73C81B2E96,VN_ADMIN_2025,VNA25-9720A4B201,SAME_AS
VN_ADMIN_PRE_2025,VNAP25-FBEB9C6A54,VN_ADMIN_2025,VNA25-2542305CBC,MERGED_INTO
VN_ADMIN_PRE_2025,VNAP25-44116C0B40,VN_ADMIN_2025,VNA25-2542305CBC,MERGED_INTO
VN_ADMIN_PRE_2025,VNAP25-63A63BBF04,VN_ADMIN_2025,VNA25-6D4AED16FA,MERGED_INTO
VN_ADMIN_PRE_2025,VNAP25-8B23719B70,VN_ADMIN_2025,VNA25-6D4AED16FA,MERGED_INTO
VN_ADMIN_PRE_2025,VNAP25-79F94AC3D4,VN_ADMIN_2025,VNA25-25A81D4B75,MERGED_INTO
VN_ADMIN_PRE_2025,VNAP25-ABE76CCBF1,VN_ADMIN_2025,VNA25-44AA7DDB2D,MERGED_INTO
VN_ADMIN_PRE_2025,VNAP25-AFA8A8EB6B,VN_ADMIN_2025,VNA25-0B82978D74,MERGED_INTO
VN_ADMIN_PRE_2025,VNAP25-8A618BD30C,VN_ADMIN_2025,VNA25-087C69C3BE,MERGED_INTO
VN_ADMIN_PRE_2025,VNAP25-C0DE817B94,VN_ADMIN_2025,VNA25-087C69C3BE,MERGED_INTO
VN_ADMIN_PRE_2025,VNAP25-28377F3EF0,VN_ADMIN_2025,VNA25-25A81D4B75,MERGED_INTO
VN_ADMIN_PRE_2025,VNAP25-D4B17A5DF3,VN_ADMIN_2025,VNA25-A13B5720B3,MERGED_INTO
VN_ADMIN_PRE_2025,VNAP25-9708F89AA4,VN_ADMIN_2025,VNA25-A13B5720B3,MERGED_INTO
VN_ADMIN_PRE_2025,VNAP25-2C2E8E0E10,VN_ADMIN_2025,VNA25-A13B5720B3,MERGED_INTO
VN_ADMIN_PRE_2025,VNAP25-F7019AC055,VN_ADMIN_2025,VNA25-44AA7DDB2D,MERGED_INTO
VN_ADMIN_PRE_2025,VNAP25-709CA5F64F,VN_ADMIN_2025,VNA25-0B82978D74,MERGED_INTO
VN_ADMIN_PRE_2025,VNAP25-2429BADAA3,VN_ADMIN_2025,VNA25-4C6AD7204C,MERGED_INTO
VN_ADMIN_PRE_2025,VNAP25-A6F055CD00,VN_ADMIN_2025,VNA25-4C6AD7204C,MERGED_INTO
VN_ADMIN_PRE_2025,VNAP25-4E0EA6043E,VN_ADMIN_2025,VNA25-836613EF79,MERGED_INTO
VN_ADMIN_PRE_2025,VNAP25-E4B0A95FDD,VN_ADMIN_2025,VNA25-C9694AB927,MERGED_INTO
VN_ADMIN_PRE_2025,VNAP25-AA57892D58,VN_ADMIN_2025,VNA25-836613EF79,MERGED_INTO
VN_ADMIN_PRE_2025,VNAP25-543C2203DF,VN_ADMIN_2025,VNA25-836613EF79,MERGED_INTO
VN_ADMIN_PRE_2025,VNAP25-387EA7E14A,VN_ADMIN_2025,VNA25-C9694AB927,MERGED_INTO
VN_ADMIN_PRE_2025,VNAP25-610253DE4B,VN_ADMIN_2025,VNA25-4C6AD7204C,MERGED_INTO
VN_ADMIN_PRE_2025,VNAP25-91B86A507B,VN_ADMIN_2025,VNA25-50894E5DCC,MERGED_INTO
VN_ADMIN_PRE_2025,VNAP25-B9DF4280AE,VN_ADMIN_2025,VNA25-25A81D4B75,MERGED_INTO
VN_ADMIN_PRE_2025,VNAP25-61FFCAFC26,VN_ADMIN_2025,VNA25-50894E5DCC,MERGED_INTO
VN_ADMIN_PRE_2025,VNAP25-ECF416DDF9,VN_ADMIN_2025,VNA25-50894E5DCC,MERGED_INTO
VN_ADMIN_PRE_2025,VNAP25-2774709312,VN_ADMIN_2025,VNA25-50894E5DCC,MERGED_INTO
VN_ADMIN_PRE_2025,VNAP25-FA6C4CE781,VN_ADMIN_2025,VNA25-609E921900,MERGED_INTO
VN_ADMIN_PRE_2025,VNAP25-32B9E7B956,VN_ADMIN_2025,VNA25-609E921900,MERGED_INTO
VN_ADMIN_PRE_2025,VNAP25-FD16B568FF,VN_ADMIN_2025,VNA25-609E921900,MERGED_INTO
VN_ADMIN_PRE_2025,VNAP25-5ECFBF71E5,VN_ADMIN_2025,VNA25-609E921900,MERGED_INTO
VN_ADMIN_PRE_2025,VNAP25-7A21E77CA6,VN_ADMIN_2025,VNA25-6045669138,MERGED_INTO
VN_ADMIN_PRE_2025,VNAP25-A78530FD44,VN_ADMIN_2025,VNA25-888B899990,MERGED_INTO
VN_ADMIN_PRE_2025,VNAP25-BEAA308790,VN_ADMIN_2025,VNA25-8FA960D88B,MERGED_INTO
VN_ADMIN_PRE_2025,VNAP25-1879AE5F96,VN_ADMIN_2025,VNA25-8FA960D88B,MERGED_INTO
VN_ADMIN_PRE_2025,VNAP25-7B91938F6F,VN_ADMIN_2025,VNA25-888B899990,MERGED_INTO
VN_ADMIN_PRE_2025,VNAP25-CAD08B1B8A,VN_ADMIN_2025,VNA25-C9694AB927,MERGED_INTO
VN_ADMIN_PRE_2025,VNAP25-BC76B9735D,VN_ADMIN_2025,VNA25-888B899990,MERGED_INTO
VN_ADMIN_PRE_2025,VNAP25-F495F3642E,VN_ADMIN_2025,VNA25-8FA960D88B,MERGED_INTO
VN_ADMIN_PRE_2025,VNAP25-1F6F639E06,VN_ADMIN_2025,VNA25-6045669138,MERGED_INTO
VN_ADMIN_PRE_2025,VNAP25-6B935BDDE6,VN_ADMIN_2025,VNA25-6045669138,MERGED_INTO
VN_ADMIN_PRE_2025,VNAP25-E8D80F0E3B,VN_ADMIN_2025,VNA25-1174572731,MERGED_INTO
VN_ADMIN_PRE_2025,VNAP25-3769D0454E,VN_ADMIN_2025,VNA25-A8236D8DE3,MERGED_INTO
VN_ADMIN_PRE_2025,VNAP25-1732A99112,VN_ADMIN_2025,VNA25-A8236D8DE3,MERGED_INTO
VN_ADMIN_PRE_2025,VNAP25-8FBC8B919B,VN_ADMIN_2025,VNA25-091D6BEFFC,MERGED_INTO
VN_ADMIN_PRE_2025,VNAP25-8C3425A872,VN_ADMIN_2025,VNA25-9A6BA7467C,MERGED_INTO
VN_ADMIN_PRE_2025,VNAP25-F1B6A96B3E,VN_ADMIN_2025,VNA25-B43B56FC7C,MERGED_INTO
VN_ADMIN_PRE_2025,VNAP25-583198A926,VN_ADMIN_2025,VNA25-B43B56FC7C,MERGED_INTO
VN_ADMIN_PRE_2025,VNAP25-2E77D2EA8A,VN_ADMIN_2025,VNA25-1174572731,MERGED_INTO
VN_ADMIN_PRE_2025,VNAP25-4AF129E3DC,VN_ADMIN_2025,VNA25-1174572731,MERGED_INTO
VN_ADMIN_PRE_2025,VNAP25-E8710A9C8E,VN_ADMIN_2025,VNA25-9A6BA7467C,MERGED_INTO
VN_ADMIN_PRE_2025,VNAP25-FD68607FBF,VN_ADMIN_2025,VNA25-091D6BEFFC,MERGED_INTO
VN_ADMIN_PRE_2025,VNAP25-3906AF6C88,VN_ADMIN_2025,VNA25-84B1325663,MERGED_INTO
VN_ADMIN_PRE_2025,VNAP25-19302B8065,VN_ADMIN_2025,VNA25-84B1325663,MERGED_INTO
VN_ADMIN_PRE_2025,VNAP25-AA5780F5AB,VN_ADMIN_2025,VNA25-A0B52CBAB6,MERGED_INTO
VN_ADMIN_PRE_2025,VNAP25-AFB6591D86,VN_ADMIN_2025,VNA25-A0B52CBAB6,MERGED_INTO
VN_ADMIN_PRE_2025,VNAP25-1E6461C54D,VN_ADMIN_2025,VNA25-84B1325663,MERGED_INTO
VN_ADMIN_PRE_2025,VNAP25-3D67733447,VN_ADMIN_2025,VNA25-BEA389162F,SAME_AS
VN_ADMIN_PRE_2025,VNAP25-93426BC8F6,VN_ADMIN_2025,VNA25-F956C5EDF7,SAME_AS
VN_ADMIN_PRE_2025,VNAP25-CF820981A0,VN_ADMIN_2025,VNA25-A0B52CBAB6,MERGED_INTO
VN_ADMIN_PRE_2025,VNAP25-F0B2EB2D2C,VN_ADMIN_2025,VNA25-5D80EA4152,MERGED_INTO
VN_ADMIN_PRE_2025,VNAP25-CA1D7F080F,VN_ADMIN_2025,VNA25-5D80EA4152,MERGED_INTO
VN_ADMIN_PRE_2025,VNAP25-5253B714F3,VN_ADMIN_2025,VNA25-97F2A201FC,MERGED_INTO
VN_ADMIN_PRE_2025,VNAP25-1CA9A55FFC,VN_ADMIN_2025,VNA25-1101B718A2,MERGED_INTO
VN_ADMIN_PRE_2025,VNAP25-BA0A2C3C5B,VN_ADMIN_2025,VNA25-5511F88960,MERGED_INTO
VN_ADMIN_PRE_2025,VNAP25-79B1B0F68A,VN_ADMIN_2025,VNA25-9949C1AB59,MERGED_INTO
VN_ADMIN_PRE_2025,VNAP25-56E5C6DADD,VN_ADMIN_2025,VNA25-861AC0C0BB,MERGED_INTO
VN_ADMIN_PRE_2025,VNAP25-5301BB39D4,VN_ADMIN_2025,VNA25-97F2A201FC,MERGED_INTO
VN_ADMIN_PRE_2025,VNAP25-9FEB8096DB,VN_ADMIN_2025,VNA25-59F989C505,MERGED_INTO
VN_ADMIN_PRE_2025,VNAP25-D9C63DFC97,VN_ADMIN_2025,VNA25-861AC0C0BB,MERGED_INTO
VN_ADMIN_PRE_2025,VNAP25-58B443FE00,VN_ADMIN_2025,VNA25-59F989C505,MERGED_INTO
VN_ADMIN_PRE_2025,VNAP25-476C4400AB,VN_ADMIN_2025,VNA25-5511F88960,MERGED_INTO
VN_ADMIN_PRE_2025,VNAP25-5F226D8198,VN_ADMIN_2025,VNA25-97F2A201FC,MERGED_INTO
VN_ADMIN_PRE_2025,VNAP25-C89E393837,VN_ADMIN_2025,VNA25-1101B718A2,MERGED_INTO
VN_ADMIN_PRE_2025,VNAP25-E28A1761F2,VN_ADMIN_2025,VNA25-97F2A201FC,MERGED_INTO
VN_ADMIN_PRE_2025,VNAP25-49759FD850,VN_ADMIN_2025,VNA25-59F989C505,MERGED_INTO
VN_ADMIN_PRE_2025,VNAP25-8D01B217E9,VN_ADMIN_2025,VNA25-861AC0C0BB,MERGED_INTO
VN_ADMIN_PRE_2025,VNAP25-22C173BD01,VN_ADMIN_2025,VNA25-9949C1AB59,MERGED_INTO
VN_ADMIN_PRE_2025,VNAP25-ECA966FE55,VN_ADMIN_2025,VNA25-6C3A0E2446,MERGED_INTO
VN_ADMIN_PRE_2025,VNAP25-A6E8A0A6C0,VN_ADMIN_2025,VNA25-B0B920CFB1,MERGED_INTO
VN_ADMIN_PRE_2025,VNAP25-F5CE9DC205,VN_ADMIN_2025,VNA25-D63E339F1F,MERGED_INTO
VN_ADMIN_PRE_2025,VNAP25-1CB9625CE5,VN_ADMIN_2025,VNA25-6C3A0E2446,MERGED_INTO
VN_ADMIN_PRE_2025,VNAP25-D04C3B5997,VN_ADMIN_2025,VNA25-6C3A0E2446,MERGED_INTO
VN_ADMIN_PRE_2025,VNAP25-77BBD3359F,VN_ADMIN_2025,VNA25-FBACED7AFC,MERGED_INTO
VN_ADMIN_PRE_2025,VNAP25-E5F2DFF649,VN_ADMIN_2025,VNA25-6C3A0E2446,MERGED_INTO
VN_ADMIN_PRE_2025,VNAP25-C766975C21,VN_ADMIN_2025,VNA25-B84B698D21,MERGED_INTO
VN_ADMIN_PRE_2025,VNAP25-E58746BB4F,VN_ADMIN_2025,VNA25-76F184C6F8,MERGED_INTO
VN_ADMIN_PRE_2025,VNAP25-E8AB2E8952,VN_ADMIN_2025,VNA25-B0B920CFB1,MERGED_INTO
VN_ADMIN_PRE_2025,VNAP25-490AD3AA11,VN_ADMIN_2025,VNA25-6C3A0E2446,MERGED_INTO
VN_ADMIN_PRE_2025,VNAP25-7EFE2A3647,VN_ADMIN_2025,VNA25-95A50FC2CE,MERGED_INTO
VN_ADMIN_PRE_2025,VNAP25-05EB1DAC86,VN_ADMIN_2025,VNA25-95A50FC2CE,MERGED_INTO
VN_ADMIN_PRE_2025,VNAP25-4996F1BEC5,VN_ADMIN_2025,VNA25-95A50FC2CE,MERGED_INTO
VN_ADMIN_PRE_2025,VNAP25-9D7252B959,VN_ADMIN_2025,VNA25-B84B698D21,MERGED_INTO
VN_ADMIN_PRE_2025,VNAP25-14D48D326C,VN_ADMIN_2025,VNA25-B84B698D21,MERGED_INTO
VN_ADMIN_PRE_2025,VNAP25-339E4F0DC1,VN_ADMIN_2025,VNA25-D63E339F1F,MERGED_INTO
VN_ADMIN_PRE_2025,VNAP25-82CC5B1BE1,VN_ADMIN_2025,VNA25-FBACED7AFC,MERGED_INTO
VN_ADMIN_PRE_2025,VNAP25-0B128EA261,VN_ADMIN_2025,VNA25-6811806E9D,MERGED_INTO
VN_ADMIN_PRE_2025,VNAP25-DC5097EF3D,VN_ADMIN_2025,VNA25-76F184C6F8,MERGED_INTO
VN_ADMIN_PRE_2025,VNAP25-95E8AFE4C9,VN_ADMIN_2025,VNA25-FBACED7AFC,MERGED_INTO
VN_ADMIN_PRE_2025,VNAP25-2BC87187C7,VN_ADMIN_2025,VNA25-6811806E9D,MERGED_INTO
VN_ADMIN_PRE_2025,VNAP25-0270E2106F,VN_ADMIN_2025,VNA25-C710B567CB,MERGED_INTO
VN_ADMIN_PRE_2025,VNAP25-0840A2F708,VN_ADMIN_2025,VNA25-9718DAA2A7,MERGED_INTO
VN_ADMIN_PRE_2025,VNAP25-47FBED4622,VN_ADMIN_2025,VNA25-8B52146B29,MERGED_INTO
VN_ADMIN_PRE_2025,VNAP25-1BE977CB47,VN_ADMIN_2025,VNA25-F031E1B390,MERGED_INTO
VN_ADMIN_PRE_2025,VNAP25-E1BB9EB4A7,VN_ADMIN_2025,VNA25-553282AF56,MERGED_INTO
VN_ADMIN_PRE_2025,VNAP25-70636D2844,VN_ADMIN_2025,VNA25-C006806F3A,MERGED_INTO
VN_ADMIN_PRE_2025,VNAP25-CE92F2F1F4,VN_ADMIN_2025,VNA25-9718DAA2A7,MERGED_INTO
VN_ADMIN_PRE_2025,VNAP25-4B88246888,VN_ADMIN_2025,VNA25-F96F4CC842,MERGED_INTO
VN_ADMIN_PRE_2025,VNAP25-2A5146715A,VN_ADMIN_2025,VNA25-F031E1B390,MERGED_INTO
VN_ADMIN_PRE_2025,VNAP25-3C00416A78,VN_ADMIN_2025,VNA25-8B52146B29,MERGED_INTO
VN_ADMIN_PRE_2025,VNAP25-EEEDFC3F73,VN_ADMIN_2025,VNA25-F96F4CC842,MERGED_INTO
VN_ADMIN_PRE_2025,VNAP25-740BABF0C6,VN_ADMIN_2025,VNA25-8B52146B29,SPLIT_INTO
VN_ADMIN_PRE_2025,VNAP25-740BABF0C6,VN_ADMIN_2025,VNA25-F031E1B390,SPLIT_INTO
VN_ADMIN_PRE_2025,VNAP25-B8F122B9F8,VN_ADMIN_2025,VNA25-2ED764BD24,SAME_AS
VN_ADMIN_PRE_2025,VNAP25-B29D14E105,VN_ADMIN_2025,VNA25-C006806F3A,SPLIT_INTO
VN_ADMIN_PRE_2025,VNAP25-B29D14E105,VN_ADMIN_2025,VNA25-C710B567CB,SPLIT_INTO
VN_ADMIN_PRE_2025,VNAP25-3E5C0F5955,VN_ADMIN_2025,VNA25-C006806F3A,SPLIT_INTO
VN_ADMIN_PRE_2025,VNAP25-3E5C0F5955,VN_ADMIN_2025,VNA25-C710B567CB,SPLIT_INTO
VN_ADMIN_PRE_2025,VNAP25-4CCE7573F8,VN_ADMIN_2025,VNA25-A80E3CE0AC,MERGED_INTO
VN_ADMIN_PRE_2025,VNAP25-8D8EFF3395,VN_ADMIN_2025,VNA25-A80E3CE0AC,MERGED_INTO
VN_ADMIN_PRE_2025,VNAP25-6B33105407,VN_ADMIN_2025,VNA25-A80E3CE0AC,MERGED_INTO
VN_ADMIN_PRE_2025,VNAP25-3FDDE8C42A,VN_ADMIN_2025,VNA25-F7A7DD97B2,MERGED_INTO
VN_ADMIN_PRE_2025,VNAP25-968E298E3F,VN_ADMIN_2025,VNA25-5161891428,MERGED_INTO
VN_ADMIN_PRE_2025,VNAP25-0C69354935,VN_ADMIN_2025,VNA25-5161891428,MERGED_INTO
VN_ADMIN_PRE_2025,VNAP25-133097DC9A,VN_ADMIN_2025,VNA25-F7A7DD97B2,MERGED_INTO
VN_ADMIN_PRE_2025,VNAP25-9BF6C72689,VN_ADMIN_2025,VNA25-5161891428,MERGED_INTO
VN_ADMIN_PRE_2025,VNAP25-B50545E1BD,VN_ADMIN_2025,VNA25-783AA52650,MERGED_INTO
VN_ADMIN_PRE_2025,VNAP25-80304E97C7,VN_ADMIN_2025,VNA25-783AA52650,MERGED_INTO
VN_ADMIN_PRE_2025,VNAP25-3F88B1D4A1,VN_ADMIN_2025,VNA25-5161891428,MERGED_INTO
VN_ADMIN_PRE_2025,VNAP25-C9378A2E4C,VN_ADMIN_2025,VNA25-F7A7DD97B2,MERGED_INTO
VN_ADMIN_PRE_2025,VNAP25-835645D2AF,VN_ADMIN_2025,VNA25-5161891428,MERGED_INTO
VN_ADMIN_PRE_2025,VNAP25-DFE98D41C9,VN_ADMIN_2025,VNA25-89C2A0BBDF,SAME_AS
VN_ADMIN_PRE_2025,VNAP25-8F7FFC0395,VN_ADMIN_2025,VNA25-5161891428,MERGED_INTO
VN_ADMIN_PRE_2025,VNAP25-E73AFCAD39,VN_ADMIN_2025,VNA25-783AA52650,MERGED_INTO
VN_ADMIN_PRE_2025,VNAP25-346F1D26BF,VN_ADMIN_2025,VNA25-6BE2B84D20,MERGED_INTO
VN_ADMIN_PRE_2025,VNAP25-6E87998C96,VN_ADMIN_2025,VNA25-19A8CDE320,MERGED_INTO
VN_ADMIN_PRE_2025,VNAP25-F044759136,VN_ADMIN_2025,VNA25-D1103D6A6C,MERGED_INTO
VN_ADMIN_PRE_2025,VNAP25-ECBFB69267,VN_ADMIN_2025,VNA25-1FAA0828B2,MERGED_INTO
VN_ADMIN_PRE_2025,VNAP25-F85B7AD8BB,VN_ADMIN_2025,VNA25-1FAA0828B2,MERGED_INTO
VN_ADMIN_PRE_2025,VNAP25-039C45BD90,VN_ADMIN_2025,VNA25-1FAA0828B2,MERGED_INTO
VN_ADMIN_PRE_2025,VNAP25-F01AE0E2F1,VN_ADMIN_2025,VNA25-1FAA0828B2,MERGED_INTO
VN_ADMIN_PRE_2025,VNAP25-095F94209F,VN_ADMIN_2025,VNA25-19A8CDE320,MERGED_INTO
VN_ADMIN_PRE_2025,VNAP25-A9EDFFDD9D,VN_ADMIN_2025,VNA25-4436337E75,MERGED_INTO
VN_ADMIN_PRE_2025,VNAP25-0CFA047816,VN_ADMIN_2025,VNA25-7B09AAB74C,MERGED_INTO
VN_ADMIN_PRE_2025,VNAP25-1A2C21E03D,VN_ADMIN_2025,VNA25-4436337E75,MERGED_INTO
VN_ADMIN_PRE_2025,VNAP25-1397A6BE67,VN_ADMIN_2025,VNA25-4436337E75,MERGED_INTO
VN_ADMIN_PRE_2025,VNAP25-4E308BB3E0,VN_ADMIN_2025,VNA25-7B09AAB74C,MERGED_INTO
VN_ADMIN_PRE_2025,VNAP25-6E46741050,VN_ADMIN_2025,VNA25-6BE2B84D20,MERGED_INTO
VN_ADMIN_PRE_2025,VNAP25-C6272465F6,VN_ADMIN_2025,VNA25-1FAA0828B2,MERGED_INTO
VN_ADMIN_PRE_2025,VNAP25-70CCF8884A,VN_ADMIN_2025,VNA25-D1103D6A6C,MERGED_INTO
VN_ADMIN_PRE_2025,VNAP25-01FF37845D,VN_ADMIN_2025,VNA25-D1103D6A6C,MERGED_INTO
VN_ADMIN_PRE_2025,VNAP25-41E6363714,VN_ADMIN_2025,VNA25-7B09AAB74C,MERGED_INTO
VN_ADMIN_PRE_2025,VNAP25-1EE4BDF559,VN_ADMIN_2025,VNA25-6BE2B84D20,MERGED_INTO
VN_ADMIN_PRE_2025,VNAP25-81155DCA3C,VN_ADMIN_2025,VNA25-93E66256EB,MERGED_INTO
VN_ADMIN_PRE_2025,VNAP25-70FF71B7AE,VN_ADMIN_2025,VNA25-93E66256EB,MERGED_INTO
VN_ADMIN_PRE_2025,VNAP25-78A39E2C08,VN_ADMIN_2025,VNA25-D1103D6A6C,MERGED_INTO
VN_ADMIN_PRE_2025,VNAP25-4F8E2C906A,VN_ADMIN_2025,VNA25-93E66256EB,MERGED_INTO
VN_ADMIN_PRE_2025,VNAP25-1DA96DA3A5,VN_ADMIN_2025,VNA25-93E66256EB,MERGED_INTO
VN_ADMIN_PRE_2025,VNAP25-C8D1D62409,VN_ADMIN_2025,VNA25-2F60B73B19,MERGED_INTO
VN_ADMIN_PRE_2025,VNAP25-3AAE6FD457,VN_ADMIN_2025,VNA25-8D3CEB361C,MERGED_INTO
VN_ADMIN_PRE_2025,VNAP25-890E494CB4,VN_ADMIN_2025,VNA25-2F60B73B19,MERGED_INTO
VN_ADMIN_PRE_2025,VNAP25-0C32E226BA,VN_ADMIN_2025,VNA25-8D3CEB361C,MERGED_INTO
VN_ADMIN_PRE_2025,VNAP25-55E1FC3F7F,VN_ADMIN_2025,VNA25-8D3CEB361C,MERGED_INTO
VN_ADMIN_PRE_2025,VNAP25-40E3CF576B,VN_ADMIN_2025,VNA25-2F60B73B19,MERGED_INTO
VN_ADMIN_PRE_2025,VNAP25-5D4883D11B,VN_ADMIN_2025,VNA25-8D3CEB361C,MERGED_INTO
VN_ADMIN_PRE_2025,VNAP25-B1C78987AE,VN_ADMIN_2025,VNA25-D1A082867B,MERGED_INTO
VN_ADMIN_PRE_2025,VNAP25-315964FBB8,VN_ADMIN_2025,VNA25-68E3D86159,MERGED_INTO
VN_ADMIN_PRE_2025,VNAP25-22C6BFA8FB,VN_ADMIN_2025,VNA25-68E3D86159,MERGED_INTO
VN_ADMIN_PRE_2025,VNAP25-27EC901C5A,VN_ADMIN_2025,VNA25-D1A082867B,MERGED_INTO
VN_ADMIN_PRE_2025,VNAP25-F1EF289F58,VN_ADMIN_2025,VNA25-991E522FD4,MERGED_INTO
VN_ADMIN_PRE_2025,VNAP25-1915DC8810,VN_ADMIN_2025,VNA25-C9BBB5B115,MERGED_INTO
VN_ADMIN_PRE_2025,VNAP25-42E0A99AD0,VN_ADMIN_2025,VNA25-C9BBB5B115,MERGED_INTO
VN_ADMIN_PRE_2025,VNAP25-C2C6F73FBE,VN_ADMIN_2025,VNA25-991E522FD4,MERGED_INTO
VN_ADMIN_PRE_2025,VNAP25-ABCB642EAE,VN_ADMIN_2025,VNA25-4850DBE9AA,MERGED_INTO
VN_ADMIN_PRE_2025,VNAP25-46A74EDDF5,VN_ADMIN_2025,VNA25-EE73247474,MERGED_INTO
VN_ADMIN_PRE_2025,VNAP25-81CDD2AD96,VN_ADMIN_2025,VNA25-EE73247474,MERGED_INTO
VN_ADMIN_PRE_2025,VNAP25-8D313F1795,VN_ADMIN_2025,VNA25-991E522FD4,MERGED_INTO
VN_ADMIN_PRE_2025,VNAP25-758E728096,VN_ADMIN_2025,VNA25-C9BBB5B115,MERGED_INTO
VN_ADMIN_PRE_2025,VNAP25-C480652697,VN_ADMIN_2025,VNA25-4850DBE9AA,MERGED_INTO
VN_ADMIN_PRE_2025,VNAP25-8B272B3207,VN_ADMIN_2025,VNA25-4850DBE9AA,MERGED_INTO
VN_ADMIN_PRE_2025,VNAP25-E814ADE96B,VN_ADMIN_2025,VNA25-4850DBE9AA,MERGED_INTO
VN_ADMIN_PRE_2025,VNAP25-8FCCB1CF29,VN_ADMIN_2025,VNA25-0DF631E062,MERGED_INTO
VN_ADMIN_PRE_2025,VNAP25-845091632C,VN_ADMIN_2025,VNA25-46B586406A,MERGED_INTO
VN_ADMIN_PRE_2025,VNAP25-425DE627FB,VN_ADMIN_2025,VNA25-0DF631E062,MERGED_INTO
VN_ADMIN_PRE_2025,VNAP25-1D1BEF55FF,VN_ADMIN_2025,VNA25-15962D705E,MERGED_INTO
VN_ADMIN_PRE_2025,VNAP25-919CD4AEA2,VN_ADMIN_2025,VNA25-74ABC7FDBB,MERGED_INTO
VN_ADMIN_PRE_2025,VNAP25-5D8C7FEA80,VN_ADMIN_2025,VNA25-77C31B2599,MERGED_INTO
VN_ADMIN_PRE_2025,VNAP25-E940BF7B67,VN_ADMIN_2025,VNA25-A75174DF0D,MERGED_INTO
VN_ADMIN_PRE_2025,VNAP25-1BEA98BE99,VN_ADMIN_2025,VNA25-22B8954F4F,MERGED_INTO
VN_ADMIN_PRE_2025,VNAP25-973F93DD93,VN_ADMIN_2025,VNA25-0BA3332028,MERGED_INTO
VN_ADMIN_PRE_2025,VNAP25-F9ECAC5921,VN_ADMIN_2025,VNA25-15962D705E,MERGED_INTO
VN_ADMIN_PRE_2025,VNAP25-5E44FF8E60,VN_ADMIN_2025,VNA25-46B586406A,MERGED_INTO
VN_ADMIN_PRE_2025,VNAP25-119859295F,VN_ADMIN_2025,VNA25-22B8954F4F,MERGED_INTO
VN_ADMIN_PRE_2025,VNAP25-B82DFC335E,VN_ADMIN_2025,VNA25-74ABC7FDBB,MERGED_INTO
VN_ADMIN_PRE_2025,VNAP25-694E59C23B,VN_ADMIN_2025,VNA25-DB2A5E35A4,MERGED_INTO
VN_ADMIN_PRE_2025,VNAP25-E0B46D7242,VN_ADMIN_2025,VNA25-0BA3332028,MERGED_INTO
VN_ADMIN_PRE_2025,VNAP25-5101CEA88D,VN_ADMIN_2025,VNA25-77C31B2599,MERGED_INTO
VN_ADMIN_PRE_2025,VNAP25-E4C8865F0F,VN_ADMIN_2025,VNA25-0DF631E062,MERGED_INTO
VN_ADMIN_PRE_2025,VNAP25-BF558787F9,VN_ADMIN_2025,VNA25-DB2A5E35A4,MERGED_INTO
VN_ADMIN_PRE_2025,VNAP25-ADA2C43FA7,VN_ADMIN_2025,VNA25-A75174DF0D,MERGED_INTO
VN_ADMIN_PRE_2025,VNAP25-D9F4BBBB82,VN_ADMIN_2025,VNA25-7C67AC9995,MERGED_INTO
VN_ADMIN_PRE_2025,VNAP25-5B39B9FE38,VN_ADMIN_2025,VNA25-82BF1918E2,SAME_AS
VN_ADMIN_PRE_2025,VNAP25-F6D1E325C3,VN_ADMIN_2025,VNA25-3B188FA08E,SAME_AS
VN_ADMIN_PRE_2025,VNAP25-2BBCD855A8,VN_ADMIN_2025,VNA25-9433091E9A,MERGED_INTO
VN_ADMIN_PRE_2025,VNAP25-30C186BE4B,VN_ADMIN_2025,VNA25-9433091E9A,MERGED_INTO
VN_ADMIN_PRE_2025,VNAP25-6B3099759A,VN_ADMIN_2025,VNA25-7C67AC9995,MERGED_INTO
VN_ADMIN_PRE_2025,VNAP25-A66C567B22,VN_ADMIN_2025,VNA25-7C67AC9995,MERGED_INTO
VN_ADMIN_PRE_2025,VNAP25-618FD09CF2,VN_ADMIN_2025,VNA25-9433091E9A,MERGED_INTO
VN_ADMIN_PRE_2025,VNAP25-7AFCD59FF1,VN_ADMIN_2025,VNA25-3CB08A5FE3,MERGED_INTO
VN_ADMIN_PRE_2025,VNAP25-86FC81AFC5,VN_ADMIN_2025,VNA25-F14F0EF6F2,MERGED_INTO
VN_ADMIN_PRE_2025,VNAP25-8FB4C215FC,VN_ADMIN_2025,VNA25-3CB08A5FE3,MERGED_INTO
VN_ADMIN_PRE_2025,VNAP25-CA54CC840E,VN_ADMIN_2025,VNA25-DA9E31758B,MERGED_INTO
VN_ADMIN_PRE_2025,VNAP25-46373ADB18,VN_ADMIN_2025,VNA25-B957B8ACEC,MERGED_INTO
VN_ADMIN_PRE_2025,VNAP25-1D2A69580B,VN_ADMIN_2025,VNA25-B957B8ACEC,MERGED_INTO
VN_ADMIN_PRE_2025,VNAP25-678767196D,VN_ADMIN_2025,VNA25-C8520E9731,MERGED_INTO
VN_ADMIN_PRE_2025,VNAP25-4319203BA6,VN_ADMIN_2025,VNA25-1DA5E294D5,MERGED_INTO
VN_ADMIN_PRE_2025,VNAP25-2321B97E93,VN_ADMIN_2025,VNA25-1FB54F4D0C,MERGED_INTO
VN_ADMIN_PRE_2025,VNAP25-6601E57B93,VN_ADMIN_2025,VNA25-1FB54F4D0C,MERGED_INTO
VN_ADMIN_PRE_2025,VNAP25-22CED36952,VN_ADMIN_2025,VNA25-ABCB4E4DF1,MERGED_INTO
VN_ADMIN_PRE_2025,VNAP25-024B2E6197,VN_ADMIN_2025,VNA25-F14F0EF6F2,MERGED_INTO
VN_ADMIN_PRE_2025,VNAP25-DB79A58819,VN_ADMIN_2025,VNA25-ABCB4E4DF1,MERGED_INTO
VN_ADMIN_PRE_2025,VNAP25-ADF8BE8666,VN_ADMIN_2025,VNA25-3CB08A5FE3,MERGED_INTO
VN_ADMIN_PRE_2025,VNAP25-B4515E8D2D,VN_ADMIN_2025,VNA25-5662EF4120,SAME_AS
VN_ADMIN_PRE_2025,VNAP25-7B17F195EC,VN_ADMIN_2025,VNA25-3D37B6BEEA,MERGED_INTO
VN_ADMIN_PRE_2025,VNAP25-575F7E6730,VN_ADMIN_2025,VNA25-F14F0EF6F2,MERGED_INTO
VN_ADMIN_PRE_2025,VNAP25-4BAA83CC54,VN_ADMIN_2025,VNA25-DA9E31758B,MERGED_INTO
VN_ADMIN_PRE_2025,VNAP25-2C1FE2F81C,VN_ADMIN_2025,VNA25-B957B8ACEC,MERGED_INTO
VN_ADMIN_PRE_2025,VNAP25-619791FE0F,VN_ADMIN_2025,VNA25-1FB54F4D0C,MERGED_INTO
VN_ADMIN_PRE_2025,VNAP25-F029F60483,VN_ADMIN_2025,VNA25-1DA5E294D5,MERGED_INTO
VN_ADMIN_PRE_2025,VNAP25-54D02B3AA8,VN_ADMIN_2025,VNA25-3D37B6BEEA,MERGED_INTO
VN_ADMIN_PRE_2025,VNAP25-0319E19DB1,VN_ADMIN_2025,VNA25-C8520E9731,MERGED_INTO
VN_ADMIN_PRE_2025,VNAP25-3CA45DE8D0,VN_ADMIN_2025,VNA25-DA9E31758B,MERGED_INTO
VN_ADMIN_PRE_2025,VNAP25-0AAE405920,VN_ADMIN_2025,VNA25-C8520E9731,MERGED_INTO
VN_ADMIN_PRE_2025,VNAP25-1D9BF1A735,VN_ADMIN_2025,VNA25-C8520E9731,MERGED_INTO
VN_ADMIN_PRE_2025,VNAP25-1A01B1E572,VN_ADMIN_2025,VNA25-B957B8ACEC,MERGED_INTO
VN_ADMIN_PRE_2025,VNAP25-A8C81F6705,VN_ADMIN_2025,VNA25-C8520E9731,MERGED_INTO
VN_ADMIN_PRE_2025,VNAP25-0521BB5C0E,VN_ADMIN_2025,VNA25-FD29AC3AEC,MERGED_INTO
VN_ADMIN_PRE_2025,VNAP25-51623A6A8D,VN_ADMIN_2025,VNA25-553282AF56,MERGED_INTO
VN_ADMIN_PRE_2025,VNAP25-41903E7EF9,VN_ADMIN_2025,VNA25-D21797E070,MERGED_INTO
VN_ADMIN_PRE_2025,VNAP25-73D4AEA29A,VN_ADMIN_2025,VNA25-9A08FD3C82,MERGED_INTO
VN_ADMIN_PRE_2025,VNAP25-BEC8378878,VN_ADMIN_2025,VNA25-D21797E070,MERGED_INTO
VN_ADMIN_PRE_2025,VNAP25-5B8F25F04A,VN_ADMIN_2025,VNA25-D21797E070,MERGED_INTO
VN_ADMIN_PRE_2025,VNAP25-93047EEB05,VN_ADMIN_2025,VNA25-9A08FD3C82,MERGED_INTO
VN_ADMIN_PRE_2025,VNAP25-217FA37A97,VN_ADMIN_2025,VNA25-9A08FD3C82,MERGED_INTO
VN_ADMIN_PRE_2025,VNAP25-3D63B26F19,VN_ADMIN_2025,VNA25-9A08FD3C82,MERGED_INTO
VN_ADMIN_PRE_2025,VNAP25-1FD07B242C,VN_ADMIN_2025,VNA25-FD29AC3AEC,MERGED_INTO
VN_ADMIN_PRE_2025,VNAP25-613121E710,VN_ADMIN_2025,VNA25-11569EF4A0,MERGED_INTO
VN_ADMIN_PRE_2025,VNAP25-14575BD5BB,VN_ADMIN_2025,VNA25-FD29AC3AEC,MERGED_INTO
VN_ADMIN_PRE_2025,VNAP25-318479C114,VN_ADMIN_2025,VNA25-D21797E070,MERGED_INTO
VN_ADMIN_PRE_2025,VNAP25-6DF30FB294,VN_ADMIN_2025,VNA25-11569EF4A0,MERGED_INTO
VN_ADMIN_PRE_2025,VNAP25-45B692D79F,VN_ADMIN_2025,VNA25-46A3EB5BB2,MERGED_INTO
VN_ADMIN_PRE_2025,VNAP25-14FE048BC2,VN_ADMIN_2025,VNA25-667E27FE05,MERGED_INTO
VN_ADMIN_PRE_2025,VNAP25-1527EA11DA,VN_ADMIN_2025,VNA25-46A3EB5BB2,MERGED_INTO
VN_ADMIN_PRE_2025,VNAP25-88DAD90599,VN_ADMIN_2025,VNA25-AC83EFF165,MERGED_INTO
VN_ADMIN_PRE_2025,VNAP25-480FC2E496,VN_ADMIN_2025,VNA25-46A3EB5BB2,MERGED_INTO
VN_ADMIN_PRE_2025,VNAP25-34AF0AFD0F,VN_ADMIN_2025,VNA25-46A3EB5BB2,MERGED_INTO
VN_ADMIN_PRE_2025,VNAP25-5FE9D1881E,VN_ADMIN_2025,VNA25-6A570E853D,MERGED_INTO
VN_ADMIN_PRE_2025,VNAP25-6974EF212D,VN_ADMIN_2025,VNA25-6A570E853D,MERGED_INTO
VN_ADMIN_PRE_2025,VNAP25-65317AEA4F,VN_ADMIN_2025,VNA25-667E27FE05,MERGED_INTO
VN_ADMIN_PRE_2025,VNAP25-362DA04FB2,VN_ADMIN_2025,VNA25-CFB7FE7A46,SAME_AS
VN_ADMIN_PRE_2025,VNAP25-3AF4FAC654,VN_ADMIN_2025,VNA25-46A3EB5BB2,MERGED_INTO
VN_ADMIN_PRE_2025,VNAP25-D7E197E7CC,VN_ADMIN_2025,VNA25-667E27FE05,MERGED_INTO
VN_ADMIN_PRE_2025,VNAP25-AD9C4B2048,VN_ADMIN_2025,VNA25-46A3EB5BB2,MERGED_INTO
VN_ADMIN_PRE_2025,VNAP25-905818D073,VN_ADMIN_2025,VNA25-AC83EFF165,MERGED_INTO
VN_ADMIN_PRE_2025,VNAP25-3951C7018B,VN_ADMIN_2025,VNA25-B144A7036C,MERGED_INTO
VN_ADMIN_PRE_2025,VNAP25-D041616AE8,VN_ADMIN_2025,VNA25-B144A7036C,MERGED_INTO
VN_ADMIN_PRE_2025,VNAP25-CE3C115902,VN_ADMIN_2025,VNA25-B144A7036C,MERGED_INTO
VN_ADMIN_PRE_2025,VNAP25-201595A8B6,VN_ADMIN_2025,VNA25-E1165DB157,MERGED_INTO
VN_ADMIN_PRE_2025,VNAP25-F6037453A4,VN_ADMIN_2025,VNA25-3FAEE98D54,MERGED_INTO
VN_ADMIN_PRE_2025,VNAP25-F5573E2E24,VN_ADMIN_2025,VNA25-3FAEE98D54,MERGED_INTO
VN_ADMIN_PRE_2025,VNAP25-E05DC32469,VN_ADMIN_2025,VNA25-E1165DB157,MERGED_INTO
VN_ADMIN_PRE_2025,VNAP25-257C91B840,VN_ADMIN_2025,VNA25-3FAEE98D54,MERGED_INTO
VN_ADMIN_PRE_2025,VNAP25-DB733FA5E0,VN_ADMIN_2025,VNA25-B144A7036C,MERGED_INTO
VN_ADMIN_PRE_2025,VNAP25-F6052DD84F,VN_ADMIN_2025,VNA25-C5AED22D20,MERGED_INTO
VN_ADMIN_PRE_2025,VNAP25-55020C20EA,VN_ADMIN_2025,VNA25-9125A7EB6A,MERGED_INTO
VN_ADMIN_PRE_2025,VNAP25-6F01B70BF9,VN_ADMIN_2025,VNA25-224D7AD181,MERGED_INTO
VN_ADMIN_PRE_2025,VNAP25-F0DFFA8854,VN_ADMIN_2025,VNA25-C5AED22D20,MERGED_INTO
VN_ADMIN_PRE_2025,VNAP25-AAE7AC9095,VN_ADMIN_2025,VNA25-C5AED22D20,MERGED_INTO
VN_ADMIN_PRE_2025,VNAP25-C29265BA0C,VN_ADMIN_2025,VNA25-9125A7EB6A,MERGED_INTO
VN_ADMIN_PRE_2025,VNAP25-5A50FCE88D,VN_ADMIN_2025,VNA25-224D7AD181,MERGED_INTO
VN_ADMIN_PRE_2025,VNAP25-A460508B03,VN_ADMIN_2025,VNA25-224D7AD181,MERGED_INTO
VN_ADMIN_PRE_2025,VNAP25-F4A5A70005,VN_ADMIN_2025,VNA25-E1165DB157,MERGED_INTO
VN_ADMIN_PRE_2025,VNAP25-0754C922F2,VN_ADMIN_2025,VNA25-8C403BD988,MERGED_INTO
VN_ADMIN_PRE_2025,VNAP25-221FC1A07B,VN_ADMIN_2025,VNA25-EA2E11B0AC,MERGED_INTO
VN_ADMIN_PRE_2025,VNAP25-6E8EC3A3C5,VN_ADMIN_2025,VNA25-C5AED22D20,MERGED_INTO
VN_ADMIN_PRE_2025,VNAP25-25E7AAE227,VN_ADMIN_2025,VNA25-299B615C63,MERGED_INTO
VN_ADMIN_PRE_2025,VNAP25-06C7C1BF5C,VN_ADMIN_2025,VNA25-8C403BD988,MERGED_INTO
VN_ADMIN_PRE_2025,VNAP25-454727E29A,VN_ADMIN_2025,VNA25-9125A7EB6A,MERGED_INTO
VN_ADMIN_PRE_2025,VNAP25-489DFCF050,VN_ADMIN_2025,VNA25-D09DB27BA9,MERGED_INTO
VN_ADMIN_PRE_2025,VNAP25-6AC0FB52D0,VN_ADMIN_2025,VNA25-AF5AD2E00D,MERGED_INTO
VN_ADMIN_PRE_2025,VNAP25-2B3311EAE9,VN_ADMIN_2025,VNA25-39632DB8E8,MERGED_INTO
VN_ADMIN_PRE_2025,VNAP25-5FB70B1932,VN_ADMIN_2025,VNA25-39632DB8E8,SPLIT_INTO
VN_ADMIN_PRE_2025,VNAP25-5FB70B1932,VN_ADMIN_2025,VNA25-D09DB27BA9,SPLIT_INTO
VN_ADMIN_PRE_2025,VNAP25-AE90B932BC,VN_ADMIN_2025,VNA25-31FB031E69,MERGED_INTO
VN_ADMIN_PRE_2025,VNAP25-0D39B4361E,VN_ADMIN_2025,VNA25-AF5AD2E00D,MERGED_INTO
VN_ADMIN_PRE_2025,VNAP25-38917FC796,VN_ADMIN_2025,VNA25-31FB031E69,MERGED_INTO
VN_ADMIN_PRE_2025,VNAP25-0D911A5B09,VN_ADMIN_2025,VNA25-31FB031E69,SPLIT_INTO
VN_ADMIN_PRE_2025,VNAP25-0D911A5B09,VN_ADMIN_2025,VNA25-AF5AD2E00D,SPLIT_INTO
VN_ADMIN_PRE_2025,VNAP25-91E2C0C19D,VN_ADMIN_2025,VNA25-39632DB8E8,MERGED_INTO
VN_ADMIN_PRE_2025,VNAP25-9D7AD0FBCC,VN_ADMIN_2025,VNA25-31FB031E69,MERGED_INTO
VN_ADMIN_PRE_2025,VNAP25-0A3CE12363,VN_ADMIN_2025,VNA25-76B0633259,MERGED_INTO
VN_ADMIN_PRE_2025,VNAP25-18A41B1479,VN_ADMIN_2025,VNA25-76B0633259,MERGED_INTO
VN_ADMIN_PRE_2025,VNAP25-D4478F27A0,VN_ADMIN_2025,VNA25-49EDD64872,MERGED_INTO
VN_ADMIN_PRE_2025,VNAP25-475B1CFC02,VN_ADMIN_2025,VNA25-3B8BACBDAF,MERGED_INTO
VN_ADMIN_PRE_2025,VNAP25-B65B6811D2,VN_ADMIN_2025,VNA25-D036BF3AC0,MERGED_INTO
VN_ADMIN_PRE_2025,VNAP25-FA3A6F3F79,VN_ADMIN_2025,VNA25-93F11838ED,MERGED_INTO
VN_ADMIN_PRE_2025,VNAP25-403E2505BE,VN_ADMIN_2025,VNA25-D036BF3AC0,MERGED_INTO
VN_ADMIN_PRE_2025,VNAP25-37265BD33F,VN_ADMIN_2025,VNA25-D036BF3AC0,MERGED_INTO
VN_ADMIN_PRE_2025,VNAP25-2208ED6F80,VN_ADMIN_2025,VNA25-49EDD64872,MERGED_INTO
VN_ADMIN_PRE_2025,VNAP25-7515540961,VN_ADMIN_2025,VNA25-3B8BACBDAF,MERGED_INTO
VN_ADMIN_PRE_2025,VNAP25-B3233F8971,VN_ADMIN_2025,VNA25-299B615C63,MERGED_INTO
VN_ADMIN_PRE_2025,VNAP25-CF09D4DFDB,VN_ADMIN_2025,VNA25-8B57B27F1B,MERGED_INTO
VN_ADMIN_PRE_2025,VNAP25-220B3A1419,VN_ADMIN_2025,VNA25-8B57B27F1B,MERGED_INTO
VN_ADMIN_PRE_2025,VNAP25-6BC5238ECB,VN_ADMIN_2025,VNA25-6F5C34F0BF,MERGED_INTO
VN_ADMIN_PRE_2025,VNAP25-33A215B528,VN_ADMIN_2025,VNA25-6F5C34F0BF,MERGED_INTO
VN_ADMIN_PRE_2025,VNAP25-5FA28589CE,VN_ADMIN_2025,VNA25-8B57B27F1B,MERGED_INTO
VN_ADMIN_PRE_2025,VNAP25-82B5BFEF62,VN_ADMIN_2025,VNA25-8B57B27F1B,MERGED_INTO
VN_ADMIN_PRE_2025,VNAP25-0B2CCA4B8B,VN_ADMIN_2025,VNA25-8B57B27F1B,MERGED_INTO
VN_ADMIN_PRE_2025,VNAP25-80E984F5C4,VN_ADMIN_2025,VNA25-EA2E11B0AC,MERGED_INTO
VN_ADMIN_PRE_2025,VNAP25-C7F27B010E,VN_ADMIN_2025,VNA25-C9B31384AA,MERGED_INTO
VN_ADMIN_PRE_2025,VNAP25-FD6236181C,VN_ADMIN_2025,VNA25-1FD09FFA98,MERGED_INTO
VN_ADMIN_PRE_2025,VNAP25-3D0982EE19,VN_ADMIN_2025,VNA25-1FD09FFA98,MERGED_INTO
VN_ADMIN_PRE_2025,VNAP25-0B13B68961,VN_ADMIN_2025,VNA25-C9AEBA2E5E,MERGED_INTO
VN_ADMIN_PRE_2025,VNAP25-8C68CFDC02,VN_ADMIN_2025,VNA25-757879D8AD,MERGED_INTO
VN_ADMIN_PRE_2025,VNAP25-FD10102620,VN_ADMIN_2025,VNA25-C9AEBA2E5E,MERGED_INTO
VN_ADMIN_PRE_2025,VNAP25-7DA3DBC7DB,VN_ADMIN_2025,VNA25-757879D8AD,MERGED_INTO
VN_ADMIN_PRE_2025,VNAP25-CEF32C310F,VN_ADMIN_2025,VNA25-1FD09FFA98,MERGED_INTO
VN_ADMIN_PRE_2025,VNAP25-3D57BF4F86,VN_ADMIN_2025,VNA25-C9B31384AA,MERGED_INTO
VN_ADMIN_PRE_2025,VNAP25-1AF97611A8,VN_ADMIN_2025,VNA25-030EF9D3D3,MERGED_INTO
VN_ADMIN_PRE_2025,VNAP25-82B61098C6,VN_ADMIN_2025,VNA25-4561F17481,MERGED_INTO
VN_ADMIN_PRE_2025,VNAP25-41EE3BA53A,VN_ADMIN_2025,VNA25-983AAC4307,MERGED_INTO
VN_ADMIN_PRE_2025,VNAP25-FEBC4D1E08,VN_ADMIN_2025,VNA25-E4F4F32CE9,MERGED_INTO
VN_ADMIN_PRE_2025,VNAP25-0FBB0F4DEE,VN_ADMIN_2025,VNA25-E4F4F32CE9,MERGED_INTO
VN_ADMIN_PRE_2025,VNAP25-E803109EB2,VN_ADMIN_2025,VNA25-E358CB708C,MERGED_INTO
VN_ADMIN_PRE_2025,VNAP25-AB3AED2B81,VN_ADMIN_2025,VNA25-4561F17481,MERGED_INTO
VN_ADMIN_PRE_2025,VNAP25-13C1C87A26,VN_ADMIN_2025,VNA25-E358CB708C,MERGED_INTO
VN_ADMIN_PRE_2025,VNAP25-BD7F9FFD97,VN_ADMIN_2025,VNA25-612B70633E,MERGED_INTO
VN_ADMIN_PRE_2025,VNAP25-4F2AEC7F8B,VN_ADMIN_2025,VNA25-612B70633E,SPLIT_INTO
VN_ADMIN_PRE_2025,VNAP25-4F2AEC7F8B,VN_ADMIN_2025,VNA25-983AAC4307,SPLIT_INTO
VN_ADMIN_PRE_2025,VNAP25-3D54E4D099,VN_ADMIN_2025,VNA25-030EF9D3D3,MERGED_INTO
VN_ADMIN_PRE_2025,VNAP25-0717EF4164,VN_ADMIN_2025,VNA25-983AAC4307,MERGED_INTO
VN_ADMIN_PRE_2025,VNAP25-B8F607129C,VN_ADMIN_2025,VNA25-DDE01B9779,MERGED_INTO
VN_ADMIN_PRE_2025,VNAP25-43E1110C0F,VN_ADMIN_2025,VNA25-DDE01B9779,MERGED_INTO
VN_ADMIN_PRE_2025,VNAP25-5FF029B2D7,VN_ADMIN_2025,VNA25-DDE01B9779,MERGED_INTO
VN_ADMIN_PRE_2025,VNAP25-3FABEAF74A,VN_ADMIN_2025,VNA25-DDE01B9779,MERGED_INTO
VN_ADMIN_PRE_2025,VNAP25-B500DA476B,VN_ADMIN_2025,VNA25-C6B511F0DD,MERGED_INTO
VN_ADMIN_PRE_2025,VNAP25-6AC25BE13C,VN_ADMIN_2025,VNA25-DDE01B9779,MERGED_INTO
VN_ADMIN_PRE_2025,VNAP25-785E8E57EF,VN_ADMIN_2025,VNA25-C6B511F0DD,MERGED_INTO
VN_ADMIN_PRE_2025,VNAP25-3F2766BB4F,VN_ADMIN_2025,VNA25-D09DB27BA9,MERGED_INTO
VN_ADMIN_PRE_2025,VNAP25-EA0B5E8532,VN_ADMIN_2025,VNA25-C6B511F0DD,MERGED_INTO
VN_ADMIN_PRE_2025,VNAP25-92C69D0DF4,VN_ADMIN_2025,VNA25-C6B511F0DD,MERGED_INTO
VN_ADMIN_PRE_2025,VNAP25-864A42AAFC,VN_ADMIN_2025,VNA25-32DC8561B6,MERGED_INTO
VN_ADMIN_PRE_2025,VNAP25-F72BD1141F,VN_ADMIN_2025,VNA25-59BAE0B0BB,MERGED_INTO
VN_ADMIN_PRE_2025,VNAP25-27518320B6,VN_ADMIN_2025,VNA25-2E79EA0769,MERGED_INTO
VN_ADMIN_PRE_2025,VNAP25-7AFC522258,VN_ADMIN_2025,VNA25-3B8BACBDAF,MERGED_INTO
VN_ADMIN_PRE_2025,VNAP25-5B70FD86C9,VN_ADMIN_2025,VNA25-93F11838ED,MERGED_INTO
VN_ADMIN_PRE_2025,VNAP25-E0413F5217,VN_ADMIN_2025,VNA25-2E79EA0769,MERGED_INTO
VN_ADMIN_PRE_2025,VNAP25-861566EFCD,VN_ADMIN_2025,VNA25-59BAE0B0BB,MERGED_INTO
VN_ADMIN_PRE_2025,VNAP25-3183BDF49F,VN_ADMIN_2025,VNA25-F8A76AF075,MERGED_INTO
VN_ADMIN_PRE_2025,VNAP25-1EBB07A921,VN_ADMIN_2025,VNA25-F8A76AF075,MERGED_INTO
VN_ADMIN_PRE_2025,VNAP25-84C58E7E64,VN_ADMIN_2025,VNA25-32DC8561B6,MERGED_INTO
VN_ADMIN_PRE_2025,VNAP25-567F25A2A4,VN_ADMIN_2025,VNA25-DB87A34B5C,MERGED_INTO
VN_ADMIN_PRE_2025,VNAP25-1897CFBF22,VN_ADMIN_2025,VNA25-7EDF5EFFF2,MERGED_INTO
VN_ADMIN_PRE_2025,VNAP25-C6DB04655B,VN_ADMIN_2025,VNA25-E39CEE97E9,MERGED_INTO
VN_ADMIN_PRE_2025,VNAP25-9840A9543E,VN_ADMIN_2025,VNA25-5539253872,MERGED_INTO
VN_ADMIN_PRE_2025,VNAP25-08E6FA49A8,VN_ADMIN_2025,VNA25-6A72C35A48,MERGED_INTO
VN_ADMIN_PRE_2025,VNAP25-BAFC471475,VN_ADMIN_2025,VNA25-7EDF5EFFF2,MERGED_INTO
VN_ADMIN_PRE_2025,VNAP25-DF228A7F81,VN_ADMIN_2025,VNA25-7EDF5EFFF2,MERGED_INTO
VN_ADMIN_PRE_2025,VNAP25-E5A7C6B3FF,VN_ADMIN_2025,VNA25-70C8EBC28E,MERGED_INTO
VN_ADMIN_PRE_2025,VNAP25-D280743168,VN_ADMIN_2025,VNA25-7EDF5EFFF2,MERGED_INTO
VN_ADMIN_PRE_2025,VNAP25-BE9A22CBD8,VN_ADMIN_2025,VNA25-E39CEE97E9,MERGED_INTO
VN_ADMIN_PRE_2025,VNAP25-CDF1C9DA5F,VN_ADMIN_2025,VNA25-DB87A34B5C,MERGED_INTO
VN_ADMIN_PRE_2025,VNAP25-01C3784C19,VN_ADMIN_2025,VNA25-7EDF5EFFF2,MERGED_INTO
VN_ADMIN_PRE_2025,VNAP25-D8AF652E58,VN_ADMIN_2025,VNA25-DB87A34B5C,MERGED_INTO
VN_ADMIN_PRE_2025,VNAP25-E90336E05B,VN_ADMIN_2025,VNA25-70C8EBC28E,MERGED_INTO
VN_ADMIN_PRE_2025,VNAP25-B9E5915703,VN_ADMIN_2025,VNA25-E39CEE97E9,MERGED_INTO
VN_ADMIN_PRE_2025,VNAP25-CA0B1FE634,VN_ADMIN_2025,VNA25-70C8EBC28E,MERGED_INTO
VN_ADMIN_PRE_2025,VNAP25-69E7B48F20,VN_ADMIN_2025,VNA25-CFE908DC45,MERGED_INTO
VN_ADMIN_PRE_2025,VNAP25-3F8A2D05CB,VN_ADMIN_2025,VNA25-E516376C53,MERGED_INTO
VN_ADMIN_PRE_2025,VNAP25-4E7A81D302,VN_ADMIN_2025,VNA25-CFE908DC45,MERGED_INTO
VN_ADMIN_PRE_2025,VNAP25-222C33D1DB,VN_ADMIN_2025,VNA25-E1E9E8E3A9,MERGED_INTO
VN_ADMIN_PRE_2025,VNAP25-69D92B0B93,VN_ADMIN_2025,VNA25-E516376C53,MERGED_INTO
VN_ADMIN_PRE_2025,VNAP25-2BD7B0593E,VN_ADMIN_2025,VNA25-E1E9E8E3A9,MERGED_INTO
VN_ADMIN_PRE_2025,VNAP25-79D0227222,VN_ADMIN_2025,VNA25-E1E9E8E3A9,MERGED_INTO
VN_ADMIN_PRE_2025,VNAP25-96A793888D,VN_ADMIN_2025,VNA25-E516376C53,MERGED_INTO
VN_ADMIN_PRE_2025,VNAP25-083DE85B16,VN_ADMIN_2025,VNA25-CFE908DC45,MERGED_INTO
VN_ADMIN_PRE_2025,VNAP25-9C40A491B1,VN_ADMIN_2025,VNA25-7EDF5EFFF2,MERGED_INTO
VN_ADMIN_PRE_2025,VNAP25-EC31BF7045,VN_ADMIN_2025,VNA25-6915EDA54C,MERGED_INTO
VN_ADMIN_PRE_2025,VNAP25-BFD343C17D,VN_ADMIN_2025,VNA25-6915EDA54C,MERGED_INTO
VN_ADMIN_PRE_2025,VNAP25-D1F78682D8,VN_ADMIN_2025,VNA25-E1E9E8E3A9,MERGED_INTO
VN_ADMIN_PRE_2025,VNAP25-1306A6BCA2,VN_ADMIN_2025,VNA25-CFE908DC45,MERGED_INTO
VN_ADMIN_PRE_2025,VNAP25-D32617EE74,VN_ADMIN_2025,VNA25-E516376C53,MERGED_INTO
VN_ADMIN_PRE_2025,VNAP25-035B86E7DA,VN_ADMIN_2025,VNA25-6A72C35A48,MERGED_INTO
VN_ADMIN_PRE_2025,VNAP25-CD8613186B,VN_ADMIN_2025,VNA25-4B3B39FA9E,MERGED_INTO
VN_ADMIN_PRE_2025,VNAP25-B04A7E899D,VN_ADMIN_2025,VNA25-E2EC3340A2,MERGED_INTO
VN_ADMIN_PRE_2025,VNAP25-37AB6C701B,VN_ADMIN_2025,VNA25-CCC750E2F5,MERGED_INTO
VN_ADMIN_PRE_2025,VNAP25-AF3D0C3F7B,VN_ADMIN_2025,VNA25-4B3B39FA9E,MERGED_INTO
VN_ADMIN_PRE_2025,VNAP25-C00580FD43,VN_ADMIN_2025,VNA25-E2EC3340A2,MERGED_INTO
VN_ADMIN_PRE_2025,VNAP25-AB48A63547,VN_ADMIN_2025,VNA25-E8C2065B20,MERGED_INTO
VN_ADMIN_PRE_2025,VNAP25-C61C7DFC83,VN_ADMIN_2025,VNA25-FB3A7FB678,MERGED_INTO
VN_ADMIN_PRE_2025,VNAP25-3456078FF5,VN_ADMIN_2025,VNA25-4B3B39FA9E,MERGED_INTO
VN_ADMIN_PRE_2025,VNAP25-49634EA841,VN_ADMIN_2025,VNA25-1B6DC3294D,MERGED_INTO
VN_ADMIN_PRE_2025,VNAP25-155DC0B10A,VN_ADMIN_2025,VNA25-10E50835AD,MERGED_INTO
VN_ADMIN_PRE_2025,VNAP25-953366E953,VN_ADMIN_2025,VNA25-E2EC3340A2,MERGED_INTO
VN_ADMIN_PRE_2025,VNAP25-514F931D28,VN_ADMIN_2025,VNA25-FB3A7FB678,MERGED_INTO
VN_ADMIN_PRE_2025,VNAP25-A3DBEC221B,VN_ADMIN_2025,VNA25-10E50835AD,MERGED_INTO
VN_ADMIN_PRE_2025,VNAP25-AE6D4E3FB9,VN_ADMIN_2025,VNA25-CCC750E2F5,MERGED_INTO
VN_ADMIN_PRE_2025,VNAP25-160F388BAC,VN_ADMIN_2025,VNA25-10E50835AD,MERGED_INTO
VN_ADMIN_PRE_2025,VNAP25-2A327067F8,VN_ADMIN_2025,VNA25-985C68375A,MERGED_INTO
VN_ADMIN_PRE_2025,VNAP25-7EC282BBEF,VN_ADMIN_2025,VNA25-10E50835AD,MERGED_INTO
VN_ADMIN_PRE_2025,VNAP25-E422086CF9,VN_ADMIN_2025,VNA25-985C68375A,MERGED_INTO
VN_ADMIN_PRE_2025,VNAP25-AEBE8247F5,VN_ADMIN_2025,VNA25-CCC750E2F5,MERGED_INTO
VN_ADMIN_PRE_2025,VNAP25-424DF5F386,VN_ADMIN_2025,VNA25-10E50835AD,MERGED_INTO
VN_ADMIN_PRE_2025,VNAP25-D3084E3433,VN_ADMIN_2025,VNA25-FB3A7FB678,MERGED_INTO
VN_ADMIN_PRE_2025,VNAP25-57A9BDED16,VN_ADMIN_2025,VNA25-E8C2065B20,MERGED_INTO
VN_ADMIN_PRE_2025,VNAP25-D75C13B119,VN_ADMIN_2025,VNA25-1B6DC3294D,MERGED_INTO
VN_ADMIN_PRE_2025,VNAP25-55614CBA43,VN_ADMIN_2025,VNA25-E2EC3340A2,MERGED_INTO
VN_ADMIN_PRE_2025,VNAP25-20C8FD283B,VN_ADMIN_2025,VNA25-985C68375A,MERGED_INTO
VN_ADMIN_PRE_2025,VNAP25-8A7137F809,VN_ADMIN_2025,VNA25-E8C2065B20,MERGED_INTO
VN_ADMIN_PRE_2025,VNAP25-1E2577FC38,VN_ADMIN_2025,VNA25-4B3B39FA9E,MERGED_INTO
VN_ADMIN_PRE_2025,VNAP25-E30A034ED4,VN_ADMIN_2025,VNA25-985C68375A,MERGED_INTO
VN_ADMIN_PRE_2025,VNAP25-6BE2E95E87,VN_ADMIN_2025,VNA25-E8C2065B20,MERGED_INTO
VN_ADMIN_PRE_2025,VNAP25-A5C10145C5,VN_ADMIN_2025,VNA25-10E50835AD,MERGED_INTO
VN_ADMIN_PRE_2025,VNAP25-701726C354,VN_ADMIN_2025,VNA25-985C68375A,MERGED_INTO
VN_ADMIN_PRE_2025,VNAP25-4FA71FB8E1,VN_ADMIN_2025,VNA25-1B6DC3294D,MERGED_INTO
VN_ADMIN_PRE_2025,VNAP25-DAF5AECC83,VN_ADMIN_2025,VNA25-10E50835AD,MERGED_INTO
VN_ADMIN_PRE_2025,VNAP25-AF3D82A376,VN_ADMIN_2025,VNA25-791330C077,MERGED_INTO
VN_ADMIN_PRE_2025,VNAP25-9E70D57F70,VN_ADMIN_2025,VNA25-BB572C6273,MERGED_INTO
VN_ADMIN_PRE_2025,VNAP25-EA7FD49232,VN_ADMIN_2025,VNA25-100CABAD36,MERGED_INTO
VN_ADMIN_PRE_2025,VNAP25-8EA761E35D,VN_ADMIN_2025,VNA25-791330C077,MERGED_INTO
VN_ADMIN_PRE_2025,VNAP25-275B80507C,VN_ADMIN_2025,VNA25-5E7485BE17,MERGED_INTO
VN_ADMIN_PRE_2025,VNAP25-103386C934,VN_ADMIN_2025,VNA25-FB83D401ED,MERGED_INTO
VN_ADMIN_PRE_2025,VNAP25-281ED724E7,VN_ADMIN_2025,VNA25-5D12BF578B,MERGED_INTO
VN_ADMIN_PRE_2025,VNAP25-E61EDB3E91,VN_ADMIN_2025,VNA25-BB572C6273,MERGED_INTO
VN_ADMIN_PRE_2025,VNAP25-AC1963F757,VN_ADMIN_2025,VNA25-2866134170,MERGED_INTO
VN_ADMIN_PRE_2025,VNAP25-C903DAA44C,VN_ADMIN_2025,VNA25-100CABAD36,MERGED_INTO
VN_ADMIN_PRE_2025,VNAP25-203938701C,VN_ADMIN_2025,VNA25-158125A04C,MERGED_INTO
VN_ADMIN_PRE_2025,VNAP25-6F1E87844B,VN_ADMIN_2025,VNA25-5E7485BE17,MERGED_INTO
VN_ADMIN_PRE_2025,VNAP25-43F67DAC08,VN_ADMIN_2025,VNA25-5E7485BE17,MERGED_INTO
VN_ADMIN_PRE_2025,VNAP25-8A9EBB6897,VN_ADMIN_2025,VNA25-BB572C6273,MERGED_INTO
VN_ADMIN_PRE_2025,VNAP25-35AEEF0428,VN_ADMIN_2025,VNA25-100CABAD36,MERGED_INTO
VN_ADMIN_PRE_2025,VNAP25-3146B04D21,VN_ADMIN_2025,VNA25-FB83D401ED,MERGED_INTO
VN_ADMIN_PRE_2025,VNAP25-86ED0F1450,VN_ADMIN_2025,VNA25-100CABAD36,MERGED_INTO
VN_ADMIN_PRE_2025,VNAP25-82090F5935,VN_ADMIN_2025,VNA25-100CABAD36,MERGED_INTO
VN_ADMIN_PRE_2025,VNAP25-C5A4B00C06,VN_ADMIN_2025,VNA25-5D12BF578B,MERGED_INTO
VN_ADMIN_PRE_2025,VNAP25-D0E3166F90,VN_ADMIN_2025,VNA25-759C9B58D3,MERGED_INTO
VN_ADMIN_PRE_2025,VNAP25-3A52CD3F59,VN_ADMIN_2025,VNA25-791330C077,MERGED_INTO
VN_ADMIN_PRE_2025,VNAP25-45A62E721A,VN_ADMIN_2025,VNA25-158125A04C,MERGED_INTO
VN_ADMIN_PRE_2025,VNAP25-A3A622A747,VN_ADMIN_2025,VNA25-5D12BF578B,MERGED_INTO
VN_ADMIN_PRE_2025,VNAP25-479100145D,VN_ADMIN_2025,VNA25-B25E7E254E,MERGED_INTO
VN_ADMIN_PRE_2025,VNAP25-2E10627DAF,VN_ADMIN_2025,VNA25-2866134170,MERGED_INTO
VN_ADMIN_PRE_2025,VNAP25-8F91844787,VN_ADMIN_2025,VNA25-FB83D401ED,MERGED_INTO
VN_ADMIN_PRE_2025,VNAP25-4C7BF876D4,VN_ADMIN_2025,VNA25-B25E7E254E,MERGED_INTO
VN_ADMIN_PRE_2025,VNAP25-CEAB1668B3,VN_ADMIN_2025,VNA25-B25E7E254E,MERGED_INTO
VN_ADMIN_PRE_2025,VNAP25-030D721E24,VN_ADMIN_2025,VNA25-B25E7E254E,MERGED_INTO
VN_ADMIN_PRE_2025,VNAP25-25CD70AB9A,VN_ADMIN_2025,VNA25-CE64D74EEE,MERGED_INTO
VN_ADMIN_PRE_2025,VNAP25-B2543CBB13,VN_ADMIN_2025,VNA25-FB698196B8,MERGED_INTO
VN_ADMIN_PRE_2025,VNAP25-30D996362C,VN_ADMIN_2025,VNA25-CE64D74EEE,MERGED_INTO
VN_ADMIN_PRE_2025,VNAP25-5CB6895023,VN_ADMIN_2025,VNA25-351BE56D03,MERGED_INTO
VN_ADMIN_PRE_2025,VNAP25-641E3AA70E,VN_ADMIN_2025,VNA25-6D177BA1F8,MERGED_INTO
VN_ADMIN_PRE_2025,VNAP25-670FD0A6EA,VN_ADMIN_2025,VNA25-351BE56D03,MERGED_INTO
VN_ADMIN_PRE_2025,VNAP25-5EC3FCD88C,VN_ADMIN_2025,VNA25-351BE56D03,MERGED_INTO
VN_ADMIN_PRE_2025,VNAP25-5D699E8BBC,VN_ADMIN_2025,VNA25-CE64D74EEE,MERGED_INTO
VN_ADMIN_PRE_2025,VNAP25-029E3B2BE5,VN_ADMIN_2025,VNA25-FB698196B8,MERGED_INTO
VN_ADMIN_PRE_2025,VNAP25-A1A3D45B0F,VN_ADMIN_2025,VNA25-FB698196B8,MERGED_INTO
VN_ADMIN_PRE_2025,VNAP25-1602A7D5DE,VN_ADMIN_2025,VNA25-CE64D74EEE,MERGED_INTO
VN_ADMIN_PRE_2025,VNAP25-0BB3A1B46D,VN_ADMIN_2025,VNA25-351BE56D03,MERGED_INTO
VN_ADMIN_PRE_2025,VNAP25-FDBEBC01F2,VN_ADMIN_2025,VNA25-FB698196B8,MERGED_INTO
VN_ADMIN_PRE_2025,VNAP25-9C8433DD43,VN_ADMIN_2025,VNA25-6D177BA1F8,MERGED_INTO
VN_ADMIN_PRE_2025,VNAP25-0E3F2D0D4C,VN_ADMIN_2025,VNA25-D8C280E895,MERGED_INTO
VN_ADMIN_PRE_2025,VNAP25-EB4063A6EC,VN_ADMIN_2025,VNA25-FB698196B8,MERGED_INTO
VN_ADMIN_PRE_2025,VNAP25-900EED4A2C,VN_ADMIN_2025,VNA25-253DD866A8,MERGED_INTO
VN_ADMIN_PRE_2025,VNAP25-2A289C072B,VN_ADMIN_2025,VNA25-D8C280E895,MERGED_INTO
VN_ADMIN_PRE_2025,VNAP25-A621E03D42,VN_ADMIN_2025,VNA25-6D177BA1F8,MERGED_INTO
VN_ADMIN_PRE_2025,VNAP25-B5470AF2D6,VN_ADMIN_2025,VNA25-B0A0EA0463,MERGED_INTO
VN_ADMIN_PRE_2025,VNAP25-F3D04C4912,VN_ADMIN_2025,VNA25-0ABE3E52CE,MERGED_INTO
VN_ADMIN_PRE_2025,VNAP25-02450E117F,VN_ADMIN_2025,VNA25-B0A0EA0463,MERGED_INTO
VN_ADMIN_PRE_2025,VNAP25-CDFF174B19,VN_ADMIN_2025,VNA25-0ABE3E52CE,MERGED_INTO
VN_ADMIN_PRE_2025,VNAP25-D69594FED1,VN_ADMIN_2025,VNA25-5C533495D1,MERGED_INTO
VN_ADMIN_PRE_2025,VNAP25-59E8F3B99F,VN_ADMIN_2025,VNA25-B0A0EA0463,MERGED_INTO
VN_ADMIN_PRE_2025,VNAP25-E89E1BE11C,VN_ADMIN_2025,VNA25-B0A0EA0463,MERGED_INTO
VN_ADMIN_PRE_2025,VNAP25-F9E05FDAB2,VN_ADMIN_2025,VNA25-B0A0EA0463,MERGED_INTO
VN_ADMIN_PRE_2025,VNAP25-AEB7B40B47,VN_ADMIN_2025,VNA25-253DD866A8,MERGED_INTO
VN_ADMIN_PRE_2025,VNAP25-BFB2500D5E,VN_ADMIN_2025,VNA25-5C533495D1,MERGED_INTO
VN_ADMIN_PRE_2025,VNAP25-D8F9438F22,VN_ADMIN_2025,VNA25-0ABE3E52CE,MERGED_INTO
VN_ADMIN_PRE_2025,VNAP25-A234F51CB0,VN_ADMIN_2025,VNA25-B0A0EA0463,MERGED_INTO
VN_ADMIN_PRE_2025,VNAP25-D221C5E0E4,VN_ADMIN_2025,VNA25-5C533495D1,MERGED_INTO
VN_ADMIN_PRE_2025,VNAP25-A71D6E0158,VN_ADMIN_2025,VNA25-253DD866A8,MERGED_INTO
VN_ADMIN_PRE_2025,VNAP25-962D581416,VN_ADMIN_2025,VNA25-0ABE3E52CE,MERGED_INTO
VN_ADMIN_PRE_2025,VNAP25-22A8137070,VN_ADMIN_2025,VNA25-D8C280E895,MERGED_INTO
VN_ADMIN_PRE_2025,VNAP25-7909A28735,VN_ADMIN_2025,VNA25-1B79513C19,MERGED_INTO
VN_ADMIN_PRE_2025,VNAP25-7966B7F6EA,VN_ADMIN_2025,VNA25-1D6E7D40E2,MERGED_INTO
VN_ADMIN_PRE_2025,VNAP25-1E1DE483A1,VN_ADMIN_2025,VNA25-5539253872,MERGED_INTO
VN_ADMIN_PRE_2025,VNAP25-9D70CEBEEA,VN_ADMIN_2025,VNA25-5539253872,MERGED_INTO
VN_ADMIN_PRE_2025,VNAP25-AA28C13EA6,VN_ADMIN_2025,VNA25-5539253872,MERGED_INTO
VN_ADMIN_PRE_2025,VNAP25-1E4FEB633D,VN_ADMIN_2025,VNA25-5539253872,MERGED_INTO
VN_ADMIN_PRE_2025,VNAP25-E49B37A892,VN_ADMIN_2025,VNA25-759C9B58D3,MERGED_INTO
VN_ADMIN_PRE_2025,VNAP25-9086A91328,VN_ADMIN_2025,VNA25-1B79513C19,MERGED_INTO
VN_ADMIN_PRE_2025,VNAP25-21EE608FD1,VN_ADMIN_2025,VNA25-DE933FDCB1,MERGED_INTO
VN_ADMIN_PRE_2025,VNAP25-C542D8C840,VN_ADMIN_2025,VNA25-1D6E7D40E2,MERGED_INTO
VN_ADMIN_PRE_2025,VNAP25-2800412C4E,VN_ADMIN_2025,VNA25-1D6E7D40E2,MERGED_INTO
VN_ADMIN_PRE_2025,VNAP25-078FDF1E83,VN_ADMIN_2025,VNA25-1B79513C19,MERGED_INTO
VN_ADMIN_PRE_2025,VNAP25-3A0EA440F4,VN_ADMIN_2025,VNA25-1B79513C19,MERGED_INTO
VN_ADMIN_PRE_2025,VNAP25-FF8F2C6180,VN_ADMIN_2025,VNA25-1D6E7D40E2,MERGED_INTO
VN_ADMIN_PRE_2025,VNAP25-E978A85F41,VN_ADMIN_2025,VNA25-759C9B58D3,MERGED_INTO
VN_ADMIN_PRE_2025,VNAP25-D05E8127F3,VN_ADMIN_2025,VNA25-759C9B58D3,MERGED_INTO
VN_ADMIN_PRE_2025,VNAP25-640FB249E0,VN_ADMIN_2025,VNA25-759C9B58D3,MERGED_INTO
VN_ADMIN_PRE_2025,VNAP25-468E2DE021,VN_ADMIN_2025,VNA25-759C9B58D3,MERGED_INTO
VN_ADMIN_PRE_2025,VNAP25-45E92677EB,VN_ADMIN_2025,VNA25-DE933FDCB1,MERGED_INTO
VN_ADMIN_PRE_2025,VNAP25-A275C85C8B,VN_ADMIN_2025,VNA25-F1E26E1FAF,MERGED_INTO
VN_ADMIN_PRE_2025,VNAP25-13372080E1,VN_ADMIN_2025,VNA25-20C650A16C,MERGED_INTO
VN_ADMIN_PRE_2025,VNAP25-0CF54A690B,VN_ADMIN_2025,VNA25-E91941419A,MERGED_INTO
VN_ADMIN_PRE_2025,VNAP25-B3C2EFB260,VN_ADMIN_2025,VNA25-7DA2243208,MERGED_INTO
VN_ADMIN_PRE_2025,VNAP25-68069EB465,VN_ADMIN_2025,VNA25-1483A49BDE,MERGED_INTO
VN_ADMIN_PRE_2025,VNAP25-B01241D60F,VN_ADMIN_2025,VNA25-F1E26E1FAF,MERGED_INTO
VN_ADMIN_PRE_2025,VNAP25-70BA35F3F3,VN_ADMIN_2025,VNA25-994EA58C65,MERGED_INTO
VN_ADMIN_PRE_2025,VNAP25-4CE15384F5,VN_ADMIN_2025,VNA25-6AD878CAD2,MERGED_INTO
VN_ADMIN_PRE_2025,VNAP25-E924DA4AB3,VN_ADMIN_2025,VNA25-994EA58C65,MERGED_INTO
VN_ADMIN_PRE_2025,VNAP25-113D5301E3,VN_ADMIN_2025,VNA25-994EA58C65,MERGED_INTO
VN_ADMIN_PRE_2025,VNAP25-C2A40480C8,VN_ADMIN_2025,VNA25-6AD878CAD2,MERGED_INTO
VN_ADMIN_PRE_2025,VNAP25-7107D7E3D4,VN_ADMIN_2025,VNA25-1483A49BDE,MERGED_INTO
VN_ADMIN_PRE_2025,VNAP25-534E7ACD63,VN_ADMIN_2025,VNA25-1483A49BDE,MERGED_INTO
VN_ADMIN_PRE_2025,VNAP25-F1EF40C083,VN_ADMIN_2025,VNA25-E91941419A,MERGED_INTO
VN_ADMIN_PRE_2025,VNAP25-C4397EF966,VN_ADMIN_2025,VNA25-7ED3E77FB0,MERGED_INTO
VN_ADMIN_PRE_2025,VNAP25-6F566E0C9B,VN_ADMIN_2025,VNA25-7ED3E77FB0,MERGED_INTO
VN_ADMIN_PRE_2025,VNAP25-03A0409FEF,VN_ADMIN_2025,VNA25-1483A49BDE,MERGED_INTO
VN_ADMIN_PRE_2025,VNAP25-7504BCC01E,VN_ADMIN_2025,VNA25-994EA58C65,MERGED_INTO
VN_ADMIN_PRE_2025,VNAP25-D9C43EFEBD,VN_ADMIN_2025,VNA25-7ED3E77FB0,MERGED_INTO
VN_ADMIN_PRE_2025,VNAP25-256628A359,VN_ADMIN_2025,VNA25-20C650A16C,MERGED_INTO
VN_ADMIN_PRE_2025,VNAP25-B479220509,VN_ADMIN_2025,VNA25-39E86A84D9,MERGED_INTO
VN_ADMIN_PRE_2025,VNAP25-95D393CDE3,VN_ADMIN_2025,VNA25-39E86A84D9,MERGED_INTO
VN_ADMIN_PRE_2025,VNAP25-3B17760740,VN_ADMIN_2025,VNA25-275BEE311D,MERGED_INTO
VN_ADMIN_PRE_2025,VNAP25-A513C35932,VN_ADMIN_2025,VNA25-20C650A16C,MERGED_INTO
VN_ADMIN_PRE_2025,VNAP25-1643A2369F,VN_ADMIN_2025,VNA25-7DA2243208,MERGED_INTO
VN_ADMIN_PRE_2025,VNAP25-BAEAC50E86,VN_ADMIN_2025,VNA25-20C650A16C,MERGED_INTO
VN_ADMIN_PRE_2025,VNAP25-7522A2B88A,VN_ADMIN_2025,VNA25-39E86A84D9,MERGED_INTO
VN_ADMIN_PRE_2025,VNAP25-CFE7302CB5,VN_ADMIN_2025,VNA25-275BEE311D,MERGED_INTO
VN_ADMIN_PRE_2025,VNAP25-D578FF325B,VN_ADMIN_2025,VNA25-7B5992E0CC,MERGED_INTO
VN_ADMIN_PRE_2025,VNAP25-991922564C,VN_ADMIN_2025,VNA25-7DA2243208,MERGED_INTO
VN_ADMIN_PRE_2025,VNAP25-B997B78448,VN_ADMIN_2025,VNA25-275BEE311D,MERGED_INTO
VN_ADMIN_PRE_2025,VNAP25-A108FABDE4,VN_ADMIN_2025,VNA25-20C650A16C,MERGED_INTO
VN_ADMIN_PRE_2025,VNAP25-E1ED970ABA,VN_ADMIN_2025,VNA25-F1E26E1FAF,MERGED_INTO
VN_ADMIN_PRE_2025,VNAP25-6BA0266654,VN_ADMIN_2025,VNA25-7B5992E0CC,MERGED_INTO
VN_ADMIN_PRE_2025,VNAP25-8FABEF2DDD,VN_ADMIN_2025,VNA25-7B5992E0CC,MERGED_INTO
VN_ADMIN_PRE_2025,VNAP25-49C57AC7A1,VN_ADMIN_2025,VNA25-F1E26E1FAF,MERGED_INTO
VN_ADMIN_PRE_2025,VNAP25-B41FE98C37,VN_ADMIN_2025,VNA25-303A0FEC29,MERGED_INTO
VN_ADMIN_PRE_2025,VNAP25-DD4F410BB8,VN_ADMIN_2025,VNA25-6D31B5B74A,MERGED_INTO
VN_ADMIN_PRE_2025,VNAP25-A042D62A9F,VN_ADMIN_2025,VNA25-7764C867C5,MERGED_INTO
VN_ADMIN_PRE_2025,VNAP25-27EA725089,VN_ADMIN_2025,VNA25-9E6C86133F,MERGED_INTO
VN_ADMIN_PRE_2025,VNAP25-887D6AADCC,VN_ADMIN_2025,VNA25-9E6C86133F,MERGED_INTO
VN_ADMIN_PRE_2025,VNAP25-9117FE7511,VN_ADMIN_2025,VNA25-9E6C86133F,MERGED_INTO
VN_ADMIN_PRE_2025,VNAP25-43B94D8C5A,VN_ADMIN_2025,VNA25-5C0CADE36F,MERGED_INTO
VN_ADMIN_PRE_2025,VNAP25-47F45D1EFB,VN_ADMIN_2025,VNA25-9E6C86133F,MERGED_INTO
VN_ADMIN_PRE_2025,VNAP25-39B80211D3,VN_ADMIN_2025,VNA25-5C0CADE36F,MERGED_INTO
VN_ADMIN_PRE_2025,VNAP25-C53E530149,VN_ADMIN_2025,VNA25-5C0CADE36F,MERGED_INTO
VN_ADMIN_PRE_2025,VNAP25-D5EAC8BB85,VN_ADMIN_2025,VNA25-5C0CADE36F,MERGED_INTO
VN_ADMIN_PRE_2025,VNAP25-3481EBCAE6,VN_ADMIN_2025,VNA25-58A6189B23,MERGED_INTO
VN_ADMIN_PRE_2025,VNAP25-BCE1709A10,VN_ADMIN_2025,VNA25-58A6189B23,MERGED_INTO
VN_ADMIN_PRE_2025,VNAP25-02353F4EE4,VN_ADMIN_2025,VNA25-98F1B87158,MERGED_INTO
VN_ADMIN_PRE_2025,VNAP25-803D7DB51E,VN_ADMIN_2025,VNA25-98F1B87158,MERGED_INTO
VN_ADMIN_PRE_2025,VNAP25-250E366007,VN_ADMIN_2025,VNA25-98F1B87158,MERGED_INTO
VN_ADMIN_PRE_2025,VNAP25-74378A5987,VN_ADMIN_2025,VNA25-F525C4B9CF,MERGED_INTO
VN_ADMIN_PRE_2025,VNAP25-CEE99CCF08,VN_ADMIN_2025,VNA25-F525C4B9CF,MERGED_INTO
VN_ADMIN_PRE_2025,VNAP25-A3B745B8A4,VN_ADMIN_2025,VNA25-58A6189B23,MERGED_INTO
VN_ADMIN_PRE_2025,VNAP25-F969D7BEC2,VN_ADMIN_2025,VNA25-58A6189B23,MERGED_INTO
VN_ADMIN_PRE_2025,VNAP25-65DF6C3846,VN_ADMIN_2025,VNA25-F525C4B9CF,MERGED_INTO
VN_ADMIN_PRE_2025,VNAP25-4A31CDC3FF,VN_ADMIN_2025,VNA25-7764C867C5,MERGED_INTO
VN_ADMIN_PRE_2025,VNAP25-3E89635BEF,VN_ADMIN_2025,VNA25-303A0FEC29,MERGED_INTO
VN_ADMIN_PRE_2025,VNAP25-902368BF5A,VN_ADMIN_2025,VNA25-6D31B5B74A,MERGED_INTO
VN_ADMIN_PRE_2025,VNAP25-0BE8B930F1,VN_ADMIN_2025,VNA25-6D31B5B74A,MERGED_INTO
VN_ADMIN_PRE_2025,VNAP25-89AF1220DD,VN_ADMIN_2025,VNA25-6D31B5B74A,MERGED_INTO
VN_ADMIN_PRE_2025,VNAP25-5B8506DAEE,VN_ADMIN_2025,VNA25-7764C867C5,MERGED_INTO
VN_ADMIN_PRE_2025,VNAP25-FC1F70CEC5,VN_ADMIN_2025,VNA25-6D31B5B74A,MERGED_INTO
VN_ADMIN_PRE_2025,VNAP25-676797A1B7,VN_ADMIN_2025,VNA25-F138FB8AA0,MERGED_INTO
VN_ADMIN_PRE_2025,VNAP25-4C3C678906,VN_ADMIN_2025,VNA25-76A2291641,MERGED_INTO
VN_ADMIN_PRE_2025,VNAP25-6C1BC439FD,VN_ADMIN_2025,VNA25-84E78DDED3,MERGED_INTO
VN_ADMIN_PRE_2025,VNAP25-9CFD8DCAA8,VN_ADMIN_2025,VNA25-E1546DD499,MERGED_INTO
VN_ADMIN_PRE_2025,VNAP25-F53B024947,VN_ADMIN_2025,VNA25-5B6CB61D10,MERGED_INTO
VN_ADMIN_PRE_2025,VNAP25-5EDCA0505F,VN_ADMIN_2025,VNA25-84E78DDED3,MERGED_INTO
VN_ADMIN_PRE_2025,VNAP25-FDDA109467,VN_ADMIN_2025,VNA25-76A2291641,MERGED_INTO
VN_ADMIN_PRE_2025,VNAP25-7273E0EDA1,VN_ADMIN_2025,VNA25-E1546DD499,MERGED_INTO
VN_ADMIN_PRE_2025,VNAP25-3EC7E1F47D,VN_ADMIN_2025,VNA25-84E78DDED3,MERGED_INTO
VN_ADMIN_PRE_2025,VNAP25-705E0EDBAD,VN_ADMIN_2025,VNA25-5B6CB61D10,MERGED_INTO
VN_ADMIN_PRE_2025,VNAP25-79A332854A,VN_ADMIN_2025,VNA25-84E78DDED3,MERGED_INTO
VN_ADMIN_PRE_2025,VNAP25-E0071EBAEC,VN_ADMIN_2025,VNA25-DE933FDCB1,MERGED_INTO
VN_ADMIN_PRE_2025,VNAP25-77908CC7BE,VN_ADMIN_2025,VNA25-1B79513C19,MERGED_INTO
VN_ADMIN_PRE_2025,VNAP25-3D85F95737,VN_ADMIN_2025,VNA25-DE933FDCB1,MERGED_INTO
VN_ADMIN_PRE_2025,VNAP25-80023D6247,VN_ADMIN_2025,VNA25-5B6CB61D10,MERGED_INTO
VN_ADMIN_PRE_2025,VNAP25-EE58889568,VN_ADMIN_2025,VNA25-84E78DDED3,MERGED_INTO
VN_ADMIN_PRE_2025,VNAP25-42A2626905,VN_ADMIN_2025,VNA25-1B79513C19,MERGED_INTO
VN_ADMIN_PRE_2025,VNAP25-1059B8CBF3,VN_ADMIN_2025,VNA25-F138FB8AA0,MERGED_INTO
VN_ADMIN_PRE_2025,VNAP25-AC97CE04AB,VN_ADMIN_2025,VNA25-1B79513C19,MERGED_INTO
VN_ADMIN_PRE_2025,VNAP25-9ED1ED19C2,VN_ADMIN_2025,VNA25-DE933FDCB1,MERGED_INTO
VN_ADMIN_PRE_2025,VNAP25-B44F719DFD,VN_ADMIN_2025,VNA25-F138FB8AA0,MERGED_INTO
VN_ADMIN_PRE_2025,VNAP25-BDFB2105D4,VN_ADMIN_2025,VNA25-76A2291641,MERGED_INTO
VN_ADMIN_PRE_2025,VNAP25-3B3922AE59,VN_ADMIN_2025,VNA25-8725BBFBB3,MERGED_INTO
VN_ADMIN_PRE_2025,VNAP25-CAB34C484F,VN_ADMIN_2025,VNA25-E1546DD499,MERGED_INTO
VN_ADMIN_PRE_2025,VNAP25-7DD521E451,VN_ADMIN_2025,VNA25-8725BBFBB3,MERGED_INTO
VN_ADMIN_PRE_2025,VNAP25-B6D444CA98,VN_ADMIN_2025,VNA25-84E78DDED3,MERGED_INTO
VN_ADMIN_PRE_2025,VNAP25-5BB990A756,VN_ADMIN_2025,VNA25-E1546DD499,MERGED_INTO
VN_ADMIN_PRE_2025,VNAP25-1C60A3E24A,VN_ADMIN_2025,VNA25-8725BBFBB3,MERGED_INTO
VN_ADMIN_PRE_2025,VNAP25-EFA3D7CF8F,VN_ADMIN_2025,VNA25-8725BBFBB3,MERGED_INTO
VN_ADMIN_PRE_2025,VNAP25-BB80BFDA1B,VN_ADMIN_2025,VNA25-76A2291641,MERGED_INTO
VN_ADMIN_PRE_2025,VNAP25-D698E084DE,VN_ADMIN_2025,VNA25-BE3EED15D5,MERGED_INTO
VN_ADMIN_PRE_2025,VNAP25-C1346EDC76,VN_ADMIN_2025,VNA25-13FF69FF7F,MERGED_INTO
VN_ADMIN_PRE_2025,VNAP25-AE000B5004,VN_ADMIN_2025,VNA25-4442F3893A,MERGED_INTO
VN_ADMIN_PRE_2025,VNAP25-A32CC7E8FE,VN_ADMIN_2025,VNA25-197F4A9BBD,MERGED_INTO
VN_ADMIN_PRE_2025,VNAP25-ED40A28E91,VN_ADMIN_2025,VNA25-BE3EED15D5,MERGED_INTO
VN_ADMIN_PRE_2025,VNAP25-F70A88BF7D,VN_ADMIN_2025,VNA25-BC667FEEE0,MERGED_INTO
VN_ADMIN_PRE_2025,VNAP25-44D212AF91,VN_ADMIN_2025,VNA25-BE3EED15D5,MERGED_INTO
VN_ADMIN_PRE_2025,VNAP25-39AC5ACD7B,VN_ADMIN_2025,VNA25-97CAD8541E,MERGED_INTO
VN_ADMIN_PRE_2025,VNAP25-9AD8370268,VN_ADMIN_2025,VNA25-5AF2F42E94,MERGED_INTO
VN_ADMIN_PRE_2025,VNAP25-BE9E8115EF,VN_ADMIN_2025,VNA25-4442F3893A,MERGED_INTO
VN_ADMIN_PRE_2025,VNAP25-EE9F7FCA85,VN_ADMIN_2025,VNA25-97CAD8541E,MERGED_INTO
VN_ADMIN_PRE_2025,VNAP25-D67F2B6DCD,VN_ADMIN_2025,VNA25-4442F3893A,MERGED_INTO
VN_ADMIN_PRE_2025,VNAP25-E531B4951B,VN_ADMIN_2025,VNA25-BC667FEEE0,MERGED_INTO
VN_ADMIN_PRE_2025,VNAP25-9192D741EB,VN_ADMIN_2025,VNA25-4442F3893A,MERGED_INTO
VN_ADMIN_PRE_2025,VNAP25-F621C6244A,VN_ADMIN_2025,VNA25-13FF69FF7F,SPLIT_INTO
VN_ADMIN_PRE_2025,VNAP25-F621C6244A,VN_ADMIN_2025,VNA25-BAB7842650,SPLIT_INTO
VN_ADMIN_PRE_2025,VNAP25-23ECF77690,VN_ADMIN_2025,VNA25-A28FC9F1A6,MERGED_INTO
VN_ADMIN_PRE_2025,VNAP25-0B42BD3286,VN_ADMIN_2025,VNA25-13FF69FF7F,MERGED_INTO
VN_ADMIN_PRE_2025,VNAP25-201004632A,VN_ADMIN_2025,VNA25-BAB7842650,MERGED_INTO
VN_ADMIN_PRE_2025,VNAP25-650DC946D1,VN_ADMIN_2025,VNA25-A28FC9F1A6,MERGED_INTO
VN_ADMIN_PRE_2025,VNAP25-AA6B6685EE,VN_ADMIN_2025,VNA25-BC667FEEE0,MERGED_INTO
VN_ADMIN_PRE_2025,VNAP25-4F80BEC1B2,VN_ADMIN_2025,VNA25-197F4A9BBD,MERGED_INTO
VN_ADMIN_PRE_2025,VNAP25-F44EA493E0,VN_ADMIN_2025,VNA25-A28FC9F1A6,MERGED_INTO
VN_ADMIN_PRE_2025,VNAP25-4FD83F1A38,VN_ADMIN_2025,VNA25-5AF2F42E94,MERGED_INTO
VN_ADMIN_PRE_2025,VNAP25-8079715854,VN_ADMIN_2025,VNA25-97CAD8541E,MERGED_INTO
VN_ADMIN_PRE_2025,VNAP25-4D8B683289,VN_ADMIN_2025,VNA25-9EA2DE2E95,MERGED_INTO
VN_ADMIN_PRE_2025,VNAP25-B496E38D07,VN_ADMIN_2025,VNA25-9EA2DE2E95,MERGED_INTO
VN_ADMIN_PRE_2025,VNAP25-157C0113CC,VN_ADMIN_2025,VNA25-BAB7842650,MERGED_INTO
VN_ADMIN_PRE_2025,VNAP25-7B4A9DBE95,VN_ADMIN_2025,VNA25-5C065480B6,MERGED_INTO
VN_ADMIN_PRE_2025,VNAP25-9AB4DBCC39,VN_ADMIN_2025,VNA25-1941E09473,MERGED_INTO
VN_ADMIN_PRE_2025,VNAP25-CFD594E4F1,VN_ADMIN_2025,VNA25-FF68D078C1,MERGED_INTO
VN_ADMIN_PRE_2025,VNAP25-90F09C76BA,VN_ADMIN_2025,VNA25-2B85A4BE13,MERGED_INTO
VN_ADMIN_PRE_2025,VNAP25-00176365DD,VN_ADMIN_2025,VNA25-5C065480B6,MERGED_INTO
VN_ADMIN_PRE_2025,VNAP25-DCEF0FF018,VN_ADMIN_2025,VNA25-A7A1D25534,MERGED_INTO
VN_ADMIN_PRE_2025,VNAP25-5057E4EC04,VN_ADMIN_2025,VNA25-FF68D078C1,MERGED_INTO
VN_ADMIN_PRE_2025,VNAP25-32B0674E8F,VN_ADMIN_2025,VNA25-5C065480B6,MERGED_INTO
VN_ADMIN_PRE_2025,VNAP25-A9A906171A,VN_ADMIN_2025,VNA25-E36F5755A5,MERGED_INTO
VN_ADMIN_PRE_2025,VNAP25-8081E2A532,VN_ADMIN_2025,VNA25-42DD2C16B6,MERGED_INTO
VN_ADMIN_PRE_2025,VNAP25-117311FC68,VN_ADMIN_2025,VNA25-42DD2C16B6,MERGED_INTO
VN_ADMIN_PRE_2025,VNAP25-B4571EFB73,VN_ADMIN_2025,VNA25-A7A1D25534,MERGED_INTO
VN_ADMIN_PRE_2025,VNAP25-8A1C88ACFB,VN_ADMIN_2025,VNA25-2B85A4BE13,MERGED_INTO
VN_ADMIN_PRE_2025,VNAP25-FFB5608A3B,VN_ADMIN_2025,VNA25-5C065480B6,MERGED_INTO
VN_ADMIN_PRE_2025,VNAP25-851AEAD33B,VN_ADMIN_2025,VNA25-31EC611A84,MERGED_INTO
VN_ADMIN_PRE_2025,VNAP25-DEF58A4D15,VN_ADMIN_2025,VNA25-E36F5755A5,MERGED_INTO
VN_ADMIN_PRE_2025,VNAP25-29F62E53C9,VN_ADMIN_2025,VNA25-1941E09473,MERGED_INTO
VN_ADMIN_PRE_2025,VNAP25-B22D700FBD,VN_ADMIN_2025,VNA25-31EC611A84,MERGED_INTO
VN_ADMIN_PRE_2025,VNAP25-2262336093,VN_ADMIN_2025,VNA25-31EC611A84,MERGED_INTO
VN_ADMIN_PRE_2025,VNAP25-F0D371861F,VN_ADMIN_2025,VNA25-FF68D078C1,MERGED_INTO
VN_ADMIN_PRE_2025,VNAP25-060B6C1F87,VN_ADMIN_2025,VNA25-2B85A4BE13,MERGED_INTO
VN_ADMIN_PRE_2025,VNAP25-6A791E4D93,VN_ADMIN_2025,VNA25-FF68D078C1,MERGED_INTO
VN_ADMIN_PRE_2025,VNAP25-05ED3B1DEF,VN_ADMIN_2025,VNA25-05EDEFA157,MERGED_INTO
VN_ADMIN_PRE_2025,VNAP25-1F38A305E7,VN_ADMIN_2025,VNA25-A04D53564F,MERGED_INTO
VN_ADMIN_PRE_2025,VNAP25-2140B101DC,VN_ADMIN_2025,VNA25-5C726DC012,MERGED_INTO
VN_ADMIN_PRE_2025,VNAP25-8EA0565052,VN_ADMIN_2025,VNA25-5C726DC012,MERGED_INTO
VN_ADMIN_PRE_2025,VNAP25-8854219191,VN_ADMIN_2025,VNA25-7578C4C38F,MERGED_INTO
VN_ADMIN_PRE_2025,VNAP25-4F1A336AD8,VN_ADMIN_2025,VNA25-37762F906F,MERGED_INTO
VN_ADMIN_PRE_2025,VNAP25-E8A7E03F64,VN_ADMIN_2025,VNA25-5C726DC012,MERGED_INTO
VN_ADMIN_PRE_2025,VNAP25-DB0DC2C9B3,VN_ADMIN_2025,VNA25-05EDEFA157,MERGED_INTO
VN_ADMIN_PRE_2025,VNAP25-2AF7849B78,VN_ADMIN_2025,VNA25-8B0BAAD7F8,MERGED_INTO
VN_ADMIN_PRE_2025,VNAP25-183EA32D09,VN_ADMIN_2025,VNA25-5C726DC012,MERGED_INTO
VN_ADMIN_PRE_2025,VNAP25-28F2D79CA6,VN_ADMIN_2025,VNA25-8B0BAAD7F8,MERGED_INTO
VN_ADMIN_PRE_2025,VNAP25-70EF75595B,VN_ADMIN_2025,VNA25-7578C4C38F,MERGED_INTO
VN_ADMIN_PRE_2025,VNAP25-BF91731820,VN_ADMIN_2025,VNA25-37762F906F,MERGED_INTO
VN_ADMIN_PRE_2025,VNAP25-2BFFEB1E50,VN_ADMIN_2025,VNA25-A04D53564F,MERGED_INTO
VN_ADMIN_PRE_2025,VNAP25-9FBD353576,VN_ADMIN_2025,VNA25-DBE656E2CF,MERGED_INTO
VN_ADMIN_PRE_2025,VNAP25-2D47A2C14E,VN_ADMIN_2025,VNA25-30D9794DDA,MERGED_INTO
VN_ADMIN_PRE_2025,VNAP25-D78ABB8B67,VN_ADMIN_2025,VNA25-DBE656E2CF,MERGED_INTO
VN_ADMIN_PRE_2025,VNAP25-382F66BB4F,VN_ADMIN_2025,VNA25-DBE656E2CF,MERGED_INTO
VN_ADMIN_PRE_2025,VNAP25-D88FD4C6A2,VN_ADMIN_2025,VNA25-A43D28903F,MERGED_INTO
VN_ADMIN_PRE_2025,VNAP25-521A526CE8,VN_ADMIN_2025,VNA25-6DD1EB0269,MERGED_INTO
VN_ADMIN_PRE_2025,VNAP25-A1F1CE8536,VN_ADMIN_2025,VNA25-DBE656E2CF,MERGED_INTO
VN_ADMIN_PRE_2025,VNAP25-BCE1B3C757,VN_ADMIN_2025,VNA25-30D9794DDA,MERGED_INTO
VN_ADMIN_PRE_2025,VNAP25-6515AFD8C5,VN_ADMIN_2025,VNA25-6DD1EB0269,MERGED_INTO
VN_ADMIN_PRE_2025,VNAP25-B6888199DE,VN_ADMIN_2025,VNA25-5AF2F42E94,MERGED_INTO
VN_ADMIN_PRE_2025,VNAP25-8A2C151783,VN_ADMIN_2025,VNA25-30D9794DDA,MERGED_INTO
VN_ADMIN_PRE_2025,VNAP25-EB6D7993A0,VN_ADMIN_2025,VNA25-6DD1EB0269,MERGED_INTO
VN_ADMIN_PRE_2025,VNAP25-7DC0DB2509,VN_ADMIN_2025,VNA25-A43D28903F,MERGED_INTO
VN_ADMIN_PRE_2025,VNAP25-5A55804EB1,VN_ADMIN_2025,VNA25-A9C6980DFC,MERGED_INTO
VN_ADMIN_PRE_2025,VNAP25-0E3B6D94D9,VN_ADMIN_2025,VNA25-A43D28903F,MERGED_INTO
VN_ADMIN_PRE_2025,VNAP25-D30727028D,VN_ADMIN_2025,VNA25-6DD1EB0269,MERGED_INTO
VN_ADMIN_PRE_2025,VNAP25-DE91377D1D,VN_ADMIN_2025,VNA25-A43D28903F,MERGED_INTO
VN_ADMIN_PRE_2025,VNAP25-ECADE6AA06,VN_ADMIN_2025,VNA25-A9C6980DFC,MERGED_INTO
VN_ADMIN_PRE_2025,VNAP25-1D8E963AB5,VN_ADMIN_2025,VNA25-CFD5636263,MERGED_INTO
VN_ADMIN_PRE_2025,VNAP25-E9D44FCBAD,VN_ADMIN_2025,VNA25-F29B41358E,MERGED_INTO
VN_ADMIN_PRE_2025,VNAP25-4CD504170E,VN_ADMIN_2025,VNA25-CFD5636263,MERGED_INTO
VN_ADMIN_PRE_2025,VNAP25-7AAD2C0483,VN_ADMIN_2025,VNA25-994B780CEE,MERGED_INTO
VN_ADMIN_PRE_2025,VNAP25-F339A3CBBB,VN_ADMIN_2025,VNA25-E8D1154AAD,MERGED_INTO
VN_ADMIN_PRE_2025,VNAP25-335C8B9E3F,VN_ADMIN_2025,VNA25-994B780CEE,MERGED_INTO
VN_ADMIN_PRE_2025,VNAP25-CA9D9865CC,VN_ADMIN_2025,VNA25-F29B41358E,MERGED_INTO
VN_ADMIN_PRE_2025,VNAP25-019489FC1D,VN_ADMIN_2025,VNA25-E8D1154AAD,MERGED_INTO
VN_ADMIN_PRE_2025,VNAP25-AC1EDE9110,VN_ADMIN_2025,VNA25-E8D1154AAD,MERGED_INTO
VN_ADMIN_PRE_2025,VNAP25-FA95C1103A,VN_ADMIN_2025,VNA25-994B780CEE,MERGED_INTO
VN_ADMIN_PRE_2025,VNAP25-1B521DAFBA,VN_ADMIN_2025,VNA25-F29B41358E,MERGED_INTO
VN_ADMIN_PRE_2025,VNAP25-866FE7FD22,VN_ADMIN_2025,VNA25-E8D1154AAD,MERGED_INTO
VN_ADMIN_PRE_2025,VNAP25-44EB614741,VN_ADMIN_2025,VNA25-E9C718C429,MERGED_INTO
VN_ADMIN_PRE_2025,VNAP25-17ABE9F7C4,VN_ADMIN_2025,VNA25-CFD5636263,MERGED_INTO
VN_ADMIN_PRE_2025,VNAP25-40F6A05B8D,VN_ADMIN_2025,VNA25-E9C718C429,MERGED_INTO
VN_ADMIN_PRE_2025,VNAP25-4334E360CF,VN_ADMIN_2025,VNA25-E9C718C429,MERGED_INTO
VN_ADMIN_PRE_2025,VNAP25-061C33F752,VN_ADMIN_2025,VNA25-E8D1154AAD,MERGED_INTO
VN_ADMIN_PRE_2025,VNAP25-22CE30674A,VN_ADMIN_2025,VNA25-994B780CEE,MERGED_INTO
VN_ADMIN_PRE_2025,VNAP25-71F705862E,VN_ADMIN_2025,VNA25-F29B41358E,MERGED_INTO
VN_ADMIN_PRE_2025,VNAP25-735F1CB820,VN_ADMIN_2025,VNA25-F29B41358E,MERGED_INTO
VN_ADMIN_PRE_2025,VNAP25-9E963EDBFE,VN_ADMIN_2025,VNA25-2F106FA1A6,MERGED_INTO
VN_ADMIN_PRE_2025,VNAP25-301DC51357,VN_ADMIN_2025,VNA25-1D69049A2E,MERGED_INTO
VN_ADMIN_PRE_2025,VNAP25-EC2095CFAB,VN_ADMIN_2025,VNA25-1D69049A2E,MERGED_INTO
VN_ADMIN_PRE_2025,VNAP25-0D87A4A144,VN_ADMIN_2025,VNA25-1D69049A2E,MERGED_INTO
VN_ADMIN_PRE_2025,VNAP25-3E57312B2C,VN_ADMIN_2025,VNA25-D5CA4E49A3,MERGED_INTO
VN_ADMIN_PRE_2025,VNAP25-E148B19732,VN_ADMIN_2025,VNA25-D5CA4E49A3,MERGED_INTO
VN_ADMIN_PRE_2025,VNAP25-35DA4E1F8E,VN_ADMIN_2025,VNA25-2F106FA1A6,MERGED_INTO
VN_ADMIN_PRE_2025,VNAP25-A3C73B6C6D,VN_ADMIN_2025,VNA25-D5CA4E49A3,MERGED_INTO
VN_ADMIN_PRE_2025,VNAP25-6C5622F97D,VN_ADMIN_2025,VNA25-2F106FA1A6,MERGED_INTO
VN_ADMIN_PRE_2025,VNAP25-D281A11A47,VN_ADMIN_2025,VNA25-2F106FA1A6,MERGED_INTO
VN_ADMIN_PRE_2025,VNAP25-716825BA5B,VN_ADMIN_2025,VNA25-B428FA3DDF,MERGED_INTO
VN_ADMIN_PRE_2025,VNAP25-F9CDCD6E77,VN_ADMIN_2025,VNA25-1D69049A2E,MERGED_INTO
VN_ADMIN_PRE_2025,VNAP25-80BA290F78,VN_ADMIN_2025,VNA25-B428FA3DDF,MERGED_INTO
VN_ADMIN_PRE_2025,VNAP25-EF4EAB805F,VN_ADMIN_2025,VNA25-B428FA3DDF,MERGED_INTO
VN_ADMIN_PRE_2025,VNAP25-FA23BCF48B,VN_ADMIN_2025,VNA25-B1FA28C44B,MERGED_INTO
VN_ADMIN_PRE_2025,VNAP25-67EE38B10A,VN_ADMIN_2025,VNA25-1804BABF36,MERGED_INTO
VN_ADMIN_PRE_2025,VNAP25-682C5FDF3B,VN_ADMIN_2025,VNA25-0282F6ABFD,MERGED_INTO
VN_ADMIN_PRE_2025,VNAP25-E99606D95A,VN_ADMIN_2025,VNA25-CACEDBED6E,MERGED_INTO
VN_ADMIN_PRE_2025,VNAP25-22011F1D4F,VN_ADMIN_2025,VNA25-B1FA28C44B,MERGED_INTO
VN_ADMIN_PRE_2025,VNAP25-387334FD4E,VN_ADMIN_2025,VNA25-1804BABF36,MERGED_INTO
VN_ADMIN_PRE_2025,VNAP25-1270C2AFF4,VN_ADMIN_2025,VNA25-B1FA28C44B,MERGED_INTO
VN_ADMIN_PRE_2025,VNAP25-8A905C71D1,VN_ADMIN_2025,VNA25-CACEDBED6E,MERGED_INTO
VN_ADMIN_PRE_2025,VNAP25-999336A161,VN_ADMIN_2025,VNA25-1804BABF36,MERGED_INTO
VN_ADMIN_PRE_2025,VNAP25-802E7AE767,VN_ADMIN_2025,VNA25-CACEDBED6E,MERGED_INTO
VN_ADMIN_PRE_2025,VNAP25-038B6652D1,VN_ADMIN_2025,VNA25-644725F703,MERGED_INTO
VN_ADMIN_PRE_2025,VNAP25-76C37302F5,VN_ADMIN_2025,VNA25-057E48C25E,MERGED_INTO
VN_ADMIN_PRE_2025,VNAP25-223A7FC278,VN_ADMIN_2025,VNA25-057E48C25E,MERGED_INTO
VN_ADMIN_PRE_2025,VNAP25-C6AAAF4F9D,VN_ADMIN_2025,VNA25-057E48C25E,MERGED_INTO
VN_ADMIN_PRE_2025,VNAP25-4A77274C7C,VN_ADMIN_2025,VNA25-644725F703,MERGED_INTO
VN_ADMIN_PRE_2025,VNAP25-43988EE027,VN_ADMIN_2025,VNA25-2590E0E16B,MERGED_INTO
VN_ADMIN_PRE_2025,VNAP25-7E90BED76A,VN_ADMIN_2025,VNA25-644725F703,MERGED_INTO
VN_ADMIN_PRE_2025,VNAP25-16995DDBBC,VN_ADMIN_2025,VNA25-2590E0E16B,MERGED_INTO
VN_ADMIN_PRE_2025,VNAP25-B539059BE2,VN_ADMIN_2025,VNA25-644725F703,MERGED_INTO
VN_ADMIN_PRE_2025,VNAP25-062CFA1B02,VN_ADMIN_2025,VNA25-057E48C25E,MERGED_INTO
VN_ADMIN_PRE_2025,VNAP25-3E0C06C7E4,VN_ADMIN_2025,VNA25-057E48C25E,MERGED_INTO
VN_ADMIN_PRE_2025,VNAP25-4BA028BD31,VN_ADMIN_2025,VNA25-2590E0E16B,MERGED_INTO
VN_ADMIN_PRE_2025,VNAP25-85433A43FF,VN_ADMIN_2025,VNA25-683619BBFB,MERGED_INTO
VN_ADMIN_PRE_2025,VNAP25-55956D603A,VN_ADMIN_2025,VNA25-18D001FEFB,MERGED_INTO
VN_ADMIN_PRE_2025,VNAP25-A87D872557,VN_ADMIN_2025,VNA25-5AF2F42E94,MERGED_INTO
VN_ADMIN_PRE_2025,VNAP25-F6350580C3,VN_ADMIN_2025,VNA25-5AF2F42E94,MERGED_INTO
VN_ADMIN_PRE_2025,VNAP25-6872A9B485,VN_ADMIN_2025,VNA25-81654A6692,MERGED_INTO
VN_ADMIN_PRE_2025,VNAP25-6F3367B000,VN_ADMIN_2025,VNA25-2590E0E16B,MERGED_INTO
VN_ADMIN_PRE_2025,VNAP25-326C2DF8B3,VN_ADMIN_2025,VNA25-81654A6692,MERGED_INTO
VN_ADMIN_PRE_2025,VNAP25-6106D1F4EC,VN_ADMIN_2025,VNA25-18D001FEFB,MERGED_INTO
VN_ADMIN_PRE_2025,VNAP25-68AF0D882A,VN_ADMIN_2025,VNA25-81654A6692,MERGED_INTO
VN_ADMIN_PRE_2025,VNAP25-FECDA1FC78,VN_ADMIN_2025,VNA25-0282F6ABFD,MERGED_INTO
VN_ADMIN_PRE_2025,VNAP25-4A4A77B98D,VN_ADMIN_2025,VNA25-683619BBFB,MERGED_INTO
VN_ADMIN_PRE_2025,VNAP25-637A8FB4C8,VN_ADMIN_2025,VNA25-81654A6692,MERGED_INTO
VN_ADMIN_PRE_2025,VNAP25-108AF538C9,VN_ADMIN_2025,VNA25-683619BBFB,MERGED_INTO
VN_ADMIN_PRE_2025,VNAP25-F3D1BA10E1,VN_ADMIN_2025,VNA25-2590E0E16B,MERGED_INTO
VN_ADMIN_PRE_2025,VNAP25-BAAB2A99A8,VN_ADMIN_2025,VNA25-18D001FEFB,MERGED_INTO
VN_ADMIN_PRE_2025,VNAP25-FCF517F769,VN_ADMIN_2025,VNA25-0282F6ABFD,MERGED_INTO
VN_ADMIN_PRE_2025,VNAP25-CEED13579A,VN_ADMIN_2025,VNA25-683619BBFB,MERGED_INTO
VN_ADMIN_PRE_2025,VNAP25-734E7B4C63,VN_ADMIN_2025,VNA25-683619BBFB,MERGED_INTO
VN_ADMIN_PRE_2025,VNAP25-B6E52076A4,VN_ADMIN_2025,VNA25-2590E0E16B,MERGED_INTO
VN_ADMIN_PRE_2025,VNAP25-B56DC53362,VN_ADMIN_2025,VNA25-2590E0E16B,MERGED_INTO
VN_ADMIN_PRE_2025,VNAP25-35876A4735,VN_ADMIN_2025,VNA25-AAE24B08B1,MERGED_INTO
VN_ADMIN_PRE_2025,VNAP25-9585E0D9A9,VN_ADMIN_2025,VNA25-CF3FD91039,MERGED_INTO
VN_ADMIN_PRE_2025,VNAP25-0139FC885A,VN_ADMIN_2025,VNA25-AAE24B08B1,MERGED_INTO
VN_ADMIN_PRE_2025,VNAP25-ECF1BC39E0,VN_ADMIN_2025,VNA25-CFB17A6B5F,MERGED_INTO
VN_ADMIN_PRE_2025,VNAP25-EF40E9FF2E,VN_ADMIN_2025,VNA25-CF3FD91039,MERGED_INTO
VN_ADMIN_PRE_2025,VNAP25-82642D48A1,VN_ADMIN_2025,VNA25-CFB17A6B5F,MERGED_INTO
VN_ADMIN_PRE_2025,VNAP25-C3031FFEEC,VN_ADMIN_2025,VNA25-BE74401886,MERGED_INTO
VN_ADMIN_PRE_2025,VNAP25-AC417A0A79,VN_ADMIN_2025,VNA25-BA330E14EF,MERGED_INTO
VN_ADMIN_PRE_2025,VNAP25-2A1E7B004D,VN_ADMIN_2025,VNA25-CFB17A6B5F,MERGED_INTO
VN_ADMIN_PRE_2025,VNAP25-5AD3DEBA5E,VN_ADMIN_2025,VNA25-AAE24B08B1,MERGED_INTO
VN_ADMIN_PRE_2025,VNAP25-AF47857C38,VN_ADMIN_2025,VNA25-004350C56B,SAME_AS
VN_ADMIN_PRE_2025,VNAP25-420247E0E6,VN_ADMIN_2025,VNA25-69749ED759,MERGED_INTO
VN_ADMIN_PRE_2025,VNAP25-039FC29D74,VN_ADMIN_2025,VNA25-69749ED759,MERGED_INTO
VN_ADMIN_PRE_2025,VNAP25-1E1C435814,VN_ADMIN_2025,VNA25-BE74401886,MERGED_INTO
VN_ADMIN_PRE_2025,VNAP25-BB83AB68F3,VN_ADMIN_2025,VNA25-BA330E14EF,MERGED_INTO
VN_ADMIN_PRE_2025,VNAP25-1D7625D8EF,VN_ADMIN_2025,VNA25-167DED5ACB,MERGED_INTO
VN_ADMIN_PRE_2025,VNAP25-F1CC12FB7C,VN_ADMIN_2025,VNA25-013B97AC8B,MERGED_INTO
VN_ADMIN_PRE_2025,VNAP25-7EEC9C6D61,VN_ADMIN_2025,VNA25-013B97AC8B,MERGED_INTO
VN_ADMIN_PRE_2025,VNAP25-4A7F5ECE38,VN_ADMIN_2025,VNA25-3B38A25990,MERGED_INTO
VN_ADMIN_PRE_2025,VNAP25-0B9982A0EB,VN_ADMIN_2025,VNA25-2D7085083D,MERGED_INTO
VN_ADMIN_PRE_2025,VNAP25-B205A394DB,VN_ADMIN_2025,VNA25-167DED5ACB,MERGED_INTO
VN_ADMIN_PRE_2025,VNAP25-68497B7828,VN_ADMIN_2025,VNA25-2D7085083D,MERGED_INTO
VN_ADMIN_PRE_2025,VNAP25-671177B558,VN_ADMIN_2025,VNA25-2D7085083D,MERGED_INTO
VN_ADMIN_PRE_2025,VNAP25-4378858D42,VN_ADMIN_2025,VNA25-167DED5ACB,MERGED_INTO
VN_ADMIN_PRE_2025,VNAP25-88E027F1D0,VN_ADMIN_2025,VNA25-013B97AC8B,MERGED_INTO
VN_ADMIN_PRE_2025,VNAP25-AB68819C69,VN_ADMIN_2025,VNA25-956F7D5C21,MERGED_INTO
VN_ADMIN_PRE_2025,VNAP25-479BFE0EE5,VN_ADMIN_2025,VNA25-3B38A25990,MERGED_INTO
VN_ADMIN_PRE_2025,VNAP25-59646628BA,VN_ADMIN_2025,VNA25-F72ACAF657,MERGED_INTO
VN_ADMIN_PRE_2025,VNAP25-C8D233E99A,VN_ADMIN_2025,VNA25-BD176091AB,MERGED_INTO
VN_ADMIN_PRE_2025,VNAP25-DAC54D085A,VN_ADMIN_2025,VNA25-BD176091AB,MERGED_INTO
VN_ADMIN_PRE_2025,VNAP25-D0049DE33D,VN_ADMIN_2025,VNA25-BD176091AB,MERGED_INTO
VN_ADMIN_PRE_2025,VNAP25-B3212EA8EB,VN_ADMIN_2025,VNA25-F72ACAF657,MERGED_INTO
VN_ADMIN_PRE_2025,VNAP25-C7F621EFCA,VN_ADMIN_2025,VNA25-F72ACAF657,MERGED_INTO
VN_ADMIN_PRE_2025,VNAP25-6FC6B13CB1,VN_ADMIN_2025,VNA25-B2507A3C74,MERGED_INTO
VN_ADMIN_PRE_2025,VNAP25-BAE416C0CD,VN_ADMIN_2025,VNA25-B2507A3C74,MERGED_INTO
VN_ADMIN_PRE_2025,VNAP25-5FF5888814,VN_ADMIN_2025,VNA25-956F7D5C21,MERGED_INTO
VN_ADMIN_PRE_2025,VNAP25-BB8F952730,VN_ADMIN_2025,VNA25-3F7965BFF7,MERGED_INTO
VN_ADMIN_PRE_2025,VNAP25-1132548BC0,VN_ADMIN_2025,VNA25-9C4AEE04B6,MERGED_INTO
VN_ADMIN_PRE_2025,VNAP25-AE583177AA,VN_ADMIN_2025,VNA25-3F7965BFF7,MERGED_INTO
VN_ADMIN_PRE_2025,VNAP25-E2948C9B54,VN_ADMIN_2025,VNA25-3F7965BFF7,MERGED_INTO
VN_ADMIN_PRE_2025,VNAP25-E4D57770E2,VN_ADMIN_2025,VNA25-9C4AEE04B6,MERGED_INTO
VN_ADMIN_PRE_2025,VNAP25-DDC227C283,VN_ADMIN_2025,VNA25-9C4AEE04B6,MERGED_INTO
VN_ADMIN_PRE_2025,VNAP25-8725AEE245,VN_ADMIN_2025,VNA25-9C4AEE04B6,MERGED_INTO
VN_ADMIN_PRE_2025,VNAP25-DE1AB208C5,VN_ADMIN_2025,VNA25-AD07AB884A,MERGED_INTO
VN_ADMIN_PRE_2025,VNAP25-FAB2317063,VN_ADMIN_2025,VNA25-C348611F60,MERGED_INTO
VN_ADMIN_PRE_2025,VNAP25-454D73D213,VN_ADMIN_2025,VNA25-F12CD37DE6,MERGED_INTO
VN_ADMIN_PRE_2025,VNAP25-AA2A6ECEE1,VN_ADMIN_2025,VNA25-AD07AB884A,MERGED_INTO
VN_ADMIN_PRE_2025,VNAP25-2D03810853,VN_ADMIN_2025,VNA25-874C1FC1B3,MERGED_INTO
VN_ADMIN_PRE_2025,VNAP25-58A7B2DF37,VN_ADMIN_2025,VNA25-F12CD37DE6,MERGED_INTO
VN_ADMIN_PRE_2025,VNAP25-B51AAEE444,VN_ADMIN_2025,VNA25-25038213AA,MERGED_INTO
VN_ADMIN_PRE_2025,VNAP25-A82E7C50C1,VN_ADMIN_2025,VNA25-874C1FC1B3,MERGED_INTO
VN_ADMIN_PRE_2025,VNAP25-3899314624,VN_ADMIN_2025,VNA25-F12CD37DE6,MERGED_INTO
VN_ADMIN_PRE_2025,VNAP25-9B4098684B,VN_ADMIN_2025,VNA25-C348611F60,MERGED_INTO
VN_ADMIN_PRE_2025,VNAP25-93579F1958,VN_ADMIN_2025,VNA25-874C1FC1B3,MERGED_INTO
VN_ADMIN_PRE_2025,VNAP25-58F11295D4,VN_ADMIN_2025,VNA25-AD07AB884A,MERGED_INTO
VN_ADMIN_PRE_2025,VNAP25-CD9519CD82,VN_ADMIN_2025,VNA25-AD07AB884A,MERGED_INTO
VN_ADMIN_PRE_2025,VNAP25-0CDEA2DE85,VN_ADMIN_2025,VNA25-F12CD37DE6,MERGED_INTO
VN_ADMIN_PRE_2025,VNAP25-581A049067,VN_ADMIN_2025,VNA25-C348611F60,MERGED_INTO
VN_ADMIN_PRE_2025,VNAP25-6F2B4FCC73,VN_ADMIN_2025,VNA25-C348611F60,MERGED_INTO
VN_ADMIN_PRE_2025,VNAP25-725ADFF312,VN_ADMIN_2025,VNA25-25038213AA,MERGED_INTO
VN_ADMIN_PRE_2025,VNAP25-BD351EDF4A,VN_ADMIN_2025,VNA25-9CAC956BBB,MERGED_INTO
VN_ADMIN_PRE_2025,VNAP25-1FE36F9C63,VN_ADMIN_2025,VNA25-3946D007B2,SPLIT_INTO
VN_ADMIN_PRE_2025,VNAP25-1FE36F9C63,VN_ADMIN_2025,VNA25-E9DB8ABE56,SPLIT_INTO
VN_ADMIN_PRE_2025,VNAP25-DA8FC49083,VN_ADMIN_2025,VNA25-33A4943AB8,MERGED_INTO
VN_ADMIN_PRE_2025,VNAP25-CB0918F0E5,VN_ADMIN_2025,VNA25-3946D007B2,MERGED_INTO
VN_ADMIN_PRE_2025,VNAP25-347693743D,VN_ADMIN_2025,VNA25-9CAC956BBB,MERGED_INTO
VN_ADMIN_PRE_2025,VNAP25-C54E7EAAF5,VN_ADMIN_2025,VNA25-33A4943AB8,MERGED_INTO
VN_ADMIN_PRE_2025,VNAP25-745CDE8EBA,VN_ADMIN_2025,VNA25-E5F47F4B57,MERGED_INTO
VN_ADMIN_PRE_2025,VNAP25-002C0BDDE4,VN_ADMIN_2025,VNA25-9CAC956BBB,MERGED_INTO
VN_ADMIN_PRE_2025,VNAP25-4D9D6E601E,VN_ADMIN_2025,VNA25-3946D007B2,MERGED_INTO
VN_ADMIN_PRE_2025,VNAP25-054A55A4CD,VN_ADMIN_2025,VNA25-E5F47F4B57,MERGED_INTO
VN_ADMIN_PRE_2025,VNAP25-47D87DF1A7,VN_ADMIN_2025,VNA25-E5F47F4B57,MERGED_INTO
VN_ADMIN_PRE_2025,VNAP25-EA75B8577B,VN_ADMIN_2025,VNA25-E5F47F4B57,MERGED_INTO
VN_ADMIN_PRE_2025,VNAP25-3511FDA5CE,VN_ADMIN_2025,VNA25-3946D007B2,MERGED_INTO
VN_ADMIN_PRE_2025,VNAP25-0AD2A1A68D,VN_ADMIN_2025,VNA25-3F7965BFF7,MERGED_INTO
VN_ADMIN_PRE_2025,VNAP25-800B6964E3,VN_ADMIN_2025,VNA25-E9DB8ABE56,MERGED_INTO
VN_ADMIN_PRE_2025,VNAP25-5C86AB0ED5,VN_ADMIN_2025,VNA25-33A4943AB8,MERGED_INTO
VN_ADMIN_PRE_2025,VNAP25-739B4E4172,VN_ADMIN_2025,VNA25-33A4943AB8,MERGED_INTO
VN_ADMIN_PRE_2025,VNAP25-C2C9339F16,VN_ADMIN_2025,VNA25-E9DB8ABE56,MERGED_INTO
VN_ADMIN_PRE_2025,VNAP25-265936F8F3,VN_ADMIN_2025,VNA25-3946D007B2,MERGED_INTO
VN_ADMIN_PRE_2025,VNAP25-CE69C41A96,VN_ADMIN_2025,VNA25-0FBC01BC6F,MERGED_INTO
VN_ADMIN_PRE_2025,VNAP25-6F2E9F1470,VN_ADMIN_2025,VNA25-1D3305CCD8,MERGED_INTO
VN_ADMIN_PRE_2025,VNAP25-A6CCA58DAF,VN_ADMIN_2025,VNA25-10B39D6E7A,MERGED_INTO
VN_ADMIN_PRE_2025,VNAP25-025EE749AB,VN_ADMIN_2025,VNA25-0FBC01BC6F,MERGED_INTO
VN_ADMIN_PRE_2025,VNAP25-DB8FABD40D,VN_ADMIN_2025,VNA25-1D3305CCD8,MERGED_INTO
VN_ADMIN_PRE_2025,VNAP25-FB8B5907FB,VN_ADMIN_2025,VNA25-9BBE031146,MERGED_INTO
VN_ADMIN_PRE_2025,VNAP25-4D41BE07B6,VN_ADMIN_2025,VNA25-488AC9D1BB,MERGED_INTO
VN_ADMIN_PRE_2025,VNAP25-4B38D05F6D,VN_ADMIN_2025,VNA25-488AC9D1BB,MERGED_INTO
VN_ADMIN_PRE_2025,VNAP25-7B765CEEF5,VN_ADMIN_2025,VNA25-1D3305CCD8,MERGED_INTO
VN_ADMIN_PRE_2025,VNAP25-C17DB5D43C,VN_ADMIN_2025,VNA25-488AC9D1BB,MERGED_INTO
VN_ADMIN_PRE_2025,VNAP25-6EA215EC0B,VN_ADMIN_2025,VNA25-9BBE031146,MERGED_INTO
VN_ADMIN_PRE_2025,VNAP25-7447125218,VN_ADMIN_2025,VNA25-1D3305CCD8,MERGED_INTO
VN_ADMIN_PRE_2025,VNAP25-50A2E985A2,VN_ADMIN_2025,VNA25-9BBE031146,MERGED_INTO
VN_ADMIN_PRE_2025,VNAP25-2D76972780,VN_ADMIN_2025,VNA25-1D3305CCD8,MERGED_INTO
VN_ADMIN_PRE_2025,VNAP25-4AE1AEDF43,VN_ADMIN_2025,VNA25-488AC9D1BB,MERGED_INTO
VN_ADMIN_PRE_2025,VNAP25-E63E5D6E13,VN_ADMIN_2025,VNA25-488AC9D1BB,MERGED_INTO
VN_ADMIN_PRE_2025,VNAP25-528D433EF3,VN_ADMIN_2025,VNA25-0FBC01BC6F,MERGED_INTO
VN_ADMIN_PRE_2025,VNAP25-CA0DEEE7FA,VN_ADMIN_2025,VNA25-9BBE031146,MERGED_INTO
VN_ADMIN_PRE_2025,VNAP25-9D92B1267B,VN_ADMIN_2025,VNA25-10B39D6E7A,MERGED_INTO
VN_ADMIN_PRE_2025,VNAP25-C4D2382BCF,VN_ADMIN_2025,VNA25-10B39D6E7A,MERGED_INTO
VN_ADMIN_PRE_2025,VNAP25-C36CE666E7,VN_ADMIN_2025,VNA25-0FBC01BC6F,MERGED_INTO
VN_ADMIN_PRE_2025,VNAP25-0327C5E802,VN_ADMIN_2025,VNA25-488AC9D1BB,MERGED_INTO
VN_ADMIN_PRE_2025,VNAP25-457CEA9618,VN_ADMIN_2025,VNA25-17BB0D0916,MERGED_INTO
VN_ADMIN_PRE_2025,VNAP25-95FFBAA2C7,VN_ADMIN_2025,VNA25-7E22FD9D7F,MERGED_INTO
VN_ADMIN_PRE_2025,VNAP25-7E2C5CE9E0,VN_ADMIN_2025,VNA25-80813C6592,MERGED_INTO
VN_ADMIN_PRE_2025,VNAP25-476BC6A151,VN_ADMIN_2025,VNA25-17BB0D0916,MERGED_INTO
VN_ADMIN_PRE_2025,VNAP25-1D4834EC00,VN_ADMIN_2025,VNA25-17BB0D0916,MERGED_INTO
VN_ADMIN_PRE_2025,VNAP25-CAAF084D19,VN_ADMIN_2025,VNA25-8A5A401DAB,MERGED_INTO
VN_ADMIN_PRE_2025,VNAP25-04E707C24A,VN_ADMIN_2025,VNA25-17BB0D0916,MERGED_INTO
VN_ADMIN_PRE_2025,VNAP25-C4208137B6,VN_ADMIN_2025,VNA25-17BB0D0916,MERGED_INTO
VN_ADMIN_PRE_2025,VNAP25-2C4B2449BC,VN_ADMIN_2025,VNA25-09281A7DE5,MERGED_INTO
VN_ADMIN_PRE_2025,VNAP25-F6F6AE04C3,VN_ADMIN_2025,VNA25-17BB0D0916,MERGED_INTO
VN_ADMIN_PRE_2025,VNAP25-EC7B12AC16,VN_ADMIN_2025,VNA25-A8A21750F7,MERGED_INTO
VN_ADMIN_PRE_2025,VNAP25-FC2B217BD9,VN_ADMIN_2025,VNA25-09281A7DE5,MERGED_INTO
VN_ADMIN_PRE_2025,VNAP25-039BF93601,VN_ADMIN_2025,VNA25-05125EA8B2,MERGED_INTO
VN_ADMIN_PRE_2025,VNAP25-7BC47CFF50,VN_ADMIN_2025,VNA25-7ED36B2CA6,MERGED_INTO
VN_ADMIN_PRE_2025,VNAP25-193D8FB0BE,VN_ADMIN_2025,VNA25-80813C6592,MERGED_INTO
VN_ADMIN_PRE_2025,VNAP25-7336F6C9A4,VN_ADMIN_2025,VNA25-8A5A401DAB,MERGED_INTO
VN_ADMIN_PRE_2025,VNAP25-C084841E36,VN_ADMIN_2025,VNA25-80813C6592,MERGED_INTO
VN_ADMIN_PRE_2025,VNAP25-5017208157,VN_ADMIN_2025,VNA25-05125EA8B2,MERGED_INTO
VN_ADMIN_PRE_2025,VNAP25-745CB4B457,VN_ADMIN_2025,VNA25-8A5A401DAB,MERGED_INTO
VN_ADMIN_PRE_2025,VNAP25-A3DD34102B,VN_ADMIN_2025,VNA25-05125EA8B2,MERGED_INTO
VN_ADMIN_PRE_2025,VNAP25-01D393A9C4,VN_ADMIN_2025,VNA25-09281A7DE5,MERGED_INTO
VN_ADMIN_PRE_2025,VNAP25-C48A21065F,VN_ADMIN_2025,VNA25-7E22FD9D7F,MERGED_INTO
VN_ADMIN_PRE_2025,VNAP25-1F9742B0AA,VN_ADMIN_2025,VNA25-7ED36B2CA6,MERGED_INTO
VN_ADMIN_PRE_2025,VNAP25-B10E187172,VN_ADMIN_2025,VNA25-7ED36B2CA6,MERGED_INTO
VN_ADMIN_PRE_2025,VNAP25-14D42C7CC1,VN_ADMIN_2025,VNA25-80813C6592,MERGED_INTO
VN_ADMIN_PRE_2025,VNAP25-022BEA4859,VN_ADMIN_2025,VNA25-8A5A401DAB,MERGED_INTO
VN_ADMIN_PRE_2025,VNAP25-A3D699EF36,VN_ADMIN_2025,VNA25-7ED36B2CA6,MERGED_INTO
VN_ADMIN_PRE_2025,VNAP25-181936CEAE,VN_ADMIN_2025,VNA25-7ED36B2CA6,MERGED_INTO
VN_ADMIN_PRE_2025,VNAP25-6369647D95,VN_ADMIN_2025,VNA25-A8A21750F7,MERGED_INTO
VN_ADMIN_PRE_2025,VNAP25-3180E5D507,VN_ADMIN_2025,VNA25-7ED36B2CA6,MERGED_INTO
VN_ADMIN_PRE_2025,VNAP25-230237B1DD,VN_ADMIN_2025,VNA25-7E22FD9D7F,MERGED_INTO
VN_ADMIN_PRE_2025,VNAP25-D40C172B46,VN_ADMIN_2025,VNA25-05125EA8B2,MERGED_INTO
VN_ADMIN_PRE_2025,VNAP25-81C1A089DB,VN_ADMIN_2025,VNA25-A8A21750F7,MERGED_INTO
VN_ADMIN_PRE_2025,VNAP25-7B6D067E0D,VN_ADMIN_2025,VNA25-09281A7DE5,MERGED_INTO
VN_ADMIN_PRE_2025,VNAP25-0597027C6C,VN_ADMIN_2025,VNA25-7E22FD9D7F,MERGED_INTO
VN_ADMIN_PRE_2025,VNAP25-4E0A566B2D,VN_ADMIN_2025,VNA25-A8A21750F7,MERGED_INTO
VN_ADMIN_PRE_2025,VNAP25-DB2229C0EC,VN_ADMIN_2025,VNA25-89C6248131,MERGED_INTO
VN_ADMIN_PRE_2025,VNAP25-72E73FAB81,VN_ADMIN_2025,VNA25-095D678236,MERGED_INTO
VN_ADMIN_PRE_2025,VNAP25-B14DD3C480,VN_ADMIN_2025,VNA25-095D678236,MERGED_INTO
VN_ADMIN_PRE_2025,VNAP25-FA16B4B3ED,VN_ADMIN_2025,VNA25-496FF3CE50,MERGED_INTO
VN_ADMIN_PRE_2025,VNAP25-AF0EA43C43,VN_ADMIN_2025,VNA25-88648680CB,MERGED_INTO
VN_ADMIN_PRE_2025,VNAP25-1E492F2693,VN_ADMIN_2025,VNA25-496FF3CE50,MERGED_INTO
VN_ADMIN_PRE_2025,VNAP25-CB32AA2D7A,VN_ADMIN_2025,VNA25-89C6248131,MERGED_INTO
VN_ADMIN_PRE_2025,VNAP25-3772D6A9B0,VN_ADMIN_2025,VNA25-88648680CB,MERGED_INTO
VN_ADMIN_PRE_2025,VNAP25-992F4925B7,VN_ADMIN_2025,VNA25-0482BA5169,SAME_AS
VN_ADMIN_PRE_2025,VNAP25-7F454CF11D,VN_ADMIN_2025,VNA25-502E218660,SAME_AS
VN_ADMIN_PRE_2025,VNAP25-A51EB0AA56,VN_ADMIN_2025,VNA25-EC6CCCC60F,SAME_AS
VN_ADMIN_PRE_2025,VNAP25-048886762B,VN_ADMIN_2025,VNA25-71DE349315,SAME_AS
VN_ADMIN_PRE_2025,VNAP25-0DF73B8445,VN_ADMIN_2025,VNA25-B335FCD11C,SAME_AS
VN_ADMIN_PRE_2025,VNAP25-92D91630F3,VN_ADMIN_2025,VNA25-A30119E1E6,SAME_AS
VN_ADMIN_PRE_2025,VNAP25-C3C170110D,VN_ADMIN_2025,VNA25-DA7D7A67B0,SAME_AS
VN_ADMIN_PRE_2025,VNAP25-D87110F75D,VN_ADMIN_2025,VNA25-400509AB03,SAME_AS
VN_ADMIN_PRE_2025,VNAP25-D59104BC81,VN_ADMIN_2025,VNA25-1321C20D00,SAME_AS
VN_ADMIN_PRE_2025,VNAP25-F3C2A6A9B7,VN_ADMIN_2025,VNA25-6F47BE39A5,SAME_AS
VN_ADMIN_PRE_2025,VNAP25-C5BF807E9C,VN_ADMIN_2025,VNA25-F5B64DDF4A,MERGED_INTO
VN_ADMIN_PRE_2025,VNAP25-F8D62BCA2C,VN_ADMIN_2025,VNA25-34B4995F68,MERGED_INTO
VN_ADMIN_PRE_2025,VNAP25-A21DB11B59,VN_ADMIN_2025,VNA25-34B4995F68,MERGED_INTO
VN_ADMIN_PRE_2025,VNAP25-ACCBB74FC4,VN_ADMIN_2025,VNA25-0B8D10C7A3,MERGED_INTO
VN_ADMIN_PRE_2025,VNAP25-FAA1B9C0C5,VN_ADMIN_2025,VNA25-0B8D10C7A3,MERGED_INTO
VN_ADMIN_PRE_2025,VNAP25-CDFBCBF0C2,VN_ADMIN_2025,VNA25-C2967A20C3,MERGED_INTO
VN_ADMIN_PRE_2025,VNAP25-00325AC901,VN_ADMIN_2025,VNA25-0B8D10C7A3,MERGED_INTO
VN_ADMIN_PRE_2025,VNAP25-63F30FEF5D,VN_ADMIN_2025,VNA25-34B4995F68,MERGED_INTO
VN_ADMIN_PRE_2025,VNAP25-37D5173913,VN_ADMIN_2025,VNA25-71592760B6,MERGED_INTO
VN_ADMIN_PRE_2025,VNAP25-EDE2DC01A1,VN_ADMIN_2025,VNA25-C2967A20C3,MERGED_INTO
VN_ADMIN_PRE_2025,VNAP25-CF5B4A582F,VN_ADMIN_2025,VNA25-2742659E11,MERGED_INTO
VN_ADMIN_PRE_2025,VNAP25-D251B363B9,VN_ADMIN_2025,VNA25-71592760B6,MERGED_INTO
VN_ADMIN_PRE_2025,VNAP25-BFB03F1ACB,VN_ADMIN_2025,VNA25-2742659E11,MERGED_INTO
VN_ADMIN_PRE_2025,VNAP25-5AE978EEAC,VN_ADMIN_2025,VNA25-71592760B6,MERGED_INTO
VN_ADMIN_PRE_2025,VNAP25-B8915C066F,VN_ADMIN_2025,VNA25-C2967A20C3,MERGED_INTO
VN_ADMIN_PRE_2025,VNAP25-2DB3B60001,VN_ADMIN_2025,VNA25-0B8D10C7A3,MERGED_INTO
VN_ADMIN_PRE_2025,VNAP25-F08D0482FF,VN_ADMIN_2025,VNA25-F5B64DDF4A,MERGED_INTO
VN_ADMIN_PRE_2025,VNAP25-1B7FD41676,VN_ADMIN_2025,VNA25-C2967A20C3,MERGED_INTO
VN_ADMIN_PRE_2025,VNAP25-E2DE00CD56,VN_ADMIN_2025,VNA25-2742659E11,MERGED_INTO
VN_ADMIN_PRE_2025,VNAP25-0313B8D095,VN_ADMIN_2025,VNA25-F5B64DDF4A,MERGED_INTO
VN_ADMIN_PRE_2025,VNAP25-65192756A8,VN_ADMIN_2025,VNA25-71592760B6,MERGED_INTO
VN_ADMIN_PRE_2025,VNAP25-B3B2B2FDAC,VN_ADMIN_2025,VNA25-F5B64DDF4A,MERGED_INTO
VN_ADMIN_PRE_2025,VNAP25-42C4E255FA,VN_ADMIN_2025,VNA25-C2967A20C3,MERGED_INTO
VN_ADMIN_PRE_2025,VNAP25-99E3ED0425,VN_ADMIN_2025,VNA25-421D864DB7,MERGED_INTO
VN_ADMIN_PRE_2025,VNAP25-5BB020844B,VN_ADMIN_2025,VNA25-BFCFFBB5A9,MERGED_INTO
VN_ADMIN_PRE_2025,VNAP25-952CC7CEFE,VN_ADMIN_2025,VNA25-421D864DB7,MERGED_INTO
VN_ADMIN_PRE_2025,VNAP25-343CB73AF4,VN_ADMIN_2025,VNA25-86FAD23EC3,MERGED_INTO
VN_ADMIN_PRE_2025,VNAP25-B916D7437B,VN_ADMIN_2025,VNA25-8BB033E9C3,MERGED_INTO
VN_ADMIN_PRE_2025,VNAP25-15DDAF41ED,VN_ADMIN_2025,VNA25-151089C96B,MERGED_INTO
VN_ADMIN_PRE_2025,VNAP25-12FD20C9CD,VN_ADMIN_2025,VNA25-3F36E7BFD8,MERGED_INTO
VN_ADMIN_PRE_2025,VNAP25-57EAD9CAF1,VN_ADMIN_2025,VNA25-74A1CB4F1E,MERGED_INTO
VN_ADMIN_PRE_2025,VNAP25-C1753ADE00,VN_ADMIN_2025,VNA25-BFCFFBB5A9,MERGED_INTO
VN_ADMIN_PRE_2025,VNAP25-B58729F9BF,VN_ADMIN_2025,VNA25-86FAD23EC3,MERGED_INTO
VN_ADMIN_PRE_2025,VNAP25-C75CFCC9BF,VN_ADMIN_2025,VNA25-BFCFFBB5A9,MERGED_INTO
VN_ADMIN_PRE_2025,VNAP25-4956C96F61,VN_ADMIN_2025,VNA25-3F36E7BFD8,MERGED_INTO
VN_ADMIN_PRE_2025,VNAP25-CB99067123,VN_ADMIN_2025,VNA25-BFCFFBB5A9,MERGED_INTO
VN_ADMIN_PRE_2025,VNAP25-4F0E9A3927,VN_ADMIN_2025,VNA25-74A1CB4F1E,MERGED_INTO
VN_ADMIN_PRE_2025,VNAP25-0066D36CFE,VN_ADMIN_2025,VNA25-151089C96B,MERGED_INTO
VN_ADMIN_PRE_2025,VNAP25-8C1E1F5757,VN_ADMIN_2025,VNA25-74A1CB4F1E,MERGED_INTO
VN_ADMIN_PRE_2025,VNAP25-FE55AA6F57,VN_ADMIN_2025,VNA25-8BB033E9C3,MERGED_INTO
VN_ADMIN_PRE_2025,VNAP25-75A7F54824,VN_ADMIN_2025,VNA25-9ADE42E276,MERGED_INTO
VN_ADMIN_PRE_2025,VNAP25-6FC9900A04,VN_ADMIN_2025,VNA25-86FAD23EC3,MERGED_INTO
VN_ADMIN_PRE_2025,VNAP25-85F9700DCF,VN_ADMIN_2025,VNA25-1126852D34,MERGED_INTO
VN_ADMIN_PRE_2025,VNAP25-F0B3E5D628,VN_ADMIN_2025,VNA25-1126852D34,MERGED_INTO
VN_ADMIN_PRE_2025,VNAP25-0FC07EB18B,VN_ADMIN_2025,VNA25-8BB033E9C3,MERGED_INTO
VN_ADMIN_PRE_2025,VNAP25-B5C2F7B3F4,VN_ADMIN_2025,VNA25-E0630C8C75,MERGED_INTO
VN_ADMIN_PRE_2025,VNAP25-ED364348C7,VN_ADMIN_2025,VNA25-3F36E7BFD8,MERGED_INTO
VN_ADMIN_PRE_2025,VNAP25-48F9FFAA18,VN_ADMIN_2025,VNA25-3F36E7BFD8,MERGED_INTO
VN_ADMIN_PRE_2025,VNAP25-B90C732313,VN_ADMIN_2025,VNA25-151089C96B,MERGED_INTO
VN_ADMIN_PRE_2025,VNAP25-858345EE3E,VN_ADMIN_2025,VNA25-1126852D34,MERGED_INTO
VN_ADMIN_PRE_2025,VNAP25-559C8F4DE1,VN_ADMIN_2025,VNA25-E0630C8C75,MERGED_INTO
VN_ADMIN_PRE_2025,VNAP25-6D661FB1C0,VN_ADMIN_2025,VNA25-1126852D34,MERGED_INTO
VN_ADMIN_PRE_2025,VNAP25-25F6A811AA,VN_ADMIN_2025,VNA25-9ADE42E276,MERGED_INTO
VN_ADMIN_PRE_2025,VNAP25-8AFE577B7D,VN_ADMIN_2025,VNA25-5FA760A2A8,MERGED_INTO
VN_ADMIN_PRE_2025,VNAP25-B40D8CD0CE,VN_ADMIN_2025,VNA25-918FDFF7F5,MERGED_INTO
VN_ADMIN_PRE_2025,VNAP25-B2673CF3CC,VN_ADMIN_2025,VNA25-F748FB7B84,MERGED_INTO
VN_ADMIN_PRE_2025,VNAP25-8F8040580A,VN_ADMIN_2025,VNA25-8729DC014F,MERGED_INTO
VN_ADMIN_PRE_2025,VNAP25-34796E7467,VN_ADMIN_2025,VNA25-5FA760A2A8,MERGED_INTO
VN_ADMIN_PRE_2025,VNAP25-2CC618AF63,VN_ADMIN_2025,VNA25-918FDFF7F5,MERGED_INTO
VN_ADMIN_PRE_2025,VNAP25-1DECC440AC,VN_ADMIN_2025,VNA25-5FA760A2A8,MERGED_INTO
VN_ADMIN_PRE_2025,VNAP25-DCBE77D3C5,VN_ADMIN_2025,VNA25-5FA760A2A8,MERGED_INTO
VN_ADMIN_PRE_2025,VNAP25-BA0A7D2B38,VN_ADMIN_2025,VNA25-E3759AEEFD,MERGED_INTO
VN_ADMIN_PRE_2025,VNAP25-3C732D2262,VN_ADMIN_2025,VNA25-E3759AEEFD,MERGED_INTO
VN_ADMIN_PRE_2025,VNAP25-8F4F6C4214,VN_ADMIN_2025,VNA25-918FDFF7F5,MERGED_INTO
VN_ADMIN_PRE_2025,VNAP25-8C515DFBBC,VN_ADMIN_2025,VNA25-918FDFF7F5,MERGED_INTO
VN_ADMIN_PRE_2025,VNAP25-81BD9DC392,VN_ADMIN_2025,VNA25-918FDFF7F5,MERGED_INTO
VN_ADMIN_PRE_2025,VNAP25-6FA817C0B5,VN_ADMIN_2025,VNA25-A5E16AAB7B,MERGED_INTO
VN_ADMIN_PRE_2025,VNAP25-80D8841B74,VN_ADMIN_2025,VNA25-8729DC014F,MERGED_INTO
VN_ADMIN_PRE_2025,VNAP25-C97C05A63C,VN_ADMIN_2025,VNA25-A5E16AAB7B,MERGED_INTO
VN_ADMIN_PRE_2025,VNAP25-AB0EDE1A6F,VN_ADMIN_2025,VNA25-8729DC014F,MERGED_INTO
VN_ADMIN_PRE_2025,VNAP25-1B89D8EE59,VN_ADMIN_2025,VNA25-F748FB7B84,MERGED_INTO
VN_ADMIN_PRE_2025,VNAP25-8DCEFD53DE,VN_ADMIN_2025,VNA25-F748FB7B84,MERGED_INTO
VN_ADMIN_PRE_2025,VNAP25-1447E20FF3,VN_ADMIN_2025,VNA25-E3759AEEFD,MERGED_INTO
VN_ADMIN_PRE_2025,VNAP25-DEED6226C4,VN_ADMIN_2025,VNA25-A5E16AAB7B,MERGED_INTO
VN_ADMIN_PRE_2025,VNAP25-9CC76B423A,VN_ADMIN_2025,VNA25-E7DB3EA768,MERGED_INTO
VN_ADMIN_PRE_2025,VNAP25-9B4C62BA6A,VN_ADMIN_2025,VNA25-CF8F1E1AD7,MERGED_INTO
VN_ADMIN_PRE_2025,VNAP25-79228C8C31,VN_ADMIN_2025,VNA25-E7DB3EA768,MERGED_INTO
VN_ADMIN_PRE_2025,VNAP25-A7A353E339,VN_ADMIN_2025,VNA25-E34E0BC6E3,MERGED_INTO
VN_ADMIN_PRE_2025,VNAP25-E016F42E6A,VN_ADMIN_2025,VNA25-E34E0BC6E3,MERGED_INTO
VN_ADMIN_PRE_2025,VNAP25-210AFBB75F,VN_ADMIN_2025,VNA25-CF8F1E1AD7,MERGED_INTO
VN_ADMIN_PRE_2025,VNAP25-4A34997F8F,VN_ADMIN_2025,VNA25-D3102D71C3,MERGED_INTO
VN_ADMIN_PRE_2025,VNAP25-2895493370,VN_ADMIN_2025,VNA25-D3102D71C3,MERGED_INTO
VN_ADMIN_PRE_2025,VNAP25-8228D4CB59,VN_ADMIN_2025,VNA25-CF8F1E1AD7,MERGED_INTO
VN_ADMIN_PRE_2025,VNAP25-010F3193A1,VN_ADMIN_2025,VNA25-E7DB3EA768,MERGED_INTO
VN_ADMIN_PRE_2025,VNAP25-F3BF0E35A9,VN_ADMIN_2025,VNA25-90DB3B6297,MERGED_INTO
VN_ADMIN_PRE_2025,VNAP25-3AB28828EB,VN_ADMIN_2025,VNA25-373393CB72,SAME_AS
VN_ADMIN_PRE_2025,VNAP25-3105551C16,VN_ADMIN_2025,VNA25-90DB3B6297,MERGED_INTO
VN_ADMIN_PRE_2025,VNAP25-F21FFEBACA,VN_ADMIN_2025,VNA25-90DB3B6297,SPLIT_INTO
VN_ADMIN_PRE_2025,VNAP25-F21FFEBACA,VN_ADMIN_2025,VNA25-E7DB3EA768,SPLIT_INTO
VN_ADMIN_PRE_2025,VNAP25-CB14C51F02,VN_ADMIN_2025,VNA25-A723747586,MERGED_INTO
VN_ADMIN_PRE_2025,VNAP25-42BEBA6225,VN_ADMIN_2025,VNA25-3A80278FB1,MERGED_INTO
VN_ADMIN_PRE_2025,VNAP25-067D74D1BF,VN_ADMIN_2025,VNA25-9F11D776A3,MERGED_INTO
VN_ADMIN_PRE_2025,VNAP25-8FD29D689A,VN_ADMIN_2025,VNA25-9F11D776A3,MERGED_INTO
VN_ADMIN_PRE_2025,VNAP25-BBC6AE9AC6,VN_ADMIN_2025,VNA25-3A80278FB1,MERGED_INTO
VN_ADMIN_PRE_2025,VNAP25-A355B8CB14,VN_ADMIN_2025,VNA25-B367C4F5DC,MERGED_INTO
VN_ADMIN_PRE_2025,VNAP25-3289D945DE,VN_ADMIN_2025,VNA25-B8780D395C,MERGED_INTO
VN_ADMIN_PRE_2025,VNAP25-B94AF77DF5,VN_ADMIN_2025,VNA25-B8780D395C,MERGED_INTO
VN_ADMIN_PRE_2025,VNAP25-53D801D08D,VN_ADMIN_2025,VNA25-B8780D395C,MERGED_INTO
VN_ADMIN_PRE_2025,VNAP25-9BC4E4D403,VN_ADMIN_2025,VNA25-EED0B62460,MERGED_INTO
VN_ADMIN_PRE_2025,VNAP25-E5C061093A,VN_ADMIN_2025,VNA25-EED0B62460,MERGED_INTO
VN_ADMIN_PRE_2025,VNAP25-9FB6D305D6,VN_ADMIN_2025,VNA25-EED0B62460,MERGED_INTO
VN_ADMIN_PRE_2025,VNAP25-F8EB23447C,VN_ADMIN_2025,VNA25-9F11D776A3,MERGED_INTO
VN_ADMIN_PRE_2025,VNAP25-D33B771C2F,VN_ADMIN_2025,VNA25-A723747586,MERGED_INTO
VN_ADMIN_PRE_2025,VNAP25-E0BA2D5A78,VN_ADMIN_2025,VNA25-A723747586,MERGED_INTO
VN_ADMIN_PRE_2025,VNAP25-EB6AF31110,VN_ADMIN_2025,VNA25-B367C4F5DC,MERGED_INTO
VN_ADMIN_PRE_2025,VNAP25-A205A2B541,VN_ADMIN_2025,VNA25-C702706325,MERGED_INTO
VN_ADMIN_PRE_2025,VNAP25-993B905A8B,VN_ADMIN_2025,VNA25-C702706325,MERGED_INTO
VN_ADMIN_PRE_2025,VNAP25-D49CEF43BE,VN_ADMIN_2025,VNA25-685E6D1858,MERGED_INTO
VN_ADMIN_PRE_2025,VNAP25-C85D07A9C7,VN_ADMIN_2025,VNA25-685E6D1858,MERGED_INTO
VN_ADMIN_PRE_2025,VNAP25-0D9AC3CE77,VN_ADMIN_2025,VNA25-3FAA5FBB1F,MERGED_INTO
VN_ADMIN_PRE_2025,VNAP25-73721487EF,VN_ADMIN_2025,VNA25-3FAA5FBB1F,MERGED_INTO
VN_ADMIN_PRE_2025,VNAP25-0C81DB31F9,VN_ADMIN_2025,VNA25-3FAA5FBB1F,MERGED_INTO
VN_ADMIN_PRE_2025,VNAP25-B350CFEC8D,VN_ADMIN_2025,VNA25-685E6D1858,MERGED_INTO
VN_ADMIN_PRE_2025,VNAP25-C586FDE0E8,VN_ADMIN_2025,VNA25-685E6D1858,MERGED_INTO
VN_ADMIN_PRE_2025,VNAP25-3C81C4840D,VN_ADMIN_2025,VNA25-685E6D1858,MERGED_INTO
VN_ADMIN_PRE_2025,VNAP25-4DA1BC5CB3,VN_ADMIN_2025,VNA25-C6C00EC799,MERGED_INTO
VN_ADMIN_PRE_2025,VNAP25-45A349DA31,VN_ADMIN_2025,VNA25-C6C00EC799,MERGED_INTO
VN_ADMIN_PRE_2025,VNAP25-34E37505AE,VN_ADMIN_2025,VNA25-C6C00EC799,MERGED_INTO
VN_ADMIN_PRE_2025,VNAP25-31C0512FF6,VN_ADMIN_2025,VNA25-4332FBEF6C,MERGED_INTO
VN_ADMIN_PRE_2025,VNAP25-1592B4D945,VN_ADMIN_2025,VNA25-4332FBEF6C,MERGED_INTO
VN_ADMIN_PRE_2025,VNAP25-882F272BA7,VN_ADMIN_2025,VNA25-4332FBEF6C,MERGED_INTO
VN_ADMIN_PRE_2025,VNAP25-7BCC175CA5,VN_ADMIN_2025,VNA25-685E6D1858,MERGED_INTO
VN_ADMIN_PRE_2025,VNAP25-9E9A4F0ABA,VN_ADMIN_2025,VNA25-C6C00EC799,MERGED_INTO
VN_ADMIN_PRE_2025,VNAP25-DFF0150A86,VN_ADMIN_2025,VNA25-99CBD8E523,MERGED_INTO
VN_ADMIN_PRE_2025,VNAP25-12C4FE7163,VN_ADMIN_2025,VNA25-99CBD8E523,MERGED_INTO
VN_ADMIN_PRE_2025,VNAP25-437DA8214B,VN_ADMIN_2025,VNA25-99CBD8E523,MERGED_INTO
VN_ADMIN_PRE_2025,VNAP25-B57CE57EE9,VN_ADMIN_2025,VNA25-99CBD8E523,MERGED_INTO
VN_ADMIN_PRE_2025,VNAP25-ADAFF9319E,VN_ADMIN_2025,VNA25-67AD10EC70,MERGED_INTO
VN_ADMIN_PRE_2025,VNAP25-6964DBA5CD,VN_ADMIN_2025,VNA25-67AD10EC70,MERGED_INTO
VN_ADMIN_PRE_2025,VNAP25-A3FC168BEB,VN_ADMIN_2025,VNA25-67AD10EC70,MERGED_INTO
VN_ADMIN_PRE_2025,VNAP25-A3F070B938,VN_ADMIN_2025,VNA25-3FAA5FBB1F,MERGED_INTO
VN_ADMIN_PRE_2025,VNAP25-670E6734AF,VN_ADMIN_2025,VNA25-3FAA5FBB1F,MERGED_INTO
VN_ADMIN_PRE_2025,VNAP25-53CC031738,VN_ADMIN_2025,VNA25-3FAA5FBB1F,MERGED_INTO
VN_ADMIN_PRE_2025,VNAP25-14D0245A6E,VN_ADMIN_2025,VNA25-C702706325,MERGED_INTO
VN_ADMIN_PRE_2025,VNAP25-8A93173DDE,VN_ADMIN_2025,VNA25-32CEAC8CBB,MERGED_INTO
VN_ADMIN_PRE_2025,VNAP25-4A2165B2C9,VN_ADMIN_2025,VNA25-32CEAC8CBB,MERGED_INTO
VN_ADMIN_PRE_2025,VNAP25-12D1858E8B,VN_ADMIN_2025,VNA25-B2D08D248F,MERGED_INTO
VN_ADMIN_PRE_2025,VNAP25-F6C734EB01,VN_ADMIN_2025,VNA25-C71C606DE0,MERGED_INTO
VN_ADMIN_PRE_2025,VNAP25-88E79E7B30,VN_ADMIN_2025,VNA25-994979E104,MERGED_INTO
VN_ADMIN_PRE_2025,VNAP25-1D208A0BA2,VN_ADMIN_2025,VNA25-994979E104,MERGED_INTO
VN_ADMIN_PRE_2025,VNAP25-01D53D3286,VN_ADMIN_2025,VNA25-238FFB723F,MERGED_INTO
VN_ADMIN_PRE_2025,VNAP25-CBB9EEA1B2,VN_ADMIN_2025,VNA25-B2D08D248F,MERGED_INTO
VN_ADMIN_PRE_2025,VNAP25-F1A7A131D2,VN_ADMIN_2025,VNA25-238FFB723F,MERGED_INTO
VN_ADMIN_PRE_2025,VNAP25-69307F2605,VN_ADMIN_2025,VNA25-238FFB723F,MERGED_INTO
VN_ADMIN_PRE_2025,VNAP25-F48162FBFD,VN_ADMIN_2025,VNA25-DF92108751,SAME_AS
VN_ADMIN_PRE_2025,VNAP25-71B1AEA0B6,VN_ADMIN_2025,VNA25-D1C20E1CFB,MERGED_INTO
VN_ADMIN_PRE_2025,VNAP25-B815B25C85,VN_ADMIN_2025,VNA25-C71C606DE0,MERGED_INTO
VN_ADMIN_PRE_2025,VNAP25-4D2BEC5965,VN_ADMIN_2025,VNA25-3A62AF6E1D,SAME_AS
VN_ADMIN_PRE_2025,VNAP25-0488772BF4,VN_ADMIN_2025,VNA25-D1C20E1CFB,MERGED_INTO
VN_ADMIN_PRE_2025,VNAP25-D339D42E72,VN_ADMIN_2025,VNA25-6F3CBFEBEB,SAME_AS
VN_ADMIN_PRE_2025,VNAP25-1CC6F272E0,VN_ADMIN_2025,VNA25-301DC4C09D,SAME_AS
VN_ADMIN_PRE_2025,VNAP25-E0B5F439AC,VN_ADMIN_2025,VNA25-6493FF5900,SAME_AS
VN_ADMIN_PRE_2025,VNAP25-AA50C2C3A2,VN_ADMIN_2025,VNA25-8F3AE12486,MERGED_INTO
VN_ADMIN_PRE_2025,VNAP25-C51E10866F,VN_ADMIN_2025,VNA25-01A2EBE01D,SPLIT_INTO
VN_ADMIN_PRE_2025,VNAP25-C51E10866F,VN_ADMIN_2025,VNA25-8F3AE12486,SPLIT_INTO
VN_ADMIN_PRE_2025,VNAP25-01FD888D13,VN_ADMIN_2025,VNA25-9B8488AEA5,SAME_AS
VN_ADMIN_PRE_2025,VNAP25-5FF97D50C4,VN_ADMIN_2025,VNA25-8F3AE12486,MERGED_INTO
VN_ADMIN_PRE_2025,VNAP25-9A401C6A26,VN_ADMIN_2025,VNA25-FD15241C98,SAME_AS
VN_ADMIN_PRE_2025,VNAP25-7FA08E91B6,VN_ADMIN_2025,VNA25-C86FD4EF07,MERGED_INTO
VN_ADMIN_PRE_2025,VNAP25-453712863D,VN_ADMIN_2025,VNA25-01A2EBE01D,MERGED_INTO
VN_ADMIN_PRE_2025,VNAP25-931F4E77AE,VN_ADMIN_2025,VNA25-C86FD4EF07,MERGED_INTO
VN_ADMIN_PRE_2025,VNAP25-4781790E3F,VN_ADMIN_2025,VNA25-C86FD4EF07,MERGED_INTO
VN_ADMIN_PRE_2025,VNAP25-C6EABA967C,VN_ADMIN_2025,VNA25-3966DDC77C,MERGED_INTO
VN_ADMIN_PRE_2025,VNAP25-F3CA94A993,VN_ADMIN_2025,VNA25-B8DC0D6D88,MERGED_INTO
VN_ADMIN_PRE_2025,VNAP25-BFB3898EB6,VN_ADMIN_2025,VNA25-E6D4E6A6B2,MERGED_INTO
VN_ADMIN_PRE_2025,VNAP25-18EF92D678,VN_ADMIN_2025,VNA25-E6D4E6A6B2,MERGED_INTO
VN_ADMIN_PRE_2025,VNAP25-48989F4D8A,VN_ADMIN_2025,VNA25-EAE7C7748C,MERGED_INTO
VN_ADMIN_PRE_2025,VNAP25-2180778F95,VN_ADMIN_2025,VNA25-262455B4AE,MERGED_INTO
VN_ADMIN_PRE_2025,VNAP25-E2C88852F2,VN_ADMIN_2025,VNA25-63E1AE3F82,MERGED_INTO
VN_ADMIN_PRE_2025,VNAP25-A84C009C4F,VN_ADMIN_2025,VNA25-CBD81D5319,MERGED_INTO
VN_ADMIN_PRE_2025,VNAP25-E212E9200F,VN_ADMIN_2025,VNA25-B8DC0D6D88,MERGED_INTO
VN_ADMIN_PRE_2025,VNAP25-8D635A8276,VN_ADMIN_2025,VNA25-3966DDC77C,MERGED_INTO
VN_ADMIN_PRE_2025,VNAP25-BF188F5309,VN_ADMIN_2025,VNA25-63E1AE3F82,MERGED_INTO
VN_ADMIN_PRE_2025,VNAP25-31C1EFC99A,VN_ADMIN_2025,VNA25-3966DDC77C,MERGED_INTO
VN_ADMIN_PRE_2025,VNAP25-FC3F66AC39,VN_ADMIN_2025,VNA25-CBD81D5319,MERGED_INTO
VN_ADMIN_PRE_2025,VNAP25-A1778EF7C8,VN_ADMIN_2025,VNA25-6FDB41DEB3,MERGED_INTO
VN_ADMIN_PRE_2025,VNAP25-ABC5919D6A,VN_ADMIN_2025,VNA25-262455B4AE,MERGED_INTO
VN_ADMIN_PRE_2025,VNAP25-9F032A8D4D,VN_ADMIN_2025,VNA25-262455B4AE,MERGED_INTO
VN_ADMIN_PRE_2025,VNAP25-6CA95D24E5,VN_ADMIN_2025,VNA25-CBD81D5319,MERGED_INTO
VN_ADMIN_PRE_2025,VNAP25-D37ECE84EA,VN_ADMIN_2025,VNA25-6FDB41DEB3,MERGED_INTO
VN_ADMIN_PRE_2025,VNAP25-B0B7CA54FE,VN_ADMIN_2025,VNA25-3966DDC77C,MERGED_INTO
VN_ADMIN_PRE_2025,VNAP25-2F1509C89D,VN_ADMIN_2025,VNA25-63E1AE3F82,MERGED_INTO
VN_ADMIN_PRE_2025,VNAP25-0FBE4C3172,VN_ADMIN_2025,VNA25-B8DC0D6D88,MERGED_INTO
VN_ADMIN_PRE_2025,VNAP25-73189FD255,VN_ADMIN_2025,VNA25-B8DC0D6D88,MERGED_INTO
VN_ADMIN_PRE_2025,VNAP25-DB43997B55,VN_ADMIN_2025,VNA25-CBD81D5319,MERGED_INTO
VN_ADMIN_PRE_2025,VNAP25-55DEE05CBB,VN_ADMIN_2025,VNA25-63E1AE3F82,MERGED_INTO
VN_ADMIN_PRE_2025,VNAP25-6DF11636EE,VN_ADMIN_2025,VNA25-E6D4E6A6B2,MERGED_INTO
VN_ADMIN_PRE_2025,VNAP25-37C0EB9338,VN_ADMIN_2025,VNA25-6FDB41DEB3,MERGED_INTO
VN_ADMIN_PRE_2025,VNAP25-D3855DE633,VN_ADMIN_2025,VNA25-FDA9DC53FC,MERGED_INTO
VN_ADMIN_PRE_2025,VNAP25-762A507861,VN_ADMIN_2025,VNA25-EAE7C7748C,MERGED_INTO
VN_ADMIN_PRE_2025,VNAP25-0233838C1A,VN_ADMIN_2025,VNA25-FDA9DC53FC,MERGED_INTO
VN_ADMIN_PRE_2025,VNAP25-F9F8693FBA,VN_ADMIN_2025,VNA25-FDA9DC53FC,MERGED_INTO
VN_ADMIN_PRE_2025,VNAP25-B860CE94C1,VN_ADMIN_2025,VNA25-EAE7C7748C,MERGED_INTO
VN_ADMIN_PRE_2025,VNAP25-FFD1534ED4,VN_ADMIN_2025,VNA25-FDA9DC53FC,MERGED_INTO
VN_ADMIN_PRE_2025,VNAP25-7A71094378,VN_ADMIN_2025,VNA25-FDA9DC53FC,MERGED_INTO
VN_ADMIN_PRE_2025,VNAP25-895C36C82D,VN_ADMIN_2025,VNA25-EAE7C7748C,MERGED_INTO
VN_ADMIN_PRE_2025,VNAP25-E04C5251B0,VN_ADMIN_2025,VNA25-FDA9DC53FC,MERGED_INTO
VN_ADMIN_PRE_2025,VNAP25-34A215517C,VN_ADMIN_2025,VNA25-FDA9DC53FC,MERGED_INTO
VN_ADMIN_PRE_2025,VNAP25-D983F881EA,VN_ADMIN_2025,VNA25-5CA62CAFAB,MERGED_INTO
VN_ADMIN_PRE_2025,VNAP25-C9BEABA459,VN_ADMIN_2025,VNA25-2F3E144BFC,MERGED_INTO
VN_ADMIN_PRE_2025,VNAP25-0D91454B18,VN_ADMIN_2025,VNA25-C11DF82779,MERGED_INTO
VN_ADMIN_PRE_2025,VNAP25-CD2ADFD38C,VN_ADMIN_2025,VNA25-C11DF82779,MERGED_INTO
VN_ADMIN_PRE_2025,VNAP25-31229DA5F9,VN_ADMIN_2025,VNA25-5CA62CAFAB,MERGED_INTO
VN_ADMIN_PRE_2025,VNAP25-4AD534237A,VN_ADMIN_2025,VNA25-999691EEFA,MERGED_INTO
VN_ADMIN_PRE_2025,VNAP25-EAE562F0BC,VN_ADMIN_2025,VNA25-C11DF82779,MERGED_INTO
VN_ADMIN_PRE_2025,VNAP25-7731B3B673,VN_ADMIN_2025,VNA25-999691EEFA,MERGED_INTO
VN_ADMIN_PRE_2025,VNAP25-CC42ED8A0A,VN_ADMIN_2025,VNA25-C11DF82779,MERGED_INTO
VN_ADMIN_PRE_2025,VNAP25-CA46B53EA2,VN_ADMIN_2025,VNA25-999691EEFA,MERGED_INTO
VN_ADMIN_PRE_2025,VNAP25-00F0FB3A5C,VN_ADMIN_2025,VNA25-2F3E144BFC,MERGED_INTO
VN_ADMIN_PRE_2025,VNAP25-23C244BB89,VN_ADMIN_2025,VNA25-F6BD7E5869,MERGED_INTO
VN_ADMIN_PRE_2025,VNAP25-46438694C1,VN_ADMIN_2025,VNA25-5CA62CAFAB,MERGED_INTO
VN_ADMIN_PRE_2025,VNAP25-4EF5D8D614,VN_ADMIN_2025,VNA25-2F3E144BFC,MERGED_INTO
VN_ADMIN_PRE_2025,VNAP25-9E6004FFFF,VN_ADMIN_2025,VNA25-35CC50154D,MERGED_INTO
VN_ADMIN_PRE_2025,VNAP25-B16941E492,VN_ADMIN_2025,VNA25-35CC50154D,MERGED_INTO
VN_ADMIN_PRE_2025,VNAP25-5F7A1A95AA,VN_ADMIN_2025,VNA25-2F3E144BFC,MERGED_INTO
VN_ADMIN_PRE_2025,VNAP25-195F07235F,VN_ADMIN_2025,VNA25-F6BD7E5869,MERGED_INTO
VN_ADMIN_PRE_2025,VNAP25-EA3ED93B90,VN_ADMIN_2025,VNA25-5CA62CAFAB,MERGED_INTO
VN_ADMIN_PRE_2025,VNAP25-661362B563,VN_ADMIN_2025,VNA25-5CA62CAFAB,MERGED_INTO
VN_ADMIN_PRE_2025,VNAP25-397F010D90,VN_ADMIN_2025,VNA25-5CA62CAFAB,MERGED_INTO
VN_ADMIN_PRE_2025,VNAP25-23B63C8E7B,VN_ADMIN_2025,VNA25-35CC50154D,MERGED_INTO
VN_ADMIN_PRE_2025,VNAP25-3D697A5531,VN_ADMIN_2025,VNA25-35CC50154D,MERGED_INTO
VN_ADMIN_PRE_2025,VNAP25-58FCACB52B,VN_ADMIN_2025,VNA25-F6BD7E5869,MERGED_INTO
VN_ADMIN_PRE_2025,VNAP25-E54E78F146,VN_ADMIN_2025,VNA25-50446848B2,MERGED_INTO
VN_ADMIN_PRE_2025,VNAP25-2456A6106E,VN_ADMIN_2025,VNA25-10D167037D,MERGED_INTO
VN_ADMIN_PRE_2025,VNAP25-0B288C0CC4,VN_ADMIN_2025,VNA25-10D167037D,MERGED_INTO
VN_ADMIN_PRE_2025,VNAP25-54C5B05BA9,VN_ADMIN_2025,VNA25-31AFA835E8,MERGED_INTO
VN_ADMIN_PRE_2025,VNAP25-39555EBA96,VN_ADMIN_2025,VNA25-10D167037D,MERGED_INTO
VN_ADMIN_PRE_2025,VNAP25-5DD0DA3F4F,VN_ADMIN_2025,VNA25-9987A002DD,MERGED_INTO
VN_ADMIN_PRE_2025,VNAP25-85B3B0B47F,VN_ADMIN_2025,VNA25-9987A002DD,MERGED_INTO
VN_ADMIN_PRE_2025,VNAP25-B56DCBA99E,VN_ADMIN_2025,VNA25-10D167037D,MERGED_INTO
VN_ADMIN_PRE_2025,VNAP25-1631D24AA6,VN_ADMIN_2025,VNA25-9987A002DD,MERGED_INTO
VN_ADMIN_PRE_2025,VNAP25-38BF037FAD,VN_ADMIN_2025,VNA25-3B16B0E23D,MERGED_INTO
VN_ADMIN_PRE_2025,VNAP25-479D62F5F6,VN_ADMIN_2025,VNA25-9987A002DD,MERGED_INTO
VN_ADMIN_PRE_2025,VNAP25-9C268700C0,VN_ADMIN_2025,VNA25-50446848B2,MERGED_INTO
VN_ADMIN_PRE_2025,VNAP25-60727DFC81,VN_ADMIN_2025,VNA25-9987A002DD,MERGED_INTO
VN_ADMIN_PRE_2025,VNAP25-558319FC3F,VN_ADMIN_2025,VNA25-50446848B2,MERGED_INTO
VN_ADMIN_PRE_2025,VNAP25-4967CD92ED,VN_ADMIN_2025,VNA25-50446848B2,MERGED_INTO
VN_ADMIN_PRE_2025,VNAP25-3DEDAC0278,VN_ADMIN_2025,VNA25-10D167037D,MERGED_INTO
VN_ADMIN_PRE_2025,VNAP25-1DFA22A66E,VN_ADMIN_2025,VNA25-9987A002DD,MERGED_INTO
VN_ADMIN_PRE_2025,VNAP25-873746F474,VN_ADMIN_2025,VNA25-3B16B0E23D,MERGED_INTO
VN_ADMIN_PRE_2025,VNAP25-CC107E1303,VN_ADMIN_2025,VNA25-9987A002DD,MERGED_INTO
VN_ADMIN_PRE_2025,VNAP25-2A14310941,VN_ADMIN_2025,VNA25-10D167037D,SPLIT_INTO
VN_ADMIN_PRE_2025,VNAP25-2A14310941,VN_ADMIN_2025,VNA25-31AFA835E8,SPLIT_INTO
VN_ADMIN_PRE_2025,VNAP25-332FD6197D,VN_ADMIN_2025,VNA25-3B16B0E23D,MERGED_INTO
VN_ADMIN_PRE_2025,VNAP25-67DC2559DA,VN_ADMIN_2025,VNA25-50446848B2,MERGED_INTO
VN_ADMIN_PRE_2025,VNAP25-41A76E978E,VN_ADMIN_2025,VNA25-10D167037D,MERGED_INTO
VN_ADMIN_PRE_2025,VNAP25-962999502B,VN_ADMIN_2025,VNA25-50446848B2,MERGED_INTO
VN_ADMIN_PRE_2025,VNAP25-12E8EF3DBD,VN_ADMIN_2025,VNA25-50446848B2,MERGED_INTO
VN_ADMIN_PRE_2025,VNAP25-04EF269525,VN_ADMIN_2025,VNA25-31AFA835E8,MERGED_INTO
VN_ADMIN_PRE_2025,VNAP25-1AFE2E8436,VN_ADMIN_2025,VNA25-916C48A0F3,MERGED_INTO
VN_ADMIN_PRE_2025,VNAP25-3F3421252B,VN_ADMIN_2025,VNA25-916C48A0F3,MERGED_INTO
VN_ADMIN_PRE_2025,VNAP25-1086A3A39B,VN_ADMIN_2025,VNA25-10D167037D,MERGED_INTO
VN_ADMIN_PRE_2025,VNAP25-0024416E70,VN_ADMIN_2025,VNA25-916C48A0F3,MERGED_INTO
VN_ADMIN_PRE_2025,VNAP25-5620A4BEC1,VN_ADMIN_2025,VNA25-31AFA835E8,MERGED_INTO
VN_ADMIN_PRE_2025,VNAP25-4627939AAA,VN_ADMIN_2025,VNA25-10D167037D,MERGED_INTO
VN_ADMIN_PRE_2025,VNAP25-0C83F71EE5,VN_ADMIN_2025,VNA25-10D167037D,MERGED_INTO
VN_ADMIN_PRE_2025,VNAP25-ACBAFEA2C5,VN_ADMIN_2025,VNA25-723B65A2F8,MERGED_INTO
VN_ADMIN_PRE_2025,VNAP25-025A1647C7,VN_ADMIN_2025,VNA25-723B65A2F8,MERGED_INTO
VN_ADMIN_PRE_2025,VNAP25-38C4E86727,VN_ADMIN_2025,VNA25-723B65A2F8,MERGED_INTO
VN_ADMIN_PRE_2025,VNAP25-B5B545AE64,VN_ADMIN_2025,VNA25-723B65A2F8,MERGED_INTO
VN_ADMIN_PRE_2025,VNAP25-D0580CB599,VN_ADMIN_2025,VNA25-723B65A2F8,MERGED_INTO
VN_ADMIN_PRE_2025,VNAP25-56E58286C6,VN_ADMIN_2025,VNA25-50446848B2,MERGED_INTO
VN_ADMIN_PRE_2025,VNAP25-9F6E8F5F28,VN_ADMIN_2025,VNA25-723B65A2F8,MERGED_INTO
VN_ADMIN_PRE_2025,VNAP25-0540753AE5,VN_ADMIN_2025,VNA25-723B65A2F8,MERGED_INTO
VN_ADMIN_PRE_2025,VNAP25-B5C44346FE,VN_ADMIN_2025,VNA25-9987A002DD,MERGED_INTO
VN_ADMIN_PRE_2025,VNAP25-AD2A325042,VN_ADMIN_2025,VNA25-916C48A0F3,MERGED_INTO
VN_ADMIN_PRE_2025,VNAP25-2C8DC4B2DE,VN_ADMIN_2025,VNA25-31AFA835E8,MERGED_INTO
VN_ADMIN_PRE_2025,VNAP25-7EC382D4C3,VN_ADMIN_2025,VNA25-3B16B0E23D,MERGED_INTO
VN_ADMIN_PRE_2025,VNAP25-2F4AC66C27,VN_ADMIN_2025,VNA25-3B16B0E23D,MERGED_INTO
VN_ADMIN_PRE_2025,VNAP25-43BF0108F0,VN_ADMIN_2025,VNA25-10D167037D,MERGED_INTO
VN_ADMIN_PRE_2025,VNAP25-984841FC5A,VN_ADMIN_2025,VNA25-786057C567,MERGED_INTO
VN_ADMIN_PRE_2025,VNAP25-4DD7D1839F,VN_ADMIN_2025,VNA25-3B16B0E23D,MERGED_INTO
VN_ADMIN_PRE_2025,VNAP25-0D86400128,VN_ADMIN_2025,VNA25-786057C567,MERGED_INTO
VN_ADMIN_PRE_2025,VNAP25-C53C5FCC27,VN_ADMIN_2025,VNA25-5DDF649693,MERGED_INTO
VN_ADMIN_PRE_2025,VNAP25-AEAEDC10DE,VN_ADMIN_2025,VNA25-48D739B677,MERGED_INTO
VN_ADMIN_PRE_2025,VNAP25-8A5B51A055,VN_ADMIN_2025,VNA25-48D739B677,MERGED_INTO
VN_ADMIN_PRE_2025,VNAP25-9398FE2BBE,VN_ADMIN_2025,VNA25-3B16B0E23D,MERGED_INTO
VN_ADMIN_PRE_2025,VNAP25-80CE29FD67,VN_ADMIN_2025,VNA25-786057C567,MERGED_INTO
VN_ADMIN_PRE_2025,VNAP25-9884949BD2,VN_ADMIN_2025,VNA25-5DDF649693,SPLIT_INTO
VN_ADMIN_PRE_2025,VNAP25-9884949BD2,VN_ADMIN_2025,VNA25-99B483155A,SPLIT_INTO
VN_ADMIN_PRE_2025,VNAP25-20086FC760,VN_ADMIN_2025,VNA25-48D739B677,MERGED_INTO
VN_ADMIN_PRE_2025,VNAP25-B2DCF33455,VN_ADMIN_2025,VNA25-5DDF649693,SPLIT_INTO
VN_ADMIN_PRE_2025,VNAP25-B2DCF33455,VN_ADMIN_2025,VNA25-643627E7B3,SPLIT_INTO
VN_ADMIN_PRE_2025,VNAP25-9C1362867F,VN_ADMIN_2025,VNA25-99B483155A,MERGED_INTO
VN_ADMIN_PRE_2025,VNAP25-6566A23F4D,VN_ADMIN_2025,VNA25-1797364BF0,MERGED_INTO
VN_ADMIN_PRE_2025,VNAP25-FDE138DA1D,VN_ADMIN_2025,VNA25-5DDF649693,MERGED_INTO
VN_ADMIN_PRE_2025,VNAP25-F02D140282,VN_ADMIN_2025,VNA25-5DDF649693,MERGED_INTO
VN_ADMIN_PRE_2025,VNAP25-575FE6F689,VN_ADMIN_2025,VNA25-48D739B677,MERGED_INTO
VN_ADMIN_PRE_2025,VNAP25-C760BF8B37,VN_ADMIN_2025,VNA25-1797364BF0,MERGED_INTO
VN_ADMIN_PRE_2025,VNAP25-AF61639465,VN_ADMIN_2025,VNA25-48D739B677,MERGED_INTO
VN_ADMIN_PRE_2025,VNAP25-22CC795B45,VN_ADMIN_2025,VNA25-1797364BF0,MERGED_INTO
VN_ADMIN_PRE_2025,VNAP25-79D55E20F2,VN_ADMIN_2025,VNA25-786057C567,MERGED_INTO
VN_ADMIN_PRE_2025,VNAP25-FB078D71CA,VN_ADMIN_2025,VNA25-99B483155A,MERGED_INTO
VN_ADMIN_PRE_2025,VNAP25-2B5CA4E365,VN_ADMIN_2025,VNA25-99B483155A,MERGED_INTO
VN_ADMIN_PRE_2025,VNAP25-0FA32FEFE1,VN_ADMIN_2025,VNA25-99B483155A,MERGED_INTO
VN_ADMIN_PRE_2025,VNAP25-B54A682C23,VN_ADMIN_2025,VNA25-1797364BF0,MERGED_INTO
VN_ADMIN_PRE_2025,VNAP25-AAE57058A7,VN_ADMIN_2025,VNA25-BC8CA6F21C,MERGED_INTO
VN_ADMIN_PRE_2025,VNAP25-85CFDCABA7,VN_ADMIN_2025,VNA25-7F6D1F8FAB,MERGED_INTO
VN_ADMIN_PRE_2025,VNAP25-74362DD51A,VN_ADMIN_2025,VNA25-BC8CA6F21C,MERGED_INTO
VN_ADMIN_PRE_2025,VNAP25-58A670F1CC,VN_ADMIN_2025,VNA25-55C1A76EEE,MERGED_INTO
VN_ADMIN_PRE_2025,VNAP25-A955307E13,VN_ADMIN_2025,VNA25-55C1A76EEE,MERGED_INTO
VN_ADMIN_PRE_2025,VNAP25-038137808F,VN_ADMIN_2025,VNA25-0FAABAF5DA,MERGED_INTO
VN_ADMIN_PRE_2025,VNAP25-BDD8BF9B8C,VN_ADMIN_2025,VNA25-BC8CA6F21C,MERGED_INTO
VN_ADMIN_PRE_2025,VNAP25-F0500F6BD1,VN_ADMIN_2025,VNA25-BDCFA5C2F7,MERGED_INTO
VN_ADMIN_PRE_2025,VNAP25-69324098A2,VN_ADMIN_2025,VNA25-BDCFA5C2F7,MERGED_INTO
VN_ADMIN_PRE_2025,VNAP25-13050D720A,VN_ADMIN_2025,VNA25-0FAABAF5DA,MERGED_INTO
VN_ADMIN_PRE_2025,VNAP25-46D098C69D,VN_ADMIN_2025,VNA25-1FCF1442FF,MERGED_INTO
VN_ADMIN_PRE_2025,VNAP25-80E2432C3C,VN_ADMIN_2025,VNA25-BC8CA6F21C,MERGED_INTO
VN_ADMIN_PRE_2025,VNAP25-3F96F42392,VN_ADMIN_2025,VNA25-1B1D9EB971,MERGED_INTO
VN_ADMIN_PRE_2025,VNAP25-D7938AD786,VN_ADMIN_2025,VNA25-7F6D1F8FAB,MERGED_INTO
VN_ADMIN_PRE_2025,VNAP25-1694605E69,VN_ADMIN_2025,VNA25-1FCF1442FF,MERGED_INTO
VN_ADMIN_PRE_2025,VNAP25-727240F715,VN_ADMIN_2025,VNA25-C98043C8E8,MERGED_INTO
VN_ADMIN_PRE_2025,VNAP25-163C2C7098,VN_ADMIN_2025,VNA25-7F6D1F8FAB,MERGED_INTO
VN_ADMIN_PRE_2025,VNAP25-FEB6061F63,VN_ADMIN_2025,VNA25-1B1D9EB971,MERGED_INTO
VN_ADMIN_PRE_2025,VNAP25-1C2A8557FA,VN_ADMIN_2025,VNA25-BDCFA5C2F7,MERGED_INTO
VN_ADMIN_PRE_2025,VNAP25-0A747D8249,VN_ADMIN_2025,VNA25-1B1D9EB971,MERGED_INTO
VN_ADMIN_PRE_2025,VNAP25-B7D22CCF29,VN_ADMIN_2025,VNA25-BDCFA5C2F7,MERGED_INTO
VN_ADMIN_PRE_2025,VNAP25-1B63554C7A,VN_ADMIN_2025,VNA25-C98043C8E8,MERGED_INTO
VN_ADMIN_PRE_2025,VNAP25-0DBDC328DC,VN_ADMIN_2025,VNA25-C98043C8E8,MERGED_INTO
VN_ADMIN_PRE_2025,VNAP25-EC007E4DB2,VN_ADMIN_2025,VNA25-C98043C8E8,MERGED_INTO
VN_ADMIN_PRE_2025,VNAP25-95711D61DB,VN_ADMIN_2025,VNA25-BC8CA6F21C,MERGED_INTO
VN_ADMIN_PRE_2025,VNAP25-81FF67D7CC,VN_ADMIN_2025,VNA25-0FAABAF5DA,MERGED_INTO
VN_ADMIN_PRE_2025,VNAP25-B0B195E4DC,VN_ADMIN_2025,VNA25-0FAABAF5DA,MERGED_INTO
VN_ADMIN_PRE_2025,VNAP25-EC093B8E23,VN_ADMIN_2025,VNA25-1FCF1442FF,MERGED_INTO
VN_ADMIN_PRE_2025,VNAP25-096C558B25,VN_ADMIN_2025,VNA25-55C1A76EEE,MERGED_INTO
VN_ADMIN_PRE_2025,VNAP25-89A4B7D42B,VN_ADMIN_2025,VNA25-1B1D9EB971,MERGED_INTO
VN_ADMIN_PRE_2025,VNAP25-EB631D634E,VN_ADMIN_2025,VNA25-09BE0B0570,SAME_AS
VN_ADMIN_PRE_2025,VNAP25-61213DECE5,VN_ADMIN_2025,VNA25-7EC8322C25,SPLIT_INTO
VN_ADMIN_PRE_2025,VNAP25-61213DECE5,VN_ADMIN_2025,VNA25-D5A30B27AE,SPLIT_INTO
VN_ADMIN_PRE_2025,VNAP25-EDF1D13E6E,VN_ADMIN_2025,VNA25-D5A30B27AE,MERGED_INTO
VN_ADMIN_PRE_2025,VNAP25-C792FCA6E2,VN_ADMIN_2025,VNA25-BDF70FC4F8,SAME_AS
VN_ADMIN_PRE_2025,VNAP25-F7987A8ACF,VN_ADMIN_2025,VNA25-A39B95D31E,MERGED_INTO
VN_ADMIN_PRE_2025,VNAP25-FADB8420FB,VN_ADMIN_2025,VNA25-7EC8322C25,MERGED_INTO
VN_ADMIN_PRE_2025,VNAP25-372EED9394,VN_ADMIN_2025,VNA25-A39B95D31E,MERGED_INTO
VN_ADMIN_PRE_2025,VNAP25-E13C955CDB,VN_ADMIN_2025,VNA25-A39B95D31E,MERGED_INTO
VN_ADMIN_PRE_2025,VNAP25-AA385C3CC8,VN_ADMIN_2025,VNA25-CBF5A4D6D4,SAME_AS
VN_ADMIN_PRE_2025,VNAP25-7E78370FF3,VN_ADMIN_2025,VNA25-D5A30B27AE,MERGED_INTO
VN_ADMIN_PRE_2025,VNAP25-C2DE2A5291,VN_ADMIN_2025,VNA25-CBCA76C423,MERGED_INTO
VN_ADMIN_PRE_2025,VNAP25-3A6AADE7F6,VN_ADMIN_2025,VNA25-A39B95D31E,MERGED_INTO
VN_ADMIN_PRE_2025,VNAP25-8B57846CB6,VN_ADMIN_2025,VNA25-CBCA76C423,MERGED_INTO
VN_ADMIN_PRE_2025,VNAP25-DFECC19C6B,VN_ADMIN_2025,VNA25-EA9DF72B7A,MERGED_INTO
VN_ADMIN_PRE_2025,VNAP25-A3D5262A28,VN_ADMIN_2025,VNA25-EA9DF72B7A,MERGED_INTO
VN_ADMIN_PRE_2025,VNAP25-BB1CF1F7D1,VN_ADMIN_2025,VNA25-C6CD365CD6,SAME_AS
VN_ADMIN_PRE_2025,VNAP25-D3D501A440,VN_ADMIN_2025,VNA25-0C8E90B9BC,MERGED_INTO
VN_ADMIN_PRE_2025,VNAP25-8A2E5F41C8,VN_ADMIN_2025,VNA25-69D47BDDA8,MERGED_INTO
VN_ADMIN_PRE_2025,VNAP25-A20C21D664,VN_ADMIN_2025,VNA25-4BD6C94E28,MERGED_INTO
VN_ADMIN_PRE_2025,VNAP25-8DEC298F06,VN_ADMIN_2025,VNA25-4BD6C94E28,MERGED_INTO
VN_ADMIN_PRE_2025,VNAP25-813CC66A2C,VN_ADMIN_2025,VNA25-4BD6C94E28,MERGED_INTO
VN_ADMIN_PRE_2025,VNAP25-861E3411A4,VN_ADMIN_2025,VNA25-F0630592EF,MERGED_INTO
VN_ADMIN_PRE_2025,VNAP25-4EED23C860,VN_ADMIN_2025,VNA25-F0630592EF,MERGED_INTO
VN_ADMIN_PRE_2025,VNAP25-7301DEC7A3,VN_ADMIN_2025,VNA25-F0630592EF,MERGED_INTO
VN_ADMIN_PRE_2025,VNAP25-30B2474EA3,VN_ADMIN_2025,VNA25-1C4960686A,MERGED_INTO
VN_ADMIN_PRE_2025,VNAP25-537DCDE963,VN_ADMIN_2025,VNA25-1C4960686A,MERGED_INTO
VN_ADMIN_PRE_2025,VNAP25-FDB20E149D,VN_ADMIN_2025,VNA25-1C4960686A,MERGED_INTO
VN_ADMIN_PRE_2025,VNAP25-C5899DEB8E,VN_ADMIN_2025,VNA25-1C4960686A,MERGED_INTO
VN_ADMIN_PRE_2025,VNAP25-A5C753D231,VN_ADMIN_2025,VNA25-0C8E90B9BC,MERGED_INTO
VN_ADMIN_PRE_2025,VNAP25-D528662875,VN_ADMIN_2025,VNA25-4BD6C94E28,MERGED_INTO
VN_ADMIN_PRE_2025,VNAP25-C100F57B5A,VN_ADMIN_2025,VNA25-0C8E90B9BC,MERGED_INTO
VN_ADMIN_PRE_2025,VNAP25-8697256130,VN_ADMIN_2025,VNA25-590F1F2258,MERGED_INTO
VN_ADMIN_PRE_2025,VNAP25-EFEF398468,VN_ADMIN_2025,VNA25-590F1F2258,MERGED_INTO
VN_ADMIN_PRE_2025,VNAP25-BDDFA1A7FA,VN_ADMIN_2025,VNA25-69D47BDDA8,MERGED_INTO
VN_ADMIN_PRE_2025,VNAP25-9A91F76BBC,VN_ADMIN_2025,VNA25-DACCF95419,MERGED_INTO
VN_ADMIN_PRE_2025,VNAP25-E9C5517050,VN_ADMIN_2025,VNA25-2652F71511,MERGED_INTO
VN_ADMIN_PRE_2025,VNAP25-9C66FBA864,VN_ADMIN_2025,VNA25-DACCF95419,MERGED_INTO
VN_ADMIN_PRE_2025,VNAP25-8A1358EAA0,VN_ADMIN_2025,VNA25-2652F71511,MERGED_INTO
VN_ADMIN_PRE_2025,VNAP25-97F2DA3C11,VN_ADMIN_2025,VNA25-69D47BDDA8,MERGED_INTO
VN_ADMIN_PRE_2025,VNAP25-D4F7E0B2DD,VN_ADMIN_2025,VNA25-2652F71511,MERGED_INTO
VN_ADMIN_PRE_2025,VNAP25-92971447AB,VN_ADMIN_2025,VNA25-2652F71511,MERGED_INTO
VN_ADMIN_PRE_2025,VNAP25-49E6208C43,VN_ADMIN_2025,VNA25-DACCF95419,MERGED_INTO
VN_ADMIN_PRE_2025,VNAP25-34352162F8,VN_ADMIN_2025,VNA25-0C8E90B9BC,MERGED_INTO
VN_ADMIN_PRE_2025,VNAP25-ED453FD3FC,VN_ADMIN_2025,VNA25-4BD6C94E28,MERGED_INTO
VN_ADMIN_PRE_2025,VNAP25-00E4F87499,VN_ADMIN_2025,VNA25-1C4960686A,MERGED_INTO
VN_ADMIN_PRE_2025,VNAP25-862AF0639C,VN_ADMIN_2025,VNA25-590F1F2258,MERGED_INTO
VN_ADMIN_PRE_2025,VNAP25-58B381BFFD,VN_ADMIN_2025,VNA25-2652F71511,MERGED_INTO
VN_ADMIN_PRE_2025,VNAP25-DA737640B4,VN_ADMIN_2025,VNA25-DACCF95419,MERGED_INTO
VN_ADMIN_PRE_2025,VNAP25-2DCA155000,VN_ADMIN_2025,VNA25-69D743AAB7,MERGED_INTO
VN_ADMIN_PRE_2025,VNAP25-D4E9CC074A,VN_ADMIN_2025,VNA25-A72F4A4317,MERGED_INTO
VN_ADMIN_PRE_2025,VNAP25-77CE6B23DD,VN_ADMIN_2025,VNA25-69D743AAB7,MERGED_INTO
VN_ADMIN_PRE_2025,VNAP25-70CE9E142E,VN_ADMIN_2025,VNA25-A72F4A4317,MERGED_INTO
VN_ADMIN_PRE_2025,VNAP25-B7EBC3F2EC,VN_ADMIN_2025,VNA25-69D743AAB7,MERGED_INTO
VN_ADMIN_PRE_2025,VNAP25-5EAE79BFAA,VN_ADMIN_2025,VNA25-A72F4A4317,MERGED_INTO
VN_ADMIN_PRE_2025,VNAP25-148C633467,VN_ADMIN_2025,VNA25-A72F4A4317,MERGED_INTO
VN_ADMIN_PRE_2025,VNAP25-D4F670423D,VN_ADMIN_2025,VNA25-FD716C73CF,MERGED_INTO
VN_ADMIN_PRE_2025,VNAP25-BC4ED29993,VN_ADMIN_2025,VNA25-A72F4A4317,MERGED_INTO
VN_ADMIN_PRE_2025,VNAP25-AB8152FFCA,VN_ADMIN_2025,VNA25-FD716C73CF,MERGED_INTO
VN_ADMIN_PRE_2025,VNAP25-6BE8F64CC9,VN_ADMIN_2025,VNA25-69D743AAB7,MERGED_INTO
VN_ADMIN_PRE_2025,VNAP25-FF5E8B93AA,VN_ADMIN_2025,VNA25-FD716C73CF,MERGED_INTO
VN_ADMIN_PRE_2025,VNAP25-12A1077C68,VN_ADMIN_2025,VNA25-FD716C73CF,MERGED_INTO
VN_ADMIN_PRE_2025,VNAP25-CF5803EAA0,VN_ADMIN_2025,VNA25-643627E7B3,MERGED_INTO
VN_ADMIN_PRE_2025,VNAP25-9A2DDB1C67,VN_ADMIN_2025,VNA25-643627E7B3,MERGED_INTO
VN_ADMIN_PRE_2025,VNAP25-1287B5B7C6,VN_ADMIN_2025,VNA25-380693325B,MERGED_INTO
VN_ADMIN_PRE_2025,VNAP25-4FC9432F32,VN_ADMIN_2025,VNA25-643627E7B3,MERGED_INTO
VN_ADMIN_PRE_2025,VNAP25-EE46920C88,VN_ADMIN_2025,VNA25-380693325B,MERGED_INTO
VN_ADMIN_PRE_2025,VNAP25-12F337847C,VN_ADMIN_2025,VNA25-77A52322A1,MERGED_INTO
VN_ADMIN_PRE_2025,VNAP25-54371B1BA2,VN_ADMIN_2025,VNA25-77A52322A1,MERGED_INTO
VN_ADMIN_PRE_2025,VNAP25-6FB1EF6D2F,VN_ADMIN_2025,VNA25-380693325B,MERGED_INTO
VN_ADMIN_PRE_2025,VNAP25-62D82C5CBA,VN_ADMIN_2025,VNA25-77A52322A1,MERGED_INTO
VN_ADMIN_PRE_2025,VNAP25-E1064DA730,VN_ADMIN_2025,VNA25-643627E7B3,MERGED_INTO
VN_ADMIN_PRE_2025,VNAP25-D6CAA6CD74,VN_ADMIN_2025,VNA25-380693325B,MERGED_INTO
VN_ADMIN_PRE_2025,VNAP25-A85C304269,VN_ADMIN_2025,VNA25-77A52322A1,MERGED_INTO
VN_ADMIN_PRE_2025,VNAP25-965140FB1F,VN_ADMIN_2025,VNA25-9C79B271A1,MERGED_INTO
VN_ADMIN_PRE_2025,VNAP25-2032309476,VN_ADMIN_2025,VNA25-0A54C6E4B1,MERGED_INTO
VN_ADMIN_PRE_2025,VNAP25-E98A625D97,VN_ADMIN_2025,VNA25-954C1589BF,MERGED_INTO
VN_ADMIN_PRE_2025,VNAP25-F989DDF1D9,VN_ADMIN_2025,VNA25-9C79B271A1,MERGED_INTO
VN_ADMIN_PRE_2025,VNAP25-8758D3957A,VN_ADMIN_2025,VNA25-954C1589BF,MERGED_INTO
VN_ADMIN_PRE_2025,VNAP25-7DC54FD9EB,VN_ADMIN_2025,VNA25-E8F3ACD566,MERGED_INTO
VN_ADMIN_PRE_2025,VNAP25-586FFE67BA,VN_ADMIN_2025,VNA25-0A54C6E4B1,MERGED_INTO
VN_ADMIN_PRE_2025,VNAP25-E0F72C675F,VN_ADMIN_2025,VNA25-0A54C6E4B1,MERGED_INTO
VN_ADMIN_PRE_2025,VNAP25-D8D8EA8C65,VN_ADMIN_2025,VNA25-E8F3ACD566,MERGED_INTO
VN_ADMIN_PRE_2025,VNAP25-3FEE6BA981,VN_ADMIN_2025,VNA25-954C1589BF,MERGED_INTO
VN_ADMIN_PRE_2025,VNAP25-D3CCC0CD2A,VN_ADMIN_2025,VNA25-9C79B271A1,MERGED_INTO
VN_ADMIN_PRE_2025,VNAP25-A8AA4E9C4B,VN_ADMIN_2025,VNA25-E8F3ACD566,MERGED_INTO
VN_ADMIN_PRE_2025,VNAP25-DBDC68D04A,VN_ADMIN_2025,VNA25-E8F3ACD566,MERGED_INTO
VN_ADMIN_PRE_2025,VNAP25-6BB43EF247,VN_ADMIN_2025,VNA25-BE4FEBE896,MERGED_INTO
VN_ADMIN_PRE_2025,VNAP25-5618ACA0C4,VN_ADMIN_2025,VNA25-BE4FEBE896,MERGED_INTO
VN_ADMIN_PRE_2025,VNAP25-5CD5E9E551,VN_ADMIN_2025,VNA25-770AE23E8F,MERGED_INTO
VN_ADMIN_PRE_2025,VNAP25-E3FA19D7EC,VN_ADMIN_2025,VNA25-770AE23E8F,MERGED_INTO
VN_ADMIN_PRE_2025,VNAP25-6294CB5807,VN_ADMIN_2025,VNA25-BE4FEBE896,MERGED_INTO
VN_ADMIN_PRE_2025,VNAP25-CFA0FD2A6E,VN_ADMIN_2025,VNA25-1D1C96F2B1,MERGED_INTO
VN_ADMIN_PRE_2025,VNAP25-4C849B377E,VN_ADMIN_2025,VNA25-B0BDDF5EDB,MERGED_INTO
VN_ADMIN_PRE_2025,VNAP25-B64D6EDB0A,VN_ADMIN_2025,VNA25-2BE08C6FCB,MERGED_INTO
VN_ADMIN_PRE_2025,VNAP25-D0CA95B2CB,VN_ADMIN_2025,VNA25-2BE08C6FCB,MERGED_INTO
VN_ADMIN_PRE_2025,VNAP25-6350A059A1,VN_ADMIN_2025,VNA25-B0BDDF5EDB,MERGED_INTO
VN_ADMIN_PRE_2025,VNAP25-450204E440,VN_ADMIN_2025,VNA25-B0BDDF5EDB,MERGED_INTO
VN_ADMIN_PRE_2025,VNAP25-CE16124252,VN_ADMIN_2025,VNA25-1D1C96F2B1,MERGED_INTO
VN_ADMIN_PRE_2025,VNAP25-804E7E4DF2,VN_ADMIN_2025,VNA25-770AE23E8F,MERGED_INTO
VN_ADMIN_PRE_2025,VNAP25-9B7FC01582,VN_ADMIN_2025,VNA25-770AE23E8F,MERGED_INTO
VN_ADMIN_PRE_2025,VNAP25-CAB9E14CC9,VN_ADMIN_2025,VNA25-2BE08C6FCB,MERGED_INTO
VN_ADMIN_PRE_2025,VNAP25-AD7FB3FE63,VN_ADMIN_2025,VNA25-BE4FEBE896,MERGED_INTO
VN_ADMIN_PRE_2025,VNAP25-98AC407883,VN_ADMIN_2025,VNA25-2BE08C6FCB,MERGED_INTO
VN_ADMIN_PRE_2025,VNAP25-454C248A18,VN_ADMIN_2025,VNA25-B0BDDF5EDB,MERGED_INTO
VN_ADMIN_PRE_2025,VNAP25-1249500015,VN_ADMIN_2025,VNA25-19064062F2,MERGED_INTO
VN_ADMIN_PRE_2025,VNAP25-75A03DF0C2,VN_ADMIN_2025,VNA25-19064062F2,MERGED_INTO
VN_ADMIN_PRE_2025,VNAP25-DEEFCBCB66,VN_ADMIN_2025,VNA25-19064062F2,MERGED_INTO
VN_ADMIN_PRE_2025,VNAP25-8649563AAB,VN_ADMIN_2025,VNA25-D38147367E,MERGED_INTO
VN_ADMIN_PRE_2025,VNAP25-9149A4727E,VN_ADMIN_2025,VNA25-36596E14F5,MERGED_INTO
VN_ADMIN_PRE_2025,VNAP25-6459B2C2B9,VN_ADMIN_2025,VNA25-D38147367E,MERGED_INTO
VN_ADMIN_PRE_2025,VNAP25-293B7DA8EA,VN_ADMIN_2025,VNA25-19064062F2,MERGED_INTO
VN_ADMIN_PRE_2025,VNAP25-C5E2152442,VN_ADMIN_2025,VNA25-36596E14F5,MERGED_INTO
VN_ADMIN_PRE_2025,VNAP25-350F0A5B85,VN_ADMIN_2025,VNA25-D38147367E,MERGED_INTO
VN_ADMIN_PRE_2025,VNAP25-F421A178D1,VN_ADMIN_2025,VNA25-36596E14F5,MERGED_INTO
VN_ADMIN_PRE_2025,VNAP25-5F5012290B,VN_ADMIN_2025,VNA25-511F909AC9,MERGED_INTO
VN_ADMIN_PRE_2025,VNAP25-4828DDC94E,VN_ADMIN_2025,VNA25-511F909AC9,MERGED_INTO
VN_ADMIN_PRE_2025,VNAP25-0AD5D36E3F,VN_ADMIN_2025,VNA25-511F909AC9,MERGED_INTO
VN_ADMIN_PRE_2025,VNAP25-7090D53D32,VN_ADMIN_2025,VNA25-FEEF82EC1A,MERGED_INTO
VN_ADMIN_PRE_2025,VNAP25-7EF372DB10,VN_ADMIN_2025,VNA25-FEEF82EC1A,MERGED_INTO
VN_ADMIN_PRE_2025,VNAP25-A621850CAF,VN_ADMIN_2025,VNA25-D55795280D,MERGED_INTO
VN_ADMIN_PRE_2025,VNAP25-505B11ADF4,VN_ADMIN_2025,VNA25-D55795280D,MERGED_INTO
VN_ADMIN_PRE_2025,VNAP25-6A236B5E95,VN_ADMIN_2025,VNA25-FEEF82EC1A,MERGED_INTO
VN_ADMIN_PRE_2025,VNAP25-153A3281FB,VN_ADMIN_2025,VNA25-D55795280D,MERGED_INTO
VN_ADMIN_PRE_2025,VNAP25-7945D35F28,VN_ADMIN_2025,VNA25-158E099D9D,MERGED_INTO
VN_ADMIN_PRE_2025,VNAP25-6E9BE39A3D,VN_ADMIN_2025,VNA25-83A97EE46D,MERGED_INTO
VN_ADMIN_PRE_2025,VNAP25-00EE575C5B,VN_ADMIN_2025,VNA25-83A97EE46D,MERGED_INTO
VN_ADMIN_PRE_2025,VNAP25-3130D1BB81,VN_ADMIN_2025,VNA25-BF9956C900,MERGED_INTO
VN_ADMIN_PRE_2025,VNAP25-8040CE733C,VN_ADMIN_2025,VNA25-158E099D9D,MERGED_INTO
VN_ADMIN_PRE_2025,VNAP25-EC4CE6C722,VN_ADMIN_2025,VNA25-83A97EE46D,MERGED_INTO
VN_ADMIN_PRE_2025,VNAP25-2E54B03C2F,VN_ADMIN_2025,VNA25-A64EA22694,MERGED_INTO
VN_ADMIN_PRE_2025,VNAP25-BE5411B145,VN_ADMIN_2025,VNA25-2A515790A1,MERGED_INTO
VN_ADMIN_PRE_2025,VNAP25-8DED1EA4A7,VN_ADMIN_2025,VNA25-158E099D9D,MERGED_INTO
VN_ADMIN_PRE_2025,VNAP25-673444FDD7,VN_ADMIN_2025,VNA25-2A515790A1,MERGED_INTO
VN_ADMIN_PRE_2025,VNAP25-B8BBE7FBB8,VN_ADMIN_2025,VNA25-A64EA22694,MERGED_INTO
VN_ADMIN_PRE_2025,VNAP25-3A2055719D,VN_ADMIN_2025,VNA25-A64EA22694,MERGED_INTO
VN_ADMIN_PRE_2025,VNAP25-7B1BDCD2FE,VN_ADMIN_2025,VNA25-91E224EA3F,MERGED_INTO
VN_ADMIN_PRE_2025,VNAP25-8D1F02A9FA,VN_ADMIN_2025,VNA25-34533298E3,MERGED_INTO
VN_ADMIN_PRE_2025,VNAP25-D87B946AC6,VN_ADMIN_2025,VNA25-ABCBE7F214,MERGED_INTO
VN_ADMIN_PRE_2025,VNAP25-ACBFF4CC2D,VN_ADMIN_2025,VNA25-ABCBE7F214,MERGED_INTO
VN_ADMIN_PRE_2025,VNAP25-28B39FDC0F,VN_ADMIN_2025,VNA25-B5F95C1CBE,MERGED_INTO
VN_ADMIN_PRE_2025,VNAP25-314FF3F85F,VN_ADMIN_2025,VNA25-B5F95C1CBE,MERGED_INTO
VN_ADMIN_PRE_2025,VNAP25-091320D784,VN_ADMIN_2025,VNA25-ABCBE7F214,MERGED_INTO
VN_ADMIN_PRE_2025,VNAP25-66230DCCE0,VN_ADMIN_2025,VNA25-D83FFAF30D,MERGED_INTO
VN_ADMIN_PRE_2025,VNAP25-AA0BA24C24,VN_ADMIN_2025,VNA25-F90BFE3BFF,MERGED_INTO
VN_ADMIN_PRE_2025,VNAP25-D88F2D507E,VN_ADMIN_2025,VNA25-22069BE880,MERGED_INTO
VN_ADMIN_PRE_2025,VNAP25-9387587607,VN_ADMIN_2025,VNA25-E1A37E6905,MERGED_INTO
VN_ADMIN_PRE_2025,VNAP25-DB87783CEA,VN_ADMIN_2025,VNA25-F90BFE3BFF,MERGED_INTO
VN_ADMIN_PRE_2025,VNAP25-898B1311CB,VN_ADMIN_2025,VNA25-F90BFE3BFF,MERGED_INTO
VN_ADMIN_PRE_2025,VNAP25-2D0BE8E299,VN_ADMIN_2025,VNA25-E1A37E6905,MERGED_INTO
VN_ADMIN_PRE_2025,VNAP25-42E8A87499,VN_ADMIN_2025,VNA25-D83FFAF30D,MERGED_INTO
VN_ADMIN_PRE_2025,VNAP25-1CFC7DA5E6,VN_ADMIN_2025,VNA25-D83FFAF30D,MERGED_INTO
VN_ADMIN_PRE_2025,VNAP25-DD4BE10928,VN_ADMIN_2025,VNA25-22069BE880,MERGED_INTO
VN_ADMIN_PRE_2025,VNAP25-EAD76D06F3,VN_ADMIN_2025,VNA25-D83FFAF30D,MERGED_INTO
VN_ADMIN_PRE_2025,VNAP25-EE59CEA906,VN_ADMIN_2025,VNA25-22069BE880,MERGED_INTO
VN_ADMIN_PRE_2025,VNAP25-C9DE12015F,VN_ADMIN_2025,VNA25-ABCBE7F214,MERGED_INTO
VN_ADMIN_PRE_2025,VNAP25-A4230D862F,VN_ADMIN_2025,VNA25-34533298E3,MERGED_INTO
VN_ADMIN_PRE_2025,VNAP25-A0C4AD0DD2,VN_ADMIN_2025,VNA25-B5F95C1CBE,MERGED_INTO
VN_ADMIN_PRE_2025,VNAP25-5CD929E08D,VN_ADMIN_2025,VNA25-34533298E3,MERGED_INTO
VN_ADMIN_PRE_2025,VNAP25-C34E73F3D9,VN_ADMIN_2025,VNA25-91E224EA3F,MERGED_INTO
VN_ADMIN_PRE_2025,VNAP25-FDB5CF2974,VN_ADMIN_2025,VNA25-91E224EA3F,MERGED_INTO
VN_ADMIN_PRE_2025,VNAP25-2729968313,VN_ADMIN_2025,VNA25-91E224EA3F,MERGED_INTO
VN_ADMIN_PRE_2025,VNAP25-E4419C5472,VN_ADMIN_2025,VNA25-E1A37E6905,MERGED_INTO
VN_ADMIN_PRE_2025,VNAP25-625B094C0C,VN_ADMIN_2025,VNA25-E659CC6C1C,MERGED_INTO
VN_ADMIN_PRE_2025,VNAP25-BAA360AC11,VN_ADMIN_2025,VNA25-4294BAC501,MERGED_INTO
VN_ADMIN_PRE_2025,VNAP25-011A4E8CC7,VN_ADMIN_2025,VNA25-EDE1E3B38C,MERGED_INTO
VN_ADMIN_PRE_2025,VNAP25-5DC9D32BD4,VN_ADMIN_2025,VNA25-4294BAC501,MERGED_INTO
VN_ADMIN_PRE_2025,VNAP25-5251D30817,VN_ADMIN_2025,VNA25-1F94925DC5,MERGED_INTO
VN_ADMIN_PRE_2025,VNAP25-B35D00549C,VN_ADMIN_2025,VNA25-B659AB1D8C,MERGED_INTO
VN_ADMIN_PRE_2025,VNAP25-F5354A0925,VN_ADMIN_2025,VNA25-B659AB1D8C,MERGED_INTO
VN_ADMIN_PRE_2025,VNAP25-2A56433A17,VN_ADMIN_2025,VNA25-E659CC6C1C,MERGED_INTO
VN_ADMIN_PRE_2025,VNAP25-65ADF15CDB,VN_ADMIN_2025,VNA25-1F94925DC5,MERGED_INTO
VN_ADMIN_PRE_2025,VNAP25-60FA84308B,VN_ADMIN_2025,VNA25-B659AB1D8C,MERGED_INTO
VN_ADMIN_PRE_2025,VNAP25-963F33C5F2,VN_ADMIN_2025,VNA25-EDE1E3B38C,MERGED_INTO
VN_ADMIN_PRE_2025,VNAP25-85D934F90C,VN_ADMIN_2025,VNA25-4294BAC501,MERGED_INTO
VN_ADMIN_PRE_2025,VNAP25-A7138AC2E9,VN_ADMIN_2025,VNA25-EDE1E3B38C,MERGED_INTO
VN_ADMIN_PRE_2025,VNAP25-A49BC16CA9,VN_ADMIN_2025,VNA25-EDE1E3B38C,MERGED_INTO
VN_ADMIN_PRE_2025,VNAP25-138FE07769,VN_ADMIN_2025,VNA25-1281AF38B0,MERGED_INTO
VN_ADMIN_PRE_2025,VNAP25-1A0AF32FDD,VN_ADMIN_2025,VNA25-5D6570C096,MERGED_INTO
VN_ADMIN_PRE_2025,VNAP25-A88ED68DED,VN_ADMIN_2025,VNA25-5D6570C096,MERGED_INTO
VN_ADMIN_PRE_2025,VNAP25-48B0466305,VN_ADMIN_2025,VNA25-1281AF38B0,MERGED_INTO
VN_ADMIN_PRE_2025,VNAP25-1306754BA1,VN_ADMIN_2025,VNA25-A9AAD32329,MERGED_INTO
VN_ADMIN_PRE_2025,VNAP25-C8CAB8BF4E,VN_ADMIN_2025,VNA25-1281AF38B0,MERGED_INTO
VN_ADMIN_PRE_2025,VNAP25-C42C7D3E56,VN_ADMIN_2025,VNA25-35AFF99500,MERGED_INTO
VN_ADMIN_PRE_2025,VNAP25-32B1F9686D,VN_ADMIN_2025,VNA25-A9AAD32329,MERGED_INTO
VN_ADMIN_PRE_2025,VNAP25-1D06AF9149,VN_ADMIN_2025,VNA25-A9AAD32329,MERGED_INTO
VN_ADMIN_PRE_2025,VNAP25-E43B065FC3,VN_ADMIN_2025,VNA25-5D6570C096,MERGED_INTO
VN_ADMIN_PRE_2025,VNAP25-6C0DDED373,VN_ADMIN_2025,VNA25-5D6570C096,MERGED_INTO
VN_ADMIN_PRE_2025,VNAP25-1FF0B9F9C4,VN_ADMIN_2025,VNA25-5D6570C096,MERGED_INTO
VN_ADMIN_PRE_2025,VNAP25-B2A14D4F73,VN_ADMIN_2025,VNA25-5D6570C096,MERGED_INTO
VN_ADMIN_PRE_2025,VNAP25-4CAE033D70,VN_ADMIN_2025,VNA25-3E80FDC44D,MERGED_INTO
VN_ADMIN_PRE_2025,VNAP25-2E9463F3D9,VN_ADMIN_2025,VNA25-BF9956C900,MERGED_INTO
VN_ADMIN_PRE_2025,VNAP25-04837C7A50,VN_ADMIN_2025,VNA25-D7AF6D49AC,MERGED_INTO
VN_ADMIN_PRE_2025,VNAP25-19D2CADA6B,VN_ADMIN_2025,VNA25-BF9956C900,MERGED_INTO
VN_ADMIN_PRE_2025,VNAP25-256E5CA740,VN_ADMIN_2025,VNA25-D7AF6D49AC,MERGED_INTO
VN_ADMIN_PRE_2025,VNAP25-07F013137B,VN_ADMIN_2025,VNA25-3E80FDC44D,MERGED_INTO
VN_ADMIN_PRE_2025,VNAP25-65E7398F4F,VN_ADMIN_2025,VNA25-D7AF6D49AC,MERGED_INTO
VN_ADMIN_PRE_2025,VNAP25-704840D443,VN_ADMIN_2025,VNA25-35AFF99500,MERGED_INTO
VN_ADMIN_PRE_2025,VNAP25-538E60FFAC,VN_ADMIN_2025,VNA25-3E80FDC44D,MERGED_INTO
VN_ADMIN_PRE_2025,VNAP25-97FE0BD2B6,VN_ADMIN_2025,VNA25-D7AF6D49AC,MERGED_INTO
VN_ADMIN_PRE_2025,VNAP25-41D2FF0BF5,VN_ADMIN_2025,VNA25-3E80FDC44D,MERGED_INTO
VN_ADMIN_PRE_2025,VNAP25-5C85587455,VN_ADMIN_2025,VNA25-8D14A167D1,MERGED_INTO
VN_ADMIN_PRE_2025,VNAP25-F51D98F465,VN_ADMIN_2025,VNA25-8D14A167D1,MERGED_INTO
VN_ADMIN_PRE_2025,VNAP25-1E72627703,VN_ADMIN_2025,VNA25-8D14A167D1,MERGED_INTO
VN_ADMIN_PRE_2025,VNAP25-16E79A7423,VN_ADMIN_2025,VNA25-0236EF02A3,SAME_AS
VN_ADMIN_PRE_2025,VNAP25-5824243889,VN_ADMIN_2025,VNA25-35AFF99500,MERGED_INTO
VN_ADMIN_PRE_2025,VNAP25-2674105ADF,VN_ADMIN_2025,VNA25-C7F3EBB4E3,MERGED_INTO
VN_ADMIN_PRE_2025,VNAP25-49FF17A9F5,VN_ADMIN_2025,VNA25-C7F3EBB4E3,MERGED_INTO
VN_ADMIN_PRE_2025,VNAP25-E9B77B72B2,VN_ADMIN_2025,VNA25-E659CC6C1C,MERGED_INTO
VN_ADMIN_PRE_2025,VNAP25-7AECF085EB,VN_ADMIN_2025,VNA25-C7F3EBB4E3,MERGED_INTO
VN_ADMIN_PRE_2025,VNAP25-B95507FA04,VN_ADMIN_2025,VNA25-C7F3EBB4E3,MERGED_INTO
VN_ADMIN_PRE_2025,VNAP25-392A470773,VN_ADMIN_2025,VNA25-1F94925DC5,MERGED_INTO
VN_ADMIN_PRE_2025,VNAP25-3CE16C6ED6,VN_ADMIN_2025,VNA25-5A83E2B09B,MERGED_INTO
VN_ADMIN_PRE_2025,VNAP25-07002E3113,VN_ADMIN_2025,VNA25-5A83E2B09B,MERGED_INTO
VN_ADMIN_PRE_2025,VNAP25-3577FEF878,VN_ADMIN_2025,VNA25-6C72C5FB1F,MERGED_INTO
VN_ADMIN_PRE_2025,VNAP25-AE3B5E8C9D,VN_ADMIN_2025,VNA25-5A83E2B09B,MERGED_INTO
VN_ADMIN_PRE_2025,VNAP25-2699E84562,VN_ADMIN_2025,VNA25-C7F3EBB4E3,MERGED_INTO
VN_ADMIN_PRE_2025,VNAP25-41A027CC48,VN_ADMIN_2025,VNA25-C7F3EBB4E3,MERGED_INTO
VN_ADMIN_PRE_2025,VNAP25-A945B4001B,VN_ADMIN_2025,VNA25-6C72C5FB1F,MERGED_INTO
VN_ADMIN_PRE_2025,VNAP25-EB50590E81,VN_ADMIN_2025,VNA25-6C72C5FB1F,MERGED_INTO
VN_ADMIN_PRE_2025,VNAP25-D8A64DF300,VN_ADMIN_2025,VNA25-D24AB74AD6,MERGED_INTO
VN_ADMIN_PRE_2025,VNAP25-D293415434,VN_ADMIN_2025,VNA25-2CFB471743,MERGED_INTO
VN_ADMIN_PRE_2025,VNAP25-44505DA805,VN_ADMIN_2025,VNA25-BDFDF32334,MERGED_INTO
VN_ADMIN_PRE_2025,VNAP25-E1C18E6141,VN_ADMIN_2025,VNA25-48E1D70BD9,MERGED_INTO
VN_ADMIN_PRE_2025,VNAP25-A6D1AE2983,VN_ADMIN_2025,VNA25-5F90AC69DB,MERGED_INTO
VN_ADMIN_PRE_2025,VNAP25-1B30B49E15,VN_ADMIN_2025,VNA25-5F90AC69DB,MERGED_INTO
VN_ADMIN_PRE_2025,VNAP25-FF5C7A531C,VN_ADMIN_2025,VNA25-A0F8C139D3,MERGED_INTO
VN_ADMIN_PRE_2025,VNAP25-F494FBA48F,VN_ADMIN_2025,VNA25-A0F8C139D3,MERGED_INTO
VN_ADMIN_PRE_2025,VNAP25-5DB113F140,VN_ADMIN_2025,VNA25-D24AB74AD6,MERGED_INTO
VN_ADMIN_PRE_2025,VNAP25-74A43CAF13,VN_ADMIN_2025,VNA25-A0F8C139D3,MERGED_INTO
VN_ADMIN_PRE_2025,VNAP25-A5D134A467,VN_ADMIN_2025,VNA25-D24AB74AD6,MERGED_INTO
VN_ADMIN_PRE_2025,VNAP25-589788BCA0,VN_ADMIN_2025,VNA25-2CFB471743,MERGED_INTO
VN_ADMIN_PRE_2025,VNAP25-8AA5AA8BF6,VN_ADMIN_2025,VNA25-5F90AC69DB,MERGED_INTO
VN_ADMIN_PRE_2025,VNAP25-372A2989AB,VN_ADMIN_2025,VNA25-F0959F3B20,MERGED_INTO
VN_ADMIN_PRE_2025,VNAP25-FB50F9401B,VN_ADMIN_2025,VNA25-F0959F3B20,MERGED_INTO
VN_ADMIN_PRE_2025,VNAP25-B345761401,VN_ADMIN_2025,VNA25-D24AB74AD6,MERGED_INTO
VN_ADMIN_PRE_2025,VNAP25-855828BD19,VN_ADMIN_2025,VNA25-BDFDF32334,MERGED_INTO
VN_ADMIN_PRE_2025,VNAP25-1268D7B324,VN_ADMIN_2025,VNA25-BDFDF32334,MERGED_INTO
VN_ADMIN_PRE_2025,VNAP25-2A7BB9DA09,VN_ADMIN_2025,VNA25-2CFB471743,MERGED_INTO
VN_ADMIN_PRE_2025,VNAP25-DDA96D7B48,VN_ADMIN_2025,VNA25-26AD8E92CD,MERGED_INTO
VN_ADMIN_PRE_2025,VNAP25-7FFAEB3F47,VN_ADMIN_2025,VNA25-26AD8E92CD,MERGED_INTO
VN_ADMIN_PRE_2025,VNAP25-4D32C021B4,VN_ADMIN_2025,VNA25-48E1D70BD9,MERGED_INTO
VN_ADMIN_PRE_2025,VNAP25-E4B813CF7C,VN_ADMIN_2025,VNA25-48E1D70BD9,MERGED_INTO
VN_ADMIN_PRE_2025,VNAP25-8845944A2B,VN_ADMIN_2025,VNA25-F0959F3B20,MERGED_INTO
VN_ADMIN_PRE_2025,VNAP25-AE9C931379,VN_ADMIN_2025,VNA25-26AD8E92CD,MERGED_INTO
VN_ADMIN_PRE_2025,VNAP25-57FCB12FFF,VN_ADMIN_2025,VNA25-7D635A1AAD,MERGED_INTO
VN_ADMIN_PRE_2025,VNAP25-4BFB237CF7,VN_ADMIN_2025,VNA25-07C6D2C0E0,MERGED_INTO
VN_ADMIN_PRE_2025,VNAP25-00476E7D26,VN_ADMIN_2025,VNA25-7D635A1AAD,MERGED_INTO
VN_ADMIN_PRE_2025,VNAP25-300FA73DF8,VN_ADMIN_2025,VNA25-C126250B7C,MERGED_INTO
VN_ADMIN_PRE_2025,VNAP25-E94C31E8B0,VN_ADMIN_2025,VNA25-C126250B7C,MERGED_INTO
VN_ADMIN_PRE_2025,VNAP25-C72A3A65E5,VN_ADMIN_2025,VNA25-C126250B7C,MERGED_INTO
VN_ADMIN_PRE_2025,VNAP25-9CDF877FBB,VN_ADMIN_2025,VNA25-E63B58D7C6,MERGED_INTO
VN_ADMIN_PRE_2025,VNAP25-EF61FB6B63,VN_ADMIN_2025,VNA25-7D635A1AAD,MERGED_INTO
VN_ADMIN_PRE_2025,VNAP25-E98E9AE538,VN_ADMIN_2025,VNA25-7D635A1AAD,MERGED_INTO
VN_ADMIN_PRE_2025,VNAP25-8D297C13A2,VN_ADMIN_2025,VNA25-DE706F448E,MERGED_INTO
VN_ADMIN_PRE_2025,VNAP25-0E85E4ED0F,VN_ADMIN_2025,VNA25-DE706F448E,MERGED_INTO
VN_ADMIN_PRE_2025,VNAP25-9A2761268E,VN_ADMIN_2025,VNA25-DE706F448E,MERGED_INTO
VN_ADMIN_PRE_2025,VNAP25-A2A8B500F8,VN_ADMIN_2025,VNA25-07C6D2C0E0,MERGED_INTO
VN_ADMIN_PRE_2025,VNAP25-A5A0FA02CD,VN_ADMIN_2025,VNA25-E63B58D7C6,MERGED_INTO
VN_ADMIN_PRE_2025,VNAP25-CA2D571CBD,VN_ADMIN_2025,VNA25-E63B58D7C6,MERGED_INTO
VN_ADMIN_PRE_2025,VNAP25-11F651B6D1,VN_ADMIN_2025,VNA25-07C6D2C0E0,MERGED_INTO
VN_ADMIN_PRE_2025,VNAP25-89DEE27BEE,VN_ADMIN_2025,VNA25-C24CA6225C,MERGED_INTO
VN_ADMIN_PRE_2025,VNAP25-40DD5B2FC3,VN_ADMIN_2025,VNA25-C24CA6225C,MERGED_INTO
VN_ADMIN_PRE_2025,VNAP25-31EED90F85,VN_ADMIN_2025,VNA25-0BA33AD752,MERGED_INTO
VN_ADMIN_PRE_2025,VNAP25-33706C937F,VN_ADMIN_2025,VNA25-0BA33AD752,MERGED_INTO
VN_ADMIN_PRE_2025,VNAP25-AC746F7289,VN_ADMIN_2025,VNA25-75754367AE,MERGED_INTO
VN_ADMIN_PRE_2025,VNAP25-6C4C157877,VN_ADMIN_2025,VNA25-75754367AE,MERGED_INTO
VN_ADMIN_PRE_2025,VNAP25-74451D3945,VN_ADMIN_2025,VNA25-75754367AE,MERGED_INTO
VN_ADMIN_PRE_2025,VNAP25-A041B0ACD0,VN_ADMIN_2025,VNA25-DBB30F4D4D,MERGED_INTO
VN_ADMIN_PRE_2025,VNAP25-7366D700CC,VN_ADMIN_2025,VNA25-DBB30F4D4D,MERGED_INTO
VN_ADMIN_PRE_2025,VNAP25-187659140C,VN_ADMIN_2025,VNA25-20525BBE09,MERGED_INTO
VN_ADMIN_PRE_2025,VNAP25-EAA0AC4D12,VN_ADMIN_2025,VNA25-C24CA6225C,MERGED_INTO
VN_ADMIN_PRE_2025,VNAP25-BE3AF98D7C,VN_ADMIN_2025,VNA25-20D8BFFF04,MERGED_INTO
VN_ADMIN_PRE_2025,VNAP25-8F97837AE1,VN_ADMIN_2025,VNA25-DBB30F4D4D,MERGED_INTO
VN_ADMIN_PRE_2025,VNAP25-1FC36C5A87,VN_ADMIN_2025,VNA25-20525BBE09,MERGED_INTO
VN_ADMIN_PRE_2025,VNAP25-4C4AD96E9C,VN_ADMIN_2025,VNA25-0BA33AD752,MERGED_INTO
VN_ADMIN_PRE_2025,VNAP25-ABAFB9AA14,VN_ADMIN_2025,VNA25-20D8BFFF04,MERGED_INTO
VN_ADMIN_PRE_2025,VNAP25-C9174F09B6,VN_ADMIN_2025,VNA25-3439ECDE27,MERGED_INTO
VN_ADMIN_PRE_2025,VNAP25-CA81DCF747,VN_ADMIN_2025,VNA25-09384444FB,MERGED_INTO
VN_ADMIN_PRE_2025,VNAP25-D71D20A6C8,VN_ADMIN_2025,VNA25-30D0A6DE99,MERGED_INTO
VN_ADMIN_PRE_2025,VNAP25-2B84D4D43C,VN_ADMIN_2025,VNA25-30D0A6DE99,MERGED_INTO
VN_ADMIN_PRE_2025,VNAP25-483C82AEE5,VN_ADMIN_2025,VNA25-982DDCF692,MERGED_INTO
VN_ADMIN_PRE_2025,VNAP25-EA8935183E,VN_ADMIN_2025,VNA25-09384444FB,MERGED_INTO
VN_ADMIN_PRE_2025,VNAP25-540DD89F34,VN_ADMIN_2025,VNA25-ED7B849D80,MERGED_INTO
VN_ADMIN_PRE_2025,VNAP25-C3C3E9D941,VN_ADMIN_2025,VNA25-982DDCF692,MERGED_INTO
VN_ADMIN_PRE_2025,VNAP25-C8EC152D5A,VN_ADMIN_2025,VNA25-C2EB559F18,MERGED_INTO
VN_ADMIN_PRE_2025,VNAP25-2E4B061BF4,VN_ADMIN_2025,VNA25-982DDCF692,MERGED_INTO
VN_ADMIN_PRE_2025,VNAP25-62C3934C05,VN_ADMIN_2025,VNA25-3439ECDE27,MERGED_INTO
VN_ADMIN_PRE_2025,VNAP25-2784A86D80,VN_ADMIN_2025,VNA25-09384444FB,MERGED_INTO
VN_ADMIN_PRE_2025,VNAP25-91A855CA7A,VN_ADMIN_2025,VNA25-C2EB559F18,MERGED_INTO
VN_ADMIN_PRE_2025,VNAP25-85711AE556,VN_ADMIN_2025,VNA25-ED7B849D80,MERGED_INTO
VN_ADMIN_PRE_2025,VNAP25-26429DA34A,VN_ADMIN_2025,VNA25-ABE590A08F,MERGED_INTO
VN_ADMIN_PRE_2025,VNAP25-5A1DD51E3B,VN_ADMIN_2025,VNA25-ABE590A08F,MERGED_INTO
VN_ADMIN_PRE_2025,VNAP25-0EAB9E0920,VN_ADMIN_2025,VNA25-ABE590A08F,MERGED_INTO
VN_ADMIN_PRE_2025,VNAP25-45FDD530E4,VN_ADMIN_2025,VNA25-ED7B849D80,MERGED_INTO
VN_ADMIN_PRE_2025,VNAP25-B8692A74A2,VN_ADMIN_2025,VNA25-C2EB559F18,MERGED_INTO
VN_ADMIN_PRE_2025,VNAP25-9A19206FD1,VN_ADMIN_2025,VNA25-3439ECDE27,MERGED_INTO
VN_ADMIN_PRE_2025,VNAP25-CAAA4A9CB0,VN_ADMIN_2025,VNA25-CF0AC8C0BA,MERGED_INTO
VN_ADMIN_PRE_2025,VNAP25-0696822FC0,VN_ADMIN_2025,VNA25-4CBA084F09,MERGED_INTO
VN_ADMIN_PRE_2025,VNAP25-005B35730B,VN_ADMIN_2025,VNA25-CF0AC8C0BA,MERGED_INTO
VN_ADMIN_PRE_2025,VNAP25-97ACB49F33,VN_ADMIN_2025,VNA25-CF0AC8C0BA,MERGED_INTO
VN_ADMIN_PRE_2025,VNAP25-37487EA3F2,VN_ADMIN_2025,VNA25-F7DA2FF3C8,MERGED_INTO
VN_ADMIN_PRE_2025,VNAP25-62462FE148,VN_ADMIN_2025,VNA25-910D8545C4,MERGED_INTO
VN_ADMIN_PRE_2025,VNAP25-B7A76C4DB7,VN_ADMIN_2025,VNA25-4CBA084F09,MERGED_INTO
VN_ADMIN_PRE_2025,VNAP25-270E85E2DA,VN_ADMIN_2025,VNA25-DAF03DD6E7,MERGED_INTO
VN_ADMIN_PRE_2025,VNAP25-202FF225AC,VN_ADMIN_2025,VNA25-F7DA2FF3C8,MERGED_INTO
VN_ADMIN_PRE_2025,VNAP25-A16450A3B0,VN_ADMIN_2025,VNA25-112BF5CCCC,MERGED_INTO
VN_ADMIN_PRE_2025,VNAP25-1F0F978074,VN_ADMIN_2025,VNA25-DAF03DD6E7,MERGED_INTO
VN_ADMIN_PRE_2025,VNAP25-9B700272DA,VN_ADMIN_2025,VNA25-112BF5CCCC,MERGED_INTO
VN_ADMIN_PRE_2025,VNAP25-F3CE589855,VN_ADMIN_2025,VNA25-910D8545C4,MERGED_INTO
VN_ADMIN_PRE_2025,VNAP25-A6510A8F4F,VN_ADMIN_2025,VNA25-F7DA2FF3C8,MERGED_INTO
VN_ADMIN_PRE_2025,VNAP25-1371A06B85,VN_ADMIN_2025,VNA25-DAF03DD6E7,MERGED_INTO
VN_ADMIN_PRE_2025,VNAP25-C4FB9AF98F,VN_ADMIN_2025,VNA25-910D8545C4,MERGED_INTO
VN_ADMIN_PRE_2025,VNAP25-7F6D9FBCB5,VN_ADMIN_2025,VNA25-112BF5CCCC,MERGED_INTO
VN_ADMIN_PRE_2025,VNAP25-9636010676,VN_ADMIN_2025,VNA25-DAF03DD6E7,MERGED_INTO
VN_ADMIN_PRE_2025,VNAP25-A7471FAF04,VN_ADMIN_2025,VNA25-4CBA084F09,MERGED_INTO
VN_ADMIN_PRE_2025,VNAP25-5C25848AB7,VN_ADMIN_2025,VNA25-9E8B1965BA,MERGED_INTO
VN_ADMIN_PRE_2025,VNAP25-926F97DF7C,VN_ADMIN_2025,VNA25-23AD503878,MERGED_INTO
VN_ADMIN_PRE_2025,VNAP25-593132F276,VN_ADMIN_2025,VNA25-9E8B1965BA,MERGED_INTO
VN_ADMIN_PRE_2025,VNAP25-E7CE6D0131,VN_ADMIN_2025,VNA25-AC96774A2B,MERGED_INTO
VN_ADMIN_PRE_2025,VNAP25-1442C52CE7,VN_ADMIN_2025,VNA25-8A7B7BDE58,MERGED_INTO
VN_ADMIN_PRE_2025,VNAP25-34B8AA6133,VN_ADMIN_2025,VNA25-8A7B7BDE58,MERGED_INTO
VN_ADMIN_PRE_2025,VNAP25-F67086EECF,VN_ADMIN_2025,VNA25-9E8B1965BA,MERGED_INTO
VN_ADMIN_PRE_2025,VNAP25-B3DA5D5338,VN_ADMIN_2025,VNA25-AC96774A2B,MERGED_INTO
VN_ADMIN_PRE_2025,VNAP25-C910F0CFE3,VN_ADMIN_2025,VNA25-23AD503878,MERGED_INTO
VN_ADMIN_PRE_2025,VNAP25-669D71FEE2,VN_ADMIN_2025,VNA25-AC96774A2B,MERGED_INTO
VN_ADMIN_PRE_2025,VNAP25-3471C38239,VN_ADMIN_2025,VNA25-22AE1A1635,MERGED_INTO
VN_ADMIN_PRE_2025,VNAP25-455A41B40F,VN_ADMIN_2025,VNA25-EFA3DDD798,MERGED_INTO
VN_ADMIN_PRE_2025,VNAP25-AE51029AAF,VN_ADMIN_2025,VNA25-ACE3D41190,MERGED_INTO
VN_ADMIN_PRE_2025,VNAP25-15AEB6513E,VN_ADMIN_2025,VNA25-ACE3D41190,MERGED_INTO
VN_ADMIN_PRE_2025,VNAP25-491B12D23C,VN_ADMIN_2025,VNA25-EFA3DDD798,MERGED_INTO
VN_ADMIN_PRE_2025,VNAP25-DCF4AFA994,VN_ADMIN_2025,VNA25-22AE1A1635,MERGED_INTO
VN_ADMIN_PRE_2025,VNAP25-B365281EFE,VN_ADMIN_2025,VNA25-2656CBCB9C,MERGED_INTO
VN_ADMIN_PRE_2025,VNAP25-077B26BD82,VN_ADMIN_2025,VNA25-EFA3DDD798,MERGED_INTO
VN_ADMIN_PRE_2025,VNAP25-CBA86D2558,VN_ADMIN_2025,VNA25-2656CBCB9C,MERGED_INTO
VN_ADMIN_PRE_2025,VNAP25-9B246FC4DC,VN_ADMIN_2025,VNA25-2656CBCB9C,MERGED_INTO
VN_ADMIN_PRE_2025,VNAP25-AC46F62B3F,VN_ADMIN_2025,VNA25-1E02A272E0,MERGED_INTO
VN_ADMIN_PRE_2025,VNAP25-50C0842DB5,VN_ADMIN_2025,VNA25-1E02A272E0,MERGED_INTO
VN_ADMIN_PRE_2025,VNAP25-CDAB71416F,VN_ADMIN_2025,VNA25-ACE3D41190,MERGED_INTO
VN_ADMIN_PRE_2025,VNAP25-C2C66C1DD9,VN_ADMIN_2025,VNA25-6B34BD3251,MERGED_INTO
VN_ADMIN_PRE_2025,VNAP25-17A7CAA88B,VN_ADMIN_2025,VNA25-7FE2903947,MERGED_INTO
VN_ADMIN_PRE_2025,VNAP25-95700E826E,VN_ADMIN_2025,VNA25-C303813FA5,MERGED_INTO
VN_ADMIN_PRE_2025,VNAP25-06C349B7EC,VN_ADMIN_2025,VNA25-6B34BD3251,MERGED_INTO
VN_ADMIN_PRE_2025,VNAP25-999F468CD7,VN_ADMIN_2025,VNA25-6B34BD3251,MERGED_INTO
VN_ADMIN_PRE_2025,VNAP25-30C8B72714,VN_ADMIN_2025,VNA25-C303813FA5,MERGED_INTO
VN_ADMIN_PRE_2025,VNAP25-6A0B4144A2,VN_ADMIN_2025,VNA25-2B35AE43E5,MERGED_INTO
VN_ADMIN_PRE_2025,VNAP25-A71E134578,VN_ADMIN_2025,VNA25-7FE2903947,MERGED_INTO
VN_ADMIN_PRE_2025,VNAP25-91E5A95852,VN_ADMIN_2025,VNA25-F76ACC8AA3,MERGED_INTO
VN_ADMIN_PRE_2025,VNAP25-22264F1AAC,VN_ADMIN_2025,VNA25-F76ACC8AA3,MERGED_INTO
VN_ADMIN_PRE_2025,VNAP25-9AE02650F8,VN_ADMIN_2025,VNA25-F76ACC8AA3,MERGED_INTO
VN_ADMIN_PRE_2025,VNAP25-BB6A85DC87,VN_ADMIN_2025,VNA25-2B35AE43E5,MERGED_INTO
VN_ADMIN_PRE_2025,VNAP25-549161CF6D,VN_ADMIN_2025,VNA25-7FE2903947,MERGED_INTO
VN_ADMIN_PRE_2025,VNAP25-57F120AB9F,VN_ADMIN_2025,VNA25-865E574034,MERGED_INTO
VN_ADMIN_PRE_2025,VNAP25-E7214F46DD,VN_ADMIN_2025,VNA25-3E5714AAD2,MERGED_INTO
VN_ADMIN_PRE_2025,VNAP25-5EAB095025,VN_ADMIN_2025,VNA25-865E574034,MERGED_INTO
VN_ADMIN_PRE_2025,VNAP25-BA6FF052C8,VN_ADMIN_2025,VNA25-DED8524B9D,MERGED_INTO
VN_ADMIN_PRE_2025,VNAP25-4E8FB10A0C,VN_ADMIN_2025,VNA25-DED8524B9D,MERGED_INTO
VN_ADMIN_PRE_2025,VNAP25-5F45222B16,VN_ADMIN_2025,VNA25-098A342084,MERGED_INTO
VN_ADMIN_PRE_2025,VNAP25-AF6B5254B3,VN_ADMIN_2025,VNA25-97F9BDF7DB,MERGED_INTO
VN_ADMIN_PRE_2025,VNAP25-95A198A744,VN_ADMIN_2025,VNA25-DED8524B9D,MERGED_INTO
VN_ADMIN_PRE_2025,VNAP25-44B110A9D4,VN_ADMIN_2025,VNA25-97F9BDF7DB,MERGED_INTO
VN_ADMIN_PRE_2025,VNAP25-62148E915A,VN_ADMIN_2025,VNA25-3E5714AAD2,MERGED_INTO
VN_ADMIN_PRE_2025,VNAP25-C818C601D0,VN_ADMIN_2025,VNA25-865E574034,MERGED_INTO
VN_ADMIN_PRE_2025,VNAP25-74E492FA23,VN_ADMIN_2025,VNA25-97F9BDF7DB,MERGED_INTO
VN_ADMIN_PRE_2025,VNAP25-6BC7C493F7,VN_ADMIN_2025,VNA25-098A342084,MERGED_INTO
VN_ADMIN_PRE_2025,VNAP25-9DB27E70F2,VN_ADMIN_2025,VNA25-3E5714AAD2,MERGED_INTO
VN_ADMIN_PRE_2025,VNAP25-EC43DA3CB6,VN_ADMIN_2025,VNA25-ABAA4FDE93,MERGED_INTO
VN_ADMIN_PRE_2025,VNAP25-2C05573361,VN_ADMIN_2025,VNA25-ABAA4FDE93,MERGED_INTO
VN_ADMIN_PRE_2025,VNAP25-68F31F9287,VN_ADMIN_2025,VNA25-ABAA4FDE93,MERGED_INTO
VN_ADMIN_PRE_2025,VNAP25-0006B21241,VN_ADMIN_2025,VNA25-EC4DB10756,MERGED_INTO
VN_ADMIN_PRE_2025,VNAP25-BC9D859BB8,VN_ADMIN_2025,VNA25-EC4DB10756,MERGED_INTO
VN_ADMIN_PRE_2025,VNAP25-B0189D7701,VN_ADMIN_2025,VNA25-EC4DB10756,MERGED_INTO
VN_ADMIN_PRE_2025,VNAP25-58E61AD361,VN_ADMIN_2025,VNA25-D8D4F0D899,MERGED_INTO
VN_ADMIN_PRE_2025,VNAP25-202BFD715F,VN_ADMIN_2025,VNA25-594A0AF0ED,MERGED_INTO
VN_ADMIN_PRE_2025,VNAP25-9F49E4AE65,VN_ADMIN_2025,VNA25-D8D4F0D899,MERGED_INTO
VN_ADMIN_PRE_2025,VNAP25-DC079BCA6C,VN_ADMIN_2025,VNA25-02C09C32C3,MERGED_INTO
VN_ADMIN_PRE_2025,VNAP25-CBD5DFBC73,VN_ADMIN_2025,VNA25-594A0AF0ED,MERGED_INTO
VN_ADMIN_PRE_2025,VNAP25-529EAC0E94,VN_ADMIN_2025,VNA25-1BAED862E9,MERGED_INTO
VN_ADMIN_PRE_2025,VNAP25-16421A0338,VN_ADMIN_2025,VNA25-D8D4F0D899,MERGED_INTO
VN_ADMIN_PRE_2025,VNAP25-7D04BAAA4C,VN_ADMIN_2025,VNA25-02C09C32C3,MERGED_INTO
VN_ADMIN_PRE_2025,VNAP25-FA936FBAF5,VN_ADMIN_2025,VNA25-02C09C32C3,MERGED_INTO
VN_ADMIN_PRE_2025,VNAP25-FBAA0F4BF5,VN_ADMIN_2025,VNA25-1BAED862E9,MERGED_INTO
VN_ADMIN_PRE_2025,VNAP25-8543CC7BBB,VN_ADMIN_2025,VNA25-594A0AF0ED,MERGED_INTO
VN_ADMIN_PRE_2025,VNAP25-A6A648DC98,VN_ADMIN_2025,VNA25-1BAED862E9,MERGED_INTO
VN_ADMIN_PRE_2025,VNAP25-B9DE310077,VN_ADMIN_2025,VNA25-3913325D93,MERGED_INTO
VN_ADMIN_PRE_2025,VNAP25-C340E7E8C2,VN_ADMIN_2025,VNA25-3913325D93,MERGED_INTO
VN_ADMIN_PRE_2025,VNAP25-24BEB5E4AD,VN_ADMIN_2025,VNA25-F1CF9DD968,MERGED_INTO
VN_ADMIN_PRE_2025,VNAP25-94727801C1,VN_ADMIN_2025,VNA25-F2F0A1507E,MERGED_INTO
VN_ADMIN_PRE_2025,VNAP25-0627CACACF,VN_ADMIN_2025,VNA25-F1CF9DD968,MERGED_INTO
VN_ADMIN_PRE_2025,VNAP25-C7AE28B899,VN_ADMIN_2025,VNA25-FB73DFAD72,MERGED_INTO
VN_ADMIN_PRE_2025,VNAP25-3A8CAF7662,VN_ADMIN_2025,VNA25-FB73DFAD72,MERGED_INTO
VN_ADMIN_PRE_2025,VNAP25-35DE0EE581,VN_ADMIN_2025,VNA25-4B28BBB7A1,MERGED_INTO
VN_ADMIN_PRE_2025,VNAP25-7B19096460,VN_ADMIN_2025,VNA25-F2F0A1507E,MERGED_INTO
VN_ADMIN_PRE_2025,VNAP25-3E1D84D119,VN_ADMIN_2025,VNA25-FB73DFAD72,MERGED_INTO
VN_ADMIN_PRE_2025,VNAP25-DC22F431D9,VN_ADMIN_2025,VNA25-F2F0A1507E,MERGED_INTO
VN_ADMIN_PRE_2025,VNAP25-3E2AE6939E,VN_ADMIN_2025,VNA25-F1CF9DD968,MERGED_INTO
VN_ADMIN_PRE_2025,VNAP25-71E8D9EA5D,VN_ADMIN_2025,VNA25-4B28BBB7A1,MERGED_INTO
VN_ADMIN_PRE_2025,VNAP25-C5914A7108,VN_ADMIN_2025,VNA25-3913325D93,MERGED_INTO
VN_ADMIN_PRE_2025,VNAP25-2242FE115C,VN_ADMIN_2025,VNA25-755F5E6A52,MERGED_INTO
VN_ADMIN_PRE_2025,VNAP25-6EE4FF93EA,VN_ADMIN_2025,VNA25-4209680CBC,MERGED_INTO
VN_ADMIN_PRE_2025,VNAP25-B8D8F2FF56,VN_ADMIN_2025,VNA25-4209680CBC,MERGED_INTO
VN_ADMIN_PRE_2025,VNAP25-02CC390201,VN_ADMIN_2025,VNA25-4209680CBC,MERGED_INTO
VN_ADMIN_PRE_2025,VNAP25-FD39D628B5,VN_ADMIN_2025,VNA25-755F5E6A52,MERGED_INTO
VN_ADMIN_PRE_2025,VNAP25-D22E48C403,VN_ADMIN_2025,VNA25-10AAE5AB7C,MERGED_INTO
VN_ADMIN_PRE_2025,VNAP25-772D311488,VN_ADMIN_2025,VNA25-10AAE5AB7C,MERGED_INTO
VN_ADMIN_PRE_2025,VNAP25-98DD6A4D04,VN_ADMIN_2025,VNA25-10AAE5AB7C,MERGED_INTO
VN_ADMIN_PRE_2025,VNAP25-3B3584881E,VN_ADMIN_2025,VNA25-DC7DCAB59D,MERGED_INTO
VN_ADMIN_PRE_2025,VNAP25-B9B6142D44,VN_ADMIN_2025,VNA25-DC7DCAB59D,MERGED_INTO
VN_ADMIN_PRE_2025,VNAP25-39BAEDC1BE,VN_ADMIN_2025,VNA25-DC7DCAB59D,MERGED_INTO
VN_ADMIN_PRE_2025,VNAP25-8D173CBCB5,VN_ADMIN_2025,VNA25-80D14AAB6F,MERGED_INTO
VN_ADMIN_PRE_2025,VNAP25-2573317C08,VN_ADMIN_2025,VNA25-CBA4340177,MERGED_INTO
VN_ADMIN_PRE_2025,VNAP25-2707D621C3,VN_ADMIN_2025,VNA25-CDFD54EB33,MERGED_INTO
VN_ADMIN_PRE_2025,VNAP25-B4E864EE9C,VN_ADMIN_2025,VNA25-CDFD54EB33,MERGED_INTO
VN_ADMIN_PRE_2025,VNAP25-468CC64D8E,VN_ADMIN_2025,VNA25-E8510C1974,MERGED_INTO
VN_ADMIN_PRE_2025,VNAP25-5A28CCF23C,VN_ADMIN_2025,VNA25-CDFD54EB33,MERGED_INTO
VN_ADMIN_PRE_2025,VNAP25-292EC63806,VN_ADMIN_2025,VNA25-80D14AAB6F,MERGED_INTO
VN_ADMIN_PRE_2025,VNAP25-A1620D16C5,VN_ADMIN_2025,VNA25-CF2A4A0294,MERGED_INTO
VN_ADMIN_PRE_2025,VNAP25-895EA5731A,VN_ADMIN_2025,VNA25-CF2A4A0294,MERGED_INTO
VN_ADMIN_PRE_2025,VNAP25-AF36ECFCF0,VN_ADMIN_2025,VNA25-CF2A4A0294,MERGED_INTO
VN_ADMIN_PRE_2025,VNAP25-970DDDBC52,VN_ADMIN_2025,VNA25-CBA4340177,MERGED_INTO
VN_ADMIN_PRE_2025,VNAP25-4CF4210CA3,VN_ADMIN_2025,VNA25-D0510894C7,MERGED_INTO
VN_ADMIN_PRE_2025,VNAP25-989773BB9C,VN_ADMIN_2025,VNA25-80D14AAB6F,MERGED_INTO
VN_ADMIN_PRE_2025,VNAP25-82855B2CD7,VN_ADMIN_2025,VNA25-CBA4340177,MERGED_INTO
VN_ADMIN_PRE_2025,VNAP25-170E3879B9,VN_ADMIN_2025,VNA25-E8510C1974,MERGED_INTO
VN_ADMIN_PRE_2025,VNAP25-FC51D352E3,VN_ADMIN_2025,VNA25-BB1CCF75F8,MERGED_INTO
VN_ADMIN_PRE_2025,VNAP25-639071315E,VN_ADMIN_2025,VNA25-BB1CCF75F8,MERGED_INTO
VN_ADMIN_PRE_2025,VNAP25-144885C8BA,VN_ADMIN_2025,VNA25-7DCA12A063,MERGED_INTO
VN_ADMIN_PRE_2025,VNAP25-84F0E31701,VN_ADMIN_2025,VNA25-80328D8674,SAME_AS
VN_ADMIN_PRE_2025,VNAP25-05D08B91A7,VN_ADMIN_2025,VNA25-73ADB5F21F,MERGED_INTO
VN_ADMIN_PRE_2025,VNAP25-03A380A876,VN_ADMIN_2025,VNA25-7DCA12A063,MERGED_INTO
VN_ADMIN_PRE_2025,VNAP25-FD0AC31EBF,VN_ADMIN_2025,VNA25-DFC2019314,SAME_AS
VN_ADMIN_PRE_2025,VNAP25-627F8964B4,VN_ADMIN_2025,VNA25-65D63F5802,MERGED_INTO
VN_ADMIN_PRE_2025,VNAP25-CF2E56129A,VN_ADMIN_2025,VNA25-65D63F5802,MERGED_INTO
VN_ADMIN_PRE_2025,VNAP25-7DB3E94BF7,VN_ADMIN_2025,VNA25-BB1CCF75F8,MERGED_INTO
VN_ADMIN_PRE_2025,VNAP25-64CB5DBA84,VN_ADMIN_2025,VNA25-1DAC1E36F8,MERGED_INTO
VN_ADMIN_PRE_2025,VNAP25-A50BB670D8,VN_ADMIN_2025,VNA25-7DCA12A063,MERGED_INTO
VN_ADMIN_PRE_2025,VNAP25-F8DABE6476,VN_ADMIN_2025,VNA25-65D63F5802,MERGED_INTO
VN_ADMIN_PRE_2025,VNAP25-72E0253330,VN_ADMIN_2025,VNA25-BB1CCF75F8,MERGED_INTO
VN_ADMIN_PRE_2025,VNAP25-922F15B0C8,VN_ADMIN_2025,VNA25-0A438B91D7,MERGED_INTO
VN_ADMIN_PRE_2025,VNAP25-00F47A4CD4,VN_ADMIN_2025,VNA25-98B27A2497,MERGED_INTO
VN_ADMIN_PRE_2025,VNAP25-D240496DF9,VN_ADMIN_2025,VNA25-0A438B91D7,MERGED_INTO
VN_ADMIN_PRE_2025,VNAP25-7BD183FF50,VN_ADMIN_2025,VNA25-2656E9C9B5,MERGED_INTO
VN_ADMIN_PRE_2025,VNAP25-4A7DDC8A31,VN_ADMIN_2025,VNA25-2656E9C9B5,MERGED_INTO
VN_ADMIN_PRE_2025,VNAP25-871986241D,VN_ADMIN_2025,VNA25-0A438B91D7,MERGED_INTO
VN_ADMIN_PRE_2025,VNAP25-B837ACE952,VN_ADMIN_2025,VNA25-98B27A2497,MERGED_INTO
VN_ADMIN_PRE_2025,VNAP25-3BEC719929,VN_ADMIN_2025,VNA25-4AA113A5C8,MERGED_INTO
VN_ADMIN_PRE_2025,VNAP25-89D6490D05,VN_ADMIN_2025,VNA25-4AA113A5C8,MERGED_INTO
VN_ADMIN_PRE_2025,VNAP25-1245B74054,VN_ADMIN_2025,VNA25-CC53EC4B5C,SAME_AS
VN_ADMIN_PRE_2025,VNAP25-78AE7F6F3A,VN_ADMIN_2025,VNA25-4D73CD780E,MERGED_INTO
VN_ADMIN_PRE_2025,VNAP25-A12B916097,VN_ADMIN_2025,VNA25-4D73CD780E,MERGED_INTO
VN_ADMIN_PRE_2025,VNAP25-01965FA7E0,VN_ADMIN_2025,VNA25-F2118484F0,SAME_AS
VN_ADMIN_PRE_2025,VNAP25-712ACD4051,VN_ADMIN_2025,VNA25-D0510894C7,MERGED_INTO
VN_ADMIN_PRE_2025,VNAP25-C7DEBD99B7,VN_ADMIN_2025,VNA25-EF2EEDFB6D,MERGED_INTO
VN_ADMIN_PRE_2025,VNAP25-02A3BF4871,VN_ADMIN_2025,VNA25-88F27B7F18,MERGED_INTO
VN_ADMIN_PRE_2025,VNAP25-FD0E7AB194,VN_ADMIN_2025,VNA25-4D0AA96308,MERGED_INTO
VN_ADMIN_PRE_2025,VNAP25-95B8829CBA,VN_ADMIN_2025,VNA25-6390721A88,MERGED_INTO
VN_ADMIN_PRE_2025,VNAP25-EACE0BD990,VN_ADMIN_2025,VNA25-EF2EEDFB6D,MERGED_INTO
VN_ADMIN_PRE_2025,VNAP25-30DBC20927,VN_ADMIN_2025,VNA25-6390721A88,MERGED_INTO
VN_ADMIN_PRE_2025,VNAP25-B0482DF10B,VN_ADMIN_2025,VNA25-88F27B7F18,MERGED_INTO
VN_ADMIN_PRE_2025,VNAP25-74980AC07C,VN_ADMIN_2025,VNA25-EF2EEDFB6D,MERGED_INTO
VN_ADMIN_PRE_2025,VNAP25-E8559DB149,VN_ADMIN_2025,VNA25-6390721A88,MERGED_INTO
VN_ADMIN_PRE_2025,VNAP25-B601FB535E,VN_ADMIN_2025,VNA25-4D0AA96308,MERGED_INTO
VN_ADMIN_PRE_2025,VNAP25-583D1133E8,VN_ADMIN_2025,VNA25-88F27B7F18,MERGED_INTO
VN_ADMIN_PRE_2025,VNAP25-9929E2FD1E,VN_ADMIN_2025,VNA25-0220B4BB16,MERGED_INTO
VN_ADMIN_PRE_2025,VNAP25-A644C77B39,VN_ADMIN_2025,VNA25-3213715827,MERGED_INTO
VN_ADMIN_PRE_2025,VNAP25-ED850F20B0,VN_ADMIN_2025,VNA25-3213715827,MERGED_INTO
VN_ADMIN_PRE_2025,VNAP25-E3EBFADA6F,VN_ADMIN_2025,VNA25-3213715827,MERGED_INTO
VN_ADMIN_PRE_2025,VNAP25-3D26E74761,VN_ADMIN_2025,VNA25-EE4D22A60E,MERGED_INTO
VN_ADMIN_PRE_2025,VNAP25-8FC75C3FCC,VN_ADMIN_2025,VNA25-EE4D22A60E,MERGED_INTO
VN_ADMIN_PRE_2025,VNAP25-BBE7D31578,VN_ADMIN_2025,VNA25-EE4D22A60E,MERGED_INTO
VN_ADMIN_PRE_2025,VNAP25-BED473E6CB,VN_ADMIN_2025,VNA25-1987A3BF48,MERGED_INTO
VN_ADMIN_PRE_2025,VNAP25-BC9971F99E,VN_ADMIN_2025,VNA25-0220B4BB16,MERGED_INTO
VN_ADMIN_PRE_2025,VNAP25-51B8146934,VN_ADMIN_2025,VNA25-E624717484,MERGED_INTO
VN_ADMIN_PRE_2025,VNAP25-5F8176C68A,VN_ADMIN_2025,VNA25-1987A3BF48,MERGED_INTO
VN_ADMIN_PRE_2025,VNAP25-4E658A1D25,VN_ADMIN_2025,VNA25-4846D55F8E,MERGED_INTO
VN_ADMIN_PRE_2025,VNAP25-3AF7A544FD,VN_ADMIN_2025,VNA25-1987A3BF48,MERGED_INTO
VN_ADMIN_PRE_2025,VNAP25-513A8E2BA4,VN_ADMIN_2025,VNA25-4846D55F8E,MERGED_INTO
VN_ADMIN_PRE_2025,VNAP25-0D8CCC7553,VN_ADMIN_2025,VNA25-4846D55F8E,MERGED_INTO
VN_ADMIN_PRE_2025,VNAP25-C6D4C888C2,VN_ADMIN_2025,VNA25-E624717484,MERGED_INTO
VN_ADMIN_PRE_2025,VNAP25-496BDA23FA,VN_ADMIN_2025,VNA25-E624717484,MERGED_INTO
VN_ADMIN_PRE_2025,VNAP25-A3CE60CCA1,VN_ADMIN_2025,VNA25-733FF1185E,MERGED_INTO
VN_ADMIN_PRE_2025,VNAP25-2D41ED32F3,VN_ADMIN_2025,VNA25-733FF1185E,MERGED_INTO
VN_ADMIN_PRE_2025,VNAP25-6B3D60ACE0,VN_ADMIN_2025,VNA25-A2371CA2FB,MERGED_INTO
VN_ADMIN_PRE_2025,VNAP25-9B2ACFF85A,VN_ADMIN_2025,VNA25-73ADB5F21F,MERGED_INTO
VN_ADMIN_PRE_2025,VNAP25-84974B47BF,VN_ADMIN_2025,VNA25-1DAC1E36F8,MERGED_INTO
VN_ADMIN_PRE_2025,VNAP25-36DE27711F,VN_ADMIN_2025,VNA25-1DAC1E36F8,MERGED_INTO
VN_ADMIN_PRE_2025,VNAP25-1A4CDD5F58,VN_ADMIN_2025,VNA25-733FF1185E,MERGED_INTO
VN_ADMIN_PRE_2025,VNAP25-A4CB1EE842,VN_ADMIN_2025,VNA25-A2371CA2FB,MERGED_INTO
VN_ADMIN_PRE_2025,VNAP25-D95C81697F,VN_ADMIN_2025,VNA25-C83C547589,MERGED_INTO
VN_ADMIN_PRE_2025,VNAP25-3D1468B6AD,VN_ADMIN_2025,VNA25-C68EB5FC19,MERGED_INTO
VN_ADMIN_PRE_2025,VNAP25-FB7153F179,VN_ADMIN_2025,VNA25-735B88ABD2,MERGED_INTO
VN_ADMIN_PRE_2025,VNAP25-77BE497A55,VN_ADMIN_2025,VNA25-FF073D0826,MERGED_INTO
VN_ADMIN_PRE_2025,VNAP25-B8A7BDFE0B,VN_ADMIN_2025,VNA25-62D968DF88,MERGED_INTO
VN_ADMIN_PRE_2025,VNAP25-E835BAF3E3,VN_ADMIN_2025,VNA25-ED13324A09,MERGED_INTO
VN_ADMIN_PRE_2025,VNAP25-139147F271,VN_ADMIN_2025,VNA25-336BA23073,MERGED_INTO
VN_ADMIN_PRE_2025,VNAP25-8396E29747,VN_ADMIN_2025,VNA25-C83C547589,MERGED_INTO
VN_ADMIN_PRE_2025,VNAP25-11E250EAC8,VN_ADMIN_2025,VNA25-094FEC8275,MERGED_INTO
VN_ADMIN_PRE_2025,VNAP25-91A504F78A,VN_ADMIN_2025,VNA25-5A31AB26E3,MERGED_INTO
VN_ADMIN_PRE_2025,VNAP25-CDC0C98781,VN_ADMIN_2025,VNA25-FF073D0826,MERGED_INTO
VN_ADMIN_PRE_2025,VNAP25-1290E03E2D,VN_ADMIN_2025,VNA25-336BA23073,MERGED_INTO
VN_ADMIN_PRE_2025,VNAP25-E5D8C6D2F8,VN_ADMIN_2025,VNA25-5A31AB26E3,MERGED_INTO
VN_ADMIN_PRE_2025,VNAP25-9FB7BA9888,VN_ADMIN_2025,VNA25-735B88ABD2,MERGED_INTO
VN_ADMIN_PRE_2025,VNAP25-5AA19445FB,VN_ADMIN_2025,VNA25-ED13324A09,MERGED_INTO
VN_ADMIN_PRE_2025,VNAP25-A9B9239876,VN_ADMIN_2025,VNA25-FF073D0826,MERGED_INTO
VN_ADMIN_PRE_2025,VNAP25-B88698333D,VN_ADMIN_2025,VNA25-094FEC8275,MERGED_INTO
VN_ADMIN_PRE_2025,VNAP25-C33B56CA73,VN_ADMIN_2025,VNA25-B5028C46EE,SAME_AS
VN_ADMIN_PRE_2025,VNAP25-42C0A45C40,VN_ADMIN_2025,VNA25-5A31AB26E3,MERGED_INTO
VN_ADMIN_PRE_2025,VNAP25-7448AF4B9B,VN_ADMIN_2025,VNA25-5A31AB26E3,MERGED_INTO
VN_ADMIN_PRE_2025,VNAP25-92F760AEA4,VN_ADMIN_2025,VNA25-C83C547589,MERGED_INTO
VN_ADMIN_PRE_2025,VNAP25-38C4EA93FC,VN_ADMIN_2025,VNA25-5A31AB26E3,MERGED_INTO
VN_ADMIN_PRE_2025,VNAP25-7D279DF7EA,VN_ADMIN_2025,VNA25-C68EB5FC19,MERGED_INTO
VN_ADMIN_PRE_2025,VNAP25-BBDB3CE658,VN_ADMIN_2025,VNA25-62D968DF88,MERGED_INTO
VN_ADMIN_PRE_2025,VNAP25-9D7B3E1471,VN_ADMIN_2025,VNA25-BC2DC55085,MERGED_INTO
VN_ADMIN_PRE_2025,VNAP25-0640A44E8A,VN_ADMIN_2025,VNA25-0C24F5E574,MERGED_INTO
VN_ADMIN_PRE_2025,VNAP25-A388354E96,VN_ADMIN_2025,VNA25-39FB7A09F5,MERGED_INTO
VN_ADMIN_PRE_2025,VNAP25-2AB24D1BBD,VN_ADMIN_2025,VNA25-3AD85BF7FE,MERGED_INTO
VN_ADMIN_PRE_2025,VNAP25-C2C4F48A05,VN_ADMIN_2025,VNA25-C5BDEA3ADE,SAME_AS
VN_ADMIN_PRE_2025,VNAP25-C4DF6E760A,VN_ADMIN_2025,VNA25-C94AB9C08F,MERGED_INTO
VN_ADMIN_PRE_2025,VNAP25-48C5648C59,VN_ADMIN_2025,VNA25-39FB7A09F5,MERGED_INTO
VN_ADMIN_PRE_2025,VNAP25-8778516F2F,VN_ADMIN_2025,VNA25-BC2DC55085,MERGED_INTO
VN_ADMIN_PRE_2025,VNAP25-C146031317,VN_ADMIN_2025,VNA25-0C24F5E574,MERGED_INTO
VN_ADMIN_PRE_2025,VNAP25-77FA286456,VN_ADMIN_2025,VNA25-C94AB9C08F,MERGED_INTO
VN_ADMIN_PRE_2025,VNAP25-FE01AB7D74,VN_ADMIN_2025,VNA25-0C24F5E574,MERGED_INTO
VN_ADMIN_PRE_2025,VNAP25-0B30F753B8,VN_ADMIN_2025,VNA25-0C24F5E574,MERGED_INTO
VN_ADMIN_PRE_2025,VNAP25-1B553003D4,VN_ADMIN_2025,VNA25-3AD85BF7FE,MERGED_INTO
VN_ADMIN_PRE_2025,VNAP25-44C2AB530D,VN_ADMIN_2025,VNA25-DA279D2F22,MERGED_INTO
VN_ADMIN_PRE_2025,VNAP25-C23FDD905C,VN_ADMIN_2025,VNA25-DA279D2F22,MERGED_INTO
VN_ADMIN_PRE_2025,VNAP25-534A291C4D,VN_ADMIN_2025,VNA25-7AFA11A610,MERGED_INTO
VN_ADMIN_PRE_2025,VNAP25-C7A336BE0F,VN_ADMIN_2025,VNA25-7AFA11A610,MERGED_INTO
VN_ADMIN_PRE_2025,VNAP25-6AAFBDC98D,VN_ADMIN_2025,VNA25-BC2DC55085,MERGED_INTO
VN_ADMIN_PRE_2025,VNAP25-CA8C929CFC,VN_ADMIN_2025,VNA25-4F3BEE900D,MERGED_INTO
VN_ADMIN_PRE_2025,VNAP25-0A822A6B95,VN_ADMIN_2025,VNA25-29511B8097,MERGED_INTO
VN_ADMIN_PRE_2025,VNAP25-E1E90EEDC9,VN_ADMIN_2025,VNA25-00F88FD309,MERGED_INTO
VN_ADMIN_PRE_2025,VNAP25-FA57FB9977,VN_ADMIN_2025,VNA25-C1C7A078DD,MERGED_INTO
VN_ADMIN_PRE_2025,VNAP25-15D098586D,VN_ADMIN_2025,VNA25-29511B8097,MERGED_INTO
VN_ADMIN_PRE_2025,VNAP25-89F6A7C7A2,VN_ADMIN_2025,VNA25-29511B8097,MERGED_INTO
VN_ADMIN_PRE_2025,VNAP25-D3E46F2B7C,VN_ADMIN_2025,VNA25-C1C7A078DD,MERGED_INTO
VN_ADMIN_PRE_2025,VNAP25-FFC1AC0ABC,VN_ADMIN_2025,VNA25-4F3BEE900D,MERGED_INTO
VN_ADMIN_PRE_2025,VNAP25-E2BCF0BB40,VN_ADMIN_2025,VNA25-00F88FD309,MERGED_INTO
VN_ADMIN_PRE_2025,VNAP25-588A454199,VN_ADMIN_2025,VNA25-C1C7A078DD,MERGED_INTO
VN_ADMIN_PRE_2025,VNAP25-436F8EB3D2,VN_ADMIN_2025,VNA25-20B789AA3C,MERGED_INTO
VN_ADMIN_PRE_2025,VNAP25-884E623BD2,VN_ADMIN_2025,VNA25-5AC82D0986,MERGED_INTO
VN_ADMIN_PRE_2025,VNAP25-C319B09A2B,VN_ADMIN_2025,VNA25-5AC82D0986,MERGED_INTO
VN_ADMIN_PRE_2025,VNAP25-0F727AED07,VN_ADMIN_2025,VNA25-B4A63AC399,MERGED_INTO
VN_ADMIN_PRE_2025,VNAP25-496253B9DB,VN_ADMIN_2025,VNA25-49C15C410D,MERGED_INTO
VN_ADMIN_PRE_2025,VNAP25-14E656AD01,VN_ADMIN_2025,VNA25-49C15C410D,MERGED_INTO
VN_ADMIN_PRE_2025,VNAP25-AA1F5722B6,VN_ADMIN_2025,VNA25-20B789AA3C,MERGED_INTO
VN_ADMIN_PRE_2025,VNAP25-663CB66AB1,VN_ADMIN_2025,VNA25-5AC82D0986,MERGED_INTO
VN_ADMIN_PRE_2025,VNAP25-BB3667208D,VN_ADMIN_2025,VNA25-49C15C410D,MERGED_INTO
VN_ADMIN_PRE_2025,VNAP25-2CB600BB54,VN_ADMIN_2025,VNA25-64718B9D6E,MERGED_INTO
VN_ADMIN_PRE_2025,VNAP25-87CDA6492F,VN_ADMIN_2025,VNA25-64718B9D6E,MERGED_INTO
VN_ADMIN_PRE_2025,VNAP25-7EB1D61E7F,VN_ADMIN_2025,VNA25-B4A63AC399,MERGED_INTO
VN_ADMIN_PRE_2025,VNAP25-A0AF5E7ECE,VN_ADMIN_2025,VNA25-1E7E4C2A88,MERGED_INTO
VN_ADMIN_PRE_2025,VNAP25-BF642B6F05,VN_ADMIN_2025,VNA25-33C084AEBA,MERGED_INTO
VN_ADMIN_PRE_2025,VNAP25-EAA2B96726,VN_ADMIN_2025,VNA25-133075DB5A,MERGED_INTO
VN_ADMIN_PRE_2025,VNAP25-E3B22F1E42,VN_ADMIN_2025,VNA25-2D0956D3ED,MERGED_INTO
VN_ADMIN_PRE_2025,VNAP25-7D1752F075,VN_ADMIN_2025,VNA25-8BFDF0368F,MERGED_INTO
VN_ADMIN_PRE_2025,VNAP25-5D94822B18,VN_ADMIN_2025,VNA25-090A0AE55D,MERGED_INTO
VN_ADMIN_PRE_2025,VNAP25-5C791794A7,VN_ADMIN_2025,VNA25-090A0AE55D,MERGED_INTO
VN_ADMIN_PRE_2025,VNAP25-AD25E25B8E,VN_ADMIN_2025,VNA25-8BFDF0368F,MERGED_INTO
VN_ADMIN_PRE_2025,VNAP25-50541003C9,VN_ADMIN_2025,VNA25-133075DB5A,MERGED_INTO
VN_ADMIN_PRE_2025,VNAP25-0A4E244309,VN_ADMIN_2025,VNA25-5096752C18,MERGED_INTO
VN_ADMIN_PRE_2025,VNAP25-C19490789B,VN_ADMIN_2025,VNA25-CC8E34E099,MERGED_INTO
VN_ADMIN_PRE_2025,VNAP25-18A9FD801D,VN_ADMIN_2025,VNA25-5096752C18,MERGED_INTO
VN_ADMIN_PRE_2025,VNAP25-EE522CBB7D,VN_ADMIN_2025,VNA25-1E7E4C2A88,MERGED_INTO
VN_ADMIN_PRE_2025,VNAP25-77FCCDB8ED,VN_ADMIN_2025,VNA25-1E7E4C2A88,MERGED_INTO
VN_ADMIN_PRE_2025,VNAP25-4A6AB8CBBE,VN_ADMIN_2025,VNA25-999E6153C5,MERGED_INTO
VN_ADMIN_PRE_2025,VNAP25-FEDD372B63,VN_ADMIN_2025,VNA25-2D0956D3ED,MERGED_INTO
VN_ADMIN_PRE_2025,VNAP25-66C1857F4D,VN_ADMIN_2025,VNA25-CC8E34E099,MERGED_INTO
VN_ADMIN_PRE_2025,VNAP25-C38A4D1127,VN_ADMIN_2025,VNA25-090A0AE55D,MERGED_INTO
VN_ADMIN_PRE_2025,VNAP25-4FC1B73F4D,VN_ADMIN_2025,VNA25-CC8E34E099,MERGED_INTO
VN_ADMIN_PRE_2025,VNAP25-81F62B0C77,VN_ADMIN_2025,VNA25-999E6153C5,MERGED_INTO
VN_ADMIN_PRE_2025,VNAP25-E185A4F5B2,VN_ADMIN_2025,VNA25-2D0956D3ED,MERGED_INTO
VN_ADMIN_PRE_2025,VNAP25-ECE85F15B2,VN_ADMIN_2025,VNA25-5096752C18,MERGED_INTO
VN_ADMIN_PRE_2025,VNAP25-55EB1425D9,VN_ADMIN_2025,VNA25-B5E336643F,MERGED_INTO
VN_ADMIN_PRE_2025,VNAP25-BDF5571BCA,VN_ADMIN_2025,VNA25-999E6153C5,MERGED_INTO
VN_ADMIN_PRE_2025,VNAP25-6F932914DE,VN_ADMIN_2025,VNA25-33C084AEBA,MERGED_INTO
VN_ADMIN_PRE_2025,VNAP25-56816B04F1,VN_ADMIN_2025,VNA25-B5E336643F,MERGED_INTO
VN_ADMIN_PRE_2025,VNAP25-2824614143,VN_ADMIN_2025,VNA25-8BFDF0368F,MERGED_INTO
VN_ADMIN_PRE_2025,VNAP25-CB111E8826,VN_ADMIN_2025,VNA25-CC8E34E099,MERGED_INTO
VN_ADMIN_PRE_2025,VNAP25-13F1BE1549,VN_ADMIN_2025,VNA25-133075DB5A,MERGED_INTO
VN_ADMIN_PRE_2025,VNAP25-AE8AABD4B5,VN_ADMIN_2025,VNA25-33C084AEBA,MERGED_INTO
VN_ADMIN_PRE_2025,VNAP25-986BC1E356,VN_ADMIN_2025,VNA25-7A06448E62,MERGED_INTO
VN_ADMIN_PRE_2025,VNAP25-537708B7B1,VN_ADMIN_2025,VNA25-7A06448E62,MERGED_INTO
VN_ADMIN_PRE_2025,VNAP25-2354F118AA,VN_ADMIN_2025,VNA25-2E871A4CF7,MERGED_INTO
VN_ADMIN_PRE_2025,VNAP25-FE12021820,VN_ADMIN_2025,VNA25-7A06448E62,MERGED_INTO
VN_ADMIN_PRE_2025,VNAP25-21D269D996,VN_ADMIN_2025,VNA25-1685354B74,SPLIT_INTO
VN_ADMIN_PRE_2025,VNAP25-21D269D996,VN_ADMIN_2025,VNA25-CECA8D6534,SPLIT_INTO
VN_ADMIN_PRE_2025,VNAP25-51A75C9654,VN_ADMIN_2025,VNA25-7A06448E62,MERGED_INTO
VN_ADMIN_PRE_2025,VNAP25-6AC4489011,VN_ADMIN_2025,VNA25-1685354B74,MERGED_INTO
VN_ADMIN_PRE_2025,VNAP25-DEAD71D911,VN_ADMIN_2025,VNA25-CECA8D6534,MERGED_INTO
VN_ADMIN_PRE_2025,VNAP25-F8DD536B75,VN_ADMIN_2025,VNA25-6F3D1421C1,MERGED_INTO
VN_ADMIN_PRE_2025,VNAP25-6A58AAF4AF,VN_ADMIN_2025,VNA25-1685354B74,MERGED_INTO
VN_ADMIN_PRE_2025,VNAP25-95F3292786,VN_ADMIN_2025,VNA25-1685354B74,MERGED_INTO
VN_ADMIN_PRE_2025,VNAP25-E14B9BC87D,VN_ADMIN_2025,VNA25-1685354B74,MERGED_INTO
VN_ADMIN_PRE_2025,VNAP25-1BC9F4D1F0,VN_ADMIN_2025,VNA25-2E871A4CF7,MERGED_INTO
VN_ADMIN_PRE_2025,VNAP25-3F6EEF2EB1,VN_ADMIN_2025,VNA25-6F3D1421C1,MERGED_INTO
VN_ADMIN_PRE_2025,VNAP25-75CCA7EF0D,VN_ADMIN_2025,VNA25-1685354B74,MERGED_INTO
VN_ADMIN_PRE_2025,VNAP25-A97555E739,VN_ADMIN_2025,VNA25-8606740C83,MERGED_INTO
VN_ADMIN_PRE_2025,VNAP25-ABEE2547B9,VN_ADMIN_2025,VNA25-A7E1032A2B,MERGED_INTO
VN_ADMIN_PRE_2025,VNAP25-D2D67A5CFD,VN_ADMIN_2025,VNA25-0E4B398EEB,MERGED_INTO
VN_ADMIN_PRE_2025,VNAP25-C6EC25C20C,VN_ADMIN_2025,VNA25-0E4B398EEB,MERGED_INTO
VN_ADMIN_PRE_2025,VNAP25-18313D908B,VN_ADMIN_2025,VNA25-149BE6937A,MERGED_INTO
VN_ADMIN_PRE_2025,VNAP25-39A11CD0B0,VN_ADMIN_2025,VNA25-7A06448E62,MERGED_INTO
VN_ADMIN_PRE_2025,VNAP25-D9C12C3824,VN_ADMIN_2025,VNA25-AFD2B6CC89,MERGED_INTO
VN_ADMIN_PRE_2025,VNAP25-145F37B301,VN_ADMIN_2025,VNA25-DBE912F3E1,SAME_AS
VN_ADMIN_PRE_2025,VNAP25-1C08A9AE83,VN_ADMIN_2025,VNA25-B5E336643F,MERGED_INTO
VN_ADMIN_PRE_2025,VNAP25-3DFCF3306B,VN_ADMIN_2025,VNA25-8606740C83,MERGED_INTO
VN_ADMIN_PRE_2025,VNAP25-D0B2C14F95,VN_ADMIN_2025,VNA25-A7E1032A2B,MERGED_INTO
VN_ADMIN_PRE_2025,VNAP25-7D23C8678B,VN_ADMIN_2025,VNA25-CECA8D6534,MERGED_INTO
VN_ADMIN_PRE_2025,VNAP25-42FE9246EF,VN_ADMIN_2025,VNA25-149BE6937A,MERGED_INTO
VN_ADMIN_PRE_2025,VNAP25-BF2F8FD425,VN_ADMIN_2025,VNA25-149BE6937A,MERGED_INTO
VN_ADMIN_PRE_2025,VNAP25-5915676F19,VN_ADMIN_2025,VNA25-90AF02DA9E,MERGED_INTO
VN_ADMIN_PRE_2025,VNAP25-A4C4645D4E,VN_ADMIN_2025,VNA25-0AC144A3CE,MERGED_INTO
VN_ADMIN_PRE_2025,VNAP25-910D35E937,VN_ADMIN_2025,VNA25-A7E1032A2B,MERGED_INTO
VN_ADMIN_PRE_2025,VNAP25-C3CCD22E57,VN_ADMIN_2025,VNA25-853EE496F0,MERGED_INTO
VN_ADMIN_PRE_2025,VNAP25-5823523C30,VN_ADMIN_2025,VNA25-853EE496F0,MERGED_INTO
VN_ADMIN_PRE_2025,VNAP25-F3D1292002,VN_ADMIN_2025,VNA25-90AF02DA9E,MERGED_INTO
VN_ADMIN_PRE_2025,VNAP25-FB3C5FE8D4,VN_ADMIN_2025,VNA25-90AF02DA9E,MERGED_INTO
VN_ADMIN_PRE_2025,VNAP25-36766FBBE8,VN_ADMIN_2025,VNA25-AFD2B6CC89,MERGED_INTO
VN_ADMIN_PRE_2025,VNAP25-8DB93292BC,VN_ADMIN_2025,VNA25-1685354B74,MERGED_INTO
VN_ADMIN_PRE_2025,VNAP25-D34545D2D8,VN_ADMIN_2025,VNA25-0E4B398EEB,MERGED_INTO
VN_ADMIN_PRE_2025,VNAP25-238AE8A114,VN_ADMIN_2025,VNA25-0AC144A3CE,MERGED_INTO
VN_ADMIN_PRE_2025,VNAP25-40D332E723,VN_ADMIN_2025,VNA25-8606740C83,MERGED_INTO
VN_ADMIN_PRE_2025,VNAP25-EEAE400C6A,VN_ADMIN_2025,VNA25-0AC144A3CE,MERGED_INTO
VN_ADMIN_PRE_2025,VNAP25-B5E3BB1785,VN_ADMIN_2025,VNA25-8606740C83,MERGED_INTO
VN_ADMIN_PRE_2025,VNAP25-AE23B42DB4,VN_ADMIN_2025,VNA25-9EEDB0D9CB,SPLIT_INTO
VN_ADMIN_PRE_2025,VNAP25-AE23B42DB4,VN_ADMIN_2025,VNA25-EC34838D1F,SPLIT_INTO
VN_ADMIN_PRE_2025,VNAP25-DDE807B1B4,VN_ADMIN_2025,VNA25-2E48D5F084,MERGED_INTO
VN_ADMIN_PRE_2025,VNAP25-D08CE552B3,VN_ADMIN_2025,VNA25-2E48D5F084,MERGED_INTO
VN_ADMIN_PRE_2025,VNAP25-DA01BCCE74,VN_ADMIN_2025,VNA25-2E48D5F084,MERGED_INTO
VN_ADMIN_PRE_2025,VNAP25-8F1ED68648,VN_ADMIN_2025,VNA25-2E48D5F084,MERGED_INTO
VN_ADMIN_PRE_2025,VNAP25-E7C4762179,VN_ADMIN_2025,VNA25-EC34838D1F,MERGED_INTO
VN_ADMIN_PRE_2025,VNAP25-77C489D9F9,VN_ADMIN_2025,VNA25-9EEDB0D9CB,SPLIT_INTO
VN_ADMIN_PRE_2025,VNAP25-77C489D9F9,VN_ADMIN_2025,VNA25-EC34838D1F,SPLIT_INTO
VN_ADMIN_PRE_2025,VNAP25-BDAC63E530,VN_ADMIN_2025,VNA25-9EEDB0D9CB,MERGED_INTO
VN_ADMIN_PRE_2025,VNAP25-5A59C7BE16,VN_ADMIN_2025,VNA25-F77F0268F5,MERGED_INTO
VN_ADMIN_PRE_2025,VNAP25-5DA2950D50,VN_ADMIN_2025,VNA25-F77F0268F5,MERGED_INTO
VN_ADMIN_PRE_2025,VNAP25-0A44A37C5E,VN_ADMIN_2025,VNA25-DDA876FC21,MERGED_INTO
VN_ADMIN_PRE_2025,VNAP25-7729DB9AF7,VN_ADMIN_2025,VNA25-FEEECDD0DC,MERGED_INTO
VN_ADMIN_PRE_2025,VNAP25-A1048CB518,VN_ADMIN_2025,VNA25-DDA876FC21,MERGED_INTO
VN_ADMIN_PRE_2025,VNAP25-F1DB52A4E0,VN_ADMIN_2025,VNA25-FEEECDD0DC,MERGED_INTO
VN_ADMIN_PRE_2025,VNAP25-AF955D6663,VN_ADMIN_2025,VNA25-DDA876FC21,MERGED_INTO
VN_ADMIN_PRE_2025,VNAP25-DB8E2C4929,VN_ADMIN_2025,VNA25-FEEECDD0DC,MERGED_INTO
VN_ADMIN_PRE_2025,VNAP25-AEC844ADEA,VN_ADMIN_2025,VNA25-F77F0268F5,MERGED_INTO
VN_ADMIN_PRE_2025,VNAP25-4072FFDF3E,VN_ADMIN_2025,VNA25-0189EB6FE4,MERGED_INTO
VN_ADMIN_PRE_2025,VNAP25-A864CBFA8C,VN_ADMIN_2025,VNA25-0189EB6FE4,MERGED_INTO
VN_ADMIN_PRE_2025,VNAP25-29F4E37095,VN_ADMIN_2025,VNA25-0189EB6FE4,MERGED_INTO
VN_ADMIN_PRE_2025,VNAP25-DF6B4EDC8F,VN_ADMIN_2025,VNA25-0189EB6FE4,MERGED_INTO
VN_ADMIN_PRE_2025,VNAP25-212479FB45,VN_ADMIN_2025,VNA25-8807F077E1,MERGED_INTO
VN_ADMIN_PRE_2025,VNAP25-F5DBBEE085,VN_ADMIN_2025,VNA25-8807F077E1,MERGED_INTO
VN_ADMIN_PRE_2025,VNAP25-B2E60D7816,VN_ADMIN_2025,VNA25-EF176FC7CD,MERGED_INTO
VN_ADMIN_PRE_2025,VNAP25-DCC0EF74EF,VN_ADMIN_2025,VNA25-EF176FC7CD,MERGED_INTO
VN_ADMIN_PRE_2025,VNAP25-8699631900,VN_ADMIN_2025,VNA25-EF176FC7CD,MERGED_INTO
VN_ADMIN_PRE_2025,VNAP25-4371738035,VN_ADMIN_2025,VNA25-8807F077E1,MERGED_INTO
VN_ADMIN_PRE_2025,VNAP25-9AE47F9A83,VN_ADMIN_2025,VNA25-B876C5255B,MERGED_INTO
VN_ADMIN_PRE_2025,VNAP25-9DCE0AA0D8,VN_ADMIN_2025,VNA25-B8E5261A24,MERGED_INTO
VN_ADMIN_PRE_2025,VNAP25-4A6BD3C710,VN_ADMIN_2025,VNA25-524637F3B7,MERGED_INTO
VN_ADMIN_PRE_2025,VNAP25-18C43C48EA,VN_ADMIN_2025,VNA25-8807F077E1,MERGED_INTO
VN_ADMIN_PRE_2025,VNAP25-F2586399C2,VN_ADMIN_2025,VNA25-CC1B9A9166,MERGED_INTO
VN_ADMIN_PRE_2025,VNAP25-FA493C6F57,VN_ADMIN_2025,VNA25-3348A04C81,MERGED_INTO
VN_ADMIN_PRE_2025,VNAP25-0137B3C211,VN_ADMIN_2025,VNA25-CC1B9A9166,MERGED_INTO
VN_ADMIN_PRE_2025,VNAP25-1BC31619D2,VN_ADMIN_2025,VNA25-CC1B9A9166,MERGED_INTO
VN_ADMIN_PRE_2025,VNAP25-E7AADB5D81,VN_ADMIN_2025,VNA25-3348A04C81,MERGED_INTO
VN_ADMIN_PRE_2025,VNAP25-22BBD543D8,VN_ADMIN_2025,VNA25-3348A04C81,MERGED_INTO
VN_ADMIN_PRE_2025,VNAP25-734B6D13CC,VN_ADMIN_2025,VNA25-F41B3EBB23,MERGED_INTO
VN_ADMIN_PRE_2025,VNAP25-2D3FCDE1C6,VN_ADMIN_2025,VNA25-F41B3EBB23,MERGED_INTO
VN_ADMIN_PRE_2025,VNAP25-EEB29BAD57,VN_ADMIN_2025,VNA25-F41B3EBB23,MERGED_INTO
VN_ADMIN_PRE_2025,VNAP25-B7C2381ED0,VN_ADMIN_2025,VNA25-8C294861E4,MERGED_INTO
VN_ADMIN_PRE_2025,VNAP25-67CD73834E,VN_ADMIN_2025,VNA25-8C294861E4,MERGED_INTO
VN_ADMIN_PRE_2025,VNAP25-50FFD5E392,VN_ADMIN_2025,VNA25-8C294861E4,MERGED_INTO
VN_ADMIN_PRE_2025,VNAP25-FFC8DCA3C4,VN_ADMIN_2025,VNA25-1CC6202D6A,MERGED_INTO
VN_ADMIN_PRE_2025,VNAP25-1FBC9308B7,VN_ADMIN_2025,VNA25-AC624AAA27,MERGED_INTO
VN_ADMIN_PRE_2025,VNAP25-CED27CC70D,VN_ADMIN_2025,VNA25-C8F90CB540,MERGED_INTO
VN_ADMIN_PRE_2025,VNAP25-8B15FC13AE,VN_ADMIN_2025,VNA25-C8F90CB540,MERGED_INTO
VN_ADMIN_PRE_2025,VNAP25-FA1157EEE1,VN_ADMIN_2025,VNA25-C8F90CB540,MERGED_INTO
VN_ADMIN_PRE_2025,VNAP25-D50F7A086F,VN_ADMIN_2025,VNA25-1CC6202D6A,MERGED_INTO
VN_ADMIN_PRE_2025,VNAP25-2BB2F719E9,VN_ADMIN_2025,VNA25-8CB32A1B08,MERGED_INTO
VN_ADMIN_PRE_2025,VNAP25-4A0C8C638A,VN_ADMIN_2025,VNA25-AC624AAA27,MERGED_INTO
VN_ADMIN_PRE_2025,VNAP25-77F0035DDA,VN_ADMIN_2025,VNA25-B55214BA15,MERGED_INTO
VN_ADMIN_PRE_2025,VNAP25-A43F39E1F3,VN_ADMIN_2025,VNA25-1CC6202D6A,MERGED_INTO
VN_ADMIN_PRE_2025,VNAP25-6E910081AC,VN_ADMIN_2025,VNA25-AC624AAA27,MERGED_INTO
VN_ADMIN_PRE_2025,VNAP25-391E9EA299,VN_ADMIN_2025,VNA25-8CB32A1B08,MERGED_INTO
VN_ADMIN_PRE_2025,VNAP25-9E73201045,VN_ADMIN_2025,VNA25-8CB32A1B08,MERGED_INTO
VN_ADMIN_PRE_2025,VNAP25-2234C6BB76,VN_ADMIN_2025,VNA25-B55214BA15,SPLIT_INTO
VN_ADMIN_PRE_2025,VNAP25-2234C6BB76,VN_ADMIN_2025,VNA25-D7263ADA31,SPLIT_INTO
VN_ADMIN_PRE_2025,VNAP25-18B2B0E18C,VN_ADMIN_2025,VNA25-AC624AAA27,MERGED_INTO
VN_ADMIN_PRE_2025,VNAP25-4AF8E11B1C,VN_ADMIN_2025,VNA25-8CB32A1B08,MERGED_INTO
VN_ADMIN_PRE_2025,VNAP25-2312EE39E3,VN_ADMIN_2025,VNA25-646DACD743,MERGED_INTO
VN_ADMIN_PRE_2025,VNAP25-C91483E2BD,VN_ADMIN_2025,VNA25-A939B09539,MERGED_INTO
VN_ADMIN_PRE_2025,VNAP25-B1FB7281BC,VN_ADMIN_2025,VNA25-8467A47257,MERGED_INTO
VN_ADMIN_PRE_2025,VNAP25-9A7DFB8FF7,VN_ADMIN_2025,VNA25-D7263ADA31,MERGED_INTO
VN_ADMIN_PRE_2025,VNAP25-C8228D78F7,VN_ADMIN_2025,VNA25-8467A47257,MERGED_INTO
VN_ADMIN_PRE_2025,VNAP25-9F21BF901B,VN_ADMIN_2025,VNA25-D7263ADA31,MERGED_INTO
VN_ADMIN_PRE_2025,VNAP25-AF6A596623,VN_ADMIN_2025,VNA25-646DACD743,MERGED_INTO
VN_ADMIN_PRE_2025,VNAP25-3D68660E60,VN_ADMIN_2025,VNA25-A939B09539,MERGED_INTO
VN_ADMIN_PRE_2025,VNAP25-115230539D,VN_ADMIN_2025,VNA25-5E906F5A1F,MERGED_INTO
VN_ADMIN_PRE_2025,VNAP25-791C141B78,VN_ADMIN_2025,VNA25-D7263ADA31,MERGED_INTO
VN_ADMIN_PRE_2025,VNAP25-81868D7282,VN_ADMIN_2025,VNA25-5E906F5A1F,MERGED_INTO
VN_ADMIN_PRE_2025,VNAP25-73F2F2CBA2,VN_ADMIN_2025,VNA25-A939B09539,MERGED_INTO
VN_ADMIN_PRE_2025,VNAP25-F96984DD8D,VN_ADMIN_2025,VNA25-646DACD743,MERGED_INTO
VN_ADMIN_PRE_2025,VNAP25-9F186C30E6,VN_ADMIN_2025,VNA25-40D6B29D76,MERGED_INTO
VN_ADMIN_PRE_2025,VNAP25-7398707125,VN_ADMIN_2025,VNA25-B876C5255B,MERGED_INTO
VN_ADMIN_PRE_2025,VNAP25-C91DAA4095,VN_ADMIN_2025,VNA25-B876C5255B,MERGED_INTO
VN_ADMIN_PRE_2025,VNAP25-9ABCC865B5,VN_ADMIN_2025,VNA25-524637F3B7,MERGED_INTO
VN_ADMIN_PRE_2025,VNAP25-E40062D391,VN_ADMIN_2025,VNA25-B8E5261A24,MERGED_INTO
VN_ADMIN_PRE_2025,VNAP25-34741F785E,VN_ADMIN_2025,VNA25-40D6B29D76,MERGED_INTO
VN_ADMIN_PRE_2025,VNAP25-7DEA986C40,VN_ADMIN_2025,VNA25-5985E0E02B,MERGED_INTO
VN_ADMIN_PRE_2025,VNAP25-11479F48B5,VN_ADMIN_2025,VNA25-5985E0E02B,MERGED_INTO
VN_ADMIN_PRE_2025,VNAP25-5DDD20CF90,VN_ADMIN_2025,VNA25-5985E0E02B,MERGED_INTO
VN_ADMIN_PRE_2025,VNAP25-A78E8F3D7F,VN_ADMIN_2025,VNA25-40D6B29D76,MERGED_INTO
VN_ADMIN_PRE_2025,VNAP25-A7607DED9C,VN_ADMIN_2025,VNA25-3DE8CD0FBF,MERGED_INTO
VN_ADMIN_PRE_2025,VNAP25-BCDCA144A9,VN_ADMIN_2025,VNA25-3DE8CD0FBF,MERGED_INTO
VN_ADMIN_PRE_2025,VNAP25-563B08665F,VN_ADMIN_2025,VNA25-89D8E2C8C4,MERGED_INTO
VN_ADMIN_PRE_2025,VNAP25-E3AF85EB4D,VN_ADMIN_2025,VNA25-3DE8CD0FBF,MERGED_INTO
VN_ADMIN_PRE_2025,VNAP25-9CCB99BD81,VN_ADMIN_2025,VNA25-89D8E2C8C4,MERGED_INTO
VN_ADMIN_PRE_2025,VNAP25-F4BB8FF064,VN_ADMIN_2025,VNA25-EF6B8A48C0,MERGED_INTO
VN_ADMIN_PRE_2025,VNAP25-2799A6B7F8,VN_ADMIN_2025,VNA25-8A81CB87D5,MERGED_INTO
VN_ADMIN_PRE_2025,VNAP25-57936E26EA,VN_ADMIN_2025,VNA25-27138C6417,MERGED_INTO
VN_ADMIN_PRE_2025,VNAP25-854AE6808B,VN_ADMIN_2025,VNA25-EF6B8A48C0,MERGED_INTO
VN_ADMIN_PRE_2025,VNAP25-BCCEF5E47C,VN_ADMIN_2025,VNA25-8A81CB87D5,MERGED_INTO
VN_ADMIN_PRE_2025,VNAP25-CB3776FD5D,VN_ADMIN_2025,VNA25-89D8E2C8C4,MERGED_INTO
VN_ADMIN_PRE_2025,VNAP25-F7EA27BE0F,VN_ADMIN_2025,VNA25-27138C6417,MERGED_INTO
VN_ADMIN_PRE_2025,VNAP25-38930E8FD5,VN_ADMIN_2025,VNA25-27138C6417,MERGED_INTO
VN_ADMIN_PRE_2025,VNAP25-49A26F2925,VN_ADMIN_2025,VNA25-4BF15849B2,MERGED_INTO
VN_ADMIN_PRE_2025,VNAP25-925B7201A6,VN_ADMIN_2025,VNA25-2FE6972F76,MERGED_INTO
VN_ADMIN_PRE_2025,VNAP25-70757B8843,VN_ADMIN_2025,VNA25-2FE6972F76,MERGED_INTO
VN_ADMIN_PRE_2025,VNAP25-874B1DB79B,VN_ADMIN_2025,VNA25-4BF15849B2,MERGED_INTO
VN_ADMIN_PRE_2025,VNAP25-CB75ECEE87,VN_ADMIN_2025,VNA25-2FE6972F76,MERGED_INTO
VN_ADMIN_PRE_2025,VNAP25-1207C9028C,VN_ADMIN_2025,VNA25-EF6B8A48C0,MERGED_INTO
VN_ADMIN_PRE_2025,VNAP25-5AD279404C,VN_ADMIN_2025,VNA25-4BF15849B2,MERGED_INTO
VN_ADMIN_PRE_2025,VNAP25-837DA99D48,VN_ADMIN_2025,VNA25-44EBF44DD0,MERGED_INTO
VN_ADMIN_PRE_2025,VNAP25-F6245B2630,VN_ADMIN_2025,VNA25-24D8FBE0D4,MERGED_INTO
VN_ADMIN_PRE_2025,VNAP25-B5BAC1E1DD,VN_ADMIN_2025,VNA25-255F34B45F,MERGED_INTO
VN_ADMIN_PRE_2025,VNAP25-674C432205,VN_ADMIN_2025,VNA25-CA438DF643,MERGED_INTO
VN_ADMIN_PRE_2025,VNAP25-D911D19486,VN_ADMIN_2025,VNA25-255F34B45F,MERGED_INTO
VN_ADMIN_PRE_2025,VNAP25-86EFBA13A1,VN_ADMIN_2025,VNA25-24D8FBE0D4,MERGED_INTO
VN_ADMIN_PRE_2025,VNAP25-9F7A6984C9,VN_ADMIN_2025,VNA25-CA438DF643,MERGED_INTO
VN_ADMIN_PRE_2025,VNAP25-C06261ED01,VN_ADMIN_2025,VNA25-CA438DF643,MERGED_INTO
VN_ADMIN_PRE_2025,VNAP25-D58AC668EB,VN_ADMIN_2025,VNA25-CA438DF643,MERGED_INTO
VN_ADMIN_PRE_2025,VNAP25-736AEDD71B,VN_ADMIN_2025,VNA25-24D8FBE0D4,MERGED_INTO
VN_ADMIN_PRE_2025,VNAP25-8D93D91A2F,VN_ADMIN_2025,VNA25-24D8FBE0D4,MERGED_INTO
VN_ADMIN_PRE_2025,VNAP25-A65C3807B3,VN_ADMIN_2025,VNA25-255F34B45F,MERGED_INTO
VN_ADMIN_PRE_2025,VNAP25-550BDD2E62,VN_ADMIN_2025,VNA25-44EBF44DD0,MERGED_INTO
VN_ADMIN_PRE_2025,VNAP25-400480717A,VN_ADMIN_2025,VNA25-F7EE04708F,MERGED_INTO
VN_ADMIN_PRE_2025,VNAP25-05533F9C98,VN_ADMIN_2025,VNA25-0A35F7F2F4,MERGED_INTO
VN_ADMIN_PRE_2025,VNAP25-50A556A298,VN_ADMIN_2025,VNA25-37FFEBA3CA,MERGED_INTO
VN_ADMIN_PRE_2025,VNAP25-886A61383F,VN_ADMIN_2025,VNA25-0A35F7F2F4,MERGED_INTO
VN_ADMIN_PRE_2025,VNAP25-945CEA8DDA,VN_ADMIN_2025,VNA25-2ED18955A8,MERGED_INTO
VN_ADMIN_PRE_2025,VNAP25-E8C2E6ABDA,VN_ADMIN_2025,VNA25-43244995AA,MERGED_INTO
VN_ADMIN_PRE_2025,VNAP25-70FB614167,VN_ADMIN_2025,VNA25-0A35F7F2F4,MERGED_INTO
VN_ADMIN_PRE_2025,VNAP25-87D5B85102,VN_ADMIN_2025,VNA25-F7EE04708F,MERGED_INTO
VN_ADMIN_PRE_2025,VNAP25-6BBF710EC0,VN_ADMIN_2025,VNA25-2ED18955A8,MERGED_INTO
VN_ADMIN_PRE_2025,VNAP25-E6EA4BC193,VN_ADMIN_2025,VNA25-2ED18955A8,MERGED_INTO
VN_ADMIN_PRE_2025,VNAP25-A743BD51A2,VN_ADMIN_2025,VNA25-52B2A09038,MERGED_INTO
VN_ADMIN_PRE_2025,VNAP25-BE46AD6E12,VN_ADMIN_2025,VNA25-52B2A09038,MERGED_INTO
VN_ADMIN_PRE_2025,VNAP25-F915CAB81D,VN_ADMIN_2025,VNA25-F7EE04708F,MERGED_INTO
VN_ADMIN_PRE_2025,VNAP25-4E4C73070B,VN_ADMIN_2025,VNA25-37FFEBA3CA,MERGED_INTO
VN_ADMIN_PRE_2025,VNAP25-EA4427152A,VN_ADMIN_2025,VNA25-43244995AA,MERGED_INTO
VN_ADMIN_PRE_2025,VNAP25-3E937E5D44,VN_ADMIN_2025,VNA25-37FFEBA3CA,MERGED_INTO
VN_ADMIN_PRE_2025,VNAP25-64F8E6C2FB,VN_ADMIN_2025,VNA25-43244995AA,MERGED_INTO
VN_ADMIN_PRE_2025,VNAP25-720CB95F01,VN_ADMIN_2025,VNA25-43244995AA,MERGED_INTO
VN_ADMIN_PRE_2025,VNAP25-809E37C5FE,VN_ADMIN_2025,VNA25-37FFEBA3CA,MERGED_INTO
VN_ADMIN_PRE_2025,VNAP25-2FB0CEF344,VN_ADMIN_2025,VNA25-C3DDF7D422,MERGED_INTO
VN_ADMIN_PRE_2025,VNAP25-97439F3A68,VN_ADMIN_2025,VNA25-C3DDF7D422,MERGED_INTO
VN_ADMIN_PRE_2025,VNAP25-71207770DF,VN_ADMIN_2025,VNA25-61AFFFE39B,MERGED_INTO
VN_ADMIN_PRE_2025,VNAP25-57399B0E72,VN_ADMIN_2025,VNA25-61AFFFE39B,MERGED_INTO
VN_ADMIN_PRE_2025,VNAP25-9F4C854D44,VN_ADMIN_2025,VNA25-61AFFFE39B,MERGED_INTO
VN_ADMIN_PRE_2025,VNAP25-85286EA332,VN_ADMIN_2025,VNA25-C3DDF7D422,MERGED_INTO
VN_ADMIN_PRE_2025,VNAP25-42E26157A4,VN_ADMIN_2025,VNA25-61AFFFE39B,MERGED_INTO
VN_ADMIN_PRE_2025,VNAP25-53B48A6148,VN_ADMIN_2025,VNA25-61AFFFE39B,MERGED_INTO
VN_ADMIN_PRE_2025,VNAP25-35FDBD94C1,VN_ADMIN_2025,VNA25-C3DDF7D422,MERGED_INTO
VN_ADMIN_PRE_2025,VNAP25-F7F33C066A,VN_ADMIN_2025,VNA25-52B2A09038,MERGED_INTO
VN_ADMIN_PRE_2025,VNAP25-4B7A555F0E,VN_ADMIN_2025,VNA25-719369A6FD,MERGED_INTO
VN_ADMIN_PRE_2025,VNAP25-08035836BC,VN_ADMIN_2025,VNA25-49CD728F28,MERGED_INTO
VN_ADMIN_PRE_2025,VNAP25-E9F2064778,VN_ADMIN_2025,VNA25-BB1D7C961E,MERGED_INTO
VN_ADMIN_PRE_2025,VNAP25-FDBC5B9147,VN_ADMIN_2025,VNA25-BB1D7C961E,MERGED_INTO
VN_ADMIN_PRE_2025,VNAP25-701A2A5586,VN_ADMIN_2025,VNA25-719369A6FD,MERGED_INTO
VN_ADMIN_PRE_2025,VNAP25-FE1F3CBDBD,VN_ADMIN_2025,VNA25-4185888524,MERGED_INTO
VN_ADMIN_PRE_2025,VNAP25-6AE1CE24D6,VN_ADMIN_2025,VNA25-719369A6FD,MERGED_INTO
VN_ADMIN_PRE_2025,VNAP25-27F8A4CE08,VN_ADMIN_2025,VNA25-719369A6FD,MERGED_INTO
VN_ADMIN_PRE_2025,VNAP25-879A541FD8,VN_ADMIN_2025,VNA25-4185888524,MERGED_INTO
VN_ADMIN_PRE_2025,VNAP25-5F9394251D,VN_ADMIN_2025,VNA25-49CD728F28,MERGED_INTO
VN_ADMIN_PRE_2025,VNAP25-8E39887516,VN_ADMIN_2025,VNA25-49CD728F28,MERGED_INTO
VN_ADMIN_PRE_2025,VNAP25-5749327922,VN_ADMIN_2025,VNA25-BB1D7C961E,MERGED_INTO
VN_ADMIN_PRE_2025,VNAP25-D6104EA11F,VN_ADMIN_2025,VNA25-BB1D7C961E,MERGED_INTO
VN_ADMIN_PRE_2025,VNAP25-8C43F2FAF8,VN_ADMIN_2025,VNA25-C674FED135,MERGED_INTO
VN_ADMIN_PRE_2025,VNAP25-02456A1EDE,VN_ADMIN_2025,VNA25-C674FED135,MERGED_INTO
VN_ADMIN_PRE_2025,VNAP25-13CF6477B2,VN_ADMIN_2025,VNA25-BFA7FAD5F9,MERGED_INTO
VN_ADMIN_PRE_2025,VNAP25-EDA778056F,VN_ADMIN_2025,VNA25-E27580A8C1,MERGED_INTO
VN_ADMIN_PRE_2025,VNAP25-D6DE11FFAF,VN_ADMIN_2025,VNA25-E27580A8C1,MERGED_INTO
VN_ADMIN_PRE_2025,VNAP25-CB11143E22,VN_ADMIN_2025,VNA25-E27580A8C1,MERGED_INTO
VN_ADMIN_PRE_2025,VNAP25-4927A5D490,VN_ADMIN_2025,VNA25-E27580A8C1,MERGED_INTO
VN_ADMIN_PRE_2025,VNAP25-7B2EEAC564,VN_ADMIN_2025,VNA25-2F3011CE38,MERGED_INTO
VN_ADMIN_PRE_2025,VNAP25-6DC1BBE0EC,VN_ADMIN_2025,VNA25-BFA7FAD5F9,MERGED_INTO
VN_ADMIN_PRE_2025,VNAP25-76B8B4EB4E,VN_ADMIN_2025,VNA25-66DE6395AA,MERGED_INTO
VN_ADMIN_PRE_2025,VNAP25-0388D196FB,VN_ADMIN_2025,VNA25-DE4944A767,MERGED_INTO
VN_ADMIN_PRE_2025,VNAP25-A60E479C6D,VN_ADMIN_2025,VNA25-2F3011CE38,MERGED_INTO
VN_ADMIN_PRE_2025,VNAP25-0C17E12213,VN_ADMIN_2025,VNA25-841F11E90C,MERGED_INTO
VN_ADMIN_PRE_2025,VNAP25-46603537DD,VN_ADMIN_2025,VNA25-66DE6395AA,MERGED_INTO
VN_ADMIN_PRE_2025,VNAP25-E720D13786,VN_ADMIN_2025,VNA25-2F3011CE38,MERGED_INTO
VN_ADMIN_PRE_2025,VNAP25-960C2581B1,VN_ADMIN_2025,VNA25-66DE6395AA,MERGED_INTO
VN_ADMIN_PRE_2025,VNAP25-51A4A3FF89,VN_ADMIN_2025,VNA25-841F11E90C,MERGED_INTO
VN_ADMIN_PRE_2025,VNAP25-4076570A89,VN_ADMIN_2025,VNA25-DE4944A767,MERGED_INTO
VN_ADMIN_PRE_2025,VNAP25-416D6062F9,VN_ADMIN_2025,VNA25-DE4944A767,MERGED_INTO
VN_ADMIN_PRE_2025,VNAP25-58453FEA3A,VN_ADMIN_2025,VNA25-DE4944A767,MERGED_INTO
VN_ADMIN_PRE_2025,VNAP25-B16D458313,VN_ADMIN_2025,VNA25-841F11E90C,MERGED_INTO
VN_ADMIN_PRE_2025,VNAP25-6B4B0C1968,VN_ADMIN_2025,VNA25-098399E947,MERGED_INTO
VN_ADMIN_PRE_2025,VNAP25-67F3A1C47E,VN_ADMIN_2025,VNA25-167C1B4F7E,MERGED_INTO
VN_ADMIN_PRE_2025,VNAP25-A9EE0B9C13,VN_ADMIN_2025,VNA25-2B7453E191,MERGED_INTO
VN_ADMIN_PRE_2025,VNAP25-C182F7D9EE,VN_ADMIN_2025,VNA25-167C1B4F7E,MERGED_INTO
VN_ADMIN_PRE_2025,VNAP25-1D414FF382,VN_ADMIN_2025,VNA25-7E0D9B210A,MERGED_INTO
VN_ADMIN_PRE_2025,VNAP25-BEE71B236B,VN_ADMIN_2025,VNA25-189D4C2FD0,MERGED_INTO
VN_ADMIN_PRE_2025,VNAP25-9BD2C54C5B,VN_ADMIN_2025,VNA25-2B7453E191,MERGED_INTO
VN_ADMIN_PRE_2025,VNAP25-FC91AE6436,VN_ADMIN_2025,VNA25-098399E947,MERGED_INTO
VN_ADMIN_PRE_2025,VNAP25-121B70871A,VN_ADMIN_2025,VNA25-7E0D9B210A,MERGED_INTO
VN_ADMIN_PRE_2025,VNAP25-B872F303D6,VN_ADMIN_2025,VNA25-7E0D9B210A,MERGED_INTO
VN_ADMIN_PRE_2025,VNAP25-5F63C40FC1,VN_ADMIN_2025,VNA25-5BDF916D24,MERGED_INTO
VN_ADMIN_PRE_2025,VNAP25-8D0E0F8396,VN_ADMIN_2025,VNA25-5BDF916D24,MERGED_INTO
VN_ADMIN_PRE_2025,VNAP25-7061C6D02D,VN_ADMIN_2025,VNA25-189D4C2FD0,MERGED_INTO
VN_ADMIN_PRE_2025,VNAP25-980DA5EE6D,VN_ADMIN_2025,VNA25-5BDF916D24,MERGED_INTO
VN_ADMIN_PRE_2025,VNAP25-5F9EF6A924,VN_ADMIN_2025,VNA25-098399E947,MERGED_INTO
VN_ADMIN_PRE_2025,VNAP25-2E8160135F,VN_ADMIN_2025,VNA25-098399E947,MERGED_INTO
VN_ADMIN_PRE_2025,VNAP25-C51D4D3657,VN_ADMIN_2025,VNA25-189D4C2FD0,MERGED_INTO
VN_ADMIN_PRE_2025,VNAP25-3037D54277,VN_ADMIN_2025,VNA25-189D4C2FD0,MERGED_INTO
VN_ADMIN_PRE_2025,VNAP25-6A4E360381,VN_ADMIN_2025,VNA25-167C1B4F7E,MERGED_INTO
VN_ADMIN_PRE_2025,VNAP25-7321072965,VN_ADMIN_2025,VNA25-2B7453E191,MERGED_INTO
VN_ADMIN_PRE_2025,VNAP25-1EC1DA49EC,VN_ADMIN_2025,VNA25-87C443BB18,MERGED_INTO
VN_ADMIN_PRE_2025,VNAP25-B02529A02A,VN_ADMIN_2025,VNA25-87C443BB18,MERGED_INTO
VN_ADMIN_PRE_2025,VNAP25-B91BA5B556,VN_ADMIN_2025,VNA25-884B8E32FD,MERGED_INTO
VN_ADMIN_PRE_2025,VNAP25-3EF52850B9,VN_ADMIN_2025,VNA25-884B8E32FD,MERGED_INTO
VN_ADMIN_PRE_2025,VNAP25-DED5D3592A,VN_ADMIN_2025,VNA25-87C443BB18,MERGED_INTO
VN_ADMIN_PRE_2025,VNAP25-A4CE721B2F,VN_ADMIN_2025,VNA25-87C443BB18,MERGED_INTO
VN_ADMIN_PRE_2025,VNAP25-E691E9331F,VN_ADMIN_2025,VNA25-87C443BB18,MERGED_INTO
VN_ADMIN_PRE_2025,VNAP25-8105F23CC5,VN_ADMIN_2025,VNA25-884B8E32FD,MERGED_INTO
VN_ADMIN_PRE_2025,VNAP25-61EC112126,VN_ADMIN_2025,VNA25-884B8E32FD,MERGED_INTO
VN_ADMIN_PRE_2025,VNAP25-70E8FF9544,VN_ADMIN_2025,VNA25-3284BD752C,MERGED_INTO
VN_ADMIN_PRE_2025,VNAP25-201D7BBD01,VN_ADMIN_2025,VNA25-B95B517C51,MERGED_INTO
VN_ADMIN_PRE_2025,VNAP25-CA188D89B3,VN_ADMIN_2025,VNA25-3284BD752C,MERGED_INTO
VN_ADMIN_PRE_2025,VNAP25-6364D1932C,VN_ADMIN_2025,VNA25-29DC257935,MERGED_INTO
VN_ADMIN_PRE_2025,VNAP25-C2E14D1C97,VN_ADMIN_2025,VNA25-B95B517C51,MERGED_INTO
VN_ADMIN_PRE_2025,VNAP25-6E813B2427,VN_ADMIN_2025,VNA25-B95B517C51,MERGED_INTO
VN_ADMIN_PRE_2025,VNAP25-CB21A763B9,VN_ADMIN_2025,VNA25-3BF337B30D,MERGED_INTO
VN_ADMIN_PRE_2025,VNAP25-8B2873F267,VN_ADMIN_2025,VNA25-C24243463D,MERGED_INTO
VN_ADMIN_PRE_2025,VNAP25-52C7934E04,VN_ADMIN_2025,VNA25-29DC257935,MERGED_INTO
VN_ADMIN_PRE_2025,VNAP25-373A3DEE66,VN_ADMIN_2025,VNA25-3BF337B30D,MERGED_INTO
VN_ADMIN_PRE_2025,VNAP25-E811737C65,VN_ADMIN_2025,VNA25-3BF337B30D,MERGED_INTO
VN_ADMIN_PRE_2025,VNAP25-76FA0F5910,VN_ADMIN_2025,VNA25-29DC257935,MERGED_INTO
VN_ADMIN_PRE_2025,VNAP25-A447BAD27C,VN_ADMIN_2025,VNA25-3BF337B30D,MERGED_INTO
VN_ADMIN_PRE_2025,VNAP25-D83CCCD0C3,VN_ADMIN_2025,VNA25-C24243463D,MERGED_INTO
VN_ADMIN_PRE_2025,VNAP25-EA998C3F1A,VN_ADMIN_2025,VNA25-3284BD752C,MERGED_INTO
VN_ADMIN_PRE_2025,VNAP25-CE324FA5AF,VN_ADMIN_2025,VNA25-C24243463D,MERGED_INTO
VN_ADMIN_PRE_2025,VNAP25-7116D15E91,VN_ADMIN_2025,VNA25-F6839E2595,MERGED_INTO
VN_ADMIN_PRE_2025,VNAP25-232FD44C07,VN_ADMIN_2025,VNA25-0389C6CAB7,MERGED_INTO
VN_ADMIN_PRE_2025,VNAP25-F7938D736A,VN_ADMIN_2025,VNA25-F6839E2595,MERGED_INTO
VN_ADMIN_PRE_2025,VNAP25-B043381C90,VN_ADMIN_2025,VNA25-6FF49BF98E,MERGED_INTO
VN_ADMIN_PRE_2025,VNAP25-A0C367558C,VN_ADMIN_2025,VNA25-F6839E2595,MERGED_INTO
VN_ADMIN_PRE_2025,VNAP25-517843024B,VN_ADMIN_2025,VNA25-ACCB22CA84,MERGED_INTO
VN_ADMIN_PRE_2025,VNAP25-668B34EB19,VN_ADMIN_2025,VNA25-ACCB22CA84,MERGED_INTO
VN_ADMIN_PRE_2025,VNAP25-20EFD89E01,VN_ADMIN_2025,VNA25-2321D18031,MERGED_INTO
VN_ADMIN_PRE_2025,VNAP25-0DAF7E9129,VN_ADMIN_2025,VNA25-ACCB22CA84,MERGED_INTO
VN_ADMIN_PRE_2025,VNAP25-23792FC326,VN_ADMIN_2025,VNA25-6FF49BF98E,MERGED_INTO
VN_ADMIN_PRE_2025,VNAP25-2867AC64C8,VN_ADMIN_2025,VNA25-0389C6CAB7,MERGED_INTO
VN_ADMIN_PRE_2025,VNAP25-1A1F26F54B,VN_ADMIN_2025,VNA25-2321D18031,MERGED_INTO
VN_ADMIN_PRE_2025,VNAP25-60C8E34F95,VN_ADMIN_2025,VNA25-0389C6CAB7,MERGED_INTO
VN_ADMIN_PRE_2025,VNAP25-AD57BA6E2E,VN_ADMIN_2025,VNA25-6FF49BF98E,MERGED_INTO
VN_ADMIN_PRE_2025,VNAP25-6564734C98,VN_ADMIN_2025,VNA25-664F8E85FE,MERGED_INTO
VN_ADMIN_PRE_2025,VNAP25-779C2F6903,VN_ADMIN_2025,VNA25-6FF49BF98E,MERGED_INTO
VN_ADMIN_PRE_2025,VNAP25-3CDD54396D,VN_ADMIN_2025,VNA25-6FF49BF98E,MERGED_INTO
VN_ADMIN_PRE_2025,VNAP25-55CB4ACEB1,VN_ADMIN_2025,VNA25-ACCB22CA84,MERGED_INTO
VN_ADMIN_PRE_2025,VNAP25-6BC02A0C4E,VN_ADMIN_2025,VNA25-F6839E2595,MERGED_INTO
VN_ADMIN_PRE_2025,VNAP25-774ED1EA0C,VN_ADMIN_2025,VNA25-664F8E85FE,MERGED_INTO
VN_ADMIN_PRE_2025,VNAP25-56BD9CC281,VN_ADMIN_2025,VNA25-664F8E85FE,MERGED_INTO
VN_ADMIN_PRE_2025,VNAP25-B044129C62,VN_ADMIN_2025,VNA25-0389C6CAB7,MERGED_INTO
VN_ADMIN_PRE_2025,VNAP25-50F4D79D19,VN_ADMIN_2025,VNA25-2321D18031,MERGED_INTO
VN_ADMIN_PRE_2025,VNAP25-1C429F5B2A,VN_ADMIN_2025,VNA25-2321D18031,MERGED_INTO
VN_ADMIN_PRE_2025,VNAP25-7D2B25E0A5,VN_ADMIN_2025,VNA25-85BB9E56FA,MERGED_INTO
VN_ADMIN_PRE_2025,VNAP25-D62BDDA647,VN_ADMIN_2025,VNA25-B0E5460903,MERGED_INTO
VN_ADMIN_PRE_2025,VNAP25-B6B865E2FA,VN_ADMIN_2025,VNA25-3D10CFF923,SAME_AS
VN_ADMIN_PRE_2025,VNAP25-ED258BA6DA,VN_ADMIN_2025,VNA25-C68D2C64BD,MERGED_INTO
VN_ADMIN_PRE_2025,VNAP25-624C3BE41E,VN_ADMIN_2025,VNA25-0D673D83E6,MERGED_INTO
VN_ADMIN_PRE_2025,VNAP25-57B49DD051,VN_ADMIN_2025,VNA25-0D673D83E6,MERGED_INTO
VN_ADMIN_PRE_2025,VNAP25-3C92F0E9F1,VN_ADMIN_2025,VNA25-B0E5460903,MERGED_INTO
VN_ADMIN_PRE_2025,VNAP25-175D98B065,VN_ADMIN_2025,VNA25-C68D2C64BD,MERGED_INTO
VN_ADMIN_PRE_2025,VNAP25-AFDE212CDB,VN_ADMIN_2025,VNA25-A15AF6A79D,SAME_AS
VN_ADMIN_PRE_2025,VNAP25-586A98720D,VN_ADMIN_2025,VNA25-B0E5460903,MERGED_INTO
VN_ADMIN_PRE_2025,VNAP25-EC1CEB9DA0,VN_ADMIN_2025,VNA25-B0E5460903,MERGED_INTO
VN_ADMIN_PRE_2025,VNAP25-FC613B3D40,VN_ADMIN_2025,VNA25-464B175951,SAME_AS
VN_ADMIN_PRE_2025,VNAP25-8815496814,VN_ADMIN_2025,VNA25-C68D2C64BD,MERGED_INTO
VN_ADMIN_PRE_2025,VNAP25-E513A266D4,VN_ADMIN_2025,VNA25-C68D2C64BD,MERGED_INTO
VN_ADMIN_PRE_2025,VNAP25-D1BE69F493,VN_ADMIN_2025,VNA25-502CB06F84,MERGED_INTO
VN_ADMIN_PRE_2025,VNAP25-FE590AADCC,VN_ADMIN_2025,VNA25-502CB06F84,MERGED_INTO
VN_ADMIN_PRE_2025,VNAP25-E57A60C8B4,VN_ADMIN_2025,VNA25-3EA7CE7972,MERGED_INTO
VN_ADMIN_PRE_2025,VNAP25-5DA96C8961,VN_ADMIN_2025,VNA25-6F1500C43E,MERGED_INTO
VN_ADMIN_PRE_2025,VNAP25-EAEBF36B53,VN_ADMIN_2025,VNA25-6F1500C43E,MERGED_INTO
VN_ADMIN_PRE_2025,VNAP25-503082A3CF,VN_ADMIN_2025,VNA25-00ABF5A489,MERGED_INTO
VN_ADMIN_PRE_2025,VNAP25-D1A6D7C334,VN_ADMIN_2025,VNA25-6F1500C43E,MERGED_INTO
VN_ADMIN_PRE_2025,VNAP25-5689055235,VN_ADMIN_2025,VNA25-502CB06F84,MERGED_INTO
VN_ADMIN_PRE_2025,VNAP25-C5708A53E2,VN_ADMIN_2025,VNA25-3EA7CE7972,MERGED_INTO
VN_ADMIN_PRE_2025,VNAP25-EADBA13050,VN_ADMIN_2025,VNA25-00ABF5A489,MERGED_INTO
VN_ADMIN_PRE_2025,VNAP25-46E533CC1C,VN_ADMIN_2025,VNA25-3EA7CE7972,MERGED_INTO
VN_ADMIN_PRE_2025,VNAP25-D83B3F7D29,VN_ADMIN_2025,VNA25-502CB06F84,MERGED_INTO
VN_ADMIN_PRE_2025,VNAP25-97E14919E1,VN_ADMIN_2025,VNA25-502CB06F84,MERGED_INTO
VN_ADMIN_PRE_2025,VNAP25-0D58A4A99A,VN_ADMIN_2025,VNA25-6F1500C43E,MERGED_INTO
VN_ADMIN_PRE_2025,VNAP25-1F71C3B003,VN_ADMIN_2025,VNA25-5BEE045F6C,MERGED_INTO
VN_ADMIN_PRE_2025,VNAP25-9A5C35E635,VN_ADMIN_2025,VNA25-CC86B4A1BC,MERGED_INTO
VN_ADMIN_PRE_2025,VNAP25-2EF7BBD8DA,VN_ADMIN_2025,VNA25-5BEE045F6C,MERGED_INTO
VN_ADMIN_PRE_2025,VNAP25-C7CD8A7184,VN_ADMIN_2025,VNA25-CC86B4A1BC,MERGED_INTO
VN_ADMIN_PRE_2025,VNAP25-C5878FDEC8,VN_ADMIN_2025,VNA25-283FE85D5E,MERGED_INTO
VN_ADMIN_PRE_2025,VNAP25-982CC4493B,VN_ADMIN_2025,VNA25-283FE85D5E,MERGED_INTO
VN_ADMIN_PRE_2025,VNAP25-428BA64F78,VN_ADMIN_2025,VNA25-CC86B4A1BC,MERGED_INTO
VN_ADMIN_PRE_2025,VNAP25-E2736FA730,VN_ADMIN_2025,VNA25-B69111DBF9,RENAMED_TO
VN_ADMIN_PRE_2025,VNAP25-04745FA271,VN_ADMIN_2025,VNA25-5BEE045F6C,MERGED_INTO
VN_ADMIN_PRE_2025,VNAP25-01DFDD7C6C,VN_ADMIN_2025,VNA25-283FE85D5E,MERGED_INTO
VN_ADMIN_PRE_2025,VNAP25-F3FE9E633B,VN_ADMIN_2025,VNA25-283FE85D5E,MERGED_INTO
VN_ADMIN_PRE_2025,VNAP25-CD46F4E12C,VN_ADMIN_2025,VNA25-5BEE045F6C,MERGED_INTO
VN_ADMIN_PRE_2025,VNAP25-77640AF797,VN_ADMIN_2025,VNA25-9BCAEBBF9D,MERGED_INTO
VN_ADMIN_PRE_2025,VNAP25-8079871446,VN_ADMIN_2025,VNA25-9BCAEBBF9D,MERGED_INTO
VN_ADMIN_PRE_2025,VNAP25-4C71D2216B,VN_ADMIN_2025,VNA25-A209220C2D,MERGED_INTO
VN_ADMIN_PRE_2025,VNAP25-440E134E30,VN_ADMIN_2025,VNA25-9BCAEBBF9D,MERGED_INTO
VN_ADMIN_PRE_2025,VNAP25-84A5F35C08,VN_ADMIN_2025,VNA25-F7C035467D,MERGED_INTO
VN_ADMIN_PRE_2025,VNAP25-1CE7930AB0,VN_ADMIN_2025,VNA25-F7C035467D,MERGED_INTO
VN_ADMIN_PRE_2025,VNAP25-3F1FEA6F7E,VN_ADMIN_2025,VNA25-AABFC53E1A,MERGED_INTO
VN_ADMIN_PRE_2025,VNAP25-C7E4A45559,VN_ADMIN_2025,VNA25-10BF95E57F,MERGED_INTO
VN_ADMIN_PRE_2025,VNAP25-FF9463F8D2,VN_ADMIN_2025,VNA25-AABFC53E1A,MERGED_INTO
VN_ADMIN_PRE_2025,VNAP25-B0206DEC9D,VN_ADMIN_2025,VNA25-9BCAEBBF9D,MERGED_INTO
VN_ADMIN_PRE_2025,VNAP25-2C244DD5B3,VN_ADMIN_2025,VNA25-3D63A71BA5,MERGED_INTO
VN_ADMIN_PRE_2025,VNAP25-B72AD546FE,VN_ADMIN_2025,VNA25-10BF95E57F,MERGED_INTO
VN_ADMIN_PRE_2025,VNAP25-A7D24B9549,VN_ADMIN_2025,VNA25-9BCAEBBF9D,MERGED_INTO
VN_ADMIN_PRE_2025,VNAP25-481DE975D3,VN_ADMIN_2025,VNA25-9BCAEBBF9D,MERGED_INTO
VN_ADMIN_PRE_2025,VNAP25-E567C7ACDF,VN_ADMIN_2025,VNA25-528893C6CD,MERGED_INTO
VN_ADMIN_PRE_2025,VNAP25-CB79BFEBB0,VN_ADMIN_2025,VNA25-528893C6CD,MERGED_INTO
VN_ADMIN_PRE_2025,VNAP25-2E7ABF16FD,VN_ADMIN_2025,VNA25-528893C6CD,MERGED_INTO
VN_ADMIN_PRE_2025,VNAP25-E1991DF731,VN_ADMIN_2025,VNA25-10BF95E57F,MERGED_INTO
VN_ADMIN_PRE_2025,VNAP25-8877EF7163,VN_ADMIN_2025,VNA25-21D1B38F5C,MERGED_INTO
VN_ADMIN_PRE_2025,VNAP25-C54A7B7DC0,VN_ADMIN_2025,VNA25-F8284702A6,MERGED_INTO
VN_ADMIN_PRE_2025,VNAP25-839A191A66,VN_ADMIN_2025,VNA25-2F200E3F19,SAME_AS
VN_ADMIN_PRE_2025,VNAP25-440732D4B4,VN_ADMIN_2025,VNA25-392D6365AE,MERGED_INTO
VN_ADMIN_PRE_2025,VNAP25-06F7BAFE82,VN_ADMIN_2025,VNA25-392D6365AE,MERGED_INTO
VN_ADMIN_PRE_2025,VNAP25-9A72240983,VN_ADMIN_2025,VNA25-0AAB4E2913,MERGED_INTO
VN_ADMIN_PRE_2025,VNAP25-CE8FFA6DD2,VN_ADMIN_2025,VNA25-DF6E58DA42,MERGED_INTO
VN_ADMIN_PRE_2025,VNAP25-CA85CA2AF9,VN_ADMIN_2025,VNA25-F8284702A6,MERGED_INTO
VN_ADMIN_PRE_2025,VNAP25-8E3A12A571,VN_ADMIN_2025,VNA25-DF6E58DA42,MERGED_INTO
VN_ADMIN_PRE_2025,VNAP25-37BF28C27A,VN_ADMIN_2025,VNA25-DF6E58DA42,MERGED_INTO
VN_ADMIN_PRE_2025,VNAP25-0DF7983915,VN_ADMIN_2025,VNA25-58839E5B19,MERGED_INTO
VN_ADMIN_PRE_2025,VNAP25-01377E392F,VN_ADMIN_2025,VNA25-3EA7CE7972,MERGED_INTO
VN_ADMIN_PRE_2025,VNAP25-569C9963D1,VN_ADMIN_2025,VNA25-F8284702A6,MERGED_INTO
VN_ADMIN_PRE_2025,VNAP25-926C7B0B28,VN_ADMIN_2025,VNA25-00ABF5A489,MERGED_INTO
VN_ADMIN_PRE_2025,VNAP25-08F007AC14,VN_ADMIN_2025,VNA25-BFE3A878A1,MERGED_INTO
VN_ADMIN_PRE_2025,VNAP25-43124AAB7A,VN_ADMIN_2025,VNA25-58839E5B19,MERGED_INTO
VN_ADMIN_PRE_2025,VNAP25-5C07A5744C,VN_ADMIN_2025,VNA25-0AAB4E2913,MERGED_INTO
VN_ADMIN_PRE_2025,VNAP25-545CF99BB0,VN_ADMIN_2025,VNA25-58839E5B19,MERGED_INTO
VN_ADMIN_PRE_2025,VNAP25-413FAF9115,VN_ADMIN_2025,VNA25-0AAB4E2913,MERGED_INTO
VN_ADMIN_PRE_2025,VNAP25-DA41471981,VN_ADMIN_2025,VNA25-0AAB4E2913,MERGED_INTO
VN_ADMIN_PRE_2025,VNAP25-A4F6731FA9,VN_ADMIN_2025,VNA25-58839E5B19,MERGED_INTO
VN_ADMIN_PRE_2025,VNAP25-60A2D7D6E4,VN_ADMIN_2025,VNA25-392D6365AE,MERGED_INTO
VN_ADMIN_PRE_2025,VNAP25-E916BC712A,VN_ADMIN_2025,VNA25-BFE3A878A1,MERGED_INTO
VN_ADMIN_PRE_2025,VNAP25-DE770B0507,VN_ADMIN_2025,VNA25-85BB9E56FA,MERGED_INTO
VN_ADMIN_PRE_2025,VNAP25-D1BAB057BC,VN_ADMIN_2025,VNA25-D37094FF2A,MERGED_INTO
VN_ADMIN_PRE_2025,VNAP25-7CAA706758,VN_ADMIN_2025,VNA25-F0B82445C3,MERGED_INTO
VN_ADMIN_PRE_2025,VNAP25-32EAC21D96,VN_ADMIN_2025,VNA25-4ED0D69317,MERGED_INTO
VN_ADMIN_PRE_2025,VNAP25-C5E0A5224B,VN_ADMIN_2025,VNA25-4ED0D69317,MERGED_INTO
VN_ADMIN_PRE_2025,VNAP25-E081972721,VN_ADMIN_2025,VNA25-818B4CF461,MERGED_INTO
VN_ADMIN_PRE_2025,VNAP25-F8E070FA08,VN_ADMIN_2025,VNA25-5B9031A293,MERGED_INTO
VN_ADMIN_PRE_2025,VNAP25-BC7276D70B,VN_ADMIN_2025,VNA25-D37094FF2A,MERGED_INTO
VN_ADMIN_PRE_2025,VNAP25-4AA0C7991C,VN_ADMIN_2025,VNA25-D37094FF2A,MERGED_INTO
VN_ADMIN_PRE_2025,VNAP25-13DABFEE53,VN_ADMIN_2025,VNA25-27AB59DA15,MERGED_INTO
VN_ADMIN_PRE_2025,VNAP25-15F8EDD934,VN_ADMIN_2025,VNA25-27AB59DA15,MERGED_INTO
VN_ADMIN_PRE_2025,VNAP25-01067A74C3,VN_ADMIN_2025,VNA25-F0B82445C3,MERGED_INTO
VN_ADMIN_PRE_2025,VNAP25-CA21AB9171,VN_ADMIN_2025,VNA25-F0B82445C3,MERGED_INTO
VN_ADMIN_PRE_2025,VNAP25-CA8504FF50,VN_ADMIN_2025,VNA25-21D1B38F5C,MERGED_INTO
VN_ADMIN_PRE_2025,VNAP25-E1248C2713,VN_ADMIN_2025,VNA25-5B9031A293,MERGED_INTO
VN_ADMIN_PRE_2025,VNAP25-BDAEDCE12D,VN_ADMIN_2025,VNA25-F0B82445C3,MERGED_INTO
VN_ADMIN_PRE_2025,VNAP25-005C4289DF,VN_ADMIN_2025,VNA25-983DBFEA9B,MERGED_INTO
VN_ADMIN_PRE_2025,VNAP25-E8226777C4,VN_ADMIN_2025,VNA25-487E681432,SAME_AS
VN_ADMIN_PRE_2025,VNAP25-8C144D5B06,VN_ADMIN_2025,VNA25-D37094FF2A,MERGED_INTO
VN_ADMIN_PRE_2025,VNAP25-72942A3BFC,VN_ADMIN_2025,VNA25-5B9031A293,MERGED_INTO
VN_ADMIN_PRE_2025,VNAP25-2334DF34D1,VN_ADMIN_2025,VNA25-818B4CF461,MERGED_INTO
VN_ADMIN_PRE_2025,VNAP25-7D3E677454,VN_ADMIN_2025,VNA25-818B4CF461,MERGED_INTO
VN_ADMIN_PRE_2025,VNAP25-D524E6F419,VN_ADMIN_2025,VNA25-983DBFEA9B,MERGED_INTO
VN_ADMIN_PRE_2025,VNAP25-07C28D733D,VN_ADMIN_2025,VNA25-818B4CF461,MERGED_INTO
VN_ADMIN_PRE_2025,VNAP25-8F7ABA8E46,VN_ADMIN_2025,VNA25-818B4CF461,MERGED_INTO
VN_ADMIN_PRE_2025,VNAP25-4ADA597DF7,VN_ADMIN_2025,VNA25-F0B82445C3,MERGED_INTO
VN_ADMIN_PRE_2025,VNAP25-8EB046E43D,VN_ADMIN_2025,VNA25-3D63A71BA5,MERGED_INTO
VN_ADMIN_PRE_2025,VNAP25-10211849DF,VN_ADMIN_2025,VNA25-A17948E1AB,MERGED_INTO
VN_ADMIN_PRE_2025,VNAP25-1500AD7136,VN_ADMIN_2025,VNA25-3D63A71BA5,MERGED_INTO
VN_ADMIN_PRE_2025,VNAP25-570FB5C60B,VN_ADMIN_2025,VNA25-A17948E1AB,MERGED_INTO
VN_ADMIN_PRE_2025,VNAP25-BB51D01A6E,VN_ADMIN_2025,VNA25-3D63A71BA5,MERGED_INTO
VN_ADMIN_PRE_2025,VNAP25-36A9CE14A8,VN_ADMIN_2025,VNA25-A209220C2D,MERGED_INTO
VN_ADMIN_PRE_2025,VNAP25-A1439A05A4,VN_ADMIN_2025,VNA25-A17948E1AB,MERGED_INTO
VN_ADMIN_PRE_2025,VNAP25-B99711513F,VN_ADMIN_2025,VNA25-A209220C2D,MERGED_INTO
VN_ADMIN_PRE_2025,VNAP25-1A6A6532C0,VN_ADMIN_2025,VNA25-A17948E1AB,MERGED_INTO
VN_ADMIN_PRE_2025,VNAP25-B8DE8BEA2A,VN_ADMIN_2025,VNA25-E05EA50BE4,MERGED_INTO
VN_ADMIN_PRE_2025,VNAP25-FE28595969,VN_ADMIN_2025,VNA25-A209220C2D,MERGED_INTO
VN_ADMIN_PRE_2025,VNAP25-07B9939EFB,VN_ADMIN_2025,VNA25-E05EA50BE4,MERGED_INTO
VN_ADMIN_PRE_2025,VNAP25-16976DFFD0,VN_ADMIN_2025,VNA25-A17948E1AB,MERGED_INTO
VN_ADMIN_PRE_2025,VNAP25-747AB4FAAA,VN_ADMIN_2025,VNA25-E05EA50BE4,MERGED_INTO
VN_ADMIN_PRE_2025,VNAP25-5F933757BF,VN_ADMIN_2025,VNA25-A6B29CBC06,MERGED_INTO
VN_ADMIN_PRE_2025,VNAP25-B863B06268,VN_ADMIN_2025,VNA25-453F65C1BA,MERGED_INTO
VN_ADMIN_PRE_2025,VNAP25-47EDD9B9D8,VN_ADMIN_2025,VNA25-453F65C1BA,MERGED_INTO
VN_ADMIN_PRE_2025,VNAP25-2708384357,VN_ADMIN_2025,VNA25-0003B2FA66,MERGED_INTO
VN_ADMIN_PRE_2025,VNAP25-6FAFD9B5DA,VN_ADMIN_2025,VNA25-00A70BF91C,MERGED_INTO
VN_ADMIN_PRE_2025,VNAP25-0CD306F901,VN_ADMIN_2025,VNA25-A6B29CBC06,MERGED_INTO
VN_ADMIN_PRE_2025,VNAP25-28A24AB2A2,VN_ADMIN_2025,VNA25-A6B29CBC06,MERGED_INTO
VN_ADMIN_PRE_2025,VNAP25-0720FB2FE4,VN_ADMIN_2025,VNA25-453F65C1BA,MERGED_INTO
VN_ADMIN_PRE_2025,VNAP25-2FEF10601D,VN_ADMIN_2025,VNA25-F2613AFFE3,MERGED_INTO
VN_ADMIN_PRE_2025,VNAP25-342D2B69CC,VN_ADMIN_2025,VNA25-0003B2FA66,MERGED_INTO
VN_ADMIN_PRE_2025,VNAP25-3D96017153,VN_ADMIN_2025,VNA25-E05EA50BE4,MERGED_INTO
VN_ADMIN_PRE_2025,VNAP25-1F7348FF65,VN_ADMIN_2025,VNA25-F2613AFFE3,MERGED_INTO
VN_ADMIN_PRE_2025,VNAP25-67ADE1841B,VN_ADMIN_2025,VNA25-F2613AFFE3,MERGED_INTO
VN_ADMIN_PRE_2025,VNAP25-48AFE3CD91,VN_ADMIN_2025,VNA25-00A70BF91C,MERGED_INTO
VN_ADMIN_PRE_2025,VNAP25-B164E1197E,VN_ADMIN_2025,VNA25-453F65C1BA,MERGED_INTO
VN_ADMIN_PRE_2025,VNAP25-84DCCA8EE2,VN_ADMIN_2025,VNA25-A6B29CBC06,MERGED_INTO
VN_ADMIN_PRE_2025,VNAP25-2B9D515E3C,VN_ADMIN_2025,VNA25-00A70BF91C,MERGED_INTO
VN_ADMIN_PRE_2025,VNAP25-1F9176B343,VN_ADMIN_2025,VNA25-A6B29CBC06,MERGED_INTO
VN_ADMIN_PRE_2025,VNAP25-4C9958B3C9,VN_ADMIN_2025,VNA25-A6B29CBC06,MERGED_INTO
VN_ADMIN_PRE_2025,VNAP25-F653EED004,VN_ADMIN_2025,VNA25-F2613AFFE3,MERGED_INTO
VN_ADMIN_PRE_2025,VNAP25-8F0C15071E,VN_ADMIN_2025,VNA25-0003B2FA66,MERGED_INTO
VN_ADMIN_PRE_2025,VNAP25-16CD82C285,VN_ADMIN_2025,VNA25-00A70BF91C,MERGED_INTO
VN_ADMIN_PRE_2025,VNAP25-FC666E7840,VN_ADMIN_2025,VNA25-F2613AFFE3,MERGED_INTO
VN_ADMIN_PRE_2025,VNAP25-F092EBC0E1,VN_ADMIN_2025,VNA25-985ACD7CE6,SAME_AS
VN_ADMIN_PRE_2025,VNAP25-85371DD203,VN_ADMIN_2025,VNA25-A1AB772041,SAME_AS
VN_ADMIN_PRE_2025,VNAP25-85C49CD0A0,VN_ADMIN_2025,VNA25-1CB5CB93CB,SAME_AS
VN_ADMIN_PRE_2025,VNAP25-13E2BD3191,VN_ADMIN_2025,VNA25-A07295443E,SAME_AS
VN_ADMIN_PRE_2025,VNAP25-651D3A8B5A,VN_ADMIN_2025,VNA25-1CADA61989,SAME_AS
VN_ADMIN_PRE_2025,VNAP25-2060268D25,VN_ADMIN_2025,VNA25-518FA2F646,SAME_AS
