secomm_scheme_code,secomm_unit_code,ghn_scheme_code,ghn_provider_key,mapping_method,mapping_status,note
VN_ADMIN_2025,VN-01,GHN_ADMIN_2025,1000013,NORMALIZED_EXACT,APPROVED,exact-name:1:1:province
VN_ADMIN_2025,VN-02,GHN_ADMIN_2025,1000021,NORMALIZED_EXACT,APPROVED,exact-name:1:1:province
VN_ADMIN_2025,VN-03,GHN_ADMIN_2025,1000022,NORMALIZED_EXACT,APPROVED,exact-name:1:1:province
VN_ADMIN_2025,VN-04,GHN_ADMIN_2025,1000005,NORMALIZED_EXACT,APPROVED,exact-name:1:1:province
VN_ADMIN_2025,VN-05,GHN_ADMIN_2025,1000032,NORMALIZED_EXACT,APPROVED,exact-name:1:1:province
VN_ADMIN_2025,VN-06,GHN_ADMIN_2025,1000003,NORMALIZED_EXACT,APPROVED,exact-name:1:1:province
VN_ADMIN_2025,VN-07,GHN_ADMIN_2025,1000010,NORMALIZED_EXACT,APPROVED,exact-name:1:1:province
VN_ADMIN_2025,VN-08,GHN_ADMIN_2025,1000026,NORMALIZED_EXACT,APPROVED,exact-name:1:1:province
VN_ADMIN_2025,VN-09,GHN_ADMIN_2025,1000006,NORMALIZED_EXACT,APPROVED,exact-name:1:1:province
VN_ADMIN_2025,VN-10,GHN_ADMIN_2025,1000012,NORMALIZED_EXACT,APPROVED,exact-name:1:1:province
VN_ADMIN_2025,VN-11,GHN_ADMIN_2025,1000007,NORMALIZED_EXACT,APPROVED,exact-name:1:1:province
VN_ADMIN_2025,VN-12,GHN_ADMIN_2025,1000000,NORMALIZED_EXACT,APPROVED,exact-name:1:1:province
VN_ADMIN_2025,VN-13,GHN_ADMIN_2025,1000029,NORMALIZED_EXACT,APPROVED,exact-name:1:1:province
VN_ADMIN_2025,VN-14,GHN_ADMIN_2025,1000004,NORMALIZED_EXACT,APPROVED,exact-name:1:1:province
VN_ADMIN_2025,VN-15,GHN_ADMIN_2025,1000001,NORMALIZED_EXACT,APPROVED,exact-name:1:1:province
VN_ADMIN_2025,VN-16,GHN_ADMIN_2025,1000002,NORMALIZED_EXACT,APPROVED,exact-name:1:1:province
VN_ADMIN_2025,VN-17,GHN_ADMIN_2025,1000023,NORMALIZED_EXACT,APPROVED,exact-name:1:1:province
VN_ADMIN_2025,VN-18,GHN_ADMIN_2025,1000008,NORMALIZED_EXACT,APPROVED,exact-name:1:1:province
VN_ADMIN_2025,VN-19,GHN_ADMIN_2025,1000025,NORMALIZED_EXACT,APPROVED,exact-name:1:1:province
VN_ADMIN_2025,VN-20,GHN_ADMIN_2025,1000009,NORMALIZED_EXACT,APPROVED,exact-name:1:1:province
VN_ADMIN_2025,VN-21,GHN_ADMIN_2025,1000033,NORMALIZED_EXACT,APPROVED,exact-name:1:1:province
VN_ADMIN_2025,VN-22,GHN_ADMIN_2025,1000024,NORMALIZED_EXACT,APPROVED,exact-name:1:1:province
VN_ADMIN_2025,VN-23,GHN_ADMIN_2025,1000031,NORMALIZED_EXACT,APPROVED,exact-name:1:1:province
VN_ADMIN_2025,VN-24,GHN_ADMIN_2025,1000016,NORMALIZED_EXACT,APPROVED,exact-name:1:1:province
VN_ADMIN_2025,VN-25,GHN_ADMIN_2025,1000015,NORMALIZED_EXACT,APPROVED,exact-name:1:1:province
VN_ADMIN_2025,VN-26,GHN_ADMIN_2025,1000019,NORMALIZED_EXACT,APPROVED,exact-name:1:1:province
VN_ADMIN_2025,VN-27,GHN_ADMIN_2025,1000028,NORMALIZED_EXACT,APPROVED,exact-name:1:1:province
VN_ADMIN_2025,VN-28,GHN_ADMIN_2025,1000017,NORMALIZED_EXACT,APPROVED,exact-name:1:1:province
VN_ADMIN_2025,VN-29,GHN_ADMIN_2025,1000027,NORMALIZED_EXACT,APPROVED,exact-name:1:1:province
VN_ADMIN_2025,VN-30,GHN_ADMIN_2025,1000018,NORMALIZED_EXACT,APPROVED,exact-name:1:1:province
VN_ADMIN_2025,VN-31,GHN_ADMIN_2025,1000020,NORMALIZED_EXACT,APPROVED,exact-name:1:1:province
VN_ADMIN_2025,VN-32,GHN_ADMIN_2025,1000030,NORMALIZED_EXACT,APPROVED,exact-name:1:1:province
VN_ADMIN_2025,VN-33,GHN_ADMIN_2025,1000014,NORMALIZED_EXACT,APPROVED,exact-name:1:1:province
VN_ADMIN_2025,VN-34,GHN_ADMIN_2025,1000011,NORMALIZED_EXACT,APPROVED,exact-name:1:1:province
VN_ADMIN_2025,VNA25-0003B2FA66,GHN_ADMIN_2025,1004908,NORMALIZED_EXACT,APPROVED,exact-name:1:1:parent-scoped:safe-normalization
VN_ADMIN_2025,VNA25-0015E5DE76,GHN_ADMIN_2025,1006073,NORMALIZED_EXACT,APPROVED,exact-name:1:1:parent-scoped:safe-normalization
VN_ADMIN_2025,VNA25-001EB63245,GHN_ADMIN_2025,1003429,NORMALIZED_EXACT,APPROVED,exact-name:1:1:parent-scoped:safe-normalization
VN_ADMIN_2025,VNA25-002264122B,GHN_ADMIN_2025,1006605,NORMALIZED_EXACT,APPROVED,exact-name:1:1:parent-scoped:safe-normalization
VN_ADMIN_2025,VNA25-002E5864BE,GHN_ADMIN_2025,1005600,NORMALIZED_EXACT,APPROVED,exact-name:1:1:parent-scoped:safe-normalization
VN_ADMIN_2025,VNA25-004350C56B,GHN_ADMIN_2025,1004932,NORMALIZED_EXACT,APPROVED,exact-name:1:1:parent-scoped:safe-normalization
VN_ADMIN_2025,VNA25-0052C6382C,GHN_ADMIN_2025,1005985,NORMALIZED_EXACT,APPROVED,exact-name:1:1:parent-scoped:safe-normalization
VN_ADMIN_2025,VNA25-005C6CF2A0,GHN_ADMIN_2025,1004145,NORMALIZED_EXACT,APPROVED,exact-name:1:1:parent-scoped:safe-normalization
VN_ADMIN_2025,VNA25-00773FA6E6,GHN_ADMIN_2025,1005419,NORMALIZED_EXACT,APPROVED,exact-name:1:1:parent-scoped:safe-normalization
VN_ADMIN_2025,VNA25-0082C632FD,GHN_ADMIN_2025,1005073,NORMALIZED_EXACT,APPROVED,exact-name:1:1:parent-scoped:safe-normalization
VN_ADMIN_2025,VNA25-008C84A9B8,GHN_ADMIN_2025,1003922,NORMALIZED_EXACT,APPROVED,exact-name:1:1:parent-scoped:safe-normalization
VN_ADMIN_2025,VNA25-009E10585F,GHN_ADMIN_2025,1006002,NORMALIZED_EXACT,APPROVED,exact-name:1:1:parent-scoped:safe-normalization
VN_ADMIN_2025,VNA25-00A70BF91C,GHN_ADMIN_2025,1004910,NORMALIZED_EXACT,APPROVED,exact-name:1:1:parent-scoped:safe-normalization
VN_ADMIN_2025,VNA25-00ABF5A489,GHN_ADMIN_2025,1004919,NORMALIZED_EXACT,APPROVED,exact-name:1:1:parent-scoped:safe-normalization
VN_ADMIN_2025,VNA25-00BCF7DDB4,GHN_ADMIN_2025,1004841,NORMALIZED_EXACT,APPROVED,exact-name:1:1:parent-scoped:safe-normalization
VN_ADMIN_2025,VNA25-00CFE9F0C0,GHN_ADMIN_2025,1003452,NORMALIZED_EXACT,APPROVED,exact-name:1:1:parent-scoped:safe-normalization
VN_ADMIN_2025,VNA25-00F4A0BB48,GHN_ADMIN_2025,1003480,NORMALIZED_EXACT,APPROVED,exact-name:1:1:parent-scoped:safe-normalization
VN_ADMIN_2025,VNA25-00F88FD309,GHN_ADMIN_2025,1004718,NORMALIZED_EXACT,APPROVED,exact-name:1:1:parent-scoped:safe-normalization
VN_ADMIN_2025,VNA25-00F959391B,GHN_ADMIN_2025,1003636,NORMALIZED_EXACT,APPROVED,exact-name:1:1:parent-scoped:safe-normalization
VN_ADMIN_2025,VNA25-012FC4EFAF,GHN_ADMIN_2025,1006161,NORMALIZED_EXACT,APPROVED,exact-name:1:1:parent-scoped:safe-normalization
VN_ADMIN_2025,VNA25-013B97AC8B,GHN_ADMIN_2025,1004332,NORMALIZED_EXACT,APPROVED,exact-name:1:1:parent-scoped:safe-normalization
VN_ADMIN_2025,VNA25-0143FF42F4,GHN_ADMIN_2025,1005893,NORMALIZED_EXACT,APPROVED,exact-name:1:1:parent-scoped:safe-normalization
VN_ADMIN_2025,VNA25-014B8D11B7,GHN_ADMIN_2025,1004526,NORMALIZED_EXACT,APPROVED,exact-name:1:1:parent-scoped:safe-normalization
VN_ADMIN_2025,VNA25-01811DB9C5,GHN_ADMIN_2025,1005172,NORMALIZED_EXACT,APPROVED,exact-name:1:1:parent-scoped:safe-normalization
VN_ADMIN_2025,VNA25-0189EB6FE4,GHN_ADMIN_2025,1006375,NORMALIZED_EXACT,APPROVED,exact-name:1:1:parent-scoped:safe-normalization
VN_ADMIN_2025,VNA25-01A0FBE20E,GHN_ADMIN_2025,1003733,NORMALIZED_EXACT,APPROVED,exact-name:1:1:parent-scoped:safe-normalization
VN_ADMIN_2025,VNA25-01A18CD1F7,GHN_ADMIN_2025,1005830,NORMALIZED_EXACT,APPROVED,exact-name:1:1:parent-scoped:safe-normalization
VN_ADMIN_2025,VNA25-01A2EBE01D,GHN_ADMIN_2025,1004418,NORMALIZED_EXACT,APPROVED,exact-name:1:1:parent-scoped:safe-normalization
VN_ADMIN_2025,VNA25-01F20B6044,GHN_ADMIN_2025,1003689,NORMALIZED_EXACT,APPROVED,exact-name:1:1:parent-scoped:safe-normalization
VN_ADMIN_2025,VNA25-020A088C40,GHN_ADMIN_2025,1004546,NORMALIZED_EXACT,APPROVED,exact-name:1:1:parent-scoped:safe-normalization
VN_ADMIN_2025,VNA25-0220B4BB16,GHN_ADMIN_2025,1006313,NORMALIZED_EXACT,APPROVED,exact-name:1:1:parent-scoped:safe-normalization
VN_ADMIN_2025,VNA25-022B4CC81C,GHN_ADMIN_2025,1004755,NORMALIZED_EXACT,APPROVED,exact-name:1:1:parent-scoped:safe-normalization
VN_ADMIN_2025,VNA25-0236EF02A3,GHN_ADMIN_2025,1003784,NORMALIZED_EXACT,APPROVED,exact-name:1:1:parent-scoped:safe-normalization
VN_ADMIN_2025,VNA25-024AFAE704,GHN_ADMIN_2025,1003616,NORMALIZED_TONE_PLACEMENT,APPROVED,offline-reviewed:1:1:parent-scoped:tone-placement
VN_ADMIN_2025,VNA25-02514184BF,GHN_ADMIN_2025,1004818,NORMALIZED_EXACT,APPROVED,exact-name:1:1:parent-scoped:safe-normalization
VN_ADMIN_2025,VNA25-0268B5C76C,GHN_ADMIN_2025,1003481,NORMALIZED_EXACT,APPROVED,exact-name:1:1:parent-scoped:safe-normalization
VN_ADMIN_2025,VNA25-027CA7DA45,GHN_ADMIN_2025,1003494,NORMALIZED_EXACT,APPROVED,exact-name:1:1:parent-scoped:safe-normalization
VN_ADMIN_2025,VNA25-0282F6ABFD,GHN_ADMIN_2025,1004973,NORMALIZED_EXACT,APPROVED,exact-name:1:1:parent-scoped:safe-normalization
VN_ADMIN_2025,VNA25-02A22837AD,GHN_ADMIN_2025,1006165,NORMALIZED_EXACT,APPROVED,exact-name:1:1:parent-scoped:safe-normalization
VN_ADMIN_2025,VNA25-02C09C32C3,GHN_ADMIN_2025,1006494,NORMALIZED_EXACT,APPROVED,exact-name:1:1:parent-scoped:safe-normalization
VN_ADMIN_2025,VNA25-02F34AD511,GHN_ADMIN_2025,1005170,NORMALIZED_EXACT,APPROVED,exact-name:1:1:parent-scoped:safe-normalization
VN_ADMIN_2025,VNA25-030EF9D3D3,GHN_ADMIN_2025,1006210,NORMALIZED_EXACT,APPROVED,exact-name:1:1:parent-scoped:safe-normalization
VN_ADMIN_2025,VNA25-0356439BDB,GHN_ADMIN_2025,1005173,NORMALIZED_EXACT,APPROVED,exact-name:1:1:parent-scoped:safe-normalization
VN_ADMIN_2025,VNA25-0389C6CAB7,GHN_ADMIN_2025,1004872,NORMALIZED_EXACT,APPROVED,exact-name:1:1:parent-scoped:safe-normalization
VN_ADMIN_2025,VNA25-039FA99483,GHN_ADMIN_2025,1005280,NORMALIZED_EXACT,APPROVED,exact-name:1:1:parent-scoped:safe-normalization
VN_ADMIN_2025,VNA25-03DC2B8825,GHN_ADMIN_2025,1004306,NORMALIZED_EXACT,APPROVED,exact-name:1:1:parent-scoped:safe-normalization
VN_ADMIN_2025,VNA25-03DDBA75CA,GHN_ADMIN_2025,1003581,NORMALIZED_EXACT,APPROVED,exact-name:1:1:parent-scoped:safe-normalization
VN_ADMIN_2025,VNA25-0419A81686,GHN_ADMIN_2025,1005446,NORMALIZED_EXACT,APPROVED,exact-name:1:1:parent-scoped:safe-normalization
VN_ADMIN_2025,VNA25-04233ECEC7,GHN_ADMIN_2025,1005567,NORMALIZED_EXACT,APPROVED,exact-name:1:1:parent-scoped:safe-normalization
VN_ADMIN_2025,VNA25-0454F93CFF,GHN_ADMIN_2025,1003572,NORMALIZED_EXACT,APPROVED,exact-name:1:1:parent-scoped:safe-normalization
VN_ADMIN_2025,VNA25-04727D5255,GHN_ADMIN_2025,1004034,NORMALIZED_EXACT,APPROVED,exact-name:1:1:parent-scoped:safe-normalization
VN_ADMIN_2025,VNA25-0476C44D62,GHN_ADMIN_2025,1004072,NORMALIZED_EXACT,APPROVED,exact-name:1:1:parent-scoped:safe-normalization
VN_ADMIN_2025,VNA25-0482BA5169,GHN_ADMIN_2025,1004366,NORMALIZED_EXACT,APPROVED,exact-name:1:1:parent-scoped:safe-normalization
VN_ADMIN_2025,VNA25-04C7D20B3A,GHN_ADMIN_2025,1005860,NORMALIZED_EXACT,APPROVED,exact-name:1:1:parent-scoped:safe-normalization
VN_ADMIN_2025,VNA25-04E68862F8,GHN_ADMIN_2025,1006558,NORMALIZED_EXACT,APPROVED,exact-name:1:1:parent-scoped:safe-normalization
VN_ADMIN_2025,VNA25-04F05C8575,GHN_ADMIN_2025,1005622,NORMALIZED_EXACT,APPROVED,exact-name:1:1:parent-scoped:safe-normalization
VN_ADMIN_2025,VNA25-050B20C1E0,GHN_ADMIN_2025,1006257,NORMALIZED_EXACT,APPROVED,exact-name:1:1:parent-scoped:safe-normalization
VN_ADMIN_2025,VNA25-05125EA8B2,GHN_ADMIN_2025,1004349,NORMALIZED_EXACT,APPROVED,exact-name:1:1:parent-scoped:safe-normalization
VN_ADMIN_2025,VNA25-0529D4E3EC,GHN_ADMIN_2025,1005074,NORMALIZED_EXACT,APPROVED,exact-name:1:1:parent-scoped:safe-normalization
VN_ADMIN_2025,VNA25-0529DD94A9,GHN_ADMIN_2025,1005771,NORMALIZED_EXACT,APPROVED,exact-name:1:1:parent-scoped:safe-normalization
VN_ADMIN_2025,VNA25-052A6E7190,GHN_ADMIN_2025,1003679,NORMALIZED_EXACT,APPROVED,exact-name:1:1:parent-scoped:safe-normalization
VN_ADMIN_2025,VNA25-0532069A78,GHN_ADMIN_2025,1005438,NORMALIZED_EXACT,APPROVED,exact-name:1:1:parent-scoped:safe-normalization
VN_ADMIN_2025,VNA25-053B1F94C3,GHN_ADMIN_2025,1005208,NORMALIZED_EXACT,APPROVED,exact-name:1:1:parent-scoped:safe-normalization
VN_ADMIN_2025,VNA25-0558D4B759,GHN_ADMIN_2025,1006450,NORMALIZED_EXACT,APPROVED,exact-name:1:1:parent-scoped:safe-normalization
VN_ADMIN_2025,VNA25-057E48C25E,GHN_ADMIN_2025,1004968,NORMALIZED_EXACT,APPROVED,exact-name:1:1:parent-scoped:safe-normalization
VN_ADMIN_2025,VNA25-05B9C9596D,GHN_ADMIN_2025,1005039,NORMALIZED_EXACT,APPROVED,exact-name:1:1:parent-scoped:safe-normalization
VN_ADMIN_2025,VNA25-05BBB020AF,GHN_ADMIN_2025,1005046,NORMALIZED_EXACT,APPROVED,exact-name:1:1:parent-scoped:safe-normalization
VN_ADMIN_2025,VNA25-05EDEFA157,GHN_ADMIN_2025,1004953,NORMALIZED_TONE_PLACEMENT,APPROVED,offline-reviewed:1:1:parent-scoped:tone-placement
VN_ADMIN_2025,VNA25-05F425C3B6,GHN_ADMIN_2025,1006626,NORMALIZED_EXACT,APPROVED,exact-name:1:1:parent-scoped:safe-normalization
VN_ADMIN_2025,VNA25-06128A3476,GHN_ADMIN_2025,1004066,NORMALIZED_EXACT,APPROVED,exact-name:1:1:parent-scoped:safe-normalization
VN_ADMIN_2025,VNA25-062960A2E3,GHN_ADMIN_2025,1005400,NORMALIZED_EXACT,APPROVED,exact-name:1:1:parent-scoped:safe-normalization
VN_ADMIN_2025,VNA25-063DCC8B56,GHN_ADMIN_2025,1005276,NORMALIZED_EXACT,APPROVED,exact-name:1:1:parent-scoped:safe-normalization
VN_ADMIN_2025,VNA25-066441DEF0,GHN_ADMIN_2025,1003460,NORMALIZED_EXACT,APPROVED,exact-name:1:1:parent-scoped:safe-normalization
VN_ADMIN_2025,VNA25-067893515C,GHN_ADMIN_2025,1003521,NORMALIZED_EXACT,APPROVED,exact-name:1:1:parent-scoped:safe-normalization
VN_ADMIN_2025,VNA25-068F7D72F0,GHN_ADMIN_2025,1005072,NORMALIZED_EXACT,APPROVED,exact-name:1:1:parent-scoped:safe-normalization
VN_ADMIN_2025,VNA25-06A24E5AD2,GHN_ADMIN_2025,1004562,NORMALIZED_EXACT,APPROVED,exact-name:1:1:parent-scoped:safe-normalization
VN_ADMIN_2025,VNA25-06CC178EEF,GHN_ADMIN_2025,1005888,NORMALIZED_EXACT,APPROVED,exact-name:1:1:parent-scoped:safe-normalization
VN_ADMIN_2025,VNA25-07123662F1,GHN_ADMIN_2025,1006652,NORMALIZED_EXACT,APPROVED,exact-name:1:1:parent-scoped:safe-normalization
VN_ADMIN_2025,VNA25-071672576B,GHN_ADMIN_2025,1004023,NORMALIZED_EXACT,APPROVED,exact-name:1:1:parent-scoped:safe-normalization
VN_ADMIN_2025,VNA25-072631750C,GHN_ADMIN_2025,1005056,NORMALIZED_EXACT,APPROVED,exact-name:1:1:parent-scoped:safe-normalization
VN_ADMIN_2025,VNA25-07521EF90A,GHN_ADMIN_2025,1005987,NORMALIZED_EXACT,APPROVED,exact-name:1:1:parent-scoped:safe-normalization
VN_ADMIN_2025,VNA25-078DBA1816,GHN_ADMIN_2025,1004053,NORMALIZED_EXACT,APPROVED,exact-name:1:1:parent-scoped:safe-normalization
VN_ADMIN_2025,VNA25-07A0B818E2,GHN_ADMIN_2025,1006033,NORMALIZED_EXACT,APPROVED,exact-name:1:1:parent-scoped:safe-normalization
VN_ADMIN_2025,VNA25-07B3AF21BE,GHN_ADMIN_2025,1005905,NORMALIZED_EXACT,APPROVED,exact-name:1:1:parent-scoped:safe-normalization
VN_ADMIN_2025,VNA25-07C6D2C0E0,GHN_ADMIN_2025,1006507,NORMALIZED_TONE_PLACEMENT,APPROVED,offline-reviewed:1:1:parent-scoped:tone-placement
VN_ADMIN_2025,VNA25-08168C9B22,GHN_ADMIN_2025,1004095,NORMALIZED_EXACT,APPROVED,exact-name:1:1:parent-scoped:safe-normalization
VN_ADMIN_2025,VNA25-082621C2FF,GHN_ADMIN_2025,1003591,NORMALIZED_EXACT,APPROVED,exact-name:1:1:parent-scoped:safe-normalization
VN_ADMIN_2025,VNA25-082F3F8455,GHN_ADMIN_2025,1003401,NORMALIZED_TONE_PLACEMENT,APPROVED,offline-reviewed:1:1:parent-scoped:tone-placement
VN_ADMIN_2025,VNA25-083AAF2EAD,GHN_ADMIN_2025,1004125,NORMALIZED_EXACT,APPROVED,exact-name:1:1:parent-scoped:safe-normalization
VN_ADMIN_2025,VNA25-083B71EA61,GHN_ADMIN_2025,1003628,NORMALIZED_EXACT,APPROVED,exact-name:1:1:parent-scoped:safe-normalization
VN_ADMIN_2025,VNA25-08482BCF1A,GHN_ADMIN_2025,1004783,NORMALIZED_EXACT,APPROVED,exact-name:1:1:parent-scoped:safe-normalization
VN_ADMIN_2025,VNA25-08575CDD54,GHN_ADMIN_2025,1005808,NORMALIZED_EXACT,APPROVED,exact-name:1:1:parent-scoped:safe-normalization
VN_ADMIN_2025,VNA25-087C69C3BE,GHN_ADMIN_2025,1003949,NORMALIZED_TONE_PLACEMENT,APPROVED,offline-reviewed:1:1:parent-scoped:tone-placement
VN_ADMIN_2025,VNA25-087F0EE25A,GHN_ADMIN_2025,1006064,NORMALIZED_EXACT,APPROVED,exact-name:1:1:parent-scoped:safe-normalization
VN_ADMIN_2025,VNA25-08905EA154,GHN_ADMIN_2025,1005272,NORMALIZED_EXACT,APPROVED,exact-name:1:1:parent-scoped:safe-normalization
VN_ADMIN_2025,VNA25-089B81B0E8,GHN_ADMIN_2025,1003848,NORMALIZED_EXACT,APPROVED,exact-name:1:1:parent-scoped:safe-normalization
VN_ADMIN_2025,VNA25-08DDD71C87,GHN_ADMIN_2025,1004195,NORMALIZED_EXACT,APPROVED,exact-name:1:1:parent-scoped:safe-normalization
VN_ADMIN_2025,VNA25-08E3755FF1,GHN_ADMIN_2025,1004164,NORMALIZED_EXACT,APPROVED,exact-name:1:1:parent-scoped:safe-normalization
VN_ADMIN_2025,VNA25-08E8E9D8ED,GHN_ADMIN_2025,1005245,NORMALIZED_EXACT,APPROVED,exact-name:1:1:parent-scoped:safe-normalization
VN_ADMIN_2025,VNA25-08FF322508,GHN_ADMIN_2025,1004530,NORMALIZED_EXACT,APPROVED,exact-name:1:1:parent-scoped:safe-normalization
VN_ADMIN_2025,VNA25-090A0AE55D,GHN_ADMIN_2025,1004733,NORMALIZED_EXACT,APPROVED,exact-name:1:1:parent-scoped:safe-normalization
VN_ADMIN_2025,VNA25-090E839D25,GHN_ADMIN_2025,1004977,NORMALIZED_EXACT,APPROVED,exact-name:1:1:parent-scoped:safe-normalization
VN_ADMIN_2025,VNA25-091D6BEFFC,GHN_ADMIN_2025,1003955,NORMALIZED_EXACT,APPROVED,exact-name:1:1:parent-scoped:safe-normalization
VN_ADMIN_2025,VNA25-09281A7DE5,GHN_ADMIN_2025,1004346,NORMALIZED_EXACT,APPROVED,exact-name:1:1:parent-scoped:safe-normalization
VN_ADMIN_2025,VNA25-09384444FB,GHN_ADMIN_2025,1006460,NORMALIZED_EXACT,APPROVED,exact-name:1:1:parent-scoped:safe-normalization
VN_ADMIN_2025,VNA25-09411EBF25,GHN_ADMIN_2025,1005407,NORMALIZED_EXACT,APPROVED,exact-name:1:1:parent-scoped:safe-normalization
VN_ADMIN_2025,VNA25-094B653D3F,GHN_ADMIN_2025,1006551,NORMALIZED_EXACT,APPROVED,exact-name:1:1:parent-scoped:safe-normalization
VN_ADMIN_2025,VNA25-094FEC8275,GHN_ADMIN_2025,1004701,NORMALIZED_EXACT,APPROVED,exact-name:1:1:parent-scoped:safe-normalization
VN_ADMIN_2025,VNA25-095D678236,GHN_ADMIN_2025,1004363,NORMALIZED_EXACT,APPROVED,exact-name:1:1:parent-scoped:safe-normalization
VN_ADMIN_2025,VNA25-09685AB226,GHN_ADMIN_2025,1006155,NORMALIZED_EXACT,APPROVED,exact-name:1:1:parent-scoped:safe-normalization
VN_ADMIN_2025,VNA25-098399E947,GHN_ADMIN_2025,1005102,NORMALIZED_EXACT,APPROVED,exact-name:1:1:parent-scoped:safe-normalization
VN_ADMIN_2025,VNA25-0984878A7F,GHN_ADMIN_2025,1005974,NORMALIZED_EXACT,APPROVED,exact-name:1:1:parent-scoped:safe-normalization
VN_ADMIN_2025,VNA25-09878883B0,GHN_ADMIN_2025,1004756,NORMALIZED_EXACT,APPROVED,exact-name:1:1:parent-scoped:safe-normalization
VN_ADMIN_2025,VNA25-098A342084,GHN_ADMIN_2025,1006501,NORMALIZED_EXACT,APPROVED,exact-name:1:1:parent-scoped:safe-normalization
VN_ADMIN_2025,VNA25-09AA6C4346,GHN_ADMIN_2025,1005156,NORMALIZED_EXACT,APPROVED,exact-name:1:1:parent-scoped:safe-normalization
VN_ADMIN_2025,VNA25-09AEE8FFB9,GHN_ADMIN_2025,1006153,NORMALIZED_EXACT,APPROVED,exact-name:1:1:parent-scoped:safe-normalization
VN_ADMIN_2025,VNA25-09BE0B0570,GHN_ADMIN_2025,1004436,NORMALIZED_EXACT,APPROVED,exact-name:1:1:parent-scoped:safe-normalization
VN_ADMIN_2025,VNA25-09C1DA8BEB,GHN_ADMIN_2025,1003702,NORMALIZED_EXACT,APPROVED,exact-name:1:1:parent-scoped:safe-normalization
VN_ADMIN_2025,VNA25-09DC865070,GHN_ADMIN_2025,1004829,NORMALIZED_EXACT,APPROVED,exact-name:1:1:parent-scoped:safe-normalization
VN_ADMIN_2025,VNA25-09E8E0A08A,GHN_ADMIN_2025,1003605,NORMALIZED_EXACT,APPROVED,exact-name:1:1:parent-scoped:safe-normalization
VN_ADMIN_2025,VNA25-0A24D47EB0,GHN_ADMIN_2025,1005410,NORMALIZED_EXACT,APPROVED,exact-name:1:1:parent-scoped:safe-normalization
VN_ADMIN_2025,VNA25-0A35F7F2F4,GHN_ADMIN_2025,1005083,NORMALIZED_EXACT,APPROVED,exact-name:1:1:parent-scoped:safe-normalization
VN_ADMIN_2025,VNA25-0A438B91D7,GHN_ADMIN_2025,1006321,NORMALIZED_EXACT,APPROVED,exact-name:1:1:parent-scoped:safe-normalization
VN_ADMIN_2025,VNA25-0A53588D52,GHN_ADMIN_2025,1004852,NORMALIZED_EXACT,APPROVED,exact-name:1:1:parent-scoped:safe-normalization
VN_ADMIN_2025,VNA25-0A53D0B2FF,GHN_ADMIN_2025,1005565,NORMALIZED_EXACT,APPROVED,exact-name:1:1:parent-scoped:safe-normalization
VN_ADMIN_2025,VNA25-0A54C6E4B1,GHN_ADMIN_2025,1004472,NORMALIZED_EXACT,APPROVED,exact-name:1:1:parent-scoped:safe-normalization
VN_ADMIN_2025,VNA25-0A74698CB5,GHN_ADMIN_2025,1004071,NORMALIZED_EXACT,APPROVED,exact-name:1:1:parent-scoped:safe-normalization
VN_ADMIN_2025,VNA25-0A8F2265F8,GHN_ADMIN_2025,1006085,NORMALIZED_EXACT,APPROVED,exact-name:1:1:parent-scoped:safe-normalization
VN_ADMIN_2025,VNA25-0A90141FD5,GHN_ADMIN_2025,1004847,NORMALIZED_EXACT,APPROVED,exact-name:1:1:parent-scoped:safe-normalization
VN_ADMIN_2025,VNA25-0AAB4E2913,GHN_ADMIN_2025,1004897,NORMALIZED_EXACT,APPROVED,exact-name:1:1:parent-scoped:safe-normalization
VN_ADMIN_2025,VNA25-0ABE3E52CE,GHN_ADMIN_2025,1005316,NORMALIZED_EXACT,APPROVED,exact-name:1:1:parent-scoped:safe-normalization
VN_ADMIN_2025,VNA25-0AC144A3CE,GHN_ADMIN_2025,1004741,NORMALIZED_EXACT,APPROVED,exact-name:1:1:parent-scoped:safe-normalization
VN_ADMIN_2025,VNA25-0AD42B524C,GHN_ADMIN_2025,1005778,NORMALIZED_EXACT,APPROVED,exact-name:1:1:parent-scoped:safe-normalization
VN_ADMIN_2025,VNA25-0AF82DF58C,GHN_ADMIN_2025,1003441,NORMALIZED_EXACT,APPROVED,exact-name:1:1:parent-scoped:safe-normalization
VN_ADMIN_2025,VNA25-0B05AD6F9E,GHN_ADMIN_2025,1005670,NORMALIZED_EXACT,APPROVED,exact-name:1:1:parent-scoped:safe-normalization
VN_ADMIN_2025,VNA25-0B05EC6AB7,GHN_ADMIN_2025,1004585,NORMALIZED_EXACT,APPROVED,exact-name:1:1:parent-scoped:safe-normalization
VN_ADMIN_2025,VNA25-0B13A24053,GHN_ADMIN_2025,1005699,PARENT_SCOPED_REVIEWED,APPROVED,human-approved:same-parent:unique-candidate; canonical-history-supported
VN_ADMIN_2025,VNA25-0B210B5C56,GHN_ADMIN_2025,1006531,NORMALIZED_EXACT,APPROVED,exact-name:1:1:parent-scoped:safe-normalization
VN_ADMIN_2025,VNA25-0B21E2BF18,GHN_ADMIN_2025,1006228,NORMALIZED_EXACT,APPROVED,exact-name:1:1:parent-scoped:safe-normalization
VN_ADMIN_2025,VNA25-0B58E856F7,GHN_ADMIN_2025,1005787,NORMALIZED_EXACT,APPROVED,exact-name:1:1:parent-scoped:safe-normalization
VN_ADMIN_2025,VNA25-0B5D25720F,GHN_ADMIN_2025,1003868,NORMALIZED_EXACT,APPROVED,exact-name:1:1:parent-scoped:safe-normalization
VN_ADMIN_2025,VNA25-0B82978D74,GHN_ADMIN_2025,1003948,NORMALIZED_TONE_PLACEMENT,APPROVED,offline-reviewed:1:1:parent-scoped:tone-placement
VN_ADMIN_2025,VNA25-0B8D10C7A3,GHN_ADMIN_2025,1004378,NORMALIZED_EXACT,APPROVED,exact-name:1:1:parent-scoped:safe-normalization
VN_ADMIN_2025,VNA25-0B8FD79557,GHN_ADMIN_2025,1004013,NORMALIZED_EXACT,APPROVED,exact-name:1:1:parent-scoped:safe-normalization
VN_ADMIN_2025,VNA25-0B8FF1B258,GHN_ADMIN_2025,1006273,NORMALIZED_EXACT,APPROVED,exact-name:1:1:parent-scoped:safe-normalization
VN_ADMIN_2025,VNA25-0BA3332028,GHN_ADMIN_2025,1004238,NORMALIZED_EXACT,APPROVED,exact-name:1:1:parent-scoped:safe-normalization
VN_ADMIN_2025,VNA25-0BA33AD752,GHN_ADMIN_2025,1006453,NORMALIZED_EXACT,APPROVED,exact-name:1:1:parent-scoped:safe-normalization
VN_ADMIN_2025,VNA25-0BB2B0263A,GHN_ADMIN_2025,1004091,NORMALIZED_EXACT,APPROVED,exact-name:1:1:parent-scoped:safe-normalization
VN_ADMIN_2025,VNA25-0BBE669376,GHN_ADMIN_2025,1005708,NORMALIZED_EXACT,APPROVED,exact-name:1:1:parent-scoped:safe-normalization
VN_ADMIN_2025,VNA25-0BCFE479B7,GHN_ADMIN_2025,1003806,NORMALIZED_EXACT,APPROVED,exact-name:1:1:parent-scoped:safe-normalization
VN_ADMIN_2025,VNA25-0BD921B115,GHN_ADMIN_2025,1003360,NORMALIZED_EXACT,APPROVED,exact-name:1:1:parent-scoped:safe-normalization
VN_ADMIN_2025,VNA25-0BF284D976,GHN_ADMIN_2025,1006621,NORMALIZED_EXACT,APPROVED,exact-name:1:1:parent-scoped:safe-normalization
VN_ADMIN_2025,VNA25-0C0DE4BC49,GHN_ADMIN_2025,1004601,NORMALIZED_EXACT,APPROVED,exact-name:1:1:parent-scoped:safe-normalization
VN_ADMIN_2025,VNA25-0C14581E22,GHN_ADMIN_2025,1006023,NORMALIZED_EXACT,APPROVED,exact-name:1:1:parent-scoped:safe-normalization
VN_ADMIN_2025,VNA25-0C24F5E574,GHN_ADMIN_2025,1004709,NORMALIZED_EXACT,APPROVED,exact-name:1:1:parent-scoped:safe-normalization
VN_ADMIN_2025,VNA25-0C35843083,GHN_ADMIN_2025,1003369,NORMALIZED_EXACT,APPROVED,exact-name:1:1:parent-scoped:safe-normalization
VN_ADMIN_2025,VNA25-0C3A2B36D9,GHN_ADMIN_2025,1005955,NORMALIZED_EXACT,APPROVED,exact-name:1:1:parent-scoped:safe-normalization
VN_ADMIN_2025,VNA25-0C4C9FACE7,GHN_ADMIN_2025,1004815,NORMALIZED_EXACT,APPROVED,exact-name:1:1:parent-scoped:safe-normalization
VN_ADMIN_2025,VNA25-0C4D51F7F5,GHN_ADMIN_2025,1004984,NORMALIZED_EXACT,APPROVED,exact-name:1:1:parent-scoped:safe-normalization
VN_ADMIN_2025,VNA25-0C5097192A,GHN_ADMIN_2025,1004134,NORMALIZED_EXACT,APPROVED,exact-name:1:1:parent-scoped:safe-normalization
VN_ADMIN_2025,VNA25-0C6815B5D8,GHN_ADMIN_2025,1005677,NORMALIZED_EXACT,APPROVED,exact-name:1:1:parent-scoped:safe-normalization
VN_ADMIN_2025,VNA25-0C8E90B9BC,GHN_ADMIN_2025,1004459,NORMALIZED_EXACT,APPROVED,exact-name:1:1:parent-scoped:safe-normalization
VN_ADMIN_2025,VNA25-0CAD98154A,GHN_ADMIN_2025,1005499,NORMALIZED_EXACT,APPROVED,exact-name:1:1:parent-scoped:safe-normalization
VN_ADMIN_2025,VNA25-0CB5A7FD92,GHN_ADMIN_2025,1005028,NORMALIZED_EXACT,APPROVED,exact-name:1:1:parent-scoped:safe-normalization
VN_ADMIN_2025,VNA25-0CC226094B,GHN_ADMIN_2025,1005397,NORMALIZED_EXACT,APPROVED,exact-name:1:1:parent-scoped:safe-normalization
VN_ADMIN_2025,VNA25-0CC5DA5044,GHN_ADMIN_2025,1006624,NORMALIZED_EXACT,APPROVED,exact-name:1:1:parent-scoped:safe-normalization
VN_ADMIN_2025,VNA25-0CCF3D17B3,GHN_ADMIN_2025,1005486,NORMALIZED_EXACT,APPROVED,exact-name:1:1:parent-scoped:safe-normalization
VN_ADMIN_2025,VNA25-0CD01C9688,GHN_ADMIN_2025,1003894,NORMALIZED_EXACT,APPROVED,exact-name:1:1:parent-scoped:safe-normalization
VN_ADMIN_2025,VNA25-0CD69FBDCB,GHN_ADMIN_2025,1004290,NORMALIZED_EXACT,APPROVED,exact-name:1:1:parent-scoped:safe-normalization
VN_ADMIN_2025,VNA25-0CDD1265CB,GHN_ADMIN_2025,1004331,NORMALIZED_EXACT,APPROVED,exact-name:1:1:parent-scoped:safe-normalization
VN_ADMIN_2025,VNA25-0D1544CFBF,GHN_ADMIN_2025,1003920,NORMALIZED_EXACT,APPROVED,exact-name:1:1:parent-scoped:safe-normalization
VN_ADMIN_2025,VNA25-0D17D3D431,GHN_ADMIN_2025,1003888,NORMALIZED_EXACT,APPROVED,exact-name:1:1:parent-scoped:safe-normalization
VN_ADMIN_2025,VNA25-0D37AA8EEE,GHN_ADMIN_2025,1006052,NORMALIZED_EXACT,APPROVED,exact-name:1:1:parent-scoped:safe-normalization
VN_ADMIN_2025,VNA25-0D49A4C250,GHN_ADMIN_2025,1003742,NORMALIZED_EXACT,APPROVED,exact-name:1:1:parent-scoped:safe-normalization
VN_ADMIN_2025,VNA25-0D5AA02688,GHN_ADMIN_2025,1005168,NORMALIZED_EXACT,APPROVED,exact-name:1:1:parent-scoped:safe-normalization
VN_ADMIN_2025,VNA25-0D673D83E6,GHN_ADMIN_2025,1004876,NORMALIZED_EXACT,APPROVED,exact-name:1:1:parent-scoped:safe-normalization
VN_ADMIN_2025,VNA25-0D73ABDF9A,GHN_ADMIN_2025,1004600,NORMALIZED_EXACT,APPROVED,exact-name:1:1:parent-scoped:safe-normalization
VN_ADMIN_2025,VNA25-0D7987903C,GHN_ADMIN_2025,1006606,NORMALIZED_EXACT,APPROVED,exact-name:1:1:parent-scoped:safe-normalization
VN_ADMIN_2025,VNA25-0D7C1C38C0,GHN_ADMIN_2025,1005742,NORMALIZED_EXACT,APPROVED,exact-name:1:1:parent-scoped:safe-normalization
VN_ADMIN_2025,VNA25-0DAEF50F8E,GHN_ADMIN_2025,1006253,NORMALIZED_EXACT,APPROVED,exact-name:1:1:parent-scoped:safe-normalization
VN_ADMIN_2025,VNA25-0DD8EB5C05,GHN_ADMIN_2025,1005137,NORMALIZED_EXACT,APPROVED,exact-name:1:1:parent-scoped:safe-normalization
VN_ADMIN_2025,VNA25-0DE104D6AB,GHN_ADMIN_2025,1006343,NORMALIZED_EXACT,APPROVED,exact-name:1:1:parent-scoped:safe-normalization
VN_ADMIN_2025,VNA25-0DE6BDCDEF,GHN_ADMIN_2025,1005221,NORMALIZED_EXACT,APPROVED,exact-name:1:1:parent-scoped:safe-normalization
VN_ADMIN_2025,VNA25-0DF631E062,GHN_ADMIN_2025,1004234,NORMALIZED_EXACT,APPROVED,exact-name:1:1:parent-scoped:safe-normalization
VN_ADMIN_2025,VNA25-0E004E4F0F,GHN_ADMIN_2025,1006024,NORMALIZED_EXACT,APPROVED,exact-name:1:1:parent-scoped:safe-normalization
VN_ADMIN_2025,VNA25-0E00E76387,GHN_ADMIN_2025,1004580,NORMALIZED_EXACT,APPROVED,exact-name:1:1:parent-scoped:safe-normalization
VN_ADMIN_2025,VNA25-0E0D99BC25,GHN_ADMIN_2025,1005136,NORMALIZED_EXACT,APPROVED,exact-name:1:1:parent-scoped:safe-normalization
VN_ADMIN_2025,VNA25-0E27B49ECE,GHN_ADMIN_2025,1005387,NORMALIZED_EXACT,APPROVED,exact-name:1:1:parent-scoped:safe-normalization
VN_ADMIN_2025,VNA25-0E27C29620,GHN_ADMIN_2025,1004058,NORMALIZED_EXACT,APPROVED,exact-name:1:1:parent-scoped:safe-normalization
VN_ADMIN_2025,VNA25-0E4B398EEB,GHN_ADMIN_2025,1004739,NORMALIZED_EXACT,APPROVED,exact-name:1:1:parent-scoped:safe-normalization
VN_ADMIN_2025,VNA25-0E58434243,GHN_ADMIN_2025,1004155,NORMALIZED_EXACT,APPROVED,exact-name:1:1:parent-scoped:safe-normalization
VN_ADMIN_2025,VNA25-0E5F58AE75,GHN_ADMIN_2025,1005645,NORMALIZED_EXACT,APPROVED,exact-name:1:1:parent-scoped:safe-normalization
VN_ADMIN_2025,VNA25-0E60BA3DE9,GHN_ADMIN_2025,1005617,NORMALIZED_EXACT,APPROVED,exact-name:1:1:parent-scoped:safe-normalization
VN_ADMIN_2025,VNA25-0E931D6855,GHN_ADMIN_2025,1005850,NORMALIZED_EXACT,APPROVED,exact-name:1:1:parent-scoped:safe-normalization
VN_ADMIN_2025,VNA25-0E9C81D415,GHN_ADMIN_2025,1005732,NORMALIZED_EXACT,APPROVED,exact-name:1:1:parent-scoped:safe-normalization
VN_ADMIN_2025,VNA25-0EC2570EA9,GHN_ADMIN_2025,1003621,NORMALIZED_EXACT,APPROVED,exact-name:1:1:parent-scoped:safe-normalization
VN_ADMIN_2025,VNA25-0EDBA93C9D,GHN_ADMIN_2025,1005144,NORMALIZED_EXACT,APPROVED,exact-name:1:1:parent-scoped:safe-normalization
VN_ADMIN_2025,VNA25-0EDCCDF33C,GHN_ADMIN_2025,1005520,NORMALIZED_EXACT,APPROVED,exact-name:1:1:parent-scoped:safe-normalization
VN_ADMIN_2025,VNA25-0EEA9E24D0,GHN_ADMIN_2025,1004504,NORMALIZED_EXACT,APPROVED,exact-name:1:1:parent-scoped:safe-normalization
VN_ADMIN_2025,VNA25-0F070762C7,GHN_ADMIN_2025,1003746,NORMALIZED_EXACT,APPROVED,exact-name:1:1:parent-scoped:safe-normalization
VN_ADMIN_2025,VNA25-0F184A893D,GHN_ADMIN_2025,1003919,NORMALIZED_EXACT,APPROVED,exact-name:1:1:parent-scoped:safe-normalization
VN_ADMIN_2025,VNA25-0F2FD4D28B,GHN_ADMIN_2025,1005760,NORMALIZED_EXACT,APPROVED,exact-name:1:1:parent-scoped:safe-normalization
VN_ADMIN_2025,VNA25-0F79472164,GHN_ADMIN_2025,1003744,NORMALIZED_EXACT,APPROVED,exact-name:1:1:parent-scoped:safe-normalization
VN_ADMIN_2025,VNA25-0F971889E5,GHN_ADMIN_2025,1004140,NORMALIZED_EXACT,APPROVED,exact-name:1:1:parent-scoped:safe-normalization
VN_ADMIN_2025,VNA25-0F994BE46A,GHN_ADMIN_2025,1004630,NORMALIZED_EXACT,APPROVED,exact-name:1:1:parent-scoped:safe-normalization
VN_ADMIN_2025,VNA25-0FAABAF5DA,GHN_ADMIN_2025,1004452,NORMALIZED_EXACT,APPROVED,exact-name:1:1:parent-scoped:safe-normalization
VN_ADMIN_2025,VNA25-0FB2F1913E,GHN_ADMIN_2025,1005848,NORMALIZED_EXACT,APPROVED,exact-name:1:1:parent-scoped:safe-normalization
VN_ADMIN_2025,VNA25-0FB4B64B0D,GHN_ADMIN_2025,1003368,NORMALIZED_EXACT,APPROVED,exact-name:1:1:parent-scoped:safe-normalization
VN_ADMIN_2025,VNA25-0FBC01BC6F,GHN_ADMIN_2025,1004362,NORMALIZED_EXACT,APPROVED,exact-name:1:1:parent-scoped:safe-normalization
VN_ADMIN_2025,VNA25-0FCD183E2E,GHN_ADMIN_2025,1003752,NORMALIZED_EXACT,APPROVED,exact-name:1:1:parent-scoped:safe-normalization
VN_ADMIN_2025,VNA25-0FF0031EB1,GHN_ADMIN_2025,1004856,NORMALIZED_EXACT,APPROVED,exact-name:1:1:parent-scoped:safe-normalization
VN_ADMIN_2025,VNA25-10027269A0,GHN_ADMIN_2025,1005281,NORMALIZED_EXACT,APPROVED,exact-name:1:1:parent-scoped:safe-normalization
VN_ADMIN_2025,VNA25-100CABAD36,GHN_ADMIN_2025,1005310,NORMALIZED_EXACT,APPROVED,exact-name:1:1:parent-scoped:safe-normalization
VN_ADMIN_2025,VNA25-1039501C86,GHN_ADMIN_2025,1003471,NORMALIZED_EXACT,APPROVED,exact-name:1:1:parent-scoped:safe-normalization
VN_ADMIN_2025,VNA25-103A6BA3E6,GHN_ADMIN_2025,1005629,NORMALIZED_EXACT,APPROVED,exact-name:1:1:parent-scoped:safe-normalization
VN_ADMIN_2025,VNA25-103D3A841F,GHN_ADMIN_2025,1005984,NORMALIZED_EXACT,APPROVED,exact-name:1:1:parent-scoped:safe-normalization
VN_ADMIN_2025,VNA25-1094F36202,GHN_ADMIN_2025,1005163,NORMALIZED_EXACT,APPROVED,exact-name:1:1:parent-scoped:safe-normalization
VN_ADMIN_2025,VNA25-1098A8C038,GHN_ADMIN_2025,1005009,NORMALIZED_EXACT,APPROVED,exact-name:1:1:parent-scoped:safe-normalization
VN_ADMIN_2025,VNA25-10A4A52EAD,GHN_ADMIN_2025,1006086,NORMALIZED_EXACT,APPROVED,exact-name:1:1:parent-scoped:safe-normalization
VN_ADMIN_2025,VNA25-10AAE5AB7C,GHN_ADMIN_2025,1006295,NORMALIZED_EXACT,APPROVED,exact-name:1:1:parent-scoped:safe-normalization
VN_ADMIN_2025,VNA25-10B39D6E7A,GHN_ADMIN_2025,1004360,NORMALIZED_EXACT,APPROVED,exact-name:1:1:parent-scoped:safe-normalization
VN_ADMIN_2025,VNA25-10B9897BC4,GHN_ADMIN_2025,1006443,NORMALIZED_EXACT,APPROVED,exact-name:1:1:parent-scoped:safe-normalization
VN_ADMIN_2025,VNA25-10BF95E57F,GHN_ADMIN_2025,1004888,NORMALIZED_EXACT,APPROVED,exact-name:1:1:parent-scoped:safe-normalization
VN_ADMIN_2025,VNA25-10CAEEA2BE,GHN_ADMIN_2025,1006627,NORMALIZED_EXACT,APPROVED,exact-name:1:1:parent-scoped:safe-normalization
VN_ADMIN_2025,VNA25-10D167037D,GHN_ADMIN_2025,1004480,NORMALIZED_EXACT,APPROVED,exact-name:1:1:parent-scoped:safe-normalization
VN_ADMIN_2025,VNA25-10E50835AD,GHN_ADMIN_2025,1005299,NORMALIZED_EXACT,APPROVED,exact-name:1:1:parent-scoped:safe-normalization
VN_ADMIN_2025,VNA25-10FE3AA8A5,GHN_ADMIN_2025,1005887,NORMALIZED_EXACT,APPROVED,exact-name:1:1:parent-scoped:safe-normalization
VN_ADMIN_2025,VNA25-11016C037E,GHN_ADMIN_2025,1006055,NORMALIZED_EXACT,APPROVED,exact-name:1:1:parent-scoped:safe-normalization
VN_ADMIN_2025,VNA25-1101B718A2,GHN_ADMIN_2025,1004204,NORMALIZED_EXACT,APPROVED,exact-name:1:1:parent-scoped:safe-normalization
VN_ADMIN_2025,VNA25-111D1E5DF0,GHN_ADMIN_2025,1005518,NORMALIZED_EXACT,APPROVED,exact-name:1:1:parent-scoped:safe-normalization
VN_ADMIN_2025,VNA25-1126852D34,GHN_ADMIN_2025,1004492,NORMALIZED_EXACT,APPROVED,exact-name:1:1:parent-scoped:safe-normalization
VN_ADMIN_2025,VNA25-112BF5CCCC,GHN_ADMIN_2025,1006468,NORMALIZED_TONE_PLACEMENT,APPROVED,offline-reviewed:1:1:parent-scoped:tone-placement
VN_ADMIN_2025,VNA25-112CEFB0E0,GHN_ADMIN_2025,1004590,NORMALIZED_EXACT,APPROVED,exact-name:1:1:parent-scoped:safe-normalization
VN_ADMIN_2025,VNA25-114CBEBD07,GHN_ADMIN_2025,1006030,NORMALIZED_EXACT,APPROVED,exact-name:1:1:parent-scoped:safe-normalization
VN_ADMIN_2025,VNA25-115100B8C4,GHN_ADMIN_2025,1004100,NORMALIZED_EXACT,APPROVED,exact-name:1:1:parent-scoped:safe-normalization
VN_ADMIN_2025,VNA25-11569EF4A0,GHN_ADMIN_2025,1004260,NORMALIZED_EXACT,APPROVED,exact-name:1:1:parent-scoped:safe-normalization
VN_ADMIN_2025,VNA25-1169B929D4,GHN_ADMIN_2025,1004609,NORMALIZED_EXACT,APPROVED,exact-name:1:1:parent-scoped:safe-normalization
VN_ADMIN_2025,VNA25-1172D3AD75,GHN_ADMIN_2025,1004794,NORMALIZED_TONE_PLACEMENT,APPROVED,offline-reviewed:1:1:parent-scoped:tone-placement
VN_ADMIN_2025,VNA25-1174572731,GHN_ADMIN_2025,1003958,NORMALIZED_EXACT,APPROVED,exact-name:1:1:parent-scoped:safe-normalization
VN_ADMIN_2025,VNA25-118A0AD052,GHN_ADMIN_2025,1006533,NORMALIZED_EXACT,APPROVED,exact-name:1:1:parent-scoped:safe-normalization
VN_ADMIN_2025,VNA25-11956AB2A7,GHN_ADMIN_2025,1006091,NORMALIZED_EXACT,APPROVED,exact-name:1:1:parent-scoped:safe-normalization
VN_ADMIN_2025,VNA25-11C0880ABD,GHN_ADMIN_2025,1004686,NORMALIZED_EXACT,APPROVED,exact-name:1:1:parent-scoped:safe-normalization
VN_ADMIN_2025,VNA25-11C8F66CD8,GHN_ADMIN_2025,1005452,NORMALIZED_EXACT,APPROVED,exact-name:1:1:parent-scoped:safe-normalization
VN_ADMIN_2025,VNA25-11D187A779,GHN_ADMIN_2025,1003912,NORMALIZED_EXACT,APPROVED,exact-name:1:1:parent-scoped:safe-normalization
VN_ADMIN_2025,VNA25-11D98A44F9,GHN_ADMIN_2025,1003376,NORMALIZED_EXACT,APPROVED,exact-name:1:1:parent-scoped:safe-normalization
VN_ADMIN_2025,VNA25-11E2FAB0A4,GHN_ADMIN_2025,1005203,NORMALIZED_EXACT,APPROVED,exact-name:1:1:parent-scoped:safe-normalization
VN_ADMIN_2025,VNA25-12061C365E,GHN_ADMIN_2025,1005928,NORMALIZED_EXACT,APPROVED,exact-name:1:1:parent-scoped:safe-normalization
VN_ADMIN_2025,VNA25-121308475A,GHN_ADMIN_2025,1003482,NORMALIZED_EXACT,APPROVED,exact-name:1:1:parent-scoped:safe-normalization
VN_ADMIN_2025,VNA25-122EBD8219,GHN_ADMIN_2025,1004572,NORMALIZED_EXACT,APPROVED,exact-name:1:1:parent-scoped:safe-normalization
VN_ADMIN_2025,VNA25-123E80D486,GHN_ADMIN_2025,1005676,NORMALIZED_EXACT,APPROVED,exact-name:1:1:parent-scoped:safe-normalization
VN_ADMIN_2025,VNA25-125816A382,GHN_ADMIN_2025,1004090,NORMALIZED_EXACT,APPROVED,exact-name:1:1:parent-scoped:safe-normalization
VN_ADMIN_2025,VNA25-1281AF38B0,GHN_ADMIN_2025,1003780,NORMALIZED_EXACT,APPROVED,exact-name:1:1:parent-scoped:safe-normalization
VN_ADMIN_2025,VNA25-12A35F9292,GHN_ADMIN_2025,1006647,NORMALIZED_EXACT,APPROVED,exact-name:1:1:parent-scoped:safe-normalization
VN_ADMIN_2025,VNA25-12CDDF34A7,GHN_ADMIN_2025,1003731,NORMALIZED_EXACT,APPROVED,exact-name:1:1:parent-scoped:safe-normalization
VN_ADMIN_2025,VNA25-12CF32B86B,GHN_ADMIN_2025,1003813,NORMALIZED_EXACT,APPROVED,exact-name:1:1:parent-scoped:safe-normalization
VN_ADMIN_2025,VNA25-12CFA72166,GHN_ADMIN_2025,1004291,NORMALIZED_EXACT,APPROVED,exact-name:1:1:parent-scoped:safe-normalization
VN_ADMIN_2025,VNA25-12E919E9B1,GHN_ADMIN_2025,1005664,NORMALIZED_EXACT,APPROVED,exact-name:1:1:parent-scoped:safe-normalization
VN_ADMIN_2025,VNA25-12F91EBB4A,GHN_ADMIN_2025,1003555,NORMALIZED_EXACT,APPROVED,exact-name:1:1:parent-scoped:safe-normalization
VN_ADMIN_2025,VNA25-131160028B,GHN_ADMIN_2025,1006111,NORMALIZED_EXACT,APPROVED,exact-name:1:1:parent-scoped:safe-normalization
VN_ADMIN_2025,VNA25-1321C20D00,GHN_ADMIN_2025,1004375,NORMALIZED_EXACT,APPROVED,exact-name:1:1:parent-scoped:safe-normalization
VN_ADMIN_2025,VNA25-133075DB5A,GHN_ADMIN_2025,1004725,NORMALIZED_EXACT,APPROVED,exact-name:1:1:parent-scoped:safe-normalization
VN_ADMIN_2025,VNA25-133717A9CC,GHN_ADMIN_2025,1003911,NORMALIZED_EXACT,APPROVED,exact-name:1:1:parent-scoped:safe-normalization
VN_ADMIN_2025,VNA25-133D3F104F,GHN_ADMIN_2025,1004018,NORMALIZED_EXACT,APPROVED,exact-name:1:1:parent-scoped:safe-normalization
VN_ADMIN_2025,VNA25-13419A0F31,GHN_ADMIN_2025,1003547,NORMALIZED_EXACT,APPROVED,exact-name:1:1:parent-scoped:safe-normalization
VN_ADMIN_2025,VNA25-136AFFF60A,GHN_ADMIN_2025,1003977,NORMALIZED_EXACT,APPROVED,exact-name:1:1:parent-scoped:safe-normalization
VN_ADMIN_2025,VNA25-138C319438,GHN_ADMIN_2025,1005161,NORMALIZED_EXACT,APPROVED,exact-name:1:1:parent-scoped:safe-normalization
VN_ADMIN_2025,VNA25-13F7C49C46,GHN_ADMIN_2025,1005274,NORMALIZED_EXACT,APPROVED,exact-name:1:1:parent-scoped:safe-normalization
VN_ADMIN_2025,VNA25-13FA5509F2,GHN_ADMIN_2025,1004024,NORMALIZED_EXACT,APPROVED,exact-name:1:1:parent-scoped:safe-normalization
VN_ADMIN_2025,VNA25-13FF69FF7F,GHN_ADMIN_2025,1004939,NORMALIZED_EXACT,APPROVED,exact-name:1:1:parent-scoped:safe-normalization
VN_ADMIN_2025,VNA25-141014F395,GHN_ADMIN_2025,1005654,NORMALIZED_EXACT,APPROVED,exact-name:1:1:parent-scoped:safe-normalization
VN_ADMIN_2025,VNA25-142213489B,GHN_ADMIN_2025,1004655,NORMALIZED_EXACT,APPROVED,exact-name:1:1:parent-scoped:safe-normalization
VN_ADMIN_2025,VNA25-1437238611,GHN_ADMIN_2025,1006062,NORMALIZED_EXACT,APPROVED,exact-name:1:1:parent-scoped:safe-normalization
VN_ADMIN_2025,VNA25-14573BD44C,GHN_ADMIN_2025,1003537,NORMALIZED_EXACT,APPROVED,exact-name:1:1:parent-scoped:safe-normalization
VN_ADMIN_2025,VNA25-1482609A3C,GHN_ADMIN_2025,1005609,NORMALIZED_EXACT,APPROVED,exact-name:1:1:parent-scoped:safe-normalization
VN_ADMIN_2025,VNA25-1483A49BDE,GHN_ADMIN_2025,1005328,NORMALIZED_EXACT,APPROVED,exact-name:1:1:parent-scoped:safe-normalization
VN_ADMIN_2025,VNA25-149A81D2EA,GHN_ADMIN_2025,1005021,NORMALIZED_EXACT,APPROVED,exact-name:1:1:parent-scoped:safe-normalization
VN_ADMIN_2025,VNA25-149BE6937A,GHN_ADMIN_2025,1004737,NORMALIZED_EXACT,APPROVED,exact-name:1:1:parent-scoped:safe-normalization
VN_ADMIN_2025,VNA25-14A869BBB1,GHN_ADMIN_2025,1006081,NORMALIZED_EXACT,APPROVED,exact-name:1:1:parent-scoped:safe-normalization
VN_ADMIN_2025,VNA25-14E7FFE6BC,GHN_ADMIN_2025,1005420,NORMALIZED_EXACT,APPROVED,exact-name:1:1:parent-scoped:safe-normalization
VN_ADMIN_2025,VNA25-15092A2825,GHN_ADMIN_2025,1004503,NORMALIZED_EXACT,APPROVED,exact-name:1:1:parent-scoped:safe-normalization
VN_ADMIN_2025,VNA25-151089C96B,GHN_ADMIN_2025,1004488,NORMALIZED_EXACT,APPROVED,exact-name:1:1:parent-scoped:safe-normalization
VN_ADMIN_2025,VNA25-1511045681,GHN_ADMIN_2025,1005451,NORMALIZED_EXACT,APPROVED,exact-name:1:1:parent-scoped:safe-normalization
VN_ADMIN_2025,VNA25-151CD856D4,GHN_ADMIN_2025,1006087,NORMALIZED_EXACT,APPROVED,exact-name:1:1:parent-scoped:safe-normalization
VN_ADMIN_2025,VNA25-154DD0ADA0,GHN_ADMIN_2025,1005538,NORMALIZED_EXACT,APPROVED,exact-name:1:1:parent-scoped:safe-normalization
VN_ADMIN_2025,VNA25-156126ED16,GHN_ADMIN_2025,1003567,NORMALIZED_EXACT,APPROVED,exact-name:1:1:parent-scoped:safe-normalization
VN_ADMIN_2025,VNA25-156694E2EB,GHN_ADMIN_2025,1005547,NORMALIZED_EXACT,APPROVED,exact-name:1:1:parent-scoped:safe-normalization
VN_ADMIN_2025,VNA25-156BC034AE,GHN_ADMIN_2025,1005114,NORMALIZED_EXACT,APPROVED,exact-name:1:1:parent-scoped:safe-normalization
VN_ADMIN_2025,VNA25-158125A04C,GHN_ADMIN_2025,1005311,NORMALIZED_EXACT,APPROVED,exact-name:1:1:parent-scoped:safe-normalization
VN_ADMIN_2025,VNA25-158C4EF60E,GHN_ADMIN_2025,1004124,NORMALIZED_EXACT,APPROVED,exact-name:1:1:parent-scoped:safe-normalization
VN_ADMIN_2025,VNA25-158E099D9D,GHN_ADMIN_2025,1003800,NORMALIZED_EXACT,APPROVED,exact-name:1:1:parent-scoped:safe-normalization
VN_ADMIN_2025,VNA25-15962D705E,GHN_ADMIN_2025,1004235,NORMALIZED_EXACT,APPROVED,exact-name:1:1:parent-scoped:safe-normalization
VN_ADMIN_2025,VNA25-15BAC5E101,GHN_ADMIN_2025,1003753,NORMALIZED_TONE_PLACEMENT,APPROVED,offline-reviewed:1:1:parent-scoped:tone-placement
VN_ADMIN_2025,VNA25-1633CB5AC0,GHN_ADMIN_2025,1005157,NORMALIZED_EXACT,APPROVED,exact-name:1:1:parent-scoped:safe-normalization
VN_ADMIN_2025,VNA25-16470F3377,GHN_ADMIN_2025,1006252,NORMALIZED_EXACT,APPROVED,exact-name:1:1:parent-scoped:safe-normalization
VN_ADMIN_2025,VNA25-164D3F4E0B,GHN_ADMIN_2025,1005623,NORMALIZED_EXACT,APPROVED,exact-name:1:1:parent-scoped:safe-normalization
VN_ADMIN_2025,VNA25-165F2CDEFD,GHN_ADMIN_2025,1005811,NORMALIZED_EXACT,APPROVED,exact-name:1:1:parent-scoped:safe-normalization
VN_ADMIN_2025,VNA25-167C1B4F7E,GHN_ADMIN_2025,1005100,NORMALIZED_EXACT,APPROVED,exact-name:1:1:parent-scoped:safe-normalization
VN_ADMIN_2025,VNA25-167DED5ACB,GHN_ADMIN_2025,1004338,NORMALIZED_EXACT,APPROVED,exact-name:1:1:parent-scoped:safe-normalization
VN_ADMIN_2025,VNA25-168258E28E,GHN_ADMIN_2025,1005507,NORMALIZED_EXACT,APPROVED,exact-name:1:1:parent-scoped:safe-normalization
VN_ADMIN_2025,VNA25-1685354B74,GHN_ADMIN_2025,1004745,NORMALIZED_EXACT,APPROVED,exact-name:1:1:parent-scoped:safe-normalization
VN_ADMIN_2025,VNA25-16990D4980,GHN_ADMIN_2025,1003802,NORMALIZED_EXACT,APPROVED,exact-name:1:1:parent-scoped:safe-normalization
VN_ADMIN_2025,VNA25-16D5AFA764,GHN_ADMIN_2025,1006648,NORMALIZED_EXACT,APPROVED,exact-name:1:1:parent-scoped:safe-normalization
VN_ADMIN_2025,VNA25-16DCF681C4,GHN_ADMIN_2025,1006597,NORMALIZED_EXACT,APPROVED,exact-name:1:1:parent-scoped:safe-normalization
VN_ADMIN_2025,VNA25-1708ED48EB,GHN_ADMIN_2025,1003432,NORMALIZED_EXACT,APPROVED,exact-name:1:1:parent-scoped:safe-normalization
VN_ADMIN_2025,VNA25-172A3030D6,GHN_ADMIN_2025,1005556,NORMALIZED_EXACT,APPROVED,exact-name:1:1:parent-scoped:safe-normalization
VN_ADMIN_2025,VNA25-17515211AE,GHN_ADMIN_2025,1004749,NORMALIZED_EXACT,APPROVED,exact-name:1:1:parent-scoped:safe-normalization
VN_ADMIN_2025,VNA25-1751FCD42D,GHN_ADMIN_2025,1006370,NORMALIZED_EXACT,APPROVED,exact-name:1:1:parent-scoped:safe-normalization
VN_ADMIN_2025,VNA25-1786DF57C6,GHN_ADMIN_2025,1005189,NORMALIZED_TONE_PLACEMENT,APPROVED,offline-reviewed:1:1:parent-scoped:tone-placement
VN_ADMIN_2025,VNA25-1797364BF0,GHN_ADMIN_2025,1004433,NORMALIZED_EXACT,APPROVED,exact-name:1:1:parent-scoped:safe-normalization
VN_ADMIN_2025,VNA25-179D47918A,GHN_ADMIN_2025,1005633,NORMALIZED_EXACT,APPROVED,exact-name:1:1:parent-scoped:safe-normalization
VN_ADMIN_2025,VNA25-17AF618953,GHN_ADMIN_2025,1005824,NORMALIZED_EXACT,APPROVED,exact-name:1:1:parent-scoped:safe-normalization
VN_ADMIN_2025,VNA25-17B769CB7C,GHN_ADMIN_2025,1004772,NORMALIZED_EXACT,APPROVED,exact-name:1:1:parent-scoped:safe-normalization
VN_ADMIN_2025,VNA25-17BB0D0916,GHN_ADMIN_2025,1004347,NORMALIZED_EXACT,APPROVED,exact-name:1:1:parent-scoped:safe-normalization
VN_ADMIN_2025,VNA25-17FAE09D87,GHN_ADMIN_2025,1005059,NORMALIZED_EXACT,APPROVED,exact-name:1:1:parent-scoped:safe-normalization
VN_ADMIN_2025,VNA25-17FFA4B299,GHN_ADMIN_2025,1003831,NORMALIZED_EXACT,APPROVED,exact-name:1:1:parent-scoped:safe-normalization
VN_ADMIN_2025,VNA25-1804BABF36,GHN_ADMIN_2025,1004965,NORMALIZED_EXACT,APPROVED,exact-name:1:1:parent-scoped:safe-normalization
VN_ADMIN_2025,VNA25-1811CA48D7,GHN_ADMIN_2025,1006082,NORMALIZED_EXACT,APPROVED,exact-name:1:1:parent-scoped:safe-normalization
VN_ADMIN_2025,VNA25-183CAFAA82,GHN_ADMIN_2025,1006176,NORMALIZED_EXACT,APPROVED,exact-name:1:1:parent-scoped:safe-normalization
VN_ADMIN_2025,VNA25-189D4C2FD0,GHN_ADMIN_2025,1005104,NORMALIZED_EXACT,APPROVED,exact-name:1:1:parent-scoped:safe-normalization
VN_ADMIN_2025,VNA25-18D001FEFB,GHN_ADMIN_2025,1004971,NORMALIZED_EXACT,APPROVED,exact-name:1:1:parent-scoped:safe-normalization
VN_ADMIN_2025,VNA25-19064062F2,GHN_ADMIN_2025,1003792,NORMALIZED_EXACT,APPROVED,exact-name:1:1:parent-scoped:safe-normalization
VN_ADMIN_2025,VNA25-19135255A4,GHN_ADMIN_2025,1005849,NORMALIZED_EXACT,APPROVED,exact-name:1:1:parent-scoped:safe-normalization
VN_ADMIN_2025,VNA25-1941E09473,GHN_ADMIN_2025,1004945,NORMALIZED_EXACT,APPROVED,exact-name:1:1:parent-scoped:safe-normalization
VN_ADMIN_2025,VNA25-194BB14566,GHN_ADMIN_2025,1003727,NORMALIZED_EXACT,APPROVED,exact-name:1:1:parent-scoped:safe-normalization
VN_ADMIN_2025,VNA25-194F5BB2DD,GHN_ADMIN_2025,1005575,NORMALIZED_EXACT,APPROVED,exact-name:1:1:parent-scoped:safe-normalization
VN_ADMIN_2025,VNA25-194FE972E2,GHN_ADMIN_2025,1006613,NORMALIZED_EXACT,APPROVED,exact-name:1:1:parent-scoped:safe-normalization
VN_ADMIN_2025,VNA25-1950CC3667,GHN_ADMIN_2025,1004605,NORMALIZED_EXACT,APPROVED,exact-name:1:1:parent-scoped:safe-normalization
VN_ADMIN_2025,VNA25-195628DC93,GHN_ADMIN_2025,1003681,NORMALIZED_EXACT,APPROVED,exact-name:1:1:parent-scoped:safe-normalization
VN_ADMIN_2025,VNA25-19606A11DA,GHN_ADMIN_2025,1005993,NORMALIZED_EXACT,APPROVED,exact-name:1:1:parent-scoped:safe-normalization
VN_ADMIN_2025,VNA25-196147A29C,GHN_ADMIN_2025,1005022,NORMALIZED_EXACT,APPROVED,exact-name:1:1:parent-scoped:safe-normalization
VN_ADMIN_2025,VNA25-197F4A9BBD,GHN_ADMIN_2025,1004941,NORMALIZED_EXACT,APPROVED,exact-name:1:1:parent-scoped:safe-normalization
VN_ADMIN_2025,VNA25-1983C516A1,GHN_ADMIN_2025,1005542,NORMALIZED_EXACT,APPROVED,exact-name:1:1:parent-scoped:safe-normalization
VN_ADMIN_2025,VNA25-1987A3BF48,GHN_ADMIN_2025,1006312,NORMALIZED_EXACT,APPROVED,exact-name:1:1:parent-scoped:safe-normalization
VN_ADMIN_2025,VNA25-1995104BB8,GHN_ADMIN_2025,1004693,NORMALIZED_EXACT,APPROVED,exact-name:1:1:parent-scoped:safe-normalization
VN_ADMIN_2025,VNA25-19A8CDE320,GHN_ADMIN_2025,1004223,NORMALIZED_EXACT,APPROVED,exact-name:1:1:parent-scoped:safe-normalization
VN_ADMIN_2025,VNA25-19C8A7E137,GHN_ADMIN_2025,1003384,NORMALIZED_EXACT,APPROVED,exact-name:1:1:parent-scoped:safe-normalization
VN_ADMIN_2025,VNA25-19D8A1CF91,GHN_ADMIN_2025,1003664,NORMALIZED_EXACT,APPROVED,exact-name:1:1:parent-scoped:safe-normalization
VN_ADMIN_2025,VNA25-19DE5FA573,GHN_ADMIN_2025,1004136,NORMALIZED_EXACT,APPROVED,exact-name:1:1:parent-scoped:safe-normalization
VN_ADMIN_2025,VNA25-19F9D81F08,GHN_ADMIN_2025,1006258,NORMALIZED_TONE_PLACEMENT,APPROVED,offline-reviewed:1:1:parent-scoped:tone-placement
VN_ADMIN_2025,VNA25-1A041D34C3,GHN_ADMIN_2025,1005261,NORMALIZED_EXACT,APPROVED,exact-name:1:1:parent-scoped:safe-normalization
VN_ADMIN_2025,VNA25-1A0425E738,GHN_ADMIN_2025,1006448,NORMALIZED_EXACT,APPROVED,exact-name:1:1:parent-scoped:safe-normalization
VN_ADMIN_2025,VNA25-1A0BB3C8DD,GHN_ADMIN_2025,1006119,NORMALIZED_EXACT,APPROVED,exact-name:1:1:parent-scoped:safe-normalization
VN_ADMIN_2025,VNA25-1A21AD0014,GHN_ADMIN_2025,1004194,NORMALIZED_EXACT,APPROVED,exact-name:1:1:parent-scoped:safe-normalization
VN_ADMIN_2025,VNA25-1A2B92D6ED,GHN_ADMIN_2025,1003562,NORMALIZED_EXACT,APPROVED,exact-name:1:1:parent-scoped:safe-normalization
VN_ADMIN_2025,VNA25-1A2E9D3C35,GHN_ADMIN_2025,1005896,NORMALIZED_EXACT,APPROVED,exact-name:1:1:parent-scoped:safe-normalization
VN_ADMIN_2025,VNA25-1A824C4E18,GHN_ADMIN_2025,1005374,NORMALIZED_EXACT,APPROVED,exact-name:1:1:parent-scoped:safe-normalization
VN_ADMIN_2025,VNA25-1ABB3DDC3D,GHN_ADMIN_2025,1006106,NORMALIZED_EXACT,APPROVED,exact-name:1:1:parent-scoped:safe-normalization
VN_ADMIN_2025,VNA25-1B0E662F3C,GHN_ADMIN_2025,1003599,NORMALIZED_EXACT,APPROVED,exact-name:1:1:parent-scoped:safe-normalization
VN_ADMIN_2025,VNA25-1B1D9EB971,GHN_ADMIN_2025,1004455,NORMALIZED_EXACT,APPROVED,exact-name:1:1:parent-scoped:safe-normalization
VN_ADMIN_2025,VNA25-1B2DC7E9C0,GHN_ADMIN_2025,1005240,NORMALIZED_EXACT,APPROVED,exact-name:1:1:parent-scoped:safe-normalization
VN_ADMIN_2025,VNA25-1B3A84FCC6,GHN_ADMIN_2025,1005032,NORMALIZED_EXACT,APPROVED,exact-name:1:1:parent-scoped:safe-normalization
VN_ADMIN_2025,VNA25-1B3EC7591D,GHN_ADMIN_2025,1005049,NORMALIZED_EXACT,APPROVED,exact-name:1:1:parent-scoped:safe-normalization
VN_ADMIN_2025,VNA25-1B4F08F87E,GHN_ADMIN_2025,1004168,NORMALIZED_EXACT,APPROVED,exact-name:1:1:parent-scoped:safe-normalization
VN_ADMIN_2025,VNA25-1B6DC3294D,GHN_ADMIN_2025,1005298,NORMALIZED_EXACT,APPROVED,exact-name:1:1:parent-scoped:safe-normalization
VN_ADMIN_2025,VNA25-1B71C85F95,GHN_ADMIN_2025,1006158,NORMALIZED_EXACT,APPROVED,exact-name:1:1:parent-scoped:safe-normalization
VN_ADMIN_2025,VNA25-1B79513C19,GHN_ADMIN_2025,1005358,NORMALIZED_EXACT,APPROVED,exact-name:1:1:parent-scoped:safe-normalization
VN_ADMIN_2025,VNA25-1B86BE603F,GHN_ADMIN_2025,1004138,NORMALIZED_EXACT,APPROVED,exact-name:1:1:parent-scoped:safe-normalization
VN_ADMIN_2025,VNA25-1B870376A9,GHN_ADMIN_2025,1003485,NORMALIZED_EXACT,APPROVED,exact-name:1:1:parent-scoped:safe-normalization
VN_ADMIN_2025,VNA25-1B9505B3B4,GHN_ADMIN_2025,1006231,NORMALIZED_EXACT,APPROVED,exact-name:1:1:parent-scoped:safe-normalization
VN_ADMIN_2025,VNA25-1BAED862E9,GHN_ADMIN_2025,1006493,NORMALIZED_EXACT,APPROVED,exact-name:1:1:parent-scoped:safe-normalization
VN_ADMIN_2025,VNA25-1BBE5AB938,GHN_ADMIN_2025,1006163,NORMALIZED_EXACT,APPROVED,exact-name:1:1:parent-scoped:safe-normalization
VN_ADMIN_2025,VNA25-1BE82039D7,GHN_ADMIN_2025,1005460,NORMALIZED_EXACT,APPROVED,exact-name:1:1:parent-scoped:safe-normalization
VN_ADMIN_2025,VNA25-1BEDBC29B5,GHN_ADMIN_2025,1006638,NORMALIZED_EXACT,APPROVED,exact-name:1:1:parent-scoped:safe-normalization
VN_ADMIN_2025,VNA25-1BEE70EFF0,GHN_ADMIN_2025,1003696,NORMALIZED_TONE_PLACEMENT,APPROVED,offline-reviewed:1:1:parent-scoped:tone-placement
VN_ADMIN_2025,VNA25-1C12718DC9,GHN_ADMIN_2025,1005770,NORMALIZED_EXACT,APPROVED,exact-name:1:1:parent-scoped:safe-normalization
VN_ADMIN_2025,VNA25-1C2C4897E0,GHN_ADMIN_2025,1005376,NORMALIZED_EXACT,APPROVED,exact-name:1:1:parent-scoped:safe-normalization
VN_ADMIN_2025,VNA25-1C2DE8D46D,GHN_ADMIN_2025,1003842,NORMALIZED_EXACT,APPROVED,exact-name:1:1:parent-scoped:safe-normalization
VN_ADMIN_2025,VNA25-1C4960686A,GHN_ADMIN_2025,1004460,NORMALIZED_EXACT,APPROVED,exact-name:1:1:parent-scoped:safe-normalization
VN_ADMIN_2025,VNA25-1CA33866B3,GHN_ADMIN_2025,1005837,NORMALIZED_TONE_PLACEMENT,APPROVED,offline-reviewed:1:1:parent-scoped:tone-placement
VN_ADMIN_2025,VNA25-1CA7FB745E,GHN_ADMIN_2025,1004980,NORMALIZED_EXACT,APPROVED,exact-name:1:1:parent-scoped:safe-normalization
VN_ADMIN_2025,VNA25-1CADA61989,GHN_ADMIN_2025,1003805,NORMALIZED_EXACT,APPROVED,exact-name:1:1:parent-scoped:safe-normalization
VN_ADMIN_2025,VNA25-1CAF39D0F3,GHN_ADMIN_2025,1005271,NORMALIZED_EXACT,APPROVED,exact-name:1:1:parent-scoped:safe-normalization
VN_ADMIN_2025,VNA25-1CB5BAC8E3,GHN_ADMIN_2025,1006035,NORMALIZED_EXACT,APPROVED,exact-name:1:1:parent-scoped:safe-normalization
VN_ADMIN_2025,VNA25-1CB5CB93CB,GHN_ADMIN_2025,1003671,NORMALIZED_EXACT,APPROVED,exact-name:1:1:parent-scoped:safe-normalization
VN_ADMIN_2025,VNA25-1CC6202D6A,GHN_ADMIN_2025,1006384,NORMALIZED_EXACT,APPROVED,exact-name:1:1:parent-scoped:safe-normalization
VN_ADMIN_2025,VNA25-1CE5377E4E,GHN_ADMIN_2025,1004310,NORMALIZED_EXACT,APPROVED,exact-name:1:1:parent-scoped:safe-normalization
VN_ADMIN_2025,VNA25-1D0B089D74,GHN_ADMIN_2025,1003724,NORMALIZED_EXACT,APPROVED,exact-name:1:1:parent-scoped:safe-normalization
VN_ADMIN_2025,VNA25-1D1C96F2B1,GHN_ADMIN_2025,1003766,NORMALIZED_EXACT,APPROVED,exact-name:1:1:parent-scoped:safe-normalization
VN_ADMIN_2025,VNA25-1D1FDAD61A,GHN_ADMIN_2025,1004179,NORMALIZED_EXACT,APPROVED,exact-name:1:1:parent-scoped:safe-normalization
VN_ADMIN_2025,VNA25-1D31383D98,GHN_ADMIN_2025,1004838,NORMALIZED_TONE_PLACEMENT,APPROVED,offline-reviewed:1:1:parent-scoped:tone-placement
VN_ADMIN_2025,VNA25-1D3305CCD8,GHN_ADMIN_2025,1004361,NORMALIZED_EXACT,APPROVED,exact-name:1:1:parent-scoped:safe-normalization
VN_ADMIN_2025,VNA25-1D3ED11E7B,GHN_ADMIN_2025,1003610,NORMALIZED_EXACT,APPROVED,exact-name:1:1:parent-scoped:safe-normalization
VN_ADMIN_2025,VNA25-1D69049A2E,GHN_ADMIN_2025,1004926,NORMALIZED_EXACT,APPROVED,exact-name:1:1:parent-scoped:safe-normalization
VN_ADMIN_2025,VNA25-1D6E7D40E2,GHN_ADMIN_2025,1005360,NORMALIZED_EXACT,APPROVED,exact-name:1:1:parent-scoped:safe-normalization
VN_ADMIN_2025,VNA25-1D801CA468,GHN_ADMIN_2025,1005661,NORMALIZED_EXACT,APPROVED,exact-name:1:1:parent-scoped:safe-normalization
VN_ADMIN_2025,VNA25-1D8B78C246,GHN_ADMIN_2025,1004976,NORMALIZED_EXACT,APPROVED,exact-name:1:1:parent-scoped:safe-normalization
VN_ADMIN_2025,VNA25-1D96F42559,GHN_ADMIN_2025,1003926,NORMALIZED_EXACT,APPROVED,exact-name:1:1:parent-scoped:safe-normalization
VN_ADMIN_2025,VNA25-1DA1F26DD9,GHN_ADMIN_2025,1005618,NORMALIZED_EXACT,APPROVED,exact-name:1:1:parent-scoped:safe-normalization
VN_ADMIN_2025,VNA25-1DA5E294D5,GHN_ADMIN_2025,1004247,NORMALIZED_EXACT,APPROVED,exact-name:1:1:parent-scoped:safe-normalization
VN_ADMIN_2025,VNA25-1DA9D589FA,GHN_ADMIN_2025,1005534,NORMALIZED_EXACT,APPROVED,exact-name:1:1:parent-scoped:safe-normalization
VN_ADMIN_2025,VNA25-1DAC1E36F8,GHN_ADMIN_2025,1006319,NORMALIZED_EXACT,APPROVED,exact-name:1:1:parent-scoped:safe-normalization
VN_ADMIN_2025,VNA25-1DB7403AE0,GHN_ADMIN_2025,1006011,NORMALIZED_EXACT,APPROVED,exact-name:1:1:parent-scoped:safe-normalization
VN_ADMIN_2025,VNA25-1DC43EF0C8,GHN_ADMIN_2025,1004547,NORMALIZED_EXACT,APPROVED,exact-name:1:1:parent-scoped:safe-normalization
VN_ADMIN_2025,VNA25-1DDAB3D63D,GHN_ADMIN_2025,1004620,NORMALIZED_EXACT,APPROVED,exact-name:1:1:parent-scoped:safe-normalization
VN_ADMIN_2025,VNA25-1DF19CCEF5,GHN_ADMIN_2025,1003466,NORMALIZED_EXACT,APPROVED,exact-name:1:1:parent-scoped:safe-normalization
VN_ADMIN_2025,VNA25-1E02A272E0,GHN_ADMIN_2025,1006485,NORMALIZED_EXACT,APPROVED,exact-name:1:1:parent-scoped:safe-normalization
VN_ADMIN_2025,VNA25-1E124F55B3,GHN_ADMIN_2025,1006513,NORMALIZED_EXACT,APPROVED,exact-name:1:1:parent-scoped:safe-normalization
VN_ADMIN_2025,VNA25-1E7E4C2A88,GHN_ADMIN_2025,1004726,NORMALIZED_EXACT,APPROVED,exact-name:1:1:parent-scoped:safe-normalization
VN_ADMIN_2025,VNA25-1EA9B2CF42,GHN_ADMIN_2025,1004675,NORMALIZED_EXACT,APPROVED,exact-name:1:1:parent-scoped:safe-normalization
VN_ADMIN_2025,VNA25-1EC99A72C5,GHN_ADMIN_2025,1003531,NORMALIZED_EXACT,APPROVED,exact-name:1:1:parent-scoped:safe-normalization
VN_ADMIN_2025,VNA25-1ECD20DA48,GHN_ADMIN_2025,1005226,NORMALIZED_EXACT,APPROVED,exact-name:1:1:parent-scoped:safe-normalization
VN_ADMIN_2025,VNA25-1ECE5B9651,GHN_ADMIN_2025,1003534,NORMALIZED_EXACT,APPROVED,exact-name:1:1:parent-scoped:safe-normalization
VN_ADMIN_2025,VNA25-1EE0D370C4,GHN_ADMIN_2025,1006072,NORMALIZED_EXACT,APPROVED,exact-name:1:1:parent-scoped:safe-normalization
VN_ADMIN_2025,VNA25-1EE14BA59F,GHN_ADMIN_2025,1004119,NORMALIZED_EXACT,APPROVED,exact-name:1:1:parent-scoped:safe-normalization
VN_ADMIN_2025,VNA25-1F778FFD07,GHN_ADMIN_2025,1004640,NORMALIZED_TONE_PLACEMENT,APPROVED,offline-reviewed:1:1:parent-scoped:tone-placement
VN_ADMIN_2025,VNA25-1F8AA4ACC5,GHN_ADMIN_2025,1003886,NORMALIZED_EXACT,APPROVED,exact-name:1:1:parent-scoped:safe-normalization
VN_ADMIN_2025,VNA25-1F94925DC5,GHN_ADMIN_2025,1003787,NORMALIZED_EXACT,APPROVED,exact-name:1:1:parent-scoped:safe-normalization
VN_ADMIN_2025,VNA25-1FAA0828B2,GHN_ADMIN_2025,1004226,NORMALIZED_EXACT,APPROVED,exact-name:1:1:parent-scoped:safe-normalization
VN_ADMIN_2025,VNA25-1FB54F4D0C,GHN_ADMIN_2025,1004249,NORMALIZED_EXACT,APPROVED,exact-name:1:1:parent-scoped:safe-normalization
VN_ADMIN_2025,VNA25-1FCF1442FF,GHN_ADMIN_2025,1004454,NORMALIZED_EXACT,APPROVED,exact-name:1:1:parent-scoped:safe-normalization
VN_ADMIN_2025,VNA25-1FD09FFA98,GHN_ADMIN_2025,1006204,NORMALIZED_EXACT,APPROVED,exact-name:1:1:parent-scoped:safe-normalization
VN_ADMIN_2025,VNA25-1FD335A56E,GHN_ADMIN_2025,1005728,NORMALIZED_EXACT,APPROVED,exact-name:1:1:parent-scoped:safe-normalization
VN_ADMIN_2025,VNA25-1FE3477715,GHN_ADMIN_2025,1005399,NORMALIZED_EXACT,APPROVED,exact-name:1:1:parent-scoped:safe-normalization
VN_ADMIN_2025,VNA25-1FEADE2D94,GHN_ADMIN_2025,1004573,NORMALIZED_EXACT,APPROVED,exact-name:1:1:parent-scoped:safe-normalization
VN_ADMIN_2025,VNA25-1FF824648F,GHN_ADMIN_2025,1003416,NORMALIZED_EXACT,APPROVED,exact-name:1:1:parent-scoped:safe-normalization
VN_ADMIN_2025,VNA25-1FFCA65C5A,GHN_ADMIN_2025,1005286,NORMALIZED_EXACT,APPROVED,exact-name:1:1:parent-scoped:safe-normalization
VN_ADMIN_2025,VNA25-2009604FE6,GHN_ADMIN_2025,1006412,NORMALIZED_EXACT,APPROVED,exact-name:1:1:parent-scoped:safe-normalization
VN_ADMIN_2025,VNA25-20139D3B88,GHN_ADMIN_2025,1005495,NORMALIZED_EXACT,APPROVED,exact-name:1:1:parent-scoped:safe-normalization
VN_ADMIN_2025,VNA25-204FD42547,GHN_ADMIN_2025,1006571,NORMALIZED_EXACT,APPROVED,exact-name:1:1:parent-scoped:safe-normalization
VN_ADMIN_2025,VNA25-2050D6FF71,GHN_ADMIN_2025,1003663,NORMALIZED_EXACT,APPROVED,exact-name:1:1:parent-scoped:safe-normalization
VN_ADMIN_2025,VNA25-20525BBE09,GHN_ADMIN_2025,1006456,NORMALIZED_EXACT,APPROVED,exact-name:1:1:parent-scoped:safe-normalization
VN_ADMIN_2025,VNA25-206B457454,GHN_ADMIN_2025,1004009,NORMALIZED_EXACT,APPROVED,exact-name:1:1:parent-scoped:safe-normalization
VN_ADMIN_2025,VNA25-206CFC0B13,GHN_ADMIN_2025,1003492,NORMALIZED_EXACT,APPROVED,exact-name:1:1:parent-scoped:safe-normalization
VN_ADMIN_2025,VNA25-208D98406F,GHN_ADMIN_2025,1004637,NORMALIZED_EXACT,APPROVED,exact-name:1:1:parent-scoped:safe-normalization
VN_ADMIN_2025,VNA25-20AA8C1827,GHN_ADMIN_2025,1004092,NORMALIZED_EXACT,APPROVED,exact-name:1:1:parent-scoped:safe-normalization
VN_ADMIN_2025,VNA25-20B789AA3C,GHN_ADMIN_2025,1004719,NORMALIZED_EXACT,APPROVED,exact-name:1:1:parent-scoped:safe-normalization
VN_ADMIN_2025,VNA25-20BD9BF2D7,GHN_ADMIN_2025,1004588,NORMALIZED_EXACT,APPROVED,exact-name:1:1:parent-scoped:safe-normalization
VN_ADMIN_2025,VNA25-20C650A16C,GHN_ADMIN_2025,1005329,NORMALIZED_EXACT,APPROVED,exact-name:1:1:parent-scoped:safe-normalization
VN_ADMIN_2025,VNA25-20D8BFFF04,GHN_ADMIN_2025,1006457,NORMALIZED_EXACT,APPROVED,exact-name:1:1:parent-scoped:safe-normalization
VN_ADMIN_2025,VNA25-210B104BC2,GHN_ADMIN_2025,1004049,NORMALIZED_EXACT,APPROVED,exact-name:1:1:parent-scoped:safe-normalization
VN_ADMIN_2025,VNA25-214E69C460,GHN_ADMIN_2025,1003448,NORMALIZED_EXACT,APPROVED,exact-name:1:1:parent-scoped:safe-normalization
VN_ADMIN_2025,VNA25-21642BD72F,GHN_ADMIN_2025,1003895,NORMALIZED_EXACT,APPROVED,exact-name:1:1:parent-scoped:safe-normalization
VN_ADMIN_2025,VNA25-216FD48773,GHN_ADMIN_2025,1003603,NORMALIZED_EXACT,APPROVED,exact-name:1:1:parent-scoped:safe-normalization
VN_ADMIN_2025,VNA25-2173D38962,GHN_ADMIN_2025,1005200,NORMALIZED_EXACT,APPROVED,exact-name:1:1:parent-scoped:safe-normalization
VN_ADMIN_2025,VNA25-218DC89809,GHN_ADMIN_2025,1004184,NORMALIZED_EXACT,APPROVED,exact-name:1:1:parent-scoped:safe-normalization
VN_ADMIN_2025,VNA25-21A6C7DF3F,GHN_ADMIN_2025,1004777,NORMALIZED_EXACT,APPROVED,exact-name:1:1:parent-scoped:safe-normalization
VN_ADMIN_2025,VNA25-21B42F08F0,GHN_ADMIN_2025,1005251,NORMALIZED_EXACT,APPROVED,exact-name:1:1:parent-scoped:safe-normalization
VN_ADMIN_2025,VNA25-21B8CB55CB,GHN_ADMIN_2025,1006633,NORMALIZED_EXACT,APPROVED,exact-name:1:1:parent-scoped:safe-normalization
VN_ADMIN_2025,VNA25-21D1B38F5C,GHN_ADMIN_2025,1004901,NORMALIZED_EXACT,APPROVED,exact-name:1:1:parent-scoped:safe-normalization
VN_ADMIN_2025,VNA25-21E2467654,GHN_ADMIN_2025,1004099,NORMALIZED_EXACT,APPROVED,exact-name:1:1:parent-scoped:safe-normalization
VN_ADMIN_2025,VNA25-21F95F9DAB,GHN_ADMIN_2025,1004683,NORMALIZED_EXACT,APPROVED,exact-name:1:1:parent-scoped:safe-normalization
VN_ADMIN_2025,VNA25-2201935553,GHN_ADMIN_2025,1003735,NORMALIZED_EXACT,APPROVED,exact-name:1:1:parent-scoped:safe-normalization
VN_ADMIN_2025,VNA25-2201D57D5A,GHN_ADMIN_2025,1005141,NORMALIZED_EXACT,APPROVED,exact-name:1:1:parent-scoped:safe-normalization
VN_ADMIN_2025,VNA25-22069BE880,GHN_ADMIN_2025,1003773,NORMALIZED_EXACT,APPROVED,exact-name:1:1:parent-scoped:safe-normalization
VN_ADMIN_2025,VNA25-223A2846C3,GHN_ADMIN_2025,1005210,NORMALIZED_EXACT,APPROVED,exact-name:1:1:parent-scoped:safe-normalization
VN_ADMIN_2025,VNA25-224D7AD181,GHN_ADMIN_2025,1006191,NORMALIZED_TONE_PLACEMENT,APPROVED,offline-reviewed:1:1:parent-scoped:tone-placement
VN_ADMIN_2025,VNA25-2257664EF7,GHN_ADMIN_2025,1006089,NORMALIZED_EXACT,APPROVED,exact-name:1:1:parent-scoped:safe-normalization
VN_ADMIN_2025,VNA25-227F01D042,GHN_ADMIN_2025,1005427,NORMALIZED_EXACT,APPROVED,exact-name:1:1:parent-scoped:safe-normalization
VN_ADMIN_2025,VNA25-228F29B37E,GHN_ADMIN_2025,1005601,NORMALIZED_EXACT,APPROVED,exact-name:1:1:parent-scoped:safe-normalization
VN_ADMIN_2025,VNA25-22AE1A1635,GHN_ADMIN_2025,1006487,NORMALIZED_EXACT,APPROVED,exact-name:1:1:parent-scoped:safe-normalization
VN_ADMIN_2025,VNA25-22B8954F4F,GHN_ADMIN_2025,1004240,NORMALIZED_EXACT,APPROVED,exact-name:1:1:parent-scoped:safe-normalization
VN_ADMIN_2025,VNA25-22DABDD368,GHN_ADMIN_2025,1003917,NORMALIZED_EXACT,APPROVED,exact-name:1:1:parent-scoped:safe-normalization
VN_ADMIN_2025,VNA25-22F2F6A5DA,GHN_ADMIN_2025,1006348,NORMALIZED_EXACT,APPROVED,exact-name:1:1:parent-scoped:safe-normalization
VN_ADMIN_2025,VNA25-22F39CEA6C,GHN_ADMIN_2025,1006632,NORMALIZED_EXACT,APPROVED,exact-name:1:1:parent-scoped:safe-normalization
VN_ADMIN_2025,VNA25-22F4E3CE41,GHN_ADMIN_2025,1003381,NORMALIZED_EXACT,APPROVED,exact-name:1:1:parent-scoped:safe-normalization
VN_ADMIN_2025,VNA25-22F6C46826,GHN_ADMIN_2025,1005117,NORMALIZED_EXACT,APPROVED,exact-name:1:1:parent-scoped:safe-normalization
VN_ADMIN_2025,VNA25-2304D75423,GHN_ADMIN_2025,1005768,NORMALIZED_EXACT,APPROVED,exact-name:1:1:parent-scoped:safe-normalization
VN_ADMIN_2025,VNA25-2321D18031,GHN_ADMIN_2025,1004871,NORMALIZED_EXACT,APPROVED,exact-name:1:1:parent-scoped:safe-normalization
VN_ADMIN_2025,VNA25-232A2806CB,GHN_ADMIN_2025,1004190,NORMALIZED_EXACT,APPROVED,exact-name:1:1:parent-scoped:safe-normalization
VN_ADMIN_2025,VNA25-2337F9FABA,GHN_ADMIN_2025,1004695,NORMALIZED_EXACT,APPROVED,exact-name:1:1:parent-scoped:safe-normalization
VN_ADMIN_2025,VNA25-236898C54D,GHN_ADMIN_2025,1005167,NORMALIZED_EXACT,APPROVED,exact-name:1:1:parent-scoped:safe-normalization
VN_ADMIN_2025,VNA25-238CB22DD7,GHN_ADMIN_2025,1004200,NORMALIZED_EXACT,APPROVED,exact-name:1:1:parent-scoped:safe-normalization
VN_ADMIN_2025,VNA25-238FFB723F,GHN_ADMIN_2025,1004411,NORMALIZED_EXACT,APPROVED,exact-name:1:1:parent-scoped:safe-normalization
VN_ADMIN_2025,VNA25-23A715C820,GHN_ADMIN_2025,1003582,NORMALIZED_EXACT,APPROVED,exact-name:1:1:parent-scoped:safe-normalization
VN_ADMIN_2025,VNA25-23AD503878,GHN_ADMIN_2025,1006497,NORMALIZED_EXACT,APPROVED,exact-name:1:1:parent-scoped:safe-normalization
VN_ADMIN_2025,VNA25-23B08408B5,GHN_ADMIN_2025,1003684,NORMALIZED_EXACT,APPROVED,exact-name:1:1:parent-scoped:safe-normalization
VN_ADMIN_2025,VNA25-23CA56A8DE,GHN_ADMIN_2025,1005697,NORMALIZED_EXACT,APPROVED,exact-name:1:1:parent-scoped:safe-normalization
VN_ADMIN_2025,VNA25-23CB93A0C3,GHN_ADMIN_2025,1005025,NORMALIZED_EXACT,APPROVED,exact-name:1:1:parent-scoped:safe-normalization
VN_ADMIN_2025,VNA25-23DC112B6F,GHN_ADMIN_2025,1006546,NORMALIZED_EXACT,APPROVED,exact-name:1:1:parent-scoped:safe-normalization
VN_ADMIN_2025,VNA25-23DD366FF5,GHN_ADMIN_2025,1005479,NORMALIZED_EXACT,APPROVED,exact-name:1:1:parent-scoped:safe-normalization
VN_ADMIN_2025,VNA25-23F4E5760A,GHN_ADMIN_2025,1005727,NORMALIZED_EXACT,APPROVED,exact-name:1:1:parent-scoped:safe-normalization
VN_ADMIN_2025,VNA25-241986C2EC,GHN_ADMIN_2025,1003722,NORMALIZED_EXACT,APPROVED,exact-name:1:1:parent-scoped:safe-normalization
VN_ADMIN_2025,VNA25-244445F465,GHN_ADMIN_2025,1005440,NORMALIZED_EXACT,APPROVED,exact-name:1:1:parent-scoped:safe-normalization
VN_ADMIN_2025,VNA25-245257ACE1,GHN_ADMIN_2025,1005839,NORMALIZED_TONE_PLACEMENT,APPROVED,offline-reviewed:1:1:parent-scoped:tone-placement
VN_ADMIN_2025,VNA25-24550AE5F0,GHN_ADMIN_2025,1005946,NORMALIZED_EXACT,APPROVED,exact-name:1:1:parent-scoped:safe-normalization
VN_ADMIN_2025,VNA25-245679D4EE,GHN_ADMIN_2025,1004292,NORMALIZED_EXACT,APPROVED,exact-name:1:1:parent-scoped:safe-normalization
VN_ADMIN_2025,VNA25-246563FF9A,GHN_ADMIN_2025,1005128,NORMALIZED_EXACT,APPROVED,exact-name:1:1:parent-scoped:safe-normalization
VN_ADMIN_2025,VNA25-24700D2E76,GHN_ADMIN_2025,1005019,NORMALIZED_EXACT,APPROVED,exact-name:1:1:parent-scoped:safe-normalization
VN_ADMIN_2025,VNA25-24A058DC71,GHN_ADMIN_2025,1004042,NORMALIZED_EXACT,APPROVED,exact-name:1:1:parent-scoped:safe-normalization
VN_ADMIN_2025,VNA25-24D88FE8B7,GHN_ADMIN_2025,1003738,NORMALIZED_EXACT,APPROVED,exact-name:1:1:parent-scoped:safe-normalization
VN_ADMIN_2025,VNA25-24D8FBE0D4,GHN_ADMIN_2025,1005081,NORMALIZED_EXACT,APPROVED,exact-name:1:1:parent-scoped:safe-normalization
VN_ADMIN_2025,VNA25-24FAAB1F91,GHN_ADMIN_2025,1005527,NORMALIZED_EXACT,APPROVED,exact-name:1:1:parent-scoped:safe-normalization
VN_ADMIN_2025,VNA25-25038213AA,GHN_ADMIN_2025,1004341,NORMALIZED_EXACT,APPROVED,exact-name:1:1:parent-scoped:safe-normalization
VN_ADMIN_2025,VNA25-253B786AB2,GHN_ADMIN_2025,1004682,NORMALIZED_EXACT,APPROVED,exact-name:1:1:parent-scoped:safe-normalization
VN_ADMIN_2025,VNA25-253DD866A8,GHN_ADMIN_2025,1005317,NORMALIZED_EXACT,APPROVED,exact-name:1:1:parent-scoped:safe-normalization
VN_ADMIN_2025,VNA25-2542305CBC,GHN_ADMIN_2025,1003947,NORMALIZED_EXACT,APPROVED,exact-name:1:1:parent-scoped:safe-normalization
VN_ADMIN_2025,VNA25-2546D8A54B,GHN_ADMIN_2025,1005856,NORMALIZED_EXACT,APPROVED,exact-name:1:1:parent-scoped:safe-normalization
VN_ADMIN_2025,VNA25-2554C867B9,GHN_ADMIN_2025,1003535,NORMALIZED_EXACT,APPROVED,exact-name:1:1:parent-scoped:safe-normalization
VN_ADMIN_2025,VNA25-255F34B45F,GHN_ADMIN_2025,1005080,NORMALIZED_EXACT,APPROVED,exact-name:1:1:parent-scoped:safe-normalization
VN_ADMIN_2025,VNA25-256E2F8977,GHN_ADMIN_2025,1003545,NORMALIZED_EXACT,APPROVED,exact-name:1:1:parent-scoped:safe-normalization
VN_ADMIN_2025,VNA25-2579A50F93,GHN_ADMIN_2025,1005124,NORMALIZED_EXACT,APPROVED,exact-name:1:1:parent-scoped:safe-normalization
VN_ADMIN_2025,VNA25-2583B6B4DE,GHN_ADMIN_2025,1005672,NORMALIZED_EXACT,APPROVED,exact-name:1:1:parent-scoped:safe-normalization
VN_ADMIN_2025,VNA25-258FFFE76A,GHN_ADMIN_2025,1004821,NORMALIZED_EXACT,APPROVED,exact-name:1:1:parent-scoped:safe-normalization
VN_ADMIN_2025,VNA25-2590E0E16B,GHN_ADMIN_2025,1004969,NORMALIZED_EXACT,APPROVED,exact-name:1:1:parent-scoped:safe-normalization
VN_ADMIN_2025,VNA25-259C7EBF09,GHN_ADMIN_2025,1005401,NORMALIZED_EXACT,APPROVED,exact-name:1:1:parent-scoped:safe-normalization
VN_ADMIN_2025,VNA25-25A81D4B75,GHN_ADMIN_2025,1003960,NORMALIZED_EXACT,APPROVED,exact-name:1:1:parent-scoped:safe-normalization
VN_ADMIN_2025,VNA25-25B66B9A02,GHN_ADMIN_2025,1005020,NORMALIZED_EXACT,APPROVED,exact-name:1:1:parent-scoped:safe-normalization
VN_ADMIN_2025,VNA25-25D70E94AD,GHN_ADMIN_2025,1005611,NORMALIZED_EXACT,APPROVED,exact-name:1:1:parent-scoped:safe-normalization
VN_ADMIN_2025,VNA25-25D71423EC,GHN_ADMIN_2025,1006642,NORMALIZED_EXACT,APPROVED,exact-name:1:1:parent-scoped:safe-normalization
VN_ADMIN_2025,VNA25-262455B4AE,GHN_ADMIN_2025,1004428,NORMALIZED_EXACT,APPROVED,exact-name:1:1:parent-scoped:safe-normalization
VN_ADMIN_2025,VNA25-264FE7C300,GHN_ADMIN_2025,1005990,NORMALIZED_EXACT,APPROVED,exact-name:1:1:parent-scoped:safe-normalization
VN_ADMIN_2025,VNA25-2652F71511,GHN_ADMIN_2025,1004463,NORMALIZED_EXACT,APPROVED,exact-name:1:1:parent-scoped:safe-normalization
VN_ADMIN_2025,VNA25-2656CBCB9C,GHN_ADMIN_2025,1006488,NORMALIZED_EXACT,APPROVED,exact-name:1:1:parent-scoped:safe-normalization
VN_ADMIN_2025,VNA25-2656E9C9B5,GHN_ADMIN_2025,1006323,NORMALIZED_EXACT,APPROVED,exact-name:1:1:parent-scoped:safe-normalization
VN_ADMIN_2025,VNA25-26623FBF15,GHN_ADMIN_2025,1003479,NORMALIZED_EXACT,APPROVED,exact-name:1:1:parent-scoped:safe-normalization
VN_ADMIN_2025,VNA25-26AD8E92CD,GHN_ADMIN_2025,1006476,NORMALIZED_EXACT,APPROVED,exact-name:1:1:parent-scoped:safe-normalization
VN_ADMIN_2025,VNA25-26AF838365,GHN_ADMIN_2025,1003863,NORMALIZED_EXACT,APPROVED,exact-name:1:1:parent-scoped:safe-normalization
VN_ADMIN_2025,VNA25-26CCD9F6A6,GHN_ADMIN_2025,1005453,NORMALIZED_EXACT,APPROVED,exact-name:1:1:parent-scoped:safe-normalization
VN_ADMIN_2025,VNA25-270BDCA54D,GHN_ADMIN_2025,1005569,NORMALIZED_EXACT,APPROVED,exact-name:1:1:parent-scoped:safe-normalization
VN_ADMIN_2025,VNA25-27138C6417,GHN_ADMIN_2025,1006396,NORMALIZED_EXACT,APPROVED,exact-name:1:1:parent-scoped:safe-normalization
VN_ADMIN_2025,VNA25-2715E07DCC,GHN_ADMIN_2025,1006445,NORMALIZED_EXACT,APPROVED,exact-name:1:1:parent-scoped:safe-normalization
VN_ADMIN_2025,VNA25-2724CBD297,GHN_ADMIN_2025,1003519,NORMALIZED_EXACT,APPROVED,exact-name:1:1:parent-scoped:safe-normalization
VN_ADMIN_2025,VNA25-2742659E11,GHN_ADMIN_2025,1004382,NORMALIZED_EXACT,APPROVED,exact-name:1:1:parent-scoped:safe-normalization
VN_ADMIN_2025,VNA25-275BEE311D,GHN_ADMIN_2025,1005327,NORMALIZED_EXACT,APPROVED,exact-name:1:1:parent-scoped:safe-normalization
VN_ADMIN_2025,VNA25-275EA75566,GHN_ADMIN_2025,1005656,NORMALIZED_EXACT,APPROVED,exact-name:1:1:parent-scoped:safe-normalization
VN_ADMIN_2025,VNA25-276EBA52F4,GHN_ADMIN_2025,1005423,NORMALIZED_EXACT,APPROVED,exact-name:1:1:parent-scoped:safe-normalization
VN_ADMIN_2025,VNA25-2794F76497,GHN_ADMIN_2025,1003449,NORMALIZED_EXACT,APPROVED,exact-name:1:1:parent-scoped:safe-normalization
VN_ADMIN_2025,VNA25-2798B7A52B,GHN_ADMIN_2025,1003700,NORMALIZED_EXACT,APPROVED,exact-name:1:1:parent-scoped:safe-normalization
VN_ADMIN_2025,VNA25-27AB59DA15,GHN_ADMIN_2025,1004899,NORMALIZED_EXACT,APPROVED,exact-name:1:1:parent-scoped:safe-normalization
VN_ADMIN_2025,VNA25-27B4B8B70F,GHN_ADMIN_2025,1005694,NORMALIZED_EXACT,APPROVED,exact-name:1:1:parent-scoped:safe-normalization
VN_ADMIN_2025,VNA25-2809EF8A4E,GHN_ADMIN_2025,1003379,NORMALIZED_EXACT,APPROVED,exact-name:1:1:parent-scoped:safe-normalization
VN_ADMIN_2025,VNA25-281DFE5734,GHN_ADMIN_2025,1004668,NORMALIZED_EXACT,APPROVED,exact-name:1:1:parent-scoped:safe-normalization
VN_ADMIN_2025,VNA25-283FE85D5E,GHN_ADMIN_2025,1004884,NORMALIZED_EXACT,APPROVED,exact-name:1:1:parent-scoped:safe-normalization
VN_ADMIN_2025,VNA25-2845AB3720,GHN_ADMIN_2025,1004097,NORMALIZED_EXACT,APPROVED,exact-name:1:1:parent-scoped:safe-normalization
VN_ADMIN_2025,VNA25-28512079EA,GHN_ADMIN_2025,1006576,NORMALIZED_EXACT,APPROVED,exact-name:1:1:parent-scoped:safe-normalization
VN_ADMIN_2025,VNA25-2866134170,GHN_ADMIN_2025,1005309,NORMALIZED_EXACT,APPROVED,exact-name:1:1:parent-scoped:safe-normalization
VN_ADMIN_2025,VNA25-28D5771673,GHN_ADMIN_2025,1005514,NORMALIZED_EXACT,APPROVED,exact-name:1:1:parent-scoped:safe-normalization
VN_ADMIN_2025,VNA25-28EEA978F2,GHN_ADMIN_2025,1005646,NORMALIZED_EXACT,APPROVED,exact-name:1:1:parent-scoped:safe-normalization
VN_ADMIN_2025,VNA25-28F67D03A3,GHN_ADMIN_2025,1006118,NORMALIZED_EXACT,APPROVED,exact-name:1:1:parent-scoped:safe-normalization
VN_ADMIN_2025,VNA25-290CD0E1AF,GHN_ADMIN_2025,1003972,NORMALIZED_EXACT,APPROVED,exact-name:1:1:parent-scoped:safe-normalization
VN_ADMIN_2025,VNA25-292DADF106,GHN_ADMIN_2025,1004006,NORMALIZED_EXACT,APPROVED,exact-name:1:1:parent-scoped:safe-normalization
VN_ADMIN_2025,VNA25-294979B317,GHN_ADMIN_2025,1004518,NORMALIZED_EXACT,APPROVED,exact-name:1:1:parent-scoped:safe-normalization
VN_ADMIN_2025,VNA25-294B977FD6,GHN_ADMIN_2025,1003560,NORMALIZED_EXACT,APPROVED,exact-name:1:1:parent-scoped:safe-normalization
VN_ADMIN_2025,VNA25-29511B8097,GHN_ADMIN_2025,1004717,NORMALIZED_EXACT,APPROVED,exact-name:1:1:parent-scoped:safe-normalization
VN_ADMIN_2025,VNA25-29541E462F,GHN_ADMIN_2025,1004539,NORMALIZED_EXACT,APPROVED,exact-name:1:1:parent-scoped:safe-normalization
VN_ADMIN_2025,VNA25-2960D24446,GHN_ADMIN_2025,1003462,NORMALIZED_EXACT,APPROVED,exact-name:1:1:parent-scoped:safe-normalization
VN_ADMIN_2025,VNA25-297E315FC9,GHN_ADMIN_2025,1004998,NORMALIZED_EXACT,APPROVED,exact-name:1:1:parent-scoped:safe-normalization
VN_ADMIN_2025,VNA25-2994B4458F,GHN_ADMIN_2025,1005525,NORMALIZED_EXACT,APPROVED,exact-name:1:1:parent-scoped:safe-normalization
VN_ADMIN_2025,VNA25-299B615C63,GHN_ADMIN_2025,1006216,NORMALIZED_EXACT,APPROVED,exact-name:1:1:parent-scoped:safe-normalization
VN_ADMIN_2025,VNA25-29BF66BDA1,GHN_ADMIN_2025,1006251,NORMALIZED_EXACT,APPROVED,exact-name:1:1:parent-scoped:safe-normalization
VN_ADMIN_2025,VNA25-29DC257935,GHN_ADMIN_2025,1005108,NORMALIZED_EXACT,APPROVED,exact-name:1:1:parent-scoped:safe-normalization
VN_ADMIN_2025,VNA25-29EBF0AD16,GHN_ADMIN_2025,1006361,NORMALIZED_EXACT,APPROVED,exact-name:1:1:parent-scoped:safe-normalization
VN_ADMIN_2025,VNA25-2A02D3CB69,GHN_ADMIN_2025,1006645,NORMALIZED_EXACT,APPROVED,exact-name:1:1:parent-scoped:safe-normalization
VN_ADMIN_2025,VNA25-2A38CB6F8F,GHN_ADMIN_2025,1006359,NORMALIZED_EXACT,APPROVED,exact-name:1:1:parent-scoped:safe-normalization
VN_ADMIN_2025,VNA25-2A417EF77A,GHN_ADMIN_2025,1003923,NORMALIZED_EXACT,APPROVED,exact-name:1:1:parent-scoped:safe-normalization
VN_ADMIN_2025,VNA25-2A4410C8E1,GHN_ADMIN_2025,1004130,NORMALIZED_EXACT,APPROVED,exact-name:1:1:parent-scoped:safe-normalization
VN_ADMIN_2025,VNA25-2A515790A1,GHN_ADMIN_2025,1003798,NORMALIZED_EXACT,APPROVED,exact-name:1:1:parent-scoped:safe-normalization
VN_ADMIN_2025,VNA25-2A51A17A5F,GHN_ADMIN_2025,1005523,NORMALIZED_EXACT,APPROVED,exact-name:1:1:parent-scoped:safe-normalization
VN_ADMIN_2025,VNA25-2A786CA338,GHN_ADMIN_2025,1005702,NORMALIZED_EXACT,APPROVED,exact-name:1:1:parent-scoped:safe-normalization
VN_ADMIN_2025,VNA25-2AB68E3510,GHN_ADMIN_2025,1005384,NORMALIZED_EXACT,APPROVED,exact-name:1:1:parent-scoped:safe-normalization
VN_ADMIN_2025,VNA25-2AC3B4C956,GHN_ADMIN_2025,1005468,NORMALIZED_EXACT,APPROVED,exact-name:1:1:parent-scoped:safe-normalization
VN_ADMIN_2025,VNA25-2AC7505E9D,GHN_ADMIN_2025,1003879,NORMALIZED_EXACT,APPROVED,exact-name:1:1:parent-scoped:safe-normalization
VN_ADMIN_2025,VNA25-2AC853B41C,GHN_ADMIN_2025,1003991,NORMALIZED_EXACT,APPROVED,exact-name:1:1:parent-scoped:safe-normalization
VN_ADMIN_2025,VNA25-2AF13E55DF,GHN_ADMIN_2025,1005805,NORMALIZED_EXACT,APPROVED,exact-name:1:1:parent-scoped:safe-normalization
VN_ADMIN_2025,VNA25-2AFAAEF85A,GHN_ADMIN_2025,1004602,NORMALIZED_EXACT,APPROVED,exact-name:1:1:parent-scoped:safe-normalization
VN_ADMIN_2025,VNA25-2B18CA88F3,GHN_ADMIN_2025,1003548,NORMALIZED_EXACT,APPROVED,exact-name:1:1:parent-scoped:safe-normalization
VN_ADMIN_2025,VNA25-2B35AE43E5,GHN_ADMIN_2025,1006482,NORMALIZED_EXACT,APPROVED,exact-name:1:1:parent-scoped:safe-normalization
VN_ADMIN_2025,VNA25-2B4C700ED9,GHN_ADMIN_2025,1006591,NORMALIZED_TONE_PLACEMENT,APPROVED,offline-reviewed:1:1:parent-scoped:tone-placement
VN_ADMIN_2025,VNA25-2B64A7E3A0,GHN_ADMIN_2025,1004288,NORMALIZED_EXACT,APPROVED,exact-name:1:1:parent-scoped:safe-normalization
VN_ADMIN_2025,VNA25-2B6A86383B,GHN_ADMIN_2025,1003941,NORMALIZED_EXACT,APPROVED,exact-name:1:1:parent-scoped:safe-normalization
VN_ADMIN_2025,VNA25-2B7070F5CB,GHN_ADMIN_2025,1005017,NORMALIZED_EXACT,APPROVED,exact-name:1:1:parent-scoped:safe-normalization
VN_ADMIN_2025,VNA25-2B7453E191,GHN_ADMIN_2025,1005101,NORMALIZED_EXACT,APPROVED,exact-name:1:1:parent-scoped:safe-normalization
VN_ADMIN_2025,VNA25-2B816C86E6,GHN_ADMIN_2025,1003565,NORMALIZED_EXACT,APPROVED,exact-name:1:1:parent-scoped:safe-normalization
VN_ADMIN_2025,VNA25-2B8226B4A4,GHN_ADMIN_2025,1005134,NORMALIZED_EXACT,APPROVED,exact-name:1:1:parent-scoped:safe-normalization
VN_ADMIN_2025,VNA25-2B85A4BE13,GHN_ADMIN_2025,1004951,NORMALIZED_EXACT,APPROVED,exact-name:1:1:parent-scoped:safe-normalization
VN_ADMIN_2025,VNA25-2B933644BD,GHN_ADMIN_2025,1006040,NORMALIZED_EXACT,APPROVED,exact-name:1:1:parent-scoped:safe-normalization
VN_ADMIN_2025,VNA25-2B95D76E3B,GHN_ADMIN_2025,1003638,NORMALIZED_EXACT,APPROVED,exact-name:1:1:parent-scoped:safe-normalization
VN_ADMIN_2025,VNA25-2B9D03DE00,GHN_ADMIN_2025,1006564,NORMALIZED_EXACT,APPROVED,exact-name:1:1:parent-scoped:safe-normalization
VN_ADMIN_2025,VNA25-2BA5B3AEB6,GHN_ADMIN_2025,1005665,NORMALIZED_EXACT,APPROVED,exact-name:1:1:parent-scoped:safe-normalization
VN_ADMIN_2025,VNA25-2BBEA468AA,GHN_ADMIN_2025,1005390,NORMALIZED_EXACT,APPROVED,exact-name:1:1:parent-scoped:safe-normalization
VN_ADMIN_2025,VNA25-2BC667A4EC,GHN_ADMIN_2025,1005686,NORMALIZED_EXACT,APPROVED,exact-name:1:1:parent-scoped:safe-normalization
VN_ADMIN_2025,VNA25-2BE08C6FCB,GHN_ADMIN_2025,1003764,NORMALIZED_EXACT,APPROVED,exact-name:1:1:parent-scoped:safe-normalization
VN_ADMIN_2025,VNA25-2BE0BA1137,GHN_ADMIN_2025,1006235,NORMALIZED_EXACT,APPROVED,exact-name:1:1:parent-scoped:safe-normalization
VN_ADMIN_2025,VNA25-2BE6A68875,GHN_ADMIN_2025,1005797,NORMALIZED_EXACT,APPROVED,exact-name:1:1:parent-scoped:safe-normalization
VN_ADMIN_2025,VNA25-2BFF57A997,GHN_ADMIN_2025,1005894,NORMALIZED_EXACT,APPROVED,exact-name:1:1:parent-scoped:safe-normalization
VN_ADMIN_2025,VNA25-2C02D30CA9,GHN_ADMIN_2025,1004540,NORMALIZED_EXACT,APPROVED,exact-name:1:1:parent-scoped:safe-normalization
VN_ADMIN_2025,VNA25-2C0FE48F2A,GHN_ADMIN_2025,1003719,NORMALIZED_EXACT,APPROVED,exact-name:1:1:parent-scoped:safe-normalization
VN_ADMIN_2025,VNA25-2C14AF27F6,GHN_ADMIN_2025,1006147,NORMALIZED_EXACT,APPROVED,exact-name:1:1:parent-scoped:safe-normalization
VN_ADMIN_2025,VNA25-2C4AEAA78F,GHN_ADMIN_2025,1004010,NORMALIZED_EXACT,APPROVED,exact-name:1:1:parent-scoped:safe-normalization
VN_ADMIN_2025,VNA25-2C5231DF72,GHN_ADMIN_2025,1004790,NORMALIZED_EXACT,APPROVED,exact-name:1:1:parent-scoped:safe-normalization
VN_ADMIN_2025,VNA25-2C5A305EDE,GHN_ADMIN_2025,1005789,NORMALIZED_EXACT,APPROVED,exact-name:1:1:parent-scoped:safe-normalization
VN_ADMIN_2025,VNA25-2C7FB5619F,GHN_ADMIN_2025,1005199,NORMALIZED_EXACT,APPROVED,exact-name:1:1:parent-scoped:safe-normalization
VN_ADMIN_2025,VNA25-2CD13ECDCF,GHN_ADMIN_2025,1003705,NORMALIZED_EXACT,APPROVED,exact-name:1:1:parent-scoped:safe-normalization
VN_ADMIN_2025,VNA25-2CE04BB22E,GHN_ADMIN_2025,1004295,NORMALIZED_EXACT,APPROVED,exact-name:1:1:parent-scoped:safe-normalization
VN_ADMIN_2025,VNA25-2CFB471743,GHN_ADMIN_2025,1006471,NORMALIZED_EXACT,APPROVED,exact-name:1:1:parent-scoped:safe-normalization
VN_ADMIN_2025,VNA25-2D0956D3ED,GHN_ADMIN_2025,1004727,NORMALIZED_EXACT,APPROVED,exact-name:1:1:parent-scoped:safe-normalization
VN_ADMIN_2025,VNA25-2D24F4CEBC,GHN_ADMIN_2025,1004791,NORMALIZED_EXACT,APPROVED,exact-name:1:1:parent-scoped:safe-normalization
VN_ADMIN_2025,VNA25-2D2FF13AD5,GHN_ADMIN_2025,1003739,NORMALIZED_EXACT,APPROVED,exact-name:1:1:parent-scoped:safe-normalization
VN_ADMIN_2025,VNA25-2D69548935,GHN_ADMIN_2025,1003375,NORMALIZED_EXACT,APPROVED,exact-name:1:1:parent-scoped:safe-normalization
VN_ADMIN_2025,VNA25-2D7085083D,GHN_ADMIN_2025,1004339,NORMALIZED_EXACT,APPROVED,exact-name:1:1:parent-scoped:safe-normalization
VN_ADMIN_2025,VNA25-2D8073C18F,GHN_ADMIN_2025,1003359,NORMALIZED_EXACT,APPROVED,exact-name:1:1:parent-scoped:safe-normalization
VN_ADMIN_2025,VNA25-2D834B8F2D,GHN_ADMIN_2025,1003914,NORMALIZED_EXACT,APPROVED,exact-name:1:1:parent-scoped:safe-normalization
VN_ADMIN_2025,VNA25-2DC47D980A,GHN_ADMIN_2025,1006141,NORMALIZED_EXACT,APPROVED,exact-name:1:1:parent-scoped:safe-normalization
VN_ADMIN_2025,VNA25-2DD124AEFE,GHN_ADMIN_2025,1005777,NORMALIZED_EXACT,APPROVED,exact-name:1:1:parent-scoped:safe-normalization
VN_ADMIN_2025,VNA25-2DE57E9A86,GHN_ADMIN_2025,1004057,NORMALIZED_EXACT,APPROVED,exact-name:1:1:parent-scoped:safe-normalization
VN_ADMIN_2025,VNA25-2E13E9A9B7,GHN_ADMIN_2025,1004820,NORMALIZED_EXACT,APPROVED,exact-name:1:1:parent-scoped:safe-normalization
VN_ADMIN_2025,VNA25-2E4581A4A3,GHN_ADMIN_2025,1006522,NORMALIZED_EXACT,APPROVED,exact-name:1:1:parent-scoped:safe-normalization
VN_ADMIN_2025,VNA25-2E48D5F084,GHN_ADMIN_2025,1006406,NORMALIZED_EXACT,APPROVED,exact-name:1:1:parent-scoped:safe-normalization
VN_ADMIN_2025,VNA25-2E48FF2D7E,GHN_ADMIN_2025,1004187,NORMALIZED_EXACT,APPROVED,exact-name:1:1:parent-scoped:safe-normalization
VN_ADMIN_2025,VNA25-2E592CE98F,GHN_ADMIN_2025,1003814,NORMALIZED_EXACT,APPROVED,exact-name:1:1:parent-scoped:safe-normalization
VN_ADMIN_2025,VNA25-2E5BCDD2D1,GHN_ADMIN_2025,1005738,NORMALIZED_EXACT,APPROVED,exact-name:1:1:parent-scoped:safe-normalization
VN_ADMIN_2025,VNA25-2E79EA0769,GHN_ADMIN_2025,1006221,NORMALIZED_EXACT,APPROVED,exact-name:1:1:parent-scoped:safe-normalization
VN_ADMIN_2025,VNA25-2E7ED8186D,GHN_ADMIN_2025,1005876,NORMALIZED_EXACT,APPROVED,exact-name:1:1:parent-scoped:safe-normalization
VN_ADMIN_2025,VNA25-2E871A4CF7,GHN_ADMIN_2025,1004744,NORMALIZED_EXACT,APPROVED,exact-name:1:1:parent-scoped:safe-normalization
VN_ADMIN_2025,VNA25-2E8844FA7C,GHN_ADMIN_2025,1006437,NORMALIZED_EXACT,APPROVED,exact-name:1:1:parent-scoped:safe-normalization
VN_ADMIN_2025,VNA25-2EC08552D4,GHN_ADMIN_2025,1006449,NORMALIZED_EXACT,APPROVED,exact-name:1:1:parent-scoped:safe-normalization
VN_ADMIN_2025,VNA25-2ED18955A8,GHN_ADMIN_2025,1005082,NORMALIZED_EXACT,APPROVED,exact-name:1:1:parent-scoped:safe-normalization
VN_ADMIN_2025,VNA25-2ED764BD24,GHN_ADMIN_2025,1004276,NORMALIZED_EXACT,APPROVED,exact-name:1:1:parent-scoped:safe-normalization
VN_ADMIN_2025,VNA25-2EE41C2E5A,GHN_ADMIN_2025,1006060,NORMALIZED_EXACT,APPROVED,exact-name:1:1:parent-scoped:safe-normalization
VN_ADMIN_2025,VNA25-2EFA60B6C8,GHN_ADMIN_2025,1005751,NORMALIZED_EXACT,APPROVED,exact-name:1:1:parent-scoped:safe-normalization
VN_ADMIN_2025,VNA25-2F106FA1A6,GHN_ADMIN_2025,1004927,NORMALIZED_EXACT,APPROVED,exact-name:1:1:parent-scoped:safe-normalization
VN_ADMIN_2025,VNA25-2F200E3F19,GHN_ADMIN_2025,1004892,NORMALIZED_EXACT,APPROVED,exact-name:1:1:parent-scoped:safe-normalization
VN_ADMIN_2025,VNA25-2F3011CE38,GHN_ADMIN_2025,1005095,NORMALIZED_EXACT,APPROVED,exact-name:1:1:parent-scoped:safe-normalization
VN_ADMIN_2025,VNA25-2F3E144BFC,GHN_ADMIN_2025,1004446,NORMALIZED_EXACT,APPROVED,exact-name:1:1:parent-scoped:safe-normalization
VN_ADMIN_2025,VNA25-2F489BE54B,GHN_ADMIN_2025,1004201,NORMALIZED_EXACT,APPROVED,exact-name:1:1:parent-scoped:safe-normalization
VN_ADMIN_2025,VNA25-2F60B73B19,GHN_ADMIN_2025,1004230,NORMALIZED_EXACT,APPROVED,exact-name:1:1:parent-scoped:safe-normalization
VN_ADMIN_2025,VNA25-2F7767997E,GHN_ADMIN_2025,1003691,NORMALIZED_TONE_PLACEMENT,APPROVED,offline-reviewed:1:1:parent-scoped:tone-placement
VN_ADMIN_2025,VNA25-2F79F41A4C,GHN_ADMIN_2025,1006113,NORMALIZED_EXACT,APPROVED,exact-name:1:1:parent-scoped:safe-normalization
VN_ADMIN_2025,VNA25-2F91D32181,GHN_ADMIN_2025,1004811,NORMALIZED_EXACT,APPROVED,exact-name:1:1:parent-scoped:safe-normalization
VN_ADMIN_2025,VNA25-2F92E5F267,GHN_ADMIN_2025,1005198,NORMALIZED_EXACT,APPROVED,exact-name:1:1:parent-scoped:safe-normalization
VN_ADMIN_2025,VNA25-2FA0858E72,GHN_ADMIN_2025,1005409,NORMALIZED_EXACT,APPROVED,exact-name:1:1:parent-scoped:safe-normalization
VN_ADMIN_2025,VNA25-2FE6972F76,GHN_ADMIN_2025,1006397,NORMALIZED_EXACT,APPROVED,exact-name:1:1:parent-scoped:safe-normalization
VN_ADMIN_2025,VNA25-2FF359E650,GHN_ADMIN_2025,1005481,NORMALIZED_EXACT,APPROVED,exact-name:1:1:parent-scoped:safe-normalization
VN_ADMIN_2025,VNA25-301DC4C09D,GHN_ADMIN_2025,1004417,NORMALIZED_EXACT,APPROVED,exact-name:1:1:parent-scoped:safe-normalization
VN_ADMIN_2025,VNA25-3026EE0BE4,GHN_ADMIN_2025,1003532,NORMALIZED_EXACT,APPROVED,exact-name:1:1:parent-scoped:safe-normalization
VN_ADMIN_2025,VNA25-3034E02FBE,GHN_ADMIN_2025,1006611,NORMALIZED_EXACT,APPROVED,exact-name:1:1:parent-scoped:safe-normalization
VN_ADMIN_2025,VNA25-303A0FEC29,GHN_ADMIN_2025,1005340,NORMALIZED_EXACT,APPROVED,exact-name:1:1:parent-scoped:safe-normalization
VN_ADMIN_2025,VNA25-303FA43D78,GHN_ADMIN_2025,1005402,NORMALIZED_EXACT,APPROVED,exact-name:1:1:parent-scoped:safe-normalization
VN_ADMIN_2025,VNA25-3046C8C9EC,GHN_ADMIN_2025,1005584,NORMALIZED_EXACT,APPROVED,exact-name:1:1:parent-scoped:safe-normalization
VN_ADMIN_2025,VNA25-3067C2321F,GHN_ADMIN_2025,1003730,NORMALIZED_EXACT,APPROVED,exact-name:1:1:parent-scoped:safe-normalization
VN_ADMIN_2025,VNA25-307F7FBAD3,GHN_ADMIN_2025,1005792,NORMALIZED_EXACT,APPROVED,exact-name:1:1:parent-scoped:safe-normalization
VN_ADMIN_2025,VNA25-3094396B44,GHN_ADMIN_2025,1005152,NORMALIZED_EXACT,APPROVED,exact-name:1:1:parent-scoped:safe-normalization
VN_ADMIN_2025,VNA25-30D0A6DE99,GHN_ADMIN_2025,1006458,NORMALIZED_EXACT,APPROVED,exact-name:1:1:parent-scoped:safe-normalization
VN_ADMIN_2025,VNA25-30D9794DDA,GHN_ADMIN_2025,1004959,NORMALIZED_EXACT,APPROVED,exact-name:1:1:parent-scoped:safe-normalization
VN_ADMIN_2025,VNA25-311665C405,GHN_ADMIN_2025,1005667,NORMALIZED_EXACT,APPROVED,exact-name:1:1:parent-scoped:safe-normalization
VN_ADMIN_2025,VNA25-3132BFFA34,GHN_ADMIN_2025,1004314,NORMALIZED_EXACT,APPROVED,exact-name:1:1:parent-scoped:safe-normalization
VN_ADMIN_2025,VNA25-314B568EA8,GHN_ADMIN_2025,1004158,NORMALIZED_EXACT,APPROVED,exact-name:1:1:parent-scoped:safe-normalization
VN_ADMIN_2025,VNA25-3162C9B810,GHN_ADMIN_2025,1005282,NORMALIZED_EXACT,APPROVED,exact-name:1:1:parent-scoped:safe-normalization
VN_ADMIN_2025,VNA25-3165CFA76F,GHN_ADMIN_2025,1006367,NORMALIZED_EXACT,APPROVED,exact-name:1:1:parent-scoped:safe-normalization
VN_ADMIN_2025,VNA25-316D38299B,GHN_ADMIN_2025,1006417,NORMALIZED_EXACT,APPROVED,exact-name:1:1:parent-scoped:safe-normalization
VN_ADMIN_2025,VNA25-31946BE04B,GHN_ADMIN_2025,1003587,NORMALIZED_TONE_PLACEMENT,APPROVED,offline-reviewed:1:1:parent-scoped:tone-placement
VN_ADMIN_2025,VNA25-319DD7A6EC,GHN_ADMIN_2025,1006129,NORMALIZED_EXACT,APPROVED,exact-name:1:1:parent-scoped:safe-normalization
VN_ADMIN_2025,VNA25-31AFA835E8,GHN_ADMIN_2025,1004479,NORMALIZED_EXACT,APPROVED,exact-name:1:1:parent-scoped:safe-normalization
VN_ADMIN_2025,VNA25-31C0657674,GHN_ADMIN_2025,1004115,NORMALIZED_EXACT,APPROVED,exact-name:1:1:parent-scoped:safe-normalization
VN_ADMIN_2025,VNA25-31EC611A84,GHN_ADMIN_2025,1004950,NORMALIZED_EXACT,APPROVED,exact-name:1:1:parent-scoped:safe-normalization
VN_ADMIN_2025,VNA25-31FB031E69,GHN_ADMIN_2025,1006196,NORMALIZED_EXACT,APPROVED,exact-name:1:1:parent-scoped:safe-normalization
VN_ADMIN_2025,VNA25-320871430F,GHN_ADMIN_2025,1005077,NORMALIZED_EXACT,APPROVED,exact-name:1:1:parent-scoped:safe-normalization
VN_ADMIN_2025,VNA25-3213715827,GHN_ADMIN_2025,1006316,NORMALIZED_EXACT,APPROVED,exact-name:1:1:parent-scoped:safe-normalization
VN_ADMIN_2025,VNA25-3231FDF4E4,GHN_ADMIN_2025,1005159,NORMALIZED_EXACT,APPROVED,exact-name:1:1:parent-scoped:safe-normalization
VN_ADMIN_2025,VNA25-325C9B839C,GHN_ADMIN_2025,1005992,NORMALIZED_EXACT,APPROVED,exact-name:1:1:parent-scoped:safe-normalization
VN_ADMIN_2025,VNA25-3270ECE460,GHN_ADMIN_2025,1004065,NORMALIZED_EXACT,APPROVED,exact-name:1:1:parent-scoped:safe-normalization
VN_ADMIN_2025,VNA25-3284BD752C,GHN_ADMIN_2025,1005109,NORMALIZED_EXACT,APPROVED,exact-name:1:1:parent-scoped:safe-normalization
VN_ADMIN_2025,VNA25-32CEAC8CBB,GHN_ADMIN_2025,1004408,NORMALIZED_EXACT,APPROVED,exact-name:1:1:parent-scoped:safe-normalization
VN_ADMIN_2025,VNA25-32D96A4022,GHN_ADMIN_2025,1004636,NORMALIZED_EXACT,APPROVED,exact-name:1:1:parent-scoped:safe-normalization
VN_ADMIN_2025,VNA25-32DC8561B6,GHN_ADMIN_2025,1006220,NORMALIZED_EXACT,APPROVED,exact-name:1:1:parent-scoped:safe-normalization
VN_ADMIN_2025,VNA25-32EDD8E87D,GHN_ADMIN_2025,1006140,NORMALIZED_EXACT,APPROVED,exact-name:1:1:parent-scoped:safe-normalization
VN_ADMIN_2025,VNA25-330E8F7C36,GHN_ADMIN_2025,1005147,NORMALIZED_EXACT,APPROVED,exact-name:1:1:parent-scoped:safe-normalization
VN_ADMIN_2025,VNA25-3313452879,GHN_ADMIN_2025,1005873,NORMALIZED_EXACT,APPROVED,exact-name:1:1:parent-scoped:safe-normalization
VN_ADMIN_2025,VNA25-3319812C9E,GHN_ADMIN_2025,1004554,NORMALIZED_EXACT,APPROVED,exact-name:1:1:parent-scoped:safe-normalization
VN_ADMIN_2025,VNA25-331B790258,GHN_ADMIN_2025,1006016,NORMALIZED_EXACT,APPROVED,exact-name:1:1:parent-scoped:safe-normalization
VN_ADMIN_2025,VNA25-3348A04C81,GHN_ADMIN_2025,1006378,NORMALIZED_EXACT,APPROVED,exact-name:1:1:parent-scoped:safe-normalization
VN_ADMIN_2025,VNA25-335186D867,GHN_ADMIN_2025,1005713,NORMALIZED_EXACT,APPROVED,exact-name:1:1:parent-scoped:safe-normalization
VN_ADMIN_2025,VNA25-3357F1982F,GHN_ADMIN_2025,1004664,NORMALIZED_EXACT,APPROVED,exact-name:1:1:parent-scoped:safe-normalization
VN_ADMIN_2025,VNA25-336A46736C,GHN_ADMIN_2025,1005220,NORMALIZED_EXACT,APPROVED,exact-name:1:1:parent-scoped:safe-normalization
VN_ADMIN_2025,VNA25-336BA23073,GHN_ADMIN_2025,1004700,NORMALIZED_EXACT,APPROVED,exact-name:1:1:parent-scoped:safe-normalization
VN_ADMIN_2025,VNA25-3378F66716,GHN_ADMIN_2025,1004133,NORMALIZED_EXACT,APPROVED,exact-name:1:1:parent-scoped:safe-normalization
VN_ADMIN_2025,VNA25-3389AB8BEF,GHN_ADMIN_2025,1005911,NORMALIZED_EXACT,APPROVED,exact-name:1:1:parent-scoped:safe-normalization
VN_ADMIN_2025,VNA25-3390A6F0AE,GHN_ADMIN_2025,1003377,NORMALIZED_EXACT,APPROVED,exact-name:1:1:parent-scoped:safe-normalization
VN_ADMIN_2025,VNA25-339B0E4833,GHN_ADMIN_2025,1006641,NORMALIZED_EXACT,APPROVED,exact-name:1:1:parent-scoped:safe-normalization
VN_ADMIN_2025,VNA25-33A4943AB8,GHN_ADMIN_2025,1004356,NORMALIZED_EXACT,APPROVED,exact-name:1:1:parent-scoped:safe-normalization
VN_ADMIN_2025,VNA25-33B527AA07,GHN_ADMIN_2025,1004758,NORMALIZED_EXACT,APPROVED,exact-name:1:1:parent-scoped:safe-normalization
VN_ADMIN_2025,VNA25-33B9F47889,GHN_ADMIN_2025,1003929,NORMALIZED_EXACT,APPROVED,exact-name:1:1:parent-scoped:safe-normalization
VN_ADMIN_2025,VNA25-33C084AEBA,GHN_ADMIN_2025,1004724,NORMALIZED_EXACT,APPROVED,exact-name:1:1:parent-scoped:safe-normalization
VN_ADMIN_2025,VNA25-33CA4F73D3,GHN_ADMIN_2025,1004149,NORMALIZED_EXACT,APPROVED,exact-name:1:1:parent-scoped:safe-normalization
VN_ADMIN_2025,VNA25-33E5CE695B,GHN_ADMIN_2025,1003579,NORMALIZED_EXACT,APPROVED,exact-name:1:1:parent-scoped:safe-normalization
VN_ADMIN_2025,VNA25-33E62407AE,GHN_ADMIN_2025,1003383,NORMALIZED_EXACT,APPROVED,exact-name:1:1:parent-scoped:safe-normalization
VN_ADMIN_2025,VNA25-33E6B4C2CD,GHN_ADMIN_2025,1005461,NORMALIZED_EXACT,APPROVED,exact-name:1:1:parent-scoped:safe-normalization
VN_ADMIN_2025,VNA25-33E8B6EEEE,GHN_ADMIN_2025,1006183,NORMALIZED_EXACT,APPROVED,exact-name:1:1:parent-scoped:safe-normalization
VN_ADMIN_2025,VNA25-33ED98FF42,GHN_ADMIN_2025,1004118,NORMALIZED_EXACT,APPROVED,exact-name:1:1:parent-scoped:safe-normalization
VN_ADMIN_2025,VNA25-33FF110D69,GHN_ADMIN_2025,1006535,NORMALIZED_EXACT,APPROVED,exact-name:1:1:parent-scoped:safe-normalization
VN_ADMIN_2025,VNA25-340763EA8F,GHN_ADMIN_2025,1005521,NORMALIZED_EXACT,APPROVED,exact-name:1:1:parent-scoped:safe-normalization
VN_ADMIN_2025,VNA25-3439ECDE27,GHN_ADMIN_2025,1006464,NORMALIZED_EXACT,APPROVED,exact-name:1:1:parent-scoped:safe-normalization
VN_ADMIN_2025,VNA25-344F38A08D,GHN_ADMIN_2025,1004153,NORMALIZED_EXACT,APPROVED,exact-name:1:1:parent-scoped:safe-normalization
VN_ADMIN_2025,VNA25-34533298E3,GHN_ADMIN_2025,1003770,NORMALIZED_EXACT,APPROVED,exact-name:1:1:parent-scoped:safe-normalization
VN_ADMIN_2025,VNA25-345BBF0E44,GHN_ADMIN_2025,1003750,NORMALIZED_EXACT,APPROVED,exact-name:1:1:parent-scoped:safe-normalization
VN_ADMIN_2025,VNA25-345F54CA5F,GHN_ADMIN_2025,1005177,NORMALIZED_EXACT,APPROVED,exact-name:1:1:parent-scoped:safe-normalization
VN_ADMIN_2025,VNA25-347B8EC48A,GHN_ADMIN_2025,1005279,NORMALIZED_EXACT,APPROVED,exact-name:1:1:parent-scoped:safe-normalization
VN_ADMIN_2025,VNA25-34B4995F68,GHN_ADMIN_2025,1004379,NORMALIZED_EXACT,APPROVED,exact-name:1:1:parent-scoped:safe-normalization
VN_ADMIN_2025,VNA25-34C1FAC900,GHN_ADMIN_2025,1004093,NORMALIZED_EXACT,APPROVED,exact-name:1:1:parent-scoped:safe-normalization
VN_ADMIN_2025,VNA25-34D1C469DD,GHN_ADMIN_2025,1006269,NORMALIZED_EXACT,APPROVED,exact-name:1:1:parent-scoped:safe-normalization
VN_ADMIN_2025,VNA25-34F62C2D23,GHN_ADMIN_2025,1003698,NORMALIZED_EXACT,APPROVED,exact-name:1:1:parent-scoped:safe-normalization
VN_ADMIN_2025,VNA25-350443BAE7,GHN_ADMIN_2025,1006223,NORMALIZED_EXACT,APPROVED,exact-name:1:1:parent-scoped:safe-normalization
VN_ADMIN_2025,VNA25-350D6F0575,GHN_ADMIN_2025,1004287,NORMALIZED_EXACT,APPROVED,exact-name:1:1:parent-scoped:safe-normalization
VN_ADMIN_2025,VNA25-351378100A,GHN_ADMIN_2025,1006122,NORMALIZED_TONE_PLACEMENT,APPROVED,offline-reviewed:1:1:parent-scoped:tone-placement
VN_ADMIN_2025,VNA25-351BE56D03,GHN_ADMIN_2025,1005315,NORMALIZED_EXACT,APPROVED,exact-name:1:1:parent-scoped:safe-normalization
VN_ADMIN_2025,VNA25-3571019BAE,GHN_ADMIN_2025,1004836,NORMALIZED_EXACT,APPROVED,exact-name:1:1:parent-scoped:safe-normalization
VN_ADMIN_2025,VNA25-3586C637B7,GHN_ADMIN_2025,1005181,NORMALIZED_EXACT,APPROVED,exact-name:1:1:parent-scoped:safe-normalization
VN_ADMIN_2025,VNA25-358B247CA3,GHN_ADMIN_2025,1006371,NORMALIZED_EXACT,APPROVED,exact-name:1:1:parent-scoped:safe-normalization
VN_ADMIN_2025,VNA25-359CD5BB73,GHN_ADMIN_2025,1005292,NORMALIZED_EXACT,APPROVED,exact-name:1:1:parent-scoped:safe-normalization
VN_ADMIN_2025,VNA25-35A6432275,GHN_ADMIN_2025,1006356,NORMALIZED_EXACT,APPROVED,exact-name:1:1:parent-scoped:safe-normalization
VN_ADMIN_2025,VNA25-35A915393F,GHN_ADMIN_2025,1003393,NORMALIZED_EXACT,APPROVED,exact-name:1:1:parent-scoped:safe-normalization
VN_ADMIN_2025,VNA25-35AFF99500,GHN_ADMIN_2025,1003785,NORMALIZED_EXACT,APPROVED,exact-name:1:1:parent-scoped:safe-normalization
VN_ADMIN_2025,VNA25-35B08DEA1C,GHN_ADMIN_2025,1005447,NORMALIZED_EXACT,APPROVED,exact-name:1:1:parent-scoped:safe-normalization
VN_ADMIN_2025,VNA25-35C626F0F1,GHN_ADMIN_2025,1003855,NORMALIZED_EXACT,APPROVED,exact-name:1:1:parent-scoped:safe-normalization
VN_ADMIN_2025,VNA25-35C68854CD,GHN_ADMIN_2025,1003354,NORMALIZED_EXACT,APPROVED,exact-name:1:1:parent-scoped:safe-normalization
VN_ADMIN_2025,VNA25-35CC50154D,GHN_ADMIN_2025,1004447,NORMALIZED_EXACT,APPROVED,exact-name:1:1:parent-scoped:safe-normalization
VN_ADMIN_2025,VNA25-35DEB18ADB,GHN_ADMIN_2025,1006229,NORMALIZED_EXACT,APPROVED,exact-name:1:1:parent-scoped:safe-normalization
VN_ADMIN_2025,VNA25-35E0080824,GHN_ADMIN_2025,1004498,NORMALIZED_EXACT,APPROVED,exact-name:1:1:parent-scoped:safe-normalization
VN_ADMIN_2025,VNA25-35EB64A862,GHN_ADMIN_2025,1005877,NORMALIZED_TONE_PLACEMENT,APPROVED,offline-reviewed:1:1:parent-scoped:tone-placement
VN_ADMIN_2025,VNA25-35ECD8E916,GHN_ADMIN_2025,1005367,NORMALIZED_EXACT,APPROVED,exact-name:1:1:parent-scoped:safe-normalization
VN_ADMIN_2025,VNA25-35FE423E32,GHN_ADMIN_2025,1006657,NORMALIZED_EXACT,APPROVED,exact-name:1:1:parent-scoped:safe-normalization
VN_ADMIN_2025,VNA25-36596E14F5,GHN_ADMIN_2025,1003793,NORMALIZED_EXACT,APPROVED,exact-name:1:1:parent-scoped:safe-normalization
VN_ADMIN_2025,VNA25-366D0B8D69,GHN_ADMIN_2025,1003644,NORMALIZED_EXACT,APPROVED,exact-name:1:1:parent-scoped:safe-normalization
VN_ADMIN_2025,VNA25-36956DA9B2,GHN_ADMIN_2025,1005386,NORMALIZED_EXACT,APPROVED,exact-name:1:1:parent-scoped:safe-normalization
VN_ADMIN_2025,VNA25-36A0EB9989,GHN_ADMIN_2025,1003757,NORMALIZED_EXACT,APPROVED,exact-name:1:1:parent-scoped:safe-normalization
VN_ADMIN_2025,VNA25-36E0B71C67,GHN_ADMIN_2025,1004514,NORMALIZED_EXACT,APPROVED,exact-name:1:1:parent-scoped:safe-normalization
VN_ADMIN_2025,VNA25-373393CB72,GHN_ADMIN_2025,1004393,NORMALIZED_EXACT,APPROVED,exact-name:1:1:parent-scoped:safe-normalization
VN_ADMIN_2025,VNA25-3735C4A8F2,GHN_ADMIN_2025,1005148,NORMALIZED_EXACT,APPROVED,exact-name:1:1:parent-scoped:safe-normalization
VN_ADMIN_2025,VNA25-373AF5ADA1,GHN_ADMIN_2025,1006580,NORMALIZED_EXACT,APPROVED,exact-name:1:1:parent-scoped:safe-normalization
VN_ADMIN_2025,VNA25-3740D0AD0F,GHN_ADMIN_2025,1005462,NORMALIZED_EXACT,APPROVED,exact-name:1:1:parent-scoped:safe-normalization
VN_ADMIN_2025,VNA25-374D2FA031,GHN_ADMIN_2025,1005392,NORMALIZED_EXACT,APPROVED,exact-name:1:1:parent-scoped:safe-normalization
VN_ADMIN_2025,VNA25-376B546F78,GHN_ADMIN_2025,1005365,NORMALIZED_EXACT,APPROVED,exact-name:1:1:parent-scoped:safe-normalization
VN_ADMIN_2025,VNA25-37762F906F,GHN_ADMIN_2025,1004956,NORMALIZED_EXACT,APPROVED,exact-name:1:1:parent-scoped:safe-normalization
VN_ADMIN_2025,VNA25-37773A2CE4,GHN_ADMIN_2025,1005268,NORMALIZED_EXACT,APPROVED,exact-name:1:1:parent-scoped:safe-normalization
VN_ADMIN_2025,VNA25-37A4A349FB,GHN_ADMIN_2025,1006232,NORMALIZED_EXACT,APPROVED,exact-name:1:1:parent-scoped:safe-normalization
VN_ADMIN_2025,VNA25-37AE962115,GHN_ADMIN_2025,1004657,NORMALIZED_EXACT,APPROVED,exact-name:1:1:parent-scoped:safe-normalization
VN_ADMIN_2025,VNA25-37C576022B,GHN_ADMIN_2025,1005596,NORMALIZED_EXACT,APPROVED,exact-name:1:1:parent-scoped:safe-normalization
VN_ADMIN_2025,VNA25-37E3027D5C,GHN_ADMIN_2025,1005529,NORMALIZED_EXACT,APPROVED,exact-name:1:1:parent-scoped:safe-normalization
VN_ADMIN_2025,VNA25-37F5A02D95,GHN_ADMIN_2025,1003598,NORMALIZED_TONE_PLACEMENT,APPROVED,offline-reviewed:1:1:parent-scoped:tone-placement
VN_ADMIN_2025,VNA25-37F7F9616B,GHN_ADMIN_2025,1005743,NORMALIZED_TONE_PLACEMENT,APPROVED,offline-reviewed:1:1:parent-scoped:tone-placement
VN_ADMIN_2025,VNA25-37F8913E77,GHN_ADMIN_2025,1005870,NORMALIZED_EXACT,APPROVED,exact-name:1:1:parent-scoped:safe-normalization
VN_ADMIN_2025,VNA25-37FFEBA3CA,GHN_ADMIN_2025,1005087,NORMALIZED_EXACT,APPROVED,exact-name:1:1:parent-scoped:safe-normalization
VN_ADMIN_2025,VNA25-380693325B,GHN_ADMIN_2025,1004476,NORMALIZED_EXACT,APPROVED,exact-name:1:1:parent-scoped:safe-normalization
VN_ADMIN_2025,VNA25-381B3D353B,GHN_ADMIN_2025,1003651,NORMALIZED_EXACT,APPROVED,exact-name:1:1:parent-scoped:safe-normalization
VN_ADMIN_2025,VNA25-3823AB39FD,GHN_ADMIN_2025,1003445,NORMALIZED_EXACT,APPROVED,exact-name:1:1:parent-scoped:safe-normalization
VN_ADMIN_2025,VNA25-3873B632F6,GHN_ADMIN_2025,1004533,NORMALIZED_EXACT,APPROVED,exact-name:1:1:parent-scoped:safe-normalization
VN_ADMIN_2025,VNA25-38860BF115,GHN_ADMIN_2025,1005016,NORMALIZED_EXACT,APPROVED,exact-name:1:1:parent-scoped:safe-normalization
VN_ADMIN_2025,VNA25-388C15B6BC,GHN_ADMIN_2025,1003931,NORMALIZED_TONE_PLACEMENT,APPROVED,offline-reviewed:1:1:parent-scoped:tone-placement
VN_ADMIN_2025,VNA25-3892C06818,GHN_ADMIN_2025,1005682,NORMALIZED_EXACT,APPROVED,exact-name:1:1:parent-scoped:safe-normalization
VN_ADMIN_2025,VNA25-38D3B68D4D,GHN_ADMIN_2025,1004649,NORMALIZED_EXACT,APPROVED,exact-name:1:1:parent-scoped:safe-normalization
VN_ADMIN_2025,VNA25-38E6487E89,GHN_ADMIN_2025,1003859,NORMALIZED_EXACT,APPROVED,exact-name:1:1:parent-scoped:safe-normalization
VN_ADMIN_2025,VNA25-38F56A88DD,GHN_ADMIN_2025,1003701,NORMALIZED_EXACT,APPROVED,exact-name:1:1:parent-scoped:safe-normalization
VN_ADMIN_2025,VNA25-38FA7841FB,GHN_ADMIN_2025,1003527,NORMALIZED_EXACT,APPROVED,exact-name:1:1:parent-scoped:safe-normalization
VN_ADMIN_2025,VNA25-3913325D93,GHN_ADMIN_2025,1006288,NORMALIZED_EXACT,APPROVED,exact-name:1:1:parent-scoped:safe-normalization
VN_ADMIN_2025,VNA25-392D6365AE,GHN_ADMIN_2025,1004891,NORMALIZED_EXACT,APPROVED,exact-name:1:1:parent-scoped:safe-normalization
VN_ADMIN_2025,VNA25-393007CCF6,GHN_ADMIN_2025,1003902,NORMALIZED_EXACT,APPROVED,exact-name:1:1:parent-scoped:safe-normalization
VN_ADMIN_2025,VNA25-3946D007B2,GHN_ADMIN_2025,1004355,NORMALIZED_EXACT,APPROVED,exact-name:1:1:parent-scoped:safe-normalization
VN_ADMIN_2025,VNA25-3954C23AA2,GHN_ADMIN_2025,1003524,NORMALIZED_EXACT,APPROVED,exact-name:1:1:parent-scoped:safe-normalization
VN_ADMIN_2025,VNA25-39632DB8E8,GHN_ADMIN_2025,1006195,NORMALIZED_EXACT,APPROVED,exact-name:1:1:parent-scoped:safe-normalization
VN_ADMIN_2025,VNA25-3966DDC77C,GHN_ADMIN_2025,1004425,NORMALIZED_EXACT,APPROVED,exact-name:1:1:parent-scoped:safe-normalization
VN_ADMIN_2025,VNA25-3999F12C26,GHN_ADMIN_2025,1004176,NORMALIZED_EXACT,APPROVED,exact-name:1:1:parent-scoped:safe-normalization
VN_ADMIN_2025,VNA25-399B2533FB,GHN_ADMIN_2025,1005934,NORMALIZED_EXACT,APPROVED,exact-name:1:1:parent-scoped:safe-normalization
VN_ADMIN_2025,VNA25-39BECDA64A,GHN_ADMIN_2025,1004658,NORMALIZED_EXACT,APPROVED,exact-name:1:1:parent-scoped:safe-normalization
VN_ADMIN_2025,VNA25-39C87D7F22,GHN_ADMIN_2025,1004792,NORMALIZED_EXACT,APPROVED,exact-name:1:1:parent-scoped:safe-normalization
VN_ADMIN_2025,VNA25-39D88085D7,GHN_ADMIN_2025,1006667,NORMALIZED_EXACT,APPROVED,exact-name:1:1:parent-scoped:safe-normalization
VN_ADMIN_2025,VNA25-39E86A84D9,GHN_ADMIN_2025,1005332,NORMALIZED_EXACT,APPROVED,exact-name:1:1:parent-scoped:safe-normalization
VN_ADMIN_2025,VNA25-39FB7A09F5,GHN_ADMIN_2025,1004707,NORMALIZED_EXACT,APPROVED,exact-name:1:1:parent-scoped:safe-normalization
VN_ADMIN_2025,VNA25-39FD4A8C95,GHN_ADMIN_2025,1003412,NORMALIZED_EXACT,APPROVED,exact-name:1:1:parent-scoped:safe-normalization
VN_ADMIN_2025,VNA25-3A2B0ACF04,GHN_ADMIN_2025,1003463,NORMALIZED_EXACT,APPROVED,exact-name:1:1:parent-scoped:safe-normalization
VN_ADMIN_2025,VNA25-3A4BC078B1,GHN_ADMIN_2025,1004120,NORMALIZED_EXACT,APPROVED,exact-name:1:1:parent-scoped:safe-normalization
VN_ADMIN_2025,VNA25-3A62AF6E1D,GHN_ADMIN_2025,1004414,NORMALIZED_EXACT,APPROVED,exact-name:1:1:parent-scoped:safe-normalization
VN_ADMIN_2025,VNA25-3A80278FB1,GHN_ADMIN_2025,1004395,NORMALIZED_EXACT,APPROVED,exact-name:1:1:parent-scoped:safe-normalization
VN_ADMIN_2025,VNA25-3A8DE527AA,GHN_ADMIN_2025,1004833,NORMALIZED_EXACT,APPROVED,exact-name:1:1:parent-scoped:safe-normalization
VN_ADMIN_2025,VNA25-3AA8DC8010,GHN_ADMIN_2025,1006365,NORMALIZED_EXACT,APPROVED,exact-name:1:1:parent-scoped:safe-normalization
VN_ADMIN_2025,VNA25-3AD1BEA5FC,GHN_ADMIN_2025,1005262,NORMALIZED_EXACT,APPROVED,exact-name:1:1:parent-scoped:safe-normalization
VN_ADMIN_2025,VNA25-3AD85BF7FE,GHN_ADMIN_2025,1004712,NORMALIZED_TONE_PLACEMENT,APPROVED,offline-reviewed:1:1:parent-scoped:tone-placement
VN_ADMIN_2025,VNA25-3B16B0E23D,GHN_ADMIN_2025,1004485,NORMALIZED_EXACT,APPROVED,exact-name:1:1:parent-scoped:safe-normalization
VN_ADMIN_2025,VNA25-3B188FA08E,GHN_ADMIN_2025,1004243,NORMALIZED_EXACT,APPROVED,exact-name:1:1:parent-scoped:safe-normalization
VN_ADMIN_2025,VNA25-3B38A25990,GHN_ADMIN_2025,1004333,NORMALIZED_EXACT,APPROVED,exact-name:1:1:parent-scoped:safe-normalization
VN_ADMIN_2025,VNA25-3B486F6704,GHN_ADMIN_2025,1003662,NORMALIZED_EXACT,APPROVED,exact-name:1:1:parent-scoped:safe-normalization
VN_ADMIN_2025,VNA25-3B51C22B24,GHN_ADMIN_2025,1003716,NORMALIZED_EXACT,APPROVED,exact-name:1:1:parent-scoped:safe-normalization
VN_ADMIN_2025,VNA25-3B64162BE5,GHN_ADMIN_2025,1005235,NORMALIZED_EXACT,APPROVED,exact-name:1:1:parent-scoped:safe-normalization
VN_ADMIN_2025,VNA25-3B791599DD,GHN_ADMIN_2025,1005598,NORMALIZED_EXACT,APPROVED,exact-name:1:1:parent-scoped:safe-normalization
VN_ADMIN_2025,VNA25-3B8AEAD820,GHN_ADMIN_2025,1006616,NORMALIZED_EXACT,APPROVED,exact-name:1:1:parent-scoped:safe-normalization
VN_ADMIN_2025,VNA25-3B8BACBDAF,GHN_ADMIN_2025,1006219,NORMALIZED_EXACT,APPROVED,exact-name:1:1:parent-scoped:safe-normalization
VN_ADMIN_2025,VNA25-3B8E4CD4A7,GHN_ADMIN_2025,1006097,NORMALIZED_EXACT,APPROVED,exact-name:1:1:parent-scoped:safe-normalization
VN_ADMIN_2025,VNA25-3B99C57DE7,GHN_ADMIN_2025,1004074,NORMALIZED_EXACT,APPROVED,exact-name:1:1:parent-scoped:safe-normalization
VN_ADMIN_2025,VNA25-3B9B045AEF,GHN_ADMIN_2025,1005162,NORMALIZED_EXACT,APPROVED,exact-name:1:1:parent-scoped:safe-normalization
VN_ADMIN_2025,VNA25-3BB5FEE687,GHN_ADMIN_2025,1003835,NORMALIZED_EXACT,APPROVED,exact-name:1:1:parent-scoped:safe-normalization
VN_ADMIN_2025,VNA25-3BC2AE42D6,GHN_ADMIN_2025,1003737,NORMALIZED_EXACT,APPROVED,exact-name:1:1:parent-scoped:safe-normalization
VN_ADMIN_2025,VNA25-3BF337B30D,GHN_ADMIN_2025,1005106,NORMALIZED_EXACT,APPROVED,exact-name:1:1:parent-scoped:safe-normalization
VN_ADMIN_2025,VNA25-3BF93842BF,GHN_ADMIN_2025,1005972,NORMALIZED_TONE_PLACEMENT,APPROVED,offline-reviewed:1:1:parent-scoped:tone-placement
VN_ADMIN_2025,VNA25-3C017B54A5,GHN_ADMIN_2025,1006022,NORMALIZED_TONE_PLACEMENT,APPROVED,offline-reviewed:1:1:parent-scoped:tone-placement
VN_ADMIN_2025,VNA25-3C1E2AB4AB,GHN_ADMIN_2025,1004660,NORMALIZED_EXACT,APPROVED,exact-name:1:1:parent-scoped:safe-normalization
VN_ADMIN_2025,VNA25-3C232E5021,GHN_ADMIN_2025,1003640,NORMALIZED_EXACT,APPROVED,exact-name:1:1:parent-scoped:safe-normalization
VN_ADMIN_2025,VNA25-3C245FF17D,GHN_ADMIN_2025,1005366,NORMALIZED_EXACT,APPROVED,exact-name:1:1:parent-scoped:safe-normalization
VN_ADMIN_2025,VNA25-3C76166EB2,GHN_ADMIN_2025,1004177,NORMALIZED_EXACT,APPROVED,exact-name:1:1:parent-scoped:safe-normalization
VN_ADMIN_2025,VNA25-3C7C0E3E7B,GHN_ADMIN_2025,1004068,NORMALIZED_EXACT,APPROVED,exact-name:1:1:parent-scoped:safe-normalization
VN_ADMIN_2025,VNA25-3CA8E543D3,GHN_ADMIN_2025,1004545,NORMALIZED_EXACT,APPROVED,exact-name:1:1:parent-scoped:safe-normalization
VN_ADMIN_2025,VNA25-3CB08A5FE3,GHN_ADMIN_2025,1004251,NORMALIZED_EXACT,APPROVED,exact-name:1:1:parent-scoped:safe-normalization
VN_ADMIN_2025,VNA25-3CB699637F,GHN_ADMIN_2025,1005140,NORMALIZED_EXACT,APPROVED,exact-name:1:1:parent-scoped:safe-normalization
VN_ADMIN_2025,VNA25-3CC161E1B7,GHN_ADMIN_2025,1006036,NORMALIZED_EXACT,APPROVED,exact-name:1:1:parent-scoped:safe-normalization
VN_ADMIN_2025,VNA25-3CD4D019AD,GHN_ADMIN_2025,1006159,NORMALIZED_EXACT,APPROVED,exact-name:1:1:parent-scoped:safe-normalization
VN_ADMIN_2025,VNA25-3CDB87992B,GHN_ADMIN_2025,1003403,NORMALIZED_EXACT,APPROVED,exact-name:1:1:parent-scoped:safe-normalization
VN_ADMIN_2025,VNA25-3D10CFF923,GHN_ADMIN_2025,1004875,NORMALIZED_EXACT,APPROVED,exact-name:1:1:parent-scoped:safe-normalization
VN_ADMIN_2025,VNA25-3D2AD9D35F,GHN_ADMIN_2025,1005052,NORMALIZED_EXACT,APPROVED,exact-name:1:1:parent-scoped:safe-normalization
VN_ADMIN_2025,VNA25-3D35456057,GHN_ADMIN_2025,1005216,NORMALIZED_EXACT,APPROVED,exact-name:1:1:parent-scoped:safe-normalization
VN_ADMIN_2025,VNA25-3D37B6BEEA,GHN_ADMIN_2025,1004254,NORMALIZED_EXACT,APPROVED,exact-name:1:1:parent-scoped:safe-normalization
VN_ADMIN_2025,VNA25-3D384FD00E,GHN_ADMIN_2025,1006271,NORMALIZED_TONE_PLACEMENT,APPROVED,offline-reviewed:1:1:parent-scoped:tone-placement
VN_ADMIN_2025,VNA25-3D39367575,GHN_ADMIN_2025,1003544,NORMALIZED_EXACT,APPROVED,exact-name:1:1:parent-scoped:safe-normalization
VN_ADMIN_2025,VNA25-3D5E6C1A1A,GHN_ADMIN_2025,1005263,NORMALIZED_EXACT,APPROVED,exact-name:1:1:parent-scoped:safe-normalization
VN_ADMIN_2025,VNA25-3D63A71BA5,GHN_ADMIN_2025,1004915,NORMALIZED_EXACT,APPROVED,exact-name:1:1:parent-scoped:safe-normalization
VN_ADMIN_2025,VNA25-3D6A6CF4D0,GHN_ADMIN_2025,1006563,NORMALIZED_EXACT,APPROVED,exact-name:1:1:parent-scoped:safe-normalization
VN_ADMIN_2025,VNA25-3D70527252,GHN_ADMIN_2025,1005533,NORMALIZED_EXACT,APPROVED,exact-name:1:1:parent-scoped:safe-normalization
VN_ADMIN_2025,VNA25-3D7D60EB69,GHN_ADMIN_2025,1006416,NORMALIZED_EXACT,APPROVED,exact-name:1:1:parent-scoped:safe-normalization
VN_ADMIN_2025,VNA25-3D893A29EF,GHN_ADMIN_2025,1006071,NORMALIZED_EXACT,APPROVED,exact-name:1:1:parent-scoped:safe-normalization
VN_ADMIN_2025,VNA25-3D8EE57E81,GHN_ADMIN_2025,1004849,NORMALIZED_EXACT,APPROVED,exact-name:1:1:parent-scoped:safe-normalization
VN_ADMIN_2025,VNA25-3D92D14ABD,GHN_ADMIN_2025,1004076,NORMALIZED_EXACT,APPROVED,exact-name:1:1:parent-scoped:safe-normalization
VN_ADMIN_2025,VNA25-3D9F1BD49B,GHN_ADMIN_2025,1006225,NORMALIZED_TONE_PLACEMENT,APPROVED,offline-reviewed:1:1:parent-scoped:tone-placement
VN_ADMIN_2025,VNA25-3DAB2AF0F1,GHN_ADMIN_2025,1003526,NORMALIZED_EXACT,APPROVED,exact-name:1:1:parent-scoped:safe-normalization
VN_ADMIN_2025,VNA25-3DCD0C3B87,GHN_ADMIN_2025,1006552,NORMALIZED_TONE_PLACEMENT,APPROVED,offline-reviewed:1:1:parent-scoped:tone-placement
VN_ADMIN_2025,VNA25-3DDE1AB1FA,GHN_ADMIN_2025,1005981,NORMALIZED_EXACT,APPROVED,exact-name:1:1:parent-scoped:safe-normalization
VN_ADMIN_2025,VNA25-3DE8CD0FBF,GHN_ADMIN_2025,1006393,NORMALIZED_EXACT,APPROVED,exact-name:1:1:parent-scoped:safe-normalization
VN_ADMIN_2025,VNA25-3DFB0E7FD0,GHN_ADMIN_2025,1003588,NORMALIZED_EXACT,APPROVED,exact-name:1:1:parent-scoped:safe-normalization
VN_ADMIN_2025,VNA25-3E14B09D9E,GHN_ADMIN_2025,1006596,NORMALIZED_EXACT,APPROVED,exact-name:1:1:parent-scoped:safe-normalization
VN_ADMIN_2025,VNA25-3E16F6626A,GHN_ADMIN_2025,1005608,NORMALIZED_EXACT,APPROVED,exact-name:1:1:parent-scoped:safe-normalization
VN_ADMIN_2025,VNA25-3E524FE2E8,GHN_ADMIN_2025,1005455,NORMALIZED_EXACT,APPROVED,exact-name:1:1:parent-scoped:safe-normalization
VN_ADMIN_2025,VNA25-3E5714AAD2,GHN_ADMIN_2025,1006502,NORMALIZED_EXACT,APPROVED,exact-name:1:1:parent-scoped:safe-normalization
VN_ADMIN_2025,VNA25-3E80FDC44D,GHN_ADMIN_2025,1003778,NORMALIZED_EXACT,APPROVED,exact-name:1:1:parent-scoped:safe-normalization
VN_ADMIN_2025,VNA25-3E99F7878C,GHN_ADMIN_2025,1004052,NORMALIZED_EXACT,APPROVED,exact-name:1:1:parent-scoped:safe-normalization
VN_ADMIN_2025,VNA25-3EA7CE7972,GHN_ADMIN_2025,1004917,NORMALIZED_EXACT,APPROVED,exact-name:1:1:parent-scoped:safe-normalization
VN_ADMIN_2025,VNA25-3EAAED4E77,GHN_ADMIN_2025,1004819,NORMALIZED_EXACT,APPROVED,exact-name:1:1:parent-scoped:safe-normalization
VN_ADMIN_2025,VNA25-3EE7F9FA20,GHN_ADMIN_2025,1006239,NORMALIZED_EXACT,APPROVED,exact-name:1:1:parent-scoped:safe-normalization
VN_ADMIN_2025,VNA25-3EF2113B07,GHN_ADMIN_2025,1006340,NORMALIZED_EXACT,APPROVED,exact-name:1:1:parent-scoped:safe-normalization
VN_ADMIN_2025,VNA25-3EF8732900,GHN_ADMIN_2025,1004795,NORMALIZED_TONE_PLACEMENT,APPROVED,offline-reviewed:1:1:parent-scoped:tone-placement
VN_ADMIN_2025,VNA25-3EFED9BD0A,GHN_ADMIN_2025,1003892,NORMALIZED_EXACT,APPROVED,exact-name:1:1:parent-scoped:safe-normalization
VN_ADMIN_2025,VNA25-3F18223066,GHN_ADMIN_2025,1005944,NORMALIZED_EXACT,APPROVED,exact-name:1:1:parent-scoped:safe-normalization
VN_ADMIN_2025,VNA25-3F2917130F,GHN_ADMIN_2025,1003525,NORMALIZED_EXACT,APPROVED,exact-name:1:1:parent-scoped:safe-normalization
VN_ADMIN_2025,VNA25-3F36E7BFD8,GHN_ADMIN_2025,1004491,NORMALIZED_EXACT,APPROVED,exact-name:1:1:parent-scoped:safe-normalization
VN_ADMIN_2025,VNA25-3F37F2EB3F,GHN_ADMIN_2025,1004611,NORMALIZED_EXACT,APPROVED,exact-name:1:1:parent-scoped:safe-normalization
VN_ADMIN_2025,VNA25-3F579D9C5A,GHN_ADMIN_2025,1004813,NORMALIZED_EXACT,APPROVED,exact-name:1:1:parent-scoped:safe-normalization
VN_ADMIN_2025,VNA25-3F6CB1BD17,GHN_ADMIN_2025,1004008,NORMALIZED_EXACT,APPROVED,exact-name:1:1:parent-scoped:safe-normalization
VN_ADMIN_2025,VNA25-3F78EDC91C,GHN_ADMIN_2025,1005000,NORMALIZED_EXACT,APPROVED,exact-name:1:1:parent-scoped:safe-normalization
VN_ADMIN_2025,VNA25-3F7965BFF7,GHN_ADMIN_2025,1004486,NORMALIZED_EXACT,APPROVED,exact-name:1:1:parent-scoped:safe-normalization
VN_ADMIN_2025,VNA25-3F985C2F3C,GHN_ADMIN_2025,1004055,NORMALIZED_EXACT,APPROVED,exact-name:1:1:parent-scoped:safe-normalization
VN_ADMIN_2025,VNA25-3FAA5FBB1F,GHN_ADMIN_2025,1004402,NORMALIZED_EXACT,APPROVED,exact-name:1:1:parent-scoped:safe-normalization
VN_ADMIN_2025,VNA25-3FADF8754C,GHN_ADMIN_2025,1004561,NORMALIZED_EXACT,APPROVED,exact-name:1:1:parent-scoped:safe-normalization
VN_ADMIN_2025,VNA25-3FAEE98D54,GHN_ADMIN_2025,1006189,NORMALIZED_EXACT,APPROVED,exact-name:1:1:parent-scoped:safe-normalization
VN_ADMIN_2025,VNA25-3FE2643750,GHN_ADMIN_2025,1005408,NORMALIZED_EXACT,APPROVED,exact-name:1:1:parent-scoped:safe-normalization
VN_ADMIN_2025,VNA25-40039EE1F5,GHN_ADMIN_2025,1004011,NORMALIZED_EXACT,APPROVED,exact-name:1:1:parent-scoped:safe-normalization
VN_ADMIN_2025,VNA25-400509AB03,GHN_ADMIN_2025,1004374,NORMALIZED_EXACT,APPROVED,exact-name:1:1:parent-scoped:safe-normalization
VN_ADMIN_2025,VNA25-4007ABB251,GHN_ADMIN_2025,1005061,NORMALIZED_EXACT,APPROVED,exact-name:1:1:parent-scoped:safe-normalization
VN_ADMIN_2025,VNA25-4049A07B64,GHN_ADMIN_2025,1005463,NORMALIZED_EXACT,APPROVED,exact-name:1:1:parent-scoped:safe-normalization
VN_ADMIN_2025,VNA25-4087A3D0D0,GHN_ADMIN_2025,1005586,NORMALIZED_EXACT,APPROVED,exact-name:1:1:parent-scoped:safe-normalization
VN_ADMIN_2025,VNA25-408ACB6C14,GHN_ADMIN_2025,1006101,NORMALIZED_EXACT,APPROVED,exact-name:1:1:parent-scoped:safe-normalization
VN_ADMIN_2025,VNA25-40996347FC,GHN_ADMIN_2025,1004020,NORMALIZED_EXACT,APPROVED,exact-name:1:1:parent-scoped:safe-normalization
VN_ADMIN_2025,VNA25-40A0C5B590,GHN_ADMIN_2025,1003454,NORMALIZED_EXACT,APPROVED,exact-name:1:1:parent-scoped:safe-normalization
VN_ADMIN_2025,VNA25-40D6B29D76,GHN_ADMIN_2025,1006399,NORMALIZED_EXACT,APPROVED,exact-name:1:1:parent-scoped:safe-normalization
VN_ADMIN_2025,VNA25-410C4F33E1,GHN_ADMIN_2025,1004762,NORMALIZED_EXACT,APPROVED,exact-name:1:1:parent-scoped:safe-normalization
VN_ADMIN_2025,VNA25-4170AAE490,GHN_ADMIN_2025,1005076,NORMALIZED_EXACT,APPROVED,exact-name:1:1:parent-scoped:safe-normalization
VN_ADMIN_2025,VNA25-417C7A966C,GHN_ADMIN_2025,1004189,NORMALIZED_EXACT,APPROVED,exact-name:1:1:parent-scoped:safe-normalization
VN_ADMIN_2025,VNA25-4185888524,GHN_ADMIN_2025,1005091,NORMALIZED_EXACT,APPROVED,exact-name:1:1:parent-scoped:safe-normalization
VN_ADMIN_2025,VNA25-418D92D5ED,GHN_ADMIN_2025,1003829,NORMALIZED_EXACT,APPROVED,exact-name:1:1:parent-scoped:safe-normalization
VN_ADMIN_2025,VNA25-418E8951A1,GHN_ADMIN_2025,1003430,NORMALIZED_EXACT,APPROVED,exact-name:1:1:parent-scoped:safe-normalization
VN_ADMIN_2025,VNA25-41AF88D2E8,GHN_ADMIN_2025,1006440,NORMALIZED_EXACT,APPROVED,exact-name:1:1:parent-scoped:safe-normalization
VN_ADMIN_2025,VNA25-41D2C7387D,GHN_ADMIN_2025,1006261,NORMALIZED_EXACT,APPROVED,exact-name:1:1:parent-scoped:safe-normalization
VN_ADMIN_2025,VNA25-41E2D0102E,GHN_ADMIN_2025,1005143,NORMALIZED_EXACT,APPROVED,exact-name:1:1:parent-scoped:safe-normalization
VN_ADMIN_2025,VNA25-42052D70CE,GHN_ADMIN_2025,1004551,NORMALIZED_EXACT,APPROVED,exact-name:1:1:parent-scoped:safe-normalization
VN_ADMIN_2025,VNA25-4209680CBC,GHN_ADMIN_2025,1006294,NORMALIZED_EXACT,APPROVED,exact-name:1:1:parent-scoped:safe-normalization
VN_ADMIN_2025,VNA25-4210431D8D,GHN_ADMIN_2025,1003589,NORMALIZED_EXACT,APPROVED,exact-name:1:1:parent-scoped:safe-normalization
VN_ADMIN_2025,VNA25-421D864DB7,GHN_ADMIN_2025,1004496,NORMALIZED_EXACT,APPROVED,exact-name:1:1:parent-scoped:safe-normalization
VN_ADMIN_2025,VNA25-4267F65B24,GHN_ADMIN_2025,1003457,NORMALIZED_EXACT,APPROVED,exact-name:1:1:parent-scoped:safe-normalization
VN_ADMIN_2025,VNA25-426C41D78A,GHN_ADMIN_2025,1003873,NORMALIZED_EXACT,APPROVED,exact-name:1:1:parent-scoped:safe-normalization
VN_ADMIN_2025,VNA25-427611B862,GHN_ADMIN_2025,1005132,NORMALIZED_EXACT,APPROVED,exact-name:1:1:parent-scoped:safe-normalization
VN_ADMIN_2025,VNA25-42792ECE54,GHN_ADMIN_2025,1003590,NORMALIZED_EXACT,APPROVED,exact-name:1:1:parent-scoped:safe-normalization
VN_ADMIN_2025,VNA25-4294BAC501,GHN_ADMIN_2025,1003776,NORMALIZED_EXACT,APPROVED,exact-name:1:1:parent-scoped:safe-normalization
VN_ADMIN_2025,VNA25-42A528AC06,GHN_ADMIN_2025,1006559,NORMALIZED_EXACT,APPROVED,exact-name:1:1:parent-scoped:safe-normalization
VN_ADMIN_2025,VNA25-42A70B15D2,GHN_ADMIN_2025,1005030,NORMALIZED_EXACT,APPROVED,exact-name:1:1:parent-scoped:safe-normalization
VN_ADMIN_2025,VNA25-42B19BAFB4,GHN_ADMIN_2025,1003971,NORMALIZED_EXACT,APPROVED,exact-name:1:1:parent-scoped:safe-normalization
VN_ADMIN_2025,VNA25-42DC056525,GHN_ADMIN_2025,1004679,NORMALIZED_EXACT,APPROVED,exact-name:1:1:parent-scoped:safe-normalization
VN_ADMIN_2025,VNA25-42DD2C16B6,GHN_ADMIN_2025,1004948,NORMALIZED_EXACT,APPROVED,exact-name:1:1:parent-scoped:safe-normalization
VN_ADMIN_2025,VNA25-42E668433C,GHN_ADMIN_2025,1006601,NORMALIZED_EXACT,APPROVED,exact-name:1:1:parent-scoped:safe-normalization
VN_ADMIN_2025,VNA25-42EC19E43E,GHN_ADMIN_2025,1005603,NORMALIZED_EXACT,APPROVED,exact-name:1:1:parent-scoped:safe-normalization
VN_ADMIN_2025,VNA25-42F32A5119,GHN_ADMIN_2025,1005843,NORMALIZED_EXACT,APPROVED,exact-name:1:1:parent-scoped:safe-normalization
VN_ADMIN_2025,VNA25-4316D5029A,GHN_ADMIN_2025,1005691,NORMALIZED_EXACT,APPROVED,exact-name:1:1:parent-scoped:safe-normalization
VN_ADMIN_2025,VNA25-43218E58D8,GHN_ADMIN_2025,1005673,NORMALIZED_EXACT,APPROVED,exact-name:1:1:parent-scoped:safe-normalization
VN_ADMIN_2025,VNA25-43244995AA,GHN_ADMIN_2025,1005084,NORMALIZED_EXACT,APPROVED,exact-name:1:1:parent-scoped:safe-normalization
VN_ADMIN_2025,VNA25-4332FBEF6C,GHN_ADMIN_2025,1004403,NORMALIZED_EXACT,APPROVED,exact-name:1:1:parent-scoped:safe-normalization
VN_ADMIN_2025,VNA25-434AE72D09,GHN_ADMIN_2025,1003840,NORMALIZED_EXACT,APPROVED,exact-name:1:1:parent-scoped:safe-normalization
VN_ADMIN_2025,VNA25-4362876217,GHN_ADMIN_2025,1004161,NORMALIZED_EXACT,APPROVED,exact-name:1:1:parent-scoped:safe-normalization
VN_ADMIN_2025,VNA25-436527577E,GHN_ADMIN_2025,1006272,NORMALIZED_TONE_PLACEMENT,APPROVED,offline-reviewed:1:1:parent-scoped:tone-placement
VN_ADMIN_2025,VNA25-43812FCDA4,GHN_ADMIN_2025,1005668,NORMALIZED_EXACT,APPROVED,exact-name:1:1:parent-scoped:safe-normalization
VN_ADMIN_2025,VNA25-438E0094E4,GHN_ADMIN_2025,1003627,NORMALIZED_EXACT,APPROVED,exact-name:1:1:parent-scoped:safe-normalization
VN_ADMIN_2025,VNA25-43C2E5CAC7,GHN_ADMIN_2025,1003918,NORMALIZED_EXACT,APPROVED,exact-name:1:1:parent-scoped:safe-normalization
VN_ADMIN_2025,VNA25-43D0377C42,GHN_ADMIN_2025,1006422,NORMALIZED_EXACT,APPROVED,exact-name:1:1:parent-scoped:safe-normalization
VN_ADMIN_2025,VNA25-43D0FCEC4A,GHN_ADMIN_2025,1003889,NORMALIZED_EXACT,APPROVED,exact-name:1:1:parent-scoped:safe-normalization
VN_ADMIN_2025,VNA25-43E6F636BD,GHN_ADMIN_2025,1003818,NORMALIZED_EXACT,APPROVED,exact-name:1:1:parent-scoped:safe-normalization
VN_ADMIN_2025,VNA25-43FAF18652,GHN_ADMIN_2025,1003943,NORMALIZED_EXACT,APPROVED,exact-name:1:1:parent-scoped:safe-normalization
VN_ADMIN_2025,VNA25-4436337E75,GHN_ADMIN_2025,1004224,NORMALIZED_EXACT,APPROVED,exact-name:1:1:parent-scoped:safe-normalization
VN_ADMIN_2025,VNA25-4439C5D085,GHN_ADMIN_2025,1004069,NORMALIZED_EXACT,APPROVED,exact-name:1:1:parent-scoped:safe-normalization
VN_ADMIN_2025,VNA25-444058DF04,GHN_ADMIN_2025,1006614,NORMALIZED_EXACT,APPROVED,exact-name:1:1:parent-scoped:safe-normalization
VN_ADMIN_2025,VNA25-4442F3893A,GHN_ADMIN_2025,1004943,NORMALIZED_EXACT,APPROVED,exact-name:1:1:parent-scoped:safe-normalization
VN_ADMIN_2025,VNA25-44549F1437,GHN_ADMIN_2025,1003577,NORMALIZED_EXACT,APPROVED,exact-name:1:1:parent-scoped:safe-normalization
VN_ADMIN_2025,VNA25-44661E05BD,GHN_ADMIN_2025,1005711,NORMALIZED_EXACT,APPROVED,exact-name:1:1:parent-scoped:safe-normalization
VN_ADMIN_2025,VNA25-4474790614,GHN_ADMIN_2025,1006646,NORMALIZED_EXACT,APPROVED,exact-name:1:1:parent-scoped:safe-normalization
VN_ADMIN_2025,VNA25-44AA7DDB2D,GHN_ADMIN_2025,1003951,NORMALIZED_EXACT,APPROVED,exact-name:1:1:parent-scoped:safe-normalization
VN_ADMIN_2025,VNA25-44BE78192F,GHN_ADMIN_2025,1005989,NORMALIZED_EXACT,APPROVED,exact-name:1:1:parent-scoped:safe-normalization
VN_ADMIN_2025,VNA25-44E978E812,GHN_ADMIN_2025,1005396,NORMALIZED_EXACT,APPROVED,exact-name:1:1:parent-scoped:safe-normalization
VN_ADMIN_2025,VNA25-44EBF44DD0,GHN_ADMIN_2025,1005079,NORMALIZED_EXACT,APPROVED,exact-name:1:1:parent-scoped:safe-normalization
VN_ADMIN_2025,VNA25-45096ADCDC,GHN_ADMIN_2025,1004279,NORMALIZED_EXACT,APPROVED,exact-name:1:1:parent-scoped:safe-normalization
VN_ADMIN_2025,VNA25-451D666113,GHN_ADMIN_2025,1006123,NORMALIZED_EXACT,APPROVED,exact-name:1:1:parent-scoped:safe-normalization
VN_ADMIN_2025,VNA25-453F65C1BA,GHN_ADMIN_2025,1004907,NORMALIZED_EXACT,APPROVED,exact-name:1:1:parent-scoped:safe-normalization
VN_ADMIN_2025,VNA25-454546E44F,GHN_ADMIN_2025,1005659,NORMALIZED_EXACT,APPROVED,exact-name:1:1:parent-scoped:safe-normalization
VN_ADMIN_2025,VNA25-4555349D26,GHN_ADMIN_2025,1004558,NORMALIZED_EXACT,APPROVED,exact-name:1:1:parent-scoped:safe-normalization
VN_ADMIN_2025,VNA25-45559B5C34,GHN_ADMIN_2025,1005853,NORMALIZED_EXACT,APPROVED,exact-name:1:1:parent-scoped:safe-normalization
VN_ADMIN_2025,VNA25-4561F17481,GHN_ADMIN_2025,1006207,NORMALIZED_EXACT,APPROVED,exact-name:1:1:parent-scoped:safe-normalization
VN_ADMIN_2025,VNA25-45DD585EBD,GHN_ADMIN_2025,1003734,NORMALIZED_EXACT,APPROVED,exact-name:1:1:parent-scoped:safe-normalization
VN_ADMIN_2025,VNA25-45EA928F81,GHN_ADMIN_2025,1006661,NORMALIZED_EXACT,APPROVED,exact-name:1:1:parent-scoped:safe-normalization
VN_ADMIN_2025,VNA25-45F4A221D4,GHN_ADMIN_2025,1004172,NORMALIZED_EXACT,APPROVED,exact-name:1:1:parent-scoped:safe-normalization
VN_ADMIN_2025,VNA25-463C2AF677,GHN_ADMIN_2025,1005577,NORMALIZED_EXACT,APPROVED,exact-name:1:1:parent-scoped:safe-normalization
VN_ADMIN_2025,VNA25-464B175951,GHN_ADMIN_2025,1004879,NORMALIZED_EXACT,APPROVED,exact-name:1:1:parent-scoped:safe-normalization
VN_ADMIN_2025,VNA25-464B458283,GHN_ADMIN_2025,1005504,NORMALIZED_EXACT,APPROVED,exact-name:1:1:parent-scoped:safe-normalization
VN_ADMIN_2025,VNA25-465E031F6D,GHN_ADMIN_2025,1003759,NORMALIZED_EXACT,APPROVED,exact-name:1:1:parent-scoped:safe-normalization
VN_ADMIN_2025,VNA25-466ED1113E,GHN_ADMIN_2025,1004192,NORMALIZED_EXACT,APPROVED,exact-name:1:1:parent-scoped:safe-normalization
VN_ADMIN_2025,VNA25-46A3EB5BB2,GHN_ADMIN_2025,1004264,NORMALIZED_EXACT,APPROVED,exact-name:1:1:parent-scoped:safe-normalization
VN_ADMIN_2025,VNA25-46A657C69F,GHN_ADMIN_2025,1005241,NORMALIZED_EXACT,APPROVED,exact-name:1:1:parent-scoped:safe-normalization
VN_ADMIN_2025,VNA25-46A65F0C8E,GHN_ADMIN_2025,1004083,NORMALIZED_EXACT,APPROVED,exact-name:1:1:parent-scoped:safe-normalization
VN_ADMIN_2025,VNA25-46B586406A,GHN_ADMIN_2025,1004239,NORMALIZED_EXACT,APPROVED,exact-name:1:1:parent-scoped:safe-normalization
VN_ADMIN_2025,VNA25-46D201DB1E,GHN_ADMIN_2025,1005389,NORMALIZED_EXACT,APPROVED,exact-name:1:1:parent-scoped:safe-normalization
VN_ADMIN_2025,VNA25-46E98C228E,GHN_ADMIN_2025,1005734,NORMALIZED_EXACT,APPROVED,exact-name:1:1:parent-scoped:safe-normalization
VN_ADMIN_2025,VNA25-471E1238EA,GHN_ADMIN_2025,1005827,NORMALIZED_EXACT,APPROVED,exact-name:1:1:parent-scoped:safe-normalization
VN_ADMIN_2025,VNA25-473D265D1E,GHN_ADMIN_2025,1003613,NORMALIZED_TONE_PLACEMENT,APPROVED,offline-reviewed:1:1:parent-scoped:tone-placement
VN_ADMIN_2025,VNA25-475EF857CA,GHN_ADMIN_2025,1006080,NORMALIZED_EXACT,APPROVED,exact-name:1:1:parent-scoped:safe-normalization
VN_ADMIN_2025,VNA25-476803EE91,GHN_ADMIN_2025,1005593,NORMALIZED_EXACT,APPROVED,exact-name:1:1:parent-scoped:safe-normalization
VN_ADMIN_2025,VNA25-4783AC2FE6,GHN_ADMIN_2025,1006540,NORMALIZED_EXACT,APPROVED,exact-name:1:1:parent-scoped:safe-normalization
VN_ADMIN_2025,VNA25-478532EB52,GHN_ADMIN_2025,1005776,NORMALIZED_EXACT,APPROVED,exact-name:1:1:parent-scoped:safe-normalization
VN_ADMIN_2025,VNA25-478A8264C7,GHN_ADMIN_2025,1005065,NORMALIZED_EXACT,APPROVED,exact-name:1:1:parent-scoped:safe-normalization
VN_ADMIN_2025,VNA25-47C03E4CF7,GHN_ADMIN_2025,1005296,NORMALIZED_EXACT,APPROVED,exact-name:1:1:parent-scoped:safe-normalization
VN_ADMIN_2025,VNA25-47D1D93CE0,GHN_ADMIN_2025,1004510,NORMALIZED_EXACT,APPROVED,exact-name:1:1:parent-scoped:safe-normalization
VN_ADMIN_2025,VNA25-4811CEDEC0,GHN_ADMIN_2025,1003400,NORMALIZED_EXACT,APPROVED,exact-name:1:1:parent-scoped:safe-normalization
VN_ADMIN_2025,VNA25-4818BC8D73,GHN_ADMIN_2025,1006279,NORMALIZED_EXACT,APPROVED,exact-name:1:1:parent-scoped:safe-normalization
VN_ADMIN_2025,VNA25-481B98996A,GHN_ADMIN_2025,1005639,NORMALIZED_EXACT,APPROVED,exact-name:1:1:parent-scoped:safe-normalization
VN_ADMIN_2025,VNA25-4846D55F8E,GHN_ADMIN_2025,1006315,NORMALIZED_EXACT,APPROVED,exact-name:1:1:parent-scoped:safe-normalization
VN_ADMIN_2025,VNA25-4850DBE9AA,GHN_ADMIN_2025,1004269,NORMALIZED_EXACT,APPROVED,exact-name:1:1:parent-scoped:safe-normalization
VN_ADMIN_2025,VNA25-48598A085B,GHN_ADMIN_2025,1005871,NORMALIZED_EXACT,APPROVED,exact-name:1:1:parent-scoped:safe-normalization
VN_ADMIN_2025,VNA25-487E681432,GHN_ADMIN_2025,1004903,NORMALIZED_EXACT,APPROVED,exact-name:1:1:parent-scoped:safe-normalization
VN_ADMIN_2025,VNA25-4883B96F6A,GHN_ADMIN_2025,1005564,NORMALIZED_EXACT,APPROVED,exact-name:1:1:parent-scoped:safe-normalization
VN_ADMIN_2025,VNA25-488AC9D1BB,GHN_ADMIN_2025,1004358,NORMALIZED_EXACT,APPROVED,exact-name:1:1:parent-scoped:safe-normalization
VN_ADMIN_2025,VNA25-48CDC2F58F,GHN_ADMIN_2025,1003915,NORMALIZED_EXACT,APPROVED,exact-name:1:1:parent-scoped:safe-normalization
VN_ADMIN_2025,VNA25-48D739B677,GHN_ADMIN_2025,1004432,NORMALIZED_EXACT,APPROVED,exact-name:1:1:parent-scoped:safe-normalization
VN_ADMIN_2025,VNA25-48DA5E96EB,GHN_ADMIN_2025,1003456,NORMALIZED_EXACT,APPROVED,exact-name:1:1:parent-scoped:safe-normalization
VN_ADMIN_2025,VNA25-48E1D70BD9,GHN_ADMIN_2025,1006478,NORMALIZED_EXACT,APPROVED,exact-name:1:1:parent-scoped:safe-normalization
VN_ADMIN_2025,VNA25-48F3876AE0,GHN_ADMIN_2025,1005991,NORMALIZED_EXACT,APPROVED,exact-name:1:1:parent-scoped:safe-normalization
VN_ADMIN_2025,VNA25-491158A333,GHN_ADMIN_2025,1006000,NORMALIZED_EXACT,APPROVED,exact-name:1:1:parent-scoped:safe-normalization
VN_ADMIN_2025,VNA25-4919009874,GHN_ADMIN_2025,1005714,NORMALIZED_EXACT,APPROVED,exact-name:1:1:parent-scoped:safe-normalization
VN_ADMIN_2025,VNA25-4923447C2F,GHN_ADMIN_2025,1003570,NORMALIZED_EXACT,APPROVED,exact-name:1:1:parent-scoped:safe-normalization
VN_ADMIN_2025,VNA25-493F232AD8,GHN_ADMIN_2025,1005246,NORMALIZED_EXACT,APPROVED,exact-name:1:1:parent-scoped:safe-normalization
VN_ADMIN_2025,VNA25-49678DF97F,GHN_ADMIN_2025,1006530,NORMALIZED_EXACT,APPROVED,exact-name:1:1:parent-scoped:safe-normalization
VN_ADMIN_2025,VNA25-496FF3CE50,GHN_ADMIN_2025,1004365,NORMALIZED_EXACT,APPROVED,exact-name:1:1:parent-scoped:safe-normalization
VN_ADMIN_2025,VNA25-4971934F3D,GHN_ADMIN_2025,1006125,NORMALIZED_EXACT,APPROVED,exact-name:1:1:parent-scoped:safe-normalization
VN_ADMIN_2025,VNA25-49BA0F7617,GHN_ADMIN_2025,1005118,NORMALIZED_EXACT,APPROVED,exact-name:1:1:parent-scoped:safe-normalization
VN_ADMIN_2025,VNA25-49C15C410D,GHN_ADMIN_2025,1004721,NORMALIZED_EXACT,APPROVED,exact-name:1:1:parent-scoped:safe-normalization
VN_ADMIN_2025,VNA25-49CA737B51,GHN_ADMIN_2025,1005971,NORMALIZED_EXACT,APPROVED,exact-name:1:1:parent-scoped:safe-normalization
VN_ADMIN_2025,VNA25-49CD728F28,GHN_ADMIN_2025,1005090,NORMALIZED_EXACT,APPROVED,exact-name:1:1:parent-scoped:safe-normalization
VN_ADMIN_2025,VNA25-49CF2F79C5,GHN_ADMIN_2025,1006047,NORMALIZED_EXACT,APPROVED,exact-name:1:1:parent-scoped:safe-normalization
VN_ADMIN_2025,VNA25-49EB641375,GHN_ADMIN_2025,1006335,NORMALIZED_EXACT,APPROVED,exact-name:1:1:parent-scoped:safe-normalization
VN_ADMIN_2025,VNA25-49EDD64872,GHN_ADMIN_2025,1006200,NORMALIZED_EXACT,APPROVED,exact-name:1:1:parent-scoped:safe-normalization
VN_ADMIN_2025,VNA25-4A103AE4F5,GHN_ADMIN_2025,1005561,NORMALIZED_EXACT,APPROVED,exact-name:1:1:parent-scoped:safe-normalization
VN_ADMIN_2025,VNA25-4A30CB7503,GHN_ADMIN_2025,1006146,NORMALIZED_EXACT,APPROVED,exact-name:1:1:parent-scoped:safe-normalization
VN_ADMIN_2025,VNA25-4A41AF306E,GHN_ADMIN_2025,1005422,NORMALIZED_EXACT,APPROVED,exact-name:1:1:parent-scoped:safe-normalization
VN_ADMIN_2025,VNA25-4A7D4D0F36,GHN_ADMIN_2025,1005190,NORMALIZED_EXACT,APPROVED,exact-name:1:1:parent-scoped:safe-normalization
VN_ADMIN_2025,VNA25-4AA113A5C8,GHN_ADMIN_2025,1006305,NORMALIZED_EXACT,APPROVED,exact-name:1:1:parent-scoped:safe-normalization
VN_ADMIN_2025,VNA25-4AC0DC83E7,GHN_ADMIN_2025,1003436,NORMALIZED_EXACT,APPROVED,exact-name:1:1:parent-scoped:safe-normalization
VN_ADMIN_2025,VNA25-4AE93E5884,GHN_ADMIN_2025,1003529,NORMALIZED_EXACT,APPROVED,exact-name:1:1:parent-scoped:safe-normalization
VN_ADMIN_2025,VNA25-4B075A79F8,GHN_ADMIN_2025,1004505,NORMALIZED_EXACT,APPROVED,exact-name:1:1:parent-scoped:safe-normalization
VN_ADMIN_2025,VNA25-4B147E2B28,GHN_ADMIN_2025,1005895,NORMALIZED_EXACT,APPROVED,exact-name:1:1:parent-scoped:safe-normalization
VN_ADMIN_2025,VNA25-4B1C4F85B7,GHN_ADMIN_2025,1003609,NORMALIZED_EXACT,APPROVED,exact-name:1:1:parent-scoped:safe-normalization
VN_ADMIN_2025,VNA25-4B27767913,GHN_ADMIN_2025,1003703,NORMALIZED_EXACT,APPROVED,exact-name:1:1:parent-scoped:safe-normalization
VN_ADMIN_2025,VNA25-4B28BBB7A1,GHN_ADMIN_2025,1006292,NORMALIZED_EXACT,APPROVED,exact-name:1:1:parent-scoped:safe-normalization
VN_ADMIN_2025,VNA25-4B2CC14C25,GHN_ADMIN_2025,1005874,NORMALIZED_EXACT,APPROVED,exact-name:1:1:parent-scoped:safe-normalization
VN_ADMIN_2025,VNA25-4B2DFC1348,GHN_ADMIN_2025,1006267,NORMALIZED_EXACT,APPROVED,exact-name:1:1:parent-scoped:safe-normalization
VN_ADMIN_2025,VNA25-4B341AD8A7,GHN_ADMIN_2025,1004753,NORMALIZED_EXACT,APPROVED,exact-name:1:1:parent-scoped:safe-normalization
VN_ADMIN_2025,VNA25-4B34ED8C6E,GHN_ADMIN_2025,1006528,NORMALIZED_EXACT,APPROVED,exact-name:1:1:parent-scoped:safe-normalization
VN_ADMIN_2025,VNA25-4B3B39FA9E,GHN_ADMIN_2025,1005304,NORMALIZED_EXACT,APPROVED,exact-name:1:1:parent-scoped:safe-normalization
VN_ADMIN_2025,VNA25-4B4809E3F8,GHN_ADMIN_2025,1005620,NORMALIZED_EXACT,APPROVED,exact-name:1:1:parent-scoped:safe-normalization
VN_ADMIN_2025,VNA25-4B6D71A7D0,GHN_ADMIN_2025,1003751,NORMALIZED_EXACT,APPROVED,exact-name:1:1:parent-scoped:safe-normalization
VN_ADMIN_2025,VNA25-4B906BF1D2,GHN_ADMIN_2025,1006344,NORMALIZED_EXACT,APPROVED,exact-name:1:1:parent-scoped:safe-normalization
VN_ADMIN_2025,VNA25-4B9ED0283D,GHN_ADMIN_2025,1006325,NORMALIZED_EXACT,APPROVED,exact-name:1:1:parent-scoped:safe-normalization
VN_ADMIN_2025,VNA25-4BB48F1CE2,GHN_ADMIN_2025,1004666,NORMALIZED_EXACT,APPROVED,exact-name:1:1:parent-scoped:safe-normalization
VN_ADMIN_2025,VNA25-4BC6A640DD,GHN_ADMIN_2025,1003563,NORMALIZED_TONE_PLACEMENT,APPROVED,offline-reviewed:1:1:parent-scoped:tone-placement
VN_ADMIN_2025,VNA25-4BD1F36F8E,GHN_ADMIN_2025,1004761,NORMALIZED_EXACT,APPROVED,exact-name:1:1:parent-scoped:safe-normalization
VN_ADMIN_2025,VNA25-4BD6C94E28,GHN_ADMIN_2025,1004464,NORMALIZED_EXACT,APPROVED,exact-name:1:1:parent-scoped:safe-normalization
VN_ADMIN_2025,VNA25-4BE8E3C020,GHN_ADMIN_2025,1004865,NORMALIZED_EXACT,APPROVED,exact-name:1:1:parent-scoped:safe-normalization
VN_ADMIN_2025,VNA25-4BE906752A,GHN_ADMIN_2025,1004617,NORMALIZED_EXACT,APPROVED,exact-name:1:1:parent-scoped:safe-normalization
VN_ADMIN_2025,VNA25-4BF15849B2,GHN_ADMIN_2025,1006398,NORMALIZED_EXACT,APPROVED,exact-name:1:1:parent-scoped:safe-normalization
VN_ADMIN_2025,VNA25-4C0AA2C108,GHN_ADMIN_2025,1003994,NORMALIZED_EXACT,APPROVED,exact-name:1:1:parent-scoped:safe-normalization
VN_ADMIN_2025,VNA25-4C1514F5F7,GHN_ADMIN_2025,1006152,NORMALIZED_EXACT,APPROVED,exact-name:1:1:parent-scoped:safe-normalization
VN_ADMIN_2025,VNA25-4C21D67BDA,GHN_ADMIN_2025,1005712,NORMALIZED_EXACT,APPROVED,exact-name:1:1:parent-scoped:safe-normalization
VN_ADMIN_2025,VNA25-4C24E940C3,GHN_ADMIN_2025,1004626,NORMALIZED_EXACT,APPROVED,exact-name:1:1:parent-scoped:safe-normalization
VN_ADMIN_2025,VNA25-4C48922C07,GHN_ADMIN_2025,1005726,NORMALIZED_EXACT,APPROVED,exact-name:1:1:parent-scoped:safe-normalization
VN_ADMIN_2025,VNA25-4C519F5205,GHN_ADMIN_2025,1003909,NORMALIZED_EXACT,APPROVED,exact-name:1:1:parent-scoped:safe-normalization
VN_ADMIN_2025,VNA25-4C6AD7204C,GHN_ADMIN_2025,1003964,NORMALIZED_EXACT,APPROVED,exact-name:1:1:parent-scoped:safe-normalization
VN_ADMIN_2025,VNA25-4C7470B4E9,GHN_ADMIN_2025,1005739,NORMALIZED_EXACT,APPROVED,exact-name:1:1:parent-scoped:safe-normalization
VN_ADMIN_2025,VNA25-4C85F7A5B5,GHN_ADMIN_2025,1005522,NORMALIZED_EXACT,APPROVED,exact-name:1:1:parent-scoped:safe-normalization
VN_ADMIN_2025,VNA25-4CBA084F09,GHN_ADMIN_2025,1006466,NORMALIZED_EXACT,APPROVED,exact-name:1:1:parent-scoped:safe-normalization
VN_ADMIN_2025,VNA25-4CEB3A4046,GHN_ADMIN_2025,1003881,NORMALIZED_EXACT,APPROVED,exact-name:1:1:parent-scoped:safe-normalization
VN_ADMIN_2025,VNA25-4D08A5D5D6,GHN_ADMIN_2025,1004632,NORMALIZED_EXACT,APPROVED,exact-name:1:1:parent-scoped:safe-normalization
VN_ADMIN_2025,VNA25-4D0AA96308,GHN_ADMIN_2025,1006310,NORMALIZED_EXACT,APPROVED,exact-name:1:1:parent-scoped:safe-normalization
VN_ADMIN_2025,VNA25-4D642FC831,GHN_ADMIN_2025,1005066,NORMALIZED_EXACT,APPROVED,exact-name:1:1:parent-scoped:safe-normalization
VN_ADMIN_2025,VNA25-4D67C8CE67,GHN_ADMIN_2025,1003593,NORMALIZED_EXACT,APPROVED,exact-name:1:1:parent-scoped:safe-normalization
VN_ADMIN_2025,VNA25-4D73CD780E,GHN_ADMIN_2025,1006303,NORMALIZED_EXACT,APPROVED,exact-name:1:1:parent-scoped:safe-normalization
VN_ADMIN_2025,VNA25-4D74363864,GHN_ADMIN_2025,1006166,NORMALIZED_EXACT,APPROVED,exact-name:1:1:parent-scoped:safe-normalization
VN_ADMIN_2025,VNA25-4D79F6EE27,GHN_ADMIN_2025,1006135,NORMALIZED_EXACT,APPROVED,exact-name:1:1:parent-scoped:safe-normalization
VN_ADMIN_2025,VNA25-4D93EB7B8E,GHN_ADMIN_2025,1006516,NORMALIZED_EXACT,APPROVED,exact-name:1:1:parent-scoped:safe-normalization
VN_ADMIN_2025,VNA25-4DB7176A29,GHN_ADMIN_2025,1005643,NORMALIZED_EXACT,APPROVED,exact-name:1:1:parent-scoped:safe-normalization
VN_ADMIN_2025,VNA25-4DB88D6055,GHN_ADMIN_2025,1003653,NORMALIZED_EXACT,APPROVED,exact-name:1:1:parent-scoped:safe-normalization
VN_ADMIN_2025,VNA25-4E114174FC,GHN_ADMIN_2025,1006233,NORMALIZED_EXACT,APPROVED,exact-name:1:1:parent-scoped:safe-normalization
VN_ADMIN_2025,VNA25-4E1E1E404B,GHN_ADMIN_2025,1003711,NORMALIZED_EXACT,APPROVED,exact-name:1:1:parent-scoped:safe-normalization
VN_ADMIN_2025,VNA25-4E21A76E49,GHN_ADMIN_2025,1003665,NORMALIZED_EXACT,APPROVED,exact-name:1:1:parent-scoped:safe-normalization
VN_ADMIN_2025,VNA25-4E26D550E9,GHN_ADMIN_2025,1006156,NORMALIZED_EXACT,APPROVED,exact-name:1:1:parent-scoped:safe-normalization
VN_ADMIN_2025,VNA25-4E4A11E4FC,GHN_ADMIN_2025,1003904,NORMALIZED_EXACT,APPROVED,exact-name:1:1:parent-scoped:safe-normalization
VN_ADMIN_2025,VNA25-4E5D226A0B,GHN_ADMIN_2025,1006635,NORMALIZED_EXACT,APPROVED,exact-name:1:1:parent-scoped:safe-normalization
VN_ADMIN_2025,VNA25-4E7D4D4598,GHN_ADMIN_2025,1005578,NORMALIZED_EXACT,APPROVED,exact-name:1:1:parent-scoped:safe-normalization
VN_ADMIN_2025,VNA25-4E819E0571,GHN_ADMIN_2025,1004810,NORMALIZED_EXACT,APPROVED,exact-name:1:1:parent-scoped:safe-normalization
VN_ADMIN_2025,VNA25-4E8989D12C,GHN_ADMIN_2025,1003371,NORMALIZED_EXACT,APPROVED,exact-name:1:1:parent-scoped:safe-normalization
VN_ADMIN_2025,VNA25-4E96040F54,GHN_ADMIN_2025,1003976,NORMALIZED_TONE_PLACEMENT,APPROVED,offline-reviewed:1:1:parent-scoped:tone-placement
VN_ADMIN_2025,VNA25-4EA3ADA7E1,GHN_ADMIN_2025,1004104,PARENT_SCOPED_RESIDUAL_1TO1,APPROVED,human-approved:lang-son:65-vs-65:sole-residual-pair
VN_ADMIN_2025,VNA25-4EAD7E752E,GHN_ADMIN_2025,1006518,NORMALIZED_EXACT,APPROVED,exact-name:1:1:parent-scoped:safe-normalization
VN_ADMIN_2025,VNA25-4EB6752621,GHN_ADMIN_2025,1003864,NORMALIZED_EXACT,APPROVED,exact-name:1:1:parent-scoped:safe-normalization
VN_ADMIN_2025,VNA25-4EC8B6428C,GHN_ADMIN_2025,1006636,NORMALIZED_EXACT,APPROVED,exact-name:1:1:parent-scoped:safe-normalization
VN_ADMIN_2025,VNA25-4ED0D69317,GHN_ADMIN_2025,1004898,NORMALIZED_EXACT,APPROVED,exact-name:1:1:parent-scoped:safe-normalization
VN_ADMIN_2025,VNA25-4F0F18FFDE,GHN_ADMIN_2025,1005063,NORMALIZED_EXACT,APPROVED,exact-name:1:1:parent-scoped:safe-normalization
VN_ADMIN_2025,VNA25-4F1A3BCAA9,GHN_ADMIN_2025,1004313,NORMALIZED_EXACT,APPROVED,exact-name:1:1:parent-scoped:safe-normalization
VN_ADMIN_2025,VNA25-4F34746133,GHN_ADMIN_2025,1004135,NORMALIZED_EXACT,APPROVED,exact-name:1:1:parent-scoped:safe-normalization
VN_ADMIN_2025,VNA25-4F3A6265F3,GHN_ADMIN_2025,1004320,NORMALIZED_EXACT,APPROVED,exact-name:1:1:parent-scoped:safe-normalization
VN_ADMIN_2025,VNA25-4F3BEE900D,GHN_ADMIN_2025,1004715,NORMALIZED_EXACT,APPROVED,exact-name:1:1:parent-scoped:safe-normalization
VN_ADMIN_2025,VNA25-4F483D8BB5,GHN_ADMIN_2025,1006132,NORMALIZED_TONE_PLACEMENT,APPROVED,offline-reviewed:1:1:parent-scoped:tone-placement
VN_ADMIN_2025,VNA25-4F53315D65,GHN_ADMIN_2025,1005004,NORMALIZED_EXACT,APPROVED,exact-name:1:1:parent-scoped:safe-normalization
VN_ADMIN_2025,VNA25-4F5A785F2A,GHN_ADMIN_2025,1005469,NORMALIZED_EXACT,APPROVED,exact-name:1:1:parent-scoped:safe-normalization
VN_ADMIN_2025,VNA25-4FA9A2FD08,GHN_ADMIN_2025,1005378,NORMALIZED_EXACT,APPROVED,exact-name:1:1:parent-scoped:safe-normalization
VN_ADMIN_2025,VNA25-4FE5B113FA,GHN_ADMIN_2025,1003932,NORMALIZED_EXACT,APPROVED,exact-name:1:1:parent-scoped:safe-normalization
VN_ADMIN_2025,VNA25-500A1E5791,GHN_ADMIN_2025,1003489,NORMALIZED_EXACT,APPROVED,exact-name:1:1:parent-scoped:safe-normalization
VN_ADMIN_2025,VNA25-500AADA775,GHN_ADMIN_2025,1003876,NORMALIZED_EXACT,APPROVED,exact-name:1:1:parent-scoped:safe-normalization
VN_ADMIN_2025,VNA25-502CB06F84,GHN_ADMIN_2025,1004916,NORMALIZED_EXACT,APPROVED,exact-name:1:1:parent-scoped:safe-normalization
VN_ADMIN_2025,VNA25-502E218660,GHN_ADMIN_2025,1004367,NORMALIZED_EXACT,APPROVED,exact-name:1:1:parent-scoped:safe-normalization
VN_ADMIN_2025,VNA25-5032368E5A,GHN_ADMIN_2025,1003982,NORMALIZED_TONE_PLACEMENT,APPROVED,offline-reviewed:1:1:parent-scoped:tone-placement
VN_ADMIN_2025,VNA25-503272943D,GHN_ADMIN_2025,1005765,NORMALIZED_EXACT,APPROVED,exact-name:1:1:parent-scoped:safe-normalization
VN_ADMIN_2025,VNA25-50446848B2,GHN_ADMIN_2025,1004483,NORMALIZED_EXACT,APPROVED,exact-name:1:1:parent-scoped:safe-normalization
VN_ADMIN_2025,VNA25-504E7D5DEF,GHN_ADMIN_2025,1005377,NORMALIZED_EXACT,APPROVED,exact-name:1:1:parent-scoped:safe-normalization
VN_ADMIN_2025,VNA25-506EED098E,GHN_ADMIN_2025,1005213,NORMALIZED_EXACT,APPROVED,exact-name:1:1:parent-scoped:safe-normalization
VN_ADMIN_2025,VNA25-50894E5DCC,GHN_ADMIN_2025,1003961,NORMALIZED_EXACT,APPROVED,exact-name:1:1:parent-scoped:safe-normalization
VN_ADMIN_2025,VNA25-5096752C18,GHN_ADMIN_2025,1004731,NORMALIZED_EXACT,APPROVED,exact-name:1:1:parent-scoped:safe-normalization
VN_ADMIN_2025,VNA25-50AC1C7E65,GHN_ADMIN_2025,1004556,NORMALIZED_EXACT,APPROVED,exact-name:1:1:parent-scoped:safe-normalization
VN_ADMIN_2025,VNA25-510870E438,GHN_ADMIN_2025,1005441,NORMALIZED_EXACT,APPROVED,exact-name:1:1:parent-scoped:safe-normalization
VN_ADMIN_2025,VNA25-511F909AC9,GHN_ADMIN_2025,1003796,NORMALIZED_EXACT,APPROVED,exact-name:1:1:parent-scoped:safe-normalization
VN_ADMIN_2025,VNA25-512110F877,GHN_ADMIN_2025,1003725,NORMALIZED_EXACT,APPROVED,exact-name:1:1:parent-scoped:safe-normalization
VN_ADMIN_2025,VNA25-514CD91022,GHN_ADMIN_2025,1006332,NORMALIZED_EXACT,APPROVED,exact-name:1:1:parent-scoped:safe-normalization
VN_ADMIN_2025,VNA25-515510F762,GHN_ADMIN_2025,1005532,NORMALIZED_EXACT,APPROVED,exact-name:1:1:parent-scoped:safe-normalization
VN_ADMIN_2025,VNA25-515AE34C19,GHN_ADMIN_2025,1005060,NORMALIZED_EXACT,APPROVED,exact-name:1:1:parent-scoped:safe-normalization
VN_ADMIN_2025,VNA25-5161891428,GHN_ADMIN_2025,1004220,NORMALIZED_EXACT,APPROVED,exact-name:1:1:parent-scoped:safe-normalization
VN_ADMIN_2025,VNA25-51729F2849,GHN_ADMIN_2025,1004564,NORMALIZED_EXACT,APPROVED,exact-name:1:1:parent-scoped:safe-normalization
VN_ADMIN_2025,VNA25-51855B8DC5,GHN_ADMIN_2025,1004089,NORMALIZED_EXACT,APPROVED,exact-name:1:1:parent-scoped:safe-normalization
VN_ADMIN_2025,VNA25-518EFD5CB5,GHN_ADMIN_2025,1005014,NORMALIZED_EXACT,APPROVED,exact-name:1:1:parent-scoped:safe-normalization
VN_ADMIN_2025,VNA25-518FA2F646,GHN_ADMIN_2025,1004227,NORMALIZED_EXACT,APPROVED,exact-name:1:1:parent-scoped:safe-normalization
VN_ADMIN_2025,VNA25-51CA6F2E70,GHN_ADMIN_2025,1003592,NORMALIZED_TONE_PLACEMENT,APPROVED,offline-reviewed:1:1:parent-scoped:tone-placement
VN_ADMIN_2025,VNA25-520D9C4A9F,GHN_ADMIN_2025,1004754,NORMALIZED_EXACT,APPROVED,exact-name:1:1:parent-scoped:safe-normalization
VN_ADMIN_2025,VNA25-521551CB69,GHN_ADMIN_2025,1004859,NORMALIZED_EXACT,APPROVED,exact-name:1:1:parent-scoped:safe-normalization
VN_ADMIN_2025,VNA25-521A2689A6,GHN_ADMIN_2025,1006240,NORMALIZED_EXACT,APPROVED,exact-name:1:1:parent-scoped:safe-normalization
VN_ADMIN_2025,VNA25-5231233F0B,GHN_ADMIN_2025,1004643,NORMALIZED_EXACT,APPROVED,exact-name:1:1:parent-scoped:safe-normalization
VN_ADMIN_2025,VNA25-524637F3B7,GHN_ADMIN_2025,1006401,NORMALIZED_EXACT,APPROVED,exact-name:1:1:parent-scoped:safe-normalization
VN_ADMIN_2025,VNA25-52595F2AE7,GHN_ADMIN_2025,1003851,NORMALIZED_EXACT,APPROVED,exact-name:1:1:parent-scoped:safe-normalization
VN_ADMIN_2025,VNA25-5268A5348F,GHN_ADMIN_2025,1006120,NORMALIZED_EXACT,APPROVED,exact-name:1:1:parent-scoped:safe-normalization
VN_ADMIN_2025,VNA25-526E1204FC,GHN_ADMIN_2025,1003395,NORMALIZED_EXACT,APPROVED,exact-name:1:1:parent-scoped:safe-normalization
VN_ADMIN_2025,VNA25-528893C6CD,GHN_ADMIN_2025,1004890,NORMALIZED_EXACT,APPROVED,exact-name:1:1:parent-scoped:safe-normalization
VN_ADMIN_2025,VNA25-52B2A09038,GHN_ADMIN_2025,1005085,NORMALIZED_EXACT,APPROVED,exact-name:1:1:parent-scoped:safe-normalization
VN_ADMIN_2025,VNA25-52D21C1EA8,GHN_ADMIN_2025,1006076,NORMALIZED_EXACT,APPROVED,exact-name:1:1:parent-scoped:safe-normalization
VN_ADMIN_2025,VNA25-52E2F58CFB,GHN_ADMIN_2025,1004993,NORMALIZED_EXACT,APPROVED,exact-name:1:1:parent-scoped:safe-normalization
VN_ADMIN_2025,VNA25-52E8246207,GHN_ADMIN_2025,1005793,NORMALIZED_EXACT,APPROVED,exact-name:1:1:parent-scoped:safe-normalization
VN_ADMIN_2025,VNA25-52EFA1D6EE,GHN_ADMIN_2025,1004085,NORMALIZED_EXACT,APPROVED,exact-name:1:1:parent-scoped:safe-normalization
VN_ADMIN_2025,VNA25-530493BDD8,GHN_ADMIN_2025,1003512,NORMALIZED_TONE_PLACEMENT,APPROVED,offline-reviewed:1:1:parent-scoped:tone-placement
VN_ADMIN_2025,VNA25-5318152440,GHN_ADMIN_2025,1004202,NORMALIZED_EXACT,APPROVED,exact-name:1:1:parent-scoped:safe-normalization
VN_ADMIN_2025,VNA25-533C4D4318,GHN_ADMIN_2025,1005126,NORMALIZED_EXACT,APPROVED,exact-name:1:1:parent-scoped:safe-normalization
VN_ADMIN_2025,VNA25-534F6C3E54,GHN_ADMIN_2025,1005412,NORMALIZED_EXACT,APPROVED,exact-name:1:1:parent-scoped:safe-normalization
VN_ADMIN_2025,VNA25-5385AD3D57,GHN_ADMIN_2025,1005062,NORMALIZED_EXACT,APPROVED,exact-name:1:1:parent-scoped:safe-normalization
VN_ADMIN_2025,VNA25-53953E7DCC,GHN_ADMIN_2025,1006655,NORMALIZED_EXACT,APPROVED,exact-name:1:1:parent-scoped:safe-normalization
VN_ADMIN_2025,VNA25-53E95A8D2E,GHN_ADMIN_2025,1005786,NORMALIZED_EXACT,APPROVED,exact-name:1:1:parent-scoped:safe-normalization
VN_ADMIN_2025,VNA25-5400BE1E22,GHN_ADMIN_2025,1004800,NORMALIZED_EXACT,APPROVED,exact-name:1:1:parent-scoped:safe-normalization
VN_ADMIN_2025,VNA25-540F1A8B29,GHN_ADMIN_2025,1005999,NORMALIZED_EXACT,APPROVED,exact-name:1:1:parent-scoped:safe-normalization
VN_ADMIN_2025,VNA25-541981980C,GHN_ADMIN_2025,1005169,NORMALIZED_EXACT,APPROVED,exact-name:1:1:parent-scoped:safe-normalization
VN_ADMIN_2025,VNA25-5451B1B3C3,GHN_ADMIN_2025,1005983,NORMALIZED_EXACT,APPROVED,exact-name:1:1:parent-scoped:safe-normalization
VN_ADMIN_2025,VNA25-545888F077,GHN_ADMIN_2025,1006590,NORMALIZED_EXACT,APPROVED,exact-name:1:1:parent-scoped:safe-normalization
VN_ADMIN_2025,VNA25-545CD011B3,GHN_ADMIN_2025,1004659,NORMALIZED_EXACT,APPROVED,exact-name:1:1:parent-scoped:safe-normalization
VN_ADMIN_2025,VNA25-547387949D,GHN_ADMIN_2025,1005653,NORMALIZED_EXACT,APPROVED,exact-name:1:1:parent-scoped:safe-normalization
VN_ADMIN_2025,VNA25-54906A9A71,GHN_ADMIN_2025,1003501,NORMALIZED_EXACT,APPROVED,exact-name:1:1:parent-scoped:safe-normalization
VN_ADMIN_2025,VNA25-549249F538,GHN_ADMIN_2025,1003450,NORMALIZED_EXACT,APPROVED,exact-name:1:1:parent-scoped:safe-normalization
VN_ADMIN_2025,VNA25-5494978D0B,GHN_ADMIN_2025,1006584,NORMALIZED_EXACT,APPROVED,exact-name:1:1:parent-scoped:safe-normalization
VN_ADMIN_2025,VNA25-549F36FCFC,GHN_ADMIN_2025,1004148,NORMALIZED_EXACT,APPROVED,exact-name:1:1:parent-scoped:safe-normalization
VN_ADMIN_2025,VNA25-54BC3AABE3,GHN_ADMIN_2025,1006137,NORMALIZED_EXACT,APPROVED,exact-name:1:1:parent-scoped:safe-normalization
VN_ADMIN_2025,VNA25-54BFDC968E,GHN_ADMIN_2025,1005594,NORMALIZED_EXACT,APPROVED,exact-name:1:1:parent-scoped:safe-normalization
VN_ADMIN_2025,VNA25-54D056A88B,GHN_ADMIN_2025,1006524,NORMALIZED_EXACT,APPROVED,exact-name:1:1:parent-scoped:safe-normalization
VN_ADMIN_2025,VNA25-54E4C0F6A6,GHN_ADMIN_2025,1003828,NORMALIZED_EXACT,APPROVED,exact-name:1:1:parent-scoped:safe-normalization
VN_ADMIN_2025,VNA25-551192B956,GHN_ADMIN_2025,1005054,NORMALIZED_EXACT,APPROVED,exact-name:1:1:parent-scoped:safe-normalization
VN_ADMIN_2025,VNA25-5511F88960,GHN_ADMIN_2025,1004205,NORMALIZED_EXACT,APPROVED,exact-name:1:1:parent-scoped:safe-normalization
VN_ADMIN_2025,VNA25-553282AF56,GHN_ADMIN_2025,1004274,NORMALIZED_EXACT,APPROVED,exact-name:1:1:parent-scoped:safe-normalization
VN_ADMIN_2025,VNA25-5539253872,GHN_ADMIN_2025,1005359,NORMALIZED_EXACT,APPROVED,exact-name:1:1:parent-scoped:safe-normalization
VN_ADMIN_2025,VNA25-5560768176,GHN_ADMIN_2025,1003418,NORMALIZED_EXACT,APPROVED,exact-name:1:1:parent-scoped:safe-normalization
VN_ADMIN_2025,VNA25-556EB4C764,GHN_ADMIN_2025,1003387,NORMALIZED_EXACT,APPROVED,exact-name:1:1:parent-scoped:safe-normalization
VN_ADMIN_2025,VNA25-557DCD43D6,GHN_ADMIN_2025,1004038,NORMALIZED_EXACT,APPROVED,exact-name:1:1:parent-scoped:safe-normalization
VN_ADMIN_2025,VNA25-55955F6B23,GHN_ADMIN_2025,1004567,NORMALIZED_EXACT,APPROVED,exact-name:1:1:parent-scoped:safe-normalization
VN_ADMIN_2025,VNA25-55C18760FC,GHN_ADMIN_2025,1005391,NORMALIZED_EXACT,APPROVED,exact-name:1:1:parent-scoped:safe-normalization
VN_ADMIN_2025,VNA25-55C1A76EEE,GHN_ADMIN_2025,1004458,NORMALIZED_EXACT,APPROVED,exact-name:1:1:parent-scoped:safe-normalization
VN_ADMIN_2025,VNA25-55D4CF6DC2,GHN_ADMIN_2025,1006671,NORMALIZED_EXACT,APPROVED,exact-name:1:1:parent-scoped:safe-normalization
VN_ADMIN_2025,VNA25-55DA9D80DF,GHN_ADMIN_2025,1005790,NORMALIZED_EXACT,APPROVED,exact-name:1:1:parent-scoped:safe-normalization
VN_ADMIN_2025,VNA25-55DFCC8DEA,GHN_ADMIN_2025,1003569,NORMALIZED_EXACT,APPROVED,exact-name:1:1:parent-scoped:safe-normalization
VN_ADMIN_2025,VNA25-560849DEE0,GHN_ADMIN_2025,1003509,NORMALIZED_TONE_PLACEMENT,APPROVED,offline-reviewed:1:1:parent-scoped:tone-placement
VN_ADMIN_2025,VNA25-560B804795,GHN_ADMIN_2025,1003758,NORMALIZED_EXACT,APPROVED,exact-name:1:1:parent-scoped:safe-normalization
VN_ADMIN_2025,VNA25-561B532F1F,GHN_ADMIN_2025,1005753,NORMALIZED_TONE_PLACEMENT,APPROVED,offline-reviewed:1:1:parent-scoped:tone-placement
VN_ADMIN_2025,VNA25-56542751E0,GHN_ADMIN_2025,1005201,NORMALIZED_TONE_PLACEMENT,APPROVED,offline-reviewed:1:1:parent-scoped:tone-placement
VN_ADMIN_2025,VNA25-5662EF4120,GHN_ADMIN_2025,1004252,NORMALIZED_EXACT,APPROVED,exact-name:1:1:parent-scoped:safe-normalization
VN_ADMIN_2025,VNA25-566720618D,GHN_ADMIN_2025,1003571,NORMALIZED_EXACT,APPROVED,exact-name:1:1:parent-scoped:safe-normalization
VN_ADMIN_2025,VNA25-5692C63710,GHN_ADMIN_2025,1006539,NORMALIZED_EXACT,APPROVED,exact-name:1:1:parent-scoped:safe-normalization
VN_ADMIN_2025,VNA25-56A7A4A089,GHN_ADMIN_2025,1004047,NORMALIZED_EXACT,APPROVED,exact-name:1:1:parent-scoped:safe-normalization
VN_ADMIN_2025,VNA25-56B057CB8F,GHN_ADMIN_2025,1005757,NORMALIZED_EXACT,APPROVED,exact-name:1:1:parent-scoped:safe-normalization
VN_ADMIN_2025,VNA25-56CEC64859,GHN_ADMIN_2025,1004814,NORMALIZED_EXACT,APPROVED,exact-name:1:1:parent-scoped:safe-normalization
VN_ADMIN_2025,VNA25-56F8CC5215,GHN_ADMIN_2025,1005041,NORMALIZED_EXACT,APPROVED,exact-name:1:1:parent-scoped:safe-normalization
VN_ADMIN_2025,VNA25-56FDB61C5F,GHN_ADMIN_2025,1006447,NORMALIZED_EXACT,APPROVED,exact-name:1:1:parent-scoped:safe-normalization
VN_ADMIN_2025,VNA25-57209CB294,GHN_ADMIN_2025,1006669,NORMALIZED_EXACT,APPROVED,exact-name:1:1:parent-scoped:safe-normalization
VN_ADMIN_2025,VNA25-573118F1B5,GHN_ADMIN_2025,1004647,NORMALIZED_EXACT,APPROVED,exact-name:1:1:parent-scoped:safe-normalization
VN_ADMIN_2025,VNA25-5740FCD4B6,GHN_ADMIN_2025,1006585,NORMALIZED_TONE_PLACEMENT,APPROVED,offline-reviewed:1:1:parent-scoped:tone-placement
VN_ADMIN_2025,VNA25-576D388008,GHN_ADMIN_2025,1005526,NORMALIZED_EXACT,APPROVED,exact-name:1:1:parent-scoped:safe-normalization
VN_ADMIN_2025,VNA25-57C586B93C,GHN_ADMIN_2025,1004311,NORMALIZED_EXACT,APPROVED,exact-name:1:1:parent-scoped:safe-normalization
VN_ADMIN_2025,VNA25-57C834B0ED,GHN_ADMIN_2025,1006582,NORMALIZED_EXACT,APPROVED,exact-name:1:1:parent-scoped:safe-normalization
VN_ADMIN_2025,VNA25-57C90D7A4E,GHN_ADMIN_2025,1004056,NORMALIZED_EXACT,APPROVED,exact-name:1:1:parent-scoped:safe-normalization
VN_ADMIN_2025,VNA25-57CF0E2758,GHN_ADMIN_2025,1005491,NORMALIZED_EXACT,APPROVED,exact-name:1:1:parent-scoped:safe-normalization
VN_ADMIN_2025,VNA25-5802009612,GHN_ADMIN_2025,1004188,NORMALIZED_EXACT,APPROVED,exact-name:1:1:parent-scoped:safe-normalization
VN_ADMIN_2025,VNA25-584B35BC62,GHN_ADMIN_2025,1005599,NORMALIZED_EXACT,APPROVED,exact-name:1:1:parent-scoped:safe-normalization
VN_ADMIN_2025,VNA25-5851E05850,GHN_ADMIN_2025,1004786,NORMALIZED_EXACT,APPROVED,exact-name:1:1:parent-scoped:safe-normalization
VN_ADMIN_2025,VNA25-585A2C194E,GHN_ADMIN_2025,1004823,NORMALIZED_EXACT,APPROVED,exact-name:1:1:parent-scoped:safe-normalization
VN_ADMIN_2025,VNA25-585A758DAC,GHN_ADMIN_2025,1004144,NORMALIZED_EXACT,APPROVED,exact-name:1:1:parent-scoped:safe-normalization
VN_ADMIN_2025,VNA25-587CB3BC20,GHN_ADMIN_2025,1005755,NORMALIZED_EXACT,APPROVED,exact-name:1:1:parent-scoped:safe-normalization
VN_ADMIN_2025,VNA25-58839E5B19,GHN_ADMIN_2025,1004895,NORMALIZED_EXACT,APPROVED,exact-name:1:1:parent-scoped:safe-normalization
VN_ADMIN_2025,VNA25-5887CAF903,GHN_ADMIN_2025,1006360,NORMALIZED_EXACT,APPROVED,exact-name:1:1:parent-scoped:safe-normalization
VN_ADMIN_2025,VNA25-58A6189B23,GHN_ADMIN_2025,1005336,NORMALIZED_EXACT,APPROVED,exact-name:1:1:parent-scoped:safe-normalization
VN_ADMIN_2025,VNA25-58BCDA5E7F,GHN_ADMIN_2025,1003520,NORMALIZED_EXACT,APPROVED,exact-name:1:1:parent-scoped:safe-normalization
VN_ADMIN_2025,VNA25-58CA1369E6,GHN_ADMIN_2025,1005437,NORMALIZED_EXACT,APPROVED,exact-name:1:1:parent-scoped:safe-normalization
VN_ADMIN_2025,VNA25-58D3531BE3,GHN_ADMIN_2025,1005604,NORMALIZED_EXACT,APPROVED,exact-name:1:1:parent-scoped:safe-normalization
VN_ADMIN_2025,VNA25-58E60F1F10,GHN_ADMIN_2025,1004062,NORMALIZED_EXACT,APPROVED,exact-name:1:1:parent-scoped:safe-normalization
VN_ADMIN_2025,VNA25-590F1F2258,GHN_ADMIN_2025,1004465,NORMALIZED_EXACT,APPROVED,exact-name:1:1:parent-scoped:safe-normalization
VN_ADMIN_2025,VNA25-59195E78AA,GHN_ADMIN_2025,1005642,NORMALIZED_EXACT,APPROVED,exact-name:1:1:parent-scoped:safe-normalization
VN_ADMIN_2025,VNA25-593222EF1A,GHN_ADMIN_2025,1003358,NORMALIZED_EXACT,APPROVED,exact-name:1:1:parent-scoped:safe-normalization
VN_ADMIN_2025,VNA25-594A0AF0ED,GHN_ADMIN_2025,1006492,NORMALIZED_EXACT,APPROVED,exact-name:1:1:parent-scoped:safe-normalization
VN_ADMIN_2025,VNA25-594BDD8D50,GHN_ADMIN_2025,1003643,NORMALIZED_EXACT,APPROVED,exact-name:1:1:parent-scoped:safe-normalization
VN_ADMIN_2025,VNA25-594ED0F1F7,GHN_ADMIN_2025,1005234,NORMALIZED_EXACT,APPROVED,exact-name:1:1:parent-scoped:safe-normalization
VN_ADMIN_2025,VNA25-5981BA4006,GHN_ADMIN_2025,1004112,NORMALIZED_EXACT,APPROVED,exact-name:1:1:parent-scoped:safe-normalization
VN_ADMIN_2025,VNA25-5985E0E02B,GHN_ADMIN_2025,1006403,NORMALIZED_EXACT,APPROVED,exact-name:1:1:parent-scoped:safe-normalization
VN_ADMIN_2025,VNA25-59BAE0B0BB,GHN_ADMIN_2025,1006217,NORMALIZED_EXACT,APPROVED,exact-name:1:1:parent-scoped:safe-normalization
VN_ADMIN_2025,VNA25-59C61FC257,GHN_ADMIN_2025,1006517,NORMALIZED_EXACT,APPROVED,exact-name:1:1:parent-scoped:safe-normalization
VN_ADMIN_2025,VNA25-59C8B32967,GHN_ADMIN_2025,1005260,NORMALIZED_EXACT,APPROVED,exact-name:1:1:parent-scoped:safe-normalization
VN_ADMIN_2025,VNA25-59DC0DC6A9,GHN_ADMIN_2025,1004121,NORMALIZED_EXACT,APPROVED,exact-name:1:1:parent-scoped:safe-normalization
VN_ADMIN_2025,VNA25-59E596C48C,GHN_ADMIN_2025,1005819,NORMALIZED_EXACT,APPROVED,exact-name:1:1:parent-scoped:safe-normalization
VN_ADMIN_2025,VNA25-59F989C505,GHN_ADMIN_2025,1004207,NORMALIZED_EXACT,APPROVED,exact-name:1:1:parent-scoped:safe-normalization
VN_ADMIN_2025,VNA25-5A0151A6C1,GHN_ADMIN_2025,1004005,NORMALIZED_EXACT,APPROVED,exact-name:1:1:parent-scoped:safe-normalization
VN_ADMIN_2025,VNA25-5A31AB26E3,GHN_ADMIN_2025,1004697,NORMALIZED_EXACT,APPROVED,exact-name:1:1:parent-scoped:safe-normalization
VN_ADMIN_2025,VNA25-5A45B40FA8,GHN_ADMIN_2025,1006015,NORMALIZED_EXACT,APPROVED,exact-name:1:1:parent-scoped:safe-normalization
VN_ADMIN_2025,VNA25-5A480BEDE7,GHN_ADMIN_2025,1004016,NORMALIZED_EXACT,APPROVED,exact-name:1:1:parent-scoped:safe-normalization
VN_ADMIN_2025,VNA25-5A51A442B0,GHN_ADMIN_2025,1005229,NORMALIZED_EXACT,APPROVED,exact-name:1:1:parent-scoped:safe-normalization
VN_ADMIN_2025,VNA25-5A666E6D4C,GHN_ADMIN_2025,1005602,NORMALIZED_EXACT,APPROVED,exact-name:1:1:parent-scoped:safe-normalization
VN_ADMIN_2025,VNA25-5A736CA210,GHN_ADMIN_2025,1004170,NORMALIZED_EXACT,APPROVED,exact-name:1:1:parent-scoped:safe-normalization
VN_ADMIN_2025,VNA25-5A83E2B09B,GHN_ADMIN_2025,1003789,NORMALIZED_EXACT,APPROVED,exact-name:1:1:parent-scoped:safe-normalization
VN_ADMIN_2025,VNA25-5A8E2510FD,GHN_ADMIN_2025,1006327,NORMALIZED_EXACT,APPROVED,exact-name:1:1:parent-scoped:safe-normalization
VN_ADMIN_2025,VNA25-5A91C47DC0,GHN_ADMIN_2025,1006541,NORMALIZED_EXACT,APPROVED,exact-name:1:1:parent-scoped:safe-normalization
VN_ADMIN_2025,VNA25-5AA4245CDD,GHN_ADMIN_2025,1003986,NORMALIZED_EXACT,APPROVED,exact-name:1:1:parent-scoped:safe-normalization
VN_ADMIN_2025,VNA25-5ABC403606,GHN_ADMIN_2025,1005773,NORMALIZED_EXACT,APPROVED,exact-name:1:1:parent-scoped:safe-normalization
VN_ADMIN_2025,VNA25-5ABDC9EFDD,GHN_ADMIN_2025,1003464,NORMALIZED_EXACT,APPROVED,exact-name:1:1:parent-scoped:safe-normalization
VN_ADMIN_2025,VNA25-5AC82D0986,GHN_ADMIN_2025,1004720,NORMALIZED_EXACT,APPROVED,exact-name:1:1:parent-scoped:safe-normalization
VN_ADMIN_2025,VNA25-5AC8AE1856,GHN_ADMIN_2025,1004078,NORMALIZED_EXACT,APPROVED,exact-name:1:1:parent-scoped:safe-normalization
VN_ADMIN_2025,VNA25-5AD0272153,GHN_ADMIN_2025,1006117,NORMALIZED_EXACT,APPROVED,exact-name:1:1:parent-scoped:safe-normalization
VN_ADMIN_2025,VNA25-5AEB95B0D5,GHN_ADMIN_2025,1003632,NORMALIZED_EXACT,APPROVED,exact-name:1:1:parent-scoped:safe-normalization
VN_ADMIN_2025,VNA25-5AF03C8B48,GHN_ADMIN_2025,1005716,NORMALIZED_EXACT,APPROVED,exact-name:1:1:parent-scoped:safe-normalization
VN_ADMIN_2025,VNA25-5AF2F42E94,GHN_ADMIN_2025,1004974,NORMALIZED_EXACT,APPROVED,exact-name:1:1:parent-scoped:safe-normalization
VN_ADMIN_2025,VNA25-5AFF5BDB37,GHN_ADMIN_2025,1005432,NORMALIZED_EXACT,APPROVED,exact-name:1:1:parent-scoped:safe-normalization
VN_ADMIN_2025,VNA25-5B1C1E8029,GHN_ADMIN_2025,1003660,NORMALIZED_EXACT,APPROVED,exact-name:1:1:parent-scoped:safe-normalization
VN_ADMIN_2025,VNA25-5B2278440C,GHN_ADMIN_2025,1005980,NORMALIZED_EXACT,APPROVED,exact-name:1:1:parent-scoped:safe-normalization
VN_ADMIN_2025,VNA25-5B22960C20,GHN_ADMIN_2025,1006523,NORMALIZED_EXACT,APPROVED,exact-name:1:1:parent-scoped:safe-normalization
VN_ADMIN_2025,VNA25-5B6CB61D10,GHN_ADMIN_2025,1005343,NORMALIZED_EXACT,APPROVED,exact-name:1:1:parent-scoped:safe-normalization
VN_ADMIN_2025,VNA25-5B7F877BBB,GHN_ADMIN_2025,1004799,NORMALIZED_EXACT,APPROVED,exact-name:1:1:parent-scoped:safe-normalization
VN_ADMIN_2025,VNA25-5B9031A293,GHN_ADMIN_2025,1004904,NORMALIZED_EXACT,APPROVED,exact-name:1:1:parent-scoped:safe-normalization
VN_ADMIN_2025,VNA25-5BD8C689EF,GHN_ADMIN_2025,1005828,NORMALIZED_EXACT,APPROVED,exact-name:1:1:parent-scoped:safe-normalization
VN_ADMIN_2025,VNA25-5BDF916D24,GHN_ADMIN_2025,1005099,NORMALIZED_EXACT,APPROVED,exact-name:1:1:parent-scoped:safe-normalization
VN_ADMIN_2025,VNA25-5BEE045F6C,GHN_ADMIN_2025,1004882,NORMALIZED_EXACT,APPROVED,exact-name:1:1:parent-scoped:safe-normalization
VN_ADMIN_2025,VNA25-5C065480B6,GHN_ADMIN_2025,1004952,NORMALIZED_EXACT,APPROVED,exact-name:1:1:parent-scoped:safe-normalization
VN_ADMIN_2025,VNA25-5C0CADE36F,GHN_ADMIN_2025,1005341,NORMALIZED_EXACT,APPROVED,exact-name:1:1:parent-scoped:safe-normalization
VN_ADMIN_2025,VNA25-5C0E7517C0,GHN_ADMIN_2025,1005256,NORMALIZED_EXACT,APPROVED,exact-name:1:1:parent-scoped:safe-normalization
VN_ADMIN_2025,VNA25-5C234BA455,GHN_ADMIN_2025,1004165,NORMALIZED_EXACT,APPROVED,exact-name:1:1:parent-scoped:safe-normalization
VN_ADMIN_2025,VNA25-5C2A3E541B,GHN_ADMIN_2025,1006420,NORMALIZED_TONE_PLACEMENT,APPROVED,offline-reviewed:1:1:parent-scoped:tone-placement
VN_ADMIN_2025,VNA25-5C37B39157,GHN_ADMIN_2025,1003682,NORMALIZED_EXACT,APPROVED,exact-name:1:1:parent-scoped:safe-normalization
VN_ADMIN_2025,VNA25-5C40C7CD13,GHN_ADMIN_2025,1006578,NORMALIZED_TONE_PLACEMENT,APPROVED,offline-reviewed:1:1:parent-scoped:tone-placement
VN_ADMIN_2025,VNA25-5C533495D1,GHN_ADMIN_2025,1005318,NORMALIZED_EXACT,APPROVED,exact-name:1:1:parent-scoped:safe-normalization
VN_ADMIN_2025,VNA25-5C5B83E682,GHN_ADMIN_2025,1003877,NORMALIZED_EXACT,APPROVED,exact-name:1:1:parent-scoped:safe-normalization
VN_ADMIN_2025,VNA25-5C5FE1353C,GHN_ADMIN_2025,1004808,NORMALIZED_EXACT,APPROVED,exact-name:1:1:parent-scoped:safe-normalization
VN_ADMIN_2025,VNA25-5C649497B6,GHN_ADMIN_2025,1005154,NORMALIZED_EXACT,APPROVED,exact-name:1:1:parent-scoped:safe-normalization
VN_ADMIN_2025,VNA25-5C726DC012,GHN_ADMIN_2025,1004958,NORMALIZED_EXACT,APPROVED,exact-name:1:1:parent-scoped:safe-normalization
VN_ADMIN_2025,VNA25-5C78EAD514,GHN_ADMIN_2025,1005470,NORMALIZED_EXACT,APPROVED,exact-name:1:1:parent-scoped:safe-normalization
VN_ADMIN_2025,VNA25-5C8AEF4CCB,GHN_ADMIN_2025,1005740,NORMALIZED_EXACT,APPROVED,exact-name:1:1:parent-scoped:safe-normalization
VN_ADMIN_2025,VNA25-5C8E8ECA6A,GHN_ADMIN_2025,1005535,NORMALIZED_EXACT,APPROVED,exact-name:1:1:parent-scoped:safe-normalization
VN_ADMIN_2025,VNA25-5C955D7FF8,GHN_ADMIN_2025,1004644,NORMALIZED_EXACT,APPROVED,exact-name:1:1:parent-scoped:safe-normalization
VN_ADMIN_2025,VNA25-5CA62CAFAB,GHN_ADMIN_2025,1004445,NORMALIZED_EXACT,APPROVED,exact-name:1:1:parent-scoped:safe-normalization
VN_ADMIN_2025,VNA25-5CA9F6E1F1,GHN_ADMIN_2025,1005605,NORMALIZED_EXACT,APPROVED,exact-name:1:1:parent-scoped:safe-normalization
VN_ADMIN_2025,VNA25-5CAC2B743E,GHN_ADMIN_2025,1005160,NORMALIZED_EXACT,APPROVED,exact-name:1:1:parent-scoped:safe-normalization
VN_ADMIN_2025,VNA25-5CAFF10F9D,GHN_ADMIN_2025,1003517,NORMALIZED_EXACT,APPROVED,exact-name:1:1:parent-scoped:safe-normalization
VN_ADMIN_2025,VNA25-5CB09080E7,GHN_ADMIN_2025,1005579,NORMALIZED_EXACT,APPROVED,exact-name:1:1:parent-scoped:safe-normalization
VN_ADMIN_2025,VNA25-5CC706B8BC,GHN_ADMIN_2025,1004154,NORMALIZED_EXACT,APPROVED,exact-name:1:1:parent-scoped:safe-normalization
VN_ADMIN_2025,VNA25-5CD237C613,GHN_ADMIN_2025,1003819,NORMALIZED_EXACT,APPROVED,exact-name:1:1:parent-scoped:safe-normalization
VN_ADMIN_2025,VNA25-5CD9469CAB,GHN_ADMIN_2025,1004577,NORMALIZED_EXACT,APPROVED,exact-name:1:1:parent-scoped:safe-normalization
VN_ADMIN_2025,VNA25-5CDF159060,GHN_ADMIN_2025,1005277,NORMALIZED_EXACT,APPROVED,exact-name:1:1:parent-scoped:safe-normalization
VN_ADMIN_2025,VNA25-5CE107443E,GHN_ADMIN_2025,1003437,NORMALIZED_EXACT,APPROVED,exact-name:1:1:parent-scoped:safe-normalization
VN_ADMIN_2025,VNA25-5CE55EC9D8,GHN_ADMIN_2025,1005541,NORMALIZED_EXACT,APPROVED,exact-name:1:1:parent-scoped:safe-normalization
VN_ADMIN_2025,VNA25-5CFF3ECF48,GHN_ADMIN_2025,1004321,NORMALIZED_EXACT,APPROVED,exact-name:1:1:parent-scoped:safe-normalization
VN_ADMIN_2025,VNA25-5D12BF578B,GHN_ADMIN_2025,1005313,NORMALIZED_EXACT,APPROVED,exact-name:1:1:parent-scoped:safe-normalization
VN_ADMIN_2025,VNA25-5D24ED4EDD,GHN_ADMIN_2025,1004152,NORMALIZED_EXACT,APPROVED,exact-name:1:1:parent-scoped:safe-normalization
VN_ADMIN_2025,VNA25-5D30CAD8EB,GHN_ADMIN_2025,1004146,NORMALIZED_EXACT,APPROVED,exact-name:1:1:parent-scoped:safe-normalization
VN_ADMIN_2025,VNA25-5D335C3970,GHN_ADMIN_2025,1004109,NORMALIZED_EXACT,APPROVED,exact-name:1:1:parent-scoped:safe-normalization
VN_ADMIN_2025,VNA25-5D53FDDCD6,GHN_ADMIN_2025,1005574,NORMALIZED_EXACT,APPROVED,exact-name:1:1:parent-scoped:safe-normalization
VN_ADMIN_2025,VNA25-5D585EF644,GHN_ADMIN_2025,1003944,NORMALIZED_EXACT,APPROVED,exact-name:1:1:parent-scoped:safe-normalization
VN_ADMIN_2025,VNA25-5D62E196FE,GHN_ADMIN_2025,1005725,NORMALIZED_EXACT,APPROVED,exact-name:1:1:parent-scoped:safe-normalization
VN_ADMIN_2025,VNA25-5D6570C096,GHN_ADMIN_2025,1003782,NORMALIZED_EXACT,APPROVED,exact-name:1:1:parent-scoped:safe-normalization
VN_ADMIN_2025,VNA25-5D70D4A922,GHN_ADMIN_2025,1005703,NORMALIZED_EXACT,APPROVED,exact-name:1:1:parent-scoped:safe-normalization
VN_ADMIN_2025,VNA25-5D7A5ACD8D,GHN_ADMIN_2025,1004594,NORMALIZED_EXACT,APPROVED,exact-name:1:1:parent-scoped:safe-normalization
VN_ADMIN_2025,VNA25-5D80EA4152,GHN_ADMIN_2025,1003968,NORMALIZED_EXACT,APPROVED,exact-name:1:1:parent-scoped:safe-normalization
VN_ADMIN_2025,VNA25-5D86B335B6,GHN_ADMIN_2025,1004169,NORMALIZED_EXACT,APPROVED,exact-name:1:1:parent-scoped:safe-normalization
VN_ADMIN_2025,VNA25-5D9C625DA8,GHN_ADMIN_2025,1006148,NORMALIZED_EXACT,APPROVED,exact-name:1:1:parent-scoped:safe-normalization
VN_ADMIN_2025,VNA25-5DDF649693,GHN_ADMIN_2025,1004431,NORMALIZED_EXACT,APPROVED,exact-name:1:1:parent-scoped:safe-normalization
VN_ADMIN_2025,VNA25-5DEADDFC3C,GHN_ADMIN_2025,1004598,NORMALIZED_EXACT,APPROVED,exact-name:1:1:parent-scoped:safe-normalization
VN_ADMIN_2025,VNA25-5E1F4C47BD,GHN_ADMIN_2025,1006429,NORMALIZED_EXACT,APPROVED,exact-name:1:1:parent-scoped:safe-normalization
VN_ADMIN_2025,VNA25-5E2593D2BF,GHN_ADMIN_2025,1005184,NORMALIZED_EXACT,APPROVED,exact-name:1:1:parent-scoped:safe-normalization
VN_ADMIN_2025,VNA25-5E2DCA570D,GHN_ADMIN_2025,1003364,NORMALIZED_EXACT,APPROVED,exact-name:1:1:parent-scoped:safe-normalization
VN_ADMIN_2025,VNA25-5E37530F34,GHN_ADMIN_2025,1003865,NORMALIZED_EXACT,APPROVED,exact-name:1:1:parent-scoped:safe-normalization
VN_ADMIN_2025,VNA25-5E3CF9CFAE,GHN_ADMIN_2025,1004563,NORMALIZED_EXACT,APPROVED,exact-name:1:1:parent-scoped:safe-normalization
VN_ADMIN_2025,VNA25-5E6CAB33D6,GHN_ADMIN_2025,1003741,NORMALIZED_EXACT,APPROVED,exact-name:1:1:parent-scoped:safe-normalization
VN_ADMIN_2025,VNA25-5E6CB5FDB4,GHN_ADMIN_2025,1004127,NORMALIZED_EXACT,APPROVED,exact-name:1:1:parent-scoped:safe-normalization
VN_ADMIN_2025,VNA25-5E7485BE17,GHN_ADMIN_2025,1005307,NORMALIZED_EXACT,APPROVED,exact-name:1:1:parent-scoped:safe-normalization
VN_ADMIN_2025,VNA25-5E85B3412B,GHN_ADMIN_2025,1006654,NORMALIZED_EXACT,APPROVED,exact-name:1:1:parent-scoped:safe-normalization
VN_ADMIN_2025,VNA25-5E8F71A25B,GHN_ADMIN_2025,1006010,NORMALIZED_EXACT,APPROVED,exact-name:1:1:parent-scoped:safe-normalization
VN_ADMIN_2025,VNA25-5E906F5A1F,GHN_ADMIN_2025,1006390,NORMALIZED_EXACT,APPROVED,exact-name:1:1:parent-scoped:safe-normalization
VN_ADMIN_2025,VNA25-5EE457EDB8,GHN_ADMIN_2025,1005867,NORMALIZED_EXACT,APPROVED,exact-name:1:1:parent-scoped:safe-normalization
VN_ADMIN_2025,VNA25-5EF06484FC,GHN_ADMIN_2025,1005921,NORMALIZED_EXACT,APPROVED,exact-name:1:1:parent-scoped:safe-normalization
VN_ADMIN_2025,VNA25-5F128B25A6,GHN_ADMIN_2025,1005047,NORMALIZED_EXACT,APPROVED,exact-name:1:1:parent-scoped:safe-normalization
VN_ADMIN_2025,VNA25-5F7BF8BF12,GHN_ADMIN_2025,1006020,NORMALIZED_EXACT,APPROVED,exact-name:1:1:parent-scoped:safe-normalization
VN_ADMIN_2025,VNA25-5F8742131D,GHN_ADMIN_2025,1003357,NORMALIZED_EXACT,APPROVED,exact-name:1:1:parent-scoped:safe-normalization
VN_ADMIN_2025,VNA25-5F90AC69DB,GHN_ADMIN_2025,1006472,NORMALIZED_EXACT,APPROVED,exact-name:1:1:parent-scoped:safe-normalization
VN_ADMIN_2025,VNA25-5FA760A2A8,GHN_ADMIN_2025,1004384,NORMALIZED_EXACT,APPROVED,exact-name:1:1:parent-scoped:safe-normalization
VN_ADMIN_2025,VNA25-5FD55485DD,GHN_ADMIN_2025,1005434,NORMALIZED_EXACT,APPROVED,exact-name:1:1:parent-scoped:safe-normalization
VN_ADMIN_2025,VNA25-5FE1DBB446,GHN_ADMIN_2025,1006561,NORMALIZED_EXACT,APPROVED,exact-name:1:1:parent-scoped:safe-normalization
VN_ADMIN_2025,VNA25-6007495F53,GHN_ADMIN_2025,1006609,NORMALIZED_EXACT,APPROVED,exact-name:1:1:parent-scoped:safe-normalization
VN_ADMIN_2025,VNA25-60196578C1,GHN_ADMIN_2025,1003871,NORMALIZED_EXACT,APPROVED,exact-name:1:1:parent-scoped:safe-normalization
VN_ADMIN_2025,VNA25-601FCE8347,GHN_ADMIN_2025,1006013,NORMALIZED_EXACT,APPROVED,exact-name:1:1:parent-scoped:safe-normalization
VN_ADMIN_2025,VNA25-6029A6C297,GHN_ADMIN_2025,1005897,NORMALIZED_EXACT,APPROVED,exact-name:1:1:parent-scoped:safe-normalization
VN_ADMIN_2025,VNA25-6045669138,GHN_ADMIN_2025,1003954,NORMALIZED_EXACT,APPROVED,exact-name:1:1:parent-scoped:safe-normalization
VN_ADMIN_2025,VNA25-60588A0472,GHN_ADMIN_2025,1003804,NORMALIZED_TONE_PLACEMENT,APPROVED,offline-reviewed:1:1:parent-scoped:tone-placement
VN_ADMIN_2025,VNA25-609E921900,GHN_ADMIN_2025,1003962,NORMALIZED_EXACT,APPROVED,exact-name:1:1:parent-scoped:safe-normalization
VN_ADMIN_2025,VNA25-60A992AD60,GHN_ADMIN_2025,1004537,NORMALIZED_EXACT,APPROVED,exact-name:1:1:parent-scoped:safe-normalization
VN_ADMIN_2025,VNA25-60C46268EF,GHN_ADMIN_2025,1003857,NORMALIZED_EXACT,APPROVED,exact-name:1:1:parent-scoped:safe-normalization
VN_ADMIN_2025,VNA25-60DC20AFE1,GHN_ADMIN_2025,1004671,NORMALIZED_EXACT,APPROVED,exact-name:1:1:parent-scoped:safe-normalization
VN_ADMIN_2025,VNA25-6127DA5923,GHN_ADMIN_2025,1006009,NORMALIZED_EXACT,APPROVED,exact-name:1:1:parent-scoped:safe-normalization
VN_ADMIN_2025,VNA25-612B70633E,GHN_ADMIN_2025,1006209,NORMALIZED_EXACT,APPROVED,exact-name:1:1:parent-scoped:safe-normalization
VN_ADMIN_2025,VNA25-612E3CF18B,GHN_ADMIN_2025,1005940,NORMALIZED_EXACT,APPROVED,exact-name:1:1:parent-scoped:safe-normalization
VN_ADMIN_2025,VNA25-61AFFFE39B,GHN_ADMIN_2025,1005110,NORMALIZED_EXACT,APPROVED,exact-name:1:1:parent-scoped:safe-normalization
VN_ADMIN_2025,VNA25-61B39F9ABE,GHN_ADMIN_2025,1006608,NORMALIZED_EXACT,APPROVED,exact-name:1:1:parent-scoped:safe-normalization
VN_ADMIN_2025,VNA25-61BA05E2DD,GHN_ADMIN_2025,1005424,NORMALIZED_EXACT,APPROVED,exact-name:1:1:parent-scoped:safe-normalization
VN_ADMIN_2025,VNA25-61E3F15BBA,GHN_ADMIN_2025,1006255,NORMALIZED_EXACT,APPROVED,exact-name:1:1:parent-scoped:safe-normalization
VN_ADMIN_2025,VNA25-61E475DBF4,GHN_ADMIN_2025,1004835,NORMALIZED_EXACT,APPROVED,exact-name:1:1:parent-scoped:safe-normalization
VN_ADMIN_2025,VNA25-62024B1BE7,GHN_ADMIN_2025,1003843,NORMALIZED_EXACT,APPROVED,exact-name:1:1:parent-scoped:safe-normalization
VN_ADMIN_2025,VNA25-6220CB7CCB,GHN_ADMIN_2025,1005606,NORMALIZED_EXACT,APPROVED,exact-name:1:1:parent-scoped:safe-normalization
VN_ADMIN_2025,VNA25-6246229592,GHN_ADMIN_2025,1003487,NORMALIZED_EXACT,APPROVED,exact-name:1:1:parent-scoped:safe-normalization
VN_ADMIN_2025,VNA25-625F2E6C89,GHN_ADMIN_2025,1003551,NORMALIZED_EXACT,APPROVED,exact-name:1:1:parent-scoped:safe-normalization
VN_ADMIN_2025,VNA25-62735A51FA,GHN_ADMIN_2025,1004039,NORMALIZED_EXACT,APPROVED,exact-name:1:1:parent-scoped:safe-normalization
VN_ADMIN_2025,VNA25-62865F0811,GHN_ADMIN_2025,1004975,NORMALIZED_EXACT,APPROVED,exact-name:1:1:parent-scoped:safe-normalization
VN_ADMIN_2025,VNA25-62AE5E152D,GHN_ADMIN_2025,1004612,NORMALIZED_EXACT,APPROVED,exact-name:1:1:parent-scoped:safe-normalization
VN_ADMIN_2025,VNA25-62C7ABDC41,GHN_ADMIN_2025,1004166,NORMALIZED_EXACT,APPROVED,exact-name:1:1:parent-scoped:safe-normalization
VN_ADMIN_2025,VNA25-62D968DF88,GHN_ADMIN_2025,1004706,NORMALIZED_EXACT,APPROVED,exact-name:1:1:parent-scoped:safe-normalization
VN_ADMIN_2025,VNA25-62E58849CA,GHN_ADMIN_2025,1003907,NORMALIZED_EXACT,APPROVED,exact-name:1:1:parent-scoped:safe-normalization
VN_ADMIN_2025,VNA25-62ECF61169,GHN_ADMIN_2025,1006138,NORMALIZED_EXACT,APPROVED,exact-name:1:1:parent-scoped:safe-normalization
VN_ADMIN_2025,VNA25-62EFBB3B4A,GHN_ADMIN_2025,1003646,NORMALIZED_EXACT,APPROVED,exact-name:1:1:parent-scoped:safe-normalization
VN_ADMIN_2025,VNA25-62F1D1A8C6,GHN_ADMIN_2025,1004586,NORMALIZED_EXACT,APPROVED,exact-name:1:1:parent-scoped:safe-normalization
VN_ADMIN_2025,VNA25-62F221D282,GHN_ADMIN_2025,1006424,NORMALIZED_EXACT,APPROVED,exact-name:1:1:parent-scoped:safe-normalization
VN_ADMIN_2025,VNA25-62F90F8B19,GHN_ADMIN_2025,1003825,NORMALIZED_EXACT,APPROVED,exact-name:1:1:parent-scoped:safe-normalization
VN_ADMIN_2025,VNA25-62FC0DA86D,GHN_ADMIN_2025,1006519,NORMALIZED_EXACT,APPROVED,exact-name:1:1:parent-scoped:safe-normalization
VN_ADMIN_2025,VNA25-630F2E46BD,GHN_ADMIN_2025,1004162,NORMALIZED_EXACT,APPROVED,exact-name:1:1:parent-scoped:safe-normalization
VN_ADMIN_2025,VNA25-6315BA288F,GHN_ADMIN_2025,1005635,NORMALIZED_EXACT,APPROVED,exact-name:1:1:parent-scoped:safe-normalization
VN_ADMIN_2025,VNA25-6326539561,GHN_ADMIN_2025,1003683,NORMALIZED_EXACT,APPROVED,exact-name:1:1:parent-scoped:safe-normalization
VN_ADMIN_2025,VNA25-634B71840B,GHN_ADMIN_2025,1004848,NORMALIZED_EXACT,APPROVED,exact-name:1:1:parent-scoped:safe-normalization
VN_ADMIN_2025,VNA25-63510141C4,GHN_ADMIN_2025,1004286,NORMALIZED_EXACT,APPROVED,exact-name:1:1:parent-scoped:safe-normalization
VN_ADMIN_2025,VNA25-6373C1E5A9,GHN_ADMIN_2025,1005570,NORMALIZED_EXACT,APPROVED,exact-name:1:1:parent-scoped:safe-normalization
VN_ADMIN_2025,VNA25-6390721A88,GHN_ADMIN_2025,1006307,NORMALIZED_EXACT,APPROVED,exact-name:1:1:parent-scoped:safe-normalization
VN_ADMIN_2025,VNA25-63E1AE3F82,GHN_ADMIN_2025,1004429,NORMALIZED_EXACT,APPROVED,exact-name:1:1:parent-scoped:safe-normalization
VN_ADMIN_2025,VNA25-63E9EA71F4,GHN_ADMIN_2025,1004824,NORMALIZED_EXACT,APPROVED,exact-name:1:1:parent-scoped:safe-normalization
VN_ADMIN_2025,VNA25-63F78542B1,GHN_ADMIN_2025,1003573,NORMALIZED_EXACT,APPROVED,exact-name:1:1:parent-scoped:safe-normalization
VN_ADMIN_2025,VNA25-643627E7B3,GHN_ADMIN_2025,1004475,NORMALIZED_EXACT,APPROVED,exact-name:1:1:parent-scoped:safe-normalization
VN_ADMIN_2025,VNA25-644134B966,GHN_ADMIN_2025,1005678,NORMALIZED_EXACT,APPROVED,exact-name:1:1:parent-scoped:safe-normalization
VN_ADMIN_2025,VNA25-644725F703,GHN_ADMIN_2025,1004967,NORMALIZED_EXACT,APPROVED,exact-name:1:1:parent-scoped:safe-normalization
VN_ADMIN_2025,VNA25-644D25AA18,GHN_ADMIN_2025,1004579,NORMALIZED_EXACT,APPROVED,exact-name:1:1:parent-scoped:safe-normalization
VN_ADMIN_2025,VNA25-645641CA52,GHN_ADMIN_2025,1005195,NORMALIZED_EXACT,APPROVED,exact-name:1:1:parent-scoped:safe-normalization
VN_ADMIN_2025,VNA25-646B5FB50E,GHN_ADMIN_2025,1005707,NORMALIZED_EXACT,APPROVED,exact-name:1:1:parent-scoped:safe-normalization
VN_ADMIN_2025,VNA25-646DACD743,GHN_ADMIN_2025,1006387,NORMALIZED_EXACT,APPROVED,exact-name:1:1:parent-scoped:safe-normalization
VN_ADMIN_2025,VNA25-64718B9D6E,GHN_ADMIN_2025,1004722,NORMALIZED_EXACT,APPROVED,exact-name:1:1:parent-scoped:safe-normalization
VN_ADMIN_2025,VNA25-6493FF5900,GHN_ADMIN_2025,1004420,NORMALIZED_EXACT,APPROVED,exact-name:1:1:parent-scoped:safe-normalization
VN_ADMIN_2025,VNA25-64B673ACD4,GHN_ADMIN_2025,1005838,NORMALIZED_TONE_PLACEMENT,APPROVED,offline-reviewed:1:1:parent-scoped:tone-placement
VN_ADMIN_2025,VNA25-64B7FF7403,GHN_ADMIN_2025,1005826,NORMALIZED_EXACT,APPROVED,exact-name:1:1:parent-scoped:safe-normalization
VN_ADMIN_2025,VNA25-64E4AB3668,GHN_ADMIN_2025,1005626,NORMALIZED_EXACT,APPROVED,exact-name:1:1:parent-scoped:safe-normalization
VN_ADMIN_2025,VNA25-650BF869F5,GHN_ADMIN_2025,1003486,NORMALIZED_EXACT,APPROVED,exact-name:1:1:parent-scoped:safe-normalization
VN_ADMIN_2025,VNA25-651204F1F8,GHN_ADMIN_2025,1003935,NORMALIZED_EXACT,APPROVED,exact-name:1:1:parent-scoped:safe-normalization
VN_ADMIN_2025,VNA25-651273B52D,GHN_ADMIN_2025,1005731,NORMALIZED_EXACT,APPROVED,exact-name:1:1:parent-scoped:safe-normalization
VN_ADMIN_2025,VNA25-652D690C01,GHN_ADMIN_2025,1005744,NORMALIZED_EXACT,APPROVED,exact-name:1:1:parent-scoped:safe-normalization
VN_ADMIN_2025,VNA25-652F29D8E3,GHN_ADMIN_2025,1004687,NORMALIZED_EXACT,APPROVED,exact-name:1:1:parent-scoped:safe-normalization
VN_ADMIN_2025,VNA25-6556585A18,GHN_ADMIN_2025,1006550,NORMALIZED_EXACT,APPROVED,exact-name:1:1:parent-scoped:safe-normalization
VN_ADMIN_2025,VNA25-6561267821,GHN_ADMIN_2025,1003578,NORMALIZED_EXACT,APPROVED,exact-name:1:1:parent-scoped:safe-normalization
VN_ADMIN_2025,VNA25-656F3CB9BF,GHN_ADMIN_2025,1004760,NORMALIZED_EXACT,APPROVED,exact-name:1:1:parent-scoped:safe-normalization
VN_ADMIN_2025,VNA25-658EC263A2,GHN_ADMIN_2025,1005818,NORMALIZED_EXACT,APPROVED,exact-name:1:1:parent-scoped:safe-normalization
VN_ADMIN_2025,VNA25-65D63F5802,GHN_ADMIN_2025,1006287,NORMALIZED_EXACT,APPROVED,exact-name:1:1:parent-scoped:safe-normalization
VN_ADMIN_2025,VNA25-6607C37F17,GHN_ADMIN_2025,1004521,NORMALIZED_EXACT,APPROVED,exact-name:1:1:parent-scoped:safe-normalization
VN_ADMIN_2025,VNA25-660B81F2E2,GHN_ADMIN_2025,1004807,NORMALIZED_EXACT,APPROVED,exact-name:1:1:parent-scoped:safe-normalization
VN_ADMIN_2025,VNA25-6611978598,GHN_ADMIN_2025,1003810,NORMALIZED_TONE_PLACEMENT,APPROVED,offline-reviewed:1:1:parent-scoped:tone-placement
VN_ADMIN_2025,VNA25-662ADF52B7,GHN_ADMIN_2025,1005640,NORMALIZED_EXACT,APPROVED,exact-name:1:1:parent-scoped:safe-normalization
VN_ADMIN_2025,VNA25-664DEEF067,GHN_ADMIN_2025,1005253,NORMALIZED_EXACT,APPROVED,exact-name:1:1:parent-scoped:safe-normalization
VN_ADMIN_2025,VNA25-664F8E85FE,GHN_ADMIN_2025,1004873,NORMALIZED_EXACT,APPROVED,exact-name:1:1:parent-scoped:safe-normalization
VN_ADMIN_2025,VNA25-667E27FE05,GHN_ADMIN_2025,1004261,NORMALIZED_EXACT,APPROVED,exact-name:1:1:parent-scoped:safe-normalization
VN_ADMIN_2025,VNA25-6696EC467C,GHN_ADMIN_2025,1005800,NORMALIZED_EXACT,APPROVED,exact-name:1:1:parent-scoped:safe-normalization
VN_ADMIN_2025,VNA25-66B4A5A89B,GHN_ADMIN_2025,1004087,NORMALIZED_EXACT,APPROVED,exact-name:1:1:parent-scoped:safe-normalization
VN_ADMIN_2025,VNA25-66D1977B33,GHN_ADMIN_2025,1004319,NORMALIZED_EXACT,APPROVED,exact-name:1:1:parent-scoped:safe-normalization
VN_ADMIN_2025,VNA25-66DE6395AA,GHN_ADMIN_2025,1005092,NORMALIZED_EXACT,APPROVED,exact-name:1:1:parent-scoped:safe-normalization
VN_ADMIN_2025,VNA25-66EA6C25EE,GHN_ADMIN_2025,1003924,NORMALIZED_EXACT,APPROVED,exact-name:1:1:parent-scoped:safe-normalization
VN_ADMIN_2025,VNA25-66F7CADD03,GHN_ADMIN_2025,1005457,NORMALIZED_EXACT,APPROVED,exact-name:1:1:parent-scoped:safe-normalization
VN_ADMIN_2025,VNA25-672746FBEE,GHN_ADMIN_2025,1005549,NORMALIZED_EXACT,APPROVED,exact-name:1:1:parent-scoped:safe-normalization
VN_ADMIN_2025,VNA25-6732E0B3B1,GHN_ADMIN_2025,1005487,NORMALIZED_EXACT,APPROVED,exact-name:1:1:parent-scoped:safe-normalization
VN_ADMIN_2025,VNA25-67344E1CC0,GHN_ADMIN_2025,1003688,NORMALIZED_EXACT,APPROVED,exact-name:1:1:parent-scoped:safe-normalization
VN_ADMIN_2025,VNA25-6779CCBE6A,GHN_ADMIN_2025,1004281,NORMALIZED_EXACT,APPROVED,exact-name:1:1:parent-scoped:safe-normalization
VN_ADMIN_2025,VNA25-677E45CCA4,GHN_ADMIN_2025,1005005,NORMALIZED_EXACT,APPROVED,exact-name:1:1:parent-scoped:safe-normalization
VN_ADMIN_2025,VNA25-678361FE67,GHN_ADMIN_2025,1005903,NORMALIZED_EXACT,APPROVED,exact-name:1:1:parent-scoped:safe-normalization
VN_ADMIN_2025,VNA25-678A2FC556,GHN_ADMIN_2025,1005429,NORMALIZED_EXACT,APPROVED,exact-name:1:1:parent-scoped:safe-normalization
VN_ADMIN_2025,VNA25-6794BBFCE1,GHN_ADMIN_2025,1005701,NORMALIZED_EXACT,APPROVED,exact-name:1:1:parent-scoped:safe-normalization
VN_ADMIN_2025,VNA25-67AD10EC70,GHN_ADMIN_2025,1004407,NORMALIZED_EXACT,APPROVED,exact-name:1:1:parent-scoped:safe-normalization
VN_ADMIN_2025,VNA25-67D182DFAE,GHN_ADMIN_2025,1004779,NORMALIZED_EXACT,APPROVED,exact-name:1:1:parent-scoped:safe-normalization
VN_ADMIN_2025,VNA25-67EAEFC18B,GHN_ADMIN_2025,1005969,NORMALIZED_EXACT,APPROVED,exact-name:1:1:parent-scoped:safe-normalization
VN_ADMIN_2025,VNA25-6811806E9D,GHN_ADMIN_2025,1004216,NORMALIZED_EXACT,APPROVED,exact-name:1:1:parent-scoped:safe-normalization
VN_ADMIN_2025,VNA25-681B4D12CD,GHN_ADMIN_2025,1003989,NORMALIZED_EXACT,APPROVED,exact-name:1:1:parent-scoped:safe-normalization
VN_ADMIN_2025,VNA25-68228B2425,GHN_ADMIN_2025,1006001,NORMALIZED_EXACT,APPROVED,exact-name:1:1:parent-scoped:safe-normalization
VN_ADMIN_2025,VNA25-6830E7BAC5,GHN_ADMIN_2025,1004663,NORMALIZED_EXACT,APPROVED,exact-name:1:1:parent-scoped:safe-normalization
VN_ADMIN_2025,VNA25-683619BBFB,GHN_ADMIN_2025,1004972,NORMALIZED_EXACT,APPROVED,exact-name:1:1:parent-scoped:safe-normalization
VN_ADMIN_2025,VNA25-6857AA8A4D,GHN_ADMIN_2025,1005784,NORMALIZED_EXACT,APPROVED,exact-name:1:1:parent-scoped:safe-normalization
VN_ADMIN_2025,VNA25-685E6D1858,GHN_ADMIN_2025,1004405,NORMALIZED_EXACT,APPROVED,exact-name:1:1:parent-scoped:safe-normalization
VN_ADMIN_2025,VNA25-68A088379B,GHN_ADMIN_2025,1005196,NORMALIZED_EXACT,APPROVED,exact-name:1:1:parent-scoped:safe-normalization
VN_ADMIN_2025,VNA25-68AFA96CDA,GHN_ADMIN_2025,1006408,NORMALIZED_EXACT,APPROVED,exact-name:1:1:parent-scoped:safe-normalization
VN_ADMIN_2025,VNA25-68B69487A4,GHN_ADMIN_2025,1006247,NORMALIZED_EXACT,APPROVED,exact-name:1:1:parent-scoped:safe-normalization
VN_ADMIN_2025,VNA25-68E3D86159,GHN_ADMIN_2025,1004232,NORMALIZED_EXACT,APPROVED,exact-name:1:1:parent-scoped:safe-normalization
VN_ADMIN_2025,VNA25-68EC79754D,GHN_ADMIN_2025,1004987,NORMALIZED_EXACT,APPROVED,exact-name:1:1:parent-scoped:safe-normalization
VN_ADMIN_2025,VNA25-6915EDA54C,GHN_ADMIN_2025,1005357,NORMALIZED_EXACT,APPROVED,exact-name:1:1:parent-scoped:safe-normalization
VN_ADMIN_2025,VNA25-693AC02BF3,GHN_ADMIN_2025,1003402,NORMALIZED_EXACT,APPROVED,exact-name:1:1:parent-scoped:safe-normalization
VN_ADMIN_2025,VNA25-69608FAA7E,GHN_ADMIN_2025,1004026,NORMALIZED_EXACT,APPROVED,exact-name:1:1:parent-scoped:safe-normalization
VN_ADMIN_2025,VNA25-6961E0344E,GHN_ADMIN_2025,1006276,NORMALIZED_EXACT,APPROVED,exact-name:1:1:parent-scoped:safe-normalization
VN_ADMIN_2025,VNA25-6965B7A379,GHN_ADMIN_2025,1006094,NORMALIZED_EXACT,APPROVED,exact-name:1:1:parent-scoped:safe-normalization
VN_ADMIN_2025,VNA25-69749ED759,GHN_ADMIN_2025,1004933,NORMALIZED_EXACT,APPROVED,exact-name:1:1:parent-scoped:safe-normalization
VN_ADMIN_2025,VNA25-698405B2BB,GHN_ADMIN_2025,1005563,NORMALIZED_EXACT,APPROVED,exact-name:1:1:parent-scoped:safe-normalization
VN_ADMIN_2025,VNA25-6997AA27CD,GHN_ADMIN_2025,1003694,NORMALIZED_EXACT,APPROVED,exact-name:1:1:parent-scoped:safe-normalization
VN_ADMIN_2025,VNA25-69C6636E6E,GHN_ADMIN_2025,1003451,NORMALIZED_EXACT,APPROVED,exact-name:1:1:parent-scoped:safe-normalization
VN_ADMIN_2025,VNA25-69C91DF2D7,GHN_ADMIN_2025,1005051,NORMALIZED_EXACT,APPROVED,exact-name:1:1:parent-scoped:safe-normalization
VN_ADMIN_2025,VNA25-69CB0C15E0,GHN_ADMIN_2025,1006244,NORMALIZED_TONE_PLACEMENT,APPROVED,offline-reviewed:1:1:parent-scoped:tone-placement
VN_ADMIN_2025,VNA25-69D47BDDA8,GHN_ADMIN_2025,1004461,NORMALIZED_EXACT,APPROVED,exact-name:1:1:parent-scoped:safe-normalization
VN_ADMIN_2025,VNA25-69D743AAB7,GHN_ADMIN_2025,1004467,NORMALIZED_EXACT,APPROVED,exact-name:1:1:parent-scoped:safe-normalization
VN_ADMIN_2025,VNA25-69E39755A3,GHN_ADMIN_2025,1005069,NORMALIZED_EXACT,APPROVED,exact-name:1:1:parent-scoped:safe-normalization
VN_ADMIN_2025,VNA25-69F2AA94CE,GHN_ADMIN_2025,1006368,NORMALIZED_EXACT,APPROVED,exact-name:1:1:parent-scoped:safe-normalization
VN_ADMIN_2025,VNA25-6A06B7AC64,GHN_ADMIN_2025,1003424,NORMALIZED_EXACT,APPROVED,exact-name:1:1:parent-scoped:safe-normalization
VN_ADMIN_2025,VNA25-6A28CB7A27,GHN_ADMIN_2025,1006042,NORMALIZED_EXACT,APPROVED,exact-name:1:1:parent-scoped:safe-normalization
VN_ADMIN_2025,VNA25-6A2CA5CF44,GHN_ADMIN_2025,1003845,NORMALIZED_EXACT,APPROVED,exact-name:1:1:parent-scoped:safe-normalization
VN_ADMIN_2025,VNA25-6A323DD049,GHN_ADMIN_2025,1005774,NORMALIZED_EXACT,APPROVED,exact-name:1:1:parent-scoped:safe-normalization
VN_ADMIN_2025,VNA25-6A40AB703A,GHN_ADMIN_2025,1005264,NORMALIZED_EXACT,APPROVED,exact-name:1:1:parent-scoped:safe-normalization
VN_ADMIN_2025,VNA25-6A4D05C768,GHN_ADMIN_2025,1003867,NORMALIZED_EXACT,APPROVED,exact-name:1:1:parent-scoped:safe-normalization
VN_ADMIN_2025,VNA25-6A56A7423E,GHN_ADMIN_2025,1005592,NORMALIZED_EXACT,APPROVED,exact-name:1:1:parent-scoped:safe-normalization
VN_ADMIN_2025,VNA25-6A570E853D,GHN_ADMIN_2025,1004262,NORMALIZED_EXACT,APPROVED,exact-name:1:1:parent-scoped:safe-normalization
VN_ADMIN_2025,VNA25-6A6435A45F,GHN_ADMIN_2025,1005211,NORMALIZED_EXACT,APPROVED,exact-name:1:1:parent-scoped:safe-normalization
VN_ADMIN_2025,VNA25-6A6F1CA1F6,GHN_ADMIN_2025,1004139,NORMALIZED_EXACT,APPROVED,exact-name:1:1:parent-scoped:safe-normalization
VN_ADMIN_2025,VNA25-6A72C35A48,GHN_ADMIN_2025,1005353,NORMALIZED_EXACT,APPROVED,exact-name:1:1:parent-scoped:safe-normalization
VN_ADMIN_2025,VNA25-6A89C20B62,GHN_ADMIN_2025,1003852,NORMALIZED_EXACT,APPROVED,exact-name:1:1:parent-scoped:safe-normalization
VN_ADMIN_2025,VNA25-6A9D71951B,GHN_ADMIN_2025,1005752,NORMALIZED_EXACT,APPROVED,exact-name:1:1:parent-scoped:safe-normalization
VN_ADMIN_2025,VNA25-6AD555CBF5,GHN_ADMIN_2025,1006058,NORMALIZED_EXACT,APPROVED,exact-name:1:1:parent-scoped:safe-normalization
VN_ADMIN_2025,VNA25-6AD878CAD2,GHN_ADMIN_2025,1005331,NORMALIZED_EXACT,APPROVED,exact-name:1:1:parent-scoped:safe-normalization
VN_ADMIN_2025,VNA25-6AE1408B57,GHN_ADMIN_2025,1003672,NORMALIZED_EXACT,APPROVED,exact-name:1:1:parent-scoped:safe-normalization
VN_ADMIN_2025,VNA25-6AEDD4FB36,GHN_ADMIN_2025,1004568,NORMALIZED_EXACT,APPROVED,exact-name:1:1:parent-scoped:safe-normalization
VN_ADMIN_2025,VNA25-6B07014B0A,GHN_ADMIN_2025,1003433,NORMALIZED_EXACT,APPROVED,exact-name:1:1:parent-scoped:safe-normalization
VN_ADMIN_2025,VNA25-6B131961B1,GHN_ADMIN_2025,1005205,NORMALIZED_EXACT,APPROVED,exact-name:1:1:parent-scoped:safe-normalization
VN_ADMIN_2025,VNA25-6B16C802CB,GHN_ADMIN_2025,1006557,NORMALIZED_EXACT,APPROVED,exact-name:1:1:parent-scoped:safe-normalization
VN_ADMIN_2025,VNA25-6B16ECC434,GHN_ADMIN_2025,1005024,NORMALIZED_EXACT,APPROVED,exact-name:1:1:parent-scoped:safe-normalization
VN_ADMIN_2025,VNA25-6B34BD3251,GHN_ADMIN_2025,1006483,NORMALIZED_EXACT,APPROVED,exact-name:1:1:parent-scoped:safe-normalization
VN_ADMIN_2025,VNA25-6B534EB012,GHN_ADMIN_2025,1005417,NORMALIZED_EXACT,APPROVED,exact-name:1:1:parent-scoped:safe-normalization
VN_ADMIN_2025,VNA25-6B7BA51BD8,GHN_ADMIN_2025,1004684,NORMALIZED_EXACT,APPROVED,exact-name:1:1:parent-scoped:safe-normalization
VN_ADMIN_2025,VNA25-6BAF623462,GHN_ADMIN_2025,1005952,NORMALIZED_EXACT,APPROVED,exact-name:1:1:parent-scoped:safe-normalization
VN_ADMIN_2025,VNA25-6BD4706C49,GHN_ADMIN_2025,1003715,NORMALIZED_EXACT,APPROVED,exact-name:1:1:parent-scoped:safe-normalization
VN_ADMIN_2025,VNA25-6BD885EE84,GHN_ADMIN_2025,1003692,NORMALIZED_EXACT,APPROVED,exact-name:1:1:parent-scoped:safe-normalization
VN_ADMIN_2025,VNA25-6BE2B84D20,GHN_ADMIN_2025,1004228,NORMALIZED_EXACT,APPROVED,exact-name:1:1:parent-scoped:safe-normalization
VN_ADMIN_2025,VNA25-6BE8DEE561,GHN_ADMIN_2025,1006451,NORMALIZED_EXACT,APPROVED,exact-name:1:1:parent-scoped:safe-normalization
VN_ADMIN_2025,VNA25-6C1C9FE2D9,GHN_ADMIN_2025,1005449,NORMALIZED_EXACT,APPROVED,exact-name:1:1:parent-scoped:safe-normalization
VN_ADMIN_2025,VNA25-6C3A0E2446,GHN_ADMIN_2025,1004209,NORMALIZED_EXACT,APPROVED,exact-name:1:1:parent-scoped:safe-normalization
VN_ADMIN_2025,VNA25-6C5916601B,GHN_ADMIN_2025,1005807,NORMALIZED_EXACT,APPROVED,exact-name:1:1:parent-scoped:safe-normalization
VN_ADMIN_2025,VNA25-6C72C5FB1F,GHN_ADMIN_2025,1003790,NORMALIZED_EXACT,APPROVED,exact-name:1:1:parent-scoped:safe-normalization
VN_ADMIN_2025,VNA25-6C875872F3,GHN_ADMIN_2025,1006357,NORMALIZED_EXACT,APPROVED,exact-name:1:1:parent-scoped:safe-normalization
VN_ADMIN_2025,VNA25-6C92140F95,GHN_ADMIN_2025,1003623,NORMALIZED_EXACT,APPROVED,exact-name:1:1:parent-scoped:safe-normalization
VN_ADMIN_2025,VNA25-6C9B8DB077,GHN_ADMIN_2025,1006427,NORMALIZED_EXACT,APPROVED,exact-name:1:1:parent-scoped:safe-normalization
VN_ADMIN_2025,VNA25-6C9D936517,GHN_ADMIN_2025,1004639,NORMALIZED_EXACT,APPROVED,exact-name:1:1:parent-scoped:safe-normalization
VN_ADMIN_2025,VNA25-6CCA6D4B5A,GHN_ADMIN_2025,1006553,NORMALIZED_EXACT,APPROVED,exact-name:1:1:parent-scoped:safe-normalization
VN_ADMIN_2025,VNA25-6CCA953AF9,GHN_ADMIN_2025,1004768,NORMALIZED_EXACT,APPROVED,exact-name:1:1:parent-scoped:safe-normalization
VN_ADMIN_2025,VNA25-6D177BA1F8,GHN_ADMIN_2025,1005322,NORMALIZED_EXACT,APPROVED,exact-name:1:1:parent-scoped:safe-normalization
VN_ADMIN_2025,VNA25-6D18AD6F6C,GHN_ADMIN_2025,1005559,NORMALIZED_EXACT,APPROVED,exact-name:1:1:parent-scoped:safe-normalization
VN_ADMIN_2025,VNA25-6D1A2B3CAC,GHN_ADMIN_2025,1005207,NORMALIZED_EXACT,APPROVED,exact-name:1:1:parent-scoped:safe-normalization
VN_ADMIN_2025,VNA25-6D2A361449,GHN_ADMIN_2025,1003981,NORMALIZED_EXACT,APPROVED,exact-name:1:1:parent-scoped:safe-normalization
VN_ADMIN_2025,VNA25-6D31B5B74A,GHN_ADMIN_2025,1005338,NORMALIZED_EXACT,APPROVED,exact-name:1:1:parent-scoped:safe-normalization
VN_ADMIN_2025,VNA25-6D4AED16FA,GHN_ADMIN_2025,1003945,NORMALIZED_EXACT,APPROVED,exact-name:1:1:parent-scoped:safe-normalization
VN_ADMIN_2025,VNA25-6D590D7DEB,GHN_ADMIN_2025,1004030,NORMALIZED_EXACT,APPROVED,exact-name:1:1:parent-scoped:safe-normalization
VN_ADMIN_2025,VNA25-6D5F13A975,GHN_ADMIN_2025,1004690,NORMALIZED_EXACT,APPROVED,exact-name:1:1:parent-scoped:safe-normalization
VN_ADMIN_2025,VNA25-6D6D2A9F28,GHN_ADMIN_2025,1004596,NORMALIZED_EXACT,APPROVED,exact-name:1:1:parent-scoped:safe-normalization
VN_ADMIN_2025,VNA25-6D719EF4C5,GHN_ADMIN_2025,1003434,NORMALIZED_EXACT,APPROVED,exact-name:1:1:parent-scoped:safe-normalization
VN_ADMIN_2025,VNA25-6D7AFC320A,GHN_ADMIN_2025,1006537,NORMALIZED_EXACT,APPROVED,exact-name:1:1:parent-scoped:safe-normalization
VN_ADMIN_2025,VNA25-6D810EE46D,GHN_ADMIN_2025,1003849,NORMALIZED_EXACT,APPROVED,exact-name:1:1:parent-scoped:safe-normalization
VN_ADMIN_2025,VNA25-6DAF14774C,GHN_ADMIN_2025,1005502,NORMALIZED_EXACT,APPROVED,exact-name:1:1:parent-scoped:safe-normalization
VN_ADMIN_2025,VNA25-6DD1EB0269,GHN_ADMIN_2025,1004962,NORMALIZED_EXACT,APPROVED,exact-name:1:1:parent-scoped:safe-normalization
VN_ADMIN_2025,VNA25-6DDC8F53E9,GHN_ADMIN_2025,1003721,NORMALIZED_EXACT,APPROVED,exact-name:1:1:parent-scoped:safe-normalization
VN_ADMIN_2025,VNA25-6DDD621B55,GHN_ADMIN_2025,1005284,NORMALIZED_EXACT,APPROVED,exact-name:1:1:parent-scoped:safe-normalization
VN_ADMIN_2025,VNA25-6DE0AF2F29,GHN_ADMIN_2025,1004680,NORMALIZED_EXACT,APPROVED,exact-name:1:1:parent-scoped:safe-normalization
VN_ADMIN_2025,VNA25-6E0A7896A0,GHN_ADMIN_2025,1006510,NORMALIZED_EXACT,APPROVED,exact-name:1:1:parent-scoped:safe-normalization
VN_ADMIN_2025,VNA25-6E2434CF8C,GHN_ADMIN_2025,1005681,NORMALIZED_SPACING_DASH,APPROVED,offline-reviewed:1:1:parent-scoped:spacing-dash
VN_ADMIN_2025,VNA25-6E2DEAA0CF,GHN_ADMIN_2025,1003504,NORMALIZED_EXACT,APPROVED,exact-name:1:1:parent-scoped:safe-normalization
VN_ADMIN_2025,VNA25-6E37008CC5,GHN_ADMIN_2025,1006334,NORMALIZED_EXACT,APPROVED,exact-name:1:1:parent-scoped:safe-normalization
VN_ADMIN_2025,VNA25-6E55F6C7C7,GHN_ADMIN_2025,1004603,NORMALIZED_EXACT,APPROVED,exact-name:1:1:parent-scoped:safe-normalization
VN_ADMIN_2025,VNA25-6E5DD4BECE,GHN_ADMIN_2025,1003536,NORMALIZED_EXACT,APPROVED,exact-name:1:1:parent-scoped:safe-normalization
VN_ADMIN_2025,VNA25-6E676B60E6,GHN_ADMIN_2025,1006630,NORMALIZED_EXACT,APPROVED,exact-name:1:1:parent-scoped:safe-normalization
VN_ADMIN_2025,VNA25-6E7E755AFD,GHN_ADMIN_2025,1004569,NORMALIZED_EXACT,APPROVED,exact-name:1:1:parent-scoped:safe-normalization
VN_ADMIN_2025,VNA25-6EA40FB8AE,GHN_ADMIN_2025,1003561,NORMALIZED_TONE_PLACEMENT,APPROVED,offline-reviewed:1:1:parent-scoped:tone-placement
VN_ADMIN_2025,VNA25-6EF0BDB23D,GHN_ADMIN_2025,1003803,NORMALIZED_TONE_PLACEMENT,APPROVED,offline-reviewed:1:1:parent-scoped:tone-placement
VN_ADMIN_2025,VNA25-6F1500C43E,GHN_ADMIN_2025,1004918,NORMALIZED_EXACT,APPROVED,exact-name:1:1:parent-scoped:safe-normalization
VN_ADMIN_2025,VNA25-6F158D3DDB,GHN_ADMIN_2025,1006444,NORMALIZED_EXACT,APPROVED,exact-name:1:1:parent-scoped:safe-normalization
VN_ADMIN_2025,VNA25-6F1E351356,GHN_ADMIN_2025,1003856,NORMALIZED_EXACT,APPROVED,exact-name:1:1:parent-scoped:safe-normalization
VN_ADMIN_2025,VNA25-6F3CBFEBEB,GHN_ADMIN_2025,1004416,NORMALIZED_EXACT,APPROVED,exact-name:1:1:parent-scoped:safe-normalization
VN_ADMIN_2025,VNA25-6F3D1421C1,GHN_ADMIN_2025,1004747,NORMALIZED_EXACT,APPROVED,exact-name:1:1:parent-scoped:safe-normalization
VN_ADMIN_2025,VNA25-6F40A48A3C,GHN_ADMIN_2025,1005898,NORMALIZED_EXACT,APPROVED,exact-name:1:1:parent-scoped:safe-normalization
VN_ADMIN_2025,VNA25-6F47BE39A5,GHN_ADMIN_2025,1004376,NORMALIZED_EXACT,APPROVED,exact-name:1:1:parent-scoped:safe-normalization
VN_ADMIN_2025,VNA25-6F5C34F0BF,GHN_ADMIN_2025,1006214,NORMALIZED_TONE_PLACEMENT,APPROVED,offline-reviewed:1:1:parent-scoped:tone-placement
VN_ADMIN_2025,VNA25-6F8061E9C4,GHN_ADMIN_2025,1006355,NORMALIZED_EXACT,APPROVED,exact-name:1:1:parent-scoped:safe-normalization
VN_ADMIN_2025,VNA25-6FA197DB7D,GHN_ADMIN_2025,1004196,NORMALIZED_EXACT,APPROVED,exact-name:1:1:parent-scoped:safe-normalization
VN_ADMIN_2025,VNA25-6FA1B6FC7B,GHN_ADMIN_2025,1005966,NORMALIZED_EXACT,APPROVED,exact-name:1:1:parent-scoped:safe-normalization
VN_ADMIN_2025,VNA25-6FC1DEE51C,GHN_ADMIN_2025,1006173,NORMALIZED_EXACT,APPROVED,exact-name:1:1:parent-scoped:safe-normalization
VN_ADMIN_2025,VNA25-6FC8A8ADD8,GHN_ADMIN_2025,1004174,NORMALIZED_EXACT,APPROVED,exact-name:1:1:parent-scoped:safe-normalization
VN_ADMIN_2025,VNA25-6FDAB9B7A5,GHN_ADMIN_2025,1003491,NORMALIZED_EXACT,APPROVED,exact-name:1:1:parent-scoped:safe-normalization
VN_ADMIN_2025,VNA25-6FDB41DEB3,GHN_ADMIN_2025,1004430,NORMALIZED_EXACT,APPROVED,exact-name:1:1:parent-scoped:safe-normalization
VN_ADMIN_2025,VNA25-6FE72A2274,GHN_ADMIN_2025,1003729,NORMALIZED_EXACT,APPROVED,exact-name:1:1:parent-scoped:safe-normalization
VN_ADMIN_2025,VNA25-6FF49BF98E,GHN_ADMIN_2025,1004874,NORMALIZED_EXACT,APPROVED,exact-name:1:1:parent-scoped:safe-normalization
VN_ADMIN_2025,VNA25-702B49DBAD,GHN_ADMIN_2025,1005619,NORMALIZED_EXACT,APPROVED,exact-name:1:1:parent-scoped:safe-normalization
VN_ADMIN_2025,VNA25-7094ED31CB,GHN_ADMIN_2025,1006134,NORMALIZED_EXACT,APPROVED,exact-name:1:1:parent-scoped:safe-normalization
VN_ADMIN_2025,VNA25-70A082B866,GHN_ADMIN_2025,1004517,NORMALIZED_EXACT,APPROVED,exact-name:1:1:parent-scoped:safe-normalization
VN_ADMIN_2025,VNA25-70A4A110EB,GHN_ADMIN_2025,1005878,NORMALIZED_TONE_PLACEMENT,APPROVED,offline-reviewed:1:1:parent-scoped:tone-placement
VN_ADMIN_2025,VNA25-70AEF924DB,GHN_ADMIN_2025,1006409,NORMALIZED_EXACT,APPROVED,exact-name:1:1:parent-scoped:safe-normalization
VN_ADMIN_2025,VNA25-70C8EBC28E,GHN_ADMIN_2025,1005351,NORMALIZED_EXACT,APPROVED,exact-name:1:1:parent-scoped:safe-normalization
VN_ADMIN_2025,VNA25-70CE8C4382,GHN_ADMIN_2025,1003743,NORMALIZED_EXACT,APPROVED,exact-name:1:1:parent-scoped:safe-normalization
VN_ADMIN_2025,VNA25-70D04B51A2,GHN_ADMIN_2025,1006181,NORMALIZED_EXACT,APPROVED,exact-name:1:1:parent-scoped:safe-normalization
VN_ADMIN_2025,VNA25-710711ED01,GHN_ADMIN_2025,1003595,NORMALIZED_EXACT,APPROVED,exact-name:1:1:parent-scoped:safe-normalization
VN_ADMIN_2025,VNA25-7155956E44,GHN_ADMIN_2025,1004801,NORMALIZED_EXACT,APPROVED,exact-name:1:1:parent-scoped:safe-normalization
VN_ADMIN_2025,VNA25-71592760B6,GHN_ADMIN_2025,1004381,NORMALIZED_EXACT,APPROVED,exact-name:1:1:parent-scoped:safe-normalization
VN_ADMIN_2025,VNA25-715FFCD3BE,GHN_ADMIN_2025,1005127,NORMALIZED_EXACT,APPROVED,exact-name:1:1:parent-scoped:safe-normalization
VN_ADMIN_2025,VNA25-716EA7E44B,GHN_ADMIN_2025,1006668,NORMALIZED_EXACT,APPROVED,exact-name:1:1:parent-scoped:safe-normalization
VN_ADMIN_2025,VNA25-71816DACB3,GHN_ADMIN_2025,1006592,NORMALIZED_EXACT,APPROVED,exact-name:1:1:parent-scoped:safe-normalization
VN_ADMIN_2025,VNA25-718E35D1C0,GHN_ADMIN_2025,1004866,NORMALIZED_EXACT,APPROVED,exact-name:1:1:parent-scoped:safe-normalization
VN_ADMIN_2025,VNA25-719369A6FD,GHN_ADMIN_2025,1005088,NORMALIZED_EXACT,APPROVED,exact-name:1:1:parent-scoped:safe-normalization
VN_ADMIN_2025,VNA25-719528738F,GHN_ADMIN_2025,1005922,NORMALIZED_EXACT,APPROVED,exact-name:1:1:parent-scoped:safe-normalization
VN_ADMIN_2025,VNA25-719C6EE594,GHN_ADMIN_2025,1003498,NORMALIZED_EXACT,APPROVED,exact-name:1:1:parent-scoped:safe-normalization
VN_ADMIN_2025,VNA25-71A804BA94,GHN_ADMIN_2025,1003522,NORMALIZED_TONE_PLACEMENT,APPROVED,offline-reviewed:1:1:parent-scoped:tone-placement
VN_ADMIN_2025,VNA25-71AF8FB150,GHN_ADMIN_2025,1006059,NORMALIZED_EXACT,APPROVED,exact-name:1:1:parent-scoped:safe-normalization
VN_ADMIN_2025,VNA25-71DE349315,GHN_ADMIN_2025,1004370,NORMALIZED_EXACT,APPROVED,exact-name:1:1:parent-scoped:safe-normalization
VN_ADMIN_2025,VNA25-71ED4C4F06,GHN_ADMIN_2025,1005153,NORMALIZED_EXACT,APPROVED,exact-name:1:1:parent-scoped:safe-normalization
VN_ADMIN_2025,VNA25-720D5B26B1,GHN_ADMIN_2025,1006583,NORMALIZED_TONE_PLACEMENT,APPROVED,offline-reviewed:1:1:parent-scoped:tone-placement
VN_ADMIN_2025,VNA25-722416E7F7,GHN_ADMIN_2025,1003392,NORMALIZED_EXACT,APPROVED,exact-name:1:1:parent-scoped:safe-normalization
VN_ADMIN_2025,VNA25-723B65A2F8,GHN_ADMIN_2025,1004482,NORMALIZED_EXACT,APPROVED,exact-name:1:1:parent-scoped:safe-normalization
VN_ADMIN_2025,VNA25-72420F0A48,GHN_ADMIN_2025,1003453,NORMALIZED_EXACT,APPROVED,exact-name:1:1:parent-scoped:safe-normalization
VN_ADMIN_2025,VNA25-72473C951F,GHN_ADMIN_2025,1005413,NORMALIZED_EXACT,APPROVED,exact-name:1:1:parent-scoped:safe-normalization
VN_ADMIN_2025,VNA25-729616EE1C,GHN_ADMIN_2025,1005957,NORMALIZED_TONE_PLACEMENT,APPROVED,offline-reviewed:1:1:parent-scoped:tone-placement
VN_ADMIN_2025,VNA25-72AD6E553B,GHN_ADMIN_2025,1004764,NORMALIZED_EXACT,APPROVED,exact-name:1:1:parent-scoped:safe-normalization
VN_ADMIN_2025,VNA25-72C26CC728,GHN_ADMIN_2025,1004689,NORMALIZED_EXACT,APPROVED,exact-name:1:1:parent-scoped:safe-normalization
VN_ADMIN_2025,VNA25-72F29FE892,GHN_ADMIN_2025,1005841,NORMALIZED_TONE_PLACEMENT,APPROVED,offline-reviewed:1:1:parent-scoped:tone-placement
VN_ADMIN_2025,VNA25-72F94D1A53,GHN_ADMIN_2025,1006053,NORMALIZED_EXACT,APPROVED,exact-name:1:1:parent-scoped:safe-normalization
VN_ADMIN_2025,VNA25-73059BDABD,GHN_ADMIN_2025,1003882,NORMALIZED_EXACT,APPROVED,exact-name:1:1:parent-scoped:safe-normalization
VN_ADMIN_2025,VNA25-731B1C5443,GHN_ADMIN_2025,1005180,NORMALIZED_EXACT,APPROVED,exact-name:1:1:parent-scoped:safe-normalization
VN_ADMIN_2025,VNA25-733FF1185E,GHN_ADMIN_2025,1006320,NORMALIZED_EXACT,APPROVED,exact-name:1:1:parent-scoped:safe-normalization
VN_ADMIN_2025,VNA25-73417B046C,GHN_ADMIN_2025,1004860,NORMALIZED_EXACT,APPROVED,exact-name:1:1:parent-scoped:safe-normalization
VN_ADMIN_2025,VNA25-734E00C587,GHN_ADMIN_2025,1003747,NORMALIZED_EXACT,APPROVED,exact-name:1:1:parent-scoped:safe-normalization
VN_ADMIN_2025,VNA25-734EDD0BE8,GHN_ADMIN_2025,1006331,NORMALIZED_EXACT,APPROVED,exact-name:1:1:parent-scoped:safe-normalization
VN_ADMIN_2025,VNA25-735B88ABD2,GHN_ADMIN_2025,1004703,NORMALIZED_EXACT,APPROVED,exact-name:1:1:parent-scoped:safe-normalization
VN_ADMIN_2025,VNA25-735D533147,GHN_ADMIN_2025,1005191,NORMALIZED_EXACT,APPROVED,exact-name:1:1:parent-scoped:safe-normalization
VN_ADMIN_2025,VNA25-738C169D0C,GHN_ADMIN_2025,1005476,NORMALIZED_EXACT,APPROVED,exact-name:1:1:parent-scoped:safe-normalization
VN_ADMIN_2025,VNA25-73A1B5BA9C,GHN_ADMIN_2025,1004543,NORMALIZED_EXACT,APPROVED,exact-name:1:1:parent-scoped:safe-normalization
VN_ADMIN_2025,VNA25-73ADB5F21F,GHN_ADMIN_2025,1006317,NORMALIZED_EXACT,APPROVED,exact-name:1:1:parent-scoped:safe-normalization
VN_ADMIN_2025,VNA25-73E1E67AA5,GHN_ADMIN_2025,1005001,NORMALIZED_EXACT,APPROVED,exact-name:1:1:parent-scoped:safe-normalization
VN_ADMIN_2025,VNA25-73F86646E4,GHN_ADMIN_2025,1005723,NORMALIZED_EXACT,APPROVED,exact-name:1:1:parent-scoped:safe-normalization
VN_ADMIN_2025,VNA25-742BA3EFC1,GHN_ADMIN_2025,1006079,NORMALIZED_EXACT,APPROVED,exact-name:1:1:parent-scoped:safe-normalization
VN_ADMIN_2025,VNA25-746EA7329E,GHN_ADMIN_2025,1005735,NORMALIZED_EXACT,APPROVED,exact-name:1:1:parent-scoped:safe-normalization
VN_ADMIN_2025,VNA25-7481CF30D7,GHN_ADMIN_2025,1003366,NORMALIZED_EXACT,APPROVED,exact-name:1:1:parent-scoped:safe-normalization
VN_ADMIN_2025,VNA25-74A1CB4F1E,GHN_ADMIN_2025,1004490,NORMALIZED_EXACT,APPROVED,exact-name:1:1:parent-scoped:safe-normalization
VN_ADMIN_2025,VNA25-74ABC7FDBB,GHN_ADMIN_2025,1004236,NORMALIZED_EXACT,APPROVED,exact-name:1:1:parent-scoped:safe-normalization
VN_ADMIN_2025,VNA25-74B82E54C9,GHN_ADMIN_2025,1004045,NORMALIZED_EXACT,APPROVED,exact-name:1:1:parent-scoped:safe-normalization
VN_ADMIN_2025,VNA25-74BFEF5268,GHN_ADMIN_2025,1005070,NORMALIZED_EXACT,APPROVED,exact-name:1:1:parent-scoped:safe-normalization
VN_ADMIN_2025,VNA25-74E84446E6,GHN_ADMIN_2025,1006595,NORMALIZED_EXACT,APPROVED,exact-name:1:1:parent-scoped:safe-normalization
VN_ADMIN_2025,VNA25-74F8A04E49,GHN_ADMIN_2025,1004284,NORMALIZED_EXACT,APPROVED,exact-name:1:1:parent-scoped:safe-normalization
VN_ADMIN_2025,VNA25-751B53D1C8,GHN_ADMIN_2025,1004000,NORMALIZED_EXACT,APPROVED,exact-name:1:1:parent-scoped:safe-normalization
VN_ADMIN_2025,VNA25-753AE5F741,GHN_ADMIN_2025,1005287,NORMALIZED_EXACT,APPROVED,exact-name:1:1:parent-scoped:safe-normalization
VN_ADMIN_2025,VNA25-755014CE18,GHN_ADMIN_2025,1005129,NORMALIZED_EXACT,APPROVED,exact-name:1:1:parent-scoped:safe-normalization
VN_ADMIN_2025,VNA25-755290E4C2,GHN_ADMIN_2025,1006577,NORMALIZED_TONE_PLACEMENT,APPROVED,offline-reviewed:1:1:parent-scoped:tone-placement
VN_ADMIN_2025,VNA25-755F5E6A52,GHN_ADMIN_2025,1006293,NORMALIZED_EXACT,APPROVED,exact-name:1:1:parent-scoped:safe-normalization
VN_ADMIN_2025,VNA25-75754367AE,GHN_ADMIN_2025,1006454,NORMALIZED_EXACT,APPROVED,exact-name:1:1:parent-scoped:safe-normalization
VN_ADMIN_2025,VNA25-757879D8AD,GHN_ADMIN_2025,1006202,NORMALIZED_EXACT,APPROVED,exact-name:1:1:parent-scoped:safe-normalization
VN_ADMIN_2025,VNA25-7578C4C38F,GHN_ADMIN_2025,1004955,NORMALIZED_EXACT,APPROVED,exact-name:1:1:parent-scoped:safe-normalization
VN_ADMIN_2025,VNA25-7594EDED95,GHN_ADMIN_2025,1003905,NORMALIZED_EXACT,APPROVED,exact-name:1:1:parent-scoped:safe-normalization
VN_ADMIN_2025,VNA25-759ABF1365,GHN_ADMIN_2025,1005802,NORMALIZED_EXACT,APPROVED,exact-name:1:1:parent-scoped:safe-normalization
VN_ADMIN_2025,VNA25-759C9B58D3,GHN_ADMIN_2025,1005361,NORMALIZED_EXACT,APPROVED,exact-name:1:1:parent-scoped:safe-normalization
VN_ADMIN_2025,VNA25-75A1D2D231,GHN_ADMIN_2025,1003666,NORMALIZED_EXACT,APPROVED,exact-name:1:1:parent-scoped:safe-normalization
VN_ADMIN_2025,VNA25-75A38F351C,GHN_ADMIN_2025,1005464,NORMALIZED_EXACT,APPROVED,exact-name:1:1:parent-scoped:safe-normalization
VN_ADMIN_2025,VNA25-75B5BE1BA5,GHN_ADMIN_2025,1005590,NORMALIZED_EXACT,APPROVED,exact-name:1:1:parent-scoped:safe-normalization
VN_ADMIN_2025,VNA25-75B772C528,GHN_ADMIN_2025,1005175,NORMALIZED_EXACT,APPROVED,exact-name:1:1:parent-scoped:safe-normalization
VN_ADMIN_2025,VNA25-75B782FFA2,GHN_ADMIN_2025,1005480,NORMALIZED_EXACT,APPROVED,exact-name:1:1:parent-scoped:safe-normalization
VN_ADMIN_2025,VNA25-75DB615C39,GHN_ADMIN_2025,1005131,NORMALIZED_EXACT,APPROVED,exact-name:1:1:parent-scoped:safe-normalization
VN_ADMIN_2025,VNA25-75F0AE3C48,GHN_ADMIN_2025,1003841,NORMALIZED_EXACT,APPROVED,exact-name:1:1:parent-scoped:safe-normalization
VN_ADMIN_2025,VNA25-7600A5EE8B,GHN_ADMIN_2025,1005510,NORMALIZED_EXACT,APPROVED,exact-name:1:1:parent-scoped:safe-normalization
VN_ADMIN_2025,VNA25-761654D641,GHN_ADMIN_2025,1005125,NORMALIZED_EXACT,APPROVED,exact-name:1:1:parent-scoped:safe-normalization
VN_ADMIN_2025,VNA25-7641CAB570,GHN_ADMIN_2025,1006270,NORMALIZED_EXACT,APPROVED,exact-name:1:1:parent-scoped:safe-normalization
VN_ADMIN_2025,VNA25-76604ECB72,GHN_ADMIN_2025,1004621,NORMALIZED_EXACT,APPROVED,exact-name:1:1:parent-scoped:safe-normalization
VN_ADMIN_2025,VNA25-7691373AD5,GHN_ADMIN_2025,1003510,NORMALIZED_EXACT,APPROVED,exact-name:1:1:parent-scoped:safe-normalization
VN_ADMIN_2025,VNA25-76A2291641,GHN_ADMIN_2025,1005348,NORMALIZED_EXACT,APPROVED,exact-name:1:1:parent-scoped:safe-normalization
VN_ADMIN_2025,VNA25-76A26C8B8A,GHN_ADMIN_2025,1003586,NORMALIZED_EXACT,APPROVED,exact-name:1:1:parent-scoped:safe-normalization
VN_ADMIN_2025,VNA25-76B0633259,GHN_ADMIN_2025,1006198,NORMALIZED_EXACT,APPROVED,exact-name:1:1:parent-scoped:safe-normalization
VN_ADMIN_2025,VNA25-76B6BF3F0B,GHN_ADMIN_2025,1006051,NORMALIZED_EXACT,APPROVED,exact-name:1:1:parent-scoped:safe-normalization
VN_ADMIN_2025,VNA25-76D3398308,GHN_ADMIN_2025,1006127,NORMALIZED_EXACT,APPROVED,exact-name:1:1:parent-scoped:safe-normalization
VN_ADMIN_2025,VNA25-76E588FAC1,GHN_ADMIN_2025,1004150,NORMALIZED_EXACT,APPROVED,exact-name:1:1:parent-scoped:safe-normalization
VN_ADMIN_2025,VNA25-76F184C6F8,GHN_ADMIN_2025,1004214,NORMALIZED_EXACT,APPROVED,exact-name:1:1:parent-scoped:safe-normalization
VN_ADMIN_2025,VNA25-77064095B2,GHN_ADMIN_2025,1005863,NORMALIZED_EXACT,APPROVED,exact-name:1:1:parent-scoped:safe-normalization
VN_ADMIN_2025,VNA25-770AE23E8F,GHN_ADMIN_2025,1003765,NORMALIZED_EXACT,APPROVED,exact-name:1:1:parent-scoped:safe-normalization
VN_ADMIN_2025,VNA25-770FFCDE35,GHN_ADMIN_2025,1005467,NORMALIZED_EXACT,APPROVED,exact-name:1:1:parent-scoped:safe-normalization
VN_ADMIN_2025,VNA25-7714C13470,GHN_ADMIN_2025,1005931,NORMALIZED_EXACT,APPROVED,exact-name:1:1:parent-scoped:safe-normalization
VN_ADMIN_2025,VNA25-77188D7510,GHN_ADMIN_2025,1004661,NORMALIZED_EXACT,APPROVED,exact-name:1:1:parent-scoped:safe-normalization
VN_ADMIN_2025,VNA25-771EE4FEF1,GHN_ADMIN_2025,1006098,NORMALIZED_EXACT,APPROVED,exact-name:1:1:parent-scoped:safe-normalization
VN_ADMIN_2025,VNA25-77326A1854,GHN_ADMIN_2025,1004541,NORMALIZED_EXACT,APPROVED,exact-name:1:1:parent-scoped:safe-normalization
VN_ADMIN_2025,VNA25-775DCD1C1C,GHN_ADMIN_2025,1003872,NORMALIZED_EXACT,APPROVED,exact-name:1:1:parent-scoped:safe-normalization
VN_ADMIN_2025,VNA25-7764C867C5,GHN_ADMIN_2025,1005339,NORMALIZED_EXACT,APPROVED,exact-name:1:1:parent-scoped:safe-normalization
VN_ADMIN_2025,VNA25-777E9072DC,GHN_ADMIN_2025,1004159,NORMALIZED_EXACT,APPROVED,exact-name:1:1:parent-scoped:safe-normalization
VN_ADMIN_2025,VNA25-77A4F34338,GHN_ADMIN_2025,1005764,NORMALIZED_EXACT,APPROVED,exact-name:1:1:parent-scoped:safe-normalization
VN_ADMIN_2025,VNA25-77A52322A1,GHN_ADMIN_2025,1004474,NORMALIZED_EXACT,APPROVED,exact-name:1:1:parent-scoped:safe-normalization
VN_ADMIN_2025,VNA25-77ABB31E27,GHN_ADMIN_2025,1003639,NORMALIZED_EXACT,APPROVED,exact-name:1:1:parent-scoped:safe-normalization
VN_ADMIN_2025,VNA25-77B1C953E5,GHN_ADMIN_2025,1003839,NORMALIZED_EXACT,APPROVED,exact-name:1:1:parent-scoped:safe-normalization
VN_ADMIN_2025,VNA25-77C31B2599,GHN_ADMIN_2025,1004241,NORMALIZED_EXACT,APPROVED,exact-name:1:1:parent-scoped:safe-normalization
VN_ADMIN_2025,VNA25-77E1711E55,GHN_ADMIN_2025,1004084,NORMALIZED_EXACT,APPROVED,exact-name:1:1:parent-scoped:safe-normalization
VN_ADMIN_2025,VNA25-77E90F1C50,GHN_ADMIN_2025,1003913,NORMALIZED_EXACT,APPROVED,exact-name:1:1:parent-scoped:safe-normalization
VN_ADMIN_2025,VNA25-780D7A88EB,GHN_ADMIN_2025,1006554,NORMALIZED_EXACT,APPROVED,exact-name:1:1:parent-scoped:safe-normalization
VN_ADMIN_2025,VNA25-783AA52650,GHN_ADMIN_2025,1004219,NORMALIZED_EXACT,APPROVED,exact-name:1:1:parent-scoped:safe-normalization
VN_ADMIN_2025,VNA25-783C370677,GHN_ADMIN_2025,1005380,NORMALIZED_EXACT,APPROVED,exact-name:1:1:parent-scoped:safe-normalization
VN_ADMIN_2025,VNA25-78423C2591,GHN_ADMIN_2025,1003650,NORMALIZED_EXACT,APPROVED,exact-name:1:1:parent-scoped:safe-normalization
VN_ADMIN_2025,VNA25-784934DA94,GHN_ADMIN_2025,1005669,NORMALIZED_EXACT,APPROVED,exact-name:1:1:parent-scoped:safe-normalization
VN_ADMIN_2025,VNA25-786057C567,GHN_ADMIN_2025,1004434,NORMALIZED_EXACT,APPROVED,exact-name:1:1:parent-scoped:safe-normalization
VN_ADMIN_2025,VNA25-789C848B3B,GHN_ADMIN_2025,1003461,NORMALIZED_EXACT,APPROVED,exact-name:1:1:parent-scoped:safe-normalization
VN_ADMIN_2025,VNA25-78B11F9B04,GHN_ADMIN_2025,1004309,NORMALIZED_EXACT,APPROVED,exact-name:1:1:parent-scoped:safe-normalization
VN_ADMIN_2025,VNA25-78CCF5DC4F,GHN_ADMIN_2025,1003502,NORMALIZED_EXACT,APPROVED,exact-name:1:1:parent-scoped:safe-normalization
VN_ADMIN_2025,VNA25-78CEB3EF8A,GHN_ADMIN_2025,1003435,NORMALIZED_EXACT,APPROVED,exact-name:1:1:parent-scoped:safe-normalization
VN_ADMIN_2025,VNA25-78D3E48061,GHN_ADMIN_2025,1004003,NORMALIZED_EXACT,APPROVED,exact-name:1:1:parent-scoped:safe-normalization
VN_ADMIN_2025,VNA25-78DF2E6431,GHN_ADMIN_2025,1005490,NORMALIZED_EXACT,APPROVED,exact-name:1:1:parent-scoped:safe-normalization
VN_ADMIN_2025,VNA25-78E7BFA133,GHN_ADMIN_2025,1005075,NORMALIZED_EXACT,APPROVED,exact-name:1:1:parent-scoped:safe-normalization
VN_ADMIN_2025,VNA25-791330C077,GHN_ADMIN_2025,1005306,NORMALIZED_EXACT,APPROVED,exact-name:1:1:parent-scoped:safe-normalization
VN_ADMIN_2025,VNA25-7968E6744C,GHN_ADMIN_2025,1003495,NORMALIZED_TONE_PLACEMENT,APPROVED,offline-reviewed:1:1:parent-scoped:tone-placement
VN_ADMIN_2025,VNA25-796C95E116,GHN_ADMIN_2025,1003938,NORMALIZED_EXACT,APPROVED,exact-name:1:1:parent-scoped:safe-normalization
VN_ADMIN_2025,VNA25-7992DB1616,GHN_ADMIN_2025,1006078,NORMALIZED_EXACT,APPROVED,exact-name:1:1:parent-scoped:safe-normalization
VN_ADMIN_2025,VNA25-79982422C1,GHN_ADMIN_2025,1005597,NORMALIZED_EXACT,APPROVED,exact-name:1:1:parent-scoped:safe-normalization
VN_ADMIN_2025,VNA25-799DA506A9,GHN_ADMIN_2025,1004029,NORMALIZED_EXACT,APPROVED,exact-name:1:1:parent-scoped:safe-normalization
VN_ADMIN_2025,VNA25-799E7EC174,GHN_ADMIN_2025,1004509,NORMALIZED_EXACT,APPROVED,exact-name:1:1:parent-scoped:safe-normalization
VN_ADMIN_2025,VNA25-79A1D12708,GHN_ADMIN_2025,1006670,NORMALIZED_EXACT,APPROVED,exact-name:1:1:parent-scoped:safe-normalization
VN_ADMIN_2025,VNA25-79BBB8BD61,GHN_ADMIN_2025,1005398,NORMALIZED_EXACT,APPROVED,exact-name:1:1:parent-scoped:safe-normalization
VN_ADMIN_2025,VNA25-79D87C0A3D,GHN_ADMIN_2025,1006018,NORMALIZED_EXACT,APPROVED,exact-name:1:1:parent-scoped:safe-normalization
VN_ADMIN_2025,VNA25-79E93490EC,GHN_ADMIN_2025,1006277,NORMALIZED_EXACT,APPROVED,exact-name:1:1:parent-scoped:safe-normalization
VN_ADMIN_2025,VNA25-7A06448E62,GHN_ADMIN_2025,1004743,NORMALIZED_EXACT,APPROVED,exact-name:1:1:parent-scoped:safe-normalization
VN_ADMIN_2025,VNA25-7A078D60EA,GHN_ADMIN_2025,1003934,NORMALIZED_EXACT,APPROVED,exact-name:1:1:parent-scoped:safe-normalization
VN_ADMIN_2025,VNA25-7A271D98A9,GHN_ADMIN_2025,1006349,NORMALIZED_EXACT,APPROVED,exact-name:1:1:parent-scoped:safe-normalization
VN_ADMIN_2025,VNA25-7A2B2D8BF3,GHN_ADMIN_2025,1005403,NORMALIZED_EXACT,APPROVED,exact-name:1:1:parent-scoped:safe-normalization
VN_ADMIN_2025,VNA25-7A2F14ED28,GHN_ADMIN_2025,1005044,NORMALIZED_EXACT,APPROVED,exact-name:1:1:parent-scoped:safe-normalization
VN_ADMIN_2025,VNA25-7A507A8FB1,GHN_ADMIN_2025,1003370,NORMALIZED_EXACT,APPROVED,exact-name:1:1:parent-scoped:safe-normalization
VN_ADMIN_2025,VNA25-7A66921390,GHN_ADMIN_2025,1005591,NORMALIZED_EXACT,APPROVED,exact-name:1:1:parent-scoped:safe-normalization
VN_ADMIN_2025,VNA25-7A6BFFFDDA,GHN_ADMIN_2025,1004040,NORMALIZED_EXACT,APPROVED,exact-name:1:1:parent-scoped:safe-normalization
VN_ADMIN_2025,VNA25-7A82BA9D80,GHN_ADMIN_2025,1003837,NORMALIZED_EXACT,APPROVED,exact-name:1:1:parent-scoped:safe-normalization
VN_ADMIN_2025,VNA25-7AA7AACE62,GHN_ADMIN_2025,1006109,NORMALIZED_EXACT,APPROVED,exact-name:1:1:parent-scoped:safe-normalization
VN_ADMIN_2025,VNA25-7AC02521E4,GHN_ADMIN_2025,1006090,NORMALIZED_EXACT,APPROVED,exact-name:1:1:parent-scoped:safe-normalization
VN_ADMIN_2025,VNA25-7ACB9D6EE2,GHN_ADMIN_2025,1005133,NORMALIZED_EXACT,APPROVED,exact-name:1:1:parent-scoped:safe-normalization
VN_ADMIN_2025,VNA25-7AD2876586,GHN_ADMIN_2025,1005294,NORMALIZED_EXACT,APPROVED,exact-name:1:1:parent-scoped:safe-normalization
VN_ADMIN_2025,VNA25-7AD35DD86E,GHN_ADMIN_2025,1005736,NORMALIZED_EXACT,APPROVED,exact-name:1:1:parent-scoped:safe-normalization
VN_ADMIN_2025,VNA25-7AF9D89F0A,GHN_ADMIN_2025,1006529,NORMALIZED_EXACT,APPROVED,exact-name:1:1:parent-scoped:safe-normalization
VN_ADMIN_2025,VNA25-7AFA11A610,GHN_ADMIN_2025,1004714,NORMALIZED_EXACT,APPROVED,exact-name:1:1:parent-scoped:safe-normalization
VN_ADMIN_2025,VNA25-7B09AAB74C,GHN_ADMIN_2025,1004225,NORMALIZED_EXACT,APPROVED,exact-name:1:1:parent-scoped:safe-normalization
VN_ADMIN_2025,VNA25-7B1D2620C0,GHN_ADMIN_2025,1003608,NORMALIZED_EXACT,APPROVED,exact-name:1:1:parent-scoped:safe-normalization
VN_ADMIN_2025,VNA25-7B39A51276,GHN_ADMIN_2025,1005937,NORMALIZED_EXACT,APPROVED,exact-name:1:1:parent-scoped:safe-normalization
VN_ADMIN_2025,VNA25-7B5987F9E8,GHN_ADMIN_2025,1004108,NORMALIZED_EXACT,APPROVED,exact-name:1:1:parent-scoped:safe-normalization
VN_ADMIN_2025,VNA25-7B5992E0CC,GHN_ADMIN_2025,1005325,NORMALIZED_EXACT,APPROVED,exact-name:1:1:parent-scoped:safe-normalization
VN_ADMIN_2025,VNA25-7B5EDC2EB7,GHN_ADMIN_2025,1004070,NORMALIZED_EXACT,APPROVED,exact-name:1:1:parent-scoped:safe-normalization
VN_ADMIN_2025,VNA25-7B6AAFFC38,GHN_ADMIN_2025,1006430,NORMALIZED_EXACT,APPROVED,exact-name:1:1:parent-scoped:safe-normalization
VN_ADMIN_2025,VNA25-7BAA577E83,GHN_ADMIN_2025,1006431,NORMALIZED_EXACT,APPROVED,exact-name:1:1:parent-scoped:safe-normalization
VN_ADMIN_2025,VNA25-7BAA88BE92,GHN_ADMIN_2025,1005907,NORMALIZED_EXACT,APPROVED,exact-name:1:1:parent-scoped:safe-normalization
VN_ADMIN_2025,VNA25-7BAC7FF908,GHN_ADMIN_2025,1006544,NORMALIZED_EXACT,APPROVED,exact-name:1:1:parent-scoped:safe-normalization
VN_ADMIN_2025,VNA25-7BBDEDDFE9,GHN_ADMIN_2025,1003515,NORMALIZED_EXACT,APPROVED,exact-name:1:1:parent-scoped:safe-normalization
VN_ADMIN_2025,VNA25-7BE46FD640,GHN_ADMIN_2025,1003420,NORMALIZED_EXACT,APPROVED,exact-name:1:1:parent-scoped:safe-normalization
VN_ADMIN_2025,VNA25-7BF1B85000,GHN_ADMIN_2025,1005688,NORMALIZED_EXACT,APPROVED,exact-name:1:1:parent-scoped:safe-normalization
VN_ADMIN_2025,VNA25-7BF55FA2C3,GHN_ADMIN_2025,1004305,NORMALIZED_EXACT,APPROVED,exact-name:1:1:parent-scoped:safe-normalization
VN_ADMIN_2025,VNA25-7BFC661C79,GHN_ADMIN_2025,1003631,NORMALIZED_EXACT,APPROVED,exact-name:1:1:parent-scoped:safe-normalization
VN_ADMIN_2025,VNA25-7BFDE3E845,GHN_ADMIN_2025,1004322,NORMALIZED_EXACT,APPROVED,exact-name:1:1:parent-scoped:safe-normalization
VN_ADMIN_2025,VNA25-7C67AC9995,GHN_ADMIN_2025,1004245,NORMALIZED_EXACT,APPROVED,exact-name:1:1:parent-scoped:safe-normalization
VN_ADMIN_2025,VNA25-7C72C0652C,GHN_ADMIN_2025,1005956,NORMALIZED_EXACT,APPROVED,exact-name:1:1:parent-scoped:safe-normalization
VN_ADMIN_2025,VNA25-7C937F8D36,GHN_ADMIN_2025,1004767,NORMALIZED_EXACT,APPROVED,exact-name:1:1:parent-scoped:safe-normalization
VN_ADMIN_2025,VNA25-7CC339BAC0,GHN_ADMIN_2025,1006099,NORMALIZED_EXACT,APPROVED,exact-name:1:1:parent-scoped:safe-normalization
VN_ADMIN_2025,VNA25-7CC60A5F5E,GHN_ADMIN_2025,1006329,NORMALIZED_EXACT,APPROVED,exact-name:1:1:parent-scoped:safe-normalization
VN_ADMIN_2025,VNA25-7CD0DA2167,GHN_ADMIN_2025,1005741,NORMALIZED_EXACT,APPROVED,exact-name:1:1:parent-scoped:safe-normalization
VN_ADMIN_2025,VNA25-7CD1F8A94C,GHN_ADMIN_2025,1004863,NORMALIZED_EXACT,APPROVED,exact-name:1:1:parent-scoped:safe-normalization
VN_ADMIN_2025,VNA25-7D0F5BCEED,GHN_ADMIN_2025,1005965,NORMALIZED_EXACT,APPROVED,exact-name:1:1:parent-scoped:safe-normalization
VN_ADMIN_2025,VNA25-7D14AE3A2B,GHN_ADMIN_2025,1004982,NORMALIZED_EXACT,APPROVED,exact-name:1:1:parent-scoped:safe-normalization
VN_ADMIN_2025,VNA25-7D169F68BC,GHN_ADMIN_2025,1005562,NORMALIZED_EXACT,APPROVED,exact-name:1:1:parent-scoped:safe-normalization
VN_ADMIN_2025,VNA25-7D27250828,GHN_ADMIN_2025,1004654,NORMALIZED_EXACT,APPROVED,exact-name:1:1:parent-scoped:safe-normalization
VN_ADMIN_2025,VNA25-7D39E29B5F,GHN_ADMIN_2025,1004771,NORMALIZED_EXACT,APPROVED,exact-name:1:1:parent-scoped:safe-normalization
VN_ADMIN_2025,VNA25-7D52DF4972,GHN_ADMIN_2025,1005862,NORMALIZED_EXACT,APPROVED,exact-name:1:1:parent-scoped:safe-normalization
VN_ADMIN_2025,VNA25-7D635A1AAD,GHN_ADMIN_2025,1006505,NORMALIZED_EXACT,APPROVED,exact-name:1:1:parent-scoped:safe-normalization
VN_ADMIN_2025,VNA25-7D6F56756C,GHN_ADMIN_2025,1003858,NORMALIZED_EXACT,APPROVED,exact-name:1:1:parent-scoped:safe-normalization
VN_ADMIN_2025,VNA25-7DA2243208,GHN_ADMIN_2025,1005330,NORMALIZED_EXACT,APPROVED,exact-name:1:1:parent-scoped:safe-normalization
VN_ADMIN_2025,VNA25-7DBEF5360D,GHN_ADMIN_2025,1005845,NORMALIZED_EXACT,APPROVED,exact-name:1:1:parent-scoped:safe-normalization
VN_ADMIN_2025,VNA25-7DCA12A063,GHN_ADMIN_2025,1006285,NORMALIZED_EXACT,APPROVED,exact-name:1:1:parent-scoped:safe-normalization
VN_ADMIN_2025,VNA25-7DCE728E8B,GHN_ADMIN_2025,1005023,NORMALIZED_EXACT,APPROVED,exact-name:1:1:parent-scoped:safe-normalization
VN_ADMIN_2025,VNA25-7DD2918F93,GHN_ADMIN_2025,1004079,NORMALIZED_EXACT,APPROVED,exact-name:1:1:parent-scoped:safe-normalization
VN_ADMIN_2025,VNA25-7E04C6B209,GHN_ADMIN_2025,1005829,NORMALIZED_EXACT,APPROVED,exact-name:1:1:parent-scoped:safe-normalization
VN_ADMIN_2025,VNA25-7E0D9B210A,GHN_ADMIN_2025,1005103,NORMALIZED_EXACT,APPROVED,exact-name:1:1:parent-scoped:safe-normalization
VN_ADMIN_2025,VNA25-7E17CC0B57,GHN_ADMIN_2025,1004027,NORMALIZED_EXACT,APPROVED,exact-name:1:1:parent-scoped:safe-normalization
VN_ADMIN_2025,VNA25-7E22FD9D7F,GHN_ADMIN_2025,1004350,NORMALIZED_EXACT,APPROVED,exact-name:1:1:parent-scoped:safe-normalization
VN_ADMIN_2025,VNA25-7E39BAE1D4,GHN_ADMIN_2025,1005923,NORMALIZED_EXACT,APPROVED,exact-name:1:1:parent-scoped:safe-normalization
VN_ADMIN_2025,VNA25-7E52792D4F,GHN_ADMIN_2025,1005550,NORMALIZED_EXACT,APPROVED,exact-name:1:1:parent-scoped:safe-normalization
VN_ADMIN_2025,VNA25-7E55687EAB,GHN_ADMIN_2025,1003493,NORMALIZED_EXACT,APPROVED,exact-name:1:1:parent-scoped:safe-normalization
VN_ADMIN_2025,VNA25-7E556EADA9,GHN_ADMIN_2025,1006520,NORMALIZED_TONE_PLACEMENT,APPROVED,offline-reviewed:1:1:parent-scoped:tone-placement
VN_ADMIN_2025,VNA25-7E72875AB3,GHN_ADMIN_2025,1005587,NORMALIZED_EXACT,APPROVED,exact-name:1:1:parent-scoped:safe-normalization
VN_ADMIN_2025,VNA25-7E76A465B7,GHN_ADMIN_2025,1003421,NORMALIZED_EXACT,APPROVED,exact-name:1:1:parent-scoped:safe-normalization
VN_ADMIN_2025,VNA25-7EC8322C25,GHN_ADMIN_2025,1004441,NORMALIZED_EXACT,APPROVED,exact-name:1:1:parent-scoped:safe-normalization
VN_ADMIN_2025,VNA25-7ED36B2CA6,GHN_ADMIN_2025,1004348,NORMALIZED_EXACT,APPROVED,exact-name:1:1:parent-scoped:safe-normalization
VN_ADMIN_2025,VNA25-7ED3E77FB0,GHN_ADMIN_2025,1005326,NORMALIZED_EXACT,APPROVED,exact-name:1:1:parent-scoped:safe-normalization
VN_ADMIN_2025,VNA25-7EDF5EFFF2,GHN_ADMIN_2025,1005355,NORMALIZED_EXACT,APPROVED,exact-name:1:1:parent-scoped:safe-normalization
VN_ADMIN_2025,VNA25-7EFD46D55D,GHN_ADMIN_2025,1005456,NORMALIZED_EXACT,APPROVED,exact-name:1:1:parent-scoped:safe-normalization
VN_ADMIN_2025,VNA25-7F43207215,GHN_ADMIN_2025,1006436,NORMALIZED_EXACT,APPROVED,exact-name:1:1:parent-scoped:safe-normalization
VN_ADMIN_2025,VNA25-7F61FF7FF4,GHN_ADMIN_2025,1005855,NORMALIZED_EXACT,APPROVED,exact-name:1:1:parent-scoped:safe-normalization
VN_ADMIN_2025,VNA25-7F6D1F8FAB,GHN_ADMIN_2025,1004451,NORMALIZED_EXACT,APPROVED,exact-name:1:1:parent-scoped:safe-normalization
VN_ADMIN_2025,VNA25-7F9349850F,GHN_ADMIN_2025,1006224,NORMALIZED_EXACT,APPROVED,exact-name:1:1:parent-scoped:safe-normalization
VN_ADMIN_2025,VNA25-7FAA7354F7,GHN_ADMIN_2025,1004608,NORMALIZED_EXACT,APPROVED,exact-name:1:1:parent-scoped:safe-normalization
VN_ADMIN_2025,VNA25-7FC6C6109F,GHN_ADMIN_2025,1003507,NORMALIZED_EXACT,APPROVED,exact-name:1:1:parent-scoped:safe-normalization
VN_ADMIN_2025,VNA25-7FE2903947,GHN_ADMIN_2025,1006480,NORMALIZED_EXACT,APPROVED,exact-name:1:1:parent-scoped:safe-normalization
VN_ADMIN_2025,VNA25-800F252D34,GHN_ADMIN_2025,1003891,NORMALIZED_EXACT,APPROVED,exact-name:1:1:parent-scoped:safe-normalization
VN_ADMIN_2025,VNA25-80328D8674,GHN_ADMIN_2025,1006284,NORMALIZED_EXACT,APPROVED,exact-name:1:1:parent-scoped:safe-normalization
VN_ADMIN_2025,VNA25-803AE75016,GHN_ADMIN_2025,1004303,NORMALIZED_EXACT,APPROVED,exact-name:1:1:parent-scoped:safe-normalization
VN_ADMIN_2025,VNA25-8059CC683A,GHN_ADMIN_2025,1005466,NORMALIZED_EXACT,APPROVED,exact-name:1:1:parent-scoped:safe-normalization
VN_ADMIN_2025,VNA25-806F1875C0,GHN_ADMIN_2025,1003844,NORMALIZED_EXACT,APPROVED,exact-name:1:1:parent-scoped:safe-normalization
VN_ADMIN_2025,VNA25-807CE27CF4,GHN_ADMIN_2025,1004181,NORMALIZED_EXACT,APPROVED,exact-name:1:1:parent-scoped:safe-normalization
VN_ADMIN_2025,VNA25-80813C6592,GHN_ADMIN_2025,1004345,NORMALIZED_EXACT,APPROVED,exact-name:1:1:parent-scoped:safe-normalization
VN_ADMIN_2025,VNA25-808FB370FE,GHN_ADMIN_2025,1005719,NORMALIZED_EXACT,APPROVED,exact-name:1:1:parent-scoped:safe-normalization
VN_ADMIN_2025,VNA25-80A92A41AD,GHN_ADMIN_2025,1006644,NORMALIZED_EXACT,APPROVED,exact-name:1:1:parent-scoped:safe-normalization
VN_ADMIN_2025,VNA25-80B26460A2,GHN_ADMIN_2025,1003606,NORMALIZED_EXACT,APPROVED,exact-name:1:1:parent-scoped:safe-normalization
VN_ADMIN_2025,VNA25-80CFBD4EAC,GHN_ADMIN_2025,1006570,NORMALIZED_EXACT,APPROVED,exact-name:1:1:parent-scoped:safe-normalization
VN_ADMIN_2025,VNA25-80D14AAB6F,GHN_ADMIN_2025,1006297,NORMALIZED_EXACT,APPROVED,exact-name:1:1:parent-scoped:safe-normalization
VN_ADMIN_2025,VNA25-80D7D11B7C,GHN_ADMIN_2025,1006439,NORMALIZED_EXACT,APPROVED,exact-name:1:1:parent-scoped:safe-normalization
VN_ADMIN_2025,VNA25-80DBAC89FD,GHN_ADMIN_2025,1005050,NORMALIZED_TONE_PLACEMENT,APPROVED,offline-reviewed:1:1:parent-scoped:tone-placement
VN_ADMIN_2025,VNA25-80EDB0DE12,GHN_ADMIN_2025,1004992,NORMALIZED_EXACT,APPROVED,exact-name:1:1:parent-scoped:safe-normalization
VN_ADMIN_2025,VNA25-814B01E1E9,GHN_ADMIN_2025,1006352,NORMALIZED_EXACT,APPROVED,exact-name:1:1:parent-scoped:safe-normalization
VN_ADMIN_2025,VNA25-8158054804,GHN_ADMIN_2025,1005889,NORMALIZED_EXACT,APPROVED,exact-name:1:1:parent-scoped:safe-normalization
VN_ADMIN_2025,VNA25-81631C0299,GHN_ADMIN_2025,1005875,NORMALIZED_EXACT,APPROVED,exact-name:1:1:parent-scoped:safe-normalization
VN_ADMIN_2025,VNA25-81654A6692,GHN_ADMIN_2025,1004970,NORMALIZED_EXACT,APPROVED,exact-name:1:1:parent-scoped:safe-normalization
VN_ADMIN_2025,VNA25-818B4CF461,GHN_ADMIN_2025,1004905,NORMALIZED_EXACT,APPROVED,exact-name:1:1:parent-scoped:safe-normalization
VN_ADMIN_2025,VNA25-81C0FE2385,GHN_ADMIN_2025,1006639,NORMALIZED_EXACT,APPROVED,exact-name:1:1:parent-scoped:safe-normalization
VN_ADMIN_2025,VNA25-820E275310,GHN_ADMIN_2025,1005145,NORMALIZED_EXACT,APPROVED,exact-name:1:1:parent-scoped:safe-normalization
VN_ADMIN_2025,VNA25-824896FADB,GHN_ADMIN_2025,1005385,NORMALIZED_EXACT,APPROVED,exact-name:1:1:parent-scoped:safe-normalization
VN_ADMIN_2025,VNA25-82640C5C6C,GHN_ADMIN_2025,1003488,NORMALIZED_EXACT,APPROVED,exact-name:1:1:parent-scoped:safe-normalization
VN_ADMIN_2025,VNA25-826A42C4D2,GHN_ADMIN_2025,1005614,NORMALIZED_EXACT,APPROVED,exact-name:1:1:parent-scoped:safe-normalization
VN_ADMIN_2025,VNA25-826BD2DACE,GHN_ADMIN_2025,1005035,NORMALIZED_EXACT,APPROVED,exact-name:1:1:parent-scoped:safe-normalization
VN_ADMIN_2025,VNA25-8277CD2B2C,GHN_ADMIN_2025,1005505,NORMALIZED_EXACT,APPROVED,exact-name:1:1:parent-scoped:safe-normalization
VN_ADMIN_2025,VNA25-828080770D,GHN_ADMIN_2025,1004616,NORMALIZED_EXACT,APPROVED,exact-name:1:1:parent-scoped:safe-normalization
VN_ADMIN_2025,VNA25-828E19AD2B,GHN_ADMIN_2025,1006568,NORMALIZED_EXACT,APPROVED,exact-name:1:1:parent-scoped:safe-normalization
VN_ADMIN_2025,VNA25-82AE0B2AB4,GHN_ADMIN_2025,1006643,NORMALIZED_EXACT,APPROVED,exact-name:1:1:parent-scoped:safe-normalization
VN_ADMIN_2025,VNA25-82BF1918E2,GHN_ADMIN_2025,1004244,NORMALIZED_EXACT,APPROVED,exact-name:1:1:parent-scoped:safe-normalization
VN_ADMIN_2025,VNA25-82C750C1ED,GHN_ADMIN_2025,1003695,NORMALIZED_EXACT,APPROVED,exact-name:1:1:parent-scoped:safe-normalization
VN_ADMIN_2025,VNA25-82F307DB2E,GHN_ADMIN_2025,1005798,NORMALIZED_EXACT,APPROVED,exact-name:1:1:parent-scoped:safe-normalization
VN_ADMIN_2025,VNA25-8328BE3632,GHN_ADMIN_2025,1005806,NORMALIZED_EXACT,APPROVED,exact-name:1:1:parent-scoped:safe-normalization
VN_ADMIN_2025,VNA25-833C1314B7,GHN_ADMIN_2025,1005029,NORMALIZED_EXACT,APPROVED,exact-name:1:1:parent-scoped:safe-normalization
VN_ADMIN_2025,VNA25-833C20D09C,GHN_ADMIN_2025,1005695,NORMALIZED_EXACT,APPROVED,exact-name:1:1:parent-scoped:safe-normalization
VN_ADMIN_2025,VNA25-83626961CC,GHN_ADMIN_2025,1004822,NORMALIZED_EXACT,APPROVED,exact-name:1:1:parent-scoped:safe-normalization
VN_ADMIN_2025,VNA25-836613EF79,GHN_ADMIN_2025,1003963,NORMALIZED_EXACT,APPROVED,exact-name:1:1:parent-scoped:safe-normalization
VN_ADMIN_2025,VNA25-83A2C8F004,GHN_ADMIN_2025,1004584,NORMALIZED_EXACT,APPROVED,exact-name:1:1:parent-scoped:safe-normalization
VN_ADMIN_2025,VNA25-83A97EE46D,GHN_ADMIN_2025,1003797,NORMALIZED_EXACT,APPROVED,exact-name:1:1:parent-scoped:safe-normalization
VN_ADMIN_2025,VNA25-83D0C9A20F,GHN_ADMIN_2025,1004685,NORMALIZED_EXACT,APPROVED,exact-name:1:1:parent-scoped:safe-normalization
VN_ADMIN_2025,VNA25-841F11E90C,GHN_ADMIN_2025,1005093,NORMALIZED_EXACT,APPROVED,exact-name:1:1:parent-scoped:safe-normalization
VN_ADMIN_2025,VNA25-8439D5EA1C,GHN_ADMIN_2025,1004307,NORMALIZED_EXACT,APPROVED,exact-name:1:1:parent-scoped:safe-normalization
VN_ADMIN_2025,VNA25-84558E099B,GHN_ADMIN_2025,1004025,NORMALIZED_EXACT,APPROVED,exact-name:1:1:parent-scoped:safe-normalization
VN_ADMIN_2025,VNA25-84560C78D9,GHN_ADMIN_2025,1006048,NORMALIZED_EXACT,APPROVED,exact-name:1:1:parent-scoped:safe-normalization
VN_ADMIN_2025,VNA25-8467A47257,GHN_ADMIN_2025,1006388,NORMALIZED_EXACT,APPROVED,exact-name:1:1:parent-scoped:safe-normalization
VN_ADMIN_2025,VNA25-846B747F7F,GHN_ADMIN_2025,1004809,NORMALIZED_EXACT,APPROVED,exact-name:1:1:parent-scoped:safe-normalization
VN_ADMIN_2025,VNA25-84854FF507,GHN_ADMIN_2025,1004191,NORMALIZED_EXACT,APPROVED,exact-name:1:1:parent-scoped:safe-normalization
VN_ADMIN_2025,VNA25-84AEF2550A,GHN_ADMIN_2025,1003883,NORMALIZED_EXACT,APPROVED,exact-name:1:1:parent-scoped:safe-normalization
VN_ADMIN_2025,VNA25-84B1325663,GHN_ADMIN_2025,1003967,NORMALIZED_EXACT,APPROVED,exact-name:1:1:parent-scoped:safe-normalization
VN_ADMIN_2025,VNA25-84B4684421,GHN_ADMIN_2025,1003726,NORMALIZED_EXACT,APPROVED,exact-name:1:1:parent-scoped:safe-normalization
VN_ADMIN_2025,VNA25-84E78DDED3,GHN_ADMIN_2025,1005346,NORMALIZED_EXACT,APPROVED,exact-name:1:1:parent-scoped:safe-normalization
VN_ADMIN_2025,VNA25-85024166D3,GHN_ADMIN_2025,1006593,NORMALIZED_EXACT,APPROVED,exact-name:1:1:parent-scoped:safe-normalization
VN_ADMIN_2025,VNA25-851B3F3B30,GHN_ADMIN_2025,1005528,NORMALIZED_EXACT,APPROVED,exact-name:1:1:parent-scoped:safe-normalization
VN_ADMIN_2025,VNA25-8531D80388,GHN_ADMIN_2025,1005801,NORMALIZED_EXACT,APPROVED,exact-name:1:1:parent-scoped:safe-normalization
VN_ADMIN_2025,VNA25-853EE496F0,GHN_ADMIN_2025,1004740,NORMALIZED_EXACT,APPROVED,exact-name:1:1:parent-scoped:safe-normalization
VN_ADMIN_2025,VNA25-8543255221,GHN_ADMIN_2025,1006046,NORMALIZED_EXACT,APPROVED,exact-name:1:1:parent-scoped:safe-normalization
VN_ADMIN_2025,VNA25-85478BD136,GHN_ADMIN_2025,1005388,NORMALIZED_EXACT,APPROVED,exact-name:1:1:parent-scoped:safe-normalization
VN_ADMIN_2025,VNA25-85584E2098,GHN_ADMIN_2025,1004614,NORMALIZED_EXACT,APPROVED,exact-name:1:1:parent-scoped:safe-normalization
VN_ADMIN_2025,VNA25-85AC54A08D,GHN_ADMIN_2025,1005379,NORMALIZED_EXACT,APPROVED,exact-name:1:1:parent-scoped:safe-normalization
VN_ADMIN_2025,VNA25-85BB9E56FA,GHN_ADMIN_2025,1004881,NORMALIZED_EXACT,APPROVED,exact-name:1:1:parent-scoped:safe-normalization
VN_ADMIN_2025,VNA25-8606740C83,GHN_ADMIN_2025,1004742,NORMALIZED_EXACT,APPROVED,exact-name:1:1:parent-scoped:safe-normalization
VN_ADMIN_2025,VNA25-8616F9516E,GHN_ADMIN_2025,1005511,NORMALIZED_EXACT,APPROVED,exact-name:1:1:parent-scoped:safe-normalization
VN_ADMIN_2025,VNA25-861AC0C0BB,GHN_ADMIN_2025,1004206,NORMALIZED_EXACT,APPROVED,exact-name:1:1:parent-scoped:safe-normalization
VN_ADMIN_2025,VNA25-8622C61E37,GHN_ADMIN_2025,1004043,NORMALIZED_EXACT,APPROVED,exact-name:1:1:parent-scoped:safe-normalization
VN_ADMIN_2025,VNA25-865E574034,GHN_ADMIN_2025,1006500,NORMALIZED_EXACT,APPROVED,exact-name:1:1:parent-scoped:safe-normalization
VN_ADMIN_2025,VNA25-868B9BB04C,GHN_ADMIN_2025,1005813,NORMALIZED_EXACT,APPROVED,exact-name:1:1:parent-scoped:safe-normalization
VN_ADMIN_2025,VNA25-86958BB292,GHN_ADMIN_2025,1004985,NORMALIZED_EXACT,APPROVED,exact-name:1:1:parent-scoped:safe-normalization
VN_ADMIN_2025,VNA25-86C1840AB8,GHN_ADMIN_2025,1003413,NORMALIZED_TONE_PLACEMENT,APPROVED,offline-reviewed:1:1:parent-scoped:tone-placement
VN_ADMIN_2025,VNA25-86CCDD6A27,GHN_ADMIN_2025,1006157,NORMALIZED_EXACT,APPROVED,exact-name:1:1:parent-scoped:safe-normalization
VN_ADMIN_2025,VNA25-86FAD23EC3,GHN_ADMIN_2025,1004489,NORMALIZED_EXACT,APPROVED,exact-name:1:1:parent-scoped:safe-normalization
VN_ADMIN_2025,VNA25-870C3352E2,GHN_ADMIN_2025,1004061,NORMALIZED_EXACT,APPROVED,exact-name:1:1:parent-scoped:safe-normalization
VN_ADMIN_2025,VNA25-8725BBFBB3,GHN_ADMIN_2025,1005344,NORMALIZED_EXACT,APPROVED,exact-name:1:1:parent-scoped:safe-normalization
VN_ADMIN_2025,VNA25-8729DC014F,GHN_ADMIN_2025,1004383,NORMALIZED_EXACT,APPROVED,exact-name:1:1:parent-scoped:safe-normalization
VN_ADMIN_2025,VNA25-874C1FC1B3,GHN_ADMIN_2025,1004342,NORMALIZED_EXACT,APPROVED,exact-name:1:1:parent-scoped:safe-normalization
VN_ADMIN_2025,VNA25-8750AF29DB,GHN_ADMIN_2025,1004575,NORMALIZED_EXACT,APPROVED,exact-name:1:1:parent-scoped:safe-normalization
VN_ADMIN_2025,VNA25-8755ED154D,GHN_ADMIN_2025,1005927,NORMALIZED_EXACT,APPROVED,exact-name:1:1:parent-scoped:safe-normalization
VN_ADMIN_2025,VNA25-87909E6EA0,GHN_ADMIN_2025,1003736,NORMALIZED_EXACT,APPROVED,exact-name:1:1:parent-scoped:safe-normalization
VN_ADMIN_2025,VNA25-87C443BB18,GHN_ADMIN_2025,1005112,NORMALIZED_EXACT,APPROVED,exact-name:1:1:parent-scoped:safe-normalization
VN_ADMIN_2025,VNA25-87C66BAC13,GHN_ADMIN_2025,1005418,NORMALIZED_EXACT,APPROVED,exact-name:1:1:parent-scoped:safe-normalization
VN_ADMIN_2025,VNA25-87CE576814,GHN_ADMIN_2025,1005634,NORMALIZED_EXACT,APPROVED,exact-name:1:1:parent-scoped:safe-normalization
VN_ADMIN_2025,VNA25-8807F077E1,GHN_ADMIN_2025,1006377,NORMALIZED_EXACT,APPROVED,exact-name:1:1:parent-scoped:safe-normalization
VN_ADMIN_2025,VNA25-88101039E7,GHN_ADMIN_2025,1006446,NORMALIZED_EXACT,APPROVED,exact-name:1:1:parent-scoped:safe-normalization
VN_ADMIN_2025,VNA25-88272DC11B,GHN_ADMIN_2025,1006346,NORMALIZED_EXACT,APPROVED,exact-name:1:1:parent-scoped:safe-normalization
VN_ADMIN_2025,VNA25-884B8E32FD,GHN_ADMIN_2025,1005113,NORMALIZED_EXACT,APPROVED,exact-name:1:1:parent-scoped:safe-normalization
VN_ADMIN_2025,VNA25-88648680CB,GHN_ADMIN_2025,1004364,NORMALIZED_EXACT,APPROVED,exact-name:1:1:parent-scoped:safe-normalization
VN_ADMIN_2025,VNA25-886DF5D7AD,GHN_ADMIN_2025,1006604,NORMALIZED_EXACT,APPROVED,exact-name:1:1:parent-scoped:safe-normalization
VN_ADMIN_2025,VNA25-887AEEE037,GHN_ADMIN_2025,1005115,NORMALIZED_EXACT,APPROVED,exact-name:1:1:parent-scoped:safe-normalization
VN_ADMIN_2025,VNA25-888B899990,GHN_ADMIN_2025,1003953,NORMALIZED_EXACT,APPROVED,exact-name:1:1:parent-scoped:safe-normalization
VN_ADMIN_2025,VNA25-888FFD6A89,GHN_ADMIN_2025,1005816,NORMALIZED_EXACT,APPROVED,exact-name:1:1:parent-scoped:safe-normalization
VN_ADMIN_2025,VNA25-88D0C1700C,GHN_ADMIN_2025,1005414,NORMALIZED_EXACT,APPROVED,exact-name:1:1:parent-scoped:safe-normalization
VN_ADMIN_2025,VNA25-88E2DB8B7A,GHN_ADMIN_2025,1006345,NORMALIZED_EXACT,APPROVED,exact-name:1:1:parent-scoped:safe-normalization
VN_ADMIN_2025,VNA25-88F27B7F18,GHN_ADMIN_2025,1006308,NORMALIZED_EXACT,APPROVED,exact-name:1:1:parent-scoped:safe-normalization
VN_ADMIN_2025,VNA25-8925A2B902,GHN_ADMIN_2025,1005872,NORMALIZED_EXACT,APPROVED,exact-name:1:1:parent-scoped:safe-normalization
VN_ADMIN_2025,VNA25-8956795A91,GHN_ADMIN_2025,1003597,NORMALIZED_EXACT,APPROVED,exact-name:1:1:parent-scoped:safe-normalization
VN_ADMIN_2025,VNA25-898CCE9DA1,GHN_ADMIN_2025,1006618,NORMALIZED_EXACT,APPROVED,exact-name:1:1:parent-scoped:safe-normalization
VN_ADMIN_2025,VNA25-89C2A0BBDF,GHN_ADMIN_2025,1004221,NORMALIZED_EXACT,APPROVED,exact-name:1:1:parent-scoped:safe-normalization
VN_ADMIN_2025,VNA25-89C6248131,GHN_ADMIN_2025,1004368,NORMALIZED_EXACT,APPROVED,exact-name:1:1:parent-scoped:safe-normalization
VN_ADMIN_2025,VNA25-89D8E2C8C4,GHN_ADMIN_2025,1006392,NORMALIZED_EXACT,APPROVED,exact-name:1:1:parent-scoped:safe-normalization
VN_ADMIN_2025,VNA25-89E450BC6C,GHN_ADMIN_2025,1006021,NORMALIZED_EXACT,APPROVED,exact-name:1:1:parent-scoped:safe-normalization
VN_ADMIN_2025,VNA25-8A140CC07A,GHN_ADMIN_2025,1003585,NORMALIZED_EXACT,APPROVED,exact-name:1:1:parent-scoped:safe-normalization
VN_ADMIN_2025,VNA25-8A19152176,GHN_ADMIN_2025,1006248,NORMALIZED_EXACT,APPROVED,exact-name:1:1:parent-scoped:safe-normalization
VN_ADMIN_2025,VNA25-8A5A401DAB,GHN_ADMIN_2025,1004351,NORMALIZED_EXACT,APPROVED,exact-name:1:1:parent-scoped:safe-normalization
VN_ADMIN_2025,VNA25-8A7B7BDE58,GHN_ADMIN_2025,1006495,NORMALIZED_EXACT,APPROVED,exact-name:1:1:parent-scoped:safe-normalization
VN_ADMIN_2025,VNA25-8A81CB87D5,GHN_ADMIN_2025,1006395,NORMALIZED_EXACT,APPROVED,exact-name:1:1:parent-scoped:safe-normalization
VN_ADMIN_2025,VNA25-8A9137C60E,GHN_ADMIN_2025,1005202,NORMALIZED_EXACT,APPROVED,exact-name:1:1:parent-scoped:safe-normalization
VN_ADMIN_2025,VNA25-8A9E17E760,GHN_ADMIN_2025,1005552,NORMALIZED_EXACT,APPROVED,exact-name:1:1:parent-scoped:safe-normalization
VN_ADMIN_2025,VNA25-8AA1E61BFB,GHN_ADMIN_2025,1005892,NORMALIZED_EXACT,APPROVED,exact-name:1:1:parent-scoped:safe-normalization
VN_ADMIN_2025,VNA25-8AAB0DE998,GHN_ADMIN_2025,1005612,NORMALIZED_EXACT,APPROVED,exact-name:1:1:parent-scoped:safe-normalization
VN_ADMIN_2025,VNA25-8AEA954A67,GHN_ADMIN_2025,1005443,NORMALIZED_EXACT,APPROVED,exact-name:1:1:parent-scoped:safe-normalization
VN_ADMIN_2025,VNA25-8AF358590D,GHN_ADMIN_2025,1005817,NORMALIZED_EXACT,APPROVED,exact-name:1:1:parent-scoped:safe-normalization
VN_ADMIN_2025,VNA25-8AF8445BCB,GHN_ADMIN_2025,1006434,NORMALIZED_EXACT,APPROVED,exact-name:1:1:parent-scoped:safe-normalization
VN_ADMIN_2025,VNA25-8B015C47A6,GHN_ADMIN_2025,1004032,NORMALIZED_EXACT,APPROVED,exact-name:1:1:parent-scoped:safe-normalization
VN_ADMIN_2025,VNA25-8B0BAAD7F8,GHN_ADMIN_2025,1004954,NORMALIZED_EXACT,APPROVED,exact-name:1:1:parent-scoped:safe-normalization
VN_ADMIN_2025,VNA25-8B0C38F4D6,GHN_ADMIN_2025,1005471,NORMALIZED_EXACT,APPROVED,exact-name:1:1:parent-scoped:safe-normalization
VN_ADMIN_2025,VNA25-8B0DA80C84,GHN_ADMIN_2025,1006019,NORMALIZED_EXACT,APPROVED,exact-name:1:1:parent-scoped:safe-normalization
VN_ADMIN_2025,VNA25-8B31080EE4,GHN_ADMIN_2025,1006353,NORMALIZED_EXACT,APPROVED,exact-name:1:1:parent-scoped:safe-normalization
VN_ADMIN_2025,VNA25-8B3EDF7EE2,GHN_ADMIN_2025,1005763,NORMALIZED_EXACT,APPROVED,exact-name:1:1:parent-scoped:safe-normalization
VN_ADMIN_2025,VNA25-8B506C5E5E,GHN_ADMIN_2025,1005375,NORMALIZED_EXACT,APPROVED,exact-name:1:1:parent-scoped:safe-normalization
VN_ADMIN_2025,VNA25-8B52146B29,GHN_ADMIN_2025,1004270,NORMALIZED_EXACT,APPROVED,exact-name:1:1:parent-scoped:safe-normalization
VN_ADMIN_2025,VNA25-8B57B27F1B,GHN_ADMIN_2025,1006215,NORMALIZED_EXACT,APPROVED,exact-name:1:1:parent-scoped:safe-normalization
VN_ADMIN_2025,VNA25-8B591AE6C8,GHN_ADMIN_2025,1004597,NORMALIZED_EXACT,APPROVED,exact-name:1:1:parent-scoped:safe-normalization
VN_ADMIN_2025,VNA25-8B59677BD5,GHN_ADMIN_2025,1005730,NORMALIZED_EXACT,APPROVED,exact-name:1:1:parent-scoped:safe-normalization
VN_ADMIN_2025,VNA25-8B9D932DE4,GHN_ADMIN_2025,1005655,NORMALIZED_EXACT,APPROVED,exact-name:1:1:parent-scoped:safe-normalization
VN_ADMIN_2025,VNA25-8BB033E9C3,GHN_ADMIN_2025,1004493,NORMALIZED_EXACT,APPROVED,exact-name:1:1:parent-scoped:safe-normalization
VN_ADMIN_2025,VNA25-8BBDA044FF,GHN_ADMIN_2025,1006556,NORMALIZED_EXACT,APPROVED,exact-name:1:1:parent-scoped:safe-normalization
VN_ADMIN_2025,VNA25-8BC78D87A8,GHN_ADMIN_2025,1004576,NORMALIZED_EXACT,APPROVED,exact-name:1:1:parent-scoped:safe-normalization
VN_ADMIN_2025,VNA25-8BE7A4EF4E,GHN_ADMIN_2025,1005916,NORMALIZED_EXACT,APPROVED,exact-name:1:1:parent-scoped:safe-normalization
VN_ADMIN_2025,VNA25-8BEFC3D931,GHN_ADMIN_2025,1005219,NORMALIZED_EXACT,APPROVED,exact-name:1:1:parent-scoped:safe-normalization
VN_ADMIN_2025,VNA25-8BFDF0368F,GHN_ADMIN_2025,1004730,NORMALIZED_EXACT,APPROVED,exact-name:1:1:parent-scoped:safe-normalization
VN_ADMIN_2025,VNA25-8C0A4B356A,GHN_ADMIN_2025,1005967,NORMALIZED_EXACT,APPROVED,exact-name:1:1:parent-scoped:safe-normalization
VN_ADMIN_2025,VNA25-8C1CBAB415,GHN_ADMIN_2025,1005185,NORMALIZED_EXACT,APPROVED,exact-name:1:1:parent-scoped:safe-normalization
VN_ADMIN_2025,VNA25-8C294861E4,GHN_ADMIN_2025,1006381,NORMALIZED_EXACT,APPROVED,exact-name:1:1:parent-scoped:safe-normalization
VN_ADMIN_2025,VNA25-8C321B5DF0,GHN_ADMIN_2025,1006573,NORMALIZED_EXACT,APPROVED,exact-name:1:1:parent-scoped:safe-normalization
VN_ADMIN_2025,VNA25-8C333A8DF9,GHN_ADMIN_2025,1005158,NORMALIZED_TONE_PLACEMENT,APPROVED,offline-reviewed:1:1:parent-scoped:tone-placement
VN_ADMIN_2025,VNA25-8C395CF0E9,GHN_ADMIN_2025,1005138,NORMALIZED_EXACT,APPROVED,exact-name:1:1:parent-scoped:safe-normalization
VN_ADMIN_2025,VNA25-8C403BD988,GHN_ADMIN_2025,1006193,NORMALIZED_EXACT,APPROVED,exact-name:1:1:parent-scoped:safe-normalization
VN_ADMIN_2025,VNA25-8C46D95B77,GHN_ADMIN_2025,1004519,NORMALIZED_EXACT,APPROVED,exact-name:1:1:parent-scoped:safe-normalization
VN_ADMIN_2025,VNA25-8C6E74CA74,GHN_ADMIN_2025,1004796,NORMALIZED_EXACT,APPROVED,exact-name:1:1:parent-scoped:safe-normalization
VN_ADMIN_2025,VNA25-8C8C6C5E56,GHN_ADMIN_2025,1004522,NORMALIZED_EXACT,APPROVED,exact-name:1:1:parent-scoped:safe-normalization
VN_ADMIN_2025,VNA25-8C939F25FE,GHN_ADMIN_2025,1005259,NORMALIZED_EXACT,APPROVED,exact-name:1:1:parent-scoped:safe-normalization
VN_ADMIN_2025,VNA25-8C9DD84C57,GHN_ADMIN_2025,1003985,NORMALIZED_TONE_PLACEMENT,APPROVED,offline-reviewed:1:1:parent-scoped:tone-placement
VN_ADMIN_2025,VNA25-8CB32A1B08,GHN_ADMIN_2025,1006385,NORMALIZED_EXACT,APPROVED,exact-name:1:1:parent-scoped:safe-normalization
VN_ADMIN_2025,VNA25-8D14A167D1,GHN_ADMIN_2025,1003783,NORMALIZED_EXACT,APPROVED,exact-name:1:1:parent-scoped:safe-normalization
VN_ADMIN_2025,VNA25-8D3748109A,GHN_ADMIN_2025,1003890,NORMALIZED_EXACT,APPROVED,exact-name:1:1:parent-scoped:safe-normalization
VN_ADMIN_2025,VNA25-8D3CEB361C,GHN_ADMIN_2025,1004233,NORMALIZED_EXACT,APPROVED,exact-name:1:1:parent-scoped:safe-normalization
VN_ADMIN_2025,VNA25-8D47784725,GHN_ADMIN_2025,1005782,NORMALIZED_EXACT,APPROVED,exact-name:1:1:parent-scoped:safe-normalization
VN_ADMIN_2025,VNA25-8D5B63BEA2,GHN_ADMIN_2025,1005954,NORMALIZED_EXACT,APPROVED,exact-name:1:1:parent-scoped:safe-normalization
VN_ADMIN_2025,VNA25-8D68B0458E,GHN_ADMIN_2025,1006162,NORMALIZED_EXACT,APPROVED,exact-name:1:1:parent-scoped:safe-normalization
VN_ADMIN_2025,VNA25-8D6E3DF753,GHN_ADMIN_2025,1004606,NORMALIZED_EXACT,APPROVED,exact-name:1:1:parent-scoped:safe-normalization
VN_ADMIN_2025,VNA25-8D87CFD1F5,GHN_ADMIN_2025,1006336,NORMALIZED_EXACT,APPROVED,exact-name:1:1:parent-scoped:safe-normalization
VN_ADMIN_2025,VNA25-8DEFDC038C,GHN_ADMIN_2025,1004535,NORMALIZED_EXACT,APPROVED,exact-name:1:1:parent-scoped:safe-normalization
VN_ADMIN_2025,VNA25-8E02B80012,GHN_ADMIN_2025,1005926,NORMALIZED_EXACT,APPROVED,exact-name:1:1:parent-scoped:safe-normalization
VN_ADMIN_2025,VNA25-8E07A2B5B0,GHN_ADMIN_2025,1003483,NORMALIZED_EXACT,APPROVED,exact-name:1:1:parent-scoped:safe-normalization
VN_ADMIN_2025,VNA25-8E3BE9097E,GHN_ADMIN_2025,1003869,NORMALIZED_EXACT,APPROVED,exact-name:1:1:parent-scoped:safe-normalization
VN_ADMIN_2025,VNA25-8E3D4C4309,GHN_ADMIN_2025,1003439,NORMALIZED_EXACT,APPROVED,exact-name:1:1:parent-scoped:safe-normalization
VN_ADMIN_2025,VNA25-8E5BFFB1DA,GHN_ADMIN_2025,1006545,NORMALIZED_EXACT,APPROVED,exact-name:1:1:parent-scoped:safe-normalization
VN_ADMIN_2025,VNA25-8E72E65561,GHN_ADMIN_2025,1006063,NORMALIZED_EXACT,APPROVED,exact-name:1:1:parent-scoped:safe-normalization
VN_ADMIN_2025,VNA25-8E893F4DBC,GHN_ADMIN_2025,1006619,NORMALIZED_EXACT,APPROVED,exact-name:1:1:parent-scoped:safe-normalization
VN_ADMIN_2025,VNA25-8E9421CF79,GHN_ADMIN_2025,1003823,NORMALIZED_EXACT,APPROVED,exact-name:1:1:parent-scoped:safe-normalization
VN_ADMIN_2025,VNA25-8ED6F503D0,GHN_ADMIN_2025,1006154,NORMALIZED_EXACT,APPROVED,exact-name:1:1:parent-scoped:safe-normalization
VN_ADMIN_2025,VNA25-8F0B46F501,GHN_ADMIN_2025,1006525,NORMALIZED_EXACT,APPROVED,exact-name:1:1:parent-scoped:safe-normalization
VN_ADMIN_2025,VNA25-8F1539549B,GHN_ADMIN_2025,1004549,NORMALIZED_EXACT,APPROVED,exact-name:1:1:parent-scoped:safe-normalization
VN_ADMIN_2025,VNA25-8F3AE12486,GHN_ADMIN_2025,1004421,NORMALIZED_EXACT,APPROVED,exact-name:1:1:parent-scoped:safe-normalization
VN_ADMIN_2025,VNA25-8F64762120,GHN_ADMIN_2025,1005492,NORMALIZED_EXACT,APPROVED,exact-name:1:1:parent-scoped:safe-normalization
VN_ADMIN_2025,VNA25-8F82A1F4B9,GHN_ADMIN_2025,1005026,NORMALIZED_EXACT,APPROVED,exact-name:1:1:parent-scoped:safe-normalization
VN_ADMIN_2025,VNA25-8F83903659,GHN_ADMIN_2025,1003440,NORMALIZED_TONE_PLACEMENT,APPROVED,offline-reviewed:1:1:parent-scoped:tone-placement
VN_ADMIN_2025,VNA25-8FA960D88B,GHN_ADMIN_2025,1003952,NORMALIZED_EXACT,APPROVED,exact-name:1:1:parent-scoped:safe-normalization
VN_ADMIN_2025,VNA25-8FAAE190A4,GHN_ADMIN_2025,1005501,NORMALIZED_EXACT,APPROVED,exact-name:1:1:parent-scoped:safe-normalization
VN_ADMIN_2025,VNA25-8FDAABB786,GHN_ADMIN_2025,1005012,NORMALIZED_EXACT,APPROVED,exact-name:1:1:parent-scoped:safe-normalization
VN_ADMIN_2025,VNA25-8FF0026E61,GHN_ADMIN_2025,1005421,NORMALIZED_EXACT,APPROVED,exact-name:1:1:parent-scoped:safe-normalization
VN_ADMIN_2025,VNA25-901AC3EF74,GHN_ADMIN_2025,1006543,NORMALIZED_EXACT,APPROVED,exact-name:1:1:parent-scoped:safe-normalization
VN_ADMIN_2025,VNA25-90255BFC34,GHN_ADMIN_2025,1004300,NORMALIZED_EXACT,APPROVED,exact-name:1:1:parent-scoped:safe-normalization
VN_ADMIN_2025,VNA25-9029E55C07,GHN_ADMIN_2025,1003446,NORMALIZED_EXACT,APPROVED,exact-name:1:1:parent-scoped:safe-normalization
VN_ADMIN_2025,VNA25-902B170079,GHN_ADMIN_2025,1003356,NORMALIZED_EXACT,APPROVED,exact-name:1:1:parent-scoped:safe-normalization
VN_ADMIN_2025,VNA25-9031A96D7C,GHN_ADMIN_2025,1006039,PARENT_SCOPED_REVIEWED,APPROVED,human-approved:same-parent:unique-candidate
VN_ADMIN_2025,VNA25-9053E815A4,GHN_ADMIN_2025,1005949,NORMALIZED_EXACT,APPROVED,exact-name:1:1:parent-scoped:safe-normalization
VN_ADMIN_2025,VNA25-906C839180,GHN_ADMIN_2025,1005053,NORMALIZED_EXACT,APPROVED,exact-name:1:1:parent-scoped:safe-normalization
VN_ADMIN_2025,VNA25-9076111BBC,GHN_ADMIN_2025,1005222,NORMALIZED_EXACT,APPROVED,exact-name:1:1:parent-scoped:safe-normalization
VN_ADMIN_2025,VNA25-907E1C4A4D,GHN_ADMIN_2025,1004516,NORMALIZED_EXACT,APPROVED,exact-name:1:1:parent-scoped:safe-normalization
VN_ADMIN_2025,VNA25-9083EA4894,GHN_ADMIN_2025,1003444,NORMALIZED_EXACT,APPROVED,exact-name:1:1:parent-scoped:safe-normalization
VN_ADMIN_2025,VNA25-90A6E8DE81,GHN_ADMIN_2025,1003546,NORMALIZED_TONE_PLACEMENT,APPROVED,offline-reviewed:1:1:parent-scoped:tone-placement
VN_ADMIN_2025,VNA25-90ABD98AD7,GHN_ADMIN_2025,1003390,NORMALIZED_EXACT,APPROVED,exact-name:1:1:parent-scoped:safe-normalization
VN_ADMIN_2025,VNA25-90AF02DA9E,GHN_ADMIN_2025,1004738,NORMALIZED_EXACT,APPROVED,exact-name:1:1:parent-scoped:safe-normalization
VN_ADMIN_2025,VNA25-90D7FA3C49,GHN_ADMIN_2025,1004077,NORMALIZED_EXACT,APPROVED,exact-name:1:1:parent-scoped:safe-normalization
VN_ADMIN_2025,VNA25-90DB3B6297,GHN_ADMIN_2025,1004394,NORMALIZED_EXACT,APPROVED,exact-name:1:1:parent-scoped:safe-normalization
VN_ADMIN_2025,VNA25-90F0D12DC3,GHN_ADMIN_2025,1006104,NORMALIZED_EXACT,APPROVED,exact-name:1:1:parent-scoped:safe-normalization
VN_ADMIN_2025,VNA25-910D8545C4,GHN_ADMIN_2025,1006470,NORMALIZED_EXACT,APPROVED,exact-name:1:1:parent-scoped:safe-normalization
VN_ADMIN_2025,VNA25-91147AD643,GHN_ADMIN_2025,1005854,NORMALIZED_EXACT,APPROVED,exact-name:1:1:parent-scoped:safe-normalization
VN_ADMIN_2025,VNA25-9125A7EB6A,GHN_ADMIN_2025,1006192,NORMALIZED_EXACT,APPROVED,exact-name:1:1:parent-scoped:safe-normalization
VN_ADMIN_2025,VNA25-91276AE3EF,GHN_ADMIN_2025,1005270,NORMALIZED_EXACT,APPROVED,exact-name:1:1:parent-scoped:safe-normalization
VN_ADMIN_2025,VNA25-9144AC37BD,GHN_ADMIN_2025,1003940,NORMALIZED_EXACT,APPROVED,exact-name:1:1:parent-scoped:safe-normalization
VN_ADMIN_2025,VNA25-9145D56451,GHN_ADMIN_2025,1003514,NORMALIZED_EXACT,APPROVED,exact-name:1:1:parent-scoped:safe-normalization
VN_ADMIN_2025,VNA25-914AAE6FC9,GHN_ADMIN_2025,1004798,NORMALIZED_EXACT,APPROVED,exact-name:1:1:parent-scoped:safe-normalization
VN_ADMIN_2025,VNA25-915A0FA445,GHN_ADMIN_2025,1006234,NORMALIZED_EXACT,APPROVED,exact-name:1:1:parent-scoped:safe-normalization
VN_ADMIN_2025,VNA25-916C48A0F3,GHN_ADMIN_2025,1004481,NORMALIZED_EXACT,APPROVED,exact-name:1:1:parent-scoped:safe-normalization
VN_ADMIN_2025,VNA25-91730150FB,GHN_ADMIN_2025,1004527,NORMALIZED_EXACT,APPROVED,exact-name:1:1:parent-scoped:safe-normalization
VN_ADMIN_2025,VNA25-918FDFF7F5,GHN_ADMIN_2025,1004386,NORMALIZED_EXACT,APPROVED,exact-name:1:1:parent-scoped:safe-normalization
VN_ADMIN_2025,VNA25-91DC4FE0E9,GHN_ADMIN_2025,1003685,NORMALIZED_EXACT,APPROVED,exact-name:1:1:parent-scoped:safe-normalization
VN_ADMIN_2025,VNA25-91E224EA3F,GHN_ADMIN_2025,1003774,NORMALIZED_EXACT,APPROVED,exact-name:1:1:parent-scoped:safe-normalization
VN_ADMIN_2025,VNA25-92101FED93,GHN_ADMIN_2025,1004101,NORMALIZED_EXACT,APPROVED,exact-name:1:1:parent-scoped:safe-normalization
VN_ADMIN_2025,VNA25-92FCD1AAFD,GHN_ADMIN_2025,1004129,NORMALIZED_EXACT,APPROVED,exact-name:1:1:parent-scoped:safe-normalization
VN_ADMIN_2025,VNA25-930EC62485,GHN_ADMIN_2025,1003728,NORMALIZED_EXACT,APPROVED,exact-name:1:1:parent-scoped:safe-normalization
VN_ADMIN_2025,VNA25-9313491A4D,GHN_ADMIN_2025,1006004,NORMALIZED_EXACT,APPROVED,exact-name:1:1:parent-scoped:safe-normalization
VN_ADMIN_2025,VNA25-9320B31600,GHN_ADMIN_2025,1004817,NORMALIZED_EXACT,APPROVED,exact-name:1:1:parent-scoped:safe-normalization
VN_ADMIN_2025,VNA25-9343956096,GHN_ADMIN_2025,1005212,NORMALIZED_EXACT,APPROVED,exact-name:1:1:parent-scoped:safe-normalization
VN_ADMIN_2025,VNA25-937F3A9B80,GHN_ADMIN_2025,1003620,NORMALIZED_EXACT,APPROVED,exact-name:1:1:parent-scoped:safe-normalization
VN_ADMIN_2025,VNA25-93804318A2,GHN_ADMIN_2025,1003634,NORMALIZED_EXACT,APPROVED,exact-name:1:1:parent-scoped:safe-normalization
VN_ADMIN_2025,VNA25-938568C0F1,GHN_ADMIN_2025,1005647,NORMALIZED_EXACT,APPROVED,exact-name:1:1:parent-scoped:safe-normalization
VN_ADMIN_2025,VNA25-93A5093EAD,GHN_ADMIN_2025,1004789,NORMALIZED_EXACT,APPROVED,exact-name:1:1:parent-scoped:safe-normalization
VN_ADMIN_2025,VNA25-93CE8AF542,GHN_ADMIN_2025,1006012,NORMALIZED_EXACT,APPROVED,exact-name:1:1:parent-scoped:safe-normalization
VN_ADMIN_2025,VNA25-93D54881AD,GHN_ADMIN_2025,1003933,NORMALIZED_EXACT,APPROVED,exact-name:1:1:parent-scoped:safe-normalization
VN_ADMIN_2025,VNA25-93E66256EB,GHN_ADMIN_2025,1004229,NORMALIZED_EXACT,APPROVED,exact-name:1:1:parent-scoped:safe-normalization
VN_ADMIN_2025,VNA25-93F11838ED,GHN_ADMIN_2025,1006218,NORMALIZED_EXACT,APPROVED,exact-name:1:1:parent-scoped:safe-normalization
VN_ADMIN_2025,VNA25-940878779E,GHN_ADMIN_2025,1005193,NORMALIZED_EXACT,APPROVED,exact-name:1:1:parent-scoped:safe-normalization
VN_ADMIN_2025,VNA25-94191597FB,GHN_ADMIN_2025,1006185,NORMALIZED_EXACT,APPROVED,exact-name:1:1:parent-scoped:safe-normalization
VN_ADMIN_2025,VNA25-9433091E9A,GHN_ADMIN_2025,1004246,NORMALIZED_EXACT,APPROVED,exact-name:1:1:parent-scoped:safe-normalization
VN_ADMIN_2025,VNA25-9488D05075,GHN_ADMIN_2025,1004757,NORMALIZED_EXACT,APPROVED,exact-name:1:1:parent-scoped:safe-normalization
VN_ADMIN_2025,VNA25-949A3F9D0B,GHN_ADMIN_2025,1004844,NORMALIZED_EXACT,APPROVED,exact-name:1:1:parent-scoped:safe-normalization
VN_ADMIN_2025,VNA25-94CEFD9FBA,GHN_ADMIN_2025,1005674,NORMALIZED_EXACT,APPROVED,exact-name:1:1:parent-scoped:safe-normalization
VN_ADMIN_2025,VNA25-9519446BDA,GHN_ADMIN_2025,1004117,NORMALIZED_EXACT,APPROVED,exact-name:1:1:parent-scoped:safe-normalization
VN_ADMIN_2025,VNA25-95443078C9,GHN_ADMIN_2025,1005430,NORMALIZED_EXACT,APPROVED,exact-name:1:1:parent-scoped:safe-normalization
VN_ADMIN_2025,VNA25-9544A2E5B2,GHN_ADMIN_2025,1004021,NORMALIZED_EXACT,APPROVED,exact-name:1:1:parent-scoped:safe-normalization
VN_ADMIN_2025,VNA25-9545BE857E,GHN_ADMIN_2025,1005197,NORMALIZED_EXACT,APPROVED,exact-name:1:1:parent-scoped:safe-normalization
VN_ADMIN_2025,VNA25-954C1589BF,GHN_ADMIN_2025,1004471,NORMALIZED_EXACT,APPROVED,exact-name:1:1:parent-scoped:safe-normalization
VN_ADMIN_2025,VNA25-955A47A0DA,GHN_ADMIN_2025,1006602,NORMALIZED_EXACT,APPROVED,exact-name:1:1:parent-scoped:safe-normalization
VN_ADMIN_2025,VNA25-956CC1F6A2,GHN_ADMIN_2025,1005720,NORMALIZED_EXACT,APPROVED,exact-name:1:1:parent-scoped:safe-normalization
VN_ADMIN_2025,VNA25-956F7D5C21,GHN_ADMIN_2025,1004337,NORMALIZED_EXACT,APPROVED,exact-name:1:1:parent-scoped:safe-normalization
VN_ADMIN_2025,VNA25-958BF5FD92,GHN_ADMIN_2025,1006415,NORMALIZED_EXACT,APPROVED,exact-name:1:1:parent-scoped:safe-normalization
VN_ADMIN_2025,VNA25-95A50FC2CE,GHN_ADMIN_2025,1004212,NORMALIZED_EXACT,APPROVED,exact-name:1:1:parent-scoped:safe-normalization
VN_ADMIN_2025,VNA25-95AEA6ACC8,GHN_ADMIN_2025,1006043,NORMALIZED_EXACT,APPROVED,exact-name:1:1:parent-scoped:safe-normalization
VN_ADMIN_2025,VNA25-95B2057209,GHN_ADMIN_2025,1005368,NORMALIZED_EXACT,APPROVED,exact-name:1:1:parent-scoped:safe-normalization
VN_ADMIN_2025,VNA25-95BE6E6DC3,GHN_ADMIN_2025,1006432,NORMALIZED_EXACT,APPROVED,exact-name:1:1:parent-scoped:safe-normalization
VN_ADMIN_2025,VNA25-95E3DEB2C4,GHN_ADMIN_2025,1004555,NORMALIZED_EXACT,APPROVED,exact-name:1:1:parent-scoped:safe-normalization
VN_ADMIN_2025,VNA25-95E6FED8D3,GHN_ADMIN_2025,1005846,NORMALIZED_EXACT,APPROVED,exact-name:1:1:parent-scoped:safe-normalization
VN_ADMIN_2025,VNA25-95EA0E7F16,GHN_ADMIN_2025,1005756,NORMALIZED_EXACT,APPROVED,exact-name:1:1:parent-scoped:safe-normalization
VN_ADMIN_2025,VNA25-95FD6BB5E9,GHN_ADMIN_2025,1004156,NORMALIZED_EXACT,APPROVED,exact-name:1:1:parent-scoped:safe-normalization
VN_ADMIN_2025,VNA25-961658230B,GHN_ADMIN_2025,1005370,NORMALIZED_EXACT,APPROVED,exact-name:1:1:parent-scoped:safe-normalization
VN_ADMIN_2025,VNA25-9627ED9403,GHN_ADMIN_2025,1005394,NORMALIZED_EXACT,APPROVED,exact-name:1:1:parent-scoped:safe-normalization
VN_ADMIN_2025,VNA25-962D6FB368,GHN_ADMIN_2025,1004041,NORMALIZED_EXACT,APPROVED,exact-name:1:1:parent-scoped:safe-normalization
VN_ADMIN_2025,VNA25-9635A680A9,GHN_ADMIN_2025,1003503,NORMALIZED_EXACT,APPROVED,exact-name:1:1:parent-scoped:safe-normalization
VN_ADMIN_2025,VNA25-9645D9DBD6,GHN_ADMIN_2025,1003406,NORMALIZED_EXACT,APPROVED,exact-name:1:1:parent-scoped:safe-normalization
VN_ADMIN_2025,VNA25-9652517F5C,GHN_ADMIN_2025,1005258,NORMALIZED_EXACT,APPROVED,exact-name:1:1:parent-scoped:safe-normalization
VN_ADMIN_2025,VNA25-969809994A,GHN_ADMIN_2025,1006003,NORMALIZED_EXACT,APPROVED,exact-name:1:1:parent-scoped:safe-normalization
VN_ADMIN_2025,VNA25-96BC465B7E,GHN_ADMIN_2025,1004832,NORMALIZED_EXACT,APPROVED,exact-name:1:1:parent-scoped:safe-normalization
VN_ADMIN_2025,VNA25-96D082B536,GHN_ADMIN_2025,1003899,NORMALIZED_EXACT,APPROVED,exact-name:1:1:parent-scoped:safe-normalization
VN_ADMIN_2025,VNA25-96DD27FB8E,GHN_ADMIN_2025,1005641,NORMALIZED_EXACT,APPROVED,exact-name:1:1:parent-scoped:safe-normalization
VN_ADMIN_2025,VNA25-96E62461AB,GHN_ADMIN_2025,1006116,NORMALIZED_EXACT,APPROVED,exact-name:1:1:parent-scoped:safe-normalization
VN_ADMIN_2025,VNA25-96FA7383FA,GHN_ADMIN_2025,1006649,NORMALIZED_EXACT,APPROVED,exact-name:1:1:parent-scoped:safe-normalization
VN_ADMIN_2025,VNA25-9704AADB9D,GHN_ADMIN_2025,1004652,NORMALIZED_EXACT,APPROVED,exact-name:1:1:parent-scoped:safe-normalization
VN_ADMIN_2025,VNA25-9718DAA2A7,GHN_ADMIN_2025,1004277,NORMALIZED_EXACT,APPROVED,exact-name:1:1:parent-scoped:safe-normalization
VN_ADMIN_2025,VNA25-971D47C382,GHN_ADMIN_2025,1006362,NORMALIZED_EXACT,APPROVED,exact-name:1:1:parent-scoped:safe-normalization
VN_ADMIN_2025,VNA25-9720A4B201,GHN_ADMIN_2025,1003946,NORMALIZED_EXACT,APPROVED,exact-name:1:1:parent-scoped:safe-normalization
VN_ADMIN_2025,VNA25-972F04F474,GHN_ADMIN_2025,1006617,NORMALIZED_EXACT,APPROVED,exact-name:1:1:parent-scoped:safe-normalization
VN_ADMIN_2025,VNA25-97AB375117,GHN_ADMIN_2025,1005519,NORMALIZED_EXACT,APPROVED,exact-name:1:1:parent-scoped:safe-normalization
VN_ADMIN_2025,VNA25-97B446AA37,GHN_ADMIN_2025,1005543,NORMALIZED_EXACT,APPROVED,exact-name:1:1:parent-scoped:safe-normalization
VN_ADMIN_2025,VNA25-97CAD8541E,GHN_ADMIN_2025,1004937,NORMALIZED_EXACT,APPROVED,exact-name:1:1:parent-scoped:safe-normalization
VN_ADMIN_2025,VNA25-97F2A201FC,GHN_ADMIN_2025,1004203,NORMALIZED_EXACT,APPROVED,exact-name:1:1:parent-scoped:safe-normalization
VN_ADMIN_2025,VNA25-97F9BDF7DB,GHN_ADMIN_2025,1006499,NORMALIZED_EXACT,APPROVED,exact-name:1:1:parent-scoped:safe-normalization
VN_ADMIN_2025,VNA25-9815781A8C,GHN_ADMIN_2025,1003706,NORMALIZED_EXACT,APPROVED,exact-name:1:1:parent-scoped:safe-normalization
VN_ADMIN_2025,VNA25-981DCAC68D,GHN_ADMIN_2025,1005865,NORMALIZED_EXACT,APPROVED,exact-name:1:1:parent-scoped:safe-normalization
VN_ADMIN_2025,VNA25-982DDCF692,GHN_ADMIN_2025,1006462,NORMALIZED_EXACT,APPROVED,exact-name:1:1:parent-scoped:safe-normalization
VN_ADMIN_2025,VNA25-983AAC4307,GHN_ADMIN_2025,1006206,NORMALIZED_EXACT,APPROVED,exact-name:1:1:parent-scoped:safe-normalization
VN_ADMIN_2025,VNA25-983DBFEA9B,GHN_ADMIN_2025,1004902,NORMALIZED_EXACT,APPROVED,exact-name:1:1:parent-scoped:safe-normalization
VN_ADMIN_2025,VNA25-984B1DACBB,GHN_ADMIN_2025,1004048,NORMALIZED_EXACT,APPROVED,exact-name:1:1:parent-scoped:safe-normalization
VN_ADMIN_2025,VNA25-985ACD7CE6,GHN_ADMIN_2025,1003624,NORMALIZED_EXACT,APPROVED,exact-name:1:1:parent-scoped:safe-normalization
VN_ADMIN_2025,VNA25-985C68375A,GHN_ADMIN_2025,1005301,NORMALIZED_EXACT,APPROVED,exact-name:1:1:parent-scoped:safe-normalization
VN_ADMIN_2025,VNA25-987FC5C777,GHN_ADMIN_2025,1006100,NORMALIZED_EXACT,APPROVED,exact-name:1:1:parent-scoped:safe-normalization
VN_ADMIN_2025,VNA25-988391F7C7,GHN_ADMIN_2025,1006177,NORMALIZED_EXACT,APPROVED,exact-name:1:1:parent-scoped:safe-normalization
VN_ADMIN_2025,VNA25-9883933733,GHN_ADMIN_2025,1005693,NORMALIZED_EXACT,APPROVED,exact-name:1:1:parent-scoped:safe-normalization
VN_ADMIN_2025,VNA25-98B27A2497,GHN_ADMIN_2025,1006322,NORMALIZED_EXACT,APPROVED,exact-name:1:1:parent-scoped:safe-normalization
VN_ADMIN_2025,VNA25-98D0C23650,GHN_ADMIN_2025,1004751,NORMALIZED_EXACT,APPROVED,exact-name:1:1:parent-scoped:safe-normalization
VN_ADMIN_2025,VNA25-98F1B87158,GHN_ADMIN_2025,1005337,NORMALIZED_EXACT,APPROVED,exact-name:1:1:parent-scoped:safe-normalization
VN_ADMIN_2025,VNA25-98F33039F6,GHN_ADMIN_2025,1005616,NORMALIZED_EXACT,APPROVED,exact-name:1:1:parent-scoped:safe-normalization
VN_ADMIN_2025,VNA25-9908209E0D,GHN_ADMIN_2025,1004645,NORMALIZED_EXACT,APPROVED,exact-name:1:1:parent-scoped:safe-normalization
VN_ADMIN_2025,VNA25-99109608A0,GHN_ADMIN_2025,1006017,NORMALIZED_EXACT,APPROVED,exact-name:1:1:parent-scoped:safe-normalization
VN_ADMIN_2025,VNA25-991CD43966,GHN_ADMIN_2025,1003410,NORMALIZED_EXACT,APPROVED,exact-name:1:1:parent-scoped:safe-normalization
VN_ADMIN_2025,VNA25-991E1C0EF7,GHN_ADMIN_2025,1004646,NORMALIZED_EXACT,APPROVED,exact-name:1:1:parent-scoped:safe-normalization
VN_ADMIN_2025,VNA25-991E522FD4,GHN_ADMIN_2025,1004266,NORMALIZED_EXACT,APPROVED,exact-name:1:1:parent-scoped:safe-normalization
VN_ADMIN_2025,VNA25-9925E6784A,GHN_ADMIN_2025,1005930,NORMALIZED_EXACT,APPROVED,exact-name:1:1:parent-scoped:safe-normalization
VN_ADMIN_2025,VNA25-9948FD0375,GHN_ADMIN_2025,1003355,NORMALIZED_EXACT,APPROVED,exact-name:1:1:parent-scoped:safe-normalization
VN_ADMIN_2025,VNA25-994979E104,GHN_ADMIN_2025,1004410,NORMALIZED_EXACT,APPROVED,exact-name:1:1:parent-scoped:safe-normalization
VN_ADMIN_2025,VNA25-9949C1AB59,GHN_ADMIN_2025,1004208,NORMALIZED_EXACT,APPROVED,exact-name:1:1:parent-scoped:safe-normalization
VN_ADMIN_2025,VNA25-994B780CEE,GHN_ADMIN_2025,1004924,NORMALIZED_EXACT,APPROVED,exact-name:1:1:parent-scoped:safe-normalization
VN_ADMIN_2025,VNA25-994EA58C65,GHN_ADMIN_2025,1005333,NORMALIZED_EXACT,APPROVED,exact-name:1:1:parent-scoped:safe-normalization
VN_ADMIN_2025,VNA25-99563DE00C,GHN_ADMIN_2025,1005879,NORMALIZED_EXACT,APPROVED,exact-name:1:1:parent-scoped:safe-normalization
VN_ADMIN_2025,VNA25-9956C962E7,GHN_ADMIN_2025,1003675,NORMALIZED_EXACT,APPROVED,exact-name:1:1:parent-scoped:safe-normalization
VN_ADMIN_2025,VNA25-99636E41A8,GHN_ADMIN_2025,1005902,NORMALIZED_EXACT,APPROVED,exact-name:1:1:parent-scoped:safe-normalization
VN_ADMIN_2025,VNA25-9987A002DD,GHN_ADMIN_2025,1004484,NORMALIZED_EXACT,APPROVED,exact-name:1:1:parent-scoped:safe-normalization
VN_ADMIN_2025,VNA25-999691EEFA,GHN_ADMIN_2025,1004449,NORMALIZED_EXACT,APPROVED,exact-name:1:1:parent-scoped:safe-normalization
VN_ADMIN_2025,VNA25-999E6153C5,GHN_ADMIN_2025,1004729,NORMALIZED_EXACT,APPROVED,exact-name:1:1:parent-scoped:safe-normalization
VN_ADMIN_2025,VNA25-99A3BC50A9,GHN_ADMIN_2025,1006328,NORMALIZED_EXACT,APPROVED,exact-name:1:1:parent-scoped:safe-normalization
VN_ADMIN_2025,VNA25-99B483155A,GHN_ADMIN_2025,1004435,NORMALIZED_EXACT,APPROVED,exact-name:1:1:parent-scoped:safe-normalization
VN_ADMIN_2025,VNA25-99CBD8E523,GHN_ADMIN_2025,1004406,NORMALIZED_EXACT,APPROVED,exact-name:1:1:parent-scoped:safe-normalization
VN_ADMIN_2025,VNA25-99D0C1CE09,GHN_ADMIN_2025,1005962,NORMALIZED_EXACT,APPROVED,exact-name:1:1:parent-scoped:safe-normalization
VN_ADMIN_2025,VNA25-99DA2410D4,GHN_ADMIN_2025,1006142,NORMALIZED_EXACT,APPROVED,exact-name:1:1:parent-scoped:safe-normalization
VN_ADMIN_2025,VNA25-99FF91D6EE,GHN_ADMIN_2025,1003642,NORMALIZED_EXACT,APPROVED,exact-name:1:1:parent-scoped:safe-normalization
VN_ADMIN_2025,VNA25-9A0283F68B,GHN_ADMIN_2025,1003686,NORMALIZED_EXACT,APPROVED,exact-name:1:1:parent-scoped:safe-normalization
VN_ADMIN_2025,VNA25-9A08FD3C82,GHN_ADMIN_2025,1004257,NORMALIZED_EXACT,APPROVED,exact-name:1:1:parent-scoped:safe-normalization
VN_ADMIN_2025,VNA25-9A35A9180E,GHN_ADMIN_2025,1005910,NORMALIZED_EXACT,APPROVED,exact-name:1:1:parent-scoped:safe-normalization
VN_ADMIN_2025,VNA25-9A4C6959E3,GHN_ADMIN_2025,1004080,NORMALIZED_EXACT,APPROVED,exact-name:1:1:parent-scoped:safe-normalization
VN_ADMIN_2025,VNA25-9A6BA7467C,GHN_ADMIN_2025,1003959,NORMALIZED_EXACT,APPROVED,exact-name:1:1:parent-scoped:safe-normalization
VN_ADMIN_2025,VNA25-9A713910C0,GHN_ADMIN_2025,1004591,NORMALIZED_EXACT,APPROVED,exact-name:1:1:parent-scoped:safe-normalization
VN_ADMIN_2025,VNA25-9A9BEFF4BB,GHN_ADMIN_2025,1004308,NORMALIZED_EXACT,APPROVED,exact-name:1:1:parent-scoped:safe-normalization
VN_ADMIN_2025,VNA25-9AA1019D8D,GHN_ADMIN_2025,1003697,NORMALIZED_EXACT,APPROVED,exact-name:1:1:parent-scoped:safe-normalization
VN_ADMIN_2025,VNA25-9AB57CEFD4,GHN_ADMIN_2025,1003404,NORMALIZED_EXACT,APPROVED,exact-name:1:1:parent-scoped:safe-normalization
VN_ADMIN_2025,VNA25-9ABCA506BB,GHN_ADMIN_2025,1005884,NORMALIZED_SPACING_DASH,APPROVED,offline-reviewed:1:1:parent-scoped:spacing-dash
VN_ADMIN_2025,VNA25-9ADE42E276,GHN_ADMIN_2025,1004495,PARENT_SCOPED_REVIEWED,APPROVED,human-approved:same-parent:unique-candidate
VN_ADMIN_2025,VNA25-9AECF7E03C,GHN_ADMIN_2025,1006534,NORMALIZED_EXACT,APPROVED,exact-name:1:1:parent-scoped:safe-normalization
VN_ADMIN_2025,VNA25-9AF244D064,GHN_ADMIN_2025,1003443,NORMALIZED_EXACT,APPROVED,exact-name:1:1:parent-scoped:safe-normalization
VN_ADMIN_2025,VNA25-9AFE294C47,GHN_ADMIN_2025,1005724,NORMALIZED_EXACT,APPROVED,exact-name:1:1:parent-scoped:safe-normalization
VN_ADMIN_2025,VNA25-9B16CE48B4,GHN_ADMIN_2025,1004857,NORMALIZED_EXACT,APPROVED,exact-name:1:1:parent-scoped:safe-normalization
VN_ADMIN_2025,VNA25-9B678D8CD1,GHN_ADMIN_2025,1006637,NORMALIZED_EXACT,APPROVED,exact-name:1:1:parent-scoped:safe-normalization
VN_ADMIN_2025,VNA25-9B6E176F49,GHN_ADMIN_2025,1003916,NORMALIZED_EXACT,APPROVED,exact-name:1:1:parent-scoped:safe-normalization
VN_ADMIN_2025,VNA25-9B6EAA5B98,GHN_ADMIN_2025,1003378,NORMALIZED_EXACT,APPROVED,exact-name:1:1:parent-scoped:safe-normalization
VN_ADMIN_2025,VNA25-9B702C2157,GHN_ADMIN_2025,1003411,NORMALIZED_EXACT,APPROVED,exact-name:1:1:parent-scoped:safe-normalization
VN_ADMIN_2025,VNA25-9B702DE590,GHN_ADMIN_2025,1003673,NORMALIZED_EXACT,APPROVED,exact-name:1:1:parent-scoped:safe-normalization
VN_ADMIN_2025,VNA25-9B77601A5E,GHN_ADMIN_2025,1004081,NORMALIZED_EXACT,APPROVED,exact-name:1:1:parent-scoped:safe-normalization
VN_ADMIN_2025,VNA25-9B8488AEA5,GHN_ADMIN_2025,1004419,NORMALIZED_EXACT,APPROVED,exact-name:1:1:parent-scoped:safe-normalization
VN_ADMIN_2025,VNA25-9B86031CDB,GHN_ADMIN_2025,1006579,NORMALIZED_EXACT,APPROVED,exact-name:1:1:parent-scoped:safe-normalization
VN_ADMIN_2025,VNA25-9BBE031146,GHN_ADMIN_2025,1004359,NORMALIZED_EXACT,APPROVED,exact-name:1:1:parent-scoped:safe-normalization
VN_ADMIN_2025,VNA25-9BCAEBBF9D,GHN_ADMIN_2025,1004889,NORMALIZED_EXACT,APPROVED,exact-name:1:1:parent-scoped:safe-normalization
VN_ADMIN_2025,VNA25-9BF7C934ED,GHN_ADMIN_2025,1005267,NORMALIZED_EXACT,APPROVED,exact-name:1:1:parent-scoped:safe-normalization
VN_ADMIN_2025,VNA25-9BFAB2D851,GHN_ADMIN_2025,1003756,NORMALIZED_EXACT,APPROVED,exact-name:1:1:parent-scoped:safe-normalization
VN_ADMIN_2025,VNA25-9C07C3C785,GHN_ADMIN_2025,1005737,NORMALIZED_EXACT,APPROVED,exact-name:1:1:parent-scoped:safe-normalization
VN_ADMIN_2025,VNA25-9C145529AA,GHN_ADMIN_2025,1004330,NORMALIZED_EXACT,APPROVED,exact-name:1:1:parent-scoped:safe-normalization
VN_ADMIN_2025,VNA25-9C21E90B46,GHN_ADMIN_2025,1006326,NORMALIZED_EXACT,APPROVED,exact-name:1:1:parent-scoped:safe-normalization
VN_ADMIN_2025,VNA25-9C4AEE04B6,GHN_ADMIN_2025,1004487,NORMALIZED_EXACT,APPROVED,exact-name:1:1:parent-scoped:safe-normalization
VN_ADMIN_2025,VNA25-9C79B271A1,GHN_ADMIN_2025,1004470,NORMALIZED_EXACT,APPROVED,exact-name:1:1:parent-scoped:safe-normalization
VN_ADMIN_2025,VNA25-9C7FDE087A,GHN_ADMIN_2025,1003398,NORMALIZED_EXACT,APPROVED,exact-name:1:1:parent-scoped:safe-normalization
VN_ADMIN_2025,VNA25-9C995C11FE,GHN_ADMIN_2025,1006515,NORMALIZED_EXACT,APPROVED,exact-name:1:1:parent-scoped:safe-normalization
VN_ADMIN_2025,VNA25-9CAC956BBB,GHN_ADMIN_2025,1004354,NORMALIZED_EXACT,APPROVED,exact-name:1:1:parent-scoped:safe-normalization
VN_ADMIN_2025,VNA25-9CB6C91075,GHN_ADMIN_2025,1005416,NORMALIZED_EXACT,APPROVED,exact-name:1:1:parent-scoped:safe-normalization
VN_ADMIN_2025,VNA25-9CBC77E76B,GHN_ADMIN_2025,1006588,NORMALIZED_EXACT,APPROVED,exact-name:1:1:parent-scoped:safe-normalization
VN_ADMIN_2025,VNA25-9CD03A0560,GHN_ADMIN_2025,1005383,NORMALIZED_EXACT,APPROVED,exact-name:1:1:parent-scoped:safe-normalization
VN_ADMIN_2025,VNA25-9CD6A04CF5,GHN_ADMIN_2025,1006586,NORMALIZED_EXACT,APPROVED,exact-name:1:1:parent-scoped:safe-normalization
VN_ADMIN_2025,VNA25-9CDBBF8B00,GHN_ADMIN_2025,1004534,NORMALIZED_EXACT,APPROVED,exact-name:1:1:parent-scoped:safe-normalization
VN_ADMIN_2025,VNA25-9CF9ABE8B7,GHN_ADMIN_2025,1006674,NORMALIZED_EXACT,APPROVED,exact-name:1:1:parent-scoped:safe-normalization
VN_ADMIN_2025,VNA25-9CFE2EB936,GHN_ADMIN_2025,1006005,NORMALIZED_EXACT,APPROVED,exact-name:1:1:parent-scoped:safe-normalization
VN_ADMIN_2025,VNA25-9D0231E3FA,GHN_ADMIN_2025,1006265,NORMALIZED_EXACT,APPROVED,exact-name:1:1:parent-scoped:safe-normalization
VN_ADMIN_2025,VNA25-9D27E8721D,GHN_ADMIN_2025,1003836,NORMALIZED_EXACT,APPROVED,exact-name:1:1:parent-scoped:safe-normalization
VN_ADMIN_2025,VNA25-9D4D1BD089,GHN_ADMIN_2025,1003854,NORMALIZED_EXACT,APPROVED,exact-name:1:1:parent-scoped:safe-normalization
VN_ADMIN_2025,VNA25-9D599DC16C,GHN_ADMIN_2025,1003447,NORMALIZED_EXACT,APPROVED,exact-name:1:1:parent-scoped:safe-normalization
VN_ADMIN_2025,VNA25-9D6466AC2B,GHN_ADMIN_2025,1004867,NORMALIZED_EXACT,APPROVED,exact-name:1:1:parent-scoped:safe-normalization
VN_ADMIN_2025,VNA25-9D7CBEE85E,GHN_ADMIN_2025,1004075,NORMALIZED_EXACT,APPROVED,exact-name:1:1:parent-scoped:safe-normalization
VN_ADMIN_2025,VNA25-9D84460E9D,GHN_ADMIN_2025,1005008,NORMALIZED_EXACT,APPROVED,exact-name:1:1:parent-scoped:safe-normalization
VN_ADMIN_2025,VNA25-9D846A9045,GHN_ADMIN_2025,1003850,NORMALIZED_EXACT,APPROVED,exact-name:1:1:parent-scoped:safe-normalization
VN_ADMIN_2025,VNA25-9D8D48E754,GHN_ADMIN_2025,1006107,NORMALIZED_EXACT,APPROVED,exact-name:1:1:parent-scoped:safe-normalization
VN_ADMIN_2025,VNA25-9DBF21E5F6,GHN_ADMIN_2025,1003978,NORMALIZED_EXACT,APPROVED,exact-name:1:1:parent-scoped:safe-normalization
VN_ADMIN_2025,VNA25-9DC0B3905B,GHN_ADMIN_2025,1006441,NORMALIZED_EXACT,APPROVED,exact-name:1:1:parent-scoped:safe-normalization
VN_ADMIN_2025,VNA25-9DD41CBED7,GHN_ADMIN_2025,1005572,NORMALIZED_EXACT,APPROVED,exact-name:1:1:parent-scoped:safe-normalization
VN_ADMIN_2025,VNA25-9DE4F44D6E,GHN_ADMIN_2025,1006538,NORMALIZED_EXACT,APPROVED,exact-name:1:1:parent-scoped:safe-normalization
VN_ADMIN_2025,VNA25-9E0A751FDF,GHN_ADMIN_2025,1006598,NORMALIZED_EXACT,APPROVED,exact-name:1:1:parent-scoped:safe-normalization
VN_ADMIN_2025,VNA25-9E18AD9D5F,GHN_ADMIN_2025,1003394,NORMALIZED_EXACT,APPROVED,exact-name:1:1:parent-scoped:safe-normalization
VN_ADMIN_2025,VNA25-9E2374B35D,GHN_ADMIN_2025,1004098,NORMALIZED_EXACT,APPROVED,exact-name:1:1:parent-scoped:safe-normalization
VN_ADMIN_2025,VNA25-9E2783E512,GHN_ADMIN_2025,1006426,NORMALIZED_TONE_PLACEMENT,APPROVED,offline-reviewed:1:1:parent-scoped:tone-placement
VN_ADMIN_2025,VNA25-9E3BBF484D,GHN_ADMIN_2025,1006026,NORMALIZED_EXACT,APPROVED,exact-name:1:1:parent-scoped:safe-normalization
VN_ADMIN_2025,VNA25-9E5691754B,GHN_ADMIN_2025,1005475,NORMALIZED_EXACT,APPROVED,exact-name:1:1:parent-scoped:safe-normalization
VN_ADMIN_2025,VNA25-9E6C86133F,GHN_ADMIN_2025,1005342,NORMALIZED_EXACT,APPROVED,exact-name:1:1:parent-scoped:safe-normalization
VN_ADMIN_2025,VNA25-9E7E244ED8,GHN_ADMIN_2025,1005215,NORMALIZED_EXACT,APPROVED,exact-name:1:1:parent-scoped:safe-normalization
VN_ADMIN_2025,VNA25-9E8A31C03B,GHN_ADMIN_2025,1006241,NORMALIZED_EXACT,APPROVED,exact-name:1:1:parent-scoped:safe-normalization
VN_ADMIN_2025,VNA25-9E8B1965BA,GHN_ADMIN_2025,1006496,NORMALIZED_EXACT,APPROVED,exact-name:1:1:parent-scoped:safe-normalization
VN_ADMIN_2025,VNA25-9E91C7CD2C,GHN_ADMIN_2025,1005794,NORMALIZED_EXACT,APPROVED,exact-name:1:1:parent-scoped:safe-normalization
VN_ADMIN_2025,VNA25-9EA2DE2E95,GHN_ADMIN_2025,1004942,NORMALIZED_EXACT,APPROVED,exact-name:1:1:parent-scoped:safe-normalization
VN_ADMIN_2025,VNA25-9EDF6A31D8,GHN_ADMIN_2025,1005285,NORMALIZED_EXACT,APPROVED,exact-name:1:1:parent-scoped:safe-normalization
VN_ADMIN_2025,VNA25-9EE2F52F11,GHN_ADMIN_2025,1004086,NORMALIZED_EXACT,APPROVED,exact-name:1:1:parent-scoped:safe-normalization
VN_ADMIN_2025,VNA25-9EEDB0D9CB,GHN_ADMIN_2025,1006404,NORMALIZED_EXACT,APPROVED,exact-name:1:1:parent-scoped:safe-normalization
VN_ADMIN_2025,VNA25-9F073D5381,GHN_ADMIN_2025,1003821,NORMALIZED_EXACT,APPROVED,exact-name:1:1:parent-scoped:safe-normalization
VN_ADMIN_2025,VNA25-9F11D776A3,GHN_ADMIN_2025,1004399,NORMALIZED_EXACT,APPROVED,exact-name:1:1:parent-scoped:safe-normalization
VN_ADMIN_2025,VNA25-9F16BA227C,GHN_ADMIN_2025,1004678,NORMALIZED_EXACT,APPROVED,exact-name:1:1:parent-scoped:safe-normalization
VN_ADMIN_2025,VNA25-9F26FAB1DD,GHN_ADMIN_2025,1005244,NORMALIZED_EXACT,APPROVED,exact-name:1:1:parent-scoped:safe-normalization
VN_ADMIN_2025,VNA25-9F4E7ADE44,GHN_ADMIN_2025,1003417,NORMALIZED_EXACT,APPROVED,exact-name:1:1:parent-scoped:safe-normalization
VN_ADMIN_2025,VNA25-9F57E0E0DA,GHN_ADMIN_2025,1004613,NORMALIZED_EXACT,APPROVED,exact-name:1:1:parent-scoped:safe-normalization
VN_ADMIN_2025,VNA25-9F5B9C8605,GHN_ADMIN_2025,1006121,NORMALIZED_EXACT,APPROVED,exact-name:1:1:parent-scoped:safe-normalization
VN_ADMIN_2025,VNA25-9F68EA013A,GHN_ADMIN_2025,1003622,NORMALIZED_EXACT,APPROVED,exact-name:1:1:parent-scoped:safe-normalization
VN_ADMIN_2025,VNA25-9F7194C53A,GHN_ADMIN_2025,1003469,NORMALIZED_EXACT,APPROVED,exact-name:1:1:parent-scoped:safe-normalization
VN_ADMIN_2025,VNA25-9F9D22BA8E,GHN_ADMIN_2025,1006628,NORMALIZED_EXACT,APPROVED,exact-name:1:1:parent-scoped:safe-normalization
VN_ADMIN_2025,VNA25-9FB3CF2EE7,GHN_ADMIN_2025,1005589,NORMALIZED_EXACT,APPROVED,exact-name:1:1:parent-scoped:safe-normalization
VN_ADMIN_2025,VNA25-A006FDC2D8,GHN_ADMIN_2025,1004116,NORMALIZED_EXACT,APPROVED,exact-name:1:1:parent-scoped:safe-normalization
VN_ADMIN_2025,VNA25-A01068C972,GHN_ADMIN_2025,1006610,NORMALIZED_EXACT,APPROVED,exact-name:1:1:parent-scoped:safe-normalization
VN_ADMIN_2025,VNA25-A03675692B,GHN_ADMIN_2025,1005257,NORMALIZED_EXACT,APPROVED,exact-name:1:1:parent-scoped:safe-normalization
VN_ADMIN_2025,VNA25-A03D924650,GHN_ADMIN_2025,1006330,NORMALIZED_EXACT,APPROVED,exact-name:1:1:parent-scoped:safe-normalization
VN_ADMIN_2025,VNA25-A043236998,GHN_ADMIN_2025,1005042,NORMALIZED_EXACT,APPROVED,exact-name:1:1:parent-scoped:safe-normalization
VN_ADMIN_2025,VNA25-A04D53564F,GHN_ADMIN_2025,1004957,NORMALIZED_EXACT,APPROVED,exact-name:1:1:parent-scoped:safe-normalization
VN_ADMIN_2025,VNA25-A054772D05,GHN_ADMIN_2025,1005899,NORMALIZED_EXACT,APPROVED,exact-name:1:1:parent-scoped:safe-normalization
VN_ADMIN_2025,VNA25-A055C4A3D1,GHN_ADMIN_2025,1003755,NORMALIZED_EXACT,APPROVED,exact-name:1:1:parent-scoped:safe-normalization
VN_ADMIN_2025,VNA25-A05830ED27,GHN_ADMIN_2025,1003661,NORMALIZED_EXACT,APPROVED,exact-name:1:1:parent-scoped:safe-normalization
VN_ADMIN_2025,VNA25-A05EA29A50,GHN_ADMIN_2025,1006128,NORMALIZED_TONE_PLACEMENT,APPROVED,offline-reviewed:1:1:parent-scoped:tone-placement
VN_ADMIN_2025,VNA25-A07295443E,GHN_ADMIN_2025,1005566,NORMALIZED_EXACT,APPROVED,exact-name:1:1:parent-scoped:safe-normalization
VN_ADMIN_2025,VNA25-A07E7087DD,GHN_ADMIN_2025,1006095,NORMALIZED_EXACT,APPROVED,exact-name:1:1:parent-scoped:safe-normalization
VN_ADMIN_2025,VNA25-A0B52CBAB6,GHN_ADMIN_2025,1003966,NORMALIZED_TONE_PLACEMENT,APPROVED,offline-reviewed:1:1:parent-scoped:tone-placement
VN_ADMIN_2025,VNA25-A0CA602CF2,GHN_ADMIN_2025,1004653,NORMALIZED_EXACT,APPROVED,exact-name:1:1:parent-scoped:safe-normalization
VN_ADMIN_2025,VNA25-A0CF80896C,GHN_ADMIN_2025,1006084,NORMALIZED_EXACT,APPROVED,exact-name:1:1:parent-scoped:safe-normalization
VN_ADMIN_2025,VNA25-A0D5B54E54,GHN_ADMIN_2025,1005530,NORMALIZED_EXACT,APPROVED,exact-name:1:1:parent-scoped:safe-normalization
VN_ADMIN_2025,VNA25-A0EA9599A7,GHN_ADMIN_2025,1005868,NORMALIZED_EXACT,APPROVED,exact-name:1:1:parent-scoped:safe-normalization
VN_ADMIN_2025,VNA25-A0F8C139D3,GHN_ADMIN_2025,1006473,NORMALIZED_EXACT,APPROVED,exact-name:1:1:parent-scoped:safe-normalization
VN_ADMIN_2025,VNA25-A0FA154B56,GHN_ADMIN_2025,1006532,NORMALIZED_TONE_PLACEMENT,APPROVED,offline-reviewed:1:1:parent-scoped:tone-placement
VN_ADMIN_2025,VNA25-A13B5720B3,GHN_ADMIN_2025,1003950,NORMALIZED_EXACT,APPROVED,exact-name:1:1:parent-scoped:safe-normalization
VN_ADMIN_2025,VNA25-A15AF6A79D,GHN_ADMIN_2025,1004877,NORMALIZED_EXACT,APPROVED,exact-name:1:1:parent-scoped:safe-normalization
VN_ADMIN_2025,VNA25-A161432219,GHN_ADMIN_2025,1005651,NORMALIZED_EXACT,APPROVED,exact-name:1:1:parent-scoped:safe-normalization
VN_ADMIN_2025,VNA25-A173108E59,GHN_ADMIN_2025,1006658,NORMALIZED_EXACT,APPROVED,exact-name:1:1:parent-scoped:safe-normalization
VN_ADMIN_2025,VNA25-A1777ED98B,GHN_ADMIN_2025,1005405,NORMALIZED_EXACT,APPROVED,exact-name:1:1:parent-scoped:safe-normalization
VN_ADMIN_2025,VNA25-A17948E1AB,GHN_ADMIN_2025,1004914,NORMALIZED_EXACT,APPROVED,exact-name:1:1:parent-scoped:safe-normalization
VN_ADMIN_2025,VNA25-A1AB772041,GHN_ADMIN_2025,1005615,NORMALIZED_EXACT,APPROVED,exact-name:1:1:parent-scoped:safe-normalization
VN_ADMIN_2025,VNA25-A1B8D9B74B,GHN_ADMIN_2025,1005788,NORMALIZED_EXACT,APPROVED,exact-name:1:1:parent-scoped:safe-normalization
VN_ADMIN_2025,VNA25-A1C9B7CD6B,GHN_ADMIN_2025,1005217,NORMALIZED_EXACT,APPROVED,exact-name:1:1:parent-scoped:safe-normalization
VN_ADMIN_2025,VNA25-A1D50DF098,GHN_ADMIN_2025,1006366,NORMALIZED_EXACT,APPROVED,exact-name:1:1:parent-scoped:safe-normalization
VN_ADMIN_2025,VNA25-A1DE354216,GHN_ADMIN_2025,1005909,NORMALIZED_EXACT,APPROVED,exact-name:1:1:parent-scoped:safe-normalization
VN_ADMIN_2025,VNA25-A209220C2D,GHN_ADMIN_2025,1004912,NORMALIZED_EXACT,APPROVED,exact-name:1:1:parent-scoped:safe-normalization
VN_ADMIN_2025,VNA25-A2156757BB,GHN_ADMIN_2025,1003808,NORMALIZED_TONE_PLACEMENT,APPROVED,offline-reviewed:1:1:parent-scoped:tone-placement
VN_ADMIN_2025,VNA25-A231C31CA9,GHN_ADMIN_2025,1003822,NORMALIZED_EXACT,APPROVED,exact-name:1:1:parent-scoped:safe-normalization
VN_ADMIN_2025,VNA25-A2371CA2FB,GHN_ADMIN_2025,1006318,NORMALIZED_EXACT,APPROVED,exact-name:1:1:parent-scoped:safe-normalization
VN_ADMIN_2025,VNA25-A25E35551F,GHN_ADMIN_2025,1006093,NORMALIZED_EXACT,APPROVED,exact-name:1:1:parent-scoped:safe-normalization
VN_ADMIN_2025,VNA25-A28FC9F1A6,GHN_ADMIN_2025,1004938,NORMALIZED_EXACT,APPROVED,exact-name:1:1:parent-scoped:safe-normalization
VN_ADMIN_2025,VNA25-A29719EDE8,GHN_ADMIN_2025,1006103,NORMALIZED_EXACT,APPROVED,exact-name:1:1:parent-scoped:safe-normalization
VN_ADMIN_2025,VNA25-A2B9F21984,GHN_ADMIN_2025,1006664,NORMALIZED_EXACT,APPROVED,exact-name:1:1:parent-scoped:safe-normalization
VN_ADMIN_2025,VNA25-A2C6B6E465,GHN_ADMIN_2025,1005135,NORMALIZED_EXACT,APPROVED,exact-name:1:1:parent-scoped:safe-normalization
VN_ADMIN_2025,VNA25-A2E55A35BB,GHN_ADMIN_2025,1003475,NORMALIZED_EXACT,APPROVED,exact-name:1:1:parent-scoped:safe-normalization
VN_ADMIN_2025,VNA25-A3000A26F6,GHN_ADMIN_2025,1003388,NORMALIZED_EXACT,APPROVED,exact-name:1:1:parent-scoped:safe-normalization
VN_ADMIN_2025,VNA25-A30119E1E6,GHN_ADMIN_2025,1004372,NORMALIZED_EXACT,APPROVED,exact-name:1:1:parent-scoped:safe-normalization
VN_ADMIN_2025,VNA25-A31FDC5230,GHN_ADMIN_2025,1005555,NORMALIZED_EXACT,APPROVED,exact-name:1:1:parent-scoped:safe-normalization
VN_ADMIN_2025,VNA25-A330DF1FC8,GHN_ADMIN_2025,1006421,NORMALIZED_EXACT,APPROVED,exact-name:1:1:parent-scoped:safe-normalization
VN_ADMIN_2025,VNA25-A36DFED57D,GHN_ADMIN_2025,1004851,NORMALIZED_EXACT,APPROVED,exact-name:1:1:parent-scoped:safe-normalization
VN_ADMIN_2025,VNA25-A37673B57F,GHN_ADMIN_2025,1003617,NORMALIZED_EXACT,APPROVED,exact-name:1:1:parent-scoped:safe-normalization
VN_ADMIN_2025,VNA25-A39B95D31E,GHN_ADMIN_2025,1004439,NORMALIZED_EXACT,APPROVED,exact-name:1:1:parent-scoped:safe-normalization
VN_ADMIN_2025,VNA25-A3B1193828,GHN_ADMIN_2025,1005011,NORMALIZED_EXACT,APPROVED,exact-name:1:1:parent-scoped:safe-normalization
VN_ADMIN_2025,VNA25-A3B9934AD6,GHN_ADMIN_2025,1005474,NORMALIZED_EXACT,APPROVED,exact-name:1:1:parent-scoped:safe-normalization
VN_ADMIN_2025,VNA25-A3C68CEF94,GHN_ADMIN_2025,1005834,NORMALIZED_TONE_PLACEMENT,APPROVED,offline-reviewed:1:1:parent-scoped:tone-placement
VN_ADMIN_2025,VNA25-A3E97828F7,GHN_ADMIN_2025,1006149,NORMALIZED_EXACT,APPROVED,exact-name:1:1:parent-scoped:safe-normalization
VN_ADMIN_2025,VNA25-A3FF906C21,GHN_ADMIN_2025,1005660,NORMALIZED_EXACT,APPROVED,exact-name:1:1:parent-scoped:safe-normalization
VN_ADMIN_2025,VNA25-A401CADC4E,GHN_ADMIN_2025,1003693,NORMALIZED_EXACT,APPROVED,exact-name:1:1:parent-scoped:safe-normalization
VN_ADMIN_2025,VNA25-A411EF8107,GHN_ADMIN_2025,1005585,NORMALIZED_EXACT,APPROVED,exact-name:1:1:parent-scoped:safe-normalization
VN_ADMIN_2025,VNA25-A42DE6BAFC,GHN_ADMIN_2025,1006032,NORMALIZED_EXACT,APPROVED,exact-name:1:1:parent-scoped:safe-normalization
VN_ADMIN_2025,VNA25-A439E3499B,GHN_ADMIN_2025,1005729,NORMALIZED_EXACT,APPROVED,exact-name:1:1:parent-scoped:safe-normalization
VN_ADMIN_2025,VNA25-A43D28903F,GHN_ADMIN_2025,1004961,NORMALIZED_EXACT,APPROVED,exact-name:1:1:parent-scoped:safe-normalization
VN_ADMIN_2025,VNA25-A4554F8080,GHN_ADMIN_2025,1003530,NORMALIZED_EXACT,APPROVED,exact-name:1:1:parent-scoped:safe-normalization
VN_ADMIN_2025,VNA25-A45F3C85BA,GHN_ADMIN_2025,1005015,NORMALIZED_EXACT,APPROVED,exact-name:1:1:parent-scoped:safe-normalization
VN_ADMIN_2025,VNA25-A46339C271,GHN_ADMIN_2025,1004656,NORMALIZED_EXACT,APPROVED,exact-name:1:1:parent-scoped:safe-normalization
VN_ADMIN_2025,VNA25-A46A92AA4A,GHN_ADMIN_2025,1004515,NORMALIZED_EXACT,APPROVED,exact-name:1:1:parent-scoped:safe-normalization
VN_ADMIN_2025,VNA25-A46AB34532,GHN_ADMIN_2025,1003811,NORMALIZED_EXACT,APPROVED,exact-name:1:1:parent-scoped:safe-normalization
VN_ADMIN_2025,VNA25-A47B5B9E8B,GHN_ADMIN_2025,1005812,NORMALIZED_EXACT,APPROVED,exact-name:1:1:parent-scoped:safe-normalization
VN_ADMIN_2025,VNA25-A4BBBDEDD2,GHN_ADMIN_2025,1004672,NORMALIZED_EXACT,APPROVED,exact-name:1:1:parent-scoped:safe-normalization
VN_ADMIN_2025,VNA25-A4C7C0ACAA,GHN_ADMIN_2025,1003459,NORMALIZED_EXACT,APPROVED,exact-name:1:1:parent-scoped:safe-normalization
VN_ADMIN_2025,VNA25-A4CB1E7AD6,GHN_ADMIN_2025,1006092,NORMALIZED_EXACT,APPROVED,exact-name:1:1:parent-scoped:safe-normalization
VN_ADMIN_2025,VNA25-A4D2DA32DA,GHN_ADMIN_2025,1006665,NORMALIZED_EXACT,APPROVED,exact-name:1:1:parent-scoped:safe-normalization
VN_ADMIN_2025,VNA25-A4DA990535,GHN_ADMIN_2025,1005433,NORMALIZED_EXACT,APPROVED,exact-name:1:1:parent-scoped:safe-normalization
VN_ADMIN_2025,VNA25-A50F414760,GHN_ADMIN_2025,1003860,NORMALIZED_EXACT,APPROVED,exact-name:1:1:parent-scoped:safe-normalization
VN_ADMIN_2025,VNA25-A51BBA5A4D,GHN_ADMIN_2025,1004064,NORMALIZED_EXACT,APPROVED,exact-name:1:1:parent-scoped:safe-normalization
VN_ADMIN_2025,VNA25-A53C889C82,GHN_ADMIN_2025,1006105,NORMALIZED_EXACT,APPROVED,exact-name:1:1:parent-scoped:safe-normalization
VN_ADMIN_2025,VNA25-A54B351ADC,GHN_ADMIN_2025,1006350,NORMALIZED_EXACT,APPROVED,exact-name:1:1:parent-scoped:safe-normalization
VN_ADMIN_2025,VNA25-A54CE5DFE8,GHN_ADMIN_2025,1005918,NORMALIZED_TONE_PLACEMENT,APPROVED,offline-reviewed:1:1:parent-scoped:tone-placement
VN_ADMIN_2025,VNA25-A560B174EA,GHN_ADMIN_2025,1005970,NORMALIZED_EXACT,APPROVED,exact-name:1:1:parent-scoped:safe-normalization
VN_ADMIN_2025,VNA25-A575F2CCAC,GHN_ADMIN_2025,1003896,NORMALIZED_EXACT,APPROVED,exact-name:1:1:parent-scoped:safe-normalization
VN_ADMIN_2025,VNA25-A57E75FAC4,GHN_ADMIN_2025,1006536,NORMALIZED_TONE_PLACEMENT,APPROVED,offline-reviewed:1:1:parent-scoped:tone-placement
VN_ADMIN_2025,VNA25-A581708461,GHN_ADMIN_2025,1005820,NORMALIZED_EXACT,APPROVED,exact-name:1:1:parent-scoped:safe-normalization
VN_ADMIN_2025,VNA25-A58A0B855E,GHN_ADMIN_2025,1005442,NORMALIZED_EXACT,APPROVED,exact-name:1:1:parent-scoped:safe-normalization
VN_ADMIN_2025,VNA25-A5CCBEDC47,GHN_ADMIN_2025,1005027,NORMALIZED_EXACT,APPROVED,exact-name:1:1:parent-scoped:safe-normalization
VN_ADMIN_2025,VNA25-A5E16AAB7B,GHN_ADMIN_2025,1004385,NORMALIZED_EXACT,APPROVED,exact-name:1:1:parent-scoped:safe-normalization
VN_ADMIN_2025,VNA25-A5EBD0122D,GHN_ADMIN_2025,1005289,NORMALIZED_EXACT,APPROVED,exact-name:1:1:parent-scoped:safe-normalization
VN_ADMIN_2025,VNA25-A64EA22694,GHN_ADMIN_2025,1003801,NORMALIZED_EXACT,APPROVED,exact-name:1:1:parent-scoped:safe-normalization
VN_ADMIN_2025,VNA25-A659B6AD68,GHN_ADMIN_2025,1005941,NORMALIZED_EXACT,APPROVED,exact-name:1:1:parent-scoped:safe-normalization
VN_ADMIN_2025,VNA25-A675C0E64A,GHN_ADMIN_2025,1004592,NORMALIZED_EXACT,APPROVED,exact-name:1:1:parent-scoped:safe-normalization
VN_ADMIN_2025,VNA25-A6B29CBC06,GHN_ADMIN_2025,1004909,NORMALIZED_EXACT,APPROVED,exact-name:1:1:parent-scoped:safe-normalization
VN_ADMIN_2025,VNA25-A6B3A5B6DE,GHN_ADMIN_2025,1004696,NORMALIZED_EXACT,APPROVED,exact-name:1:1:parent-scoped:safe-normalization
VN_ADMIN_2025,VNA25-A6BB38CECA,GHN_ADMIN_2025,1004623,NORMALIZED_EXACT,APPROVED,exact-name:1:1:parent-scoped:safe-normalization
VN_ADMIN_2025,VNA25-A6C8809B37,GHN_ADMIN_2025,1003580,NORMALIZED_EXACT,APPROVED,exact-name:1:1:parent-scoped:safe-normalization
VN_ADMIN_2025,VNA25-A6DF49DBDA,GHN_ADMIN_2025,1006256,NORMALIZED_EXACT,APPROVED,exact-name:1:1:parent-scoped:safe-normalization
VN_ADMIN_2025,VNA25-A6E69921DA,GHN_ADMIN_2025,1006131,NORMALIZED_EXACT,APPROVED,exact-name:1:1:parent-scoped:safe-normalization
VN_ADMIN_2025,VNA25-A6E889B84A,GHN_ADMIN_2025,1003659,NORMALIZED_EXACT,APPROVED,exact-name:1:1:parent-scoped:safe-normalization
VN_ADMIN_2025,VNA25-A704A5FECD,GHN_ADMIN_2025,1003382,NORMALIZED_EXACT,APPROVED,exact-name:1:1:parent-scoped:safe-normalization
VN_ADMIN_2025,VNA25-A70EB3A3B9,GHN_ADMIN_2025,1005958,NORMALIZED_EXACT,APPROVED,exact-name:1:1:parent-scoped:safe-normalization
VN_ADMIN_2025,VNA25-A723747586,GHN_ADMIN_2025,1004400,NORMALIZED_EXACT,APPROVED,exact-name:1:1:parent-scoped:safe-normalization
VN_ADMIN_2025,VNA25-A72B7073E7,GHN_ADMIN_2025,1005968,NORMALIZED_EXACT,APPROVED,exact-name:1:1:parent-scoped:safe-normalization
VN_ADMIN_2025,VNA25-A72F4A4317,GHN_ADMIN_2025,1004469,NORMALIZED_EXACT,APPROVED,exact-name:1:1:parent-scoped:safe-normalization
VN_ADMIN_2025,VNA25-A74A00850F,GHN_ADMIN_2025,1005233,NORMALIZED_EXACT,APPROVED,exact-name:1:1:parent-scoped:safe-normalization
VN_ADMIN_2025,VNA25-A74CC06737,GHN_ADMIN_2025,1003754,NORMALIZED_EXACT,APPROVED,exact-name:1:1:parent-scoped:safe-normalization
VN_ADMIN_2025,VNA25-A75174DF0D,GHN_ADMIN_2025,1004237,NORMALIZED_EXACT,APPROVED,exact-name:1:1:parent-scoped:safe-normalization
VN_ADMIN_2025,VNA25-A75A268078,GHN_ADMIN_2025,1006625,NORMALIZED_EXACT,APPROVED,exact-name:1:1:parent-scoped:safe-normalization
VN_ADMIN_2025,VNA25-A75ABFC477,GHN_ADMIN_2025,1003936,NORMALIZED_EXACT,APPROVED,exact-name:1:1:parent-scoped:safe-normalization
VN_ADMIN_2025,VNA25-A78A3030E0,GHN_ADMIN_2025,1005516,NORMALIZED_EXACT,APPROVED,exact-name:1:1:parent-scoped:safe-normalization
VN_ADMIN_2025,VNA25-A78BAF65AA,GHN_ADMIN_2025,1006126,NORMALIZED_EXACT,APPROVED,exact-name:1:1:parent-scoped:safe-normalization
VN_ADMIN_2025,VNA25-A7922A2CA7,GHN_ADMIN_2025,1006110,NORMALIZED_EXACT,APPROVED,exact-name:1:1:parent-scoped:safe-normalization
VN_ADMIN_2025,VNA25-A793D13FFF,GHN_ADMIN_2025,1004323,NORMALIZED_EXACT,APPROVED,exact-name:1:1:parent-scoped:safe-normalization
VN_ADMIN_2025,VNA25-A7A1D25534,GHN_ADMIN_2025,1004949,NORMALIZED_EXACT,APPROVED,exact-name:1:1:parent-scoped:safe-normalization
VN_ADMIN_2025,VNA25-A7AC9A87F4,GHN_ADMIN_2025,1004294,NORMALIZED_EXACT,APPROVED,exact-name:1:1:parent-scoped:safe-normalization
VN_ADMIN_2025,VNA25-A7D4255ADC,GHN_ADMIN_2025,1006184,NORMALIZED_EXACT,APPROVED,exact-name:1:1:parent-scoped:safe-normalization
VN_ADMIN_2025,VNA25-A7DB6F7427,GHN_ADMIN_2025,1005684,NORMALIZED_EXACT,APPROVED,exact-name:1:1:parent-scoped:safe-normalization
VN_ADMIN_2025,VNA25-A7DBA7675E,GHN_ADMIN_2025,1003601,NORMALIZED_EXACT,APPROVED,exact-name:1:1:parent-scoped:safe-normalization
VN_ADMIN_2025,VNA25-A7E1032A2B,GHN_ADMIN_2025,1004736,NORMALIZED_EXACT,APPROVED,exact-name:1:1:parent-scoped:safe-normalization
VN_ADMIN_2025,VNA25-A7E379B6FF,GHN_ADMIN_2025,1004193,NORMALIZED_EXACT,APPROVED,exact-name:1:1:parent-scoped:safe-normalization
VN_ADMIN_2025,VNA25-A7F3EB77C7,GHN_ADMIN_2025,1005900,NORMALIZED_EXACT,APPROVED,exact-name:1:1:parent-scoped:safe-normalization
VN_ADMIN_2025,VNA25-A80E3CE0AC,GHN_ADMIN_2025,1004217,NORMALIZED_EXACT,APPROVED,exact-name:1:1:parent-scoped:safe-normalization
VN_ADMIN_2025,VNA25-A8236D8DE3,GHN_ADMIN_2025,1003956,NORMALIZED_EXACT,APPROVED,exact-name:1:1:parent-scoped:safe-normalization
VN_ADMIN_2025,VNA25-A8455729AD,GHN_ADMIN_2025,1003833,NORMALIZED_EXACT,APPROVED,exact-name:1:1:parent-scoped:safe-normalization
VN_ADMIN_2025,VNA25-A8518E3CE1,GHN_ADMIN_2025,1005545,NORMALIZED_EXACT,APPROVED,exact-name:1:1:parent-scoped:safe-normalization
VN_ADMIN_2025,VNA25-A864C0DB88,GHN_ADMIN_2025,1005497,NORMALIZED_EXACT,APPROVED,exact-name:1:1:parent-scoped:safe-normalization
VN_ADMIN_2025,VNA25-A86ADE74C8,GHN_ADMIN_2025,1003518,NORMALIZED_EXACT,APPROVED,exact-name:1:1:parent-scoped:safe-normalization
VN_ADMIN_2025,VNA25-A87BF6AC26,GHN_ADMIN_2025,1005986,NORMALIZED_EXACT,APPROVED,exact-name:1:1:parent-scoped:safe-normalization
VN_ADMIN_2025,VNA25-A88431B378,GHN_ADMIN_2025,1003870,NORMALIZED_EXACT,APPROVED,exact-name:1:1:parent-scoped:safe-normalization
VN_ADMIN_2025,VNA25-A886939F48,GHN_ADMIN_2025,1003523,NORMALIZED_EXACT,APPROVED,exact-name:1:1:parent-scoped:safe-normalization
VN_ADMIN_2025,VNA25-A8A21750F7,GHN_ADMIN_2025,1004352,NORMALIZED_EXACT,APPROVED,exact-name:1:1:parent-scoped:safe-normalization
VN_ADMIN_2025,VNA25-A8A5F7674D,GHN_ADMIN_2025,1005912,NORMALIZED_EXACT,APPROVED,exact-name:1:1:parent-scoped:safe-normalization
VN_ADMIN_2025,VNA25-A8B411D0DE,GHN_ADMIN_2025,1004328,NORMALIZED_TONE_PLACEMENT,APPROVED,offline-reviewed:1:1:parent-scoped:tone-placement
VN_ADMIN_2025,VNA25-A8C36343FF,GHN_ADMIN_2025,1003834,NORMALIZED_EXACT,APPROVED,exact-name:1:1:parent-scoped:safe-normalization
VN_ADMIN_2025,VNA25-A8D1A0C286,GHN_ADMIN_2025,1003396,NORMALIZED_EXACT,APPROVED,exact-name:1:1:parent-scoped:safe-normalization
VN_ADMIN_2025,VNA25-A8D4D6CBA3,GHN_ADMIN_2025,1005977,NORMALIZED_EXACT,APPROVED,exact-name:1:1:parent-scoped:safe-normalization
VN_ADMIN_2025,VNA25-A928A1BDCC,GHN_ADMIN_2025,1004019,NORMALIZED_TONE_PLACEMENT,APPROVED,offline-reviewed:1:1:parent-scoped:tone-placement
VN_ADMIN_2025,VNA25-A933BD837F,GHN_ADMIN_2025,1006363,NORMALIZED_EXACT,APPROVED,exact-name:1:1:parent-scoped:safe-normalization
VN_ADMIN_2025,VNA25-A9387E4E00,GHN_ADMIN_2025,1004825,NORMALIZED_EXACT,APPROVED,exact-name:1:1:parent-scoped:safe-normalization
VN_ADMIN_2025,VNA25-A939B09539,GHN_ADMIN_2025,1006391,NORMALIZED_EXACT,APPROVED,exact-name:1:1:parent-scoped:safe-normalization
VN_ADMIN_2025,VNA25-A93DDCE7E6,GHN_ADMIN_2025,1006028,NORMALIZED_EXACT,APPROVED,exact-name:1:1:parent-scoped:safe-normalization
VN_ADMIN_2025,VNA25-A94DC6DD0A,GHN_ADMIN_2025,1005687,NORMALIZED_EXACT,APPROVED,exact-name:1:1:parent-scoped:safe-normalization
VN_ADMIN_2025,VNA25-A95F12BCBC,GHN_ADMIN_2025,1004544,NORMALIZED_EXACT,APPROVED,exact-name:1:1:parent-scoped:safe-normalization
VN_ADMIN_2025,VNA25-A9648CB411,GHN_ADMIN_2025,1004773,NORMALIZED_EXACT,APPROVED,exact-name:1:1:parent-scoped:safe-normalization
VN_ADMIN_2025,VNA25-A96C273939,GHN_ADMIN_2025,1004990,NORMALIZED_EXACT,APPROVED,exact-name:1:1:parent-scoped:safe-normalization
VN_ADMIN_2025,VNA25-A976F2C3D9,GHN_ADMIN_2025,1005178,NORMALIZED_EXACT,APPROVED,exact-name:1:1:parent-scoped:safe-normalization
VN_ADMIN_2025,VNA25-A99BB70017,GHN_ADMIN_2025,1006410,NORMALIZED_EXACT,APPROVED,exact-name:1:1:parent-scoped:safe-normalization
VN_ADMIN_2025,VNA25-A99F08862F,GHN_ADMIN_2025,1005188,NORMALIZED_EXACT,APPROVED,exact-name:1:1:parent-scoped:safe-normalization
VN_ADMIN_2025,VNA25-A9AAD32329,GHN_ADMIN_2025,1003781,NORMALIZED_EXACT,APPROVED,exact-name:1:1:parent-scoped:safe-normalization
VN_ADMIN_2025,VNA25-A9C6980DFC,GHN_ADMIN_2025,1004963,NORMALIZED_EXACT,APPROVED,exact-name:1:1:parent-scoped:safe-normalization
VN_ADMIN_2025,VNA25-A9F1973520,GHN_ADMIN_2025,1006050,NORMALIZED_EXACT,APPROVED,exact-name:1:1:parent-scoped:safe-normalization
VN_ADMIN_2025,VNA25-A9FC533C77,GHN_ADMIN_2025,1005459,NORMALIZED_EXACT,APPROVED,exact-name:1:1:parent-scoped:safe-normalization
VN_ADMIN_2025,VNA25-A9FFA9346D,GHN_ADMIN_2025,1006442,NORMALIZED_EXACT,APPROVED,exact-name:1:1:parent-scoped:safe-normalization
VN_ADMIN_2025,VNA25-AA12B50603,GHN_ADMIN_2025,1004854,NORMALIZED_EXACT,APPROVED,exact-name:1:1:parent-scoped:safe-normalization
VN_ADMIN_2025,VNA25-AA64A54C47,GHN_ADMIN_2025,1005995,NORMALIZED_EXACT,APPROVED,exact-name:1:1:parent-scoped:safe-normalization
VN_ADMIN_2025,VNA25-AA82E350A0,GHN_ADMIN_2025,1003539,NORMALIZED_EXACT,APPROVED,exact-name:1:1:parent-scoped:safe-normalization
VN_ADMIN_2025,VNA25-AA8E42950E,GHN_ADMIN_2025,1005932,NORMALIZED_EXACT,APPROVED,exact-name:1:1:parent-scoped:safe-normalization
VN_ADMIN_2025,VNA25-AABFC53E1A,GHN_ADMIN_2025,1004887,NORMALIZED_EXACT,APPROVED,exact-name:1:1:parent-scoped:safe-normalization
VN_ADMIN_2025,VNA25-AACF3A43BF,GHN_ADMIN_2025,1005372,NORMALIZED_EXACT,APPROVED,exact-name:1:1:parent-scoped:safe-normalization
VN_ADMIN_2025,VNA25-AAE24B08B1,GHN_ADMIN_2025,1004929,NORMALIZED_EXACT,APPROVED,exact-name:1:1:parent-scoped:safe-normalization
VN_ADMIN_2025,VNA25-AAEF37A121,GHN_ADMIN_2025,1003365,NORMALIZED_EXACT,APPROVED,exact-name:1:1:parent-scoped:safe-normalization
VN_ADMIN_2025,VNA25-AAF0BFFA43,GHN_ADMIN_2025,1006542,NORMALIZED_EXACT,APPROVED,exact-name:1:1:parent-scoped:safe-normalization
VN_ADMIN_2025,VNA25-AAF1958189,GHN_ADMIN_2025,1004802,NORMALIZED_EXACT,APPROVED,exact-name:1:1:parent-scoped:safe-normalization
VN_ADMIN_2025,VNA25-AB0BABFA75,GHN_ADMIN_2025,1003720,NORMALIZED_EXACT,APPROVED,exact-name:1:1:parent-scoped:safe-normalization
VN_ADMIN_2025,VNA25-AB30944AAC,GHN_ADMIN_2025,1006259,NORMALIZED_EXACT,APPROVED,exact-name:1:1:parent-scoped:safe-normalization
VN_ADMIN_2025,VNA25-AB36628363,GHN_ADMIN_2025,1006007,NORMALIZED_EXACT,APPROVED,exact-name:1:1:parent-scoped:safe-normalization
VN_ADMIN_2025,VNA25-AB41274F65,GHN_ADMIN_2025,1004001,NORMALIZED_EXACT,APPROVED,exact-name:1:1:parent-scoped:safe-normalization
VN_ADMIN_2025,VNA25-AB4CBDBD1F,GHN_ADMIN_2025,1006672,NORMALIZED_EXACT,APPROVED,exact-name:1:1:parent-scoped:safe-normalization
VN_ADMIN_2025,VNA25-AB66CC0E68,GHN_ADMIN_2025,1004846,NORMALIZED_EXACT,APPROVED,exact-name:1:1:parent-scoped:safe-normalization
VN_ADMIN_2025,VNA25-AB69B7512F,GHN_ADMIN_2025,1005120,NORMALIZED_EXACT,APPROVED,exact-name:1:1:parent-scoped:safe-normalization
VN_ADMIN_2025,VNA25-AB8559092F,GHN_ADMIN_2025,1003556,NORMALIZED_EXACT,APPROVED,exact-name:1:1:parent-scoped:safe-normalization
VN_ADMIN_2025,VNA25-AB9D21DC59,GHN_ADMIN_2025,1005553,NORMALIZED_EXACT,APPROVED,exact-name:1:1:parent-scoped:safe-normalization
VN_ADMIN_2025,VNA25-ABAA4FDE93,GHN_ADMIN_2025,1006489,NORMALIZED_EXACT,APPROVED,exact-name:1:1:parent-scoped:safe-normalization
VN_ADMIN_2025,VNA25-ABCB4E4DF1,GHN_ADMIN_2025,1004250,NORMALIZED_EXACT,APPROVED,exact-name:1:1:parent-scoped:safe-normalization
VN_ADMIN_2025,VNA25-ABCBE7F214,GHN_ADMIN_2025,1003769,NORMALIZED_EXACT,APPROVED,exact-name:1:1:parent-scoped:safe-normalization
VN_ADMIN_2025,VNA25-ABD083F134,GHN_ADMIN_2025,1005013,NORMALIZED_EXACT,APPROVED,exact-name:1:1:parent-scoped:safe-normalization
VN_ADMIN_2025,VNA25-ABD9C54533,GHN_ADMIN_2025,1006245,NORMALIZED_EXACT,APPROVED,exact-name:1:1:parent-scoped:safe-normalization
VN_ADMIN_2025,VNA25-ABE106CB20,GHN_ADMIN_2025,1004178,NORMALIZED_EXACT,APPROVED,exact-name:1:1:parent-scoped:safe-normalization
VN_ADMIN_2025,VNA25-ABE590A08F,GHN_ADMIN_2025,1006463,NORMALIZED_EXACT,APPROVED,exact-name:1:1:parent-scoped:safe-normalization
VN_ADMIN_2025,VNA25-ABF558FFE3,GHN_ADMIN_2025,1005978,NORMALIZED_EXACT,APPROVED,exact-name:1:1:parent-scoped:safe-normalization
VN_ADMIN_2025,VNA25-ABFA6F544D,GHN_ADMIN_2025,1005885,NORMALIZED_SPACING_DASH,APPROVED,offline-reviewed:1:1:parent-scoped:spacing-dash
VN_ADMIN_2025,VNA25-AC0996F309,GHN_ADMIN_2025,1005498,NORMALIZED_EXACT,APPROVED,exact-name:1:1:parent-scoped:safe-normalization
VN_ADMIN_2025,VNA25-AC613C299C,GHN_ADMIN_2025,1004506,NORMALIZED_EXACT,APPROVED,exact-name:1:1:parent-scoped:safe-normalization
VN_ADMIN_2025,VNA25-AC624AAA27,GHN_ADMIN_2025,1006382,NORMALIZED_EXACT,APPROVED,exact-name:1:1:parent-scoped:safe-normalization
VN_ADMIN_2025,VNA25-AC6A0113AE,GHN_ADMIN_2025,1003880,NORMALIZED_EXACT,APPROVED,exact-name:1:1:parent-scoped:safe-normalization
VN_ADMIN_2025,VNA25-AC83EFF165,GHN_ADMIN_2025,1004265,NORMALIZED_EXACT,APPROVED,exact-name:1:1:parent-scoped:safe-normalization
VN_ADMIN_2025,VNA25-AC8AEB7348,GHN_ADMIN_2025,1003678,NORMALIZED_EXACT,APPROVED,exact-name:1:1:parent-scoped:safe-normalization
VN_ADMIN_2025,VNA25-AC96774A2B,GHN_ADMIN_2025,1006498,NORMALIZED_EXACT,APPROVED,exact-name:1:1:parent-scoped:safe-normalization
VN_ADMIN_2025,VNA25-ACAB4030FC,GHN_ADMIN_2025,1003748,NORMALIZED_EXACT,APPROVED,exact-name:1:1:parent-scoped:safe-normalization
VN_ADMIN_2025,VNA25-ACB0962E30,GHN_ADMIN_2025,1003676,NORMALIZED_EXACT,APPROVED,exact-name:1:1:parent-scoped:safe-normalization
VN_ADMIN_2025,VNA25-ACCB22CA84,GHN_ADMIN_2025,1004870,NORMALIZED_EXACT,APPROVED,exact-name:1:1:parent-scoped:safe-normalization
VN_ADMIN_2025,VNA25-ACD54D5D21,GHN_ADMIN_2025,1003458,NORMALIZED_EXACT,APPROVED,exact-name:1:1:parent-scoped:safe-normalization
VN_ADMIN_2025,VNA25-ACDE37FB1A,GHN_ADMIN_2025,1004648,NORMALIZED_EXACT,APPROVED,exact-name:1:1:parent-scoped:safe-normalization
VN_ADMIN_2025,VNA25-ACE3D41190,GHN_ADMIN_2025,1006484,NORMALIZED_EXACT,APPROVED,exact-name:1:1:parent-scoped:safe-normalization
VN_ADMIN_2025,VNA25-ACED4D5E1D,GHN_ADMIN_2025,1004986,NORMALIZED_EXACT,APPROVED,exact-name:1:1:parent-scoped:safe-normalization
VN_ADMIN_2025,VNA25-ACF534430E,GHN_ADMIN_2025,1004677,NORMALIZED_EXACT,APPROVED,exact-name:1:1:parent-scoped:safe-normalization
VN_ADMIN_2025,VNA25-AD02C2B4B4,GHN_ADMIN_2025,1006243,NORMALIZED_TONE_PLACEMENT,APPROVED,offline-reviewed:1:1:parent-scoped:tone-placement
VN_ADMIN_2025,VNA25-AD07AB884A,GHN_ADMIN_2025,1004340,NORMALIZED_EXACT,APPROVED,exact-name:1:1:parent-scoped:safe-normalization
VN_ADMIN_2025,VNA25-AD0C7563ED,GHN_ADMIN_2025,1004054,NORMALIZED_EXACT,APPROVED,exact-name:1:1:parent-scoped:safe-normalization
VN_ADMIN_2025,VNA25-AD3E3C88E7,GHN_ADMIN_2025,1004748,NORMALIZED_EXACT,APPROVED,exact-name:1:1:parent-scoped:safe-normalization
VN_ADMIN_2025,VNA25-AD4550151D,GHN_ADMIN_2025,1005003,NORMALIZED_EXACT,APPROVED,exact-name:1:1:parent-scoped:safe-normalization
VN_ADMIN_2025,VNA25-AD66AA3A73,GHN_ADMIN_2025,1005225,NORMALIZED_EXACT,APPROVED,exact-name:1:1:parent-scoped:safe-normalization
VN_ADMIN_2025,VNA25-AD76041558,GHN_ADMIN_2025,1004151,NORMALIZED_EXACT,APPROVED,exact-name:1:1:parent-scoped:safe-normalization
VN_ADMIN_2025,VNA25-AD7935D827,GHN_ADMIN_2025,1003979,NORMALIZED_EXACT,APPROVED,exact-name:1:1:parent-scoped:safe-normalization
VN_ADMIN_2025,VNA25-ADA7A42AD6,GHN_ADMIN_2025,1005478,NORMALIZED_EXACT,APPROVED,exact-name:1:1:parent-scoped:safe-normalization
VN_ADMIN_2025,VNA25-ADBC63FFFF,GHN_ADMIN_2025,1006130,NORMALIZED_EXACT,APPROVED,exact-name:1:1:parent-scoped:safe-normalization
VN_ADMIN_2025,VNA25-ADF988FD94,GHN_ADMIN_2025,1005750,NORMALIZED_EXACT,APPROVED,exact-name:1:1:parent-scoped:safe-normalization
VN_ADMIN_2025,VNA25-AE33FC299D,GHN_ADMIN_2025,1004507,NORMALIZED_EXACT,APPROVED,exact-name:1:1:parent-scoped:safe-normalization
VN_ADMIN_2025,VNA25-AE5903765E,GHN_ADMIN_2025,1003422,NORMALIZED_EXACT,APPROVED,exact-name:1:1:parent-scoped:safe-normalization
VN_ADMIN_2025,VNA25-AE74563148,GHN_ADMIN_2025,1003990,NORMALIZED_EXACT,APPROVED,exact-name:1:1:parent-scoped:safe-normalization
VN_ADMIN_2025,VNA25-AEF3DC9977,GHN_ADMIN_2025,1004171,NORMALIZED_EXACT,APPROVED,exact-name:1:1:parent-scoped:safe-normalization
VN_ADMIN_2025,VNA25-AF017ED202,GHN_ADMIN_2025,1004775,NORMALIZED_EXACT,APPROVED,exact-name:1:1:parent-scoped:safe-normalization
VN_ADMIN_2025,VNA25-AF28F03C2D,GHN_ADMIN_2025,1005472,NORMALIZED_EXACT,APPROVED,exact-name:1:1:parent-scoped:safe-normalization
VN_ADMIN_2025,VNA25-AF2D4D79B6,GHN_ADMIN_2025,1005038,NORMALIZED_EXACT,APPROVED,exact-name:1:1:parent-scoped:safe-normalization
VN_ADMIN_2025,VNA25-AF3D1879CC,GHN_ADMIN_2025,1004037,NORMALIZED_TONE_PLACEMENT,APPROVED,offline-reviewed:1:1:parent-scoped:tone-placement
VN_ADMIN_2025,VNA25-AF4647EC2F,GHN_ADMIN_2025,1004285,NORMALIZED_EXACT,APPROVED,exact-name:1:1:parent-scoped:safe-normalization
VN_ADMIN_2025,VNA25-AF52938E76,GHN_ADMIN_2025,1003713,NORMALIZED_EXACT,APPROVED,exact-name:1:1:parent-scoped:safe-normalization
VN_ADMIN_2025,VNA25-AF5AD2E00D,GHN_ADMIN_2025,1006197,NORMALIZED_EXACT,APPROVED,exact-name:1:1:parent-scoped:safe-normalization
VN_ADMIN_2025,VNA25-AF64276B35,GHN_ADMIN_2025,1004017,NORMALIZED_EXACT,APPROVED,exact-name:1:1:parent-scoped:safe-normalization
VN_ADMIN_2025,VNA25-AFC2358AD1,GHN_ADMIN_2025,1003438,NORMALIZED_EXACT,APPROVED,exact-name:1:1:parent-scoped:safe-normalization
VN_ADMIN_2025,VNA25-AFD2B6CC89,GHN_ADMIN_2025,1004734,NORMALIZED_EXACT,APPROVED,exact-name:1:1:parent-scoped:safe-normalization
VN_ADMIN_2025,VNA25-AFE4B2D050,GHN_ADMIN_2025,1005832,NORMALIZED_EXACT,APPROVED,exact-name:1:1:parent-scoped:safe-normalization
VN_ADMIN_2025,VNA25-AFE5AAE161,GHN_ADMIN_2025,1005979,NORMALIZED_EXACT,APPROVED,exact-name:1:1:parent-scoped:safe-normalization
VN_ADMIN_2025,VNA25-B001517E4E,GHN_ADMIN_2025,1005842,NORMALIZED_EXACT,APPROVED,exact-name:1:1:parent-scoped:safe-normalization
VN_ADMIN_2025,VNA25-B006F88CED,GHN_ADMIN_2025,1003540,NORMALIZED_EXACT,APPROVED,exact-name:1:1:parent-scoped:safe-normalization
VN_ADMIN_2025,VNA25-B022F44066,GHN_ADMIN_2025,1003619,NORMALIZED_EXACT,APPROVED,exact-name:1:1:parent-scoped:safe-normalization
VN_ADMIN_2025,VNA25-B044710A2D,GHN_ADMIN_2025,1006034,NORMALIZED_EXACT,APPROVED,exact-name:1:1:parent-scoped:safe-normalization
VN_ADMIN_2025,VNA25-B06485AE52,GHN_ADMIN_2025,1006339,NORMALIZED_EXACT,APPROVED,exact-name:1:1:parent-scoped:safe-normalization
VN_ADMIN_2025,VNA25-B083C291E5,GHN_ADMIN_2025,1003637,NORMALIZED_EXACT,APPROVED,exact-name:1:1:parent-scoped:safe-normalization
VN_ADMIN_2025,VNA25-B08D7D66C9,GHN_ADMIN_2025,1003853,NORMALIZED_EXACT,APPROVED,exact-name:1:1:parent-scoped:safe-normalization
VN_ADMIN_2025,VNA25-B0960E6313,GHN_ADMIN_2025,1005607,NORMALIZED_EXACT,APPROVED,exact-name:1:1:parent-scoped:safe-normalization
VN_ADMIN_2025,VNA25-B0A0EA0463,GHN_ADMIN_2025,1005321,NORMALIZED_EXACT,APPROVED,exact-name:1:1:parent-scoped:safe-normalization
VN_ADMIN_2025,VNA25-B0B920CFB1,GHN_ADMIN_2025,1004211,NORMALIZED_EXACT,APPROVED,exact-name:1:1:parent-scoped:safe-normalization
VN_ADMIN_2025,VNA25-B0BDDF5EDB,GHN_ADMIN_2025,1003762,NORMALIZED_EXACT,APPROVED,exact-name:1:1:parent-scoped:safe-normalization
VN_ADMIN_2025,VNA25-B0D32769AF,GHN_ADMIN_2025,1005858,NORMALIZED_EXACT,APPROVED,exact-name:1:1:parent-scoped:safe-normalization
VN_ADMIN_2025,VNA25-B0E5460903,GHN_ADMIN_2025,1004878,NORMALIZED_EXACT,APPROVED,exact-name:1:1:parent-scoped:safe-normalization
VN_ADMIN_2025,VNA25-B0F22A319B,GHN_ADMIN_2025,1004508,NORMALIZED_EXACT,APPROVED,exact-name:1:1:parent-scoped:safe-normalization
VN_ADMIN_2025,VNA25-B0F7E6071A,GHN_ADMIN_2025,1004550,NORMALIZED_EXACT,APPROVED,exact-name:1:1:parent-scoped:safe-normalization
VN_ADMIN_2025,VNA25-B0FE7A84F0,GHN_ADMIN_2025,1006662,NORMALIZED_EXACT,APPROVED,exact-name:1:1:parent-scoped:safe-normalization
VN_ADMIN_2025,VNA25-B116F837A6,GHN_ADMIN_2025,1004198,NORMALIZED_EXACT,APPROVED,exact-name:1:1:parent-scoped:safe-normalization
VN_ADMIN_2025,VNA25-B1421D8AF3,GHN_ADMIN_2025,1004583,NORMALIZED_EXACT,APPROVED,exact-name:1:1:parent-scoped:safe-normalization
VN_ADMIN_2025,VNA25-B144A7036C,GHN_ADMIN_2025,1006187,NORMALIZED_EXACT,APPROVED,exact-name:1:1:parent-scoped:safe-normalization
VN_ADMIN_2025,VNA25-B150419F83,GHN_ADMIN_2025,1003499,NORMALIZED_EXACT,APPROVED,exact-name:1:1:parent-scoped:safe-normalization
VN_ADMIN_2025,VNA25-B1628B518D,GHN_ADMIN_2025,1005554,NORMALIZED_EXACT,APPROVED,exact-name:1:1:parent-scoped:safe-normalization
VN_ADMIN_2025,VNA25-B178EB85A9,GHN_ADMIN_2025,1003655,NORMALIZED_EXACT,APPROVED,exact-name:1:1:parent-scoped:safe-normalization
VN_ADMIN_2025,VNA25-B1950EFF06,GHN_ADMIN_2025,1004840,NORMALIZED_EXACT,APPROVED,exact-name:1:1:parent-scoped:safe-normalization
VN_ADMIN_2025,VNA25-B19A7BA073,GHN_ADMIN_2025,1004994,NORMALIZED_EXACT,APPROVED,exact-name:1:1:parent-scoped:safe-normalization
VN_ADMIN_2025,VNA25-B1AD020316,GHN_ADMIN_2025,1004542,NORMALIZED_EXACT,APPROVED,exact-name:1:1:parent-scoped:safe-normalization
VN_ADMIN_2025,VNA25-B1AFB82909,GHN_ADMIN_2025,1004787,NORMALIZED_EXACT,APPROVED,exact-name:1:1:parent-scoped:safe-normalization
VN_ADMIN_2025,VNA25-B1DF689CE0,GHN_ADMIN_2025,1004096,NORMALIZED_EXACT,APPROVED,exact-name:1:1:parent-scoped:safe-normalization
VN_ADMIN_2025,VNA25-B1FA28C44B,GHN_ADMIN_2025,1004964,NORMALIZED_EXACT,APPROVED,exact-name:1:1:parent-scoped:safe-normalization
VN_ADMIN_2025,VNA25-B2043E5CF1,GHN_ADMIN_2025,1003602,NORMALIZED_EXACT,APPROVED,exact-name:1:1:parent-scoped:safe-normalization
VN_ADMIN_2025,VNA25-B23870085B,GHN_ADMIN_2025,1005293,NORMALIZED_EXACT,APPROVED,exact-name:1:1:parent-scoped:safe-normalization
VN_ADMIN_2025,VNA25-B24F051F8F,GHN_ADMIN_2025,1006170,NORMALIZED_EXACT,APPROVED,exact-name:1:1:parent-scoped:safe-normalization
VN_ADMIN_2025,VNA25-B2507A3C74,GHN_ADMIN_2025,1004336,NORMALIZED_EXACT,APPROVED,exact-name:1:1:parent-scoped:safe-normalization
VN_ADMIN_2025,VNA25-B251067ED6,GHN_ADMIN_2025,1005709,NORMALIZED_EXACT,APPROVED,exact-name:1:1:parent-scoped:safe-normalization
VN_ADMIN_2025,VNA25-B2569F02D3,GHN_ADMIN_2025,1006075,NORMALIZED_EXACT,APPROVED,exact-name:1:1:parent-scoped:safe-normalization
VN_ADMIN_2025,VNA25-B25B23CD2E,GHN_ADMIN_2025,1006659,NORMALIZED_EXACT,APPROVED,exact-name:1:1:parent-scoped:safe-normalization
VN_ADMIN_2025,VNA25-B25E7E254E,GHN_ADMIN_2025,1005314,NORMALIZED_EXACT,APPROVED,exact-name:1:1:parent-scoped:safe-normalization
VN_ADMIN_2025,VNA25-B283E3C2AB,GHN_ADMIN_2025,1006014,NORMALIZED_EXACT,APPROVED,exact-name:1:1:parent-scoped:safe-normalization
VN_ADMIN_2025,VNA25-B28F7F5CAF,GHN_ADMIN_2025,1005546,NORMALIZED_EXACT,APPROVED,exact-name:1:1:parent-scoped:safe-normalization
VN_ADMIN_2025,VNA25-B294093337,GHN_ADMIN_2025,1003594,NORMALIZED_EXACT,APPROVED,exact-name:1:1:parent-scoped:safe-normalization
VN_ADMIN_2025,VNA25-B2D08D248F,GHN_ADMIN_2025,1004409,NORMALIZED_EXACT,APPROVED,exact-name:1:1:parent-scoped:safe-normalization
VN_ADMIN_2025,VNA25-B2D41ED08D,GHN_ADMIN_2025,1003564,NORMALIZED_EXACT,APPROVED,exact-name:1:1:parent-scoped:safe-normalization
VN_ADMIN_2025,VNA25-B2F41E97A2,GHN_ADMIN_2025,1006096,NORMALIZED_EXACT,APPROVED,exact-name:1:1:parent-scoped:safe-normalization
VN_ADMIN_2025,VNA25-B2FCCC35FE,GHN_ADMIN_2025,1006650,NORMALIZED_TONE_PLACEMENT,APPROVED,offline-reviewed:1:1:parent-scoped:tone-placement
VN_ADMIN_2025,VNA25-B314057769,GHN_ADMIN_2025,1003455,NORMALIZED_EXACT,APPROVED,exact-name:1:1:parent-scoped:safe-normalization
VN_ADMIN_2025,VNA25-B334C6E173,GHN_ADMIN_2025,1004599,NORMALIZED_TONE_PLACEMENT,APPROVED,offline-reviewed:1:1:parent-scoped:tone-placement
VN_ADMIN_2025,VNA25-B335FCD11C,GHN_ADMIN_2025,1004371,NORMALIZED_EXACT,APPROVED,exact-name:1:1:parent-scoped:safe-normalization
VN_ADMIN_2025,VNA25-B35594F5F1,GHN_ADMIN_2025,1005840,NORMALIZED_EXACT,APPROVED,exact-name:1:1:parent-scoped:safe-normalization
VN_ADMIN_2025,VNA25-B367C4F5DC,GHN_ADMIN_2025,1004396,NORMALIZED_EXACT,APPROVED,exact-name:1:1:parent-scoped:safe-normalization
VN_ADMIN_2025,VNA25-B36D0D501F,GHN_ADMIN_2025,1006425,NORMALIZED_EXACT,APPROVED,exact-name:1:1:parent-scoped:safe-normalization
VN_ADMIN_2025,VNA25-B394D3F43B,GHN_ADMIN_2025,1004157,NORMALIZED_EXACT,APPROVED,exact-name:1:1:parent-scoped:safe-normalization
VN_ADMIN_2025,VNA25-B3A166004E,GHN_ADMIN_2025,1004593,NORMALIZED_EXACT,APPROVED,exact-name:1:1:parent-scoped:safe-normalization
VN_ADMIN_2025,VNA25-B3B528C093,GHN_ADMIN_2025,1006260,NORMALIZED_EXACT,APPROVED,exact-name:1:1:parent-scoped:safe-normalization
VN_ADMIN_2025,VNA25-B3D75E05E2,GHN_ADMIN_2025,1006547,NORMALIZED_EXACT,APPROVED,exact-name:1:1:parent-scoped:safe-normalization
VN_ADMIN_2025,VNA25-B3DFDC56F1,GHN_ADMIN_2025,1006066,NORMALIZED_EXACT,APPROVED,exact-name:1:1:parent-scoped:safe-normalization
VN_ADMIN_2025,VNA25-B3FBFB9E76,GHN_ADMIN_2025,1004837,NORMALIZED_EXACT,APPROVED,exact-name:1:1:parent-scoped:safe-normalization
VN_ADMIN_2025,VNA25-B40A917B2E,GHN_ADMIN_2025,1005821,NORMALIZED_EXACT,APPROVED,exact-name:1:1:parent-scoped:safe-normalization
VN_ADMIN_2025,VNA25-B40D8E6546,GHN_ADMIN_2025,1003999,NORMALIZED_EXACT,APPROVED,exact-name:1:1:parent-scoped:safe-normalization
VN_ADMIN_2025,VNA25-B428FA3DDF,GHN_ADMIN_2025,1004928,NORMALIZED_EXACT,APPROVED,exact-name:1:1:parent-scoped:safe-normalization
VN_ADMIN_2025,VNA25-B42DD57EDA,GHN_ADMIN_2025,1004282,NORMALIZED_EXACT,APPROVED,exact-name:1:1:parent-scoped:safe-normalization
VN_ADMIN_2025,VNA25-B43B56FC7C,GHN_ADMIN_2025,1003957,NORMALIZED_EXACT,APPROVED,exact-name:1:1:parent-scoped:safe-normalization
VN_ADMIN_2025,VNA25-B455F255A5,GHN_ADMIN_2025,1005255,NORMALIZED_EXACT,APPROVED,exact-name:1:1:parent-scoped:safe-normalization
VN_ADMIN_2025,VNA25-B4681DA65D,GHN_ADMIN_2025,1003893,NORMALIZED_EXACT,APPROVED,exact-name:1:1:parent-scoped:safe-normalization
VN_ADMIN_2025,VNA25-B4A20DB0C2,GHN_ADMIN_2025,1005248,NORMALIZED_EXACT,APPROVED,exact-name:1:1:parent-scoped:safe-normalization
VN_ADMIN_2025,VNA25-B4A63AC399,GHN_ADMIN_2025,1004723,NORMALIZED_EXACT,APPROVED,exact-name:1:1:parent-scoped:safe-normalization
VN_ADMIN_2025,VNA25-B4F8CD40F0,GHN_ADMIN_2025,1004604,NORMALIZED_EXACT,APPROVED,exact-name:1:1:parent-scoped:safe-normalization
VN_ADMIN_2025,VNA25-B5028C46EE,GHN_ADMIN_2025,1004702,NORMALIZED_EXACT,APPROVED,exact-name:1:1:parent-scoped:safe-normalization
VN_ADMIN_2025,VNA25-B5441E5540,GHN_ADMIN_2025,1005040,NORMALIZED_EXACT,APPROVED,exact-name:1:1:parent-scoped:safe-normalization
VN_ADMIN_2025,VNA25-B55214BA15,GHN_ADMIN_2025,1006386,NORMALIZED_EXACT,APPROVED,exact-name:1:1:parent-scoped:safe-normalization
VN_ADMIN_2025,VNA25-B559BDAEE4,GHN_ADMIN_2025,1003419,NORMALIZED_EXACT,APPROVED,exact-name:1:1:parent-scoped:safe-normalization
VN_ADMIN_2025,VNA25-B565AEA55C,GHN_ADMIN_2025,1005171,NORMALIZED_EXACT,APPROVED,exact-name:1:1:parent-scoped:safe-normalization
VN_ADMIN_2025,VNA25-B57BFD27A0,GHN_ADMIN_2025,1004607,NORMALIZED_EXACT,APPROVED,exact-name:1:1:parent-scoped:safe-normalization
VN_ADMIN_2025,VNA25-B588BA6D55,GHN_ADMIN_2025,1003484,NORMALIZED_EXACT,APPROVED,exact-name:1:1:parent-scoped:safe-normalization
VN_ADMIN_2025,VNA25-B5958B3C9E,GHN_ADMIN_2025,1003712,NORMALIZED_EXACT,APPROVED,exact-name:1:1:parent-scoped:safe-normalization
VN_ADMIN_2025,VNA25-B5AC760DDE,GHN_ADMIN_2025,1006673,NORMALIZED_EXACT,APPROVED,exact-name:1:1:parent-scoped:safe-normalization
VN_ADMIN_2025,VNA25-B5C33278A0,GHN_ADMIN_2025,1003761,NORMALIZED_EXACT,APPROVED,exact-name:1:1:parent-scoped:safe-normalization
VN_ADMIN_2025,VNA25-B5CA77924C,GHN_ADMIN_2025,1005186,NORMALIZED_EXACT,APPROVED,exact-name:1:1:parent-scoped:safe-normalization
VN_ADMIN_2025,VNA25-B5CC324210,GHN_ADMIN_2025,1004141,NORMALIZED_EXACT,APPROVED,exact-name:1:1:parent-scoped:safe-normalization
VN_ADMIN_2025,VNA25-B5E0F163F3,GHN_ADMIN_2025,1006428,NORMALIZED_EXACT,APPROVED,exact-name:1:1:parent-scoped:safe-normalization
VN_ADMIN_2025,VNA25-B5E336643F,GHN_ADMIN_2025,1004732,NORMALIZED_EXACT,APPROVED,exact-name:1:1:parent-scoped:safe-normalization
VN_ADMIN_2025,VNA25-B5EBABFCF9,GHN_ADMIN_2025,1003473,NORMALIZED_EXACT,APPROVED,exact-name:1:1:parent-scoped:safe-normalization
VN_ADMIN_2025,VNA25-B5F95C1CBE,GHN_ADMIN_2025,1003772,NORMALIZED_EXACT,APPROVED,exact-name:1:1:parent-scoped:safe-normalization
VN_ADMIN_2025,VNA25-B6012C49CF,GHN_ADMIN_2025,1003874,NORMALIZED_EXACT,APPROVED,exact-name:1:1:parent-scoped:safe-normalization
VN_ADMIN_2025,VNA25-B60564266E,GHN_ADMIN_2025,1006114,NORMALIZED_EXACT,APPROVED,exact-name:1:1:parent-scoped:safe-normalization
VN_ADMIN_2025,VNA25-B606835D0F,GHN_ADMIN_2025,1005759,NORMALIZED_EXACT,APPROVED,exact-name:1:1:parent-scoped:safe-normalization
VN_ADMIN_2025,VNA25-B61C15DEC7,GHN_ADMIN_2025,1005116,NORMALIZED_EXACT,APPROVED,exact-name:1:1:parent-scoped:safe-normalization
VN_ADMIN_2025,VNA25-B62CC47E88,GHN_ADMIN_2025,1003995,NORMALIZED_EXACT,APPROVED,exact-name:1:1:parent-scoped:safe-normalization
VN_ADMIN_2025,VNA25-B631B7A548,GHN_ADMIN_2025,1003710,NORMALIZED_EXACT,APPROVED,exact-name:1:1:parent-scoped:safe-normalization
VN_ADMIN_2025,VNA25-B6323AC9C4,GHN_ADMIN_2025,1004868,NORMALIZED_EXACT,APPROVED,exact-name:1:1:parent-scoped:safe-normalization
VN_ADMIN_2025,VNA25-B6421303A7,GHN_ADMIN_2025,1005749,NORMALIZED_EXACT,APPROVED,exact-name:1:1:parent-scoped:safe-normalization
VN_ADMIN_2025,VNA25-B644AFBA13,GHN_ADMIN_2025,1004638,NORMALIZED_EXACT,APPROVED,exact-name:1:1:parent-scoped:safe-normalization
VN_ADMIN_2025,VNA25-B644B141B8,GHN_ADMIN_2025,1003846,NORMALIZED_EXACT,APPROVED,exact-name:1:1:parent-scoped:safe-normalization
VN_ADMIN_2025,VNA25-B659AB1D8C,GHN_ADMIN_2025,1003775,NORMALIZED_EXACT,APPROVED,exact-name:1:1:parent-scoped:safe-normalization
VN_ADMIN_2025,VNA25-B69111DBF9,GHN_ADMIN_2025,1004885,PARENT_SCOPED_REVIEWED,APPROVED,human-approved:same-parent:unique-candidate; canonical-history-supported
VN_ADMIN_2025,VNA25-B694821FD7,GHN_ADMIN_2025,1003516,NORMALIZED_EXACT,APPROVED,exact-name:1:1:parent-scoped:safe-normalization
VN_ADMIN_2025,VNA25-B69D3CC3A4,GHN_ADMIN_2025,1006250,NORMALIZED_EXACT,APPROVED,exact-name:1:1:parent-scoped:safe-normalization
VN_ADMIN_2025,VNA25-B6A5543CB7,GHN_ADMIN_2025,1004691,NORMALIZED_EXACT,APPROVED,exact-name:1:1:parent-scoped:safe-normalization
VN_ADMIN_2025,VNA25-B6B8B1A7EA,GHN_ADMIN_2025,1005959,NORMALIZED_EXACT,APPROVED,exact-name:1:1:parent-scoped:safe-normalization
VN_ADMIN_2025,VNA25-B6C52B558A,GHN_ADMIN_2025,1005488,NORMALIZED_EXACT,APPROVED,exact-name:1:1:parent-scoped:safe-normalization
VN_ADMIN_2025,VNA25-B6E15484C3,GHN_ADMIN_2025,1006182,NORMALIZED_EXACT,APPROVED,exact-name:1:1:parent-scoped:safe-normalization
VN_ADMIN_2025,VNA25-B6FF766664,GHN_ADMIN_2025,1006246,NORMALIZED_EXACT,APPROVED,exact-name:1:1:parent-scoped:safe-normalization
VN_ADMIN_2025,VNA25-B737C25AE2,GHN_ADMIN_2025,1004618,NORMALIZED_EXACT,APPROVED,exact-name:1:1:parent-scoped:safe-normalization
VN_ADMIN_2025,VNA25-B75D33512F,GHN_ADMIN_2025,1005722,NORMALIZED_EXACT,APPROVED,exact-name:1:1:parent-scoped:safe-normalization
VN_ADMIN_2025,VNA25-B76F907CC8,GHN_ADMIN_2025,1003615,NORMALIZED_EXACT,APPROVED,exact-name:1:1:parent-scoped:safe-normalization
VN_ADMIN_2025,VNA25-B7A9A14C84,GHN_ADMIN_2025,1003658,NORMALIZED_EXACT,APPROVED,exact-name:1:1:parent-scoped:safe-normalization
VN_ADMIN_2025,VNA25-B7C8279AB7,GHN_ADMIN_2025,1004978,NORMALIZED_EXACT,APPROVED,exact-name:1:1:parent-scoped:safe-normalization
VN_ADMIN_2025,VNA25-B7D300620B,GHN_ADMIN_2025,1003380,NORMALIZED_EXACT,APPROVED,exact-name:1:1:parent-scoped:safe-normalization
VN_ADMIN_2025,VNA25-B7F2555407,GHN_ADMIN_2025,1003513,NORMALIZED_EXACT,APPROVED,exact-name:1:1:parent-scoped:safe-normalization
VN_ADMIN_2025,VNA25-B80D7ADC78,GHN_ADMIN_2025,1006230,NORMALIZED_EXACT,APPROVED,exact-name:1:1:parent-scoped:safe-normalization
VN_ADMIN_2025,VNA25-B815EA2650,GHN_ADMIN_2025,1004828,NORMALIZED_EXACT,APPROVED,exact-name:1:1:parent-scoped:safe-normalization
VN_ADMIN_2025,VNA25-B827ED7759,GHN_ADMIN_2025,1005445,NORMALIZED_EXACT,APPROVED,exact-name:1:1:parent-scoped:safe-normalization
VN_ADMIN_2025,VNA25-B832D9F17C,GHN_ADMIN_2025,1004769,NORMALIZED_EXACT,APPROVED,exact-name:1:1:parent-scoped:safe-normalization
VN_ADMIN_2025,VNA25-B84B698D21,GHN_ADMIN_2025,1004210,NORMALIZED_EXACT,APPROVED,exact-name:1:1:parent-scoped:safe-normalization
VN_ADMIN_2025,VNA25-B876C5255B,GHN_ADMIN_2025,1006400,NORMALIZED_EXACT,APPROVED,exact-name:1:1:parent-scoped:safe-normalization
VN_ADMIN_2025,VNA25-B8780D395C,GHN_ADMIN_2025,1004397,NORMALIZED_EXACT,APPROVED,exact-name:1:1:parent-scoped:safe-normalization
VN_ADMIN_2025,VNA25-B87E2C89D5,GHN_ADMIN_2025,1005458,NORMALIZED_EXACT,APPROVED,exact-name:1:1:parent-scoped:safe-normalization
VN_ADMIN_2025,VNA25-B87F9A30C7,GHN_ADMIN_2025,1005435,NORMALIZED_EXACT,APPROVED,exact-name:1:1:parent-scoped:safe-normalization
VN_ADMIN_2025,VNA25-B8B11F6572,GHN_ADMIN_2025,1005652,NORMALIZED_EXACT,APPROVED,exact-name:1:1:parent-scoped:safe-normalization
VN_ADMIN_2025,VNA25-B8B4706854,GHN_ADMIN_2025,1006413,NORMALIZED_EXACT,APPROVED,exact-name:1:1:parent-scoped:safe-normalization
VN_ADMIN_2025,VNA25-B8BA98394D,GHN_ADMIN_2025,1003718,NORMALIZED_EXACT,APPROVED,exact-name:1:1:parent-scoped:safe-normalization
VN_ADMIN_2025,VNA25-B8D0037CAD,GHN_ADMIN_2025,1005121,NORMALIZED_EXACT,APPROVED,exact-name:1:1:parent-scoped:safe-normalization
VN_ADMIN_2025,VNA25-B8DC0D6D88,GHN_ADMIN_2025,1004426,NORMALIZED_EXACT,APPROVED,exact-name:1:1:parent-scoped:safe-normalization
VN_ADMIN_2025,VNA25-B8E5261A24,GHN_ADMIN_2025,1006402,NORMALIZED_EXACT,APPROVED,exact-name:1:1:parent-scoped:safe-normalization
VN_ADMIN_2025,VNA25-B8FCE1C9B6,GHN_ADMIN_2025,1005859,NORMALIZED_EXACT,APPROVED,exact-name:1:1:parent-scoped:safe-normalization
VN_ADMIN_2025,VNA25-B910766146,GHN_ADMIN_2025,1005247,NORMALIZED_EXACT,APPROVED,exact-name:1:1:parent-scoped:safe-normalization
VN_ADMIN_2025,VNA25-B92D6FB799,GHN_ADMIN_2025,1005031,NORMALIZED_EXACT,APPROVED,exact-name:1:1:parent-scoped:safe-normalization
VN_ADMIN_2025,VNA25-B944EA9B58,GHN_ADMIN_2025,1004587,NORMALIZED_EXACT,APPROVED,exact-name:1:1:parent-scoped:safe-normalization
VN_ADMIN_2025,VNA25-B957B8ACEC,GHN_ADMIN_2025,1004248,NORMALIZED_EXACT,APPROVED,exact-name:1:1:parent-scoped:safe-normalization
VN_ADMIN_2025,VNA25-B95B517C51,GHN_ADMIN_2025,1005105,NORMALIZED_EXACT,APPROVED,exact-name:1:1:parent-scoped:safe-normalization
VN_ADMIN_2025,VNA25-B970FE5067,GHN_ADMIN_2025,1006423,NORMALIZED_EXACT,APPROVED,exact-name:1:1:parent-scoped:safe-normalization
VN_ADMIN_2025,VNA25-B99137DA4F,GHN_ADMIN_2025,1003988,NORMALIZED_EXACT,APPROVED,exact-name:1:1:parent-scoped:safe-normalization
VN_ADMIN_2025,VNA25-B9BA3DC280,GHN_ADMIN_2025,1004325,NORMALIZED_EXACT,APPROVED,exact-name:1:1:parent-scoped:safe-normalization
VN_ADMIN_2025,VNA25-B9BF6E1DD7,GHN_ADMIN_2025,1004059,NORMALIZED_EXACT,APPROVED,exact-name:1:1:parent-scoped:safe-normalization
VN_ADMIN_2025,VNA25-B9FA97C6EE,GHN_ADMIN_2025,1006514,NORMALIZED_EXACT,APPROVED,exact-name:1:1:parent-scoped:safe-normalization
VN_ADMIN_2025,VNA25-BA0193EBA3,GHN_ADMIN_2025,1004665,NORMALIZED_EXACT,APPROVED,exact-name:1:1:parent-scoped:safe-normalization
VN_ADMIN_2025,VNA25-BA2FAB332B,GHN_ADMIN_2025,1005935,NORMALIZED_EXACT,APPROVED,exact-name:1:1:parent-scoped:safe-normalization
VN_ADMIN_2025,VNA25-BA330E14EF,GHN_ADMIN_2025,1004931,NORMALIZED_EXACT,APPROVED,exact-name:1:1:parent-scoped:safe-normalization
VN_ADMIN_2025,VNA25-BA4940A4A8,GHN_ADMIN_2025,1005628,NORMALIZED_EXACT,APPROVED,exact-name:1:1:parent-scoped:safe-normalization
VN_ADMIN_2025,VNA25-BA72FB0335,GHN_ADMIN_2025,1006025,PARENT_SCOPED_REVIEWED,APPROVED,human-approved:same-parent:unique-candidate
VN_ADMIN_2025,VNA25-BA744B8C70,GHN_ADMIN_2025,1003668,NORMALIZED_EXACT,APPROVED,exact-name:1:1:parent-scoped:safe-normalization
VN_ADMIN_2025,VNA25-BA996BA802,GHN_ADMIN_2025,1004327,NORMALIZED_EXACT,APPROVED,exact-name:1:1:parent-scoped:safe-normalization
VN_ADMIN_2025,VNA25-BA9A4F84B0,GHN_ADMIN_2025,1005683,NORMALIZED_EXACT,APPROVED,exact-name:1:1:parent-scoped:safe-normalization
VN_ADMIN_2025,VNA25-BAB7842650,GHN_ADMIN_2025,1004940,NORMALIZED_EXACT,APPROVED,exact-name:1:1:parent-scoped:safe-normalization
VN_ADMIN_2025,VNA25-BACF03E337,GHN_ADMIN_2025,1003861,NORMALIZED_EXACT,APPROVED,exact-name:1:1:parent-scoped:safe-normalization
VN_ADMIN_2025,VNA25-BADB199D0F,GHN_ADMIN_2025,1005548,NORMALIZED_EXACT,APPROVED,exact-name:1:1:parent-scoped:safe-normalization
VN_ADMIN_2025,VNA25-BAF26692AE,GHN_ADMIN_2025,1006562,NORMALIZED_EXACT,APPROVED,exact-name:1:1:parent-scoped:safe-normalization
VN_ADMIN_2025,VNA25-BAFAE68952,GHN_ADMIN_2025,1004538,NORMALIZED_EXACT,APPROVED,exact-name:1:1:parent-scoped:safe-normalization
VN_ADMIN_2025,VNA25-BB1CCF75F8,GHN_ADMIN_2025,1006283,NORMALIZED_EXACT,APPROVED,exact-name:1:1:parent-scoped:safe-normalization
VN_ADMIN_2025,VNA25-BB1D7C961E,GHN_ADMIN_2025,1005089,NORMALIZED_EXACT,APPROVED,exact-name:1:1:parent-scoped:safe-normalization
VN_ADMIN_2025,VNA25-BB3BA7D400,GHN_ADMIN_2025,1003648,NORMALIZED_EXACT,APPROVED,exact-name:1:1:parent-scoped:safe-normalization
VN_ADMIN_2025,VNA25-BB572C6273,GHN_ADMIN_2025,1005308,NORMALIZED_EXACT,APPROVED,exact-name:1:1:parent-scoped:safe-normalization
VN_ADMIN_2025,VNA25-BB5767FB92,GHN_ADMIN_2025,1006168,NORMALIZED_EXACT,APPROVED,exact-name:1:1:parent-scoped:safe-normalization
VN_ADMIN_2025,VNA25-BB6499E6EF,GHN_ADMIN_2025,1003827,NORMALIZED_EXACT,APPROVED,exact-name:1:1:parent-scoped:safe-normalization
VN_ADMIN_2025,VNA25-BB66763B59,GHN_ADMIN_2025,1005964,NORMALIZED_EXACT,APPROVED,exact-name:1:1:parent-scoped:safe-normalization
VN_ADMIN_2025,VNA25-BBA6A2DEBF,GHN_ADMIN_2025,1005182,NORMALIZED_EXACT,APPROVED,exact-name:1:1:parent-scoped:safe-normalization
VN_ADMIN_2025,VNA25-BBB9CE1823,GHN_ADMIN_2025,1004028,NORMALIZED_EXACT,APPROVED,exact-name:1:1:parent-scoped:safe-normalization
VN_ADMIN_2025,VNA25-BBBC9F5D8C,GHN_ADMIN_2025,1005810,NORMALIZED_EXACT,APPROVED,exact-name:1:1:parent-scoped:safe-normalization
VN_ADMIN_2025,VNA25-BBCC586434,GHN_ADMIN_2025,1004036,NORMALIZED_EXACT,APPROVED,exact-name:1:1:parent-scoped:safe-normalization
VN_ADMIN_2025,VNA25-BBD43E6BB2,GHN_ADMIN_2025,1005953,NORMALIZED_EXACT,APPROVED,exact-name:1:1:parent-scoped:safe-normalization
VN_ADMIN_2025,VNA25-BBE01B280D,GHN_ADMIN_2025,1004581,NORMALIZED_EXACT,APPROVED,exact-name:1:1:parent-scoped:safe-normalization
VN_ADMIN_2025,VNA25-BC1B77A134,GHN_ADMIN_2025,1003553,NORMALIZED_EXACT,APPROVED,exact-name:1:1:parent-scoped:safe-normalization
VN_ADMIN_2025,VNA25-BC2DC55085,GHN_ADMIN_2025,1004708,NORMALIZED_EXACT,APPROVED,exact-name:1:1:parent-scoped:safe-normalization
VN_ADMIN_2025,VNA25-BC58E14D90,GHN_ADMIN_2025,1005815,NORMALIZED_EXACT,APPROVED,exact-name:1:1:parent-scoped:safe-normalization
VN_ADMIN_2025,VNA25-BC667FEEE0,GHN_ADMIN_2025,1004944,NORMALIZED_EXACT,APPROVED,exact-name:1:1:parent-scoped:safe-normalization
VN_ADMIN_2025,VNA25-BC6AFF4DD6,GHN_ADMIN_2025,1004088,NORMALIZED_EXACT,APPROVED,exact-name:1:1:parent-scoped:safe-normalization
VN_ADMIN_2025,VNA25-BC6E114D7A,GHN_ADMIN_2025,1004674,NORMALIZED_EXACT,APPROVED,exact-name:1:1:parent-scoped:safe-normalization
VN_ADMIN_2025,VNA25-BC8CA6F21C,GHN_ADMIN_2025,1004453,NORMALIZED_EXACT,APPROVED,exact-name:1:1:parent-scoped:safe-normalization
VN_ADMIN_2025,VNA25-BCB17EB7EA,GHN_ADMIN_2025,1004842,NORMALIZED_EXACT,APPROVED,exact-name:1:1:parent-scoped:safe-normalization
VN_ADMIN_2025,VNA25-BCBE73D33E,GHN_ADMIN_2025,1004160,NORMALIZED_EXACT,APPROVED,exact-name:1:1:parent-scoped:safe-normalization
VN_ADMIN_2025,VNA25-BCD38AF10E,GHN_ADMIN_2025,1003817,NORMALIZED_EXACT,APPROVED,exact-name:1:1:parent-scoped:safe-normalization
VN_ADMIN_2025,VNA25-BCE196BC66,GHN_ADMIN_2025,1004785,NORMALIZED_EXACT,APPROVED,exact-name:1:1:parent-scoped:safe-normalization
VN_ADMIN_2025,VNA25-BCE7960C8A,GHN_ADMIN_2025,1005036,NORMALIZED_EXACT,APPROVED,exact-name:1:1:parent-scoped:safe-normalization
VN_ADMIN_2025,VNA25-BD05FD74F8,GHN_ADMIN_2025,1005369,NORMALIZED_EXACT,APPROVED,exact-name:1:1:parent-scoped:safe-normalization
VN_ADMIN_2025,VNA25-BD176091AB,GHN_ADMIN_2025,1004335,NORMALIZED_EXACT,APPROVED,exact-name:1:1:parent-scoped:safe-normalization
VN_ADMIN_2025,VNA25-BD1782E575,GHN_ADMIN_2025,1004317,NORMALIZED_EXACT,APPROVED,exact-name:1:1:parent-scoped:safe-normalization
VN_ADMIN_2025,VNA25-BD200ECFB4,GHN_ADMIN_2025,1003423,NORMALIZED_EXACT,APPROVED,exact-name:1:1:parent-scoped:safe-normalization
VN_ADMIN_2025,VNA25-BD234E95E5,GHN_ADMIN_2025,1004031,NORMALIZED_EXACT,APPROVED,exact-name:1:1:parent-scoped:safe-normalization
VN_ADMIN_2025,VNA25-BD485B2339,GHN_ADMIN_2025,1005938,NORMALIZED_EXACT,APPROVED,exact-name:1:1:parent-scoped:safe-normalization
VN_ADMIN_2025,VNA25-BD524494E4,GHN_ADMIN_2025,1003996,NORMALIZED_EXACT,APPROVED,exact-name:1:1:parent-scoped:safe-normalization
VN_ADMIN_2025,VNA25-BD621E6843,GHN_ADMIN_2025,1004694,NORMALIZED_EXACT,APPROVED,exact-name:1:1:parent-scoped:safe-normalization
VN_ADMIN_2025,VNA25-BD7BA8C6EB,GHN_ADMIN_2025,1003847,NORMALIZED_EXACT,APPROVED,exact-name:1:1:parent-scoped:safe-normalization
VN_ADMIN_2025,VNA25-BD7DFEEA11,GHN_ADMIN_2025,1004995,NORMALIZED_EXACT,APPROVED,exact-name:1:1:parent-scoped:safe-normalization
VN_ADMIN_2025,VNA25-BDA3694E13,GHN_ADMIN_2025,1003618,NORMALIZED_EXACT,APPROVED,exact-name:1:1:parent-scoped:safe-normalization
VN_ADMIN_2025,VNA25-BDB0994F78,GHN_ADMIN_2025,1004816,NORMALIZED_EXACT,APPROVED,exact-name:1:1:parent-scoped:safe-normalization
VN_ADMIN_2025,VNA25-BDB6C0E3A8,GHN_ADMIN_2025,1004624,NORMALIZED_EXACT,APPROVED,exact-name:1:1:parent-scoped:safe-normalization
VN_ADMIN_2025,VNA25-BDCFA5C2F7,GHN_ADMIN_2025,1004456,NORMALIZED_TONE_PLACEMENT,APPROVED,offline-reviewed:1:1:parent-scoped:tone-placement
VN_ADMIN_2025,VNA25-BDD57DF881,GHN_ADMIN_2025,1006226,NORMALIZED_EXACT,APPROVED,exact-name:1:1:parent-scoped:safe-normalization
VN_ADMIN_2025,VNA25-BDD6C22596,GHN_ADMIN_2025,1005206,NORMALIZED_EXACT,APPROVED,exact-name:1:1:parent-scoped:safe-normalization
VN_ADMIN_2025,VNA25-BDF70FC4F8,GHN_ADMIN_2025,1004438,NORMALIZED_EXACT,APPROVED,exact-name:1:1:parent-scoped:safe-normalization
VN_ADMIN_2025,VNA25-BDFD9F5D73,GHN_ADMIN_2025,1005224,NORMALIZED_EXACT,APPROVED,exact-name:1:1:parent-scoped:safe-normalization
VN_ADMIN_2025,VNA25-BDFDF32334,GHN_ADMIN_2025,1006475,NORMALIZED_EXACT,APPROVED,exact-name:1:1:parent-scoped:safe-normalization
VN_ADMIN_2025,VNA25-BE00C092AF,GHN_ADMIN_2025,1006264,NORMALIZED_EXACT,APPROVED,exact-name:1:1:parent-scoped:safe-normalization
VN_ADMIN_2025,VNA25-BE00F4FB50,GHN_ADMIN_2025,1005482,NORMALIZED_EXACT,APPROVED,exact-name:1:1:parent-scoped:safe-normalization
VN_ADMIN_2025,VNA25-BE22B7C428,GHN_ADMIN_2025,1003607,NORMALIZED_EXACT,APPROVED,exact-name:1:1:parent-scoped:safe-normalization
VN_ADMIN_2025,VNA25-BE2511F6EE,GHN_ADMIN_2025,1004850,NORMALIZED_EXACT,APPROVED,exact-name:1:1:parent-scoped:safe-normalization
VN_ADMIN_2025,VNA25-BE3EED15D5,GHN_ADMIN_2025,1004936,NORMALIZED_EXACT,APPROVED,exact-name:1:1:parent-scoped:safe-normalization
VN_ADMIN_2025,VNA25-BE48293079,GHN_ADMIN_2025,1005539,NORMALIZED_EXACT,APPROVED,exact-name:1:1:parent-scoped:safe-normalization
VN_ADMIN_2025,VNA25-BE4FEBE896,GHN_ADMIN_2025,1003763,NORMALIZED_EXACT,APPROVED,exact-name:1:1:parent-scoped:safe-normalization
VN_ADMIN_2025,VNA25-BE71DAF3F3,GHN_ADMIN_2025,1003709,NORMALIZED_EXACT,APPROVED,exact-name:1:1:parent-scoped:safe-normalization
VN_ADMIN_2025,VNA25-BE74401886,GHN_ADMIN_2025,1004934,NORMALIZED_EXACT,APPROVED,exact-name:1:1:parent-scoped:safe-normalization
VN_ADMIN_2025,VNA25-BE8BC14340,GHN_ADMIN_2025,1006651,NORMALIZED_EXACT,APPROVED,exact-name:1:1:parent-scoped:safe-normalization
VN_ADMIN_2025,VNA25-BEA0C89209,GHN_ADMIN_2025,1006607,NORMALIZED_EXACT,APPROVED,exact-name:1:1:parent-scoped:safe-normalization
VN_ADMIN_2025,VNA25-BEA1589A30,GHN_ADMIN_2025,1005649,NORMALIZED_EXACT,APPROVED,exact-name:1:1:parent-scoped:safe-normalization
VN_ADMIN_2025,VNA25-BEA389162F,GHN_ADMIN_2025,1003969,NORMALIZED_TONE_PLACEMENT,APPROVED,offline-reviewed:1:1:parent-scoped:tone-placement
VN_ADMIN_2025,VNA25-BEA658E4EE,GHN_ADMIN_2025,1005831,NORMALIZED_EXACT,APPROVED,exact-name:1:1:parent-scoped:safe-normalization
VN_ADMIN_2025,VNA25-BEB4F47FC6,GHN_ADMIN_2025,1003937,NORMALIZED_EXACT,APPROVED,exact-name:1:1:parent-scoped:safe-normalization
VN_ADMIN_2025,VNA25-BEBEBC696C,GHN_ADMIN_2025,1005119,NORMALIZED_EXACT,APPROVED,exact-name:1:1:parent-scoped:safe-normalization
VN_ADMIN_2025,VNA25-BEC60F6BF9,GHN_ADMIN_2025,1004582,NORMALIZED_EXACT,APPROVED,exact-name:1:1:parent-scoped:safe-normalization
VN_ADMIN_2025,VNA25-BF2BB03E30,GHN_ADMIN_2025,1006521,NORMALIZED_EXACT,APPROVED,exact-name:1:1:parent-scoped:safe-normalization
VN_ADMIN_2025,VNA25-BF84AAFB4D,GHN_ADMIN_2025,1003496,NORMALIZED_EXACT,APPROVED,exact-name:1:1:parent-scoped:safe-normalization
VN_ADMIN_2025,VNA25-BF9956C900,GHN_ADMIN_2025,1003799,NORMALIZED_EXACT,APPROVED,exact-name:1:1:parent-scoped:safe-normalization
VN_ADMIN_2025,VNA25-BFA7FAD5F9,GHN_ADMIN_2025,1005098,NORMALIZED_EXACT,APPROVED,exact-name:1:1:parent-scoped:safe-normalization
VN_ADMIN_2025,VNA25-BFCFFBB5A9,GHN_ADMIN_2025,1004494,NORMALIZED_EXACT,APPROVED,exact-name:1:1:parent-scoped:safe-normalization
VN_ADMIN_2025,VNA25-BFDE532662,GHN_ADMIN_2025,1004766,NORMALIZED_EXACT,APPROVED,exact-name:1:1:parent-scoped:safe-normalization
VN_ADMIN_2025,VNA25-BFE3A878A1,GHN_ADMIN_2025,1004896,NORMALIZED_EXACT,APPROVED,exact-name:1:1:parent-scoped:safe-normalization
VN_ADMIN_2025,VNA25-BFEF5E76E5,GHN_ADMIN_2025,1005933,NORMALIZED_EXACT,APPROVED,exact-name:1:1:parent-scoped:safe-normalization
VN_ADMIN_2025,VNA25-C006806F3A,GHN_ADMIN_2025,1004272,NORMALIZED_EXACT,APPROVED,exact-name:1:1:parent-scoped:safe-normalization
VN_ADMIN_2025,VNA25-C009296826,GHN_ADMIN_2025,1005595,NORMALIZED_EXACT,APPROVED,exact-name:1:1:parent-scoped:safe-normalization
VN_ADMIN_2025,VNA25-C035B96F3B,GHN_ADMIN_2025,1005663,NORMALIZED_EXACT,APPROVED,exact-name:1:1:parent-scoped:safe-normalization
VN_ADMIN_2025,VNA25-C04BF651AC,GHN_ADMIN_2025,1005700,NORMALIZED_EXACT,APPROVED,exact-name:1:1:parent-scoped:safe-normalization
VN_ADMIN_2025,VNA25-C077943E16,GHN_ADMIN_2025,1005237,NORMALIZED_EXACT,APPROVED,exact-name:1:1:parent-scoped:safe-normalization
VN_ADMIN_2025,VNA25-C08F9EE28F,GHN_ADMIN_2025,1006351,NORMALIZED_EXACT,APPROVED,exact-name:1:1:parent-scoped:safe-normalization
VN_ADMIN_2025,VNA25-C0986C0366,GHN_ADMIN_2025,1004316,NORMALIZED_EXACT,APPROVED,exact-name:1:1:parent-scoped:safe-normalization
VN_ADMIN_2025,VNA25-C0D467B600,GHN_ADMIN_2025,1005844,NORMALIZED_EXACT,APPROVED,exact-name:1:1:parent-scoped:safe-normalization
VN_ADMIN_2025,VNA25-C0E1931F24,GHN_ADMIN_2025,1006144,NORMALIZED_EXACT,APPROVED,exact-name:1:1:parent-scoped:safe-normalization
VN_ADMIN_2025,VNA25-C11DF82779,GHN_ADMIN_2025,1004448,NORMALIZED_EXACT,APPROVED,exact-name:1:1:parent-scoped:safe-normalization
VN_ADMIN_2025,VNA25-C121AF1D01,GHN_ADMIN_2025,1004853,NORMALIZED_EXACT,APPROVED,exact-name:1:1:parent-scoped:safe-normalization
VN_ADMIN_2025,VNA25-C126250B7C,GHN_ADMIN_2025,1006504,NORMALIZED_EXACT,APPROVED,exact-name:1:1:parent-scoped:safe-normalization
VN_ADMIN_2025,VNA25-C14E19B300,GHN_ADMIN_2025,1004293,NORMALIZED_EXACT,APPROVED,exact-name:1:1:parent-scoped:safe-normalization
VN_ADMIN_2025,VNA25-C15147F7B5,GHN_ADMIN_2025,1006567,NORMALIZED_EXACT,APPROVED,exact-name:1:1:parent-scoped:safe-normalization
VN_ADMIN_2025,VNA25-C15B79EF8C,GHN_ADMIN_2025,1005804,NORMALIZED_EXACT,APPROVED,exact-name:1:1:parent-scoped:safe-normalization
VN_ADMIN_2025,VNA25-C196751C5D,GHN_ADMIN_2025,1003704,NORMALIZED_EXACT,APPROVED,exact-name:1:1:parent-scoped:safe-normalization
VN_ADMIN_2025,VNA25-C1A1CDD4A1,GHN_ADMIN_2025,1004839,NORMALIZED_EXACT,APPROVED,exact-name:1:1:parent-scoped:safe-normalization
VN_ADMIN_2025,VNA25-C1A1E32C3E,GHN_ADMIN_2025,1005880,NORMALIZED_EXACT,APPROVED,exact-name:1:1:parent-scoped:safe-normalization
VN_ADMIN_2025,VNA25-C1ADF6103D,GHN_ADMIN_2025,1005364,NORMALIZED_EXACT,APPROVED,exact-name:1:1:parent-scoped:safe-normalization
VN_ADMIN_2025,VNA25-C1C7A078DD,GHN_ADMIN_2025,1004716,NORMALIZED_EXACT,APPROVED,exact-name:1:1:parent-scoped:safe-normalization
VN_ADMIN_2025,VNA25-C1D35100D8,GHN_ADMIN_2025,1004114,NORMALIZED_EXACT,APPROVED,exact-name:1:1:parent-scoped:safe-normalization
VN_ADMIN_2025,VNA25-C1E0521C44,GHN_ADMIN_2025,1004044,NORMALIZED_EXACT,APPROVED,exact-name:1:1:parent-scoped:safe-normalization
VN_ADMIN_2025,VNA25-C1E973C81C,GHN_ADMIN_2025,1004147,NORMALIZED_EXACT,APPROVED,exact-name:1:1:parent-scoped:safe-normalization
VN_ADMIN_2025,VNA25-C229ED4242,GHN_ADMIN_2025,1003476,NORMALIZED_EXACT,APPROVED,exact-name:1:1:parent-scoped:safe-normalization
VN_ADMIN_2025,VNA25-C24243463D,GHN_ADMIN_2025,1005107,NORMALIZED_EXACT,APPROVED,exact-name:1:1:parent-scoped:safe-normalization
VN_ADMIN_2025,VNA25-C24CA6225C,GHN_ADMIN_2025,1006452,NORMALIZED_EXACT,APPROVED,exact-name:1:1:parent-scoped:safe-normalization
VN_ADMIN_2025,VNA25-C2967A20C3,GHN_ADMIN_2025,1004380,NORMALIZED_EXACT,APPROVED,exact-name:1:1:parent-scoped:safe-normalization
VN_ADMIN_2025,VNA25-C2AD9AF8F9,GHN_ADMIN_2025,1003543,NORMALIZED_EXACT,APPROVED,exact-name:1:1:parent-scoped:safe-normalization
VN_ADMIN_2025,VNA25-C2D8340B89,GHN_ADMIN_2025,1006139,NORMALIZED_EXACT,APPROVED,exact-name:1:1:parent-scoped:safe-normalization
VN_ADMIN_2025,VNA25-C2EB559F18,GHN_ADMIN_2025,1006461,NORMALIZED_EXACT,APPROVED,exact-name:1:1:parent-scoped:safe-normalization
VN_ADMIN_2025,VNA25-C303813FA5,GHN_ADMIN_2025,1006479,NORMALIZED_EXACT,APPROVED,exact-name:1:1:parent-scoped:safe-normalization
VN_ADMIN_2025,VNA25-C30DA5AC37,GHN_ADMIN_2025,1003975,NORMALIZED_EXACT,APPROVED,exact-name:1:1:parent-scoped:safe-normalization
VN_ADMIN_2025,VNA25-C31E5D98F5,GHN_ADMIN_2025,1004051,NORMALIZED_EXACT,APPROVED,exact-name:1:1:parent-scoped:safe-normalization
VN_ADMIN_2025,VNA25-C348611F60,GHN_ADMIN_2025,1004344,NORMALIZED_EXACT,APPROVED,exact-name:1:1:parent-scoped:safe-normalization
VN_ADMIN_2025,VNA25-C354196D72,GHN_ADMIN_2025,1006115,NORMALIZED_EXACT,APPROVED,exact-name:1:1:parent-scoped:safe-normalization
VN_ADMIN_2025,VNA25-C373E8E6D9,GHN_ADMIN_2025,1006526,NORMALIZED_EXACT,APPROVED,exact-name:1:1:parent-scoped:safe-normalization
VN_ADMIN_2025,VNA25-C38EC6A800,GHN_ADMIN_2025,1005637,NORMALIZED_EXACT,APPROVED,exact-name:1:1:parent-scoped:safe-normalization
VN_ADMIN_2025,VNA25-C3B95C9510,GHN_ADMIN_2025,1006569,NORMALIZED_TONE_PLACEMENT,APPROVED,offline-reviewed:1:1:parent-scoped:tone-placement
VN_ADMIN_2025,VNA25-C3C2612DE0,GHN_ADMIN_2025,1003983,NORMALIZED_EXACT,APPROVED,exact-name:1:1:parent-scoped:safe-normalization
VN_ADMIN_2025,VNA25-C3D9127D35,GHN_ADMIN_2025,1004082,NORMALIZED_EXACT,APPROVED,exact-name:1:1:parent-scoped:safe-normalization
VN_ADMIN_2025,VNA25-C3DDF7D422,GHN_ADMIN_2025,1005111,NORMALIZED_EXACT,APPROVED,exact-name:1:1:parent-scoped:safe-normalization
VN_ADMIN_2025,VNA25-C3E0B1C55C,GHN_ADMIN_2025,1004500,NORMALIZED_TONE_PLACEMENT,APPROVED,offline-reviewed:1:1:parent-scoped:tone-placement
VN_ADMIN_2025,VNA25-C3E78E90C2,GHN_ADMIN_2025,1005473,NORMALIZED_EXACT,APPROVED,exact-name:1:1:parent-scoped:safe-normalization
VN_ADMIN_2025,VNA25-C4011E5C8A,GHN_ADMIN_2025,1005662,NORMALIZED_EXACT,APPROVED,exact-name:1:1:parent-scoped:safe-normalization
VN_ADMIN_2025,VNA25-C402502A60,GHN_ADMIN_2025,1004999,NORMALIZED_EXACT,APPROVED,exact-name:1:1:parent-scoped:safe-normalization
VN_ADMIN_2025,VNA25-C4143CCDDB,GHN_ADMIN_2025,1003474,NORMALIZED_EXACT,APPROVED,exact-name:1:1:parent-scoped:safe-normalization
VN_ADMIN_2025,VNA25-C41FD4C4A8,GHN_ADMIN_2025,1005223,NORMALIZED_EXACT,APPROVED,exact-name:1:1:parent-scoped:safe-normalization
VN_ADMIN_2025,VNA25-C42DBF9B2F,GHN_ADMIN_2025,1006634,NORMALIZED_EXACT,APPROVED,exact-name:1:1:parent-scoped:safe-normalization
VN_ADMIN_2025,VNA25-C448325113,GHN_ADMIN_2025,1003723,NORMALIZED_EXACT,APPROVED,exact-name:1:1:parent-scoped:safe-normalization
VN_ADMIN_2025,VNA25-C494E97F6D,GHN_ADMIN_2025,1003467,NORMALIZED_EXACT,APPROVED,exact-name:1:1:parent-scoped:safe-normalization
VN_ADMIN_2025,VNA25-C497462340,GHN_ADMIN_2025,1005515,NORMALIZED_TONE_PLACEMENT,APPROVED,offline-reviewed:1:1:parent-scoped:tone-placement
VN_ADMIN_2025,VNA25-C4BBFBA43B,GHN_ADMIN_2025,1005718,NORMALIZED_EXACT,APPROVED,exact-name:1:1:parent-scoped:safe-normalization
VN_ADMIN_2025,VNA25-C4D6B4F5BD,GHN_ADMIN_2025,1005406,NORMALIZED_EXACT,APPROVED,exact-name:1:1:parent-scoped:safe-normalization
VN_ADMIN_2025,VNA25-C4ECDD34D4,GHN_ADMIN_2025,1006164,NORMALIZED_EXACT,APPROVED,exact-name:1:1:parent-scoped:safe-normalization
VN_ADMIN_2025,VNA25-C4F33D88C0,GHN_ADMIN_2025,1003629,NORMALIZED_EXACT,APPROVED,exact-name:1:1:parent-scoped:safe-normalization
VN_ADMIN_2025,VNA25-C4F75B2C47,GHN_ADMIN_2025,1003428,NORMALIZED_TONE_PLACEMENT,APPROVED,offline-reviewed:1:1:parent-scoped:tone-placement
VN_ADMIN_2025,VNA25-C53996C50A,GHN_ADMIN_2025,1003596,NORMALIZED_TONE_PLACEMENT,APPROVED,offline-reviewed:1:1:parent-scoped:tone-placement
VN_ADMIN_2025,VNA25-C53C54191E,GHN_ADMIN_2025,1003575,NORMALIZED_EXACT,APPROVED,exact-name:1:1:parent-scoped:safe-normalization
VN_ADMIN_2025,VNA25-C56036DEB5,GHN_ADMIN_2025,1003901,NORMALIZED_EXACT,APPROVED,exact-name:1:1:parent-scoped:safe-normalization
VN_ADMIN_2025,VNA25-C56FDA7C25,GHN_ADMIN_2025,1006178,NORMALIZED_EXACT,APPROVED,exact-name:1:1:parent-scoped:safe-normalization
VN_ADMIN_2025,VNA25-C590B2F98B,GHN_ADMIN_2025,1006254,NORMALIZED_EXACT,APPROVED,exact-name:1:1:parent-scoped:safe-normalization
VN_ADMIN_2025,VNA25-C5A7DAE97F,GHN_ADMIN_2025,1003391,NORMALIZED_EXACT,APPROVED,exact-name:1:1:parent-scoped:safe-normalization
VN_ADMIN_2025,VNA25-C5AED22D20,GHN_ADMIN_2025,1006190,NORMALIZED_EXACT,APPROVED,exact-name:1:1:parent-scoped:safe-normalization
VN_ADMIN_2025,VNA25-C5BDEA3ADE,GHN_ADMIN_2025,1004710,NORMALIZED_EXACT,APPROVED,exact-name:1:1:parent-scoped:safe-normalization
VN_ADMIN_2025,VNA25-C5BF36EFDB,GHN_ADMIN_2025,1006407,NORMALIZED_EXACT,APPROVED,exact-name:1:1:parent-scoped:safe-normalization
VN_ADMIN_2025,VNA25-C5CD369676,GHN_ADMIN_2025,1004536,NORMALIZED_EXACT,APPROVED,exact-name:1:1:parent-scoped:safe-normalization
VN_ADMIN_2025,VNA25-C5E937D171,GHN_ADMIN_2025,1004804,NORMALIZED_EXACT,APPROVED,exact-name:1:1:parent-scoped:safe-normalization
VN_ADMIN_2025,VNA25-C5ED1D7898,GHN_ADMIN_2025,1004113,NORMALIZED_EXACT,APPROVED,exact-name:1:1:parent-scoped:safe-normalization
VN_ADMIN_2025,VNA25-C608F32259,GHN_ADMIN_2025,1005696,NORMALIZED_EXACT,APPROVED,exact-name:1:1:parent-scoped:safe-normalization
VN_ADMIN_2025,VNA25-C650574034,GHN_ADMIN_2025,1005489,NORMALIZED_EXACT,APPROVED,exact-name:1:1:parent-scoped:safe-normalization
VN_ADMIN_2025,VNA25-C6651C6777,GHN_ADMIN_2025,1006041,NORMALIZED_EXACT,APPROVED,exact-name:1:1:parent-scoped:safe-normalization
VN_ADMIN_2025,VNA25-C674FED135,GHN_ADMIN_2025,1005097,NORMALIZED_EXACT,APPROVED,exact-name:1:1:parent-scoped:safe-normalization
VN_ADMIN_2025,VNA25-C68D2C64BD,GHN_ADMIN_2025,1004880,NORMALIZED_EXACT,APPROVED,exact-name:1:1:parent-scoped:safe-normalization
VN_ADMIN_2025,VNA25-C68EB5FC19,GHN_ADMIN_2025,1004705,NORMALIZED_EXACT,APPROVED,exact-name:1:1:parent-scoped:safe-normalization
VN_ADMIN_2025,VNA25-C69BD7833B,GHN_ADMIN_2025,1005779,NORMALIZED_EXACT,APPROVED,exact-name:1:1:parent-scoped:safe-normalization
VN_ADMIN_2025,VNA25-C6B511F0DD,GHN_ADMIN_2025,1006212,NORMALIZED_EXACT,APPROVED,exact-name:1:1:parent-scoped:safe-normalization
VN_ADMIN_2025,VNA25-C6BB2B5E72,GHN_ADMIN_2025,1005920,NORMALIZED_EXACT,APPROVED,exact-name:1:1:parent-scoped:safe-normalization
VN_ADMIN_2025,VNA25-C6C00EC799,GHN_ADMIN_2025,1004404,NORMALIZED_EXACT,APPROVED,exact-name:1:1:parent-scoped:safe-normalization
VN_ADMIN_2025,VNA25-C6CD365CD6,GHN_ADMIN_2025,1004444,NORMALIZED_EXACT,APPROVED,exact-name:1:1:parent-scoped:safe-normalization
VN_ADMIN_2025,VNA25-C702706325,GHN_ADMIN_2025,1004401,NORMALIZED_EXACT,APPROVED,exact-name:1:1:parent-scoped:safe-normalization
VN_ADMIN_2025,VNA25-C710B567CB,GHN_ADMIN_2025,1004273,NORMALIZED_EXACT,APPROVED,exact-name:1:1:parent-scoped:safe-normalization
VN_ADMIN_2025,VNA25-C71C606DE0,GHN_ADMIN_2025,1004413,NORMALIZED_EXACT,APPROVED,exact-name:1:1:parent-scoped:safe-normalization
VN_ADMIN_2025,VNA25-C73B7B4B76,GHN_ADMIN_2025,1006167,NORMALIZED_EXACT,APPROVED,exact-name:1:1:parent-scoped:safe-normalization
VN_ADMIN_2025,VNA25-C73CBDAD08,GHN_ADMIN_2025,1005582,NORMALIZED_EXACT,APPROVED,exact-name:1:1:parent-scoped:safe-normalization
VN_ADMIN_2025,VNA25-C745779BA0,GHN_ADMIN_2025,1003974,NORMALIZED_EXACT,APPROVED,exact-name:1:1:parent-scoped:safe-normalization
VN_ADMIN_2025,VNA25-C749ACCE1D,GHN_ADMIN_2025,1005537,NORMALIZED_EXACT,APPROVED,exact-name:1:1:parent-scoped:safe-normalization
VN_ADMIN_2025,VNA25-C74E35B9E0,GHN_ADMIN_2025,1004197,NORMALIZED_EXACT,APPROVED,exact-name:1:1:parent-scoped:safe-normalization
VN_ADMIN_2025,VNA25-C76B6E8ABD,GHN_ADMIN_2025,1004864,NORMALIZED_EXACT,APPROVED,exact-name:1:1:parent-scoped:safe-normalization
VN_ADMIN_2025,VNA25-C7726B3AD8,GHN_ADMIN_2025,1003574,NORMALIZED_EXACT,APPROVED,exact-name:1:1:parent-scoped:safe-normalization
VN_ADMIN_2025,VNA25-C7953A08F0,GHN_ADMIN_2025,1005886,NORMALIZED_SPACING_DASH,APPROVED,offline-reviewed:1:1:parent-scoped:spacing-dash
VN_ADMIN_2025,VNA25-C7A5FB27C6,GHN_ADMIN_2025,1005283,NORMALIZED_EXACT,APPROVED,exact-name:1:1:parent-scoped:safe-normalization
VN_ADMIN_2025,VNA25-C7CAF5C3E2,GHN_ADMIN_2025,1006083,NORMALIZED_EXACT,APPROVED,exact-name:1:1:parent-scoped:safe-normalization
VN_ADMIN_2025,VNA25-C7F3EBB4E3,GHN_ADMIN_2025,1003788,NORMALIZED_EXACT,APPROVED,exact-name:1:1:parent-scoped:safe-normalization
VN_ADMIN_2025,VNA25-C836ADA548,GHN_ADMIN_2025,1003362,NORMALIZED_EXACT,APPROVED,exact-name:1:1:parent-scoped:safe-normalization
VN_ADMIN_2025,VNA25-C83C547589,GHN_ADMIN_2025,1004699,NORMALIZED_EXACT,APPROVED,exact-name:1:1:parent-scoped:safe-normalization
VN_ADMIN_2025,VNA25-C84EAD33A2,GHN_ADMIN_2025,1005671,NORMALIZED_EXACT,APPROVED,exact-name:1:1:parent-scoped:safe-normalization
VN_ADMIN_2025,VNA25-C8520E9731,GHN_ADMIN_2025,1004256,NORMALIZED_EXACT,APPROVED,exact-name:1:1:parent-scoped:safe-normalization
VN_ADMIN_2025,VNA25-C86366CFD5,GHN_ADMIN_2025,1004676,NORMALIZED_EXACT,APPROVED,exact-name:1:1:parent-scoped:safe-normalization
VN_ADMIN_2025,VNA25-C86FD4EF07,GHN_ADMIN_2025,1004423,NORMALIZED_EXACT,APPROVED,exact-name:1:1:parent-scoped:safe-normalization
VN_ADMIN_2025,VNA25-C88DD4F026,GHN_ADMIN_2025,1005557,NORMALIZED_EXACT,APPROVED,exact-name:1:1:parent-scoped:safe-normalization
VN_ADMIN_2025,VNA25-C8A1788B6E,GHN_ADMIN_2025,1005762,NORMALIZED_EXACT,APPROVED,exact-name:1:1:parent-scoped:safe-normalization
VN_ADMIN_2025,VNA25-C8A2163692,GHN_ADMIN_2025,1003910,NORMALIZED_EXACT,APPROVED,exact-name:1:1:parent-scoped:safe-normalization
VN_ADMIN_2025,VNA25-C8ADCB2F1A,GHN_ADMIN_2025,1003654,NORMALIZED_EXACT,APPROVED,exact-name:1:1:parent-scoped:safe-normalization
VN_ADMIN_2025,VNA25-C8C8A58F05,GHN_ADMIN_2025,1006631,NORMALIZED_EXACT,APPROVED,exact-name:1:1:parent-scoped:safe-normalization
VN_ADMIN_2025,VNA25-C8D6B402CC,GHN_ADMIN_2025,1004111,NORMALIZED_EXACT,APPROVED,exact-name:1:1:parent-scoped:safe-normalization
VN_ADMIN_2025,VNA25-C8DF13F337,GHN_ADMIN_2025,1003669,NORMALIZED_EXACT,APPROVED,exact-name:1:1:parent-scoped:safe-normalization
VN_ADMIN_2025,VNA25-C8E38E77F6,GHN_ADMIN_2025,1005851,NORMALIZED_EXACT,APPROVED,exact-name:1:1:parent-scoped:safe-normalization
VN_ADMIN_2025,VNA25-C8F7B73E11,GHN_ADMIN_2025,1005122,NORMALIZED_EXACT,APPROVED,exact-name:1:1:parent-scoped:safe-normalization
VN_ADMIN_2025,VNA25-C8F90CB540,GHN_ADMIN_2025,1006383,NORMALIZED_EXACT,APPROVED,exact-name:1:1:parent-scoped:safe-normalization
VN_ADMIN_2025,VNA25-C90A1CCEDC,GHN_ADMIN_2025,1004803,NORMALIZED_EXACT,APPROVED,exact-name:1:1:parent-scoped:safe-normalization
VN_ADMIN_2025,VNA25-C92D0544CA,GHN_ADMIN_2025,1005164,NORMALIZED_EXACT,APPROVED,exact-name:1:1:parent-scoped:safe-normalization
VN_ADMIN_2025,VNA25-C93D105C63,GHN_ADMIN_2025,1005627,NORMALIZED_EXACT,APPROVED,exact-name:1:1:parent-scoped:safe-normalization
VN_ADMIN_2025,VNA25-C9406053F2,GHN_ADMIN_2025,1004126,NORMALIZED_EXACT,APPROVED,exact-name:1:1:parent-scoped:safe-normalization
VN_ADMIN_2025,VNA25-C94423E4F8,GHN_ADMIN_2025,1005123,NORMALIZED_EXACT,APPROVED,exact-name:1:1:parent-scoped:safe-normalization
VN_ADMIN_2025,VNA25-C94995C1D4,GHN_ADMIN_2025,1005754,NORMALIZED_EXACT,APPROVED,exact-name:1:1:parent-scoped:safe-normalization
VN_ADMIN_2025,VNA25-C94AB9C08F,GHN_ADMIN_2025,1004711,NORMALIZED_EXACT,APPROVED,exact-name:1:1:parent-scoped:safe-normalization
VN_ADMIN_2025,VNA25-C951AB234A,GHN_ADMIN_2025,1005426,NORMALIZED_EXACT,APPROVED,exact-name:1:1:parent-scoped:safe-normalization
VN_ADMIN_2025,VNA25-C95A91FC8E,GHN_ADMIN_2025,1005064,NORMALIZED_EXACT,APPROVED,exact-name:1:1:parent-scoped:safe-normalization
VN_ADMIN_2025,VNA25-C9694AB927,GHN_ADMIN_2025,1003965,NORMALIZED_EXACT,APPROVED,exact-name:1:1:parent-scoped:safe-normalization
VN_ADMIN_2025,VNA25-C96FC5676E,GHN_ADMIN_2025,1006174,NORMALIZED_EXACT,APPROVED,exact-name:1:1:parent-scoped:safe-normalization
VN_ADMIN_2025,VNA25-C98043C8E8,GHN_ADMIN_2025,1004457,NORMALIZED_EXACT,APPROVED,exact-name:1:1:parent-scoped:safe-normalization
VN_ADMIN_2025,VNA25-C9822CD9F7,GHN_ADMIN_2025,1005924,NORMALIZED_EXACT,APPROVED,exact-name:1:1:parent-scoped:safe-normalization
VN_ADMIN_2025,VNA25-C9AA185AE6,GHN_ADMIN_2025,1003980,NORMALIZED_EXACT,APPROVED,exact-name:1:1:parent-scoped:safe-normalization
VN_ADMIN_2025,VNA25-C9AEBA2E5E,GHN_ADMIN_2025,1006205,NORMALIZED_EXACT,APPROVED,exact-name:1:1:parent-scoped:safe-normalization
VN_ADMIN_2025,VNA25-C9B31384AA,GHN_ADMIN_2025,1006203,NORMALIZED_EXACT,APPROVED,exact-name:1:1:parent-scoped:safe-normalization
VN_ADMIN_2025,VNA25-C9BBB5B115,GHN_ADMIN_2025,1004267,NORMALIZED_EXACT,APPROVED,exact-name:1:1:parent-scoped:safe-normalization
VN_ADMIN_2025,VNA25-C9CD07BD18,GHN_ADMIN_2025,1005698,NORMALIZED_ORTHOGRAPHY,APPROVED,offline-reviewed:1:1:parent-scoped:orthography
VN_ADMIN_2025,VNA25-C9EDCE0AEE,GHN_ADMIN_2025,1006169,NORMALIZED_EXACT,APPROVED,exact-name:1:1:parent-scoped:safe-normalization
VN_ADMIN_2025,VNA25-CA03DEEAF3,GHN_ADMIN_2025,1003566,NORMALIZED_TONE_PLACEMENT,APPROVED,offline-reviewed:1:1:parent-scoped:tone-placement
VN_ADMIN_2025,VNA25-CA27F3682A,GHN_ADMIN_2025,1005415,NORMALIZED_EXACT,APPROVED,exact-name:1:1:parent-scoped:safe-normalization
VN_ADMIN_2025,VNA25-CA35ADFDB5,GHN_ADMIN_2025,1005439,NORMALIZED_EXACT,APPROVED,exact-name:1:1:parent-scoped:safe-normalization
VN_ADMIN_2025,VNA25-CA438DF643,GHN_ADMIN_2025,1005078,NORMALIZED_EXACT,APPROVED,exact-name:1:1:parent-scoped:safe-normalization
VN_ADMIN_2025,VNA25-CA43A8799C,GHN_ADMIN_2025,1003472,NORMALIZED_EXACT,APPROVED,exact-name:1:1:parent-scoped:safe-normalization
VN_ADMIN_2025,VNA25-CA47E33E3C,GHN_ADMIN_2025,1006044,NORMALIZED_EXACT,APPROVED,exact-name:1:1:parent-scoped:safe-normalization
VN_ADMIN_2025,VNA25-CA50DCFC83,GHN_ADMIN_2025,1004610,NORMALIZED_EXACT,APPROVED,exact-name:1:1:parent-scoped:safe-normalization
VN_ADMIN_2025,VNA25-CA65D18B91,GHN_ADMIN_2025,1003807,NORMALIZED_TONE_PLACEMENT,APPROVED,offline-reviewed:1:1:parent-scoped:tone-placement
VN_ADMIN_2025,VNA25-CA6A06D932,GHN_ADMIN_2025,1006358,NORMALIZED_EXACT,APPROVED,exact-name:1:1:parent-scoped:safe-normalization
VN_ADMIN_2025,VNA25-CA76E90CA4,GHN_ADMIN_2025,1004759,NORMALIZED_EXACT,APPROVED,exact-name:1:1:parent-scoped:safe-normalization
VN_ADMIN_2025,VNA25-CA91ED83DD,GHN_ADMIN_2025,1006006,NORMALIZED_EXACT,APPROVED,exact-name:1:1:parent-scoped:safe-normalization
VN_ADMIN_2025,VNA25-CA9DF6FC6A,GHN_ADMIN_2025,1004525,NORMALIZED_EXACT,APPROVED,exact-name:1:1:parent-scoped:safe-normalization
VN_ADMIN_2025,VNA25-CAA1CF8C39,GHN_ADMIN_2025,1005297,NORMALIZED_EXACT,APPROVED,exact-name:1:1:parent-scoped:safe-normalization
VN_ADMIN_2025,VNA25-CACEDBED6E,GHN_ADMIN_2025,1004966,NORMALIZED_EXACT,APPROVED,exact-name:1:1:parent-scoped:safe-normalization
VN_ADMIN_2025,VNA25-CAEEEFBADF,GHN_ADMIN_2025,1006620,NORMALIZED_EXACT,APPROVED,exact-name:1:1:parent-scoped:safe-normalization
VN_ADMIN_2025,VNA25-CB0DF52B5A,GHN_ADMIN_2025,1005748,NORMALIZED_EXACT,APPROVED,exact-name:1:1:parent-scoped:safe-normalization
VN_ADMIN_2025,VNA25-CB1184EE95,GHN_ADMIN_2025,1005948,NORMALIZED_EXACT,APPROVED,exact-name:1:1:parent-scoped:safe-normalization
VN_ADMIN_2025,VNA25-CB1422792F,GHN_ADMIN_2025,1005919,NORMALIZED_EXACT,APPROVED,exact-name:1:1:parent-scoped:safe-normalization
VN_ADMIN_2025,VNA25-CB1AEDE30D,GHN_ADMIN_2025,1006067,NORMALIZED_EXACT,APPROVED,exact-name:1:1:parent-scoped:safe-normalization
VN_ADMIN_2025,VNA25-CB1B0E6B7C,GHN_ADMIN_2025,1003550,NORMALIZED_EXACT,APPROVED,exact-name:1:1:parent-scoped:safe-normalization
VN_ADMIN_2025,VNA25-CB64E4A3EF,GHN_ADMIN_2025,1003674,NORMALIZED_EXACT,APPROVED,exact-name:1:1:parent-scoped:safe-normalization
VN_ADMIN_2025,VNA25-CB7115FCD7,GHN_ADMIN_2025,1005568,NORMALIZED_EXACT,APPROVED,exact-name:1:1:parent-scoped:safe-normalization
VN_ADMIN_2025,VNA25-CB8E247203,GHN_ADMIN_2025,1005761,NORMALIZED_EXACT,APPROVED,exact-name:1:1:parent-scoped:safe-normalization
VN_ADMIN_2025,VNA25-CB8E4A20E4,GHN_ADMIN_2025,1004752,NORMALIZED_EXACT,APPROVED,exact-name:1:1:parent-scoped:safe-normalization
VN_ADMIN_2025,VNA25-CB98BE9A01,GHN_ADMIN_2025,1006242,NORMALIZED_EXACT,APPROVED,exact-name:1:1:parent-scoped:safe-normalization
VN_ADMIN_2025,VNA25-CBA4340177,GHN_ADMIN_2025,1006301,NORMALIZED_EXACT,APPROVED,exact-name:1:1:parent-scoped:safe-normalization
VN_ADMIN_2025,VNA25-CBCA76C423,GHN_ADMIN_2025,1004443,NORMALIZED_EXACT,APPROVED,exact-name:1:1:parent-scoped:safe-normalization
VN_ADMIN_2025,VNA25-CBCFFDA5DF,GHN_ADMIN_2025,1006364,NORMALIZED_EXACT,APPROVED,exact-name:1:1:parent-scoped:safe-normalization
VN_ADMIN_2025,VNA25-CBD81D5319,GHN_ADMIN_2025,1004427,NORMALIZED_EXACT,APPROVED,exact-name:1:1:parent-scoped:safe-normalization
VN_ADMIN_2025,VNA25-CBE6F1B279,GHN_ADMIN_2025,1003677,NORMALIZED_EXACT,APPROVED,exact-name:1:1:parent-scoped:safe-normalization
VN_ADMIN_2025,VNA25-CBF1145911,GHN_ADMIN_2025,1005393,NORMALIZED_EXACT,APPROVED,exact-name:1:1:parent-scoped:safe-normalization
VN_ADMIN_2025,VNA25-CBF5A4D6D4,GHN_ADMIN_2025,1004442,NORMALIZED_EXACT,APPROVED,exact-name:1:1:parent-scoped:safe-normalization
VN_ADMIN_2025,VNA25-CC1242125A,GHN_ADMIN_2025,1003816,NORMALIZED_EXACT,APPROVED,exact-name:1:1:parent-scoped:safe-normalization
VN_ADMIN_2025,VNA25-CC1B9A9166,GHN_ADMIN_2025,1006379,NORMALIZED_EXACT,APPROVED,exact-name:1:1:parent-scoped:safe-normalization
VN_ADMIN_2025,VNA25-CC1FD07912,GHN_ADMIN_2025,1003925,NORMALIZED_EXACT,APPROVED,exact-name:1:1:parent-scoped:safe-normalization
VN_ADMIN_2025,VNA25-CC241B7E49,GHN_ADMIN_2025,1005943,NORMALIZED_EXACT,APPROVED,exact-name:1:1:parent-scoped:safe-normalization
VN_ADMIN_2025,VNA25-CC53EC4B5C,GHN_ADMIN_2025,1006306,NORMALIZED_EXACT,APPROVED,exact-name:1:1:parent-scoped:safe-normalization
VN_ADMIN_2025,VNA25-CC7054B21F,GHN_ADMIN_2025,1005951,NORMALIZED_EXACT,APPROVED,exact-name:1:1:parent-scoped:safe-normalization
VN_ADMIN_2025,VNA25-CC72592E7B,GHN_ADMIN_2025,1006338,NORMALIZED_EXACT,APPROVED,exact-name:1:1:parent-scoped:safe-normalization
VN_ADMIN_2025,VNA25-CC8459A1FA,GHN_ADMIN_2025,1004650,NORMALIZED_EXACT,APPROVED,exact-name:1:1:parent-scoped:safe-normalization
VN_ADMIN_2025,VNA25-CC85297172,GHN_ADMIN_2025,1005998,NORMALIZED_EXACT,APPROVED,exact-name:1:1:parent-scoped:safe-normalization
VN_ADMIN_2025,VNA25-CC86B4A1BC,GHN_ADMIN_2025,1004883,NORMALIZED_EXACT,APPROVED,exact-name:1:1:parent-scoped:safe-normalization
VN_ADMIN_2025,VNA25-CC8E34E099,GHN_ADMIN_2025,1004728,NORMALIZED_EXACT,APPROVED,exact-name:1:1:parent-scoped:safe-normalization
VN_ADMIN_2025,VNA25-CCAC631522,GHN_ADMIN_2025,1005947,NORMALIZED_EXACT,APPROVED,exact-name:1:1:parent-scoped:safe-normalization
VN_ADMIN_2025,VNA25-CCC750E2F5,GHN_ADMIN_2025,1005300,NORMALIZED_EXACT,APPROVED,exact-name:1:1:parent-scoped:safe-normalization
VN_ADMIN_2025,VNA25-CCF0DCE4C5,GHN_ADMIN_2025,1005861,NORMALIZED_EXACT,APPROVED,exact-name:1:1:parent-scoped:safe-normalization
VN_ADMIN_2025,VNA25-CCF68D45C8,GHN_ADMIN_2025,1004765,NORMALIZED_EXACT,APPROVED,exact-name:1:1:parent-scoped:safe-normalization
VN_ADMIN_2025,VNA25-CD14C546EC,GHN_ADMIN_2025,1006124,NORMALIZED_EXACT,APPROVED,exact-name:1:1:parent-scoped:safe-normalization
VN_ADMIN_2025,VNA25-CD1A28424D,GHN_ADMIN_2025,1006112,NORMALIZED_EXACT,APPROVED,exact-name:1:1:parent-scoped:safe-normalization
VN_ADMIN_2025,VNA25-CD1E32C782,GHN_ADMIN_2025,1005428,NORMALIZED_EXACT,APPROVED,exact-name:1:1:parent-scoped:safe-normalization
VN_ADMIN_2025,VNA25-CD258FAB99,GHN_ADMIN_2025,1003506,NORMALIZED_EXACT,APPROVED,exact-name:1:1:parent-scoped:safe-normalization
VN_ADMIN_2025,VNA25-CD2630A73A,GHN_ADMIN_2025,1006150,NORMALIZED_EXACT,APPROVED,exact-name:1:1:parent-scoped:safe-normalization
VN_ADMIN_2025,VNA25-CD3641B488,GHN_ADMIN_2025,1005381,NORMALIZED_EXACT,APPROVED,exact-name:1:1:parent-scoped:safe-normalization
VN_ADMIN_2025,VNA25-CD7B5AD5E9,GHN_ADMIN_2025,1004315,NORMALIZED_EXACT,APPROVED,exact-name:1:1:parent-scoped:safe-normalization
VN_ADMIN_2025,VNA25-CD9A5B13ED,GHN_ADMIN_2025,1004499,NORMALIZED_EXACT,APPROVED,exact-name:1:1:parent-scoped:safe-normalization
VN_ADMIN_2025,VNA25-CDCBCB6323,GHN_ADMIN_2025,1005382,NORMALIZED_EXACT,APPROVED,exact-name:1:1:parent-scoped:safe-normalization
VN_ADMIN_2025,VNA25-CDE3F0D859,GHN_ADMIN_2025,1006587,NORMALIZED_EXACT,APPROVED,exact-name:1:1:parent-scoped:safe-normalization
VN_ADMIN_2025,VNA25-CDE70B358D,GHN_ADMIN_2025,1003832,NORMALIZED_EXACT,APPROVED,exact-name:1:1:parent-scoped:safe-normalization
VN_ADMIN_2025,VNA25-CDF3DF4233,GHN_ADMIN_2025,1004692,NORMALIZED_EXACT,APPROVED,exact-name:1:1:parent-scoped:safe-normalization
VN_ADMIN_2025,VNA25-CDFD54EB33,GHN_ADMIN_2025,1006298,NORMALIZED_EXACT,APPROVED,exact-name:1:1:parent-scoped:safe-normalization
VN_ADMIN_2025,VNA25-CE1F8E1B28,GHN_ADMIN_2025,1006077,NORMALIZED_EXACT,APPROVED,exact-name:1:1:parent-scoped:safe-normalization
VN_ADMIN_2025,VNA25-CE33ABE310,GHN_ADMIN_2025,1005945,NORMALIZED_EXACT,APPROVED,exact-name:1:1:parent-scoped:safe-normalization
VN_ADMIN_2025,VNA25-CE64D74EEE,GHN_ADMIN_2025,1005323,NORMALIZED_EXACT,APPROVED,exact-name:1:1:parent-scoped:safe-normalization
VN_ADMIN_2025,VNA25-CE70064EAD,GHN_ADMIN_2025,1004103,NORMALIZED_TONE_PLACEMENT,APPROVED,offline-reviewed:1:1:parent-scoped:tone-placement
VN_ADMIN_2025,VNA25-CE9172477A,GHN_ADMIN_2025,1004067,NORMALIZED_EXACT,APPROVED,exact-name:1:1:parent-scoped:safe-normalization
VN_ADMIN_2025,VNA25-CEC196BAAA,GHN_ADMIN_2025,1005766,NORMALIZED_EXACT,APPROVED,exact-name:1:1:parent-scoped:safe-normalization
VN_ADMIN_2025,VNA25-CECA8550A7,GHN_ADMIN_2025,1004063,NORMALIZED_EXACT,APPROVED,exact-name:1:1:parent-scoped:safe-normalization
VN_ADMIN_2025,VNA25-CECA8D6534,GHN_ADMIN_2025,1004746,NORMALIZED_EXACT,APPROVED,exact-name:1:1:parent-scoped:safe-normalization
VN_ADMIN_2025,VNA25-CECECEA8DB,GHN_ADMIN_2025,1003647,NORMALIZED_EXACT,APPROVED,exact-name:1:1:parent-scoped:safe-normalization
VN_ADMIN_2025,VNA25-CF0AC8C0BA,GHN_ADMIN_2025,1006465,NORMALIZED_EXACT,APPROVED,exact-name:1:1:parent-scoped:safe-normalization
VN_ADMIN_2025,VNA25-CF2A4A0294,GHN_ADMIN_2025,1006299,NORMALIZED_EXACT,APPROVED,exact-name:1:1:parent-scoped:safe-normalization
VN_ADMIN_2025,VNA25-CF3FD91039,GHN_ADMIN_2025,1004930,NORMALIZED_EXACT,APPROVED,exact-name:1:1:parent-scoped:safe-normalization
VN_ADMIN_2025,VNA25-CF577953BC,GHN_ADMIN_2025,1005551,NORMALIZED_EXACT,APPROVED,exact-name:1:1:parent-scoped:safe-normalization
VN_ADMIN_2025,VNA25-CF8F1E1AD7,GHN_ADMIN_2025,1004392,NORMALIZED_EXACT,APPROVED,exact-name:1:1:parent-scoped:safe-normalization
VN_ADMIN_2025,VNA25-CFAC5B00DB,GHN_ADMIN_2025,1004102,NORMALIZED_EXACT,APPROVED,exact-name:1:1:parent-scoped:safe-normalization
VN_ADMIN_2025,VNA25-CFB17A6B5F,GHN_ADMIN_2025,1004935,NORMALIZED_EXACT,APPROVED,exact-name:1:1:parent-scoped:safe-normalization
VN_ADMIN_2025,VNA25-CFB7FE7A46,GHN_ADMIN_2025,1004263,NORMALIZED_EXACT,APPROVED,exact-name:1:1:parent-scoped:safe-normalization
VN_ADMIN_2025,VNA25-CFBF03C87E,GHN_ADMIN_2025,1005269,NORMALIZED_EXACT,APPROVED,exact-name:1:1:parent-scoped:safe-normalization
VN_ADMIN_2025,VNA25-CFCFE6E116,GHN_ADMIN_2025,1004502,NORMALIZED_EXACT,APPROVED,exact-name:1:1:parent-scoped:safe-normalization
VN_ADMIN_2025,VNA25-CFD5636263,GHN_ADMIN_2025,1004922,NORMALIZED_EXACT,APPROVED,exact-name:1:1:parent-scoped:safe-normalization
VN_ADMIN_2025,VNA25-CFE26260BE,GHN_ADMIN_2025,1005908,NORMALIZED_EXACT,APPROVED,exact-name:1:1:parent-scoped:safe-normalization
VN_ADMIN_2025,VNA25-CFE908DC45,GHN_ADMIN_2025,1005354,NORMALIZED_EXACT,APPROVED,exact-name:1:1:parent-scoped:safe-normalization
VN_ADMIN_2025,VNA25-CFF4DECEBD,GHN_ADMIN_2025,1003552,NORMALIZED_EXACT,APPROVED,exact-name:1:1:parent-scoped:safe-normalization
VN_ADMIN_2025,VNA25-D00CC8D817,GHN_ADMIN_2025,1005139,NORMALIZED_EXACT,APPROVED,exact-name:1:1:parent-scoped:safe-normalization
VN_ADMIN_2025,VNA25-D013B83F77,GHN_ADMIN_2025,1005973,NORMALIZED_EXACT,APPROVED,exact-name:1:1:parent-scoped:safe-normalization
VN_ADMIN_2025,VNA25-D036BF3AC0,GHN_ADMIN_2025,1006199,NORMALIZED_EXACT,APPROVED,exact-name:1:1:parent-scoped:safe-normalization
VN_ADMIN_2025,VNA25-D043267425,GHN_ADMIN_2025,1005288,NORMALIZED_EXACT,APPROVED,exact-name:1:1:parent-scoped:safe-normalization
VN_ADMIN_2025,VNA25-D0510894C7,GHN_ADMIN_2025,1006300,NORMALIZED_EXACT,APPROVED,exact-name:1:1:parent-scoped:safe-normalization
VN_ADMIN_2025,VNA25-D06494A237,GHN_ADMIN_2025,1005275,NORMALIZED_EXACT,APPROVED,exact-name:1:1:parent-scoped:safe-normalization
VN_ADMIN_2025,VNA25-D082C0BA38,GHN_ADMIN_2025,1004073,NORMALIZED_EXACT,APPROVED,exact-name:1:1:parent-scoped:safe-normalization
VN_ADMIN_2025,VNA25-D0852C467E,GHN_ADMIN_2025,1003557,NORMALIZED_EXACT,APPROVED,exact-name:1:1:parent-scoped:safe-normalization
VN_ADMIN_2025,VNA25-D092CE57F1,GHN_ADMIN_2025,1003740,NORMALIZED_EXACT,APPROVED,exact-name:1:1:parent-scoped:safe-normalization
VN_ADMIN_2025,VNA25-D09BBFF47A,GHN_ADMIN_2025,1005717,NORMALIZED_EXACT,APPROVED,exact-name:1:1:parent-scoped:safe-normalization
VN_ADMIN_2025,VNA25-D09DB27BA9,GHN_ADMIN_2025,1006194,NORMALIZED_EXACT,APPROVED,exact-name:1:1:parent-scoped:safe-normalization
VN_ADMIN_2025,VNA25-D0A1022E2C,GHN_ADMIN_2025,1003415,NORMALIZED_EXACT,APPROVED,exact-name:1:1:parent-scoped:safe-normalization
VN_ADMIN_2025,VNA25-D0C042F304,GHN_ADMIN_2025,1006509,NORMALIZED_EXACT,APPROVED,exact-name:1:1:parent-scoped:safe-normalization
VN_ADMIN_2025,VNA25-D0D1CBDC2A,GHN_ADMIN_2025,1004548,NORMALIZED_EXACT,APPROVED,exact-name:1:1:parent-scoped:safe-normalization
VN_ADMIN_2025,VNA25-D0DC026810,GHN_ADMIN_2025,1004578,NORMALIZED_EXACT,APPROVED,exact-name:1:1:parent-scoped:safe-normalization
VN_ADMIN_2025,VNA25-D0DE73778C,GHN_ADMIN_2025,1004022,NORMALIZED_EXACT,APPROVED,exact-name:1:1:parent-scoped:safe-normalization
VN_ADMIN_2025,VNA25-D0F2BB0049,GHN_ADMIN_2025,1003900,NORMALIZED_EXACT,APPROVED,exact-name:1:1:parent-scoped:safe-normalization
VN_ADMIN_2025,VNA25-D0FE846B9D,GHN_ADMIN_2025,1006566,NORMALIZED_EXACT,APPROVED,exact-name:1:1:parent-scoped:safe-normalization
VN_ADMIN_2025,VNA25-D10B4E2AC6,GHN_ADMIN_2025,1003626,NORMALIZED_EXACT,APPROVED,exact-name:1:1:parent-scoped:safe-normalization
VN_ADMIN_2025,VNA25-D1103D6A6C,GHN_ADMIN_2025,1004222,NORMALIZED_EXACT,APPROVED,exact-name:1:1:parent-scoped:safe-normalization
VN_ADMIN_2025,VNA25-D123C7146B,GHN_ADMIN_2025,1005747,NORMALIZED_EXACT,APPROVED,exact-name:1:1:parent-scoped:safe-normalization
VN_ADMIN_2025,VNA25-D12CE70633,GHN_ADMIN_2025,1004298,NORMALIZED_TONE_PLACEMENT,APPROVED,offline-reviewed:1:1:parent-scoped:tone-placement
VN_ADMIN_2025,VNA25-D12D8F6282,GHN_ADMIN_2025,1004301,NORMALIZED_EXACT,APPROVED,exact-name:1:1:parent-scoped:safe-normalization
VN_ADMIN_2025,VNA25-D133791423,GHN_ADMIN_2025,1003630,NORMALIZED_EXACT,APPROVED,exact-name:1:1:parent-scoped:safe-normalization
VN_ADMIN_2025,VNA25-D16351A04D,GHN_ADMIN_2025,1004123,NORMALIZED_EXACT,APPROVED,exact-name:1:1:parent-scoped:safe-normalization
VN_ADMIN_2025,VNA25-D182F6D21E,GHN_ADMIN_2025,1003649,NORMALIZED_EXACT,APPROVED,exact-name:1:1:parent-scoped:safe-normalization
VN_ADMIN_2025,VNA25-D1A082867B,GHN_ADMIN_2025,1004231,NORMALIZED_EXACT,APPROVED,exact-name:1:1:parent-scoped:safe-normalization
VN_ADMIN_2025,VNA25-D1A651266B,GHN_ADMIN_2025,1005010,NORMALIZED_EXACT,APPROVED,exact-name:1:1:parent-scoped:safe-normalization
VN_ADMIN_2025,VNA25-D1BABB8AA2,GHN_ADMIN_2025,1004182,NORMALIZED_EXACT,APPROVED,exact-name:1:1:parent-scoped:safe-normalization
VN_ADMIN_2025,VNA25-D1BB72861E,GHN_ADMIN_2025,1006433,NORMALIZED_EXACT,APPROVED,exact-name:1:1:parent-scoped:safe-normalization
VN_ADMIN_2025,VNA25-D1C20E1CFB,GHN_ADMIN_2025,1004415,NORMALIZED_EXACT,APPROVED,exact-name:1:1:parent-scoped:safe-normalization
VN_ADMIN_2025,VNA25-D1C9C1630B,GHN_ADMIN_2025,1005775,NORMALIZED_EXACT,APPROVED,exact-name:1:1:parent-scoped:safe-normalization
VN_ADMIN_2025,VNA25-D1DFAFF354,GHN_ADMIN_2025,1004996,NORMALIZED_EXACT,APPROVED,exact-name:1:1:parent-scoped:safe-normalization
VN_ADMIN_2025,VNA25-D1FEECE776,GHN_ADMIN_2025,1005625,NORMALIZED_EXACT,APPROVED,exact-name:1:1:parent-scoped:safe-normalization
VN_ADMIN_2025,VNA25-D21797E070,GHN_ADMIN_2025,1004259,NORMALIZED_EXACT,APPROVED,exact-name:1:1:parent-scoped:safe-normalization
VN_ADMIN_2025,VNA25-D21A54E325,GHN_ADMIN_2025,1004858,NORMALIZED_EXACT,APPROVED,exact-name:1:1:parent-scoped:safe-normalization
VN_ADMIN_2025,VNA25-D21CF9D650,GHN_ADMIN_2025,1005825,NORMALIZED_EXACT,APPROVED,exact-name:1:1:parent-scoped:safe-normalization
VN_ADMIN_2025,VNA25-D227A09F35,GHN_ADMIN_2025,1004132,NORMALIZED_EXACT,APPROVED,exact-name:1:1:parent-scoped:safe-normalization
VN_ADMIN_2025,VNA25-D24AB74AD6,GHN_ADMIN_2025,1006474,NORMALIZED_EXACT,APPROVED,exact-name:1:1:parent-scoped:safe-normalization
VN_ADMIN_2025,VNA25-D28651BADD,GHN_ADMIN_2025,1004559,NORMALIZED_EXACT,APPROVED,exact-name:1:1:parent-scoped:safe-normalization
VN_ADMIN_2025,VNA25-D28FB2BF22,GHN_ADMIN_2025,1004770,NORMALIZED_EXACT,APPROVED,exact-name:1:1:parent-scoped:safe-normalization
VN_ADMIN_2025,VNA25-D2AD395817,GHN_ADMIN_2025,1005689,NORMALIZED_EXACT,APPROVED,exact-name:1:1:parent-scoped:safe-normalization
VN_ADMIN_2025,VNA25-D2AF83E4F6,GHN_ADMIN_2025,1005483,NORMALIZED_EXACT,APPROVED,exact-name:1:1:parent-scoped:safe-normalization
VN_ADMIN_2025,VNA25-D2B29E1A43,GHN_ADMIN_2025,1003409,NORMALIZED_EXACT,APPROVED,exact-name:1:1:parent-scoped:safe-normalization
VN_ADMIN_2025,VNA25-D2BFCFD895,GHN_ADMIN_2025,1004631,NORMALIZED_EXACT,APPROVED,exact-name:1:1:parent-scoped:safe-normalization
VN_ADMIN_2025,VNA25-D2F408587E,GHN_ADMIN_2025,1004615,NORMALIZED_EXACT,APPROVED,exact-name:1:1:parent-scoped:safe-normalization
VN_ADMIN_2025,VNA25-D30EFC3C2F,GHN_ADMIN_2025,1004589,NORMALIZED_EXACT,APPROVED,exact-name:1:1:parent-scoped:safe-normalization
VN_ADMIN_2025,VNA25-D3102D71C3,GHN_ADMIN_2025,1004391,NORMALIZED_EXACT,APPROVED,exact-name:1:1:parent-scoped:safe-normalization
VN_ADMIN_2025,VNA25-D31B7A9476,GHN_ADMIN_2025,1006045,NORMALIZED_EXACT,APPROVED,exact-name:1:1:parent-scoped:safe-normalization
VN_ADMIN_2025,VNA25-D34065AF21,GHN_ADMIN_2025,1003939,NORMALIZED_EXACT,APPROVED,exact-name:1:1:parent-scoped:safe-normalization
VN_ADMIN_2025,VNA25-D3454F30AE,GHN_ADMIN_2025,1006057,NORMALIZED_EXACT,APPROVED,exact-name:1:1:parent-scoped:safe-normalization
VN_ADMIN_2025,VNA25-D35A502A7A,GHN_ADMIN_2025,1003549,NORMALIZED_EXACT,APPROVED,exact-name:1:1:parent-scoped:safe-normalization
VN_ADMIN_2025,VNA25-D37094FF2A,GHN_ADMIN_2025,1004906,NORMALIZED_EXACT,APPROVED,exact-name:1:1:parent-scoped:safe-normalization
VN_ADMIN_2025,VNA25-D38147367E,GHN_ADMIN_2025,1003791,NORMALIZED_EXACT,APPROVED,exact-name:1:1:parent-scoped:safe-normalization
VN_ADMIN_2025,VNA25-D393706CBB,GHN_ADMIN_2025,1006337,NORMALIZED_EXACT,APPROVED,exact-name:1:1:parent-scoped:safe-normalization
VN_ADMIN_2025,VNA25-D3952C90C9,GHN_ADMIN_2025,1003942,NORMALIZED_EXACT,APPROVED,exact-name:1:1:parent-scoped:safe-normalization
VN_ADMIN_2025,VNA25-D395EB3DA8,GHN_ADMIN_2025,1003862,NORMALIZED_EXACT,APPROVED,exact-name:1:1:parent-scoped:safe-normalization
VN_ADMIN_2025,VNA25-D3A7FA90B8,GHN_ADMIN_2025,1003652,NORMALIZED_EXACT,APPROVED,exact-name:1:1:parent-scoped:safe-normalization
VN_ADMIN_2025,VNA25-D3A880F342,GHN_ADMIN_2025,1003511,NORMALIZED_EXACT,APPROVED,exact-name:1:1:parent-scoped:safe-normalization
VN_ADMIN_2025,VNA25-D3ABD508CF,GHN_ADMIN_2025,1004662,NORMALIZED_EXACT,APPROVED,exact-name:1:1:parent-scoped:safe-normalization
VN_ADMIN_2025,VNA25-D3AE357CA7,GHN_ADMIN_2025,1006414,NORMALIZED_EXACT,APPROVED,exact-name:1:1:parent-scoped:safe-normalization
VN_ADMIN_2025,VNA25-D3E0718A34,GHN_ADMIN_2025,1006054,NORMALIZED_TONE_PLACEMENT,APPROVED,offline-reviewed:1:1:parent-scoped:tone-placement
VN_ADMIN_2025,VNA25-D3E1E5F051,GHN_ADMIN_2025,1006574,NORMALIZED_EXACT,APPROVED,exact-name:1:1:parent-scoped:safe-normalization
VN_ADMIN_2025,VNA25-D3EB13731C,GHN_ADMIN_2025,1005232,NORMALIZED_EXACT,APPROVED,exact-name:1:1:parent-scoped:safe-normalization
VN_ADMIN_2025,VNA25-D40CF2E4D9,GHN_ADMIN_2025,1005942,NORMALIZED_EXACT,APPROVED,exact-name:1:1:parent-scoped:safe-normalization
VN_ADMIN_2025,VNA25-D41BF3D721,GHN_ADMIN_2025,1005484,NORMALIZED_EXACT,APPROVED,exact-name:1:1:parent-scoped:safe-normalization
VN_ADMIN_2025,VNA25-D41C10B0FC,GHN_ADMIN_2025,1005988,NORMALIZED_EXACT,APPROVED,exact-name:1:1:parent-scoped:safe-normalization
VN_ADMIN_2025,VNA25-D4638849B5,GHN_ADMIN_2025,1003528,NORMALIZED_EXACT,APPROVED,exact-name:1:1:parent-scoped:safe-normalization
VN_ADMIN_2025,VNA25-D465EDF3F1,GHN_ADMIN_2025,1005960,NORMALIZED_EXACT,APPROVED,exact-name:1:1:parent-scoped:safe-normalization
VN_ADMIN_2025,VNA25-D47531E890,GHN_ADMIN_2025,1005814,NORMALIZED_EXACT,APPROVED,exact-name:1:1:parent-scoped:safe-normalization
VN_ADMIN_2025,VNA25-D485927E53,GHN_ADMIN_2025,1005648,NORMALIZED_EXACT,APPROVED,exact-name:1:1:parent-scoped:safe-normalization
VN_ADMIN_2025,VNA25-D49427661F,GHN_ADMIN_2025,1005174,NORMALIZED_EXACT,APPROVED,exact-name:1:1:parent-scoped:safe-normalization
VN_ADMIN_2025,VNA25-D4F8408253,GHN_ADMIN_2025,1003373,NORMALIZED_TONE_PLACEMENT,APPROVED,offline-reviewed:1:1:parent-scoped:tone-placement
VN_ADMIN_2025,VNA25-D501F4EE06,GHN_ADMIN_2025,1006347,NORMALIZED_EXACT,APPROVED,exact-name:1:1:parent-scoped:safe-normalization
VN_ADMIN_2025,VNA25-D504E7A686,GHN_ADMIN_2025,1005071,NORMALIZED_EXACT,APPROVED,exact-name:1:1:parent-scoped:safe-normalization
VN_ADMIN_2025,VNA25-D518AD11FD,GHN_ADMIN_2025,1004143,NORMALIZED_EXACT,APPROVED,exact-name:1:1:parent-scoped:safe-normalization
VN_ADMIN_2025,VNA25-D52675C268,GHN_ADMIN_2025,1004826,NORMALIZED_EXACT,APPROVED,exact-name:1:1:parent-scoped:safe-normalization
VN_ADMIN_2025,VNA25-D5489CBD87,GHN_ADMIN_2025,1006560,NORMALIZED_EXACT,APPROVED,exact-name:1:1:parent-scoped:safe-normalization
VN_ADMIN_2025,VNA25-D55795280D,GHN_ADMIN_2025,1003794,NORMALIZED_EXACT,APPROVED,exact-name:1:1:parent-scoped:safe-normalization
VN_ADMIN_2025,VNA25-D56DC34F6B,GHN_ADMIN_2025,1005278,NORMALIZED_EXACT,APPROVED,exact-name:1:1:parent-scoped:safe-normalization
VN_ADMIN_2025,VNA25-D58BC1EB38,GHN_ADMIN_2025,1004635,NORMALIZED_EXACT,APPROVED,exact-name:1:1:parent-scoped:safe-normalization
VN_ADMIN_2025,VNA25-D5A30B27AE,GHN_ADMIN_2025,1004437,NORMALIZED_EXACT,APPROVED,exact-name:1:1:parent-scoped:safe-normalization
VN_ADMIN_2025,VNA25-D5C0F0FF4F,GHN_ADMIN_2025,1005002,NORMALIZED_EXACT,APPROVED,exact-name:1:1:parent-scoped:safe-normalization
VN_ADMIN_2025,VNA25-D5CA4E49A3,GHN_ADMIN_2025,1004925,NORMALIZED_EXACT,APPROVED,exact-name:1:1:parent-scoped:safe-normalization
VN_ADMIN_2025,VNA25-D5D6A6013B,GHN_ADMIN_2025,1003984,NORMALIZED_EXACT,APPROVED,exact-name:1:1:parent-scoped:safe-normalization
VN_ADMIN_2025,VNA25-D5DC005AF5,GHN_ADMIN_2025,1003749,NORMALIZED_EXACT,APPROVED,exact-name:1:1:parent-scoped:safe-normalization
VN_ADMIN_2025,VNA25-D60758C0F9,GHN_ADMIN_2025,1006548,NORMALIZED_EXACT,APPROVED,exact-name:1:1:parent-scoped:safe-normalization
VN_ADMIN_2025,VNA25-D62557919D,GHN_ADMIN_2025,1006666,NORMALIZED_EXACT,APPROVED,exact-name:1:1:parent-scoped:safe-normalization
VN_ADMIN_2025,VNA25-D63AEC39AF,GHN_ADMIN_2025,1006236,NORMALIZED_EXACT,APPROVED,exact-name:1:1:parent-scoped:safe-normalization
VN_ADMIN_2025,VNA25-D63E339F1F,GHN_ADMIN_2025,1004213,NORMALIZED_EXACT,APPROVED,exact-name:1:1:parent-scoped:safe-normalization
VN_ADMIN_2025,VNA25-D646A6223A,GHN_ADMIN_2025,1003809,NORMALIZED_EXACT,APPROVED,exact-name:1:1:parent-scoped:safe-normalization
VN_ADMIN_2025,VNA25-D6477DA451,GHN_ADMIN_2025,1004326,NORMALIZED_TONE_PLACEMENT,APPROVED,offline-reviewed:1:1:parent-scoped:tone-placement
VN_ADMIN_2025,VNA25-D6AA15A747,GHN_ADMIN_2025,1004131,NORMALIZED_EXACT,APPROVED,exact-name:1:1:parent-scoped:safe-normalization
VN_ADMIN_2025,VNA25-D6BB96FCFF,GHN_ADMIN_2025,1004283,NORMALIZED_EXACT,APPROVED,exact-name:1:1:parent-scoped:safe-normalization
VN_ADMIN_2025,VNA25-D6C2D3659F,GHN_ADMIN_2025,1005238,NORMALIZED_EXACT,APPROVED,exact-name:1:1:parent-scoped:safe-normalization
VN_ADMIN_2025,VNA25-D6EFB1EB49,GHN_ADMIN_2025,1003584,NORMALIZED_EXACT,APPROVED,exact-name:1:1:parent-scoped:safe-normalization
VN_ADMIN_2025,VNA25-D6EFBA3C5D,GHN_ADMIN_2025,1005404,NORMALIZED_EXACT,APPROVED,exact-name:1:1:parent-scoped:safe-normalization
VN_ADMIN_2025,VNA25-D70B9A98D9,GHN_ADMIN_2025,1005904,NORMALIZED_EXACT,APPROVED,exact-name:1:1:parent-scoped:safe-normalization
VN_ADMIN_2025,VNA25-D715F1B801,GHN_ADMIN_2025,1004669,NORMALIZED_EXACT,APPROVED,exact-name:1:1:parent-scoped:safe-normalization
VN_ADMIN_2025,VNA25-D718F43D19,GHN_ADMIN_2025,1006268,NORMALIZED_EXACT,APPROVED,exact-name:1:1:parent-scoped:safe-normalization
VN_ADMIN_2025,VNA25-D7191418ED,GHN_ADMIN_2025,1005644,NORMALIZED_EXACT,APPROVED,exact-name:1:1:parent-scoped:safe-normalization
VN_ADMIN_2025,VNA25-D7263ADA31,GHN_ADMIN_2025,1006389,NORMALIZED_EXACT,APPROVED,exact-name:1:1:parent-scoped:safe-normalization
VN_ADMIN_2025,VNA25-D7376D36C5,GHN_ADMIN_2025,1003921,NORMALIZED_EXACT,APPROVED,exact-name:1:1:parent-scoped:safe-normalization
VN_ADMIN_2025,VNA25-D77B5D0AEC,GHN_ADMIN_2025,1003386,NORMALIZED_EXACT,APPROVED,exact-name:1:1:parent-scoped:safe-normalization
VN_ADMIN_2025,VNA25-D79A8D22CE,GHN_ADMIN_2025,1003745,NORMALIZED_EXACT,APPROVED,exact-name:1:1:parent-scoped:safe-normalization
VN_ADMIN_2025,VNA25-D7AF6D49AC,GHN_ADMIN_2025,1003779,NORMALIZED_EXACT,APPROVED,exact-name:1:1:parent-scoped:safe-normalization
VN_ADMIN_2025,VNA25-D7C08927A3,GHN_ADMIN_2025,1004007,NORMALIZED_EXACT,APPROVED,exact-name:1:1:parent-scoped:safe-normalization
VN_ADMIN_2025,VNA25-D7C146640E,GHN_ADMIN_2025,1004774,NORMALIZED_EXACT,APPROVED,exact-name:1:1:parent-scoped:safe-normalization
VN_ADMIN_2025,VNA25-D7D86D4DE1,GHN_ADMIN_2025,1003714,NORMALIZED_EXACT,APPROVED,exact-name:1:1:parent-scoped:safe-normalization
VN_ADMIN_2025,VNA25-D7D8C24564,GHN_ADMIN_2025,1005925,NORMALIZED_EXACT,APPROVED,exact-name:1:1:parent-scoped:safe-normalization
VN_ADMIN_2025,VNA25-D7E4EAA1FE,GHN_ADMIN_2025,1006341,NORMALIZED_EXACT,APPROVED,exact-name:1:1:parent-scoped:safe-normalization
VN_ADMIN_2025,VNA25-D805E1126F,GHN_ADMIN_2025,1005450,NORMALIZED_EXACT,APPROVED,exact-name:1:1:parent-scoped:safe-normalization
VN_ADMIN_2025,VNA25-D827A1C174,GHN_ADMIN_2025,1004781,NORMALIZED_EXACT,APPROVED,exact-name:1:1:parent-scoped:safe-normalization
VN_ADMIN_2025,VNA25-D82DB13AA7,GHN_ADMIN_2025,1004670,NORMALIZED_EXACT,APPROVED,exact-name:1:1:parent-scoped:safe-normalization
VN_ADMIN_2025,VNA25-D8333776A9,GHN_ADMIN_2025,1005373,NORMALIZED_EXACT,APPROVED,exact-name:1:1:parent-scoped:safe-normalization
VN_ADMIN_2025,VNA25-D838A1223A,GHN_ADMIN_2025,1006263,NORMALIZED_EXACT,APPROVED,exact-name:1:1:parent-scoped:safe-normalization
VN_ADMIN_2025,VNA25-D83FFAF30D,GHN_ADMIN_2025,1003767,NORMALIZED_SPACING_DASH,APPROVED,offline-reviewed:1:1:parent-scoped:spacing-dash
VN_ADMIN_2025,VNA25-D849BF41AD,GHN_ADMIN_2025,1004199,NORMALIZED_EXACT,APPROVED,exact-name:1:1:parent-scoped:safe-normalization
VN_ADMIN_2025,VNA25-D84CCDCD7A,GHN_ADMIN_2025,1004513,NORMALIZED_EXACT,APPROVED,exact-name:1:1:parent-scoped:safe-normalization
VN_ADMIN_2025,VNA25-D864E91241,GHN_ADMIN_2025,1003930,NORMALIZED_EXACT,APPROVED,exact-name:1:1:parent-scoped:safe-normalization
VN_ADMIN_2025,VNA25-D892C2DF0B,GHN_ADMIN_2025,1005581,NORMALIZED_EXACT,APPROVED,exact-name:1:1:parent-scoped:safe-normalization
VN_ADMIN_2025,VNA25-D89C27ECF7,GHN_ADMIN_2025,1005493,NORMALIZED_EXACT,APPROVED,exact-name:1:1:parent-scoped:safe-normalization
VN_ADMIN_2025,VNA25-D8AA10B112,GHN_ADMIN_2025,1005179,NORMALIZED_EXACT,APPROVED,exact-name:1:1:parent-scoped:safe-normalization
VN_ADMIN_2025,VNA25-D8B607FA3E,GHN_ADMIN_2025,1005536,NORMALIZED_EXACT,APPROVED,exact-name:1:1:parent-scoped:safe-normalization
VN_ADMIN_2025,VNA25-D8BC2FB606,GHN_ADMIN_2025,1006419,NORMALIZED_TONE_PLACEMENT,APPROVED,offline-reviewed:1:1:parent-scoped:tone-placement
VN_ADMIN_2025,VNA25-D8C280E895,GHN_ADMIN_2025,1005320,NORMALIZED_EXACT,APPROVED,exact-name:1:1:parent-scoped:safe-normalization
VN_ADMIN_2025,VNA25-D8D4F0D899,GHN_ADMIN_2025,1006491,NORMALIZED_EXACT,APPROVED,exact-name:1:1:parent-scoped:safe-normalization
VN_ADMIN_2025,VNA25-D8D52E499E,GHN_ADMIN_2025,1003468,NORMALIZED_EXACT,APPROVED,exact-name:1:1:parent-scoped:safe-normalization
VN_ADMIN_2025,VNA25-D9009C39C4,GHN_ADMIN_2025,1005573,NORMALIZED_EXACT,APPROVED,exact-name:1:1:parent-scoped:safe-normalization
VN_ADMIN_2025,VNA25-D9044422D3,GHN_ADMIN_2025,1006068,NORMALIZED_EXACT,APPROVED,exact-name:1:1:parent-scoped:safe-normalization
VN_ADMIN_2025,VNA25-D90EFADDDA,GHN_ADMIN_2025,1003442,NORMALIZED_EXACT,APPROVED,exact-name:1:1:parent-scoped:safe-normalization
VN_ADMIN_2025,VNA25-D911F94203,GHN_ADMIN_2025,1005866,NORMALIZED_EXACT,APPROVED,exact-name:1:1:parent-scoped:safe-normalization
VN_ADMIN_2025,VNA25-D919FE8424,GHN_ADMIN_2025,1003541,NORMALIZED_EXACT,APPROVED,exact-name:1:1:parent-scoped:safe-normalization
VN_ADMIN_2025,VNA25-D9324313F2,GHN_ADMIN_2025,1005209,NORMALIZED_EXACT,APPROVED,exact-name:1:1:parent-scoped:safe-normalization
VN_ADMIN_2025,VNA25-D945DE77B4,GHN_ADMIN_2025,1005624,NORMALIZED_EXACT,APPROVED,exact-name:1:1:parent-scoped:safe-normalization
VN_ADMIN_2025,VNA25-D9463557D5,GHN_ADMIN_2025,1005882,NORMALIZED_SPACING_DASH,APPROVED,offline-reviewed:1:1:parent-scoped:spacing-dash
VN_ADMIN_2025,VNA25-D961CE7024,GHN_ADMIN_2025,1005544,NORMALIZED_EXACT,APPROVED,exact-name:1:1:parent-scoped:safe-normalization
VN_ADMIN_2025,VNA25-D966099350,GHN_ADMIN_2025,1005929,NORMALIZED_EXACT,APPROVED,exact-name:1:1:parent-scoped:safe-normalization
VN_ADMIN_2025,VNA25-D9860FE11E,GHN_ADMIN_2025,1005685,NORMALIZED_EXACT,APPROVED,exact-name:1:1:parent-scoped:safe-normalization
VN_ADMIN_2025,VNA25-D9BDEC7CA3,GHN_ADMIN_2025,1006369,NORMALIZED_EXACT,APPROVED,exact-name:1:1:parent-scoped:safe-normalization
VN_ADMIN_2025,VNA25-D9D117B096,GHN_ADMIN_2025,1004175,NORMALIZED_EXACT,APPROVED,exact-name:1:1:parent-scoped:safe-normalization
VN_ADMIN_2025,VNA25-D9D7F5AB13,GHN_ADMIN_2025,1003707,NORMALIZED_EXACT,APPROVED,exact-name:1:1:parent-scoped:safe-normalization
VN_ADMIN_2025,VNA25-D9E677B043,GHN_ADMIN_2025,1004830,NORMALIZED_EXACT,APPROVED,exact-name:1:1:parent-scoped:safe-normalization
VN_ADMIN_2025,VNA25-D9E869160F,GHN_ADMIN_2025,1005425,NORMALIZED_EXACT,APPROVED,exact-name:1:1:parent-scoped:safe-normalization
VN_ADMIN_2025,VNA25-D9F401A3A9,GHN_ADMIN_2025,1006133,NORMALIZED_EXACT,APPROVED,exact-name:1:1:parent-scoped:safe-normalization
VN_ADMIN_2025,VNA25-DA0C52681B,GHN_ADMIN_2025,1005444,NORMALIZED_EXACT,APPROVED,exact-name:1:1:parent-scoped:safe-normalization
VN_ADMIN_2025,VNA25-DA279D2F22,GHN_ADMIN_2025,1004713,NORMALIZED_EXACT,APPROVED,exact-name:1:1:parent-scoped:safe-normalization
VN_ADMIN_2025,VNA25-DA6743E6DC,GHN_ADMIN_2025,1005130,NORMALIZED_EXACT,APPROVED,exact-name:1:1:parent-scoped:safe-normalization
VN_ADMIN_2025,VNA25-DA7D7A67B0,GHN_ADMIN_2025,1004373,NORMALIZED_EXACT,APPROVED,exact-name:1:1:parent-scoped:safe-normalization
VN_ADMIN_2025,VNA25-DA9B52696A,GHN_ADMIN_2025,1004046,NORMALIZED_EXACT,APPROVED,exact-name:1:1:parent-scoped:safe-normalization
VN_ADMIN_2025,VNA25-DA9E31758B,GHN_ADMIN_2025,1004255,NORMALIZED_EXACT,APPROVED,exact-name:1:1:parent-scoped:safe-normalization
VN_ADMIN_2025,VNA25-DACCF95419,GHN_ADMIN_2025,1004462,NORMALIZED_EXACT,APPROVED,exact-name:1:1:parent-scoped:safe-normalization
VN_ADMIN_2025,VNA25-DAD2888328,GHN_ADMIN_2025,1005513,NORMALIZED_EXACT,APPROVED,exact-name:1:1:parent-scoped:safe-normalization
VN_ADMIN_2025,VNA25-DAD9D8D423,GHN_ADMIN_2025,1004667,NORMALIZED_EXACT,APPROVED,exact-name:1:1:parent-scoped:safe-normalization
VN_ADMIN_2025,VNA25-DAE87D0C13,GHN_ADMIN_2025,1005494,NORMALIZED_EXACT,APPROVED,exact-name:1:1:parent-scoped:safe-normalization
VN_ADMIN_2025,VNA25-DAE9EE509C,GHN_ADMIN_2025,1006282,NORMALIZED_EXACT,APPROVED,exact-name:1:1:parent-scoped:safe-normalization
VN_ADMIN_2025,VNA25-DAF03DD6E7,GHN_ADMIN_2025,1006469,NORMALIZED_EXACT,APPROVED,exact-name:1:1:parent-scoped:safe-normalization
VN_ADMIN_2025,VNA25-DAF1004B29,GHN_ADMIN_2025,1004531,NORMALIZED_EXACT,APPROVED,exact-name:1:1:parent-scoped:safe-normalization
VN_ADMIN_2025,VNA25-DB2A5E35A4,GHN_ADMIN_2025,1004242,NORMALIZED_EXACT,APPROVED,exact-name:1:1:parent-scoped:safe-normalization
VN_ADMIN_2025,VNA25-DB4B433873,GHN_ADMIN_2025,1003670,NORMALIZED_EXACT,APPROVED,exact-name:1:1:parent-scoped:safe-normalization
VN_ADMIN_2025,VNA25-DB5B5AFB29,GHN_ADMIN_2025,1004843,NORMALIZED_EXACT,APPROVED,exact-name:1:1:parent-scoped:safe-normalization
VN_ADMIN_2025,VNA25-DB6BF7B16A,GHN_ADMIN_2025,1004560,NORMALIZED_EXACT,APPROVED,exact-name:1:1:parent-scoped:safe-normalization
VN_ADMIN_2025,VNA25-DB87A34B5C,GHN_ADMIN_2025,1005356,NORMALIZED_EXACT,APPROVED,exact-name:1:1:parent-scoped:safe-normalization
VN_ADMIN_2025,VNA25-DBA63084E5,GHN_ADMIN_2025,1005791,NORMALIZED_EXACT,APPROVED,exact-name:1:1:parent-scoped:safe-normalization
VN_ADMIN_2025,VNA25-DBB30F4D4D,GHN_ADMIN_2025,1006455,NORMALIZED_EXACT,APPROVED,exact-name:1:1:parent-scoped:safe-normalization
VN_ADMIN_2025,VNA25-DBB36C02F0,GHN_ADMIN_2025,1003367,NORMALIZED_EXACT,APPROVED,exact-name:1:1:parent-scoped:safe-normalization
VN_ADMIN_2025,VNA25-DBCB0EF83E,GHN_ADMIN_2025,1004512,NORMALIZED_EXACT,APPROVED,exact-name:1:1:parent-scoped:safe-normalization
VN_ADMIN_2025,VNA25-DBD4D8B9A8,GHN_ADMIN_2025,1005540,NORMALIZED_EXACT,APPROVED,exact-name:1:1:parent-scoped:safe-normalization
VN_ADMIN_2025,VNA25-DBE656E2CF,GHN_ADMIN_2025,1004960,NORMALIZED_EXACT,APPROVED,exact-name:1:1:parent-scoped:safe-normalization
VN_ADMIN_2025,VNA25-DBE6738602,GHN_ADMIN_2025,1006653,NORMALIZED_EXACT,APPROVED,exact-name:1:1:parent-scoped:safe-normalization
VN_ADMIN_2025,VNA25-DBE7788DF8,GHN_ADMIN_2025,1004167,NORMALIZED_EXACT,APPROVED,exact-name:1:1:parent-scoped:safe-normalization
VN_ADMIN_2025,VNA25-DBE912F3E1,GHN_ADMIN_2025,1004735,NORMALIZED_EXACT,APPROVED,exact-name:1:1:parent-scoped:safe-normalization
VN_ADMIN_2025,VNA25-DBE9880CA8,GHN_ADMIN_2025,1004988,NORMALIZED_EXACT,APPROVED,exact-name:1:1:parent-scoped:safe-normalization
VN_ADMIN_2025,VNA25-DBF2C81CD4,GHN_ADMIN_2025,1005650,NORMALIZED_EXACT,APPROVED,exact-name:1:1:parent-scoped:safe-normalization
VN_ADMIN_2025,VNA25-DBFD36F22D,GHN_ADMIN_2025,1004553,NORMALIZED_EXACT,APPROVED,exact-name:1:1:parent-scoped:safe-normalization
VN_ADMIN_2025,VNA25-DBFEC01B4C,GHN_ADMIN_2025,1006565,NORMALIZED_EXACT,APPROVED,exact-name:1:1:parent-scoped:safe-normalization
VN_ADMIN_2025,VNA25-DC0709FED8,GHN_ADMIN_2025,1005291,NORMALIZED_EXACT,APPROVED,exact-name:1:1:parent-scoped:safe-normalization
VN_ADMIN_2025,VNA25-DC34D5694E,GHN_ADMIN_2025,1005588,NORMALIZED_EXACT,APPROVED,exact-name:1:1:parent-scoped:safe-normalization
VN_ADMIN_2025,VNA25-DC3B0D19E6,GHN_ADMIN_2025,1005881,NORMALIZED_SPACING_DASH,APPROVED,offline-reviewed:1:1:parent-scoped:spacing-dash
VN_ADMIN_2025,VNA25-DC5C051B16,GHN_ADMIN_2025,1003699,NORMALIZED_EXACT,APPROVED,exact-name:1:1:parent-scoped:safe-normalization
VN_ADMIN_2025,VNA25-DC636BC722,GHN_ADMIN_2025,1005705,NORMALIZED_EXACT,APPROVED,exact-name:1:1:parent-scoped:safe-normalization
VN_ADMIN_2025,VNA25-DC759020BC,GHN_ADMIN_2025,1005187,NORMALIZED_EXACT,APPROVED,exact-name:1:1:parent-scoped:safe-normalization
VN_ADMIN_2025,VNA25-DC7CE10F12,GHN_ADMIN_2025,1004304,NORMALIZED_EXACT,APPROVED,exact-name:1:1:parent-scoped:safe-normalization
VN_ADMIN_2025,VNA25-DC7DCAB59D,GHN_ADMIN_2025,1006296,NORMALIZED_EXACT,APPROVED,exact-name:1:1:parent-scoped:safe-normalization
VN_ADMIN_2025,VNA25-DC83FA39D1,GHN_ADMIN_2025,1005706,NORMALIZED_EXACT,APPROVED,exact-name:1:1:parent-scoped:safe-normalization
VN_ADMIN_2025,VNA25-DCA61FD2C5,GHN_ADMIN_2025,1006511,NORMALIZED_EXACT,APPROVED,exact-name:1:1:parent-scoped:safe-normalization
VN_ADMIN_2025,VNA25-DCCF875B17,GHN_ADMIN_2025,1004782,NORMALIZED_EXACT,APPROVED,exact-name:1:1:parent-scoped:safe-normalization
VN_ADMIN_2025,VNA25-DCD0D5848E,GHN_ADMIN_2025,1005758,NORMALIZED_EXACT,APPROVED,exact-name:1:1:parent-scoped:safe-normalization
VN_ADMIN_2025,VNA25-DCF7FB49EE,GHN_ADMIN_2025,1004651,NORMALIZED_EXACT,APPROVED,exact-name:1:1:parent-scoped:safe-normalization
VN_ADMIN_2025,VNA25-DD07DAACDB,GHN_ADMIN_2025,1005506,NORMALIZED_EXACT,APPROVED,exact-name:1:1:parent-scoped:safe-normalization
VN_ADMIN_2025,VNA25-DD1D3FF27D,GHN_ADMIN_2025,1004633,NORMALIZED_EXACT,APPROVED,exact-name:1:1:parent-scoped:safe-normalization
VN_ADMIN_2025,VNA25-DD448BE508,GHN_ADMIN_2025,1005950,NORMALIZED_EXACT,APPROVED,exact-name:1:1:parent-scoped:safe-normalization
VN_ADMIN_2025,VNA25-DD7E307D7B,GHN_ADMIN_2025,1006037,PARENT_SCOPED_REVIEWED,APPROVED,human-approved:same-parent:unique-candidate
VN_ADMIN_2025,VNA25-DD97DE3920,GHN_ADMIN_2025,1004532,NORMALIZED_EXACT,APPROVED,exact-name:1:1:parent-scoped:safe-normalization
VN_ADMIN_2025,VNA25-DDA1BEB7CF,GHN_ADMIN_2025,1005239,NORMALIZED_EXACT,APPROVED,exact-name:1:1:parent-scoped:safe-normalization
VN_ADMIN_2025,VNA25-DDA876FC21,GHN_ADMIN_2025,1006373,NORMALIZED_EXACT,APPROVED,exact-name:1:1:parent-scoped:safe-normalization
VN_ADMIN_2025,VNA25-DDC5E4C8C9,GHN_ADMIN_2025,1003508,NORMALIZED_EXACT,APPROVED,exact-name:1:1:parent-scoped:safe-normalization
VN_ADMIN_2025,VNA25-DDC874747D,GHN_ADMIN_2025,1003815,NORMALIZED_EXACT,APPROVED,exact-name:1:1:parent-scoped:safe-normalization
VN_ADMIN_2025,VNA25-DDC8CF691C,GHN_ADMIN_2025,1005204,NORMALIZED_EXACT,APPROVED,exact-name:1:1:parent-scoped:safe-normalization
VN_ADMIN_2025,VNA25-DDC9E19FE7,GHN_ADMIN_2025,1005835,NORMALIZED_TONE_PLACEMENT,APPROVED,offline-reviewed:1:1:parent-scoped:tone-placement
VN_ADMIN_2025,VNA25-DDD7CAAD75,GHN_ADMIN_2025,1003830,NORMALIZED_EXACT,APPROVED,exact-name:1:1:parent-scoped:safe-normalization
VN_ADMIN_2025,VNA25-DDDC9F6CEE,GHN_ADMIN_2025,1006512,NORMALIZED_EXACT,APPROVED,exact-name:1:1:parent-scoped:safe-normalization
VN_ADMIN_2025,VNA25-DDE01B9779,GHN_ADMIN_2025,1006213,NORMALIZED_EXACT,APPROVED,exact-name:1:1:parent-scoped:safe-normalization
VN_ADMIN_2025,VNA25-DDFF0809F8,GHN_ADMIN_2025,1003878,NORMALIZED_EXACT,APPROVED,exact-name:1:1:parent-scoped:safe-normalization
VN_ADMIN_2025,VNA25-DDFF4B5F07,GHN_ADMIN_2025,1005961,NORMALIZED_EXACT,APPROVED,exact-name:1:1:parent-scoped:safe-normalization
VN_ADMIN_2025,VNA25-DE13F13D7E,GHN_ADMIN_2025,1004780,NORMALIZED_EXACT,APPROVED,exact-name:1:1:parent-scoped:safe-normalization
VN_ADMIN_2025,VNA25-DE21684D5C,GHN_ADMIN_2025,1006274,NORMALIZED_EXACT,APPROVED,exact-name:1:1:parent-scoped:safe-normalization
VN_ADMIN_2025,VNA25-DE24741959,GHN_ADMIN_2025,1004574,NORMALIZED_EXACT,APPROVED,exact-name:1:1:parent-scoped:safe-normalization
VN_ADMIN_2025,VNA25-DE4944A767,GHN_ADMIN_2025,1005094,NORMALIZED_EXACT,APPROVED,exact-name:1:1:parent-scoped:safe-normalization
VN_ADMIN_2025,VNA25-DE706F448E,GHN_ADMIN_2025,1006506,NORMALIZED_EXACT,APPROVED,exact-name:1:1:parent-scoped:safe-normalization
VN_ADMIN_2025,VNA25-DE8F32EB63,GHN_ADMIN_2025,1005231,NORMALIZED_EXACT,APPROVED,exact-name:1:1:parent-scoped:safe-normalization
VN_ADMIN_2025,VNA25-DE933FDCB1,GHN_ADMIN_2025,1005362,NORMALIZED_EXACT,APPROVED,exact-name:1:1:parent-scoped:safe-normalization
VN_ADMIN_2025,VNA25-DEA347D3D8,GHN_ADMIN_2025,1005431,NORMALIZED_EXACT,APPROVED,exact-name:1:1:parent-scoped:safe-normalization
VN_ADMIN_2025,VNA25-DEB292A6C0,GHN_ADMIN_2025,1004060,NORMALIZED_EXACT,APPROVED,exact-name:1:1:parent-scoped:safe-normalization
VN_ADMIN_2025,VNA25-DED8524B9D,GHN_ADMIN_2025,1006503,NORMALIZED_EXACT,APPROVED,exact-name:1:1:parent-scoped:safe-normalization
VN_ADMIN_2025,VNA25-DEFFDDF81C,GHN_ADMIN_2025,1006061,NORMALIZED_EXACT,APPROVED,exact-name:1:1:parent-scoped:safe-normalization
VN_ADMIN_2025,VNA25-DF30C99082,GHN_ADMIN_2025,1005852,NORMALIZED_EXACT,APPROVED,exact-name:1:1:parent-scoped:safe-normalization
VN_ADMIN_2025,VNA25-DF44EDBF12,GHN_ADMIN_2025,1005583,NORMALIZED_EXACT,APPROVED,exact-name:1:1:parent-scoped:safe-normalization
VN_ADMIN_2025,VNA25-DF6E58DA42,GHN_ADMIN_2025,1004893,NORMALIZED_EXACT,APPROVED,exact-name:1:1:parent-scoped:safe-normalization
VN_ADMIN_2025,VNA25-DF7C857B53,GHN_ADMIN_2025,1005692,NORMALIZED_EXACT,APPROVED,exact-name:1:1:parent-scoped:safe-normalization
VN_ADMIN_2025,VNA25-DF8328C8B1,GHN_ADMIN_2025,1005823,NORMALIZED_EXACT,APPROVED,exact-name:1:1:parent-scoped:safe-normalization
VN_ADMIN_2025,VNA25-DF8355527C,GHN_ADMIN_2025,1005034,NORMALIZED_EXACT,APPROVED,exact-name:1:1:parent-scoped:safe-normalization
VN_ADMIN_2025,VNA25-DF86290ADC,GHN_ADMIN_2025,1004979,NORMALIZED_EXACT,APPROVED,exact-name:1:1:parent-scoped:safe-normalization
VN_ADMIN_2025,VNA25-DF92108751,GHN_ADMIN_2025,1004412,NORMALIZED_EXACT,APPROVED,exact-name:1:1:parent-scoped:safe-normalization
VN_ADMIN_2025,VNA25-DFC2019314,GHN_ADMIN_2025,1006286,NORMALIZED_EXACT,APPROVED,exact-name:1:1:parent-scoped:safe-normalization
VN_ADMIN_2025,VNA25-DFD32AB0EF,GHN_ADMIN_2025,1003372,NORMALIZED_EXACT,APPROVED,exact-name:1:1:parent-scoped:safe-normalization
VN_ADMIN_2025,VNA25-DFF2B4382B,GHN_ADMIN_2025,1005252,NORMALIZED_EXACT,APPROVED,exact-name:1:1:parent-scoped:safe-normalization
VN_ADMIN_2025,VNA25-DFF7BE0D94,GHN_ADMIN_2025,1005295,NORMALIZED_EXACT,APPROVED,exact-name:1:1:parent-scoped:safe-normalization
VN_ADMIN_2025,VNA25-DFFAE637CD,GHN_ADMIN_2025,1005936,NORMALIZED_EXACT,APPROVED,exact-name:1:1:parent-scoped:safe-normalization
VN_ADMIN_2025,VNA25-DFFC933A00,GHN_ADMIN_2025,1004002,NORMALIZED_EXACT,APPROVED,exact-name:1:1:parent-scoped:safe-normalization
VN_ADMIN_2025,VNA25-E0040786ED,GHN_ADMIN_2025,1005906,NORMALIZED_EXACT,APPROVED,exact-name:1:1:parent-scoped:safe-normalization
VN_ADMIN_2025,VNA25-E0228A4120,GHN_ADMIN_2025,1003431,NORMALIZED_EXACT,APPROVED,exact-name:1:1:parent-scoped:safe-normalization
VN_ADMIN_2025,VNA25-E024C2B7D9,GHN_ADMIN_2025,1006281,NORMALIZED_EXACT,APPROVED,exact-name:1:1:parent-scoped:safe-normalization
VN_ADMIN_2025,VNA25-E05EA50BE4,GHN_ADMIN_2025,1004913,NORMALIZED_EXACT,APPROVED,exact-name:1:1:parent-scoped:safe-normalization
VN_ADMIN_2025,VNA25-E0630C8C75,GHN_ADMIN_2025,1004497,NORMALIZED_EXACT,APPROVED,exact-name:1:1:parent-scoped:safe-normalization
VN_ADMIN_2025,VNA25-E08C9E75EE,GHN_ADMIN_2025,1005630,NORMALIZED_EXACT,APPROVED,exact-name:1:1:parent-scoped:safe-normalization
VN_ADMIN_2025,VNA25-E0B1751A75,GHN_ADMIN_2025,1003667,NORMALIZED_TONE_PLACEMENT,APPROVED,offline-reviewed:1:1:parent-scoped:tone-placement
VN_ADMIN_2025,VNA25-E0B95095E8,GHN_ADMIN_2025,1005465,NORMALIZED_EXACT,APPROVED,exact-name:1:1:parent-scoped:safe-normalization
VN_ADMIN_2025,VNA25-E0BBF56038,GHN_ADMIN_2025,1006070,NORMALIZED_EXACT,APPROVED,exact-name:1:1:parent-scoped:safe-normalization
VN_ADMIN_2025,VNA25-E0CBC39F65,GHN_ADMIN_2025,1003490,NORMALIZED_EXACT,APPROVED,exact-name:1:1:parent-scoped:safe-normalization
VN_ADMIN_2025,VNA25-E0E1FB7EA4,GHN_ADMIN_2025,1006049,NORMALIZED_EXACT,APPROVED,exact-name:1:1:parent-scoped:safe-normalization
VN_ADMIN_2025,VNA25-E0FEB68B51,GHN_ADMIN_2025,1004297,NORMALIZED_EXACT,APPROVED,exact-name:1:1:parent-scoped:safe-normalization
VN_ADMIN_2025,VNA25-E1165DB157,GHN_ADMIN_2025,1006188,NORMALIZED_EXACT,APPROVED,exact-name:1:1:parent-scoped:safe-normalization
VN_ADMIN_2025,VNA25-E12B08E49E,GHN_ADMIN_2025,1003478,NORMALIZED_EXACT,APPROVED,exact-name:1:1:parent-scoped:safe-normalization
VN_ADMIN_2025,VNA25-E13794C4D3,GHN_ADMIN_2025,1003717,NORMALIZED_EXACT,APPROVED,exact-name:1:1:parent-scoped:safe-normalization
VN_ADMIN_2025,VNA25-E1546DD499,GHN_ADMIN_2025,1005347,NORMALIZED_EXACT,APPROVED,exact-name:1:1:parent-scoped:safe-normalization
VN_ADMIN_2025,VNA25-E1640F8F9E,GHN_ADMIN_2025,1006600,NORMALIZED_EXACT,APPROVED,exact-name:1:1:parent-scoped:safe-normalization
VN_ADMIN_2025,VNA25-E171E1CD5C,GHN_ADMIN_2025,1003928,NORMALIZED_EXACT,APPROVED,exact-name:1:1:parent-scoped:safe-normalization
VN_ADMIN_2025,VNA25-E18584CE03,GHN_ADMIN_2025,1004033,NORMALIZED_EXACT,APPROVED,exact-name:1:1:parent-scoped:safe-normalization
VN_ADMIN_2025,VNA25-E19D2758FC,GHN_ADMIN_2025,1003625,NORMALIZED_EXACT,APPROVED,exact-name:1:1:parent-scoped:safe-normalization
VN_ADMIN_2025,VNA25-E1A1D978DA,GHN_ADMIN_2025,1005503,NORMALIZED_EXACT,APPROVED,exact-name:1:1:parent-scoped:safe-normalization
VN_ADMIN_2025,VNA25-E1A37E6905,GHN_ADMIN_2025,1003768,NORMALIZED_EXACT,APPROVED,exact-name:1:1:parent-scoped:safe-normalization
VN_ADMIN_2025,VNA25-E1AC6A3BE5,GHN_ADMIN_2025,1005228,NORMALIZED_EXACT,APPROVED,exact-name:1:1:parent-scoped:safe-normalization
VN_ADMIN_2025,VNA25-E1BADB766E,GHN_ADMIN_2025,1006275,NORMALIZED_TONE_PLACEMENT,APPROVED,offline-reviewed:1:1:parent-scoped:tone-placement
VN_ADMIN_2025,VNA25-E1D693E373,GHN_ADMIN_2025,1005265,NORMALIZED_EXACT,APPROVED,exact-name:1:1:parent-scoped:safe-normalization
VN_ADMIN_2025,VNA25-E1E3099AC4,GHN_ADMIN_2025,1003906,NORMALIZED_EXACT,APPROVED,exact-name:1:1:parent-scoped:safe-normalization
VN_ADMIN_2025,VNA25-E1E56CF670,GHN_ADMIN_2025,1004797,NORMALIZED_EXACT,APPROVED,exact-name:1:1:parent-scoped:safe-normalization
VN_ADMIN_2025,VNA25-E1E9E8E3A9,GHN_ADMIN_2025,1005349,NORMALIZED_EXACT,APPROVED,exact-name:1:1:parent-scoped:safe-normalization
VN_ADMIN_2025,VNA25-E210AF0D80,GHN_ADMIN_2025,1006249,NORMALIZED_EXACT,APPROVED,exact-name:1:1:parent-scoped:safe-normalization
VN_ADMIN_2025,VNA25-E27580A8C1,GHN_ADMIN_2025,1005096,NORMALIZED_EXACT,APPROVED,exact-name:1:1:parent-scoped:safe-normalization
VN_ADMIN_2025,VNA25-E2924DBC19,GHN_ADMIN_2025,1003760,NORMALIZED_EXACT,APPROVED,exact-name:1:1:parent-scoped:safe-normalization
VN_ADMIN_2025,VNA25-E2E0E0EE75,GHN_ADMIN_2025,1006594,NORMALIZED_EXACT,APPROVED,exact-name:1:1:parent-scoped:safe-normalization
VN_ADMIN_2025,VNA25-E2EC3340A2,GHN_ADMIN_2025,1005303,NORMALIZED_EXACT,APPROVED,exact-name:1:1:parent-scoped:safe-normalization
VN_ADMIN_2025,VNA25-E2F092642D,GHN_ADMIN_2025,1005176,NORMALIZED_EXACT,APPROVED,exact-name:1:1:parent-scoped:safe-normalization
VN_ADMIN_2025,VNA25-E2FE75DF20,GHN_ADMIN_2025,1003558,NORMALIZED_EXACT,APPROVED,exact-name:1:1:parent-scoped:safe-normalization
VN_ADMIN_2025,VNA25-E3394F379D,GHN_ADMIN_2025,1005997,NORMALIZED_EXACT,APPROVED,exact-name:1:1:parent-scoped:safe-normalization
VN_ADMIN_2025,VNA25-E34E0BC6E3,GHN_ADMIN_2025,1004389,NORMALIZED_EXACT,APPROVED,exact-name:1:1:parent-scoped:safe-normalization
VN_ADMIN_2025,VNA25-E358CB708C,GHN_ADMIN_2025,1006208,NORMALIZED_EXACT,APPROVED,exact-name:1:1:parent-scoped:safe-normalization
VN_ADMIN_2025,VNA25-E36F5755A5,GHN_ADMIN_2025,1004947,NORMALIZED_EXACT,APPROVED,exact-name:1:1:parent-scoped:safe-normalization
VN_ADMIN_2025,VNA25-E3759AEEFD,GHN_ADMIN_2025,1004387,NORMALIZED_EXACT,APPROVED,exact-name:1:1:parent-scoped:safe-normalization
VN_ADMIN_2025,VNA25-E398B57BBD,GHN_ADMIN_2025,1005151,NORMALIZED_EXACT,APPROVED,exact-name:1:1:parent-scoped:safe-normalization
VN_ADMIN_2025,VNA25-E39CEE97E9,GHN_ADMIN_2025,1005350,NORMALIZED_EXACT,APPROVED,exact-name:1:1:parent-scoped:safe-normalization
VN_ADMIN_2025,VNA25-E415064A42,GHN_ADMIN_2025,1003993,NORMALIZED_EXACT,APPROVED,exact-name:1:1:parent-scoped:safe-normalization
VN_ADMIN_2025,VNA25-E42790A356,GHN_ADMIN_2025,1004012,NORMALIZED_EXACT,APPROVED,exact-name:1:1:parent-scoped:safe-normalization
VN_ADMIN_2025,VNA25-E441AA2782,GHN_ADMIN_2025,1006179,NORMALIZED_EXACT,APPROVED,exact-name:1:1:parent-scoped:safe-normalization
VN_ADMIN_2025,VNA25-E449E4A85F,GHN_ADMIN_2025,1005710,NORMALIZED_EXACT,APPROVED,exact-name:1:1:parent-scoped:safe-normalization
VN_ADMIN_2025,VNA25-E45CAF700B,GHN_ADMIN_2025,1005254,NORMALIZED_EXACT,APPROVED,exact-name:1:1:parent-scoped:safe-normalization
VN_ADMIN_2025,VNA25-E47FA1276D,GHN_ADMIN_2025,1004989,NORMALIZED_EXACT,APPROVED,exact-name:1:1:parent-scoped:safe-normalization
VN_ADMIN_2025,VNA25-E481C03007,GHN_ADMIN_2025,1006555,NORMALIZED_EXACT,APPROVED,exact-name:1:1:parent-scoped:safe-normalization
VN_ADMIN_2025,VNA25-E4882584C1,GHN_ADMIN_2025,1006324,NORMALIZED_EXACT,APPROVED,exact-name:1:1:parent-scoped:safe-normalization
VN_ADMIN_2025,VNA25-E49A1873B5,GHN_ADMIN_2025,1003538,NORMALIZED_EXACT,APPROVED,exact-name:1:1:parent-scoped:safe-normalization
VN_ADMIN_2025,VNA25-E4A589A673,GHN_ADMIN_2025,1005230,NORMALIZED_EXACT,APPROVED,exact-name:1:1:parent-scoped:safe-normalization
VN_ADMIN_2025,VNA25-E4B05210AF,GHN_ADMIN_2025,1006151,NORMALIZED_EXACT,APPROVED,exact-name:1:1:parent-scoped:safe-normalization
VN_ADMIN_2025,VNA25-E4C8FD334F,GHN_ADMIN_2025,1005976,NORMALIZED_EXACT,APPROVED,exact-name:1:1:parent-scoped:safe-normalization
VN_ADMIN_2025,VNA25-E4F4F32CE9,GHN_ADMIN_2025,1006211,NORMALIZED_EXACT,APPROVED,exact-name:1:1:parent-scoped:safe-normalization
VN_ADMIN_2025,VNA25-E50FBE11DD,GHN_ADMIN_2025,1003611,NORMALIZED_EXACT,APPROVED,exact-name:1:1:parent-scoped:safe-normalization
VN_ADMIN_2025,VNA25-E516376C53,GHN_ADMIN_2025,1005352,NORMALIZED_EXACT,APPROVED,exact-name:1:1:parent-scoped:safe-normalization
VN_ADMIN_2025,VNA25-E54332502A,GHN_ADMIN_2025,1005822,NORMALIZED_EXACT,APPROVED,exact-name:1:1:parent-scoped:safe-normalization
VN_ADMIN_2025,VNA25-E54643BB1C,GHN_ADMIN_2025,1005048,NORMALIZED_EXACT,APPROVED,exact-name:1:1:parent-scoped:safe-normalization
VN_ADMIN_2025,VNA25-E5567EF966,GHN_ADMIN_2025,1005890,NORMALIZED_EXACT,APPROVED,exact-name:1:1:parent-scoped:safe-normalization
VN_ADMIN_2025,VNA25-E59487C953,GHN_ADMIN_2025,1004180,NORMALIZED_EXACT,APPROVED,exact-name:1:1:parent-scoped:safe-normalization
VN_ADMIN_2025,VNA25-E5A69DB487,GHN_ADMIN_2025,1006027,NORMALIZED_EXACT,APPROVED,exact-name:1:1:parent-scoped:safe-normalization
VN_ADMIN_2025,VNA25-E5ACEA9B16,GHN_ADMIN_2025,1006266,NORMALIZED_EXACT,APPROVED,exact-name:1:1:parent-scoped:safe-normalization
VN_ADMIN_2025,VNA25-E5B280E29E,GHN_ADMIN_2025,1006333,NORMALIZED_EXACT,APPROVED,exact-name:1:1:parent-scoped:safe-normalization
VN_ADMIN_2025,VNA25-E5BB6DE7AB,GHN_ADMIN_2025,1004991,NORMALIZED_EXACT,APPROVED,exact-name:1:1:parent-scoped:safe-normalization
VN_ADMIN_2025,VNA25-E5EB763116,GHN_ADMIN_2025,1003533,NORMALIZED_EXACT,APPROVED,exact-name:1:1:parent-scoped:safe-normalization
VN_ADMIN_2025,VNA25-E5F033F7A4,GHN_ADMIN_2025,1004642,NORMALIZED_EXACT,APPROVED,exact-name:1:1:parent-scoped:safe-normalization
VN_ADMIN_2025,VNA25-E5F47F4B57,GHN_ADMIN_2025,1004357,NORMALIZED_EXACT,APPROVED,exact-name:1:1:parent-scoped:safe-normalization
VN_ADMIN_2025,VNA25-E6076F4FB4,GHN_ADMIN_2025,1006065,NORMALIZED_EXACT,APPROVED,exact-name:1:1:parent-scoped:safe-normalization
VN_ADMIN_2025,VNA25-E607951333,GHN_ADMIN_2025,1005809,NORMALIZED_EXACT,APPROVED,exact-name:1:1:parent-scoped:safe-normalization
VN_ADMIN_2025,VNA25-E61CF6CD6F,GHN_ADMIN_2025,1004128,NORMALIZED_EXACT,APPROVED,exact-name:1:1:parent-scoped:safe-normalization
VN_ADMIN_2025,VNA25-E624717484,GHN_ADMIN_2025,1006314,NORMALIZED_EXACT,APPROVED,exact-name:1:1:parent-scoped:safe-normalization
VN_ADMIN_2025,VNA25-E63B58D7C6,GHN_ADMIN_2025,1006508,NORMALIZED_EXACT,APPROVED,exact-name:1:1:parent-scoped:safe-normalization
VN_ADMIN_2025,VNA25-E63B61D970,GHN_ADMIN_2025,1006581,NORMALIZED_EXACT,APPROVED,exact-name:1:1:parent-scoped:safe-normalization
VN_ADMIN_2025,VNA25-E6408D9C47,GHN_ADMIN_2025,1004106,NORMALIZED_EXACT,APPROVED,exact-name:1:1:parent-scoped:safe-normalization
VN_ADMIN_2025,VNA25-E64A4FEC81,GHN_ADMIN_2025,1005500,NORMALIZED_EXACT,APPROVED,exact-name:1:1:parent-scoped:safe-normalization
VN_ADMIN_2025,VNA25-E64F19DADC,GHN_ADMIN_2025,1005290,NORMALIZED_EXACT,APPROVED,exact-name:1:1:parent-scoped:safe-normalization
VN_ADMIN_2025,VNA25-E659CC6C1C,GHN_ADMIN_2025,1003786,NORMALIZED_EXACT,APPROVED,exact-name:1:1:parent-scoped:safe-normalization
VN_ADMIN_2025,VNA25-E6B2C33C24,GHN_ADMIN_2025,1005721,NORMALIZED_EXACT,APPROVED,exact-name:1:1:parent-scoped:safe-normalization
VN_ADMIN_2025,VNA25-E6BE3B257B,GHN_ADMIN_2025,1005690,NORMALIZED_EXACT,APPROVED,exact-name:1:1:parent-scoped:safe-normalization
VN_ADMIN_2025,VNA25-E6D06C8383,GHN_ADMIN_2025,1005769,NORMALIZED_EXACT,APPROVED,exact-name:1:1:parent-scoped:safe-normalization
VN_ADMIN_2025,VNA25-E6D4E6A6B2,GHN_ADMIN_2025,1004424,NORMALIZED_EXACT,APPROVED,exact-name:1:1:parent-scoped:safe-normalization
VN_ADMIN_2025,VNA25-E706ED7C32,GHN_ADMIN_2025,1004183,NORMALIZED_EXACT,APPROVED,exact-name:1:1:parent-scoped:safe-normalization
VN_ADMIN_2025,VNA25-E709F03FC1,GHN_ADMIN_2025,1004625,NORMALIZED_TONE_PLACEMENT,APPROVED,offline-reviewed:1:1:parent-scoped:tone-placement
VN_ADMIN_2025,VNA25-E709F99C49,GHN_ADMIN_2025,1006074,NORMALIZED_EXACT,APPROVED,exact-name:1:1:parent-scoped:safe-normalization
VN_ADMIN_2025,VNA25-E720161B81,GHN_ADMIN_2025,1004110,NORMALIZED_EXACT,APPROVED,exact-name:1:1:parent-scoped:safe-normalization
VN_ADMIN_2025,VNA25-E738A50698,GHN_ADMIN_2025,1005963,NORMALIZED_EXACT,APPROVED,exact-name:1:1:parent-scoped:safe-normalization
VN_ADMIN_2025,VNA25-E751CE0B54,GHN_ADMIN_2025,1005781,NORMALIZED_EXACT,APPROVED,exact-name:1:1:parent-scoped:safe-normalization
VN_ADMIN_2025,VNA25-E774E58B1C,GHN_ADMIN_2025,1004565,NORMALIZED_EXACT,APPROVED,exact-name:1:1:parent-scoped:safe-normalization
VN_ADMIN_2025,VNA25-E787764693,GHN_ADMIN_2025,1005666,NORMALIZED_EXACT,APPROVED,exact-name:1:1:parent-scoped:safe-normalization
VN_ADMIN_2025,VNA25-E7AF9B4E89,GHN_ADMIN_2025,1006572,NORMALIZED_EXACT,APPROVED,exact-name:1:1:parent-scoped:safe-normalization
VN_ADMIN_2025,VNA25-E7D86AF911,GHN_ADMIN_2025,1006136,NORMALIZED_EXACT,APPROVED,exact-name:1:1:parent-scoped:safe-normalization
VN_ADMIN_2025,VNA25-E7D9375DCE,GHN_ADMIN_2025,1005772,NORMALIZED_EXACT,APPROVED,exact-name:1:1:parent-scoped:safe-normalization
VN_ADMIN_2025,VNA25-E7DA38242E,GHN_ADMIN_2025,1005939,NORMALIZED_EXACT,APPROVED,exact-name:1:1:parent-scoped:safe-normalization
VN_ADMIN_2025,VNA25-E7DB3EA768,GHN_ADMIN_2025,1004390,NORMALIZED_EXACT,APPROVED,exact-name:1:1:parent-scoped:safe-normalization
VN_ADMIN_2025,VNA25-E80B3F545A,GHN_ADMIN_2025,1004122,NORMALIZED_EXACT,APPROVED,exact-name:1:1:parent-scoped:safe-normalization
VN_ADMIN_2025,VNA25-E816F29B2B,GHN_ADMIN_2025,1004296,NORMALIZED_EXACT,APPROVED,exact-name:1:1:parent-scoped:safe-normalization
VN_ADMIN_2025,VNA25-E8365B38D1,GHN_ADMIN_2025,1006622,NORMALIZED_EXACT,APPROVED,exact-name:1:1:parent-scoped:safe-normalization
VN_ADMIN_2025,VNA25-E83F389378,GHN_ADMIN_2025,1004324,NORMALIZED_EXACT,APPROVED,exact-name:1:1:parent-scoped:safe-normalization
VN_ADMIN_2025,VNA25-E84C3FCF20,GHN_ADMIN_2025,1005836,NORMALIZED_TONE_PLACEMENT,APPROVED,offline-reviewed:1:1:parent-scoped:tone-placement
VN_ADMIN_2025,VNA25-E8510C1974,GHN_ADMIN_2025,1006302,NORMALIZED_EXACT,APPROVED,exact-name:1:1:parent-scoped:safe-normalization
VN_ADMIN_2025,VNA25-E858B03853,GHN_ADMIN_2025,1006108,NORMALIZED_EXACT,APPROVED,exact-name:1:1:parent-scoped:safe-normalization
VN_ADMIN_2025,VNA25-E885D0F2A0,GHN_ADMIN_2025,1005043,NORMALIZED_EXACT,APPROVED,exact-name:1:1:parent-scoped:safe-normalization
VN_ADMIN_2025,VNA25-E8B0A942BB,GHN_ADMIN_2025,1004142,NORMALIZED_EXACT,APPROVED,exact-name:1:1:parent-scoped:safe-normalization
VN_ADMIN_2025,VNA25-E8C2065B20,GHN_ADMIN_2025,1005305,NORMALIZED_EXACT,APPROVED,exact-name:1:1:parent-scoped:safe-normalization
VN_ADMIN_2025,VNA25-E8C5746B2E,GHN_ADMIN_2025,1003633,NORMALIZED_EXACT,APPROVED,exact-name:1:1:parent-scoped:safe-normalization
VN_ADMIN_2025,VNA25-E8D1154AAD,GHN_ADMIN_2025,1004920,NORMALIZED_EXACT,APPROVED,exact-name:1:1:parent-scoped:safe-normalization
VN_ADMIN_2025,VNA25-E8DE51AABC,GHN_ADMIN_2025,1004622,NORMALIZED_EXACT,APPROVED,exact-name:1:1:parent-scoped:safe-normalization
VN_ADMIN_2025,VNA25-E8DF46AFB9,GHN_ADMIN_2025,1005796,NORMALIZED_EXACT,APPROVED,exact-name:1:1:parent-scoped:safe-normalization
VN_ADMIN_2025,VNA25-E8F3ACD566,GHN_ADMIN_2025,1004473,NORMALIZED_EXACT,APPROVED,exact-name:1:1:parent-scoped:safe-normalization
VN_ADMIN_2025,VNA25-E8FCB0219D,GHN_ADMIN_2025,1003708,NORMALIZED_EXACT,APPROVED,exact-name:1:1:parent-scoped:safe-normalization
VN_ADMIN_2025,VNA25-E8FFA9A344,GHN_ADMIN_2025,1006172,NORMALIZED_EXACT,APPROVED,exact-name:1:1:parent-scoped:safe-normalization
VN_ADMIN_2025,VNA25-E91941419A,GHN_ADMIN_2025,1005324,NORMALIZED_EXACT,APPROVED,exact-name:1:1:parent-scoped:safe-normalization
VN_ADMIN_2025,VNA25-E91E21640F,GHN_ADMIN_2025,1006029,NORMALIZED_EXACT,APPROVED,exact-name:1:1:parent-scoped:safe-normalization
VN_ADMIN_2025,VNA25-E9281B7E5C,GHN_ADMIN_2025,1004014,NORMALIZED_EXACT,APPROVED,exact-name:1:1:parent-scoped:safe-normalization
VN_ADMIN_2025,VNA25-E936B38AA9,GHN_ADMIN_2025,1005517,NORMALIZED_EXACT,APPROVED,exact-name:1:1:parent-scoped:safe-normalization
VN_ADMIN_2025,VNA25-E938C0C908,GHN_ADMIN_2025,1003600,NORMALIZED_EXACT,APPROVED,exact-name:1:1:parent-scoped:safe-normalization
VN_ADMIN_2025,VNA25-E9488E3C2D,GHN_ADMIN_2025,1003604,NORMALIZED_EXACT,APPROVED,exact-name:1:1:parent-scoped:safe-normalization
VN_ADMIN_2025,VNA25-E9601A896F,GHN_ADMIN_2025,1005214,NORMALIZED_EXACT,APPROVED,exact-name:1:1:parent-scoped:safe-normalization
VN_ADMIN_2025,VNA25-E961887A6E,GHN_ADMIN_2025,1004299,NORMALIZED_EXACT,APPROVED,exact-name:1:1:parent-scoped:safe-normalization
VN_ADMIN_2025,VNA25-E96D4C0C43,GHN_ADMIN_2025,1005037,NORMALIZED_EXACT,APPROVED,exact-name:1:1:parent-scoped:safe-normalization
VN_ADMIN_2025,VNA25-E98A42138F,GHN_ADMIN_2025,1005183,NORMALIZED_EXACT,APPROVED,exact-name:1:1:parent-scoped:safe-normalization
VN_ADMIN_2025,VNA25-E98D9C81F0,GHN_ADMIN_2025,1003477,NORMALIZED_EXACT,APPROVED,exact-name:1:1:parent-scoped:safe-normalization
VN_ADMIN_2025,VNA25-E9A68D97CB,GHN_ADMIN_2025,1004861,NORMALIZED_EXACT,APPROVED,exact-name:1:1:parent-scoped:safe-normalization
VN_ADMIN_2025,VNA25-E9A7D18FD0,GHN_ADMIN_2025,1005194,NORMALIZED_EXACT,APPROVED,exact-name:1:1:parent-scoped:safe-normalization
VN_ADMIN_2025,VNA25-E9C1818190,GHN_ADMIN_2025,1006238,NORMALIZED_EXACT,APPROVED,exact-name:1:1:parent-scoped:safe-normalization
VN_ADMIN_2025,VNA25-E9C718C429,GHN_ADMIN_2025,1004923,NORMALIZED_EXACT,APPROVED,exact-name:1:1:parent-scoped:safe-normalization
VN_ADMIN_2025,VNA25-E9DB8ABE56,GHN_ADMIN_2025,1004353,NORMALIZED_EXACT,APPROVED,exact-name:1:1:parent-scoped:safe-normalization
VN_ADMIN_2025,VNA25-EA09426FCD,GHN_ADMIN_2025,1005227,NORMALIZED_EXACT,APPROVED,exact-name:1:1:parent-scoped:safe-normalization
VN_ADMIN_2025,VNA25-EA2E11B0AC,GHN_ADMIN_2025,1006201,NORMALIZED_EXACT,APPROVED,exact-name:1:1:parent-scoped:safe-normalization
VN_ADMIN_2025,VNA25-EA35D4ECC2,GHN_ADMIN_2025,1003399,NORMALIZED_EXACT,APPROVED,exact-name:1:1:parent-scoped:safe-normalization
VN_ADMIN_2025,VNA25-EA36442CE4,GHN_ADMIN_2025,1006629,NORMALIZED_EXACT,APPROVED,exact-name:1:1:parent-scoped:safe-normalization
VN_ADMIN_2025,VNA25-EA385CCF14,GHN_ADMIN_2025,1005363,NORMALIZED_EXACT,APPROVED,exact-name:1:1:parent-scoped:safe-normalization
VN_ADMIN_2025,VNA25-EA46C552C3,GHN_ADMIN_2025,1004834,NORMALIZED_EXACT,APPROVED,exact-name:1:1:parent-scoped:safe-normalization
VN_ADMIN_2025,VNA25-EA6BBD3D92,GHN_ADMIN_2025,1003612,NORMALIZED_TONE_PLACEMENT,APPROVED,offline-reviewed:1:1:parent-scoped:tone-placement
VN_ADMIN_2025,VNA25-EA7874B596,GHN_ADMIN_2025,1004524,NORMALIZED_EXACT,APPROVED,exact-name:1:1:parent-scoped:safe-normalization
VN_ADMIN_2025,VNA25-EA9DF72B7A,GHN_ADMIN_2025,1004440,NORMALIZED_EXACT,APPROVED,exact-name:1:1:parent-scoped:safe-normalization
VN_ADMIN_2025,VNA25-EABF6A56E6,GHN_ADMIN_2025,1004137,NORMALIZED_EXACT,APPROVED,exact-name:1:1:parent-scoped:safe-normalization
VN_ADMIN_2025,VNA25-EAE7C7748C,GHN_ADMIN_2025,1004477,NORMALIZED_EXACT,APPROVED,exact-name:1:1:parent-scoped:safe-normalization
VN_ADMIN_2025,VNA25-EB0DB89859,GHN_ADMIN_2025,1004312,NORMALIZED_EXACT,APPROVED,exact-name:1:1:parent-scoped:safe-normalization
VN_ADMIN_2025,VNA25-EB1B6B3E3C,GHN_ADMIN_2025,1003568,NORMALIZED_EXACT,APPROVED,exact-name:1:1:parent-scoped:safe-normalization
VN_ADMIN_2025,VNA25-EB253C6C58,GHN_ADMIN_2025,1006599,NORMALIZED_TONE_PLACEMENT,APPROVED,offline-reviewed:1:1:parent-scoped:tone-placement
VN_ADMIN_2025,VNA25-EB4B670E6D,GHN_ADMIN_2025,1005913,NORMALIZED_SPACING_DASH,APPROVED,offline-reviewed:1:1:parent-scoped:spacing-dash
VN_ADMIN_2025,VNA25-EB7CB40A2A,GHN_ADMIN_2025,1004185,NORMALIZED_EXACT,APPROVED,exact-name:1:1:parent-scoped:safe-normalization
VN_ADMIN_2025,VNA25-EBAE08CF50,GHN_ADMIN_2025,1005657,NORMALIZED_EXACT,APPROVED,exact-name:1:1:parent-scoped:safe-normalization
VN_ADMIN_2025,VNA25-EBE6B9CE61,GHN_ADMIN_2025,1005485,NORMALIZED_EXACT,APPROVED,exact-name:1:1:parent-scoped:safe-normalization
VN_ADMIN_2025,VNA25-EBF85D03C2,GHN_ADMIN_2025,1005857,NORMALIZED_EXACT,APPROVED,exact-name:1:1:parent-scoped:safe-normalization
VN_ADMIN_2025,VNA25-EC0402A522,GHN_ADMIN_2025,1004750,NORMALIZED_EXACT,APPROVED,exact-name:1:1:parent-scoped:safe-normalization
VN_ADMIN_2025,VNA25-EC04D78644,GHN_ADMIN_2025,1004278,NORMALIZED_EXACT,APPROVED,exact-name:1:1:parent-scoped:safe-normalization
VN_ADMIN_2025,VNA25-EC22BF6A37,GHN_ADMIN_2025,1004571,NORMALIZED_EXACT,APPROVED,exact-name:1:1:parent-scoped:safe-normalization
VN_ADMIN_2025,VNA25-EC34838D1F,GHN_ADMIN_2025,1006405,NORMALIZED_EXACT,APPROVED,exact-name:1:1:parent-scoped:safe-normalization
VN_ADMIN_2025,VNA25-EC3CE54CA2,GHN_ADMIN_2025,1003385,NORMALIZED_EXACT,APPROVED,exact-name:1:1:parent-scoped:safe-normalization
VN_ADMIN_2025,VNA25-EC4DB10756,GHN_ADMIN_2025,1006490,NORMALIZED_EXACT,APPROVED,exact-name:1:1:parent-scoped:safe-normalization
VN_ADMIN_2025,VNA25-EC51D3B294,GHN_ADMIN_2025,1006069,NORMALIZED_EXACT,APPROVED,exact-name:1:1:parent-scoped:safe-normalization
VN_ADMIN_2025,VNA25-EC6CCCC60F,GHN_ADMIN_2025,1004369,NORMALIZED_EXACT,APPROVED,exact-name:1:1:parent-scoped:safe-normalization
VN_ADMIN_2025,VNA25-EC8A65627E,GHN_ADMIN_2025,1005613,NORMALIZED_EXACT,APPROVED,exact-name:1:1:parent-scoped:safe-normalization
VN_ADMIN_2025,VNA25-ECAF0E86CA,GHN_ADMIN_2025,1004107,NORMALIZED_EXACT,APPROVED,exact-name:1:1:parent-scoped:safe-normalization
VN_ADMIN_2025,VNA25-ECCB8EA38C,GHN_ADMIN_2025,1005243,NORMALIZED_EXACT,APPROVED,exact-name:1:1:parent-scoped:safe-normalization
VN_ADMIN_2025,VNA25-ECE902C369,GHN_ADMIN_2025,1004280,NORMALIZED_EXACT,APPROVED,exact-name:1:1:parent-scoped:safe-normalization
VN_ADMIN_2025,VNA25-ED13324A09,GHN_ADMIN_2025,1004704,NORMALIZED_EXACT,APPROVED,exact-name:1:1:parent-scoped:safe-normalization
VN_ADMIN_2025,VNA25-ED191229EE,GHN_ADMIN_2025,1003505,NORMALIZED_EXACT,APPROVED,exact-name:1:1:parent-scoped:safe-normalization
VN_ADMIN_2025,VNA25-ED1D7FEA6E,GHN_ADMIN_2025,1005803,NORMALIZED_EXACT,APPROVED,exact-name:1:1:parent-scoped:safe-normalization
VN_ADMIN_2025,VNA25-ED21153808,GHN_ADMIN_2025,1005715,NORMALIZED_EXACT,APPROVED,exact-name:1:1:parent-scoped:safe-normalization
VN_ADMIN_2025,VNA25-ED2E763574,GHN_ADMIN_2025,1005996,NORMALIZED_EXACT,APPROVED,exact-name:1:1:parent-scoped:safe-normalization
VN_ADMIN_2025,VNA25-ED3CA9AEDE,GHN_ADMIN_2025,1003657,NORMALIZED_EXACT,APPROVED,exact-name:1:1:parent-scoped:safe-normalization
VN_ADMIN_2025,VNA25-ED41BB2CD9,GHN_ADMIN_2025,1003897,NORMALIZED_EXACT,APPROVED,exact-name:1:1:parent-scoped:safe-normalization
VN_ADMIN_2025,VNA25-ED41E3D265,GHN_ADMIN_2025,1004784,NORMALIZED_EXACT,APPROVED,exact-name:1:1:parent-scoped:safe-normalization
VN_ADMIN_2025,VNA25-ED458734A8,GHN_ADMIN_2025,1005273,NORMALIZED_EXACT,APPROVED,exact-name:1:1:parent-scoped:safe-normalization
VN_ADMIN_2025,VNA25-ED4AAA0D69,GHN_ADMIN_2025,1006008,NORMALIZED_EXACT,APPROVED,exact-name:1:1:parent-scoped:safe-normalization
VN_ADMIN_2025,VNA25-ED66383233,GHN_ADMIN_2025,1005785,NORMALIZED_EXACT,APPROVED,exact-name:1:1:parent-scoped:safe-normalization
VN_ADMIN_2025,VNA25-ED78F70581,GHN_ADMIN_2025,1006603,NORMALIZED_EXACT,APPROVED,exact-name:1:1:parent-scoped:safe-normalization
VN_ADMIN_2025,VNA25-ED7B849D80,GHN_ADMIN_2025,1006459,NORMALIZED_EXACT,APPROVED,exact-name:1:1:parent-scoped:safe-normalization
VN_ADMIN_2025,VNA25-EDA144819B,GHN_ADMIN_2025,1005680,NORMALIZED_EXACT,APPROVED,exact-name:1:1:parent-scoped:safe-normalization
VN_ADMIN_2025,VNA25-EDB64C33F1,GHN_ADMIN_2025,1004997,NORMALIZED_EXACT,APPROVED,exact-name:1:1:parent-scoped:safe-normalization
VN_ADMIN_2025,VNA25-EDB96EA05A,GHN_ADMIN_2025,1005917,NORMALIZED_EXACT,APPROVED,exact-name:1:1:parent-scoped:safe-normalization
VN_ADMIN_2025,VNA25-EDBF657DBA,GHN_ADMIN_2025,1003559,NORMALIZED_EXACT,APPROVED,exact-name:1:1:parent-scoped:safe-normalization
VN_ADMIN_2025,VNA25-EDE1E3B38C,GHN_ADMIN_2025,1003777,NORMALIZED_EXACT,APPROVED,exact-name:1:1:parent-scoped:safe-normalization
VN_ADMIN_2025,VNA25-EDE6EFFE30,GHN_ADMIN_2025,1005007,NORMALIZED_EXACT,APPROVED,exact-name:1:1:parent-scoped:safe-normalization
VN_ADMIN_2025,VNA25-EDF6AF72DF,GHN_ADMIN_2025,1004983,NORMALIZED_EXACT,APPROVED,exact-name:1:1:parent-scoped:safe-normalization
VN_ADMIN_2025,VNA25-EDF6C135F2,GHN_ADMIN_2025,1005994,NORMALIZED_EXACT,APPROVED,exact-name:1:1:parent-scoped:safe-normalization
VN_ADMIN_2025,VNA25-EE0A586FE3,GHN_ADMIN_2025,1003690,NORMALIZED_EXACT,APPROVED,exact-name:1:1:parent-scoped:safe-normalization
VN_ADMIN_2025,VNA25-EE1D473147,GHN_ADMIN_2025,1005508,NORMALIZED_EXACT,APPROVED,exact-name:1:1:parent-scoped:safe-normalization
VN_ADMIN_2025,VNA25-EE3936AD43,GHN_ADMIN_2025,1006354,NORMALIZED_EXACT,APPROVED,exact-name:1:1:parent-scoped:safe-normalization
VN_ADMIN_2025,VNA25-EE3D89409A,GHN_ADMIN_2025,1006175,NORMALIZED_EXACT,APPROVED,exact-name:1:1:parent-scoped:safe-normalization
VN_ADMIN_2025,VNA25-EE4D22A60E,GHN_ADMIN_2025,1006311,NORMALIZED_EXACT,APPROVED,exact-name:1:1:parent-scoped:safe-normalization
VN_ADMIN_2025,VNA25-EE73247474,GHN_ADMIN_2025,1004268,NORMALIZED_EXACT,APPROVED,exact-name:1:1:parent-scoped:safe-normalization
VN_ADMIN_2025,VNA25-EE7743EC6F,GHN_ADMIN_2025,1003885,NORMALIZED_EXACT,APPROVED,exact-name:1:1:parent-scoped:safe-normalization
VN_ADMIN_2025,VNA25-EE9E702CA3,GHN_ADMIN_2025,1003645,NORMALIZED_EXACT,APPROVED,exact-name:1:1:parent-scoped:safe-normalization
VN_ADMIN_2025,VNA25-EEBC2ABF3B,GHN_ADMIN_2025,1003997,NORMALIZED_EXACT,APPROVED,exact-name:1:1:parent-scoped:safe-normalization
VN_ADMIN_2025,VNA25-EEBDE6AA36,GHN_ADMIN_2025,1006549,NORMALIZED_EXACT,APPROVED,exact-name:1:1:parent-scoped:safe-normalization
VN_ADMIN_2025,VNA25-EED0B62460,GHN_ADMIN_2025,1004398,NORMALIZED_EXACT,APPROVED,exact-name:1:1:parent-scoped:safe-normalization
VN_ADMIN_2025,VNA25-EEE72152B5,GHN_ADMIN_2025,1005531,NORMALIZED_EXACT,APPROVED,exact-name:1:1:parent-scoped:safe-normalization
VN_ADMIN_2025,VNA25-EEF227C1DC,GHN_ADMIN_2025,1005395,NORMALIZED_EXACT,APPROVED,exact-name:1:1:parent-scoped:safe-normalization
VN_ADMIN_2025,VNA25-EF176FC7CD,GHN_ADMIN_2025,1006376,NORMALIZED_EXACT,APPROVED,exact-name:1:1:parent-scoped:safe-normalization
VN_ADMIN_2025,VNA25-EF2EEDFB6D,GHN_ADMIN_2025,1006309,NORMALIZED_EXACT,APPROVED,exact-name:1:1:parent-scoped:safe-normalization
VN_ADMIN_2025,VNA25-EF4D6DE61A,GHN_ADMIN_2025,1004827,NORMALIZED_EXACT,APPROVED,exact-name:1:1:parent-scoped:safe-normalization
VN_ADMIN_2025,VNA25-EF5582D90E,GHN_ADMIN_2025,1005914,NORMALIZED_EXACT,APPROVED,exact-name:1:1:parent-scoped:safe-normalization
VN_ADMIN_2025,VNA25-EF69A6D109,GHN_ADMIN_2025,1006186,NORMALIZED_EXACT,APPROVED,exact-name:1:1:parent-scoped:safe-normalization
VN_ADMIN_2025,VNA25-EF6B8A48C0,GHN_ADMIN_2025,1006394,NORMALIZED_EXACT,APPROVED,exact-name:1:1:parent-scoped:safe-normalization
VN_ADMIN_2025,VNA25-EF701ECC68,GHN_ADMIN_2025,1003998,NORMALIZED_EXACT,APPROVED,exact-name:1:1:parent-scoped:safe-normalization
VN_ADMIN_2025,VNA25-EF7865FB33,GHN_ADMIN_2025,1005524,NORMALIZED_EXACT,APPROVED,exact-name:1:1:parent-scoped:safe-normalization
VN_ADMIN_2025,VNA25-EFA0D96708,GHN_ADMIN_2025,1003414,NORMALIZED_EXACT,APPROVED,exact-name:1:1:parent-scoped:safe-normalization
VN_ADMIN_2025,VNA25-EFA3DDD798,GHN_ADMIN_2025,1006486,NORMALIZED_TONE_PLACEMENT,APPROVED,offline-reviewed:1:1:parent-scoped:tone-placement
VN_ADMIN_2025,VNA25-EFAFAA1F2E,GHN_ADMIN_2025,1005576,NORMALIZED_EXACT,APPROVED,exact-name:1:1:parent-scoped:safe-normalization
VN_ADMIN_2025,VNA25-EFBEC54836,GHN_ADMIN_2025,1005675,NORMALIZED_EXACT,APPROVED,exact-name:1:1:parent-scoped:safe-normalization
VN_ADMIN_2025,VNA25-EFDA1349C4,GHN_ADMIN_2025,1003973,NORMALIZED_EXACT,APPROVED,exact-name:1:1:parent-scoped:safe-normalization
VN_ADMIN_2025,VNA25-EFE0530246,GHN_ADMIN_2025,1003898,NORMALIZED_EXACT,APPROVED,exact-name:1:1:parent-scoped:safe-normalization
VN_ADMIN_2025,VNA25-EFEA852E33,GHN_ADMIN_2025,1004981,NORMALIZED_EXACT,APPROVED,exact-name:1:1:parent-scoped:safe-normalization
VN_ADMIN_2025,VNA25-EFFDAE9B0D,GHN_ADMIN_2025,1006527,NORMALIZED_EXACT,APPROVED,exact-name:1:1:parent-scoped:safe-normalization
VN_ADMIN_2025,VNA25-F029F9C267,GHN_ADMIN_2025,1006615,NORMALIZED_EXACT,APPROVED,exact-name:1:1:parent-scoped:safe-normalization
VN_ADMIN_2025,VNA25-F031E1B390,GHN_ADMIN_2025,1004275,NORMALIZED_EXACT,APPROVED,exact-name:1:1:parent-scoped:safe-normalization
VN_ADMIN_2025,VNA25-F041DCFAC6,GHN_ADMIN_2025,1003641,NORMALIZED_EXACT,APPROVED,exact-name:1:1:parent-scoped:safe-normalization
VN_ADMIN_2025,VNA25-F051FC11D9,GHN_ADMIN_2025,1006411,NORMALIZED_EXACT,APPROVED,exact-name:1:1:parent-scoped:safe-normalization
VN_ADMIN_2025,VNA25-F0630592EF,GHN_ADMIN_2025,1004466,NORMALIZED_EXACT,APPROVED,exact-name:1:1:parent-scoped:safe-normalization
VN_ADMIN_2025,VNA25-F090BBD11D,GHN_ADMIN_2025,1005580,NORMALIZED_EXACT,APPROVED,exact-name:1:1:parent-scoped:safe-normalization
VN_ADMIN_2025,VNA25-F0959F3B20,GHN_ADMIN_2025,1006477,NORMALIZED_EXACT,APPROVED,exact-name:1:1:parent-scoped:safe-normalization
VN_ADMIN_2025,VNA25-F096F9E874,GHN_ADMIN_2025,1004763,NORMALIZED_EXACT,APPROVED,exact-name:1:1:parent-scoped:safe-normalization
VN_ADMIN_2025,VNA25-F0A4F8BB83,GHN_ADMIN_2025,1005733,NORMALIZED_EXACT,APPROVED,exact-name:1:1:parent-scoped:safe-normalization
VN_ADMIN_2025,VNA25-F0B82445C3,GHN_ADMIN_2025,1004900,NORMALIZED_EXACT,APPROVED,exact-name:1:1:parent-scoped:safe-normalization
VN_ADMIN_2025,VNA25-F0F2EEA387,GHN_ADMIN_2025,1005799,NORMALIZED_EXACT,APPROVED,exact-name:1:1:parent-scoped:safe-normalization
VN_ADMIN_2025,VNA25-F0F86C9433,GHN_ADMIN_2025,1005192,NORMALIZED_EXACT,APPROVED,exact-name:1:1:parent-scoped:safe-normalization
VN_ADMIN_2025,VNA25-F0FAD7385E,GHN_ADMIN_2025,1003407,NORMALIZED_EXACT,APPROVED,exact-name:1:1:parent-scoped:safe-normalization
VN_ADMIN_2025,VNA25-F118430D42,GHN_ADMIN_2025,1006435,NORMALIZED_EXACT,APPROVED,exact-name:1:1:parent-scoped:safe-normalization
VN_ADMIN_2025,VNA25-F120B5644B,GHN_ADMIN_2025,1004289,NORMALIZED_EXACT,APPROVED,exact-name:1:1:parent-scoped:safe-normalization
VN_ADMIN_2025,VNA25-F12CD37DE6,GHN_ADMIN_2025,1004343,NORMALIZED_EXACT,APPROVED,exact-name:1:1:parent-scoped:safe-normalization
VN_ADMIN_2025,VNA25-F138FB8AA0,GHN_ADMIN_2025,1005345,NORMALIZED_EXACT,APPROVED,exact-name:1:1:parent-scoped:safe-normalization
VN_ADMIN_2025,VNA25-F13E3841F7,GHN_ADMIN_2025,1005571,NORMALIZED_EXACT,APPROVED,exact-name:1:1:parent-scoped:safe-normalization
VN_ADMIN_2025,VNA25-F14F0EF6F2,GHN_ADMIN_2025,1004253,NORMALIZED_EXACT,APPROVED,exact-name:1:1:parent-scoped:safe-normalization
VN_ADMIN_2025,VNA25-F15C3E2C88,GHN_ADMIN_2025,1006227,NORMALIZED_EXACT,APPROVED,exact-name:1:1:parent-scoped:safe-normalization
VN_ADMIN_2025,VNA25-F15E14D1ED,GHN_ADMIN_2025,1006663,NORMALIZED_EXACT,APPROVED,exact-name:1:1:parent-scoped:safe-normalization
VN_ADMIN_2025,VNA25-F1AE7182DD,GHN_ADMIN_2025,1006088,NORMALIZED_EXACT,APPROVED,exact-name:1:1:parent-scoped:safe-normalization
VN_ADMIN_2025,VNA25-F1B3B1DADE,GHN_ADMIN_2025,1005558,NORMALIZED_EXACT,APPROVED,exact-name:1:1:parent-scoped:safe-normalization
VN_ADMIN_2025,VNA25-F1C917E0F5,GHN_ADMIN_2025,1004520,NORMALIZED_EXACT,APPROVED,exact-name:1:1:parent-scoped:safe-normalization
VN_ADMIN_2025,VNA25-F1CB1EB84D,GHN_ADMIN_2025,1003680,NORMALIZED_EXACT,APPROVED,exact-name:1:1:parent-scoped:safe-normalization
VN_ADMIN_2025,VNA25-F1CF9DD968,GHN_ADMIN_2025,1006289,NORMALIZED_EXACT,APPROVED,exact-name:1:1:parent-scoped:safe-normalization
VN_ADMIN_2025,VNA25-F1D07D301B,GHN_ADMIN_2025,1006237,NORMALIZED_EXACT,APPROVED,exact-name:1:1:parent-scoped:safe-normalization
VN_ADMIN_2025,VNA25-F1E26E1FAF,GHN_ADMIN_2025,1005334,NORMALIZED_EXACT,APPROVED,exact-name:1:1:parent-scoped:safe-normalization
VN_ADMIN_2025,VNA25-F1E66C3266,GHN_ADMIN_2025,1005745,NORMALIZED_EXACT,APPROVED,exact-name:1:1:parent-scoped:safe-normalization
VN_ADMIN_2025,VNA25-F1FE417337,GHN_ADMIN_2025,1005045,NORMALIZED_EXACT,APPROVED,exact-name:1:1:parent-scoped:safe-normalization
VN_ADMIN_2025,VNA25-F208E1258C,GHN_ADMIN_2025,1006278,NORMALIZED_EXACT,APPROVED,exact-name:1:1:parent-scoped:safe-normalization
VN_ADMIN_2025,VNA25-F20BBF6575,GHN_ADMIN_2025,1003427,NORMALIZED_EXACT,APPROVED,exact-name:1:1:parent-scoped:safe-normalization
VN_ADMIN_2025,VNA25-F2118484F0,GHN_ADMIN_2025,1006304,NORMALIZED_EXACT,APPROVED,exact-name:1:1:parent-scoped:safe-normalization
VN_ADMIN_2025,VNA25-F21EA394FE,GHN_ADMIN_2025,1006160,NORMALIZED_EXACT,APPROVED,exact-name:1:1:parent-scoped:safe-normalization
VN_ADMIN_2025,VNA25-F21FE8BD3E,GHN_ADMIN_2025,1005864,NORMALIZED_EXACT,APPROVED,exact-name:1:1:parent-scoped:safe-normalization
VN_ADMIN_2025,VNA25-F2287BAC71,GHN_ADMIN_2025,1003838,NORMALIZED_EXACT,APPROVED,exact-name:1:1:parent-scoped:safe-normalization
VN_ADMIN_2025,VNA25-F23242CB7A,GHN_ADMIN_2025,1003927,NORMALIZED_EXACT,APPROVED,exact-name:1:1:parent-scoped:safe-normalization
VN_ADMIN_2025,VNA25-F23A23F5BF,GHN_ADMIN_2025,1004634,NORMALIZED_EXACT,APPROVED,exact-name:1:1:parent-scoped:safe-normalization
VN_ADMIN_2025,VNA25-F23FB87D51,GHN_ADMIN_2025,1005448,NORMALIZED_EXACT,APPROVED,exact-name:1:1:parent-scoped:safe-normalization
VN_ADMIN_2025,VNA25-F248BFE24C,GHN_ADMIN_2025,1005242,NORMALIZED_EXACT,APPROVED,exact-name:1:1:parent-scoped:safe-normalization
VN_ADMIN_2025,VNA25-F2613AFFE3,GHN_ADMIN_2025,1004911,NORMALIZED_EXACT,APPROVED,exact-name:1:1:parent-scoped:safe-normalization
VN_ADMIN_2025,VNA25-F26D533633,GHN_ADMIN_2025,1005746,NORMALIZED_EXACT,APPROVED,exact-name:1:1:parent-scoped:safe-normalization
VN_ADMIN_2025,VNA25-F277B34047,GHN_ADMIN_2025,1005658,NORMALIZED_EXACT,APPROVED,exact-name:1:1:parent-scoped:safe-normalization
VN_ADMIN_2025,VNA25-F29B41358E,GHN_ADMIN_2025,1004921,NORMALIZED_EXACT,APPROVED,exact-name:1:1:parent-scoped:safe-normalization
VN_ADMIN_2025,VNA25-F2A049E894,GHN_ADMIN_2025,1003470,NORMALIZED_EXACT,APPROVED,exact-name:1:1:parent-scoped:safe-normalization
VN_ADMIN_2025,VNA25-F2BA4ACF3E,GHN_ADMIN_2025,1006180,NORMALIZED_EXACT,APPROVED,exact-name:1:1:parent-scoped:safe-normalization
VN_ADMIN_2025,VNA25-F2C22EF14C,GHN_ADMIN_2025,1003465,NORMALIZED_EXACT,APPROVED,exact-name:1:1:parent-scoped:safe-normalization
VN_ADMIN_2025,VNA25-F2C814E03D,GHN_ADMIN_2025,1004793,NORMALIZED_EXACT,APPROVED,exact-name:1:1:parent-scoped:safe-normalization
VN_ADMIN_2025,VNA25-F2C901CBC2,GHN_ADMIN_2025,1005509,NORMALIZED_EXACT,APPROVED,exact-name:1:1:parent-scoped:safe-normalization
VN_ADMIN_2025,VNA25-F2F0A1507E,GHN_ADMIN_2025,1006290,NORMALIZED_EXACT,APPROVED,exact-name:1:1:parent-scoped:safe-normalization
VN_ADMIN_2025,VNA25-F2FC102574,GHN_ADMIN_2025,1004094,NORMALIZED_EXACT,APPROVED,exact-name:1:1:parent-scoped:safe-normalization
VN_ADMIN_2025,VNA25-F320BEDCB2,GHN_ADMIN_2025,1005266,NORMALIZED_EXACT,APPROVED,exact-name:1:1:parent-scoped:safe-normalization
VN_ADMIN_2025,VNA25-F349454E78,GHN_ADMIN_2025,1005560,NORMALIZED_EXACT,APPROVED,exact-name:1:1:parent-scoped:safe-normalization
VN_ADMIN_2025,VNA25-F34EA53B72,GHN_ADMIN_2025,1005411,NORMALIZED_EXACT,APPROVED,exact-name:1:1:parent-scoped:safe-normalization
VN_ADMIN_2025,VNA25-F34FCA5A53,GHN_ADMIN_2025,1006589,NORMALIZED_EXACT,APPROVED,exact-name:1:1:parent-scoped:safe-normalization
VN_ADMIN_2025,VNA25-F371B336C6,GHN_ADMIN_2025,1005155,NORMALIZED_TONE_PLACEMENT,APPROVED,offline-reviewed:1:1:parent-scoped:tone-placement
VN_ADMIN_2025,VNA25-F37540A6F1,GHN_ADMIN_2025,1004806,NORMALIZED_EXACT,APPROVED,exact-name:1:1:parent-scoped:safe-normalization
VN_ADMIN_2025,VNA25-F385669520,GHN_ADMIN_2025,1004557,NORMALIZED_EXACT,APPROVED,exact-name:1:1:parent-scoped:safe-normalization
VN_ADMIN_2025,VNA25-F3A0B4DAC5,GHN_ADMIN_2025,1003554,NORMALIZED_EXACT,APPROVED,exact-name:1:1:parent-scoped:safe-normalization
VN_ADMIN_2025,VNA25-F3F8C2CCC6,GHN_ADMIN_2025,1005512,NORMALIZED_EXACT,APPROVED,exact-name:1:1:parent-scoped:safe-normalization
VN_ADMIN_2025,VNA25-F3FEE1DA48,GHN_ADMIN_2025,1004805,NORMALIZED_EXACT,APPROVED,exact-name:1:1:parent-scoped:safe-normalization
VN_ADMIN_2025,VNA25-F4106D9559,GHN_ADMIN_2025,1005638,NORMALIZED_EXACT,APPROVED,exact-name:1:1:parent-scoped:safe-normalization
VN_ADMIN_2025,VNA25-F41B3EBB23,GHN_ADMIN_2025,1006380,NORMALIZED_EXACT,APPROVED,exact-name:1:1:parent-scoped:safe-normalization
VN_ADMIN_2025,VNA25-F431779925,GHN_ADMIN_2025,1006575,NORMALIZED_EXACT,APPROVED,exact-name:1:1:parent-scoped:safe-normalization
VN_ADMIN_2025,VNA25-F43ADC842F,GHN_ADMIN_2025,1005166,NORMALIZED_EXACT,APPROVED,exact-name:1:1:parent-scoped:safe-normalization
VN_ADMIN_2025,VNA25-F43E9B69D4,GHN_ADMIN_2025,1005436,NORMALIZED_EXACT,APPROVED,exact-name:1:1:parent-scoped:safe-normalization
VN_ADMIN_2025,VNA25-F445ABCA6E,GHN_ADMIN_2025,1003425,NORMALIZED_EXACT,APPROVED,exact-name:1:1:parent-scoped:safe-normalization
VN_ADMIN_2025,VNA25-F4564F4D06,GHN_ADMIN_2025,1006612,NORMALIZED_EXACT,APPROVED,exact-name:1:1:parent-scoped:safe-normalization
VN_ADMIN_2025,VNA25-F46BC473E3,GHN_ADMIN_2025,1003405,NORMALIZED_EXACT,APPROVED,exact-name:1:1:parent-scoped:safe-normalization
VN_ADMIN_2025,VNA25-F4CA8AB3BA,GHN_ADMIN_2025,1005150,NORMALIZED_EXACT,APPROVED,exact-name:1:1:parent-scoped:safe-normalization
VN_ADMIN_2025,VNA25-F4D54D83F3,GHN_ADMIN_2025,1006262,NORMALIZED_EXACT,APPROVED,exact-name:1:1:parent-scoped:safe-normalization
VN_ADMIN_2025,VNA25-F525C4B9CF,GHN_ADMIN_2025,1005335,NORMALIZED_EXACT,APPROVED,exact-name:1:1:parent-scoped:safe-normalization
VN_ADMIN_2025,VNA25-F527EEB8E3,GHN_ADMIN_2025,1003500,NORMALIZED_EXACT,APPROVED,exact-name:1:1:parent-scoped:safe-normalization
VN_ADMIN_2025,VNA25-F536716352,GHN_ADMIN_2025,1004329,NORMALIZED_EXACT,APPROVED,exact-name:1:1:parent-scoped:safe-normalization
VN_ADMIN_2025,VNA25-F55E746505,GHN_ADMIN_2025,1004523,NORMALIZED_EXACT,APPROVED,exact-name:1:1:parent-scoped:safe-normalization
VN_ADMIN_2025,VNA25-F58548A288,GHN_ADMIN_2025,1004552,NORMALIZED_EXACT,APPROVED,exact-name:1:1:parent-scoped:safe-normalization
VN_ADMIN_2025,VNA25-F592833D66,GHN_ADMIN_2025,1005249,NORMALIZED_EXACT,APPROVED,exact-name:1:1:parent-scoped:safe-normalization
VN_ADMIN_2025,VNA25-F5964CD59C,GHN_ADMIN_2025,1005033,NORMALIZED_EXACT,APPROVED,exact-name:1:1:parent-scoped:safe-normalization
VN_ADMIN_2025,VNA25-F5B64DDF4A,GHN_ADMIN_2025,1004377,NORMALIZED_EXACT,APPROVED,exact-name:1:1:parent-scoped:safe-normalization
VN_ADMIN_2025,VNA25-F5C0AE5296,GHN_ADMIN_2025,1004688,NORMALIZED_EXACT,APPROVED,exact-name:1:1:parent-scoped:safe-normalization
VN_ADMIN_2025,VNA25-F5D73837B0,GHN_ADMIN_2025,1004641,NORMALIZED_EXACT,APPROVED,exact-name:1:1:parent-scoped:safe-normalization
VN_ADMIN_2025,VNA25-F5E175E8C5,GHN_ADMIN_2025,1003687,NORMALIZED_EXACT,APPROVED,exact-name:1:1:parent-scoped:safe-normalization
VN_ADMIN_2025,VNA25-F60039244F,GHN_ADMIN_2025,1003992,NORMALIZED_EXACT,APPROVED,exact-name:1:1:parent-scoped:safe-normalization
VN_ADMIN_2025,VNA25-F60FDBBA93,GHN_ADMIN_2025,1005371,NORMALIZED_EXACT,APPROVED,exact-name:1:1:parent-scoped:safe-normalization
VN_ADMIN_2025,VNA25-F62DD60121,GHN_ADMIN_2025,1004501,NORMALIZED_EXACT,APPROVED,exact-name:1:1:parent-scoped:safe-normalization
VN_ADMIN_2025,VNA25-F6378F2E18,GHN_ADMIN_2025,1003887,NORMALIZED_EXACT,APPROVED,exact-name:1:1:parent-scoped:safe-normalization
VN_ADMIN_2025,VNA25-F638CD2DF9,GHN_ADMIN_2025,1006342,NORMALIZED_EXACT,APPROVED,exact-name:1:1:parent-scoped:safe-normalization
VN_ADMIN_2025,VNA25-F63A363EE5,GHN_ADMIN_2025,1003576,NORMALIZED_EXACT,APPROVED,exact-name:1:1:parent-scoped:safe-normalization
VN_ADMIN_2025,VNA25-F63FE38D2D,GHN_ADMIN_2025,1005055,NORMALIZED_EXACT,APPROVED,exact-name:1:1:parent-scoped:safe-normalization
VN_ADMIN_2025,VNA25-F6557D369C,GHN_ADMIN_2025,1005847,NORMALIZED_EXACT,APPROVED,exact-name:1:1:parent-scoped:safe-normalization
VN_ADMIN_2025,VNA25-F65C6B25DB,GHN_ADMIN_2025,1005454,NORMALIZED_EXACT,APPROVED,exact-name:1:1:parent-scoped:safe-normalization
VN_ADMIN_2025,VNA25-F673A7AEA5,GHN_ADMIN_2025,1005018,NORMALIZED_EXACT,APPROVED,exact-name:1:1:parent-scoped:safe-normalization
VN_ADMIN_2025,VNA25-F6784D687C,GHN_ADMIN_2025,1004595,NORMALIZED_EXACT,APPROVED,exact-name:1:1:parent-scoped:safe-normalization
VN_ADMIN_2025,VNA25-F68336F173,GHN_ADMIN_2025,1003656,NORMALIZED_EXACT,APPROVED,exact-name:1:1:parent-scoped:safe-normalization
VN_ADMIN_2025,VNA25-F6839E2595,GHN_ADMIN_2025,1004869,NORMALIZED_TONE_PLACEMENT,APPROVED,offline-reviewed:1:1:parent-scoped:tone-placement
VN_ADMIN_2025,VNA25-F686208AD5,GHN_ADMIN_2025,1005891,NORMALIZED_EXACT,APPROVED,exact-name:1:1:parent-scoped:safe-normalization
VN_ADMIN_2025,VNA25-F6BD7E5869,GHN_ADMIN_2025,1004450,NORMALIZED_EXACT,APPROVED,exact-name:1:1:parent-scoped:safe-normalization
VN_ADMIN_2025,VNA25-F6C6BBC75A,GHN_ADMIN_2025,1004163,NORMALIZED_EXACT,APPROVED,exact-name:1:1:parent-scoped:safe-normalization
VN_ADMIN_2025,VNA25-F6C6C90512,GHN_ADMIN_2025,1005149,NORMALIZED_EXACT,APPROVED,exact-name:1:1:parent-scoped:safe-normalization
VN_ADMIN_2025,VNA25-F6D0EE688E,GHN_ADMIN_2025,1004570,NORMALIZED_EXACT,APPROVED,exact-name:1:1:parent-scoped:safe-normalization
VN_ADMIN_2025,VNA25-F6D2D6BBD0,GHN_ADMIN_2025,1004528,NORMALIZED_EXACT,APPROVED,exact-name:1:1:parent-scoped:safe-normalization
VN_ADMIN_2025,VNA25-F6E6C1E75C,GHN_ADMIN_2025,1006660,NORMALIZED_EXACT,APPROVED,exact-name:1:1:parent-scoped:safe-normalization
VN_ADMIN_2025,VNA25-F72ACAF657,GHN_ADMIN_2025,1004334,NORMALIZED_EXACT,APPROVED,exact-name:1:1:parent-scoped:safe-normalization
VN_ADMIN_2025,VNA25-F72CDA3A76,GHN_ADMIN_2025,1006623,NORMALIZED_EXACT,APPROVED,exact-name:1:1:parent-scoped:safe-normalization
VN_ADMIN_2025,VNA25-F748FB7B84,GHN_ADMIN_2025,1004388,NORMALIZED_EXACT,APPROVED,exact-name:1:1:parent-scoped:safe-normalization
VN_ADMIN_2025,VNA25-F74A9ABD3D,GHN_ADMIN_2025,1003426,NORMALIZED_TONE_PLACEMENT,APPROVED,offline-reviewed:1:1:parent-scoped:tone-placement
VN_ADMIN_2025,VNA25-F74EA581E3,GHN_ADMIN_2025,1004778,NORMALIZED_EXACT,APPROVED,exact-name:1:1:parent-scoped:safe-normalization
VN_ADMIN_2025,VNA25-F75EC2C6B2,GHN_ADMIN_2025,1004855,NORMALIZED_EXACT,APPROVED,exact-name:1:1:parent-scoped:safe-normalization
VN_ADMIN_2025,VNA25-F767CAED86,GHN_ADMIN_2025,1005236,NORMALIZED_TONE_PLACEMENT,APPROVED,offline-reviewed:1:1:parent-scoped:tone-placement
VN_ADMIN_2025,VNA25-F76ACC8AA3,GHN_ADMIN_2025,1006481,NORMALIZED_EXACT,APPROVED,exact-name:1:1:parent-scoped:safe-normalization
VN_ADMIN_2025,VNA25-F7728FC61C,GHN_ADMIN_2025,1005250,NORMALIZED_EXACT,APPROVED,exact-name:1:1:parent-scoped:safe-normalization
VN_ADMIN_2025,VNA25-F77F0268F5,GHN_ADMIN_2025,1006372,NORMALIZED_EXACT,APPROVED,exact-name:1:1:parent-scoped:safe-normalization
VN_ADMIN_2025,VNA25-F7A7DD97B2,GHN_ADMIN_2025,1004218,NORMALIZED_EXACT,APPROVED,exact-name:1:1:parent-scoped:safe-normalization
VN_ADMIN_2025,VNA25-F7BAD309BB,GHN_ADMIN_2025,1006280,NORMALIZED_EXACT,APPROVED,exact-name:1:1:parent-scoped:safe-normalization
VN_ADMIN_2025,VNA25-F7C035467D,GHN_ADMIN_2025,1004886,NORMALIZED_EXACT,APPROVED,exact-name:1:1:parent-scoped:safe-normalization
VN_ADMIN_2025,VNA25-F7CA855707,GHN_ADMIN_2025,1005795,NORMALIZED_EXACT,APPROVED,exact-name:1:1:parent-scoped:safe-normalization
VN_ADMIN_2025,VNA25-F7DA2FF3C8,GHN_ADMIN_2025,1006467,NORMALIZED_EXACT,APPROVED,exact-name:1:1:parent-scoped:safe-normalization
VN_ADMIN_2025,VNA25-F7EE04708F,GHN_ADMIN_2025,1005086,NORMALIZED_EXACT,APPROVED,exact-name:1:1:parent-scoped:safe-normalization
VN_ADMIN_2025,VNA25-F80F6D6EE3,GHN_ADMIN_2025,1003635,NORMALIZED_EXACT,APPROVED,exact-name:1:1:parent-scoped:safe-normalization
VN_ADMIN_2025,VNA25-F81EB6D253,GHN_ADMIN_2025,1003374,NORMALIZED_EXACT,APPROVED,exact-name:1:1:parent-scoped:safe-normalization
VN_ADMIN_2025,VNA25-F8284702A6,GHN_ADMIN_2025,1004894,NORMALIZED_EXACT,APPROVED,exact-name:1:1:parent-scoped:safe-normalization
VN_ADMIN_2025,VNA25-F83A895E94,GHN_ADMIN_2025,1003908,NORMALIZED_EXACT,APPROVED,exact-name:1:1:parent-scoped:safe-normalization
VN_ADMIN_2025,VNA25-F85997330F,GHN_ADMIN_2025,1003497,NORMALIZED_EXACT,APPROVED,exact-name:1:1:parent-scoped:safe-normalization
VN_ADMIN_2025,VNA25-F894909C7C,GHN_ADMIN_2025,1005067,NORMALIZED_EXACT,APPROVED,exact-name:1:1:parent-scoped:safe-normalization
VN_ADMIN_2025,VNA25-F8A76AF075,GHN_ADMIN_2025,1006222,NORMALIZED_EXACT,APPROVED,exact-name:1:1:parent-scoped:safe-normalization
VN_ADMIN_2025,VNA25-F8B9A6D040,GHN_ADMIN_2025,1004845,NORMALIZED_EXACT,APPROVED,exact-name:1:1:parent-scoped:safe-normalization
VN_ADMIN_2025,VNA25-F8BD8BFDA0,GHN_ADMIN_2025,1006031,NORMALIZED_EXACT,APPROVED,exact-name:1:1:parent-scoped:safe-normalization
VN_ADMIN_2025,VNA25-F8E4057E72,GHN_ADMIN_2025,1003903,NORMALIZED_EXACT,APPROVED,exact-name:1:1:parent-scoped:safe-normalization
VN_ADMIN_2025,VNA25-F8F05B8160,GHN_ADMIN_2025,1003389,NORMALIZED_EXACT,APPROVED,exact-name:1:1:parent-scoped:safe-normalization
VN_ADMIN_2025,VNA25-F8F684F3DE,GHN_ADMIN_2025,1006640,NORMALIZED_EXACT,APPROVED,exact-name:1:1:parent-scoped:safe-normalization
VN_ADMIN_2025,VNA25-F8F8FFE06C,GHN_ADMIN_2025,1005496,NORMALIZED_EXACT,APPROVED,exact-name:1:1:parent-scoped:safe-normalization
VN_ADMIN_2025,VNA25-F90AF7D792,GHN_ADMIN_2025,1004627,NORMALIZED_EXACT,APPROVED,exact-name:1:1:parent-scoped:safe-normalization
VN_ADMIN_2025,VNA25-F90BFE3BFF,GHN_ADMIN_2025,1003771,NORMALIZED_EXACT,APPROVED,exact-name:1:1:parent-scoped:safe-normalization
VN_ADMIN_2025,VNA25-F92AFED2CC,GHN_ADMIN_2025,1005057,NORMALIZED_EXACT,APPROVED,exact-name:1:1:parent-scoped:safe-normalization
VN_ADMIN_2025,VNA25-F955C7EB01,GHN_ADMIN_2025,1005704,NORMALIZED_EXACT,APPROVED,exact-name:1:1:parent-scoped:safe-normalization
VN_ADMIN_2025,VNA25-F955CF9911,GHN_ADMIN_2025,1006418,NORMALIZED_EXACT,APPROVED,exact-name:1:1:parent-scoped:safe-normalization
VN_ADMIN_2025,VNA25-F956C5EDF7,GHN_ADMIN_2025,1003970,NORMALIZED_EXACT,APPROVED,exact-name:1:1:parent-scoped:safe-normalization
VN_ADMIN_2025,VNA25-F96F4CC842,GHN_ADMIN_2025,1004271,NORMALIZED_EXACT,APPROVED,exact-name:1:1:parent-scoped:safe-normalization
VN_ADMIN_2025,VNA25-F9F31EBB31,GHN_ADMIN_2025,1005783,NORMALIZED_EXACT,APPROVED,exact-name:1:1:parent-scoped:safe-normalization
VN_ADMIN_2025,VNA25-F9F84656B2,GHN_ADMIN_2025,1005477,NORMALIZED_EXACT,APPROVED,exact-name:1:1:parent-scoped:safe-normalization
VN_ADMIN_2025,VNA25-FA4959B06C,GHN_ADMIN_2025,1003408,NORMALIZED_EXACT,APPROVED,exact-name:1:1:parent-scoped:safe-normalization
VN_ADMIN_2025,VNA25-FA62D19EBE,GHN_ADMIN_2025,1006145,NORMALIZED_EXACT,APPROVED,exact-name:1:1:parent-scoped:safe-normalization
VN_ADMIN_2025,VNA25-FA7E81F343,GHN_ADMIN_2025,1005142,NORMALIZED_EXACT,APPROVED,exact-name:1:1:parent-scoped:safe-normalization
VN_ADMIN_2025,VNA25-FA8D407739,GHN_ADMIN_2025,1006038,NORMALIZED_EXACT,APPROVED,exact-name:1:1:parent-scoped:safe-normalization
VN_ADMIN_2025,VNA25-FA98919C63,GHN_ADMIN_2025,1003397,NORMALIZED_EXACT,APPROVED,exact-name:1:1:parent-scoped:safe-normalization
VN_ADMIN_2025,VNA25-FA9F83C256,GHN_ADMIN_2025,1003542,NORMALIZED_EXACT,APPROVED,exact-name:1:1:parent-scoped:safe-normalization
VN_ADMIN_2025,VNA25-FAB3669ACF,GHN_ADMIN_2025,1003583,NORMALIZED_EXACT,APPROVED,exact-name:1:1:parent-scoped:safe-normalization
VN_ADMIN_2025,VNA25-FACA12119E,GHN_ADMIN_2025,1005631,NORMALIZED_EXACT,APPROVED,exact-name:1:1:parent-scoped:safe-normalization
VN_ADMIN_2025,VNA25-FAE7F9B654,GHN_ADMIN_2025,1004186,PARENT_SCOPED_REVIEWED,APPROVED,human-approved:same-parent:unique-candidate
VN_ADMIN_2025,VNA25-FB12BE8F6D,GHN_ADMIN_2025,1003987,NORMALIZED_EXACT,APPROVED,exact-name:1:1:parent-scoped:safe-normalization
VN_ADMIN_2025,VNA25-FB3A7FB678,GHN_ADMIN_2025,1005302,NORMALIZED_EXACT,APPROVED,exact-name:1:1:parent-scoped:safe-normalization
VN_ADMIN_2025,VNA25-FB698196B8,GHN_ADMIN_2025,1005319,NORMALIZED_EXACT,APPROVED,exact-name:1:1:parent-scoped:safe-normalization
VN_ADMIN_2025,VNA25-FB73DFAD72,GHN_ADMIN_2025,1006291,NORMALIZED_EXACT,APPROVED,exact-name:1:1:parent-scoped:safe-normalization
VN_ADMIN_2025,VNA25-FB83D401ED,GHN_ADMIN_2025,1005312,NORMALIZED_EXACT,APPROVED,exact-name:1:1:parent-scoped:safe-normalization
VN_ADMIN_2025,VNA25-FBA1586603,GHN_ADMIN_2025,1003820,NORMALIZED_EXACT,APPROVED,exact-name:1:1:parent-scoped:safe-normalization
VN_ADMIN_2025,VNA25-FBA305C4D2,GHN_ADMIN_2025,1003732,NORMALIZED_EXACT,APPROVED,exact-name:1:1:parent-scoped:safe-normalization
VN_ADMIN_2025,VNA25-FBACED7AFC,GHN_ADMIN_2025,1004215,NORMALIZED_EXACT,APPROVED,exact-name:1:1:parent-scoped:safe-normalization
VN_ADMIN_2025,VNA25-FBCC195BEA,GHN_ADMIN_2025,1005915,NORMALIZED_EXACT,APPROVED,exact-name:1:1:parent-scoped:safe-normalization
VN_ADMIN_2025,VNA25-FBDEBCC066,GHN_ADMIN_2025,1005975,NORMALIZED_EXACT,APPROVED,exact-name:1:1:parent-scoped:safe-normalization
VN_ADMIN_2025,VNA25-FBE7F9BDFA,GHN_ADMIN_2025,1005058,NORMALIZED_EXACT,APPROVED,exact-name:1:1:parent-scoped:safe-normalization
VN_ADMIN_2025,VNA25-FBEF12B6DE,GHN_ADMIN_2025,1005767,NORMALIZED_EXACT,APPROVED,exact-name:1:1:parent-scoped:safe-normalization
VN_ADMIN_2025,VNA25-FBF0A01774,GHN_ADMIN_2025,1004619,NORMALIZED_EXACT,APPROVED,exact-name:1:1:parent-scoped:safe-normalization
VN_ADMIN_2025,VNA25-FBF1D313E3,GHN_ADMIN_2025,1005068,NORMALIZED_EXACT,APPROVED,exact-name:1:1:parent-scoped:safe-normalization
VN_ADMIN_2025,VNA25-FC0A994615,GHN_ADMIN_2025,1005982,NORMALIZED_EXACT,APPROVED,exact-name:1:1:parent-scoped:safe-normalization
VN_ADMIN_2025,VNA25-FC155DF66A,GHN_ADMIN_2025,1004629,NORMALIZED_EXACT,APPROVED,exact-name:1:1:parent-scoped:safe-normalization
VN_ADMIN_2025,VNA25-FC1C8B91D8,GHN_ADMIN_2025,1004015,NORMALIZED_EXACT,APPROVED,exact-name:1:1:parent-scoped:safe-normalization
VN_ADMIN_2025,VNA25-FC5266F3CE,GHN_ADMIN_2025,1004105,NORMALIZED_EXACT,APPROVED,exact-name:1:1:parent-scoped:safe-normalization
VN_ADMIN_2025,VNA25-FC54F19BF2,GHN_ADMIN_2025,1004812,NORMALIZED_EXACT,APPROVED,exact-name:1:1:parent-scoped:safe-normalization
VN_ADMIN_2025,VNA25-FC59D9A5D8,GHN_ADMIN_2025,1003826,NORMALIZED_EXACT,APPROVED,exact-name:1:1:parent-scoped:safe-normalization
VN_ADMIN_2025,VNA25-FC9BF60B6F,GHN_ADMIN_2025,1004566,NORMALIZED_EXACT,APPROVED,exact-name:1:1:parent-scoped:safe-normalization
VN_ADMIN_2025,VNA25-FCAF6FA638,GHN_ADMIN_2025,1003866,NORMALIZED_EXACT,APPROVED,exact-name:1:1:parent-scoped:safe-normalization
VN_ADMIN_2025,VNA25-FCB179EC01,GHN_ADMIN_2025,1003812,NORMALIZED_EXACT,APPROVED,exact-name:1:1:parent-scoped:safe-normalization
VN_ADMIN_2025,VNA25-FCCE619531,GHN_ADMIN_2025,1005901,NORMALIZED_EXACT,APPROVED,exact-name:1:1:parent-scoped:safe-normalization
VN_ADMIN_2025,VNA25-FCD8675C95,GHN_ADMIN_2025,1004173,NORMALIZED_EXACT,APPROVED,exact-name:1:1:parent-scoped:safe-normalization
VN_ADMIN_2025,VNA25-FCE4AA6860,GHN_ADMIN_2025,1003361,NORMALIZED_EXACT,APPROVED,exact-name:1:1:parent-scoped:safe-normalization
VN_ADMIN_2025,VNA25-FD03960E31,GHN_ADMIN_2025,1005146,NORMALIZED_EXACT,APPROVED,exact-name:1:1:parent-scoped:safe-normalization
VN_ADMIN_2025,VNA25-FD09583532,GHN_ADMIN_2025,1006438,NORMALIZED_EXACT,APPROVED,exact-name:1:1:parent-scoped:safe-normalization
VN_ADMIN_2025,VNA25-FD13E89049,GHN_ADMIN_2025,1006143,NORMALIZED_EXACT,APPROVED,exact-name:1:1:parent-scoped:safe-normalization
VN_ADMIN_2025,VNA25-FD15241C98,GHN_ADMIN_2025,1004422,NORMALIZED_EXACT,APPROVED,exact-name:1:1:parent-scoped:safe-normalization
VN_ADMIN_2025,VNA25-FD29AC3AEC,GHN_ADMIN_2025,1004258,NORMALIZED_EXACT,APPROVED,exact-name:1:1:parent-scoped:safe-normalization
VN_ADMIN_2025,VNA25-FD3B9E20E5,GHN_ADMIN_2025,1003824,NORMALIZED_EXACT,APPROVED,exact-name:1:1:parent-scoped:safe-normalization
VN_ADMIN_2025,VNA25-FD4AA25A7E,GHN_ADMIN_2025,1004628,NORMALIZED_EXACT,APPROVED,exact-name:1:1:parent-scoped:safe-normalization
VN_ADMIN_2025,VNA25-FD59060A11,GHN_ADMIN_2025,1004681,NORMALIZED_EXACT,APPROVED,exact-name:1:1:parent-scoped:safe-normalization
VN_ADMIN_2025,VNA25-FD716C73CF,GHN_ADMIN_2025,1004468,NORMALIZED_EXACT,APPROVED,exact-name:1:1:parent-scoped:safe-normalization
VN_ADMIN_2025,VNA25-FDA35D01A6,GHN_ADMIN_2025,1005621,NORMALIZED_EXACT,APPROVED,exact-name:1:1:parent-scoped:safe-normalization
VN_ADMIN_2025,VNA25-FDA6536D53,GHN_ADMIN_2025,1004050,NORMALIZED_TONE_PLACEMENT,APPROVED,offline-reviewed:1:1:parent-scoped:tone-placement
VN_ADMIN_2025,VNA25-FDA9DC53FC,GHN_ADMIN_2025,1004478,NORMALIZED_EXACT,APPROVED,exact-name:1:1:parent-scoped:safe-normalization
VN_ADMIN_2025,VNA25-FDC44B0D3A,GHN_ADMIN_2025,1004511,NORMALIZED_EXACT,APPROVED,exact-name:1:1:parent-scoped:safe-normalization
VN_ADMIN_2025,VNA25-FDCE802746,GHN_ADMIN_2025,1005883,NORMALIZED_SPACING_DASH,APPROVED,offline-reviewed:1:1:parent-scoped:spacing-dash
VN_ADMIN_2025,VNA25-FDE5CF3100,GHN_ADMIN_2025,1004788,NORMALIZED_EXACT,APPROVED,exact-name:1:1:parent-scoped:safe-normalization
VN_ADMIN_2025,VNA25-FDF7DE2694,GHN_ADMIN_2025,1004673,NORMALIZED_EXACT,APPROVED,exact-name:1:1:parent-scoped:safe-normalization
VN_ADMIN_2025,VNA25-FE09965E2D,GHN_ADMIN_2025,1004831,NORMALIZED_TONE_PLACEMENT,APPROVED,offline-reviewed:1:1:parent-scoped:tone-placement
VN_ADMIN_2025,VNA25-FE5FEBC7FC,GHN_ADMIN_2025,1006171,NORMALIZED_EXACT,APPROVED,exact-name:1:1:parent-scoped:safe-normalization
VN_ADMIN_2025,VNA25-FE602F1AB4,GHN_ADMIN_2025,1004529,NORMALIZED_EXACT,APPROVED,exact-name:1:1:parent-scoped:safe-normalization
VN_ADMIN_2025,VNA25-FE64FEE8BB,GHN_ADMIN_2025,1004302,NORMALIZED_EXACT,APPROVED,exact-name:1:1:parent-scoped:safe-normalization
VN_ADMIN_2025,VNA25-FE841B720E,GHN_ADMIN_2025,1005165,NORMALIZED_EXACT,APPROVED,exact-name:1:1:parent-scoped:safe-normalization
VN_ADMIN_2025,VNA25-FEA73EB19F,GHN_ADMIN_2025,1003884,NORMALIZED_EXACT,APPROVED,exact-name:1:1:parent-scoped:safe-normalization
VN_ADMIN_2025,VNA25-FEA802B5EB,GHN_ADMIN_2025,1005610,NORMALIZED_EXACT,APPROVED,exact-name:1:1:parent-scoped:safe-normalization
VN_ADMIN_2025,VNA25-FEB15EB859,GHN_ADMIN_2025,1004035,NORMALIZED_EXACT,APPROVED,exact-name:1:1:parent-scoped:safe-normalization
VN_ADMIN_2025,VNA25-FEBEC02569,GHN_ADMIN_2025,1006656,NORMALIZED_EXACT,APPROVED,exact-name:1:1:parent-scoped:safe-normalization
VN_ADMIN_2025,VNA25-FEDBB39BBF,GHN_ADMIN_2025,1005632,NORMALIZED_EXACT,APPROVED,exact-name:1:1:parent-scoped:safe-normalization
VN_ADMIN_2025,VNA25-FEEC99DDFD,GHN_ADMIN_2025,1003614,NORMALIZED_EXACT,APPROVED,exact-name:1:1:parent-scoped:safe-normalization
VN_ADMIN_2025,VNA25-FEEECDD0DC,GHN_ADMIN_2025,1006374,NORMALIZED_EXACT,APPROVED,exact-name:1:1:parent-scoped:safe-normalization
VN_ADMIN_2025,VNA25-FEEF82EC1A,GHN_ADMIN_2025,1003795,NORMALIZED_EXACT,APPROVED,exact-name:1:1:parent-scoped:safe-normalization
VN_ADMIN_2025,VNA25-FF073D0826,GHN_ADMIN_2025,1004698,NORMALIZED_TONE_PLACEMENT,APPROVED,offline-reviewed:1:1:parent-scoped:tone-placement
VN_ADMIN_2025,VNA25-FF076C402E,GHN_ADMIN_2025,1005833,NORMALIZED_EXACT,APPROVED,exact-name:1:1:parent-scoped:safe-normalization
VN_ADMIN_2025,VNA25-FF0945AA62,GHN_ADMIN_2025,1005869,NORMALIZED_EXACT,APPROVED,exact-name:1:1:parent-scoped:safe-normalization
VN_ADMIN_2025,VNA25-FF2295844E,GHN_ADMIN_2025,1005006,NORMALIZED_EXACT,APPROVED,exact-name:1:1:parent-scoped:safe-normalization
VN_ADMIN_2025,VNA25-FF2AD23EAF,GHN_ADMIN_2025,1004318,NORMALIZED_EXACT,APPROVED,exact-name:1:1:parent-scoped:safe-normalization
VN_ADMIN_2025,VNA25-FF51B7F225,GHN_ADMIN_2025,1005780,NORMALIZED_EXACT,APPROVED,exact-name:1:1:parent-scoped:safe-normalization
VN_ADMIN_2025,VNA25-FF64181C4A,GHN_ADMIN_2025,1004004,NORMALIZED_EXACT,APPROVED,exact-name:1:1:parent-scoped:safe-normalization
VN_ADMIN_2025,VNA25-FF68D078C1,GHN_ADMIN_2025,1004946,NORMALIZED_EXACT,APPROVED,exact-name:1:1:parent-scoped:safe-normalization
VN_ADMIN_2025,VNA25-FF80D560DD,GHN_ADMIN_2025,1004862,NORMALIZED_EXACT,APPROVED,exact-name:1:1:parent-scoped:safe-normalization
VN_ADMIN_2025,VNA25-FF9BB74172,GHN_ADMIN_2025,1004776,NORMALIZED_EXACT,APPROVED,exact-name:1:1:parent-scoped:safe-normalization
VN_ADMIN_2025,VNA25-FFAF490E78,GHN_ADMIN_2025,1006102,NORMALIZED_EXACT,APPROVED,exact-name:1:1:parent-scoped:safe-normalization
VN_ADMIN_2025,VNA25-FFB710CCCA,GHN_ADMIN_2025,1003875,NORMALIZED_EXACT,APPROVED,exact-name:1:1:parent-scoped:safe-normalization
VN_ADMIN_2025,VNA25-FFBD7CD420,GHN_ADMIN_2025,1005679,NORMALIZED_EXACT,APPROVED,exact-name:1:1:parent-scoped:safe-normalization
VN_ADMIN_2025,VNA25-FFC8729584,GHN_ADMIN_2025,1005636,NORMALIZED_EXACT,APPROVED,exact-name:1:1:parent-scoped:safe-normalization
VN_ADMIN_2025,VNA25-FFD656582A,GHN_ADMIN_2025,1003363,NORMALIZED_TONE_PLACEMENT,APPROVED,offline-reviewed:1:1:parent-scoped:tone-placement
VN_ADMIN_2025,VNA25-FFE3D94D46,GHN_ADMIN_2025,1005218,NORMALIZED_EXACT,APPROVED,exact-name:1:1:parent-scoped:safe-normalization
VN_ADMIN_2025,VNA25-FFE71FB9AE,GHN_ADMIN_2025,1006056,NORMALIZED_EXACT,APPROVED,exact-name:1:1:parent-scoped:safe-normalization
